"";"X.date_2020.06.26";"X.date_2020.07.13";"X.date_2020.12.16";"X.date_2021.01.23";"X.date_2021.03.23";"X.date_2021.03.24";"X.date_2021.04.04";"X.date_2021.05.20";"X.date_2021.05.21";"X.date_2021.08.21";"X.date_2021.08.23";"X.date_2021.10.19";"X.date_2021.10.21";"X.date_2021.12.03";"X.date_2022.04.20";"X.date_2022.05.09";"X.date_2022.06.16";"X.date_2022.06.23";"X.date_2022.06.25";"X.date_2022.09.19";"X.date_2022.10.25";"X.date_2023.01.15";"X.date_2023.02.05";"X.date_2023.04.05";"X.date_2023.05.22";"X.date_2023.08.10";"X.date_2023.10.27";"X.date_2023.11.29";"X.date_2023.12.19";"X.date_2024.01.28";"X.date_2024.02.10";"X.date_2024.02.17";"X.date_2024.09.26";"X.date_2024.11.12";"X.date_2025.03.21";"X.date_2025.04.15";"X.date_2025.04.27";"X.date_2025.06.03";"X.date_2025.06.19";"X.date_2025.06.29";"X.date_2025.07.07";"X.date_2025.08.06";"X.date_2025.08.07";"X.date_2025.09.12";"X.date_2026.03.11"
"livre";0,72;0;0;0;0;0;6,62;2,43;2,94;0,35;0,35;0;0;3,22;1,38;0;3,71;0;0;0;0;2,49;11,76;0;1,37;0;0;0;0;0;0;3,17;0;0;0;0;0;0;0;0;0;0,3;0,73;0;0
"le";33,96;38,6;22,86;35,32;41,11;39,69;32,17;23,44;24,04;29,38;25,9;32,12;15,53;19,29;24,79;14,35;17,06;37,78;4,08;32,84;30,99;29,85;47,06;16,19;34,34;23,79;12,2;20,83;15,02;31,96;25,73;32,56;28,22;17,16;31,68;20,83;29,61;51,85;36,01;16,13;59,34;25,57;25,26;22,03;41,13
"barbare";5,78;5,26;5,93;5,58;8,46;7,68;4,73;3,23;3,43;5,42;6,74;4,19;12,42;9,65;5,51;0;13,35;12,59;12,24;9,85;14,08;9,95;70,59;25,64;8,24;5,74;24,39;20,83;12,01;18,26;4,41;4,98;1,91;9,8;7,92;10,42;16,45;29,63;8,31;6,52;5,84;8,52;2,56;3,67;10,28
"l";38,29;26,32;27,1;16,73;21,77;23,05;37,84;48,5;44,65;37,42;40,79;33,99;12,42;57,88;37,19;26,32;23;22,67;32,65;22,99;30,99;34,83;23,53;13,5;23,35;38,56;28,46;36,46;39,04;31,96;40,06;40,25;22,48;22,06;33,66;38,19;55,92;19,75;36,01;28,48;22,37;37,14;34,41;26,93;33,42
"en";23,12;12,28;24,56;7,43;19,35;19,21;19,87;14,15;14,23;21,33;19,16;11,64;18,63;25,72;19,28;38,28;17,8;17,63;28,57;18,06;16,9;27,36;0;10,8;28,85;13,13;20,33;5,21;6,01;9,13;30,87;26,23;15,3;34,31;21,78;17,36;26,32;12,35;19,39;16,82;24,32;24,35;19,4;20,81;15,42
"nous";1,45;1,75;2,54;1,86;1,21;1,28;2,84;6,87;8,34;1,05;0,71;1,4;6,21;9,65;6,2;2,39;17,06;7,56;0;1,64;2,82;0;0;0;2,75;0;0;10,42;6,01;9,13;0,37;6,33;0,48;4,9;0;0;3,29;2,47;27,7;6,18;0,97;0,3;1,1;15,91;0
"face";1,45;1,75;0;0;1,21;1,28;0;3,64;2,94;0,35;0,35;0,47;0;0;1,38;0;1,48;0;4,08;0;0;0;0;0;0;0,82;8,13;0;0;0;2,57;0,9;0;0;1,98;0;0;2,47;0;3,09;0;0,3;0,73;0;2,57
"aux";7,23;1,75;3,39;0;2,42;2,56;0,95;0,4;0,49;2,27;1,06;4,19;6,21;0;4,13;2,39;0,74;2,52;0;0;0;0;0;2,7;6,87;0,82;0;5,21;3;0;4,41;3,62;3,83;7,35;0;3,47;6,58;2,47;0;3,77;2,92;2,44;4,03;6,12;0
"récit";0;0;0;0;0;0;0;0,4;0,49;0,52;0,35;0;0;0;0,69;0;3,71;0;0;0;0;0;0;0;2,75;0;0;0;0;0;0,74;0;0;0;0;0;0;0;0;1,03;0;1,83;0,73;0;0
"d";25,29;19,3;32,18;20,45;14,51;15,36;15,14;14,55;13,74;26,93;27,67;18,16;18,63;16,08;15,15;43,06;18,55;20,15;12,24;19,7;16,9;34,83;35,29;55,33;27,47;9,84;16,26;20,83;9,01;13,7;20,58;17,64;20,56;4,9;11,88;20,83;23,03;7,41;22,16;19,9;15,56;22,83;24,16;37,94;28,28
"des";21,68;10,53;20,32;18,59;19,35;20,49;18,92;12,93;10,79;22,38;20,22;14,43;6,21;12,86;26,86;9,57;13,35;30,23;0;9,85;2,82;14,93;0;17,54;12,36;25,43;4,07;5,21;21,02;4,57;21,32;21,71;28,69;12,25;19,8;34,72;13,16;19,75;16,62;18,19;15,56;22,22;25,62;26,93;23,14
"français";2,17;0;1,69;0;0;0;4,73;0;0;0,7;1,06;0,47;0;3,22;0,69;2,39;0,74;0;0;0;2,82;4,98;0;1,35;1,37;0;0;0;6,01;0;0;0;0;0;0;0;0;0;0;0,34;0;0,91;0,37;1,22;0
"de";70,09;105,26;74,51;66,91;58,04;56,34;41,63;46,48;44,16;69,24;69,17;56,8;46,58;77,17;59,23;52,63;48,22;47,86;36,73;50,9;61,97;57,21;94,12;60,73;78,3;74,65;36,59;72,92;81,08;45,66;59,54;56,08;53,08;83,33;71,29;72,92;72,37;56,79;63,71;51,48;82,68;62,1;75,04;59,98;43,7
"immigration";0;0;0;0;0;0;0;0;0;0;0;0;0;0;3,44;0;5,19;0;0;0;0;0;0;0;0;0;0;0;0;0;0;0;0;0;0;0;0;0;0;0;0;0;0;0;0
"qu";5,06;1,75;3,39;7,43;8,46;7,68;10,41;10,91;12,27;6,82;7,8;10,71;0;3,22;6,2;9,57;16,32;7,56;0;13,14;11,27;2,49;0;2,7;9,62;4,1;0;5,21;3;4,57;5,88;4,52;5,74;4,9;3,96;3,47;9,87;12,35;11,08;11,67;6,81;6,09;8,42;2,45;5,14
"elle";6,5;0;5,93;5,58;6,05;6,4;0;4,04;4,91;2,97;3,55;1,86;21,74;0;2,75;7,18;3,71;0;0;3,28;5,63;0;0;2,7;5,49;1,64;4,07;0;6,01;0;0,74;5,43;0,96;0;0;6,94;3,29;0;0;2,06;2,92;1,83;0,73;4,9;0
"trop";0;0;0;0;0;0;0,95;1,62;1,96;0,52;0,35;0;0;0;1,38;0;2,23;0;0;0;0;0;0;0;0;0;0;0;0;0;0;0;0;0;1,98;0;0;0;0;0;0,97;0,3;0;1,22;0
"la";49,86;36,84;50,8;26,02;35,07;37,13;35,95;31,12;30,42;40,92;38,31;44,69;46,58;45,02;34,44;33,49;24,48;27,71;16,33;22,99;33,8;44,78;23,53;56,68;41,21;41,84;20,33;62,5;60,06;31,96;46,67;41,16;22,96;39,22;35,64;55,56;32,89;29,63;22,16;36,72;27,24;29,53;37,7;39,17;25,71
"défendre";0;0;0;0;0;0;0;0;0;0,17;0;1,86;0;0;0,69;0;0,74;0;0;0;0;0;0;0;0;0;0;0;0;0;0,37;0;1,43;0;3,96;0;0;0;0;1,37;0;0;0;0;0
"expression";0;0;0,85;0;0;0;0;0,4;0,49;0,17;0,35;0,47;0;0;0;0;1,48;0;0;0;2,82;0;0;0;0;0;0;0;0;0;0;0,9;0;0;0;0;0;0;0;0;0;0;0;0;0
"une";14,45;14,04;8,47;7,43;12,09;12,8;10,41;12,53;13,25;16,09;17,03;16,29;12,42;9,65;8,26;35,89;17,8;20,15;4,08;13,14;5,63;4,98;11,76;9,45;23,35;22,97;20,33;15,62;6,01;27,4;10,66;11,76;16,26;17,16;11,88;27,78;9,87;9,88;27,7;16,47;14,59;14,61;12,45;22,03;12,85
"part";0;0;0,85;0;1,21;1,28;0,95;2,02;2,45;0,52;0,35;0,47;0;0;0;0;0,74;0;0;1,64;0;0;0;0;1,37;0;0;0;0;0;0,74;0;0,96;0;0;3,47;3,29;0;0;0;0;0,61;0,37;0;0
"et";28,9;38,6;22,86;9,29;31,44;33,29;25,54;19,81;18,65;21,33;18,45;23,74;27,95;22,51;17,22;31,1;17,8;15,11;4,08;47,62;5,63;29,85;82,35;24,29;30,22;20,51;16,26;62,5;54,05;31,96;31,24;18,09;20,56;22,06;39,6;24,31;29,61;19,75;33,24;28,48;32,1;21,61;30,01;26,93;23,14
"texte";0;0;0,85;0;0;0;0;1,21;1,47;0,52;0,35;0;0;0;0;0;1,48;0;0;0;0;0;0;0;0;0;0;5,21;0;0;0;0;0;0;0;0;0;0;0;0,34;0;0,91;0;0;0
"comme";4,34;1,75;2,54;3,72;1,21;1,28;0,95;3,23;3,43;3,67;4,26;3,72;0;6,43;6,89;4,78;6,68;2,52;0;3,28;14,08;2,49;0;0;6,87;0;0;0;0;0;2,94;3,62;3,35;2,45;0;0;6,58;2,47;0;6,18;2,92;3,04;5,49;3,67;2,57
"ceux";1,45;0;0;0;0;0;0;2,02;1,47;0,7;0,71;0,47;0;0;1,38;0;0,74;2,52;0;0;5,63;0;0;0;2,75;0;0;0;0;0;0,37;0;0;0;1,98;0;3,29;2,47;0;1,72;0;0,3;0,73;0;0
"dans";9,39;10,53;5,93;14,87;16,93;16,65;9,46;12,53;13,25;11,19;9,93;12,57;6,21;16,08;12,4;14,35;10,39;15,11;4,08;1,64;11,27;9,95;23,53;13,5;15,11;28,71;4,07;10,42;18,02;18,26;10,66;9,95;10,04;7,35;15,84;3,47;13,16;14,81;24,93;7,55;13,62;8,83;9,88;20,81;7,71
"un";17,34;15,79;14,39;22,3;30,23;30,73;22,71;12,13;12,27;16,44;16,67;15,36;31,06;25,72;13,77;14,35;17,06;40,3;0;16,42;25,35;24,88;47,06;36,44;28,85;21,33;8,13;10,42;15,02;31,96;15,07;16,73;18,17;12,25;11,88;20,83;16,45;2,47;33,24;17,5;21,4;21,92;20,13;19,58;25,71
"révéler";0;0;0;1,86;0;0;0;0;0;0;0;0,47;0;0;0;0;0,74;0;0;0;0;0;0;1,35;0;0;0;0;0;0;0,37;0;0;0;0;3,47;0;0;0;0,69;1,95;0,3;0;0;2,57
"quoi";0;0;0;0;0;0;0;0;0;0;0;0,47;0;0;0;0;2,23;2,52;0;3,28;0;0;0;0;0;0;0;0;0;0;0,37;0,9;0;0;0;0;0;0;0;1,03;1,95;0,3;0;0;0
"culture";0;0;0;0;0;1,28;0,95;0,81;0,49;0,17;0,35;1,4;0;0;0;0;0,74;0;0;0;0;0;0;0;0;0;0;5,21;0;0;0;0,9;0;0;0;0;0;0;0;0,69;0;0,3;0,37;0;0
"avoir";18,06;45,61;27,94;37,17;31,44;28,17;28,38;18,59;20,61;18,88;18,8;20,95;55,9;19,29;15,84;26,32;23;45,34;28,57;24,63;42,25;59,7;35,29;28,34;10,99;44,3;36,59;15,62;27,03;27,4;25,36;26,68;27,26;39,22;29,7;52,08;0;19,75;22,16;14,07;15,56;18,87;16,84;42,84;46,27
"son";3,61;8,77;6,77;11,15;7,26;7,68;5,68;1,62;1,47;3,67;3,19;5,12;9,32;12,86;2,75;4,78;3,71;10,08;4,08;13,14;8,45;2,49;0;1,35;6,87;4,92;8,13;20,83;6,01;0;5,15;3,62;0,96;22,06;5,94;6,94;3,29;0;2,77;4,8;6,81;3,35;6,95;12,24;2,57
"rester";0;3,51;0;0;0;0;0;1,21;1,47;1,4;1,77;0;0;0;0,69;4,78;6,68;0;0;0;0;7,46;0;0;0;0,82;0;0;0;4,57;1,47;1,81;1,43;0;1,98;0;0;0;0;1,37;0,97;1,22;1,1;1,22;5,14
"s";5,78;5,26;5,93;3,72;0;1,28;5,68;4,85;5,4;9,09;9,22;3,26;6,21;0;7,58;7,18;3,71;2,52;4,08;8,21;5,63;2,49;0;2,7;10,99;3,28;4,07;0;12,01;18,26;6,62;5,88;4,3;12,25;13,86;3,47;6,58;4,94;5,54;4,12;2,92;6,09;5,49;1,22;2,57
"appuyer";1,45;0;0;0;0;0;0;0,81;0,49;1,05;1,42;0;0;0;0;0;0,74;0;0;0;0;0;0;0;0;0;0;0;0;0;0;0;1,91;0;0;0;0;0;0;0,69;0;0,61;0;0;0
"sur";10,12;12,28;3,39;5,58;16,93;16,65;10,41;5,66;3,43;5,77;4,61;5,59;0;12,86;6,2;4,78;2,97;2,52;4,08;11,49;19,72;4,98;0;5,4;10,99;18,05;8,13;5,21;0;4,57;8,45;4,98;8,13;2,45;0;6,94;3,29;19,75;16,62;4,12;12,65;8,52;6,95;3,67;2,57
"les";31,07;35,09;16,93;14,87;14,51;12,8;35;25,46;24,53;23,96;22,7;39,11;12,42;16,08;24,1;23,92;9,64;10,08;24,49;22,99;14,08;7,46;35,29;22,94;10,99;22,15;8,13;15,62;24,02;13,7;45,2;20,81;28,22;14,71;37,62;10,42;19,74;34,57;13,85;40,15;26,26;33,49;33,67;23,26;17,99
"écrire";0;0;0;0;1,21;1,28;3,78;2,83;2,94;1,57;1,42;0,93;0;6,43;0;0;2,23;0;0;0;0;0;0;0;0;0;0;0;0;0;1,47;0;0;0;5,94;0;0;0;0;1,37;0;2,44;0;0;5,14
"auteur";0;1,75;0;1,86;1,21;1,28;3,78;1,21;0,49;0,7;0,71;0,93;0;0;0;0;1,48;0;0;0;0;0;0;1,35;0;0;0;0;0;0;0,37;0;0;0;7,92;0;3,29;0;2,77;0,34;0;0,3;1,1;0;0
"américain";0;0;1,69;0;1,21;1,28;3,78;0;0;0,35;0,71;0,93;0;0;0;0;1,48;0;0;0;0;0;0;0;0;1,64;0;0;0;0;0;0;1,91;0;0;6,94;0;0;0;0;1,95;0;0,37;0;0
"sa";2,17;3,51;3,39;20,45;3,63;3,84;2,84;2,83;2,94;4,02;3,19;1,4;21,74;12,86;0,69;7,18;2,97;5,04;12,24;13,14;2,82;0;0;2,7;9,62;0;4,07;15,62;0;0;2,21;0;0;12,25;0;0;0;7,41;0;3,09;1,95;3,04;6,59;7,34;2,57
"propre";0;0;1,69;0;1,21;1,28;0,95;0,4;0,49;0;0;0,47;0;0;0;0;0,74;0;0;0;0;0;0;0;0;0;0;5,21;0;0;1,1;0;0;0;0;0;3,29;0;0;0,34;0;0;1,1;0;0
"femme";0;0;8,47;0;1,21;1,28;0;1,21;0,98;0,52;0,35;0,47;0;6,43;0,69;0;0,74;0;0;0;0;0;0;1,35;0;0,82;0;5,21;0;0;1,1;0;0;0;1,98;0;0;0;0;1,37;0;0;0;0;0
"arabe";1,45;0;0;0;0;0;0;2,02;2,45;0;0;0;0;0;0;0;2,23;0;0;0;0;0;0;0;0;0;0;0;0;0;0;0,9;0;0;0;0;0;0;0;0;0;0;0;0;0
"musulman";1,45;0;0;0;0;0;0;2,43;2,94;0;0;0;0;0;0;0;4,45;0;0;0;0;0;0;0;0;0;0;0;0;0;0;0;0;0;0;0;0;0;0;0;0;0;0;0;0
"décrire";0;0;0;0;0;0;0;0,81;0,98;0,52;0,35;0,47;0;0;0;0;1,48;0;0;1,64;0;0;0;0;0;0;0;0;0;0;0;0;0;0;1,98;0;0;0;0;1,37;0;0;0,37;0;0
"avec";3,61;1,75;3,39;5,58;7,26;6,4;11,35;4,85;3,43;4,02;3,19;3,26;0;3,22;4,82;2,39;5,93;5,04;0;8,21;0;0;0;5,4;2,75;0,82;0;10,42;6,01;18,26;5,15;4,98;7,17;4,9;3,96;3,47;0;0;11,08;2,75;4,86;3,96;5,86;11,02;7,71
"figure";1,45;0;0;0;0;0;0;0;0;0,35;0,35;0,93;0;0;0;0;2,23;0;0;0;0;0;0;0;1,37;0;0;5,21;0;0;0;0;0;0;0;0;0;0;0;0;0;0;0,37;0;0
"du";25,29;24,56;13,55;3,72;14,51;16,65;6,62;5,25;4,42;15,39;15,25;14,43;6,21;16,08;12,4;11,96;9,64;35,26;12,24;1,64;5,63;17,41;23,53;28,34;20,6;9,84;12,2;5,21;6,01;4,57;12,86;19,9;21,04;7,35;9,9;17,36;6,58;14,81;8,31;6,86;23,35;15,83;10,98;12,24;10,28
"qui";13,01;3,51;5,08;7,43;13,3;14,08;10,41;20,21;21,1;8,74;9,93;13,04;12,42;22,51;13,09;2,39;15,58;15,11;12,24;9,85;11,27;7,46;0;2,7;10,99;3,28;0;5,21;6,01;31,96;12,13;11,31;17,22;9,8;15,84;3,47;23,03;22,22;5,54;16,13;14,59;10,65;10,98;1,22;20,57
"à";23,84;22,81;29,64;40,89;26,6;26,89;18,92;20,21;22,08;22,21;24,48;29,33;31,06;35,37;24,79;33,49;19,29;10,08;12,24;22,99;36,62;27,36;0;37,79;28,85;13,95;28,46;36,46;33,03;27,4;27,56;22,16;22;9,8;19,8;24,31;29,61;19,75;47,09;25,05;33,07;21;25,26;31,82;23,14
"être";26,01;19,3;37,26;27,88;30,23;30,73;43,52;34,76;38,76;29,9;30,86;35,85;65,22;35,37;31,68;26,32;61,57;22,67;12,24;36,12;42,25;19,9;35,29;28,34;19,23;27,07;4,07;31,25;33,03;31,96;29,4;35,28;52,13;22,06;35,64;13,89;32,89;49,38;19,39;29,86;20,43;24,35;32,58;33,05;41,13
"plutôt";0;0;0;0;0;0;0,95;0,4;0;1,57;1,77;0;0;0;1,38;0;1,48;0;0;0;0;0;0;0;0;0;0;0;0;0;1,1;0,9;0;0;0;0;0;0;0;0,34;0,97;0;0;0;0
"que";7,95;1,75;6,77;7,43;4,84;3,84;3,78;16,98;17,66;11,72;12,42;12,57;21,74;16,08;12,4;2,39;16,32;5,04;0;19,7;5,63;12,44;11,76;2,7;4,12;0,82;0;5,21;12,01;4,57;6,98;11,76;12,91;12,25;5,94;10,42;13,16;7,41;2,77;15,44;12,65;12,79;7,69;6,12;10,28
"où";2,89;0;0;1,86;2,42;2,56;4,73;1,21;0,98;0,52;0,71;2,33;3,11;6,43;2,75;2,39;4,45;2,52;0;1,64;0;0;0;0;4,12;4,1;0;0;0;4,57;2,94;0;0,48;2,45;0;0;0;2,47;8,31;1,72;0;1,22;1,46;1,22;7,71
"vous";1,45;0;0,85;0;2,42;2,56;0,95;5,25;6,38;0;0;6,98;0;0;2,07;0;7,42;0;0;1,64;8,45;0;0;0;0;0;0;15,62;9,01;0;0;1,81;0,48;0;0;0;0;2,47;8,31;1,72;0;0;0;0;0
"venir";0,72;0;2,54;0;2,42;2,56;0;0;0;1,4;1,77;0,47;0;0;2,07;0;0,74;0;0;1,64;2,82;0;0;0;1,37;0,82;0;0;6,01;0;1,84;2,71;0;2,45;0;0;0;2,47;0;2,06;0;1,22;1,83;1,22;7,71
"ce";1,45;7,02;8,47;7,43;4,84;6,4;4,73;10,51;11,78;5,42;4,61;5,59;0;9,65;5,51;2,39;21,51;17,63;8,16;9,85;2,82;2,49;0;16,19;6,87;0,82;0;5,21;0;4,57;2,57;9,05;15,3;4,9;5,94;0;6,58;9,88;11,08;8,58;4,86;7,91;4,76;1,22;5,14
"j";0,72;0;0;5,58;3,63;2,56;5,68;3,64;4,42;0,35;0,71;6,05;3,11;6,43;0,69;0;3,71;5,04;0;8,21;0;0;0;0;0;0;0;5,21;0;4,57;0;0,9;1,43;7,35;0;0;0;0;5,54;9,27;0,97;2,74;0;2,45;5,14
"entendre";1,45;0;0;1,86;1,21;1,28;0;0;0;1,05;0,71;0,47;0;0;0;0;1,48;0;0;1,64;0;0;0;1,35;0;0;0;0;0;0;0,37;1,81;0,48;0;0;0;0;0;0;1,03;0;0,61;0,37;0;0
"il";7,23;8,77;14,39;7,43;6,05;6,4;8,51;16,57;15,7;13,11;13,48;9,31;9,32;16,08;13,77;7,18;23;25,19;0;29,56;14,08;7,46;11,76;1,35;1,37;5,74;0;20,83;21,02;18,26;9,56;7,24;10,04;34,31;13,86;6,94;26,32;14,81;0;7,21;6,81;9,13;13,54;12,24;25,71
"y";2,17;3,51;1,69;1,86;2,42;2,56;7,57;4,85;5,4;1,75;3,55;3,72;3,11;0;2,07;9,57;5,93;5,04;0;0;2,82;0;0;0;1,37;0,82;0;0;9,01;0;3,31;2,71;4,3;0;5,94;0;0;2,47;0;1,37;0;3,04;2,93;3,67;5,14
"longtemps";0,72;0;0;0;0;0;0;0,81;0,49;0;0;0;0;0;0;0;0,74;0;0;0;0;0;0;0;0;0;0;0;0;0;0;0;0,96;0;0;0;0;0;0;0,34;0;0,3;0,37;0;0
"dire";0;0;0;3,72;2,42;1,28;0,95;5,66;5,89;1,22;2,13;3,72;0;0;1,38;0;10,39;0;0;3,28;0;2,49;0;0;1,37;8,2;0;0;0;0;1,1;0;0,96;2,45;0;3,47;0;12,35;2,77;2,4;1,95;0,61;0,37;0;0
"je";0,72;0;0;7,43;3,63;2,56;2,84;4,04;4,91;0,35;0,35;4,66;15,53;3,22;0;0;15,58;5,04;0;11,49;0;2,49;0;0;0;2,46;0;0;3;4,57;0,74;1,81;6,7;2,45;3,96;0;0;2,47;5,54;0,34;1,95;3,04;0;3,67;2,57
"sentir";0;0;0;0;0;0;0;0,81;0,98;0,17;0,35;1,4;0;6,43;0;0;1,48;0;0;1,64;0;0;0;0;1,37;0;0;0;0;0;0,37;0;0;0;1,98;0;6,58;0;0;1,03;0;0;0,37;0;0
"chose";0;0;0,85;0;0;0;1,89;1,21;1,47;0,7;0,71;0,93;3,11;6,43;1,38;0;7,42;2,52;0;0;0;0;0;0;0;0;0;0;0;0;0;0;0,96;2,45;0;0;0;0;0;0,69;0;0,91;0,73;0;0
"mieux";0;0;0,85;0;0;0;1,89;0,81;0,49;0,17;0,35;0,47;0;0;0;0;0,74;0;0;0;0;0;0;0;0;0;0;0;0;0;0;0;0;0;0;0;0;0;0;0,69;0;0,61;0,73;1,22;0
"ne";10,84;7,02;5,08;14,87;10,88;8,96;9,46;13,34;14,23;11,54;11;15,36;24,84;19,29;9,64;9,57;20,03;5,04;20,41;19,7;11,27;9,95;11,76;4,05;5,49;1,64;0;5,21;12,01;4,57;12,86;18,54;11,96;4,9;1,98;3,47;13,16;12,35;2,77;10,3;12,65;12,18;11,71;13,46;5,14
"pas";7,95;8,77;4,23;13,01;3,63;2,56;6,62;6,47;7,36;7,52;7,09;12,57;18,63;19,29;5,51;7,18;20,77;2,52;4,08;6,57;8,45;7,46;0;4,05;5,49;0,82;4,07;5,21;12,01;9,13;4,04;15,83;8,61;2,45;3,96;3,47;6,58;12,35;2,77;3,77;7,78;6,09;5,12;13,46;7,71
"falloir";1,45;0;0,85;0;0;0;0;2,83;3,43;1,22;1,42;0,93;0;0;1,38;0;2,23;2,52;0;0;0;0;0;0;0;0;0;0;0;0;0;0,9;1,43;2,45;1,98;0;0;2,47;0;1,37;0,97;1,52;0,37;0;0
"garder";0,72;0;0;0;1,21;1,28;0;0,4;0,49;0,17;0;0;0;0;0;0;0,74;0;0;0;0;2,49;0;0;0;0;0;0;0;0;1,1;0;0,48;0;1,98;0;0;0;0;0,34;0;0;0;0;0
"barbarie";0;0;0,85;0;1,21;1,28;0;0,4;0,49;0;0;0,93;0;0;0;0;3,71;0;0;0;5,63;0;0;2,7;0;0;0;5,21;0;0;0;0;0,48;0;0;3,47;13,16;2,47;0;0,34;0;0,3;0,37;0;0
"ça";0;0;0;9,29;0;0;4,73;0;0;0;0;0,47;3,11;0;0;0;5,93;2,52;0;0;2,82;0;0;1,35;0;0;0;0;0;0;0;0;0,96;4,9;0;0;0;2,47;0;0;0,97;0,61;0;2,45;0
"m";0,72;3,51;0;5,58;0;0;0,95;1,62;1,96;0;0;1,4;0;0;0;0;2,97;0;0;3,28;2,82;0;0;0;0;0,82;0;0;0;0;0;0;0;7,35;1,98;0;0;0;0;0;1,95;0,61;0;0;0
"frapper";0,72;0;0;0;0;0;0;0,4;0,49;0,35;0,35;0,47;0;0;0;0;0,74;0;0;0;0;0;0;0;0;8,2;0;0;0;0;0;0;2,87;0;0;10,42;0;0;0;0;0;0;0,73;0;0
"comprendre";0;0;0;0;1,21;1,28;1,89;1,62;1,96;0,52;0;0;0;0;0;0;1,48;0;0;0;0;0;0;0;0;0;0;0;0;0;0,37;0,9;1,43;0;0;0;0;2,47;0;0,69;0;0,91;1,1;0;0
"quelque";0;0;0,85;0;0;0;1,89;0,4;0,49;1,05;1,06;0;3,11;3,22;0,69;0;4,45;2,52;0;0;0;0;0;0;0;0;0;0;0;0;0;0;0;0;0;0;0;0;0;0;0;0,91;0,73;0;0
"cette";5,06;7,02;0,85;0;4,84;5,12;4,73;4,45;4,91;2,45;2,48;4,66;3,11;3,22;2,75;0;2,97;2,52;0;8,21;5,63;0;0;0;1,37;2,46;0;0;3;4,57;0,74;2,71;11,48;2,45;3,96;13,89;6,58;7,41;0;5,83;5,84;4,57;2,56;0;0
"appartenir";0;0;0;0;1,21;1,28;0;0;0;0,35;0,71;0,93;0;0;0;0;0,74;0;0;0;0;0;0;0;0;0;0;0;0;0;0;0;0;0;0;0;0;0;0;0,34;0;0;0,37;0;0
"grand";0;0;0,85;0;1,21;1,28;0,95;0,81;0,98;2,27;2,13;1,4;0;0;6,89;0;3,71;0;0;1,64;0;4,98;0;0;2,75;0;0;0;0;0;1,47;3,17;2,39;4,9;1,98;0;0;0;0;3,09;2,92;3,04;1,83;0;2,57
"celui";2,17;0;0;1,86;0;0;0;0,81;1,96;0,52;0,35;0,93;0;0;4,13;0;1,48;2,52;0;0;0;0;0;0;0;0;0;0;3;0;1,47;0;0;2,45;0;0;13,16;0;0;1,37;2,92;1,83;0,37;0;0
"me";2,89;0;0;1,86;3,63;2,56;1,89;0,4;0,49;0;0;0,93;0;0;0;0;5,93;0;0;0;0;0;0;0;0;0;0;0;3;9,13;0;0;0,96;2,45;1,98;0;0;0;0;0,69;0;0,3;0;0;0
"toucher";0;0;0;0;0;0;0;0;0;0,17;0,35;0;0;0;0;0;0,74;0;0;0;5,63;0;0;0;0;2,46;0;0;0;0;0,37;0;0,96;0;1,98;0;0;0;0;0;0,97;0,3;0;0;0
"ma";0,72;0;0;0;0;0;0;0,4;0,49;0,17;0;0,93;3,11;0;0,69;0;2,97;0;0;3,28;0;0;0;0;0;0;0;0;0;0;0;0;0;0;0;0;0;0;0;0;0;0;0;0;0
"condition";0;1,75;0;0;0;0;0;0;0;0,17;0,35;0;0;0;0,69;0;1,48;0;0;0;0;0;0;0;0;0;0;0;0;0;0;0;0;0;0;0;0;0;0;0;0;0;0,73;4,9;0
"social";0,72;3,51;0;0;0;0;1,89;0,81;0,49;0,17;0,35;0,93;0;0;0,69;0;3,71;0;0;0;0;0;11,76;0;0;0;0;0;0;0;0;0;0;0;0;0;0;0;0;0;0;0,61;0;6,12;0
"tant";0,72;0;1,69;0;0;0;0,95;0,4;0,49;0,52;0,71;0;0;3,22;0;0;1,48;2,52;0;0;0;0;0;0;1,37;0;0;0;3;0;0;0;0,48;4,9;0;0;0;0;2,77;0,34;0,97;0;1,1;0;0
"enfant";0;0;0;0;0;0;0;0;0;0,7;0,71;0,47;0;0;0;0;1,48;0;0;0;0;0;0;0;2,75;0;0;0;12,01;0;1,47;0;0,48;0;0;10,42;0;0;0;0,69;0;0,61;0,37;12,24;0
"france";5,78;5,26;7,62;0;0;0;1,89;0,4;0;0,17;0,35;3,72;0;0;0,69;4,78;2,23;0;0;0;14,08;0;0;0;0;0;0;0;0;0;0;0;0,48;0;1,98;0;0;2,47;0;0;0;2,13;0;3,67;0
"quand";0;0;0;0;2,42;2,56;0;2,02;2,45;1,05;0,71;1,86;0;0;0;4,78;3,71;2,52;0;1,64;0;0;11,76;0;1,37;0;0;0;3;0;0,37;1,81;0,96;2,45;1,98;0;0;9,88;2,77;1,03;0;0,91;0;0;0
"c";1,45;0;2,54;0;4,84;5,12;15,14;5,25;5,89;2,45;3,55;8,85;15,53;6,43;5,51;4,78;12,61;5,04;4,08;1,64;19,72;0;0;0;4,12;0,82;0;0;0;0;1,1;2,71;11;2,45;1,98;3,47;6,58;17,28;2,77;14,76;4,86;4,26;1,83;4,9;10,28
"par";10,12;1,75;17,78;0;8,46;8,96;10,41;6,06;4,91;10,84;8,51;10,71;6,21;6,43;12,4;0;2,97;0;4,08;6,57;11,27;17,41;0;4,05;23,35;9,02;4,07;15,62;15,02;0;14,33;8,59;6,7;4,9;1,98;10,42;9,87;7,41;13,85;7,21;10,7;5,48;8,78;2,45;7,71
"pour";7,95;15,79;6,77;5,58;1,21;1,28;16,08;8,49;9,81;5,42;4,97;10,24;3,11;12,86;6,2;21,53;7,42;22,67;16,33;6,57;5,63;14,93;11,76;2,7;8,24;9,02;8,13;5,21;15,02;9,13;8,45;7,24;8,61;12,25;9,9;13,89;9,87;4,94;8,31;9,61;17,51;9,13;7,32;17,14;20,57
"ambition";0;0;0;0;0;0;0;0;0;0;0;0;0;0;0;0;0,74;2,52;0;0;0;0;0;0;0;0;0;0;0;0;1,1;1,81;0;0;0;0;0;0;0;0;0,97;0;0;0;0
"parce_que";0,72;0;0;0;1,21;1,28;0,95;1,21;1,47;0,17;0,35;0;0;3,22;3,44;0;2,23;0;0;0;2,82;0;0;0;0;0;0;0;0;0;0;0;1,43;0;0;0;0;2,47;0;0;0;0;0;0;0
"jour";3,61;0;1,69;5,58;1,21;1,28;1,89;0;0;1,22;1,77;0;0;0;0;7,18;0,74;2,52;0;1,64;0;0;0;9,45;2,75;1,64;0;0;3;0;1,1;1,81;2,87;0;0;3,47;0;0;0;0,69;2,92;1,22;0,73;2,45;0
"on";2,17;0;4,23;5,58;12,09;11,52;17,98;6,06;5,89;5,95;5,32;5,59;3,11;0;6,89;14,35;15,58;7,56;0;14,78;8,45;0;23,53;0;12,36;1,64;0;5,21;0;0;1,84;2,71;9,09;4,9;5,94;0;3,29;12,35;0;2,4;3,89;5,48;1,46;4,9;0
"essayer";0,72;0;0;0;0;0;0;0,81;0,98;0,35;0,35;0,47;0;0;0;0;0,74;0;0;0;0;0;0;0;0;0;0;0;0;0;0;0;0,48;0;0;0;0;2,47;0;0;0,97;1,22;0;0;0
"notre";0;0;0;0;1,21;1,28;3,78;2,02;2,45;0,52;0,35;0,47;0;0;0,69;0;2,23;0;0;1,64;0;2,49;0;1,35;1,37;0,82;0;0;0;0;0;0,9;0;2,45;0;0;3,29;0;13,85;1,37;0,97;0,3;0,37;0;0
"ces";1,45;1,75;0,85;1,86;1,21;1,28;2,84;1,21;0,49;3,15;4,97;2,79;0;0;6,2;2,39;2,97;0;0;0;0;2,49;0;0;0;1,64;0;0;0;4,57;0,37;3,62;2,39;0;3,96;0;0;2,47;2,77;1,03;0;3,35;5,86;0;0
"petit";0,72;0;0;0;3,63;3,84;0;0;0;0,35;0,71;0;0;0;1,38;4,78;1,48;2,52;0;0;0;0;0;2,7;0;0;0;0;0;0;0;0;0,96;0;0;0;0;0;0;0;0;1,83;1,46;0;0
"tout";2,17;1,75;1,69;0;0;0;0,95;2,83;2,94;2,27;2,13;2,79;3,11;0;1,38;0;5,19;2,52;4,08;6,57;2,82;0;0;0;5,49;0;0;0;0;4,57;4,04;2,71;1,43;0;0;0;0;9,88;0;3,09;2,92;2,44;3,66;1,22;2,57
"regarder";0;0;0,85;1,86;0;0;0;0;0;0,35;0,71;0;0;0;0;0;2,23;0;0;0;0;0;11,76;0;0;0;0;0;0;0;0;0;0;0;0;0;0;2,47;0;0;0;0;0;0;0
"gens";0;1,75;0;3,72;0;0;4,73;0,4;0,49;0,17;0,35;0,47;0;0;1,38;0;2,97;2,52;0;0;0;0;0;0;0;0;0;0;0;0;0;0;0,96;0;1,98;0;0;2,47;0;0,34;0;0;0;0;0
"peu";0,72;0;0;5,58;2,42;1,28;0,95;1,21;1,47;2,45;2,13;0,47;0;6,43;3,44;0;1,48;2,52;0;0;2,82;0;0;0;0;0;0;5,21;0;0;0;0;2,87;0;0;0;0;0;0;0,34;1,95;0,91;0;0;0
"place";0,72;1,75;0;0;0;0;0,95;2,02;1,47;0,17;0,35;1,4;0;0;2,07;2,39;0,74;0;0;0;0;0;0;0;1,37;0;0;0;0;0;0,37;1,81;0,96;0;0;0;3,29;2,47;0;0;0;0,3;0,37;1,22;2,57
"or";0;0;0;0;0;0;0;0,81;0,98;0,7;0,71;0;0;0;0;0;1,48;0;0;0;0;0;0;0;0;0;0;0;0;0;0,74;0;0;0;0;0;0;0;0;0,34;0;2,13;1,83;0;0
"sembler";0;0;0;0;2,42;2,56;0,95;0,81;0,98;1,05;0,71;0;0;0;0,69;0;0,74;0;0;1,64;0;0;0;1,35;1,37;0;0;0;3;0;0,37;0;0;0;0;0;0;0;0;0,34;0;1,22;1,1;1,22;0
"plus";9,39;3,51;6,77;0;3,63;3,84;5,68;4,85;3,93;11,37;10,29;5,12;9,32;3,22;6,2;7,18;4,45;10,08;0;8,21;0;0;11,76;4,05;12,36;1,64;0;5,21;9,01;9,13;3,31;4,52;6,22;4,9;0;3,47;6,58;2,47;11,08;6,86;6,81;9,74;7,32;1,22;5,14
"penser";0,72;0;0;1,86;0;0;0;1,62;1,96;0,17;0,35;0,93;0;0;0;0;3,71;0;0;0;0;0;0;0;0;0;0;0;0;0;0;0,9;0,48;0;0;0;3,29;0;0;0,34;0;0,91;0,37;0;0
"raison";0,72;1,75;0;0;1,21;1,28;0;0;0;0,52;0,71;1,86;0;0;2,07;0;0,74;0;0;0;0;0;0;1,35;0;0;0;0;0;0;0;2,71;0,48;0;0;0;0;0;0;0,34;0,97;0;0,73;0;0
"laquelle";0,72;0;0;0;0;0;0;0;0;0,52;0,71;0;0;0;0;0;0,74;0;0;0;0;0;0;0;2,75;0,82;0;0;0;4,57;0;0;0;0;0;0;0;2,47;0;1,03;0,97;0,3;0;0;0
"surtout";0,72;0;0;0;0;0;0;0,4;0,49;0,17;0;0,47;0;3,22;0;0;0,74;5,04;0;0;2,82;0;0;0;1,37;0;0;0;0;0;0;2,71;1,91;0;0;0;0;0;0;0,34;0;0,3;0;0;0
"là";0;1,75;0;0;1,21;1,28;1,89;0,4;0,49;0,87;1,42;0,93;0;0;1,38;2,39;3,71;0;0;1,64;0;0;0;0;2,75;0;0;5,21;3;0;0,74;1,81;1,43;0;0;0;0;2,47;0;0,34;0,97;1,22;1,46;0;5,14
"manière";0;0;0,85;0;0;0;0;0,4;0,49;0,17;0,35;0;0;0;0;0;1,48;0;0;0;0;0;0;0;0;0;0;0;3;0;0;1,81;0,96;0;0;0;0;0;0;0,34;0;0;0;0;2,57
"se";6,5;1,75;2,54;7,43;7,26;6,4;5,68;7,28;6,87;6,99;6,39;8,38;6,21;6,43;12,4;11,96;5,93;5,04;4,08;9,85;5,63;0;0;4,05;1,37;2,46;4,07;5,21;9,01;4,57;6,62;3,62;6,7;2,45;3,96;0;3,29;2,47;8,31;9,27;4,86;11,57;8,05;1,22;0
"raconter";0;0;0;1,86;1,21;1,28;0,95;0;0;0,35;0;0,47;3,11;0;0;2,39;1,48;0;0;1,64;0;0;0;0;0;0;0;5,21;0;0;0;0;0;7,35;0;0;3,29;0;2,77;0;0,97;0,61;0,37;0;0
"fasciner";0;0;0;0;0;0;0;2,02;1,96;0;0;0;0;0;0;0;0,74;0;0;0;0;0;0;0;0;0;0;0;0;0;0;0;0;0;0;0;0;0;0;0;0;0;0;0;0
"faire";8,67;7,02;5,93;7,43;7,26;6,4;6,62;4,45;4,91;5,07;5,68;10,24;6,21;9,65;8,26;2,39;17,06;7,56;8,16;4,93;11,27;0;0;2,7;5,49;3,28;4,07;0;9,01;13,7;6,62;2,71;5,26;14,71;5,94;6,94;3,29;2,47;2,77;7,21;5,84;7,31;5,12;6,12;2,57
"peur";0,72;0;0;0;0;0;0;0;0;0,17;0,35;0;0;3,22;0,69;0;0,74;0;0;0;0;0;0;0;0;0;0;0;0;0;0;0;0;0;0;0;3,29;0;0;0,34;0;0;0,73;0;0
"beau";0,72;0;0;0;0;0;2,84;0;0;0,35;0;0,47;0;0;0;0;0,74;10,08;0;0;0;0;0;0;1,37;0;0;0;0;0;0;0;0;0;0;0;0;2,47;0;1,37;0;0;0;0;0
"regard";0;0;0;0;2,42;2,56;0;0,4;0;0;0;0;0;0;0;0;0,74;0;0;0;0;0;0;0;0;0;0;0;0;0;0,37;0;0;0;0;0;0;0;0;0,69;0,97;0;0,37;0;0
"terre";0,72;0;0;0;0;0;0;0;0;0,7;1,06;0,93;0;0;0,69;0;0,74;0;0;3,28;0;0;0;0;0;0;0;0;0;0;0,37;0;0;0;0;0;0;0;0;0;0;0,61;0,37;0;0
"pourtant";0;0;0;0;0;0;0,95;1,21;1,47;0,52;0,35;0;0;0;1,38;0;0,74;0;0;0;0;0;0;0;0;0;0;0;0;0;0,37;0;0,96;0;0;0;0;0;0;0,34;1,95;0,3;0,73;0;0
"beaucoup";0;0;0;0;0;0;0;2,02;2,45;0,52;0,71;0;0;0;0;2,39;1,48;0;0;0;0;0;0;0;0;0,82;0;0;3;0;0,37;0;1,91;2,45;1,98;0;0;0;0;0;0;0,61;0;0;2,57
"meilleur";0;0;0;0;0;0;0;0;0;0,17;0;0;0;0;0,69;0;0,74;0;0;0;0;0;0;0;0;0;4,07;0;0;4,57;0,37;0;0;0;0;0;0;0;0;1,37;0,97;0;0;1,22;0
"dernier";1,45;0;2,54;0;1,21;1,28;0;0;0;2,1;2,84;1,4;0;0;0,69;0;0,74;0;4,08;0;5,63;7,46;0;2,7;1,37;0,82;4,07;0;0;4,57;0,37;0;0;4,9;0;0;0;0;0;0;0,97;0,61;1,83;1,22;5,14
"mais";6,5;1,75;1,69;9,29;2,42;2,56;4,73;4,85;5,4;4,2;4,97;5,12;9,32;16,08;4,13;7,18;8,16;5,04;8,16;6,57;5,63;0;0;0;4,12;1,64;8,13;15,62;0;4,57;0,74;4,52;7,65;4,9;11,88;3,47;3,29;4,94;2,77;3,77;1,95;3,35;2,56;3,67;2,57
"croire";0,72;0;0;0;0;0;0;1,62;1,96;0,7;0,71;0;0;0;0;2,39;0,74;0;0;6,57;0;0;0;0;1,37;0;0;0;0;0;0;0;0,48;0;0;0;3,29;0;0;0;0;0,61;0;0;0
"d_abord";0;0;0;0;0;0;1,89;0,4;0;0,17;0;0,47;0;0;1,38;2,39;0,74;0;0;0;5,63;0;0;0;0;0;0;0;3;0;0;0;0,48;0;0;0;6,58;0;0;0,34;0;0,61;0;0;0
"parler";0;0;0,85;0;1,21;1,28;0,95;0,81;0,98;0;0;1,4;0;3,22;1,38;0;4,45;0;0;0;0;0;0;0;1,37;0;0;0;0;0;0,37;2,71;1,43;0;0;0;3,29;0;0;0,34;0;0,61;0;2,45;0
"sorte";0;0;0;0;1,21;1,28;0;1,21;1,47;0,7;1,06;0,93;0;0;0;0;0,74;0;0;1,64;0;0;0;0;0;0;0;5,21;0;0;0;0,9;0;0;0;0;0;0;2,77;0,34;0;0;0;0;5,14
"islam";0;0;0;0;0;0;0,95;10,51;9,81;0;0;0;0;0;0;0;0,74;0;0;0;0;0;0;0;0;0;0;0;0;0;0;0;0;0;0;0;0;0;0;0;0;0;0;0;0
"réalité";1,45;0;0;0;1,21;1,28;0;2,02;1,96;0,7;1,06;0,93;0;0;0;0;0,74;0;0;0;0;0;0;0;2,75;0;0;0;0;0;0,37;0;0;0;0;0;0;0;0;0;0;0;0;0;0
"toujours";0;0;1,69;0;1,21;1,28;0;2,02;1,96;0,35;0;0,47;0;6,43;0;0;0,74;0;0;0;0;0;0;1,35;0;0;0;0;0;4,57;0,37;0,9;1,43;0;0;0;0;2,47;0;0,34;0;0,3;0,37;0;5,14
"risque";2,17;0;0;0;0;0;0;0,4;0,49;0;0;0,47;0;0;0;2,39;0,74;0;0;0;0;0;0;0;0;0;0;0;0;0;0;0,9;0;0;0;0;0;0;0;0;0;0;0,37;0;0
"sauvage";0;0;0;1,86;1,21;1,28;0;0;0;0;0;0;0;3,22;0;0;0,74;0;0;0;0;0;0;0;0;0;0;5,21;0;0;0,37;0;0;0;0;0;3,29;0;0;0,34;0;0;0,37;0;0
"si";2,89;0;4,23;0;3,63;3,84;1,89;4,04;3,43;2,1;2,48;1,86;3,11;3,22;5,51;0;1,48;0;0;1,64;2,82;0;0;1,35;0;0,82;0;15,62;0;0;0,37;4,52;2,87;0;1,98;0;0;4,94;0;2,06;3,89;2,13;0,37;2,45;5,14
"car";0,72;0;0;1,86;0;0;0,95;2,02;2,45;0,52;1,06;0;0;3,22;0;0;1,48;0;0;8,21;0;0;11,76;0;2,75;0;0;0;0;0;0,74;0,9;0,96;0;5,94;0;0;0;0;1,37;0,97;0;0;0;0
"ils";2,17;0;0,85;0;0;0;1,89;3,23;3,93;2,62;2,13;7,45;0;0;2,07;23,92;8,16;0;0;1,64;5,63;0;0;5,4;1,37;1,64;0;0;12,01;0;7,35;2,71;6,7;0;7,92;0;3,29;2,47;2,77;4,8;0,97;5,18;4,39;2,45;2,57
"cet";0;3,51;1,69;3,72;0;0;0;1,21;0,98;1,05;1,42;0,93;3,11;3,22;0,69;0;1,48;2,52;0;4,93;0;2,49;0;0;0;0;0;0;0;0;0,37;0,9;0,48;0;0;0;0;0;0;2,75;0,97;0,3;0,37;0;0
"occident";0;0;0,85;0;0;0;0;1,62;1,47;2,62;2,84;0;0;0;0;0;2,23;0;0;0;0;0;0;0;0;0;0;0;0;0;3,31;0,9;0,48;0;0;0;0;0;0;0,34;0;1,22;2,2;0;0
"innocent";0;0;0,85;0;0;0;0;0,81;0,98;0;0;0;0;0;0;0;0,74;0;0;0;0;0;0;0;0;0;0;0;0;0;0;0;0;0;0;3,47;0;0;0;0,34;0;0;0;0;0
"population";0;0;0,85;0;0;0;0;0,4;0,49;0,7;0,35;0;0;0;1,38;0;0,74;0;0;0;0;0;0;0;0;0;0;0;0;0;0,74;0;0;0;0;3,47;0;0;0;0;0;0,3;0,73;0;0
"savoir";2,89;0;1,69;0;2,42;2,56;1,89;0,4;0,49;0,7;1,42;0;0;0;0,69;2,39;2,97;0;0;4,93;5,63;0;0;0;0;0;0;0;3;0;0;0,9;1,43;0;1,98;0;0;0;0;2,4;1,95;1,22;0,73;0;0
"au";7,23;5,26;12,7;7,43;13,3;14,08;9,46;5,25;5,89;8,92;8,87;6,05;15,53;9,65;10,33;7,18;4,45;10,08;0;6,57;14,08;4,98;0;6,75;5,49;16,41;4,07;5,21;6,01;9,13;6,25;4,52;9,56;9,8;17,82;10,42;6,58;9,88;11,08;7,55;4,86;10,96;5,86;3,67;5,14
"monde";0;0;1,69;0;1,21;1,28;0,95;3,64;3,43;2,62;3,9;2,33;0;0;2,75;2,39;2,23;5,04;0;1,64;2,82;0;0;0;5,49;0;0;0;0;4,57;0,37;5,43;2,39;0;1,98;0;3,29;0;5,54;2,75;2,92;0,61;2,93;0;0
"passer";1,45;0;0,85;0;1,21;1,28;1,89;0,81;0;1,22;1,42;0,47;6,21;6,43;2,07;2,39;0,74;0;0;0;0;0;0;0;0;0;0;0;0;9,13;4,04;1,81;1,43;2,45;0;0;0;0;0;0,34;0;1,52;0,73;2,45;0
"famille";0;0;0;0;0;0;0,95;0;0;0,17;0;0;0;0;0;4,78;1,48;0;0;0;0;0;0;0;0;0;0;0;15,02;0;0;0;0,48;7,35;0;0;0;0;0;0,34;0;0,3;0,37;12,24;0
"vivre";0;0;0;1,86;0;0;0;0,4;0,49;0,87;0,71;0,93;3,11;3,22;1,38;2,39;1,48;2,52;0;1,64;0;0;0;0;0;0;0;0;6,01;0;0;0,9;0;7,35;0;0;3,29;0;5,54;1,03;0;0,3;1,46;1,22;0
"mort";1,45;10,53;4,23;0;2,42;2,56;0;0;0;1,22;1,06;0;0;0;0,69;0;0,74;0;0;11,49;0;7,46;0;0;0;10,66;0;5,21;0;0;0,74;3,17;0;2,45;1,98;0;0;0;0;1,37;0;1,22;2,2;0;0
"même";1,45;0;1,69;0;1,21;1,28;2,84;3,23;3,93;3,15;3,55;5,59;0;0;2,07;0;2,97;2,52;0;0;0;0;0;1,35;0;0;0;0;3;0;1,47;6,33;3,83;9,8;1,98;3,47;0;0;0;2,06;1,95;3,65;1,83;1,22;2,57
"temps";0;0;0,85;0;2,42;3,84;0;1,21;0,98;1,75;1,42;0,47;0;3,22;2,07;0;0,74;0;0;0;2,82;0;0;0;0;0,82;0;0;0;0;1,84;3,17;1,43;0;3,96;0;0;4,94;0;1,37;1,95;2,44;0,73;1,22;0
"continuer";0,72;0;0;0;0;0;0,95;0,4;0,49;0;0;0;3,11;0;0;0;0,74;0;0;0;0;0;0;1,35;0;0;0;0;0;0;0,37;0;0;2,45;0;0;0;2,47;0;0,34;0;0;0,37;1,22;0
"empire";0;0;0;0;0;0;0;1,62;0,49;6,12;6,39;0,93;0;0;2,75;0;1,48;0;0;0;0;0;0;0;0;0;0;0;0;0;3,31;1,81;0;0;0;0;0;0;0;1,03;0;4,57;4,76;0;0
"démocratie";0;0;0;0;0;0;0;0;0;0;0;0;0;0;0;0;0,74;0;0;0;0;0;0;0;0;0;0;0;0;0;0;1,81;1,91;0;0;0;3,29;0;0;0;0;0;0;0;0
"devoir";0,72;10,53;0,85;11,15;0;0;1,89;1,21;1,47;1,22;1,42;1,4;9,32;0;0;2,39;0,74;0;0;0;8,45;0;0;1,35;1,37;0;0;0;0;0;1,1;2,26;1,43;7,35;1,98;0;0;0;0;1,72;1,95;0,91;0,37;1,22;5,14
"provoquer";0;3,51;0;0;0;0;0;0;0;0,7;0;0,47;0;0;0;0;1,48;0;0;0;0;0;0;0;0;0;0;0;0;0;0,37;0,9;0;0;0;0;0;2,47;0;0;0;0,3;0,37;0;0
"guerre";0,72;0;1,69;0;0;0;0;0,81;0,98;0,35;0,71;3,72;0;0;0;0;0,74;0;0;0;0;0;0;0;1,37;2,46;0;0;0;0;2,21;8,59;1,91;9,8;7,92;6,94;0;2,47;0;10,64;0,97;1,52;1,46;0;0
"pays";1,45;1,75;2,54;0;0;0;3,78;0;0;0,17;0,35;0;0;0;1,38;0;1,48;0;0;0;0;7,46;0;0;0;0,82;0;0;0;0;0,37;8,14;1,43;0;0;0;0;0;0;0;0;0,61;0,37;0;0
"entier";0;0;0;0;0;0;0;0;0;0,17;0;0;0;0;1,38;0;0,74;0;0;1,64;0;0;0;0;0;0;0;0;0;0;1,47;0;0;0;0;0;0;0;0;0;0;0,3;0,73;0;0
"occidental";0;0;0;0;0;0;0;1,21;1,47;0,17;0;0;0;0;0;0;0,74;0;0;0;0;0;0;0;0;0;0;0;0;0;0,37;2,71;0,48;0;0;0;0;0;0;0,34;0;0,91;0,73;0;0
"destruction";0;0;0;0;0;0;0;0;0;0,35;0,35;0;0;0;0;0;0,74;0;0;0;0;0;0;0;0;0;0;0;0;0;0,74;0;0;0;0;3,47;0;2,47;0;0;0;0,3;0,37;0;0
"autres";0,72;1,75;0;0;0;0;0;1,21;1,47;0,35;0,35;0,93;0;0;4,82;0;2,23;0;0;1,64;0;0;0;0;2,75;3,28;0;0;0;4,57;1,84;1,81;1,43;2,45;1,98;3,47;3,29;2,47;0;1,37;0;0,61;0,73;1,22;2,57
"vie";0;0;0,85;3,72;2,42;2,56;0;0,4;0,49;2,27;2,13;1,4;0;16,08;1,38;0;0,74;10,08;0;3,28;0;0;0;0;4,12;0;0;5,21;9,01;0;0,37;0;0,96;4,9;1,98;3,47;3,29;0;0;1,72;0;0,91;0,37;0;0
"prendre";1,45;0;0,85;3,72;2,42;2,56;0,95;1,21;0,98;2,62;1,42;0,93;3,11;0;2,07;4,78;0,74;0;8,16;0;5,63;0;0;1,35;4,12;0,82;0;0;0;9,13;1,84;1,81;1,91;0;0;0;0;0;0;2,75;3,89;0,61;1,1;3,67;0
"conflit";2,17;0;0;0;0;0;0;0;0;0;0;1,86;0;0;0;0;1,48;0;0;0;0;0;0;0;0;0,82;0;0;0;0;0;3,62;0,48;0;0;0;0;0;0;1,72;0;0;0;0;2,57
"créer";0;0;0,85;0;1,21;1,28;0;0;0;0,17;0;0,47;0;0;0;0;2,23;0;0;0;0;0;0;0;0;0;0;0;0;0;0;0;1,43;2,45;0;0;0;0;0;0,69;1,95;0,3;0,37;1,22;0
"occuper";0;0;0;0;0;0;0;0;0;0,35;0,35;0;0;0;0;0;1,48;0;0;1,64;0;0;0;0;0;0,82;0;0;0;0;1,1;0;0;0;0;0;0;0;0;0;0;0,3;0;0;0
"deux";5,78;5,26;3,39;0;0;0;1,89;3,64;2,45;1,75;1,77;3,26;0;0;2,07;2,39;0,74;2,52;4,08;0;0;2,49;0;2,7;0;8,2;8,13;0;6,01;9,13;2,21;3,62;0,48;7,35;3,96;6,94;0;0;5,54;2,06;2,92;0,91;4,03;7,34;2,57
"position";0;0;0,85;0;0;0;0,95;0;0;0;0;0;0;0;0;0;1,48;0;0;1,64;2,82;0;0;0;0;1,64;0;0;0;0;0;0;1,43;0;0;0;0;0;0;0;0,97;0;0,37;0;0
"différent";0,72;0;0;0;0;0;0;0,81;0,49;0,35;0;0,47;0;0;1,38;0;0,74;2,52;0;0;0;0;0;0;0;0;0;5,21;0;0;0;0;0;0;1,98;0;0;0;2,77;0;0;0;0,73;0;2,57
"permettre";2,89;0;0;3,72;0;0;0;1,21;0,98;0,87;0,71;0,93;0;0;0;2,39;2,23;0;0;0;0;0;0;0;1,37;0,82;0;0;0;4,57;1,1;0,9;1,43;0;1,98;0;0;4,94;0;0,34;0;0,91;0,73;1,22;2,57
"tenir";0;0;0;0;1,21;1,28;1,89;0,4;0,49;0,35;0,71;0;0;3,22;2,75;0;0,74;0;0;1,64;2,82;0;0;1,35;0;0;0;0;0;0;0,74;0;0;0;1,98;0;0;2,47;0;0;0;0;0,37;0;0
"forme";0,72;0;0;0;0;0;0;1,21;0,98;0,35;0,35;0;3,11;0;2,07;0;0,74;0;0;0;0;0;0;0;0;0;0;5,21;0;0;0;0;0;0;0;0;0;0;2,77;0,34;0;0,61;0;0;0
"fois";1,45;0;0;0;3,63;2,56;0,95;2,02;1,96;2,1;2,13;0,47;0;0;1,38;0;0,74;0;0;1,64;0;0;0;0;1,37;0;0;5,21;0;0;1,47;1,81;0,96;2,45;0;0;0;2,47;0;1,37;0,97;0,61;2,2;2,45;2,57
"politique";0,72;1,75;5,93;0;0;0;0;0,81;0,49;0,35;0;1,4;0;0;1,38;0;1,48;0;0;0;0;0;0;0;1,37;0;0;0;0;0;0,37;0;3,83;0;0;0;0;2,47;0;1,37;0;1,22;1,46;0;0
"histoire";0;0;0;0;1,21;1,28;7,57;7,68;7,85;2,27;3,19;1,4;3,11;3,22;4,13;0;0,74;0;0;0;0;0;0;0;2,75;0;0;0;0;0;2,57;2,71;0;2,45;7,92;0;6,58;0;11,08;1,37;1,95;2,13;0;0;5,14
"lorsqu";0,72;0;0;1,86;0;0;0;0,4;0,49;0,35;0,35;0,47;0;0;1,38;0;0,74;0;0;0;0;0;0;0;0;0;0;0;0;0;0;0;0;0;0;0;3,29;0;0;0,34;0;0;0,37;1,22;0
"autre";2,89;0;0,85;0;2,42;1,28;0,95;4,04;3,93;0,52;1,06;2,79;0;0;0;4,78;1,48;0;4,08;1,64;0;0;0;0;2,75;0,82;4,07;0;0;0;1,47;3,62;0,48;2,45;0;0;13,16;0;0;1,03;0;2,44;3,29;1,22;2,57
"tous";0,72;0;0,85;0;0;0;0,95;0;0;1,05;1,77;0,47;0;0;0;0;0,74;0;0;4,93;8,45;0;11,76;0;0;1,64;0;0;0;0;1,47;0,9;1,91;2,45;3,96;0;0;7,41;8,31;1,37;0,97;0,61;0;0;0
"mes";0,72;0;0;0;0;0;0,95;0,81;0,98;0,17;0;0;0;0;0;0;0,74;0;0;0;0;0;0;0;0;0;0;0;0;0;0,37;0;0;0;1,98;0;0;2,47;0;0,69;0;0;0;2,45;0
"parent";0,72;0;0;0;0;0;0;0;0;0;0;0;0;0;0;2,39;1,48;0;0;0;0;0;0;0;0;0,82;0;0;9,01;0;0;0;0;0;0;0;0;0;0;0;0;0;0;3,67;0
"aller";1,45;0;0;0;0;0;1,89;1,62;1,96;0,35;0;1,4;6,21;0;2,75;4,78;0,74;0;0;0;2,82;0;0;0;0;0;0;10,42;3;4,57;2,57;0;0,48;0;3,96;0;0;0;2,77;2,06;0;0,91;0;1,22;5,14
"moins";1,45;0;3,39;0;3,63;2,56;0,95;0,4;0;1,22;1,42;0;0;0;1,38;0;0,74;0;4,08;0;0;2,49;0;0;2,75;7,38;4,07;5,21;0;4,57;0,74;0;0;0;0;3,47;0;2,47;0;1,37;0,97;0,61;0,37;1,22;0
"langue";0;0;0;0;0;0;1,89;0;0;0;0;0,47;0;0;0;2,39;2,23;0;0;0;0;0;0;0;0;0;0;0;3;0;0;0;0;0;0;0;0;0;0;1,37;0;0;0,37;0;0
"comment";0;0;0;1,86;0;0;0,95;0;0;0,7;0,35;0;0;0;2,75;0;1,48;0;0;3,28;0;0;0;0;0;0;0;0;0;0;0;0,9;0,96;2,45;0;0;0;2,47;8,31;1,03;0;0,3;0;0;0
"arriver";0;0;0;7,43;2,42;2,56;0;0,4;0,49;0;0;0,47;0;0;0,69;4,78;0,74;0;0;0;0;0;0;0;0;0;0;0;0;0;0;0;0,96;0;0;0;0;2,47;0;0;0,97;0,61;1,1;1,22;0
"t";0,72;1,75;0,85;0;0;0;0;0,4;0;0,7;0,35;0,93;0;0;2,07;0;0,74;2,52;0;1,64;2,82;0;0;1,35;0;2,46;0;0;0;0;0,37;0,9;0;2,45;0;0;0;2,47;0;0;0,97;1,83;0,73;0;0
"naître";0;0;0;0;1,21;1,28;0;0,4;0,49;0,52;1,06;0,47;0;0;0,69;0;2,23;0;0;0;0;0;11,76;0;2,75;0;0;0;3;0;1,1;0;0;0;0;0;0;0;2,77;1,37;0;0;0,37;0;0
"plusieurs";0,72;0;0;0;1,21;1,28;0,95;0;0;0,7;0,71;0,47;3,11;0;0,69;2,39;0,74;0;0;0;0;2,49;0;0;0;0,82;0;0;0;0;0,37;0;0;0;0;0;0;0;0;0;1,95;0,91;2,2;1,22;0
"publier";0,72;0;0,85;0;0;0;0,95;0,4;0,49;0,17;0,35;0,47;0;0;0,69;0;0,74;0;0;0;0;0;0;0;0;0,82;0;0;0;0;0;0,45;0;0;5,94;0;0;0;5,54;0;0,97;0,3;0;0;0
"sous";1,45;0;2,54;1,86;2,42;2,56;0;0,4;0,49;1,05;0,71;0,93;9,32;0;0;0;0,74;2,52;0;0;0;4,98;0;0;2,75;0,82;0;5,21;3;0;0,74;1,81;0;0;1,98;0;3,29;0;2,77;1,37;0;0,91;0;1,22;2,57
"affaire";1,45;0;2,54;0;0;0;0;0;0;0;0;0;0;0;1,38;0;0,74;0;0;0;8,45;4,98;0;1,35;0;0,82;0;0;0;0;0;0;0,96;0;0;3,47;0;0;0;0;0,97;0,61;0,37;0;0
"entre";2,89;0;1,69;0;1,21;1,28;0;2,83;1,96;2,1;2,84;5,59;0;0;3,44;0;0,74;0;0;0;0;4,98;0;1,35;1,37;0;0;0;0;0;3,31;6,33;0,48;0;3,96;0;3,29;2,47;2,77;4,12;0,97;2,44;2,93;0;0
"personnage";0;0;0;0;4,84;5,12;0;0;0;0,35;0,35;0;0;0;0;0;1,48;0;0;0;0;0;0;0;4,12;0;0;0;0;0;0;0;0;0;0;0;0;0;5,54;0;0,97;0,61;0,37;0;0
"lui";1,45;5,26;1,69;5,58;2,42;2,56;0,95;1,21;0,49;2,62;1,77;2,33;3,11;6,43;0;2,39;1,48;0;0;6,57;2,82;2,49;0;0;1,37;1,64;0;0;0;0;5,15;0,9;0;2,45;3,96;0;0;4,94;2,77;2,75;0,97;1,22;3,66;0;2,57
"changer";0;0;0;0;0;0;0;2,02;2,45;0,35;0,71;0;0;0;0,69;0;0,74;2,52;0;0;0;0;0;0;0;0;0;0;0;0;0;0;0,48;0;0;0;0;0;0;0;0;0,3;0;1,22;0
"côté";1,45;0;0;0;0;0;1,89;1,62;0,98;0,35;0,71;0;0;0;0;2,39;0,74;0;0;1,64;0;2,49;0;0;0;0,82;0;0;0;0;0,74;0;0,96;2,45;0;0;0;0;0;0;0,97;0,91;2,2;2,45;0
"montrer";0,72;0;0,85;1,86;0;0;0;0;0;0;0;0,47;0;0;2,75;0;0,74;0;0;0;0;0;0;1,35;1,37;0;0;0;0;0;0;0,45;0;0;0;0;0;0;0;2,06;0,97;0,91;0,37;0;0
"très";0,72;1,75;1,69;1,86;0;0;1,89;1,21;1,47;1,05;1,06;2,33;3,11;0;1,38;0;0,74;7,56;0;0;0;0;0;0;1,37;0;0;0;6,01;4,57;0,37;0;6,22;2,45;0;3,47;0;0;0;0;1,95;0,91;0,37;6,12;0
"inviter";0;0;1,69;0;1,21;1,28;0;0;0;0;0;0;0;0;0;0;0,74;0;0;0;2,82;0;0;0;1,37;0;0;0;0;0;0;0;0;2,45;1,98;0;0;0;0;0;0;0;0,37;1,22;0
"soir";0;5,26;0;3,72;0;0;0;0;0;0,52;0,35;0;0;0;0;0;0,74;2,52;0;0;8,45;0;0;1,35;0;0;8,13;0;0;0;0;0;0;0;0;0;0;4,94;0;0;0;0;0;0;0
"chez";0,72;0;0,85;5,58;1,21;1,28;0;0,4;0,49;0;0;0;9,32;3,22;0;4,78;1,48;0;4,08;3,28;2,82;0;0;0;0;0;4,07;0;3;4,57;0;0;0;0;3,96;0;0;0;0;0,34;0;0,3;0;3,67;0
"saint";0;0;0;0;1,21;1,28;0;0,4;0,49;1,05;0,71;0;6,21;0;0,69;0;0,74;0;8,16;0;0;0;0;0;0;0;0;0;3;0;1,84;0;0;0;1,98;0;0;0;0;0;0;0,61;0,37;1,22;0
"ses";4,34;1,75;0;0;3,63;2,56;5,68;1,21;0,98;3,85;4,26;2,33;0;6,43;0,69;4,78;2,23;0;0;4,93;0;2,49;0;1,35;4,12;1,64;0;5,21;0;4,57;5,51;2,71;1,43;4,9;0;0;9,87;0;0;3,43;1,95;1,83;5,49;3,67;10,28
"moment";0;0;0;0;0;0;0;2,02;2,45;0,87;1,06;0,47;0;0;0,69;0;0,74;0;0;0;0;0;0;0;0;0;0;0;0;0;0;0;0,96;0;0;3,47;0;0;0;0,34;0;0,61;0,37;0;0
"devenir";1,45;0;0;0;0;0;2,84;2,43;2,45;1,75;1,06;1,4;0;0;2,07;0;1,48;0;0;0;0;0;0;1,35;0;0,82;0;0;0;0;0;3,62;0;0;1,98;0;3,29;7,41;5,54;1,72;0;2,74;1,46;0;2,57
"question";1,45;0;0;0;0;0;0;2,43;1,96;0,17;0,35;1,4;0;0;0;0;2,23;0;0;0;0;0;11,76;1,35;0;0;0;0;0;0;0;0;0,48;0;0;0;0;0;0;0,34;0,97;0;0;0;0
"intérieur";0;1,75;0;0;0;0;0;0,4;0,49;0,35;0,35;0;3,11;0;0;0;2,23;2,52;0;1,64;0;2,49;0;0;0;0;0;0;0;0;0,37;0;0;0;0;0;0;4,94;0;0;0;0;0;0;0
"pourquoi";0;0;0;0;0;0;0;0,81;0,98;0;0;0,93;0;0;0,69;0;2,23;0;0;0;2,82;0;0;0;0;0;0;0;0;4,57;0;0,9;0;0;0;0;0;0;0;0,34;0,97;0,3;0;0;0
"vouloir";1,45;5,26;0,85;0;1,21;1,28;1,89;1,21;1,47;0,35;0;0,47;0;9,65;0;0;2,97;7,56;0;0;0;0;0;0;0;0;0;5,21;0;0;0;3,62;0,48;0;0;0;0;4,94;5,54;0;0,97;0,3;0;1,22;0
"mot";0,72;0;1,69;0;0;0;0;0,4;0,49;0;0;0,93;0;0;0;2,39;2,23;0;0;0;0;0;0;1,35;0;0;0;0;0;0;0;0;0;0;1,98;0;3,29;14,81;0;0,69;0;0;0,37;0;0
"grec";0;0;0;0;0;0;0,95;1,21;1,47;0,17;0;6,98;0;0;1,38;0;0,74;0;0;4,93;0;0;0;0;0;0;0;0;0;0;0;0;0;0;0;0;6,58;0;0;20,25;0;0;1,1;0;0
"sans";1,45;1,75;0;1,86;0;0;1,89;1,62;1,96;2,45;2,48;1,4;0;0;1,38;4,78;0,74;2,52;0;3,28;0;4,98;0;0;1,37;1,64;0;0;0;0;1,84;0,9;0;0;0;0;0;4,94;0;2,75;1,95;3,65;3,29;7,34;2,57
"produire";0;0;0;0;1,21;1,28;0;0;0;0,17;0,35;0;0;0;0;0;0,74;0;0;0;0;0;0;0;0;0;0;0;0;0;0;0;0;0;0;0;0;0;5,54;0;0,97;0,3;0,37;0;0
"civilisation";0;0;0;0;0;0;0;8,08;8,83;0,35;0,35;2,33;0;0;0;0;1,48;0;0;0;2,82;0;0;0;0;0;0;0;0;0;0;0;0,48;0;0;0;0;2,47;0;0,69;0;0,61;0;0;0
"situer";0;0;0;0;0;0;0;0,81;0,49;0,52;0,71;0;0;0;0;0;0,74;0;0;0;0;0;0;0;0;0,82;0;0;0;0;0,37;0;0;0;0;0;0;0;0;0;0;0;0;0;0
"mouvement";0;0;0;0;0;0;0;0,4;0;0,17;0;0;0;0;1,38;0;0,74;0;0;0;0;2,49;0;0;0;0;0;0;0;0;0;0;2,39;0;0;0;0;0;0;0;0;0,3;1,46;0;0
"agir";0;0;3,39;1,86;0;0;0;0,81;0,98;0,52;0,35;0;0;0;0,69;0;0,74;2,52;0;1,64;0;2,49;0;0;0;0,82;0;0;6,01;0;0,74;0;0;0;0;0;0;0;0;0;0;0,3;0,37;0;0
"âge";0;0;0;0;1,21;1,28;0;0;0;0;0;0;0;0;0;0;0,74;0;0;0;0;0;0;0;1,37;0;0;5,21;0;0;0;0;0;0;1,98;0;0;0;0;0;0;0,91;0;0;5,14
"contemporain";0;0;0;0;0;0;0;0;0;1,22;1,77;0,47;0;0;0;0;0,74;0;0;0;0;0;0;0;1,37;0;0;0;0;0;1,1;0;0;0;0;0;0;0;0;0,34;0;0,61;1,46;0;0
"futur";0;0;0;0;1,21;1,28;0;0;0;0;0;0;0;0;0;0;0,74;0;0;0;0;0;0;0;0;0;0;5,21;0;0;0,37;0;0;0;1,98;0;0;0;0;0;1,95;0,61;0,37;0;0
"partir";0;0;0;0;0;0;0;0,4;0,49;1,05;1,42;0;0;0;1,38;0;2,23;0;0;0;0;0;0;0;0;0;0;0;0;0;0,37;2,71;1,43;0;0;0;3,29;0;0;0;1,95;1,83;0,73;1,22;0
"classe";0;0;0;0;0;0;0;0,4;0;0;0,35;0;0;0;0;2,39;0,74;0;0;0;0;0;0;0;0;0;0;0;0;4,57;0;0,9;0;0;0;0;0;0;0;0,34;0;0;0;1,22;0
"définir";0;0;0;0;0;0;0;0,4;0,49;0;0;0;0;3,22;0;0;0,74;0;0;0;0;0;0;0;0;0;0;0;0;0;0;0;0;0;0;0;0;0;0;2,4;0;0,3;0;0;0
"fille";0;3,51;0;0;0;0;0;0;0;0,7;1,06;0;0;0;0;16,75;0,74;0;0;1,64;0;0;0;1,35;0;0,82;0;0;0;0;0;0;0;0;0;0;0;0;0;0;0,97;0,3;0;0;0
"mon";0;3,51;0;3,72;2,42;1,28;0;0;0;0;0;1,4;3,11;0;0;0;0,74;0;0;0;8,45;0;0;0;0;0;0;0;0;0;0;0;0;4,9;0;0;0;0;0;1,03;0;0,91;0;1,22;2,57
"altérité";0;0;0;0;0;0;0;0,81;0,98;0;0;1,4;0;0;0;0;1,48;0;0;0;0;0;0;0;0;0;0;0;0;0;0;0;0;0;0;0;0;0;0;0;0;0;0;0;0
"construire";0;0;0;0;0;0;0;0,4;0,49;0,7;1,06;0;0;0;0;0;0,74;0;0;0;0;0;0;0;0;0;0;0;3;0;0;0;0;0;0;0;0;0;0;0;0;0,61;0,37;0;0
"dès";0;0;0;0;0;0;0,95;0,4;0;0,17;0;0;0;0;0;0;0,74;0;0;1,64;0;0;0;0;0;0;0;0;0;0;1,47;0;0;0;1,98;0;0;0;5,54;1,72;0;1,22;0;0;2,57
"avant";2,17;1,75;1,69;1,86;1,21;1,28;0;0;0;1,4;1,06;2,79;0;0;0,69;4,78;0,74;0;0;3,28;0;0;0;0;2,75;0,82;0;0;0;9,13;1,47;3,62;0,96;0;0;0;0;0;0;1,72;0;2,44;1,46;1,22;2,57
"cas";2,89;0;0,85;0;0;0;0;0,4;0,49;0,35;0,71;0,47;3,11;0;0;0;0,74;0;0;0;0;0;0;0;2,75;0,82;0;0;0;0;0;1,81;0;0;0;0;0;2,47;0;0,69;0;0,61;0,37;1,22;0
"encore";0,72;0;0;3,72;0;0;1,89;1,21;0,98;0,87;0,71;1,86;0;0;2,07;2,39;0,74;0;0;0;0;0;0;0;1,37;0;0;0;3;0;1,47;2,71;0;0;1,98;0;0;2,47;0;1,37;0,97;0,61;0,73;2,45;0
"aujourd_hui";0;0;0,85;3,72;0;0;1,89;2,02;1,96;0,87;1,42;1,4;3,11;0;6,89;0;0,74;2,52;0;0;0;2,49;0;0;0;0;0;0;0;0;0;0;0,48;0;0;0;0;0;2,77;0,69;0;0,91;0,37;0;2,57
"société";0;0;0,85;0;0;0;0;1,62;0,98;0,17;0;0;0;0;0,69;0;1,48;0;0;0;0;0;0;0;0;0;0;0;0;0;0;3,62;3,83;0;0;0;6,58;4,94;5,54;0,34;0;0;0;0;0
"voir";2,17;0;0,85;5,58;0;0;3,78;2,02;2,45;1,57;2,13;0,93;3,11;0;2,75;0;0,74;0;0;8,21;8,45;0;0;1,35;0;1,64;0;5,21;9,01;0;1,1;0,9;1,43;0;0;0;3,29;2,47;0;3,09;0,97;2,74;1,1;0;0
"réussir";0;0;0;0;0;0;0;0;0;0,17;0,35;0,47;0;0;0;4,78;1,48;0;0;0;0;0;0;0;1,37;0;0;0;0;0;0;0;0,48;0;0;0;0;0;0;0;0;0,3;0;0;0
"mener";0,72;0;0;0;1,21;1,28;0;0,81;0;0,52;0,35;1,4;0;0;0;0;0,74;0;0;0;0;0;0;1,35;0;0;0;0;0;0;1,1;0,9;0,96;0;3,96;0;0;0;0;0,34;0;0;0,37;0;0
"moi";0,72;0;0;0;0;0;0;1,21;1,47;0;0;0,47;0;0;0;2,39;1,48;0;0;3,28;2,82;0;0;0;0;0;0;0;0;0;0;0;0;0;0;0;0;0;0;0;0;0;0;0;0
"atteindre";0,72;0;0,85;0;0;0;0;0;0;0,35;0;0,47;0;0;0,69;4,78;0,74;2,52;0;1,64;0;2,49;0;0;0;0,82;0;0;0;0;0,37;0;0;0;0;0;0;0;0;0;0;0;0,37;1,22;0
"votre";0;0;0;0;0;0;0;0,81;0,98;0;0;0,47;0;0;0,69;0;0,74;0;0;0;0;0;0;0;0;0;0;0;0;0;0;2,71;0;0;0;0;0;0;0;0;0;0;0;0;0
"nombreux";0;0;0;0;0;0;0;0;0;0,17;0,35;0,93;0;3,22;2,07;0;0,74;0;0;0;0;0;0;0;0;0;0;0;0;0;0,74;0,9;0,48;0;0;0;0;0;0;0;0;0;0,37;0;0
"notamment";0;3,51;0;0;0;0;0;0;0;0,87;1,06;0,47;0;0;0,69;0;0,74;5,04;0;0;0;0;0;0;0;0;0;0;3;0;0;0,9;2,87;0;0;0;0;0;0;0;0;0,3;0;0;0
"étudier";0;0;0;0;0;0;0;0,81;0,98;0,35;0,35;0;0;0;0;0;0,74;0;0;0;0;0;0;0;0;0;0;0;0;0;0;0;0;0;0;0;3,29;0;0;0;0;0;0;0;0
"dont";0;0;0,85;0;0;0;0,95;2,43;1,96;1,05;1,06;1,86;0;3,22;2,07;2,39;0,74;0;0;3,28;5,63;2,49;11,76;2,7;4,12;2,46;0;0;0;0;0,37;4,52;0,96;0;1,98;10,42;6,58;0;0;2,4;2,92;2,74;0,37;1,22;0
"oeuvre";0;0;0;0;2,42;2,56;0;0;0;0,17;0;0;3,11;6,43;0;0;0,74;0;0;0;0;0;0;0;0;0;4,07;0;0;0;0,37;0;0;0;0;0;0;0;2,77;0;0;0,3;0,73;0;0
"violence";0;1,75;0;0;0;0;0;4,85;4,91;0,35;0,71;1,4;0;0;1,38;0;1,48;0;0;0;0;0;11,76;1,35;1,37;0;0;5,21;0;0;0;0,9;0,48;0;0;3,47;0;2,47;0;0,34;0,97;0,61;1,1;0;5,14
"pouvoir";5,78;1,75;7,62;9,29;2,42;2,56;3,78;3,64;3,93;3,32;5,68;3,72;0;0;1,38;7,18;0,74;2,52;4,08;4,93;2,82;2,49;0;0;2,75;0,82;0;0;6,01;9,13;1,47;6,33;7,65;2,45;5,94;0;3,29;0;2,77;5,15;3,89;2,74;3,66;6,12;2,57
"violent";0;3,51;0;0;0;0;0;0;0;0,35;0,35;0;0;0;0,69;0;0,74;0;0;0;0;0;0;1,35;0;0;0;0;0;0;0,37;0;0;0;1,98;0;0;0;0;0;0;0,61;0;0;0
"offrir";0;0;0;0;0;0;0;0;0;0,17;0;0;0;0;0;0;1,48;0;0;0;0;0;0;0;2,75;0;0;0;0;0;0,74;0;0;0;1,98;3,47;0;0;0;0;0;0,3;0,37;0;0
"demander";0;3,51;0,85;0;0;0;2,84;0;0;0,52;0,71;0,47;0;0;0,69;7,18;0,74;0;0;0;2,82;0;0;0;0;4,92;0;0;0;0;0;0,9;0;0;1,98;0;0;0;0;0,69;0,97;0,3;0,73;4,9;0
"alors";2,17;1,75;0;0;1,21;1,28;1,89;1,21;0,98;1,22;1,06;1,4;6,21;0;1,38;2,39;0,74;0;0;3,28;2,82;4,98;0;0;0;0;0;0;0;0;0,74;0;0;0;1,98;0;0;2,47;0;2,06;3,89;1,22;1,83;6,12;2,57
"réduire";0;0;0;0;0;0;0;0;0;0;0;0;0;0;0,69;0;0,74;0;0;0;0;0;0;0;0;0;0;0;0;0;2,21;0;0;0;0;0;0;0;0;0;0;0,61;0,37;0;0
"assez";0;0;0;0;0;0;0;0,4;0,49;0,52;0,35;0;0;0;0;0;0,74;0;0;0;0;0;0;0;1,37;0;4,07;0;0;0;0;0;0,48;0;0;0;0;0;2,77;0;0;0;0,37;0;0
"traverser";0;0;0;0;1,21;1,28;0;0;0;0,17;0;0;0;0;0;0;0,74;0;0;0;0;0;0;0;0;0;0;0;0;0;0,74;0;0;0;0;0;0;0;0;0;0;0,3;1,1;0;0
"ailleurs";0,72;0;0;0;0;0;1,89;0,4;0,49;0,35;0;0,47;0;0;0,69;0;0,74;0;0;0;0;0;0;0;0;0;0;0;0;0;0;0,9;1,43;0;0;0;0;0;0;0;3,89;0,91;0;0;0
"aussi";5,06;0;1,69;1,86;2,42;2,56;3,78;1,21;1,47;1,57;1,06;3,26;0;3,22;1,38;0;1,48;5,04;0;1,64;16,9;2,49;0;0;1,37;5,74;0;5,21;0;0;4,41;0;1,91;7,35;7,92;3,47;9,87;2,47;2,77;4,8;4,86;1,52;0,37;2,45;0
"groupe";0,72;0;0,85;0;0;0;1,89;0,4;0,49;0;0;0,47;0;0;1,38;0;1,48;0;0;0;0;0;0;0;0;0,82;0;0;0;0;0,37;0;0;0;0;0;0;0;0;0;0;0,91;0,37;0;0
"apprendre";1,45;0;0;3,72;0;0;1,89;0;0;0,35;0,35;0;0;0;0;0;0,74;0;0;1,64;0;0;0;0;0;0;0;0;0;0;0;0;0;0;0;0;0;0;0;0,34;0;0;0;0;0
"leurs";0;0;0,85;0;0;0;0;1,62;1,47;1,05;0,71;2,33;0;0;2,07;2,39;1,48;0;0;0;0;0;0;2,7;0;0,82;0;0;15,02;0;3,68;0;0;0;0;0;0;0;0;2,4;1,95;1,22;1,83;4,9;2,57
"leur";1,45;3,51;0;3,72;2,42;2,56;2,84;1,62;0,98;1,75;2,48;4,66;0;0;4,13;14,35;2,23;0;4,08;0;0;0;0;0;0;0;0;0;9,01;0;6,62;2,71;0,96;0;1,98;0;0;7,41;0;4,8;0,97;5,18;5,12;3,67;2,57
"nom";0;0;0;0;2,42;2,56;3,78;0;0;0,7;1,06;1,86;0;0;0,69;0;0,74;2,52;0;0;0;0;0;0;0;0;0;0;0;0;0,74;3,17;0;0;0;0;0;0;0;0,69;0;1,22;0,37;0;0
"frontière";0,72;0;0;0;0;0;0;0,81;0,98;0,87;0,35;0,47;0;0;1,38;0;0,74;0;0;0;0;0;0;0;0;0;0;0;0;0;2,57;0,9;0;0;0;0;0;0;0;1,72;0;1,83;1,1;1,22;0
"territoire";0,72;0;0;0;0;0;0;0;0;0,17;0;0;0;0;1,38;0;0,74;0;0;0;0;0;0;0;1,37;0,82;0;0;0;0;1,1;0;0;0;0;0;0;2,47;0;0;0;0,3;0;0;0
"homme";2,17;3,51;0,85;0;3,63;3,84;0;0,4;0,49;1,22;1,06;2,79;0;3,22;0,69;0;0,74;0;0;6,57;2,82;0;11,76;0;0;2,46;0;0;0;0;1,47;0;0;0;1,98;0;13,16;0;0;2,75;0,97;1,52;3,29;0;0
"rien";0;0;1,69;0;0;0;0;0,4;0,49;0,7;0,71;0,47;3,11;0;1,38;2,39;0,74;0;4,08;0;0;0;0;0;0;0;0;0;0;0;0,37;0;0,48;0;0;0;0;2,47;0;1,37;0,97;1,52;0,73;1,22;0
"eux";0;0;0;0;0;0;0;1,21;1,47;0,7;0;0,93;0;0;0,69;0;0,74;0;0;0;0;2,49;0;0;0;0;0;0;0;0;4,04;0;0,48;0;0;0;3,29;0;0;1,72;0;1,52;0,73;0;0
"autour";0;0;0;0;0;0;0;0;0;0,35;0,35;0;0;0;3,44;2,39;0,74;5,04;0;0;0;0;0;0;0;0;0;0;0;0;0;0;0;0;0;0;0;0;0;0;0,97;1,52;0,37;1,22;0
"jouer";0;0;0,85;0;0;0;0;0,4;0,49;0,17;0;0;0;0;0;0;0,74;0;0;1,64;0;2,49;0;1,35;2,75;0;0;0;0;0;0;0;0,48;0;0;0;0;0;0;0;0;0;0;0;0
"10";0,72;1,75;0;0;0;0;0,95;0,4;0;0;0;0;0;0;0,69;0;0,74;0;0;0;0;0;0;5,4;0;0,82;0;0;0;9,13;0,37;0;0;0;1,98;0;0;0;0;0;0;0;0;0;0
"fin";0;3,51;2,54;0;2,42;2,56;0;0,4;0;1,92;3,19;0,47;0;3,22;0;0;0;0;8,16;0;0;0;0;2,7;0;0;0;0;0;0;0,74;0;0,96;0;0;6,94;0;0;0;0,69;0;1,52;2,2;1,22;2,57
"nouveau";5,06;3,51;0;0;1,21;1,28;1,89;0,81;0;1,22;1,42;1,4;0;0;3,44;2,39;0;12,59;0;0;0;0;0;0;2,75;1,64;4,07;0;3;0;1,1;3,62;0;2,45;0;3,47;3,29;0;0;1,03;3,89;1,52;1,46;2,45;5,14
"chute";0;0;0;0;0;0;0;0;0;2,62;3,9;0;0;0;0,69;0;0;0;0;0;0;0;0;0;0;0;0;0;0;0;0,37;1,81;0;0;0;0;0;0;0;0;0;0,3;0;0;0
"rome";0;0;0;0;0;0;0;0,4;0,49;6,64;3,9;0;0;3,22;0,69;0;0;0;0;1,64;0;0;0;0;0;0;0;0;0;0;1,1;0;0;0;0;0;0;0;0;0;0;2,74;1,1;0;0
"6";0;1,75;0;0;0;0;0;0;0;0,52;0,71;0;6,21;0;0;0;0;0;155,1;0;0;0;0;0;0;0;170,73;0;0;4,57;0,37;0;0;0;3,96;0;0;0;0;0;0;0,3;0,37;0;0
"empereur";0;0;0;0;0;0;0;0;0;3,5;3,9;0;0;3,22;0;0;0;0;0;6,57;0;0;0;0;0;0;0;0;0;0;4,04;0;0;0;0;0;0;0;0;0;0;2,44;3,29;0;0
"romulus";0;0;0;0;0;0;0;0;0;1,22;2,48;0;0;0;0;0;0;0;0;0;0;0;0;0;0;0;0;0;0;0;0;0;0;0;0;0;0;0;0;0;0;0;0,37;0;0
"augustule";0;0;0;0;0;0;0;0;0;1,22;2,48;0;0;0;0;0;0;0;0;0;0;0;0;0;0;0;0;0;0;0;0;0;0;0;0;0;0;0;0;0;0;0;0,37;0;0
"rupture";0,72;0;0;0;0;0;0;0;0;0,52;0,71;0;0;0;0;0;0;0;0;0;0;0;0;0;0;0;0;0;0;0;0,37;0,9;0;0;0;0;0;0;0;0;0;0,3;0;0;0
"brutal";0;0;0;0;0;0;0;0;0;0,52;1,06;0;0;0;0;0;0;0;0;0;0;0;0;0;0;0;0;0;0;0;0;0,9;0;0;0;0;0;0;0;0;0;0,3;0,73;0;0
"déclin";0;0;0;0;0;0;0;0;0;0,52;1,42;0;0;0;0,69;0;0;0;0;0;0;0;0;0;0;0;0;0;0;0;0,37;0,9;0;0;0;0;0;0;0;0;0;0;0;0;0
"ici";0,72;0;0;1,86;0;0;0;0,81;0,49;0,35;0,35;0,47;0;0;0;2,39;0;0;0;0;0;0;0;0;2,75;0;0;0;0;0;0,37;0;0;2,45;0;0;3,29;0;0;0,69;0;0,3;0,37;1,22;0
"ou";1,45;0;5,08;0;4,84;5,12;3,78;4,85;4,91;2,97;3,55;4,66;0;6,43;6,89;0;0;0;0;6,57;5,63;0;0;0;4,12;4,92;0;0;0;0;1,1;1,81;4,3;4,9;0;0;13,16;0;0;1,37;0,97;3,65;2,56;6,12;2,57
"depuis";0;1,75;3,39;3,72;2,42;2,56;1,89;0,4;0,49;1,05;0,71;0,93;0;0;3,44;4,78;0;5,04;0;0;0;2,49;0;2,7;0;2,46;0;0;0;0;1,1;0,9;2,87;7,35;1,98;3,47;3,29;4,94;0;1,72;0,97;0;0,37;4,9;2,57
"ve";0;0;0;0;0;0;0;0,4;0,49;1,4;1,42;0,47;0;0;0;0;0;0;0;0;0;0;0;0;0;0;0;0;0;0;0,37;0;0;0;0;0;0;0;0;0,69;0;1,83;0,73;0;0
"siècle";0;0;0;0;0;0;0;6,47;5,4;6,29;4,61;1,86;0;6,43;3,44;0;0;0;0;0;0;0;0;0;0;0;0;0;0;0;2,21;3,62;0;0;7,92;0;0;0;0;3,09;0;7,31;2,93;0;0
"celle";2,17;0;0;0;0;0;1,89;0,4;0;0,87;1,42;0,93;0;3,22;0;0;0;0;0;0;0;0;0;0;1,37;0;0;0;3;0;1,1;0;0;2,45;1,98;0;0;0;0;2,06;0;0,61;0,37;0;0
"série";0,72;0;0;0;0;0;0,95;0;0;0,52;0,71;0;0;0;0;0;0;0;4,08;0;0;0;0;0;0;0;4,07;0;0;0;0;0;0;0;0;0;0;0;0;0,34;0,97;0;0;0;0
"effondrement";0;0;0;0;0;0;0;0,4;0;0,52;0,71;0,47;0;0;0,69;0;0;0;0;0;0;0;0;0;0;0;0;0;0;0;0;0,9;0;0;0;0;0;0;0;0;0;0;0;0;0
"ravenne";0;0;0;0;0;0;0;0;0;2,27;3,55;0;0;0;0;0;0;0;0;0;0;0;0;0;0;0;0;0;0;0;0,74;0;0;0;0;0;0;0;0;0;0;0;1,1;0;0
"nord_est";0;0;0;0;0;0;0;0;0;0,52;0,35;0;0;0;0;0;0;0;0;0;0;0;0;0;0;6,56;0;0;0;0;0;0;0;0;0;3,47;0;0;0;0;0;0;0,37;0;0
"italie";0,72;0;0;0;0;0;0;0;0;2,62;3,55;0;0;0;0;0;0;0;0;0;0;0;0;0;0;0;0;0;0;0;4,41;0;0;0;0;3,47;0;0;0;0;0;0,3;1,46;0;0
"cité";0;0;0;0;0;0;0;0,4;0,49;1,22;0,71;1,4;0;0;0;0;0;0;0;0;0;0;0;0;0;0;0;0;0;0;0,37;0;0;0;0;0;0;0;0;5,15;0;0;0,73;0;0
"capitale";0;0;0,85;0;0;0;0;0;0;0,7;0,71;0;0;0;0;0;0;0;0;0;0;0;0;0;0;0;0;0;0;0;0,37;0;0;0;1,98;0;0;0;0;0;0;0;0,37;0;0
"sortir";0;1,75;0,85;0;2,42;2,56;0;0;0;0,35;0,35;0;6,21;0;0;0;0;0;0;0;0;0;0;0;1,37;0,82;0;0;0;0;0;0;0,48;0;0;0;0;0;0;0;2,92;0,61;1,1;2,45;0
"presque";0,72;0;0;0;0;0;0,95;0;0;0,7;0,35;0;0;0;0;2,39;0;2,52;0;0;0;0;0;0;0;0;0;0;0;0;0;0;0;0;0;0;0;0;0;0;0;0,61;0,73;0;0
"rendre";0;3,51;2,54;0;0;0;0,95;0,4;0,49;0,7;0,35;0;0;0;0;0;0;0;0;0;0;2,49;0;0;0;0;0;0;0;0;0,37;1,81;0,48;2,45;0;0;0;0;0;0,34;0,97;0,61;0,73;0;2,57
"compte";0,72;0;0,85;0;0;0;0;0,4;0,49;0,7;0,71;0,47;0;0;0;0;0;7,56;0;0;0;2,49;0;0;0;0;0;0;0;4,57;1,1;0,9;0,48;2,45;0;0;0;2,47;0;0;0;0;0,37;0;2,57
"représenter";0;0;0;0;0;0;0;0;0;0,7;1,06;0,47;0;0;0;0;0;0;0;0;0;0;0;0;0;0;0;0;0;0;0;0;0;2,45;0;0;0;0;0;0,34;0;0,3;0,37;0;0
"tel";0;0;1,69;0;0;0;0;0,4;0;0,17;0,35;0,47;3,11;0;0;0;0;0;0;0;0;0;0;0;0;0;0;0;0;0;0;0;0,96;0;0;0;0;0;0;0,69;0;0,3;0;0;0
"an";1,45;5,26;6,77;5,58;0;0;5,68;0,4;0,49;1,22;1,42;0;6,21;0;2,07;11,96;0;0;0;0;2,82;9,95;0;6,75;0;1,64;4,07;0;6,01;4,57;3,31;1,81;0,48;14,71;0;0;0;0;8,31;0,34;0;1,22;1,1;3,67;10,28
"lorsque";0;0;0;0;0;0;0;0,4;0,49;0,52;0,71;0;0;0;0,69;0;0;0;0;0;0;0;0;0;0;0;0;0;0;0;0,74;0;0;0;0;0;0;0;0;1,37;1,95;0,61;0,37;0;0
"décider";0;0;0;0;0;0;0,95;0;0;1,22;1,06;0;3,11;0;0;0;0;0;0;0;0;0;0;0;0;0;0;0;0;0;0;0;0,96;0;0;0;0;0;0;0,34;0,97;0,3;0;0;0
"installer";0;0;0;0;1,21;1,28;0;0;0;0,7;0,71;0;0;0;0,69;2,39;0;2,52;0;0;0;0;0;0;0;0;0;0;0;0;1,84;0;0;0;0;0;0;0;0;0;0;1,22;0,73;0;0
"cour";0;0;0;0;0;0;0;0;0;0,87;0,71;0;0;0;0;0;0;0;0;0;0;0;0;14,84;0;0;0;0;0;0;1,47;0;0;0;0;0;0;0;0;0,34;0;0;1,46;0;0
"actuel";0,72;0;0;0;0;0;0,95;0,4;0,49;0,7;1,06;0;0;0;3,44;0;0;0;0;0;0;0;0;0;0;0,82;0;0;0;0;0,37;0;0,48;0;0;0;0;0;0;0;0;2,13;0,73;0;0
"près_de";0;0;0;0;0;0;0;0;0;0,7;0,35;0;3,11;3,22;0;0;0;0;0;0;0;0;0;0;0;5,74;0;0;0;0;0,37;0;0;0;0;0;0;0;0;0,34;0;0,3;0,37;0;0
"effet";0;0;0,85;1,86;0;0;0;0;0;0,35;0,35;0;0;0;0;0;0;2,52;0;0;0;0;0;0;0;0;0;0;0;0;1,47;1,81;0;0;0;0;0;0;0;0;0,97;0,3;0,37;0;2,57
"ville";2,17;1,75;0;0;0;0;0;0;0;4,37;1,77;0;0;0;1,38;0;0;0;0;1,64;0;0;0;0;0;4,1;0;0;0;0;2,21;0;0;0;1,98;3,47;0;0;0;0,34;0;0,91;1,46;0;0
"nos";2,17;0;0;0;0;0;0;1,62;1,47;0,7;1,42;0;0;3,22;2,75;0;0;0;0;0;0;0;0;0;0;0;0;0;3;0;0,74;0,9;0;0;0;0;3,29;2,47;8,31;1,37;0;0,61;0,73;2,45;0
"trouver";0;0;0;1,86;0;0;2,84;0,81;0,98;1,22;1,06;0;0;0;1,38;0;0;0;0;0;0;0;0;0;1,37;0,82;0;0;0;4,57;1,47;0,9;1,91;0;0;0;0;0;2,77;0;0;2,44;0,37;1,22;0
"centre";0;0;0;0;2,42;2,56;0;0;0;0,7;1,06;0;0;0;0;2,39;0;0;0;0;0;0;0;0;0;0;0;0;0;0;0;0;0,96;0;0;3,47;0;0;0;0,69;0;0;0;2,45;0
"époque";0;0;0;0;1,21;1,28;2,84;0,4;0,49;0,7;1,06;0;0;3,22;1,38;0;0;0;0;0;0;0;0;0;1,37;0;0;5,21;0;0;0,37;0,9;0;0;5,94;0;0;0;2,77;0;0;0,91;0;0;0
"certain";0;0;0;0;0;0;0;0,4;0,49;0,17;0,35;0;0;0;0;0;0;0;0;1,64;0;0;0;0;0;0;0;0;0;0;0,37;0;0,48;0;0;0;0;0;0;0,34;0;0,61;0;0;0
"siège";0;0;0;0;0;0;0;0;0;0,87;0,35;0;0;0;0;0;0;0;0;0;0;0;0;0;0;0;0;0;0;0;1,1;0;0;0;0;0;0;0;0;0;0;0,3;1,46;0;0
"pari";2,17;0;4,23;0;0;0;0;0;0;0,35;0,71;0;0;0;0;0;0;0;0;0;0;4,98;0;0;0;0;0;0;0;0;0;0;0;0;0;3,47;0;4,94;0;0;0;0,3;0,37;0;0
"bien";2,17;0;0;1,86;2,42;2,56;1,89;1,62;1,47;2,45;3,19;3,26;3,11;0;1,38;0;0;2,52;0;8,21;0;0;0;1,35;0;0;0;0;3;9,13;0,74;0;1,91;0;0;0;0;0;5,54;2,75;2,92;2,44;2,2;1,22;5,14
"cheval";0;0;0;0;0;0;0;0;0;0,52;0,35;0;0;0;0;0;0;0;0;0;0;0;0;0;0;0;0;0;0;0;0,37;0;0;0;0;0;0;0;0;0;0;0,3;2,93;0;0
"marquer";0;0;0;0;0;0;0;0;0;0,17;0,35;0;0;0;0,69;0;0;0;0;0;0;0;0;1,35;0;0;0;0;0;0;1,47;0,9;0;2,45;0;0;0;0;0;0,34;0;0;0,73;0;0
"romain";0;0;0;0;0;0;0;0,4;0,49;4,02;4,97;0;0;0;2,07;0;0;0;4,08;3,28;0;0;0;0;0;0;0;0;0;0;7,35;0;0;0;1,98;0;0;0;0;0;0;7,91;6,59;0;0
"jusqu_à";0;0;0;1,86;0;0;0,95;0;0;0,87;1,77;0;0;0;1,38;0;0;0;0;1,64;0;0;0;0;0;0;0;0;0;0;0;0;0;2,45;0;0;0;0;0;0;1,95;0,3;1,1;1,22;0
"final";0;0;0;0;0;0;0;0;0;0,17;0,35;0,47;0;0;0;0;0;0;28,57;0;0;0;0;0;0;0;16,26;0;0;0;0;0;0;0;0;0;0;0;0;0;0,97;0;0;0;0
"selon";0,72;3,51;0,85;0;0;0;0;0,4;0,49;1,05;1,42;0,93;0;0;0;0;0;2,52;0;0;0;0;0;1,35;0;4,1;0;0;0;0;0,37;0,9;0;0;0;3,47;0;0;0;0,34;0,97;0,61;1,46;0;0
"4";0;0;0,85;0;0;0;0;0;0;0,17;0,71;0;0;0;0;0;0;0;65,31;0;0;0;0;0;0;0;32,52;0;0;4,57;0;0;0;0;0;0;0;0;0;0;0;0;0,37;0;0
"septembre";0;0;1,69;0;0;0;0;0;0;0,17;0,35;0,47;3,11;0;0;0;0;2,52;0;0;0;2,49;0;0;0;0,82;0;0;0;0;0;0;1,91;2,45;0;0;0;0;0;0;0;0;0,37;1,22;0
"chef";1,45;1,75;0,85;0;0;0;0;0,4;0,49;2,1;1,42;0,47;0;0;0,69;0;0;0;0;0;0;4,98;0;0;0;0,82;0;0;0;0;1,1;0;0,96;0;0;0;0;0;0;0,34;0,97;1,52;2,93;0;0
"nommer";0,72;0;0;1,86;1,21;1,28;0;0;0;0,87;0,35;0;0;3,22;0;0;0;0;0;0;0;0;0;0;1,37;0;4,07;0;0;0;0;0;0;0;0;0;0;0;0;0,34;0;0,61;2,2;0;0
"odoacre";0;0;0;0;0;0;0;0;0;0,87;1,77;0;0;0;0;0;0;0;0;0;0;0;0;0;0;0;0;0;0;0;0;0;0;0;0;0;0;0;0;0;0;0;0,73;0;0
"impérial";0;0;0;0;0;0;0;0,4;0,49;1,57;2,13;0;0;3,22;0;0;0;0;0;0;0;0;0;0;0;0;0;0;0;0;0,37;0;0;0;0;0;0;0;0;0;0;0,91;0,37;0;0
"14";0;0;0;0;0;0;0;0;0;0,35;0,71;0;0;0;0;0;0;0;0;0;0;0;0;1,35;0;6,56;0;0;0;18,26;0;0;0;7,35;0;0;0;0;0;0,34;0;0,3;0,37;0;0
"trône";0;0;0;0;1,21;1,28;0;0;0;0,52;1,06;0;0;0;0;0;0;0;0;0;0;0;0;0;1,37;0;0;0;0;0;0;0;0;0;0;0;0;0;0;0;0;0;1,1;0;0
"quelques";0;0;0;1,86;2,42;2,56;0;1,21;0,98;1,4;1,06;0,93;0;0;1,38;2,39;0;0;0;0;2,82;0;0;0;0;1,64;4,07;0;0;0;1,1;0;0;0;0;0;0;2,47;0;0,69;0,97;0;0,73;2,45;0
"mois";0;0;1,69;0;0;0;0,95;0;0;0,52;0,35;0,47;3,11;0;0;7,18;0;0;0;0;0;4,98;0;0;0;0,82;0;0;0;4,57;0;0;0;2,45;0;3,47;0;0;0;0;0;0;0,73;3,67;0
"envoyer";1,45;0;0;0;0;0;0;0;0;0,7;1,06;0;0;0;0;0;0;0;0;1,64;0;0;0;0;0;0;0;0;0;0;1,47;0;0;0;0;0;0;0;0;0;0;0,3;0,73;0;0
"ainsi";0;3,51;0;1,86;2,42;3,84;0;1,62;1,96;1,92;2,13;2,33;0;6,43;0;0;0;0;0;4,93;0;0;0;0;2,75;0,82;0;0;0;0;0,37;0;0,96;0;0;0;0;2,47;0;2,75;0,97;1,52;1,83;0;2,57
"donc";0;0;0,85;0;2,42;1,28;0;0,81;0,98;1,05;1,06;0,47;6,21;0;1,38;0;0;0;0;0;0;0;0;0;0;0;0;5,21;0;0;0;0,9;0,96;0;0;0;3,29;2,47;0;1,03;0,97;2,74;0;0;5,14
"façon";0;0;0;1,86;0;0;0;0;0;1,22;1,42;0;0;0;1,38;0;0;0;0;0;2,82;0;0;0;0;0;0;0;0;0;0;0;0,96;0;0;0;0;0;0;0,34;0;0,3;1,1;0;0
"effondrer";0;0;0;0;0;0;0;0;0;0,87;0,71;0;0;0;0;0;0;0;0;0;0;0;0;0;0;0;0;0;0;0;0;0,9;0;0;0;0;0;0;0;0;0;0,3;0;0;0
"constantin";0;0;0;0;0;0;0;0;0;0,35;0,35;0;0;0;0;0;0;0;0;0;0;0;23,53;0;0;0;0;0;0;0;2,21;0;0;0;0;0;0;0;0;0,34;0;0;0;0;0
"ligne";1,45;0;0;0;1,21;1,28;0;0,81;0,98;0,17;0,35;0;0;0;0,69;0;0;0;0;0;0;0;0;0;0;0,82;4,07;0;0;0;0,74;0;0,96;0;0;0;0;2,47;0;0,34;0;0,61;0;0;0
"certains";0;0;0,85;0;0;0;1,89;0;0;0,52;0,71;0;0;0;0,69;0;0;0;0;0;0;2,49;0;0;0;0;0;0;0;0;0,37;0;0;0;0;0;0;0;0;0,34;1,95;0,3;0;0;2,57
"point";2,17;3,51;0,85;1,86;0;0;0;0,81;0,49;0,87;1,42;0;3,11;0;0,69;0;0;5,04;0;0;0;0;0;0;0;1,64;0;0;0;0;0;0;0,48;2,45;1,98;0;0;2,47;0;1,72;0;0,91;0,37;0;0
"seulement";0;0;0,85;0;0;0;0;1,21;1,47;0,35;0,35;0,93;0;0;0;0;0;0;0;3,28;0;0;0;0;0;0;0;0;0;0;0;0;0;0;0;0;0;0;0;1,37;0;0;0;2,45;0
"tard";0;0;0;0;0;0;0;0;0;0,52;0,35;0,47;0;0;0;0;0;2,52;0;1,64;0;0;0;0;0;0;0;0;0;0;0,37;0;0;0;0;0;3,29;0;2,77;0;0,97;0;0;0;0
"force";1,45;0;3,39;0;0;0;0;1,21;0,98;0,52;1,06;0,47;0;0;0;0;0;0;0;1,64;0;0;0;0;0;0,82;0;0;0;0;1,84;2,71;0,96;0;0;0;0;2,47;0;0;0;0,61;1,46;0;0
"connaître";0;1,75;0;0;0;0;0,95;0,4;0,49;0,35;0,71;0;0;0;0;0;0;0;0;0;0;0;0;0;2,75;0;4,07;0;0;4,57;0,37;0,9;0;2,45;0;0;0;0;5,54;0;0,97;2,44;0;0;2,57
"porter";0;1,75;0;0;1,21;1,28;0;0;0;0,87;0,71;0;3,11;0;0;2,39;0;0;0;0;0;0;0;1,35;0;0;0;0;0;0;0,74;0;0;0;0;0;0;0;0;0,34;0;0,61;1,1;0;0
"difficile";0;0;0;0;0;0;0;0;0;0,35;0,35;0;0;0;0;0;0;0;0;0;0;0;0;1,35;0;6,56;0;0;0;0;0;0;0,48;0;0;0;0;0;0;0;0;0;0;0;0
"constater";0;0;0;0;0;0;0;0;0;0,87;1,42;0;6,21;0;0;0;0;0;0;0;0;0;0;0;0;0;0;0;0;0;0;0;0;0;0;0;0;0;0;0;0;0;0;0;0
"bertrand";0;1,75;0;0;12,09;11,52;0;0;0;0,87;1,06;0;12,42;0;0;0;0;0;0;0;0;0;0;0;9,62;0;0;10,42;0;0;0;0;0;0;0;0;0;0;0;0;0;0;0;0;0
"ajouter";0;0;0;1,86;0;0;0;0;0;0,35;0,35;0,47;0;0;0;0;0;2,52;0;0;5,63;2,49;0;0;0;2,46;0;0;3;0;0,74;1,36;0;0;0;0;0;0;0;0,34;0;0;0;1,22;0
"premier";4,34;1,75;0;0;2,42;2,56;0;0,4;0,49;1,22;1,06;1,4;3,11;3,22;2,07;2,39;0;2,52;4,08;0;0;2,49;0;2,7;0;0,82;0;0;0;0;1,1;1,81;1,43;2,45;1,98;0;3,29;0;5,54;3,43;3,89;1,83;1,46;1,22;5,14
"lieu";0,72;0;0,85;0;1,21;1,28;0,95;0;0;0,7;0,35;0,93;3,11;0;0;2,39;0;7,56;0;0;0;2,49;0;0;1,37;0;0;0;0;0;0,37;0;0;2,45;1,98;0;0;0;0;0,34;0,97;0;0,37;0;0
"rappeler";0;0;0,85;0;0;0;0,95;0;0;0,35;0,71;0;0;0;0;0;0;0;0;0;0;0;0;0;0;0;0;0;0;0;0,37;0;0;0;0;3,47;0;0;0;1,37;0;0,3;0,37;1,22;0
"titre";0;0;0;0;0;0;0,95;0,4;0,49;0,52;0,71;0;0;0;0;4,78;0;0;4,08;0;0;0;0;0;0;0;0;0;0;0;0;0;0,48;0;0;0;0;0;0;0;0;0,3;0;1,22;0
"appeler";1,45;5,26;0;0;0;1,28;1,89;0;0;1,05;1,42;0,47;3,11;0;0;2,39;0;0;0;0;0;0;0;0;1,37;0;0;0;0;0;0,74;0;0;2,45;1,98;6,94;0;2,47;0;1,03;0,97;1,52;0,37;0;0
"imposer";0,72;0;0;0;0;0;0;0,4;0,49;0,7;1,42;0;0;0;0,69;0;0;0;0;0;0;0;0;0;0;0,82;0;0;0;4,57;0;0,9;0;0;1,98;3,47;0;0;0;0;0,97;0,61;0,37;0;0
"orient";0;0;0,85;0;0;0;0;0,81;0,98;1,4;1,77;0;0;3,22;0,69;0;0;0;0;0;0;0;0;0;0;0;0;0;0;0;1,84;1,81;0,48;0;0;0;0;0;0;0,34;0;0,61;0,73;0;0
"juin";2,17;0;0,85;0;0;0;0;0;0;0,17;0,35;0;0;0;0;0;0;2,52;0;0;0;2,49;0;0;0;0,82;0;0;0;0;0;0;0;0;0;0;0;0;0;0;1,95;0;0,37;0;0
"mettre";0;3,51;0;1,86;3,63;2,56;0;1,21;1,47;0,7;1,06;0,93;0;3,22;0;2,39;0;2,52;0;0;0;2,49;0;1,35;1,37;0;0;10,42;0;0;0,74;2,71;0,48;0;0;3,47;3,29;2,47;0;1,72;2,92;2,74;1,83;1,22;0
"terme";0,72;0;0;0;0;0;0;0,4;0,49;0,7;1,06;1,86;0;3,22;0,69;0;0;0;0;0;0;0;0;0;0;0;0;0;0;0;0,37;0;0,48;0;0;0;3,29;7,41;0;1,03;0,97;0;0;1,22;0
"régner";0;0;0;0;1,21;1,28;0;0;0;0,52;1,06;0,47;0;0;0;0;0;0;0;0;0;0;0;0;0;0;0;0;0;0;0,74;0;0;0;0;0;0;0;0;0;0;0,61;0,73;0;2,57
"général";0;0;0;0;0;0;0,95;0,4;0;1,05;1,06;0;0;0;0;0;0;0;0;0;0;0;0;2,7;0;0;0;0;0;0;1,47;0,9;0;2,45;0;0;0;0;0;1,03;0;0,61;0,73;0;0
"armée";0,72;0;0;0;0;0;0;0;0;2,1;0,71;0;0;0;0,69;0;0;0;0;0;0;0;0;0;0;6,56;0;0;0;0;4,78;0;0;0;0;0;0;0;0;0,69;0;2,13;3,29;0;0
"devant";0,72;0;0;1,86;1,21;1,28;0;0,81;0,98;0,35;0,35;0;3,11;0;0;0;0;0;0;0;0;0;0;9,45;0;0;0;0;0;0;2,94;0;0;0;0;0;0;2,47;0;0,34;0,97;0;0,73;0;0
"oreste";0;0;0;0;0;0;0;0;0;1,05;2,13;0;0;0;0;0;0;0;0;0;0;0;0;0;0;0;0;0;0;0;0;0;0;0;0;0;0;0;0;0;0;0;0,73;0;0
"vers";0;1,75;0,85;0;0;0;0;2,02;2,45;0,7;1,06;0,47;0;0;0,69;0;0;0;0;0;0;0;0;0;0;0,82;0;0;6,01;0;1,84;0;0;0;0;0;0;0;0;0,69;1,95;0,3;3,29;0;0
"région";1,45;0;0;0;0;0;0,95;0;0;0,52;0,35;0;0;0;0;0;0;0;0;0;0;0;0;1,35;0;4,1;0;0;0;0;1,1;0;0;0;1,98;0;0;0;0;0;0;0,61;0;0;0
"europe";3,61;0;0;0;1,21;1,28;0;7,28;6,87;0,87;1,06;1,86;0;0;3,44;0;0;0;0;0;0;0;0;0;1,37;0;0;0;0;0;0,74;0;0;0;0;3,47;0;0;0;0,34;0;0,61;0;0;0
"danube";0;0;0;0;0;0;0;0;0;0,7;0,35;0;0;0;0;0;0;0;0;0;0;0;0;0;0;0;0;0;0;0;1,84;0;0;0;0;0;0;0;0;0;0;0,3;0,37;0;0
"auprès";0;0;0;0;0;0;0,95;0;0;0,52;1,06;0;0;0;0;0;0;0;0;0;0;0;0;0;0;0;0;0;0;0;0,37;0;0;0;0;0;0;0;0;0;0,97;0,3;0;1,22;0
"attila";0;0;0;0;0;0;0;0;0;3,32;0,71;0;0;0;0;0;0;0;0;0;0;0;0;0;0;0;0;0;0;0;0;0;0;0;0;0;0;0;0;0;0;0,3;10,98;0;0
"pendant";1,45;0;0,85;0;0;0;0,95;0,4;0,49;0,17;0,35;0;0;0;0;0;0;0;4,08;0;0;0;0;0;0;0;0;0;0;0;0,74;0;0,48;0;0;0;0;4,94;0;0,69;0,97;0,3;0,37;1,22;0
"retour";0,72;1,75;0;3,72;0;0;0;0;0;0,7;1,42;0;0;0;0;0;0;0;0;0;0;0;0;2,7;1,37;0;0;0;0;0;0,74;1,36;0,48;0;0;0;0;0;0;0;0,97;0,61;0;1,22;2,57
"après";4,34;5,26;1,69;7,43;0;0;2,84;0;0;2,97;2,13;2,79;0;0;1,38;0;0;0;0;1,64;0;2,49;0;4,05;0;3,28;4,07;5,21;0;0;2,57;1,81;2,39;0;0;0;0;0;0;1,37;0,97;1,83;1,46;1,22;0
"roi";0;0;0;0;0;0;0;0;0;1,92;3,19;0,47;0;0;2,07;0;0;0;0;0;0;0;0;0;0;0;0;0;0;0;0,37;0;0;0;7,92;0;0;0;0;0,69;0;3,65;4,76;0;5,14
"hun";0;0;0;0;0;0;0;0;0;2,45;0,71;0;0;0;0;0;0;0;0;0;0;0;0;0;0;0;0;0;0;0;2,94;0;0;0;0;0;0;0;0;0;0;0;11,71;0;0
"retrouver";0;0;0;5,58;0;0;0;0,81;0,98;0,87;0,71;0;3,11;0;0;0;0;5,04;4,08;0;0;0;0;0;2,75;0;0;0;0;0;0,37;0;0;0;0;0;0;0;2,77;0;0,97;1,22;0;2,45;0
"tête";1,45;3,51;0;0;2,42;2,56;0;0;0;0,7;1,06;0;0;0;0;2,39;0;0;4,08;0;0;0;0;0;4,12;0;0;0;0;4,57;0,74;0;0;0;0;0;0;0;0;0,34;0,97;0,3;1,46;0;2,57
"origine";0;0;0,85;0;0;0;0;0;0;0,35;0,35;0;0;0;0,69;0;0;0;0;0;0;0;0;0;1,37;0;0;0;0;0;0,37;0,9;0,48;0;0;0;3,29;0;0;0,34;0;1,52;0;0;0
"placer";0,72;0;0;1,86;0;0;0;0;0;0,35;0,35;0,47;0;0;0;0;0;0;0;0;0;0;0;1,35;0;0;0;0;3;0;0,37;0;0;0;0;0;0;0;0;0;0;0,3;0;0;0
"jeune";0,72;0;0;0;0;0;0;0,4;0,49;0,7;1,06;0;0;0;0;0;0;0;0;0;2,82;0;11,76;0;0;0;0;0;0;4,57;0,74;0;0;2,45;0;0;0;0;0;0;0;0;1,46;0;2,57
"fils";0;0;0;0;0;0;0;0;0;0,35;0,71;0;0;0;0;0;0;0;0;1,64;0;0;0;0;0;0;0;0;0;0;0,74;0;0,48;2,45;1,98;0;0;0;0;0,69;0;0,91;0,37;0;0
"parvenir";0;0;0;1,86;0;0;0;0,4;0,49;1,22;1,06;0;0;0;0;0;0;0;0;0;0;0;0;0;0;0;0;0;0;0;1,1;0;0,48;0;0;0;0;0;0;1,03;0;0,3;0;0;0
"aide";0,72;0;0;0;0;0;0;0;0;0,35;0,35;0;0;0;0;2,39;0;0;0;0;0;0;0;0;0;5,74;0;0;0;0;0,37;0;0;0;0;0;0;0;0;0;0;0,3;0,37;1,22;0
"soldat";0;0;0;0;0;0;0;0;0;0,52;1,06;0;0;0;0;0;0;0;0;0;0;0;0;0;0;0;0;0;0;0;0,74;0;0;2,45;0;0;0;0;0;0,34;0;0,3;0,37;0;0
"refuser";0,72;0;0;0;0;0;0,95;2,02;2,45;0,52;0,71;0;0;3,22;0;0;0;0;0;0;0;0;0;0;0;0;0;0;0;0;0;0;0;0;0;0;3,29;0;0;0;0;0,3;0;2,45;2,57
"peuple";0;0;0,85;0;0;0;0;0;0;1,05;0,35;0,93;0;0;2,07;0;0;0;0;0;2,82;0;0;0;0;0;0;0;0;0;1,47;2,71;0;0;3,96;3,47;0;0;0;2,4;0;1,83;1,1;0;0
"tribu";0;0;0;0;0;0;0;0,81;0,98;0,17;0,35;0;0;0;0;0;0;0;0;0;0;0;0;0;0;0;0;0;0;0;0;0;0;0;0;0;0;0;0;0;0;0,91;0,37;0;0
"servir";0,72;0;0;0;0;0;0;0;0;0,35;0,35;0,47;0;0;0,69;0;0;0;0;0;2,82;0;0;0;1,37;0;0;0;0;0;0,74;0,9;0,48;0;0;0;0;0;0;0,34;0;0,3;0,37;0;0
"année";0;0;0;3,72;1,21;1,28;1,89;0,4;0,49;2,1;1,42;0,47;0;0;0,69;0;0;0;0;0;0;2,49;0;1,35;1,37;0;0;5,21;0;4,57;0,74;0;0;2,45;0;0;0;0;2,77;0,34;2,92;0,3;1,46;0;7,71
"bref";0;0;0;0;0;0;0;0;0;0,35;0,71;0,93;0;0;0;0;0;0;0;0;0;0;0;0;0;0;0;0;0;0;0;0;0;0;0;0;0;0;0;0;0,97;0,3;0,73;0;0
"autant";0,72;0;0;0;0;0;0;1,21;1,47;0,7;0,71;0,47;0;0;0;2,39;0;0;0;0;0;0;11,76;0;1,37;0;0;5,21;0;0;0;1,81;0,96;0;0;0;0;0;0;1,03;0,97;0,61;0;0;0
"tuer";0;1,75;1,69;0;0;0;0;0;0;0,17;0,35;0;0;0;0;0;0;0;0;0;0;0;0;4,05;1,37;1,64;0;5,21;0;0;0,37;0;0,48;0;0;6,94;0;0;0;0;1,95;0,3;0,37;0;0
"constantinople";0;0;0;0;0;0;0;0;0;0,7;1,06;0;0;0;0;0;0;0;0;0;0;0;0;0;0;0;0;0;0;0;0,37;0;0;0;0;0;0;0;0;0;0;0,3;1,83;0;0
"lequel";0;0;0;0;0;0;0;0,4;0,49;0,35;0,35;0,47;0;0;0;2,39;0;0;0;1,64;0;0;0;0;0;0;0;0;0;0;0;0;0,48;0;0;0;0;0;0;0;1,95;0,61;0;0;0
"mourir";0;0;0;0;0;0;0;0;0;0,52;0,71;0,47;0;0;0,69;0;0;0;0;0;0;0;0;0;0;0;0;0;0;0;0;0,9;0;0;0;0;0;0;0;0,34;0;0,3;0,37;0;0
"durant";0;0;0;0;0;0;0;0;0;1,4;1,06;0;0;0;2,75;0;0;0;0;0;0;0;0;0;0;0;0;0;0;9,13;0;0;0;0;0;0;0;0;0;0,34;0;0;0,73;1,22;0
"chercher";0;0;0;0;0;0;0;0;0;0,52;0,35;0;0;0;0,69;0;0;0;0;0;0;0;0;0;0;0;0;5,21;0;9,13;0;0;0;0;0;0;0;2,47;0;0;0;1,22;1,1;0;0
"bientôt";0;0;0;0;0;0;0,95;0;0;0,52;0,35;0;0;0;0;2,39;0;5,04;0;0;0;0;0;0;0;0;0;0;0;0;0,37;0;0;0;0;0;0;0;0;0;0;0,3;0,37;0;0
"théodoric";0;0;0;0;0;0;0;0;0;1,22;2,48;0;0;0;0;0;0;0;0;0;0;0;0;0;0;0;0;0;0;0;0;0;0;0;0;0;0;0;0;0;0;0;0,37;0;0
"long";1,45;0;0;0;3,63;3,84;0;0;0;0,52;0,71;0;0;0;0;0;0;0;0;3,28;0;0;0;0;4,12;0;0;0;0;0;1,1;0,9;0;2,45;1,98;0;3,29;0;0;0;0;1,52;0,37;1,22;0
"péninsule";0;0;0;0;0;0;0;0;0;0,35;0,35;0;0;0;0;0;0;0;0;0;0;0;0;0;0;0,82;0;0;0;0;1,47;0;0;0;0;0;0;0;0;0;0;0,3;0,73;0;0
"historien";0;0;0;0;0;0;0;2,83;2,45;2,62;2,84;0,93;0;0;0,69;0;0;0;0;0;0;0;0;0;0;0;0;0;0;0;0,37;0,45;0;0;1,98;0;0;0;0;1,37;0,97;3,35;1,1;0;0
"considérer";0;0;0;0;0;0;0;0,81;0,98;0,17;0,35;0,47;0;0;0;0;0;0;0;0;2,82;0;0;0;0;0;0;0;0;0;0;0;2,39;0;0;0;6,58;0;0;0,34;0;0,61;1,46;0;0
"ensemble";0;0;0,85;0;0;0;0;0;0;0,35;0,71;0,47;0;0;0;0;0;0;0;0;0;0;0;0;0;0;0;0;0;0;0,74;0;0;0;0;0;0;0;0;1,03;0;0;0;0;0
"invasion";0;0;0;0;0;0;0;0,81;0;0,87;1,42;0;0;0;0,69;0;0;0;0;0;0;0;0;0;0;1,64;0;0;0;0;2,57;1,81;0;0;0;0;0;0;0;0;0;0,61;0;0;0
"troupe";1,45;0;0;0;0;0;0,95;0;0;1,92;0,35;0,47;0;0;0;0;0;0;0;0;0;0;0;0;0;6,56;0;0;0;0;2,21;0;0;0;0;0;0;0;0;0,34;0;0,61;1,46;0;0
"nord";0;0;0;0;0;0;0;0;0;1,75;1,77;0;0;0;0;0;0;0;0;0;0;0;0;0;0;0;0;0;0;0;2,94;0;0,48;0;0;0;0;0;0;0;0;0,61;0,37;0;0
"tomber";0;0;0,85;0;0;0;0;1,62;1,96;0,87;0,71;0,93;0;0;0;0;0;0;4,08;1,64;0;0;0;0;0;0;0;0;0;0;0,37;0,9;0;0;0;0;3,29;0;0;0;0;0,61;0,37;0;0
"ensuite";0,72;0;0;0;0;0;0;0,4;0;0,52;0,71;0;0;0;1,38;0;0;0;0;0;0;0;0;0;0;0;0;0;3;0;0;1,81;0,48;0;0;0;3,29;2,47;0;0;0;0,3;0;0;2,57
"jamais";0,72;0;0;0;0;0;0,95;0;0;0,87;0,71;1,4;0;0;1,38;0;0;0;0;6,57;0;0;0;0;0;0;0;0;0;0;0,37;0;0,96;0;0;0;0;0;0;1,03;0,97;0,91;1,46;0;0
"simplement";0;1,75;0;0;0;0;0;0,81;0,98;0,35;0,71;0;0;0;0,69;0;0;0;0;0;0;0;0;0;0;0;0;0;0;0;0;0;0,48;0;0;0;0;0;0;0;0;0;0;0;0
"italien";0;0;0;0;0;0;0;0;0;0,7;0,35;0;0;0;1,38;0;0;0;0;0;0;0;0;0;0;0;0;0;0;0;0;0;0;0;0;3,47;0;0;0;0;0,97;0,3;0;0;0
"heure";2,17;0;0;0;2,42;2,56;0,95;0;0;0,17;0,35;0,47;0;0;0,69;0;0;5,04;0;0;2,82;0;0;0;0;0,82;4,07;0;0;0;0;0;0,96;0;0;0;0;0;2,77;0,34;0,97;0,61;0;0;0
"000";2,17;1,75;1,69;0;0;0;1,89;0;0;0,87;0,35;0;3,11;0;4,82;0;0;0;0;0;0;4,98;0;0;0;0;0;0;0;0;1,84;0;0;0;0;0;0;0;0;0,34;0;0,3;0;0;0
"habitant";0;0;0,85;0;0;0;0;0,4;0,49;1,57;0,35;0;3,11;0;2,07;0;0;0;0;0;0;0;0;0;0;1,64;0;0;3;0;1,1;0;0;0;0;0;0;0;0;0,34;0;0,3;0,73;0;0
"zone";0;0;0;3,72;0;0;0;0;0;0,35;0,71;0,47;0;0;0;0;0;0;0;0;0;0;0;0;0;0,82;0;0;0;0;0;0;0;0;0;3,47;0;0;0;0;0;0;0,37;0;0
"cependant";0,72;0;0;0;0;0;0,95;0;0;0,52;0,35;0,47;0;0;0;0;0;0;0;1,64;0;0;0;0;0;0;0;0;0;0;0,74;0;0;0;0;0;0;0;0;0,34;0;0;0;0;0
"millier";0;0;0;0;0;0;0;0;0;1,05;0,35;0;0;0;0,69;0;0;0;0;0;0;0;0;0;0;0;0;0;0;0;0,37;0;0,48;0;0;0;0;0;0;0,34;0;0,3;0,73;0;0
"ive";0;0;0;0;0;0;0;0;0;1,22;1,42;0;0;0;0;0;0;0;0;0;0;0;0;0;0;0;0;0;0;0;1,1;0;0;0;0;0;0;0;0;0,34;0;0,91;1,1;0;0
"constituer";0;0;0;0;0;0;0;0,4;0,49;0,17;0,35;0,93;0;0;0;0;0;0;0;0;0;0;0;0;0;0;0;0;0;0;1,1;0;0;0;0;0;0;0;0;0,34;0;0,61;0;0;0
"antiquité";0;0;0;0;0;0;0;0;0;1,57;2,84;0,47;0;0;0,69;0;0;0;0;0;0;0;0;0;0;0;0;0;0;0;0;0;0;0;0;0;0;0;0;1,03;0;0,3;0,37;0;0
"tardif";0;0;0;0;0;0;0;0;0;1,22;2,13;0;0;0;0;0;0;0;0;0;0;0;0;0;0;0;0;0;0;0;0;0;0;0;0;0;0;0;0;0;0;0,3;0;0;0
"doute";0;0;0;1,86;0;0;0;0,4;0,49;0,87;1,06;0;0;0;0;0;0;2,52;0;0;0;0;0;0;1,37;0;0;0;0;0;0;0;0;0;0;0;0;0;0;1,03;0;1,83;0,73;0;2,57
"elles";2,17;0;1,69;0;0;0;0;0,4;0;0,35;0,71;0,47;0;0;0,69;0;0;0;0;0;0;2,49;0;0;0;0;0;0;0;0;1,1;0,9;1,91;0;0;0;0;0;0;1,37;0;0,91;1,1;0;0
"plupart";0;0;0;0;0;0;0;0;0;0,87;1,42;0,47;0;0;0;0;0;0;0;0;0;0;0;0;0;0;0;0;0;0;0,37;0;0,96;0;0;0;0;0;0;0;0;0,91;0;0;0
"site";0,72;0;1,69;0;0;0;0,95;0,81;0;1,05;0,71;0;0;0;0;0;0;0;0;0;0;0;0;0;0;0;0;0;0;0;0;0;0;0;0;0;0;0;0;0;0;0;0;0;0
"seul";0;0;1,69;0;0;0;1,89;0,81;0,98;0,17;0,35;0,93;0;0;1,38;2,39;0;2,52;0;0;0;0;0;0;0;0;0;0;0;4,57;0,74;0;0,48;0;1,98;0;0;0;0;1,72;0;0;1,1;0;0
"état";2,89;1,75;4,23;3,72;0;0;0;0;0;0,35;0,35;1,4;3,11;0;0,69;0;0;0;0;0;0;0;0;0;1,37;1,64;0;0;0;0;0;1,81;0;0;0;3,47;3,29;0;2,77;0,34;0,97;0;0;2,45;0
"idée";0,72;0;0;0;0;0;0,95;2,02;2,45;0,7;1,06;0,47;0;6,43;2,07;0;0;0;0;0;0;0;0;0;0;0;0;0;3;0;0,37;0,9;0;0;1,98;0;3,29;0;2,77;0;0,97;1,52;0;0;2,57
"traduire";0;0;0;0;0;0;1,89;0,81;0,98;0,35;0,35;0;0;0;0;0;0;0;0;0;0;0;0;0;0;0;0;0;0;0;0;0;0;0;0;0;0;0;0;0;0;0;0;0;0
"exemple";0;0;0;0;0;0;1,89;0,4;0,49;1,22;1,77;0,93;0;0;0;0;0;0;0;0;0;0;0;0;0;0;0;0;0;0;0;0,9;0,96;0;0;0;0;0;0;0;0;0;0;0;0
"souvenir";0;0;0,85;0;0;0;0,95;0;0;0,35;0,35;0,47;0;0;0;2,39;0;0;0;0;0;0;0;0;0;0;0;0;0;0;0,37;0;0,48;2,45;0;0;0;0;0;0;0;0,91;0;0;0
"théodose";0;0;0;0;0;0;0;0;0;1,05;0,35;0;0;0;0;0;0;0;0;0;0;0;0;0;0;0;0;0;0;0;1,1;0;0;0;0;0;0;0;0;0;0;0,3;0;0;0
"honorius";0;0;0;0;0;0;0;0;0;0,52;0,35;0;0;0;0;0;0;0;0;0;0;0;0;0;0;0;0;0;0;0;3,31;0;0;0;0;0;0;0;0;0;0;0,3;0;0;0
"lors";0;1,75;2,54;0;0;0;0;0;0;0,52;1,06;0;0;0;2,07;0;0;0;0;0;0;2,49;0;0;0;2,46;0;0;3;0;1,1;0;0;4,9;0;0;3,29;0;2,77;1,37;0;0,91;1,46;0;2,57
"alaric";0;0;0;0;0;0;0;0;0;1,75;0,35;0;0;0;0;0;0;0;0;0;0;0;0;0;0;0;0;0;0;0;3,68;0;0;0;0;0;0;0;0;0;0;0,3;0,37;0;0
"wisigoth";0;0;0;0;0;0;0;0;0;0,7;1,06;0;0;0;0;0;0;0;0;0;0;0;0;0;0;0;0;0;0;0;1,1;0;0;0;1,98;0;0;0;0;0;0;0,61;1,46;0;0
"esprit";0;0;0;0;0;0;0,95;0,4;0;0,35;0,71;0;0;0;0;0;0;0;0;0;0;0;0;0;0;0;0;0;3;0;0,37;1,81;0,48;0;0;0;0;0;0;1,03;0;0,91;1,46;0;0
"union";0,72;0;0,85;0;0;0;0;0;0;0,17;0,35;0;0;0;0;0;0;0;0;0;0;0;11,76;0;0;0;0;0;0;0;0,37;0;0;0;0;0;0;0;0;1,37;0;0;0;0;0
"puis";0;1,75;0;1,86;0;0;0;0,4;0,49;1,05;0,35;0;0;0;1,38;4,78;0;0;0;3,28;2,82;2,49;0;1,35;0;0;0;0;0;0;1,1;0;1,43;0;3,96;0;0;0;2,77;0,69;0,97;1,22;1,46;2,45;2,57
"religieux";0;0;0;0;0;0;0;0,81;0,98;0,35;0,35;0;0;0;0;0;0;0;0;0;0;0;0;0;0;0;0;0;0;0;0;0;0,48;0;1,98;3,47;0;0;0;0,69;0;0;0;0;0
"chrétien";0;0;0;0;0;0;0;1,21;1,47;0,52;0,71;0;0;0;0,69;0;0;0;0;0;0;0;0;0;0;0;0;0;0;0;0;0;0,48;0;0;0;0;2,47;0;0;0;0,3;0;0;0
"ancien";2,17;0;0;0;0;0;0,95;0,4;0,49;0,87;0,71;0,93;0;0;2,07;0;0;2,52;0;0;0;2,49;0;0;0;0;4,07;0;0;0;0,74;0;0,96;0;1,98;0;0;0;0;0,69;0;0;0,73;0;5,14
"scène";0;0;0;0;4,84;5,12;0;0;0;0,7;0,71;0;0;0;0;0;0;0;0;0;0;0;0;0;4,12;0;0;5,21;0;0;0;0;0;2,45;0;0;0;0;2,77;0,69;1,95;0,61;0,73;0;0
"jean";0,72;7,02;0;0;1,21;1,28;0,95;0;0;0,17;0,35;0;0;0;2,07;0;0;0;0;0;0;0;0;0;0;0;0;0;3;0;0;0;0;0;0;0;0;0;2,77;0;0;0,61;0;0;0
"eau";0;0;0;0;2,42;2,56;0;0;0;0,35;0,35;0,47;0;0;0;0;0;0;0;0;0;0;0;0;0;0;0;0;0;0;0,37;0;0;0;0;0;0;0;0;0,34;0;0;0;0;0
"monter";0,72;0;0;0;1,21;1,28;0;0,4;0,49;0,7;0,71;0;0;0;1,38;0;0;0;0;0;0;0;0;0;0;0;0;0;0;4,57;0,37;0,9;3,83;0;0;0;0;0;0;0;0;0;0,37;0;0
"humain";0;0;0;0;1,21;1,28;0;0;0;0,35;0,71;0,47;3,11;0;4,82;0;0;0;0;0;0;0;0;0;0;0;0;5,21;0;0;0,37;0,9;0,48;0;0;3,47;6,58;0;0;0;0;0;0,37;0;0
"non";0;0;1,69;0;1,21;1,28;0;1,62;1,96;0,87;1,06;1,86;0;0;0,69;0;0;0;0;0;0;0;0;0;1,37;0,82;0;5,21;0;0;0;0;0;0;0;0;3,29;0;0;1,37;0;0,61;0,37;1,22;0
"officiel";0,72;0;1,69;0;0;0;0;0;0;0,17;0,35;0;0;0;0;0;0;0;0;0;0;2,49;0;0;0;0;0;0;0;0;0;0;0;0;0;0;0;0;0;0;0,97;0,91;0;0;0
"toute";0,72;0;0;0;0;0;0,95;0,81;0,98;0,87;0,35;2,33;0;3,22;1,38;0;0;0;0;0;0;0;0;0;2,75;0;0;0;0;0;2,21;0;0;0;0;0;0;0;0;0,34;0,97;0,91;0,73;0;2,57
"moyen";0,72;0;0,85;0;0;0;0;1,21;1,47;0,35;0,35;0;0;0;0,69;0;0;0;0;1,64;0;0;0;0;1,37;0,82;0;0;0;0;0;1,81;2,87;0;1,98;0;0;0;0;0,34;0;0,3;0,37;2,45;0
"parfois";0,72;0;0;0;0;0;0;0,4;0;0,52;1,06;0,47;0;0;2,07;2,39;0;0;0;0;0;0;0;0;0;0;0;0;0;0;0;0;0;0;0;0;0;0;0;0,34;0;0,3;0;1,22;0
"autrement";0;0;0;0;0;0;0;0,4;0,49;0,17;0,35;1,4;0;0;0;0;0;0;0;0;0;0;0;0;0;0;0;0;0;0;0,37;0;0;0;0;0;3,29;0;0;0,34;0;0,3;0;0;0
"élite";0;0;0;0;0;0;0;0;0;0,7;0,35;0;0;0;0;0;0;0;0;0;0;2,49;0;0;0;0;0;0;0;0;0;0;0,48;0;0;0;0;0;0;0;0;0,91;0;0;0
"latin";0;0;0;0;0;0;0,95;0,4;0,49;0,7;0,71;0;0;0;0;0;0;0;0;1,64;0;0;0;0;0;0;0;0;0;0;0;0;0;0;0;0;3,29;0;0;0;0;0,3;0;0;0
"également";0;5,26;0;0;0;0;0;0,4;0;0,87;1,06;0;0;0;0;0;0;5,04;0;0;0;4,98;0;0;0;2,46;0;0;6,01;0;0;0;0,48;0;1,98;0;0;0;0;0;0;1,22;0;0;7,71
"intérêt";0;0;0;0;0;0;0,95;0,4;0,49;0,35;0,35;0,47;0;0;0;0;0;0;0;0;0;0;0;0;1,37;0;0;0;0;0;0;0;0;0;0;0;0;0;0;1,03;0;0,3;0;0;0
"intellectuel";0;0;0;0;0;0;0;0,4;0,49;0,52;1,06;0;0;0;0;0;0;0;0;0;0;0;0;0;0;0;0;0;0;0;0;0,9;0;0;0;0;0;0;0;0,34;0;0;0;0;0
"plan";0;0;0;0;2,42;2,56;0;0,81;0,98;0,17;0,35;0;0;0;0;0;0;0;4,08;0;0;0;0;0;1,37;0;0;0;0;0;0;0;0;0;0;0;0;0;0;0,69;0;0;0;0;0
"service";0;5,26;1,69;0;0;0;0;0;0;0,35;0,71;0,93;0;0;0;0;0;0;0;0;8,45;7,46;0;0;0;0,82;0;0;0;0;0;0;11,48;0;0;0;0;0;0;0;0;0;0;0;0
"donner";0,72;1,75;0;0;0;0;0;0,4;0,49;0,7;0,35;1,4;0;0;0,69;0;0;2,52;0;1,64;0;0;0;0;0;0;0;0;3;0;0,74;0,9;0,96;0;0;0;0;2,47;5,54;1,72;0;0,61;0,37;1,22;0
"jeu";0,72;0;0;0;1,21;1,28;0;0;0;0,52;1,06;0;0;0;0;0;0;0;4,08;0;0;0;0;0;1,37;0;0;0;0;0;0;0;0,48;0;1,98;0;0;0;0;0;0;0,3;0;0;0
"travail";0;5,26;0;0;0;0;0;0;0;0,7;1,06;0;0;0;0;2,39;0;0;0;0;0;0;0;0;0;0;0;0;0;0;0;0;0,48;0;1,98;0;0;0;0;0;1,95;0,3;0;0;0
"image";0;1,75;0;0;2,42;2,56;0,95;0;0;0,17;0,35;1,86;0;0;0;0;0;0;0;0;0;0;0;0;4,12;0;0;5,21;0;0;0;0;0;0;0;0;0;0;0;0,34;0;1,52;0,73;0;0
"mur";0,72;0;0;0;0;0;0;0;0;0,35;0,71;0;0;0;0,69;0;0;0;0;0;0;0;0;0;1,37;0;0;0;0;0;0,37;0;0;0;0;0;0;0;0;0;0;0,3;1,1;0;0
"coeur";0;0;0;0;0;0;0;0;0;0,52;0,71;0,47;0;0;0;0;0;0;0;3,28;0;0;0;0;0;0;0;0;0;0;0;0;0;0;0;3,47;0;2,47;0;0,34;0;0;0,73;0;0
"public";0,72;3,51;0;0;2,42;2,56;0;0;0;0,7;0,35;1,86;0;0;0;0;0;0;0;0;0;2,49;0;1,35;0;0;0;0;0;0;0;0;0;0;0;0;0;2,47;0;0,69;3,89;0;0,73;2,45;2,57
"loin";0,72;0;0;0;0;0;0;0,4;0,49;0,7;0,35;0,93;0;0;0;2,39;0;0;0;0;0;0;0;1,35;0;0;0;0;0;0;0;0;0;0;0;0;6,58;0;0;0,34;0;0,3;0,73;0;0
"partout";0;0;0;0;0;0;0;0,4;0,49;0,17;0,35;0;0;0;0;0;0;0;0;3,28;0;0;0;0;0;0;0;0;0;0;0;0;0,96;0;0;0;0;0;0;0;0;0;0,37;0;0
"royaume";0;0;0;0;0;0;0;0;0;1,22;1,42;0;0;0;0;0;0;0;0;0;0;0;0;0;0;0;0;0;0;0;0;0;0;0;1,98;0;0;0;0;0;0;1,52;0,37;0;2,57
"milieu";0,72;0;0;0;0;0;0;0;0;0,87;0,35;0,93;0;0;0,69;0;0;0;0;0;0;0;0;0;2,75;0;0;0;0;4,57;0;0,9;0;0;0;0;0;0;13,85;0;0;0,91;0,73;0;2,57
"franc";0;0;0;0;0;0;0;1,62;0,98;0,17;0,35;0;0;0;0,69;0;0;0;0;1,64;0;0;0;0;0;0;0;0;0;0;1,47;0;0;0;1,98;0;0;0;0;0;0;6,39;0,37;0;0
"situation";0;0;2,54;0;0;0;0;0;0;0,52;0,71;0;0;0;0,69;2,39;0;0;0;0;0;0;0;0;0;4,1;0;0;0;4,57;1,47;0,9;0;0;0;0;0;0;0;0,34;0,97;1,22;0,37;1,22;0
"assurer";0;0;0;0;0;0;0;0,81;0,98;0,52;0,35;0;0;0;0;0;0;0;0;0;0;0;0;0;0;0,82;0;0;0;4,57;0;0;0;0;0;3,47;0;0;0;1,03;0;0,3;0;0;2,57
"possible";0;0;0;0;0;0;0;0,81;0,98;0,17;0,35;0;0;0;0;0;0;0;0;0;0;0;0;0;0;0;0;0;3;0;0;0;1,43;0;0;0;0;0;0;0;0;0;0;1,22;0
"nouvel";0;0;0;0;0;0;0;0;0;0,35;0,71;0;0;0;0;0;0;2,52;0;0;0;0;0;0;0;0;0;0;0;0;0,37;1,81;0;0;0;0;0;0;0;0;0;0;0;0;0
"ordre";0;0;0,85;0;0;0;0;0;0;0,7;1,06;0;0;0;0;0;0;0;0;0;0;0;0;0;0;0;0;0;0;0;0;2,71;0,48;0;0;0;0;2,47;0;0,34;0;0,91;0;0;0
"perdre";0,72;0;0;0;0;0;0;0,81;0,49;0,52;0,35;0;0;0;0;0;0;0;0;0;0;0;0;0;0;0;0;0;0;0;1,1;0;0,48;0;0;0;0;0;8,31;0,34;0;1,22;0,37;0;0
"gaule";0;0;0;0;0;0;0;0;0;0,7;0,71;0;0;0;0;0;0;0;0;0;0;0;0;0;0;0;0;0;0;0;5,88;0;0;0;0;0;0;0;0;0;0;2,74;0,73;0;0
"évêque";0;0;0;0;0;0;0;0;0;0,87;1,06;0;0;0;0;0;0;0;0;0;0;0;0;0;0;0;0;0;0;0;1,47;0;0;0;1,98;0;0;0;0;0;0;0,3;0,73;0;0
"voisin";0;0;0;0;0;0;0;0,4;0,49;0,7;0,35;0;0;0;0;0;0;0;0;0;0;0;0;0;0;0;0;0;0;0;0;0;0;0;0;0;0;0;0;0,34;0,97;0;0;0;0
"cela";0;0;0,85;1,86;0;0;0;0,81;0,98;0,35;0,35;0;0;0;0;0;0;0;0;0;2,82;0;0;1,35;1,37;0,82;0;5,21;3;4,57;0;1,81;0;0;0;0;0;0;0;0,69;0;0;0,37;0;0
"empêcher";0,72;0;0;0;0;0;0;0;0;0,52;0,71;0;0;0;0,69;2,39;0;0;0;0;0;0;0;0;0;0;0;0;0;0;0;1,81;0;0;0;0;0;0;0;0;0;0,3;0;0;0
"nouvelle";0;0;0;0;0;0;0;0;0;1,05;1,06;0,93;0;0;0,69;2,39;0;2,52;0;3,28;0;0;0;0;2,75;0;0;0;0;0;0,37;0;0,48;0;0;3,47;0;0;0;0,34;1,95;0;0;2,45;2,57
"tandis_que";0;0;0;0;0;0;0;0;0;0,7;0,35;0,47;0;0;0;0;0;0;0;0;0;0;0;0;0;0;0;0;0;0;1,47;0;0;0;0;0;0;0;0;0,34;0;0,91;1,1;0;0
"parmi";1,45;0;0;0;0;0;0;0;0;0,35;0,35;0,47;0;0;0;0;0;0;0;1,64;0;2,49;0;0;0;1,64;0;0;0;0;0,37;0;0,48;0;0;0;0;0;0;0,34;0;0,3;0;0;0
"tendance";0;0;0;0;0;0;0;0,4;0,49;0,52;0,71;0;0;0;1,38;0;0;0;0;0;0;0;0;0;0;0;0;0;0;0;0;0;0;0;0;0;0;0;0;0;0;0,91;0;0;0
"économique";0,72;0;0;0;0;0;0;0;0;0,7;1,06;0;0;0;0,69;0;0;0;0;0;0;0;0;0;0;0,82;0;0;0;0;0;0;0;0;0;0;0;0;0;0;0;0;0;0;0
"dessiner";0;0;0;0;0;0;0;0,4;0;0,52;1,06;0,93;0;0;0;0;0;0;0;0;0;0;0;0;0;0;0;0;0;0;0;0,9;0;0;0;0;0;0;0;0;0;0,3;0;0;0
"poursuivre";0;0;0;0;0;0;0;0;0;0,35;0,35;0;0;0;0,69;0;0;0;0;0;0;0;0;0;0;0;0;0;3;0;0,37;0;0;2,45;0;6,94;0;0;0;0,69;0,97;0;0,37;0;2,57
"britannique";0;0;0,85;0;0;0;0;0,4;0,49;0,17;0,35;0;0;0;0;0;0;0;0;0;0;17,41;0;0;0;0;0;0;0;0;0;0;0;0;0;0;0;0;0;0;0;0,91;0,37;0;0
"celui_ci";0;0;0;0;0;0;0;0,4;0,49;0,7;1,06;0;0;0;0;0;0;0;0;1,64;0;0;0;0;0;0;0;0;0;0;1,1;0;0;0;0;0;0;0;0;0,34;0,97;0;1,1;0;0
"étude";0;0;1,69;0;0;0;0;0,4;0,49;0,35;0,71;0;0;0;0;0;0;0;0;0;0;0;0;0;0;0;0;0;0;0;0;0;0;0;0;0;0;0;2,77;0;0;0;0;0;0
"recherche";0;0;2,54;0;0;0;0;0,4;0;0,35;0,71;0;0;0;1,38;0;0;0;0;0;0;0;0;0;0;0,82;0;0;0;0;0;0;0;0;0;0;0;0;0;0;0;0;0;1,22;0
"remarquer";0;0;0;0;0;0;5,68;0;0;0,35;0,71;0;0;0;0;0;0;0;0;0;0;0;0;0;0;0;0;0;0;0;0;0;0;0;0;0;0;0;0;0;0;0;0;0;0
"utiliser";0;0;0,85;0;0;0;0;0,81;0,98;0,35;0,35;1,4;0;0;0;2,39;0;0;0;0;0;0;0;0;0;0,82;0;0;0;0;0;0,9;1,91;0;0;0;0;0;0;0;0;0,3;0;0;0
"baisser";0,72;0;0;0;0;0;0;0;0;0,52;1,06;0;0;0;0;0;0;0;0;0;0;0;0;0;0;0;0;0;0;0;0;0;0;0;0;0;0;0;0;0;1,95;0,3;0,37;0;0
"accompagner";0;0;0;0;0;0;0;0,4;0,49;0,35;0,35;0;0;0;0;0;0;0;0;0;0;0;0;0;0;0;0;5,21;0;0;0;0;0;0;0;0;0;2,47;0;0;0;0;0;2,45;0
"culturel";0;0;0,85;0;0;0;0,95;0,4;0,49;0,35;0,35;0,93;0;0;0;0;0;0;0;0;0;0;0;0;1,37;0;0;0;0;0;0,37;0;0;0;0;0;0;2,47;0;1,03;0;0;0;0;0
"massif";0,72;0;0;0;0;0;0;0;0;0,52;0,71;0;0;0;0;0;0;2,52;0;0;0;0;0;0;0;0;0;0;0;0;0,74;0;0,48;0;0;0;0;0;0;0;0;0;0;0;0
"fonctionner";0;1,75;0;0;0;0;0,95;0;0;0,52;0,71;0;0;0;0;0;0;2,52;0;0;0;0;0;0;0;0;0;0;0;4,57;0;0;0;0;0;0;0;0;0;0;0;0;0;1,22;0
"air";0;0;0;0;0;0;0;0;0;0,35;0,71;0,47;0;0;0;0;0;0;0;4,93;0;0;0;0;0;0;0;0;0;0;0;0;0;0;0;0;0;0;0;0;0,97;0,3;0,37;0;0
"profondément";0;0;0;0;0;0;0;0,81;0,98;0,35;0,71;0,47;0;0;0;0;0;0;0;0;0;0;0;0;0;0;0;0;0;0;0;0;0;0;0;0;0;0;0;0,69;0;0;0;0;0
"climatique";0;0;0;0;0;0;0;0;0;1,05;2,13;0;0;0;0,69;0;0;0;0;0;0;0;0;0;0;0;0;0;0;4,57;0;0;0;0;0;0;0;0;0;0;0;0;0;0;0
"influence";0,72;0;0;0;1,21;1,28;0;0,4;0,49;0,17;0,35;0;0;0;0;0;0;0;0;0;0;0;0;0;0;0;0;0;0;0;0;0;0,48;0;0;0;0;0;0;0;0;0,91;0;0;0
"débat";0,72;0;0;0;0;0;0;0;0;0,35;0,35;1,86;0;0;1,38;0;0;0;0;0;0;0;0;2,7;0;0;0;0;0;0;0;0,45;0,48;0;0;0;0;0;0;0;0;0;0;0;0
"conscience";0,72;0;0;0;0;0;0;1,21;1,47;0,52;0,71;0;0;0;0;0;0;0;0;0;0;0;0;0;0;0;0;0;0;0;0;0;0;0;0;0;0;0;0;1,03;0;0,3;0;0;0
"climat";0;0;0;0;0;0;0;0;0;0,7;1,06;0,93;0;0;0;0;0;0;0;0;0;0;0;0;0;0;0;0;0;0;0;0;0;0;0;0;0;0;0;0;0;0;0,37;0;0
"poser";0;0;0;1,86;0;0;0;0,81;0;0,35;0,71;0;0;0;0;2,39;0;0;0;0;0;0;0;0;0;0;0;0;0;0;0;0;0,48;0;0;0;0;0;0;0;0;0,3;0;0;0
"maître";0,72;0;0;0;0;0;0;0;0;0,7;0,71;0;0;0;0;0;0;0;0;0;0;0;0;0;0;0;0;0;0;0;0,37;0,9;0;0;0;0;0;0;0;0;0;0,61;0,73;0;0
"édition";0;0;0;0;0;0;3,78;0,81;0;0,35;0,35;0;0;0;0;0;0;0;0;0;0;0;0;0;0;0;0;0;0;0;0;0;0;0;1,98;0;0;0;2,77;0;0;0;0;0;0
"découverte";0,72;0;0;0;0;0;0;0;0;0,52;1,06;0;0;0;0;0;0;0;0;0;0;0;0;1,35;0;0;0;0;0;0;0;0;0;0;0;0;0;0;0;0;0;0,61;0;0;0
"2019";0;0;7,62;0;0;0;0;0,4;0,49;0,35;0,35;0;0;0;0;2,39;0;0;0;0;0;4,98;0;5,4;0;0;0;0;0;0;0;0;0;0;0;0;0;0;0;0;0;0,3;0;0;0
"etats";0;0;1,69;0;0;0;0,95;0;0;0,17;0,35;0;0;0;0,69;0;0;0;0;0;0;0;0;0;0;0;0;0;0;0;0;0;0,48;0;0;0;0;0;0;0,69;0;0;0,37;0;0
"unir";2,17;0;2,54;0;0;0;0,95;0;0;0,35;0,35;0,47;0;0;0,69;0;0;0;0;0;0;0;0;0;0;0;0;0;0;0;0;0,9;0,48;0;0;3,47;3,29;0;0;1,37;0,97;0;0;0;0
"plein";0,72;0;0,85;0;0;0;0;0,81;0,98;0,35;0,35;0,93;0;0;0,69;0;0;0;0;0;0;0;0;0;0;0;0;0;0;0;0;0;0;0;0;6,94;0;0;0;0,34;0;0,3;0,37;0;0
"suivant";0;0;0;0;0;0;0;0;0;0,7;0,35;0,47;0;0;0;2,39;0;0;0;0;0;0;0;0;0;0;0;0;0;0;0;0;0;0;0;0;0;0;2,77;0;0,97;0,91;0,37;0;0
"période";0;0;0;0;0;0;0,95;0;0;0,7;0,71;0;0;0;0,69;0;0;0;0;0;0;0;0;0;0;0;0;0;0;0;0;0;0;0;0;0;0;0;0;0;0;1,22;0,73;0;0
"commencer";0;0;0;0;1,21;1,28;1,89;0,81;0,49;0,87;0,71;0;0;0;0,69;0;0;2,52;0;0;0;0;0;0;0;0;0;0;0;0;0;0,9;0;0;0;0;0;2,47;0;0,34;0,97;1,83;0,37;1,22;0
"av";0;0;0;0;0;0;0;0;0;0;0,35;1,86;0;0;0;0;0;0;0;0;0;0;0;0;0;0;0;0;0;0;0;0;0;0;0;0;0;0;0;8,58;0;0,3;0;0;0
"haut";0;3,51;0;0;2,42;2,56;0;0;0;0,52;0,35;0,47;0;3,22;0;0;0;0;0;1,64;0;0;0;1,35;1,37;0;0;0;0;0;0,74;0;0;0;1,98;0;0;0;0;0,34;0,97;1,52;1,1;0;0
"iiie";0;0;0;0;0;0;0;0;0;0,35;0,35;0,47;0;0;0,69;0;0;0;0;0;0;0;0;0;0;0;0;0;0;0;0,37;0;0;0;0;0;0;0;0;0;0;1,22;0;0;0
"ère";0;0;0;0;0;0;0;0;0;0,52;0,35;0,93;0;0;0,69;0;0;0;0;0;0;0;0;0;1,37;0;0;0;0;0;0;0,9;0;0;0;0;0;0;0;0;0;0,61;0,37;0;0
"laisser";0;1,75;0;1,86;1,21;1,28;0;0,4;0;0,7;0,71;0;6,21;0;0;0;0;0;4,08;1,64;0;0;0;0;0;0;0;0;0;0;0,74;0;0,96;0;0;0;0;0;0;0,34;0;1,22;1,83;0;0
"afrique";0;0;0,85;0;0;0;0;0;0;0,35;0,35;0,93;0;0;2,75;0;0;0;0;0;0;0;0;0;0;0;0;0;0;0;0,37;0,9;0;0;0;0;0;0;0;0;0;0;0;0;0
"lever";0;0;0;0;0;0;0;0;0;0,52;0,35;0;0;0;0;2,39;0;0;0;0;0;0;0;0;0;0;0;0;0;0;0,37;0;0;0;0;0;0;0;2,77;0;0;0;1,1;0;0
"lettre";1,45;0;0;0;0;0;0;0;0;0,17;0,35;0,47;0;0;0;0;0;0;0;0;0;0;0;0;0;0,82;0;0;0;0;0;0;0;0;1,98;0;0;0;0;1,03;0;0,3;0;0;0
"maintenant";0;0;0;0;0;0;0,95;0,81;0,98;0,17;0,35;0;0;0;0;2,39;0;0;0;1,64;2,82;0;0;0;0;0;0;0;3;0;0;0;0;0;0;0;0;0;0;0;0;0;0;0;0
"soutenir";2,17;0;0;0;0;0;0;0;0;0,35;0,71;0;0;0;0;0;0;0;0;0;0;0;0;0;0;0;0;0;6,01;0;0;0,9;0;0;0;0;0;0;0;0;0;0,3;0;0;0
"vrai";0,72;0;0;0;1,21;1,28;1,89;0,4;0,49;0,17;0,35;0,47;0;0;0,69;0;0;0;0;0;0;0;0;0;0;0;8,13;0;0;0;0;0,9;0,48;0;0;3,47;0;2,47;0;0,69;0;0,3;0;0;2,57
"ni";0;0;0;0;0;0;0;0,81;0;0,17;0,35;0;0;0;1,38;0;0;0;0;0;0;0;0;0;0;0;0;5,21;0;0;0,74;0;0;0;0;0;0;0;0;0,34;0;0,3;0,73;2,45;0
"trois";1,45;5,26;1,69;5,58;0;0;0,95;0;0;0,7;0,71;0;0;0;0;2,39;0;0;4,08;0;0;0;0;12,15;2,75;0,82;4,07;0;0;0;0,37;0;0;2,45;0;0;0;0;0;0;0,97;0,3;0;2,45;0
"précis";0;0;0;0;0;0;0;0;0;0,7;0,71;0;0;0;0;2,39;0;0;0;0;0;0;0;0;0;0,82;0;0;0;0;0,37;0;0,96;2,45;0;0;0;0;2,77;0;0,97;0,3;0;0;0
"méfier";0;0;0;0;0;0;0;0,81;0,98;0,35;0,71;0;0;0;0;0;0;0;0;0;0;0;0;0;0;0;0;0;0;0;0;0;0;0;1,98;0;0;0;0;0;0;0;0;0;0
"source";0;0;1,69;0;0;0;0;0;0;0,52;0,71;0;0;0;0;0;0;0;0;0;0;0;0;0;0;0;0;0;0;0;0;0;2,39;0;0;0;0;0;0;0,34;0;0,91;0;0;0
"partie";0;1,75;0,85;0;0;0;0,95;0,81;0,98;0,17;0,35;0;0;0;1,38;0;0;0;4,08;1,64;0;0;0;1,35;0;0;0;0;0;0;1,1;0,9;0,48;0;3,96;0;0;2,47;0;0;1,95;2,13;0,37;0;0
"quotidien";0;0;0;0;0;0;0;0;0;0,17;0,35;0;0;3,22;0;0;0;0;0;0;2,82;0;0;0;0;0,82;0;0;0;0;0;0;1,43;0;0;0;0;0;0;0;0;0,3;0;3,67;0
"expliquer";0;1,75;0,85;0;2,42;2,56;0;0,81;0,49;0,17;0,35;0,47;3,11;0;2,07;0;0;2,52;0;0;0;0;0;0;1,37;0;0;0;0;0;0;0;0;0;0;0;0;0;0;0;0,97;1,52;0,37;0;0
"miroir";0;0;0;0;0;0;0;0,81;0,98;0,17;0,35;0,47;0;0;0;0;0;0;0;0;0;0;0;0;0;0;0;0;0;0;0;0,9;0;0;0;0;0;0;0;0;0;0;0;0;0
"présent";0;0;0,85;0;0;0;0;0,4;0,49;0,17;0,35;0;0;0;1,38;0;0;0;0;0;0;0;0;0;0;0;0;0;0;0;0;0,9;0;0;0;0;0;0;0;0;0;0;0,73;0;0
"européen";0,72;0;0,85;0;0;0;0;3,64;4,91;0,17;0,35;0,47;0;0;2,75;0;0;0;0;0;0;0;0;0;0;0;0;0;0;0;0;0;0;0;0;0;0;0;0;0;0;0,3;0;0;0
"philippe";1,45;8,77;0;0;1,21;1,28;0;0;0;0,17;0,35;0;0;0;0;0;0;0;0;0;0;0;0;4,05;1,37;0;0;0;0;0;0;0;0;0;0;0;0;0;0;0,69;0;0;0;0;0
"bruno";0;1,75;0;0;0;0;0;0;0;0,52;1,06;0;0;0;0;0;0;0;0;0;0;0;0;0;0;0;0;0;0;0;0;0;0;0;0;0;0;9,88;5,54;0;0;0,91;0;0;0
"seconde";0,72;0;0;0;0;0;0;0;0;0,35;0,35;0;0;0;0;0;0;2,52;0;0;0;0;0;0;0;0;0;0;0;0;0;0;0;2,45;0;0;0;0;0;1,03;0;0,3;0;0;0
"mondial";0;0;1,69;0;0;0;0;0;0;0,17;0,35;0;0;3,22;0;0;0;0;0;0;0;0;0;0;0;0;0;0;0;0;0;6,33;0;2,45;0;0;0;0;2,77;0;0,97;0,3;0;0;0
"migration";0;0;0;0;0;0;0,95;0;0;0,17;0,35;0;0;0;5,51;0;0;0;0;0;0;0;0;0;0;0;0;0;0;0;0,74;0;0;0;0;0;0;0;0;0;0;0,61;0;0;0
"identité";0;0;0;0;0;0;0;0;0;0,35;0,71;0;0;0;0;0;0;0;0;0;0;0;0;0;0;0;0;0;0;0;0;0;0;0;0;0;0;0;0;3,77;0;0,91;0;0;0
"adopter";0;0;0;0;0;0;0,95;0,4;0,49;0,17;0,35;0;0;0;0;0;0;0;0;0;0;0;0;0;0;0;0;0;0;0;0;0;0;0;0;0;0;0;0;1,03;0;0;0;1,22;0
"mode";0;0;0;0;0;0;0;0;0;0,35;0,71;0,47;0;0;0;0;0;0;0;0;0;0;0;0;0;0;0;0;0;0;0;0,9;0;0;0;0;0;0;0;0,34;0;0,61;0,37;0;0
"pousser";0,72;1,75;0;1,86;0;0;0;0,4;0;0,17;0,35;0;0;0;0;0;0;0;0;0;0;0;0;0;0;2,46;0;0;0;0;0,37;0;0;0;0;0;0;0;0;0,34;0,97;0,3;0;0;0
"prisonnier";0;0;0,85;0;0;0;0;0,4;0,49;0,52;0,35;0;0;0;0;0;0;0;0;0;0;0;0;0;0;0;0;0;0;0;0;0;0;0;0;0;0;0;0;0;0;0,3;1,1;0;0
"appartenance";0;0;0;0;0;0;0;0,81;0,49;0,17;0,35;0;0;0;0;0;0;0;0;0;0;0;0;0;0;0;0;0;0;0;0;0;0;0;0;0;0;0;0;0,69;0;0,3;0;0;0
"objet";0;0;0;0;0;0;0;0;0;0,17;0,35;0,47;0;0;0;0;0;0;0;0;0;0;11,76;0;2,75;0;0;0;0;0;0;0;1,91;0;0;0;0;2,47;0;0;0;0,3;0,37;0;0
"cause";0;0;0;5,58;1,21;1,28;0;0;0;0,17;0,35;0,47;0;0;0,69;0;0;0;0;0;0;0;0;0;1,37;0;0;0;0;0;0;3,62;0;0;0;0;0;0;0;0;0;0,3;0;0;0
"finir";0;0;0;0;0;0;0;0,4;0,49;0,17;0;0;0;0;0;0;0;0;0;0;0;0;0;0;0;0;4,07;0;0;0;0;0;0;0;0;0;0;4,94;0;0,34;0,97;0,61;0,37;0;0
"5";0;0;0;0;0;0;0;0;0;0,17;0;0;0;0;0;0;0;0;16,33;0;2,82;0;0;0;0;0,82;32,52;0;0;4,57;0;0;0;0;0;0;0;0;2,77;0;0,97;0;0;0;0
"puissance";0;0;0;0;0;0;0;1,21;1,47;0,35;0;0;0;0;0;0;0;0;0;0;0;0;0;0;0;0;0;0;0;0;0;1,81;0;0;1,98;0;0;0;0;0;0;0;0,73;0;0
"janvier";0;0;0,85;3,72;1,21;1,28;0;0;0;0,17;0;0,47;0;0;0;0;0;0;4,08;0;0;2,49;0;0;0;0;0;0;0;0;0,37;0;0;0;0;0;0;0;0;0;0;0,3;0;0;0
"7";0,72;0;1,69;0;0;0;0;0;0;0,17;0;0,47;0;0;0;0;0;0;8,16;0;0;0;0;0;0;0;8,13;0;0;0;0;0;1,43;0;0;0;0;0;0;0;0;0;0,37;1,22;0
"décembre";0;0;2,54;0;0;0;0;0;0;0,35;0;0;0;0;0;2,39;0;0;0;0;0;0;0;0;0;0;0;0;0;0;1,47;0;0;2,45;0;0;0;0;0;0;0,97;0,61;0;0;0
"lui_même";0;1,75;0,85;0;0;0;0;0;0;0,35;0;0;0;0;0;0;0;0;0;0;0;0;0;0;1,37;0;0;0;0;0;0,74;0,9;0;2,45;0;0;3,29;0;0;0,34;0;0,61;0;0;2,57
"poète";0,72;0;0;0;1,21;1,28;0;0;0;0,35;0;0,47;0;0;0;0;0;0;0;0;0;0;0;0;0;0;0;0;0;0;0;0;0;0;0;0;0;0;0;1,37;0;0;0;0;0
"critique";0;0;0;0;0;0;0;0,4;0;0,17;0;0,93;0;0;0;0;0;0;0;0;0;0;0;0;0;4,1;0;0;3;0;0;0;0;0;0;0;0;0;0;0;0;0;0;0;0
"pièce";0;0;0;0;0;0;0;0;0;0,17;0;0,47;0;0;0;0;0;0;0;0;0;0;0;0;4,12;0;0;0;0;0;0;0;0;0;0;0;0;0;0;0,69;0;0,91;0,37;0;0
"apparaître";0;0;0;0;0;0;0;0,4;0;0,17;0;0;0;0;0,69;2,39;0;0;0;1,64;0;0;0;0;1,37;0,82;0;0;0;0;0,74;0;0,48;0;0;0;0;0;0;0,34;0,97;0,91;0,73;0;0
"victoire";0;0;0;0;0;0;0;0,4;0,49;0,35;0;0;0;0;0;0;0;0;4,08;0;0;0;0;0;0;0;8,13;0;0;0;1,47;0;0;0;0;0;0;9,88;0;3,43;0,97;0,61;0,37;0;0
"total";0;0;0;1,86;1,21;1,28;0;0,4;0,49;0,17;0;0,93;0;0;0,69;0;0;0;0;0;0;0;0;0;0;0;0;0;0;0;0,37;0;0;2,45;0;3,47;0;0;0;0;0;0;1,1;0;0
"découvrir";0,72;0;0;0;1,21;1,28;0;0,4;0,49;0,35;0;0,47;0;0;0;0;0;2,52;0;0;0;0;11,76;0;0;0;0;5,21;0;0;0;0;0;0;0;0;0;0;0;0;0;0,61;0;0;0
"évoquer";0;0;0,85;0;0;0;0;0,4;0,49;0,35;0;0;0;0;0;0;0;0;0;0;0;0;0;0;0;0;0;0;0;0;0,37;0;0;0;0;3,47;0;0;0;0;0;1,22;0;0;0
"guerrier";0;0;0;0;1,21;1,28;0;0,4;0,49;0,35;0;0;0;0;0;0;0;0;0;3,28;0;0;0;0;4,12;0;0;0;0;0;1,84;0;0;0;0;0;0;0;0;0,69;1,95;0,91;1,83;0;0
"xxe";0;0;0;0;0;0;0;0,81;0,49;0,52;0;0;0;0;0,69;0;0;0;0;0;0;0;0;0;0;0;0;0;0;0;0;1,81;0;0;0;0;0;0;0;0;0;0;0;0;0
"porte";2,17;0;0,85;3,72;1,21;1,28;0;0;0;0,35;0;0;0;0;0;0;0;0;0;0;0;0;0;0;0;1,64;0;0;0;0;0,37;0,9;0,48;4,9;0;0;0;0;0;0,34;0;0,3;0;1,22;2,57
"fidèle";0;1,75;0;0;1,21;1,28;0;0,4;0,49;0,35;0;0;0;0;0;0;0;0;0;0;0;0;0;0;0;0;0;0;0;0;0;0;0;0;0;0;0;0;0;0,69;0;0;0,37;0;0
"étranger";0;0;0,85;0;0;0;0;0,4;0,49;0,17;0;0,47;0;0;4,13;0;0;0;0;0;0;4,98;0;0;0;0,82;0;0;0;0;0;0,9;0;0;0;3,47;3,29;0;0;0,34;0,97;0;0;0;0
"historique";0;0;0;0;0;0;0;1,21;0,49;0,17;0;0,47;0;0;0,69;0;0;0;0;0;0;0;0;0;0;0;0;0;0;0;0;0,9;0;0;7,92;0;0;0;0;0;0;0;0;0;0
"vite";0;0;0;0;0;0;0,95;0;0;0,87;0;0;0;0;0;0;0;0;0;0;0;0;0;0;0;0;0;0;0;0;0;0;0;0;0;0;0;0;0;0;0;0,61;0,73;0;0
"forcer";0,72;0;0;0;0;0;0;0;0;0,35;0;0,93;0;0;0;0;0;0;0;0;0;0;0;0;1,37;0;0;0;0;0;0,74;0;0;0;1,98;0;0;0;0;0,34;0;0;0,37;0;0
"choc";0;0;0;0;0;0;0;0,81;0,98;0,17;0;1,4;3,11;0;0;0;0;0;0;0;0;0;0;0;0;0;0;0;0;0;0;0;0;0;0;0;0;0;0;0;0;0,3;0;0;0
"profond";0;0;0;0;0;0;0;0,4;0,49;0,17;0;0,47;0;0;0;0;0;0;0;0;0;0;0;0;0;0;0;0;0;0;0;0;0,48;0;0;0;0;0;0;0;0;0,61;0,73;0;0
"cours";0;0;0;0;0;0;0;0;0;0,52;0;0;0;0;0;0;0;0;0;0;0;0;0;0;0;0;0;0;3;0;0,74;0;0,48;0;0;0;0;0;0;0;0;0,61;0,37;0;0
"dieu";0;0;0;0;0;0;0;0;0;0,35;0;0,47;0;0;0;0;0;0;0;0;0;0;0;0;0;0;0;0;0;0;0,37;0;0;0;3,96;0;0;0;0;0,34;1,95;0,61;0,73;0;0
"germanique";0;0;0;0;0;0;0;0,4;0,49;0,17;0;0;0;0;0;0;0;0;0;0;0;0;0;0;0;0;0;0;0;0;0,74;0;0;0;0;0;0;0;0;0;0;2,44;1,46;0;0
"début";0,72;0;0,85;1,86;0;0;1,89;0;0;1,4;0;0,47;0;0;0;0;0;0;0;0;2,82;0;0;1,35;0;1,64;0;0;0;0;1,84;0,9;0;0;1,98;0;0;0;2,77;0,34;0;2,13;0,37;1,22;5,14
"théâtre";0;0;0;0;4,84;5,12;0;0;0;0,35;0;0,47;0;0;0;0;0;0;0;0;0;0;0;0;6,87;0;0;0;0;0;0;0;0;0;0;0;0;0;0;0;0;0;0;0;0
"mémoire";0;1,75;0;0;0;0;0;0;0;0,7;0;0;0;0;0;0;0;0;0;0;0;0;0;0;0;0;0;0;0;0;0;0;0;9,8;0;0;0;0;0;0,34;0;0,3;0,73;0;0
"xixe";0;0;0;0;0;0;0;0,4;0,49;0,17;0;0;0;6,43;1,38;0;0;0;0;0;0;0;0;0;0;0;0;0;0;0;0;0;0;0;0;0;0;0;0;0,34;0;0,91;0;0;0
"contre";2,89;1,75;5,08;0;0;0;0;0,4;0,49;0,7;0;4,19;0;0;0;0;0;0;0;1,64;0;2,49;11,76;0;2,75;2,46;0;0;0;0;3,31;0;0,96;0;0;3,47;0;2,47;0;3,09;0;0,3;0,37;0;0
"condamner";0;0;4,23;0;0;0;0;0;0;0,17;0;0;0;0;0;0;0;0;0;0;0;14,93;0;4,05;0;0;0;5,21;0;0;0;1,81;0,48;0;0;3,47;0;0;0;0;0;0;0,37;0;0
"crime";0;3,51;0,85;0;0;0;0;0,4;0,49;0,17;0;0;0;0;0;0;0;0;0;0;0;2,49;0;0;0;0;0;0;0;0;0;0,9;0;0;0;0;0;0;0;0;0;0;0,37;0;0
"international";1,45;0;2,54;0;0;0;0;0;0;0,17;0;0;0;0;0;0;0;0;0;0;0;2,49;0;0;0;0,82;0;0;0;0;0;0,9;0;0;0;6,94;0;0;0;0;0;0;0;1,22;2,57
"goth";0;0;0;0;0;0;0;0;0;1,22;0;0;0;0;0;0;0;0;0;0;0;0;0;0;0;0;0;0;0;0;2,94;0;0;0;0;0;0;0;0;0;0;1,22;2,56;0;0
"toutes";0;0;0,85;0;0;0;0,95;0,81;0,98;0,35;0;3,26;0;0;2,07;0;0;0;0;0;2,82;0;0;0;1,37;0;0;0;0;0;1,1;0;0,96;2,45;0;0;0;2,47;2,77;0,69;0;0;0;0;2,57
"village";0;0;0;0;0;0;0;0;0;0,17;0;0;0;0;2,75;0;0;10,08;0;0;0;0;0;0;0;1,64;0;0;0;0;0;0;0;0;0;0;0;0;0;0;0;0,3;0,37;0;0
"direction";0;0;0;0;0;0;0;0;0;0,7;0;0;0;0;0;0;0;0;0;0;0;0;0;0;0;2,46;0;0;0;0;0;0;0;0;0;0;0;0;0;0;0;0;1,1;0;2,57
"main";0;0;0;1,86;1,21;1,28;0,95;1,21;1,47;0,17;0;0;0;0;0;2,39;0;0;0;1,64;0;0;11,76;0;1,37;0;0;0;0;0;1,47;0,9;0;2,45;0;0;0;0;0;0;0;0;0,73;0;0
"telle";0;0;0;0;1,21;1,28;1,89;1,21;0,98;0,35;0;0,93;0;0;0;0;0;0;0;1,64;0;0;0;0;0;0;0;0;0;0;0;0;0;0;0;0;0;0;0;0;0,97;0,61;0,73;0;0
"semaine";0,72;3,51;0,85;0;0;0;0,95;0;0;0,17;0;0;0;0;0,69;7,18;0;0;0;0;0;0;0;2,7;0;0,82;0;0;0;0;0;0;0,48;2,45;0;0;0;0;0;0;0;0;0;0;0
"jusqu_au";0;0;0;0;0;0;0;0,81;0,98;0,17;0;0;0;0;0,69;0;0;0;0;0;0;0;0;1,35;0;0;0;0;0;0;0,37;0;0;0;0;0;0;0;0;0;0,97;0,3;0,37;0;0
"passage";0;0;0;0;0;0;0,95;0;0;0,17;0;0;0;3,22;0;0;0;0;0;0;0;0;0;0;0;0;0;0;0;0;1,1;0;0;0;0;0;0;0;0;0,34;0;0,3;1,46;0;0
"elle_même";0;0;0;0;0;0;0;1,21;1,47;0,17;0;0,47;0;0;0;0;0;0;0;0;0;0;0;0;0;0;0;0;0;0;0;0;0;0;0;0;0;0;0;0,34;0;0;0;0;0
"arrêter";0;0;5,08;0;0;0;0;0;0;0,7;0;0,47;0;0;0;0;0;0;0;1,64;0;14,93;0;1,35;0;0;0;0;0;0;0;0;0;0;1,98;3,47;0;0;0;0;0;0,3;0,37;0;0
"bataille";0,72;0;0;0;0;0;0;0;0;0,17;0;0,47;0;0;0;0;0;0;0;0;0;0;0;0;0;0;0;0;0;0;0,74;0;0;0;0;0;0;2,47;0;1,37;0;0;0,37;0;0
"plaine";0;0;0;0;0;0;0;0;0;0,17;0;0;0;0;0;0;0;0;0;0;0;0;0;0;0;0;0;0;0;0;2,21;0;0;0;0;0;0;0;0;0;0;0;1,1;0;0
"défense";0;0;0;0;0;0;0;0;0;0,17;0;0;0;0;0;0;0;0;0;1,64;0;4,98;0;1,35;0;4,92;0;0;0;0;2,57;0;0;2,45;0;0;0;0;0;0;0;0;0;0;0
"environ";0;0;0,85;0;0;0;0;0;0;0,7;0;0;0;0;0,69;0;0;0;0;1,64;0;0;0;0;0;0;0;0;0;0;0,37;0,9;0;0;0;0;0;0;0;0;0;0,3;0;0;0
"droite";0;5,26;0;0;0;0;0,95;0;0;0,17;0;0,93;0;0;3,44;0;0;0;0;0;0;0;0;0;0;0;4,07;0;0;0;0,74;0;0;0;0;0;0;0;0;0;0;0;0;0;0
"menace";2,17;0;0;0;0;0;0;0;0;0,35;0;0;0;0;1,38;0;0;0;0;1,64;0;0;0;0;0;4,92;0;0;0;0;0,37;3,62;0;0;0;3,47;0;0;0;0,69;0;0;0,37;0;0
"blanc";0,72;1,75;0;0;0;0;0;0;0;0,17;0;0;0;0;0,69;0;0;0;0;3,28;0;0;0;0;0;0,82;0;5,21;0;0;0,37;0;0;0;0;0;0;0;0;0;0;0,3;0;0;0
"ex";1,45;3,51;0;0;0;0;0;0;0;0,17;0;0;0;0;0;0;0;0;0;0;0;0;0;0;0;0;0;0;0;0;0;0,9;0,48;0;0;0;0;0;0;0;0,97;0;0,37;0;0
"combattre";0,72;0;0;0;0;0;0;0,4;0,49;0,17;0;0;0;0;0;0;0;0;0;0;0;0;0;0;0;0;0;0;0;0;1,1;0;0;0;0;0;0;0;0;0,69;0;0,3;0;0;0
"bord";0,72;0;0;0;0;0;0;0,4;0;0,35;0;0,47;0;0;0;0;0;0;0;0;0;0;0;0;0;0;0;0;0;0;0;0;0;0;0;0;0;0;5,54;0;0;0,61;0,73;0;0
"revenir";0;0;0;3,72;0;0;0;0,4;0,49;0,35;0;0;0;0;0;0;0;0;0;0;0;0;0;0;0;0;0;0;0;0;0;1,81;0;0;0;0;0;0;0;0,34;0;0,61;0;1,22;2,57
"rôle";0;0;0,85;0;1,21;1,28;0;0,81;0,98;0,35;0;0;0;0;0;0;0;0;0;0;0;2,49;0;1,35;0;0;0;0;0;0;0;0;0;0;0;0;0;0;0;0;0;0;0;0;5,14
"page";0;0;0;0;0;0;0;0,4;0;0,17;0;0;0;0;0;0;0;0;0;0;0;0;11,76;0;0;0;0;0;0;0;0,37;0;0;0;1,98;0;0;0;0;1,37;0;0;0;0;0
"proche";0;0;0,85;0;0;0;0,95;0;0;0,35;0;0;0;0;3,44;0;0;2,52;0;0;0;0;0;0;0;0;0;0;0;0;0;1,81;0,48;0;0;0;0;0;0;0,34;0;0;0,37;0;0
"opération";0;0;0;0;0;0;0;0;0;0,35;0;0;0;0;0;0;0;0;0;0;0;0;0;0;0;0;0;0;0;0;0;0;23,91;0;0;0;0;0;0;0;0;0;0;0;0
"militaire";2,17;0;0,85;0;1,21;1,28;0;1,21;1,47;0,52;0;0;0;0;0;0;0;0;0;0;0;0;0;0;0;5,74;0;0;0;0;0,74;0,9;0;0;0;0;0;0;0;0,34;0;0;0;0;0
"dépasser";0;0;0,85;0;0;0;0;0;0;0,17;0;0;0;0;1,38;0;0;0;0;1,64;0;0;0;0;0;0;0;0;0;0;0;0;0;0;0;3,47;0;0;0;1,37;0;0;0;0;0
"administration";0;0;0;0;0;0;0;0,4;0,49;0,35;0;0;0;0;0,69;0;0;0;0;0;0;0;0;0;0;1,64;0;0;0;0;0;0;0;0;0;0;0;0;0;0;0,97;1,22;0;0;0
"malgré";0;0;0;0;0;0;0;0;0;0,17;0;0,47;0;0;0;0;0;0;4,08;0;0;0;0;0;0;3,28;0;0;0;0;0;0;0;0;0;0;3,29;0;0;0;0;0,3;0,37;0;0
"mer";0;0;0;0;0;0;0;0;0;0,35;0;0;0;0;0;0;0;0;0;3,28;0;0;0;0;0;6,56;0;0;0;0;0,74;0;0;0;0;0;0;0;8,31;0,34;0;0;1,46;0;0
"revanche";0;0;0;0;0;0;0;0;0;0,35;0;0,47;0;0;0;0;0;0;8,16;0;0;0;0;0;0;0;0;0;0;0;0;1,81;0,48;0;0;0;0;0;0;0;0;0,3;0,73;0;0
"turc";3,61;0;0;0;0;0;0;1,21;0,98;0,17;0;0;0;0;0;0;0;0;0;0;0;0;0;0;0;0;0;0;0;0;0;0;0;0;0;0;0;0;0;0;0;0,3;0;0;0
"9";0;0;1,69;0;1,21;1,28;0;0;0;0,17;0;0;0;0;0;0;0;0;0;0;0;0;0;1,35;0;0;0;0;0;4,57;0,37;0;0;0;0;0;0;0;0;0,69;0;0,3;0;0;0
"ennemi";0,72;0;0;0;0;0;0;0;0;0,17;0;0,93;0;0;0,69;0;0;0;0;1,64;0;0;0;0;0;0;0;0;0;0;0,37;0;0;0;0;0;0;2,47;0;1,37;0;0;0,73;0;0
"relation";0;0;0,85;0;1,21;1,28;0;0,81;0,49;0,17;0;0;0;0;0;0;0;0;0;0;0;0;0;0;0;0;0;0;0;0;0;0,9;0;0;0;0;6,58;0;0;0;0;0;0,37;0;0
"vandale";0;0;0;0;0;0;0;0;0;0,52;0;0;0;0;0;0;0;0;0;0;0;0;0;0;0;0;0;0;0;0;4,78;0;0;0;0;0;0;0;0;0;0;0,3;0;0;0
"stilicon";0;0;0;0;0;0;0;0;0;1,05;0;0;0;0;0;0;0;0;0;0;0;0;0;0;0;0;0;0;0;0;6,62;0;0;0;0;0;0;0;0;0;0;0;0,37;0;0
"fort";0,72;0;0,85;0;0;0;2,84;0,4;0,49;0,35;0;0,47;0;0;2,07;0;0;0;0;0;0;0;0;0;0;0;0;0;0;0;0,74;0,9;0,48;0;0;6,94;0;0;2,77;0,34;0,97;0,3;0,73;0;0
"nombre";0;0;0,85;0;1,21;1,28;0;0,4;0,49;0,35;0;0;0;0;0,69;0;0;0;0;0;0;0;0;0;0;0;0;0;0;0;0,74;1,81;0;0;0;0;0;0;0;0,34;0;1,22;0;0;0
"besoin";0;0;0;0;0;0;2,84;0,81;0,98;0,17;0;0,93;0;0;0;0;0;0;0;0;0;0;0;0;0;0;0;0;0;0;0;0;0,48;0;0;0;0;0;0;0;0;0;0,37;2,45;0
"attaque";0;0;0;0;0;0;0;0;0;0,52;0;0;0;0;0;0;0;0;0;0;0;0;0;0;0;0,82;0;0;0;0;0;0;0;0;0;24,31;0;0;0;0,34;0;0;0,37;0;0
"dizaine";0;0;0;0;0;0;0;0;0;0,52;0;0,47;0;0;0;0;0;0;0;0;0;2,49;0;0;0;0;0;0;0;0;0;0;0;2,45;0;0;0;0;0;0;0;0,3;0,73;1,22;0
"alains";0;0;0;0;0;0;0;0;0;0,17;0;0;0;0;0;0;0;0;0;0;0;0;0;0;0;0;0;0;0;0;4,41;0;0;0;0;0;0;0;0;0;0;0,3;1,46;0;0
"rhin";0;0;0;0;0;0;0;0;0;0,17;0;0;0;0;0;0;0;0;0;0;0;0;0;0;0;0;0;0;0;0;4,04;0;0;0;0;0;0;0;0;0;0;0,91;0;0;0
"suite";0;0;0;0;0;0;0;0;0;0,17;0;0,47;6,21;0;0;0;0;2,52;0;1,64;0;0;0;0;0;0,82;0;0;0;9,13;0;0,9;0,96;0;0;0;0;0;0;0,34;5,84;0,3;0;0;2,57
"exécuter";0;1,75;2,54;0;0;0;0;0;0;0,17;0;0;0;0;0;0;0;0;0;0;0;4,98;0;0;0;0;0;0;0;0;0,37;0;0;0;0;0;0;0;0;0;0;0,3;0,37;0;0
"renforcer";0,72;1,75;0;0;0;0;0;0;0;0,17;0;0,47;0;0;0;0;0;0;0;0;0;0;0;0;0;0;0;0;0;4,57;0,74;1,81;0;0;0;0;0;0;0;0,34;0;0;0;0;0
"afin";0;0;1,69;0;0;0;0;0,81;0,49;0,17;0;0;0;0;0;0;0;0;0;0;0;0;0;0;0;0;0;0;0;0;0;0;0,48;0;1,98;0;0;0;0;0;0;0,3;0,37;1,22;0
"couper";0;0;0;1,86;0;0;0;0;0;0,17;0;0,47;3,11;0;0;0;0;2,52;0;1,64;0;0;0;0;0;0;4,07;0;0;0;0,37;0;0;0;0;0;0;0;0;0;0;0,3;0,73;0;0
"charger";0;0;0;0;0;0;0;0,4;0,49;0,17;0;0;0;0;0;2,39;0;0;0;0;0;2,49;0;0;0;0;0;0;0;0;0;0;0;0;0;0;0;0;0;0;0;0,61;1,1;2,45;0
"cesse";0;0;0;0;0;0;0,95;0,81;0,98;0,35;0;0;0;0;0,69;0;0;0;0;0;0;0;11,76;0;0;0;0;0;0;0;0;0;0;0;0;0;0;0;0;0,34;0;0,3;0,73;0;0
"acte";0,72;5,26;4,23;5,58;0;0;0;0;0;0,17;0;0;12,42;0;0;0;0;0;0;0;0;9,95;0;4,05;0;0;0;0;0;0;0;0;0,96;0;0;0;0;0;0;0;0;0;0;0;0
"entrer";0;0;0;0;0;0;0,95;0,81;0,98;0,17;0;0;0;0;0;0;0;0;0;0;0;0;0;0;0;0;0;0;0;0;0,74;0;0;0;0;0;0;2,47;0;0;0;0;0;0;0
"coup";0;7,02;0;3,72;1,21;1,28;2,84;0;0;0,35;0;0,47;0;0;0;0;0;0;0;0;0;2,49;0;2,7;0;0;0;0;0;0;0;0,9;0;0;0;0;0;2,47;0;0;0;0,3;0,37;0;0
"ouvrir";0,72;0;0;0;0;0;0;0;0;0,17;0;0;0;0;0;0;0;12,59;0;0;0;0;0;1,35;0;4,92;0;0;0;0;1,1;0;0,48;0;0;0;0;0;0;0,34;0;0,3;0,37;0;0
"disposer";0;0;0;0;0;0;0;0;0;0,17;0;0;0;0;0;0;0;0;0;3,28;0;0;0;0;0;0;0;0;0;0;0;1,81;0,96;0;0;0;0;0;0;0;0;1,22;0;0;0
"esclave";0;0;0;0;0;0;0;0;0;0,17;0;0,47;0;0;0;0;0;0;0;0;0;0;0;0;0;0;0;0;0;0;1,1;0;0;0;3,96;0;0;0;0;1,03;0;0,3;0,73;0;0
"renseignement";0;0;0;0;0;0;0;0;0;0,17;0;0;0;0;0;0;0;0;0;0;0;2,49;0;0;0;0;0;0;0;0;0;0;14,35;0;0;0;0;0;0;0;0;0;0;0;0
"volonté";0;0;0;0;0;0;0;0,81;0,98;0,17;0;0;0;0;1,38;0;0;0;0;0;0;0;0;0;0;0;0;0;0;0;0;0,9;0;0;0;3,47;0;0;0;0;0;0,61;0;0;0
"répondre";0,72;0;0;0;1,21;1,28;0;0,81;0,98;0,35;0;0,47;0;0;0,69;0;0;0;0;0;2,82;0;0;1,35;0;0;0;0;0;0;0;0;0;0;0;0;0;0;0;1,37;0;0,61;0;0;0
"jérôme";0;0;0;0;0;0;0;0;0;0,17;0;0;0;0;0;0;0;0;0;0;0;0;0;0;0;0;0;0;0;0;1,47;0;0;14,71;0;0;0;0;0;0;0;0,3;0;0;0
"univers";0;0;0;0;0;0;0;0,81;0,98;0,35;0;0;0;0;0;0;0;2,52;0;1,64;0;0;11,76;0;0;0;0;0;0;0;0;0;0;0;0;0;0;0;0;0;1,95;0;1,1;0;0
"partager";0;0;0;0;0;0;0;0,4;0,49;0,17;0;0,93;0;0;0;0;0;0;0;0;0;0;0;0;0;0;0;0;0;0;0;0,9;0;0;0;0;0;0;0;1,37;0,97;0;0,37;0;0
"départ";0;0;0;0;1,21;1,28;0,95;0;0;0,17;0;0;0;0;0;0;0;2,52;0;0;0;0;0;0;0;0;0;0;0;0;0;0;0,48;2,45;1,98;0;0;0;0;0;0;0,3;0,37;0;0
"300";0;0;0;0;0;0;0;0;0;0,17;0;2,33;0;0;0,69;0;0;0;0;0;0;0;0;0;0;0;0;0;0;0;0;0;0,48;0;0;0;0;0;0;0;0;0,61;0;0;0
"personne";2,89;3,51;1,69;0;0;0;1,89;0,4;0,49;0,17;0;0,47;0;0;0;0;0;0;4,08;0;0;2,49;0;5,4;0;2,46;0;0;3;0;1,1;0;0;2,45;0;6,94;0;0;0;0;0,97;0;0,37;0;0
"tenter";1,45;0;0,85;0;0;0;0;0;0;0,17;0;0,47;0;0;0;0;0;0;0;0;0;0;0;0;0;0,82;0;0;0;0;0,74;0,9;0;0;0;0;0;0;0;0;0,97;0;0;0;2,57
"gabriel";0;0;0;0;0;0;0;4,04;2,94;0;0;0;0;0;0;0;0;0;0;0;0;0;0;0;0;0;0;0;0;0;0;0;0;0;0;0;0;0;0;0;0;0;0;0;0
"martiner";0;0;0;0;0;0;0;4,04;2,94;0;0;0;0;0;0;0;0;0;0;0;0;0;0;0;0;0;0;0;0;0;0;0;0;0;0;0;0;0;0;0;0;0;0;0;0
"gros";0,72;0;0;0;0;0;0,95;4,04;2,94;0;0;0;0;0;0;0;0;0;0;0;0;0;0;0;0;0;0;0;0;4,57;0;0;0;0;0;0;0;0;0;0;0;0;0,37;0;0
"croisade";0;0;0;0;0;0;0;2,83;1,47;0;0;0;0;0;0;0;0;0;0;0;0;0;0;0;0;0;0;0;0;0;0;0;0;0;0;0;0;0;0;0;0;0;0;0;0
"olivier";0;0;0;0;0;0;0;4,04;3,43;0;0;0;0;0;0;0;0;0;0;0;0;2,49;0;0;0;0;0;0;0;0;0;0;0;0;0;0;0;0;0;0;0;0;0;0;0
"hanne";0;0;0;0;0;0;0;4,04;3,43;0;0;0;0;0;0;0;0;0;0;0;0;0;0;0;0;0;0;0;0;0;0;0;0;0;0;0;0;0;0;0;0;0;0;0;0
"communauté";0,72;0;0;0;0;0;0;0,4;0,49;0;0;0;0;0;0,69;0;0;0;0;0;0;0;0;0;0;0;0;0;0;0;0;0;1,43;0;0;0;3,29;0;0;1,72;0;0;0;0;0
"travers";0;0;0;0;1,21;1,28;0;0,4;0,49;0;0;0,47;0;0;0;0;0;0;0;0;0;0;0;0;0;0;0;0;3;0;0;0;0,96;0;0;0;0;0;2,77;0,34;0;0;0;0;0
"2008";0;0;0;0;0;0;0;0,81;0,98;0;0;0,47;0;0;0;0;0;0;0;0;0;0;0;0;0;0;0;0;0;0;0;0;0;2,45;1,98;0;0;0;0;0;0;0,3;0;0;0
"mongol";0;0;0;0;0;0;0;2,02;0,98;0;0;0;0;0;0;0;0;0;0;0;0;0;0;0;0;0;0;0;0;0;0;0;0;0;0;0;0;0;0;0;0;0;0,37;0;0
"croiser";0;0;0;0;0;0;0;1,21;0,49;0;0;0;0;0;0;0;0;0;0;0;0;0;0;0;0;0;0;5,21;0;0;0;0;0;0;0;0;0;0;2,77;0;0;0;0,37;0;0
"notion";0;0;0;0;0;0;0;2,02;2,45;0;0;0;0;0;0,69;0;0;0;0;0;0;0;0;0;0;0;0;0;0;0;0;0;0;0;0;0;0;0;0;1,03;0;0,3;0;0;0
"refus";0;0;0;0;0;0;0;1,62;1,96;0;0;0;0;0;0;0;0;0;0;0;0;0;0;0;0;0;0;0;0;0;0;0;0;0;0;0;0;0;0;0;0;0;0;0;0
"collectif";0;0;0;0;0;0;0;0,4;0,49;0;0;0;0;0;0;0;0;0;0;0;0;0;0;0;0;0;0;0;3;0;0;0;0;0;0;0;0;0;0;0,34;0;0,3;0;6,12;0
"valeur";0,72;0;0;0;0;0;0;1,62;1,96;0;0;0;0;0;0;0;0;0;0;0;0;0;0;0;0;0;0;0;3;0;0;0,9;0,48;0;0;0;3,29;0;2,77;1,37;0;0;0,37;0;0
"commun";0;0;0;0;0;0;0;0,4;0,49;0;0;0;0;0;0,69;0;0;0;0;0;0;0;0;0;0;0;0;0;3;0;0;0;0;0;0;0;0;2,47;0;2,4;0;0;0;1,22;0
"régulièrement";0;0;0;0;0;0;0,95;0,4;0,49;0;0;0;0;0;0;0;0;2,52;0;0;0;2,49;0;0;0;1,64;0;0;0;0;0;0;0;0;0;0;0;0;0;0,34;0;0,3;0;0;0
"analyse";0;0;0,85;0;0;0;0,95;1,21;0,98;0;0;0;0;0;0;0;0;0;0;0;0;0;0;0;0;0;0;0;0;0;0,37;0;0,48;0;0;0;0;0;0;0;0;0;0,37;0;0
"discours";0;0;0;0;0;0;0;2,02;2,45;0;0;0;0;0;2,07;0;0;0;0;0;0;0;0;0;0;0;0;0;3;0;0;0;0;0;0;0;0;0;0;0;0;0;0;0;0
"oeil";0;0;0;0;1,21;1,28;0;0,81;0,98;0;0;0,47;0;3,22;0;2,39;0;2,52;0;1,64;0;0;0;0;1,37;0;0;0;0;0;0;0;0;0;0;0;3,29;0;0;0;0,97;0,61;1,83;0;0
"éviter";0,72;0;0;0;0;0;0;0,81;0,49;0;0;0;0;0;0;0;0;0;0;0;0;0;0;0;0;0;0;0;0;0;0,37;0,9;0;0;0;0;0;0;0;0;1,95;0;0,73;2,45;0
"accord";0,72;0;0,85;0;0;0;0;0,81;0,98;0;0;0;0;0;0;0;0;0;0;0;0;0;0;0;0;0;0;0;0;0;0;0;0;0;0;0;0;0;0;0;0;0,3;0,37;0;0
"affirmer";2,17;0;0,85;0;0;0;0;1,21;0,98;0;0;0,47;3,11;0;2,07;0;0;5,04;0;0;0;0;0;0;0;3,28;0;0;0;0;0;0;0;0;0;0;0;0;0;0,34;0,97;0,3;0,37;0;0
"o";0;0;0;0;0;0;0;1,62;1,96;0;0;0;0;0;0;0;0;0;0;0;0;0;0;0;0;0;0;0;0;0;0;0;0;0;0;0;0;0;0;0;0;0;0;0;0
"h";0,72;1,75;0;0;0;0;0;1,62;1,96;0;0;0;0;0;0;0;0;0;0;0;0;0;0;0;1,37;0;0;0;0;27,4;0;0;0;0;3,96;0;0;4,94;2,77;0;0;0;0;0;0
"certes";0;0;0;0;0;0;0;0,81;0,98;0;0;0;0;3,22;0;0;0;0;0;0;0;0;0;0;0;0;4,07;0;0;0;0;0,9;0;0;0;0;0;0;0;0,34;0;0,3;0;0;0
"terrible";0;0;0;0;0;0;0;0,4;0,49;0;0;0;0;0;0;0;0;0;0;0;0;0;0;0;0;0;0;0;0;0;0;0;0;0;0;0;3,29;0;0;0,34;0;0,61;1,46;0;0
"différence";0;0;0;0;0;0;0;1,62;0,98;0;0;0,93;0;0;1,38;0;0;0;0;0;0;0;0;0;0;0;0;0;0;0;0;0;0;0;0;0;3,29;0;0;0,34;0;0;0,37;0;0
"chaque";0;0;0;0;2,42;1,28;0;0,4;0,49;0;0;0,47;0;3,22;0,69;2,39;0;0;0;0;0;0;0;1,35;2,75;0;0;5,21;0;0;0;0;0,48;0;0;0;0;0;2,77;0,69;0;0;0;0;0
"g";0;0;0;0;0;0;0;3,23;3,93;0;0;0;0;0;0;0;0;0;0;0;0;0;0;0;0;0;0;0;0;0;0;0;0;0;0;0;0;0;0;0;0;0;0;0;0
"héritage";0;0;0;0;0;0;0;0,81;0,98;0;0;0;0;0;0;0;0;0;0;0;0;0;0;0;0;0;0;0;0;0;0;2,26;0;0;1,98;0;0;0;0;0;0;0;0;0;0
"proposer";0;0;0;0;1,21;1,28;0,95;0,81;0,98;0;0;0;0;0;0;0;0;10,08;0;0;0;0;0;0;2,75;0;0;0;0;0;0;0;0;0;0;0;0;0;0;0,34;0;0;0;1,22;0
"islamique";1,45;0;5,08;0;0;0;0;2,43;1,96;0;0;0;0;0;0;0;0;0;0;0;0;4,98;0;0;0;0;0;0;0;0;0;0;0,48;0;0;0;0;0;0;0;0;0;0;0;0
"tour";0;0;0;0;0;0;0;0,4;0,49;0;0;0;0;0;2,07;0;0;0;0;0;0;0;0;0;0;0;0;0;0;0;0,37;0;0;0;15,84;0;0;0;0;0;0;0;0;0;0
"déclarer";0;3,51;0,85;0;0;0;0;0,81;0,98;0;0;0;0;0;0;0;0;0;0;0;5,63;2,49;0;2,7;0;0,82;0;0;0;0;0;0;0;0;0;3,47;0;0;0;0;0;0;0;0;0
"anthropologue";0;0;0,85;0;0;0;0,95;0,81;0,98;0;0;0,47;0;0;0;0;0;0;0;0;0;0;0;0;0;0;0;0;0;0;0;0;0;0;0;0;9,87;0;0;0;0;0;0;0;0
"emparer";0;0;0;0;0;0;0;0,81;0,98;0;0;0;0;0;0;0;0;0;0;0;0;0;0;0;0;0;0;0;0;0;0,74;0;0;0;0;0;0;0;2,77;0;0,97;0;0;0;0
"déjà";0;1,75;0;0;1,21;1,28;0;1,21;1,47;0;0;0,47;3,11;0;2,07;0;0;0;0;0;0;0;0;0;0;1,64;12,2;0;0;0;0;0;0;0;0;0;0;0;2,77;0,69;0;0,3;0,37;1,22;0
"chine";0;0;0,85;0;0;0;0;0,4;0,49;0;0;0;0;0;0,69;0;0;0;0;0;0;0;0;0;0;0;0;0;0;0;0;5,43;0;0;0;0;0;0;0;0;0;0;0,37;0;0
"progrès";0;0;0;14,87;0;0;0;0,81;0,98;0;0;0;0;0;0;0;0;0;0;0;0;0;11,76;0;0;0;0;0;0;0;0;0;0;0;0;0;3,29;0;0;0;0;0;0;0;0
"imaginer";0;0;0,85;0;1,21;1,28;0;0,4;0,49;0;0;0;0;0;0;2,39;0;0;0;0;0;0;0;0;0;0;0;0;0;0;0;0;0,96;0;0;0;0;0;0;0,34;0;0,3;0,37;0;0
"inspirer";0;0;0;0;0;0;0;0,81;0,98;0;0;1,4;0;3,22;0,69;0;0;0;0;0;0;0;0;0;0;0;0;5,21;0;0;0;0;0;0;0;0;3,29;0;0;0;0;0,3;1,1;0;0
"ibn";0;0;0;0;0;0;0;2,43;2,45;0;0;0;0;0;0;0;0;0;0;0;0;0;0;0;0;0;0;0;0;0;0;0;0;0;0;0;0;0;0;0;0;0;0;0;0
"khaldoun";0;0;0;0;0;0;0;2,43;2,45;0;0;0;0;0;0;0;0;0;0;0;0;0;0;0;0;0;0;0;0;0;0;0;0;0;0;0;0;0;0;0;0;0;0;0;0
"résumer";0;0;0;0;2,42;2,56;1,89;0,81;0,98;0;0;0;0;0;0;0;0;0;0;0;0;0;0;0;0;0;0;0;0;0;0;0;0;0;0;0;0;0;0;0;0;0,3;0,37;0;0
"aucun";0;0;0;0;0;0;0;0,4;0,49;0;0;0;0;0;0;0;0;2,52;0;1,64;0;0;0;0;1,37;0;0;0;0;0;0,74;0;0;0;0;0;0;0;0;0,34;0;0,61;1,1;0;0
"celles";0;0;0;0;0;0;0,95;0,81;0,98;0;0;0,93;0;0;1,38;0;0;0;0;0;0;0;0;0;0;0;0;0;0;0;0;0;0;0;0;0;0;0;0;0;0;0,3;0;0;0
"etat";0;1,75;0;0;0;0;0;2,83;2,94;0;0;0;0;0;0;0;0;0;0;0;0;0;0;0;0;0;0;0;0;0;0;0;0;0;0;0;0;0;0;0;0;0,3;0,37;0;0
"sécurité";0;3,51;1,69;0;0;0;0;0,4;0,49;0;0;0;0;0;0,69;0;0;0;0;0;0;4,98;0;0;0;0;0;0;0;0;0;0;0;0;0;0;0;0;0;0;0;0;0;0;0
"sujet";0;0;0,85;0;0;0;1,89;0,4;0,49;0;0;0;0;0;0,69;0;0;0;0;1,64;0;0;0;0;0;0;0;0;0;0;0;0;0,48;0;0;0;0;2,47;0;0,69;0;0;0;0;0
"diriger";0;0;0;0;0;0;0;0,4;0,49;0;0;0;0;0;0;0;0;0;0;0;0;0;0;0;0;0,82;0;0;0;0;0;0,9;0;0;0;3,47;0;0;0;0;0;0,91;0,37;0;2,57
"aucune";0;0;0;0;0;0;0;0,81;0,49;0;0;0;0;0;0;0;0;0;0;0;0;0;0;1,35;0;0;0;0;3;0;1,47;0,9;0,48;0;0;0;0;0;0;0;0;0,3;0,73;0;0
"souvent";0;0;0;0;0;0;1,89;0,4;0,49;0;0;0;0;0;3,44;0;0;0;0;0;2,82;0;0;1,35;1,37;0;0;0;0;0;0;0;0,96;0;0;0;0;0;0;1,03;0;0;0;0;0
"autorité";1,45;5,26;0;0;0;0;0;0,4;0,49;0;0;0;0;0;0;0;0;0;0;0;0;0;0;0;0;3,28;0;0;3;0;1,1;0;0;0;0;0;0;0;0;0;0;0,3;0;0;0
"corps";0,72;1,75;0;0;1,21;1,28;0;0,4;0,49;0;0;0,47;0;0;0;0;0;0;0;3,28;0;2,49;0;1,35;1,37;0;0;0;0;0;0,74;0;0;0;0;0;0;0;0;0;0;0;0,73;0;0
"adapter";0;0;0;0;1,21;1,28;0,95;0,4;0,49;0;0;0;0;0;0,69;2,39;0;0;0;0;0;0;0;1,35;0;0;0;0;0;0;0;0;0;0;0;0;0;0;0;0;0;0;0;1,22;2,57
"perse";0;0;0;0;0;0;0;0,4;0,49;0;0;7,91;0;0;0;0;0;0;0;0;0;0;0;0;0;0;0;0;0;0;0;0;0;0;0;0;0;0;0;7,55;0;0,3;0;0;0
"lutte";0;1,75;0;0;0;0;0;0,4;0,49;0;0;1,4;0;0;0;0;0;0;0;0;0;0;0;0;0;0;0;0;0;0;0;0,9;0;0;0;0;0;0;0;1,03;0;0;0;0;0
"neuf";0;0;0;0;0;0;0;0,81;0,98;0,17;0;0;0;0;0;0;0;0;0;0;0;0;0;0;0;0,82;0;0;0;0;0;0;0;2,45;0;0;0;0;0;0;0;0;0,37;0;0
"combat";0,72;0;0;0;0;0;0;0,4;0,49;0;0;0;0;0;0;0;0;0;0;0;0;0;0;0;0;0,82;0;0;0;0;0,74;0;0;0;0;0;0;0;0;0,69;0;0;0,73;0;0
"arme";1,45;0;0;0;0;0;0;0,81;0,98;0;0;0,47;0;0;0;0;0;0;0;0;0;0;0;0;0;0;0;0;0;0;0,37;0;0,48;0;0;0;0;0;0;1,03;0,97;0,3;0,37;0;0
"battre";0;0;0;0;0;0;0;0,4;0,49;0;0;1,4;0;0;0;0;0;0;44,9;0;0;0;0;0;0;0;36,59;0;0;0;0,74;0;0;0;0;0;0;0;0;0,69;0,97;0;0;0;0
"clair";0;0;0,85;0;1,21;1,28;0,95;0,4;0,49;0;0;0;0;0;0;0;0;0;0;0;0;0;0;0;1,37;0,82;0;0;0;0;0;0,9;0,48;0;0;0;0;0;0;0;0;0,3;0;0;0
"vidéo";0,72;0;0;0;0;0;0,95;0,4;0,49;0;0;0;0;0;0;0;0;2,52;0;0;2,82;2,49;0;0;0;1,64;0;0;0;0;0;0;0;0;0;0;0;2,47;0;0;0;0;0;0;0
"organisation";0,72;0;0;0;0;0;0;0,4;0,49;0;0;0;0;0;0,69;0;0;0;0;0;0;2,49;0;0;0;0;0;0;0;0;0;0;3,35;0;0;0;0;0;0;0;0;0;0;0;0
"droit";0,72;1,75;0,85;0;0;0;0,95;0,4;0,49;0;0;0,93;0;0;0;2,39;0;0;0;0;2,82;2,49;0;0;0;0;0;0;0;0;0;1,81;0,96;0;1,98;3,47;3,29;0;0;0;0;0;0;4,9;0
"justice";1,45;1,75;0,85;0;0;0;0;0,4;0,49;0;0;0;0;0;0;0;0;0;0;0;5,63;0;0;0;0;0;0;0;0;0;0;0;0;0;0;0;0;0;0;0;0;0;0,37;0;0
"rené";0;1,75;0;0;0;0;0;0,4;0,49;0;0;0;0;0;0;0;0;0;0;0;0;0;0;0;0;0;0;0;0;0;0;0;0;0;11,88;0;0;0;0;0;0;0;0,37;0;0
"désormais";0;0;0;0;0;1,28;0,95;0;0;0;0;0;0;0;0;0;0;0;0;0;0;0;0;0;0;0;0;0;0;4,57;0;3,17;0;2,45;0;0;0;0;0;1,03;1,95;1,22;0,73;0;0
"régime";0;0;9,31;0;0;0;0;0;0;0;0;0;0;0;0;0;0;0;0;0;0;2,49;0;0;0;0;0;0;0;0;0;5,88;0,48;0;0;0;0;0;0;0;0;0;0;0;0
"opposer";0,72;0;2,54;0;0;0;0;0;0;0;0;0,93;0;0;0;0;0;0;0;0;0;0;0;0;0;0,82;0;0;0;0;0,37;0,45;0;0;0;0;0;0;0;0,69;0;0,3;0;0;0
"russe";2,89;0;0;0;0;0;0;0;0;0;0;0;0;0;0;0;0;0;0;0;0;0;0;0;0;25,43;0;0;0;0;0;1,36;0;0;0;10,42;0;0;0;0,34;0;0;0;0;0
"prison";0;0;4,23;0;0;0;0;0;0;0;0;0;0;0;0;0;0;0;0;0;0;4,98;0;0;0;0;0;0;0;0;0;1,36;0;0;0;0;0;0;0;0;0;0;0;0;0
"poutine";0,72;0;0;0;0;0;0;0;0;0;0;0;0;0;0;0;0;0;0;0;0;0;0;0;0;0;0;0;0;0;0;5,88;0;0;0;0;0;0;0;0;0;0;0;0;0
"ukraine";0;0;0;0;0;0;0;0;0;0;0;0;0;0;0;0;0;0;0;0;0;0;0;0;0;12,31;0;0;0;0;0;4,98;0;0;0;10,42;0;0;0;0;0;0;0;0;0
"figaro";2,17;0;0;0;0;0;0;0;0;0;0;0,47;0;0;0,69;0;0;0;0;0;0;0;0;0;0;0,82;0;0;0;0;0,37;0,9;0;0;0;0;0;0;0;0,34;0;0;0;0;0
"camp";2,17;0;0;0;0;0;0;0;0;0;0;0;0;0;0;0;0;0;0;0;0;0;0;0;0;0;0;0;0;0;0;1,81;0;0;0;0;0;0;0;0;0;0,61;0,73;1,22;0
"russie";2,17;0;0;0;0;0;0;0;0;0;0;0;0;0;0;0;0;0;0;0;0;0;0;0;0;8,2;0;0;0;0;0;4,52;0;0;0;13,89;0;0;0;0;0;0;0;1,22;0
"mêmes";0,72;0;0,85;0;0;0;0;0;0;0;0;0;0;0;0,69;0;0;0;0;0;0;0;0;0;0;0;0;0;0;0;0,37;2,71;0;0;0;0;0;0;0;0,34;0,97;0,91;0,73;0;0
"méthode";0,72;0;2,54;0;0;0;0;0;0;0;0;0;0;0;0;0;0;0;0;0;0;0;0;0;0;0;0;0;0;0;0;0,9;1,91;0;0;0;0;0;0;0;0;0;0;0;0
"vraiment";0;1,75;0;0;0;0;0;0;0;0;0;0,47;0;0;1,38;0;0;5,04;0;0;0;0;0;0;0;0;0;0;0;0;0;0,9;0,96;0;0;0;0;0;0;0;0,97;0;0;0;0
"mal";0,72;0;0;1,86;0;0;0,95;0;0;0;0;0,93;0;0;0;4,78;0;0;0;0;0;0;0;0;0;0;0;0;0;0;0;0,9;0,48;0;0;0;0;0;0;0;0;0,61;0;4,9;0
"communiste";0;0;0;0;0;0;0;0;0;0;0;0;0;0;0;0;0;0;0;0;0;0;0;0;0;0;0;0;0;0;0;6,33;0;0;0;0;0;0;0;0;0;0;0;0;0
"développer";0;0;0;0;0;0;0,95;0;0;0;0;0;0;0;2,07;0;0;2,52;0;0;0;0;0;0;0;0;0;0;3;0;0;0,9;0;0;0;0;0;0;0;0,69;0;0;0;0;0
"iran";0;0;11,85;0;0;0;0;0;0;0;0;0,47;0;0;0;0;0;0;0;0;0;22,39;0;0;0;0;0;0;0;0;0;3,62;3,35;0;0;0;0;0;0;0;0;0;0;0;0
"israël";0;0;0,85;0;0;0;0;0;0;0;0;0;0;0;0;0;0;0;0;0;0;0;0;0;0;0;0;0;0;0;0;0,9;6,22;0;0;0;0;0;0;0;0;0;0;0;0
"oublier";1,45;1,75;0;0;0;0;0;0;0;0;0;1,4;0;0;1,38;0;0;0;0;0;0;0;0;0;0;0;0;0;0;0;0;0,9;0;0;0;0;0;0;0;0,34;0;0,91;0;0;0
"terroriste";0,72;0;0,85;0;0;0;0;0;0;0;0;0;0;0;0;0;0;0;0;0;0;2,49;0;0;0;0;0;0;0;0;0;0,9;3,35;0;0;0;0;0;0;0;0;0;0;0;0
"moscou";1,45;0;0;0;0;0;0;0;0;0;0;0;0;0;0;0;0;0;0;0;0;0;0;0;0;4,1;0;0;0;0;0;2,71;0;0;0;10,42;0;0;0;0;0;0;0;0;0
"affrontement";0,72;0;0;0;0;0;0;0;0;0;0;0,93;0;0;0;0;0;0;0;0;0;0;0;0;0;0;0;0;0;0;0,37;0,9;0;0;0;0;0;0;0;0,69;0;0;1,1;0;0
"victime";0;5,26;0,85;1,86;2,42;2,56;0;0;0;0;0;0,47;9,32;0;0;0;0;0;0;0;0;0;0;6,75;1,37;0;0;0;0;0;0,37;0,9;0,48;0;0;3,47;0;0;0;0;0;0;0,37;0;0
"asie";0;0;0;0;0;0;0;0;0;0;0;1,4;0;0;0,69;0;0;0;0;0;0;0;0;0;0;0;0;0;0;0;0,37;0,9;0;0;0;0;0;0;0;1,03;0;0;0,37;0;0
"ouvert";0;0;0;0;1,21;1,28;0;0;0;0;0;0;0;0;0;0;0;0;0;0;0;0;0;0;0;0,82;0;0;0;0;0;2,71;0;0;0;0;0;0;0;0;0;0,3;0;0;0
"piège";0;0;0;20,45;0;0;0;0;0;0;0;0;0;0;0;0;0;0;0;0;0;0;0;0;0;0;0;0;0;0;0;0,9;0;0;0;0;3,29;0;0;0;0;0,3;0;0;0
"opposition";0;0;1,69;0;0;0;0;0;0;0;0;0;0;0;0;0;0;0;0;0;0;0;0;0;0;0;0;0;0;0;0;0,9;0;0;0;0;0;0;0;2,4;0;0,3;0;0;0
"liberté";0;0;2,54;0;0;0;0;0;0;0;0;0,47;0;0;0;0;0;0;0;0;2,82;0;0;0;0;0;0;0;3;4,57;0,37;0,9;0,48;0;0;0;0;0;0;3,77;0;0;0,73;0;0
"membre";0,72;0;0,85;0;0;0;0;0;0;0;0;0,93;0;0;0;2,39;0;0;0;0;0;0;0;1,35;0;0;0;0;0;0;0;0,9;0;4,9;0;0;0;0;0;0;0,97;0,3;0,73;1,22;0
"république";0,72;3,51;5,08;0;0;0;0;0;0;0;0;0;0;0;0,69;0;0;0;0;0;0;4,98;0;0;0;0;0;0;6,01;0;0;0,9;0;0;0;0;0;0;0;0;0;0,3;0;0;0
"rapport";1,45;0;0,85;0;0;0;0;0;0;0;0;0,93;0;0;0;0;0;0;0;0;0;0;0;0;0;0,82;0;0;0;0;0;0,9;0,48;0;0;0;0;0;0;0;0;0;0,73;0;0
"médiques";0;0;0;0;0;0;0;0;0;0;0;0,93;0;0;0;0;0;0;0;0;0;0;0;0;0;0;0;0;0;0;0;0;0;0;0;0;0;0;0;4,12;0;0;0;0;0
"grèce";0,72;0;0;0;0;0;0;0;0;0;0;1,86;0;0;0;0;0;0;0;0;0;0;0;0;0;0;0;0;0;0;0;0;0;0;0;0;0;0;0;5,49;0;0;0;0;0
"hérodote";0;0;0;0;0;0;0;0;0;0;0;0,93;0;0;0;0;0;0;0;0;0;0;0;0;0;0;0;0;0;0;0;0;0;0;0;0;0;0;0;2,75;0;0;0;0;0
"v";0;0;0;0;0;0;0;0;0;0;0;1,4;0;0;0;0;0;0;0;0;0;0;0;0;0;0;0;0;0;0;0;0;0;0;0;0;0;0;0;2,06;0;0;0,37;0;0
"lire";2,89;0;0;0;0;0;2,84;0,81;0;0;0;0;0;0;0;0;0;0;0;0;8,45;0;0;0;0;4,1;4,07;0;0;0;3,31;0;0;0;0;3,47;6,58;0;0;3,77;2,92;0,3;0;0;0
"lendemain";0;0;0,85;0;0;0;0;0;0;0;0;0;0;0;0;0;0;0;0;0;2,82;0;0;0;0;0;0;0;0;0;0,74;0;0;0;0;0;0;2,47;0;0,69;0;0;0,37;2,45;0
"subir";0;0;0,85;1,86;0;0;0;0,4;0;0;0;0;0;0;1,38;0;0;0;0;0;0;0;0;0;0;0,82;0;0;0;0;0;0;0;0;0;0;0;0;0;0,34;0;0,3;0,37;0;0
"xerxès";0;0;0;0;0;0;0;0;0;0;0;2,33;0;0;0;0;0;0;0;0;0;0;0;0;0;0;0;0;0;0;0;0;0;0;0;0;0;0;0;2,06;0;0;0;0;0
"voire";0;0;0,85;0;1,21;1,28;0;0,4;0;0;0;0,47;0;0;0;0;0;0;0;0;0;0;0;0;0;0;0;0;0;0;0;0;1,43;0;0;0;3,29;0;0;0,34;0,97;0,3;0,37;1,22;0
"désigner";0;0;0;0;0;0;0;0;0;0;0;0,93;0;0;0,69;0;0;0;0;0;0;0;0;0;0;0;0;0;0;0;0;0;0;4,9;0;0;3,29;0;0;1,37;0,97;0;0;0;0
"athènes";0;0;0;0;0;0;0;0;0;0;0;1,86;0;0;1,38;0;0;0;0;0;0;0;0;0;0;0;0;0;0;0;0;0;0;0;0;0;0;0;0;3,43;0;0;0;0;0
"eschyle";0;0;0;0;0;0;0;0;0;0;0;1,4;0;0;0;0;0;0;0;0;0;0;0;0;0;0;0;0;0;0;0;0;0;0;0;0;0;0;0;2,75;0;0;0;0;0
"père";0;1,75;0;0;0;0;0;0;0;0;0;1,86;0;0;0;0;0;0;0;0;0;0;11,76;0;0;0;0;0;0;0;0;0;0,48;0;0;0;0;0;0;0,34;0,97;0,91;0;1,22;0
"bon";2,17;0;0;0;0;0;2,84;0;0;0;0;0,47;0;0;1,38;4,78;0;2,52;0;0;0;0;0;0;0;0;0;0;0;0;0;0;0;2,45;1,98;0;0;2,47;0;0,34;2,92;1,52;0,73;0;2,57
"libre";1,45;0;0;0;1,21;2,56;0;0;0;0;0;0;0;0;0;0;0;0;0;0;0;0;0;0;0;0;0;0;3;0;0,37;0;0;0;1,98;0;0;0;0;1,03;0;0;0;0;0
"aimer";2,17;0;0;1,86;0;0;0,95;0;0;0;0;0,47;3,11;3,22;0;0;0;2,52;0;0;0;0;0;0;0;0;0;0;0;0;0;0;0,48;0;0;0;0;0;2,77;0,34;0;0,3;0;0;0
"tourner";0,72;0;0;0;3,63;3,84;0;0;0;0;0;0;0;0;0;0;0;0;0;0;0;0;0;0;1,37;0;0;0;0;0;0,37;0;0;0;0;0;0;0;0;0,34;1,95;0,61;0;0;0
"présenter";1,45;0;0;0;0;0;0;0,4;0;0;0;0,47;3,11;0;0;0;0;0;0;0;2,82;0;0;1,35;1,37;0;0;0;0;0;0;0;0,48;0;0;0;0;0;0;0,34;0,97;0;0;0;0
"peine";0;1,75;1,69;3,72;1,21;1,28;0;0;0;0;0;0,47;0;0;0;0;0;0;0;1,64;0;0;0;1,35;0;0;0;0;3;0;0,37;0;0;0;0;0;0;0;0;0,34;0;0,3;0,37;0;0
"soin";0;0;0;1,86;0;0;0;0;0;0;0;0;3,11;0;0;4,78;0;0;4,08;0;0;0;0;0;0;0,82;0;0;0;0;0;0;0;0;0;0;0;0;0;1,03;0;0,3;0,37;3,67;0
"fait";0;0;0;1,86;0;0;0;0;0;0;0;0,47;3,11;0;0,69;0;0;0;0;0;0;0;0;4,05;0;0;0;0;0;0;0;0;0;0;1,98;0;0;0;0;0,34;0;0,3;0;0;0
"nul";0;0;0;0;2,42;2,56;2,84;0;0;0;0;0;0;0;0;0;0;0;0;3,28;0;0;0;0;0;0;0;0;0;0;0,37;0;0;0;0;0;0;0;0;0,69;0;0,3;0;0;0
"imaginaire";0;0;0;0;0;0;0,95;0;0;0;0;0;0;0;0,69;0;0;0;0;0;0;0;0;0;2,75;0;0;0;0;0;0;0;0;0;0;0;0;0;0;0,69;0;0,61;1,1;0;0
"association";0;0;0;0;0;0;0;0;0;0;0;0,47;0;0;0;2,39;0;0;0;0;0;0;0;0;0;0;0;0;3;0;0;0;0;12,25;0;0;0;0;0;0,34;0;0;0;3,67;0
"16";0;0;0;0;1,21;1,28;0;0,81;0;0;0;0,47;0;0;0;0;0;0;0;0;0;0;0;0;1,37;0;0;0;0;0;0;0;0;0;0;0;0;0;0;0,34;0;0,3;0;0;0
"bar";0;0;0;0;0;0;0;0;0;0;0;0;0;0;0;0;0;20,15;0;0;0;0;0;0;0;0;0;0;0;0;0;0;0,96;0;0;0;0;0;0;0;0;0;0;0;0
"mardi";0;3,51;0;1,86;0;0;0;0;0;0;0;0;0;0;0;0;0;7,56;0;0;2,82;0;0;5,4;0;0;0;0;0;0;0;0;0;0;0;0;0;0;0;0;0;0;0;1,22;0
"matin";0;0;0;1,86;1,21;1,28;0;0;0;0;0;0;0;0;0;0;0;2,52;0;0;5,63;2,49;0;5,4;0;0;0;0;0;0;0;0;0;2,45;0;0;0;0;0;0;0;0,3;0;0;0
"samedi";0;1,75;0;0;0;0;0;0;0;0;0;0;0;0;0;0;0;2,52;0;0;0;4,98;0;0;0;0;0;0;6,01;0;0;0;0;0;5,94;0;0;2,47;0;0;0;0;0;0;0
"chat";0;0;0;20,45;0;0;0;0;0;0;0;0;15,53;0;0;0;0;0;0;0;0;0;0;0;0;0;0;0;0;0;0;0;0;0;0;0;0;0;0;0;0;0;0;0;0
"no";0;0;0;14,87;1,21;1,28;0;0;0;0;0;0,47;0;0;0;0;0;0;0;0;0;0;0;0;0;0;0;0;0;0;0;0;0;0;0;0;0;0;2,77;0;0;0;0;0;0
"1";0;0;1,69;7,43;0;0;0,95;0;0;0;0;0,47;3,11;0;0;0;0;0;32,65;0;0;2,49;0;0;1,37;0;36,59;0;0;4,57;0;0;0,48;2,45;0;0;0;2,47;0;0;0;0;1,1;0;0
"0";0;0;0;18,59;0;0;0;0;0;0;0;0;0;0;0;0;0;0;12,24;0;0;0;0;0;0;0;0;0;0;0;0;0;0;0;0;0;0;2,47;0;0;0;0;0;0;0
"13";0;1,75;0,85;3,72;0;0;0;0;0;0;0;0,47;0;0;0;0;0;0;0;0;0;0;11,76;0;0;10,66;0;0;0;0;0;0;0;0;0;0;0;0;0;0;0;0;0;0;0
"photo";0;0;0;16,73;0;0;0,95;0;0;0;0;0;0;0;0;0;0;0;0;0;0;0;0;0;0;0;0;0;0;0;0;0;0;0;0;0;0;0;0;0;1,95;0;0;0;0
"patte";0;0;0;20,45;0;0;0;0;0;0;0;0;0;0;0;0;0;0;0;0;0;0;0;0;0;0;0;0;0;0;0;0;0;0;0;0;0;0;0;0;0;0;0,37;0;0
"marcher";0;1,75;0;3,72;0;0;0,95;0;0;0;0;0;0;0;0;2,39;0;0;0;0;0;0;0;0;0;0;0;0;0;0;0,74;0;0;0;0;0;0;0;2,77;0;0,97;0;1,1;0;0
"rue";0;0;0;3,72;0;0;0;0;0;0;0;0,47;0;0;0;2,39;0;0;0;0;0;0;0;1,35;0;0;0;0;0;0;0;0;0;0;0;0;0;2,47;2,77;0;0;0;0;6,12;0
"sortie";0;0;0;1,86;0;0;0,95;0;0;0;0;0,47;0;0;1,38;0;0;0;0;0;2,82;0;0;0;0;0;0;0;0;0;0;0;0;4,9;0;0;0;0;0;0;1,95;0;0,37;0;0
"lundi";0,72;1,75;0;1,86;0;0;0;0;0;0;0;0;3,11;0;0;0;0;0;0;0;8,45;0;0;6,75;0;0;0;0;0;0;0;0;0,48;0;0;0;0;0;0;0;0;0;0;0;0
"11";0;0;0,85;1,86;0;0;0;0,4;0;0;0;0;0;0;0;0;0;0;0;0;0;2,49;0;1,35;0;1,64;0;0;0;9,13;0;0;0;9,8;0;0;0;0;0;0;0;0;0,37;0;0
"maison";0,72;0;0;1,86;0;0;0,95;0;0;0;0;0;0;3,22;1,38;2,39;0;0;0;0;0;0;0;0;0;1,64;0;0;0;0;0,37;0;0;0;0;0;0;0;2,77;0;0;0;0;2,45;0
"national";1,45;3,51;0;1,86;2,42;2,56;0;0;0;0;0;0,93;0;0;0;0;0;0;0;0;0;2,49;0;0;0;0;0;0;0;4,57;0;0;0;0;0;0;0;2,47;0;0;0;0,91;0,37;0;0
"nuit";0,72;0;0;0;1,21;1,28;0;0;0;0;0;0;3,11;0;0;0;0;0;0;0;0;0;0;0;0;0,82;0;0;0;0;0;0;0;0;0;0;0;0;0;0;0;0;0,37;6,12;0
"20";0,72;0;0,85;0;0;0;1,89;0;0;0;0;0;3,11;0;0;0;0;0;0;0;0;0;0;0;0;0;0;0;0;0;0,37;0;0,96;0;0;0;0;0;2,77;0;0;0;0,37;0;0
"lier";0;0;0;0;0;0;0;0;0;0;0;0;3,11;0;2,75;0;0;0;0;0;0;0;0;0;0;0,82;0;0;0;0;0;0;0,96;0;0;0;0;0;0;0;0;0,3;0,37;0;0
"téhéran";0;0;7,62;0;0;0;0;0;0;0;0;0;0;0;0;0;0;0;0;0;0;2,49;0;0;0;0;0;0;0;0;0;0;0,48;0;0;0;0;0;0;0;0;0;0;0;0
"ministère";0;0;2,54;0;0;0;0;0;0;0;0;0;0;0;0;0;0;0;0;0;0;2,49;0;1,35;0;3,28;0;0;0;0;0;0;0;2,45;0;3,47;0;0;0;0;0;0;0;0;0
"iranien";0;0;16,09;0;0;0;0;0;0;0;0;0,93;0;0;0;0;0;0;0;0;0;9,95;0;0;0;0;0;0;0;0;0;0;0,96;0;0;0;0;0;0;0;0;0;0;0;0
"directeur";0;0;1,69;0;1,21;1,28;0,95;0;0;0;0;0,47;0;0;0;0;0;0;0;0;0;0;0;0;0;0,82;0;0;0;0;0;0;0,96;0;0;0;0;0;0;0;0;0,3;0;0;0
"président";1,45;3,51;2,54;0;0;0;0,95;0;0;0;0;0,93;0;0;0;0;0;0;0;0;0;0;0;0;0;2,46;0;0;0;0;0;0;0;4,9;0;6,94;0;2,47;0;0;0;0;0;0;0
"octobre";0;0;3,39;0;0;0;0;0;0;0;0;0;0;0;0;0;0;0;0;0;0;0;0;8,1;0;0;0;0;0;0;0;0;1,43;0;0;0;0;0;0;0;0,97;0;0;2,45;0
"exécution";0;0;4,23;0;0;0;0;0;0;0;0;0,93;0;0;0;0;0;0;0;0;0;9,95;0;0;0;0;0;0;0;0;0;0;0;0;1,98;0;0;0;0;0;0;0;0;0;0
"acteur";1,45;0;0,85;0;3,63;3,84;0;0;0;0;0;0;0;0;0;0;0;0;0;0;0;0;0;0;1,37;0;0;5,21;0;0;0;0;1,43;0;0;0;0;0;0;0;1,95;0,61;0;0;10,28
"échange";0;0;3,39;0;0;0;0;0;0;0;0;0,47;0;0;0;0;0;0;0;0;0;2,49;0;0;0;0;0;0;0;0;0;0;0;0;0;0;0;0;5,54;0;0;0,3;0,37;0;0
"mars";0;0;0,85;0;3,63;3,84;0;0;0;0;0;0;0;0;0;0;0;0;0;0;0;0;0;0;0;0;0;0;0;0;0;0;0;2,45;3,96;0;0;0;0;0;0;0,3;0,37;0;0
"novembre";0;0;3,39;0;1,21;1,28;0;0;0;0;0;0,47;0;0;0;0;0;0;0;0;0;0;0;0;0;0;0;0;0;0;0;0;0;9,8;0;0;0;0;0;0;1,95;0,3;0;0;0
"accusé";0;0;0,85;0;0;0;0;0;0;0;0;0;0;0;0;0;0;0;0;0;0;0;0;12,15;0;0;0;0;0;0;0;0;0;0;0;0;0;0;0;0;0;0;0;0;0
"israélien";0;0;0,85;0;0;0;0;0;0;0;0;0;0;0;0;0;0;0;0;0;0;0;0;0;0;0;0;0;0;0;0;0;13,39;0;0;0;0;0;0;0;0;0;0;0;0
"drone";0;0;0,85;0;0;0;0;0;0;0;0;0;0;0;0;0;0;0;0;0;0;0;0;0;0;8,2;0;0;0;0;0;0;0;0;0;0;0;0;0;0;0;0;0;0;0
"travailler";0;0;0,85;0;2,42;2,56;0,95;0;0;0;0;0;0;3,22;0;2,39;0;0;0;0;0;0;0;0;0;0;0;0;0;0;0;0;0;0;0;0;0;0;5,54;0;0,97;0,61;0,73;3,67;0
"2";0;0;0,85;0;0;0;0;0;0;0;0;0;0;0;0;0;0;0;16,33;0;0;0;0;0;0;0;28,46;0;0;9,13;0;0;0;0;0;0;0;0;0;0;0;0,61;0,73;0;2,57
"couloir";0;0;0,85;0;1,21;1,28;0;0;0;0;0;0;0;0;0;0;0;0;0;0;0;0;0;0;0;5,74;0;0;0;0;0;0;0;0;0;0;0;0;0;0;0;0;0;0;0
"quatre";0,72;0;0,85;0;3,63;2,56;0;0;0;0;0;0;0;0;0;0;0;0;0;1,64;0;2,49;0;2,7;0;0,82;4,07;0;0;0;0;0;0;0;1,98;0;0;0;0;0;0;0;0;3,67;2,57
"15";0;0;0,85;0;0;0;0;0;0;0;0;0;0;0;0;0;0;0;24,49;0;0;0;0;0;0;0;28,46;0;0;4,57;0;0;0;0;0;0;0;0;2,77;0;0;0;0;0;0
"annoncer";1,45;1,75;0,85;0;0;0;0;0;0;0;0;0;0;0;0,69;0;0;0;0;1,64;0;7,46;0;0;0;4,1;0;0;0;0;0;0;0;0;0;0;0;0;0;0;0;0;0,37;0;7,71
"12";0;0;0,85;0;2,42;2,56;0;0;0;0;0;0;0;0;0,69;0;0;0;0;0;0;0;0;1,35;0;0;0;0;0;13,7;0;0;0;0;1,98;0;0;0;0;0;0;0;0;1,22;0
"17";0;1,75;0,85;0;1,21;1,28;0;0,4;0;0;0;0;0;0;0;0;0;0;0;0;0;0;0;0;0;0;0;0;0;0;0,37;0;0,96;2,45;3,96;0;0;0;0;0;0;0;0;0;0
"guide";0;0;1,69;0;0;0;8,51;0;0;0;0;0;0;0;0;0;0;0;0;0;0;0;0;0;0;0;0;0;0;0;0;0;0;0;0;0;0;0;0;0;0;0;0;0;0
"marine";0;1,75;0;0;0;0;0;0;0;0;0;0;0;0;2,07;0;0;0;4,08;0;0;0;0;0;0;1,64;12,2;0;0;0;0;0;0;0;0;0;0;0;5,54;0;0;0;0;0;0
"3";0;0;0;0;0;0;0;0;0;0;0;0;0;3,22;0;0;0;0;24,49;0;0;0;0;0;0;0,82;56,91;0;0;9,13;0;0;0;0;0;0;0;0;0;0;0;0;0,37;0;0
"grandvillars";0;0;0;0;0;0;0;0;0;0;0;0;0;0;0;0;0;0;48,98;0;0;0;0;0;0;0;20,33;0;0;0;0;0;0;0;0;0;0;0;0;0;0;0;0;0;0
"vincent";0;0;0;0;0;0;4,73;0;0;0;0;0,93;0;0;0;0;0;0;0;0;0;0;0;0;0;0;4,07;0;0;0;0;0;1,43;0;0;0;0;0;0;0;0;0;0;0;0
"mandico";0;0;0;0;10,88;8,96;0;0;0;0;0;0;0;0;0;0;0;0;0;0;0;0;0;0;17,86;0;0;10,42;0;0;0;0;0;0;0;0;0;0;0;0;0;0;0;0;0
"conan";0;0;0;0;12,09;11,52;0;0;0;0;0;0;0;0;0;0;0;0;0;0;0;0;11,76;0;1,37;0;0;10,42;0;0;0;0;0;0;0;0;0;0;0;0;30,16;0;0;0;25,71
"cinéaste";0;0;0;0;6,05;5,12;0;0;0;0;0;0;0;0;0;0;0;0;0;0;0;0;0;0;8,24;0;0;0;0;0;0;0;0;0;0;0;0;0;0;0;0,97;0,61;0;0;0
"crise";0,72;0;0;0;2,42;2,56;0;0;0;0;0;0,93;0;0;0,69;0;0;0;0;0;0;0;0;0;1,37;0;0;0;0;0;0;0;0;0;0;0;0;0;0;0;0,97;0,61;0;0;0
"enfer";0;0;0;0;2,42;2,56;0;0;0;0;0;0;0;0;0;0;0;0;0;0;0;0;0;0;2,75;0;0;5,21;0;0;0;0;0;0;0;0;0;0;0;0;0;0;1,1;0;0
"vendredi";0,72;5,26;0;0;1,21;1,28;0;0;0;0;0;0,47;0;0;0;0;0;0;0;0;2,82;0;0;1,35;0;1,64;0;0;0;0;0;0;0;0;0;0;0;0;0;0;0;0;0;0;0
"e";0;0;0;0;1,21;1,28;0;0;0;0;0;0;0;0;0;0;0;0;12,24;0;0;0;0;0;1,37;0;0;0;0;0;0;0;0;0;11,88;0;0;0;0;0;0,97;0;0;0;0
"film";0;0;0;0;16,93;11,52;0;0;0;0;0;0,93;0;0;0;0;0;0;0;0;0;0;0;0;9,62;0;0;10,42;0;0;0;0;0;0;0;0;0;0;0;0;12,65;1,22;0;0;12,85
"cinéma";0;0;0;0;3,63;3,84;0;0;0;0;0;0;0;0;0;0;0;0;0;0;0;0;0;0;6,87;0;0;0;0;0;0;0;0;0;0;0;0;0;0;0;3,89;0,3;0;0;0
"schwarzenegger";0;0;0;0;1,21;1,28;0;0;0;0;0;0;0;0;0;0;0;0;0;0;0;0;0;0;4,12;0;0;0;0;0;0;0;0;0;0;0;0;0;0;0;1,95;0;0;0;7,71
"reconnaître";0,72;1,75;0;0;1,21;1,28;0,95;0,81;0;0;0;0,47;0;0;0;0;0;0;0;0;0;0;0;0;1,37;0;0;0;0;0;0;0;0;0;0;0;0;0;0;0;0;0;0;0;2,57
"noir";0;0;0;0;2,42;2,56;0,95;0;0;0;0;0;0;0;0;0;0;0;0;0;0;0;0;0;1,37;6,56;0;5,21;0;0;0,37;0;0;0;0;0;0;0;0;0;0;0,3;0,37;0;0
"tournage";0;0;0;0;6,05;6,4;0;0;0;0;0;0;0;0;0;0;0;0;0;0;0;0;0;0;0;0;0;0;0;0;0;0;0;0;0;0;0;0;0;0;5,84;0;0;0;0
"projet";0;0;0;0;9,67;7,68;0;0;0;0;0;0;0;0;0;0;0;0;0;0;0;0;0;0;1,37;0;0;0;0;4,57;0;0;0;0;0;0;0;0;5,54;0;0;0,3;0;0;2,57
"lancer";0;0;0;0;1,21;1,28;2,84;0;0;0;0;0,47;0;0;0;0;0;0;0;1,64;0;0;0;0;0;0;0;0;0;0;1,1;0;0;0;0;0;0;0;0;0;0;0,3;0,37;0;2,57
"visage";0;0;0;0;1,21;1,28;0;0;0;0;0;0;0;0;0;0;0;0;0;1,64;0;0;0;0;0;0;0;0;0;0;0;0;0;0;0;3,47;0;0;0;0;0,97;1,22;0,37;0;0
"vivant";0;0;0;0;1,21;1,28;0;0;0;0;0;0,93;0;0;0;0;0;0;0;4,93;0;0;0;1,35;0;0;0;0;0;0;0;0;0;0;0;0;0;0;0;0;0;0,3;1,1;0;0
"ukrainien";0;0;0;0;0;0;0;0;0;0;0;0;0;0;0;0;0;0;0;0;0;0;0;0;0;17,23;0;0;0;0;0,37;0;0;0;0;10,42;0;0;0;0;0;0;0;0;0
"jeudi";0,72;0;0;0;0;0;0;0;0;0;0;0;0;0;0;0;0;0;0;0;5,63;4,98;0;5,4;0;7,38;0;0;0;0;0;0;0;0;0;0;0;0;0;0;0;0;0;0;0
"offensive";0;0;0;0;0;0;0;0;0;0;0;0;0;0;0;0;0;0;0;0;0;0;0;0;0;9,84;0;0;0;0;0,37;0;0;0;0;0;0;0;0;0;0;0;0;0;0
"civil";0;0;0;0;0;0;0;0;0;0;0;0,47;0;0;0;0;0;0;0;0;0;0;0;1,35;0;4,1;0;0;18,02;0;0,74;0;0;0;0;6,94;0;0;0;0;0;0,3;0,37;0;0
"nuls";0;0;0;0;0;0;13,25;0;0;0;0;0;0;0;0;0;0;0;0;0;0;0;0;0;0;0;0;0;0;0;0;0;0;0;0;0;0;0;0;0;0;0;0;0;0
"collection";0;0;0;0;0;0;12,3;0;0;0;0;0;0;0;0;0;0;0;0;0;0;0;0;0;0;0;0;0;0;0;0;0;0;2,45;0;0;0;0;0;0;0;0;0;0;0
"vendre";0,72;0;0;0;0;0;3,78;0;0;0;0;0;0;0;0;0;0;0;0;0;0;0;0;0;0;0;0;0;0;0;0,37;0;0,96;0;0;0;0;0;0;0;0;0,3;0,73;0;0
"cinq";0,72;0;0;0;0;0;0,95;0;0;0;0;0;0;0;0,69;0;0;0;0;1,64;0;2,49;0;2,7;0;0;0;0;3;0;0;0;0;2,45;0;0;0;0;0;0;0;0,61;0,37;2,45;0
"six";0,72;0;0;0;0;0;0,95;0;0;0;0;0;0;0;0;2,39;0;0;0;0;0;0;0;1,35;5,49;0;0;5,21;0;4,57;0;0;0;0;0;0;0;0;0;0;0;0;0;1,22;0
"ministre";2,89;5,26;0;0;0;0;0,95;0;0;0;0;0;0;0;0;0;0;0;0;0;2,82;4,98;0;0;0;0;0;0;0;0;0;0;0;0;0;0;0;4,94;0;0;0,97;0;0;0;0
"extrême";0;5,26;0;0;0;0;0,95;0;0;0;0;0;0;0;3,44;0;0;0;0;1,64;0;0;0;0;0;0;0;0;0;0;0,37;0;0;0;0;0;0;0;0;0;0;0;1,1;0;0
"réseau";0,72;8,77;0;0;0;0;1,89;0;0;0;0;0,47;0;0;0;0;0;0;0;0;0;0;0;0;0;0;0;0;0;0;0;0;0;0;0;0;0;0;0;0;0;0;0;3,67;0
"sapiens";0;0;0;0;0;0;0;0;0;0;0;0;0;0;7,58;0;0;0;0;0;0;0;0;0;0;0;0;0;0;0;0;0;0;0;0;0;0;0;0;0;0;0;0;0;0
"genre";0;0;0;0;0;0;0;0;0;0;0;0;0;0;1,38;0;0;0;0;0;0;0;11,76;0;0;0;0;0;0;0;0;0;0,48;0;0;0;0;0;2,77;0;1,95;0,61;0,73;0;0
"traiter";0;0;0;0;0;0;0;0;0;0;0;1,4;0;0;0;2,39;0;0;0;0;8,45;0;0;0;0;0;0;0;0;0;0;0;0;0;0;0;3,29;0;0;0;0;0,3;0,37;0;0
"roman";0;0;0;0;0;0;0;0;0;0;0;0;0;6,43;0;0;0;0;0;0;0;0;0;0;0;0;0;0;0;0;0;0;0;0;9,9;0;3,29;0;0;0;0;0,61;0,37;0;0
"libye";7,95;0;0;0;0;0;0;0;0;0;0;0;0;0;0;0;0;0;0;0;0;0;0;0;0;0;0;0;0;0;0;0;0;0;0;0;0;0;0;0;0;0;0;0;0
"bohémond";0;0;0;0;0;0;0;0;0;0;0;0;0;0;0;0;0;0;0;16,42;0;0;0;0;0;0;0;0;0;0;0;0;0;0;0;0;0;0;0;0;0;0;0;0;0
"destructeur";0;0;0;0;0;0;0;0;0;0;0;0;0;0;0;0;0;0;0;0;0;0;0;0;0;0;0;0;0;0;0;0;0;0;0;0;0;0;0;0;14,59;0;0;0;2,57
"laurentiis";0;0;0;0;0;0;0;0;0;0;0;0;0;0;0;0;0;0;0;0;0;0;0;0;0;0;0;0;0;0;0;0;0;0;0;0;0;0;0;0;11,67;0;0;0;0
"rire";0;0;0;0;0;0;0;0;0;0;0;7,45;0;0;0;0;0;0;0;0;0;0;0;0;0;0;0;0;0;0;0;0;0;0;0;0;0;0;0;0;0;0;0;0;0
"cibler";0;0;0;0;0;0;0;0;0;0;0;0,93;0;0;0;0;0;0;0;0;0;0;0;0;0;0;0;0;0;0;0;0;4,3;0;0;3,47;0;0;0;0;0;0;0;0;0
"conann";0;0;0;0;0;0;0;0;0;0;0;0;0;0;0;0;0;0;0;0;0;0;0;0;16,48;0;0;20,83;0;0;0;0;0;0;0;0;0;0;0;0;0;0;0;0;0
"meurtre";0;1,75;0;0;0;0;0;0;0;0;0;0;0;0;0;0;0;0;0;0;2,82;0;0;32,39;0;0;0;0;0;0;0;0;0;0;0;0;0;0;0;0;0;0;0,73;0;0
"bipeurs";0;0;0;0;0;0;0;0;0;0;0;0;0;0;0;0;0;0;0;0;0;0;0;0;0;0;0;0;0;0;0;0;9,09;0;0;0;0;0;0;0;0;0;0;0;0
"hezbollah";0;0;0;0;0;0;0;0;0;0;0;0;0;0;0;0;0;0;0;0;0;0;0;0;0;0;0;0;0;0;0;0;14,83;0;0;0;0;0;0;0;0;0;0;0;0
"mossad";0;0;0;0;0;0;0;0;0;0;0;0;0;0;0;0;0;0;0;0;0;0;0;0;0;0;0;0;0;0;0;0;4,78;0;0;0;0;0;0;0;0;0;0;0;0
"libanais";0;0;0;0;0;0;0;0;0;0;0;0;0;0;0;0;0;0;0;0;0;0;0;0;0;0;0;0;0;0;0;0;5,26;0;0;0;0;0;0;0;0;0;0;0;0
"hanouna";0;0;0;0;0;0;0;0;0;0;0;0;0;0;0;0;0;0;0;0;28,17;0;0;0;0;0;0;0;0;0;0;0;0;0;0;0;0;0;0;0;0;0;0;0;0
"procès";0;0;0;0;0;0;0;0;0;0;0;0;0;0;0;0;0;0;0;0;2,82;0;0;21,59;0;0;0;0;0;0;0;0;0;0;0;0;0;0;0;0;0;0;0;0;0
"cognac";0;0;0;0;0;0;0;0;0;0;0;0;0;0;0;0;0;0;0;0;0;0;0;32,39;0;0;0;0;0;0;0;0;0;0;0;0;0;0;0;0;0;0;0;0;0
"rochelais";0;0;0;0;0;0;0;0;0;0;0;0;0;0;0;0;0;0;0;0;0;0;0;18,89;0;0;0;0;0;0;0;0;0;0;0;0;0;0;0;0;0;0;0;0;0
"assise";0;0;0;0;0;0;0;0;0;0;0;0;0;0;0;0;0;0;0;0;0;0;0;20,24;0;0;0;0;0;0;0;0;0;0;0;0;0;0;0;0;0;0;0;0;0
"charente";0;0;0;0;0;0;0;0;0;0;0;0;0;0;0;0;0;0;0;0;0;0;0;16,19;0;0;0;0;0;0;0;0;0;0;0;0;0;0;0;0;0;0;0;0;0
