"";"X.date_2020.06.26";"X.date_2020.07.13";"X.date_2020.12.16";"X.date_2021.01.23";"X.date_2021.03.23";"X.date_2021.03.24";"X.date_2021.04.04";"X.date_2021.05.20";"X.date_2021.05.21";"X.date_2021.08.21";"X.date_2021.08.23";"X.date_2021.10.19";"X.date_2021.10.21";"X.date_2021.12.03";"X.date_2022.04.20";"X.date_2022.05.09";"X.date_2022.06.16";"X.date_2022.06.23";"X.date_2022.06.25";"X.date_2022.09.19";"X.date_2022.10.25";"X.date_2023.01.15";"X.date_2023.02.05";"X.date_2023.04.05";"X.date_2023.05.22";"X.date_2023.08.10";"X.date_2023.10.27";"X.date_2023.11.29";"X.date_2023.12.19";"X.date_2024.01.28";"X.date_2024.02.10";"X.date_2024.02.17";"X.date_2024.09.26";"X.date_2024.11.12";"X.date_2025.03.21";"X.date_2025.04.15";"X.date_2025.04.27";"X.date_2025.06.03";"X.date_2025.06.19";"X.date_2025.06.29";"X.date_2025.07.07";"X.date_2025.08.06";"X.date_2025.08.07";"X.date_2025.09.12";"X.date_2026.03.11"
"livre";-0,1987;-0,2301;-0,4796;-0,2172;-0,3347;-0,316;4,2905;2,8207;1,9608;-1,0462;-0,5886;-0,8803;-0,1297;0,6011;0,4092;-0,1685;2,0972;-0,16;-0,0986;-0,246;-0,143;0,5066;1,1212;-0,2997;0,3078;-0,4952;-0,099;-0,0773;-0,1342;-0,0881;-1,1213;2,3932;-0,8565;-0,1645;-0,2038;-0,116;-0,1224;-0,1633;-0,1455;-1,2031;-0,4169;-0,7342;-0,2726;-0,3306;-0,1568
"le";1,1034;1,1572;-0,7138;0,8017;1,8705;1,5701;0,7199;-1,4065;-0,7146;0,7583;-0,4735;1,0102;-0,9097;-0,6019;-0,5172;-1,2298;-2,0791;0,8769;-2,0615;0,6306;0,4187;0,3752;0,69;-1,5006;0,8286;-0,6018;-1,0314;-0,4052;-0,9798;0,4055;-0,4955;1,1249;0,3719;-0,8926;0,5066;-0,4899;0,3437;2,3608;0,7118;-4,5639;7,6571;-0,5569;-0,5766;-0,6898;1,145
"barbare";-0,3642;-0,3208;-0,3213;-0,2818;0,5102;0,383;-0,5259;-3,2355;-1,4139;-0,8682;0,3003;-1,0258;0,7793;0,4695;-0,4259;-1,2102;2,3745;0,9027;0,6543;0,661;1,0539;0,558;4,6439;6,1482;0,4536;-0,3552;2,2073;1,4046;0,7437;1,2331;-1,0704;-0,6907;-2,7654;0,5444;0,3669;0,5261;1,2788;4,7002;0,3684;-0,2727;-0,3208;0,9851;-2,6531;-0,6792;0,5887
"l";0,5997;-0,7929;-1,088;-2,0311;-1,7025;-1,4127;0,5065;7,1144;2,031;0,8889;1,3724;-0,3436;-1,9198;1,5998;0,4919;-0,6718;-2,1139;-0,9412;-0,2838;-1,2013;-0,3756;0,2725;-0,3667;-3,5417;-1,3002;0,5999;-0,4251;0,2993;0,4275;-0,2948;1,1621;1,071;-3,2178;-1,0151;-0,2918;0,3793;1,4189;-1,2501;0,3126;-1,5237;-1,863;0,6347;-0,311;-0,8976;-0,2876
"en";0,7251;-0,8839;0,8989;-1,7077;-0,2598;-0,2669;0,301;-2,7776;-1,3843;0,7896;-0,323;-2,5799;-0,2527;0,5766;-0,2829;2,0498;-0,4355;-0,3136;0,6874;-0,3266;-0,3398;0,7767;-0,7291;-1,335;1,2865;-1,2479;0,2783;-0,9636;-1,3873;-0,7066;4,5346;1,8152;-1,0686;1,5029;0,3977;-0,296;0,609;-0,7089;-0,2288;-0,8167;0,803;1,5843;-0,2885;0,366;-0,4419
"nous";-0,8838;-0,3972;-0,4;-0,3644;-0,6808;-0,6278;-0,3137;3,8902;3,0126;-3,9179;-2,6231;-1,2817;0,5021;1,0071;1,1331;-0,248;9,2367;0,7795;-0,3772;-0,4381;-0,1918;-0,6199;-0,1307;-1,1462;-0,2802;-1,8941;-0,3788;0,8304;0,4829;0,7415;-3,2416;1,5882;-2,3362;0,3737;-0,7794;-0,4436;-0,1496;-0,2361;6,1276;1,8114;-0,9211;-4,0796;-1,9327;5,1037;-0,5998
"face";0,3027;0,3028;-0,6235;-0,2823;0,1987;0,2135;-0,5574;4,8427;1,4494;-1,5785;-0,8511;-0,5774;-0,1686;-0,1629;0,2809;-0,2191;0,3151;-0,2081;0,5923;-0,3198;-0,186;-0,2107;-0,0444;-0,3896;-0,3827;-0,2458;1,4495;-0,1004;-0,1744;-0,1146;1,3528;-0,3004;-1,1136;-0,2139;0,3404;-0,1508;-0,1592;0,4127;-0,1891;2,1037;-0,542;-1,0531;-0,4486;-0,4299;0,4264
"aux";2,4321;-0,2534;0,4254;-0,6173;-0,2006;-0,1785;-0,6346;-3,8547;-1,5537;-0,4549;-1,2353;0,9462;0,6833;-0,3561;0,7363;-0,155;-0,892;-0,1426;-0,2803;-0,6992;-0,4066;-0,4606;-0,0971;0,2357;1,3604;-0,7758;-0,2815;0,4014;0,2333;-0,2505;1,2595;0,646;0,7323;1,032;-0,5792;0,2742;0,7208;-0,1473;-0,4135;0,8394;0,2942;-0,2981;0,9776;1,1874;-0,4457
"récit";-0,3153;-0,1289;-0,2685;-0,1216;-0,1874;-0,1769;-0,24;-0,2829;-0,1456;0,2365;-0,2461;-0,4929;-0,0726;-0,0701;0,273;-0,0944;3,2353;-0,0896;-0,0552;-0,1377;-0,0801;-0,0907;-0,0191;-0,1678;1,2651;-0,2772;-0,0554;-0,0433;-0,0751;-0,0493;0,3822;-0,5076;-0,4795;-0,0921;-0,1141;-0,0649;-0,0686;-0,0914;-0,0814;0,722;-0,2334;2,2286;0,3801;-0,1851;-0,0878
"d";0,8004;-0,3412;2,1204;-0,2709;-0,9625;-0,8011;-0,9993;-3,5918;-2,085;2,9943;2,0135;-0,73;-0,3201;-0,448;-1,2191;2,4175;-0,5348;-0,2687;-0,6235;-0,3212;-0,4248;1,3153;0,573;7,4673;0,8461;-2,7552;-0,393;-0,2088;-1,1114;-0,4968;-0,3409;-0,8603;-0,3287;-2,1048;-1,0447;-0,2268;0,3359;-1,5608;0,306;-0,4555;-0,9051;0,5911;0,8441;2,8338;0,6923
"des";0,5832;-1,0903;0,3942;-0,259;0,2917;0,3767;-0,263;-3,4924;-2,7188;1,503;0,4668;-1,2233;-1,2675;-0,5353;1,6643;-1,0069;-1,1685;1,0944;-2,0523;-1,2657;-2,0768;-0,4517;-0,711;-0,3473;-0,9528;1,1768;-1,2971;-0,9314;0,3468;-1,112;0,6848;0,7087;2,8979;-0,6801;0,3049;1,2923;-0,5082;0,2936;-0,3317;-0,4033;-0,6135;1,0066;2,0957;1,1625;0,4878
"français";1,224;-0,1611;0,751;-0,152;-0,2343;-0,2211;3,2493;-1,4587;-0,584;0,2889;0,5615;-0,2273;-0,0908;0,738;0,2116;0,6237;0,2316;-0,112;-0,069;-0,1722;0,6864;1,5545;-0,0239;0,4168;0,4228;-0,3466;-0,0693;-0,0541;1,7063;-0,0617;-0,7848;-0,6346;-0,5995;-0,1151;-0,1426;-0,0812;-0,0857;-0,1143;-0,1018;-0,3657;-0,2918;0,4458;-0,3312;0,384;-0,1097
"de";1,0774;4,5261;1,5203;0,5193;-0,397;-0,4825;-2,4599;-5,6053;-3,3201;2,4939;1,4707;-0,6482;-0,7719;0,8553;-0,3744;-0,5546;-1,6004;-0,7889;-1,1795;-0,7659;0,3036;-0,3658;0,8369;-0,2735;1,4926;1,5712;-1,1924;0,5505;1,095;-0,6667;-0,3962;-0,745;-1,1664;1,3912;0,7323;0,6447;0,6372;-0,381;0,355;-1,8382;2,5506;0,4064;2,9393;-0,306;-1,0475
"immigration";-0,1351;-0,0552;-0,1151;-0,0521;-0,0803;-0,0758;-0,1029;-0,5;-0,2002;-0,5824;-0,279;-0,2112;-0,0311;-0,0301;5,0284;-0,0404;8,3795;-0,0384;-0,0237;-0,059;-0,0343;-0,0389;-0,0082;-0,0719;-0,0706;-0,1188;-0,0238;-0,0185;-0,0322;-0,0211;-0,269;-0,2175;-0,2055;-0,0395;-0,0489;-0,0278;-0,0294;-0,0392;-0,0349;-0,2886;-0,1;-0,3266;-0,2701;-0,0793;-0,0376
"qu";-0,7822;-1,18;-1,2965;-0,2192;0,3472;0,2559;0,7156;2,2549;1,8143;-0,6112;0,3026;1,1572;-1,0803;-0,5094;-0,4928;0,3986;3,0652;-0,1959;-0,8214;1,0023;0,5366;-0,7336;-0,2845;-1,1225;0,4858;-1,0339;-0,8247;-0,2472;-0,5621;-0,3026;-0,7912;-1,3367;-0,7349;-0,4058;-0,5942;-0,4555;0,3839;0,6949;0,5215;1,9744;-0,3305;-0,7797;0,4514;-1,3079;-0,3716
"elle";1,5876;-0,7557;1,1598;0,6496;0,9667;1,0452;-1,4077;0,9438;1,0343;-0,2761;0,4542;-0,6651;4,2066;-0,4113;-0,26;0,8712;0,4107;-0,5255;-0,3238;0,2576;0,534;-0,5321;-0,1122;-0,2149;0,7429;-0,5491;0,2782;-0,2536;0,5722;-0,2894;-2,0057;1,426;-1,3446;-0,5401;-0,6691;0,6625;0,2191;-0,5361;-0,4777;-0,669;-0,207;-0,9049;-2,0177;0,6262;-0,5148
"trop";-0,2927;-0,1196;-0,2493;-0,1129;-0,174;-0,1643;0,3964;2,7731;1,81;0,277;-0,2189;-0,4577;-0,0674;-0,0651;0,8136;-0,0876;1,5816;-0,0832;-0,0513;-0,1279;-0,0744;-0,0843;-0,0178;-0,1558;-0,153;-0,2574;-0,0515;-0,0402;-0,0697;-0,0458;-0,5829;-0,4714;-0,4453;-0,0855;0,6646;-0,0603;-0,0637;-0,0849;-0,0756;-0,6255;0,4058;-0,2792;-0,5854;0,4856;-0,0815
"la";2,1333;0,2762;2,0869;-0,9701;-0,3553;0,2947;-0,316;-1,8896;-1,1961;1,343;0,4609;1,5235;0,6765;0,5878;-0,4622;-0,3731;-2,18;-0,6865;-1,2932;-1,4366;-0,3437;0,6382;-0,4087;2,3709;0,5394;0,7178;-0,969;1,2783;1,6368;-0,3551;2,4173;0,8332;-3,7713;0,3628;-0,2958;1,1639;-0,3621;-0,5689;-1,083;-0,288;-1,2643;-1,9654;0,3825;0,4149;-0,8247
"défendre";-0,1914;-0,0782;-0,163;-0,0738;-0,1138;-0,1074;-0,1457;-0,7084;-0,2836;-0,3465;-0,3952;2,4094;-0,0441;-0,0426;0,4313;-0,0573;0,4573;-0,0544;-0,0335;-0,0836;-0,0486;-0,0551;-0,0116;-0,1019;-0,1001;-0,1683;-0,0337;-0,0263;-0,0456;-0,03;0,2334;-0,3082;1,5827;-0,0559;1,9673;-0,0394;-0,0416;-0,0555;-0,0494;1,9443;-0,1417;-0,4626;-0,3827;-0,1124;-0,0533
"expression";-0,1351;-0,0552;0,6331;-0,0521;-0,0803;-0,0758;-0,1029;0,5205;0,4326;-0,1988;0,3243;0,4144;-0,0311;-0,0301;-0,1418;-0,0404;1,4596;-0,0384;-0,0237;-0,059;1,1193;-0,0389;-0,0082;-0,0719;-0,0706;-0,1188;-0,0238;-0,0185;-0,0322;-0,0211;-0,269;1,0757;-0,2055;-0,0395;-0,0489;-0,0278;-0,0294;-0,0392;-0,0349;-0,2886;-0,1;-0,3266;-0,2701;-0,0793;-0,0376
"une";0,2776;-0,2506;-1,3414;-0,9531;-0,4534;-0,3697;-0,7832;-0,8757;-0,4321;0,8385;0,8726;0,598;-0,2976;-0,4655;-1,6361;2,8967;0,7638;0,6631;-0,8862;-0,3157;-0,9492;-1,1577;-0,1853;-0,7933;1,4276;1,9321;0,5487;0,2801;-0,855;1,0054;-1,3065;-0,7867;0,585;0,4262;-0,3911;1,2299;-0,4439;-0,5169;1,4177;0,7233;0,286;0,3155;-0,6729;1,2817;-0,2932
"part";-0,4054;-0,1657;0,2609;-0,1563;0,3708;0,3897;0,2935;2,9534;1,9675;-0,3345;-0,3628;-0,2376;-0,0934;-0,0902;-0,4256;-0,1213;0,224;-0,1152;-0,071;0,4751;-0,103;-0,1167;-0,0246;-0,2157;0,4133;-0,3565;-0,0713;-0,0556;-0,0966;-0,0634;0,2623;-0,6527;0,3894;-0,1184;-0,1467;0,7572;0,7359;-0,1175;-0,1047;-0,8661;-0,3001;-0,2042;-0,3457;-0,238;-0,1129
"et";0,8447;1,6416;-0,3658;-2,0115;0,968;1,1836;0,384;-1,7458;-1,2808;-1,1342;-1,6759;-0,316;0,4234;-0,2836;-1,3683;0,666;-1,1663;-0,8146;-1,7593;3,2938;-2,0969;0,5691;2,3396;0,2796;0,7681;-0,6376;-0,5404;2,5786;2,8475;0,5518;1,991;-1,5305;-0,8179;-0,3251;1,6408;0,2619;0,4998;-0,452;0,7739;1,1523;1,1989;-0,7528;1,5676;0,4766;-0,2731
"texte";-0,2364;-0,0966;0,4306;-0,0912;-0,1405;-0,1327;-0,18;2,0229;1,3685;0,4136;-0,1548;-0,3696;-0,0545;-0,0526;-0,2482;-0,0708;1,0203;-0,0672;-0,0414;-0,1033;-0,0601;-0,068;-0,0143;-0,1258;-0,1236;-0,2079;-0,0416;1,1429;-0,0563;-0,037;-0,4708;-0,3807;-0,3596;-0,0691;-0,0856;-0,0487;-0,0514;-0,0686;-0,0611;-0,1635;-0,175;0,8798;-0,4728;-0,1388;-0,0658
"comme";0,4283;-0,4034;-0,409;0,2414;-0,6909;-0,6372;-0,9704;-0,3996;-0,2538;0,3197;0,5133;0,2998;-0,5014;0,5161;1,4383;0,3563;1,2698;-0,2326;-0,3812;-0,2009;2,036;-0,2372;-0,1321;-1,1583;0,9189;-1,914;-0,3827;-0,2986;-0,5185;-0,3407;-0,4426;0,2722;-0,2766;-0,2427;-0,7876;-0,4483;0,5294;-0,2399;-0,5623;1,7696;-0,3017;-0,4308;1,1837;0,2522;-0,2253
"ceux";0,5346;-0,1933;-0,4028;-0,1824;-0,2811;-0,2654;-0,3601;2,4107;0,6779;-0,2686;-0,2046;-0,3019;-0,1089;-0,1052;0,5064;-0,1416;-0,1436;0,5748;-0,0828;-0,2066;1,507;-0,1361;-0,0287;-0,2517;0,9602;-0,4159;-0,0832;-0,0649;-0,1127;-0,074;-0,4331;-0,7615;-0,7194;-0,1382;0,4872;-0,0974;0,676;0,5674;-0,1222;1,1316;-0,3501;-0,573;-0,1917;-0,2777;-0,1317
"dans";-0,571;-0,2921;-1,4481;0,5429;0,9856;0,9059;-0,4951;0,5633;0,5805;-0,3778;-0,6357;0,4467;-0,5553;0,5335;0,3801;0,4494;-0,395;0,505;-0,6524;-2,1818;-0,2165;-0,299;0,588;0,4484;0,6454;5,9314;-0,6561;-0,2102;0,7192;0,6038;-0,4365;-0,5663;-0,5314;-0,5176;0,6322;-0,8174;0,3295;0,4831;1,5864;-1,7395;0,5145;-1,1445;-0,6415;1,8035;-0,4691
"un";-0,3262;-0,3775;-0,6964;0,5693;2,0231;2,0441;0,8184;-3,4685;-1,641;-0,7489;-0,5011;-0,7167;1,1584;0,6923;-0,907;-0,4334;-0,3541;2,5772;-1,9438;-0,339;0,7082;0,7111;1,1658;3,2568;1,5898;0,6575;-0,7524;-0,4897;-0,3552;0,9839;-0,8933;-0,4519;0,2942;-0,5976;-0,7163;0,3769;-0,2761;-2,2884;1,4853;-0,353;0,6233;1,2748;0,6557;0,3909;0,7706
"révéler";-0,1351;-0,0552;-0,1151;0,9467;-0,0803;-0,0758;-0,1029;-0,5;-0,2002;-0,5824;-0,279;0,4144;-0,0311;-0,0301;-0,1418;-0,0404;0,5828;-0,0384;-0,0237;-0,059;-0,0343;-0,0389;-0,0082;0,8165;-0,0706;-0,1188;-0,0238;-0,0185;-0,0322;-0,0211;0,3356;-0,2175;-0,2055;-0,0395;-0,0489;1,2072;-0,0294;-0,0392;-0,0349;0,8732;1,678;0,2769;-0,2701;-0,0793;1,0811
"quoi";-0,1801;-0,0736;-0,1534;-0,0695;-0,1071;-0,1011;-0,1371;-0,6667;-0,2669;-0,7766;-0,372;0,3214;-0,0415;-0,0401;-0,1891;-0,0539;2,1685;0,9539;-0,0315;1,8639;-0,0458;-0,0518;-0,0109;-0,0959;-0,0942;-0,1584;-0,0317;-0,0247;-0,0429;-0,0282;0,2501;0,862;-0,274;-0,0526;-0,0652;-0,0371;-0,0392;-0,0522;-0,0465;1,2867;1,4401;0,1985;-0,3602;-0,1058;-0,0502
"culture";-0,2252;-0,092;-0,1918;-0,0868;-0,1338;0,5979;0,4866;0,9831;0,2707;-0,4437;-0,1428;1,3661;-0,0519;-0,0501;-0,2364;-0,0674;0,4019;-0,064;-0,0394;-0,0984;-0,0572;-0,0648;-0,0137;-0,1198;-0,1177;-0,198;-0,0396;1,1633;-0,0536;-0,0352;-0,4484;0,7076;-0,3425;-0,0658;-0,0815;-0,0464;-0,049;-0,0653;-0,0582;0,5325;-0,1667;-0,1838;-0,1355;-0,1322;-0,0627
"avoir";-0,9897;2,9416;0,761;1,5134;1,082;0,66;0,7815;-2,0599;-0,6616;-2,1115;-1,2978;-0,6138;3,1628;-0,3929;-1,5714;0,4074;-0,2978;2,1879;0,4535;0,3379;1,6656;4,4555;0,4931;0,6629;-1,9584;5,0744;0,8975;-0,4702;0,4202;0,3895;0,5749;0,773;0,8671;1,4827;0,677;2,4425;-3,1407;-0,4093;-0,2779;-3,8019;-1,2964;-1,4092;-2,0464;3,2507;2,276
"son";-0,4234;0,8944;0,7315;1,3918;0,7252;0,8031;0,4352;-3,7418;-1,8585;-0,8262;-0,8155;0,3843;0,7235;1,2384;-0,7125;0,2373;-0,395;0,9415;-0,1641;2,0964;0,6413;-0,3544;-0,1718;-0,8537;0,6008;0,3017;0,4998;1,8996;0,339;-0,4433;0,4148;-0,5247;-2,5129;3,8615;0,3808;0,4127;-0,231;-0,8212;-0,3012;0,3135;0,6925;-0,795;1,2787;2,2836;-0,3373
"rester";-0,7659;0,7932;-0,6523;-0,2954;-0,4553;-0,4298;-0,5832;-0,2446;0,3235;0,3655;0,5522;-1,1974;-0,1764;-0,1704;-0,345;1,0116;4,3231;-0,2177;-0,1341;-0,3346;-0,1946;1,8447;-0,0465;-0,4076;-0,4004;-0,2637;-0,1347;-0,1051;-0,1825;0,6176;0,3482;0,5194;0,3081;-0,2237;0,3263;-0,1578;-0,1665;-0,2221;-0,1979;0,2992;-0,2017;-0,2199;-0,261;-0,1392;1,0643
"s";0,2621;-0,2347;0,281;-0,3995;-2,0937;-1,2284;-0,2287;-0,6658;-0,3117;3,1816;1,8832;-1,1595;0,2553;-0,7836;0,6574;0,3626;-0,6811;-0,4799;-0,2317;0,5588;-0,178;-0,4887;-0,2137;-0,7038;1,2074;-0,7792;-0,2332;-0,4832;0,8936;1,4123;0,5101;0,2911;-0,6361;1,0517;1,5492;-0,2974;0,2803;-0,2322;-0,1842;-0,8626;-0,8118;0,3621;-0,311;-1,3038;-0,4658
"appuyer";0,8469;-0,1196;-0,2493;-0,1129;-0,174;-0,1643;-0,2229;0,6774;0,1995;1,2992;1,3564;-0,4577;-0,0674;-0,0651;-0,3073;-0,0876;0,3176;-0,0832;-0,0513;-0,1279;-0,0744;-0,0843;-0,0178;-0,1558;-0,153;-0,2574;-0,0515;-0,0402;-0,0697;-0,0458;-0,5829;-0,4714;1,7728;-0,0855;-0,1059;-0,0603;-0,0637;-0,0849;-0,0756;0,3849;-0,2167;0,324;-0,5854;-0,1719;-0,0815
"sur";0,9552;0,9658;-1,0869;-0,3202;2,6257;2,4153;0,8964;-0,8743;-1,6079;-0,8727;-1,1723;-0,5892;-0,9862;0,7557;-0,3626;-0,3588;-1,4043;-0,6345;-0,3126;0,8587;1,8796;-0,3334;-0,2598;-0,3921;0,8478;4,2064;0,2879;-0,2145;-1,02;-0,2633;0,6875;-0,8298;0,5231;-0,6595;-1,5494;-0,1728;-0,4316;2,0835;1,368;-1,5453;1,5106;0,7803;-0,2618;-0,7583;-0,6164
"les";0,7905;0,8966;-1,7243;-1,2889;-1,85;-2,1869;1,2587;-0,4741;-0,5011;-0,9646;-0,9704;3,5297;-1,1576;-0,7814;-0,4993;-0,3487;-5,1079;-1,7154;-0,279;-0,4554;-1,0495;-2,2398;0,4061;-0,4943;-2,5535;-0,7117;-1,3961;-0,605;-0,3218;-0,7821;8,1331;-1,3282;0,4825;-1,0819;1,0831;-1,2885;-0,5198;0,7178;-1,0881;5,203;-0,2748;2,1314;1,9269;-0,485;-0,7241
"écrire";-0,7547;-0,3084;-0,6427;-0,291;-0,1386;0,2056;1,3743;2,5801;1,3943;0,5611;0,333;-0,3011;-0,1738;1,2436;-0,7923;-0,2259;0,6315;-0,2145;-0,1322;-0,3297;-0,1917;-0,2172;-0,0458;-0,4016;-0,3945;-0,6637;-0,1327;-0,1035;-0,1798;-0,1181;0,3592;-1,2151;-1,1479;-0,2204;1,603;-0,1554;-0,1641;-0,2188;-0,195;0,3094;-0,5587;1,3051;-1,509;-0,4431;1,0753
"auteur";-0,4279;0,4795;-0,3644;0,5001;0,3533;0,3719;2,1997;0,8882;-0,238;-0,2039;0,2248;0,3481;-0,0986;-0,0952;-0,4492;-0,1281;0,6118;-0,1216;-0,0749;-0,1869;-0,1087;-0,1232;-0,026;0,3893;-0,2237;-0,3763;-0,0753;-0,0587;-0,1019;-0,067;-0,3729;-0,689;-0,6509;-0,125;3,3656;-0,0881;0,7148;-0,1241;0,6483;-0,4138;-0,3168;-0,4954;0,5217;-0,2513;-0,1192
"américain";-0,304;-0,1243;0,9321;-0,1172;0,468;0,4884;2,75;-1,1252;-0,4505;-0,3514;0,3826;0,5357;-0,07;-0,0676;-0,3191;-0,091;0,8388;-0,0864;-0,0532;-0,1328;-0,0772;-0,0875;-0,0184;-0,1618;-0,1589;0,9095;-0,0535;-0,0417;-0,0724;-0,0476;-0,6054;-0,4895;1,7164;-0,0888;-0,11;2,0418;-0,0661;-0,0881;-0,0785;-0,6495;1,0328;-0,7349;-0,221;-0,1785;-0,0847
"sa";-0,5514;-0,17;-0,2222;5,4273;0,254;0,2852;-0,31;-0,6218;-0,3739;0,5569;-0,3307;-1,27;3,8084;1,6101;-1,4527;0,7388;-0,3132;0,3904;1,2533;2,8242;-0,1903;-0,6166;-0,13;-0,287;1,8247;-1,8842;0,2365;1,5148;-0,5105;-0,3354;-0,8145;-3,4499;-3,2589;1,8236;-0,7754;-0,4413;-0,4659;0,7665;-0,5535;-0,3723;-0,5264;-0,4072;2,0978;1,1578;-0,2198
"propre";-0,2139;-0,0874;1,1956;-0,0825;0,5955;0,6171;0,5048;0,2763;0,2857;-0,9223;-0,4417;0,27;-0,0493;-0,0476;-0,2246;-0,064;0,4191;-0,0608;-0,0375;-0,0934;-0,0543;-0,0616;-0,013;-0,1138;-0,1118;-0,1881;-0,0376;1,1848;-0,051;-0,0335;1,1708;-0,3444;-0,3254;-0,0625;-0,0774;-0,0441;0,9933;-0,062;-0,0553;-0,1385;-0,1584;-0,5171;1,1666;-0,1256;-0,0596
"femme";-0,4504;-0,1841;7,9552;-0,1737;0,3371;0,3554;-0,3429;0,8105;0,3489;-0,4233;-0,4249;-0,2801;-0,1038;1,6525;-0,1498;-0,1348;0,1967;-0,128;-0,0789;-0,1968;-0,1144;-0,1296;-0,0273;0,3725;-0,2355;0,2231;-0,0792;0,8774;-0,1073;-0,0705;0,4859;-0,7253;-0,6851;-0,1316;0,5045;-0,0928;-0,0979;-0,1306;-0,1164;0,7769;-0,3334;-1,0888;-0,9007;-0,2645;-0,1254
"arabe";0,9668;-0,1012;-0,211;-0,0955;-0,1472;-0,139;-0,1886;5,0295;2,9343;-1,0679;-0,5115;-0,3872;-0,0571;-0,0551;-0,26;-0,0741;1,7773;-0,0704;-0,0434;-0,1082;-0,0629;-0,0713;-0,015;-0,1318;-0,1295;-0,2178;-0,0436;-0,034;-0,059;-0,0388;-0,4932;0,6451;-0,3768;-0,0724;-0,0896;-0,051;-0,0539;-0,0718;-0,064;-0,5292;-0,1834;-0,5987;-0,4953;-0,1454;-0,069
"musulman";0,8469;-0,1196;-0,2493;-0,1129;-0,174;-0,1643;-0,2229;6,0179;3,4668;-1,2621;-0,6045;-0,4577;-0,0674;-0,0651;-0,3073;-0,0876;4,4491;-0,0832;-0,0513;-0,1279;-0,0744;-0,0843;-0,0178;-0,1558;-0,153;-0,2574;-0,0515;-0,0402;-0,0697;-0,0458;-0,5829;-0,4714;-0,4453;-0,0855;-0,1059;-0,0603;-0,0637;-0,0849;-0,0756;-0,6255;-0,2167;-0,7076;-0,5854;-0,1719;-0,0815
"décrire";-0,2252;-0,092;-0,1918;-0,0868;-0,1338;-0,1263;-0,1714;0,9831;0,7623;0,4488;-0,1428;0,2554;-0,0519;-0,0501;-0,2364;-0,0674;1,0568;-0,064;-0,0394;0,6932;-0,0572;-0,0648;-0,0137;-0,1198;-0,1177;-0,198;-0,0396;-0,0309;-0,0536;-0,0352;-0,4484;-0,3626;-0,3425;-0,0658;0,7668;-0,0464;-0,049;-0,0653;-0,0582;1,6913;-0,1667;-0,5443;-0,1355;-0,1322;-0,0627
"avec";-0,4103;-0,5809;-0,4342;0,3483;0,7413;0,5389;2,4193;0,3794;-0,5533;-0,533;-0,7873;-0,6418;-0,6446;-0,2349;0,3013;-0,3691;0,5537;0,2639;-0,4901;0,825;-0,7108;-0,8053;-0,1698;0,3547;-0,4566;-1,6317;-0,4921;0,6573;0,3448;1,7279;0,4344;0,362;1,2254;0,2523;-0,2281;-0,2083;-0,6084;-0,8113;1,0681;-1,1072;0,2929;-0,455;0,7205;1,8608;0,5774
"figure";1,3734;-0,0598;-0,1246;-0,0564;-0,087;-0,0821;-0,1114;-0,5417;-0,2169;0,3909;0,2998;1,0361;-0,0337;-0,0326;-0,1536;-0,0438;2,4362;-0,0416;-0,0256;-0,0639;-0,0372;-0,0421;-0,0089;-0,0779;0,7918;-0,1287;-0,0257;1,3451;-0,0349;-0,0229;-0,2914;-0,2357;-0,2226;-0,0428;-0,053;-0,0301;-0,0318;-0,0424;-0,0378;-0,3127;-0,1083;-0,3538;0,3096;-0,0859;-0,0408
"du";3,6697;1,7024;0,3151;-1,5679;0,3945;0,6375;-1,4973;-8,0533;-4,3017;1,1822;0,7593;0,4955;-0,6904;0,4119;-0,3352;-0,2754;-0,8128;3,0509;-0,2229;-2,5511;-0,8133;0,5558;0,5128;3,0177;1,2232;-0,7251;-0,225;-0,5519;-0,7308;-0,6654;-0,3052;2,3414;2,7807;-0,6662;-0,4584;0,4842;-0,6257;0,3567;-0,5215;-3,1846;2,2693;1,0225;-0,7487;-0,3081;-0,3766
"qui";0,3444;-1,5708;-2,0628;-0,6952;0,347;0,4231;-0,4705;6,048;3,2266;-2,4465;-0,8954;0,3755;0,2462;1,0245;0,3576;-1,4761;0,7653;0,431;-0,1949;-0,4339;-0,2599;-0,5782;-0,4612;-2,3058;-0,3469;-3,1722;-1,3366;-0,5086;-0,6639;1,6949;-0,3077;-0,4411;1,5001;-0,3686;0,5346;-0,8992;1,0637;1,1694;-0,7611;1,3825;0,526;-0,7029;-0,5538;-3,4053;0,9442
"à";-0,2992;-0,3195;0,8714;1,8748;0,4409;0,4576;-0,8325;-1,5865;-0,548;-0,8257;0,3081;1,1369;0,5861;0,8562;0,3242;0,8431;-0,887;-1,4599;-0,8191;-0,3139;1,0212;0,4121;-0,9085;1,8096;0,6177;-2,1212;0,4092;0,7259;0,7211;0,3558;0,8476;-0,5516;-0,5667;-1,5358;-0,5004;0,2581;0,4935;-0,4586;2,1071;0,3876;1,3422;-0,9484;0,413;0,9953;-0,2778
"être";-1,0568;-1,417;0,6877;-0,4996;-0,4055;-0,3663;1,4994;0,6925;1,1696;-0,9464;-0,5047;0,6687;2,635;0,3592;-0,3438;-0,5447;7,4225;-0,7891;-1,4019;0,4618;0,7241;-1,0487;0,2772;-0,5314;-1,7054;-0,8214;-2,5859;-0,2503;0,2777;-0,2401;-0,7516;0,591;5,8601;-0,8539;0,4127;-1,3987;0,2711;1,3394;-1,0248;-0,6856;-1,9198;-2,6135;-0,2862;0,2985;0,6837
"plutôt";-0,3153;-0,1289;-0,2685;-0,1216;-0,1874;-0,1769;0,372;-0,2829;-0,4671;2,7604;1,8601;-0,4929;-0,0726;-0,0701;0,7628;-0,0944;0,8135;-0,0896;-0,0552;-0,1377;-0,0801;-0,0907;-0,0191;-0,1678;-0,1648;-0,2772;-0,0554;-0,0433;-0,0751;-0,0493;0,7833;0,4972;-0,4795;-0,0921;-0,1141;-0,0649;-0,0686;-0,0914;-0,0814;-0,2594;0,3812;-0,7621;-0,6304;-0,1851;-0,0878
"que";-0,7687;-1,871;-1,0026;-0,5264;-1,2916;-1,5571;-2,0243;4,4038;2,4292;0,5296;0,6123;0,5898;1,1836;0,5925;0,4834;-1,2526;1,3657;-0,7232;-1,1736;1,4216;-0,5972;0,3473;0,2162;-1,9248;-1,3813;-4,7226;-1,1784;-0,4234;0,3051;-0,5131;-1,6819;0,4181;0,667;0,3352;-0,7082;-0,2126;0,3703;-0,454;-1,0303;1,8686;0,4714;0,775;-1,2923;-0,9353;-0,2379
"où";0,724;-0,4052;-0,8444;0,2326;0,4087;0,4395;1,5331;-0,5298;-0,4546;-1,8811;-0,8053;0,5663;0,3883;1,0388;0,6747;0,3054;1,6416;0,3212;-0,1736;0,1999;-0,2519;-0,2853;-0,0602;-0,5276;0,9363;1,3101;-0,1743;-0,136;-0,2362;0,5222;1,1234;-1,5963;-0,8505;0,3128;-0,3588;-0,2042;-0,2156;0,315;1,6713;0,2867;-0,7339;-0,4257;-0,2673;-0,2107;1,5876
"vous";-0,2729;-0,4559;-0,443;-0,4302;0,3485;0,3773;-0,3755;6,2116;4,0464;-4,8092;-2,3034;5,0694;-0,2569;-0,2481;0,3025;-0,3338;3,7276;-0,317;-0,1954;-0,159;1,5577;-0,321;-0,0677;-0,5936;-0,5831;-0,9809;-0,1962;2,2693;1,6289;-0,1746;-2,2212;-0,2079;-0,9986;-0,3258;-0,4037;-0,2297;-0,2425;0,2797;1,5392;-0,2549;-0,8257;-2,6963;-2,2304;-0,655;-0,3106
"venir";-0,2923;-0,2946;0,7848;-0,278;0,5913;0,6269;-0,5488;-2,6681;-1,0681;0,4384;0,619;-0,5647;-0,1661;-0,1604;0,6083;-0,2158;-0,2806;-0,2049;-0,1263;0,2876;0,4634;-0,2075;-0,0437;-0,3836;0,2365;-0,2399;-0,1268;-0,0989;1,2265;-0,1128;0,6594;1,3332;-1,0964;0,4154;-0,2609;-0,1485;-0,1567;0,4179;-0,1862;0,8867;-0,5336;0,2598;0,6547;0,2057;1,9538
"ce";-2,5976;-0,2166;0,4584;0,2644;-0,542;-0,2963;-0,6483;2,4028;1,8639;-1,304;-1,2793;-0,6517;-1,015;0,41;-0,5556;-0,7103;6,6289;1,5842;0,277;0,5566;-0,5636;-0,6724;-0,2673;2,0856;-0,2427;-2,8723;-0,7749;-0,2244;-1,0497;-0,2752;-3,1072;0,7485;4,2014;-0,3617;-0,2964;-0,9075;-0,2044;0,4753;0,5784;0,6732;-0,6062;0,4684;-1,1616;-1,7405;-0,3307
"j";-0,8022;-0,5896;-1,2286;0,8674;0,5064;0,2569;1,395;1,3571;1,2727;-4,1045;-1,4639;2,7455;0,2719;0,7747;-0,8574;-0,4318;0,6664;0,6164;-0,2527;1,8181;-0,3665;-0,4152;-0,0875;-0,7677;-0,7541;-1,2686;-0,2537;0,4365;-0,3437;0,3921;-2,8726;-0,9945;-0,5742;1,1358;-0,522;-0,2971;-0,3137;-0,4183;0,6766;9,0396;-0,5256;0,4262;-2,8846;0,2381;0,6291
"entendre";0,7484;-0,1381;-0,2877;0,5864;0,4316;0,4514;-0,2572;-1,2503;-0,5005;1,0433;0,3296;-0,1776;-0,0778;-0,0751;-0,3546;-0,1011;0,7662;-0,096;-0,0592;0,5405;-0,0858;-0,0972;-0,0205;0,4699;-0,1766;-0,2971;-0,0594;-0,0463;-0,0805;-0,0529;-0,2594;1,4852;-0,17;-0,0987;-0,1222;-0,0696;-0,0735;-0,0979;-0,0873;0,6617;-0,2501;0,2586;-0,261;-0,1983;-0,0941
"il";-1,2079;-0,479;0,622;-0,627;-1,137;-1,0052;-0,7062;2,9059;1,1803;0,7272;0,6468;-0,8011;-0,3279;0,511;0,5599;-0,5687;3,3842;1,6781;-1,2693;3,3768;0,3866;-0,5254;-0,1345;-2,8571;-2,796;-1,6339;-1,2745;0,7127;0,9887;0,5828;-0,8258;-1,6873;-0,5893;3,3715;0,4093;-0,4737;1,5316;0,4594;-1,8723;-2,1087;-1,1003;-1,1083;0,6561;0,3003;1,732
"y";-0,3952;0,292;-0,5079;-0,284;-0,2607;-0,2329;1,8311;1,8963;1,3612;-1,4216;0,4717;0,5008;0,2073;-0,4063;-0,4379;1,4252;1,2939;0,4766;-0,3199;-0,7978;-0,1473;-0,5256;-0,1108;-0,9719;-0,4473;-0,9297;-0,3212;-0,2506;1,1026;-0,2859;0,3677;-0,2965;0,7524;-0,5335;0,7133;-0,3762;-0,3971;-0,1821;-0,4718;-1,2246;-1,352;0,2797;-0,2468;0,3531;0,4881
"longtemps";0,5729;-0,0552;-0,1151;-0,0521;-0,0803;-0,0758;-0,1029;1,7212;0,4326;-0,5824;-0,279;-0,2112;-0,0311;-0,0301;-0,1418;-0,0404;0,5828;-0,0384;-0,0237;-0,059;-0,0343;-0,0389;-0,0082;-0,0719;-0,0706;-0,1188;-0,0238;-0,0185;-0,0322;-0,0211;-0,269;-0,2175;1,1178;-0,0395;-0,0489;-0,0278;-0,0294;-0,0392;-0,0349;0,3138;-0,1;0,2769;0,3343;-0,0793;-0,0376
"dire";-1,3749;-0,5619;-1,171;0,4651;0,253;-0,3256;-0,5106;5,3717;2,6466;-1,3227;-0,2617;0,9464;-0,3167;-0,3059;-0,4429;-0,4115;5,6314;-0,3907;-0,2408;0,3981;-0,3493;0,2234;-0,0834;-0,7317;-0,2925;3,3364;-0,2418;-0,1886;-0,3276;-0,2152;-0,878;-2,2138;-0,8383;0,2194;-0,4975;0,3196;-0,299;2,6335;0,2529;0,3121;-0,229;-1,7225;-1,8738;-0,8073;-0,3828
"je";-0,916;-0,6496;-1,3536;1,2769;0,4368;-0,1759;0,2824;1,4882;1,3851;-4,6579;-2,3387;1,2591;2,7907;0,2542;-1,6684;-0,4757;10,2266;0,5573;-0,2784;2,9418;-0,4037;-0,1438;-0,0964;-0,8458;-0,8308;-0,2168;-0,2795;-0,218;0,2352;0,3605;-1,6046;-0,5054;2,9279;-0,1473;0,4206;-0,3273;-0,3456;-0,1456;0,6154;-2,4389;-0,3038;0,4519;-3,1779;0,4453;-0,1363
"sentir";-0,2815;-0,115;-0,2397;-0,1086;-0,1673;-0,1579;-0,2143;0,7197;0,6154;-0,6162;-0,2056;1,1241;-0,0648;2,0429;-0,2955;-0,0842;0,8932;-0,08;-0,0493;0,608;-0,0715;-0,081;-0,0171;-0,1498;0,5415;-0,2475;-0,0495;-0,0386;-0,0671;-0,0441;-0,1941;-0,4532;-0,4281;-0,0822;0,6797;-0,058;2,0619;-0,0816;-0,0727;0,8258;-0,2084;-0,6804;-0,1954;-0,1653;-0,0784
"chose";-0,518;-0,2117;-0,1342;-0,1998;-0,3079;-0,2907;0,6445;0,6169;0,6019;-0,3411;-0,246;0,2596;0,6193;1,5394;0,4546;-0,155;6,7928;0,5413;-0,0907;-0,2263;-0,1316;-0,1491;-0,0314;-0,2757;-0,2708;-0,4556;-0,0911;-0,0711;-0,1234;-0,0811;-1,0316;-0,8341;0,2714;0,5313;-0,1875;-0,1067;-0,1126;-0,1502;-0,1338;-0,2628;-0,3835;0,2716;-0,2309;-0,3042;-0,1442
"mieux";-0,2139;-0,0874;0,4652;-0,0825;-0,1272;-0,12;1,2809;1,049;0,2857;-0,4107;0,1949;0,27;-0,0493;-0,0476;-0,2246;-0,064;0,4191;-0,0608;-0,0375;-0,0934;-0,0543;-0,0616;-0,013;-0,1138;-0,1118;-0,1881;-0,0376;-0,0293;-0,051;-0,0335;-0,426;-0,3444;-0,3254;-0,0625;-0,0774;-0,0441;-0,0465;-0,062;-0,0553;0,5637;-0,1584;0,4917;0,6039;0,6001;-0,0596
"ne";-0,3416;-0,6849;-1,8111;0,5364;-0,2962;-0,5069;-0,5033;0,8705;0,8075;-0,2954;-0,3784;1,1826;1,4441;0,8056;-0,5443;-0,3337;2,3038;-0,8006;0,7999;1,2596;-0,2192;-0,3027;0,2005;-1,5783;-1,1344;-4,1732;-1,2525;-0,4629;0,2654;-0,56;0,5328;2,5955;0,3259;-0,8377;-1,7324;-0,8228;0,3261;0,2938;-1,1177;-0,5538;0,3781;0,3928;0,2933;0,4511;-0,7739
"pas";0,3531;0,3857;-0,884;0,9763;-0,8555;-1,1464;-0,3187;-0,6078;-0,2482;0,3269;-0,3127;2,2634;1,4791;1,5419;-0,5948;-0,2017;5,9249;-0,6822;-0,3379;-0,2735;0,3122;0,2437;-0,2735;-0,6934;-0,425;-2,9531;-0,34;-0,2325;0,6339;0,3177;-1,744;4,641;0,5456;-0,7089;-0,5547;-0,43;-0,214;0,7415;-0,5964;-2,0779;0,311;-0,6584;-1,0341;1,3783;0,2609
"falloir";0,3249;-0,2854;-0,2172;-0,2693;-0,4151;-0,3918;-0,5317;2,9192;2,0652;0,3124;0,3917;-0,2588;-0,1609;-0,1553;0,3023;-0,209;0,6968;0,4356;-0,1223;-0,3051;-0,1774;-0,201;-0,0424;-0,3716;-0,3651;-0,6141;-0,1228;-0,0958;-0,1664;-0,1093;-1,3906;-0,274;0,365;0,4262;0,3554;-0,1438;-0,1518;0,4287;-0,1804;0,3659;-0,174;0,4896;-0,7627;-0,41;-0,1945
"garder";0,4919;-0,069;-0,1438;-0,0651;0,6854;0,7077;-0,1286;0,3929;0,3586;-0,285;-0,3487;-0,264;-0,0389;-0,0376;-0,1773;-0,0505;0,5014;-0,048;-0,0296;-0,0738;-0,0429;0,9752;-0,0102;-0,0899;-0,0883;-0,1485;-0,0297;-0,0232;-0,0402;-0,0264;1,4348;-0,2719;0,3502;-0,0493;0,8818;-0,0348;-0,0367;-0,049;-0,0436;0,2485;-0,125;-0,4082;-0,3377;-0,0992;-0,047
"barbarie";-0,3153;-0,1289;0,3362;-0,1216;0,4553;0,4755;-0,24;-0,2829;-0,1456;-1,3592;-0,651;0,5141;-0,0726;-0,0701;-0,331;-0,0944;3,2353;-0,0896;-0,0552;-0,1377;1,8384;-0,0907;-0,0191;1,2515;-0,1648;-0,2772;-0,0554;1,0232;-0,0751;-0,0493;-0,6278;-0,5076;-0,1519;-0,0921;-0,1141;0,8574;4,7446;0,7217;-0,0814;-0,2594;-0,2334;-0,3132;-0,2342;-0,1851;-0,0878
"ça";-0,3716;-0,1519;-0,3165;4,7443;-0,2209;-0,2085;3,3714;-1,3753;-0,5506;-1,602;-0,7673;-0,207;0,7474;-0,0827;-0,3901;-0,1112;5,9348;0,6658;-0,0651;-0,1623;0,7092;-0,1069;-0,0225;0,4368;-0,1943;-0,3268;-0,0653;-0,051;-0,0885;-0,0582;-0,7399;-0,5983;0,4359;1,5903;-0,1345;-0,0765;-0,0808;0,6582;-0,096;-0,7939;0,3286;-0,1703;-0,743;1,053;-0,1035
"m";0,203;1,2164;-0,3644;2,1955;-0,2544;-0,2401;0,2776;1,7049;1,2695;-1,8448;-0,8836;0,7194;-0,0986;-0,0952;-0,4492;-0,1281;1,8397;-0,1216;-0,0749;1,1662;0,6548;-0,1232;-0,026;-0,2277;-0,2237;0,2369;-0,0753;-0,0587;-0,1019;-0,067;-0,8521;-0,689;-0,6509;2,5295;0,523;-0,0881;-0,093;-0,1241;-0,1105;-0,9142;0,789;-0,2281;-0,8556;-0,2513;-0,1192
"frapper";0,2671;-0,1381;-0,2877;-0,1303;-0,2008;-0,1895;-0,2572;-0,3241;-0,163;-0,4296;-0,2742;-0,1776;-0,0778;-0,0751;-0,3546;-0,1011;0,2748;-0,096;-0,0592;-0,1476;-0,0858;-0,0972;-0,0205;-0,1798;-0,1766;9,1872;-0,0594;-0,0463;-0,0805;-0,0529;-0,6726;-0,5439;3,0532;-0,0987;-0,1222;3,2635;-0,0735;-0,0979;-0,0873;-0,7217;-0,2501;-0,8165;0,3451;-0,1983;-0,0941
"comprendre";-0,4054;-0,1657;-0,3453;-0,1563;0,3708;0,3897;0,807;1,8427;1,3422;-0,3345;-0,8371;-0,6337;-0,0934;-0,0902;-0,4256;-0,1213;0,646;-0,1152;-0,071;-0,1771;-0,103;-0,1167;-0,0246;-0,2157;-0,2119;-0,3565;-0,0713;-0,0556;-0,0966;-0,0634;-0,3436;0,3605;0,7919;-0,1184;-0,1467;-0,0835;-0,0881;0,625;-0,1047;0,2331;-0,3001;0,4258;0,564;-0,238;-0,1129
"quelque";-0,3378;-0,1381;0,3148;-0,1303;-0,2008;-0,1895;0,9356;-0,3241;-0,163;1,0433;0,6901;-0,5281;0,7851;0,7989;0,2533;-0,1011;4,0746;0,7026;-0,0592;-0,1476;-0,0858;-0,0972;-0,0205;-0,1798;-0,1766;-0,2971;-0,0594;-0,0463;-0,0805;-0,0529;-0,6726;-0,5439;-0,5138;-0,0987;-0,1222;-0,0696;-0,0735;-0,0979;-0,0873;-0,7217;-0,2501;0,5628;0,3451;-0,1983;-0,0941
"cette";0,59;0,7863;-1,19;-0,8742;0,4326;0,4806;0,4475;0,6606;0,6412;-1,2641;-0,7626;0,5555;-0,1781;-0,1685;-0,4311;-0,6785;-0,3602;-0,2478;-0,397;1,1079;0,4196;-0,6524;-0,1375;-1,2064;-0,6107;-0,4764;-0,3986;-0,311;-0,1879;0,2532;-2,6784;-0,5499;5,9589;-0,2585;0,2509;1,6385;0,5058;0,7174;-0,5856;1,3488;0,7319;0,6174;-0,7004;-1,331;-0,6312
"appartenir";-0,1238;-0,0506;-0,1055;-0,0478;0,8071;0,8302;-0,0943;-0,4583;-0,1835;0,4854;0,9614;1,1653;-0,0285;-0,0275;-0,13;-0,0371;0,6154;-0,0352;-0,0217;-0,0541;-0,0315;-0,0356;-0,0075;-0,0659;-0,0647;-0,1089;-0,0218;-0,017;-0,0295;-0,0194;-0,2466;-0,1994;-0,1884;-0,0362;-0,0448;-0,0255;-0,0269;-0,0359;-0,032;0,3408;-0,0917;-0,2993;0,3619;-0,0727;-0,0345
"grand";-1,1154;-0,4559;-0,443;-0,4302;-0,2582;-0,2362;-0,3755;-1,3427;-0,5613;0,6102;0,3843;-0,3535;-0,2569;-0,2481;3,4716;-0,3338;0,9925;-0,317;-0,1954;-0,159;-0,2834;0,775;-0,0677;-0,5936;0,414;-0,9809;-0,1962;-0,153;-0,2658;-0,1746;-0,3572;0,9546;0,4728;0,765;0,2181;-0,2297;-0,2425;-0,3234;-0,2882;1,0653;0,5362;1,1073;-0,2104;-0,655;0,2917
"celui";0,8482;-0,2347;-0,4892;0,3985;-0,3414;-0,3223;-0,4373;-0,3053;0,9021;-0,7025;-0,6055;-0,1741;-0,1323;-0,1278;2,6238;-0,1719;0,4388;0,504;-0,1006;-0,2509;-0,1459;-0,1653;-0,0348;-0,3057;-0,3003;-0,5051;-0,101;-0,0788;0,5682;-0,0899;0,5953;-0,9248;-0,8736;0,4942;-0,2079;-0,1183;3,7022;-0,1665;-0,1484;0,5306;1,1374;1,058;-0,5785;-0,3373;-0,1599
"me";1,9247;-0,1611;-0,3357;0,5297;1,7903;1,0425;0,8265;-0,4348;-0,209;-1,6991;-0,8138;0,3899;-0,0908;-0,0877;-0,4137;-0,118;5,7248;-0,112;-0,069;-0,1722;-0,1001;-0,1134;-0,0239;-0,2097;-0,206;-0,3466;-0,0693;-0,0541;0,7112;2,051;-0,7848;-0,6346;0,4042;0,6329;0,553;-0,0812;-0,0857;-0,1143;-0,1018;0,2447;-0,2918;-0,4388;-0,7881;-0,2314;-0,1097
"toucher";-0,1576;-0,0644;-0,1342;-0,0608;-0,0937;-0,0884;-0,12;-0,5834;-0,2335;-0,2553;0,2779;-0,2464;-0,0363;-0,0351;-0,1655;-0,0472;0,5263;-0,0448;-0,0276;-0,0689;2,4306;-0,0454;-0,0096;-0,0839;-0,0824;2,4621;-0,0277;-0,0216;-0,0376;-0,0247;0,2886;-0,2538;1,0001;-0,046;0,9098;-0,0325;-0,0343;-0,0457;-0,0407;-0,3367;0,6278;0,2335;-0,3152;-0,0925;-0,0439
"ma";0,4919;-0,069;-0,1438;-0,0651;-0,1004;-0,0948;-0,1286;0,3929;0,3586;-0,285;-0,3487;0,9294;1,0671;-0,0376;0,4747;-0,0505;3,376;-0,048;-0,0296;1,9187;-0,0429;-0,0486;-0,0102;-0,0899;-0,0883;-0,1485;-0,0297;-0,0232;-0,0402;-0,0264;-0,3363;-0,2719;-0,2569;-0,0493;-0,0611;-0,0348;-0,0367;-0,049;-0,0436;-0,3608;-0,125;-0,4082;-0,3377;-0,0992;-0,047
"condition";-0,1351;0,923;-0,1151;-0,0521;-0,0803;-0,0758;-0,1029;-0,5;-0,2002;-0,1988;0,3243;-0,2112;-0,0311;-0,0301;0,555;-0,0404;1,4596;-0,0384;-0,0237;-0,059;-0,0343;-0,0389;-0,0082;-0,0719;-0,0706;-0,1188;-0,0238;-0,0185;-0,0322;-0,0211;-0,269;-0,2175;-0,2055;-0,0395;-0,0489;-0,0278;-0,0294;-0,0392;-0,0349;-0,2886;-0,1;-0,3266;0,9195;4,6341;-0,0376
"social";0,2872;1,4562;-0,2685;-0,1216;-0,1874;-0,1769;0,9857;0,6008;-0,1456;-0,7245;-0,2461;0,5141;-0,0726;-0,0701;0,273;-0,0944;3,2353;-0,0896;-0,0552;-0,1377;-0,0801;-0,0907;1,3656;-0,1678;-0,1648;-0,2772;-0,0554;-0,0433;-0,0751;-0,0493;-0,6278;-0,5076;-0,4795;-0,0921;-0,1141;-0,0649;-0,0686;-0,0914;-0,0814;-0,6736;-0,2334;0,2892;-0,6304;4,2426;-0,0878
"tant";0,2981;-0,1243;0,9321;-0,1172;-0,1807;-0,1706;0,3839;-0,263;-0,1371;0,2559;0,3826;-0,4753;-0,07;0,841;-0,3191;-0,091;0,8388;0,7438;-0,0532;-0,1328;-0,0772;-0,0875;-0,0184;-0,1618;0,5136;-0,2673;-0,0535;-0,0417;0,8136;-0,0476;-0,6054;-0,4895;-0,143;1,7547;-0,11;-0,0626;-0,0661;-0,0881;0,7814;-0,245;0,3932;-0,7349;0,8133;-0,1785;-0,0847
"enfant";-0,4279;-0,1749;-0,3644;-0,165;-0,2544;-0,2401;-0,3258;-1,5838;-0,634;-0,2039;0,2248;-0,2586;-0,0986;-0,0952;-0,4492;-0,1281;0,6118;-0,1216;-0,0749;-0,1869;-0,1087;-0,1232;-0,026;-0,2277;1,0333;-0,3763;-0,0753;-0,0587;4,0542;-0,067;0,9126;-0,689;-0,2479;-0,125;-0,1549;2,9595;-0,093;-0,1241;-0,1105;-0,1781;-0,3168;-0,2281;-0,3752;9,7239;-0,1192
"france";3,9551;1,6305;5,3507;-0,2519;-0,3883;-0,3665;0,5035;-1,0442;-0,9679;-1,9206;-0,7265;2,6997;-0,1505;-0,1453;-0,2705;1,1295;0,7551;-0,1857;-0,1144;-0,2854;4,3896;-0,188;-0,0396;-0,3476;-0,3415;-0,5745;-0,1149;-0,0896;-0,1556;-0,1022;-1,3008;-1,0518;-0,4705;-0,1908;0,377;-0,1345;-0,142;0,4516;-0,1688;-1,3957;-0,4836;1,2157;-1,3062;1,2403;-0,1819
"quand";-0,7096;-0,29;-0,6043;-0,2737;0,601;0,6368;-0,5403;1,2282;1,0526;-0,3049;-0,4489;0,6188;-0,1635;-0,1579;-0,7449;1,0678;1,6904;0,4301;-0,1243;0,2923;-0,1803;-0,2042;1,0251;-0,3776;0,2408;-0,624;-0,1248;-0,0973;0,4915;-0,1111;-0,7754;0,5908;-0,2532;0,4208;0,3503;-0,1462;-0,1543;2,8854;0,463;-0,2539;-0,5253;-0,3346;-1,4189;-0,4167;-0,1976
"c";-1,6002;-1,2869;-0,855;-1,2143;-0,2392;-0,2053;3,8468;0,3093;0,442;-3,1399;-0,8693;1,7814;1,5782;0,3211;0,3233;-0,1977;3,1431;-0,178;-0,1943;-0,7529;2,5816;-0,9062;-0,191;-1,6757;-0,3176;-1,896;-0,5537;-0,432;-0,7502;-0,4928;-3,4469;-1,2275;3,227;-0,424;-0,578;-0,2504;0,3319;2,2712;-0,3534;9,2351;-0,2499;-0,5571;-2,3612;-0,2316;0,8449
"par";0,5343;-1,3516;2,8558;-2,0055;-0,2264;0,3038;0,5361;-1,5871;-1,4129;1,5516;0,2778;0,8101;-0,3161;-0,2958;1,1328;-1,5564;-1,9958;-1,478;-0,4179;-0,3897;0,4473;1,2388;-0,3155;-0,9085;3,6897;0,334;-0,4204;0,6487;0,807;-0,8139;2,9391;0,2888;-0,6646;-0,4891;-1,1517;0,3527;0,3197;-0,2613;0,7091;-0,5964;0,5819;-1,575;0,3328;-1,5305;-0,2381
"pour";-0,3237;1,2269;-0,5021;-0,4937;-2,2008;-2,0482;1,9681;-0,2905;0,5217;-2,6019;-1,8042;0,6453;-0,6283;0,5555;-0,6988;1,9693;-0,4071;2,1057;0,7944;-0,3979;-0,3858;0,8728;0,2844;-1,3359;-0,2467;0,3235;-0,1893;-0,2936;0,7962;0,2505;-0,279;-0,5394;0,2777;0,5626;0,3602;0,6283;0,3146;-0,4902;-0,2038;0,5303;2,4183;0,4109;-0,5648;1,9232;1,6985
"ambition";-0,1126;-0,046;-0,0959;-0,0434;-0,0669;-0,0632;-0,0857;-0,4167;-0,1668;-0,4854;-0,2325;-0,176;-0,0259;-0,025;-0,1182;-0,0337;0,6516;1,1486;-0,0197;-0,0492;-0,0286;-0,0324;-0,0068;-0,0599;-0,0589;-0,099;-0,0198;-0,0154;-0,0268;-0,0176;1,9323;3,3192;-0,1712;-0,0329;-0,0407;-0,0232;-0,0245;-0,0326;-0,0291;-0,2405;0,7579;-0,2721;-0,2251;-0,0661;-0,0313
"parce_que";0,2769;-0,1335;-0,2781;-0,1259;0,4432;0,4632;0,3607;1,353;1,0245;-0,7613;-0,2601;-0,5105;-0,0752;0,8124;3,0173;-0,0977;1,4576;-0,0928;-0,0572;-0,1426;0,7598;-0,094;-0,0198;-0,1738;-0,1707;-0,2872;-0,0574;-0,0448;-0,0778;-0,0511;-0,6502;-0,5258;0,9992;-0,0954;-0,1182;-0,0673;-0,071;0,708;-0,0844;-0,6976;-0,2417;-0,7893;-0,6529;-0,1917;-0,0909
"jour";1,4505;-0,3269;0,3364;1,4686;-0,1524;-0,1388;0,3923;-2,9601;-1,185;-0,2844;0,507;-1,2503;-0,1842;-0,1779;-0,8396;1,7501;-0,3289;0,3899;-0,1401;0,2575;-0,2032;-0,2302;-0,0485;4,2616;0,6059;0,3211;-0,1406;-0,1097;0,4496;-0,1252;-0,2856;0,481;1,2475;-0,2336;-0,2894;0,5008;-0,1739;-0,2319;-0,2066;-0,5906;0,8159;-0,247;-0,5262;0,536;-0,2227
"on";-1,2774;-1,3702;-0,4338;0,2456;1,7708;1,5257;5,1099;0,5066;0,3527;0,471;-0,2858;0,2867;-0,3269;-0,7458;0,5562;1,5412;4,6578;0,4293;-0,5872;2,1568;0,5094;-0,9648;1,0984;-1,7841;1,6954;-1,45;-0,5896;-0,1452;-0,7987;-0,5247;-2,6228;-1,4087;1,6374;-0,2136;0,2795;-0,6905;-0,2996;1,1319;-0,8661;-2,0727;-0,4783;-0,2528;-3,1722;-0,2726;-0,9335
"essayer";0,4101;-0,0874;-0,1822;-0,0825;-0,1272;-0,12;-0,1629;1,049;0,7977;-0,1711;0,1949;0,27;-0,0493;-0,0476;-0,2246;-0,064;0,4191;-0,0608;-0,0375;-0,0934;-0,0543;-0,0616;-0,013;-0,1138;-0,1118;-0,1881;-0,0376;-0,0293;-0,051;-0,0335;-0,426;-0,3444;0,278;-0,0625;-0,0774;-0,0441;-0,0465;0,8759;-0,0553;-0,457;0,5149;1,5976;-0,4277;-0,1256;-0,0596
"notre";-0,5744;-0,2347;-0,4892;-0,2215;0,2641;0,2808;1,7562;1,7988;1,372;-0,7025;-0,6055;-0,405;-0,1323;-0,1278;-0,2213;-0,1719;0,8727;-0,1632;-0,1006;0,3577;-0,1459;0,4995;-0,0348;0,2964;0,3018;-0,1673;-0,101;-0,0788;-0,1368;-0,0899;-1,1437;-0,1849;-0,8736;0,4942;-0,2079;-0,1183;0,6022;-0,1665;4,6287;0,5306;0,2046;-0,7548;-0,5785;-0,3373;-0,1599
"ces";-0,3994;-0,1972;-0,5923;-0,1798;-0,3507;-0,3216;0,3747;-1,1784;-1,2609;1,0643;2,3695;0,457;-0,3141;-0,3033;2,2623;0,2152;0,4482;-0,3875;-0,2388;-0,5957;-0,3464;0,2256;-0,0827;-0,7257;-0,7129;-0,3144;-0,2398;-0,1871;-0,3249;0,4109;-1,8447;0,9096;0,2977;-0,3983;0,5057;-0,2809;-0,2965;0,2236;0,2552;-0,9838;-1,0094;0,928;3,3968;-0,8007;-0,3797
"petit";0,2489;-0,1473;-0,3069;-0,139;1,8961;1,9628;-0,2743;-1,3336;-0,5339;-0,4843;0,299;-0,5633;-0,083;-0,0802;0,6741;1,5958;0,7228;0,6777;-0,0631;-0,1574;-0,0915;-0,1037;-0,0219;1,1489;-0,1884;-0,3169;-0,0634;-0,0494;-0,0858;-0,0564;-0,7175;-0,5802;0,453;-0,1053;-0,1304;-0,0742;-0,0783;-0,1045;-0,0931;-0,7698;-0,2667;1,9373;1,1196;-0,2116;-0,1003
"tout";-0,2414;-0,2208;-0,3392;-0,565;-0,8709;-0,8221;-0,5595;0,5212;0,4368;-0,3123;-0,3184;0,3839;0,2674;-0,3259;-0,4967;-0,4385;1,3498;0,21;0,3505;1,2227;0,2399;-0,4217;-0,0889;-0,7797;1,0035;-1,2885;-0,2577;-0,201;-0,3491;0,387;1,1954;0,3564;-0,5924;-0,428;-0,5302;-0,3018;-0,3186;1,7742;-0,3785;0,5727;0,3468;0,2705;0,9119;-0,3834;0,2153
"regarder";-0,1238;-0,0506;0,6663;0,9824;-0,0736;-0,0695;-0,0943;-0,4583;-0,1835;0,4854;0,9614;-0,1936;-0,0285;-0,0275;-0,13;-0,0371;2,6589;-0,0352;-0,0217;-0,0541;-0,0315;-0,0356;1,7657;-0,0659;-0,0647;-0,1089;-0,0218;-0,017;-0,0295;-0,0194;-0,2466;-0,1994;-0,1884;-0,0362;-0,0448;-0,0255;-0,0269;1,1004;-0,032;-0,2646;-0,0917;-0,2993;-0,2476;-0,0727;-0,0345
"gens";-0,2927;0,6183;-0,2493;1,562;-0,174;-0,1643;3,8795;-0,2436;0,1995;-0,6519;-0,2189;-0,1405;-0,0674;-0,0651;0,8136;-0,0876;2,4311;0,7586;-0,0513;-0,1279;-0,0744;-0,0843;-0,0178;-0,1558;-0,153;-0,2574;-0,0515;-0,0402;-0,0697;-0,0458;-0,5829;-0,4714;0,575;-0,0855;0,6646;-0,0603;-0,0637;0,7507;-0,0756;-0,2308;-0,2167;-0,7076;-0,5854;-0,1719;-0,0815
"peu";-0,2784;-0,2854;-0,5947;1,6197;0,611;0,226;-0,182;0,2961;0,3817;2,3339;0,9858;-0,5394;-0,1609;1,3035;1,5949;-0,209;0,3377;0,4356;-0,1223;-0,3051;0,4745;-0,201;-0,0424;-0,3716;-0,3651;-0,6141;-0,1228;0,7034;-0,1664;-0,1093;-1,3906;-1,1244;1,4902;-0,204;-0,2527;-0,1438;-0,1518;-0,2025;-0,1804;-0,8355;0,4813;-0,3228;-1,3963;-0,41;-0,1945
"place";-0,1384;0,4615;-0,3836;-0,1737;-0,2677;-0,2527;0,2628;2,5771;0,7202;-1,1836;-0,4249;0,6749;-0,1038;-0,1002;1,0373;0,5737;0,1967;-0,128;-0,0789;-0,1968;-0,1144;-0,1296;-0,0273;-0,2397;0,3783;-0,3961;-0,0792;-0,0618;-0,1073;-0,0705;-0,4027;1,0993;0,3362;-0,1316;-0,163;-0,0928;0,6949;0,5855;-0,1164;-0,9624;-0,3334;-0,5339;-0,4052;0,3409;0,6006
"or";-0,3265;-0,1335;-0,2781;-0,1259;-0,1941;-0,1832;-0,2486;0,5661;0,5245;0,4339;0,3462;-0,5105;-0,0752;-0,0726;-0,3428;-0,0977;0,7893;-0,0928;-0,0572;-0,1426;-0,083;-0,094;-0,0198;-0,1738;-0,1707;-0,2872;-0,0574;-0,0448;-0,0778;-0,0511;0,3642;-0,5258;-0,4967;-0,0954;-0,1182;-0,0673;-0,071;-0,0947;-0,0844;-0,274;-0,2417;2,8408;1,8505;-0,1917;-0,0909
"sembler";-0,3941;-0,1611;-0,3357;-0,152;1,0007;1,0425;0,302;0,3981;0,418;0,7982;0,259;-0,6161;-0,0908;-0,0877;0,2116;-0,118;0,2316;-0,112;-0,069;0,4851;-0,1001;-0,1134;-0,0239;0,4168;0,4228;-0,3466;-0,0693;-0,0541;0,7112;-0,0617;-0,3292;-0,6346;-0,5995;-0,1151;-0,1426;-0,0812;-0,0857;-0,1143;-0,1018;-0,3657;-0,2918;0,7938;0,5866;0,384;-0,1097
"plus";0,9438;-0,5397;0,309;-1,5156;-0,658;-0,5873;-0,3203;-1,0878;-1,0467;5,3828;2,0364;-0,569;0,4649;-0,3935;-0,2662;0,2968;-0,6308;0,5962;-0,6883;0,4498;-0,9984;-1,1311;0,3742;-0,528;1,3221;-1,8374;-0,6911;-0,1874;0,4412;0,3851;-1,7559;-0,8097;-0,2821;-0,2915;-1,4222;-0,3508;0,234;-0,5782;0,6897;0,3813;0,3076;1,8747;0,5109;-1,5034;-0,2658
"penser";0,2489;-0,1473;-0,3069;0,5625;-0,2142;-0,2022;-0,2743;2,1596;1,5057;-0,8735;-0,3031;0,438;-0,083;-0,0802;-0,3783;-0,1078;2,9595;-0,1024;-0,0631;-0,1574;-0,0915;-0,1037;-0,0219;-0,1918;-0,1884;-0,3169;-0,0634;-0,0494;-0,0858;-0,0564;-0,7175;0,4222;-0,1887;-0,1053;-0,1304;-0,0742;0,7823;-0,1045;-0,0931;-0,3191;-0,2667;0,5123;-0,2886;-0,2116;-0,1003
"raison";0,2769;0,5775;-0,2781;-0,1259;0,4432;0,4632;-0,2486;-1,2086;-0,4838;-0,1994;0,3462;1,5737;-0,0752;-0,0726;1,3767;-0,0977;0,2848;-0,0928;-0,0572;-0,1426;-0,083;-0,094;-0,0198;0,4818;-0,1707;-0,2872;-0,0574;-0,0448;-0,0778;-0,0511;-0,6502;3,0096;-0,1608;-0,0954;-0,1182;-0,0673;-0,071;-0,0947;-0,0844;-0,274;0,3697;-0,7893;0,3621;-0,1917;-0,0909
"laquelle";0,448;-0,0782;-0,163;-0,0738;-0,1138;-0,1074;-0,1457;-0,7084;-0,2836;0,5764;0,6553;-0,2992;-0,0441;-0,0426;-0,2009;-0,0573;0,4573;-0,0544;-0,0335;-0,0836;-0,0486;-0,0551;-0,0116;-0,1019;1,6671;0,4931;-0,0337;-0,0263;-0,0456;1,1762;-0,3811;-0,3082;-0,2911;-0,0559;-0,0693;-0,0394;-0,0416;0,921;-0,0494;1,2195;0,5554;-0,1405;-0,3827;-0,1124;-0,0533
"surtout";0,3342;-0,1104;-0,2301;-0,1042;-0,1606;-0,1516;-0,2057;-0,2065;0,2202;-0,5808;-0,558;0,2062;-0,0622;0,8885;-0,2837;-0,0809;0,3426;1,8752;-0,0473;-0,118;0,835;-0,0778;-0,0164;-0,1438;0,5565;-0,2376;-0,0475;-0,0371;-0,0644;-0,0423;-0,5381;3,4812;1,8947;-0,0789;-0,0978;-0,0557;-0,0588;-0,0784;-0,0698;-0,2031;-0,2;-0,2462;-0,5403;-0,1587;-0,0752
"là";-0,6082;0,3607;-0,518;-0,2345;0,248;0,2642;0,5455;-0,9292;-0,4075;-0,3127;0,5086;-0,1959;-0,1401;-0,1353;0,3693;0,4655;1,9585;-0,1728;-0,1065;0,3395;-0,1545;-0,175;-0,0369;-0,3237;0,784;-0,5348;-0,107;0,7575;0,5472;-0,0952;-0,3142;0,7479;0,4591;-0,1777;-0,2201;-0,1253;-0,1322;0,4766;-0,1571;-0,6889;-0,1391;0,3798;0,5372;-0,3571;1,2382
"manière";-0,1914;-0,0782;0,5045;-0,0738;-0,1138;-0,1074;-0,1457;0,3286;0,3192;-0,3465;0,2237;-0,2992;-0,0441;-0,0426;-0,2009;-0,0573;1,181;-0,0544;-0,0335;-0,0836;-0,0486;-0,0551;-0,0116;-0,1019;-0,1001;-0,1683;-0,0337;-0,0263;1,0014;-0,03;-0,3811;2,3644;0,8581;-0,0559;-0,0693;-0,0394;-0,0416;-0,0555;-0,0494;0,2147;-0,1417;-0,4626;-0,3827;-0,1124;0,9375
"se";-0,2525;-0,9752;-1,3525;0,3172;0,3254;-0,2359;-0,3541;0,5059;0,3097;0,4041;-0,3105;0,722;-0,1953;-0,182;2,0329;0,8293;-0,3397;-0,2952;-0,2891;0,6539;-0,2374;-1,1702;-0,2467;-0,5656;-1,3515;-1,4285;-0,2909;-0,1978;0,4179;-0,2431;-0,2583;-1,3995;0,2766;-0,6132;-0,4619;-0,8375;-0,4;-0,6068;0,3648;1,2736;-0,4973;3,1507;0,6826;-1,5707;-1,1322
"raconter";-0,2477;-0,1012;-0,211;0,7046;0,5413;0,5625;0,4532;-0,9168;-0,367;-0,2333;-0,5115;0,2291;0,9097;-0,0551;-0,26;0,8043;0,9859;-0,0704;-0,0434;0,6565;-0,0629;-0,0713;-0,015;-0,1318;-0,1295;-0,2178;-0,0436;1,1234;-0,059;-0,0388;-0,4932;-0,3988;-0,3768;3,2294;-0,0896;-0,051;0,9332;-0,0718;0,8633;-0,5292;0,4629;0,4094;-0,1587;-0,1454;-0,069
"fasciner";-0,1689;-0,069;-0,1438;-0,0651;-0,1004;-0,0948;-0,1286;7,1009;2,7067;-0,7281;-0,3487;-0,264;-0,0389;-0,0376;-0,1773;-0,0505;0,5014;-0,048;-0,0296;-0,0738;-0,0429;-0,0486;-0,0102;-0,0899;-0,0883;-0,1485;-0,0297;-0,0232;-0,0402;-0,0264;-0,3363;-0,2719;-0,2569;-0,0493;-0,0611;-0,0348;-0,0367;-0,049;-0,0436;-0,3608;-0,125;-0,4082;-0,3377;-0,0992;-0,047
"faire";0,8186;0,3293;-0,256;0,3715;0,3948;0,2762;0,3199;-1,2386;-0,5472;-0,8266;-0,3715;1,8245;0,2274;0,5205;0,7204;-0,5704;4,8547;0,3522;0,3493;-0,3185;0,7494;-1,0854;-0,2288;-0,7892;-0,274;-0,8981;-0,2592;-0,5174;0,4703;0,8116;0,3806;-1,8039;-0,4465;1,375;-0,2072;0,2741;-0,3577;-0,5451;-0,4614;0,5789;-0,2597;0,6473;-0,5458;-0,2161;-0,5143
"peur";0,6414;-0,046;-0,0959;-0,0434;-0,0669;-0,0632;-0,0857;-0,4167;-0,1668;-0,1464;0,3825;-0,176;-0,0259;1,2515;0,623;-0,0337;0,6516;-0,032;-0,0197;-0,0492;-0,0286;-0,0324;-0,0068;-0,0599;-0,0589;-0,099;-0,0198;-0,0154;-0,0268;-0,0176;-0,2242;-0,1813;-0,1712;-0,0329;-0,0407;-0,0232;1,2612;-0,0326;-0,0291;0,3714;-0,0833;-0,2721;1,0573;-0,0661;-0,0313
"beau";0,4284;-0,0828;-0,1726;-0,0782;-0,1205;-0,1137;2,3119;-0,7501;-0,3003;0,2354;-0,4185;0,2858;-0,0467;-0,0451;-0,2127;-0,0607;0,4376;5,0935;-0,0355;-0,0885;-0,0515;-0,0583;-0,0123;-0,1078;0,6646;-0,1782;-0,0356;-0,0278;-0,0483;-0,0317;-0,4035;-0,3263;-0,3082;-0,0592;-0,0733;-0,0417;-0,0441;0,8977;-0,0524;1,8537;-0,15;-0,4899;-0,4052;-0,119;-0,0564
"regard";-0,1351;-0,0552;-0,1151;-0,0521;1,8563;1,9036;-0,1029;0,5205;-0,2002;-0,5824;-0,279;-0,2112;-0,0311;-0,0301;-0,1418;-0,0404;0,5828;-0,0384;-0,0237;-0,059;-0,0343;-0,0389;-0,0082;-0,0719;-0,0706;-0,1188;-0,0238;-0,0185;-0,0322;-0,0211;0,3356;-0,2175;-0,2055;-0,0395;-0,0489;-0,0278;-0,0294;-0,0392;-0,0349;0,8732;0,6868;-0,3266;0,3343;-0,0793;-0,0376
"terre";0,4284;-0,0828;-0,1726;-0,0782;-0,1205;-0,1137;-0,1543;-0,7501;-0,3003;0,9398;1,1921;0,7991;-0,0467;-0,0451;0,412;-0,0607;0,4376;-0,0576;-0,0355;1,7648;-0,0515;-0,0583;-0,0123;-0,1078;-0,1059;-0,1782;-0,0356;-0,0278;-0,0483;-0,0317;0,2182;-0,3263;-0,3082;-0,0592;-0,0733;-0,0417;-0,0441;-0,0588;-0,0524;-0,433;-0,15;0,5237;0,2171;-0,119;-0,0564
"pourtant";-0,2927;-0,1196;-0,2493;-0,1129;-0,174;-0,1643;0,3964;1,5661;1,1369;0,277;-0,2189;-0,4577;-0,0674;-0,0651;0,8136;-0,0876;0,3176;-0,0832;-0,0513;-0,1279;-0,0744;-0,0843;-0,0178;-0,1558;-0,153;-0,2574;-0,0515;-0,0402;-0,0697;-0,0458;-0,2068;-0,4714;0,575;-0,0855;-0,1059;-0,0603;-0,0637;-0,0849;-0,0756;-0,2308;1,061;-0,2792;0,4194;-0,1719;-0,0815
"beaucoup";-0,3941;-0,1611;-0,3357;-0,152;-0,2343;-0,2211;-0,3001;3,0579;2,019;-0,3135;0,259;-0,6161;-0,0908;-0,0877;-0,4137;0,6237;0,6641;-0,112;-0,069;-0,1722;-0,1001;-0,1134;-0,0239;-0,2097;-0,206;0,2598;-0,0693;-0,0541;0,7112;-0,0617;-0,3292;-0,6346;1,3464;0,6329;0,553;-0,0812;-0,0857;-0,1143;-0,1018;-0,842;-0,2918;-0,1926;-0,7881;-0,2314;0,6511
"meilleur";-0,1351;-0,0552;-0,1151;-0,0521;-0,0803;-0,0758;-0,1029;-0,5;-0,2002;-0,1988;-0,279;-0,2112;-0,0311;-0,0301;0,555;-0,0404;0,5828;-0,0384;-0,0237;-0,059;-0,0343;-0,0389;-0,0082;-0,0719;-0,0706;-0,1188;1,2738;-0,0185;-0,0322;1,3231;0,3356;-0,2175;-0,2055;-0,0395;-0,0489;-0,0278;-0,0294;-0,0392;-0,0349;2,5326;0,6868;-0,3266;-0,2701;0,7774;-0,0376
"dernier";0,3575;-0,267;0,8753;-0,2519;0,2284;0,2441;-0,4974;-2,4178;-0,9679;1,7739;1,9956;0,391;-0,1505;-0,1453;-0,2705;-0,1955;-0,2409;-0,1857;0,6353;-0,2854;1,2532;2,0318;-0,0396;0,7243;0,264;-0,2055;0,6337;-0,0896;-0,1556;0,6783;-0,6906;-1,0518;-0,9936;1,1476;-0,2364;-0,1345;-0,142;-0,1894;-0,1688;-1,3957;-0,1563;-0,5117;0,774;0,2317;1,1836
"mais";0,8212;-0,5378;-0,9552;1,0618;-0,5211;-0,4704;0,3128;0,5001;0,5623;-0,3172;0,4655;0,4787;0,7812;1,9232;-0,2548;0,5633;1,4596;0,2876;0,5406;0,5632;0,3399;-0,763;-0,1609;-1,4109;-0,2143;-1,0056;0,5382;1,286;-0,6316;0,2109;-3,3188;0,3066;1,6749;0,2754;1,6248;-0,1913;-0,2084;0,2787;-0,2723;-0,4165;-0,7592;-0,64;-1,0498;-0,28;-0,3053
"croire";0,2671;-0,1381;-0,2877;-0,1303;-0,2008;-0,1895;-0,2572;2,3429;1,5981;0,4054;0,3296;-0,5281;-0,0778;-0,0751;-0,3546;0,6826;0,2748;-0,096;-0,0592;3,4615;-0,0858;-0,0972;-0,0205;-0,1798;0,4761;-0,2971;-0,0594;-0,0463;-0,0805;-0,0529;-0,6726;-0,5439;-0,17;-0,0987;-0,1222;-0,0696;0,808;-0,0979;-0,0873;-0,7217;-0,2501;0,2586;-0,6754;-0,1983;-0,0941
"d_abord";-0,2139;-0,0874;-0,1822;-0,0825;-0,1272;-0,12;1,2809;0,2763;-0,317;-0,4107;-0,4417;0,27;-0,0493;-0,0476;1,0403;0,8631;0,4191;-0,0608;-0,0375;-0,0934;2,1661;-0,0616;-0,013;-0,1138;-0,1118;-0,1881;-0,0376;-0,0293;0,9557;-0,0335;-0,426;-0,3444;0,278;-0,0625;-0,0774;-0,0441;2,2964;-0,062;-0,0553;-0,1385;-0,1584;0,4917;-0,4277;-0,1256;-0,0596
"parler";-0,4392;-0,1795;0,2385;-0,1694;0,3451;0,3635;0,2701;0,3154;0,3615;-1,8934;-0,9069;0,6967;-0,1012;0,6958;0,5502;-0,1314;3,4176;-0,1248;-0,0769;-0,1918;-0,1116;-0,1264;-0,0266;-0,2337;0,3866;-0,3862;-0,0772;-0,0602;-0,1046;-0,0687;-0,3878;2,3237;0,7201;-0,1283;-0,1589;-0,0905;0,7047;-0,1273;-0,1135;-0,4301;-0,3251;-0,2404;-0,8781;0,931;-0,1223
"sorte";-0,3265;-0,1335;-0,2781;-0,1259;0,4432;0,4632;-0,2486;1,353;1,0245;0,4339;0,72;0,4936;-0,0752;-0,0726;-0,3428;-0,0977;0,2848;-0,0928;-0,0572;0,5529;-0,083;-0,094;-0,0198;-0,1738;-0,1707;-0,2872;-0,0574;1,0087;-0,0778;-0,0511;-0,6502;0,4769;-0,4967;-0,0954;-0,1182;-0,0673;-0,071;-0,0947;0,7532;-0,274;-0,2417;-0,7893;-0,6529;-0,1917;1,7346
"islam";-0,8336;-0,3407;-0,7099;-0,3215;-0,4955;-0,4677;-0,2408;36,4455;11,5945;-3,5939;-1,7213;-1,3031;-0,192;-0,1854;-0,8751;-0,2495;-0,3501;-0,2369;-0,146;-0,3641;-0,2118;-0,2399;-0,0506;-0,4436;-0,4358;-0,733;-0,1466;-0,1144;-0,1986;-0,1305;-1,6599;-1,3422;-1,2679;-0,2435;-0,3017;-0,1717;-0,1813;-0,2417;-0,2154;-1,7809;-0,6171;-2,0149;-1,6668;-0,4895;-0,2321
"réalité";0,7264;-0,1427;-0,2973;-0,1346;0,4204;0,4401;-0,2658;3,5273;1,5509;0,3788;0,6618;0,4556;-0,0804;-0,0777;-0,3664;-0,1045;0,2654;-0,0992;-0,0611;-0,1525;-0,0887;-0,1005;-0,0212;-0,1858;1,1865;-0,307;-0,0614;-0,0479;-0,0832;-0,0546;-0,273;-0,562;-0,5309;-0,102;-0,1263;-0,0719;-0,0759;-0,1012;-0,0902;-0,7458;-0,2584;-0,8438;-0,698;-0,205;-0,0972
"toujours";-0,4279;-0,1749;0,6964;-0,165;0,3533;0,3719;-0,3258;2,7574;1,2695;-0,6591;-0,8836;-0,2586;-0,0986;1,6943;-0,4492;-0,1281;0,2098;-0,1216;-0,0749;-0,1869;-0,1087;-0,1232;-0,026;0,3893;-0,2237;-0,3763;-0,0753;-0,0587;-0,1019;0,8449;-0,3729;0,3338;0,7431;-0,125;-0,1549;-0,0881;-0,093;0,6047;-0,1105;-0,4138;-0,3168;-0,4954;-0,3752;-0,2513;1,5145
"risque";2,5096;-0,0552;-0,1151;-0,0521;-0,0803;-0,0758;-0,1029;0,5205;0,4326;-0,5824;-0,279;0,4144;-0,0311;-0,0301;-0,1418;1,0511;0,5828;-0,0384;-0,0237;-0,059;-0,0343;-0,0389;-0,0082;-0,0719;-0,0706;-0,1188;-0,0238;-0,0185;-0,0322;-0,0211;-0,269;1,0757;-0,2055;-0,0395;-0,0489;-0,0278;-0,0294;-0,0392;-0,0349;-0,2886;-0,1;-0,3266;0,3343;-0,0793;-0,0376
"sauvage";-0,1126;-0,046;-0,0959;1,0217;0,8453;0,8685;-0,0857;-0,4167;-0,1668;-0,4854;-0,2325;-0,176;-0,0259;1,2515;-0,1182;-0,0337;0,6516;-0,032;-0,0197;-0,0492;-0,0286;-0,0324;-0,0068;-0,0599;-0,0589;-0,099;-0,0198;1,4567;-0,0268;-0,0176;0,3945;-0,1813;-0,1712;-0,0329;-0,0407;-0,0232;1,2612;-0,0326;-0,0291;0,3714;-0,0833;-0,2721;0,3931;-0,0661;-0,0313
"si";0,382;-0,5896;0,8263;-0,5563;0,5064;0,5498;-0,2659;1,903;0,68;-0,4016;0,2984;-0,3746;0,2719;0,282;1,6483;-0,4318;-0,4218;-0,41;-0,2527;-0,2391;0,2442;-0,4152;-0,0875;-0,3233;-0,7541;-0,6711;-0,2537;1,964;-0,3437;-0,2258;-1,9807;1,4259;0,4263;-0,4214;-0,1778;-0,2971;-0,3137;0,6041;-0,3727;-0,3359;0,6443;-0,3175;-1,991;0,2381;0,6291
"car";-0,1924;-0,2255;-0,47;0,4119;-0,328;-0,3096;0,2076;1,9182;1,4362;-0,6484;0,3245;-0,8627;-0,1271;0,6087;-0,5793;-0,1652;0,4609;-0,1568;-0,0966;3,6469;-0,1402;-0,1588;1,1296;-0,2937;0,8508;-0,4853;-0,097;-0,0757;-0,1315;-0,0864;-0,2599;-0,1701;0,2443;-0,1612;1,9648;-0,1137;-0,12;-0,16;-0,1426;0,5681;0,2149;-1,3339;-1,1034;-0,324;-0,1537
"ils";-0,6052;-0,9172;-1,1743;-0,8655;-1,334;-1,2593;-0,5995;-0,4588;0,3219;-1,0166;-0,9924;2,2104;-0,517;-0,4993;-0,6658;5,3998;1,9304;-0,6378;-0,3931;-0,4652;0,425;-0,6459;-0,1362;0,5359;-0,6021;-0,7655;-0,3947;-0,3079;1,4534;-0,3513;2,578;-0,5353;1,634;-0,6556;0,9321;-0,4622;-0,1598;-0,2516;-0,2102;0,7269;-0,9739;1,0055;0,5144;-0,377;-0,2363
"cet";-0,5744;0,9961;0,5137;1,0382;-0,3414;-0,3223;-0,4373;0,4915;0,2385;0,3408;0,5614;-0,1741;0,5807;0,5937;-0,2213;-0,1719;0,4388;0,504;-0,1006;1,7026;-0,1459;0,4995;-0,0348;-0,3057;-0,3003;-0,5051;-0,101;-0,0788;-0,1368;-0,0899;-0,5751;-0,1849;-0,3889;-0,1678;-0,2079;-0,1183;-0,1249;-0,1665;-0,1484;2,2495;0,2046;-0,7548;-0,5785;-0,3373;-0,1599
"occident";-0,687;-0,2808;-0,2117;-0,265;-0,4084;-0,3855;-0,5231;0,7178;0,3925;2,8514;1,8684;-1,0741;-0,1583;-0,1528;-0,7213;-0,2056;0,7108;-0,1953;-0,1203;-0,3001;-0,1745;-0,1977;-0,0417;-0,3656;-0,3592;-0,6042;-0,1208;-0,0943;-0,1637;-0,1075;2,4806;-0,2654;-0,5065;-0,2007;-0,2486;-0,1415;-0,1494;-0,1992;-0,1775;-0,8169;-0,5086;0,2912;1,0612;-0,4034;-0,1913
"innocent";-0,1126;-0,046;0,7031;-0,0434;-0,0669;-0,0632;-0,0857;2,0292;1,2821;-0,4854;-0,2325;-0,176;-0,0259;-0,025;-0,1182;-0,0337;0,6516;-0,032;-0,0197;-0,0492;-0,0286;-0,0324;-0,0068;-0,0599;-0,0589;-0,099;-0,0198;-0,0154;-0,0268;-0,0176;-0,2242;-0,1813;-0,1712;-0,0329;-0,0407;1,2841;-0,0245;-0,0326;-0,0291;0,3714;-0,0833;-0,2721;-0,2251;-0,0661;-0,0313
"population";-0,2027;-0,0828;0,4842;-0,0782;-0,1205;-0,1137;-0,1543;0,3012;0,3018;0,9398;0,2087;-0,3168;-0,0467;-0,0451;1,081;-0,0607;0,4376;-0,0576;-0,0355;-0,0885;-0,0515;-0,0583;-0,0123;-0,1078;-0,1059;-0,1782;-0,0356;-0,0278;-0,0483;-0,0317;0,6411;-0,3263;-0,3082;-0,0592;-0,0733;1,0379;-0,0441;-0,0588;-0,0524;-0,433;-0,15;-0,1546;0,6385;-0,119;-0,0564
"savoir";1,2595;-0,2578;0,4603;-0,2432;0,6755;0,7128;0,524;-0,9863;-0,4301;-0,5514;0,4763;-0,986;-0,1453;-0,1403;-0,2562;0,4528;1,2936;-0,1792;-0,1105;1,5962;1,2803;-0,1815;-0,0383;-0,3356;-0,3297;-0,5546;-0,1109;-0,0865;0,5339;-0,0987;-1,2559;-0,2238;0,4333;-0,1842;0,3885;-0,1299;-0,1371;-0,1829;-0,1629;1,521;0,5405;0,352;-0,3396;-0,3703;-0,1756
"au";-0,3395;-0,4754;1,2781;-0,2408;1,1627;1,3024;0,4771;-1,9171;-0,7593;0,6744;0,5011;-0,7223;0,9372;0,3469;0,7336;-0,2405;-1,0583;0,4112;-0,8512;-0,3304;0,8113;-0,4215;-0,2949;-0,3355;-0,5061;2,6836;-0,3804;-0,2612;-0,2963;0,2834;-0,7418;-1,468;0,6397;0,3898;1,6826;0,3961;-0,2482;0,3956;0,4903;-0,3414;-0,7638;1,4811;-0,9156;-0,9609;-0,3968
"monde";-1,3636;-0,5573;-0,2958;-0,5259;-0,3507;-0,3216;-0,5046;1,5684;0,7627;0,5276;1,2883;0,2775;-0,3141;-0,3033;0,3883;0,2152;-0,1913;0,6518;-0,2388;-0,2189;0,2599;-0,3924;-0,0827;-0,7257;1,0901;-1,1992;-0,2398;-0,1871;-0,3249;0,4109;-1,8447;2,3915;0,2977;-0,3983;-0,1625;-0,2809;0,3056;-0,3954;0,7131;0,4843;0,3929;-1,7015;0,5718;-0,8007;-0,3797
"passer";0,3173;-0,29;-0,2227;-0,2737;0,2066;0,2217;0,4566;-0,5148;-1,0514;0,2972;0,3792;-0,552;1,2643;1,2911;0,6211;0,4125;-0,2739;-0,2017;-0,1243;-0,31;-0,1803;-0,2042;-0,0431;-0,3776;-0,371;-0,624;-0,1248;-0,0973;-0,1691;1,5669;3,5533;0,5908;0,3548;0,4208;-0,2568;-0,1462;-0,1543;-0,2057;-0,1833;-0,8541;-0,5253;0,4736;-0,4235;0,6086;-0,1976
"famille";-0,3153;-0,1289;-0,2685;-0,1216;-0,1874;-0,1769;0,372;-1,1669;-0,4671;-0,7245;-0,651;-0,4929;-0,0726;-0,0701;-0,331;1,705;0,8135;-0,0896;-0,0552;-0,1377;-0,0801;-0,0907;-0,0191;-0,1678;-0,1648;-0,2772;-0,0554;-0,0433;6,1245;-0,0493;-0,6278;-0,5076;-0,1519;2,9161;-0,1141;-0,0649;-0,0686;-0,0914;-0,0814;-0,2594;-0,2334;-0,3132;-0,2342;11,2213;-0,0878
"vivre";-0,4617;-0,1887;-0,3932;0,4732;-0,2744;-0,2591;-0,3515;-0,5799;-0,2681;0,3567;-0,1947;0,3114;0,6631;0,6765;0,5205;0,5646;0,5649;0,5837;-0,0809;0,4301;-0,1173;-0,1329;-0,028;-0,2457;-0,2414;-0,406;-0,0812;-0,0633;1,5774;-0,0723;-0,9194;0,2978;-0,7023;2,4351;-0,1671;-0,0951;0,6853;-0,1339;1,5129;0,4189;-0,3418;-0,5534;0,8204;0,3332;-0,1286
"mort";0,2244;3,7441;1,5514;-0,3389;0,4746;0,5074;-0,669;-3,2522;-1,3019;-0,3878;-0,3817;-1,3736;-0,2024;-0,1955;-0,4235;-0,263;-0,3789;-0,2497;-0,1539;4,5327;-0,2232;1,6869;-0,0533;-0,4676;-0,4593;7,6853;-0,1545;0,6155;-0,2093;-0,1375;-0,6166;1,3948;-1,3365;0,3504;0,2847;-0,181;-0,1911;-0,2548;-0,227;-0,2304;-0,6505;-0,3157;0,6967;-0,5159;-0,2447
"même";-0,5334;-0,6542;-0,4;-0,6173;-0,4448;-0,4087;0,2785;0,645;0,7738;0,6156;0,6836;1,947;-0,3687;-0,3561;-0,3292;-0,479;0,3248;-0,1426;-0,2803;-0,6992;-0,4066;-0,4606;-0,0971;-0,3779;-0,8367;-1,4076;-0,2815;-0,2196;0,2333;-0,2505;-0,8151;2,674;0,7323;1,6388;-0,2097;0,2742;-0,348;-0,4641;-0,4135;-0,4539;-0,308;0,8093;-0,5653;-0,4369;-0,1379
"temps";-0,811;-0,3315;-0,2742;-0,3128;0,5206;1,0642;-0,6175;-0,2937;-0,3124;0,6438;0,2832;-0,6679;-0,1868;0,4686;0,5159;-0,2427;-0,3359;-0,2305;-0,142;-0,3543;0,4228;-0,2334;-0,0492;-0,4316;-0,424;-0,288;-0,1426;-0,1113;-0,1932;-0,1269;0,5291;1,5585;0,2754;-0,2369;0,8369;-0,167;-0,1763;0,993;-0,2095;0,2616;0,3996;1,1547;-0,5395;-0,1528;-0,2258
"continuer";0,5166;-0,0644;-0,1342;-0,0608;-0,0937;-0,0884;0,6172;0,4306;0,381;-0,6795;-0,3255;-0,2464;1,0958;-0,0351;-0,1655;-0,0472;0,5263;-0,0448;-0,0276;-0,0689;-0,04;-0,0454;-0,0096;0,7554;-0,0824;-0,1386;-0,0277;-0,0216;-0,0376;-0,0247;0,2886;-0,2538;-0,2397;0,9975;-0,057;-0,0325;-0,0343;1,0005;-0,0407;0,268;-0,1167;-0,381;0,2873;0,7169;-0,0439
"empire";-1,2846;-0,525;-1,0941;-0,4954;-0,7636;-0,7208;-0,9781;-0,5615;-1,1652;8,441;4,5967;-0,7835;-0,2959;-0,2858;0,436;-0,3845;-0,3401;-0,3651;-0,225;-0,5612;-0,3263;-0,3697;-0,0779;-0,6836;-0,6716;-1,1297;-0,2259;-0,1762;-0,3061;-0,2011;0,9177;-0,3016;-1,954;-0,3753;-0,4649;-0,2646;-0,2793;-0,3725;-0,3319;-0,8807;-0,951;2,4171;2,2973;-0,7543;-0,3577
"démocratie";-0,1126;-0,046;-0,0959;-0,0434;-0,0669;-0,0632;-0,0857;-0,4167;-0,1668;-0,4854;-0,2325;-0,176;-0,0259;-0,025;-0,1182;-0,0337;0,6516;-0,032;-0,0197;-0,0492;-0,0286;-0,0324;-0,0068;-0,0599;-0,0589;-0,099;-0,0198;-0,0154;-0,0268;-0,0176;-0,2242;3,3192;3,4115;-0,0329;-0,0407;-0,0232;1,2612;-0,0326;-0,0291;-0,2405;-0,0833;-0,2721;-0,2251;-0,0661;-0,0313
"devoir";-0,3942;3,7441;-0,31;3,8796;-0,5223;-0,493;0,3448;-0,375;0,2462;-0,3878;-0,2105;-0,2041;1,9414;-0,1955;-0,9224;0,3427;-0,3789;-0,2497;-0,1539;-0,3838;1,8286;-0,2529;-0,0533;-0,1485;-0,1443;-0,7727;-0,1545;-0,1205;-0,2093;-0,1375;-0,353;0,6693;-0,1913;1,6702;0,2847;-0,181;-0,1911;-0,2548;-0,227;0,3855;0,3586;-0,5298;-1,0447;-0,1739;0,9642
"provoquer";-0,1689;1,9735;-0,1438;-0,0651;-0,1004;-0,0948;-0,1286;-0,625;-0,2502;1,1815;-0,3487;0,3415;-0,0389;-0,0376;-0,1773;-0,0505;1,2792;-0,048;-0,0296;-0,0738;-0,0429;-0,0486;-0,0102;-0,0899;-0,0883;-0,1485;-0,0297;-0,0232;-0,0402;-0,0264;0,2684;0,9086;-0,2569;-0,0493;-0,0611;-0,0348;-0,0367;0,9721;-0,0436;-0,3608;-0,125;0,2151;0,2672;-0,0992;-0,047
"guerre";-0,6241;-0,4928;-0,2325;-0,465;-0,7167;-0,6765;-0,918;-1,5554;-0,6428;-3,2284;-1,1076;1,1991;-0,2777;-0,2682;-1,2657;-0,3609;-0,601;-0,3427;-0,2112;-0,5267;-0,3063;-0,347;-0,0732;-0,6416;-0,2389;0,3619;-0,212;-0,1654;-0,2872;-0,1887;0,3443;7,1739;-0,2206;2,0482;1,7391;0,9526;-0,2622;0,2574;-0,3115;14,2434;-0,4044;-0,441;-0,4358;-0,7079;-0,3357
"pays";0,4942;0,421;1,125;-0,1954;-0,3012;-0,2844;1,9412;-1,8757;-0,7509;-1,3838;-0,5053;-0,7922;-0,1167;-0,1127;0,4669;-0,1517;0,5095;-0,144;-0,0888;-0,2214;-0,1287;2,3384;-0,0307;-0,2697;-0,2649;-0,1364;-0,0891;-0,0695;-0,1207;-0,0793;-0,4795;13,2469;0,5989;-0,148;-0,1834;-0,1044;-0,1102;-0,1469;-0,1309;-1,0827;-0,3751;-0,3188;-0,4824;-0,2976;-0,1411
"entier";-0,1351;-0,0552;-0,1151;-0,0521;-0,0803;-0,0758;-0,1029;-0,5;-0,2002;-0,1988;-0,279;-0,2112;-0,0311;-0,0301;1,4006;-0,0404;0,5828;-0,0384;-0,0237;0,896;-0,0343;-0,0389;-0,0082;-0,0719;-0,0706;-0,1188;-0,0238;-0,0185;-0,0322;-0,0211;2,6415;-0,2175;-0,2055;-0,0395;-0,0489;-0,0278;-0,0294;-0,0392;-0,0349;-0,2886;-0,1;0,2769;0,9195;-0,0793;-0,0376
"occidental";-0,2815;-0,115;-0,2397;-0,1086;-0,1673;-0,1579;-0,2143;1,646;1,1783;-0,6162;-0,5813;-0,44;-0,0648;-0,0626;-0,2955;-0,0842;0,3298;-0,08;-0,0493;-0,123;-0,0715;-0,081;-0,0171;-0,1498;-0,1472;-0,2475;-0,0495;-0,0386;-0,0671;-0,0441;-0,1941;3,3773;0,2028;-0,0822;-0,1019;-0,058;-0,0612;-0,0816;-0,0727;-0,2168;-0,2084;0,7173;0,4409;-0,1653;-0,0784
"destruction";-0,1126;-0,046;-0,0959;-0,0434;-0,0669;-0,0632;-0,0857;-0,4167;-0,1668;0,5434;0,3825;-0,176;-0,0259;-0,025;-0,1182;-0,0337;0,6516;-0,032;-0,0197;-0,0492;-0,0286;-0,0324;-0,0068;-0,0599;-0,0589;-0,099;-0,0198;-0,0154;-0,0268;-0,0176;1,0603;-0,1813;-0,1712;-0,0329;-0,0407;1,2841;-0,0245;1,1402;-0,0291;-0,2405;-0,0833;0,332;0,3931;-0,0661;-0,0313
"autres";-0,2715;0,3222;-0,5852;-0,265;-0,4084;-0,3855;-0,5231;0,3102;0,3925;-1,4324;-0,7795;-0,2506;-0,1583;-0,1528;2,9134;-0,2056;0,7108;-0,1953;-0,1203;0,3019;-0,1745;-0,1977;-0,0417;-0,3656;0,7027;1,3117;-0,1208;-0,0943;-0,1637;0,6589;0,7165;0,6223;0,3755;0,4317;0,3606;0,5558;0,536;0,4343;-0,1775;0,3784;-0,5086;-0,5599;-0,399;0,2182;0,4482
"vie";-0,7885;-0,3223;-0,2625;0,8128;0,5372;0,5715;-0,6003;-1,4051;-0,5949;1,5144;0,8033;0,276;-0,1816;4,2658;0,2488;-0,236;-0,3219;2,7474;-0,1381;0,7294;-0,2003;-0,2269;-0,0478;-0,4196;1,1637;-0,6934;-0,1387;0,6566;2,0298;-0,1234;-0,8968;-1,2696;-0,311;1,0081;0,3173;0,5059;0,4866;-0,2286;-0,2037;0,4879;-0,5837;-0,4217;-0,9019;-0,463;-0,2196
"prendre";-0,2261;-0,4144;-0,3847;0,6468;0,3969;0,4273;-0,3253;-0,5635;-0,4735;1,2995;-0,3073;-0,5208;0,3809;-0,2256;0,3605;0,8132;-0,4682;-0,2882;1,1999;-0,4429;0,9271;-0,2918;-0,0615;-0,187;0,9149;-0,4033;-0,1783;-0,1391;-0,2416;1,2856;0,3226;0,2971;0,3363;-0,2962;-0,3669;-0,2088;-0,2205;-0,294;-0,262;0,9509;1,0328;-1,0776;-0,4844;0,8083;-0,2823
"conflit";1,5973;-0,115;-0,2397;-0,1086;-0,1673;-0,1579;-0,2143;-1,0418;-0,4171;-1,2136;-0,5813;1,7931;-0,0648;-0,0626;-0,2955;-0,0842;0,8932;-0,08;-0,0493;-0,123;-0,0715;-0,081;-0,0171;-0,1498;-0,1472;0,362;-0,0495;-0,0386;-0,0671;-0,0441;-0,5605;5,3508;0,2028;-0,0822;-0,1019;-0,058;-0,0612;-0,0816;-0,0727;2,0121;-0,2084;-0,6804;-0,5628;-0,1653;0,7822
"créer";-0,2139;-0,0874;0,4652;-0,0825;0,5955;0,6171;-0,1629;-0,7917;-0,317;-0,4107;-0,4417;0,27;-0,0493;-0,0476;-0,2246;-0,064;1,9545;-0,0608;-0,0375;-0,0934;-0,0543;-0,0616;-0,013;-0,1138;-0,1118;-0,1881;-0,0376;-0,0293;-0,051;-0,0335;-0,426;-0,3444;1,4536;0,8729;-0,0774;-0,0441;-0,0465;-0,062;-0,0553;0,5637;1,3024;-0,169;0,2031;0,6001;-0,0596
"occuper";-0,1238;-0,0506;-0,1055;-0,0478;-0,0736;-0,0695;-0,0943;-0,4583;-0,1835;0,4854;0,3516;-0,1936;-0,0285;-0,0275;-0,13;-0,0371;1,5317;-0,0352;-0,0217;0,9314;-0,0315;-0,0356;-0,0075;-0,0659;-0,0647;0,6541;-0,0218;-0,017;-0,0295;-0,0194;1,8104;-0,1994;-0,1884;-0,0362;-0,0448;-0,0255;-0,0269;-0,0359;-0,032;-0,2646;-0,0917;0,3027;-0,2476;-0,0727;-0,0345
"deux";1,5208;0,7226;0,4254;-0,6173;-0,9514;-0,8981;-0,3248;1,0082;-0,2569;-0,9818;-0,611;0,4754;-0,3687;-0,3561;-0,3292;-0,155;-0,892;-0,1426;0,3228;-0,6992;-0,4066;-0,1455;-0,0971;0,2357;-0,8367;2,8276;0,864;-0,2196;0,6618;0,946;-0,3726;0,646;-1,6068;1,032;0,4169;0,7566;-0,348;-0,4641;0,611;-0,4539;0,2942;-1,615;0,9776;1,6725;-0,1379
"position";-0,1464;-0,0598;0,6029;-0,0564;-0,087;-0,0821;0,6453;-0,5417;-0,2169;-0,631;-0,3022;-0,2288;-0,0337;-0,0326;-0,1536;-0,0438;1,3942;-0,0416;-0,0256;0,8636;1,0859;-0,0421;-0,0089;-0,0779;-0,0765;1,474;-0,0257;-0,0201;-0,0349;-0,0229;-0,2914;-0,2357;1,909;-0,0428;-0,053;-0,0301;-0,0318;-0,0424;-0,0378;-0,3127;0,656;-0,3538;0,3096;-0,0859;-0,0408
"différent";0,4101;-0,0874;-0,1822;-0,0825;-0,1272;-0,12;-0,1629;1,049;0,2857;-0,1711;-0,4417;0,27;-0,0493;-0,0476;1,0403;-0,064;0,4191;0,884;-0,0375;-0,0934;-0,0543;-0,0616;-0,013;-0,1138;-0,1118;-0,1881;-0,0376;1,1848;-0,051;-0,0335;-0,426;-0,3444;-0,3254;-0,0625;0,7871;-0,0441;-0,0465;-0,062;0,9227;-0,457;-0,1584;-0,5171;0,6039;-0,1256;0,8922
"permettre";1,4386;-0,2255;-0,47;1,0678;-0,328;-0,3096;-0,4201;0,5383;0,2552;-0,2346;-0,2788;0,2332;-0,1271;-0,1228;-0,5793;0,4998;0,9106;-0,1568;-0,0966;-0,2411;-0,1402;-0,1588;-0,0335;-0,2937;0,314;-0,1567;-0,097;-0,0757;-0,1315;0,7439;0,3465;-0,1701;0,5315;-0,1612;0,4334;-0,1137;-0,12;1,2822;-0,1426;-0,6001;-0,4085;0,2378;-0,262;0,2792;0,5258
"tenir";-0,2815;-0,115;-0,2397;-0,1086;0,4952;0,5159;1,0697;-0,2248;0,2095;-0,3022;0,4236;-0,44;-0,0648;0,872;2,3799;-0,0842;0,3298;-0,08;-0,0493;0,608;0,8187;-0,081;-0,0171;0,535;-0,1472;-0,2475;-0,0495;-0,0386;-0,0671;-0,0441;0,4432;-0,4532;-0,4281;-0,0822;0,6797;-0,058;-0,0612;0,7662;-0,0727;-0,6014;-0,2084;-0,6804;-0,1954;-0,1653;-0,0784
"forme";0,3618;-0,1012;-0,211;-0,0955;-0,1472;-0,139;-0,1886;1,9189;0,6982;-0,2333;-0,1671;-0,3872;0,9097;-0,0551;1,6922;-0,0741;0,3705;-0,0704;-0,0434;-0,1082;-0,0629;-0,0713;-0,015;-0,1318;-0,1295;-0,2178;-0,0436;1,1234;-0,059;-0,0388;-0,4932;-0,3988;-0,3768;-0,0724;-0,0896;-0,051;-0,0539;-0,0718;0,8633;-0,1764;-0,1834;0,4094;-0,4953;-0,1454;-0,069
"fois";0,2402;-0,3453;-0,7195;-0,3258;0,968;0,5303;-0,2458;0,8376;0,5045;1,0239;0,7075;-0,7074;-0,1946;-0,1879;-0,172;-0,2529;-0,3573;-0,2401;-0,148;0,2422;-0,2146;-0,2431;-0,0513;-0,4496;-0,1353;-0,743;-0,1486;0,6304;-0,2013;-0,1322;0,2797;0,4344;-0,3547;0,363;-0,3057;-0,174;-0,1837;0,3654;-0,2183;-0,2071;-0,2354;-0,7995;0,75;0,504;0,3786
"politique";-0,1738;0,4136;4,228;-0,1998;-0,3079;-0,2907;-0,3944;-0,2318;-0,32;-0,9125;-1,0697;0,5598;-0,1193;-0,1152;0,4546;-0,155;0,4968;-0,1472;-0,0907;-0,2263;-0,1316;-0,1491;-0,0314;-0,2757;0,3335;-0,4556;-0,0911;-0,0711;-0,1234;-0,0811;-0,4952;-0,8341;3,4612;-0,1513;-0,1875;-0,1067;-0,1126;0,534;-0,1338;0,6298;-0,3835;0,5156;0,6954;-0,3042;-0,1442
"histoire";-1,5667;-0,6403;-1,3343;-0,6042;-0,4311;-0,396;2,2086;9,2892;4,1277;-0,4167;0,5224;-0,7136;0,2484;0,2582;0,7654;-0,4689;-0,8663;-0,4453;-0,2744;-0,6844;-0,398;-0,4509;-0,0951;-0,8338;0,2519;-1,3778;-0,2755;-0,2149;-0,3733;-0,2452;0,2572;0,2972;-2,383;-0,144;1,3782;-0,3227;0,7348;-0,4543;1,8426;-0,901;-0,2956;-0,4123;-3,1328;-0,9199;0,5782
"lorsqu";0,4691;-0,0736;-0,1534;0,8303;-0,1071;-0,1011;-0,1371;0,3591;0,3381;0,2871;0,2401;0,3214;-0,0415;-0,0401;1,1714;-0,0539;0,4785;-0,0512;-0,0315;-0,0787;-0,0458;-0,0518;-0,0109;-0,0959;-0,0942;-0,1584;-0,0317;-0,0247;-0,0429;-0,0282;-0,3587;-0,29;-0,274;-0,0526;-0,0652;-0,0371;1,0643;-0,0522;-0,0465;0,2308;-0,1334;-0,4354;0,249;0,6652;-0,0502
"autre";0,6054;-0,4559;-0,443;-0,4302;0,3485;-0,2362;-0,3755;3,2399;1,4742;-2,2759;-0,628;0,6974;-0,2569;-0,2481;-1,171;0,7489;-0,2591;-0,317;0,441;-0,159;-0,2834;-0,321;-0,0677;-0,5936;0,414;-0,4642;0,4396;-0,153;-0,2658;-0,1746;-0,3572;1,3008;-0,9986;0,2776;-0,4037;-0,2297;2,6158;-0,3234;-0,2882;-0,6712;-0,8257;0,5965;1,2015;-0,2534;0,2917
"tous";-0,2051;-0,2347;-0,1589;-0,2215;-0,3414;-0,3223;0,1975;-2,1259;-0,851;0,3408;0,9014;-0,405;-0,1323;-0,1278;-0,603;-0,1719;-0,1966;-0,1632;-0,1006;1,7026;2,335;-0,1653;1,1129;-0,3057;-0,3003;0,4954;-0,101;-0,0788;-0,1368;-0,0899;0,5953;-0,1849;0,8728;0,4942;1,0849;-0,1183;-0,1249;2,1771;2,3148;0,5306;0,2046;-0,4043;-1,1485;-0,3373;-0,1599
"mes";0,448;-0,0782;-0,163;-0,0738;-0,1138;-0,1074;0,5451;1,1981;0,8762;-0,3465;-0,3952;-0,2992;-0,0441;-0,0426;-0,2009;-0,0573;0,4573;-0,0544;-0,0335;-0,0836;-0,0486;-0,0551;-0,0116;-0,1019;-0,1001;-0,1683;-0,0337;-0,0263;-0,0456;-0,03;0,2334;-0,3082;-0,2911;-0,0559;0,8315;-0,0394;-0,0416;0,921;-0,0494;0,6339;-0,1417;-0,4626;-0,3827;1,574;-0,0533
"parent";0,6054;-0,0506;-0,1055;-0,0478;-0,0736;-0,0695;-0,0943;-0,4583;-0,1835;-0,5339;-0,2557;-0,1936;-0,0285;-0,0275;-0,13;1,0872;1,5317;-0,0352;-0,0217;-0,0541;-0,0315;-0,0356;-0,0075;-0,0659;-0,0647;0,6541;-0,0218;-0,017;4,4344;-0,0194;-0,2466;-0,1994;-0,1884;-0,0362;-0,0448;-0,0255;-0,0269;-0,0359;-0,032;-0,2646;-0,0917;-0,2993;-0,2476;3,2861;-0,0345
"aller";0,3575;-0,267;-0,5564;-0,2519;-0,3883;-0,3665;0,5035;0,8031;0,7581;-1,3247;-1,3489;0,391;1,3284;-0,1453;1,1532;1,1295;-0,2409;-0,1857;-0,1144;-0,2854;0,4981;-0,188;-0,0396;-0,3476;-0,3415;-0,5745;-0,1149;1,7402;0,5212;0,6783;1,5877;-1,0518;-0,4705;-0,1908;0,9902;-0,1345;-0,142;-0,1894;0,4922;1,0401;-0,4836;-0,2772;-1,3062;0,2317;1,1836
"moins";0,3663;-0,2624;1,4451;-0,2476;1,246;0,7012;-0,1589;-1,0152;-0,9512;0,4001;0,461;-1,0036;-0,1479;-0,1428;0,3423;-0,1921;-0,2344;-0,1825;0,6419;-0,2804;-0,1631;0,4603;-0,039;-0,3416;0,7475;5,3046;0,6403;0,7362;-0,1529;0,685;-0,3485;-1,0337;-0,9765;-0,1875;-0,2323;0,5809;-0,1396;0,4577;-0,1659;0,433;-0,1519;-0,4959;-0,6778;0,2364;-0,1788
"langue";-0,1464;-0,0598;-0,1246;-0,0564;-0,087;-0,0821;1,5884;-0,5417;-0,2169;-0,631;-0,3022;0,3877;-0,0337;-0,0326;-0,1536;1,018;2,4362;-0,0416;-0,0256;-0,0639;-0,0372;-0,0421;-0,0089;-0,0779;-0,0765;-0,1287;-0,0257;-0,0201;1,1127;-0,0229;-0,2914;-0,2357;-0,2226;-0,0428;-0,053;-0,0301;-0,0318;-0,0424;-0,0378;2,3917;-0,1083;-0,3538;0,3096;-0,0859;-0,0408
"comment";-0,3153;-0,1289;-0,2685;0,6123;-0,1874;-0,1769;0,372;-1,1669;-0,4671;0,4645;-0,2461;-0,4929;-0,0726;-0,0701;2,1984;-0,0944;0,8135;-0,0896;-0,0552;1,404;-0,0801;-0,0907;-0,0191;-0,1678;-0,1648;-0,2772;-0,0554;-0,0433;-0,0751;-0,0493;-0,6278;0,4972;0,5301;0,7188;-0,1141;-0,0649;-0,0686;0,7217;3,0689;0,722;-0,2334;-0,3132;-0,6304;-0,1851;-0,0878
"arriver";-0,2927;-0,1196;-0,2493;3,915;1,2248;1,2688;-0,2229;-0,2436;0,1995;-1,2621;-0,6045;-0,1405;-0,0674;-0,0651;0,2948;1,7662;0,3176;-0,0832;-0,0513;-0,1279;-0,0744;-0,0843;-0,0178;-0,1558;-0,153;-0,2574;-0,0515;-0,0402;-0,0697;-0,0458;-0,5829;-0,4714;0,575;-0,0855;-0,1059;-0,0603;-0,0637;0,7507;-0,0756;-0,6255;0,4058;0,324;0,8488;0,4856;-0,0815
"t";0,2098;0,489;0,2532;-0,1607;-0,2477;-0,2338;-0,3172;-0,4818;-0,6173;0,2523;-0,3781;0,3614;-0,096;-0,0927;1,1165;-0,1247;0,2168;0,6223;-0,073;0,4655;0,665;-0,1199;-0,0253;0,3981;-0,2178;1,2982;-0,0733;-0,0572;-0,0993;-0,0652;-0,3582;0,3469;-0,6337;0,6119;-0,1508;-0,0858;-0,0906;0,6147;-0,1076;-0,8902;0,2938;1,6397;0,2488;-0,2446;-0,116
"naître";-0,3265;-0,1335;-0,2781;-0,1259;0,4432;0,4632;-0,2486;-0,3032;-0,1542;-0,1994;0,72;-0,1681;-0,0752;-0,0726;0,2629;-0,0977;1,4576;-0,0928;-0,0572;-0,1426;-0,083;-0,094;1,3507;-0,1738;1,2379;-0,2872;-0,0574;-0,0448;0,7851;-0,0511;0,7513;-0,5258;-0,4967;-0,0954;-0,1182;-0,0673;-0,071;-0,0947;0,7532;1,1657;-0,2417;-0,7893;-0,2475;-0,1917;-0,0909
"plusieurs";0,2671;-0,1381;-0,2877;-0,1303;0,4316;0,4514;0,3498;-1,2503;-0,5005;0,4054;0,3296;-0,1776;0,7851;-0,0751;0,2533;0,6826;0,2748;-0,096;-0,0592;-0,1476;-0,0858;0,6977;-0,0205;-0,1798;-0,1766;0,305;-0,0594;-0,0463;-0,0805;-0,0529;-0,2594;-0,5439;-0,5138;-0,0987;-0,1222;-0,0696;-0,0735;-0,0979;-0,0873;-0,7217;0,9555;0,5628;2,4635;0,4358;-0,0941
"publier";0,393;-0,092;0,4473;-0,0868;-0,1338;-0,1263;0,4866;0,2537;0,2707;-0,4437;-0,1428;0,2554;-0,0519;-0,0501;0,377;-0,0674;0,4019;-0,064;-0,0394;-0,0984;-0,0572;-0,0648;-0,0137;-0,1198;-0,1177;0,4363;-0,0396;-0,0309;-0,0536;-0,0352;-0,4484;0,2471;-0,3425;-0,0658;3,0865;-0,0464;-0,049;-0,0653;2,1082;-0,4811;0,4965;-0,1838;-0,4503;-0,1322;-0,0627
"sous";0,4039;-0,244;0,9614;0,3857;0,7114;0,7493;-0,4545;-0,901;-0,3963;0,3058;-0,3247;-0,1885;2,4057;-0,1328;-0,6266;-0,1787;-0,209;0,4903;-0,1045;-0,2607;-0,1516;1,2274;-0,0362;-0,3177;0,7967;-0,1779;-0,105;0,7649;0,554;-0,0934;-0,3031;0,7681;-0,9079;-0,1744;0,4068;-0,1229;0,5878;-0,1731;0,5245;0,4957;-0,4419;-0,2241;-1,1935;0,2566;0,4976
"affaire";0,9668;-0,1012;1,9307;-0,0955;-0,1472;-0,139;-0,1886;-0,9168;-0,367;-1,0679;-0,5115;-0,3872;-0,0571;-0,0551;0,9322;-0,0741;0,3705;-0,0704;-0,0434;-0,1082;3,4051;1,9379;-0,015;0,5821;-0,1295;0,404;-0,0436;-0,034;-0,059;-0,0388;-0,4932;-0,3988;0,6813;-0,0724;-0,0896;0,9553;-0,0539;-0,0718;-0,064;-0,5292;0,4629;0,4094;-0,1587;-0,1454;-0,069
"entre";0,3942;-0,5804;-0,3197;-0,5476;-0,3727;-0,3419;-1,0812;0,5816;-0,316;-0,3767;0,4748;2,3484;-0,3271;-0,3159;0,6006;-0,425;-0,7565;-0,4036;-0,2487;-0,6203;-0,3607;0,6184;-0,0862;-0,3157;-0,3073;-1,2488;-0,2497;-0,1948;-0,3383;-0,2223;0,7343;3,1773;-1,3761;-0,4148;0,4826;-0,2925;0,2934;0,2129;0,2439;1,4024;-0,5138;0,3005;0,5159;-0,8338;-0,3954
"personnage";-0,2477;-0,1012;-0,211;-0,0955;3,4967;3,591;-0,1886;-0,9168;-0,367;-0,2333;-0,1671;-0,3872;-0,0571;-0,0551;-0,26;-0,0741;0,9859;-0,0704;-0,0434;-0,1082;-0,0629;-0,0713;-0,015;-0,1318;2,5101;-0,2178;-0,0436;-0,034;-0,059;-0,0388;-0,4932;-0,3988;-0,3768;-0,0724;-0,0896;-0,051;-0,0539;-0,0718;2,0271;-0,5292;0,4629;0,4094;-0,1587;-0,1454;-0,069
"lui";-0,3227;0,9737;-0,2369;1,0299;0,3069;0,3341;-0,4273;-0,901;-1,0841;0,7799;-0,2975;0,368;0,3228;0,8916;-1,2776;0,2459;-0,3068;-0,3459;-0,2131;1,467;0,2931;0,2568;-0,0738;-0,6476;-0,2424;-0,2522;-0,214;-0,167;-0,2899;-0,1905;2,9766;-0,7514;-1,851;0,2527;0,573;-0,2506;-0,2646;0,7122;0,2881;0,6444;-0,41;-0,6816;1,3305;-0,7146;0,2662
"changer";-0,2815;-0,115;-0,2397;-0,1086;-0,1673;-0,1579;-0,2143;4,4374;2,6702;-0,3022;0,4236;-0,44;-0,0648;-0,0626;0,3066;-0,0842;0,3298;0,7741;-0,0493;-0,123;-0,0715;-0,081;-0,0171;-0,1498;-0,1472;-0,2475;-0,0495;-0,0386;-0,0671;-0,0441;-0,5605;-0,4532;0,2028;-0,0822;-0,1019;-0,058;-0,0612;-0,0816;-0,0727;-0,6014;-0,2084;-0,2626;-0,5628;0,4996;-0,0784
"côté";0,5639;-0,1841;-0,3836;-0,1737;-0,2677;-0,2527;0,7356;1,5787;0,3489;-0,7205;-0,1849;-0,7042;-0,1038;-0,1002;-0,4729;0,5737;0,1967;-0,128;-0,0789;0,4385;-0,1144;0,5883;-0,0273;-0,2397;-0,2355;0,2231;-0,0792;-0,0618;-0,1073;-0,0705;-0,1718;-0,7253;0,3362;0,5827;-0,163;-0,0928;-0,0979;-0,1306;-0,1164;-0,9624;0,2709;0,3551;1,8389;0,9129;-0,1254
"montrer";0,3476;-0,1058;0,3999;0,6873;-0,1539;-0,1453;-0,1972;-0,9585;-0,3837;-1,1165;-0,5347;0,2173;-0,0597;-0,0576;2,5163;-0,0775;0,3561;-0,0736;-0,0454;-0,1131;-0,0658;-0,0745;-0,0157;0,5656;0,5722;-0,2277;-0,0455;-0,0355;-0,0617;-0,0405;-0,5157;0,2096;-0,3939;-0,0756;-0,0937;-0,0533;-0,0563;-0,0751;-0,0669;2,9552;0,4475;0,7933;-0,1707;-0,1521;-0,0721
"très";-0,3207;0,2893;0,3576;0,3067;-0,4553;-0,4298;0,415;-0,2446;0,3235;-0,385;-0,2807;0,876;0,4764;-0,1704;0,2611;-0,2292;-0,308;1,8591;-0,1341;-0,3346;-0,1946;-0,2204;-0,0465;-0,4076;0,2202;-0,6736;-0,1347;-0,1051;1,1803;0,6176;-0,8618;-1,2333;5,7485;0,3951;-0,2772;0,5163;-0,1665;-0,2221;-0,1979;-1,6365;0,43;-0,3961;-0,8667;2,4323;-0,2133
"inviter";-0,1238;-0,0506;1,6385;-0,0478;0,8071;0,8302;-0,0943;-0,4583;-0,1835;-0,5339;-0,2557;-0,1936;-0,0285;-0,0275;-0,13;-0,0371;0,6154;-0,0352;-0,0217;-0,0541;1,1557;-0,0356;-0,0075;-0,0659;0,8586;-0,1089;-0,0218;-0,017;-0,0295;-0,0194;-0,2466;-0,1994;-0,1884;1,0974;1,0086;-0,0255;-0,0269;-0,0359;-0,032;-0,2646;-0,0917;-0,2993;0,3619;0,812;-0,0345
"soir";-0,2139;3,0023;-0,1822;1,8211;-0,1272;-0,12;-0,1629;-0,7917;-0,317;0,4874;0,1949;-0,3344;-0,0493;-0,0476;-0,2246;-0,064;0,4191;0,884;-0,0375;-0,0934;3,5999;-0,0616;-0,013;0,6372;-0,1118;-0,1881;2,4753;-0,0293;-0,051;-0,0335;-0,426;-0,3444;-0,3254;-0,0625;-0,0774;-0,0441;-0,0465;2,056;-0,0553;-0,457;-0,1584;-0,5171;-0,4277;-0,1256;-0,0596
"chez";0,2489;-0,1473;0,2953;2,4071;0,4097;0,4292;-0,2743;-0,3671;-0,181;-1,5535;-0,7441;-0,5633;3,04;0,7733;-0,3783;1,5958;0,7228;-0,1024;0,8689;1,2987;0,7212;-0,1037;-0,0219;-0,1918;-0,1884;-0,3169;0,8672;-0,0494;0,7463;0,9144;-0,7175;-0,5802;-0,5481;-0,1053;1,4452;-0,0742;-0,0783;-0,1045;-0,0931;-0,3191;-0,2667;-0,3838;-0,7205;1,9102;-0,1003
"saint";-0,3378;-0,1381;-0,2877;-0,1303;0,4316;0,4514;-0,2572;-0,3241;-0,163;1,0433;0,3296;-0,5281;1,8611;-0,0751;0,2533;-0,1011;0,2748;-0,096;2,0875;-0,1476;-0,0858;-0,0972;-0,0205;-0,1798;-0,1766;-0,2971;-0,0594;-0,0463;0,7717;-0,0529;1,7963;-0,5439;-0,5138;-0,0987;0,6102;-0,0696;-0,0735;-0,0979;-0,0873;-0,7217;-0,2501;0,2586;-0,261;0,4358;-0,0941
"ses";0,692;-0,2871;-1,4786;-0,6695;0,3776;-0,2105;1,0831;-1,9794;-1,1708;1,0491;0,9679;-0,3731;-0,3999;0,6536;-1,1015;0,4761;-0,3341;-0,4934;-0,3041;0,5999;-0,441;-0,1659;-0,1053;-0,4262;0,4645;-0,4911;-0,3053;0,3746;-0,4136;0,3325;1,9541;-0,2533;-0,8246;0,4898;-0,6282;-0,3576;1,2477;-0,5034;-0,4485;0,4975;-0,3591;-0,7754;1,9393;0,3855;1,5919
"moment";-0,3716;-0,1519;-0,3165;-0,1433;-0,2209;-0,2085;-0,2829;3,2817;2,1282;0,574;0,6092;-0,207;-0,0856;-0,0827;0,2272;-0,1112;0,2477;-0,1056;-0,0651;-0,1623;-0,0944;-0,1069;-0,0225;-0,1977;-0,1943;-0,3268;-0,0653;-0,051;-0,0885;-0,0582;-0,7399;-0,5983;0,4359;-0,1085;-0,1345;0,7916;-0,0808;-0,1077;-0,096;-0,3345;-0,2751;-0,1703;-0,3026;-0,2182;-0,1035
"devenir";-0,1734;-0,3637;-0,7579;-0,3432;-0,529;-0,4994;0,6969;1,2596;0,7512;0,4908;-0,3924;-0,2105;-0,205;-0,198;0,4481;-0,2664;0,2299;-0,2529;-0,1559;-0,3888;-0,2261;-0,2561;-0,054;-0,1516;-0,4652;-0,3317;-0,1565;-0,1221;-0,212;-0,1393;-1,7721;1,813;-1,3536;-0,26;0,281;-0,1833;0,4443;1,6641;1,0089;0,3743;-0,6588;1,3023;0,2443;-0,5225;0,3617
"question";0,7264;-0,1427;-0,2973;-0,1346;-0,2075;-0,1959;-0,2658;5,0424;1,5509;-0,8358;-0,2886;0,9075;-0,0804;-0,0777;-0,3664;-0,1045;1,3834;-0,0992;-0,0611;-0,1525;-0,0887;-0,1005;1,3224;0,4584;-0,1825;-0,307;-0,0614;-0,0479;-0,0832;-0,0546;-0,6951;-0,562;-0,1793;-0,102;-0,1263;-0,0719;-0,0759;-0,1012;-0,0902;-0,3039;0,3483;-0,8438;-0,698;-0,205;-0,0972
"intérieur";-0,1914;0,783;-0,163;-0,0738;-0,1138;-0,1074;-0,1457;0,3286;0,3192;0,2599;0,2237;-0,2992;1,0153;-0,0426;-0,2009;-0,0573;2,0922;0,9291;-0,0335;0,7567;-0,0486;0,924;-0,0116;-0,1019;-0,1001;-0,1683;-0,0337;-0,0263;-0,0456;-0,03;0,2334;-0,3082;-0,2911;-0,0559;-0,0693;-0,0394;-0,0416;2,1512;-0,0494;-0,4089;-0,1417;-0,4626;-0,3827;-0,1124;-0,0533
"pourquoi";-0,2139;-0,0874;-0,1822;-0,0825;-0,1272;-0,12;-0,1629;1,049;0,7977;-0,9223;-0,4417;0,7617;-0,0493;-0,0476;0,3939;-0,064;1,9545;-0,0608;-0,0375;-0,0934;0,9295;-0,0616;-0,013;-0,1138;-0,1118;-0,1881;-0,0376;-0,0293;-0,051;1,1296;-0,426;0,7422;-0,3254;-0,0625;-0,0774;-0,0441;-0,0465;-0,062;-0,0553;-0,1385;0,5149;-0,169;-0,4277;-0,1256;-0,0596
"vouloir";0,4462;1,8244;-0,1489;-0,2128;0,2756;0,2926;0,6048;0,5383;0,5514;-1,0124;-1,1395;-0,3815;-0,1271;2,5449;-0,5793;-0,1652;1,4743;2,2494;-0,0966;-0,2411;-0,1402;-0,1588;-0,0335;-0,2937;-0,2885;-0,4853;-0,097;0,796;-0,1315;-0,0864;-1,0989;3,1095;-0,3663;-0,1612;-0,1997;-0,1137;-0,12;1,2822;1,3714;-1,179;0,2149;-0,7136;-1,1034;0,2792;-0,1537
"mot";0,3342;-0,1104;1,0183;-0,1042;-0,1606;-0,1516;-0,2057;-0,2065;0,2202;-1,165;-0,558;0,6081;-0,0622;-0,0601;-0,2837;0,7698;1,6745;-0,0768;-0,0473;-0,118;-0,0686;-0,0778;-0,0164;0,5499;-0,1413;-0,2376;-0,0475;-0,0371;-0,0644;-0,0423;-0,5381;-0,4351;-0,411;-0,0789;0,6955;-0,0557;0,8978;7,6906;-0,0698;0,4277;-0,2;-0,6532;-0,1829;-0,1587;-0,0752
"grec";-1,0816;-0,4421;-0,9212;-0,4171;-0,6429;-0,6069;-0,3586;-0,6692;-0,2933;-3,5709;-2,2335;5,2375;-0,2492;-0,2406;-0,2822;-0,3237;-0,5143;-0,3074;-0,1894;1,0243;-0,2748;-0,3113;-0,0656;-0,5756;-0,5654;-0,9512;-0,1902;-0,1484;-0,2577;-0,1693;-2,1538;-1,7416;-1,6452;-0,3159;-0,3914;-0,2228;0,9919;-0,3136;-0,2794;49,2343;-0,8007;-2,6145;-0,5536;-0,6351;-0,3012
"sans";-0,2892;-0,1499;-0,9788;-0,1364;-0,6831;-0,6449;0,2254;-0,3929;0,2686;0,7266;0,5493;-0,3774;-0,2647;-0,2557;-0,3172;0,7291;-0,5613;0,2769;-0,2013;0,4962;-0,292;0,755;-0,0697;-0,6116;-0,2217;-0,2252;-0,2021;-0,1577;-0,2738;-0,1799;-0,2274;-0,6819;-1,7481;-0,3357;-0,4159;-0,2367;-0,2499;0,75;-0,2969;0,734;0,2367;1,6797;1,1366;2,3362;0,2828
"produire";-0,1126;-0,046;-0,0959;-0,0434;0,8453;0,8685;-0,0857;-0,4167;-0,1668;-0,1464;0,3825;-0,176;-0,0259;-0,025;-0,1182;-0,0337;0,6516;-0,032;-0,0197;-0,0492;-0,0286;-0,0324;-0,0068;-0,0599;-0,0589;-0,099;-0,0198;-0,0154;-0,0268;-0,0176;-0,2242;-0,1813;-0,1712;-0,0329;-0,0407;-0,0232;-0,0245;-0,0326;2,7146;-0,2405;0,7579;0,332;0,3931;-0,0661;-0,0313
"civilisation";-0,8448;-0,3453;-0,7195;-0,3258;-0,5022;-0,4741;-0,6432;21,5504;9,5712;-1,9542;-1,0345;0,7509;-0,1946;-0,1879;-0,8869;-0,2529;0,2512;-0,2401;-0,148;-0,3691;0,409;-0,2431;-0,0513;-0,4496;-0,4417;-0,743;-0,1486;-0,1159;-0,2013;-0,1322;-1,6823;-1,3603;-0,6808;-0,2468;-0,3057;-0,174;-0,1837;0,3654;-0,2183;-0,6498;-0,6254;-0,7995;-1,6893;-0,4961;-0,2353
"situer";-0,1464;-0,0598;-0,1246;-0,0564;-0,087;-0,0821;-0,1114;1,5936;0,4055;0,8198;0,839;-0,2288;-0,0337;-0,0326;-0,1536;-0,0438;0,5533;-0,0416;-0,0256;-0,0639;-0,0372;-0,0421;-0,0089;-0,0779;-0,0765;0,591;-0,0257;-0,0201;-0,0349;-0,0229;0,3108;-0,2357;-0,2226;-0,0428;-0,053;-0,0301;-0,0318;-0,0424;-0,0378;-0,3127;-0,1083;-0,3538;-0,2926;-0,0859;-0,0408
"mouvement";-0,1914;-0,0782;-0,163;-0,0738;-0,1138;-0,1074;-0,1457;0,3286;-0,2836;-0,3465;-0,3952;-0,2992;-0,0441;-0,0426;1,1246;-0,0573;0,4573;-0,0544;-0,0335;-0,0836;-0,0486;0,924;-0,0116;-0,1019;-0,1001;-0,1683;-0,0337;-0,0263;-0,0456;-0,03;-0,3811;-0,3082;3,4436;-0,0559;-0,0693;-0,0394;-0,0416;-0,0555;-0,0494;-0,4089;-0,1417;-0,1405;2,0409;-0,1124;-0,0533
"agir";-0,304;-0,1243;2,5754;0,626;-0,1807;-0,1706;-0,2315;0,6378;0,5675;0,2559;-0,2324;-0,4753;-0,07;-0,0676;0,2836;-0,091;0,3061;0,7438;-0,0532;0,5793;-0,0772;0,7388;-0,0184;-0,1618;-0,1589;0,3375;-0,0535;-0,0417;1,9215;-0,0476;0,4013;-0,4895;-0,4624;-0,0888;-0,11;-0,0626;-0,0661;-0,0881;-0,0785;-0,6495;-0,2251;-0,296;-0,221;-0,1785;-0,0847
"âge";-0,1238;-0,0506;-0,1055;-0,0478;0,8071;0,8302;-0,0943;-0,4583;-0,1835;-0,5339;-0,2557;-0,1936;-0,0285;-0,0275;-0,13;-0,0371;0,6154;-0,0352;-0,0217;-0,0541;-0,0315;-0,0356;-0,0075;-0,0659;0,8586;-0,1089;-0,0218;1,4161;-0,0295;-0,0194;-0,2466;-0,1994;-0,1884;-0,0362;1,0086;-0,0255;-0,0269;-0,0359;-0,032;-0,2646;-0,0917;1,5926;-0,2476;-0,0727;2,5657
"contemporain";-0,2815;-0,115;-0,2397;-0,1086;-0,1673;-0,1579;-0,2143;-1,0418;-0,4171;1,8963;2,0712;0,1959;-0,0648;-0,0626;-0,2955;-0,0842;0,3298;-0,08;-0,0493;-0,123;-0,0715;-0,081;-0,0171;-0,1498;0,5415;-0,2475;-0,0495;-0,0386;-0,0671;-0,0441;0,8902;-0,4532;-0,4281;-0,0822;-0,1019;-0,058;-0,0612;-0,0816;-0,0727;-0,2168;-0,2084;0,3432;1,454;-0,1653;-0,0784
"futur";-0,1238;-0,0506;-0,1055;-0,0478;0,8071;0,8302;-0,0943;-0,4583;-0,1835;-0,5339;-0,2557;-0,1936;-0,0285;-0,0275;-0,13;-0,0371;0,6154;-0,0352;-0,0217;-0,0541;-0,0315;-0,0356;-0,0075;-0,0659;-0,0647;-0,1089;-0,0218;1,4161;-0,0295;-0,0194;0,3633;-0,1994;-0,1884;-0,0362;1,0086;-0,0255;-0,0269;-0,0359;-0,032;-0,2646;1,7517;0,8509;0,3619;-0,0727;-0,0345
"partir";-0,4504;-0,1841;-0,3836;-0,1737;-0,2677;-0,2527;-0,3429;-0,5549;-0,2579;0,6124;0,8134;-0,7042;-0,1038;-0,1002;0,5351;-0,1348;1,1118;-0,128;-0,0789;-0,1968;-0,1144;-0,1296;-0,0273;-0,2397;-0,2355;-0,3961;-0,0792;-0,0618;-0,1073;-0,0705;-0,4027;2,2681;0,698;-0,1316;-0,163;-0,0928;0,6949;-0,1306;-0,1164;-0,9624;0,7542;1,4884;-0,1732;0,3409;-0,1254
"classe";-0,1126;-0,046;-0,0959;-0,0434;-0,0669;-0,0632;-0,0857;0,6363;-0,1668;-0,4854;0,3825;-0,176;-0,0259;-0,025;-0,1182;1,127;0,6516;-0,032;-0,0197;-0,0492;-0,0286;-0,0324;-0,0068;-0,0599;-0,0589;-0,099;-0,0198;-0,0154;-0,0268;1,4005;-0,2242;1,2188;-0,1712;-0,0329;-0,0407;-0,0232;-0,0245;-0,0326;-0,0291;0,3714;-0,0833;-0,2721;-0,2251;0,8502;-0,0313
"définir";-0,1464;-0,0598;-0,1246;-0,0564;-0,087;-0,0821;-0,1114;0,4729;0,4055;-0,631;-0,3022;-0,2288;-0,0337;1,1413;-0,1536;-0,0438;0,5533;-0,0416;-0,0256;-0,0639;-0,0372;-0,0421;-0,0089;-0,0779;-0,0765;-0,1287;-0,0257;-0,0201;-0,0349;-0,0229;-0,2914;-0,2357;-0,2226;-0,0428;-0,053;-0,0301;-0,0318;-0,0424;-0,0378;5,7742;-0,1083;0,254;-0,2926;-0,0859;-0,0408
"fille";-0,2477;1,6522;-0,211;-0,0955;-0,1472;-0,139;-0,1886;-0,9168;-0,367;0,7039;0,9821;-0,3872;-0,0571;-0,0551;-0,26;9,617;0,3705;-0,0704;-0,0434;0,6565;-0,0629;-0,0713;-0,015;0,5821;-0,1295;0,404;-0,0436;-0,034;-0,059;-0,0388;-0,4932;-0,3988;-0,3768;-0,0724;-0,0896;-0,051;-0,0539;-0,0718;-0,064;-0,5292;0,4629;-0,2144;-0,4953;-0,1454;-0,069
"mon";-0,2815;1,5476;-0,2397;1,594;1,2553;0,5159;-0,2143;-1,0418;-0,4171;-1,2136;-0,5813;1,1241;0,858;-0,0626;-0,2955;-0,0842;0,3298;-0,08;-0,0493;-0,123;3,2372;-0,081;-0,0171;-0,1498;-0,1472;-0,2475;-0,0495;-0,0386;-0,0671;-0,0441;-0,5605;-0,4532;-0,4281;1,8186;-0,1019;-0,058;-0,0612;-0,0816;-0,0727;0,8258;-0,2084;0,7173;-0,5628;0,4996;0,7822
"altérité";-0,1238;-0,0506;-0,1055;-0,0478;-0,0736;-0,0695;-0,0943;1,8652;1,2057;-0,5339;-0,2557;2,0905;-0,0285;-0,0275;-0,13;-0,0371;1,5317;-0,0352;-0,0217;-0,0541;-0,0315;-0,0356;-0,0075;-0,0659;-0,0647;-0,1089;-0,0218;-0,017;-0,0295;-0,0194;-0,2466;-0,1994;-0,1884;-0,0362;-0,0448;-0,0255;-0,0269;-0,0359;-0,032;-0,2646;-0,0917;-0,2993;-0,2476;-0,0727;-0,0345
"construire";-0,1689;-0,069;-0,1438;-0,0651;-0,1004;-0,0948;-0,1286;0,3929;0,3586;1,1815;1,3959;-0,264;-0,0389;-0,0376;-0,1773;-0,0505;0,5014;-0,048;-0,0296;-0,0738;-0,0429;-0,0486;-0,0102;-0,0899;-0,0883;-0,1485;-0,0297;-0,0232;1,0532;-0,0264;-0,3363;-0,2719;-0,2569;-0,0493;-0,0611;-0,0348;-0,0367;-0,049;-0,0436;-0,3608;-0,125;0,6376;0,2672;-0,0992;-0,047
"dès";-0,259;-0,1058;-0,2206;-0,0999;-0,1539;-0,1453;0,4378;-0,1888;-0,3837;-0,5458;-0,5347;-0,4048;-0,0597;-0,0576;-0,2719;-0,0775;0,3561;-0,0736;-0,0454;0,6396;-0,0658;-0,0745;-0,0157;-0,1378;-0,1354;-0,2277;-0,0455;-0,0355;-0,0617;-0,0405;1,5801;-0,417;-0,3939;-0,0756;0,712;-0,0533;-0,0563;-0,0751;1,9895;2,1717;-0,1917;1,3219;-0,5178;-0,1521;0,8153
"avant";0,5748;0,2808;0,3433;0,298;-0,1489;-0,1356;-0,6003;-2,9184;-1,1683;0,3334;-0,2999;1,2264;-0,1816;-0,1754;-0,3604;0,9905;-0,3219;-0,2241;-0,1381;0,7294;-0,2003;-0,2269;-0,0478;-0,4196;0,6148;-0,2758;-0,1387;-0,1082;-0,1879;1,4827;0,3271;2,1157;-0,311;-0,2303;-0,2853;-0,1624;-0,1714;-0,2286;-0,2037;0,4879;-0,5837;1,2125;0,3242;-0,146;0,4014
"cas";2,2156;-0,1335;0,3252;-0,1259;-0,1941;-0,1832;-0,2486;-0,3032;-0,1542;-0,403;0,3462;-0,1681;0,7985;-0,0726;-0,3428;-0,0977;0,2848;-0,0928;-0,0572;-0,1426;-0,083;-0,094;-0,0198;-0,1738;1,2379;0,3154;-0,0574;-0,0448;-0,0778;-0,0511;-0,6502;1,5335;-0,4967;-0,0954;-0,1182;-0,0673;-0,071;0,708;-0,0844;0,3298;-0,2417;0,2734;-0,2475;0,4474;-0,0909
"encore";-0,2245;-0,2486;-0,518;0,9963;-0,3615;-0,3413;0,5455;0,4285;-0,1758;-0,3127;-0,3365;0,779;-0,1401;-0,1353;0,7529;0,4655;-0,2153;-0,1728;-0,1065;-0,2657;-0,1545;-0,175;-0,0369;-0,3237;0,2848;-0,5348;-0,107;-0,0834;0,5472;-0,0952;0,5409;1,6489;-0,925;-0,1777;0,4006;-0,1253;-0,1322;0,4766;-0,1571;0,4792;-0,1391;-0,4494;-0,3167;0,7071;-0,1693
"aujourd_hui";-0,6082;-0,2486;-0,1743;0,9963;-0,3615;-0,3413;0,5455;1,6344;0,8368;-0,3127;0,5086;0,44;0,5595;-0,1353;5,8126;-0,182;-0,2153;0,4837;-0,1065;-0,2657;-0,1545;0,4793;-0,0369;-0,3237;-0,3179;-0,5348;-0,107;-0,0834;-0,1449;-0,0952;-1,211;-0,9792;-0,4235;-0,1777;-0,2201;-0,1253;-0,1322;-0,1763;0,5178;-0,3586;-0,4502;-0,2344;-0,6277;-0,3571;0,4909
"société";-0,4279;-0,1749;0,2457;-0,165;-0,2544;-0,2401;-0,3258;1,7049;0,3747;-1,1048;-0,8836;-0,669;-0,0986;-0,0952;-0,1377;-0,1281;0,6118;-0,1216;-0,0749;-0,1869;-0,1087;-0,1232;-0,026;-0,2277;-0,2237;-0,3763;-0,0753;-0,0587;-0,1019;-0,067;-0,8521;3,9013;4,0693;-0,125;-0,1549;-0,0881;1,7128;1,4825;1,5741;-0,4138;-0,3168;-1,0343;-0,8556;-0,2513;-0,1192
"voir";0,3501;-0,4421;-0,4233;1,1481;-0,6429;-0,6069;0,9239;0,4176;0,5297;-0,3653;0,415;-0,5837;0,36;-0,2406;0,589;-0,3237;-0,5143;-0,3074;-0,1894;2,3284;1,592;-0,3113;-0,0656;-0,2072;-0,5654;-0,1993;-0,1902;0,5385;1,6636;-0,1693;-0,549;-0,6142;-0,3109;-0,3159;-0,3914;-0,2228;0,3787;0,2888;-0,2794;1,1304;-0,3439;0,8899;-0,5536;-0,6351;-0,3012
"réussir";-0,1126;-0,046;-0,0959;-0,0434;-0,0669;-0,0632;-0,0857;-0,4167;-0,1668;-0,1464;0,3825;0,4773;-0,0259;-0,025;-0,1182;2,5895;1,6117;-0,032;-0,0197;-0,0492;-0,0286;-0,0324;-0,0068;-0,0599;0,8971;-0,099;-0,0198;-0,0154;-0,0268;-0,0176;-0,2242;-0,1813;0,487;-0,0329;-0,0407;-0,0232;-0,0245;-0,0326;-0,0291;-0,2405;-0,0833;0,332;-0,2251;-0,0661;-0,0313
"mener";0,2981;-0,1243;-0,2589;-0,1172;0,468;0,4884;-0,2315;0,6378;-0,4505;0,2559;-0,2324;1,0446;-0,07;-0,0676;-0,3191;-0,091;0,3061;-0,0864;-0,0532;-0,1328;-0,0772;-0,0875;-0,0184;0,5072;-0,1589;-0,2673;-0,0535;-0,0417;-0,0724;-0,0476;0,817;0,5185;0,5519;-0,0888;1,5821;-0,0626;-0,0661;-0,0881;-0,0785;-0,245;-0,2251;-0,7349;-0,221;-0,1785;-0,0847
"moi";0,448;-0,0782;-0,163;-0,0738;-0,1138;-0,1074;-0,1457;2,5267;1,6116;-0,8252;-0,3952;0,3029;-0,0441;-0,0426;-0,2009;0,9081;1,181;-0,0544;-0,0335;1,8128;0,975;-0,0551;-0,0116;-0,1019;-0,1001;-0,1683;-0,0337;-0,0263;-0,0456;-0,03;-0,3811;-0,3082;-0,2911;-0,0559;-0,0693;-0,0394;-0,0416;-0,0555;-0,0494;-0,4089;-0,1417;-0,4626;-0,3827;-0,1124;-0,0533
"atteindre";0,4691;-0,0736;0,5264;-0,0695;-0,1071;-0,1011;-0,1371;-0,6667;-0,2669;0,2871;-0,372;0,3214;-0,0415;-0,0401;0,4522;2,1769;0,4785;0,9539;-0,0315;0,7806;-0,0458;0,9488;-0,0109;-0,0959;-0,0942;0,5148;-0,0317;-0,0247;-0,0429;-0,0282;0,2501;-0,29;-0,274;-0,0526;-0,0652;-0,0371;-0,0392;-0,0522;-0,0465;-0,3849;-0,1334;-0,4354;0,249;0,6652;-0,0502
"votre";-0,1689;-0,069;-0,1438;-0,0651;-0,1004;-0,0948;-0,1286;1,3764;0,9675;-0,7281;-0,3487;0,3415;-0,0389;-0,0376;0,4747;-0,0505;0,5014;-0,048;-0,0296;-0,0738;-0,0429;-0,0486;-0,0102;-0,0899;-0,0883;-0,1485;-0,0297;-0,0232;-0,0402;-0,0264;-0,3363;4,7732;-0,2569;-0,0493;-0,0611;-0,0348;-0,0367;-0,049;-0,0436;-0,3608;-0,125;-0,4082;-0,3377;-0,0992;-0,047
"nombreux";-0,1689;-0,069;-0,1438;-0,0651;-0,1004;-0,0948;-0,1286;-0,625;-0,2502;-0,285;0,2581;0,9294;-0,0389;1,0816;2,1613;-0,0505;0,5014;-0,048;-0,0296;-0,0738;-0,0429;-0,0486;-0,0102;-0,0899;-0,0883;-0,1485;-0,0297;-0,0232;-0,0402;-0,0264;0,763;0,9086;0,3502;-0,0493;-0,0611;-0,0348;-0,0367;-0,049;-0,0436;-0,3608;-0,125;-0,4082;0,2672;-0,0992;-0,047
"notamment";-0,2815;1,5476;-0,2397;-0,1086;-0,1673;-0,1579;-0,2143;-1,0418;-0,4171;0,9304;0,8567;0,1959;-0,0648;-0,0626;0,3066;-0,0842;0,3298;1,8411;-0,0493;-0,123;-0,0715;-0,081;-0,0171;-0,1498;-0,1472;-0,2475;-0,0495;-0,0386;0,8444;-0,0441;-0,5605;0,5648;3,5068;-0,0822;-0,1019;-0,058;-0,0612;-0,0816;-0,0727;-0,6014;-0,2084;-0,2626;-0,5628;-0,1653;-0,0784
"étudier";-0,1238;-0,0506;-0,1055;-0,0478;-0,0736;-0,0695;-0,0943;1,8652;1,2057;0,4854;0,3516;-0,1936;-0,0285;-0,0275;-0,13;-0,0371;0,6154;-0,0352;-0,0217;-0,0541;-0,0315;-0,0356;-0,0075;-0,0659;-0,0647;-0,1089;-0,0218;-0,017;-0,0295;-0,0194;-0,2466;-0,1994;-0,1884;-0,0362;-0,0448;-0,0255;1,221;-0,0359;-0,032;-0,2646;-0,0917;-0,2993;-0,2476;-0,0727;-0,0345
"dont";-1,0252;-0,419;-0,3911;-0,3954;-0,6094;-0,5753;-0,3308;0,8995;0,347;-0,8503;-0,5293;0,3094;-0,2362;0,3888;0,3535;0,2953;-0,4758;-0,2914;-0,1796;0,5633;0,9192;0,3071;0,8747;0,45;0,9044;0,4721;-0,1803;-0,1406;-0,2443;-0,1605;-1,276;2,3929;-0,5061;-0,2995;0,2408;1,8908;1,0309;-0,2973;-0,2649;0,6594;0,6024;0,9955;-1,2829;-0,2222;-0,2855
"oeuvre";-0,1689;-0,069;-0,1438;-0,0651;1,6678;1,7144;-0,1286;-0,625;-0,2502;-0,285;-0,3487;-0,264;1,0671;2,4824;-0,1773;-0,0505;0,5014;-0,048;-0,0296;-0,0738;-0,0429;-0,0486;-0,0102;-0,0899;-0,0883;-0,1485;1,1798;-0,0232;-0,0402;-0,0264;0,2684;-0,2719;-0,2569;-0,0493;-0,0611;-0,0348;-0,0367;-0,049;1,0196;-0,3608;-0,125;0,2151;0,7603;-0,0992;-0,047
"violence";-0,7209;0,3075;-0,6139;-0,278;-0,4285;-0,4045;-0,5488;9,1361;3,8749;-1,5418;-0,462;0,3282;-0,1661;-0,1604;0,2878;-0,2158;0,3224;-0,2049;-0,1263;-0,3149;-0,1831;-0,2075;1,0186;0,2317;0,2365;-0,6339;-0,1268;0,6911;-0,1717;-0,1128;-1,4354;-0,2915;-0,543;-0,2106;-0,2609;0,5383;-0,1567;0,4179;-0,1862;-0,8728;-0,1831;-0,6093;-0,2262;-0,4233;1,1094
"pouvoir";0,8117;-0,4378;1,442;1,2672;-0,4037;-0,363;0,2471;-0,3031;0,2971;-0,4855;1,1642;-0,2379;-0,53;-0,5118;-1,0629;0,6779;-1,4454;-0,2535;0,2185;0,3939;-0,2129;-0,2585;-0,1396;-1,2244;-0,3179;-1,2658;-0,4046;-0,3156;0,4462;0,6983;-1,6579;1,3817;2,217;-0,2645;0,5268;-0,4739;-0,1663;-0,6671;-0,2186;0,8579;0,2643;-0,6964;-0,2643;0,7054;-0,2456
"violent";-0,1351;2,1661;-0,1151;-0,0521;-0,0803;-0,0758;-0,1029;-0,5;-0,2002;0,435;0,3243;-0,2112;-0,0311;-0,0301;0,555;-0,0404;0,5828;-0,0384;-0,0237;-0,059;-0,0343;-0,0389;-0,0082;0,8165;-0,0706;-0,1188;-0,0238;-0,0185;-0,0322;-0,0211;0,3356;-0,2175;-0,2055;-0,0395;0,9728;-0,0278;-0,0294;-0,0392;-0,0349;-0,2886;-0,1;0,7887;-0,2701;-0,0793;-0,0376
"offrir";-0,1238;-0,0506;-0,1055;-0,0478;-0,0736;-0,0695;-0,0943;-0,4583;-0,1835;-0,172;-0,2557;-0,1936;-0,0285;-0,0275;-0,13;-0,0371;1,5317;-0,0352;-0,0217;-0,0541;-0,0315;-0,0356;-0,0075;-0,0659;2,0372;-0,1089;-0,0218;-0,017;-0,0295;-0,0194;0,9874;-0,1994;-0,1884;-0,0362;1,0086;1,2438;-0,0269;-0,0359;-0,032;-0,2646;-0,0917;0,3027;0,3619;-0,0727;-0,0345
"demander";-0,4166;1,237;0,2532;-0,1607;-0,2477;-0,2338;1,4517;-1,5421;-0,6173;-0,356;0,2356;-0,248;-0,096;-0,0927;0,1974;2,5332;0,2168;-0,1184;-0,073;-0,182;0,665;-0,1199;-0,0253;-0,2217;-0,2178;3,7813;-0,0733;-0,0572;-0,0993;-0,0652;-0,8297;0,3469;-0,6337;-0,1217;0,5327;-0,0858;-0,0906;-0,1208;-0,1076;0,222;0,2938;-0,4764;0,2488;2,6389;-0,116
"alors";0,5862;0,285;-0,6619;-0,2997;-0,1455;0,1982;0,4073;-0,2565;-0,2878;-0,2577;-0,2902;0,2841;1,1947;-0,1729;0,2549;0,3823;-0,3149;-0,2209;-0,1361;0,739;0,4373;1,0294;-0,0472;-0,4136;-0,4063;-0,6835;-0,1367;-0,1066;-0,1852;-0,1216;-0,4963;-1,2514;-1,1822;-0,227;0,3217;-0,1601;-0,169;0,3927;-0,2008;0,7772;1,3717;-0,2287;0,5701;2,4049;0,4062
"réduire";-0,1238;-0,0506;-0,1055;-0,0478;-0,0736;-0,0695;-0,0943;-0,4583;-0,1835;-0,5339;-0,2557;-0,1936;-0,0285;-0,0275;0,5872;-0,0371;0,6154;-0,0352;-0,0217;-0,0541;-0,0315;-0,0356;-0,0075;-0,0659;-0,0647;-0,1089;-0,0218;-0,017;-0,0295;-0,0194;5,2233;-0,1994;-0,1884;-0,0362;-0,0448;-0,0255;-0,0269;-0,0359;-0,032;-0,2646;-0,0917;0,8509;0,3619;-0,0727;-0,0345
"assez";-0,1464;-0,0598;-0,1246;-0,0564;-0,087;-0,0821;-0,1114;0,4729;0,4055;0,8198;0,2998;-0,2288;-0,0337;-0,0326;-0,1536;-0,0438;0,5533;-0,0416;-0,0256;-0,0639;-0,0372;-0,0421;-0,0089;-0,0779;0,7918;-0,1287;1,24;-0,0201;-0,0349;-0,0229;-0,2914;-0,2357;0,3968;-0,0428;-0,053;-0,0301;-0,0318;-0,0424;1,0789;-0,3127;-0,1083;-0,3538;0,3096;-0,0859;-0,0408
"traverser";-0,1126;-0,046;-0,0959;-0,0434;0,8453;0,8685;-0,0857;-0,4167;-0,1668;-0,1464;-0,2325;-0,176;-0,0259;-0,025;-0,1182;-0,0337;0,6516;-0,032;-0,0197;-0,0492;-0,0286;-0,0324;-0,0068;-0,0599;-0,0589;-0,099;-0,0198;-0,0154;-0,0268;-0,0176;1,0603;-0,1813;-0,1712;-0,0329;-0,0407;-0,0232;-0,0245;-0,0326;-0,0291;-0,2405;-0,0833;0,332;1,9275;-0,0661;-0,0313
"ailleurs";0,3476;-0,1058;-0,2206;-0,0999;-0,1539;-0,1453;1,1328;-0,1888;0,2316;-0,2555;-0,5347;0,2173;-0,0597;-0,0576;0,3323;-0,0775;0,3561;-0,0736;-0,0454;-0,1131;-0,0658;-0,0745;-0,0157;-0,1378;-0,1354;-0,2277;-0,0455;-0,0355;-0,0617;-0,0405;-0,5157;0,6167;1,2408;-0,0756;-0,0937;-0,0533;-0,0563;-0,0751;-0,0669;-0,5533;3,065;0,7933;-0,5178;-0,1521;-0,0721
"aussi";1,3598;-0,5804;-0,3197;-0,1918;0,2396;0,2637;0,6325;-1,2916;-0,5275;-0,8822;-0,9963;0,6286;-0,3271;0,2867;-0,4695;-0,425;-0,4098;0,6263;-0,2487;-0,2333;3,7105;0,2148;-0,0862;-0,7557;-0,3073;1,6128;-0,2497;0,4419;-0,3383;-0,2223;1,5977;-2,2865;-0,3371;1,1518;1,5106;0,3098;1,4621;0,2129;0,2439;2,0922;1,0314;-0,6649;-1,9519;0,2446;-0,3954
"groupe";0,4284;-0,0828;0,4842;-0,0782;-0,1205;-0,1137;1,3236;0,3012;0,3018;-0,8737;-0,4185;0,2858;-0,0467;-0,0451;1,081;-0,0607;1,1369;-0,0576;-0,0355;-0,0885;-0,0515;-0,0583;-0,0123;-0,1078;-0,1059;0,4729;-0,0356;-0,0278;-0,0483;-0,0317;0,2182;-0,3263;-0,3082;-0,0592;-0,0733;-0,0417;-0,0441;-0,0588;-0,0524;-0,433;-0,15;1,0347;0,2171;-0,119;-0,0564
"apprendre";1,4386;-0,0552;-0,1151;2,2146;-0,0803;-0,0758;1,6554;-0,5;-0,2002;0,435;0,3243;-0,2112;-0,0311;-0,0301;-0,1418;-0,0404;0,5828;-0,0384;-0,0237;0,896;-0,0343;-0,0389;-0,0082;-0,0719;-0,0706;-0,1188;-0,0238;-0,0185;-0,0322;-0,0211;-0,269;-0,2175;-0,2055;-0,0395;-0,0489;-0,0278;-0,0294;-0,0392;-0,0349;0,3138;-0,1;-0,3266;-0,2701;-0,0793;-0,0376
"leurs";-0,811;-0,3315;-0,2742;-0,3128;-0,4821;-0,4551;-0,6175;0,4727;0,2899;-0,4551;-0,5706;0,8019;-0,1868;-0,1804;0,5159;0,3684;0,2687;-0,2305;-0,142;-0,3543;-0,206;-0,2334;-0,0492;0,5864;-0,424;-0,288;-0,1426;-0,1113;4,0673;-0,1269;2,5001;-1,3059;-1,2336;-0,2369;-0,2935;-0,167;-0,1763;-0,2352;-0,2095;1,0338;0,3996;-0,2564;0,5249;1,6254;0,392
"leur";-0,5805;0,331;-1,4305;0,3594;-0,221;-0,1969;0,2525;-1,1888;-1,1114;-1,1287;-0,316;1,1312;-0,3869;-0,3736;0,6727;2,9528;-0,3104;-0,4773;0,308;-0,7337;-0,4267;-0,4834;-0,1019;-0,8938;-0,878;-1,477;-0,2954;-0,2304;1,1876;-0,2629;3,2798;-0,2281;-1,158;-0,4906;-0,2261;-0,3459;-0,3652;0,9922;-0,4339;1,5122;-0,6529;2,0344;1,7209;0,4074;-0,1491
"nom";-0,4279;-0,1749;-0,3644;-0,165;0,9409;0,9821;2,1997;-1,5838;-0,634;-0,2039;0,4978;1,2016;-0,0986;-0,0952;-0,1377;-0,1281;0,2098;0,6122;-0,0749;-0,1869;-0,1087;-0,1232;-0,026;-0,2277;-0,2237;-0,3763;-0,0753;-0,0587;-0,1019;-0,067;0,2394;3,1069;-0,6509;-0,125;-0,1549;-0,0881;-0,093;-0,1241;-0,1105;-0,1781;-0,3168;0,7042;-0,3752;-0,2513;-0,1192
"frontière";-0,1442;-0,1887;-0,3932;-0,1781;-0,2744;-0,2591;-0,3515;0,2808;0,3367;0,3567;-0,4407;-0,2909;-0,1064;-0,1027;0,5205;-0,1382;-0,1381;-0,1312;-0,0809;-0,2017;-0,1173;-0,1329;-0,028;-0,2457;-0,2414;-0,406;-0,0812;-0,0633;-0,11;-0,0723;2,3944;0,2978;-0,7023;-0,1349;-0,1671;-0,0951;-0,1004;-0,1339;-0,1193;1,1679;-0,3418;1,4418;0,4648;0,3332;-0,1286
"territoire";0,5729;-0,0552;-0,1151;-0,0521;-0,0803;-0,0758;-0,1029;-0,5;-0,2002;-0,1988;-0,279;-0,2112;-0,0311;-0,0301;1,4006;-0,0404;0,5828;-0,0384;-0,0237;-0,059;-0,0343;-0,0389;-0,0082;-0,0719;0,8237;0,621;-0,0238;-0,0185;-0,0322;-0,0211;1,7018;-0,2175;-0,2055;-0,0395;-0,0489;-0,0278;-0,0294;1,0643;-0,0349;-0,2886;-0,1;0,2769;-0,2701;-0,0793;-0,0376
"homme";0,5213;0,7275;-0,292;-0,3258;0,968;1,0236;-0,6432;-1,5615;-0,6563;-0,3416;-0,3502;1,1106;-0,1946;0,4543;-0,3995;-0,2529;-0,3573;-0,2401;-0,148;1,987;0,409;-0,2431;0,9534;-0,4496;-0,4417;0,6213;-0,1486;-0,1159;-0,2013;-0,1322;0,2797;-1,3603;-1,285;-0,2468;0,2964;-0,174;3,0611;-0,245;-0,2183;1,3145;-0,2354;0,3173;1,8814;-0,4961;-0,2353
"rien";-0,3828;-0,1565;0,7706;-0,1476;-0,2276;-0,2148;-0,2915;-0,4119;-0,1995;0,3091;0,2716;-0,2171;0,7357;-0,0852;0,6351;0,6347;0,2395;-0,1088;0,8445;-0,1672;-0,0973;-0,1102;-0,0232;-0,2037;-0,2001;-0,3367;-0,0673;-0,0525;-0,0912;-0,0599;-0,3149;-0,6164;-0,2079;-0,1118;-0,1385;-0,0789;-0,0832;0,6467;-0,0989;0,9651;0,3194;1,2773;0,2858;0,3936;-0,1066
"eux";-0,4842;-0,1979;-0,4124;-0,1867;-0,2878;-0,2717;-0,3687;0,707;0,6579;-0,286;-0,9999;0,2894;-0,1115;-0,1077;-0,1685;-0,1449;-0,1493;-0,1376;-0,0848;-0,2115;-0,123;0,5615;-0,0294;-0,2577;-0,2531;-0,4258;-0,0852;-0,0664;-0,1154;-0,0758;5,1808;-0,7797;-0,3003;-0,1414;-0,1752;-0,0997;0,667;-0,1404;-0,1251;1,0967;-0,3585;0,9288;-0,2013;-0,2843;-0,1348
"autour";-0,2252;-0,092;-0,1918;-0,0868;-0,1338;-0,1263;-0,1714;-0,8334;-0,3336;-0,191;-0,1428;-0,352;-0,0519;-0,0501;3,8145;0,8424;0,4019;2,029;-0,0394;-0,0984;-0,0572;-0,0648;-0,0137;-0,1198;-0,1177;-0,198;-0,0396;-0,0309;-0,0536;-0,0352;-0,4484;-0,3626;-0,3425;-0,0658;-0,0815;-0,0464;-0,049;-0,0653;-0,0582;-0,4811;0,4965;2,2277;-0,1355;0,5809;-0,0627
"jouer";-0,1351;-0,0552;0,6331;-0,0521;-0,0803;-0,0758;-0,1029;0,5205;0,4326;-0,1988;-0,279;-0,2112;-0,0311;-0,0301;-0,1418;-0,0404;0,5828;-0,0384;-0,0237;0,896;-0,0343;1,0673;-0,0082;0,8165;1,9619;-0,1188;-0,0238;-0,0185;-0,0322;-0,0211;-0,269;-0,2175;0,4237;-0,0395;-0,0489;-0,0278;-0,0294;-0,0392;-0,0349;-0,2886;-0,1;-0,3266;-0,2701;-0,0793;-0,0376
"10";0,4691;0,8071;-0,1534;-0,0695;-0,1071;-0,1011;0,5674;0,3591;-0,2669;-0,7766;-0,372;-0,2816;-0,0415;-0,0401;0,4522;-0,0539;0,4785;-0,0512;-0,0315;-0,0787;-0,0458;-0,0518;-0,0109;4,2536;-0,0942;0,5148;-0,0317;-0,0247;-0,0429;2,7244;0,2501;-0,29;-0,274;-0,0526;0,8558;-0,0371;-0,0392;-0,0522;-0,0465;-0,3849;-0,1334;-0,4354;-0,3602;-0,1058;-0,0502
"fin";-0,6532;0,9036;0,8753;-0,2519;0,653;0,6898;-0,4974;-1,0442;-0,9679;1,4111;2,5308;-0,4896;-0,1505;0,5461;-0,6858;-0,1955;-0,636;-0,1857;1,5436;-0,2854;-0,1659;-0,188;-0,0396;0,7243;-0,3415;-0,5745;-0,1149;-0,0896;-0,1556;-0,1022;-0,3602;-1,0518;-0,2146;-0,1908;-0,2364;1,4155;-0,142;-0,1894;-0,1688;-0,41;-0,4836;0,5594;1,1445;0,2317;0,4657
"nouveau";2,2937;0,6694;-0,7868;-0,3562;-0,1921;-0,1753;0,3207;-0,9214;-1,3687;-0,4535;-0,241;-0,23;-0,2128;-0,2055;1,156;0,3271;-0,8994;3,448;-0,1618;-0,4035;-0,2347;-0,2659;-0,056;-0,4916;0,5192;0,2563;0,5058;-0,1267;0,4006;-0,1446;-0,3938;1,7235;-1,405;0,3346;-0,3343;0,4501;0,4315;-0,2678;-0,2386;-0,4567;1,1475;0,2506;-0,2215;0,4535;0,9284
"chute";-0,3716;-0,1519;-0,3165;-0,1433;-0,2209;-0,2085;-0,2829;-1,3753;-0,5506;6,4391;6,2988;-0,5809;-0,0856;-0,0827;0,2272;-0,1112;-0,3618;-0,1056;-0,0651;-0,1623;-0,0944;-0,1069;-0,0225;-0,1977;-0,1943;-0,3268;-0,0653;-0,051;-0,0885;-0,0582;-0,3008;1,3525;-0,5652;-0,1085;-0,1345;-0,0765;-0,0808;-0,1077;-0,096;-0,7939;-0,2751;-0,402;-0,743;-0,2182;-0,1035
"rome";-0,7885;-0,3223;-0,6715;-0,3041;-0,4687;-0,4424;-0,6003;-1,4051;-0,5949;18,6887;3,0215;-1,2327;-0,1816;0,4785;-0,3604;-0,236;-0,7677;-0,2241;-0,1381;0,2616;-0,2003;-0,2269;-0,0478;-0,4196;-0,4122;-0,6934;-0,1387;-0,1082;-0,1879;-0,1234;-0,2765;-1,2696;-1,1993;-0,2303;-0,2853;-0,1624;-0,1714;-0,2286;-0,2037;-1,6846;-0,5837;1,5947;-0,2791;-0,463;-0,2196
"6";-1,0591;0,2;-0,902;-0,4084;-0,6295;-0,5942;-0,8063;-3,9199;-1,5692;-2,0946;-0,8984;-1,6557;0,9656;-0,2356;-1,1118;-0,317;-1,0312;-0,301;64,0049;-0,4626;-0,269;-0,3048;-0,0643;-0,5636;-0,5536;-0,9313;73,08;-0,1453;-0,2523;0,4985;-1,3316;-1,7053;-1,6108;-0,3094;0,6594;-0,2181;-0,2303;-0,3071;-0,2736;-2,2627;-0,784;-1,7094;-1,3388;-0,6219;-0,2949
"empereur";-0,7209;-0,2946;-0,6139;-0,278;-0,4285;-0,4045;-0,5488;-2,6681;-1,0681;5,2452;3,3613;-1,1269;-0,1661;0,5104;-0,7568;-0,2158;-0,7019;-0,2049;-0,1263;2,2269;-0,1831;-0,2075;-0,0437;-0,3836;-0,3768;-0,6339;-0,1268;-0,0989;-0,1717;-0,1128;3,4914;-1,1607;-1,0964;-0,2106;-0,2609;-0,1485;-0,1567;-0,209;-0,1862;-1,5401;-0,5336;1,4052;2,3267;-0,4233;-0,2007
"romulus";-0,1689;-0,069;-0,1438;-0,0651;-0,1004;-0,0948;-0,1286;-0,625;-0,2502;3,3584;5,3371;-0,264;-0,0389;-0,0376;-0,1773;-0,0505;-0,1644;-0,048;-0,0296;-0,0738;-0,0429;-0,0486;-0,0102;-0,0899;-0,0883;-0,1485;-0,0297;-0,0232;-0,0402;-0,0264;-0,3363;-0,2719;-0,2569;-0,0493;-0,0611;-0,0348;-0,0367;-0,049;-0,0436;-0,3608;-0,125;-0,4082;0,2672;-0,0992;-0,047
"augustule";-0,1689;-0,069;-0,1438;-0,0651;-0,1004;-0,0948;-0,1286;-0,625;-0,2502;3,3584;5,3371;-0,264;-0,0389;-0,0376;-0,1773;-0,0505;-0,1644;-0,048;-0,0296;-0,0738;-0,0429;-0,0486;-0,0102;-0,0899;-0,0883;-0,1485;-0,0297;-0,0232;-0,0402;-0,0264;-0,3363;-0,2719;-0,2569;-0,0493;-0,0611;-0,0348;-0,0367;-0,049;-0,0436;-0,3608;-0,125;-0,4082;0,2672;-0,0992;-0,047
"rupture";0,6414;-0,046;-0,0959;-0,0434;-0,0669;-0,0632;-0,0857;-0,4167;-0,1668;1,0949;1,0338;-0,176;-0,0259;-0,025;-0,1182;-0,0337;-0,1096;-0,032;-0,0197;-0,0492;-0,0286;-0,0324;-0,0068;-0,0599;-0,0589;-0,099;-0,0198;-0,0154;-0,0268;-0,0176;0,3945;1,2188;-0,1712;-0,0329;-0,0407;-0,0232;-0,0245;-0,0326;-0,0291;-0,2405;-0,0833;0,332;-0,2251;-0,0661;-0,0313
"brutal";-0,1238;-0,0506;-0,1055;-0,0478;-0,0736;-0,0695;-0,0943;-0,4583;-0,1835;0,9908;1,7691;-0,1936;-0,0285;-0,0275;-0,13;-0,0371;-0,1206;-0,0352;-0,0217;-0,0541;-0,0315;-0,0356;-0,0075;-0,0659;-0,0647;-0,1089;-0,0218;-0,017;-0,0295;-0,0194;-0,2466;1,1432;-0,1884;-0,0362;-0,0448;-0,0255;-0,0269;-0,0359;-0,032;-0,2646;-0,0917;0,3027;0,9845;-0,0727;-0,0345
"déclin";-0,1238;-0,0506;-0,1055;-0,0478;-0,0736;-0,0695;-0,0943;-0,4583;-0,1835;0,9908;2,743;-0,1936;-0,0285;-0,0275;0,5872;-0,0371;-0,1206;-0,0352;-0,0217;-0,0541;-0,0315;-0,0356;-0,0075;-0,0659;-0,0647;-0,1089;-0,0218;-0,017;-0,0295;-0,0194;0,3633;1,1432;-0,1884;-0,0362;-0,0448;-0,0255;-0,0269;-0,0359;-0,032;-0,2646;-0,0917;-0,2993;-0,2476;-0,0727;-0,0345
"ici";0,3618;-0,1012;-0,211;0,7046;-0,1472;-0,139;-0,1886;0,866;0,2438;-0,2333;-0,1671;0,2291;-0,0571;-0,0551;-0,26;0,8043;-0,2412;-0,0704;-0,0434;-0,1082;-0,0629;-0,0713;-0,015;-0,1318;1,4562;-0,2178;-0,0436;-0,034;-0,059;-0,0388;-0,1576;-0,3988;-0,3768;0,814;-0,0896;-0,051;0,9332;-0,0718;-0,064;0,4765;-0,1834;-0,2144;-0,1587;0,5458;-0,069
"ou";-0,728;-0,7834;0,7715;-0,7392;0,5801;0,635;0,3713;1,661;0,958;-0,3318;0,405;0,8523;-0,4415;0,5919;1,7699;-0,5737;-1,8662;-0,5447;-0,3357;0,8985;0,513;-0,5516;-0,1163;-1,02;0,3964;0,7287;-0,3371;-0,2629;-0,4566;-0,3;-1,5833;-0,7655;0,671;0,4348;-0,6936;-0,3948;1,7992;-0,5557;-0,4952;-1,3436;-0,785;0,4712;-0,433;0,9347;-0,1844
"depuis";-0,811;0,2726;1,1382;0,7936;0,5206;0,5545;0,3851;-1,4673;-0,6193;-0,4551;-0,5706;-0,3456;-0,1868;-0,1804;1,3535;0,9702;-0,7897;1,0074;-0,142;-0,3543;-0,206;0,3812;-0,0492;0,5864;-0,424;0,655;-0,1426;-0,1113;-0,1932;-0,1269;-0,2949;-0,3651;1,2235;1,7616;0,3087;0,4958;0,4766;0,993;-0,2095;0,46;-0,2208;-1,9604;-0,9373;1,6254;0,392
"ve";-0,304;-0,1243;-0,2589;-0,1172;-0,1807;-0,1706;-0,2315;-0,263;-0,1371;2,2645;1,3044;-0,1495;-0,07;-0,0676;-0,3191;-0,091;-0,296;-0,0864;-0,0532;-0,1328;-0,0772;-0,0875;-0,0184;-0,1618;-0,1589;-0,2673;-0,0535;-0,0417;-0,0724;-0,0476;-0,2196;-0,4895;-0,4624;-0,0888;-0,11;-0,0626;-0,0661;-0,0881;-0,0785;0,3654;-0,2251;2,3108;0,3992;-0,1785;-0,0847
"siècle";-1,8263;-0,7464;-1,5555;-0,7043;-1,0856;-1,0248;-1,3905;4,5964;1,3612;4,897;1,0884;-0,6475;-0,4207;0,6217;0,3566;-0,5466;-1,7782;-0,5191;-0,3199;-0,7978;-0,464;-0,5256;-0,1108;-0,9719;-0,9548;-1,6061;-0,3212;-0,2506;-0,4351;-0,2859;-0,5397;0,4636;-2,7779;-0,5335;1,1802;-0,3762;-0,3971;-0,5296;-0,4718;0,2918;-1,352;4,3234;-0,2468;-1,0724;-0,5086
"celle";1,224;-0,1611;-0,3357;-0,152;-0,2343;-0,2211;0,8265;-0,4348;-0,584;0,5096;0,9694;0,3899;-0,0908;0,738;-0,4137;-0,118;-0,3837;-0,112;-0,069;-0,1722;-0,1001;-0,1134;-0,0239;-0,2097;0,4228;-0,3466;-0,0693;-0,0541;0,7112;-0,0617;0,5899;-0,6346;-0,5995;0,6329;0,553;-0,0812;-0,0857;-0,1143;-0,1018;1,9886;-0,2918;-0,1926;-0,3312;-0,2314;-0,1097
"série";0,6054;-0,0506;-0,1055;-0,0478;-0,0736;-0,0695;0,7096;-0,4583;-0,1835;0,9908;0,9614;-0,1936;-0,0285;-0,0275;-0,13;-0,0371;-0,1206;-0,0352;1,3123;-0,0541;-0,0315;-0,0356;-0,0075;-0,0659;-0,0647;-0,1089;1,3106;-0,017;-0,0295;-0,0194;-0,2466;-0,1994;-0,1884;-0,0362;-0,0448;-0,0255;-0,0269;-0,0359;-0,032;0,3408;0,7206;-0,2993;-0,2476;-0,0727;-0,0345
"effondrement";-0,1238;-0,0506;-0,1055;-0,0478;-0,0736;-0,0695;-0,0943;0,5745;-0,1835;0,9908;0,9614;0,4441;-0,0285;-0,0275;0,5872;-0,0371;-0,1206;-0,0352;-0,0217;-0,0541;-0,0315;-0,0356;-0,0075;-0,0659;-0,0647;-0,1089;-0,0218;-0,017;-0,0295;-0,0194;-0,2466;1,1432;-0,1884;-0,0362;-0,0448;-0,0255;-0,0269;-0,0359;-0,032;-0,2646;-0,0917;-0,2993;-0,2476;-0,0727;-0,0345
"ravenne";-0,3153;-0,1289;-0,2685;-0,1216;-0,1874;-0,1769;-0,24;-1,1669;-0,4671;5,7863;6,0956;-0,4929;-0,0726;-0,0701;-0,331;-0,0944;-0,307;-0,0896;-0,0552;-0,1377;-0,0801;-0,0907;-0,0191;-0,1678;-0,1648;-0,2772;-0,0554;-0,0433;-0,0751;-0,0493;0,3822;-0,5076;-0,4795;-0,0921;-0,1141;-0,0649;-0,0686;-0,0914;-0,0814;-0,6736;-0,2334;-0,7621;0,7796;-0,1851;-0,0878
"nord_est";-0,1576;-0,0644;-0,1342;-0,0608;-0,0937;-0,0884;-0,12;-0,5834;-0,2335;0,7486;0,2779;-0,2464;-0,0363;-0,0351;-0,1655;-0,0472;-0,1535;-0,0448;-0,0276;-0,0689;-0,04;-0,0454;-0,0096;-0,0839;-0,0824;9,7615;-0,0277;-0,0216;-0,0376;-0,0247;-0,3139;-0,2538;-0,2397;-0,046;-0,057;1,1425;-0,0343;-0,0457;-0,0407;-0,3367;-0,1167;-0,381;0,2873;-0,0925;-0,0439
"italie";-0,1618;-0,2025;-0,422;-0,1911;-0,2945;-0,278;-0,3773;-1,834;-0,7342;4,5851;4,1513;-0,7746;-0,1141;-0,1102;-0,5202;-0,1483;-0,4824;-0,1408;-0,0868;-0,2165;-0,1259;-0,1426;-0,0301;-0,2637;-0,259;-0,4357;-0,0871;-0,068;-0,1181;-0,0776;5,9216;-0,7978;-0,7537;-0,1447;-0,1793;0,679;-0,1077;-0,1437;-0,128;-1,0586;-0,3668;-0,6126;0,7426;-0,2909;-0,138
"cité";-0,3716;-0,1519;-0,3165;-0,1433;-0,2209;-0,2085;-0,2829;-0,3893;-0,1902;1,2698;0,2849;0,8479;-0,0856;-0,0827;-0,3901;-0,1112;-0,3618;-0,1056;-0,0651;-0,1623;-0,0944;-0,1069;-0,0225;-0,1977;-0,1943;-0,3268;-0,0653;-0,051;-0,0885;-0,0582;-0,3008;-0,5983;-0,5652;-0,1085;-0,1345;-0,0765;-0,0808;-0,1077;-0,096;10,4309;-0,2751;-0,8982;0,2994;-0,2182;-0,1035
"capitale";-0,1126;-0,046;0,7031;-0,0434;-0,0669;-0,0632;-0,0857;-0,4167;-0,1668;1,8092;1,0338;-0,176;-0,0259;-0,025;-0,1182;-0,0337;-0,1096;-0,032;-0,0197;-0,0492;-0,0286;-0,0324;-0,0068;-0,0599;-0,0589;-0,099;-0,0198;-0,0154;-0,0268;-0,0176;0,3945;-0,1813;-0,1712;-0,0329;1,048;-0,0232;-0,0245;-0,0326;-0,0291;-0,2405;-0,0833;-0,2721;0,3931;-0,0661;-0,0313
"sortir";-0,2702;0,6487;0,3858;-0,1042;1,2872;1,3316;-0,2057;-1,0001;-0,4004;-0,2785;-0,1925;-0,4224;2,0485;-0,0601;-0,2837;-0,0809;-0,2631;-0,0768;-0,0473;-0,118;-0,0686;-0,0778;-0,0164;-0,1438;0,5565;0,3753;-0,0475;-0,0371;-0,0644;-0,0423;-0,5381;-0,4351;0,2133;-0,0789;-0,0978;-0,0557;-0,0588;-0,0784;-0,0698;-0,5773;1,9877;0,3638;0,9261;1,2966;-0,0752
"presque";0,5435;-0,0598;-0,1246;-0,0564;-0,087;-0,0821;0,6453;-0,5417;-0,2169;1,3887;0,2998;-0,2288;-0,0337;-0,0326;-0,1536;1,018;-0,1425;1,0394;-0,0256;-0,0639;-0,0372;-0,0421;-0,0089;-0,0779;-0,0765;-0,1287;-0,0257;-0,0201;-0,0349;-0,0229;-0,2914;-0,2357;-0,2226;-0,0428;-0,053;-0,0301;-0,0318;-0,0424;-0,0378;-0,3127;-0,1083;0,7331;0,8612;-0,0859;-0,0408
"rendre";-0,3265;1,4282;1,6043;-0,1259;-0,1941;-0,1832;0,3607;-0,3032;-0,1542;0,4339;-0,2601;-0,5105;-0,0752;-0,0726;-0,3428;-0,0977;-0,3179;-0,0928;-0,0572;-0,1426;-0,083;0,7109;-0,0198;-0,1738;-0,1707;-0,2872;-0,0574;-0,0448;-0,0778;-0,0511;-0,2459;1,5335;-0,1608;0,7051;-0,1182;-0,0673;-0,071;-0,0947;-0,0844;-0,274;0,3697;0,2734;0,3621;-0,1917;0,7238
"compte";0,2981;-0,1243;0,3477;-0,1172;-0,1807;-0,1706;-0,2315;-0,263;-0,1371;0,4974;0,3826;-0,1495;-0,07;-0,0676;-0,3191;-0,091;-0,296;2,997;-0,0532;-0,1328;-0,0772;0,7388;-0,0184;-0,1618;-0,1589;-0,2673;-0,0535;-0,0417;-0,0724;0,9839;0,817;0,5185;-0,143;0,733;-0,11;-0,0626;-0,0661;0,7359;-0,0785;-0,6495;-0,2251;-0,7349;-0,221;-0,1785;0,7518
"représenter";-0,1351;-0,0552;-0,1151;-0,0521;-0,0803;-0,0758;-0,1029;-0,5;-0,2002;1,5114;1,661;0,4144;-0,0311;-0,0301;-0,1418;-0,0404;-0,1315;-0,0384;-0,0237;-0,059;-0,0343;-0,0389;-0,0082;-0,0719;-0,0706;-0,1188;-0,0238;-0,0185;-0,0322;-0,0211;-0,269;-0,2175;-0,2055;1,0612;-0,0489;-0,0278;-0,0294;-0,0392;-0,0349;0,3138;-0,1;0,2769;0,3343;-0,0793;-0,0376
"tel";-0,1464;-0,0598;1,4993;-0,0564;-0,087;-0,0821;-0,1114;0,4729;-0,2169;-0,2266;0,2998;0,3877;1,1267;-0,0326;-0,1536;-0,0438;-0,1425;-0,0416;-0,0256;-0,0639;-0,0372;-0,0421;-0,0089;-0,0779;-0,0765;-0,1287;-0,0257;-0,0201;-0,0349;-0,0229;-0,2914;-0,2357;1,0562;-0,0428;-0,053;-0,0301;-0,0318;-0,0424;-0,0378;0,8157;-0,1083;0,254;-0,2926;-0,0859;-0,0408
"an";-0,2783;1,0491;2,7961;1,1067;-0,6697;-0,6322;1,8577;-2,3817;-0,9773;-0,8015;-0,3995;-1,7614;0,9214;-0,2507;0,2967;2,9546;-1,097;-0,3202;-0,1973;-0,4922;0,3164;2,1719;-0,0684;1,9086;-0,589;-0,2164;0,4361;-0,1546;0,8977;0,4766;1,1882;-0,2137;-1,0123;3,9338;-0,4077;-0,2321;-0,245;-0,3267;1,528;-1,5809;-0,8341;-0,574;-0,6013;0,7151;2,2214
"lorsque";-0,2252;-0,092;-0,1918;-0,0868;-0,1338;-0,1263;-0,1714;0,2537;0,2707;0,4488;0,5526;-0,352;-0,0519;-0,0501;0,377;-0,0674;-0,2192;-0,064;-0,0394;-0,0984;-0,0572;-0,0648;-0,0137;-0,1198;-0,1177;-0,198;-0,0396;-0,0309;-0,0536;-0,0352;0,5744;-0,3626;-0,3425;-0,0658;-0,0815;-0,0464;-0,049;-0,0653;-0,0582;1,6913;1,262;0,4622;-0,1355;-0,1322;-0,0627
"décider";-0,1914;-0,0782;-0,163;-0,0738;-0,1138;-0,1074;0,5451;-0,7084;-0,2836;2,961;1,2547;-0,2992;1,0153;-0,0426;-0,2009;-0,0573;-0,1864;-0,0544;-0,0335;-0,0836;-0,0486;-0,0551;-0,0116;-0,1019;-0,1001;-0,1683;-0,0337;-0,0263;-0,0456;-0,03;-0,3811;-0,3082;0,8581;-0,0559;-0,0693;-0,0394;-0,0416;-0,0555;-0,0494;0,2147;0,5554;-0,1405;-0,3827;-0,1124;-0,0533
"installer";-0,2477;-0,1012;-0,211;-0,0955;0,5413;0,5625;-0,1886;-0,9168;-0,367;0,7039;0,4957;-0,3872;-0,0571;-0,0551;0,3463;0,8043;-0,2412;0,825;-0,0434;-0,1082;-0,0629;-0,0713;-0,015;-0,1318;-0,1295;-0,2178;-0,0436;-0,034;-0,059;-0,0388;2,3853;-0,3988;-0,3768;-0,0724;-0,0896;-0,051;-0,0539;-0,0718;-0,064;-0,5292;-0,1834;1,3842;0,5142;-0,1454;-0,069
"cour";-0,304;-0,1243;-0,2589;-0,1172;-0,1807;-0,1706;-0,2315;-1,1252;-0,4505;0,8231;0,3826;-0,4753;-0,07;-0,0676;-0,3191;-0,091;-0,296;-0,0864;-0,0532;-0,1328;-0,0772;-0,0875;-0,0184;13,4996;-0,1589;-0,2673;-0,0535;-0,0417;-0,0724;-0,0476;1,3515;-0,4895;-0,4624;-0,0888;-0,11;-0,0626;-0,0661;-0,0881;-0,0785;-0,245;-0,2251;-0,7349;1,3461;-0,1785;-0,0847
"actuel";0,2769;-0,1335;-0,2781;-0,1259;-0,1941;-0,1832;0,3607;-0,3032;-0,1542;0,4339;0,72;-0,5105;-0,0752;-0,0726;3,0173;-0,0977;-0,3179;-0,0928;-0,0572;-0,1426;-0,083;-0,094;-0,0198;-0,1738;-0,1707;0,3154;-0,0574;-0,0448;-0,0778;-0,0511;-0,2459;-0,5258;-0,1608;-0,0954;-0,1182;-0,0673;-0,071;-0,0947;-0,0844;-0,6976;-0,2417;2,8408;0,3621;-0,1917;-0,0909
"près_de";-0,2027;-0,0828;-0,1726;-0,0782;-0,1205;-0,1137;-0,1543;-0,7501;-0,3003;0,9398;0,2087;-0,3168;0,9918;1,0061;-0,2127;-0,0607;-0,1973;-0,0576;-0,0355;-0,0885;-0,0515;-0,0583;-0,0123;-0,1078;-0,1059;7,1289;-0,0356;-0,0278;-0,0483;-0,0317;0,2182;-0,3263;-0,3082;-0,0592;-0,0733;-0,0417;-0,0441;-0,0588;-0,0524;0,2;-0,15;-0,1546;0,2171;-0,119;-0,0564
"effet";-0,2027;-0,0828;0,4842;0,7833;-0,1205;-0,1137;-0,1543;-0,7501;-0,3003;0,2354;0,2087;-0,3168;-0,0467;-0,0451;-0,2127;-0,0607;-0,1973;0,9059;-0,0355;-0,0885;-0,0515;-0,0583;-0,0123;-0,1078;-0,1059;-0,1782;-0,0356;-0,0278;-0,0483;-0,0317;1,9552;2,2694;-0,3082;-0,0592;-0,0733;-0,0417;-0,0441;-0,0588;-0,0524;-0,433;0,5345;-0,1546;0,2171;-0,119;0,9142
"ville";0,7319;0,338;-0,5564;-0,2519;-0,3883;-0,3665;-0,4974;-2,4178;-0,9679;9,6996;0,7353;-1,0212;-0,1505;-0,1453;0,3338;-0,1955;-0,636;-0,1857;-0,1144;0,3173;-0,1659;-0,188;-0,0396;-0,3476;-0,3415;2,0062;-0,1149;-0,0896;-0,1556;-0,1022;1,1512;-1,0518;-0,9936;-0,1908;0,377;0,5745;-0,142;-0,1894;-0,1688;-0,7616;-0,4836;-0,2772;0,473;-0,3836;-0,1819
"nos";0,9255;-0,2163;-0,4508;-0,2041;-0,3146;-0,297;-0,403;1,2114;0,5845;-0,3603;0,6413;-0,8275;-0,1219;0,6244;1,4312;-0,1584;-0,5154;-0,1504;-0,0927;-0,2312;-0,1345;-0,1523;-0,0321;-0,2817;-0,2767;-0,4655;-0,0931;-0,0726;0,5986;-0,0828;-0,2391;0,2383;-0,8051;-0,1546;-0,1915;-0,109;0,633;0,5262;2,415;0,6085;-0,3918;-0,3466;-0,2411;0,8002;-0,1474
"trouver";-0,518;-0,2117;-0,4412;0,4333;-0,3079;-0,2907;1,2161;-0,2318;0,2828;0,6805;0,3641;-0,8099;-0,1193;-0,1152;0,4546;-0,155;-0,5044;-0,1472;-0,0907;-0,2263;-0,1316;-0,1491;-0,0314;-0,2757;0,3335;-0,1414;-0,0911;-0,0711;-0,1234;0,7688;0,6996;0,2472;0,9944;-0,1513;-0,1875;-0,1067;-0,1126;-0,1502;0,5764;-1,1068;-0,3835;2,2198;-0,4981;0,2979;-0,1442
"centre";-0,2139;-0,0874;-0,1822;-0,0825;1,4734;1,519;-0,1629;-0,7917;-0,317;0,8731;1,134;-0,3344;-0,0493;-0,0476;-0,2246;0,8631;-0,2083;-0,0608;-0,0375;-0,0934;-0,0543;-0,0616;-0,013;-0,1138;-0,1118;-0,1881;-0,0376;-0,0293;-0,051;-0,0335;-0,426;-0,3444;0,7801;-0,0625;-0,0774;1,0156;-0,0465;-0,062;-0,0553;0,5637;-0,1584;-0,5171;-0,4277;1,4831;-0,0596
"époque";-0,3378;-0,1381;-0,2877;-0,1303;0,4316;0,4514;1,6902;-0,3241;-0,163;0,4054;0,6901;-0,5281;-0,0778;0,7989;0,7165;-0,1011;-0,3289;-0,096;-0,0592;-0,1476;-0,0858;-0,0972;-0,0205;-0,1798;0,4761;-0,2971;-0,0594;0,9948;-0,0805;-0,0529;-0,2594;0,4578;-0,5138;-0,0987;2,565;-0,0696;-0,0735;-0,0979;0,7398;-0,7217;-0,2501;0,5628;-0,6754;-0,1983;-0,0941
"certain";-0,1238;-0,0506;-0,1055;-0,0478;-0,0736;-0,0695;-0,0943;0,5745;0,4627;-0,172;0,3516;-0,1936;-0,0285;-0,0275;-0,13;-0,0371;-0,1206;-0,0352;-0,0217;0,9314;-0,0315;-0,0356;-0,0075;-0,0659;-0,0647;-0,1089;-0,0218;-0,017;-0,0295;-0,0194;0,3633;-0,1994;0,4536;-0,0362;-0,0448;-0,0255;-0,0269;-0,0359;-0,032;0,3408;-0,0917;0,8509;-0,2476;-0,0727;-0,0345
"siège";-0,1576;-0,0644;-0,1342;-0,0608;-0,0937;-0,0884;-0,12;-0,5834;-0,2335;1,9341;0,2779;-0,2464;-0,0363;-0,0351;-0,1655;-0,0472;-0,1535;-0,0448;-0,0276;-0,0689;-0,04;-0,0454;-0,0096;-0,0839;-0,0824;-0,1386;-0,0277;-0,0216;-0,0376;-0,0247;1,5156;-0,2538;-0,2397;-0,046;-0,057;-0,0325;-0,0343;-0,0457;-0,0407;-0,3367;-0,1167;0,2335;2,3645;-0,0925;-0,0439
"pari";1,9236;-0,0874;4,3533;-0,0825;-0,1272;-0,12;-0,1629;-0,7917;-0,317;-0,1711;0,5843;-0,3344;-0,0493;-0,0476;-0,2246;-0,064;-0,2083;-0,0608;-0,0375;-0,0934;-0,0543;2,0622;-0,013;-0,1138;-0,1118;-0,1881;-0,0376;-0,0293;-0,051;-0,0335;-0,426;-0,3444;-0,3254;-0,0625;-0,0774;1,0156;-0,0465;2,056;-0,0553;-0,457;-0,1584;-0,169;0,2031;-0,1256;-0,0596
"bien";0,325;-0,4605;-0,9596;0,1991;0,3436;0,3722;0,2334;-0,3675;-0,3215;0,7726;1,1129;0,9861;0,3469;-0,2507;-0,3054;-0,3372;-1,097;0,2827;-0,1973;2,2537;-0,2862;-0,3243;-0,0684;-0,2209;-0,589;-0,9908;-0,1981;-0,1546;0,3363;1,2049;-0,9374;-1,8142;0,2648;-0,3291;-0,4077;-0,2321;-0,245;-0,3267;0,8415;0,7665;0,5285;0,5819;0,4055;-0,2574;0,7904
"cheval";-0,1576;-0,0644;-0,1342;-0,0608;-0,0937;-0,0884;-0,12;-0,5834;-0,2335;0,7486;0,2779;-0,2464;-0,0363;-0,0351;-0,1655;-0,0472;-0,1535;-0,0448;-0,0276;-0,0689;-0,04;-0,0454;-0,0096;-0,0839;-0,0824;-0,1386;-0,0277;-0,0216;-0,0376;-0,0247;0,2886;-0,2538;-0,2397;-0,046;-0,057;-0,0325;-0,0343;-0,0457;-0,0407;-0,3367;-0,1167;0,2335;7,019;-0,0925;-0,0439
"marquer";-0,1576;-0,0644;-0,1342;-0,0608;-0,0937;-0,0884;-0,12;-0,5834;-0,2335;-0,2553;0,2779;-0,2464;-0,0363;-0,0351;0,4992;-0,0472;-0,1535;-0,0448;-0,0276;-0,0689;-0,04;-0,0454;-0,0096;0,7554;-0,0824;-0,1386;-0,0277;-0,0216;-0,0376;-0,0247;2,3707;0,9592;-0,2397;0,9975;-0,057;-0,0325;-0,0343;-0,0457;-0,0407;0,268;-0,1167;-0,381;0,8084;-0,0925;-0,0439
"romain";-1,2508;-0,5112;-1,0653;-0,4824;-0,7435;-0,7018;-0,9523;-2,7583;-1,1245;2,9182;2,717;-1,9554;-0,2881;-0,2783;0,24;-0,3744;-1,2178;-0,3555;0,4021;0,4487;-0,3177;-0,36;-0,0759;-0,6656;-0,6539;-1,1;-0,22;-0,1716;-0,298;-0,1958;6,1841;-2,014;-1,9025;-0,3654;-0,1413;-0,2576;-0,272;-0,3627;-0,3231;-2,6724;-0,9259;8,681;4,9405;-0,7344;-0,3483
"jusqu_à";-0,259;-0,1058;-0,2206;0,6873;-0,1539;-0,1453;0,4378;-0,9585;-0,3837;1,0537;2,2321;-0,4048;-0,0597;-0,0576;0,9001;-0,0775;-0,2521;-0,0736;-0,0454;0,6396;-0,0658;-0,0745;-0,0157;-0,1378;-0,1354;-0,2277;-0,0455;-0,0355;-0,0617;-0,0405;-0,5157;-0,417;-0,3939;0,7963;-0,0937;-0,0533;-0,0563;-0,0751;-0,0669;-0,5533;1,1537;-0,2302;0,9683;0,5296;-0,0721
"final";-0,1689;-0,069;-0,1438;-0,0651;-0,1004;-0,0948;-0,1286;-0,625;-0,2502;-0,285;0,2581;0,3415;-0,0389;-0,0376;-0,1773;-0,0505;-0,1644;-0,048;12,65;-0,0738;-0,0429;-0,0486;-0,0102;-0,0899;-0,0883;-0,1485;6,2613;-0,0232;-0,0402;-0,0264;-0,3363;-0,2719;-0,2569;-0,0493;-0,0611;-0,0348;-0,0367;-0,049;-0,0436;-0,3608;0,6018;-0,4082;-0,3377;-0,0992;-0,047
"selon";0,203;1,2164;0,2457;-0,165;-0,2544;-0,2401;-0,3258;-0,5059;-0,238;0,6808;0,8719;0,3481;-0,0986;-0,0952;-0,4492;-0,1281;-0,4166;0,6122;-0,0749;-0,1869;-0,1087;-0,1232;-0,026;0,3893;-0,2237;2,8066;-0,0753;-0,0587;-0,1019;-0,067;-0,3729;0,3338;-0,6509;-0,125;-0,1549;0,736;-0,093;-0,1241;-0,1105;-0,4138;0,2858;-0,2281;0,908;-0,2513;-0,1192
"4";-0,3378;-0,1381;0,3148;-0,1303;-0,2008;-0,1895;-0,2572;-1,2503;-0,5005;-0,7984;0,3296;-0,5281;-0,0778;-0,0751;-0,3546;-0,1011;-0,3289;-0,096;29,5814;-0,1476;-0,0858;-0,0972;-0,0205;-0,1798;-0,1766;-0,2971;12,0573;-0,0463;-0,0805;0,9407;-0,6726;-0,5439;-0,5138;-0,0987;-0,1222;-0,0696;-0,0735;-0,0979;-0,0873;-0,7217;-0,2501;-0,8165;-0,261;-0,1983;-0,0941
"septembre";-0,1801;-0,0736;1,3309;-0,0695;-0,1071;-0,1011;-0,1371;-0,6667;-0,2669;-0,3154;0,2401;0,3214;1,0404;-0,0401;-0,1891;-0,0539;-0,1754;0,9539;-0,0315;-0,0787;-0,0458;0,9488;-0,0109;-0,0959;-0,0942;0,5148;-0,0317;-0,0247;-0,0429;-0,0282;-0,3587;-0,29;2,5544;0,9427;-0,0652;-0,0371;-0,0392;-0,0522;-0,0465;-0,3849;-0,1334;-0,4354;0,249;0,6652;-0,0502
"chef";0,4577;0,3993;-0,1439;-0,2085;-0,3213;-0,3033;-0,4116;-0,7629;-0,3414;2,4518;0,6202;-0,3699;-0,1245;-0,1203;-0,201;-0,1618;-0,5263;-0,1536;-0,0947;-0,2361;-0,1373;1,3039;-0,0328;-0,2877;-0,2826;-0,1516;-0,0951;-0,0742;-0,1288;-0,0846;0,3596;-0,8704;0,253;-0,1579;-0,1956;-0,1113;-0,1175;-0,1567;-0,1397;-0,5826;0,2204;0,7827;2,5863;-0,3174;-0,1505
"nommer";0,3618;-0,1012;-0,211;0,7046;0,5413;0,5625;-0,1886;-0,9168;-0,367;1,1224;-0,1671;-0,3872;-0,0571;0,9239;-0,26;-0,0741;-0,2412;-0,0704;-0,0434;-0,1082;-0,0629;-0,0713;-0,015;-0,1318;0,5887;-0,2178;1,0203;-0,034;-0,059;-0,0388;-0,4932;-0,3988;-0,3768;-0,0724;-0,0896;-0,051;-0,0539;-0,0718;-0,064;-0,1764;-0,1834;0,4094;3,2139;-0,1454;-0,069
"odoacre";-0,1351;-0,0552;-0,1151;-0,0521;-0,0803;-0,0758;-0,1029;-0,5;-0,2002;2,2587;3,6521;-0,2112;-0,0311;-0,0301;-0,1418;-0,0404;-0,1315;-0,0384;-0,0237;-0,059;-0,0343;-0,0389;-0,0082;-0,0719;-0,0706;-0,1188;-0,0238;-0,0185;-0,0322;-0,0211;-0,269;-0,2175;-0,2055;-0,0395;-0,0489;-0,0278;-0,0294;-0,0392;-0,0349;-0,2886;-0,1;-0,3266;0,9195;-0,0793;-0,0376
"impérial";-0,2702;-0,1104;-0,2301;-0,1042;-0,1606;-0,1516;-0,2057;-0,2065;0,2202;3,3133;2,9247;-0,4224;-0,0622;0,8885;-0,2837;-0,0809;-0,2631;-0,0768;-0,0473;-0,118;-0,0686;-0,0778;-0,0164;-0,1438;-0,1413;-0,2376;-0,0475;-0,0371;-0,0644;-0,0423;-0,1817;-0,4351;-0,411;-0,0789;-0,0978;-0,0557;-0,0588;-0,0784;-0,0698;-0,5773;-0,2;0,7541;-0,1829;-0,1587;-0,0752
"14";-0,259;-0,1058;-0,2206;-0,0999;-0,1539;-0,1453;-0,1972;-0,9585;-0,3837;-0,2555;0,4701;-0,4048;-0,0597;-0,0576;-0,2719;-0,0775;-0,2521;-0,0736;-0,0454;-0,1131;-0,0658;-0,0745;-0,0157;0,5656;-0,1354;7,627;-0,0455;-0,0355;-0,0617;5,6617;-0,5157;-0,417;-0,3939;3,1711;-0,0937;-0,0533;-0,0563;-0,0751;-0,0669;-0,1896;-0,1917;-0,2302;-0,1707;-0,1521;-0,0721
"trône";-0,1351;-0,0552;-0,1151;-0,0521;0,7726;0,7954;-0,1029;-0,5;-0,2002;0,8999;1,661;-0,2112;-0,0311;-0,0301;-0,1418;-0,0404;-0,1315;-0,0384;-0,0237;-0,059;-0,0343;-0,0389;-0,0082;-0,0719;0,8237;-0,1188;-0,0238;-0,0185;-0,0322;-0,0211;-0,269;-0,2175;-0,2055;-0,0395;-0,0489;-0,0278;-0,0294;-0,0392;-0,0349;-0,2886;-0,1;-0,3266;1,6971;-0,0793;-0,0376
"quelques";-0,4955;-0,2025;-0,422;0,4486;0,8373;0,8771;-0,3773;0,6756;0,3031;1,0569;0,3934;0,279;-0,1141;-0,1102;0,4796;0,5387;-0,4824;-0,1408;-0,0868;-0,2165;0,5993;-0,1426;-0,0301;-0,2637;-0,259;0,5832;0,7404;-0,068;-0,1181;-0,0776;0,4176;-0,7978;-0,7537;-0,1447;-0,1793;-0,1021;-0,1077;0,5503;-0,128;-0,2405;0,2439;-1,1977;-0,211;0,8457;-0,138
"mois";-0,259;-0,1058;1,05;-0,0999;-0,1539;-0,1453;0,4378;-0,9585;-0,3837;0,3518;-0,1797;0,2173;0,8916;-0,0576;-0,2719;3,1407;-0,2521;-0,0736;-0,0454;-0,1131;-0,0658;1,9006;-0,0157;-0,1378;-0,1354;0,3893;-0,0455;-0,0355;-0,0617;1,0501;-0,5157;-0,417;-0,3939;0,7963;-0,0937;0,9372;-0,0563;-0,0751;-0,0669;-0,5533;-0,1917;-0,626;0,4882;2,3139;-0,0721
"envoyer";1,1609;-0,0782;-0,163;-0,0738;-0,1138;-0,1074;-0,1457;-0,7084;-0,2836;1,0129;1,2547;-0,2992;-0,0441;-0,0426;-0,2009;-0,0573;-0,1864;-0,0544;-0,0335;0,7567;-0,0486;-0,0551;-0,0116;-0,1019;-0,1001;-0,1683;-0,0337;-0,0263;-0,0456;-0,03;2,047;-0,3082;-0,2911;-0,0559;-0,0693;-0,0394;-0,0416;-0,0555;-0,0494;-0,4089;-0,1417;-0,1405;0,6758;-0,1124;-0,0533
"ainsi";-0,8336;0,7364;-0,7099;0,2815;0,5047;1,0369;-0,6347;0,4376;0,5165;0,8094;0,7257;0,7675;-0,192;1,1679;-0,8751;-0,2495;-0,8116;-0,2369;-0,146;1,2908;-0,2118;-0,2399;-0,0506;-0,4436;0,5805;-0,3003;-0,1466;-0,1144;-0,1986;-0,1305;-0,9675;-1,3422;-0,3458;-0,2435;-0,3017;-0,1717;-0,1813;0,3698;-0,2154;1,3434;-0,2305;0,3281;0,4967;-0,4895;0,383
"donc";-0,518;-0,2117;-0,1342;-0,1998;0,8066;0,3116;-0,3944;-0,2318;0,2828;0,4455;0,3641;-0,3469;1,5117;-0,1152;0,4546;-0,155;-0,5044;-0,1472;-0,0907;-0,2263;-0,1316;-0,1491;-0,0314;-0,2757;-0,2708;-0,4556;-0,0911;0,8212;-0,1234;-0,0811;-1,0316;0,2472;0,2714;-0,1513;-0,1875;-0,1067;0,6412;0,534;-0,1338;0,3429;0,2318;2,802;-1,0358;-0,3042;1,3627
"façon";-0,2477;-0,1012;-0,211;0,7046;-0,1472;-0,139;-0,1886;-0,9168;-0,367;2,2239;1,5958;-0,3872;-0,0571;-0,0551;0,9322;-0,0741;-0,2412;-0,0704;-0,0434;-0,1082;0,87;-0,0713;-0,015;-0,1318;-0,1295;-0,2178;-0,0436;-0,034;-0,059;-0,0388;-0,4932;-0,3988;0,6813;-0,0724;-0,0896;-0,051;-0,0539;-0,0718;-0,064;-0,1764;-0,1834;-0,2144;1,0132;-0,1454;-0,069
"effondrer";-0,1126;-0,046;-0,0959;-0,0434;-0,0669;-0,0632;-0,0857;-0,4167;-0,1668;2,6773;1,0338;-0,176;-0,0259;-0,025;-0,1182;-0,0337;-0,1096;-0,032;-0,0197;-0,0492;-0,0286;-0,0324;-0,0068;-0,0599;-0,0589;-0,099;-0,0198;-0,0154;-0,0268;-0,0176;-0,2242;1,2188;-0,1712;-0,0329;-0,0407;-0,0232;-0,0245;-0,0326;-0,0291;-0,2405;-0,0833;0,332;-0,2251;-0,0661;-0,0313
"constantin";-0,1351;-0,0552;-0,1151;-0,0521;-0,0803;-0,0758;-0,1029;-0,5;-0,2002;0,435;0,3243;-0,2112;-0,0311;-0,0301;-0,1418;-0,0404;-0,1315;-0,0384;-0,0237;-0,059;-0,0343;-0,0389;3,7974;-0,0719;-0,0706;-0,1188;-0,0238;-0,0185;-0,0322;-0,0211;4,9413;-0,2175;-0,2055;-0,0395;-0,0489;-0,0278;-0,0294;-0,0392;-0,0349;0,3138;-0,1;-0,3266;-0,2701;-0,0793;-0,0376
"ligne";0,9344;-0,1058;-0,2206;-0,0999;0,5252;0,5461;-0,1972;0,8137;0,669;-0,5458;-0,1797;-0,4048;-0,0597;-0,0576;0,3323;-0,0775;-0,2521;-0,0736;-0,0454;-0,1131;-0,0658;-0,0745;-0,0157;-0,1378;-0,1354;0,3893;1,002;-0,0355;-0,0617;-0,0405;0,4905;-0,417;0,6523;-0,0756;-0,0937;-0,0533;-0,0563;0,7992;-0,0669;-0,1896;-0,1917;0,3858;-0,5178;-0,1521;-0,0721
"certains";-0,1801;-0,0736;0,5264;-0,0695;-0,1071;-0,1011;1,418;-0,6667;-0,2669;0,6279;0,6953;-0,2816;-0,0415;-0,0401;0,4522;-0,0539;-0,1754;-0,0512;-0,0315;-0,0787;-0,0458;0,9488;-0,0109;-0,0959;-0,0942;-0,1584;-0,0317;-0,0247;-0,0429;-0,0282;0,2501;-0,29;-0,274;-0,0526;-0,0652;-0,0371;-0,0392;-0,0522;-0,0465;0,2308;1,4401;0,1985;-0,3602;-0,1058;0,9623
"point";1,0852;1,1772;0,2317;0,4819;-0,2677;-0,2527;-0,3429;0,2976;-0,2579;0,3786;0,8134;-0,7042;0,6726;-0,1002;-0,1498;-0,1348;-0,4386;1,4573;-0,0789;-0,1968;-0,1144;-0,1296;-0,0273;-0,2397;-0,2355;0,6428;-0,0792;-0,0618;-0,1073;-0,0705;-0,8969;-0,7253;-0,2685;0,5827;0,5045;-0,0928;-0,0979;0,5855;-0,1164;1,2056;-0,3334;0,3551;-0,4052;-0,2645;-0,1254
"seulement";-0,259;-0,1058;0,3999;-0,0999;-0,1539;-0,1453;-0,1972;1,8219;1,268;-0,2555;-0,1797;0,6351;-0,0597;-0,0576;-0,2719;-0,0775;-0,2521;-0,0736;-0,0454;1,5624;-0,0658;-0,0745;-0,0157;-0,1378;-0,1354;-0,2277;-0,0455;-0,0355;-0,0617;-0,0405;-0,5157;-0,417;-0,3939;-0,0756;-0,0937;-0,0533;-0,0563;-0,0751;-0,0669;1,4847;-0,1917;-0,626;-0,5178;1,3301;-0,0721
"tard";-0,1238;-0,0506;-0,1055;-0,0478;-0,0736;-0,0695;-0,0943;-0,4583;-0,1835;0,9908;0,3516;0,4441;-0,0285;-0,0275;-0,13;-0,0371;-0,1206;1,1088;-0,0217;0,9314;-0,0315;-0,0356;-0,0075;-0,0659;-0,0647;-0,1089;-0,0218;-0,017;-0,0295;-0,0194;0,3633;-0,1994;-0,1884;-0,0362;-0,0448;-0,0255;1,221;-0,0359;1,1486;-0,2646;0,7206;-0,2993;-0,2476;-0,0727;-0,0345
"force";0,5207;-0,1979;1,8474;-0,1867;-0,2878;-0,2717;-0,3687;0,707;0,3139;-0,4948;0,409;-0,313;-0,1115;-0,1077;-0,5083;-0,1449;-0,4715;-0,1376;-0,0848;0,4139;-0,123;-0,1394;-0,0294;-0,2577;-0,2531;0,2042;-0,0852;-0,0664;-0,1154;-0,0758;1,1973;2,1122;0,3018;-0,1414;-0,1752;-0,0997;-0,1053;0,5587;-0,1251;-1,0346;-0,3585;-0,2918;0,7675;-0,2843;-0,1348
"connaître";-0,3265;0,5775;-0,2781;-0,1259;-0,1941;-0,1832;0,3607;-0,3032;-0,1542;-0,403;0,3462;-0,5105;-0,0752;-0,0726;-0,3428;-0,0977;-0,3179;-0,0928;-0,0572;-0,1426;-0,083;-0,094;-0,0198;-0,1738;1,2379;-0,2872;0,9071;-0,0448;-0,0778;0,9546;-0,2459;0,4769;-0,4967;0,7051;-0,1182;-0,0673;-0,071;-0,0947;1,7955;-0,6976;0,3697;3,6046;-0,6529;-0,1917;0,7238
"porter";-0,2364;0,7001;-0,2014;-0,0912;0,5584;0,5797;-0,18;-0,8751;-0,3503;1,1965;0,5232;-0,3696;0,9286;-0,0526;-0,2482;0,8229;-0,2302;-0,0672;-0,0414;-0,1033;-0,0601;-0,068;-0,0143;0,5994;-0,1236;-0,2079;-0,0416;-0,0324;-0,0563;-0,037;0,5445;-0,3807;-0,3596;-0,0691;-0,0856;-0,0487;-0,0514;-0,0686;-0,0611;-0,1635;-0,175;0,4348;1,061;-0,1388;-0,0658
"difficile";-0,1464;-0,0598;-0,1246;-0,0564;-0,087;-0,0821;-0,1114;-0,5417;-0,2169;0,3909;0,2998;-0,2288;-0,0337;-0,0326;-0,1536;-0,0438;-0,1425;-0,0416;-0,0256;-0,0639;-0,0372;-0,0421;-0,0089;0,7847;-0,0765;10,1208;-0,0257;-0,0201;-0,0349;-0,0229;-0,2914;-0,2357;0,3968;-0,0428;-0,053;-0,0301;-0,0318;-0,0424;-0,0378;-0,3127;-0,1083;-0,3538;-0,2926;-0,0859;-0,0408
"constater";-0,1238;-0,0506;-0,1055;-0,0478;-0,0736;-0,0695;-0,0943;-0,4583;-0,1835;2,4534;2,743;-0,1936;2,7269;-0,0275;-0,13;-0,0371;-0,1206;-0,0352;-0,0217;-0,0541;-0,0315;-0,0356;-0,0075;-0,0659;-0,0647;-0,1089;-0,0218;-0,017;-0,0295;-0,0194;-0,2466;-0,1994;-0,1884;-0,0362;-0,0448;-0,0255;-0,0269;-0,0359;-0,032;-0,2646;-0,0917;-0,2993;-0,2476;-0,0727;-0,0345
"bertrand";-0,4617;0,4529;-0,3932;-0,1781;9,3158;8,2189;-0,3515;-1,7089;-0,6841;0,3567;0,4422;-0,7218;3,9792;-0,1027;-0,4847;-0,1382;-0,4495;-0,1312;-0,0809;-0,2017;-0,1173;-0,1329;-0,028;-0,2457;5,9303;-0,406;-0,0812;2,0276;-0,11;-0,0723;-0,9194;-0,7434;-0,7023;-0,1349;-0,1671;-0,0951;-0,1004;-0,1339;-0,1193;-0,9864;-0,3418;-1,116;-0,9232;-0,2711;-0,1286
"ajouter";-0,2252;-0,092;-0,1918;0,7418;-0,1338;-0,1263;-0,1714;-0,8334;-0,3336;-0,191;-0,1428;0,2554;-0,0519;-0,0501;-0,2364;-0,0674;-0,2192;0,8632;-0,0394;-0,0984;2,1222;0,8582;-0,0137;-0,1198;-0,1177;2,0099;-0,0396;-0,0309;0,9348;-0,0352;0,5744;1,3348;-0,3425;-0,0658;-0,0815;-0,0464;-0,049;-0,0653;-0,0582;-0,1508;-0,1667;-0,5443;-0,4503;0,5809;-0,0627
"premier";1,751;0,2394;-0,7771;-0,3519;0,4535;0,4857;-0,6947;-1,7529;-0,7313;-0,4366;-0,4142;-0,2234;0,416;0,4279;0,4306;0,3309;-0,8884;0,3472;0,5116;-0,3986;-0,2318;0,3432;-0,0554;0,516;-0,477;-0,3445;-0,1605;-0,1252;-0,2174;-0,1428;-0,3835;0,3731;-0,2095;0,3385;0,2737;-0,1879;0,4357;-0,2646;0,9907;1,9349;1,163;0,4326;-0,2142;-0,1847;0,9371
"lieu";0,3215;-0,115;0,3724;-0,1086;0,4952;0,5159;0,4095;-1,0418;-0,4171;0,5708;-0,2056;0,5826;0,858;-0,0626;-0,2955;0,7537;-0,2741;3,0967;-0,0493;-0,123;-0,0715;0,7691;-0,0171;-0,1498;0,5415;-0,2475;-0,0495;-0,0386;-0,0671;-0,0441;-0,1941;-0,4532;-0,4281;0,7632;0,6797;-0,058;-0,0612;-0,0816;-0,0727;-0,2168;0,419;-0,6804;-0,1954;-0,1653;-0,0784
"rappeler";-0,1689;-0,069;0,5499;-0,0651;-0,1004;-0,0948;0,5913;-0,625;-0,2502;0,3177;0,7389;-0,264;-0,0389;-0,0376;-0,1773;-0,0505;-0,1644;-0,048;-0,0296;-0,0738;-0,0429;-0,0486;-0,0102;-0,0899;-0,0883;-0,1485;-0,0297;-0,0232;-0,0402;-0,0264;0,2684;-0,2719;-0,2569;-0,0493;-0,0611;1,1137;-0,0367;-0,049;-0,0436;2,1484;-0,125;0,2151;0,2672;0,6901;-0,047
"titre";-0,1689;-0,069;-0,1438;-0,0651;-0,1004;-0,0948;0,5913;0,3929;0,3586;0,685;0,7389;-0,264;-0,0389;-0,0376;-0,1773;2,2327;-0,1644;-0,048;1,1815;-0,0738;-0,0429;-0,0486;-0,0102;-0,0899;-0,0883;-0,1485;-0,0297;-0,0232;-0,0402;-0,0264;-0,3363;-0,2719;0,3502;-0,0493;-0,0611;-0,0348;-0,0367;-0,049;-0,0436;-0,3608;-0,125;0,2151;-0,3377;0,6901;-0,047
"appeler";0,5793;2,0954;-0,374;-0,1694;-0,2611;0,3635;0,7526;-1,6255;-0,6507;0,6457;0,842;-0,2693;0,6824;-0,0977;-0,461;0,5831;-0,4276;-0,1248;-0,0769;-0,1918;-0,1116;-0,1264;-0,0266;-0,2337;0,3866;-0,3862;-0,0772;-0,0602;-0,1046;-0,0687;0,2288;-0,7071;-0,668;0,5922;0,5136;1,7355;-0,0955;0,5949;-0,1135;0,4543;0,2782;1,0678;-0,3901;-0,2579;-0,1223
"imposer";0,3476;-0,1058;-0,2206;-0,0999;-0,1539;-0,1453;-0,1972;-0,1888;0,2316;0,6561;1,5306;-0,4048;-0,0597;-0,0576;0,3323;-0,0775;-0,2521;-0,0736;-0,0454;-0,1131;-0,0658;-0,0745;-0,0157;-0,1378;-0,1354;0,3893;-0,0455;-0,0355;-0,0617;1,0501;-0,5157;0,6167;-0,3939;-0,0756;0,712;0,9372;-0,0563;-0,0751;-0,0669;-0,5533;0,4475;0,3858;-0,1707;-0,1521;-0,0721
"orient";-0,4166;-0,1703;0,2532;-0,1607;-0,2477;-0,2338;-0,3172;0,3543;0,3885;1,4359;1,3795;-0,6513;-0,096;0,7163;0,1974;-0,1247;-0,4057;-0,1184;-0,073;-0,182;-0,1058;-0,1199;-0,0253;-0,2217;-0,2178;-0,3664;-0,0733;-0,0572;-0,0993;-0,0652;1,4355;1,1995;-0,2377;-0,1217;-0,1508;-0,0858;-0,0906;-0,1208;-0,1076;-0,3976;-0,3084;-0,216;0,2488;-0,2446;-0,116
"juin";2,5096;-0,0552;0,6331;-0,0521;-0,0803;-0,0758;-0,1029;-0,5;-0,2002;-0,1988;0,3243;-0,2112;-0,0311;-0,0301;-0,1418;-0,0404;-0,1315;1,0726;-0,0237;-0,059;-0,0343;1,0673;-0,0082;-0,0719;-0,0706;0,621;-0,0238;-0,0185;-0,0322;-0,0211;-0,269;-0,2175;-0,2055;-0,0395;-0,0489;-0,0278;-0,0294;-0,0392;-0,0349;-0,2886;1,678;-0,3266;0,3343;-0,0793;-0,0376
"mettre";-0,7772;0,7833;-0,6619;0,3023;1,0499;0,5803;-0,5917;-0,2565;0,3147;-0,8757;-0,2902;-0,3187;-0,179;0,4836;-0,8159;0,3823;-0,7567;0,3994;-0,1361;-0,3395;-0,1974;0,3952;-0,0472;0,2117;0,2164;-0,6835;-0,1367;1,5992;-0,1852;-0,1216;-0,4963;1,2024;-0,6049;-0,227;-0,2813;0,511;0,4917;0,3927;-0,2008;0,5024;0,8421;1,6312;0,5701;-0,1426;-0,2164
"terme";0,2872;-0,1289;-0,2685;-0,1216;-0,1874;-0,1769;-0,24;-0,2829;-0,1456;0,4645;0,7514;1,6246;-0,0726;0,8264;0,273;-0,0944;-0,307;-0,0896;-0,0552;-0,1377;-0,0801;-0,0907;-0,0191;-0,1678;-0,1648;-0,2772;-0,0554;-0,0433;-0,0751;-0,0493;-0,2327;-0,5076;-0,1519;-0,0921;-0,1141;-0,0649;0,8356;2,9253;-0,0814;0,722;0,3812;-0,7621;-0,6304;0,4596;-0,0878
"régner";-0,1801;-0,0736;-0,1534;-0,0695;0,6605;0,6827;-0,1371;-0,6667;-0,2669;0,6279;1,3224;0,3214;-0,0415;-0,0401;-0,1891;-0,0539;-0,1754;-0,0512;-0,0315;-0,0787;-0,0458;-0,0518;-0,0109;-0,0959;-0,0942;-0,1584;-0,0317;-0,0247;-0,0429;-0,0282;0,7189;-0,29;-0,274;-0,0526;-0,0652;-0,0371;-0,0392;-0,0522;-0,0465;-0,3849;-0,1334;0,5962;0,7162;-0,1058;0,9623
"général";-0,3153;-0,1289;-0,2685;-0,1216;-0,1874;-0,1769;0,372;-0,2829;-0,4671;1,1634;0,7514;-0,4929;-0,0726;-0,0701;-0,331;-0,0944;-0,307;-0,0896;-0,0552;-0,1377;-0,0801;-0,0907;-0,0191;1,2515;-0,1648;-0,2772;-0,0554;-0,0433;-0,0751;-0,0493;1,3015;0,4972;-0,4795;0,7188;-0,1141;-0,0649;-0,0686;-0,0914;-0,0814;0,722;-0,2334;0,2892;0,3801;-0,1851;-0,0878
"armée";-0,231;-0,2532;-0,5276;-0,2389;-0,3682;-0,3476;-0,4716;-2,2927;-0,9178;1,9537;-0,3485;-0,9684;-0,1427;-0,1378;-0,2491;-0,1854;-0,6031;-0,176;-0,1085;-0,2706;-0,1574;-0,1783;-0,0376;-0,3296;-0,3238;4,5092;-0,1089;-0,085;-0,1476;-0,097;5,5932;-0,9974;-0,9422;-0,1809;-0,2242;-0,1276;-0,1347;-0,1796;-0,16;-0,3712;-0,4586;1,3194;2,7873;-0,3637;-0,1725
"devant";0,2322;-0,1565;-0,3261;0,5403;0,3895;0,4087;-0,2915;0,422;0,4337;-0,5409;-0,3326;-0,5985;0,7357;-0,0852;-0,4019;-0,1146;-0,3728;-0,1088;-0,0671;-0,1672;-0,0973;-0,1102;-0,0232;6,4643;-0,2001;-0,3367;-0,0673;-0,0525;-0,0912;-0,0599;3,6435;-0,6164;-0,5823;-0,1118;-0,1385;-0,0789;-0,0832;0,6467;-0,0989;-0,35;0,3194;-0,9254;0,2858;-0,2248;-0,1066
"oreste";-0,1576;-0,0644;-0,1342;-0,0608;-0,0937;-0,0884;-0,12;-0,5834;-0,2335;2,7054;4,3807;-0,2464;-0,0363;-0,0351;-0,1655;-0,0472;-0,1535;-0,0448;-0,0276;-0,0689;-0,04;-0,0454;-0,0096;-0,0839;-0,0824;-0,1386;-0,0277;-0,0216;-0,0376;-0,0247;-0,3139;-0,2538;-0,2397;-0,046;-0,057;-0,0325;-0,0343;-0,0457;-0,0407;-0,3367;-0,1167;-0,381;0,8084;-0,0925;-0,0439
"vers";-0,5406;0,3993;-0,1439;-0,2085;-0,3213;-0,3033;-0,4116;1,9811;1,4698;-0,38;0,3372;-0,3699;-0,1245;-0,1203;-0,201;-0,1618;-0,5263;-0,1536;-0,0947;-0,2361;-0,1373;-0,1556;-0,0328;-0,2877;-0,2826;-0,1516;-0,0951;-0,0742;1,4511;-0,0846;1,0344;-0,8704;-0,8222;-0,1579;-0,1956;-0,1113;-0,1175;-0,1567;-0,1397;-0,2858;0,6351;-0,6932;3,2284;-0,3174;-0,1505
"région";1,0759;-0,0874;-0,1822;-0,0825;-0,1272;-0,12;0,5048;-0,7917;-0,317;0,4874;0,1949;-0,3344;-0,0493;-0,0476;-0,2246;-0,064;-0,2083;-0,0608;-0,0375;-0,0934;-0,0543;-0,0616;-0,013;0,6372;-0,1118;4,288;-0,0376;-0,0293;-0,051;-0,0335;1,1708;-0,3444;-0,3254;-0,0625;0,7871;-0,0441;-0,0465;-0,062;-0,0553;-0,457;-0,1584;0,4917;-0,4277;-0,1256;-0,0596
"europe";1,2451;-0,3729;-0,7771;-0,3519;-0,1884;-0,1719;-0,6947;16,1352;5,7218;-0,8848;-0,4142;0,3956;-0,2102;-0,203;1,1741;-0,2731;-0,8884;-0,2593;-0,1598;-0,3986;-0,2318;-0,2626;-0,0554;-0,4856;-0,1534;-0,8024;-0,1605;-0,1252;-0,2174;-0,1428;-0,6583;-1,4692;-1,3879;-0,2665;-0,3302;0,4544;-0,1984;-0,2646;-0,2357;-1,1999;-0,6755;-0,9084;-1,8246;-0,5358;-0,2541
"danube";-0,1351;-0,0552;-0,1151;-0,0521;-0,0803;-0,0758;-0,1029;-0,5;-0,2002;1,5114;0,3243;-0,2112;-0,0311;-0,0301;-0,1418;-0,0404;-0,1315;-0,0384;-0,0237;-0,059;-0,0343;-0,0389;-0,0082;-0,0719;-0,0706;-0,1188;-0,0238;-0,0185;-0,0322;-0,0211;3,7242;-0,2175;-0,2055;-0,0395;-0,0489;-0,0278;-0,0294;-0,0392;-0,0349;-0,2886;-0,1;0,2769;0,3343;-0,0793;-0,0376
"auprès";-0,1238;-0,0506;-0,1055;-0,0478;-0,0736;-0,0695;0,7096;-0,4583;-0,1835;0,9908;1,7691;-0,1936;-0,0285;-0,0275;-0,13;-0,0371;-0,1206;-0,0352;-0,0217;-0,0541;-0,0315;-0,0356;-0,0075;-0,0659;-0,0647;-0,1089;-0,0218;-0,017;-0,0295;-0,0194;0,3633;-0,1994;-0,1884;-0,0362;-0,0448;-0,0255;-0,0269;-0,0359;-0,032;-0,2646;0,7206;0,3027;-0,2476;0,812;-0,0345
"attila";-0,5856;-0,2394;-0,4988;-0,2258;-0,3481;-0,3286;-0,4459;-2,1676;-0,8677;6,1739;-0,313;-0,9155;-0,1349;-0,1303;-0,6148;-0,1753;-0,5702;-0,1664;-0,1026;-0,2558;-0,1488;-0,1685;-0,0355;-0,3117;-0,3062;-0,515;-0,103;-0,0803;-0,1395;-0,0917;-1,1662;-0,943;-0,8908;-0,1711;-0,2119;-0,1206;-0,1273;-0,1698;-0,1513;-1,2512;-0,4335;-0,7756;25,0065;-0,3439;-0,1631
"pendant";1,001;-0,0966;0,4306;-0,0912;-0,1405;-0,1327;0,4694;0,2331;0,2568;-0,4773;-0,1548;-0,3696;-0,0545;-0,0526;-0,2482;-0,0708;-0,2302;-0,0672;1,0412;-0,1033;-0,0601;-0,068;-0,0143;-0,1258;-0,1236;-0,2079;-0,0416;-0,0324;-0,0563;-0,037;0,5445;-0,3807;0,2494;-0,0691;-0,0856;-0,0487;-0,0514;1,971;-0,0611;0,5035;0,4793;-0,1989;-0,1469;0,5629;-0,0658
"retour";0,3095;0,6183;-0,2493;1,562;-0,174;-0,1643;-0,2229;-1,0835;-0,4338;0,5327;1,3564;-0,4577;-0,0674;-0,0651;-0,3073;-0,0876;-0,285;-0,0832;-0,0513;-0,1279;-0,0744;-0,0843;-0,0178;1,3094;0,5273;-0,2574;-0,0515;-0,0402;-0,0697;-0,0458;0,4216;1,0542;-0,1344;-0,0855;-0,1059;-0,0603;-0,0637;-0,0849;-0,0756;-0,6255;0,4058;0,324;-0,5854;0,4856;0,7667
"après";1,5101;1,1329;-0,1711;1,8666;-0,6161;-0,5816;0,5716;-3,8364;-1,5358;1,8074;0,4597;0,7979;-0,2388;-0,2306;-0,2597;-0,3102;-1,0092;-0,2946;-0,1815;-0,1412;-0,2633;0,3038;-0,0629;0,8776;-0,5419;0,8119;0,465;0,5541;-0,2469;-0,1622;0,743;0,2825;0,5475;-0,3028;-0,3751;-0,2135;-0,2254;-0,3005;-0,2678;-0,3532;-0,3224;0,3105;-0,2999;-0,226;-0,2886
"roi";-0,6532;-0,267;-0,5564;-0,2519;-0,3883;-0,3665;-0,4974;-2,4178;-0,9679;1,4111;2,5308;-0,4896;-0,1505;-0,1453;0,6905;-0,1955;-0,636;-0,1857;-0,1144;-0,2854;-0,1659;-0,188;-0,0396;-0,3476;-0,3415;-0,5745;-0,1149;-0,0896;-0,1556;-0,1022;-0,6906;-1,0518;-0,9936;-0,1908;2,6698;-0,1345;-0,142;-0,1894;-0,1688;-0,41;-0,4836;3,7955;5,2981;-0,3836;1,1836
"hun";-0,6307;-0,2578;-0,5372;-0,2432;-0,3749;-0,3539;-0,4802;-2,3344;-0,9345;2,7715;-0,3606;-0,986;-0,1453;-0,1403;-0,6621;-0,1888;-0,6141;-0,1792;-0,1105;-0,2755;-0,1602;-0,1815;-0,0383;-0,3356;-0,3297;-0,5546;-0,1109;-0,0865;-0,1503;-0,0987;2,1752;-1,0155;-0,9593;-0,1842;-0,2282;-0,1299;-0,1371;-0,1829;-0,1629;-1,3475;-0,4669;-1,5246;26,4461;-0,3703;-0,1756
"retrouver";-0,3491;-0,1427;-0,2973;2,4466;-0,2075;-0,1959;-0,2658;0,503;0,4855;0,6468;0,3139;-0,5457;0,7721;-0,0777;-0,3664;-0,1045;-0,3399;1,6632;0,8817;-0,1525;-0,0887;-0,1005;-0,0212;-0,1858;1,1865;-0,307;-0,0614;-0,0479;-0,0832;-0,0546;-0,273;-0,562;-0,5309;-0,102;-0,1263;-0,0719;-0,0759;-0,1012;0,727;-0,7458;0,3483;0,9347;-0,698;1,0997;-0,0972
"tête";0,7264;1,3752;-0,2973;-0,1346;1,0907;1,1335;-0,2658;-1,2919;-0,5172;0,3788;0,6618;-0,5457;-0,0804;-0,0777;-0,3664;0,67;-0,3399;-0,0992;0,8817;-0,1525;-0,0887;-0,1005;-0,0212;-0,1858;2,0838;-0,307;-0,0614;-0,0479;-0,0832;0,9273;0,331;-0,562;-0,5309;-0,102;-0,1263;-0,0719;-0,0759;-0,1012;-0,0902;-0,3039;0,3483;-0,3658;1,1606;-0,205;0,6978
"origine";-0,1914;-0,0782;0,5045;-0,0738;-0,1138;-0,1074;-0,1457;-0,7084;-0,2836;0,2599;0,2237;-0,2992;-0,0441;-0,0426;0,4313;-0,0573;-0,1864;-0,0544;-0,0335;-0,0836;-0,0486;-0,0551;-0,0116;-0,1019;0,6866;-0,1683;-0,0337;-0,0263;-0,0456;-0,03;0,2334;0,819;0,3112;-0,0559;-0,0693;-0,0394;1,0392;-0,0555;-0,0494;0,2147;-0,1417;2,5605;-0,3827;-0,1124;-0,0533
"placer";0,6414;-0,046;-0,0959;1,0217;-0,0669;-0,0632;-0,0857;-0,4167;-0,1668;0,5434;0,3825;0,4773;-0,0259;-0,025;-0,1182;-0,0337;-0,1096;-0,032;-0,0197;-0,0492;-0,0286;-0,0324;-0,0068;0,8899;-0,0589;-0,099;-0,0198;-0,0154;1,2226;-0,0176;0,3945;-0,1813;-0,1712;-0,0329;-0,0407;-0,0232;-0,0245;-0,0326;-0,0291;-0,2405;-0,0833;0,332;-0,2251;-0,0661;-0,0313
"jeune";0,3618;-0,1012;-0,211;-0,0955;-0,1472;-0,139;-0,1886;-0,1718;0,2438;0,7039;0,9821;-0,3872;-0,0571;-0,0551;-0,26;-0,0741;-0,2412;-0,0704;-0,0434;-0,1082;0,87;-0,0713;1,4684;-0,1318;-0,1295;-0,2178;-0,0436;-0,034;-0,059;1,0685;0,5166;-0,3988;-0,3768;0,814;-0,0896;-0,051;-0,0539;-0,0718;-0,064;-0,5292;-0,1834;-0,5987;1,6401;-0,1454;0,8331
"fils";-0,1801;-0,0736;-0,1534;-0,0695;-0,1071;-0,1011;-0,1371;-0,6667;-0,2669;0,2871;0,6953;-0,2816;-0,0415;-0,0401;-0,1891;-0,0539;-0,1754;-0,0512;-0,0315;0,7806;-0,0458;-0,0518;-0,0109;-0,0959;-0,0942;-0,1584;-0,0317;-0,0247;-0,0429;-0,0282;0,7189;-0,29;0,3299;0,9427;0,8558;-0,0371;-0,0392;-0,0522;-0,0465;0,6735;-0,1334;1,1596;0,249;-0,1058;-0,0502
"parvenir";-0,2477;-0,1012;-0,211;0,7046;-0,1472;-0,139;-0,1886;-0,1718;0,2438;2,2239;0,9821;-0,3872;-0,0571;-0,0551;-0,26;-0,0741;-0,2412;-0,0704;-0,0434;-0,1082;-0,0629;-0,0713;-0,015;-0,1318;-0,1295;-0,2178;-0,0436;-0,034;-0,059;-0,0388;1,0172;-0,3988;0,2366;-0,0724;-0,0896;-0,051;-0,0539;-0,0718;-0,064;0,9496;-0,1834;-0,2144;-0,4953;-0,1454;-0,069
"aide";0,4691;-0,0736;-0,1534;-0,0695;-0,1071;-0,1011;-0,1371;-0,6667;-0,2669;0,2871;0,2401;-0,2816;-0,0415;-0,0401;-0,1891;0,9328;-0,1754;-0,0512;-0,0315;-0,0787;-0,0458;-0,0518;-0,0109;-0,0959;-0,0942;7,5561;-0,0317;-0,0247;-0,0429;-0,0282;0,2501;-0,29;-0,274;-0,0526;-0,0652;-0,0371;-0,0392;-0,0522;-0,0465;-0,3849;-0,1334;0,1985;0,249;0,6652;-0,0502
"soldat";-0,1351;-0,0552;-0,1151;-0,0521;-0,0803;-0,0758;-0,1029;-0,5;-0,2002;0,8999;1,661;-0,2112;-0,0311;-0,0301;-0,1418;-0,0404;-0,1315;-0,0384;-0,0237;-0,059;-0,0343;-0,0389;-0,0082;-0,0719;-0,0706;-0,1188;-0,0238;-0,0185;-0,0322;-0,0211;0,9225;-0,2175;-0,2055;1,0612;-0,0489;-0,0278;-0,0294;-0,0392;-0,0349;0,3138;-0,1;0,2769;0,3343;-0,0793;-0,0376
"refuser";0,2872;-0,1289;-0,2685;-0,1216;-0,1874;-0,1769;0,372;3,9452;2,4437;0,2365;0,3639;-0,4929;-0,0726;0,8264;-0,331;-0,0944;-0,307;-0,0896;-0,0552;-0,1377;-0,0801;-0,0907;-0,0191;-0,1678;-0,1648;-0,2772;-0,0554;-0,0433;-0,0751;-0,0493;-0,6278;-0,5076;-0,4795;-0,0921;-0,1141;-0,0649;0,8356;-0,0914;-0,0814;-0,6736;-0,2334;-0,3132;-0,6304;1,177;0,7375
"peuple";-0,4842;-0,1979;0,2125;-0,1867;-0,2878;-0,2717;-0,3687;-1,7923;-0,7175;0,5224;-0,4728;0,2894;-0,1115;-0,1077;0,9657;-0,1449;-0,4715;-0,1376;-0,0848;-0,2115;0,6079;-0,1394;-0,0294;-0,2577;-0,2531;-0,4258;-0,0852;-0,0664;-0,1154;-0,0758;0,7719;2,1122;-0,7365;-0,1414;1,2138;0,6878;-0,1053;-0,1404;-0,1251;2,117;-0,3585;1,3537;0,4308;-0,2843;-0,1348
"tribu";-0,1351;-0,0552;-0,1151;-0,0521;-0,0803;-0,0758;-0,1029;1,7212;1,1372;-0,1988;0,3243;-0,2112;-0,0311;-0,0301;-0,1418;-0,0404;-0,1315;-0,0384;-0,0237;-0,059;-0,0343;-0,0389;-0,0082;-0,0719;-0,0706;-0,1188;-0,0238;-0,0185;-0,0322;-0,0211;-0,269;-0,2175;-0,2055;-0,0395;-0,0489;-0,0278;-0,0294;-0,0392;-0,0349;-0,2886;-0,1;1,4874;0,3343;-0,0793;-0,0376
"servir";0,4691;-0,0736;-0,1534;-0,0695;-0,1071;-0,1011;-0,1371;-0,6667;-0,2669;0,2871;0,2401;0,3214;-0,0415;-0,0401;0,4522;-0,0539;-0,1754;-0,0512;-0,0315;-0,0787;1;-0,0518;-0,0109;-0,0959;0,7101;-0,1584;-0,0317;-0,0247;-0,0429;-0,0282;0,7189;0,862;0,3299;-0,0526;-0,0652;-0,0371;-0,0392;-0,0522;-0,0465;0,2308;-0,1334;0,1985;0,249;-0,1058;-0,0502
"année";-0,5406;-0,2209;-0,4604;1,0831;0,2816;0,2988;0,6176;-0,7629;-0,3414;2,4518;0,6202;-0,3699;-0,1245;-0,1203;-0,201;-0,1618;-0,5263;-0,1536;-0,0947;-0,2361;-0,1373;0,5213;-0,0328;0,3148;0,3203;-0,4754;-0,0951;0,8042;-0,1288;0,752;-0,2494;-0,8704;-0,8222;0,516;-0,1956;-0,1113;-0,1175;-0,1567;0,5607;-0,5826;1,2003;-0,6932;0,6515;-0,3174;2,299
"bref";-0,1126;-0,046;-0,0959;-0,0434;-0,0669;-0,0632;-0,0857;-0,4167;-0,1668;0,5434;1,0338;1,2412;-0,0259;-0,025;-0,1182;-0,0337;-0,1096;-0,032;-0,0197;-0,0492;-0,0286;-0,0324;-0,0068;-0,0599;-0,0589;-0,099;-0,0198;-0,0154;-0,0268;-0,0176;-0,2242;-0,1813;-0,1712;-0,0329;-0,0407;-0,0232;-0,0245;-0,0326;-0,0291;-0,2405;0,7579;0,332;1,0573;-0,0661;-0,0313
"autant";0,2404;-0,1519;-0,3165;-0,1433;-0,2209;-0,2085;-0,2829;1,1194;0,8973;0,3308;0,2849;-0,207;-0,0856;-0,0827;-0,3901;0,646;-0,3618;-0,1056;-0,0651;-0,1623;-0,0944;-0,1069;1,2959;-0,1977;0,4429;-0,3268;-0,0653;0,9556;-0,0885;-0,0582;-0,7399;1,3525;0,4359;-0,1085;-0,1345;-0,0765;-0,0808;-0,1077;-0,096;0,5822;0,3286;-0,1703;-0,743;-0,2182;-0,1035
"tuer";-0,2252;0,719;1,156;-0,0868;-0,1338;-0,1263;-0,1714;-0,8334;-0,3336;-0,4437;-0,1428;-0,352;-0,0519;-0,0501;-0,2364;-0,0674;-0,2192;-0,064;-0,0394;-0,0984;-0,0572;-0,0648;-0,0137;2,6103;0,6245;1,132;-0,0396;1,1633;-0,0536;-0,0352;-0,1346;-0,3626;0,2632;-0,0658;-0,0815;2,2977;-0,049;-0,0653;-0,0582;-0,4811;1,262;-0,1838;-0,1355;-0,1322;-0,0627
"constantinople";-0,1576;-0,0644;-0,1342;-0,0608;-0,0937;-0,0884;-0,12;-0,5834;-0,2335;1,2795;1,476;-0,2464;-0,0363;-0,0351;-0,1655;-0,0472;-0,1535;-0,0448;-0,0276;-0,0689;-0,04;-0,0454;-0,0096;-0,0839;-0,0824;-0,1386;-0,0277;-0,0216;-0,0376;-0,0247;0,2886;-0,2538;-0,2397;-0,046;-0,057;-0,0325;-0,0343;-0,0457;-0,0407;-0,3367;-0,1167;0,2335;3,3502;-0,0925;-0,0439
"lequel";-0,1576;-0,0644;-0,1342;-0,0608;-0,0937;-0,0884;-0,12;0,4306;0,381;0,3521;0,2779;0,3635;-0,0363;-0,0351;-0,1655;0,9875;-0,1535;-0,0448;-0,0276;0,8338;-0,04;-0,0454;-0,0096;-0,0839;-0,0824;-0,1386;-0,0277;-0,0216;-0,0376;-0,0247;-0,3139;-0,2538;0,3724;-0,046;-0,057;-0,0325;-0,0343;-0,0457;-0,0407;-0,3367;1,5494;0,683;-0,3152;-0,0925;-0,0439
"mourir";-0,1351;-0,0552;-0,1151;-0,0521;-0,0803;-0,0758;-0,1029;-0,5;-0,2002;0,8999;0,8969;0,4144;-0,0311;-0,0301;0,555;-0,0404;-0,1315;-0,0384;-0,0237;-0,059;-0,0343;-0,0389;-0,0082;-0,0719;-0,0706;-0,1188;-0,0238;-0,0185;-0,0322;-0,0211;-0,269;1,0757;-0,2055;-0,0395;-0,0489;-0,0278;-0,0294;-0,0392;-0,0349;0,3138;-0,1;0,2769;0,3343;-0,0793;-0,0376
"durant";-0,2364;-0,0966;-0,2014;-0,0912;-0,1405;-0,1327;-0,18;-0,8751;-0,3503;3,0515;1,0294;-0,3696;-0,0545;-0,0526;2,668;-0,0708;-0,2302;-0,0672;-0,0414;-0,1033;-0,0601;-0,068;-0,0143;-0,1258;-0,1236;-0,2079;-0,0416;-0,0324;-0,0563;2,4872;-0,4708;-0,3807;-0,3596;-0,0691;-0,0856;-0,0487;-0,0514;-0,0686;-0,0611;-0,1635;-0,175;-0,5715;0,542;0,5629;-0,0658
"chercher";-0,1801;-0,0736;-0,1534;-0,0695;-0,1071;-0,1011;-0,1371;-0,6667;-0,2669;0,6279;0,2401;-0,2816;-0,0415;-0,0401;0,4522;-0,0539;-0,1754;-0,0512;-0,0315;-0,0787;-0,0458;-0,0518;-0,0109;-0,0959;-0,0942;-0,1584;-0,0317;1,2572;-0,0429;2,7244;-0,3587;-0,29;-0,274;-0,0526;-0,0652;-0,0371;-0,0392;0,9457;-0,0465;-0,3849;-0,1334;1,8631;1,3564;-0,1058;-0,0502
"bientôt";-0,1238;-0,0506;-0,1055;-0,0478;-0,0736;-0,0695;0,7096;-0,4583;-0,1835;0,9908;0,3516;-0,1936;-0,0285;-0,0275;-0,13;1,0872;-0,1206;2,5484;-0,0217;-0,0541;-0,0315;-0,0356;-0,0075;-0,0659;-0,0647;-0,1089;-0,0218;-0,017;-0,0295;-0,0194;0,3633;-0,1994;-0,1884;-0,0362;-0,0448;-0,0255;-0,0269;-0,0359;-0,032;-0,2646;-0,0917;0,3027;0,3619;-0,0727;-0,0345
"théodoric";-0,1689;-0,069;-0,1438;-0,0651;-0,1004;-0,0948;-0,1286;-0,625;-0,2502;3,3584;5,3371;-0,264;-0,0389;-0,0376;-0,1773;-0,0505;-0,1644;-0,048;-0,0296;-0,0738;-0,0429;-0,0486;-0,0102;-0,0899;-0,0883;-0,1485;-0,0297;-0,0232;-0,0402;-0,0264;-0,3363;-0,2719;-0,2569;-0,0493;-0,0611;-0,0348;-0,0367;-0,049;-0,0436;-0,3608;-0,125;-0,4082;0,2672;-0,0992;-0,047
"long";0,6852;-0,1519;-0,3165;-0,1433;1,8596;1,926;-0,2829;-1,3753;-0,5506;-0,2732;0,2849;-0,5809;-0,0856;-0,0827;-0,3901;-0,1112;-0,3618;-0,1056;-0,0651;1,2748;-0,0944;-0,1069;-0,0225;-0,1977;2,0082;-0,3268;-0,0653;-0,051;-0,0885;-0,0582;0,6386;0,4056;-0,5652;0,6553;0,5747;-0,0765;0,7702;-0,1077;-0,096;-0,7939;-0,2751;1,325;-0,3026;0,4035;-0,1035
"péninsule";-0,1238;-0,0506;-0,1055;-0,0478;-0,0736;-0,0695;-0,0943;-0,4583;-0,1835;0,4854;0,3516;-0,1936;-0,0285;-0,0275;-0,13;-0,0371;-0,1206;-0,0352;-0,0217;-0,0541;-0,0315;-0,0356;-0,0075;-0,0659;-0,0647;0,6541;-0,0218;-0,017;-0,0295;-0,0194;2,8;-0,1994;-0,1884;-0,0362;-0,0448;-0,0255;-0,0269;-0,0359;-0,032;-0,2646;-0,0917;0,3027;0,9845;-0,0727;-0,0345
"historien";-0,7547;-0,3084;-0,6427;-0,291;-0,4486;-0,4235;-0,5746;2,5801;0,9662;2,4246;1,6412;-0,3011;-0,1738;-0,1679;-0,3373;-0,2259;-0,7348;-0,2145;-0,1322;-0,3297;-0,1917;-0,2172;-0,0458;-0,4016;-0,3945;-0,6637;-0,1327;-0,1035;-0,1798;-0,1181;-0,8444;-0,6287;-1,1479;-0,2204;0,3309;-0,1554;-0,1641;-0,2188;-0,195;0,3094;-0,197;2,651;-0,2521;-0,4431;-0,2101
"considérer";-0,2702;-0,1104;-0,2301;-0,1042;-0,1606;-0,1516;-0,2057;0,765;0,6414;-0,5808;-0,1925;0,2062;-0,0622;-0,0601;-0,2837;-0,0809;-0,2631;-0,0768;-0,0473;-0,118;0,835;-0,0778;-0,0164;-0,1438;-0,1413;-0,2376;-0,0475;-0,0371;-0,0644;-0,0423;-0,5381;-0,4351;2,7046;-0,0789;-0,0978;-0,0557;2,0965;-0,0784;-0,0698;-0,2031;-0,2;0,3638;1,5125;-0,1587;-0,0752
"ensemble";-0,1238;-0,0506;0,6663;-0,0478;-0,0736;-0,0695;-0,0943;-0,4583;-0,1835;0,4854;0,9614;0,4441;-0,0285;-0,0275;-0,13;-0,0371;-0,1206;-0,0352;-0,0217;-0,0541;-0,0315;-0,0356;-0,0075;-0,0659;-0,0647;-0,1089;-0,0218;-0,017;-0,0295;-0,0194;0,9874;-0,1994;-0,1884;-0,0362;-0,0448;-0,0255;-0,0269;-0,0359;-0,032;1,7305;-0,0917;-0,2993;-0,2476;-0,0727;-0,0345
"invasion";-0,3265;-0,1335;-0,2781;-0,1259;-0,1941;-0,1832;-0,2486;0,5661;-0,4838;0,7293;1,2082;-0,5105;-0,0752;-0,0726;0,2629;-0,0977;-0,3179;-0,0928;-0,0572;-0,1426;-0,083;-0,094;-0,0198;-0,1738;-0,1707;0,8588;-0,0574;-0,0448;-0,0778;-0,0511;3,3242;1,5335;-0,4967;-0,0954;-0,1182;-0,0673;-0,071;-0,0947;-0,0844;-0,6976;-0,2417;0,2734;-0,6529;-0,1917;-0,0909
"troupe";0,612;-0,1703;-0,3548;-0,1607;-0,2477;-0,2338;0,2854;-1,5421;-0,6173;2,9422;-0,3781;-0,248;-0,096;-0,0927;-0,4374;-0,1247;-0,4057;-0,1184;-0,073;-0,182;-0,1058;-0,1199;-0,0253;-0,2217;-0,2178;5,8524;-0,0733;-0,0572;-0,0993;-0,0652;2,0093;-0,6709;-0,6337;-0,1217;-0,1508;-0,0858;-0,0906;-0,1208;-0,1076;-0,3976;-0,3084;-0,216;0,9396;-0,2446;-0,116
"nord";-0,304;-0,1243;-0,2589;-0,1172;-0,1807;-0,1706;-0,2315;-1,1252;-0,4505;3,574;1,9269;-0,4753;-0,07;-0,0676;-0,3191;-0,091;-0,296;-0,0864;-0,0532;-0,1328;-0,0772;-0,0875;-0,0184;-0,1618;-0,1589;-0,2673;-0,0535;-0,0417;-0,0724;-0,0476;4,4194;-0,4895;-0,143;-0,0888;-0,11;-0,0626;-0,0661;-0,0881;-0,0785;-0,6495;-0,2251;0,3061;-0,221;-0,1785;-0,0847
"tomber";-0,3491;-0,1427;0,3048;-0,1346;-0,2075;-0,1959;-0,2658;2,2489;1,5509;0,6468;0,3139;0,4556;-0,0804;-0,0777;-0,3664;-0,1045;-0,3399;-0,0992;0,8817;0,5286;-0,0887;-0,1005;-0,0212;-0,1858;-0,1825;-0,307;-0,0614;-0,0479;-0,0832;-0,0546;-0,273;0,4395;-0,5309;-0,102;-0,1263;-0,0719;0,7949;-0,1012;-0,0902;-0,7458;-0,2584;0,2447;-0,2747;-0,205;-0,0972
"ensuite";0,393;-0,092;-0,1918;-0,0868;-0,1338;-0,1263;-0,1714;0,2537;-0,3336;0,4488;0,5526;-0,352;-0,0519;-0,0501;1,002;-0,0674;-0,2192;-0,064;-0,0394;-0,0984;-0,0572;-0,0648;-0,0137;-0,1198;-0,1177;-0,198;-0,0396;-0,0309;0,9348;-0,0352;-0,4484;2,0981;0,2632;-0,0658;-0,0815;-0,0464;0,9722;0,8552;-0,0582;-0,4811;-0,1667;-0,1838;-0,4503;-0,1322;0,8715
"jamais";0,2489;-0,1473;-0,3069;-0,139;-0,2142;-0,2022;0,3295;-1,3336;-0,5339;0,6092;0,299;0,877;-0,083;-0,0802;0,6741;-0,1078;-0,3508;-0,1024;-0,0631;3,3512;-0,0915;-0,1037;-0,0219;-0,1918;-0,1884;-0,3169;-0,0634;-0,0494;-0,0858;-0,0564;-0,2868;-0,5802;0,453;-0,1053;-0,1304;-0,0742;-0,0783;-0,1045;-0,0931;0,6074;0,3383;0,5123;1,1196;-0,2116;-0,1003
"simplement";-0,1464;0,8905;-0,1246;-0,0564;-0,087;-0,0821;-0,1114;1,5936;1,0754;0,3909;0,839;-0,2288;-0,0337;-0,0326;0,5258;-0,0438;-0,1425;-0,0416;-0,0256;-0,0639;-0,0372;-0,0421;-0,0089;-0,0779;-0,0765;-0,1287;-0,0257;-0,0201;-0,0349;-0,0229;-0,2914;-0,2357;0,3968;-0,0428;-0,053;-0,0301;-0,0318;-0,0424;-0,0378;-0,3127;-0,1083;-0,3538;-0,2926;-0,0859;-0,0408
"italien";-0,1126;-0,046;-0,0959;-0,0434;-0,0669;-0,0632;-0,0857;-0,4167;-0,1668;1,8092;0,3825;-0,176;-0,0259;-0,025;1,5515;-0,0337;-0,1096;-0,032;-0,0197;-0,0492;-0,0286;-0,0324;-0,0068;-0,0599;-0,0589;-0,099;-0,0198;-0,0154;-0,0268;-0,0176;-0,2242;-0,1813;-0,1712;-0,0329;-0,0407;1,2841;-0,0245;-0,0326;-0,0291;-0,2405;0,7579;0,332;-0,2251;-0,0661;-0,0313
"heure";1,6447;-0,1104;-0,2301;-0,1042;1,2872;1,3316;0,4233;-1,0001;-0,4004;-0,5808;-0,1925;0,2062;-0,0622;-0,0601;0,3191;-0,0809;-0,2631;1,8752;-0,0473;-0,118;0,835;-0,0778;-0,0164;-0,1438;-0,1413;0,3753;0,9844;-0,0371;-0,0644;-0,0423;-0,5381;-0,4351;0,6251;-0,0789;-0,0978;-0,0557;-0,0588;-0,0784;0,8283;-0,2031;0,4329;0,3638;-0,5403;-0,1587;-0,0752
"000";1,355;0,5529;0,8341;-0,1346;-0,2075;-0,1959;0,912;-1,2919;-0,5172;0,6468;-0,2886;-0,5457;0,7721;-0,0777;4,8298;-0,1045;-0,3399;-0,0992;-0,0611;-0,1525;-0,0887;1,6531;-0,0212;-0,1858;-0,1825;-0,307;-0,0614;-0,0479;-0,0832;-0,0546;1,7378;-0,562;-0,5309;-0,102;-0,1263;-0,0719;-0,0759;-0,1012;-0,0902;-0,3039;-0,2584;-0,3658;-0,698;-0,205;-0,0972
"habitant";-0,3153;-0,1289;0,3362;-0,1216;-0,1874;-0,1769;-0,24;-0,2829;-0,1456;2,7604;-0,2461;-0,4929;0,8125;-0,0701;1,4156;-0,0944;-0,307;-0,0896;-0,0552;-0,1377;-0,0801;-0,0907;-0,0191;-0,1678;-0,1648;0,8836;-0,0554;-0,0433;0,7991;-0,0493;0,7833;-0,5076;-0,4795;-0,0921;-0,1141;-0,0649;-0,0686;-0,0914;-0,0814;-0,2594;-0,2334;-0,3132;0,3801;-0,1851;-0,0878
"zone";-0,1126;-0,046;-0,0959;2,3752;-0,0669;-0,0632;-0,0857;-0,4167;-0,1668;0,5434;1,0338;0,4773;-0,0259;-0,025;-0,1182;-0,0337;-0,1096;-0,032;-0,0197;-0,0492;-0,0286;-0,0324;-0,0068;-0,0599;-0,0589;0,6907;-0,0198;-0,0154;-0,0268;-0,0176;-0,2242;-0,1813;-0,1712;-0,0329;-0,0407;1,2841;-0,0245;-0,0326;-0,0291;-0,2405;-0,0833;-0,2721;0,3931;-0,0661;-0,0313
"cependant";0,6054;-0,0506;-0,1055;-0,0478;-0,0736;-0,0695;0,7096;-0,4583;-0,1835;0,9908;0,3516;0,4441;-0,0285;-0,0275;-0,13;-0,0371;-0,1206;-0,0352;-0,0217;0,9314;-0,0315;-0,0356;-0,0075;-0,0659;-0,0647;-0,1089;-0,0218;-0,017;-0,0295;-0,0194;0,9874;-0,1994;-0,1884;-0,0362;-0,0448;-0,0255;-0,0269;-0,0359;-0,032;0,3408;-0,0917;-0,2993;-0,2476;-0,0727;-0,0345
"millier";-0,1576;-0,0644;-0,1342;-0,0608;-0,0937;-0,0884;-0,12;-0,5834;-0,2335;2,7054;0,2779;-0,2464;-0,0363;-0,0351;0,4992;-0,0472;-0,1535;-0,0448;-0,0276;-0,0689;-0,04;-0,0454;-0,0096;-0,0839;-0,0824;-0,1386;-0,0277;-0,0216;-0,0376;-0,0247;0,2886;-0,2538;0,3724;-0,046;-0,057;-0,0325;-0,0343;-0,0457;-0,0407;0,268;-0,1167;0,2335;0,8084;-0,0925;-0,0439
"ive";-0,2364;-0,0966;-0,2014;-0,0912;-0,1405;-0,1327;-0,18;-0,8751;-0,3503;2,3492;1,6651;-0,3696;-0,0545;-0,0526;-0,2482;-0,0708;-0,2302;-0,0672;-0,0414;-0,1033;-0,0601;-0,068;-0,0143;-0,1258;-0,1236;-0,2079;-0,0416;-0,0324;-0,0563;-0,037;1,065;-0,3807;-0,3596;-0,0691;-0,0856;-0,0487;-0,0514;-0,0686;-0,0611;-0,1635;-0,175;0,8798;1,061;-0,1388;-0,0658
"constituer";-0,1464;-0,0598;-0,1246;-0,0564;-0,087;-0,0821;-0,1114;0,4729;0,4055;-0,2266;0,2998;1,0361;-0,0337;-0,0326;-0,1536;-0,0438;-0,1425;-0,0416;-0,0256;-0,0639;-0,0372;-0,0421;-0,0089;-0,0779;-0,0765;-0,1287;-0,0257;-0,0201;-0,0349;-0,0229;1,6041;-0,2357;-0,2226;-0,0428;-0,053;-0,0301;-0,0318;-0,0424;-0,0378;0,2897;-0,1083;0,7331;-0,2926;-0,0859;-0,0408
"antiquité";-0,2702;-0,1104;-0,2301;-0,1042;-0,1606;-0,1516;-0,2057;-1,0001;-0,4004;3,3133;4,7289;0,2062;-0,0622;-0,0601;0,3191;-0,0809;-0,2631;-0,0768;-0,0473;-0,118;-0,0686;-0,0778;-0,0164;-0,1438;-0,1413;-0,2376;-0,0475;-0,0371;-0,0644;-0,0423;-0,5381;-0,4351;-0,411;-0,0789;-0,0978;-0,0557;-0,0588;-0,0784;-0,0698;0,8646;-0,2;-0,2462;-0,1829;-0,1587;-0,0752
"tardif";-0,1576;-0,0644;-0,1342;-0,0608;-0,0937;-0,0884;-0,12;-0,5834;-0,2335;3,5898;4,3807;-0,2464;-0,0363;-0,0351;-0,1655;-0,0472;-0,1535;-0,0448;-0,0276;-0,0689;-0,04;-0,0454;-0,0096;-0,0839;-0,0824;-0,1386;-0,0277;-0,0216;-0,0376;-0,0247;-0,3139;-0,2538;-0,2397;-0,046;-0,057;-0,0325;-0,0343;-0,0457;-0,0407;-0,3367;-0,1167;0,2335;-0,3152;-0,0925;-0,0439
"doute";-0,2927;-0,1196;-0,2493;0,6403;-0,174;-0,1643;-0,2229;-0,2436;0,1995;0,8749;0,8196;-0,4577;-0,0674;-0,0651;-0,3073;-0,0876;-0,285;0,7586;-0,0513;-0,1279;-0,0744;-0,0843;-0,0178;-0,1558;0,5273;-0,2574;-0,0515;-0,0402;-0,0697;-0,0458;-0,5829;-0,4714;-0,4453;-0,0855;-0,1059;-0,0603;-0,0637;-0,0849;-0,0756;0,7892;-0,2167;2,3973;0,4194;-0,1719;0,7667
"elles";1,287;-0,1519;0,791;-0,1433;-0,2209;-0,2085;-0,2829;-0,3893;-0,5506;-0,5124;0,2849;-0,207;-0,0856;-0,0827;0,2272;-0,1112;-0,3618;-0,1056;-0,0651;-0,1623;-0,0944;0,661;-0,0225;-0,1977;-0,1943;-0,3268;-0,0653;-0,051;-0,0885;-0,0582;0,6386;0,4056;1,4274;-0,1085;-0,1345;-0,0765;-0,0808;-0,1077;-0,096;1,0015;-0,2751;0,4889;0,6352;-0,2182;-0,1035
"plupart";-0,1801;-0,0736;-0,1534;-0,0695;-0,1071;-0,1011;-0,1371;-0,6667;-0,2669;1,673;2,0923;0,3214;-0,0415;-0,0401;-0,1891;-0,0539;-0,1754;-0,0512;-0,0315;-0,0787;-0,0458;-0,0518;-0,0109;-0,0959;-0,0942;-0,1584;-0,0317;-0,0247;-0,0429;-0,0282;0,2501;-0,29;0,9017;-0,0526;-0,0652;-0,0371;-0,0392;-0,0522;-0,0465;-0,3849;-0,1334;1,1596;-0,3602;-0,1058;-0,0502
"site";0,4691;-0,0736;1,3309;-0,0695;-0,1071;-0,1011;0,5674;1,2831;-0,2669;2,3603;0,6953;-0,2816;-0,0415;-0,0401;-0,1891;-0,0539;-0,1754;-0,0512;-0,0315;-0,0787;-0,0458;-0,0518;-0,0109;-0,0959;-0,0942;-0,1584;-0,0317;-0,0247;-0,0429;-0,0282;-0,3587;-0,29;-0,274;-0,0526;-0,0652;-0,0371;-0,0392;-0,0522;-0,0465;-0,3849;-0,1334;-0,4354;-0,3602;-0,1058;-0,0502
"seul";-0,3491;-0,1427;0,8341;-0,1346;-0,2075;-0,1959;0,912;0,503;0,4855;-0,8358;-0,2886;0,4556;-0,0804;-0,0777;0,6948;0,67;-0,3399;0,6899;-0,0611;-0,1525;-0,0887;-0,1005;-0,0212;-0,1858;-0,1825;-0,307;-0,0614;-0,0479;-0,0832;0,9273;0,331;-0,562;-0,1793;-0,102;0,5979;-0,0719;-0,0759;-0,1012;-0,0902;1,6227;-0,2584;-0,8438;0,6887;-0,205;-0,0972
"état";1,9687;0,5192;3,0921;1,3475;-0,2276;-0,2148;-0,2915;-1,417;-0,5673;-0,5409;-0,3326;0,82;0,7357;-0,0852;0,2192;-0,1146;-0,3728;-0,1088;-0,0671;-0,1672;-0,0973;-0,1102;-0,0232;-0,2037;0,4327;0,7493;-0,0673;-0,0525;-0,0912;-0,0599;-0,7624;1,3119;-0,5823;-0,1118;-0,1385;0,7798;0,7584;-0,111;0,6911;-0,35;0,3194;-0,9254;-0,7655;1,0309;-0,1066
"idée";-0,1618;-0,2025;-0,422;-0,1911;-0,2945;-0,278;0,2362;2,2567;1,6146;-0,3039;0,3934;-0,3242;-0,1141;1,5752;0,9433;-0,1483;-0,4824;-0,1408;-0,0868;-0,2165;-0,1259;-0,1426;-0,0301;-0,2637;-0,259;-0,4357;-0,0871;-0,068;0,6234;-0,0776;-0,4639;0,2662;-0,7537;-0,1447;0,4707;-0,1021;0,6582;-0,1437;0,593;-1,0586;0,2439;0,8973;-0,9908;-0,2909;0,5651
"traduire";-0,1238;-0,0506;-0,1055;-0,0478;-0,0736;-0,0695;1,729;1,8652;1,2057;0,4854;0,3516;-0,1936;-0,0285;-0,0275;-0,13;-0,0371;-0,1206;-0,0352;-0,0217;-0,0541;-0,0315;-0,0356;-0,0075;-0,0659;-0,0647;-0,1089;-0,0218;-0,017;-0,0295;-0,0194;-0,2466;-0,1994;-0,1884;-0,0362;-0,0448;-0,0255;-0,0269;-0,0359;-0,032;-0,2646;-0,0917;-0,2993;-0,2476;-0,0727;-0,0345
"exemple";-0,259;-0,1058;-0,2206;-0,0999;-0,1539;-0,1453;1,1328;-0,1888;0,2316;2,1072;2,2321;0,6351;-0,0597;-0,0576;-0,2719;-0,0775;-0,2521;-0,0736;-0,0454;-0,1131;-0,0658;-0,0745;-0,0157;-0,1378;-0,1354;-0,2277;-0,0455;-0,0355;-0,0617;-0,0405;-0,5157;0,6167;0,6523;-0,0756;-0,0937;-0,0533;-0,0563;-0,0751;-0,0669;-0,5533;-0,1917;-0,626;-0,5178;-0,1521;-0,0721
"souvenir";-0,1464;-0,0598;0,6029;-0,0564;-0,087;-0,0821;0,6453;-0,5417;-0,2169;0,3909;0,2998;0,3877;-0,0337;-0,0326;-0,1536;1,018;-0,1425;-0,0416;-0,0256;-0,0639;-0,0372;-0,0421;-0,0089;-0,0779;-0,0765;-0,1287;-0,0257;-0,0201;-0,0349;-0,0229;0,3108;-0,2357;0,3968;1,028;-0,053;-0,0301;-0,0318;-0,0424;-0,0378;-0,3127;-0,1083;1,393;-0,2926;-0,0859;-0,0408
"théodose";-0,1238;-0,0506;-0,1055;-0,0478;-0,0736;-0,0695;-0,0943;-0,4583;-0,1835;3,3964;0,3516;-0,1936;-0,0285;-0,0275;-0,13;-0,0371;-0,1206;-0,0352;-0,0217;-0,0541;-0,0315;-0,0356;-0,0075;-0,0659;-0,0647;-0,1089;-0,0218;-0,017;-0,0295;-0,0194;1,8104;-0,1994;-0,1884;-0,0362;-0,0448;-0,0255;-0,0269;-0,0359;-0,032;-0,2646;-0,0917;0,3027;-0,2476;-0,0727;-0,0345
"honorius";-0,1576;-0,0644;-0,1342;-0,0608;-0,0937;-0,0884;-0,12;-0,5834;-0,2335;0,7486;0,2779;-0,2464;-0,0363;-0,0351;-0,1655;-0,0472;-0,1535;-0,0448;-0,0276;-0,0689;-0,04;-0,0454;-0,0096;-0,0839;-0,0824;-0,1386;-0,0277;-0,0216;-0,0376;-0,0247;8,4898;-0,2538;-0,2397;-0,046;-0,057;-0,0325;-0,0343;-0,0457;-0,0407;-0,3367;-0,1167;0,2335;-0,3152;-0,0925;-0,0439
"lors";-0,4166;0,489;1,3319;-0,1607;-0,2477;-0,2338;-0,3172;-1,5421;-0,6173;-0,356;0,5181;-0,6513;-0,096;-0,0927;1,1165;-0,1247;-0,4057;-0,1184;-0,073;-0,182;-0,1058;0,6175;-0,0253;-0,2217;-0,2178;1,2982;-0,0733;-0,0572;0,6897;-0,0652;0,5455;-0,6709;-0,6337;1,498;-0,1508;-0,0858;0,7252;-0,1208;0,6585;0,865;-0,3084;0,4068;0,9396;-0,2446;0,63
"alaric";-0,259;-0,1058;-0,2206;-0,0999;-0,1539;-0,1453;-0,1972;-0,9585;-0,3837;4,269;-0,1797;-0,4048;-0,0597;-0,0576;-0,2719;-0,0775;-0,2521;-0,0736;-0,0454;-0,1131;-0,0658;-0,0745;-0,0157;-0,1378;-0,1354;-0,2277;-0,0455;-0,0355;-0,0617;-0,0405;7,195;-0,417;-0,3939;-0,0756;-0,0937;-0,0533;-0,0563;-0,0751;-0,0669;-0,5533;-0,1917;-0,2302;-0,1707;-0,1521;-0,0721
"wisigoth";-0,1914;-0,0782;-0,163;-0,0738;-0,1138;-0,1074;-0,1457;-0,7084;-0,2836;1,0129;1,2547;-0,2992;-0,0441;-0,0426;-0,2009;-0,0573;-0,1864;-0,0544;-0,0335;-0,0836;-0,0486;-0,0551;-0,0116;-0,1019;-0,1001;-0,1683;-0,0337;-0,0263;-0,0456;-0,03;1,2926;-0,3082;-0,2911;-0,0559;0,8315;-0,0394;-0,0416;-0,0555;-0,0494;-0,4089;-0,1417;0,5584;2,0409;-0,1124;-0,0533
"esprit";-0,2702;-0,1104;-0,2301;-0,1042;-0,1606;-0,1516;0,4233;-0,2065;-0,4004;-0,2785;0,4461;-0,4224;-0,0622;-0,0601;-0,2837;-0,0809;-0,2631;-0,0768;-0,0473;-0,118;-0,0686;-0,0778;-0,0164;-0,1438;-0,1413;-0,2376;-0,0475;-0,0371;0,8608;-0,0423;-0,1817;1,8131;0,2133;-0,0789;-0,0978;-0,0557;-0,0588;-0,0784;-0,0698;0,8646;-0,2;0,7541;1,5125;-0,1587;-0,0752
"union";0,6414;-0,046;0,7031;-0,0434;-0,0669;-0,0632;-0,0857;-0,4167;-0,1668;-0,1464;0,3825;-0,176;-0,0259;-0,025;-0,1182;-0,0337;-0,1096;-0,032;-0,0197;-0,0492;-0,0286;-0,0324;1,8067;-0,0599;-0,0589;-0,099;-0,0198;-0,0154;-0,0268;-0,0176;0,3945;-0,1813;-0,1712;-0,0329;-0,0407;-0,0232;-0,0245;-0,0326;-0,0291;2,8673;-0,0833;-0,2721;-0,2251;-0,0661;-0,0313
"puis";-0,4955;0,4287;-0,422;0,4486;-0,2945;-0,278;-0,3773;-0,6567;-0,299;0,4955;-0,489;-0,7746;-0,1141;-0,1102;0,4796;1,3416;-0,4824;-0,1408;-0,0868;1,0561;0,5993;0,553;-0,0301;0,3419;-0,259;-0,4357;-0,0871;-0,068;-0,1181;-0,0776;0,4176;-0,7978;0,6173;-0,1447;1,1962;-0,1021;-0,1077;-0,1437;0,593;-0,2405;0,2439;0,5569;0,7426;0,8457;0,5651
"religieux";-0,1576;-0,0644;-0,1342;-0,0608;-0,0937;-0,0884;-0,12;1,4794;1,0191;0,3521;0,2779;-0,2464;-0,0363;-0,0351;-0,1655;-0,0472;-0,1535;-0,0448;-0,0276;-0,0689;-0,04;-0,0454;-0,0096;-0,0839;-0,0824;-0,1386;-0,0277;-0,0216;-0,0376;-0,0247;-0,3139;-0,2538;0,3724;-0,046;0,9098;1,1425;-0,0343;-0,0457;-0,0407;0,7638;-0,1167;-0,381;-0,3152;-0,0925;-0,0439
"chrétien";-0,2027;-0,0828;-0,1726;-0,0782;-0,1205;-0,1137;-0,1543;2,3852;1,5445;0,5297;0,6184;-0,3168;-0,0467;-0,0451;0,412;-0,0607;-0,1973;-0,0576;-0,0355;-0,0885;-0,0515;-0,0583;-0,0123;-0,1078;-0,1059;-0,1782;-0,0356;-0,0278;-0,0483;-0,0317;-0,4035;-0,3263;0,2939;-0,0592;-0,0733;-0,0417;-0,0441;0,8977;-0,0524;-0,433;-0,15;-0,1546;-0,4052;-0,119;-0,0564
"ancien";1,287;-0,1519;-0,3165;-0,1433;-0,2209;-0,2085;0,3199;-0,3893;-0,1902;0,574;0,2849;0,4212;-0,0856;-0,0827;1,2365;-0,1112;-0,3618;0,6658;-0,0651;-0,1623;-0,0944;0,661;-0,0225;-0,1977;-0,1943;-0,3268;0,8548;-0,051;-0,0885;-0,0582;0,3013;-0,5983;0,4359;-0,1085;0,5747;-0,0765;-0,0808;-0,1077;-0,096;0,27;-0,2751;-0,8982;0,2994;-0,2182;1,6286
"scène";-0,3153;-0,1289;-0,2685;-0,1216;3,0813;3,1738;-0,24;-1,1669;-0,4671;0,4645;0,3639;-0,4929;-0,0726;-0,0701;-0,331;-0,0944;-0,307;-0,0896;-0,0552;-0,1377;-0,0801;-0,0907;-0,0191;-0,1678;2,2082;-0,2772;-0,0554;1,0232;-0,0751;-0,0493;-0,6278;-0,5076;-0,4795;0,7188;-0,1141;-0,0649;-0,0686;-0,0914;0,767;0,3471;1,006;0,2892;0,3801;-0,1851;-0,0878
"jean";0,448;4,5843;-0,163;-0,0738;0,6374;0,6594;0,5451;-0,7084;-0,2836;-0,3465;0,2237;-0,2992;-0,0441;-0,0426;2,0041;-0,0573;-0,1864;-0,0544;-0,0335;-0,0836;-0,0486;-0,0551;-0,0116;-0,1019;-0,1001;-0,1683;-0,0337;-0,0263;1,0014;-0,03;-0,3811;-0,3082;-0,2911;-0,0559;-0,0693;-0,0394;-0,0416;-0,0555;0,9681;-0,4089;-0,1417;0,5584;-0,3827;-0,1124;-0,0533
"eau";-0,1126;-0,046;-0,0959;-0,0434;2,0139;2,0617;-0,0857;-0,4167;-0,1668;0,5434;0,3825;0,4773;-0,0259;-0,025;-0,1182;-0,0337;-0,1096;-0,032;-0,0197;-0,0492;-0,0286;-0,0324;-0,0068;-0,0599;-0,0589;-0,099;-0,0198;-0,0154;-0,0268;-0,0176;0,3945;-0,1813;-0,1712;-0,0329;-0,0407;-0,0232;-0,0245;-0,0326;-0,0291;0,3714;-0,0833;-0,2721;-0,2251;-0,0661;-0,0313
"monter";0,2981;-0,1243;-0,2589;-0,1172;0,468;0,4884;-0,2315;-0,263;-0,1371;0,4974;0,3826;-0,4753;-0,07;-0,0676;0,7876;-0,091;-0,296;-0,0864;-0,0532;-0,1328;-0,0772;-0,0875;-0,0184;-0,1618;-0,1589;-0,2673;-0,0535;-0,0417;-0,0724;0,9839;-0,2196;0,5185;5,2477;-0,0888;-0,11;-0,0626;-0,0661;-0,0881;-0,0785;-0,6495;-0,2251;-0,7349;-0,221;-0,1785;-0,0847
"humain";-0,2702;-0,1104;-0,2301;-0,1042;0,5098;0,5306;-0,2057;-1,0001;-0,4004;-0,2785;0,4461;0,2062;0,8744;-0,0601;5,6391;-0,0809;-0,2631;-0,0768;-0,0473;-0,118;-0,0686;-0,0778;-0,0164;-0,1438;-0,1413;-0,2376;-0,0475;1,0872;-0,0644;-0,0423;-0,1817;0,59;0,2133;-0,0789;-0,0978;0,9198;2,0965;-0,0784;-0,0698;-0,5773;-0,2;-0,6532;-0,1829;-0,1587;-0,0752
"non";-0,4617;-0,1887;0,6473;-0,1781;0,3294;0,3475;-0,3515;1,5195;1,1699;0,3567;0,4422;1,104;-0,1064;-0,1027;-0,1559;-0,1382;-0,4495;-0,1312;-0,0809;-0,2017;-0,1173;-0,1329;-0,028;-0,2457;0,3702;0,2165;-0,0812;0,8674;-0,11;-0,0723;-0,9194;-0,7434;-0,7023;-0,1349;-0,1671;-0,0951;0,6853;-0,1339;-0,1193;0,7499;-0,3418;-0,2657;-0,4204;0,3332;-0,1286
"officiel";0,6414;-0,046;1,7194;-0,0434;-0,0669;-0,0632;-0,0857;-0,4167;-0,1668;-0,1464;0,3825;-0,176;-0,0259;-0,025;-0,1182;-0,0337;-0,1096;-0,032;-0,0197;-0,0492;-0,0286;1,1433;-0,0068;-0,0599;-0,0589;-0,099;-0,0198;-0,0154;-0,0268;-0,0176;-0,2242;-0,1813;-0,1712;-0,0329;-0,0407;-0,0232;-0,0245;-0,0326;-0,0291;-0,2405;0,7579;1,7112;-0,2251;-0,0661;-0,0313
"toute";0,203;-0,1749;-0,3644;-0,165;-0,2544;-0,2401;0,2776;0,3343;0,3747;0,4264;-0,3935;1,7799;-0,0986;0,7059;0,5659;-0,1281;-0,4166;-0,1216;-0,0749;-0,1869;-0,1087;-0,1232;-0,026;-0,2277;1,0333;-0,3763;-0,0753;-0,0587;-0,1019;-0,067;1,9531;-0,689;-0,6509;-0,125;-0,1549;-0,0881;-0,093;-0,1241;-0,1105;-0,4138;0,2858;0,3887;0,2377;-0,2513;0,6199
"moyen";0,2322;-0,1565;0,2774;-0,1476;-0,2276;-0,2148;-0,2915;1,0684;0,8688;-0,5409;-0,3326;-0,5985;-0,0882;-0,0852;0,2192;-0,1146;-0,3728;-0,1088;-0,0671;0,4954;-0,0973;-0,1102;-0,0232;-0,2037;0,4327;0,2681;-0,0673;-0,0525;-0,0912;-0,0599;-0,7624;1,3119;2,7554;-0,1118;0,5636;-0,0789;-0,0832;-0,111;-0,0989;-0,35;-0,2834;-0,4203;-0,3169;1,0309;-0,1066
"parfois";0,448;-0,0782;-0,163;-0,0738;-0,1138;-0,1074;-0,1457;0,3286;-0,2836;0,5764;1,2547;0,3029;-0,0441;-0,0426;2,0041;0,9081;-0,1864;-0,0544;-0,0335;-0,0836;-0,0486;-0,0551;-0,0116;-0,1019;-0,1001;-0,1683;-0,0337;-0,0263;-0,0456;-0,03;-0,3811;-0,3082;-0,2911;-0,0559;-0,0693;-0,0394;-0,0416;-0,0555;-0,0494;0,2147;-0,1417;-0,1405;-0,3827;0,6421;-0,0533
"autrement";-0,1351;-0,0552;-0,1151;-0,0521;-0,0803;-0,0758;-0,1029;0,5205;0,4326;-0,1988;0,3243;1,9785;-0,0311;-0,0301;-0,1418;-0,0404;-0,1315;-0,0384;-0,0237;-0,059;-0,0343;-0,0389;-0,0082;-0,0719;-0,0706;-0,1188;-0,0238;-0,0185;-0,0322;-0,0211;0,3356;-0,2175;-0,2055;-0,0395;-0,0489;-0,0278;1,1844;-0,0392;-0,0349;0,3138;-0,1;0,2769;-0,2701;-0,0793;-0,0376
"élite";-0,1126;-0,046;-0,0959;-0,0434;-0,0669;-0,0632;-0,0857;-0,4167;-0,1668;1,8092;0,3825;-0,176;-0,0259;-0,025;-0,1182;-0,0337;-0,1096;-0,032;-0,0197;-0,0492;-0,0286;1,1433;-0,0068;-0,0599;-0,0589;-0,099;-0,0198;-0,0154;-0,0268;-0,0176;-0,2242;-0,1813;0,487;-0,0329;-0,0407;-0,0232;-0,0245;-0,0326;-0,0291;-0,2405;-0,0833;1,7112;-0,2251;-0,0661;-0,0313
"latin";-0,1464;-0,0598;-0,1246;-0,0564;-0,087;-0,0821;0,6453;0,4729;0,4055;1,3887;0,839;-0,2288;-0,0337;-0,0326;-0,1536;-0,0438;-0,1425;-0,0416;-0,0256;0,8636;-0,0372;-0,0421;-0,0089;-0,0779;-0,0765;-0,1287;-0,0257;-0,0201;-0,0349;-0,0229;-0,2914;-0,2357;-0,2226;-0,0428;-0,053;-0,0301;1,1509;-0,0424;-0,0378;-0,3127;-0,1083;0,254;-0,2926;-0,0859;-0,0408
"également";-0,3491;2,3766;-0,2973;-0,1346;-0,2075;-0,1959;-0,2658;-0,3454;-0,5172;0,6468;0,6618;-0,5457;-0,0804;-0,0777;-0,3664;-0,1045;-0,3399;1,6632;-0,0611;-0,1525;-0,0887;1,6531;-0,0212;-0,1858;-0,1825;1,4932;-0,0614;-0,0479;1,8063;-0,0546;-0,6951;-0,562;-0,1793;-0,102;0,5979;-0,0719;-0,0759;-0,1012;-0,0902;-0,7458;-0,2584;0,9347;-0,698;-0,205;2,8451
"intérêt";-0,1464;-0,0598;-0,1246;-0,0564;-0,087;-0,0821;0,6453;0,4729;0,4055;0,3909;0,2998;0,3877;-0,0337;-0,0326;-0,1536;-0,0438;-0,1425;-0,0416;-0,0256;-0,0639;-0,0372;-0,0421;-0,0089;-0,0779;0,7918;-0,1287;-0,0257;-0,0201;-0,0349;-0,0229;-0,2914;-0,2357;-0,2226;-0,0428;-0,053;-0,0301;-0,0318;-0,0424;-0,0378;1,5266;-0,1083;0,254;-0,2926;-0,0859;-0,0408
"intellectuel";-0,1351;-0,0552;-0,1151;-0,0521;-0,0803;-0,0758;-0,1029;0,5205;0,4326;0,8999;1,661;-0,2112;-0,0311;-0,0301;-0,1418;-0,0404;-0,1315;-0,0384;-0,0237;-0,059;-0,0343;-0,0389;-0,0082;-0,0719;-0,0706;-0,1188;-0,0238;-0,0185;-0,0322;-0,0211;-0,269;1,0757;-0,2055;-0,0395;-0,0489;-0,0278;-0,0294;-0,0392;-0,0349;0,3138;-0,1;-0,3266;-0,2701;-0,0793;-0,0376
"plan";-0,1801;-0,0736;-0,1534;-0,0695;1,6142;1,6605;-0,1371;1,2831;0,9201;-0,3154;0,2401;-0,2816;-0,0415;-0,0401;-0,1891;-0,0539;-0,1754;-0,0512;1,1545;-0,0787;-0,0458;-0,0518;-0,0109;-0,0959;0,7101;-0,1584;-0,0317;-0,0247;-0,0429;-0,0282;-0,3587;-0,29;-0,274;-0,0526;-0,0652;-0,0371;-0,0392;-0,0522;-0,0465;0,6735;-0,1334;-0,4354;-0,3602;-0,1058;-0,0502
"service";-0,473;2,0064;0,6319;-0,1824;-0,2811;-0,2654;-0,3601;-1,7506;-0,7008;-0,7833;-0,2046;0,3001;-0,1089;-0,1052;-0,4965;-0,1416;-0,4605;-0,1344;-0,0828;-0,2066;2,5748;2,4233;-0,0287;-0,2517;-0,2473;0,2103;-0,0832;-0,0649;-0,1127;-0,074;-0,9418;-0,7615;22,7054;-0,1382;-0,1712;-0,0974;-0,1028;-0,1371;-0,1222;-1,0105;-0,3501;-1,1433;-0,9457;-0,2777;-0,1317
"donner";0,2244;0,5088;-0,3357;-0,152;-0,2343;-0,2211;-0,3001;-0,4348;-0,209;0,2889;-0,3476;0,7933;-0,0908;-0,0877;0,2116;-0,118;-0,3837;0,6433;-0,069;0,4851;-0,1001;-0,1134;-0,0239;-0,2097;-0,206;-0,3466;-0,0693;-0,0541;0,7112;-0,0617;0,2746;0,3749;0,4042;-0,1151;-0,1426;-0,0812;-0,0857;0,6357;1,6409;1,4178;-0,2918;-0,1926;-0,3312;0,384;-0,1097
"jeu";0,5166;-0,0644;-0,1342;-0,0608;0,7121;0,7346;-0,12;-0,5834;-0,2335;0,7486;1,476;-0,2464;-0,0363;-0,0351;-0,1655;-0,0472;-0,1535;-0,0448;1,2105;-0,0689;-0,04;-0,0454;-0,0096;-0,0839;0,7624;-0,1386;-0,0277;-0,0216;-0,0376;-0,0247;-0,3139;-0,2538;0,3724;-0,046;0,9098;-0,0325;-0,0343;-0,0457;-0,0407;-0,3367;-0,1167;0,2335;-0,3152;-0,0925;-0,0439
"travail";-0,1801;3,2303;-0,1534;-0,0695;-0,1071;-0,1011;-0,1371;-0,6667;-0,2669;1,093;1,3224;-0,2816;-0,0415;-0,0401;-0,1891;0,9328;-0,1754;-0,0512;-0,0315;-0,0787;-0,0458;-0,0518;-0,0109;-0,0959;-0,0942;-0,1584;-0,0317;-0,0247;-0,0429;-0,0282;-0,3587;-0,29;0,3299;-0,0526;0,8558;-0,0371;-0,0392;-0,0522;-0,0465;-0,3849;1,4401;0,1985;-0,3602;-0,1058;-0,0502
"image";-0,2702;0,6487;-0,2301;-0,1042;1,2872;1,3316;0,4233;-1,0001;-0,4004;-0,5808;-0,1925;1,8553;-0,0622;-0,0601;-0,2837;-0,0809;-0,2631;-0,0768;-0,0473;-0,118;-0,0686;-0,0778;-0,0164;-0,1438;2,4001;-0,2376;-0,0475;1,0872;-0,0644;-0,0423;-0,5381;-0,4351;-0,411;-0,0789;-0,0978;-0,0557;-0,0588;-0,0784;-0,0698;-0,2031;-0,2;1,8774;0,4638;-0,1587;-0,0752
"mur";0,5729;-0,0552;-0,1151;-0,0521;-0,0803;-0,0758;-0,1029;-0,5;-0,2002;0,435;0,8969;-0,2112;-0,0311;-0,0301;0,555;-0,0404;-0,1315;-0,0384;-0,0237;-0,059;-0,0343;-0,0389;-0,0082;-0,0719;0,8237;-0,1188;-0,0238;-0,0185;-0,0322;-0,0211;0,3356;-0,2175;-0,2055;-0,0395;-0,0489;-0,0278;-0,0294;-0,0392;-0,0349;-0,2886;-0,1;0,2769;1,6971;-0,0793;-0,0376
"coeur";-0,1464;-0,0598;-0,1246;-0,0564;-0,087;-0,0821;-0,1114;-0,5417;-0,2169;0,8198;0,839;0,3877;-0,0337;-0,0326;-0,1536;-0,0438;-0,1425;-0,0416;-0,0256;2,0413;-0,0372;-0,0421;-0,0089;-0,0779;-0,0765;-0,1287;-0,0257;-0,0201;-0,0349;-0,0229;-0,2914;-0,2357;-0,2226;-0,0428;-0,053;1,1736;-0,0318;1,0311;-0,0378;0,2897;-0,1083;-0,3538;0,8612;-0,0859;-0,0408
"public";0,2671;1,4012;-0,2877;-0,1303;1,1154;1,1584;-0,2572;-1,2503;-0,5005;0,4054;-0,2742;1,525;-0,0778;-0,0751;-0,3546;-0,1011;-0,3289;-0,096;-0,0592;-0,1476;-0,0858;0,6977;-0,0205;0,4699;-0,1766;-0,2971;-0,0594;-0,0463;-0,0805;-0,0529;-0,6726;-0,5439;-0,5138;-0,0987;-0,1222;-0,0696;-0,0735;0,6949;-0,0873;0,3135;2,6201;-0,8165;0,3451;1,1245;0,7106
"loin";0,4101;-0,0874;-0,1822;-0,0825;-0,1272;-0,12;-0,1629;0,2763;0,2857;0,8731;0,1949;0,7617;-0,0493;-0,0476;-0,2246;0,8631;-0,2083;-0,0608;-0,0375;-0,0934;-0,0543;-0,0616;-0,013;0,6372;-0,1118;-0,1881;-0,0376;-0,0293;-0,051;-0,0335;-0,426;-0,3444;-0,3254;-0,0625;-0,0774;-0,0441;2,2964;-0,062;-0,0553;-0,1385;-0,1584;-0,169;0,6039;-0,1256;-0,0596
"partout";-0,1126;-0,046;-0,0959;-0,0434;-0,0669;-0,0632;-0,0857;0,6363;0,4963;-0,1464;0,3825;-0,176;-0,0259;-0,025;-0,1182;-0,0337;-0,1096;-0,032;-0,0197;2,2705;-0,0286;-0,0324;-0,0068;-0,0599;-0,0589;-0,099;-0,0198;-0,0154;-0,0268;-0,0176;-0,2242;-0,1813;1,2621;-0,0329;-0,0407;-0,0232;-0,0245;-0,0326;-0,0291;-0,2405;-0,0833;-0,2721;0,3931;-0,0661;-0,0313
"royaume";-0,2139;-0,0874;-0,1822;-0,0825;-0,1272;-0,12;-0,1629;-0,7917;-0,317;2,6301;1,818;-0,3344;-0,0493;-0,0476;-0,2246;-0,064;-0,2083;-0,0608;-0,0375;-0,0934;-0,0543;-0,0616;-0,013;-0,1138;-0,1118;-0,1881;-0,0376;-0,0293;-0,051;-0,0335;-0,426;-0,3444;-0,3254;-0,0625;0,7871;-0,0441;-0,0465;-0,062;-0,0553;-0,457;-0,1584;2,3307;0,2031;-0,1256;0,8922
"milieu";0,3095;-0,1196;-0,2493;-0,1129;-0,174;-0,1643;-0,2229;-1,0835;-0,4338;0,8749;-0,2189;0,5585;-0,0674;-0,0651;0,2948;-0,0876;-0,285;-0,0832;-0,0513;-0,1279;-0,0744;-0,0843;-0,0178;-0,1558;1,3232;-0,2574;-0,0515;-0,0402;-0,0697;0,9994;-0,5829;0,541;-0,4453;-0,0855;-0,1059;-0,0603;-0,0637;-0,0849;6,1221;-0,6255;-0,2167;0,6827;0,4194;-0,1719;0,7667
"franc";-0,4617;-0,1887;-0,3932;-0,1781;-0,2744;-0,2591;-0,3515;1,5195;0,3367;-1,2233;-0,4407;-0,7218;-0,1064;-0,1027;-0,1559;-0,1382;-0,4495;-0,1312;-0,0809;0,4301;-0,1173;-0,1329;-0,028;-0,2457;-0,2414;-0,406;-0,0812;-0,0633;-0,11;-0,0723;0,8249;-0,7434;-0,7023;-0,1349;0,4957;-0,0951;-0,1004;-0,1339;-0,1193;-0,9864;-0,3418;14,6595;-0,4204;-0,2711;-0,1286
"situation";-0,3378;-0,1381;1,5654;-0,1303;-0,2008;-0,1895;-0,2572;-1,2503;-0,5005;-0,217;0,3296;-0,5281;-0,0778;-0,0751;0,2533;0,6826;-0,3289;-0,096;-0,0592;-0,1476;-0,0858;-0,0972;-0,0205;-0,1798;-0,1766;3,2889;-0,0594;-0,0463;-0,0805;0,9407;1,2088;0,4578;-0,5138;-0,0987;-0,1222;-0,0696;-0,0735;-0,0979;-0,0873;-0,2889;0,3588;0,9745;-0,261;0,4358;-0,0941
"assurer";-0,2027;-0,0828;-0,1726;-0,0782;-0,1205;-0,1137;-0,1543;1,1204;0,8356;0,5297;0,2087;-0,3168;-0,0467;-0,0451;-0,2127;-0,0607;-0,1973;-0,0576;-0,0355;-0,0885;-0,0515;-0,0583;-0,0123;-0,1078;-0,1059;0,4729;-0,0356;-0,0278;-0,0483;1,1522;-0,4035;-0,3263;-0,3082;-0,0592;-0,0733;1,0379;-0,0441;-0,0588;-0,0524;1,1575;-0,15;-0,1546;-0,4052;-0,119;0,9142
"possible";-0,1464;-0,0598;-0,1246;-0,0564;-0,087;-0,0821;-0,1114;1,5936;1,0754;-0,2266;0,2998;-0,2288;-0,0337;-0,0326;-0,1536;-0,0438;-0,1425;-0,0416;-0,0256;-0,0639;-0,0372;-0,0421;-0,0089;-0,0779;-0,0765;-0,1287;-0,0257;-0,0201;1,1127;-0,0229;-0,2914;-0,2357;1,909;-0,0428;-0,053;-0,0301;-0,0318;-0,0424;-0,0378;-0,3127;-0,1083;-0,3538;-0,2926;0,7459;-0,0408
"nouvel";-0,1126;-0,046;-0,0959;-0,0434;-0,0669;-0,0632;-0,0857;-0,4167;-0,1668;0,5434;1,0338;-0,176;-0,0259;-0,025;-0,1182;-0,0337;-0,1096;1,1486;-0,0197;-0,0492;-0,0286;-0,0324;-0,0068;-0,0599;-0,0589;-0,099;-0,0198;-0,0154;-0,0268;-0,0176;0,3945;3,3192;-0,1712;-0,0329;-0,0407;-0,0232;-0,0245;-0,0326;-0,0291;-0,2405;-0,0833;-0,2721;-0,2251;-0,0661;-0,0313
"ordre";-0,2252;-0,092;0,4473;-0,0868;-0,1338;-0,1263;-0,1714;-0,8334;-0,3336;0,8119;1,0799;-0,352;-0,0519;-0,0501;-0,2364;-0,0674;-0,2192;-0,064;-0,0394;-0,0984;-0,0572;-0,0648;-0,0137;-0,1198;-0,1177;-0,198;-0,0396;-0,0309;-0,0536;-0,0352;-0,4484;3,9608;0,2632;-0,0658;-0,0815;-0,0464;-0,049;0,8552;-0,0582;-0,1508;-0,1667;0,9278;-0,4503;-0,1322;-0,0627
"perdre";0,3476;-0,1058;-0,2206;-0,0999;-0,1539;-0,1453;-0,1972;0,8137;0,2316;0,3518;-0,1797;-0,4048;-0,0597;-0,0576;-0,2719;-0,0775;-0,2521;-0,0736;-0,0454;-0,1131;-0,0658;-0,0745;-0,0157;-0,1378;-0,1354;-0,2277;-0,0455;-0,0355;-0,0617;-0,0405;0,9723;-0,417;0,2246;-0,0756;-0,0937;-0,0533;-0,0563;-0,0751;3,3253;-0,1896;-0,1917;1,3219;-0,1707;-0,1521;-0,0721
"gaule";-0,3716;-0,1519;-0,3165;-0,1433;-0,2209;-0,2085;-0,2829;-1,3753;-0,5506;0,3308;0,2849;-0,5809;-0,0856;-0,0827;-0,3901;-0,1112;-0,3618;-0,1056;-0,0651;-0,1623;-0,0944;-0,1069;-0,0225;-0,1977;-0,1943;-0,3268;-0,0653;-0,051;-0,0885;-0,0582;12,0812;-0,5983;-0,5652;-0,1085;-0,1345;-0,0765;-0,0808;-0,1077;-0,096;-0,7939;-0,2751;3,9477;0,2994;-0,2182;-0,1035
"évêque";-0,1801;-0,0736;-0,1534;-0,0695;-0,1071;-0,1011;-0,1371;-0,6667;-0,2669;1,673;1,3224;-0,2816;-0,0415;-0,0401;-0,1891;-0,0539;-0,1754;-0,0512;-0,0315;-0,0787;-0,0458;-0,0518;-0,0109;-0,0959;-0,0942;-0,1584;-0,0317;-0,0247;-0,0429;-0,0282;2,146;-0,29;-0,274;-0,0526;0,8558;-0,0371;-0,0392;-0,0522;-0,0465;-0,3849;-0,1334;0,1985;0,7162;-0,1058;-0,0502
"voisin";-0,1126;-0,046;-0,0959;-0,0434;-0,0669;-0,0632;-0,0857;0,6363;0,4963;1,8092;0,3825;-0,176;-0,0259;-0,025;-0,1182;-0,0337;-0,1096;-0,032;-0,0197;-0,0492;-0,0286;-0,0324;-0,0068;-0,0599;-0,0589;-0,099;-0,0198;-0,0154;-0,0268;-0,0176;-0,2242;-0,1813;-0,1712;-0,0329;-0,0407;-0,0232;-0,0245;-0,0326;-0,0291;0,3714;0,7579;-0,2721;-0,2251;-0,0661;-0,0313
"cela";-0,2815;-0,115;0,3724;0,6553;-0,1673;-0,1579;-0,2143;0,7197;0,6154;-0,3022;-0,2056;-0,44;-0,0648;-0,0626;-0,2955;-0,0842;-0,2741;-0,08;-0,0493;-0,123;0,8187;-0,081;-0,0171;0,535;0,5415;0,362;-0,0495;1,0702;0,8444;1,0156;-0,5605;1,7514;-0,4281;-0,0822;-0,1019;-0,058;-0,0612;-0,0816;-0,0727;0,4056;-0,2084;-0,6804;-0,1954;-0,1653;-0,0784
"empêcher";0,5435;-0,0598;-0,1246;-0,0564;-0,087;-0,0821;-0,1114;-0,5417;-0,2169;0,8198;0,839;-0,2288;-0,0337;-0,0326;0,5258;1,018;-0,1425;-0,0416;-0,0256;-0,0639;-0,0372;-0,0421;-0,0089;-0,0779;-0,0765;-0,1287;-0,0257;-0,0201;-0,0349;-0,0229;-0,2914;2,8299;-0,2226;-0,0428;-0,053;-0,0301;-0,0318;-0,0424;-0,0378;-0,3127;-0,1083;0,254;-0,2926;-0,0859;-0,0408
"nouvelle";-0,304;-0,1243;-0,2589;-0,1172;-0,1807;-0,1706;-0,2315;-1,1252;-0,4505;1,2291;0,7846;0,5357;-0,07;-0,0676;0,2836;0,7235;-0,296;0,7438;-0,0532;1,433;-0,0772;-0,0875;-0,0184;-0,1618;1,2935;-0,2673;-0,0535;-0,0417;-0,0724;-0,0476;-0,2196;-0,4895;-0,143;-0,0888;-0,11;0,872;-0,0661;-0,0881;-0,0785;-0,245;1,0328;-0,7349;-0,6079;1,205;0,7518
"tandis_que";-0,1914;-0,0782;-0,163;-0,0738;-0,1138;-0,1074;-0,1457;-0,7084;-0,2836;1,0129;0,2237;0,3029;-0,0441;-0,0426;-0,2009;-0,0573;-0,1864;-0,0544;-0,0335;-0,0836;-0,0486;-0,0551;-0,0116;-0,1019;-0,1001;-0,1683;-0,0337;-0,0263;-0,0456;-0,03;2,047;-0,3082;-0,2911;-0,0559;-0,0693;-0,0394;-0,0416;-0,0555;-0,0494;0,2147;-0,1417;1,0946;1,2882;-0,1124;-0,0533
"parmi";1,3137;-0,0644;-0,1342;-0,0608;-0,0937;-0,0884;-0,12;-0,5834;-0,2335;0,3521;0,2779;0,3635;-0,0363;-0,0351;-0,1655;-0,0472;-0,1535;-0,0448;-0,0276;0,8338;-0,04;1,0036;-0,0096;-0,0839;-0,0824;1,4135;-0,0277;-0,0216;-0,0376;-0,0247;0,2886;-0,2538;0,3724;-0,046;-0,057;-0,0325;-0,0343;-0,0457;-0,0407;0,268;-0,1167;0,2335;-0,3152;-0,0925;-0,0439
"tendance";-0,1464;-0,0598;-0,1246;-0,0564;-0,087;-0,0821;-0,1114;0,4729;0,4055;0,8198;0,839;-0,2288;-0,0337;-0,0326;1,3357;-0,0438;-0,1425;-0,0416;-0,0256;-0,0639;-0,0372;-0,0421;-0,0089;-0,0779;-0,0765;-0,1287;-0,0257;-0,0201;-0,0349;-0,0229;-0,2914;-0,2357;-0,2226;-0,0428;-0,053;-0,0301;-0,0318;-0,0424;-0,0378;-0,3127;-0,1083;1,393;-0,2926;-0,0859;-0,0408
"économique";0,6414;-0,046;-0,0959;-0,0434;-0,0669;-0,0632;-0,0857;-0,4167;-0,1668;1,8092;1,8904;-0,176;-0,0259;-0,025;0,623;-0,0337;-0,1096;-0,032;-0,0197;-0,0492;-0,0286;-0,0324;-0,0068;-0,0599;-0,0589;0,6907;-0,0198;-0,0154;-0,0268;-0,0176;-0,2242;-0,1813;-0,1712;-0,0329;-0,0407;-0,0232;-0,0245;-0,0326;-0,0291;-0,2405;-0,0833;-0,2721;-0,2251;-0,0661;-0,0313
"dessiner";-0,1464;-0,0598;-0,1246;-0,0564;-0,087;-0,0821;-0,1114;0,4729;-0,2169;0,8198;1,564;1,0361;-0,0337;-0,0326;-0,1536;-0,0438;-0,1425;-0,0416;-0,0256;-0,0639;-0,0372;-0,0421;-0,0089;-0,0779;-0,0765;-0,1287;-0,0257;-0,0201;-0,0349;-0,0229;-0,2914;1,0147;-0,2226;-0,0428;-0,053;-0,0301;-0,0318;-0,0424;-0,0378;-0,3127;-0,1083;0,254;-0,2926;-0,0859;-0,0408
"poursuivre";-0,1576;-0,0644;-0,1342;-0,0608;-0,0937;-0,0884;-0,12;-0,5834;-0,2335;0,3521;0,2779;-0,2464;-0,0363;-0,0351;0,4992;-0,0472;-0,1535;-0,0448;-0,0276;-0,0689;-0,04;-0,0454;-0,0096;-0,0839;-0,0824;-0,1386;-0,0277;-0,0216;1,0818;-0,0247;0,2886;-0,2538;-0,2397;0,9975;-0,057;2,6083;-0,0343;-0,0457;-0,0407;0,7638;0,6278;-0,381;0,2873;-0,0925;1,0172
"britannique";-0,1914;-0,0782;0,5045;-0,0738;-0,1138;-0,1074;-0,1457;0,3286;0,3192;-0,3465;0,2237;-0,2992;-0,0441;-0,0426;-0,2009;-0,0573;-0,1864;-0,0544;-0,0335;-0,0836;-0,0486;10,6639;-0,0116;-0,1019;-0,1001;-0,1683;-0,0337;-0,0263;-0,0456;-0,03;-0,3811;-0,3082;-0,2911;-0,0559;-0,0693;-0,0394;-0,0416;-0,0555;-0,0494;-0,4089;-0,1417;1,0946;0,2323;-0,1124;-0,0533
"celui_ci";-0,2139;-0,0874;-0,1822;-0,0825;-0,1272;-0,12;-0,1629;0,2763;0,2857;0,8731;1,134;-0,3344;-0,0493;-0,0476;-0,2246;-0,064;-0,2083;-0,0608;-0,0375;0,7131;-0,0543;-0,0616;-0,013;-0,1138;-0,1118;-0,1881;-0,0376;-0,0293;-0,051;-0,0335;1,1708;-0,3444;-0,3254;-0,0625;-0,0774;-0,0441;-0,0465;-0,062;-0,0553;-0,1385;0,5149;-0,5171;1,1666;-0,1256;-0,0596
"étude";-0,1126;-0,046;1,7194;-0,0434;-0,0669;-0,0632;-0,0857;0,6363;0,4963;0,5434;1,0338;-0,176;-0,0259;-0,025;-0,1182;-0,0337;-0,1096;-0,032;-0,0197;-0,0492;-0,0286;-0,0324;-0,0068;-0,0599;-0,0589;-0,099;-0,0198;-0,0154;-0,0268;-0,0176;-0,2242;-0,1813;-0,1712;-0,0329;-0,0407;-0,0232;-0,0245;-0,0326;1,1886;-0,2405;-0,0833;-0,2721;-0,2251;-0,0661;-0,0313
"recherche";-0,1464;-0,0598;2,5985;-0,0564;-0,087;-0,0821;-0,1114;0,4729;-0,2169;0,3909;0,839;-0,2288;-0,0337;-0,0326;1,3357;-0,0438;-0,1425;-0,0416;-0,0256;-0,0639;-0,0372;-0,0421;-0,0089;-0,0779;-0,0765;0,591;-0,0257;-0,0201;-0,0349;-0,0229;-0,2914;-0,2357;-0,2226;-0,0428;-0,053;-0,0301;-0,0318;-0,0424;-0,0378;-0,3127;-0,1083;-0,3538;-0,2926;0,7459;-0,0408
"remarquer";-0,1126;-0,046;-0,0959;-0,0434;-0,0669;-0,0632;7,9673;-0,4167;-0,1668;0,5434;1,0338;-0,176;-0,0259;-0,025;-0,1182;-0,0337;-0,1096;-0,032;-0,0197;-0,0492;-0,0286;-0,0324;-0,0068;-0,0599;-0,0589;-0,099;-0,0198;-0,0154;-0,0268;-0,0176;-0,2242;-0,1813;-0,1712;-0,0329;-0,0407;-0,0232;-0,0245;-0,0326;-0,0291;-0,2405;-0,0833;-0,2721;-0,2251;-0,0661;-0,0313
"utiliser";-0,2477;-0,1012;0,4148;-0,0955;-0,1472;-0,139;-0,1886;0,866;0,6982;-0,2333;-0,1671;1,2607;-0,0571;-0,0551;-0,26;0,8043;-0,2412;-0,0704;-0,0434;-0,1082;-0,0629;-0,0713;-0,015;-0,1318;-0,1295;0,404;-0,0436;-0,034;-0,059;-0,0388;-0,4932;0,6451;2,0303;-0,0724;-0,0896;-0,051;-0,0539;-0,0718;-0,064;-0,5292;-0,1834;-0,2144;-0,4953;-0,1454;-0,069
"baisser";0,6054;-0,0506;-0,1055;-0,0478;-0,0736;-0,0695;-0,0943;-0,4583;-0,1835;0,9908;1,7691;-0,1936;-0,0285;-0,0275;-0,13;-0,0371;-0,1206;-0,0352;-0,0217;-0,0541;-0,0315;-0,0356;-0,0075;-0,0659;-0,0647;-0,1089;-0,0218;-0,017;-0,0295;-0,0194;-0,2466;-0,1994;-0,1884;-0,0362;-0,0448;-0,0255;-0,0269;-0,0359;-0,032;-0,2646;1,7517;0,3027;0,3619;-0,0727;-0,0345
"accompagner";-0,1126;-0,046;-0,0959;-0,0434;-0,0669;-0,0632;-0,0857;0,6363;0,4963;0,5434;0,3825;-0,176;-0,0259;-0,025;-0,1182;-0,0337;-0,1096;-0,032;-0,0197;-0,0492;-0,0286;-0,0324;-0,0068;-0,0599;-0,0589;-0,099;-0,0198;1,4567;-0,0268;-0,0176;-0,2242;-0,1813;-0,1712;-0,0329;-0,0407;-0,0232;-0,0245;1,1402;-0,0291;-0,2405;-0,0833;-0,2721;-0,2251;2,024;-0,0313
"culturel";-0,1801;-0,0736;0,5264;-0,0695;-0,1071;-0,1011;0,5674;0,3591;0,3381;0,2871;0,2401;0,8825;-0,0415;-0,0401;-0,1891;-0,0539;-0,1754;-0,0512;-0,0315;-0,0787;-0,0458;-0,0518;-0,0109;-0,0959;0,7101;-0,1584;-0,0317;-0,0247;-0,0429;-0,0282;0,2501;-0,29;-0,274;-0,0526;-0,0652;-0,0371;-0,0392;0,9457;-0,0465;1,2867;-0,1334;-0,4354;-0,3602;-0,1058;-0,0502
"massif";0,6414;-0,046;-0,0959;-0,0434;-0,0669;-0,0632;-0,0857;-0,4167;-0,1668;1,0949;1,0338;-0,176;-0,0259;-0,025;-0,1182;-0,0337;-0,1096;1,1486;-0,0197;-0,0492;-0,0286;-0,0324;-0,0068;-0,0599;-0,0589;-0,099;-0,0198;-0,0154;-0,0268;-0,0176;1,0603;-0,1813;0,487;-0,0329;-0,0407;-0,0232;-0,0245;-0,0326;-0,0291;-0,2405;-0,0833;-0,2721;-0,2251;-0,0661;-0,0313
"fonctionner";-0,1126;0,9977;-0,0959;-0,0434;-0,0669;-0,0632;0,7469;-0,4167;-0,1668;1,0949;1,0338;-0,176;-0,0259;-0,025;-0,1182;-0,0337;-0,1096;1,1486;-0,0197;-0,0492;-0,0286;-0,0324;-0,0068;-0,0599;-0,0589;-0,099;-0,0198;-0,0154;-0,0268;1,4005;-0,2242;-0,1813;-0,1712;-0,0329;-0,0407;-0,0232;-0,0245;-0,0326;-0,0291;-0,2405;-0,0833;-0,2721;-0,2251;0,8502;-0,0313
"air";-0,1238;-0,0506;-0,1055;-0,0478;-0,0736;-0,0695;-0,0943;-0,4583;-0,1835;0,4854;0,9614;0,4441;-0,0285;-0,0275;-0,13;-0,0371;-0,1206;-0,0352;-0,0217;3,6594;-0,0315;-0,0356;-0,0075;-0,0659;-0,0647;-0,1089;-0,0218;-0,017;-0,0295;-0,0194;-0,2466;-0,1994;-0,1884;-0,0362;-0,0448;-0,0255;-0,0269;-0,0359;-0,032;-0,2646;0,7206;0,3027;0,3619;-0,0727;-0,0345
"profondément";-0,1464;-0,0598;-0,1246;-0,0564;-0,087;-0,0821;-0,1114;1,5936;1,0754;0,3909;0,839;0,3877;-0,0337;-0,0326;-0,1536;-0,0438;-0,1425;-0,0416;-0,0256;-0,0639;-0,0372;-0,0421;-0,0089;-0,0779;-0,0765;-0,1287;-0,0257;-0,0201;-0,0349;-0,0229;-0,2914;-0,2357;-0,2226;-0,0428;-0,053;-0,0301;-0,0318;-0,0424;-0,0378;0,8157;-0,1083;-0,3538;-0,2926;-0,0859;-0,0408
"climatique";-0,1576;-0,0644;-0,1342;-0,0608;-0,0937;-0,0884;-0,12;-0,5834;-0,2335;2,7054;4,3807;-0,2464;-0,0363;-0,0351;0,4992;-0,0472;-0,1535;-0,0448;-0,0276;-0,0689;-0,04;-0,0454;-0,0096;-0,0839;-0,0824;-0,1386;-0,0277;-0,0216;-0,0376;1,2579;-0,3139;-0,2538;-0,2397;-0,046;-0,057;-0,0325;-0,0343;-0,0457;-0,0407;-0,3367;-0,1167;-0,381;-0,3152;-0,0925;-0,0439
"influence";0,5729;-0,0552;-0,1151;-0,0521;0,7726;0,7954;-0,1029;0,5205;0,4326;-0,1988;0,3243;-0,2112;-0,0311;-0,0301;-0,1418;-0,0404;-0,1315;-0,0384;-0,0237;-0,059;-0,0343;-0,0389;-0,0082;-0,0719;-0,0706;-0,1188;-0,0238;-0,0185;-0,0322;-0,0211;-0,269;-0,2175;0,4237;-0,0395;-0,0489;-0,0278;-0,0294;-0,0392;-0,0349;-0,2886;-0,1;1,4874;-0,2701;-0,0793;-0,0376
"débat";0,5166;-0,0644;-0,1342;-0,0608;-0,0937;-0,0884;-0,12;-0,5834;-0,2335;0,3521;0,2779;2,7442;-0,0363;-0,0351;1,2764;-0,0472;-0,1535;-0,0448;-0,0276;-0,0689;-0,04;-0,0454;-0,0096;1,8155;-0,0824;-0,1386;-0,0277;-0,0216;-0,0376;-0,0247;-0,3139;0,3541;0,3724;-0,046;-0,057;-0,0325;-0,0343;-0,0457;-0,0407;-0,3367;-0,1167;-0,381;-0,3152;-0,0925;-0,0439
"conscience";0,4101;-0,0874;-0,1822;-0,0825;-0,1272;-0,12;-0,1629;2,255;1,482;0,4874;0,5843;-0,3344;-0,0493;-0,0476;-0,2246;-0,064;-0,2083;-0,0608;-0,0375;-0,0934;-0,0543;-0,0616;-0,013;-0,1138;-0,1118;-0,1881;-0,0376;-0,0293;-0,051;-0,0335;-0,426;-0,3444;-0,3254;-0,0625;-0,0774;-0,0441;-0,0465;-0,062;-0,0553;1,0999;-0,1584;-0,169;-0,4277;-0,1256;-0,0596
"climat";-0,1126;-0,046;-0,0959;-0,0434;-0,0669;-0,0632;-0,0857;-0,4167;-0,1668;1,8092;1,8904;1,2412;-0,0259;-0,025;-0,1182;-0,0337;-0,1096;-0,032;-0,0197;-0,0492;-0,0286;-0,0324;-0,0068;-0,0599;-0,0589;-0,099;-0,0198;-0,0154;-0,0268;-0,0176;-0,2242;-0,1813;-0,1712;-0,0329;-0,0407;-0,0232;-0,0245;-0,0326;-0,0291;-0,2405;-0,0833;-0,2721;0,3931;-0,0661;-0,0313
"poser";-0,1351;-0,0552;-0,1151;0,9467;-0,0803;-0,0758;-0,1029;1,7212;-0,2002;0,435;0,8969;-0,2112;-0,0311;-0,0301;-0,1418;1,0511;-0,1315;-0,0384;-0,0237;-0,059;-0,0343;-0,0389;-0,0082;-0,0719;-0,0706;-0,1188;-0,0238;-0,0185;-0,0322;-0,0211;-0,269;-0,2175;0,4237;-0,0395;-0,0489;-0,0278;-0,0294;-0,0392;-0,0349;-0,2886;-0,1;0,2769;-0,2701;-0,0793;-0,0376
"maître";0,5166;-0,0644;-0,1342;-0,0608;-0,0937;-0,0884;-0,12;-0,5834;-0,2335;1,2795;0,7866;-0,2464;-0,0363;-0,0351;-0,1655;-0,0472;-0,1535;-0,0448;-0,0276;-0,0689;-0,04;-0,0454;-0,0096;-0,0839;-0,0824;-0,1386;-0,0277;-0,0216;-0,0376;-0,0247;0,2886;0,9592;-0,2397;-0,046;-0,057;-0,0325;-0,0343;-0,0457;-0,0407;-0,3367;-0,1167;0,683;0,8084;-0,0925;-0,0439
"édition";-0,1464;-0,0598;-0,1246;-0,0564;-0,087;-0,0821;4,0455;1,5936;-0,2169;0,3909;0,2998;-0,2288;-0,0337;-0,0326;-0,1536;-0,0438;-0,1425;-0,0416;-0,0256;-0,0639;-0,0372;-0,0421;-0,0089;-0,0779;-0,0765;-0,1287;-0,0257;-0,0201;-0,0349;-0,0229;-0,2914;-0,2357;-0,2226;-0,0428;0,94;-0,0301;-0,0318;-0,0424;1,0789;-0,3127;-0,1083;-0,3538;-0,2926;-0,0859;-0,0408
"découverte";0,6414;-0,046;-0,0959;-0,0434;-0,0669;-0,0632;-0,0857;-0,4167;-0,1668;1,0949;1,8904;-0,176;-0,0259;-0,025;-0,1182;-0,0337;-0,1096;-0,032;-0,0197;-0,0492;-0,0286;-0,0324;-0,0068;0,8899;-0,0589;-0,099;-0,0198;-0,0154;-0,0268;-0,0176;-0,2242;-0,1813;-0,1712;-0,0329;-0,0407;-0,0232;-0,0245;-0,0326;-0,0291;-0,2405;-0,0833;0,9209;-0,2251;-0,0661;-0,0313
"2019";-0,259;-0,1058;9,1681;-0,0999;-0,1539;-0,1453;-0,1972;-0,1888;0,2316;-0,2555;-0,1797;-0,4048;-0,0597;-0,0576;-0,2719;0,7866;-0,2521;-0,0736;-0,0454;-0,1131;-0,0658;1,9006;-0,0157;3,5996;-0,1354;-0,2277;-0,0455;-0,0355;-0,0617;-0,0405;-0,5157;-0,417;-0,3939;-0,0756;-0,0937;-0,0533;-0,0563;-0,0751;-0,0669;-0,5533;-0,1917;-0,2302;-0,5178;-0,1521;-0,0721
"etats";-0,1126;-0,046;1,7194;-0,0434;-0,0669;-0,0632;0,7469;-0,4167;-0,1668;-0,1464;0,3825;-0,176;-0,0259;-0,025;0,623;-0,0337;-0,1096;-0,032;-0,0197;-0,0492;-0,0286;-0,0324;-0,0068;-0,0599;-0,0589;-0,099;-0,0198;-0,0154;-0,0268;-0,0176;-0,2242;-0,1813;0,487;-0,0329;-0,0407;-0,0232;-0,0245;-0,0326;-0,0291;1,0091;-0,0833;-0,2721;0,3931;-0,0661;-0,0313
"unir";1,747;-0,1012;1,9307;-0,0955;-0,1472;-0,139;0,4532;-0,9168;-0,367;-0,2333;-0,1671;0,2291;-0,0571;-0,0551;0,3463;-0,0741;-0,2412;-0,0704;-0,0434;-0,1082;-0,0629;-0,0713;-0,015;-0,1318;-0,1295;-0,2178;-0,0436;-0,034;-0,059;-0,0388;-0,4932;0,6451;0,2366;-0,0724;-0,0896;0,9553;0,9332;-0,0718;-0,064;1,5493;0,4629;-0,5987;-0,4953;-0,1454;-0,069
"plein";0,4101;-0,0874;0,4652;-0,0825;-0,1272;-0,12;-0,1629;1,049;0,7977;-0,1711;0,1949;0,7617;-0,0493;-0,0476;0,3939;-0,064;-0,2083;-0,0608;-0,0375;-0,0934;-0,0543;-0,0616;-0,013;-0,1138;-0,1118;-0,1881;-0,0376;-0,0293;-0,051;-0,0335;-0,426;-0,3444;-0,3254;-0,0625;-0,0774;2,342;-0,0465;-0,062;-0,0553;-0,1385;-0,1584;-0,169;0,2031;-0,1256;-0,0596
"suivant";-0,1464;-0,0598;-0,1246;-0,0564;-0,087;-0,0821;-0,1114;-0,5417;-0,2169;1,3887;0,2998;0,3877;-0,0337;-0,0326;-0,1536;1,018;-0,1425;-0,0416;-0,0256;-0,0639;-0,0372;-0,0421;-0,0089;-0,0779;-0,0765;-0,1287;-0,0257;-0,0201;-0,0349;-0,0229;-0,2914;-0,2357;-0,2226;-0,0428;-0,053;-0,0301;-0,0318;-0,0424;1,0789;-0,3127;0,656;1,393;0,3096;-0,0859;-0,0408
"période";-0,1576;-0,0644;-0,1342;-0,0608;-0,0937;-0,0884;0,6172;-0,5834;-0,2335;1,2795;0,7866;-0,2464;-0,0363;-0,0351;0,4992;-0,0472;-0,1535;-0,0448;-0,0276;-0,0689;-0,04;-0,0454;-0,0096;-0,0839;-0,0824;-0,1386;-0,0277;-0,0216;-0,0376;-0,0247;-0,3139;-0,2538;-0,2397;-0,046;-0,057;-0,0325;-0,0343;-0,0457;-0,0407;-0,3367;-0,1167;2,0806;0,8084;-0,0925;-0,0439
"commencer";-0,3491;-0,1427;-0,2973;-0,1346;0,4204;0,4401;0,912;0,503;-0,1719;0,6468;0,3139;-0,5457;-0,0804;-0,0777;0,2442;-0,1045;-0,3399;0,6899;-0,0611;-0,1525;-0,0887;-0,1005;-0,0212;-0,1858;-0,1825;-0,307;-0,0614;-0,0479;-0,0832;-0,0546;-0,6951;0,4395;-0,5309;-0,102;-0,1263;-0,0719;-0,0759;0,6822;-0,0902;-0,3039;0,3483;2,0051;-0,2747;0,4246;-0,0972
"av";-0,3491;-0,1427;-0,2973;-0,1346;-0,2075;-0,1959;-0,2658;-1,2919;-0,5172;-1,5049;-0,2886;1,4784;-0,0804;-0,0777;-0,3664;-0,1045;-0,3399;-0,0992;-0,0611;-0,1525;-0,0887;-0,1005;-0,0212;-0,1858;-0,1825;-0,307;-0,0614;-0,0479;-0,0832;-0,0546;-0,6951;-0,562;-0,5309;-0,102;-0,1263;-0,0719;-0,0759;-0,1012;-0,0902;26,0287;-0,2584;-0,3658;-0,698;-0,205;-0,0972
"haut";-0,3153;1,4562;-0,2685;-0,1216;1,1678;1,2113;-0,24;-1,1669;-0,4671;0,2365;-0,2461;-0,1587;-0,0726;0,8264;-0,331;-0,0944;-0,307;-0,0896;-0,0552;0,5658;-0,0801;-0,0907;-0,0191;0,4942;0,5006;-0,2772;-0,0554;-0,0433;-0,0751;-0,0493;0,3822;-0,5076;-0,4795;-0,0921;0,6363;-0,0649;-0,0686;-0,0914;-0,0814;-0,2594;0,3812;1,6002;0,7796;-0,1851;-0,0878
"iiie";-0,1126;-0,046;-0,0959;-0,0434;-0,0669;-0,0632;-0,0857;-0,4167;-0,1668;0,5434;0,3825;0,4773;-0,0259;-0,025;0,623;-0,0337;-0,1096;-0,032;-0,0197;-0,0492;-0,0286;-0,0324;-0,0068;-0,0599;-0,0589;-0,099;-0,0198;-0,0154;-0,0268;-0,0176;0,3945;-0,1813;-0,1712;-0,0329;-0,0407;-0,0232;-0,0245;-0,0326;-0,0291;-0,2405;-0,0833;2,6738;-0,2251;-0,0661;-0,0313
"ère";-0,1464;-0,0598;-0,1246;-0,0564;-0,087;-0,0821;-0,1114;-0,5417;-0,2169;0,8198;0,2998;1,0361;-0,0337;-0,0326;0,5258;-0,0438;-0,1425;-0,0416;-0,0256;-0,0639;-0,0372;-0,0421;-0,0089;-0,0779;0,7918;-0,1287;-0,0257;-0,0201;-0,0349;-0,0229;-0,2914;1,0147;-0,2226;-0,0428;-0,053;-0,0301;-0,0318;-0,0424;-0,0378;-0,3127;-0,1083;0,7331;0,3096;-0,0859;-0,0408
"laisser";-0,3378;0,5649;-0,2877;0,5864;0,4316;0,4514;-0,2572;-0,3241;-0,5005;0,4054;0,3296;-0,5281;1,8611;-0,0751;-0,3546;-0,1011;-0,3289;-0,096;0,895;0,5405;-0,0858;-0,0972;-0,0205;-0,1798;-0,1766;-0,2971;-0,0594;-0,0463;-0,0805;-0,0529;0,3471;-0,5439;0,4896;-0,0987;-0,1222;-0,0696;-0,0735;-0,0979;-0,0873;-0,2889;-0,2501;0,9745;1,7894;-0,1983;-0,0941
"afrique";-0,1464;-0,0598;0,6029;-0,0564;-0,087;-0,0821;-0,1114;-0,5417;-0,2169;0,3909;0,2998;1,0361;-0,0337;-0,0326;3,5164;-0,0438;-0,1425;-0,0416;-0,0256;-0,0639;-0,0372;-0,0421;-0,0089;-0,0779;-0,0765;-0,1287;-0,0257;-0,0201;-0,0349;-0,0229;0,3108;1,0147;-0,2226;-0,0428;-0,053;-0,0301;-0,0318;-0,0424;-0,0378;-0,3127;-0,1083;-0,3538;-0,2926;-0,0859;-0,0408
"lever";-0,1126;-0,046;-0,0959;-0,0434;-0,0669;-0,0632;-0,0857;-0,4167;-0,1668;1,0949;0,3825;-0,176;-0,0259;-0,025;-0,1182;1,127;-0,1096;-0,032;-0,0197;-0,0492;-0,0286;-0,0324;-0,0068;-0,0599;-0,0589;-0,099;-0,0198;-0,0154;-0,0268;-0,0176;0,3945;-0,1813;-0,1712;-0,0329;-0,0407;-0,0232;-0,0245;-0,0326;1,1886;-0,2405;-0,0833;-0,2721;1,9275;-0,0661;-0,0313
"lettre";1,5105;-0,0506;-0,1055;-0,0478;-0,0736;-0,0695;-0,0943;-0,4583;-0,1835;-0,172;0,3516;0,4441;-0,0285;-0,0275;-0,13;-0,0371;-0,1206;-0,0352;-0,0217;-0,0541;-0,0315;-0,0356;-0,0075;-0,0659;-0,0647;0,6541;-0,0218;-0,017;-0,0295;-0,0194;-0,2466;-0,1994;-0,1884;-0,0362;1,0086;-0,0255;-0,0269;-0,0359;-0,032;1,7305;-0,0917;0,3027;-0,2476;-0,0727;-0,0345
"maintenant";-0,1464;-0,0598;-0,1246;-0,0564;-0,087;-0,0821;0,6453;1,5936;1,0754;-0,2266;0,2998;-0,2288;-0,0337;-0,0326;-0,1536;1,018;-0,1425;-0,0416;-0,0256;0,8636;1,0859;-0,0421;-0,0089;-0,0779;-0,0765;-0,1287;-0,0257;-0,0201;1,1127;-0,0229;-0,2914;-0,2357;-0,2226;-0,0428;-0,053;-0,0301;-0,0318;-0,0424;-0,0378;-0,3127;-0,1083;-0,3538;-0,2926;-0,0859;-0,0408
"soutenir";2,5096;-0,0552;-0,1151;-0,0521;-0,0803;-0,0758;-0,1029;-0,5;-0,2002;0,435;0,8969;-0,2112;-0,0311;-0,0301;-0,1418;-0,0404;-0,1315;-0,0384;-0,0237;-0,059;-0,0343;-0,0389;-0,0082;-0,0719;-0,0706;-0,1188;-0,0238;-0,0185;2,6208;-0,0211;-0,269;1,0757;-0,2055;-0,0395;-0,0489;-0,0278;-0,0294;-0,0392;-0,0349;-0,2886;-0,1;0,2769;-0,2701;-0,0793;-0,0376
"vrai";0,3476;-0,1058;-0,2206;-0,0999;0,5252;0,5461;1,1328;-0,1888;0,2316;-0,5458;-0,1797;0,2173;-0,0597;-0,0576;0,3323;-0,0775;-0,2521;-0,0736;-0,0454;-0,1131;-0,0658;-0,0745;-0,0157;-0,1378;-0,1354;-0,2277;2,3104;-0,0355;-0,0617;-0,0405;-0,5157;0,6167;0,2246;-0,0756;-0,0937;0,9372;-0,0563;0,7992;-0,0669;0,4513;-0,1917;-0,2302;-0,5178;-0,1521;0,8153
"ni";-0,1914;-0,0782;-0,163;-0,0738;-0,1138;-0,1074;-0,1457;1,1981;-0,2836;-0,3465;0,2237;-0,2992;-0,0441;-0,0426;1,1246;-0,0573;-0,1864;-0,0544;-0,0335;-0,0836;-0,0486;-0,0551;-0,0116;-0,1019;-0,1001;-0,1683;-0,0337;1,2316;-0,0456;-0,03;0,6784;-0,3082;-0,2911;-0,0559;-0,0693;-0,0394;-0,0416;-0,0555;-0,0494;0,2147;-0,1417;-0,1405;0,6758;1,574;-0,0533
"trois";0,5954;2,1268;0,6964;2,1955;-0,2544;-0,2401;0,2776;-1,5838;-0,634;-0,2039;0,2248;-0,669;-0,0986;-0,0952;-0,4492;0,5928;-0,4166;-0,1216;0,8;-0,1869;-0,1087;-0,1232;-0,026;8,7326;1,0333;0,2369;0,7984;-0,0587;-0,1019;-0,067;-0,3729;-0,689;-0,6509;0,6019;-0,1549;-0,0881;-0,093;-0,1241;-0,1105;-0,9142;0,2858;-0,4954;-0,8556;0,9497;-0,1192
"précis";-0,1689;-0,069;-0,1438;-0,0651;-0,1004;-0,0948;-0,1286;-0,625;-0,2502;1,1815;0,7389;-0,264;-0,0389;-0,0376;-0,1773;0,9591;-0,1644;-0,048;-0,0296;-0,0738;-0,0429;-0,0486;-0,0102;-0,0899;-0,0883;0,5382;-0,0297;-0,0232;-0,0402;-0,0264;0,2684;-0,2719;0,9488;0,9691;-0,0611;-0,0348;-0,0367;-0,049;1,0196;-0,3608;0,6018;0,2151;-0,3377;-0,0992;-0,047
"méfier";-0,1238;-0,0506;-0,1055;-0,0478;-0,0736;-0,0695;-0,0943;1,8652;1,2057;0,4854;0,9614;-0,1936;-0,0285;-0,0275;-0,13;-0,0371;-0,1206;-0,0352;-0,0217;-0,0541;-0,0315;-0,0356;-0,0075;-0,0659;-0,0647;-0,1089;-0,0218;-0,017;-0,0295;-0,0194;-0,2466;-0,1994;-0,1884;-0,0362;1,0086;-0,0255;-0,0269;-0,0359;-0,032;-0,2646;-0,0917;-0,2993;-0,2476;-0,0727;-0,0345
"source";-0,1801;-0,0736;1,3309;-0,0695;-0,1071;-0,1011;-0,1371;-0,6667;-0,2669;0,6279;0,6953;-0,2816;-0,0415;-0,0401;-0,1891;-0,0539;-0,1754;-0,0512;-0,0315;-0,0787;-0,0458;-0,0518;-0,0109;-0,0959;-0,0942;-0,1584;-0,0317;-0,0247;-0,0429;-0,0282;-0,3587;-0,29;3,5809;-0,0526;-0,0652;-0,0371;-0,0392;-0,0522;-0,0465;0,2308;-0,1334;1,1596;-0,3602;-0,1058;-0,0502
"partie";-0,3941;0,5088;0,269;-0,152;-0,2343;-0,2211;0,302;0,3981;0,418;-0,9881;-0,3476;-0,6161;-0,0908;-0,0877;0,6168;-0,118;-0,3837;-0,112;0,8328;0,4851;-0,1001;-0,1134;-0,0239;0,4168;-0,206;-0,3466;-0,0693;-0,0541;-0,0939;-0,0617;0,5899;0,3749;-0,2177;-0,1151;1,374;-0,0812;-0,0857;0,6357;-0,1018;-0,842;0,8458;2,345;-0,3312;-0,2314;-0,1097
"quotidien";-0,1351;-0,0552;-0,1151;-0,0521;-0,0803;-0,0758;-0,1029;-0,5;-0,2002;-0,1988;0,3243;-0,2112;-0,0311;1,1748;-0,1418;-0,0404;-0,1315;-0,0384;-0,0237;-0,059;1,1193;-0,0389;-0,0082;-0,0719;-0,0706;0,621;-0,0238;-0,0185;-0,0322;-0,0211;-0,269;-0,2175;2,0104;-0,0395;-0,0489;-0,0278;-0,0294;-0,0392;-0,0349;-0,2886;-0,1;0,2769;-0,2701;3,1661;-0,0376
"expliquer";-0,304;0,6041;0,3477;-0,1172;1,1957;1,2394;-0,2315;0,6378;-0,1371;-0,688;-0,2324;-0,1495;0,827;-0,0676;1,4563;-0,091;-0,296;0,7438;-0,0532;-0,1328;-0,0772;-0,0875;-0,0184;-0,1618;0,5136;-0,2673;-0,0535;-0,0417;-0,0724;-0,0476;-0,6054;-0,4895;-0,4624;-0,0888;-0,11;-0,0626;-0,0661;-0,0881;-0,0785;-0,6495;0,3932;1,664;-0,221;-0,1785;-0,0847
"miroir";-0,1238;-0,0506;-0,1055;-0,0478;-0,0736;-0,0695;-0,0943;1,8652;1,2057;-0,172;0,3516;0,4441;-0,0285;-0,0275;-0,13;-0,0371;-0,1206;-0,0352;-0,0217;-0,0541;-0,0315;-0,0356;-0,0075;-0,0659;-0,0647;-0,1089;-0,0218;-0,017;-0,0295;-0,0194;-0,2466;1,1432;-0,1884;-0,0362;-0,0448;-0,0255;-0,0269;-0,0359;-0,032;-0,2646;-0,0917;-0,2993;-0,2476;-0,0727;-0,0345
"présent";-0,1351;-0,0552;0,6331;-0,0521;-0,0803;-0,0758;-0,1029;0,5205;0,4326;-0,1988;0,3243;-0,2112;-0,0311;-0,0301;1,4006;-0,0404;-0,1315;-0,0384;-0,0237;-0,059;-0,0343;-0,0389;-0,0082;-0,0719;-0,0706;-0,1188;-0,0238;-0,0185;-0,0322;-0,0211;-0,269;1,0757;-0,2055;-0,0395;-0,0489;-0,0278;-0,0294;-0,0392;-0,0349;-0,2886;-0,1;-0,3266;0,9195;-0,0793;-0,0376
"européen";0,203;-0,1749;0,2457;-0,165;-0,2544;-0,2401;-0,3258;8,9653;5,9939;-1,1048;-0,3935;-0,2586;-0,0986;-0,0952;1,7329;-0,1281;-0,4166;-0,1216;-0,0749;-0,1869;-0,1087;-0,1232;-0,026;-0,2277;-0,2237;-0,3763;-0,0753;-0,0587;-0,1019;-0,067;-0,8521;-0,689;-0,6509;-0,125;-0,1549;-0,0881;-0,093;-0,1241;-0,1105;-0,9142;-0,3168;-0,4954;-0,8556;-0,2513;-0,1192
"philippe";1,1609;6,1478;-0,163;-0,0738;0,6374;0,6594;-0,1457;-0,7084;-0,2836;-0,3465;0,2237;-0,2992;-0,0441;-0,0426;-0,2009;-0,0573;-0,1864;-0,0544;-0,0335;-0,0836;-0,0486;-0,0551;-0,0116;2,8214;0,6866;-0,1683;-0,0337;-0,0263;-0,0456;-0,03;-0,3811;-0,3082;-0,2911;-0,0559;-0,0693;-0,0394;-0,0416;-0,0555;-0,0494;0,6339;-0,1417;-0,4626;-0,3827;-0,1124;-0,0533
"bruno";-0,1801;0,8071;-0,1534;-0,0695;-0,1071;-0,1011;-0,1371;-0,6667;-0,2669;0,6279;1,3224;-0,2816;-0,0415;-0,0401;-0,1891;-0,0539;-0,1754;-0,0512;-0,0315;-0,0787;-0,0458;-0,0518;-0,0109;-0,0959;-0,0942;-0,1584;-0,0317;-0,0247;-0,0429;-0,0282;-0,3587;-0,29;-0,274;-0,0526;-0,0652;-0,0371;-0,0392;5,28;2,3001;-0,3849;-0,1334;1,1596;-0,3602;-0,1058;-0,0502
"seconde";0,6414;-0,046;-0,0959;-0,0434;-0,0669;-0,0632;-0,0857;-0,4167;-0,1668;0,5434;0,3825;-0,176;-0,0259;-0,025;-0,1182;-0,0337;-0,1096;1,1486;-0,0197;-0,0492;-0,0286;-0,0324;-0,0068;-0,0599;-0,0589;-0,099;-0,0198;-0,0154;-0,0268;-0,0176;-0,2242;-0,1813;-0,1712;1,1371;-0,0407;-0,0232;-0,0245;-0,0326;-0,0291;1,8513;-0,0833;0,332;-0,2251;-0,0661;-0,0313
"mondial";-0,259;-0,1058;1,05;-0,0999;-0,1539;-0,1453;-0,1972;-0,9585;-0,3837;-0,5458;-0,1797;-0,4048;-0,0597;0,9058;-0,2719;-0,0775;-0,2521;-0,0736;-0,0454;-0,1131;-0,0658;-0,0745;-0,0157;-0,1378;-0,1354;-0,2277;-0,0455;-0,0355;-0,0617;-0,0405;-0,5157;13,6954;-0,3939;0,7963;-0,0937;-0,0533;-0,0563;-0,0751;0,8454;-0,5533;0,4475;-0,2302;-0,5178;-0,1521;-0,0721
"migration";-0,1689;-0,069;-0,1438;-0,0651;-0,1004;-0,0948;0,5913;-0,625;-0,2502;-0,285;0,2581;-0,264;-0,0389;-0,0376;8,8418;-0,0505;-0,1644;-0,048;-0,0296;-0,0738;-0,0429;-0,0486;-0,0102;-0,0899;-0,0883;-0,1485;-0,0297;-0,0232;-0,0402;-0,0264;0,763;-0,2719;-0,2569;-0,0493;-0,0611;-0,0348;-0,0367;-0,049;-0,0436;-0,3608;-0,125;0,6376;-0,3377;-0,0992;-0,047
"identité";-0,2027;-0,0828;-0,1726;-0,0782;-0,1205;-0,1137;-0,1543;-0,7501;-0,3003;0,2354;0,6184;-0,3168;-0,0467;-0,0451;-0,2127;-0,0607;-0,1973;-0,0576;-0,0355;-0,0885;-0,0515;-0,0583;-0,0123;-0,1078;-0,1059;-0,1782;-0,0356;-0,0278;-0,0483;-0,0317;-0,4035;-0,3263;-0,3082;-0,0592;-0,0733;-0,0417;-0,0441;-0,0588;-0,0524;9,6132;-0,15;1,0347;-0,4052;-0,119;-0,0564
"adopter";-0,1126;-0,046;-0,0959;-0,0434;-0,0669;-0,0632;0,7469;0,6363;0,4963;-0,1464;0,3825;-0,176;-0,0259;-0,025;-0,1182;-0,0337;-0,1096;-0,032;-0,0197;-0,0492;-0,0286;-0,0324;-0,0068;-0,0599;-0,0589;-0,099;-0,0198;-0,0154;-0,0268;-0,0176;-0,2242;-0,1813;-0,1712;-0,0329;-0,0407;-0,0232;-0,0245;-0,0326;-0,0291;1,8513;-0,0833;-0,2721;-0,2251;0,8502;-0,0313
"mode";-0,1238;-0,0506;-0,1055;-0,0478;-0,0736;-0,0695;-0,0943;-0,4583;-0,1835;0,4854;0,9614;0,4441;-0,0285;-0,0275;-0,13;-0,0371;-0,1206;-0,0352;-0,0217;-0,0541;-0,0315;-0,0356;-0,0075;-0,0659;-0,0647;-0,1089;-0,0218;-0,017;-0,0295;-0,0194;-0,2466;1,1432;-0,1884;-0,0362;-0,0448;-0,0255;-0,0269;-0,0359;-0,032;0,3408;-0,0917;0,8509;0,3619;-0,0727;-0,0345
"pousser";0,5166;0,8606;-0,1342;0,884;-0,0937;-0,0884;-0,12;0,4306;-0,2335;-0,2553;0,2779;-0,2464;-0,0363;-0,0351;-0,1655;-0,0472;-0,1535;-0,0448;-0,0276;-0,0689;-0,04;-0,0454;-0,0096;-0,0839;-0,0824;2,4621;-0,0277;-0,0216;-0,0376;-0,0247;0,2886;-0,2538;-0,2397;-0,046;-0,057;-0,0325;-0,0343;-0,0457;-0,0407;0,268;0,6278;0,2335;-0,3152;-0,0925;-0,0439
"prisonnier";-0,1351;-0,0552;0,6331;-0,0521;-0,0803;-0,0758;-0,1029;0,5205;0,4326;0,8999;0,3243;-0,2112;-0,0311;-0,0301;-0,1418;-0,0404;-0,1315;-0,0384;-0,0237;-0,059;-0,0343;-0,0389;-0,0082;-0,0719;-0,0706;-0,1188;-0,0238;-0,0185;-0,0322;-0,0211;-0,269;-0,2175;-0,2055;-0,0395;-0,0489;-0,0278;-0,0294;-0,0392;-0,0349;-0,2886;-0,1;0,2769;1,6971;-0,0793;-0,0376
"appartenance";-0,1126;-0,046;-0,0959;-0,0434;-0,0669;-0,0632;-0,0857;2,0292;0,4963;-0,1464;0,3825;-0,176;-0,0259;-0,025;-0,1182;-0,0337;-0,1096;-0,032;-0,0197;-0,0492;-0,0286;-0,0324;-0,0068;-0,0599;-0,0589;-0,099;-0,0198;-0,0154;-0,0268;-0,0176;-0,2242;-0,1813;-0,1712;-0,0329;-0,0407;-0,0232;-0,0245;-0,0326;-0,0291;1,0091;-0,0833;0,332;-0,2251;-0,0661;-0,0313
"objet";-0,1464;-0,0598;-0,1246;-0,0564;-0,087;-0,0821;-0,1114;-0,5417;-0,2169;-0,2266;0,2998;0,3877;-0,0337;-0,0326;-0,1536;-0,0438;-0,1425;-0,0416;-0,0256;-0,0639;-0,0372;-0,0421;1,6938;-0,0779;1,8932;-0,1287;-0,0257;-0,0201;-0,0349;-0,0229;-0,2914;-0,2357;2,9199;-0,0428;-0,053;-0,0301;-0,0318;1,0311;-0,0378;-0,3127;-0,1083;0,254;0,3096;-0,0859;-0,0408
"cause";-0,2139;-0,0874;-0,1822;3,0747;0,5955;0,6171;-0,1629;-0,7917;-0,317;-0,4107;0,1949;0,27;-0,0493;-0,0476;0,3939;-0,064;-0,2083;-0,0608;-0,0375;-0,0934;-0,0543;-0,0616;-0,013;-0,1138;0,6439;-0,1881;-0,0376;-0,0293;-0,051;-0,0335;-0,426;6,4109;-0,3254;-0,0625;-0,0774;-0,0441;-0,0465;-0,062;-0,0553;-0,457;-0,1584;-0,169;-0,4277;-0,1256;-0,0596
"finir";-0,1351;-0,0552;-0,1151;-0,0521;-0,0803;-0,0758;-0,1029;0,5205;0,4326;-0,1988;-0,279;-0,2112;-0,0311;-0,0301;-0,1418;-0,0404;-0,1315;-0,0384;-0,0237;-0,059;-0,0343;-0,0389;-0,0082;-0,0719;-0,0706;-0,1188;1,2738;-0,0185;-0,0322;-0,0211;-0,269;-0,2175;-0,2055;-0,0395;-0,0489;-0,0278;-0,0294;2,4544;-0,0349;0,3138;0,6868;0,7887;0,3343;-0,0793;-0,0376
"5";-0,2027;-0,0828;-0,1726;-0,0782;-0,1205;-0,1137;-0,1543;-0,7501;-0,3003;-0,3783;-0,4185;-0,3168;-0,0467;-0,0451;-0,2127;-0,0607;-0,1973;-0,0576;5,9224;-0,0885;0,9516;-0,0583;-0,0123;-0,1078;-0,1059;0,4729;14,1632;-0,0278;-0,0483;1,1522;-0,4035;-0,3263;-0,3082;-0,0592;-0,0733;-0,0417;-0,0441;-0,0588;0,9447;-0,433;0,5345;-0,4899;-0,4052;-0,119;-0,0564
"puissance";-0,2027;-0,0828;-0,1726;-0,0782;-0,1205;-0,1137;-0,1543;2,3852;1,5445;0,2354;-0,4185;-0,3168;-0,0467;-0,0451;-0,2127;-0,0607;-0,1973;-0,0576;-0,0355;-0,0885;-0,0515;-0,0583;-0,0123;-0,1078;-0,1059;-0,1782;-0,0356;-0,0278;-0,0483;-0,0317;-0,4035;2,2694;-0,3082;-0,0592;0,8086;-0,0417;-0,0441;-0,0588;-0,0524;-0,433;-0,15;-0,4899;0,6385;-0,119;-0,0564
"janvier";-0,1238;-0,0506;0,6663;2,2909;0,8071;0,8302;-0,0943;-0,4583;-0,1835;-0,172;-0,2557;0,4441;-0,0285;-0,0275;-0,13;-0,0371;-0,1206;-0,0352;1,3123;-0,0541;-0,0315;1,1035;-0,0075;-0,0659;-0,0647;-0,1089;-0,0218;-0,017;-0,0295;-0,0194;0,3633;-0,1994;-0,1884;-0,0362;-0,0448;-0,0255;-0,0269;-0,0359;-0,032;-0,2646;-0,0917;0,3027;-0,2476;-0,0727;-0,0345
"7";0,5166;-0,0644;1,4386;-0,0608;-0,0937;-0,0884;-0,12;-0,5834;-0,2335;-0,2553;-0,3255;0,3635;-0,0363;-0,0351;-0,1655;-0,0472;-0,1535;-0,0448;2,7462;-0,0689;-0,04;-0,0454;-0,0096;-0,0839;-0,0824;-0,1386;2,7428;-0,0216;-0,0376;-0,0247;-0,3139;-0,2538;1,8167;-0,046;-0,057;-0,0325;-0,0343;-0,0457;-0,0407;-0,3367;-0,1167;-0,381;0,2873;0,7169;-0,0439
"décembre";-0,1576;-0,0644;2,5008;-0,0608;-0,0937;-0,0884;-0,12;-0,5834;-0,2335;0,3521;-0,3255;-0,2464;-0,0363;-0,0351;-0,1655;0,9875;-0,1535;-0,0448;-0,0276;-0,0689;-0,04;-0,0454;-0,0096;-0,0839;-0,0824;-0,1386;-0,0277;-0,0216;-0,0376;-0,0247;2,3707;-0,2538;-0,2397;0,9975;-0,057;-0,0325;-0,0343;-0,0457;-0,0407;-0,3367;0,6278;0,683;-0,3152;-0,0925;-0,0439
"lui_même";-0,1689;0,8329;0,5499;-0,0651;-0,1004;-0,0948;-0,1286;-0,625;-0,2502;0,3177;-0,3487;-0,264;-0,0389;-0,0376;-0,1773;-0,0505;-0,1644;-0,048;-0,0296;-0,0738;-0,0429;-0,0486;-0,0102;-0,0899;0,7353;-0,1485;-0,0297;-0,0232;-0,0402;-0,0264;0,763;0,9086;-0,2569;0,9691;-0,0611;-0,0348;1,0911;-0,049;-0,0436;0,2485;-0,125;0,6376;-0,3377;-0,0992;0,9888
"poète";0,6414;-0,046;-0,0959;-0,0434;0,8453;0,8685;-0,0857;-0,4167;-0,1668;0,5434;-0,2325;0,4773;-0,0259;-0,025;-0,1182;-0,0337;-0,1096;-0,032;-0,0197;-0,0492;-0,0286;-0,0324;-0,0068;-0,0599;-0,0589;-0,099;-0,0198;-0,0154;-0,0268;-0,0176;-0,2242;-0,1813;-0,1712;-0,0329;-0,0407;-0,0232;-0,0245;-0,0326;-0,0291;2,8673;-0,0833;-0,2721;-0,2251;-0,0661;-0,0313
"critique";-0,1238;-0,0506;-0,1055;-0,0478;-0,0736;-0,0695;-0,0943;0,5745;-0,1835;-0,172;-0,2557;1,1653;-0,0285;-0,0275;-0,13;-0,0371;-0,1206;-0,0352;-0,0217;-0,0541;-0,0315;-0,0356;-0,0075;-0,0659;-0,0647;5,6236;-0,0218;-0,017;1,1826;-0,0194;-0,2466;-0,1994;-0,1884;-0,0362;-0,0448;-0,0255;-0,0269;-0,0359;-0,032;-0,2646;-0,0917;-0,2993;-0,2476;-0,0727;-0,0345
"pièce";-0,1238;-0,0506;-0,1055;-0,0478;-0,0736;-0,0695;-0,0943;-0,4583;-0,1835;-0,172;-0,2557;0,4441;-0,0285;-0,0275;-0,13;-0,0371;-0,1206;-0,0352;-0,0217;-0,0541;-0,0315;-0,0356;-0,0075;-0,0659;3,4323;-0,1089;-0,0218;-0,017;-0,0295;-0,0194;-0,2466;-0,1994;-0,1884;-0,0362;-0,0448;-0,0255;-0,0269;-0,0359;-0,032;0,9372;-0,0917;1,5926;0,3619;-0,0727;-0,0345
"apparaître";-0,2027;-0,0828;-0,1726;-0,0782;-0,1205;-0,1137;-0,1543;0,3012;-0,3003;-0,3783;-0,4185;-0,3168;-0,0467;-0,0451;0,412;0,8849;-0,1973;-0,0576;-0,0355;0,7342;-0,0515;-0,0583;-0,0123;-0,1078;0,6646;0,4729;-0,0356;-0,0278;-0,0483;-0,0317;0,6411;-0,3263;0,2939;-0,0592;-0,0733;-0,0417;-0,0441;-0,0588;-0,0524;0,2;0,5345;1,0347;0,6385;-0,119;-0,0564
"victoire";-0,3378;-0,1381;-0,2877;-0,1303;-0,2008;-0,1895;-0,2572;-0,3241;-0,163;-0,4296;-0,6975;-0,5281;-0,0778;-0,0751;-0,3546;-0,1011;-0,3289;-0,096;0,895;-0,1476;-0,0858;-0,0972;-0,0205;-0,1798;-0,1766;-0,2971;2,0841;-0,0463;-0,0805;-0,0529;1,2088;-0,5439;-0,5138;-0,0987;-0,1222;-0,0696;-0,0735;4,1382;-0,0873;5,6478;0,3588;0,2586;-0,261;-0,1983;-0,0941
"total";-0,1801;-0,0736;-0,1534;0,8303;0,6605;0,6827;-0,1371;0,3591;0,3381;-0,3154;-0,372;0,8825;-0,0415;-0,0401;0,4522;-0,0539;-0,1754;-0,0512;-0,0315;-0,0787;-0,0458;-0,0518;-0,0109;-0,0959;-0,0942;-0,1584;-0,0317;-0,0247;-0,0429;-0,0282;0,2501;-0,29;-0,274;0,9427;-0,0652;1,0868;-0,0392;-0,0522;-0,0465;-0,3849;-0,1334;-0,4354;1,3564;-0,1058;-0,0502
"découvrir";0,5166;-0,0644;-0,1342;-0,0608;0,7121;0,7346;-0,12;0,4306;0,381;0,3521;-0,3255;0,3635;-0,0363;-0,0351;-0,1655;-0,0472;-0,1535;1,0088;-0,0276;-0,0689;-0,04;-0,0454;1,662;-0,0839;-0,0824;-0,1386;-0,0277;1,3136;-0,0376;-0,0247;-0,3139;-0,2538;-0,2397;-0,046;-0,057;-0,0325;-0,0343;-0,0457;-0,0407;-0,3367;-0,1167;0,683;-0,3152;-0,0925;-0,0439
"évoquer";-0,1351;-0,0552;0,6331;-0,0521;-0,0803;-0,0758;-0,1029;0,5205;0,4326;0,435;-0,279;-0,2112;-0,0311;-0,0301;-0,1418;-0,0404;-0,1315;-0,0384;-0,0237;-0,059;-0,0343;-0,0389;-0,0082;-0,0719;-0,0706;-0,1188;-0,0238;-0,0185;-0,0322;-0,0211;0,3356;-0,2175;-0,2055;-0,0395;-0,0489;1,2072;-0,0294;-0,0392;-0,0349;-0,2886;-0,1;2,344;-0,2701;-0,0793;-0,0376
"guerrier";-0,3265;-0,1335;-0,2781;-0,1259;0,4432;0,4632;-0,2486;-0,3032;-0,1542;-0,403;-0,6743;-0,5105;-0,0752;-0,0726;-0,3428;-0,0977;-0,3179;-0,0928;-0,0572;1,3762;-0,083;-0,094;-0,0198;-0,1738;2,1651;-0,2872;-0,0574;-0,0448;-0,0778;-0,0511;1,8575;-0,5258;-0,4967;-0,0954;-0,1182;-0,0673;-0,071;-0,0947;-0,0844;0,3298;0,9802;0,5903;1,8505;-0,1917;-0,0909
"xxe";-0,1464;-0,0598;-0,1246;-0,0564;-0,087;-0,0821;-0,1114;1,5936;0,4055;0,8198;-0,3022;-0,2288;-0,0337;-0,0326;0,5258;-0,0438;-0,1425;-0,0416;-0,0256;-0,0639;-0,0372;-0,0421;-0,0089;-0,0779;-0,0765;-0,1287;-0,0257;-0,0201;-0,0349;-0,0229;-0,2914;2,8299;-0,2226;-0,0428;-0,053;-0,0301;-0,0318;-0,0424;-0,0378;-0,3127;-0,1083;-0,3538;-0,2926;-0,0859;-0,0408
"porte";1,747;-0,1012;0,4148;1,699;0,5413;0,5625;-0,1886;-0,9168;-0,367;-0,2333;-0,5115;-0,3872;-0,0571;-0,0551;-0,26;-0,0741;-0,2412;-0,0704;-0,0434;-0,1082;-0,0629;-0,0713;-0,015;-0,1318;-0,1295;1,0598;-0,0436;-0,034;-0,059;-0,0388;-0,1576;0,6451;0,2366;1,9257;-0,0896;-0,051;-0,0539;-0,0718;-0,064;-0,1764;-0,1834;-0,2144;-0,4953;0,5458;0,8331
"fidèle";-0,1238;0,9586;-0,1055;-0,0478;0,8071;0,8302;-0,0943;0,5745;0,4627;0,4854;-0,2557;-0,1936;-0,0285;-0,0275;-0,13;-0,0371;-0,1206;-0,0352;-0,0217;-0,0541;-0,0315;-0,0356;-0,0075;-0,0659;-0,0647;-0,1089;-0,0218;-0,017;-0,0295;-0,0194;-0,2466;-0,1994;-0,1884;-0,0362;-0,0448;-0,0255;-0,0269;-0,0359;-0,032;0,9372;-0,0917;-0,2993;0,3619;-0,0727;-0,0345
"étranger";-0,2364;-0,0966;0,4306;-0,0912;-0,1405;-0,1327;-0,18;0,2331;0,2568;-0,4773;-0,4882;0,2418;-0,0545;-0,0526;4,8473;-0,0708;-0,2302;-0,0672;-0,0414;-0,1033;-0,0601;1,9772;-0,0143;-0,1258;-0,1236;0,4197;-0,0416;-0,0324;-0,0563;-0,037;-0,4708;0,6754;-0,3596;-0,0691;-0,0856;0,9744;0,9522;-0,0686;-0,0611;-0,1635;0,4793;-0,5715;-0,4728;-0,1388;-0,0658
"historique";-0,1801;-0,0736;-0,1534;-0,0695;-0,1071;-0,1011;-0,1371;2,681;0,3381;-0,3154;-0,372;0,3214;-0,0415;-0,0401;0,4522;-0,0539;-0,1754;-0,0512;-0,0315;-0,0787;-0,0458;-0,0518;-0,0109;-0,0959;-0,0942;-0,1584;-0,0317;-0,0247;-0,0429;-0,0282;-0,3587;0,862;-0,274;-0,0526;4,9031;-0,0371;-0,0392;-0,0522;-0,0465;-0,3849;-0,1334;-0,4354;-0,3602;-0,1058;-0,0502
"vite";-0,1126;-0,046;-0,0959;-0,0434;-0,0669;-0,0632;0,7469;-0,4167;-0,1668;2,6773;-0,2325;-0,176;-0,0259;-0,025;-0,1182;-0,0337;-0,1096;-0,032;-0,0197;-0,0492;-0,0286;-0,0324;-0,0068;-0,0599;-0,0589;-0,099;-0,0198;-0,0154;-0,0268;-0,0176;-0,2242;-0,1813;-0,1712;-0,0329;-0,0407;-0,0232;-0,0245;-0,0326;-0,0291;-0,2405;-0,0833;0,9209;1,0573;-0,0661;-0,0313
"forcer";0,6054;-0,0506;-0,1055;-0,0478;-0,0736;-0,0695;-0,0943;-0,4583;-0,1835;0,4854;-0,2557;1,1653;-0,0285;-0,0275;-0,13;-0,0371;-0,1206;-0,0352;-0,0217;-0,0541;-0,0315;-0,0356;-0,0075;-0,0659;0,8586;-0,1089;-0,0218;-0,017;-0,0295;-0,0194;0,9874;-0,1994;-0,1884;-0,0362;1,0086;-0,0255;-0,0269;-0,0359;-0,032;0,3408;-0,0917;-0,2993;0,3619;-0,0727;-0,0345
"choc";-0,1351;-0,0552;-0,1151;-0,0521;-0,0803;-0,0758;-0,1029;1,7212;1,1372;-0,1988;-0,279;1,9785;1,1602;-0,0301;-0,1418;-0,0404;-0,1315;-0,0384;-0,0237;-0,059;-0,0343;-0,0389;-0,0082;-0,0719;-0,0706;-0,1188;-0,0238;-0,0185;-0,0322;-0,0211;-0,269;-0,2175;-0,2055;-0,0395;-0,0489;-0,0278;-0,0294;-0,0392;-0,0349;-0,2886;-0,1;0,2769;-0,2701;-0,0793;-0,0376
"profond";-0,1126;-0,046;-0,0959;-0,0434;-0,0669;-0,0632;-0,0857;0,6363;0,4963;-0,1464;-0,2325;0,4773;-0,0259;-0,025;-0,1182;-0,0337;-0,1096;-0,032;-0,0197;-0,0492;-0,0286;-0,0324;-0,0068;-0,0599;-0,0589;-0,099;-0,0198;-0,0154;-0,0268;-0,0176;-0,2242;-0,1813;0,487;-0,0329;-0,0407;-0,0232;-0,0245;-0,0326;-0,0291;-0,2405;-0,0833;0,9209;1,0573;-0,0661;-0,0313
"cours";-0,1126;-0,046;-0,0959;-0,0434;-0,0669;-0,0632;-0,0857;-0,4167;-0,1668;1,0949;-0,2325;-0,176;-0,0259;-0,025;-0,1182;-0,0337;-0,1096;-0,032;-0,0197;-0,0492;-0,0286;-0,0324;-0,0068;-0,0599;-0,0589;-0,099;-0,0198;-0,0154;1,2226;-0,0176;1,0603;-0,1813;0,487;-0,0329;-0,0407;-0,0232;-0,0245;-0,0326;-0,0291;-0,2405;-0,0833;0,9209;0,3931;-0,0661;-0,0313
"dieu";-0,1464;-0,0598;-0,1246;-0,0564;-0,087;-0,0821;-0,1114;-0,5417;-0,2169;0,3909;-0,3022;0,3877;-0,0337;-0,0326;-0,1536;-0,0438;-0,1425;-0,0416;-0,0256;-0,0639;-0,0372;-0,0421;-0,0089;-0,0779;-0,0765;-0,1287;-0,0257;-0,0201;-0,0349;-0,0229;0,3108;-0,2357;-0,2226;-0,0428;2,198;-0,0301;-0,0318;-0,0424;-0,0378;0,2897;1,6109;0,7331;0,8612;-0,0859;-0,0408
"germanique";-0,2027;-0,0828;-0,1726;-0,0782;-0,1205;-0,1137;-0,1543;0,3012;0,3018;-0,3783;-0,4185;-0,3168;-0,0467;-0,0451;-0,2127;-0,0607;-0,1973;-0,0576;-0,0355;-0,0885;-0,0515;-0,0583;-0,0123;-0,1078;-0,1059;-0,1782;-0,0356;-0,0278;-0,0483;-0,0317;0,6411;-0,3263;-0,3082;-0,0592;-0,0733;-0,0417;-0,0441;-0,0588;-0,0524;-0,433;-0,15;5,3348;1,9492;-0,119;-0,0564
"début";0,1964;-0,1795;0,2385;0,4909;-0,2611;-0,2464;0,7526;-1,6255;-0,6507;1,3148;-0,9069;-0,2693;-0,1012;-0,0977;-0,461;-0,1314;-0,4276;-0,1248;-0,0769;-0,1918;0,6448;-0,1264;-0,0266;0,3807;-0,2296;0,659;-0,0772;-0,0602;-0,1046;-0,0687;1,3501;0,3213;-0,668;-0,1283;0,5136;-0,0905;-0,0955;-0,1273;0,6384;-0,4301;-0,3251;2,0774;-0,3901;0,349;1,4937
"théâtre";-0,1801;-0,0736;-0,1534;-0,0695;4,0692;4,1652;-0,1371;-0,6667;-0,2669;0,2871;-0,372;0,3214;-0,0415;-0,0401;-0,1891;-0,0539;-0,1754;-0,0512;-0,0315;-0,0787;-0,0458;-0,0518;-0,0109;-0,0959;5,774;-0,1584;-0,0317;-0,0247;-0,0429;-0,0282;-0,3587;-0,29;-0,274;-0,0526;-0,0652;-0,0371;-0,0392;-0,0522;-0,0465;-0,3849;-0,1334;-0,4354;-0,3602;-0,1058;-0,0502
"mémoire";-0,1464;0,8905;-0,1246;-0,0564;-0,087;-0,0821;-0,1114;-0,5417;-0,2169;1,3887;-0,3022;-0,2288;-0,0337;-0,0326;-0,1536;-0,0438;-0,1425;-0,0416;-0,0256;-0,0639;-0,0372;-0,0421;-0,0089;-0,0779;-0,0765;-0,1287;-0,0257;-0,0201;-0,0349;-0,0229;-0,2914;-0,2357;-0,2226;5,6653;-0,053;-0,0301;-0,0318;-0,0424;-0,0378;0,2897;-0,1083;0,254;0,8612;-0,0859;-0,0408
"xixe";-0,1351;-0,0552;-0,1151;-0,0521;-0,0803;-0,0758;-0,1029;0,5205;0,4326;-0,1988;-0,279;-0,2112;-0,0311;2,6791;1,4006;-0,0404;-0,1315;-0,0384;-0,0237;-0,059;-0,0343;-0,0389;-0,0082;-0,0719;-0,0706;-0,1188;-0,0238;-0,0185;-0,0322;-0,0211;-0,269;-0,2175;-0,2055;-0,0395;-0,0489;-0,0278;-0,0294;-0,0392;-0,0349;0,3138;-0,1;1,4874;-0,2701;-0,0793;-0,0376
"contre";1,1918;0,3326;2,745;-0,2563;-0,395;-0,3729;-0,5059;-1,0734;-0,4644;-0,6217;-1,3722;3,297;-0,1531;-0,1478;-0,6976;-0,1989;-0,647;-0,1889;-0,1164;0,3121;-0,1688;0,4483;1,0523;-0,3536;0,7246;0,8301;-0,1169;-0,0912;-0,1583;-0,104;2,5816;-1,07;-0,2221;-0,1941;-0,2405;0,5681;-0,1445;0,4457;-0,1717;2,3843;-0,4919;-0,9233;-0,7115;-0,3902;-0,185
"condamner";-0,259;-0,1058;3,9233;-0,0999;-0,1539;-0,1453;-0,1972;-0,9585;-0,3837;-0,5458;-0,5347;-0,4048;-0,0597;-0,0576;-0,2719;-0,0775;-0,2521;-0,0736;-0,0454;-0,1131;-0,0658;7,8319;-0,0157;2,4322;-0,1354;-0,2277;-0,0455;1,1049;-0,0617;-0,0405;-0,5157;1,8783;0,2246;-0,0756;-0,0937;0,9372;-0,0563;-0,0751;-0,0669;-0,5533;-0,1917;-0,626;-0,1707;-0,1521;-0,0721
"crime";-0,1238;2,2423;0,6663;-0,0478;-0,0736;-0,0695;-0,0943;0,5745;0,4627;-0,172;-0,2557;-0,1936;-0,0285;-0,0275;-0,13;-0,0371;-0,1206;-0,0352;-0,0217;-0,0541;-0,0315;1,1035;-0,0075;-0,0659;-0,0647;-0,1089;-0,0218;-0,017;-0,0295;-0,0194;-0,2466;1,1432;-0,1884;-0,0362;-0,0448;-0,0255;-0,0269;-0,0359;-0,032;-0,2646;-0,0917;-0,2993;0,3619;-0,0727;-0,0345
"international";1,3137;-0,0644;2,5008;-0,0608;-0,0937;-0,0884;-0,12;-0,5834;-0,2335;-0,2553;-0,3255;-0,2464;-0,0363;-0,0351;-0,1655;-0,0472;-0,1535;-0,0448;-0,0276;-0,0689;-0,04;1,0036;-0,0096;-0,0839;-0,0824;0,5635;-0,0277;-0,0216;-0,0376;-0,0247;-0,3139;0,9592;-0,2397;-0,046;-0,057;2,6083;-0,0343;-0,0457;-0,0407;-0,3367;-0,1167;-0,381;-0,3152;0,7169;1,0172
"goth";-0,2927;-0,1196;-0,2493;-0,1129;-0,174;-0,1643;-0,2229;-1,0835;-0,4338;1,8007;-0,6045;-0,4577;-0,0674;-0,0651;-0,3073;-0,0876;-0,285;-0,0832;-0,0513;-0,1279;-0,0744;-0,0843;-0,0178;-0,1558;-0,153;-0,2574;-0,0515;-0,0402;-0,0697;-0,0458;4,5524;-0,4714;-0,4453;-0,0855;-0,1059;-0,0603;-0,0637;-0,0849;-0,0756;-0,6255;-0,2167;1,1562;3,6311;-0,1719;-0,0815
"toutes";-0,3716;-0,1519;0,2861;-0,1433;-0,2209;-0,2085;0,3199;0,4473;0,4502;-0,5124;-0,7673;3,5762;-0,0856;-0,0827;1,2365;-0,1112;-0,3618;-0,1056;-0,0651;-0,1623;0,7092;-0,1069;-0,0225;-0,1977;0,4429;-0,3268;-0,0653;-0,051;-0,0885;-0,0582;0,6386;-0,5983;0,4359;0,6553;-0,1345;-0,0765;-0,0808;0,6582;0,7026;0,27;-0,2751;-0,8982;-0,743;-0,2182;0,6737
"village";-0,1464;-0,0598;-0,1246;-0,0564;-0,087;-0,0821;-0,1114;-0,5417;-0,2169;-0,2266;-0,3022;-0,2288;-0,0337;-0,0326;3,5164;-0,0438;-0,1425;5,7123;-0,0256;-0,0639;-0,0372;-0,0421;-0,0089;-0,0779;-0,0765;1,474;-0,0257;-0,0201;-0,0349;-0,0229;-0,2914;-0,2357;-0,2226;-0,0428;-0,053;-0,0301;-0,0318;-0,0424;-0,0378;-0,3127;-0,1083;0,254;0,3096;-0,0859;-0,0408
"direction";-0,1238;-0,0506;-0,1055;-0,0478;-0,0736;-0,0695;-0,0943;-0,4583;-0,1835;1,6503;-0,2557;-0,1936;-0,0285;-0,0275;-0,13;-0,0371;-0,1206;-0,0352;-0,0217;-0,0541;-0,0315;-0,0356;-0,0075;-0,0659;-0,0647;2,7838;-0,0218;-0,017;-0,0295;-0,0194;-0,2466;-0,1994;-0,1884;-0,0362;-0,0448;-0,0255;-0,0269;-0,0359;-0,032;-0,2646;-0,0917;-0,2993;1,8057;-0,0727;1,1173
"main";-0,304;-0,1243;-0,2589;0,626;0,468;0,4884;0,3839;1,4909;1,0976;-0,688;-0,6278;-0,4753;-0,07;-0,0676;-0,3191;0,7235;-0,296;-0,0864;-0,0532;0,5793;-0,0772;-0,0875;1,3811;-0,1618;0,5136;-0,2673;-0,0535;-0,0417;-0,0724;-0,0476;1,3515;0,5185;-0,4624;0,733;-0,11;-0,0626;-0,0661;-0,0881;-0,0785;-0,6495;-0,2251;-0,7349;0,3992;-0,1785;-0,0847
"telle";-0,2477;-0,1012;-0,211;-0,0955;0,5413;0,5625;1,1668;1,9189;0,6982;-0,2333;-0,5115;0,6638;-0,0571;-0,0551;-0,26;-0,0741;-0,2412;-0,0704;-0,0434;0,6565;-0,0629;-0,0713;-0,015;-0,1318;-0,1295;-0,2178;-0,0436;-0,034;-0,059;-0,0388;-0,4932;-0,3988;-0,3768;-0,0724;-0,0896;-0,051;-0,0539;-0,0718;-0,064;-0,5292;0,4629;0,4094;0,5142;-0,1454;-0,069
"semaine";0,4919;1,9735;0,5499;-0,0651;-0,1004;-0,0948;0,5913;-0,625;-0,2502;-0,285;-0,3487;-0,264;-0,0389;-0,0376;0,4747;3,7109;-0,1644;-0,048;-0,0296;-0,0738;-0,0429;-0,0486;-0,0102;1,7573;-0,0883;0,5382;-0,0297;-0,0232;-0,0402;-0,0264;-0,3363;-0,2719;0,3502;0,9691;-0,0611;-0,0348;-0,0367;-0,049;-0,0436;-0,3608;-0,125;-0,4082;-0,3377;-0,0992;-0,047
"jusqu_au";-0,1464;-0,0598;-0,1246;-0,0564;-0,087;-0,0821;-0,1114;1,5936;1,0754;-0,2266;-0,3022;-0,2288;-0,0337;-0,0326;0,5258;-0,0438;-0,1425;-0,0416;-0,0256;-0,0639;-0,0372;-0,0421;-0,0089;0,7847;-0,0765;-0,1287;-0,0257;-0,0201;-0,0349;-0,0229;0,3108;-0,2357;-0,2226;-0,0428;-0,053;-0,0301;-0,0318;-0,0424;-0,0378;-0,3127;0,656;0,254;0,3096;-0,0859;-0,0408
"passage";-0,1351;-0,0552;-0,1151;-0,0521;-0,0803;-0,0758;0,676;-0,5;-0,2002;-0,1988;-0,279;-0,2112;-0,0311;1,1748;-0,1418;-0,0404;-0,1315;-0,0384;-0,0237;-0,059;-0,0343;-0,0389;-0,0082;-0,0719;-0,0706;-0,1188;-0,0238;-0,0185;-0,0322;-0,0211;1,7018;-0,2175;-0,2055;-0,0395;-0,0489;-0,0278;-0,0294;-0,0392;-0,0349;0,3138;-0,1;0,2769;2,6351;-0,0793;-0,0376
"elle_même";-0,1351;-0,0552;-0,1151;-0,0521;-0,0803;-0,0758;-0,1029;3,4792;2,041;-0,1988;-0,279;0,4144;-0,0311;-0,0301;-0,1418;-0,0404;-0,1315;-0,0384;-0,0237;-0,059;-0,0343;-0,0389;-0,0082;-0,0719;-0,0706;-0,1188;-0,0238;-0,0185;-0,0322;-0,0211;-0,269;-0,2175;-0,2055;-0,0395;-0,0489;-0,0278;-0,0294;-0,0392;-0,0349;0,3138;-0,1;-0,3266;-0,2701;-0,0793;-0,0376
"arrêter";-0,259;-0,1058;5,1049;-0,0999;-0,1539;-0,1453;-0,1972;-0,9585;-0,3837;0,6561;-0,5347;0,2173;-0,0597;-0,0576;-0,2719;-0,0775;-0,2521;-0,0736;-0,0454;0,6396;-0,0658;7,8319;-0,0157;0,5656;-0,1354;-0,2277;-0,0455;-0,0355;-0,0617;-0,0405;-0,5157;-0,417;-0,3939;-0,0756;0,712;0,9372;-0,0563;-0,0751;-0,0669;-0,5533;-0,1917;-0,2302;-0,1707;-0,1521;-0,0721
"bataille";0,6054;-0,0506;-0,1055;-0,0478;-0,0736;-0,0695;-0,0943;-0,4583;-0,1835;-0,172;-0,2557;0,4441;-0,0285;-0,0275;-0,13;-0,0371;-0,1206;-0,0352;-0,0217;-0,0541;-0,0315;-0,0356;-0,0075;-0,0659;-0,0647;-0,1089;-0,0218;-0,017;-0,0295;-0,0194;0,9874;-0,1994;-0,1884;-0,0362;-0,0448;-0,0255;-0,0269;1,1004;-0,032;2,6898;-0,0917;-0,2993;0,3619;-0,0727;-0,0345
"plaine";-0,1126;-0,046;-0,0959;-0,0434;-0,0669;-0,0632;-0,0857;-0,4167;-0,1668;-0,1464;-0,2325;-0,176;-0,0259;-0,025;-0,1182;-0,0337;-0,1096;-0,032;-0,0197;-0,0492;-0,0286;-0,0324;-0,0068;-0,0599;-0,0589;-0,099;-0,0198;-0,0154;-0,0268;-0,0176;5,5467;-0,1813;-0,1712;-0,0329;-0,0407;-0,0232;-0,0245;-0,0326;-0,0291;-0,2405;-0,0833;-0,2721;1,9275;-0,0661;-0,0313
"défense";-0,2139;-0,0874;-0,1822;-0,0825;-0,1272;-0,12;-0,1629;-0,7917;-0,317;-0,4107;-0,4417;-0,3344;-0,0493;-0,0476;-0,2246;-0,064;-0,2083;-0,0608;-0,0375;0,7131;-0,0543;2,0622;-0,013;0,6372;-0,1118;5,5638;-0,0376;-0,0293;-0,051;-0,0335;4,6227;-0,3444;-0,3254;0,8729;-0,0774;-0,0441;-0,0465;-0,062;-0,0553;-0,457;-0,1584;-0,5171;-0,4277;-0,1256;-0,0596
"environ";-0,1238;-0,0506;0,6663;-0,0478;-0,0736;-0,0695;-0,0943;-0,4583;-0,1835;1,6503;-0,2557;-0,1936;-0,0285;-0,0275;0,5872;-0,0371;-0,1206;-0,0352;-0,0217;0,9314;-0,0315;-0,0356;-0,0075;-0,0659;-0,0647;-0,1089;-0,0218;-0,017;-0,0295;-0,0194;0,3633;1,1432;-0,1884;-0,0362;-0,0448;-0,0255;-0,0269;-0,0359;-0,032;-0,2646;-0,0917;0,3027;-0,2476;-0,0727;-0,0345
"droite";-0,1689;3,317;-0,1438;-0,0651;-0,1004;-0,0948;0,5913;-0,625;-0,2502;-0,285;-0,3487;0,9294;-0,0389;-0,0376;4,4788;-0,0505;-0,1644;-0,048;-0,0296;-0,0738;-0,0429;-0,0486;-0,0102;-0,0899;-0,0883;-0,1485;1,1798;-0,0232;-0,0402;-0,0264;0,763;-0,2719;-0,2569;-0,0493;-0,0611;-0,0348;-0,0367;-0,049;-0,0436;-0,3608;-0,125;-0,4082;-0,3377;-0,0992;-0,047
"menace";1,5092;-0,1243;-0,2589;-0,1172;-0,1807;-0,1706;-0,2315;-1,1252;-0,4505;-0,3514;-0,6278;-0,4753;-0,07;-0,0676;0,7876;-0,091;-0,296;-0,0864;-0,0532;0,5793;-0,0772;-0,0875;-0,0184;-0,1618;-0,1589;4,593;-0,0535;-0,0417;-0,0724;-0,0476;-0,2196;5,0702;-0,4624;-0,0888;-0,11;0,872;-0,0661;-0,0881;-0,0785;0,3654;-0,2251;-0,7349;-0,221;-0,1785;-0,0847
"blanc";0,6414;0,9977;-0,0959;-0,0434;-0,0669;-0,0632;-0,0857;-0,4167;-0,1668;-0,1464;-0,2325;-0,176;-0,0259;-0,025;0,623;-0,0337;-0,1096;-0,032;-0,0197;2,2705;-0,0286;-0,0324;-0,0068;-0,0599;-0,0589;0,6907;-0,0198;1,4567;-0,0268;-0,0176;0,3945;-0,1813;-0,1712;-0,0329;-0,0407;-0,0232;-0,0245;-0,0326;-0,0291;-0,2405;-0,0833;0,332;-0,2251;-0,0661;-0,0313
"ex";1,5903;2,3264;-0,0959;-0,0434;-0,0669;-0,0632;-0,0857;-0,4167;-0,1668;-0,1464;-0,2325;-0,176;-0,0259;-0,025;-0,1182;-0,0337;-0,1096;-0,032;-0,0197;-0,0492;-0,0286;-0,0324;-0,0068;-0,0599;-0,0589;-0,099;-0,0198;-0,0154;-0,0268;-0,0176;-0,2242;1,2188;0,487;-0,0329;-0,0407;-0,0232;-0,0245;-0,0326;-0,0291;-0,2405;0,7579;-0,2721;0,3931;-0,0661;-0,0313
"combattre";0,6054;-0,0506;-0,1055;-0,0478;-0,0736;-0,0695;-0,0943;0,5745;0,4627;-0,172;-0,2557;-0,1936;-0,0285;-0,0275;-0,13;-0,0371;-0,1206;-0,0352;-0,0217;-0,0541;-0,0315;-0,0356;-0,0075;-0,0659;-0,0647;-0,1089;-0,0218;-0,017;-0,0295;-0,0194;1,8104;-0,1994;-0,1884;-0,0362;-0,0448;-0,0255;-0,0269;-0,0359;-0,032;0,9372;-0,0917;0,3027;-0,2476;-0,0727;-0,0345
"bord";0,5729;-0,0552;-0,1151;-0,0521;-0,0803;-0,0758;-0,1029;0,5205;-0,2002;0,435;-0,279;0,4144;-0,0311;-0,0301;-0,1418;-0,0404;-0,1315;-0,0384;-0,0237;-0,059;-0,0343;-0,0389;-0,0082;-0,0719;-0,0706;-0,1188;-0,0238;-0,0185;-0,0322;-0,0211;-0,269;-0,2175;-0,2055;-0,0395;-0,0489;-0,0278;-0,0294;-0,0392;2,5521;-0,2886;-0,1;0,7887;0,9195;-0,0793;-0,0376
"revenir";-0,1801;-0,0736;-0,1534;1,9664;-0,1071;-0,1011;-0,1371;0,3591;0,3381;0,2871;-0,372;-0,2816;-0,0415;-0,0401;-0,1891;-0,0539;-0,1754;-0,0512;-0,0315;-0,0787;-0,0458;-0,0518;-0,0109;-0,0959;-0,0942;-0,1584;-0,0317;-0,0247;-0,0429;-0,0282;-0,3587;2,4668;-0,274;-0,0526;-0,0652;-0,0371;-0,0392;-0,0522;-0,0465;0,2308;-0,1334;0,5962;-0,3602;0,6652;0,9623
"rôle";-0,1689;-0,069;0,5499;-0,0651;0,6854;0,7077;-0,1286;1,3764;0,9675;0,3177;-0,3487;-0,264;-0,0389;-0,0376;-0,1773;-0,0505;-0,1644;-0,048;-0,0296;-0,0738;-0,0429;0,9752;-0,0102;0,7283;-0,0883;-0,1485;-0,0297;-0,0232;-0,0402;-0,0264;-0,3363;-0,2719;-0,2569;-0,0493;-0,0611;-0,0348;-0,0367;-0,049;-0,0436;-0,3608;-0,125;-0,4082;-0,3377;-0,0992;2,2932
"page";-0,1126;-0,046;-0,0959;-0,0434;-0,0669;-0,0632;-0,0857;0,6363;-0,1668;-0,1464;-0,2325;-0,176;-0,0259;-0,025;-0,1182;-0,0337;-0,1096;-0,032;-0,0197;-0,0492;-0,0286;-0,0324;1,8067;-0,0599;-0,0589;-0,099;-0,0198;-0,0154;-0,0268;-0,0176;0,3945;-0,1813;-0,1712;-0,0329;1,048;-0,0232;-0,0245;-0,0326;-0,0291;2,8673;-0,0833;-0,2721;-0,2251;-0,0661;-0,0313
"proche";-0,1914;-0,0782;0,5045;-0,0738;-0,1138;-0,1074;0,5451;-0,7084;-0,2836;0,2599;-0,3952;-0,2992;-0,0441;-0,0426;4,1842;-0,0573;-0,1864;0,9291;-0,0335;-0,0836;-0,0486;-0,0551;-0,0116;-0,1019;-0,1001;-0,1683;-0,0337;-0,0263;-0,0456;-0,03;-0,3811;2,3644;0,3112;-0,0559;-0,0693;-0,0394;-0,0416;-0,0555;-0,0494;0,2147;-0,1417;-0,4626;0,2323;-0,1124;-0,0533
"opération";-0,5856;-0,2394;-0,4988;-0,2258;-0,3481;-0,3286;-0,4459;-2,1676;-0,8677;-1,1145;-1,2093;-0,9155;-0,1349;-0,1303;-0,6148;-0,1753;-0,5702;-0,1664;-0,1026;-0,2558;-0,1488;-0,1685;-0,0355;-0,3117;-0,3062;-0,515;-0,103;-0,0803;-0,1395;-0,0917;-1,1662;-0,943;67,7954;-0,1711;-0,2119;-0,1206;-0,1273;-0,1698;-0,1513;-1,2512;-0,4335;-1,4156;-1,171;-0,3439;-0,1631
"militaire";1,3911;-0,1381;0,3148;-0,1303;0,4316;0,4514;-0,2572;1,2898;0,9905;-0,217;-0,6975;-0,5281;-0,0778;-0,0751;-0,3546;-0,1011;-0,3289;-0,096;-0,0592;-0,1476;-0,0858;-0,0972;-0,0205;-0,1798;-0,1766;5,4256;-0,0594;-0,0463;-0,0805;-0,0529;0,3471;0,4578;-0,5138;-0,0987;-0,1222;-0,0696;-0,0735;-0,0979;-0,0873;-0,2889;-0,2501;-0,8165;-0,6754;-0,1983;-0,0941
"dépasser";-0,1126;-0,046;0,7031;-0,0434;-0,0669;-0,0632;-0,0857;-0,4167;-0,1668;-0,1464;-0,2325;-0,176;-0,0259;-0,025;1,5515;-0,0337;-0,1096;-0,032;-0,0197;0,9704;-0,0286;-0,0324;-0,0068;-0,0599;-0,0589;-0,099;-0,0198;-0,0154;-0,0268;-0,0176;-0,2242;-0,1813;-0,1712;-0,0329;-0,0407;1,2841;-0,0245;-0,0326;-0,0291;2,8673;-0,0833;-0,2721;-0,2251;-0,0661;-0,0313
"administration";-0,1464;-0,0598;-0,1246;-0,0564;-0,087;-0,0821;-0,1114;0,4729;0,4055;0,3909;-0,3022;-0,2288;-0,0337;-0,0326;0,5258;-0,0438;-0,1425;-0,0416;-0,0256;-0,0639;-0,0372;-0,0421;-0,0089;-0,0779;-0,0765;1,474;-0,0257;-0,0201;-0,0349;-0,0229;-0,2914;-0,2357;-0,2226;-0,0428;-0,053;-0,0301;-0,0318;-0,0424;-0,0378;-0,3127;0,656;2,2055;-0,2926;-0,0859;-0,0408
"malgré";-0,1126;-0,046;-0,0959;-0,0434;-0,0669;-0,0632;-0,0857;-0,4167;-0,1668;-0,1464;-0,2325;0,4773;-0,0259;-0,025;-0,1182;-0,0337;-0,1096;-0,032;1,3528;-0,0492;-0,0286;-0,0324;-0,0068;-0,0599;-0,0589;4,3155;-0,0198;-0,0154;-0,0268;-0,0176;-0,2242;-0,1813;-0,1712;-0,0329;-0,0407;-0,0232;1,2612;-0,0326;-0,0291;-0,2405;-0,0833;0,332;0,3931;-0,0661;-0,0313
"mer";-0,2477;-0,1012;-0,211;-0,0955;-0,1472;-0,139;-0,1886;-0,9168;-0,367;-0,2333;-0,5115;-0,3872;-0,0571;-0,0551;-0,26;-0,0741;-0,2412;-0,0704;-0,0434;1,5988;-0,0629;-0,0713;-0,015;-0,1318;-0,1295;7,8039;-0,0436;-0,034;-0,059;-0,0388;0,5166;-0,3988;-0,3768;-0,0724;-0,0896;-0,051;-0,0539;-0,0718;3,3839;-0,1764;-0,1834;-0,5987;1,6401;-0,1454;-0,069
"revanche";-0,1464;-0,0598;-0,1246;-0,0564;-0,087;-0,0821;-0,1114;-0,5417;-0,2169;0,3909;-0,3022;0,3877;-0,0337;-0,0326;-0,1536;-0,0438;-0,1425;-0,0416;2,8119;-0,0639;-0,0372;-0,0421;-0,0089;-0,0779;-0,0765;-0,1287;-0,0257;-0,0201;-0,0349;-0,0229;-0,2914;2,8299;0,3968;-0,0428;-0,053;-0,0301;-0,0318;-0,0424;-0,0378;-0,3127;-0,1083;0,254;0,8612;-0,0859;-0,0408
"turc";4,5785;-0,069;-0,1438;-0,0651;-0,1004;-0,0948;-0,1286;2,8503;0,9675;-0,285;-0,3487;-0,264;-0,0389;-0,0376;-0,1773;-0,0505;-0,1644;-0,048;-0,0296;-0,0738;-0,0429;-0,0486;-0,0102;-0,0899;-0,0883;-0,1485;-0,0297;-0,0232;-0,0402;-0,0264;-0,3363;-0,2719;-0,2569;-0,0493;-0,0611;-0,0348;-0,0367;-0,049;-0,0436;-0,3608;-0,125;0,2151;-0,3377;-0,0992;-0,047
"9";-0,1238;-0,0506;1,6385;-0,0478;0,8071;0,8302;-0,0943;-0,4583;-0,1835;-0,172;-0,2557;-0,1936;-0,0285;-0,0275;-0,13;-0,0371;-0,1206;-0,0352;-0,0217;-0,0541;-0,0315;-0,0356;-0,0075;0,8514;-0,0647;-0,1089;-0,0218;-0,017;-0,0295;1,36;0,3633;-0,1994;-0,1884;-0,0362;-0,0448;-0,0255;-0,0269;-0,0359;-0,032;0,9372;-0,0917;0,3027;-0,2476;-0,0727;-0,0345
"ennemi";0,5166;-0,0644;-0,1342;-0,0608;-0,0937;-0,0884;-0,12;-0,5834;-0,2335;-0,2553;-0,3255;0,9804;-0,0363;-0,0351;0,4992;-0,0472;-0,1535;-0,0448;-0,0276;0,8338;-0,04;-0,0454;-0,0096;-0,0839;-0,0824;-0,1386;-0,0277;-0,0216;-0,0376;-0,0247;0,2886;-0,2538;-0,2397;-0,046;-0,057;-0,0325;-0,0343;1,0005;-0,0407;2,2643;-0,1167;-0,381;0,8084;-0,0925;-0,0439
"relation";-0,1576;-0,0644;0,5753;-0,0608;0,7121;0,7346;-0,12;1,4794;0,381;-0,2553;-0,3255;-0,2464;-0,0363;-0,0351;-0,1655;-0,0472;-0,1535;-0,0448;-0,0276;-0,0689;-0,04;-0,0454;-0,0096;-0,0839;-0,0824;-0,1386;-0,0277;-0,0216;-0,0376;-0,0247;-0,3139;0,9592;-0,2397;-0,046;-0,057;-0,0325;2,5623;-0,0457;-0,0407;-0,3367;-0,1167;-0,381;0,2873;-0,0925;-0,0439
"vandale";-0,1914;-0,0782;-0,163;-0,0738;-0,1138;-0,1074;-0,1457;-0,7084;-0,2836;0,5764;-0,3952;-0,2992;-0,0441;-0,0426;-0,2009;-0,0573;-0,1864;-0,0544;-0,0335;-0,0836;-0,0486;-0,0551;-0,0116;-0,1019;-0,1001;-0,1683;-0,0337;-0,0263;-0,0456;-0,03;13,5971;-0,3082;-0,2911;-0,0559;-0,0693;-0,0394;-0,0416;-0,0555;-0,0494;-0,4089;-0,1417;-0,1405;-0,3827;-0,1124;-0,0533
"stilicon";-0,2815;-0,115;-0,2397;-0,1086;-0,1673;-0,1579;-0,2143;-1,0418;-0,4171;1,3739;-0,5813;-0,44;-0,0648;-0,0626;-0,2955;-0,0842;-0,2741;-0,08;-0,0493;-0,123;-0,0715;-0,081;-0,0171;-0,1498;-0,1472;-0,2475;-0,0495;-0,0386;-0,0671;-0,0441;17,8599;-0,4532;-0,4281;-0,0822;-0,1019;-0,058;-0,0612;-0,0816;-0,0727;-0,6014;-0,2084;-0,6804;-0,1954;-0,1653;-0,0784
"fort";0,2981;-0,1243;0,3477;-0,1172;-0,1807;-0,1706;1,8139;-0,263;-0,1371;-0,3514;-0,6278;-0,1495;-0,07;-0,0676;1,4563;-0,091;-0,296;-0,0864;-0,0532;-0,1328;-0,0772;-0,0875;-0,0184;-0,1618;-0,1589;-0,2673;-0,0535;-0,0417;-0,0724;-0,0476;0,4013;0,5185;-0,143;-0,0888;-0,11;2,0418;-0,0661;-0,0881;0,7814;-0,245;0,3932;-0,296;0,3992;-0,1785;-0,0847
"nombre";-0,2252;-0,092;0,4473;-0,0868;0,5764;0,5979;-0,1714;0,2537;0,2707;-0,191;-0,465;-0,352;-0,0519;-0,0501;0,377;-0,0674;-0,2192;-0,064;-0,0394;-0,0984;-0,0572;-0,0648;-0,0137;-0,1198;-0,1177;-0,198;-0,0396;-0,0309;-0,0536;-0,0352;0,5744;2,0981;-0,3425;-0,0658;-0,0815;-0,0464;-0,049;-0,0653;-0,0582;-0,1508;-0,1667;1,5216;-0,4503;-0,1322;-0,0627
"besoin";-0,1801;-0,0736;-0,1534;-0,0695;-0,1071;-0,1011;2,4628;1,2831;0,9201;-0,3154;-0,372;0,8825;-0,0415;-0,0401;-0,1891;-0,0539;-0,1754;-0,0512;-0,0315;-0,0787;-0,0458;-0,0518;-0,0109;-0,0959;-0,0942;-0,1584;-0,0317;-0,0247;-0,0429;-0,0282;-0,3587;-0,29;0,3299;-0,0526;-0,0652;-0,0371;-0,0392;-0,0522;-0,0465;-0,3849;-0,1334;-0,4354;0,249;1,624;-0,0502
"attaque";-0,1464;-0,0598;-0,1246;-0,0564;-0,087;-0,0821;-0,1114;-0,5417;-0,2169;0,8198;-0,3022;-0,2288;-0,0337;-0,0326;-0,1536;-0,0438;-0,1425;-0,0416;-0,0256;-0,0639;-0,0372;-0,0421;-0,0089;-0,0779;-0,0765;0,591;-0,0257;-0,0201;-0,0349;-0,0229;-0,2914;-0,2357;-0,2226;-0,0428;-0,053;12,7252;-0,0318;-0,0424;-0,0378;0,2897;-0,1083;-0,3538;0,3096;-0,0859;-0,0408
"dizaine";-0,1126;-0,046;-0,0959;-0,0434;-0,0669;-0,0632;-0,0857;-0,4167;-0,1668;1,0949;-0,2325;0,4773;-0,0259;-0,025;-0,1182;-0,0337;-0,1096;-0,032;-0,0197;-0,0492;-0,0286;1,1433;-0,0068;-0,0599;-0,0589;-0,099;-0,0198;-0,0154;-0,0268;-0,0176;-0,2242;-0,1813;-0,1712;1,1371;-0,0407;-0,0232;-0,0245;-0,0326;-0,0291;-0,2405;-0,0833;0,332;1,0573;0,8502;-0,0313
"alains";-0,2027;-0,0828;-0,1726;-0,0782;-0,1205;-0,1137;-0,1543;-0,7501;-0,3003;-0,3783;-0,4185;-0,3168;-0,0467;-0,0451;-0,2127;-0,0607;-0,1973;-0,0576;-0,0355;-0,0885;-0,0515;-0,0583;-0,0123;-0,1078;-0,1059;-0,1782;-0,0356;-0,0278;-0,0483;-0,0317;11,4454;-0,3263;-0,3082;-0,0592;-0,0733;-0,0417;-0,0441;-0,0588;-0,0524;-0,433;-0,15;-0,1546;1,9492;-0,119;-0,0564
"rhin";-0,1689;-0,069;-0,1438;-0,0651;-0,1004;-0,0948;-0,1286;-0,625;-0,2502;-0,285;-0,3487;-0,264;-0,0389;-0,0376;-0,1773;-0,0505;-0,1644;-0,048;-0,0296;-0,0738;-0,0429;-0,0486;-0,0102;-0,0899;-0,0883;-0,1485;-0,0297;-0,0232;-0,0402;-0,0264;11,2372;-0,2719;-0,2569;-0,0493;-0,0611;-0,0348;-0,0367;-0,049;-0,0436;-0,3608;-0,125;1,2304;-0,3377;-0,0992;-0,047
"suite";-0,2477;-0,1012;-0,211;-0,0955;-0,1472;-0,139;-0,1886;-0,9168;-0,367;-0,5113;-0,5115;0,2291;2,1224;-0,0551;-0,26;-0,0741;-0,2412;0,825;-0,0434;0,6565;-0,0629;-0,0713;-0,015;-0,1318;-0,1295;0,404;-0,0436;-0,034;-0,059;2,4469;-0,4932;0,6451;0,6813;-0,0724;-0,0896;-0,051;-0,0539;-0,0718;-0,064;-0,1764;5,5734;-0,2144;-0,4953;-0,1454;0,8331
"exécuter";-0,1126;0,9977;2,9544;-0,0434;-0,0669;-0,0632;-0,0857;-0,4167;-0,1668;-0,1464;-0,2325;-0,176;-0,0259;-0,025;-0,1182;-0,0337;-0,1096;-0,032;-0,0197;-0,0492;-0,0286;2,6228;-0,0068;-0,0599;-0,0589;-0,099;-0,0198;-0,0154;-0,0268;-0,0176;0,3945;-0,1813;-0,1712;-0,0329;-0,0407;-0,0232;-0,0245;-0,0326;-0,0291;-0,2405;-0,0833;0,332;0,3931;-0,0661;-0,0313
"renforcer";0,5729;0,923;-0,1151;-0,0521;-0,0803;-0,0758;-0,1029;-0,5;-0,2002;-0,1988;-0,279;0,4144;-0,0311;-0,0301;-0,1418;-0,0404;-0,1315;-0,0384;-0,0237;-0,059;-0,0343;-0,0389;-0,0082;-0,0719;-0,0706;-0,1188;-0,0238;-0,0185;-0,0322;1,3231;0,9225;2,9754;-0,2055;-0,0395;-0,0489;-0,0278;-0,0294;-0,0392;-0,0349;0,3138;-0,1;-0,3266;-0,2701;-0,0793;-0,0376
"afin";-0,1464;-0,0598;1,4993;-0,0564;-0,087;-0,0821;-0,1114;1,5936;0,4055;-0,2266;-0,3022;-0,2288;-0,0337;-0,0326;-0,1536;-0,0438;-0,1425;-0,0416;-0,0256;-0,0639;-0,0372;-0,0421;-0,0089;-0,0779;-0,0765;-0,1287;-0,0257;-0,0201;-0,0349;-0,0229;-0,2914;-0,2357;0,3968;-0,0428;0,94;-0,0301;-0,0318;-0,0424;-0,0378;-0,3127;-0,1083;0,254;0,3096;0,7459;-0,0408
"couper";-0,1238;-0,0506;-0,1055;0,9824;-0,0736;-0,0695;-0,0943;-0,4583;-0,1835;-0,172;-0,2557;0,4441;1,1967;-0,0275;-0,13;-0,0371;-0,1206;1,1088;-0,0217;0,9314;-0,0315;-0,0356;-0,0075;-0,0659;-0,0647;-0,1089;1,3106;-0,017;-0,0295;-0,0194;0,3633;-0,1994;-0,1884;-0,0362;-0,0448;-0,0255;-0,0269;-0,0359;-0,032;-0,2646;-0,0917;0,3027;0,9845;-0,0727;-0,0345
"charger";-0,1464;-0,0598;-0,1246;-0,0564;-0,087;-0,0821;-0,1114;0,4729;0,4055;-0,2266;-0,3022;-0,2288;-0,0337;-0,0326;-0,1536;1,018;-0,1425;-0,0416;-0,0256;-0,0639;-0,0372;1,0342;-0,0089;-0,0779;-0,0765;-0,1287;-0,0257;-0,0201;-0,0349;-0,0229;-0,2914;-0,2357;-0,2226;-0,0428;-0,053;-0,0301;-0,0318;-0,0424;-0,0378;-0,3127;-0,1083;0,7331;1,5995;1,7982;-0,0408
"cesse";-0,1689;-0,069;-0,1438;-0,0651;-0,1004;-0,0948;0,5913;1,3764;0,9675;0,3177;-0,3487;-0,264;-0,0389;-0,0376;0,4747;-0,0505;-0,1644;-0,048;-0,0296;-0,0738;-0,0429;-0,0486;1,6323;-0,0899;-0,0883;-0,1485;-0,0297;-0,0232;-0,0402;-0,0264;-0,3363;-0,2719;-0,2569;-0,0493;-0,0611;-0,0348;-0,0367;-0,049;-0,0436;0,2485;-0,125;0,2151;0,7603;-0,0992;-0,047
"acte";0,3095;2,5974;3,6558;2,6684;-0,174;-0,1643;-0,2229;-1,0835;-0,4338;-0,6519;-0,6045;-0,4577;4,7795;-0,0651;-0,3073;-0,0876;-0,285;-0,0832;-0,0513;-0,1279;-0,0744;4,4037;-0,0178;2,2786;-0,153;-0,2574;-0,0515;-0,0402;-0,0697;-0,0458;-0,5829;-0,4714;0,575;-0,0855;-0,1059;-0,0603;-0,0637;-0,0849;-0,0756;-0,6255;-0,2167;-0,7076;-0,5854;-0,1719;-0,0815
"entrer";-0,1238;-0,0506;-0,1055;-0,0478;-0,0736;-0,0695;0,7096;1,8652;1,2057;-0,172;-0,2557;-0,1936;-0,0285;-0,0275;-0,13;-0,0371;-0,1206;-0,0352;-0,0217;-0,0541;-0,0315;-0,0356;-0,0075;-0,0659;-0,0647;-0,1089;-0,0218;-0,017;-0,0295;-0,0194;0,9874;-0,1994;-0,1884;-0,0362;-0,0448;-0,0255;-0,0269;1,1004;-0,032;-0,2646;-0,0917;-0,2993;-0,2476;-0,0727;-0,0345
"coup";-0,2477;4,1148;-0,211;1,699;0,5413;0,5625;2,0612;-0,9168;-0,367;-0,2333;-0,5115;0,2291;-0,0571;-0,0551;-0,26;-0,0741;-0,2412;-0,0704;-0,0434;-0,1082;-0,0629;0,8199;-0,015;1,4422;-0,1295;-0,2178;-0,0436;-0,034;-0,059;-0,0388;-0,4932;0,6451;-0,3768;-0,0724;-0,0896;-0,051;-0,0539;0,8169;-0,064;-0,5292;-0,1834;-0,2144;-0,1587;-0,1454;-0,069
"ouvrir";0,3769;-0,0966;-0,2014;-0,0912;-0,1405;-0,1327;-0,18;-0,8751;-0,3503;-0,4773;-0,4882;-0,3696;-0,0545;-0,0526;-0,2482;-0,0708;-0,2302;6,4161;-0,0414;-0,1033;-0,0601;-0,068;-0,0143;0,5994;-0,1236;5,2795;-0,0416;-0,0324;-0,0563;-0,037;1,065;-0,3807;0,2494;-0,0691;-0,0856;-0,0487;-0,0514;-0,0686;-0,0611;-0,1635;-0,175;-0,1989;-0,1469;-0,1388;-0,0658
"disposer";-0,1464;-0,0598;-0,1246;-0,0564;-0,087;-0,0821;-0,1114;-0,5417;-0,2169;-0,2266;-0,3022;-0,2288;-0,0337;-0,0326;-0,1536;-0,0438;-0,1425;-0,0416;-0,0256;2,0413;-0,0372;-0,0421;-0,0089;-0,0779;-0,0765;-0,1287;-0,0257;-0,0201;-0,0349;-0,0229;-0,2914;2,8299;1,0562;-0,0428;-0,053;-0,0301;-0,0318;-0,0424;-0,0378;-0,3127;-0,1083;2,2055;-0,2926;-0,0859;-0,0408
"esclave";-0,1464;-0,0598;-0,1246;-0,0564;-0,087;-0,0821;-0,1114;-0,5417;-0,2169;-0,2266;-0,3022;0,3877;-0,0337;-0,0326;-0,1536;-0,0438;-0,1425;-0,0416;-0,0256;-0,0639;-0,0372;-0,0421;-0,0089;-0,0779;-0,0765;-0,1287;-0,0257;-0,0201;-0,0349;-0,0229;1,6041;-0,2357;-0,2226;-0,0428;2,198;-0,0301;-0,0318;-0,0424;-0,0378;1,5266;-0,1083;0,254;0,8612;-0,0859;-0,0408
"renseignement";-0,3603;-0,1473;-0,3069;-0,139;-0,2142;-0,2022;-0,2743;-1,3336;-0,5339;-0,8735;-0,7441;-0,5633;-0,083;-0,0802;-0,3783;-0,1078;-0,3508;-0,1024;-0,0631;-0,1574;-0,0915;0,6728;-0,0219;-0,1918;-0,1884;-0,3169;-0,0634;-0,0494;-0,0858;-0,0564;-0,7175;-0,5802;39,8076;-0,1053;-0,1304;-0,0742;-0,0783;-0,1045;-0,0931;-0,7698;-0,2667;-0,871;-0,7205;-0,2116;-0,1003
"volonté";-0,1576;-0,0644;-0,1342;-0,0608;-0,0937;-0,0884;-0,12;1,4794;1,0191;-0,2553;-0,3255;-0,2464;-0,0363;-0,0351;1,2764;-0,0472;-0,1535;-0,0448;-0,0276;-0,0689;-0,04;-0,0454;-0,0096;-0,0839;-0,0824;-0,1386;-0,0277;-0,0216;-0,0376;-0,0247;-0,3139;0,9592;-0,2397;-0,046;-0,057;1,1425;-0,0343;-0,0457;-0,0407;-0,3367;-0,1167;0,683;-0,3152;-0,0925;-0,0439
"répondre";0,3769;-0,0966;-0,2014;-0,0912;0,5584;0,5797;-0,18;0,9223;0,7293;-0,2117;-0,4882;0,2418;-0,0545;-0,0526;0,3612;-0,0708;-0,2302;-0,0672;-0,0414;-0,1033;0,8889;-0,068;-0,0143;0,5994;-0,1236;-0,2079;-0,0416;-0,0324;-0,0563;-0,037;-0,4708;-0,3807;-0,3596;-0,0691;-0,0856;-0,0487;-0,0514;-0,0686;-0,0611;1,618;-0,175;0,4348;-0,4728;-0,1388;-0,0658
"jérôme";-0,1351;-0,0552;-0,1151;-0,0521;-0,0803;-0,0758;-0,1029;-0,5;-0,2002;-0,1988;-0,279;-0,2112;-0,0311;-0,0301;-0,1418;-0,0404;-0,1315;-0,0384;-0,0237;-0,059;-0,0343;-0,0389;-0,0082;-0,0719;-0,0706;-0,1188;-0,0238;-0,0185;-0,0322;-0,0211;2,6415;-0,2175;-0,2055;9,8017;-0,0489;-0,0278;-0,0294;-0,0392;-0,0349;-0,2886;-0,1;0,2769;-0,2701;-0,0793;-0,0376
"univers";-0,1801;-0,0736;-0,1534;-0,0695;-0,1071;-0,1011;-0,1371;1,2831;0,9201;0,2871;-0,372;-0,2816;-0,0415;-0,0401;-0,1891;-0,0539;-0,1754;0,9539;-0,0315;0,7806;-0,0458;-0,0518;1,6046;-0,0959;-0,0942;-0,1584;-0,0317;-0,0247;-0,0429;-0,0282;-0,3587;-0,29;-0,274;-0,0526;-0,0652;-0,0371;-0,0392;-0,0522;-0,0465;-0,3849;1,4401;-0,4354;1,3564;-0,1058;-0,0502
"partager";-0,1576;-0,0644;-0,1342;-0,0608;-0,0937;-0,0884;-0,12;0,4306;0,381;-0,2553;-0,3255;0,9804;-0,0363;-0,0351;-0,1655;-0,0472;-0,1535;-0,0448;-0,0276;-0,0689;-0,04;-0,0454;-0,0096;-0,0839;-0,0824;-0,1386;-0,0277;-0,0216;-0,0376;-0,0247;-0,3139;0,9592;-0,2397;-0,046;-0,057;-0,0325;-0,0343;-0,0457;-0,0407;2,2643;0,6278;-0,381;0,2873;-0,0925;-0,0439
"départ";-0,1126;-0,046;-0,0959;-0,0434;0,8453;0,8685;0,7469;-0,4167;-0,1668;-0,1464;-0,2325;-0,176;-0,0259;-0,025;-0,1182;-0,0337;-0,1096;1,1486;-0,0197;-0,0492;-0,0286;-0,0324;-0,0068;-0,0599;-0,0589;-0,099;-0,0198;-0,0154;-0,0268;-0,0176;-0,2242;-0,1813;0,487;1,1371;1,048;-0,0232;-0,0245;-0,0326;-0,0291;-0,2405;-0,0833;0,332;0,3931;-0,0661;-0,0313
"300";-0,1126;-0,046;-0,0959;-0,0434;-0,0669;-0,0632;-0,0857;-0,4167;-0,1668;-0,1464;-0,2325;4,6788;-0,0259;-0,025;0,623;-0,0337;-0,1096;-0,032;-0,0197;-0,0492;-0,0286;-0,0324;-0,0068;-0,0599;-0,0589;-0,099;-0,0198;-0,0154;-0,0268;-0,0176;-0,2242;-0,1813;0,487;-0,0329;-0,0407;-0,0232;-0,0245;-0,0326;-0,0291;-0,2405;-0,0833;0,9209;-0,2251;-0,0661;-0,0313
"personne";2,0143;1,326;0,791;-0,1433;-0,2209;-0,2085;0,8676;-0,3893;-0,1902;-0,9115;-0,7673;-0,207;-0,0856;-0,0827;-0,3901;-0,1112;-0,3618;-0,1056;0,8565;-0,1623;-0,0944;0,661;-0,0225;2,9819;-0,1943;1,4233;-0,0653;-0,051;0,7342;-0,0582;0,6386;-0,5983;-0,5652;0,6553;-0,1345;1,8736;-0,0808;-0,1077;-0,096;-0,7939;0,3286;-0,8982;-0,3026;-0,2182;-0,1035
"tenter";1,4386;-0,0552;0,6331;-0,0521;-0,0803;-0,0758;-0,1029;-0,5;-0,2002;-0,1988;-0,279;0,4144;-0,0311;-0,0301;-0,1418;-0,0404;-0,1315;-0,0384;-0,0237;-0,059;-0,0343;-0,0389;-0,0082;-0,0719;-0,0706;0,621;-0,0238;-0,0185;-0,0322;-0,0211;0,9225;1,0757;-0,2055;-0,0395;-0,0489;-0,0278;-0,0294;-0,0392;-0,0349;-0,2886;0,6868;-0,3266;-0,2701;-0,0793;1,0811
"gabriel";-0,2927;-0,1196;-0,2493;-0,1129;-0,174;-0,1643;-0,2229;15,6634;3,4668;-1,2621;-0,6045;-0,4577;-0,0674;-0,0651;-0,3073;-0,0876;-0,285;-0,0832;-0,0513;-0,1279;-0,0744;-0,0843;-0,0178;-0,1558;-0,153;-0,2574;-0,0515;-0,0402;-0,0697;-0,0458;-0,5829;-0,4714;-0,4453;-0,0855;-0,1059;-0,0603;-0,0637;-0,0849;-0,0756;-0,6255;-0,2167;-0,7076;-0,5854;-0,1719;-0,0815
"martiner";-0,2927;-0,1196;-0,2493;-0,1129;-0,174;-0,1643;-0,2229;15,6634;3,4668;-1,2621;-0,6045;-0,4577;-0,0674;-0,0651;-0,3073;-0,0876;-0,285;-0,0832;-0,0513;-0,1279;-0,0744;-0,0843;-0,0178;-0,1558;-0,153;-0,2574;-0,0515;-0,0402;-0,0697;-0,0458;-0,5829;-0,4714;-0,4453;-0,0855;-0,1059;-0,0603;-0,0637;-0,0849;-0,0756;-0,6255;-0,2167;-0,7076;-0,5854;-0,1719;-0,0815
"gros";0,2671;-0,1381;-0,2877;-0,1303;-0,2008;-0,1895;0,3498;13,7053;3,1113;-1,4563;-0,6975;-0,5281;-0,0778;-0,0751;-0,3546;-0,1011;-0,3289;-0,096;-0,0592;-0,1476;-0,0858;-0,0972;-0,0205;-0,1798;-0,1766;-0,2971;-0,0594;-0,0463;-0,0805;0,9407;-0,6726;-0,5439;-0,5138;-0,0987;-0,1222;-0,0696;-0,0735;-0,0979;-0,0873;-0,7217;-0,2501;-0,8165;-0,261;-0,1983;-0,0941
"croisade";-0,1914;-0,0782;-0,163;-0,0738;-0,1138;-0,1074;-0,1457;11,8324;1,6116;-0,8252;-0,3952;-0,2992;-0,0441;-0,0426;-0,2009;-0,0573;-0,1864;-0,0544;-0,0335;-0,0836;-0,0486;-0,0551;-0,0116;-0,1019;-0,1001;-0,1683;-0,0337;-0,0263;-0,0456;-0,03;-0,3811;-0,3082;-0,2911;-0,0559;-0,0693;-0,0394;-0,0416;-0,0555;-0,0494;-0,4089;-0,1417;-0,4626;-0,3827;-0,1124;-0,0533
"olivier";-0,3153;-0,1289;-0,2685;-0,1216;-0,1874;-0,1769;-0,24;14,6118;4,2014;-1,3592;-0,651;-0,4929;-0,0726;-0,0701;-0,331;-0,0944;-0,307;-0,0896;-0,0552;-0,1377;-0,0801;0,7246;-0,0191;-0,1678;-0,1648;-0,2772;-0,0554;-0,0433;-0,0751;-0,0493;-0,6278;-0,5076;-0,4795;-0,0921;-0,1141;-0,0649;-0,0686;-0,0914;-0,0814;-0,6736;-0,2334;-0,7621;-0,6304;-0,1851;-0,0878
"hanne";-0,304;-0,1243;-0,2589;-0,1172;-0,1807;-0,1706;-0,2315;15,1165;4,312;-1,3107;-0,6278;-0,4753;-0,07;-0,0676;-0,3191;-0,091;-0,296;-0,0864;-0,0532;-0,1328;-0,0772;-0,0875;-0,0184;-0,1618;-0,1589;-0,2673;-0,0535;-0,0417;-0,0724;-0,0476;-0,6054;-0,4895;-0,4624;-0,0888;-0,11;-0,0626;-0,0661;-0,0881;-0,0785;-0,6495;-0,2251;-0,7349;-0,6079;-0,1785;-0,0847
"communauté";0,5166;-0,0644;-0,1342;-0,0608;-0,0937;-0,0884;-0,12;0,4306;0,381;-0,6795;-0,3255;-0,2464;-0,0363;-0,0351;0,4992;-0,0472;-0,1535;-0,0448;-0,0276;-0,0689;-0,04;-0,0454;-0,0096;-0,0839;-0,0824;-0,1386;-0,0277;-0,0216;-0,0376;-0,0247;-0,3139;-0,2538;1,8167;-0,046;-0,057;-0,0325;1,1199;-0,0457;-0,0407;3,2214;-0,1167;-0,381;-0,3152;-0,0925;-0,0439
"travers";-0,1238;-0,0506;-0,1055;-0,0478;0,8071;0,8302;-0,0943;0,5745;0,4627;-0,5339;-0,2557;0,4441;-0,0285;-0,0275;-0,13;-0,0371;-0,1206;-0,0352;-0,0217;-0,0541;-0,0315;-0,0356;-0,0075;-0,0659;-0,0647;-0,1089;-0,0218;-0,017;1,1826;-0,0194;-0,2466;-0,1994;1,186;-0,0362;-0,0448;-0,0255;-0,0269;-0,0359;1,1486;0,3408;-0,0917;-0,2993;-0,2476;-0,0727;-0,0345
"2008";-0,1126;-0,046;-0,0959;-0,0434;-0,0669;-0,0632;-0,0857;2,0292;1,2821;-0,4854;-0,2325;0,4773;-0,0259;-0,025;-0,1182;-0,0337;-0,1096;-0,032;-0,0197;-0,0492;-0,0286;-0,0324;-0,0068;-0,0599;-0,0589;-0,099;-0,0198;-0,0154;-0,0268;-0,0176;-0,2242;-0,1813;-0,1712;1,1371;1,048;-0,0232;-0,0245;-0,0326;-0,0291;-0,2405;-0,0833;0,332;-0,2251;-0,0661;-0,0313
"mongol";-0,1464;-0,0598;-0,1246;-0,0564;-0,087;-0,0821;-0,1114;8,047;1,0754;-0,631;-0,3022;-0,2288;-0,0337;-0,0326;-0,1536;-0,0438;-0,1425;-0,0416;-0,0256;-0,0639;-0,0372;-0,0421;-0,0089;-0,0779;-0,0765;-0,1287;-0,0257;-0,0201;-0,0349;-0,0229;-0,2914;-0,2357;-0,2226;-0,0428;-0,053;-0,0301;-0,0318;-0,0424;-0,0378;-0,3127;-0,1083;-0,3538;0,3096;-0,0859;-0,0408
"croiser";-0,1126;-0,046;-0,0959;-0,0434;-0,0669;-0,0632;-0,0857;4,0524;0,4963;-0,4854;-0,2325;-0,176;-0,0259;-0,025;-0,1182;-0,0337;-0,1096;-0,032;-0,0197;-0,0492;-0,0286;-0,0324;-0,0068;-0,0599;-0,0589;-0,099;-0,0198;1,4567;-0,0268;-0,0176;-0,2242;-0,1813;-0,1712;-0,0329;-0,0407;-0,0232;-0,0245;-0,0326;1,1886;-0,2405;-0,0833;-0,2721;0,3931;-0,0661;-0,0313
"notion";-0,2252;-0,092;-0,1918;-0,0868;-0,1338;-0,1263;-0,1714;5,4989;3,1372;-0,9708;-0,465;-0,352;-0,0519;-0,0501;0,377;-0,0674;-0,2192;-0,064;-0,0394;-0,0984;-0,0572;-0,0648;-0,0137;-0,1198;-0,1177;-0,198;-0,0396;-0,0309;-0,0536;-0,0352;-0,4484;-0,3626;-0,3425;-0,0658;-0,0815;-0,0464;-0,049;-0,0653;-0,0582;1,0464;-0,1667;-0,1838;-0,4503;-0,1322;-0,0627
"refus";-0,1351;-0,0552;-0,1151;-0,0521;-0,0803;-0,0758;-0,1029;5,764;3,108;-0,5824;-0,279;-0,2112;-0,0311;-0,0301;-0,1418;-0,0404;-0,1315;-0,0384;-0,0237;-0,059;-0,0343;-0,0389;-0,0082;-0,0719;-0,0706;-0,1188;-0,0238;-0,0185;-0,0322;-0,0211;-0,269;-0,2175;-0,2055;-0,0395;-0,0489;-0,0278;-0,0294;-0,0392;-0,0349;-0,2886;-0,1;-0,3266;-0,2701;-0,0793;-0,0376
"collectif";-0,1238;-0,0506;-0,1055;-0,0478;-0,0736;-0,0695;-0,0943;0,5745;0,4627;-0,5339;-0,2557;-0,1936;-0,0285;-0,0275;-0,13;-0,0371;-0,1206;-0,0352;-0,0217;-0,0541;-0,0315;-0,0356;-0,0075;-0,0659;-0,0647;-0,1089;-0,0218;-0,017;1,1826;-0,0194;-0,2466;-0,1994;-0,1884;-0,0362;-0,0448;-0,0255;-0,0269;-0,0359;-0,032;0,3408;-0,0917;0,3027;-0,2476;6,4779;-0,0345
"valeur";0,3342;-0,1104;-0,2301;-0,1042;-0,1606;-0,1516;-0,2057;3,0283;1,9325;-1,165;-0,558;-0,4224;-0,0622;-0,0601;-0,2837;-0,0809;-0,2631;-0,0768;-0,0473;-0,118;-0,0686;-0,0778;-0,0164;-0,1438;-0,1413;-0,2376;-0,0475;-0,0371;0,8608;-0,0423;-0,5381;0,59;0,2133;-0,0789;-0,0978;-0,0557;0,8978;-0,0784;0,8283;1,4239;-0,2;-0,6532;-0,1829;-0,1587;-0,0752
"commun";-0,1576;-0,0644;-0,1342;-0,0608;-0,0937;-0,0884;-0,12;0,4306;0,381;-0,6795;-0,3255;-0,2464;-0,0363;-0,0351;0,4992;-0,0472;-0,1535;-0,0448;-0,0276;-0,0689;-0,04;-0,0454;-0,0096;-0,0839;-0,0824;-0,1386;-0,0277;-0,0216;1,0818;-0,0247;-0,3139;-0,2538;-0,2397;-0,046;-0,057;-0,0325;-0,0343;1,0005;-0,0407;5,494;-0,1167;-0,381;-0,3152;0,7169;-0,0439
"régulièrement";-0,1126;-0,046;-0,0959;-0,0434;-0,0669;-0,0632;0,7469;0,6363;0,4963;-0,4854;-0,2325;-0,176;-0,0259;-0,025;-0,1182;-0,0337;-0,1096;1,1486;-0,0197;-0,0492;-0,0286;1,1433;-0,0068;-0,0599;-0,0589;1,6935;-0,0198;-0,0154;-0,0268;-0,0176;-0,2242;-0,1813;-0,1712;-0,0329;-0,0407;-0,0232;-0,0245;-0,0326;-0,0291;0,3714;-0,0833;0,332;-0,2251;-0,0661;-0,0313
"analyse";-0,1464;-0,0598;0,6029;-0,0564;-0,087;-0,0821;0,6453;3,2454;1,0754;-0,631;-0,3022;-0,2288;-0,0337;-0,0326;-0,1536;-0,0438;-0,1425;-0,0416;-0,0256;-0,0639;-0,0372;-0,0421;-0,0089;-0,0779;-0,0765;-0,1287;-0,0257;-0,0201;-0,0349;-0,0229;0,3108;-0,2357;0,3968;-0,0428;-0,053;-0,0301;-0,0318;-0,0424;-0,0378;-0,3127;-0,1083;-0,3538;0,3096;-0,0859;-0,0408
"discours";-0,2139;-0,0874;-0,1822;-0,0825;-0,1272;-0,12;-0,1629;5,7626;3,2485;-0,9223;-0,4417;-0,3344;-0,0493;-0,0476;1,8676;-0,064;-0,2083;-0,0608;-0,0375;-0,0934;-0,0543;-0,0616;-0,013;-0,1138;-0,1118;-0,1881;-0,0376;-0,0293;0,9557;-0,0335;-0,426;-0,3444;-0,3254;-0,0625;-0,0774;-0,0441;-0,0465;-0,062;-0,0553;-0,457;-0,1584;-0,5171;-0,4277;-0,1256;-0,0596
"oeil";-0,259;-0,1058;-0,2206;-0,0999;0,5252;0,5461;-0,1972;0,8137;0,669;-1,1165;-0,5347;0,2173;-0,0597;0,9058;-0,2719;0,7866;-0,2521;0,8072;-0,0454;0,6396;-0,0658;-0,0745;-0,0157;-0,1378;0,5722;-0,2277;-0,0455;-0,0355;-0,0617;-0,0405;-0,5157;-0,417;-0,3939;-0,0756;-0,0937;-0,0533;0,9151;-0,0751;-0,0669;-0,5533;0,4475;0,3858;2,2895;-0,1521;-0,0721
"éviter";0,4919;-0,069;-0,1438;-0,0651;-0,1004;-0,0948;-0,1286;1,3764;0,3586;-0,7281;-0,3487;-0,264;-0,0389;-0,0376;-0,1773;-0,0505;-0,1644;-0,048;-0,0296;-0,0738;-0,0429;-0,0486;-0,0102;-0,0899;-0,0883;-0,1485;-0,0297;-0,0232;-0,0402;-0,0264;0,2684;0,9086;-0,2569;-0,0493;-0,0611;-0,0348;-0,0367;-0,049;-0,0436;-0,3608;1,4926;-0,4082;0,7603;1,6777;-0,047
"accord";0,6414;-0,046;0,7031;-0,0434;-0,0669;-0,0632;-0,0857;2,0292;1,2821;-0,4854;-0,2325;-0,176;-0,0259;-0,025;-0,1182;-0,0337;-0,1096;-0,032;-0,0197;-0,0492;-0,0286;-0,0324;-0,0068;-0,0599;-0,0589;-0,099;-0,0198;-0,0154;-0,0268;-0,0176;-0,2242;-0,1813;-0,1712;-0,0329;-0,0407;-0,0232;-0,0245;-0,0326;-0,0291;-0,2405;-0,0833;0,332;0,3931;-0,0661;-0,0313
"affirmer";1,5092;-0,1243;0,3477;-0,1172;-0,1807;-0,1706;-0,2315;1,4909;0,5675;-1,3107;-0,6278;-0,1495;0,827;-0,0676;1,4563;-0,091;-0,296;1,7771;-0,0532;-0,1328;-0,0772;-0,0875;-0,0184;-0,1618;-0,1589;2,5259;-0,0535;-0,0417;-0,0724;-0,0476;-0,6054;-0,4895;-0,4624;-0,0888;-0,11;-0,0626;-0,0661;-0,0881;-0,0785;-0,245;0,3932;-0,296;-0,221;-0,1785;-0,0847
"o";-0,1351;-0,0552;-0,1151;-0,0521;-0,0803;-0,0758;-0,1029;5,764;3,108;-0,5824;-0,279;-0,2112;-0,0311;-0,0301;-0,1418;-0,0404;-0,1315;-0,0384;-0,0237;-0,059;-0,0343;-0,0389;-0,0082;-0,0719;-0,0706;-0,1188;-0,0238;-0,0185;-0,0322;-0,0211;-0,269;-0,2175;-0,2055;-0,0395;-0,0489;-0,0278;-0,0294;-0,0392;-0,0349;-0,2886;-0,1;-0,3266;-0,2701;-0,0793;-0,0376
"h";0,3095;0,6183;-0,2493;-0,1129;-0,174;-0,1643;-0,2229;2,7731;1,81;-1,2621;-0,6045;-0,4577;-0,0674;-0,0651;-0,3073;-0,0876;-0,285;-0,0832;-0,0513;-0,1279;-0,0744;-0,0843;-0,0178;-0,1558;0,5273;-0,2574;-0,0515;-0,0402;-0,0697;9,0532;-0,5829;-0,4714;-0,4453;-0,0855;1,6129;-0,0603;-0,0637;1,7921;0,7964;-0,6255;-0,2167;-0,7076;-0,5854;-0,1719;-0,0815
"certes";-0,1351;-0,0552;-0,1151;-0,0521;-0,0803;-0,0758;-0,1029;1,7212;1,1372;-0,5824;-0,279;-0,2112;-0,0311;1,1748;-0,1418;-0,0404;-0,1315;-0,0384;-0,0237;-0,059;-0,0343;-0,0389;-0,0082;-0,0719;-0,0706;-0,1188;1,2738;-0,0185;-0,0322;-0,0211;-0,269;1,0757;-0,2055;-0,0395;-0,0489;-0,0278;-0,0294;-0,0392;-0,0349;0,3138;-0,1;0,2769;-0,2701;-0,0793;-0,0376
"terrible";-0,1238;-0,0506;-0,1055;-0,0478;-0,0736;-0,0695;-0,0943;0,5745;0,4627;-0,5339;-0,2557;-0,1936;-0,0285;-0,0275;-0,13;-0,0371;-0,1206;-0,0352;-0,0217;-0,0541;-0,0315;-0,0356;-0,0075;-0,0659;-0,0647;-0,1089;-0,0218;-0,017;-0,0295;-0,0194;-0,2466;-0,1994;-0,1884;-0,0362;-0,0448;-0,0255;1,221;-0,0359;-0,032;0,3408;-0,0917;0,8509;2,7935;-0,0727;-0,0345
"différence";-0,1914;-0,0782;-0,163;-0,0738;-0,1138;-0,1074;-0,1457;4,2554;0,8762;-0,8252;-0,3952;0,8392;-0,0441;-0,0426;1,1246;-0,0573;-0,1864;-0,0544;-0,0335;-0,0836;-0,0486;-0,0551;-0,0116;-0,1019;-0,1001;-0,1683;-0,0337;-0,0263;-0,0456;-0,03;-0,3811;-0,3082;-0,2911;-0,0559;-0,0693;-0,0394;1,0392;-0,0555;-0,0494;0,2147;-0,1417;-0,4626;0,2323;-0,1124;-0,0533
"chaque";-0,2027;-0,0828;-0,1726;-0,0782;1,5174;0,6376;-0,1543;0,3012;0,3018;-0,8737;-0,4185;0,2858;-0,0467;1,0061;0,412;0,8849;-0,1973;-0,0576;-0,0355;-0,0885;-0,0515;-0,0583;-0,0123;0,6578;1,6198;-0,1782;-0,0356;1,2075;-0,0483;-0,0317;-0,4035;-0,3263;0,2939;-0,0592;-0,0733;-0,0417;-0,0441;-0,0588;0,9447;0,5974;-0,15;-0,4899;-0,4052;-0,119;-0,0564
"g";-0,2702;-0,1104;-0,2301;-0,1042;-0,1606;-0,1516;-0,2057;11,0736;5,7656;-1,165;-0,558;-0,4224;-0,0622;-0,0601;-0,2837;-0,0809;-0,2631;-0,0768;-0,0473;-0,118;-0,0686;-0,0778;-0,0164;-0,1438;-0,1413;-0,2376;-0,0475;-0,0371;-0,0644;-0,0423;-0,5381;-0,4351;-0,411;-0,0789;-0,0978;-0,0557;-0,0588;-0,0784;-0,0698;-0,5773;-0,2;-0,6532;-0,5403;-0,1587;-0,0752
"héritage";-0,1351;-0,0552;-0,1151;-0,0521;-0,0803;-0,0758;-0,1029;1,7212;1,1372;-0,5824;-0,279;-0,2112;-0,0311;-0,0301;-0,1418;-0,0404;-0,1315;-0,0384;-0,0237;-0,059;-0,0343;-0,0389;-0,0082;-0,0719;-0,0706;-0,1188;-0,0238;-0,0185;-0,0322;-0,0211;-0,269;4,1506;-0,2055;-0,0395;0,9728;-0,0278;-0,0294;-0,0392;-0,0349;-0,2886;-0,1;-0,3266;-0,2701;-0,0793;-0,0376
"proposer";-0,1914;-0,0782;-0,163;-0,0738;0,6374;0,6594;0,5451;1,1981;0,8762;-0,8252;-0,3952;-0,2992;-0,0441;-0,0426;-0,2009;-0,0573;-0,1864;5,2002;-0,0335;-0,0836;-0,0486;-0,0551;-0,0116;-0,1019;1,6671;-0,1683;-0,0337;-0,0263;-0,0456;-0,03;-0,3811;-0,3082;-0,2911;-0,0559;-0,0693;-0,0394;-0,0416;-0,0555;-0,0494;0,2147;-0,1417;-0,4626;-0,3827;0,6421;-0,0533
"islamique";0,8205;-0,1243;4,6701;-0,1172;-0,1807;-0,1706;-0,2315;5,8005;1,7532;-1,3107;-0,6278;-0,4753;-0,07;-0,0676;-0,3191;-0,091;-0,296;-0,0864;-0,0532;-0,1328;-0,0772;1,7668;-0,0184;-0,1618;-0,1589;-0,2673;-0,0535;-0,0417;-0,0724;-0,0476;-0,6054;-0,4895;-0,143;-0,0888;-0,11;-0,0626;-0,0661;-0,0881;-0,0785;-0,6495;-0,2251;-0,7349;-0,6079;-0,1785;-0,0847
"tour";-0,1689;-0,069;-0,1438;-0,0651;-0,1004;-0,0948;-0,1286;0,3929;0,3586;-0,7281;-0,3487;-0,264;-0,0389;-0,0376;2,1613;-0,0505;-0,1644;-0,048;-0,0296;-0,0738;-0,0429;-0,0486;-0,0102;-0,0899;-0,0883;-0,1485;-0,0297;-0,0232;-0,0402;-0,0264;0,2684;-0,2719;-0,2569;-0,0493;12,479;-0,0348;-0,0367;-0,049;-0,0436;-0,3608;-0,125;-0,4082;-0,3377;-0,0992;-0,047
"déclarer";-0,1801;1,9185;0,5264;-0,0695;-0,1071;-0,1011;-0,1371;1,2831;0,9201;-0,7766;-0,372;-0,2816;-0,0415;-0,0401;-0,1891;-0,0539;-0,1754;-0,0512;-0,0315;-0,0787;2,3142;0,9488;-0,0109;1,7032;-0,0942;0,5148;-0,0317;-0,0247;-0,0429;-0,0282;-0,3587;-0,29;-0,274;-0,0526;-0,0652;1,0868;-0,0392;-0,0522;-0,0465;-0,3849;-0,1334;-0,4354;-0,3602;-0,1058;-0,0502
"anthropologue";-0,1351;-0,0552;0,6331;-0,0521;-0,0803;-0,0758;0,676;1,7212;1,1372;-0,5824;-0,279;0,4144;-0,0311;-0,0301;-0,1418;-0,0404;-0,1315;-0,0384;-0,0237;-0,059;-0,0343;-0,0389;-0,0082;-0,0719;-0,0706;-0,1188;-0,0238;-0,0185;-0,0322;-0,0211;-0,269;-0,2175;-0,2055;-0,0395;-0,0489;-0,0278;4,4289;-0,0392;-0,0349;-0,2886;-0,1;-0,3266;-0,2701;-0,0793;-0,0376
"emparer";-0,1126;-0,046;-0,0959;-0,0434;-0,0669;-0,0632;-0,0857;2,0292;1,2821;-0,4854;-0,2325;-0,176;-0,0259;-0,025;-0,1182;-0,0337;-0,1096;-0,032;-0,0197;-0,0492;-0,0286;-0,0324;-0,0068;-0,0599;-0,0589;-0,099;-0,0198;-0,0154;-0,0268;-0,0176;1,0603;-0,1813;-0,1712;-0,0329;-0,0407;-0,0232;-0,0245;-0,0326;1,1886;-0,2405;0,7579;-0,2721;-0,2251;-0,0661;-0,0313
"déjà";-0,3153;0,5905;-0,2685;-0,1216;0,4553;0,4755;-0,24;1,42;1,0602;-1,3592;-0,651;-0,1587;0,8125;-0,0701;1,4156;-0,0944;-0,307;-0,0896;-0,0552;-0,1377;-0,0801;-0,0907;-0,0191;-0,1678;-0,1648;0,8836;3,5531;-0,0433;-0,0751;-0,0493;-0,6278;-0,5076;-0,4795;-0,0921;-0,1141;-0,0649;-0,0686;-0,0914;0,767;0,3471;-0,2334;-0,3132;-0,2342;0,4596;-0,0878
"chine";-0,2027;-0,0828;0,4842;-0,0782;-0,1205;-0,1137;-0,1543;0,3012;0,3018;-0,8737;-0,4185;-0,3168;-0,0467;-0,0451;0,412;-0,0607;-0,1973;-0,0576;-0,0355;-0,0885;-0,0515;-0,0583;-0,0123;-0,1078;-0,1059;-0,1782;-0,0356;-0,0278;-0,0483;-0,0317;-0,4035;12,5059;-0,3082;-0,0592;-0,0733;-0,0417;-0,0441;-0,0588;-0,0524;-0,433;-0,15;-0,4899;0,2171;-0,119;-0,0564
"progrès";-0,1801;-0,0736;-0,1534;11,962;-0,1071;-0,1011;-0,1371;1,2831;0,9201;-0,7766;-0,372;-0,2816;-0,0415;-0,0401;-0,1891;-0,0539;-0,1754;-0,0512;-0,0315;-0,0787;-0,0458;-0,0518;1,6046;-0,0959;-0,0942;-0,1584;-0,0317;-0,0247;-0,0429;-0,0282;-0,3587;-0,29;-0,274;-0,0526;-0,0652;-0,0371;1,0643;-0,0522;-0,0465;-0,3849;-0,1334;-0,4354;-0,3602;-0,1058;-0,0502
"imaginer";-0,1351;-0,0552;0,6331;-0,0521;0,7726;0,7954;-0,1029;0,5205;0,4326;-0,5824;-0,279;-0,2112;-0,0311;-0,0301;-0,1418;1,0511;-0,1315;-0,0384;-0,0237;-0,059;-0,0343;-0,0389;-0,0082;-0,0719;-0,0706;-0,1188;-0,0238;-0,0185;-0,0322;-0,0211;-0,269;-0,2175;1,1178;-0,0395;-0,0489;-0,0278;-0,0294;-0,0392;-0,0349;0,3138;-0,1;0,2769;0,3343;-0,0793;-0,0376
"inspirer";-0,1914;-0,0782;-0,163;-0,0738;-0,1138;-0,1074;-0,1457;1,1981;0,8762;-0,8252;-0,3952;1,5524;-0,0441;1,0297;0,4313;-0,0573;-0,1864;-0,0544;-0,0335;-0,0836;-0,0486;-0,0551;-0,0116;-0,1019;-0,1001;-0,1683;-0,0337;1,2316;-0,0456;-0,03;-0,3811;-0,3082;-0,2911;-0,0559;-0,0693;-0,0394;1,0392;-0,0555;-0,0494;-0,4089;-0,1417;-0,1405;1,2882;-0,1124;-0,0533
"ibn";-0,1914;-0,0782;-0,163;-0,0738;-0,1138;-0,1074;-0,1457;8,869;3,4951;-0,8252;-0,3952;-0,2992;-0,0441;-0,0426;-0,2009;-0,0573;-0,1864;-0,0544;-0,0335;-0,0836;-0,0486;-0,0551;-0,0116;-0,1019;-0,1001;-0,1683;-0,0337;-0,0263;-0,0456;-0,03;-0,3811;-0,3082;-0,2911;-0,0559;-0,0693;-0,0394;-0,0416;-0,0555;-0,0494;-0,4089;-0,1417;-0,4626;-0,3827;-0,1124;-0,0533
"khaldoun";-0,1914;-0,0782;-0,163;-0,0738;-0,1138;-0,1074;-0,1457;8,869;3,4951;-0,8252;-0,3952;-0,2992;-0,0441;-0,0426;-0,2009;-0,0573;-0,1864;-0,0544;-0,0335;-0,0836;-0,0486;-0,0551;-0,0116;-0,1019;-0,1001;-0,1683;-0,0337;-0,0263;-0,0456;-0,03;-0,3811;-0,3082;-0,2911;-0,0559;-0,0693;-0,0394;-0,0416;-0,0555;-0,0494;-0,4089;-0,1417;-0,4626;-0,3827;-0,1124;-0,0533
"résumer";-0,1576;-0,0644;-0,1342;-0,0608;1,7256;1,7724;1,5271;1,4794;1,0191;-0,6795;-0,3255;-0,2464;-0,0363;-0,0351;-0,1655;-0,0472;-0,1535;-0,0448;-0,0276;-0,0689;-0,04;-0,0454;-0,0096;-0,0839;-0,0824;-0,1386;-0,0277;-0,0216;-0,0376;-0,0247;-0,3139;-0,2538;-0,2397;-0,046;-0,057;-0,0325;-0,0343;-0,0457;-0,0407;-0,3367;-0,1167;0,2335;0,2873;-0,0925;-0,0439
"aucun";-0,1576;-0,0644;-0,1342;-0,0608;-0,0937;-0,0884;-0,12;0,4306;0,381;-0,6795;-0,3255;-0,2464;-0,0363;-0,0351;-0,1655;-0,0472;-0,1535;1,0088;-0,0276;0,8338;-0,04;-0,0454;-0,0096;-0,0839;0,7624;-0,1386;-0,0277;-0,0216;-0,0376;-0,0247;0,8112;-0,2538;-0,2397;-0,046;-0,057;-0,0325;-0,0343;-0,0457;-0,0407;0,268;-0,1167;0,683;1,5111;-0,0925;-0,0439
"celles";-0,1351;-0,0552;-0,1151;-0,0521;-0,0803;-0,0758;0,676;1,7212;1,1372;-0,5824;-0,279;1,0974;-0,0311;-0,0301;1,4006;-0,0404;-0,1315;-0,0384;-0,0237;-0,059;-0,0343;-0,0389;-0,0082;-0,0719;-0,0706;-0,1188;-0,0238;-0,0185;-0,0322;-0,0211;-0,269;-0,2175;-0,2055;-0,0395;-0,0489;-0,0278;-0,0294;-0,0392;-0,0349;-0,2886;-0,1;0,2769;-0,2701;-0,0793;-0,0376
"etat";-0,259;0,665;-0,2206;-0,0999;-0,1539;-0,1453;-0,1972;8,984;3,7828;-1,1165;-0,5347;-0,4048;-0,0597;-0,0576;-0,2719;-0,0775;-0,2521;-0,0736;-0,0454;-0,1131;-0,0658;-0,0745;-0,0157;-0,1378;-0,1354;-0,2277;-0,0455;-0,0355;-0,0617;-0,0405;-0,5157;-0,417;-0,3939;-0,0756;-0,0937;-0,0533;-0,0563;-0,0751;-0,0669;-0,5533;-0,1917;-0,2302;-0,1707;-0,1521;-0,0721
"sécurité";-0,1126;2,3264;1,7194;-0,0434;-0,0669;-0,0632;-0,0857;0,6363;0,4963;-0,4854;-0,2325;-0,176;-0,0259;-0,025;0,623;-0,0337;-0,1096;-0,032;-0,0197;-0,0492;-0,0286;2,6228;-0,0068;-0,0599;-0,0589;-0,099;-0,0198;-0,0154;-0,0268;-0,0176;-0,2242;-0,1813;-0,1712;-0,0329;-0,0407;-0,0232;-0,0245;-0,0326;-0,0291;-0,2405;-0,0833;-0,2721;-0,2251;-0,0661;-0,0313
"sujet";-0,1351;-0,0552;0,6331;-0,0521;-0,0803;-0,0758;1,6554;0,5205;0,4326;-0,5824;-0,279;-0,2112;-0,0311;-0,0301;0,555;-0,0404;-0,1315;-0,0384;-0,0237;0,896;-0,0343;-0,0389;-0,0082;-0,0719;-0,0706;-0,1188;-0,0238;-0,0185;-0,0322;-0,0211;-0,269;-0,2175;0,4237;-0,0395;-0,0489;-0,0278;-0,0294;1,0643;-0,0349;0,8732;-0,1;-0,3266;-0,2701;-0,0793;-0,0376
"diriger";-0,1351;-0,0552;-0,1151;-0,0521;-0,0803;-0,0758;-0,1029;0,5205;0,4326;-0,5824;-0,279;-0,2112;-0,0311;-0,0301;-0,1418;-0,0404;-0,1315;-0,0384;-0,0237;-0,059;-0,0343;-0,0389;-0,0082;-0,0719;-0,0706;0,621;-0,0238;-0,0185;-0,0322;-0,0211;-0,269;1,0757;-0,2055;-0,0395;-0,0489;1,2072;-0,0294;-0,0392;-0,0349;-0,2886;-0,1;1,4874;0,3343;-0,0793;1,0811
"aucune";-0,1914;-0,0782;-0,163;-0,0738;-0,1138;-0,1074;-0,1457;1,1981;0,3192;-0,8252;-0,3952;-0,2992;-0,0441;-0,0426;-0,2009;-0,0573;-0,1864;-0,0544;-0,0335;-0,0836;-0,0486;-0,0551;-0,0116;0,6797;-0,1001;-0,1683;-0,0337;-0,0263;1,0014;-0,03;2,047;0,819;0,3112;-0,0559;-0,0693;-0,0394;-0,0416;-0,0555;-0,0494;-0,4089;-0,1417;-0,1405;0,6758;-0,1124;-0,0533
"souvent";-0,2027;-0,0828;-0,1726;-0,0782;-0,1205;-0,1137;1,3236;0,3012;0,3018;-0,8737;-0,4185;-0,3168;-0,0467;-0,0451;4,0526;-0,0607;-0,1973;-0,0576;-0,0355;-0,0885;0,9516;-0,0583;-0,0123;0,6578;0,6646;-0,1782;-0,0356;-0,0278;-0,0483;-0,0317;-0,4035;-0,3263;0,8177;-0,0592;-0,0733;-0,0417;-0,0441;-0,0588;-0,0524;1,1575;-0,15;-0,4899;-0,4052;-0,119;-0,0564
"autorité";1,1609;3,1493;-0,163;-0,0738;-0,1138;-0,1074;-0,1457;0,3286;0,3192;-0,8252;-0,3952;-0,2992;-0,0441;-0,0426;-0,2009;-0,0573;-0,1864;-0,0544;-0,0335;-0,0836;-0,0486;-0,0551;-0,0116;-0,1019;-0,1001;3,3159;-0,0337;-0,0263;1,0014;-0,03;1,2926;-0,3082;-0,2911;-0,0559;-0,0693;-0,0394;-0,0416;-0,0555;-0,0494;-0,4089;-0,1417;-0,1405;-0,3827;-0,1124;-0,0533
"corps";0,448;0,783;-0,163;-0,0738;0,6374;0,6594;-0,1457;0,3286;0,3192;-0,8252;-0,3952;0,3029;-0,0441;-0,0426;-0,2009;-0,0573;-0,1864;-0,0544;-0,0335;1,8128;-0,0486;0,924;-0,0116;0,6797;0,6866;-0,1683;-0,0337;-0,0263;-0,0456;-0,03;0,6784;-0,3082;-0,2911;-0,0559;-0,0693;-0,0394;-0,0416;-0,0555;-0,0494;-0,4089;-0,1417;-0,4626;0,6758;-0,1124;-0,0533
"adapter";-0,1238;-0,0506;-0,1055;-0,0478;0,8071;0,8302;0,7096;0,5745;0,4627;-0,5339;-0,2557;-0,1936;-0,0285;-0,0275;0,5872;1,0872;-0,1206;-0,0352;-0,0217;-0,0541;-0,0315;-0,0356;-0,0075;0,8514;-0,0647;-0,1089;-0,0218;-0,017;-0,0295;-0,0194;-0,2466;-0,1994;-0,1884;-0,0362;-0,0448;-0,0255;-0,0269;-0,0359;-0,032;-0,2646;-0,0917;-0,2993;-0,2476;0,812;1,1173
"perse";-0,4842;-0,1979;-0,4124;-0,1867;-0,2878;-0,2717;-0,3687;-0,6309;-0,2886;-2,0877;-0,9999;12,6483;-0,1115;-0,1077;-0,5083;-0,1449;-0,4715;-0,1376;-0,0848;-0,2115;-0,123;-0,1394;-0,0294;-0,2577;-0,2531;-0,4258;-0,0852;-0,0664;-0,1154;-0,0758;-0,9642;-0,7797;-0,7365;-0,1414;-0,1752;-0,0997;-0,1053;-0,1404;-0,1251;16,3991;-0,3585;-0,5927;-0,9682;-0,2843;-0,1348
"lutte";-0,1351;0,923;-0,1151;-0,0521;-0,0803;-0,0758;-0,1029;0,5205;0,4326;-0,5824;-0,279;1,9785;-0,0311;-0,0301;-0,1418;-0,0404;-0,1315;-0,0384;-0,0237;-0,059;-0,0343;-0,0389;-0,0082;-0,0719;-0,0706;-0,1188;-0,0238;-0,0185;-0,0322;-0,0211;-0,269;1,0757;-0,2055;-0,0395;-0,0489;-0,0278;-0,0294;-0,0392;-0,0349;1,6231;-0,1;-0,3266;-0,2701;-0,0793;-0,0376
"neuf";-0,1126;-0,046;-0,0959;-0,0434;-0,0669;-0,0632;-0,0857;2,0292;1,2821;-0,1464;-0,2325;-0,176;-0,0259;-0,025;-0,1182;-0,0337;-0,1096;-0,032;-0,0197;-0,0492;-0,0286;-0,0324;-0,0068;-0,0599;-0,0589;0,6907;-0,0198;-0,0154;-0,0268;-0,0176;-0,2242;-0,1813;-0,1712;1,1371;-0,0407;-0,0232;-0,0245;-0,0326;-0,0291;-0,2405;-0,0833;-0,2721;0,3931;-0,0661;-0,0313
"combat";0,6054;-0,0506;-0,1055;-0,0478;-0,0736;-0,0695;-0,0943;0,5745;0,4627;-0,5339;-0,2557;-0,1936;-0,0285;-0,0275;-0,13;-0,0371;-0,1206;-0,0352;-0,0217;-0,0541;-0,0315;-0,0356;-0,0075;-0,0659;-0,0647;0,6541;-0,0218;-0,017;-0,0295;-0,0194;0,9874;-0,1994;-0,1884;-0,0362;-0,0448;-0,0255;-0,0269;-0,0359;-0,032;0,9372;-0,0917;-0,2993;0,9845;-0,0727;-0,0345
"arme";1,1609;-0,0782;-0,163;-0,0738;-0,1138;-0,1074;-0,1457;1,1981;0,8762;-0,8252;-0,3952;0,3029;-0,0441;-0,0426;-0,2009;-0,0573;-0,1864;-0,0544;-0,0335;-0,0836;-0,0486;-0,0551;-0,0116;-0,1019;-0,1001;-0,1683;-0,0337;-0,0263;-0,0456;-0,03;0,2334;-0,3082;0,3112;-0,0559;-0,0693;-0,0394;-0,0416;-0,0555;-0,0494;1,2195;0,5554;-0,1405;0,2323;-0,1124;-0,0533
"battre";-0,3491;-0,1427;-0,2973;-0,1346;-0,2075;-0,1959;-0,2658;-0,3454;-0,1719;-1,5049;-0,7208;0,9075;-0,0804;-0,0777;-0,3664;-0,1045;-0,3399;-0,0992;17,9888;-0,1525;-0,0887;-0,1005;-0,0212;-0,1858;-0,1825;-0,307;13,877;-0,0479;-0,0832;-0,0546;0,331;-0,562;-0,5309;-0,102;-0,1263;-0,0719;-0,0759;-0,1012;-0,0902;0,2982;0,3483;-0,8438;-0,698;-0,205;-0,0972
"clair";-0,1464;-0,0598;0,6029;-0,0564;0,7411;0,7637;0,6453;0,4729;0,4055;-0,631;-0,3022;-0,2288;-0,0337;-0,0326;-0,1536;-0,0438;-0,1425;-0,0416;-0,0256;-0,0639;-0,0372;-0,0421;-0,0089;-0,0779;0,7918;0,591;-0,0257;-0,0201;-0,0349;-0,0229;-0,2914;1,0147;0,3968;-0,0428;-0,053;-0,0301;-0,0318;-0,0424;-0,0378;-0,3127;-0,1083;0,254;-0,2926;-0,0859;-0,0408
"vidéo";0,6054;-0,0506;-0,1055;-0,0478;-0,0736;-0,0695;0,7096;0,5745;0,4627;-0,5339;-0,2557;-0,1936;-0,0285;-0,0275;-0,13;-0,0371;-0,1206;1,1088;-0,0217;-0,0541;1,1557;1,1035;-0,0075;-0,0659;-0,0647;1,6128;-0,0218;-0,017;-0,0295;-0,0194;-0,2466;-0,1994;-0,1884;-0,0362;-0,0448;-0,0255;-0,0269;1,1004;-0,032;-0,2646;-0,0917;-0,2993;-0,2476;-0,0727;-0,0345
"organisation";0,5435;-0,0598;-0,1246;-0,0564;-0,087;-0,0821;-0,1114;0,4729;0,4055;-0,631;-0,3022;-0,2288;-0,0337;-0,0326;0,5258;-0,0438;-0,1425;-0,0416;-0,0256;-0,0639;-0,0372;1,0342;-0,0089;-0,0779;-0,0765;-0,1287;-0,0257;-0,0201;-0,0349;-0,0229;-0,2914;-0,2357;6,7483;-0,0428;-0,053;-0,0301;-0,0318;-0,0424;-0,0378;-0,3127;-0,1083;-0,3538;-0,2926;-0,0859;-0,0408
"droit";0,3215;0,6332;0,3724;-0,1086;-0,1673;-0,1579;0,4095;-0,2248;0,2095;-1,2136;-0,5813;0,5826;-0,0648;-0,0626;-0,2955;0,7537;-0,2741;-0,08;-0,0493;-0,123;0,8187;0,7691;-0,0171;-0,1498;-0,1472;-0,2475;-0,0495;-0,0386;-0,0671;-0,0441;-0,5605;1,7514;0,5993;-0,0822;0,6797;0,9032;0,8812;-0,0816;-0,0727;-0,6014;-0,2084;-0,6804;-0,5628;3,2944;-0,0784
"justice";1,5903;0,9977;0,7031;-0,0434;-0,0669;-0,0632;-0,0857;0,6363;0,4963;-0,4854;-0,2325;-0,176;-0,0259;-0,025;-0,1182;-0,0337;-0,1096;-0,032;-0,0197;-0,0492;2,7289;-0,0324;-0,0068;-0,0599;-0,0589;-0,099;-0,0198;-0,0154;-0,0268;-0,0176;-0,2242;-0,1813;-0,1712;-0,0329;-0,0407;-0,0232;-0,0245;-0,0326;-0,0291;-0,2405;-0,0833;-0,2721;0,3931;-0,0661;-0,0313
"rené";-0,1238;0,9586;-0,1055;-0,0478;-0,0736;-0,0695;-0,0943;0,5745;0,4627;-0,5339;-0,2557;-0,1936;-0,0285;-0,0275;-0,13;-0,0371;-0,1206;-0,0352;-0,0217;-0,0541;-0,0315;-0,0356;-0,0075;-0,0659;-0,0647;-0,1089;-0,0218;-0,017;-0,0295;-0,0194;-0,2466;-0,1994;-0,1884;-0,0362;9,5444;-0,0255;-0,0269;-0,0359;-0,032;-0,2646;-0,0917;-0,2993;0,3619;-0,0727;-0,0345
"désormais";-0,2477;-0,1012;-0,211;-0,0955;-0,1472;0,5625;0,4532;-0,9168;-0,367;-1,0679;-0,5115;-0,3872;-0,0571;-0,0551;-0,26;-0,0741;-0,2412;-0,0704;-0,0434;-0,1082;-0,0629;-0,0713;-0,015;-0,1318;-0,1295;-0,2178;-0,0436;-0,034;-0,059;1,0685;-0,4932;4,7274;-0,3768;0,814;-0,0896;-0,051;-0,0539;-0,0718;-0,064;0,9496;1,1879;1,3842;0,5142;-0,1454;-0,069
"régime";-0,2927;-0,1196;11,5319;-0,1129;-0,174;-0,1643;-0,2229;-1,0835;-0,4338;-1,2621;-0,6045;-0,4577;-0,0674;-0,0651;-0,3073;-0,0876;-0,285;-0,0832;-0,0513;-0,1279;-0,0744;0,7537;-0,0178;-0,1558;-0,153;-0,2574;-0,0515;-0,0402;-0,0697;-0,0458;-0,5829;11,2656;-0,1344;-0,0855;-0,1059;-0,0603;-0,0637;-0,0849;-0,0756;-0,6255;-0,2167;-0,7076;-0,5854;-0,1719;-0,0815
"opposer";0,5729;-0,0552;2,7054;-0,0521;-0,0803;-0,0758;-0,1029;-0,5;-0,2002;-0,5824;-0,279;1,0974;-0,0311;-0,0301;-0,1418;-0,0404;-0,1315;-0,0384;-0,0237;-0,059;-0,0343;-0,0389;-0,0082;-0,0719;-0,0706;0,621;-0,0238;-0,0185;-0,0322;-0,0211;0,3356;0,4045;-0,2055;-0,0395;-0,0489;-0,0278;-0,0294;-0,0392;-0,0349;0,8732;-0,1;0,2769;-0,2701;-0,0793;-0,0376
"russe";1,6555;-0,1933;-0,4028;-0,1824;-0,2811;-0,2654;-0,3601;-1,7506;-0,7008;-2,0391;-0,9767;-0,7394;-0,1089;-0,1052;-0,4965;-0,1416;-0,4605;-0,1344;-0,0828;-0,2066;-0,1202;-0,1361;-0,0287;-0,2517;-0,2473;41,6954;-0,0832;-0,0649;-0,1127;-0,074;-0,9418;0,6099;-0,7194;-0,1382;-0,1712;2,8325;-0,1028;-0,1371;-0,1222;-0,4799;-0,3501;-1,1433;-0,9457;-0,2777;-0,1317
"prison";-0,1126;-0,046;5,9462;-0,0434;-0,0669;-0,0632;-0,0857;-0,4167;-0,1668;-0,4854;-0,2325;-0,176;-0,0259;-0,025;-0,1182;-0,0337;-0,1096;-0,032;-0,0197;-0,0492;-0,0286;2,6228;-0,0068;-0,0599;-0,0589;-0,099;-0,0198;-0,0154;-0,0268;-0,0176;-0,2242;2,1809;-0,1712;-0,0329;-0,0407;-0,0232;-0,0245;-0,0326;-0,0291;-0,2405;-0,0833;-0,2721;-0,2251;-0,0661;-0,0313
"poutine";0,5166;-0,0644;-0,1342;-0,0608;-0,0937;-0,0884;-0,12;-0,5834;-0,2335;-0,6795;-0,3255;-0,2464;-0,0363;-0,0351;-0,1655;-0,0472;-0,1535;-0,0448;-0,0276;-0,0689;-0,04;-0,0454;-0,0096;-0,0839;-0,0824;-0,1386;-0,0277;-0,0216;-0,0376;-0,0247;-0,3139;16,9363;-0,2397;-0,046;-0,057;-0,0325;-0,0343;-0,0457;-0,0407;-0,3367;-0,1167;-0,381;-0,3152;-0,0925;-0,0439
"ukraine";-0,3265;-0,1335;-0,2781;-0,1259;-0,1941;-0,1832;-0,2486;-1,2086;-0,4838;-1,4078;-0,6743;-0,5105;-0,0752;-0,0726;-0,3428;-0,0977;-0,3179;-0,0928;-0,0572;-0,1426;-0,083;-0,094;-0,0198;-0,1738;-0,1707;16,9821;-0,0574;-0,0448;-0,0778;-0,0511;-0,6502;8,0416;-0,4967;-0,0954;-0,1182;3,3075;-0,071;-0,0947;-0,0844;-0,6976;-0,2417;-0,7893;-0,6529;-0,1917;-0,0909
"figaro";2,7563;-0,046;-0,0959;-0,0434;-0,0669;-0,0632;-0,0857;-0,4167;-0,1668;-0,4854;-0,2325;0,4773;-0,0259;-0,025;0,623;-0,0337;-0,1096;-0,032;-0,0197;-0,0492;-0,0286;-0,0324;-0,0068;-0,0599;-0,0589;0,6907;-0,0198;-0,0154;-0,0268;-0,0176;0,3945;1,2188;-0,1712;-0,0329;-0,0407;-0,0232;-0,0245;-0,0326;-0,0291;0,3714;-0,0833;-0,2721;-0,2251;-0,0661;-0,0313
"camp";2,5096;-0,0552;-0,1151;-0,0521;-0,0803;-0,0758;-0,1029;-0,5;-0,2002;-0,5824;-0,279;-0,2112;-0,0311;-0,0301;-0,1418;-0,0404;-0,1315;-0,0384;-0,0237;-0,059;-0,0343;-0,0389;-0,0082;-0,0719;-0,0706;-0,1188;-0,0238;-0,0185;-0,0322;-0,0211;-0,269;2,9754;-0,2055;-0,0395;-0,0489;-0,0278;-0,0294;-0,0392;-0,0349;-0,2886;-0,1;0,7887;0,9195;0,7774;-0,0376
"russie";1,4681;-0,1289;-0,2685;-0,1216;-0,1874;-0,1769;-0,24;-1,1669;-0,4671;-1,3592;-0,651;-0,4929;-0,0726;-0,0701;-0,331;-0,0944;-0,307;-0,0896;-0,0552;-0,1377;-0,0801;-0,0907;-0,0191;-0,1678;-0,1648;9,5292;-0,0554;-0,0433;-0,0751;-0,0493;-0,6278;7,0697;-0,4795;-0,0921;-0,1141;4,8365;-0,0686;-0,0914;-0,0814;-0,6736;-0,2334;-0,7621;-0,6304;0,4596;-0,0878
"mêmes";0,448;-0,0782;0,5045;-0,0738;-0,1138;-0,1074;-0,1457;-0,7084;-0,2836;-0,8252;-0,3952;-0,2992;-0,0441;-0,0426;0,4313;-0,0573;-0,1864;-0,0544;-0,0335;-0,0836;-0,0486;-0,0551;-0,0116;-0,1019;-0,1001;-0,1683;-0,0337;-0,0263;-0,0456;-0,03;0,2334;4,4107;-0,2911;-0,0559;-0,0693;-0,0394;-0,0416;-0,0555;-0,0494;0,2147;0,5554;1,0946;0,6758;-0,1124;-0,0533
"méthode";0,6414;-0,046;2,9544;-0,0434;-0,0669;-0,0632;-0,0857;-0,4167;-0,1668;-0,4854;-0,2325;-0,176;-0,0259;-0,025;-0,1182;-0,0337;-0,1096;-0,032;-0,0197;-0,0492;-0,0286;-0,0324;-0,0068;-0,0599;-0,0589;-0,099;-0,0198;-0,0154;-0,0268;-0,0176;-0,2242;1,2188;3,4115;-0,0329;-0,0407;-0,0232;-0,0245;-0,0326;-0,0291;-0,2405;-0,0833;-0,2721;-0,2251;-0,0661;-0,0313
"vraiment";-0,1238;0,9586;-0,1055;-0,0478;-0,0736;-0,0695;-0,0943;-0,4583;-0,1835;-0,5339;-0,2557;0,4441;-0,0285;-0,0275;1,4721;-0,0371;-0,1206;2,5484;-0,0217;-0,0541;-0,0315;-0,0356;-0,0075;-0,0659;-0,0647;-0,1089;-0,0218;-0,017;-0,0295;-0,0194;-0,2466;1,1432;1,186;-0,0362;-0,0448;-0,0255;-0,0269;-0,0359;-0,032;-0,2646;0,7206;-0,2993;-0,2476;-0,0727;-0,0345
"mal";0,4691;-0,0736;-0,1534;0,8303;-0,1071;-0,1011;0,5674;-0,6667;-0,2669;-0,7766;-0,372;0,8825;-0,0415;-0,0401;-0,1891;2,1769;-0,1754;-0,0512;-0,0315;-0,0787;-0,0458;-0,0518;-0,0109;-0,0959;-0,0942;-0,1584;-0,0317;-0,0247;-0,0429;-0,0282;-0,3587;0,862;0,3299;-0,0526;-0,0652;-0,0371;-0,0392;-0,0522;-0,0465;-0,3849;-0,1334;0,5962;-0,3602;4,0896;-0,0502
"communiste";-0,1576;-0,0644;-0,1342;-0,0608;-0,0937;-0,0884;-0,12;-0,5834;-0,2335;-0,6795;-0,3255;-0,2464;-0,0363;-0,0351;-0,1655;-0,0472;-0,1535;-0,0448;-0,0276;-0,0689;-0,04;-0,0454;-0,0096;-0,0839;-0,0824;-0,1386;-0,0277;-0,0216;-0,0376;-0,0247;-0,3139;19,4567;-0,2397;-0,046;-0,057;-0,0325;-0,0343;-0,0457;-0,0407;-0,3367;-0,1167;-0,381;-0,3152;-0,0925;-0,0439
"développer";-0,1126;-0,046;-0,0959;-0,0434;-0,0669;-0,0632;0,7469;-0,4167;-0,1668;-0,4854;-0,2325;-0,176;-0,0259;-0,025;2,6966;-0,0337;-0,1096;1,1486;-0,0197;-0,0492;-0,0286;-0,0324;-0,0068;-0,0599;-0,0589;-0,099;-0,0198;-0,0154;1,2226;-0,0176;-0,2242;1,2188;-0,1712;-0,0329;-0,0407;-0,0232;-0,0245;-0,0326;-0,0291;1,0091;-0,0833;-0,2721;-0,2251;-0,0661;-0,0313
"iran";-0,4392;-0,1795;13,3273;-0,1694;-0,2611;-0,2464;-0,3344;-1,6255;-0,6507;-1,8934;-0,9069;-0,2693;-0,1012;-0,0977;-0,461;-0,1314;-0,4276;-0,1248;-0,0769;-0,1918;-0,1116;10,9582;-0,0266;-0,2337;-0,2296;-0,3862;-0,0772;-0,0602;-0,1046;-0,0687;-0,8745;3,8174;3,179;-0,1283;-0,1589;-0,0905;-0,0955;-0,1273;-0,1135;-0,9383;-0,3251;-1,0616;-0,8781;-0,2579;-0,1223
"israël";-0,1801;-0,0736;0,5264;-0,0695;-0,1071;-0,1011;-0,1371;-0,6667;-0,2669;-0,7766;-0,372;-0,2816;-0,0415;-0,0401;-0,1891;-0,0539;-0,1754;-0,0512;-0,0315;-0,0787;-0,0458;-0,0518;-0,0109;-0,0959;-0,0942;-0,1584;-0,0317;-0,0247;-0,0429;-0,0282;-0,3587;0,862;15,6808;-0,0526;-0,0652;-0,0371;-0,0392;-0,0522;-0,0465;-0,3849;-0,1334;-0,4354;-0,3602;-0,1058;-0,0502
"oublier";1,3137;0,8606;-0,1342;-0,0608;-0,0937;-0,0884;-0,12;-0,5834;-0,2335;-0,6795;-0,3255;1,7855;-0,0363;-0,0351;1,2764;-0,0472;-0,1535;-0,0448;-0,0276;-0,0689;-0,04;-0,0454;-0,0096;-0,0839;-0,0824;-0,1386;-0,0277;-0,0216;-0,0376;-0,0247;-0,3139;0,9592;-0,2397;-0,046;-0,057;-0,0325;-0,0343;-0,0457;-0,0407;0,268;-0,1167;1,3078;-0,3152;-0,0925;-0,0439
"terroriste";0,5729;-0,0552;0,6331;-0,0521;-0,0803;-0,0758;-0,1029;-0,5;-0,2002;-0,5824;-0,279;-0,2112;-0,0311;-0,0301;-0,1418;-0,0404;-0,1315;-0,0384;-0,0237;-0,059;-0,0343;1,0673;-0,0082;-0,0719;-0,0706;-0,1188;-0,0238;-0,0185;-0,0322;-0,0211;-0,269;1,0757;7,0693;-0,0395;-0,0489;-0,0278;-0,0294;-0,0392;-0,0349;-0,2886;-0,1;-0,3266;-0,2701;-0,0793;-0,0376
"moscou";1,2081;-0,0736;-0,1534;-0,0695;-0,1071;-0,1011;-0,1371;-0,6667;-0,2669;-0,7766;-0,372;-0,2816;-0,0415;-0,0401;-0,1891;-0,0539;-0,1754;-0,0512;-0,0315;-0,0787;-0,0458;-0,0518;-0,0109;-0,0959;-0,0942;4,6888;-0,0317;-0,0247;-0,0429;-0,0282;-0,3587;4,5845;-0,274;-0,0526;-0,0652;4,0998;-0,0392;-0,0522;-0,0465;-0,3849;-0,1334;-0,4354;-0,3602;-0,1058;-0,0502
"affrontement";0,6054;-0,0506;-0,1055;-0,0478;-0,0736;-0,0695;-0,0943;-0,4583;-0,1835;-0,5339;-0,2557;1,1653;-0,0285;-0,0275;-0,13;-0,0371;-0,1206;-0,0352;-0,0217;-0,0541;-0,0315;-0,0356;-0,0075;-0,0659;-0,0647;-0,1089;-0,0218;-0,017;-0,0295;-0,0194;0,3633;1,1432;-0,1884;-0,0362;-0,0448;-0,0255;-0,0269;-0,0359;-0,032;0,9372;-0,0917;-0,2993;1,8057;-0,0727;-0,0345
"victime";-0,2815;2,6473;0,3724;0,6553;1,2553;1,2995;-0,2143;-1,0418;-0,4171;-1,2136;-0,5813;0,1959;3,3603;-0,0626;-0,2955;-0,0842;-0,2741;-0,08;-0,0493;-0,123;-0,0715;-0,081;-0,0171;4,6957;0,5415;-0,2475;-0,0495;-0,0386;-0,0671;-0,0441;-0,1941;0,5648;0,2028;-0,0822;-0,1019;0,9032;-0,0612;-0,0816;-0,0727;-0,6014;-0,2084;-0,6804;-0,1954;-0,1653;-0,0784
"asie";-0,1238;-0,0506;-0,1055;-0,0478;-0,0736;-0,0695;-0,0943;-0,4583;-0,1835;-0,5339;-0,2557;2,0905;-0,0285;-0,0275;0,5872;-0,0371;-0,1206;-0,0352;-0,0217;-0,0541;-0,0315;-0,0356;-0,0075;-0,0659;-0,0647;-0,1089;-0,0218;-0,017;-0,0295;-0,0194;0,3633;1,1432;-0,1884;-0,0362;-0,0448;-0,0255;-0,0269;-0,0359;-0,032;1,7305;-0,0917;-0,2993;0,3619;-0,0727;-0,0345
"ouvert";-0,1126;-0,046;-0,0959;-0,0434;0,8453;0,8685;-0,0857;-0,4167;-0,1668;-0,4854;-0,2325;-0,176;-0,0259;-0,025;-0,1182;-0,0337;-0,1096;-0,032;-0,0197;-0,0492;-0,0286;-0,0324;-0,0068;-0,0599;-0,0589;0,6907;-0,0198;-0,0154;-0,0268;-0,0176;-0,2242;6,0735;-0,1712;-0,0329;-0,0407;-0,0232;-0,0245;-0,0326;-0,0291;-0,2405;-0,0833;0,332;-0,2251;-0,0661;-0,0313
"piège";-0,1689;-0,069;-0,1438;18,9505;-0,1004;-0,0948;-0,1286;-0,625;-0,2502;-0,7281;-0,3487;-0,264;-0,0389;-0,0376;-0,1773;-0,0505;-0,1644;-0,048;-0,0296;-0,0738;-0,0429;-0,0486;-0,0102;-0,0899;-0,0883;-0,1485;-0,0297;-0,0232;-0,0402;-0,0264;-0,3363;0,9086;-0,2569;-0,0493;-0,0611;-0,0348;1,0911;-0,049;-0,0436;-0,3608;-0,125;0,2151;-0,3377;-0,0992;-0,047
"opposition";-0,1351;-0,0552;1,5656;-0,0521;-0,0803;-0,0758;-0,1029;-0,5;-0,2002;-0,5824;-0,279;-0,2112;-0,0311;-0,0301;-0,1418;-0,0404;-0,1315;-0,0384;-0,0237;-0,059;-0,0343;-0,0389;-0,0082;-0,0719;-0,0706;-0,1188;-0,0238;-0,0185;-0,0322;-0,0211;-0,269;1,0757;-0,2055;-0,0395;-0,0489;-0,0278;-0,0294;-0,0392;-0,0349;6,0891;-0,1;0,2769;-0,2701;-0,0793;-0,0376
"liberté";-0,2702;-0,1104;1,826;-0,1042;-0,1606;-0,1516;-0,2057;-1,0001;-0,4004;-1,165;-0,558;0,2062;-0,0622;-0,0601;-0,2837;-0,0809;-0,2631;-0,0768;-0,0473;-0,118;0,835;-0,0778;-0,0164;-0,1438;-0,1413;-0,2376;-0,0475;-0,0371;0,8608;1,0325;-0,1817;0,59;0,2133;-0,0789;-0,0978;-0,0557;-0,0588;-0,0784;-0,0698;7,8497;-0,2;-0,6532;0,4638;-0,1587;-0,0752
"membre";0,4919;-0,069;0,5499;-0,0651;-0,1004;-0,0948;-0,1286;-0,625;-0,2502;-0,7281;-0,3487;0,9294;-0,0389;-0,0376;-0,1773;0,9591;-0,1644;-0,048;-0,0296;-0,0738;-0,0429;-0,0486;-0,0102;0,7283;-0,0883;-0,1485;-0,0297;-0,0232;-0,0402;-0,0264;-0,3363;0,9086;-0,2569;2,253;-0,0611;-0,0348;-0,0367;-0,049;-0,0436;-0,3608;0,6018;0,2151;0,7603;0,6901;-0,047
"république";0,448;1,8672;5,9677;-0,0738;-0,1138;-0,1074;-0,1457;-0,7084;-0,2836;-0,8252;-0,3952;-0,2992;-0,0441;-0,0426;0,4313;-0,0573;-0,1864;-0,0544;-0,0335;-0,0836;-0,0486;2,1574;-0,0116;-0,1019;-0,1001;-0,1683;-0,0337;-0,0263;2,3157;-0,03;-0,3811;0,819;-0,2911;-0,0559;-0,0693;-0,0394;-0,0416;-0,0555;-0,0494;-0,4089;-0,1417;-0,1405;-0,3827;-0,1124;-0,0533
"rapport";1,5105;-0,0506;0,6663;-0,0478;-0,0736;-0,0695;-0,0943;-0,4583;-0,1835;-0,5339;-0,2557;1,1653;-0,0285;-0,0275;-0,13;-0,0371;-0,1206;-0,0352;-0,0217;-0,0541;-0,0315;-0,0356;-0,0075;-0,0659;-0,0647;0,6541;-0,0218;-0,017;-0,0295;-0,0194;-0,2466;1,1432;0,4536;-0,0362;-0,0448;-0,0255;-0,0269;-0,0359;-0,032;-0,2646;-0,0917;-0,2993;0,9845;-0,0727;-0,0345
"médiques";-0,1576;-0,0644;-0,1342;-0,0608;-0,0937;-0,0884;-0,12;-0,5834;-0,2335;-0,6795;-0,3255;0,9804;-0,0363;-0,0351;-0,1655;-0,0472;-0,1535;-0,0448;-0,0276;-0,0689;-0,04;-0,0454;-0,0096;-0,0839;-0,0824;-0,1386;-0,0277;-0,0216;-0,0376;-0,0247;-0,3139;-0,2538;-0,2397;-0,046;-0,057;-0,0325;-0,0343;-0,0457;-0,0407;13,318;-0,1167;-0,381;-0,3152;-0,0925;-0,0439
"grèce";0,3769;-0,0966;-0,2014;-0,0912;-0,1405;-0,1327;-0,18;-0,8751;-0,3503;-1,0193;-0,4882;2,0637;-0,0545;-0,0526;-0,2482;-0,0708;-0,2302;-0,0672;-0,0414;-0,1033;-0,0601;-0,068;-0,0143;-0,1258;-0,1236;-0,2079;-0,0416;-0,0324;-0,0563;-0,037;-0,4708;-0,3807;-0,3596;-0,0691;-0,0856;-0,0487;-0,0514;-0,0686;-0,0611;16,1189;-0,175;-0,5715;-0,4728;-0,1388;-0,0658
"hérodote";-0,1126;-0,046;-0,0959;-0,0434;-0,0669;-0,0632;-0,0857;-0,4167;-0,1668;-0,4854;-0,2325;1,2412;-0,0259;-0,025;-0,1182;-0,0337;-0,1096;-0,032;-0,0197;-0,0492;-0,0286;-0,0324;-0,0068;-0,0599;-0,0589;-0,099;-0,0198;-0,0154;-0,0268;-0,0176;-0,2242;-0,1813;-0,1712;-0,0329;-0,0407;-0,0232;-0,0245;-0,0326;-0,0291;8,5423;-0,0833;-0,2721;-0,2251;-0,0661;-0,0313
"v";-0,1126;-0,046;-0,0959;-0,0434;-0,0669;-0,0632;-0,0857;-0,4167;-0,1668;-0,4854;-0,2325;2,2159;-0,0259;-0,025;-0,1182;-0,0337;-0,1096;-0,032;-0,0197;-0,0492;-0,0286;-0,0324;-0,0068;-0,0599;-0,0589;-0,099;-0,0198;-0,0154;-0,0268;-0,0176;-0,2242;-0,1813;-0,1712;-0,0329;-0,0407;-0,0232;-0,0245;-0,0326;-0,0291;5,3735;-0,0833;-0,2721;0,3931;-0,0661;-0,0313
"lire";1,4962;-0,2163;-0,4508;-0,2041;-0,3146;-0,297;1,1936;-0,2458;-0,7843;-2,282;-1,093;-0,8275;-0,1219;-0,1177;-0,5557;-0,1584;-0,5154;-0,1504;-0,0927;-0,2312;2,4353;-0,1523;-0,0321;-0,2817;-0,2767;2,3937;0,7146;-0,0726;-0,1261;-0,0828;3,3115;-0,8522;-0,8051;-0,1546;-0,1915;0,6537;1,5402;-0,1535;-0,1367;4,5054;1,2224;-0,6729;-1,0584;-0,3108;-0,1474
"lendemain";-0,1126;-0,046;0,7031;-0,0434;-0,0669;-0,0632;-0,0857;-0,4167;-0,1668;-0,4854;-0,2325;-0,176;-0,0259;-0,025;-0,1182;-0,0337;-0,1096;-0,032;-0,0197;-0,0492;1,1957;-0,0324;-0,0068;-0,0599;-0,0589;-0,099;-0,0198;-0,0154;-0,0268;-0,0176;1,0603;-0,1813;-0,1712;-0,0329;-0,0407;-0,0232;-0,0245;1,1402;-0,0291;1,0091;-0,0833;-0,2721;0,3931;2,024;-0,0313
"subir";-0,1126;-0,046;0,7031;1,0217;-0,0669;-0,0632;-0,0857;0,6363;-0,1668;-0,4854;-0,2325;-0,176;-0,0259;-0,025;1,5515;-0,0337;-0,1096;-0,032;-0,0197;-0,0492;-0,0286;-0,0324;-0,0068;-0,0599;-0,0589;0,6907;-0,0198;-0,0154;-0,0268;-0,0176;-0,2242;-0,1813;-0,1712;-0,0329;-0,0407;-0,0232;-0,0245;-0,0326;-0,0291;0,3714;-0,0833;0,332;0,3931;-0,0661;-0,0313
"xerxès";-0,1238;-0,0506;-0,1055;-0,0478;-0,0736;-0,0695;-0,0943;-0,4583;-0,1835;-0,5339;-0,2557;4,43;-0,0285;-0,0275;-0,13;-0,0371;-0,1206;-0,0352;-0,0217;-0,0541;-0,0315;-0,0356;-0,0075;-0,0659;-0,0647;-0,1089;-0,0218;-0,017;-0,0295;-0,0194;-0,2466;-0,1994;-0,1884;-0,0362;-0,0448;-0,0255;-0,0269;-0,0359;-0,032;5,0515;-0,0917;-0,2993;-0,2476;-0,0727;-0,0345
"voire";-0,1689;-0,069;0,5499;-0,0651;0,6854;0,7077;-0,1286;0,3929;-0,2502;-0,7281;-0,3487;0,3415;-0,0389;-0,0376;-0,1773;-0,0505;-0,1644;-0,048;-0,0296;-0,0738;-0,0429;-0,0486;-0,0102;-0,0899;-0,0883;-0,1485;-0,0297;-0,0232;-0,0402;-0,0264;-0,3363;-0,2719;1,7323;-0,0493;-0,0611;-0,0348;1,0911;-0,049;-0,0436;0,2485;0,6018;0,2151;0,2672;0,6901;-0,047
"désigner";-0,1238;-0,0506;-0,1055;-0,0478;-0,0736;-0,0695;-0,0943;-0,4583;-0,1835;-0,5339;-0,2557;1,1653;-0,0285;-0,0275;0,5872;-0,0371;-0,1206;-0,0352;-0,0217;-0,0541;-0,0315;-0,0356;-0,0075;-0,0659;-0,0647;-0,1089;-0,0218;-0,017;-0,0295;-0,0194;-0,2466;-0,1994;-0,1884;2,5252;-0,0448;-0,0255;1,221;-0,0359;-0,032;2,6898;0,7206;-0,2993;-0,2476;-0,0727;-0,0345
"athènes";-0,1801;-0,0736;-0,1534;-0,0695;-0,1071;-0,1011;-0,1371;-0,6667;-0,2669;-0,7766;-0,372;2,5121;-0,0415;-0,0401;1,1714;-0,0539;-0,1754;-0,0512;-0,0315;-0,0787;-0,0458;-0,0518;-0,0109;-0,0959;-0,0942;-0,1584;-0,0317;-0,0247;-0,0429;-0,0282;-0,3587;-0,29;-0,274;-0,0526;-0,0652;-0,0371;-0,0392;-0,0522;-0,0465;8,9195;-0,1334;-0,4354;-0,3602;-0,1058;-0,0502
"eschyle";-0,1238;-0,0506;-0,1055;-0,0478;-0,0736;-0,0695;-0,0943;-0,4583;-0,1835;-0,5339;-0,2557;2,0905;-0,0285;-0,0275;-0,13;-0,0371;-0,1206;-0,0352;-0,0217;-0,0541;-0,0315;-0,0356;-0,0075;-0,0659;-0,0647;-0,1089;-0,0218;-0,017;-0,0295;-0,0194;-0,2466;-0,1994;-0,1884;-0,0362;-0,0448;-0,0255;-0,0269;-0,0359;-0,032;7,9993;-0,0917;-0,2993;-0,2476;-0,0727;-0,0345
"père";-0,1464;0,8905;-0,1246;-0,0564;-0,087;-0,0821;-0,1114;-0,5417;-0,2169;-0,631;-0,3022;2,8765;-0,0337;-0,0326;-0,1536;-0,0438;-0,1425;-0,0416;-0,0256;-0,0639;-0,0372;-0,0421;1,6938;-0,0779;-0,0765;-0,1287;-0,0257;-0,0201;-0,0349;-0,0229;-0,2914;-0,2357;0,3968;-0,0428;-0,053;-0,0301;-0,0318;-0,0424;-0,0378;0,2897;0,656;1,393;-0,2926;0,7459;-0,0408
"bon";1,5092;-0,1243;-0,2589;-0,1172;-0,1807;-0,1706;1,8139;-1,1252;-0,4505;-1,3107;-0,6278;-0,1495;-0,07;-0,0676;0,7876;1,735;-0,296;0,7438;-0,0532;-0,1328;-0,0772;-0,0875;-0,0184;-0,1618;-0,1589;-0,2673;-0,0535;-0,0417;-0,0724;-0,0476;-0,6054;-0,4895;-0,4624;0,733;0,6502;-0,0626;-0,0661;0,7359;-0,0785;-0,245;1,846;1,664;0,3992;-0,1785;0,7518
"libre";1,5105;-0,0506;-0,1055;-0,0478;0,8071;1,9787;-0,0943;-0,4583;-0,1835;-0,5339;-0,2557;-0,1936;-0,0285;-0,0275;-0,13;-0,0371;-0,1206;-0,0352;-0,0217;-0,0541;-0,0315;-0,0356;-0,0075;-0,0659;-0,0647;-0,1089;-0,0218;-0,017;1,1826;-0,0194;0,3633;-0,1994;-0,1884;-0,0362;1,0086;-0,0255;-0,0269;-0,0359;-0,032;1,7305;-0,0917;-0,2993;-0,2476;-0,0727;-0,0345
"aimer";2,404;-0,0598;-0,1246;0,9141;-0,087;-0,0821;0,6453;-0,5417;-0,2169;-0,631;-0,3022;0,3877;1,1267;1,1413;-0,1536;-0,0438;-0,1425;1,0394;-0,0256;-0,0639;-0,0372;-0,0421;-0,0089;-0,0779;-0,0765;-0,1287;-0,0257;-0,0201;-0,0349;-0,0229;-0,2914;-0,2357;0,3968;-0,0428;-0,053;-0,0301;-0,0318;-0,0424;1,0789;0,2897;-0,1083;0,254;-0,2926;-0,0859;-0,0408
"tourner";0,5166;-0,0644;-0,1342;-0,0608;2,942;3,0136;-0,12;-0,5834;-0,2335;-0,6795;-0,3255;-0,2464;-0,0363;-0,0351;-0,1655;-0,0472;-0,1535;-0,0448;-0,0276;-0,0689;-0,04;-0,0454;-0,0096;-0,0839;0,7624;-0,1386;-0,0277;-0,0216;-0,0376;-0,0247;0,2886;-0,2538;-0,2397;-0,046;-0,057;-0,0325;-0,0343;-0,0457;-0,0407;0,268;1,5494;0,683;-0,3152;-0,0925;-0,0439
"présenter";1,4386;-0,0552;-0,1151;-0,0521;-0,0803;-0,0758;-0,1029;0,5205;-0,2002;-0,5824;-0,279;0,4144;1,1602;-0,0301;-0,1418;-0,0404;-0,1315;-0,0384;-0,0237;-0,059;1,1193;-0,0389;-0,0082;0,8165;0,8237;-0,1188;-0,0238;-0,0185;-0,0322;-0,0211;-0,269;-0,2175;0,4237;-0,0395;-0,0489;-0,0278;-0,0294;-0,0392;-0,0349;0,3138;0,6868;-0,3266;-0,2701;-0,0793;-0,0376
"peine";-0,1689;0,8329;1,3826;2,0215;0,6854;0,7077;-0,1286;-0,625;-0,2502;-0,7281;-0,3487;0,3415;-0,0389;-0,0376;-0,1773;-0,0505;-0,1644;-0,048;-0,0296;0,8063;-0,0429;-0,0486;-0,0102;0,7283;-0,0883;-0,1485;-0,0297;-0,0232;1,0532;-0,0264;0,2684;-0,2719;-0,2569;-0,0493;-0,0611;-0,0348;-0,0367;-0,049;-0,0436;0,2485;-0,125;0,2151;0,2672;-0,0992;-0,047
"soin";-0,1576;-0,0644;-0,1342;0,884;-0,0937;-0,0884;-0,12;-0,5834;-0,2335;-0,6795;-0,3255;-0,2464;1,0958;-0,0351;-0,1655;2,2926;-0,1535;-0,0448;1,2105;-0,0689;-0,04;-0,0454;-0,0096;-0,0839;-0,0824;0,5635;-0,0277;-0,0216;-0,0376;-0,0247;-0,3139;-0,2538;-0,2397;-0,046;-0,057;-0,0325;-0,0343;-0,0457;-0,0407;1,4392;-0,1167;0,2335;0,2873;2,9572;-0,0439
"fait";-0,1126;-0,046;-0,0959;1,0217;-0,0669;-0,0632;-0,0857;-0,4167;-0,1668;-0,4854;-0,2325;0,4773;1,2368;-0,025;0,623;-0,0337;-0,1096;-0,032;-0,0197;-0,0492;-0,0286;-0,0324;-0,0068;3,5437;-0,0589;-0,099;-0,0198;-0,0154;-0,0268;-0,0176;-0,2242;-0,1813;-0,1712;-0,0329;1,048;-0,0232;-0,0245;-0,0326;-0,0291;0,3714;-0,0833;0,332;-0,2251;-0,0661;-0,0313
"nul";-0,1464;-0,0598;-0,1246;-0,0564;1,7882;1,8352;2,7356;-0,5417;-0,2169;-0,631;-0,3022;-0,2288;-0,0337;-0,0326;-0,1536;-0,0438;-0,1425;-0,0416;-0,0256;2,0413;-0,0372;-0,0421;-0,0089;-0,0779;-0,0765;-0,1287;-0,0257;-0,0201;-0,0349;-0,0229;0,3108;-0,2357;-0,2226;-0,0428;-0,053;-0,0301;-0,0318;-0,0424;-0,0378;0,8157;-0,1083;0,254;-0,2926;-0,0859;-0,0408
"imaginaire";-0,1238;-0,0506;-0,1055;-0,0478;-0,0736;-0,0695;0,7096;-0,4583;-0,1835;-0,5339;-0,2557;-0,1936;-0,0285;-0,0275;0,5872;-0,0371;-0,1206;-0,0352;-0,0217;-0,0541;-0,0315;-0,0356;-0,0075;-0,0659;2,0372;-0,1089;-0,0218;-0,017;-0,0295;-0,0194;-0,2466;-0,1994;-0,1884;-0,0362;-0,0448;-0,0255;-0,0269;-0,0359;-0,032;0,9372;-0,0917;0,8509;1,8057;-0,0727;-0,0345
"association";-0,1351;-0,0552;-0,1151;-0,0521;-0,0803;-0,0758;-0,1029;-0,5;-0,2002;-0,5824;-0,279;0,4144;-0,0311;-0,0301;-0,1418;1,0511;-0,1315;-0,0384;-0,0237;-0,059;-0,0343;-0,0389;-0,0082;-0,0719;-0,0706;-0,1188;-0,0238;-0,0185;1,1461;-0,0211;-0,269;-0,2175;-0,2055;7,7431;-0,0489;-0,0278;-0,0294;-0,0392;-0,0349;0,3138;-0,1;-0,3266;-0,2701;3,1661;-0,0376
"16";-0,1126;-0,046;-0,0959;-0,0434;0,8453;0,8685;-0,0857;2,0292;-0,1668;-0,4854;-0,2325;0,4773;-0,0259;-0,025;-0,1182;-0,0337;-0,1096;-0,032;-0,0197;-0,0492;-0,0286;-0,0324;-0,0068;-0,0599;0,8971;-0,099;-0,0198;-0,0154;-0,0268;-0,0176;-0,2242;-0,1813;-0,1712;-0,0329;-0,0407;-0,0232;-0,0245;-0,0326;-0,0291;0,3714;-0,0833;0,332;-0,2251;-0,0661;-0,0313
"bar";-0,1126;-0,046;-0,0959;-0,0434;-0,0669;-0,0632;-0,0857;-0,4167;-0,1668;-0,4854;-0,2325;-0,176;-0,0259;-0,025;-0,1182;-0,0337;-0,1096;15,4576;-0,0197;-0,0492;-0,0286;-0,0324;-0,0068;-0,0599;-0,0589;-0,099;-0,0198;-0,0154;-0,0268;-0,0176;-0,2242;-0,1813;1,2621;-0,0329;-0,0407;-0,0232;-0,0245;-0,0326;-0,0291;-0,2405;-0,0833;-0,2721;-0,2251;-0,0661;-0,0313
"mardi";-0,1351;2,1661;-0,1151;0,9467;-0,0803;-0,0758;-0,1029;-0,5;-0,2002;-0,5824;-0,279;-0,2112;-0,0311;-0,0301;-0,1418;-0,0404;-0,1315;4,0852;-0,0237;-0,059;1,1193;-0,0389;-0,0082;4,8001;-0,0706;-0,1188;-0,0238;-0,0185;-0,0322;-0,0211;-0,269;-0,2175;-0,2055;-0,0395;-0,0489;-0,0278;-0,0294;-0,0392;-0,0349;-0,2886;-0,1;-0,3266;-0,2701;0,7774;-0,0376
"matin";-0,1464;-0,0598;-0,1246;0,9141;0,7411;0,7637;-0,1114;-0,5417;-0,2169;-0,631;-0,3022;-0,2288;-0,0337;-0,0326;-0,1536;-0,0438;-0,1425;1,0394;-0,0256;-0,0639;2,4957;1,0342;-0,0089;4,6452;-0,0765;-0,1287;-0,0257;-0,0201;-0,0349;-0,0229;-0,2914;-0,2357;-0,2226;1,028;-0,053;-0,0301;-0,0318;-0,0424;-0,0378;-0,3127;-0,1083;0,254;-0,2926;-0,0859;-0,0408
"samedi";-0,1126;0,9977;-0,0959;-0,0434;-0,0669;-0,0632;-0,0857;-0,4167;-0,1668;-0,4854;-0,2325;-0,176;-0,0259;-0,025;-0,1182;-0,0337;-0,1096;1,1486;-0,0197;-0,0492;-0,0286;2,6228;-0,0068;-0,0599;-0,0589;-0,099;-0,0198;-0,0154;2,7836;-0,0176;-0,2242;-0,1813;-0,1712;-0,0329;4,0341;-0,0232;-0,0245;1,1402;-0,0291;-0,2405;-0,0833;-0,2721;-0,2251;-0,0661;-0,0313
"chat";-0,1801;-0,0736;-0,1534;18,4492;-0,1071;-0,1011;-0,1371;-0,6667;-0,2669;-0,7766;-0,372;-0,2816;7,5229;-0,0401;-0,1891;-0,0539;-0,1754;-0,0512;-0,0315;-0,0787;-0,0458;-0,0518;-0,0109;-0,0959;-0,0942;-0,1584;-0,0317;-0,0247;-0,0429;-0,0282;-0,3587;-0,29;-0,274;-0,0526;-0,0652;-0,0371;-0,0392;-0,0522;-0,0465;-0,3849;-0,1334;-0,4354;-0,3602;-0,1058;-0,0502
"no";-0,1351;-0,0552;-0,1151;13,3618;0,7726;0,7954;-0,1029;-0,5;-0,2002;-0,5824;-0,279;0,4144;-0,0311;-0,0301;-0,1418;-0,0404;-0,1315;-0,0384;-0,0237;-0,059;-0,0343;-0,0389;-0,0082;-0,0719;-0,0706;-0,1188;-0,0238;-0,0185;-0,0322;-0,0211;-0,269;-0,2175;-0,2055;-0,0395;-0,0489;-0,0278;-0,0294;-0,0392;1,1123;-0,2886;-0,1;-0,3266;-0,2701;-0,0793;-0,0376
"1";-0,3941;-0,1611;0,751;3,4014;-0,2343;-0,2211;0,302;-1,4587;-0,584;-1,6991;-0,8138;-0,2273;0,7244;-0,0877;-0,4137;-0,118;-0,3837;-0,112;11,4756;-0,1722;-0,1001;0,6386;-0,0239;-0,2097;0,4228;-0,3466;13,3395;-0,0541;-0,0939;0,8781;-0,7848;-0,6346;-0,2177;0,6329;-0,1426;-0,0812;-0,0857;0,6357;-0,1018;-0,842;-0,2918;-0,9527;0,5866;-0,2314;-0,1097
"0";-0,1576;-0,0644;-0,1342;17,0747;-0,0937;-0,0884;-0,12;-0,5834;-0,2335;-0,6795;-0,3255;-0,2464;-0,0363;-0,0351;-0,1655;-0,0472;-0,1535;-0,0448;4,4921;-0,0689;-0,04;-0,0454;-0,0096;-0,0839;-0,0824;-0,1386;-0,0277;-0,0216;-0,0376;-0,0247;-0,3139;-0,2538;-0,2397;-0,046;-0,057;-0,0325;-0,0343;1,0005;-0,0407;-0,3367;-0,1167;-0,381;-0,3152;-0,0925;-0,0439
"13";-0,2139;0,7391;0,4652;1,8211;-0,1272;-0,12;-0,1629;-0,7917;-0,317;-0,9223;-0,4417;0,27;-0,0493;-0,0476;-0,2246;-0,064;-0,2083;-0,0608;-0,0375;-0,0934;-0,0543;-0,0616;1,531;-0,1138;-0,1118;17,0609;-0,0376;-0,0293;-0,051;-0,0335;-0,426;-0,3444;-0,3254;-0,0625;-0,0774;-0,0441;-0,0465;-0,062;-0,0553;-0,457;-0,1584;-0,5171;-0,4277;-0,1256;-0,0596
"photo";-0,1351;-0,0552;-0,1151;15,7191;-0,0803;-0,0758;0,676;-0,5;-0,2002;-0,5824;-0,279;-0,2112;-0,0311;-0,0301;-0,1418;-0,0404;-0,1315;-0,0384;-0,0237;-0,059;-0,0343;-0,0389;-0,0082;-0,0719;-0,0706;-0,1188;-0,0238;-0,0185;-0,0322;-0,0211;-0,269;-0,2175;-0,2055;-0,0395;-0,0489;-0,0278;-0,0294;-0,0392;-0,0349;-0,2886;1,678;-0,3266;-0,2701;-0,0793;-0,0376
"patte";-0,1351;-0,0552;-0,1151;20,9947;-0,0803;-0,0758;-0,1029;-0,5;-0,2002;-0,5824;-0,279;-0,2112;-0,0311;-0,0301;-0,1418;-0,0404;-0,1315;-0,0384;-0,0237;-0,059;-0,0343;-0,0389;-0,0082;-0,0719;-0,0706;-0,1188;-0,0238;-0,0185;-0,0322;-0,0211;-0,269;-0,2175;-0,2055;-0,0395;-0,0489;-0,0278;-0,0294;-0,0392;-0,0349;-0,2886;-0,1;-0,3266;0,3343;-0,0793;-0,0376
"marcher";-0,1351;0,923;-0,1151;2,2146;-0,0803;-0,0758;0,676;-0,5;-0,2002;-0,5824;-0,279;-0,2112;-0,0311;-0,0301;-0,1418;1,0511;-0,1315;-0,0384;-0,0237;-0,059;-0,0343;-0,0389;-0,0082;-0,0719;-0,0706;-0,1188;-0,0238;-0,0185;-0,0322;-0,0211;0,9225;-0,2175;-0,2055;-0,0395;-0,0489;-0,0278;-0,0294;-0,0392;1,1123;-0,2886;0,6868;-0,3266;1,6971;-0,0793;-0,0376
"rue";-0,1351;-0,0552;-0,1151;2,2146;-0,0803;-0,0758;-0,1029;-0,5;-0,2002;-0,5824;-0,279;0,4144;-0,0311;-0,0301;-0,1418;1,0511;-0,1315;-0,0384;-0,0237;-0,059;-0,0343;-0,0389;-0,0082;0,8165;-0,0706;-0,1188;-0,0238;-0,0185;-0,0322;-0,0211;-0,269;-0,2175;-0,2055;-0,0395;-0,0489;-0,0278;-0,0294;1,0643;1,1123;-0,2886;-0,1;-0,3266;-0,2701;6,2493;-0,0376
"sortie";-0,1238;-0,0506;-0,1055;0,9824;-0,0736;-0,0695;0,7096;-0,4583;-0,1835;-0,5339;-0,2557;0,4441;-0,0285;-0,0275;1,4721;-0,0371;-0,1206;-0,0352;-0,0217;-0,0541;1,1557;-0,0356;-0,0075;-0,0659;-0,0647;-0,1089;-0,0218;-0,017;-0,0295;-0,0194;-0,2466;-0,1994;-0,1884;2,5252;-0,0448;-0,0255;-0,0269;-0,0359;-0,032;-0,2646;1,7517;-0,2993;0,3619;-0,0727;-0,0345
"lundi";0,5435;0,8905;-0,1246;0,9141;-0,087;-0,0821;-0,1114;-0,5417;-0,2169;-0,631;-0,3022;-0,2288;1,1267;-0,0326;-0,1536;-0,0438;-0,1425;-0,0416;-0,0256;-0,0639;4,1172;-0,0421;-0,0089;6,2523;-0,0765;-0,1287;-0,0257;-0,0201;-0,0349;-0,0229;-0,2914;-0,2357;0,3968;-0,0428;-0,053;-0,0301;-0,0318;-0,0424;-0,0378;-0,3127;-0,1083;-0,3538;-0,2926;-0,0859;-0,0408
"11";-0,1689;-0,069;0,5499;0,8562;-0,1004;-0,0948;-0,1286;0,3929;-0,2502;-0,7281;-0,3487;-0,264;-0,0389;-0,0376;-0,1773;-0,0505;-0,1644;-0,048;-0,0296;-0,0738;-0,0429;0,9752;-0,0102;0,7283;-0,0883;1,3577;-0,0297;-0,0232;-0,0402;2,7812;-0,3363;-0,2719;-0,2569;5,3897;-0,0611;-0,0348;-0,0367;-0,049;-0,0436;-0,3608;-0,125;-0,4082;0,2672;-0,0992;-0,047
"maison";0,5435;-0,0598;-0,1246;0,9141;-0,087;-0,0821;0,6453;-0,5417;-0,2169;-0,631;-0,3022;-0,2288;-0,0337;1,1413;1,3357;1,018;-0,1425;-0,0416;-0,0256;-0,0639;-0,0372;-0,0421;-0,0089;-0,0779;-0,0765;1,474;-0,0257;-0,0201;-0,0349;-0,0229;0,3108;-0,2357;-0,2226;-0,0428;-0,053;-0,0301;-0,0318;-0,0424;1,0789;-0,3127;-0,1083;-0,3538;-0,2926;1,7982;-0,0408
"national";1,117;1,8191;-0,1726;0,7833;1,5174;1,5632;-0,1543;-0,7501;-0,3003;-0,8737;-0,4185;0,7991;-0,0467;-0,0451;-0,2127;-0,0607;-0,1973;-0,0576;-0,0355;-0,0885;-0,0515;0,9008;-0,0123;-0,1078;-0,1059;-0,1782;-0,0356;-0,0278;-0,0483;1,1522;-0,4035;-0,3263;-0,3082;-0,0592;-0,0733;-0,0417;-0,0441;0,8977;-0,0524;-0,433;-0,15;1,0347;0,2171;-0,119;-0,0564
"nuit";0,6054;-0,0506;-0,1055;-0,0478;0,8071;0,8302;-0,0943;-0,4583;-0,1835;-0,5339;-0,2557;-0,1936;1,1967;-0,0275;-0,13;-0,0371;-0,1206;-0,0352;-0,0217;-0,0541;-0,0315;-0,0356;-0,0075;-0,0659;-0,0647;0,6541;-0,0218;-0,017;-0,0295;-0,0194;-0,2466;-0,1994;-0,1884;-0,0362;-0,0448;-0,0255;-0,0269;-0,0359;-0,032;-0,2646;-0,0917;-0,2993;0,3619;6,4779;-0,0345
"20";0,6414;-0,046;0,7031;-0,0434;-0,0669;-0,0632;1,8105;-0,4167;-0,1668;-0,4854;-0,2325;-0,176;1,2368;-0,025;-0,1182;-0,0337;-0,1096;-0,032;-0,0197;-0,0492;-0,0286;-0,0324;-0,0068;-0,0599;-0,0589;-0,099;-0,0198;-0,0154;-0,0268;-0,0176;0,3945;-0,1813;1,2621;-0,0329;-0,0407;-0,0232;-0,0245;-0,0326;1,1886;-0,2405;-0,0833;-0,2721;0,3931;-0,0661;-0,0313
"lier";-0,1126;-0,046;-0,0959;-0,0434;-0,0669;-0,0632;-0,0857;-0,4167;-0,1668;-0,4854;-0,2325;-0,176;1,2368;-0,025;4,0204;-0,0337;-0,1096;-0,032;-0,0197;-0,0492;-0,0286;-0,0324;-0,0068;-0,0599;-0,0589;0,6907;-0,0198;-0,0154;-0,0268;-0,0176;-0,2242;-0,1813;1,2621;-0,0329;-0,0407;-0,0232;-0,0245;-0,0326;-0,0291;-0,2405;-0,0833;0,332;0,3931;-0,0661;-0,0313
"téhéran";-0,1238;-0,0506;13,2376;-0,0478;-0,0736;-0,0695;-0,0943;-0,4583;-0,1835;-0,5339;-0,2557;-0,1936;-0,0285;-0,0275;-0,13;-0,0371;-0,1206;-0,0352;-0,0217;-0,0541;-0,0315;1,1035;-0,0075;-0,0659;-0,0647;-0,1089;-0,0218;-0,017;-0,0295;-0,0194;-0,2466;-0,1994;0,4536;-0,0362;-0,0448;-0,0255;-0,0269;-0,0359;-0,032;-0,2646;-0,0917;-0,2993;-0,2476;-0,0727;-0,0345
"ministère";-0,1238;-0,0506;2,8232;-0,0478;-0,0736;-0,0695;-0,0943;-0,4583;-0,1835;-0,5339;-0,2557;-0,1936;-0,0285;-0,0275;-0,13;-0,0371;-0,1206;-0,0352;-0,0217;-0,0541;-0,0315;1,1035;-0,0075;0,8514;-0,0647;4,1271;-0,0218;-0,017;-0,0295;-0,0194;-0,2466;-0,1994;-0,1884;1,0974;-0,0448;1,2438;-0,0269;-0,0359;-0,032;-0,2646;-0,0917;-0,2993;-0,2476;-0,0727;-0,0345
"iranien";-0,304;-0,1243;25,3438;-0,1172;-0,1807;-0,1706;-0,2315;-1,1252;-0,4505;-1,3107;-0,6278;0,5357;-0,07;-0,0676;-0,3191;-0,091;-0,296;-0,0864;-0,0532;-0,1328;-0,0772;4,3366;-0,0184;-0,1618;-0,1589;-0,2673;-0,0535;-0,0417;-0,0724;-0,0476;-0,6054;-0,4895;0,5519;-0,0888;-0,11;-0,0626;-0,0661;-0,0881;-0,0785;-0,6495;-0,2251;-0,7349;-0,6079;-0,1785;-0,0847
"directeur";-0,1126;-0,046;1,7194;-0,0434;0,8453;0,8685;0,7469;-0,4167;-0,1668;-0,4854;-0,2325;0,4773;-0,0259;-0,025;-0,1182;-0,0337;-0,1096;-0,032;-0,0197;-0,0492;-0,0286;-0,0324;-0,0068;-0,0599;-0,0589;0,6907;-0,0198;-0,0154;-0,0268;-0,0176;-0,2242;-0,1813;1,2621;-0,0329;-0,0407;-0,0232;-0,0245;-0,0326;-0,0291;-0,2405;-0,0833;0,332;-0,2251;-0,0661;-0,0313
"président";1,117;1,8191;2,1785;-0,0782;-0,1205;-0,1137;0,5243;-0,7501;-0,3003;-0,8737;-0,4185;0,7991;-0,0467;-0,0451;-0,2127;-0,0607;-0,1973;-0,0576;-0,0355;-0,0885;-0,0515;-0,0583;-0,0123;-0,1078;-0,1059;2,1406;-0,0356;-0,0278;-0,0483;-0,0317;-0,4035;-0,3263;-0,3082;2,096;-0,0733;2,3887;-0,0441;0,8977;-0,0524;-0,433;-0,15;-0,4899;-0,4052;-0,119;-0,0564
"octobre";-0,1801;-0,0736;3,4767;-0,0695;-0,1071;-0,1011;-0,1371;-0,6667;-0,2669;-0,7766;-0,372;-0,2816;-0,0415;-0,0401;-0,1891;-0,0539;-0,1754;-0,0512;-0,0315;-0,0787;-0,0458;-0,0518;-0,0109;7,3358;-0,0942;-0,1584;-0,0317;-0,0247;-0,0429;-0,0282;-0,3587;-0,29;1,6546;-0,0526;-0,0652;-0,0371;-0,0392;-0,0522;-0,0465;-0,3849;0,5778;-0,4354;-0,3602;1,624;-0,0502
"exécution";-0,1351;-0,0552;5,4648;-0,0521;-0,0803;-0,0758;-0,1029;-0,5;-0,2002;-0,5824;-0,279;1,0974;-0,0311;-0,0301;-0,1418;-0,0404;-0,1315;-0,0384;-0,0237;-0,059;-0,0343;5,8479;-0,0082;-0,0719;-0,0706;-0,1188;-0,0238;-0,0185;-0,0322;-0,0211;-0,269;-0,2175;-0,2055;-0,0395;0,9728;-0,0278;-0,0294;-0,0392;-0,0349;-0,2886;-0,1;-0,3266;-0,2701;-0,0793;-0,0376
"acteur";0,9668;-0,1012;0,4148;-0,0955;2,3551;2,4245;-0,1886;-0,9168;-0,367;-1,0679;-0,5115;-0,3872;-0,0571;-0,0551;-0,26;-0,0741;-0,2412;-0,0704;-0,0434;-0,1082;-0,0629;-0,0713;-0,015;-0,1318;0,5887;-0,2178;-0,0436;1,1234;-0,059;-0,0388;-0,4932;-0,3988;1,2893;-0,0724;-0,0896;-0,051;-0,0539;-0,0718;-0,064;-0,5292;1,1879;0,4094;-0,4953;-0,1454;4,7597
"échange";-0,1126;-0,046;4,3691;-0,0434;-0,0669;-0,0632;-0,0857;-0,4167;-0,1668;-0,4854;-0,2325;0,4773;-0,0259;-0,025;-0,1182;-0,0337;-0,1096;-0,032;-0,0197;-0,0492;-0,0286;1,1433;-0,0068;-0,0599;-0,0589;-0,099;-0,0198;-0,0154;-0,0268;-0,0176;-0,2242;-0,1813;-0,1712;-0,0329;-0,0407;-0,0232;-0,0245;-0,0326;2,7146;-0,2405;-0,0833;0,332;0,3931;-0,0661;-0,0313
"mars";-0,1351;-0,0552;0,6331;-0,0521;3,1508;3,2229;-0,1029;-0,5;-0,2002;-0,5824;-0,279;-0,2112;-0,0311;-0,0301;-0,1418;-0,0404;-0,1315;-0,0384;-0,0237;-0,059;-0,0343;-0,0389;-0,0082;-0,0719;-0,0706;-0,1188;-0,0238;-0,0185;-0,0322;-0,0211;-0,269;-0,2175;-0,2055;1,0612;2,2679;-0,0278;-0,0294;-0,0392;-0,0349;-0,2886;-0,1;0,2769;0,3343;-0,0793;-0,0376
"novembre";-0,1576;-0,0644;3,7212;-0,0608;0,7121;0,7346;-0,12;-0,5834;-0,2335;-0,6795;-0,3255;0,3635;-0,0363;-0,0351;-0,1655;-0,0472;-0,1535;-0,0448;-0,0276;-0,0689;-0,04;-0,0454;-0,0096;-0,0839;-0,0824;-0,1386;-0,0277;-0,0216;-0,0376;-0,0247;-0,3139;-0,2538;-0,2397;5,5218;-0,057;-0,0325;-0,0343;-0,0457;-0,0407;-0,3367;1,5494;0,2335;-0,3152;-0,0925;-0,0439
"accusé";-0,1126;-0,046;0,7031;-0,0434;-0,0669;-0,0632;-0,0857;-0,4167;-0,1668;-0,4854;-0,2325;-0,176;-0,0259;-0,025;-0,1182;-0,0337;-0,1096;-0,032;-0,0197;-0,0492;-0,0286;-0,0324;-0,0068;15,796;-0,0589;-0,099;-0,0198;-0,0154;-0,0268;-0,0176;-0,2242;-0,1813;-0,1712;-0,0329;-0,0407;-0,0232;-0,0245;-0,0326;-0,0291;-0,2405;-0,0833;-0,2721;-0,2251;-0,0661;-0,0313
"israélien";-0,3265;-0,1335;0,3252;-0,1259;-0,1941;-0,1832;-0,2486;-1,2086;-0,4838;-1,4078;-0,6743;-0,5105;-0,0752;-0,0726;-0,3428;-0,0977;-0,3179;-0,0928;-0,0572;-0,1426;-0,083;-0,094;-0,0198;-0,1738;-0,1707;-0,2872;-0,0574;-0,0448;-0,0778;-0,0511;-0,6502;-0,5258;38,1873;-0,0954;-0,1182;-0,0673;-0,071;-0,0947;-0,0844;-0,6976;-0,2417;-0,7893;-0,6529;-0,1917;-0,0909
"drone";-0,1238;-0,0506;0,6663;-0,0478;-0,0736;-0,0695;-0,0943;-0,4583;-0,1835;-0,5339;-0,2557;-0,1936;-0,0285;-0,0275;-0,13;-0,0371;-0,1206;-0,0352;-0,0217;-0,0541;-0,0315;-0,0356;-0,0075;-0,0659;-0,0647;15,4545;-0,0218;-0,017;-0,0295;-0,0194;-0,2466;-0,1994;-0,1884;-0,0362;-0,0448;-0,0255;-0,0269;-0,0359;-0,032;-0,2646;-0,0917;-0,2993;-0,2476;-0,0727;-0,0345
"travailler";-0,2027;-0,0828;0,4842;-0,0782;1,5174;1,5632;0,5243;-0,7501;-0,3003;-0,8737;-0,4185;-0,3168;-0,0467;1,0061;-0,2127;0,8849;-0,1973;-0,0576;-0,0355;-0,0885;-0,0515;-0,0583;-0,0123;-0,1078;-0,1059;-0,1782;-0,0356;-0,0278;-0,0483;-0,0317;-0,4035;-0,3263;-0,3082;-0,0592;-0,0733;-0,0417;-0,0441;-0,0588;2,1984;-0,433;0,5345;0,5237;0,6385;2,6261;-0,0564
"2";-0,2139;-0,0874;0,4652;-0,0825;-0,1272;-0,12;-0,1629;-0,7917;-0,317;-0,9223;-0,4417;-0,3344;-0,0493;-0,0476;-0,2246;-0,064;-0,2083;-0,0608;5,8213;-0,0934;-0,0543;-0,0616;-0,013;-0,1138;-0,1118;-0,1881;11,7504;-0,0293;-0,051;2,5741;-0,426;-0,3444;-0,3254;-0,0625;-0,0774;-0,0441;-0,0465;-0,062;-0,0553;-0,457;-0,1584;0,4917;0,6039;-0,1256;0,8922
"couloir";-0,1126;-0,046;0,7031;-0,0434;0,8453;0,8685;-0,0857;-0,4167;-0,1668;-0,4854;-0,2325;-0,176;-0,0259;-0,025;-0,1182;-0,0337;-0,1096;-0,032;-0,0197;-0,0492;-0,0286;-0,0324;-0,0068;-0,0599;-0,0589;9,4838;-0,0198;-0,0154;-0,0268;-0,0176;-0,2242;-0,1813;-0,1712;-0,0329;-0,0407;-0,0232;-0,0245;-0,0326;-0,0291;-0,2405;-0,0833;-0,2721;-0,2251;-0,0661;-0,0313
"quatre";0,4284;-0,0828;0,4842;-0,0782;2,6112;1,5632;-0,1543;-0,7501;-0,3003;-0,8737;-0,4185;-0,3168;-0,0467;-0,0451;-0,2127;-0,0607;-0,1973;-0,0576;-0,0355;0,7342;-0,0515;0,9008;-0,0123;1,6055;-0,1059;0,4729;1,1036;-0,0278;-0,0483;-0,0317;-0,4035;-0,3263;-0,3082;-0,0592;0,8086;-0,0417;-0,0441;-0,0588;-0,0524;-0,433;-0,15;-0,4899;-0,4052;2,6261;0,9142
"15";-0,1801;-0,0736;0,5264;-0,0695;-0,1071;-0,1011;-0,1371;-0,6667;-0,2669;-0,7766;-0,372;-0,2816;-0,0415;-0,0401;-0,1891;-0,0539;-0,1754;-0,0512;10,2034;-0,0787;-0,0458;-0,0518;-0,0109;-0,0959;-0,0942;-0,1584;12,3893;-0,0247;-0,0429;1,2016;-0,3587;-0,29;-0,274;-0,0526;-0,0652;-0,0371;-0,0392;-0,0522;0,993;-0,3849;-0,1334;-0,4354;-0,3602;-0,1058;-0,0502
"annoncer";1,117;0,7604;0,4842;-0,0782;-0,1205;-0,1137;-0,1543;-0,7501;-0,3003;-0,8737;-0,4185;-0,3168;-0,0467;-0,0451;0,412;-0,0607;-0,1973;-0,0576;-0,0355;0,7342;-0,0515;3,5143;-0,0123;-0,1078;-0,1059;4,4125;-0,0356;-0,0278;-0,0483;-0,0317;-0,4035;-0,3263;-0,3082;-0,0592;-0,0733;-0,0417;-0,0441;-0,0588;-0,0524;-0,433;-0,15;-0,4899;0,2171;-0,119;3,556
"12";-0,1351;-0,0552;0,6331;-0,0521;1,8563;1,9036;-0,1029;-0,5;-0,2002;-0,5824;-0,279;-0,2112;-0,0311;-0,0301;0,555;-0,0404;-0,1315;-0,0384;-0,0237;-0,059;-0,0343;-0,0389;-0,0082;0,8165;-0,0706;-0,1188;-0,0238;-0,0185;-0,0322;4,8533;-0,269;-0,2175;-0,2055;-0,0395;0,9728;-0,0278;-0,0294;-0,0392;-0,0349;-0,2886;-0,1;-0,3266;-0,2701;0,7774;-0,0376
"17";-0,1351;0,923;0,6331;-0,0521;0,7726;0,7954;-0,1029;0,5205;-0,2002;-0,5824;-0,279;-0,2112;-0,0311;-0,0301;-0,1418;-0,0404;-0,1315;-0,0384;-0,0237;-0,059;-0,0343;-0,0389;-0,0082;-0,0719;-0,0706;-0,1188;-0,0238;-0,0185;-0,0322;-0,0211;0,3356;-0,2175;1,1178;1,0612;2,2679;-0,0278;-0,0294;-0,0392;-0,0349;-0,2886;-0,1;-0,3266;-0,2701;-0,0793;-0,0376
"guide";-0,1238;-0,0506;1,6385;-0,0478;-0,0736;-0,0695;13,6709;-0,4583;-0,1835;-0,5339;-0,2557;-0,1936;-0,0285;-0,0275;-0,13;-0,0371;-0,1206;-0,0352;-0,0217;-0,0541;-0,0315;-0,0356;-0,0075;-0,0659;-0,0647;-0,1089;-0,0218;-0,017;-0,0295;-0,0194;-0,2466;-0,1994;-0,1884;-0,0362;-0,0448;-0,0255;-0,0269;-0,0359;-0,032;-0,2646;-0,0917;-0,2993;-0,2476;-0,0727;-0,0345
"marine";-0,1351;0,923;-0,1151;-0,0521;-0,0803;-0,0758;-0,1029;-0,5;-0,2002;-0,5824;-0,279;-0,2112;-0,0311;-0,0301;2,4508;-0,0404;-0,1315;-0,0384;1,2755;-0,059;-0,0343;-0,0389;-0,0082;-0,0719;-0,0706;1,5401;4,7026;-0,0185;-0,0322;-0,0211;-0,269;-0,2175;-0,2055;-0,0395;-0,0489;-0,0278;-0,0294;-0,0392;2,5521;-0,2886;-0,1;-0,3266;-0,2701;-0,0793;-0,0376
"3";-0,2815;-0,115;-0,2397;-0,1086;-0,1673;-0,1579;-0,2143;-1,0418;-0,4171;-1,2136;-0,5813;-0,44;-0,0648;0,872;-0,2955;-0,0842;-0,2741;-0,08;8,8735;-0,123;-0,0715;-0,081;-0,0171;-0,1498;-0,1472;0,362;26,3237;-0,0386;-0,0671;2,3369;-0,5605;-0,4532;-0,4281;-0,0822;-0,1019;-0,058;-0,0612;-0,0816;-0,0727;-0,6014;-0,2084;-0,6804;-0,1954;-0,1653;-0,0784
"grandvillars";-0,1914;-0,0782;-0,163;-0,0738;-0,1138;-0,1074;-0,1457;-0,7084;-0,2836;-0,8252;-0,3952;-0,2992;-0,0441;-0,0426;-0,2009;-0,0573;-0,1864;-0,0544;24,4629;-0,0836;-0,0486;-0,0551;-0,0116;-0,1019;-0,1001;-0,1683;7,9565;-0,0263;-0,0456;-0,03;-0,3811;-0,3082;-0,2911;-0,0559;-0,0693;-0,0394;-0,0416;-0,0555;-0,0494;-0,4089;-0,1417;-0,4626;-0,3827;-0,1124;-0,0533
"vincent";-0,1238;-0,0506;-0,1055;-0,0478;-0,0736;-0,0695;5,9272;-0,4583;-0,1835;-0,5339;-0,2557;1,1653;-0,0285;-0,0275;-0,13;-0,0371;-0,1206;-0,0352;-0,0217;-0,0541;-0,0315;-0,0356;-0,0075;-0,0659;-0,0647;-0,1089;1,3106;-0,017;-0,0295;-0,0194;-0,2466;-0,1994;2,1228;-0,0362;-0,0448;-0,0255;-0,0269;-0,0359;-0,032;-0,2646;-0,0917;-0,2993;-0,2476;-0,0727;-0,0345
"mandico";-0,3491;-0,1427;-0,2973;-0,1346;9,1855;6,606;-0,2658;-1,2919;-0,5172;-1,5049;-0,7208;-0,5457;-0,0804;-0,0777;-0,3664;-0,1045;-0,3399;-0,0992;-0,0611;-0,1525;-0,0887;-0,1005;-0,0212;-0,1858;16,1512;-0,307;-0,0614;2,2639;-0,0832;-0,0546;-0,6951;-0,562;-0,5309;-0,102;-0,1263;-0,0719;-0,0759;-0,1012;-0,0902;-0,7458;-0,2584;-0,8438;-0,698;-0,205;-0,0972
"conan";-0,7209;-0,2946;-0,6139;-0,278;7,3226;6,452;-0,5488;-2,6681;-1,0681;-3,1079;-1,4886;-1,1269;-0,1661;-0,1604;-0,7568;-0,2158;-0,7019;-0,2049;-0,1263;-0,3149;-0,1831;-0,2075;1,0186;-0,3836;0,2365;-0,6339;-0,1268;1,66;-0,1717;-0,1128;-1,4354;-1,1607;-1,0964;-0,2106;-0,2609;-0,1485;-0,1567;-0,209;-0,1862;-1,5401;35,5584;-1,7425;-1,4414;-0,4233;10,4514
"cinéaste";-0,2027;-0,0828;-0,1726;-0,0782;5,2222;3,9495;-0,1543;-0,7501;-0,3003;-0,8737;-0,4185;-0,3168;-0,0467;-0,0451;-0,2127;-0,0607;-0,1973;-0,0576;-0,0355;-0,0885;-0,0515;-0,0583;-0,0123;-0,1078;7,026;-0,1782;-0,0356;-0,0278;-0,0483;-0,0317;-0,4035;-0,3263;-0,3082;-0,0592;-0,0733;-0,0417;-0,0441;-0,0588;-0,0524;-0,433;0,5345;0,5237;-0,4052;-0,119;-0,0564
"crise";0,5729;-0,0552;-0,1151;-0,0521;1,8563;1,9036;-0,1029;-0,5;-0,2002;-0,5824;-0,279;1,0974;-0,0311;-0,0301;0,555;-0,0404;-0,1315;-0,0384;-0,0237;-0,059;-0,0343;-0,0389;-0,0082;-0,0719;0,8237;-0,1188;-0,0238;-0,0185;-0,0322;-0,0211;-0,269;-0,2175;-0,2055;-0,0395;-0,0489;-0,0278;-0,0294;-0,0392;-0,0349;-0,2886;0,6868;0,7887;-0,2701;-0,0793;-0,0376
"enfer";-0,1126;-0,046;-0,0959;-0,0434;2,0139;2,0617;-0,0857;-0,4167;-0,1668;-0,4854;-0,2325;-0,176;-0,0259;-0,025;-0,1182;-0,0337;-0,1096;-0,032;-0,0197;-0,0492;-0,0286;-0,0324;-0,0068;-0,0599;2,1205;-0,099;-0,0198;1,4567;-0,0268;-0,0176;-0,2242;-0,1813;-0,1712;-0,0329;-0,0407;-0,0232;-0,0245;-0,0326;-0,0291;-0,2405;-0,0833;-0,2721;1,9275;-0,0661;-0,0313
"vendredi";0,6054;3,7439;-0,1055;-0,0478;0,8071;0,8302;-0,0943;-0,4583;-0,1835;-0,5339;-0,2557;0,4441;-0,0285;-0,0275;-0,13;-0,0371;-0,1206;-0,0352;-0,0217;-0,0541;1,1557;-0,0356;-0,0075;0,8514;-0,0647;1,6128;-0,0218;-0,017;-0,0295;-0,0194;-0,2466;-0,1994;-0,1884;-0,0362;-0,0448;-0,0255;-0,0269;-0,0359;-0,032;-0,2646;-0,0917;-0,2993;-0,2476;-0,0727;-0,0345
"e";-0,1464;-0,0598;-0,1246;-0,0564;0,7411;0,7637;-0,1114;-0,5417;-0,2169;-0,631;-0,3022;-0,2288;-0,0337;-0,0326;-0,1536;-0,0438;-0,1425;-0,0416;4,5954;-0,0639;-0,0372;-0,0421;-0,0089;-0,0779;0,7918;-0,1287;-0,0257;-0,0201;-0,0349;-0,0229;-0,2914;-0,2357;-0,2226;-0,0428;8,9814;-0,0301;-0,0318;-0,0424;-0,0378;-0,3127;0,656;-0,3538;-0,2926;-0,0859;-0,0408
"film";-0,6307;-0,2578;-0,5372;-0,2432;12,9597;6,9678;-0,4802;-2,3344;-0,9345;-2,7192;-1,3024;-0,211;-0,1453;-0,1403;-0,6621;-0,1888;-0,6141;-0,1792;-0,1105;-0,2755;-0,1602;-0,1815;-0,0383;-0,3356;4,9926;-0,5546;-0,1109;1,769;-0,1503;-0,0987;-1,2559;-1,0155;-0,9593;-0,1842;-0,2282;-0,1299;-0,1371;-0,1829;-0,1629;-1,3475;10,4585;0,352;-1,2611;-0,3703;4,2759
"cinéma";-0,1801;-0,0736;-0,1534;-0,0695;2,7648;2,8359;-0,1371;-0,6667;-0,2669;-0,7766;-0,372;-0,2816;-0,0415;-0,0401;-0,1891;-0,0539;-0,1754;-0,0512;-0,0315;-0,0787;-0,0458;-0,0518;-0,0109;-0,0959;5,774;-0,1584;-0,0317;-0,0247;-0,0429;-0,0282;-0,3587;-0,29;-0,274;-0,0526;-0,0652;-0,0371;-0,0392;-0,0522;-0,0465;-0,3849;3,7062;0,1985;-0,3602;-0,1058;-0,0502
"schwarzenegger";-0,1126;-0,046;-0,0959;-0,0434;0,8453;0,8685;-0,0857;-0,4167;-0,1668;-0,4854;-0,2325;-0,176;-0,0259;-0,025;-0,1182;-0,0337;-0,1096;-0,032;-0,0197;-0,0492;-0,0286;-0,0324;-0,0068;-0,0599;3,5662;-0,099;-0,0198;-0,0154;-0,0268;-0,0176;-0,2242;-0,1813;-0,1712;-0,0329;-0,0407;-0,0232;-0,0245;-0,0326;-0,0291;-0,2405;1,8334;-0,2721;-0,2251;-0,0661;4,37
"reconnaître";0,5729;0,923;-0,1151;-0,0521;0,7726;0,7954;0,676;1,7212;-0,2002;-0,5824;-0,279;0,4144;-0,0311;-0,0301;-0,1418;-0,0404;-0,1315;-0,0384;-0,0237;-0,059;-0,0343;-0,0389;-0,0082;-0,0719;0,8237;-0,1188;-0,0238;-0,0185;-0,0322;-0,0211;-0,269;-0,2175;-0,2055;-0,0395;-0,0489;-0,0278;-0,0294;-0,0392;-0,0349;-0,2886;-0,1;-0,3266;-0,2701;-0,0793;1,0811
"noir";-0,2027;-0,0828;-0,1726;-0,0782;1,5174;1,5632;0,5243;-0,7501;-0,3003;-0,8737;-0,4185;-0,3168;-0,0467;-0,0451;-0,2127;-0,0607;-0,1973;-0,0576;-0,0355;-0,0885;-0,0515;-0,0583;-0,0123;-0,1078;0,6646;8,6329;-0,0356;1,2075;-0,0483;-0,0317;0,2182;-0,3263;-0,3082;-0,0592;-0,0733;-0,0417;-0,0441;-0,0588;-0,0524;-0,433;-0,15;-0,1546;0,2171;-0,119;-0,0564
"tournage";-0,1801;-0,0736;-0,1534;-0,0695;5,5038;5,6249;-0,1371;-0,6667;-0,2669;-0,7766;-0,372;-0,2816;-0,0415;-0,0401;-0,1891;-0,0539;-0,1754;-0,0512;-0,0315;-0,0787;-0,0458;-0,0518;-0,0109;-0,0959;-0,0942;-0,1584;-0,0317;-0,0247;-0,0429;-0,0282;-0,3587;-0,29;-0,274;-0,0526;-0,0652;-0,0371;-0,0392;-0,0522;-0,0465;-0,3849;6,5003;-0,4354;-0,3602;-0,1058;-0,0502
"projet";-0,2252;-0,092;-0,1918;-0,0868;9,5098;6,5377;-0,1714;-0,8334;-0,3336;-0,9708;-0,465;-0,352;-0,0519;-0,0501;-0,2364;-0,0674;-0,2192;-0,064;-0,0394;-0,0984;-0,0572;-0,0648;-0,0137;-0,1198;0,6245;-0,198;-0,0396;-0,0309;-0,0536;1,1082;-0,4484;-0,3626;-0,3425;-0,0658;-0,0815;-0,0464;-0,049;-0,0653;2,1082;-0,4811;-0,1667;-0,1838;-0,4503;-0,1322;0,8715
"lancer";-0,1464;-0,0598;-0,1246;-0,0564;0,7411;0,7637;2,7356;-0,5417;-0,2169;-0,631;-0,3022;0,3877;-0,0337;-0,0326;-0,1536;-0,0438;-0,1425;-0,0416;-0,0256;0,8636;-0,0372;-0,0421;-0,0089;-0,0779;-0,0765;-0,1287;-0,0257;-0,0201;-0,0349;-0,0229;1,6041;-0,2357;-0,2226;-0,0428;-0,053;-0,0301;-0,0318;-0,0424;-0,0378;-0,3127;-0,1083;0,254;0,3096;-0,0859;1,0478
"visage";-0,1126;-0,046;-0,0959;-0,0434;0,8453;0,8685;-0,0857;-0,4167;-0,1668;-0,4854;-0,2325;-0,176;-0,0259;-0,025;-0,1182;-0,0337;-0,1096;-0,032;-0,0197;0,9704;-0,0286;-0,0324;-0,0068;-0,0599;-0,0589;-0,099;-0,0198;-0,0154;-0,0268;-0,0176;-0,2242;-0,1813;-0,1712;-0,0329;-0,0407;1,2841;-0,0245;-0,0326;-0,0291;-0,2405;0,7579;2,6738;0,3931;-0,0661;-0,0313
"vivant";-0,1351;-0,0552;-0,1151;-0,0521;0,7726;0,7954;-0,1029;-0,5;-0,2002;-0,5824;-0,279;1,0974;-0,0311;-0,0301;-0,1418;-0,0404;-0,1315;-0,0384;-0,0237;3,5381;-0,0343;-0,0389;-0,0082;0,8165;-0,0706;-0,1188;-0,0238;-0,0185;-0,0322;-0,0211;-0,269;-0,2175;-0,2055;-0,0395;-0,0489;-0,0278;-0,0294;-0,0392;-0,0349;-0,2886;-0,1;0,2769;1,6971;-0,0793;-0,0376
"ukrainien";-0,2815;-0,115;-0,2397;-0,1086;-0,1673;-0,1579;-0,2143;-1,0418;-0,4171;-1,2136;-0,5813;-0,44;-0,0648;-0,0626;-0,2955;-0,0842;-0,2741;-0,08;-0,0493;-0,123;-0,0715;-0,081;-0,0171;-0,1498;-0,1472;30,5981;-0,0495;-0,0386;-0,0671;-0,0441;-0,1941;-0,4532;-0,4281;-0,0822;-0,1019;3,5017;-0,0612;-0,0816;-0,0727;-0,6014;-0,2084;-0,6804;-0,5628;-0,1653;-0,0784
"jeudi";0,4284;-0,0828;-0,1726;-0,0782;-0,1205;-0,1137;-0,1543;-0,7501;-0,3003;-0,8737;-0,4185;-0,3168;-0,0467;-0,0451;-0,2127;-0,0607;-0,1973;-0,0576;-0,0355;-0,0885;2,2125;2,1084;-0,0123;4,0374;-0,1059;10,2293;-0,0356;-0,0278;-0,0483;-0,0317;-0,4035;-0,3263;-0,3082;-0,0592;-0,0733;-0,0417;-0,0441;-0,0588;-0,0524;-0,433;-0,15;-0,4899;-0,4052;-0,119;-0,0564
"offensive";-0,1464;-0,0598;-0,1246;-0,0564;-0,087;-0,0821;-0,1114;-0,5417;-0,2169;-0,631;-0,3022;-0,2288;-0,0337;-0,0326;-0,1536;-0,0438;-0,1425;-0,0416;-0,0256;-0,0639;-0,0372;-0,0421;-0,0089;-0,0779;-0,0765;18,6836;-0,0257;-0,0201;-0,0349;-0,0229;0,3108;-0,2357;-0,2226;-0,0428;-0,053;-0,0301;-0,0318;-0,0424;-0,0378;-0,3127;-0,1083;-0,3538;-0,2926;-0,0859;-0,0408
"civil";-0,2139;-0,0874;-0,1822;-0,0825;-0,1272;-0,12;-0,1629;-0,7917;-0,317;-0,9223;-0,4417;0,27;-0,0493;-0,0476;-0,2246;-0,064;-0,2083;-0,0608;-0,0375;-0,0934;-0,0543;-0,0616;-0,013;0,6372;-0,1118;4,288;-0,0376;-0,0293;8,8795;-0,0335;0,6065;-0,3444;-0,3254;-0,0625;-0,0774;2,342;-0,0465;-0,062;-0,0553;-0,457;-0,1584;-0,169;0,2031;-0,1256;-0,0596
"nuls";-0,1576;-0,0644;-0,1342;-0,0608;-0,0937;-0,0884;23,9635;-0,5834;-0,2335;-0,6795;-0,3255;-0,2464;-0,0363;-0,0351;-0,1655;-0,0472;-0,1535;-0,0448;-0,0276;-0,0689;-0,04;-0,0454;-0,0096;-0,0839;-0,0824;-0,1386;-0,0277;-0,0216;-0,0376;-0,0247;-0,3139;-0,2538;-0,2397;-0,046;-0,057;-0,0325;-0,0343;-0,0457;-0,0407;-0,3367;-0,1167;-0,381;-0,3152;-0,0925;-0,0439
"collection";-0,1576;-0,0644;-0,1342;-0,0608;-0,0937;-0,0884;21,1109;-0,5834;-0,2335;-0,6795;-0,3255;-0,2464;-0,0363;-0,0351;-0,1655;-0,0472;-0,1535;-0,0448;-0,0276;-0,0689;-0,04;-0,0454;-0,0096;-0,0839;-0,0824;-0,1386;-0,0277;-0,0216;-0,0376;-0,0247;-0,3139;-0,2538;-0,2397;0,9975;-0,057;-0,0325;-0,0343;-0,0457;-0,0407;-0,3367;-0,1167;-0,381;-0,3152;-0,0925;-0,0439
"vendre";0,6054;-0,0506;-0,1055;-0,0478;-0,0736;-0,0695;4,3677;-0,4583;-0,1835;-0,5339;-0,2557;-0,1936;-0,0285;-0,0275;-0,13;-0,0371;-0,1206;-0,0352;-0,0217;-0,0541;-0,0315;-0,0356;-0,0075;-0,0659;-0,0647;-0,1089;-0,0218;-0,017;-0,0295;-0,0194;0,3633;-0,1994;1,186;-0,0362;-0,0448;-0,0255;-0,0269;-0,0359;-0,032;-0,2646;-0,0917;0,3027;0,9845;-0,0727;-0,0345
"cinq";0,5166;-0,0644;-0,1342;-0,0608;-0,0937;-0,0884;0,6172;-0,5834;-0,2335;-0,6795;-0,3255;-0,2464;-0,0363;-0,0351;0,4992;-0,0472;-0,1535;-0,0448;-0,0276;0,8338;-0,04;1,0036;-0,0096;1,8155;-0,0824;-0,1386;-0,0277;-0,0216;1,0818;-0,0247;-0,3139;-0,2538;-0,2397;0,9975;-0,057;-0,0325;-0,0343;-0,0457;-0,0407;-0,3367;-0,1167;0,683;0,2873;1,7355;-0,0439
"six";0,6054;-0,0506;-0,1055;-0,0478;-0,0736;-0,0695;0,7096;-0,4583;-0,1835;-0,5339;-0,2557;-0,1936;-0,0285;-0,0275;-0,13;1,0872;-0,1206;-0,0352;-0,0217;-0,0541;-0,0315;-0,0356;-0,0075;0,8514;5,0017;-0,1089;-0,0218;1,4161;-0,0295;1,36;-0,2466;-0,1994;-0,1884;-0,0362;-0,0448;-0,0255;-0,0269;-0,0359;-0,032;-0,2646;-0,0917;-0,2993;-0,2476;0,812;-0,0345
"ministre";3,4586;3,4105;-0,1342;-0,0608;-0,0937;-0,0884;0,6172;-0,5834;-0,2335;-0,6795;-0,3255;-0,2464;-0,0363;-0,0351;-0,1655;-0,0472;-0,1535;-0,0448;-0,0276;-0,0689;1,0552;2,3255;-0,0096;-0,0839;-0,0824;-0,1386;-0,0277;-0,0216;-0,0376;-0,0247;-0,3139;-0,2538;-0,2397;-0,046;-0,057;-0,0325;-0,0343;2,3192;-0,0407;-0,3367;0,6278;-0,381;-0,3152;-0,0925;-0,0439
"extrême";-0,1576;3,4105;-0,1342;-0,0608;-0,0937;-0,0884;0,6172;-0,5834;-0,2335;-0,6795;-0,3255;-0,2464;-0,0363;-0,0351;4,6451;-0,0472;-0,1535;-0,0448;-0,0276;0,8338;-0,04;-0,0454;-0,0096;-0,0839;-0,0824;-0,1386;-0,0277;-0,0216;-0,0376;-0,0247;0,2886;-0,2538;-0,2397;-0,046;-0,057;-0,0325;-0,0343;-0,0457;-0,0407;-0,3367;-0,1167;-0,381;1,5111;-0,0925;-0,0439
"réseau";0,5729;7,0216;-0,1151;-0,0521;-0,0803;-0,0758;1,6554;-0,5;-0,2002;-0,5824;-0,279;0,4144;-0,0311;-0,0301;-0,1418;-0,0404;-0,1315;-0,0384;-0,0237;-0,059;-0,0343;-0,0389;-0,0082;-0,0719;-0,0706;-0,1188;-0,0238;-0,0185;-0,0322;-0,0211;-0,269;-0,2175;-0,2055;-0,0395;-0,0489;-0,0278;-0,0294;-0,0392;-0,0349;-0,2886;-0,1;-0,3266;-0,2701;3,1661;-0,0376
"sapiens";-0,1238;-0,0506;-0,1055;-0,0478;-0,0736;-0,0695;-0,0943;-0,4583;-0,1835;-0,5339;-0,2557;-0,1936;-0,0285;-0,0275;17,2988;-0,0371;-0,1206;-0,0352;-0,0217;-0,0541;-0,0315;-0,0356;-0,0075;-0,0659;-0,0647;-0,1089;-0,0218;-0,017;-0,0295;-0,0194;-0,2466;-0,1994;-0,1884;-0,0362;-0,0448;-0,0255;-0,0269;-0,0359;-0,032;-0,2646;-0,0917;-0,2993;-0,2476;-0,0727;-0,0345
"genre";-0,1238;-0,0506;-0,1055;-0,0478;-0,0736;-0,0695;-0,0943;-0,4583;-0,1835;-0,5339;-0,2557;-0,1936;-0,0285;-0,0275;1,4721;-0,0371;-0,1206;-0,0352;-0,0217;-0,0541;-0,0315;-0,0356;1,7657;-0,0659;-0,0647;-0,1089;-0,0218;-0,017;-0,0295;-0,0194;-0,2466;-0,1994;0,4536;-0,0362;-0,0448;-0,0255;-0,0269;-0,0359;1,1486;-0,2646;1,7517;0,8509;0,9845;-0,0727;-0,0345
"traiter";-0,1126;-0,046;-0,0959;-0,0434;-0,0669;-0,0632;-0,0857;-0,4167;-0,1668;-0,4854;-0,2325;2,2159;-0,0259;-0,025;-0,1182;1,127;-0,1096;-0,032;-0,0197;-0,0492;4,488;-0,0324;-0,0068;-0,0599;-0,0589;-0,099;-0,0198;-0,0154;-0,0268;-0,0176;-0,2242;-0,1813;-0,1712;-0,0329;-0,0407;-0,0232;1,2612;-0,0326;-0,0291;-0,2405;-0,0833;0,332;0,3931;-0,0661;-0,0313
"roman";-0,1238;-0,0506;-0,1055;-0,0478;-0,0736;-0,0695;-0,0943;-0,4583;-0,1835;-0,5339;-0,2557;-0,1936;-0,0285;2,7566;-0,13;-0,0371;-0,1206;-0,0352;-0,0217;-0,0541;-0,0315;-0,0356;-0,0075;-0,0659;-0,0647;-0,1089;-0,0218;-0,017;-0,0295;-0,0194;-0,2466;-0,1994;-0,1884;-0,0362;7,5132;-0,0255;1,221;-0,0359;-0,032;-0,2646;-0,0917;0,8509;0,3619;-0,0727;-0,0345
"libye";17,5287;-0,0506;-0,1055;-0,0478;-0,0736;-0,0695;-0,0943;-0,4583;-0,1835;-0,5339;-0,2557;-0,1936;-0,0285;-0,0275;-0,13;-0,0371;-0,1206;-0,0352;-0,0217;-0,0541;-0,0315;-0,0356;-0,0075;-0,0659;-0,0647;-0,1089;-0,0218;-0,017;-0,0295;-0,0194;-0,2466;-0,1994;-0,1884;-0,0362;-0,0448;-0,0255;-0,0269;-0,0359;-0,032;-0,2646;-0,0917;-0,2993;-0,2476;-0,0727;-0,0345
"bohémond";-0,1126;-0,046;-0,0959;-0,0434;-0,0669;-0,0632;-0,0857;-0,4167;-0,1668;-0,4854;-0,2325;-0,176;-0,0259;-0,025;-0,1182;-0,0337;-0,1096;-0,032;-0,0197;19,517;-0,0286;-0,0324;-0,0068;-0,0599;-0,0589;-0,099;-0,0198;-0,0154;-0,0268;-0,0176;-0,2242;-0,1813;-0,1712;-0,0329;-0,0407;-0,0232;-0,0245;-0,0326;-0,0291;-0,2405;-0,0833;-0,2721;-0,2251;-0,0661;-0,0313
"destructeur";-0,1801;-0,0736;-0,1534;-0,0695;-0,1071;-0,1011;-0,1371;-0,6667;-0,2669;-0,7766;-0,372;-0,2816;-0,0415;-0,0401;-0,1891;-0,0539;-0,1754;-0,0512;-0,0315;-0,0787;-0,0458;-0,0518;-0,0109;-0,0959;-0,0942;-0,1584;-0,0317;-0,0247;-0,0429;-0,0282;-0,3587;-0,29;-0,274;-0,0526;-0,0652;-0,0371;-0,0392;-0,0522;-0,0465;-0,3849;24,6643;-0,4354;-0,3602;-0,1058;0,9623
"laurentiis";-0,1351;-0,0552;-0,1151;-0,0521;-0,0803;-0,0758;-0,1029;-0,5;-0,2002;-0,5824;-0,279;-0,2112;-0,0311;-0,0301;-0,1418;-0,0404;-0,1315;-0,0384;-0,0237;-0,059;-0,0343;-0,0389;-0,0082;-0,0719;-0,0706;-0,1188;-0,0238;-0,0185;-0,0322;-0,0211;-0,269;-0,2175;-0,2055;-0,0395;-0,0489;-0,0278;-0,0294;-0,0392;-0,0349;-0,2886;20,681;-0,3266;-0,2701;-0,0793;-0,0376
"rire";-0,1801;-0,0736;-0,1534;-0,0695;-0,1071;-0,1011;-0,1371;-0,6667;-0,2669;-0,7766;-0,372;22,4408;-0,0415;-0,0401;-0,1891;-0,0539;-0,1754;-0,0512;-0,0315;-0,0787;-0,0458;-0,0518;-0,0109;-0,0959;-0,0942;-0,1584;-0,0317;-0,0247;-0,0429;-0,0282;-0,3587;-0,29;-0,274;-0,0526;-0,0652;-0,0371;-0,0392;-0,0522;-0,0465;-0,3849;-0,1334;-0,4354;-0,3602;-0,1058;-0,0502
"cibler";-0,1351;-0,0552;-0,1151;-0,0521;-0,0803;-0,0758;-0,1029;-0,5;-0,2002;-0,5824;-0,279;1,0974;-0,0311;-0,0301;-0,1418;-0,0404;-0,1315;-0,0384;-0,0237;-0,059;-0,0343;-0,0389;-0,0082;-0,0719;-0,0706;-0,1188;-0,0238;-0,0185;-0,0322;-0,0211;-0,269;-0,2175;10,4256;-0,0395;-0,0489;1,2072;-0,0294;-0,0392;-0,0349;-0,2886;-0,1;-0,3266;-0,2701;-0,0793;-0,0376
"conann";-0,1801;-0,0736;-0,1534;-0,0695;-0,1071;-0,1011;-0,1371;-0,6667;-0,2669;-0,7766;-0,372;-0,2816;-0,0415;-0,0401;-0,1891;-0,0539;-0,1754;-0,0512;-0,0315;-0,0787;-0,0458;-0,0518;-0,0109;-0,0959;19,2523;-0,1584;-0,0317;6,5673;-0,0429;-0,0282;-0,3587;-0,29;-0,274;-0,0526;-0,0652;-0,0371;-0,0392;-0,0522;-0,0465;-0,3849;-0,1334;-0,4354;-0,3602;-0,1058;-0,0502
"meurtre";-0,3153;0,5905;-0,2685;-0,1216;-0,1874;-0,1769;-0,24;-1,1669;-0,4671;-1,3592;-0,651;-0,4929;-0,0726;-0,0701;-0,331;-0,0944;-0,307;-0,0896;-0,0552;-0,1377;0,7736;-0,0907;-0,0191;40,5917;-0,1648;-0,2772;-0,0554;-0,0433;-0,0751;-0,0493;-0,6278;-0,5076;-0,4795;-0,0921;-0,1141;-0,0649;-0,0686;-0,0914;-0,0814;-0,6736;-0,2334;-0,7621;0,3801;-0,1851;-0,0878
"bipeurs";-0,2139;-0,0874;-0,1822;-0,0825;-0,1272;-0,12;-0,1629;-0,7917;-0,317;-0,9223;-0,4417;-0,3344;-0,0493;-0,0476;-0,2246;-0,064;-0,2083;-0,0608;-0,0375;-0,0934;-0,0543;-0,0616;-0,013;-0,1138;-0,1118;-0,1881;-0,0376;-0,0293;-0,051;-0,0335;-0,426;-0,3444;26,8769;-0,0625;-0,0774;-0,0441;-0,0465;-0,062;-0,0553;-0,457;-0,1584;-0,5171;-0,4277;-0,1256;-0,0596
"hezbollah";-0,3491;-0,1427;-0,2973;-0,1346;-0,2075;-0,1959;-0,2658;-1,2919;-0,5172;-1,5049;-0,7208;-0,5457;-0,0804;-0,0777;-0,3664;-0,1045;-0,3399;-0,0992;-0,0611;-0,1525;-0,0887;-0,1005;-0,0212;-0,1858;-0,1825;-0,307;-0,0614;-0,0479;-0,0832;-0,0546;-0,6951;-0,562;43,8892;-0,102;-0,1263;-0,0719;-0,0759;-0,1012;-0,0902;-0,7458;-0,2584;-0,8438;-0,698;-0,205;-0,0972
"mossad";-0,1126;-0,046;-0,0959;-0,0434;-0,0669;-0,0632;-0,0857;-0,4167;-0,1668;-0,4854;-0,2325;-0,176;-0,0259;-0,025;-0,1182;-0,0337;-0,1096;-0,032;-0,0197;-0,0492;-0,0286;-0,0324;-0,0068;-0,0599;-0,0589;-0,099;-0,0198;-0,0154;-0,0268;-0,0176;-0,2242;-0,1813;14,1367;-0,0329;-0,0407;-0,0232;-0,0245;-0,0326;-0,0291;-0,2405;-0,0833;-0,2721;-0,2251;-0,0661;-0,0313
"libanais";-0,1238;-0,0506;-0,1055;-0,0478;-0,0736;-0,0695;-0,0943;-0,4583;-0,1835;-0,5339;-0,2557;-0,1936;-0,0285;-0,0275;-0,13;-0,0371;-0,1206;-0,0352;-0,0217;-0,0541;-0,0315;-0,0356;-0,0075;-0,0659;-0,0647;-0,1089;-0,0218;-0,017;-0,0295;-0,0194;-0,2466;-0,1994;15,5515;-0,0362;-0,0448;-0,0255;-0,0269;-0,0359;-0,032;-0,2646;-0,0917;-0,2993;-0,2476;-0,0727;-0,0345
"hanouna";-0,1126;-0,046;-0,0959;-0,0434;-0,0669;-0,0632;-0,0857;-0,4167;-0,1668;-0,4854;-0,2325;-0,176;-0,0259;-0,025;-0,1182;-0,0337;-0,1096;-0,032;-0,0197;-0,0492;21,8842;-0,0324;-0,0068;-0,0599;-0,0589;-0,099;-0,0198;-0,0154;-0,0268;-0,0176;-0,2242;-0,1813;-0,1712;-0,0329;-0,0407;-0,0232;-0,0245;-0,0326;-0,0291;-0,2405;-0,0833;-0,2721;-0,2251;-0,0661;-0,0313
"procès";-0,1914;-0,0782;-0,163;-0,0738;-0,1138;-0,1074;-0,1457;-0,7084;-0,2836;-0,8252;-0,3952;-0,2992;-0,0441;-0,0426;-0,2009;-0,0573;-0,1864;-0,0544;-0,0335;-0,0836;0,975;-0,0551;-0,0116;28,6578;-0,1001;-0,1683;-0,0337;-0,0263;-0,0456;-0,03;-0,3811;-0,3082;-0,2911;-0,0559;-0,0693;-0,0394;-0,0416;-0,0555;-0,0494;-0,4089;-0,1417;-0,4626;-0,3827;-0,1124;-0,0533
"cognac";-0,2702;-0,1104;-0,2301;-0,1042;-0,1606;-0,1516;-0,2057;-1,0001;-0,4004;-1,165;-0,558;-0,4224;-0,0622;-0,0601;-0,2837;-0,0809;-0,2631;-0,0768;-0,0473;-0,118;-0,0686;-0,0778;-0,0164;44,8806;-0,1413;-0,2376;-0,0475;-0,0371;-0,0644;-0,0423;-0,5381;-0,4351;-0,411;-0,0789;-0,0978;-0,0557;-0,0588;-0,0784;-0,0698;-0,5773;-0,2;-0,6532;-0,5403;-0,1587;-0,0752
"rochelais";-0,1576;-0,0644;-0,1342;-0,0608;-0,0937;-0,0884;-0,12;-0,5834;-0,2335;-0,6795;-0,3255;-0,2464;-0,0363;-0,0351;-0,1655;-0,0472;-0,1535;-0,0448;-0,0276;-0,0689;-0,04;-0,0454;-0,0096;26,1392;-0,0824;-0,1386;-0,0277;-0,0216;-0,0376;-0,0247;-0,3139;-0,2538;-0,2397;-0,046;-0,057;-0,0325;-0,0343;-0,0457;-0,0407;-0,3367;-0,1167;-0,381;-0,3152;-0,0925;-0,0439
"assise";-0,1689;-0,069;-0,1438;-0,0651;-0,1004;-0,0948;-0,1286;-0,625;-0,2502;-0,7281;-0,3487;-0,264;-0,0389;-0,0376;-0,1773;-0,0505;-0,1644;-0,048;-0,0296;-0,0738;-0,0429;-0,0486;-0,0102;28,0107;-0,0883;-0,1485;-0,0297;-0,0232;-0,0402;-0,0264;-0,3363;-0,2719;-0,2569;-0,0493;-0,0611;-0,0348;-0,0367;-0,049;-0,0436;-0,3608;-0,125;-0,4082;-0,3377;-0,0992;-0,047
"charente";-0,1351;-0,0552;-0,1151;-0,0521;-0,0803;-0,0758;-0,1029;-0,5;-0,2002;-0,5824;-0,279;-0,2112;-0,0311;-0,0301;-0,1418;-0,0404;-0,1315;-0,0384;-0,0237;-0,059;-0,0343;-0,0389;-0,0082;22,398;-0,0706;-0,1188;-0,0238;-0,0185;-0,0322;-0,0211;-0,269;-0,2175;-0,2055;-0,0395;-0,0489;-0,0278;-0,0294;-0,0392;-0,0349;-0,2886;-0,1;-0,3266;-0,2701;-0,0793;-0,0376
