id,language_name,year
69825516c835c41957df9d51,français,1997
69825516c835c41957df9e26,allemand,1988
69825516c835c41957dfa014,anglais,2005
69825516c835c41957dfa28a,suédois,2006
69825516c835c41957dfa29f,suédois,2005
69825516c835c41957dfa2cd,anglais,2004
69825516c835c41957dfa2d1,anglais,1998
69825516c835c41957dfa2d2,anglais,2000
69825516c835c41957dfa2fa,anglais,1999
69825516c835c41957dfa357,anglais,2006
69825516c835c41957dfa38e,anglais,2006
69825516c835c41957dfa3b3,anglais,1999
69825516c835c41957dfa3b7,anglais,1999
69825516c835c41957dfa3bd,anglais,1999
69825516c835c41957dfa3f7,anglais,2004
69825516c835c41957dfa3f8,anglais,2000
69825516c835c41957dfa408,anglais,1998
69825516c835c41957dfa428,anglais,2004
69825516c835c41957dfa429,anglais,2005
69825516c835c41957dfa42d,anglais,2002
69825516c835c41957dfa43d,anglais,2006
69825516c835c41957dfa44c,anglais,1999
69825516c835c41957dfa465,anglais,2002
69825516c835c41957dfa47c,anglais,2006
69825516c835c41957dfa48e,anglais,2003
69825516c835c41957dfa498,anglais,2001
69825516c835c41957dfa4ba,anglais,1999
69825516c835c41957dfa4bc,anglais,2005
69825516c835c41957dfa4c0,anglais,2006
69825516c835c41957dfa4c5,anglais,2005
69825516c835c41957dfa4dc,anglais,1997
69825516c835c41957dfa4e0,anglais,1997
69825516c835c41957dfa51e,anglais,1999
69825516c835c41957dfa522,anglais,2003
69825516c835c41957dfa526,anglais,1999
69825516c835c41957dfa52a,anglais,2004
69825516c835c41957dfa530,anglais,2002
69825516c835c41957dfa531,anglais,2001
69825516c835c41957dfa533,anglais,2000
69825516c835c41957dfa535,anglais,2006
69825516c835c41957dfa553,anglais,2005
69825516c835c41957dfa55b,anglais,2006
69825516c835c41957dfa568,anglais,2005
69825516c835c41957dfa56f,anglais,2006
69825516c835c41957dfa574,anglais,2005
69825516c835c41957dfa578,anglais,2002
69825516c835c41957dfa582,anglais,2002
69825516c835c41957dfa611,allemand,1977
69825516c835c41957dfa74e,hongrois,2005
69825516c835c41957dfa7e0,français,1976
69825516c835c41957dfa7e4,français,1997
69825516c835c41957dfa7f4,français,1997
69825516c835c41957dfa92c,anglais,1994
69825516c835c41957dfa9ec,anglais,2005
69825516c835c41957dfaa39,anglais,2006
69825516c835c41957dfaa63,anglais,1994
69825516c835c41957dfaa75,anglais,2006
69825516c835c41957dfaadb,anglais,2006
69825516c835c41957dfab41,anglais,1987
69825516c835c41957dfab97,italien,1979
69825516c835c41957dfab9b,anglais,2006
69825516c835c41957dfac87,français,1994
69825516c835c41957dfacae,français,1996
69825516c835c41957dfacc2,français,1987
69825516c835c41957dfacd2,français,2001
69825516c835c41957dfacd5,français,1996
69825516c835c41957dfacd8,français,1993
69825516c835c41957dfacda,français,1993
69825516c835c41957dface0,français,2006
69825516c835c41957dfad31,français,2000
69825516c835c41957dfad4a,français,1993
69825516c835c41957dfada6,français,2005
69825516c835c41957dfaded,français,1987
69825516c835c41957dfae1e,français,2005
69825516c835c41957dfae28,français,2005
69825516c835c41957dfb0f0,français,1997
69825516c835c41957dfb129,français,2006
69825516c835c41957dfb169,anglais,2004
69825516c835c41957dfb1c6,français,1986
69825516c835c41957dfb1cb,français,1989
69825516c835c41957dfb1cd,français,2000
69825516c835c41957dfb1ce,français,1991
69825516c835c41957dfb1d4,français,1996
69825516c835c41957dfb1dc,français,1991
69825516c835c41957dfb206,français,1989
69825516c835c41957dfb20d,français,2001
69825516c835c41957dfb237,français,1998
69825516c835c41957dfb258,français,1985
69825516c835c41957dfb287,français,1993
69825516c835c41957dfb2b9,français,1984
69825516c835c41957dfb2cf,français,1990
69825516c835c41957dfb30e,français,1996
69825516c835c41957dfb32c,français,2004
69825516c835c41957dfb344,français,1984
69825516c835c41957dfb35f,français,1985
69825516c835c41957dfb3a3,français,2002
69825516c835c41957dfb3c3,français,1990
69825516c835c41957dfb3c6,français,1996
69825516c835c41957dfb4b6,français,2004
69825516c835c41957dfb5bf,anglais,2006
69825516c835c41957dfb5cd,anglais,2002
69825516c835c41957dfb603,anglais,1996
69825516c835c41957dfb664,allemand,2002
69825516c835c41957dfb6b7,allemand,1996
69825516c835c41957dfb6c4,allemand,2004
69825516c835c41957dfb712,allemand,2005
69825516c835c41957dfb720,allemand,2004
69825516c835c41957dfb72a,anglais,2006
69825516c835c41957dfb72b,allemand,1994
69825516c835c41957dfb764,anglais,1992
69825516c835c41957dfb767,anglais,1995
69825516c835c41957dfb76b,anglais,1988
69825516c835c41957dfb76d,anglais,1993
69825516c835c41957dfb771,anglais,1989
69825516c835c41957dfb773,anglais,1999
69825516c835c41957dfb77a,anglais,2006
69825516c835c41957dfb77b,allemand,1997
69825516c835c41957dfb781,anglais,2002
69825516c835c41957dfb78d,anglais,2005
69825516c835c41957dfb78e,anglais,1986
69825516c835c41957dfb79a,anglais,2006
69825516c835c41957dfb79d,anglais,2002
69825516c835c41957dfb7a0,anglais,2004
69825516c835c41957dfb7c2,anglais,2005
69825516c835c41957dfb7c5,anglais,1997
69825516c835c41957dfb81c,anglais,2002
69825516c835c41957dfb89b,anglais,2005
69825516c835c41957dfb965,anglais,2006
69825516c835c41957dfb972,anglais,2006
69825516c835c41957dfb9bc,anglais,2005
69825516c835c41957dfb9db,français,2005
69825516c835c41957dfb9f5,anglais,2005
69825516c835c41957dfb9f7,anglais,2005
69825516c835c41957dfb9f8,anglais,2002
69825516c835c41957dfba03,anglais,2005
69825516c835c41957dfba05,anglais,2005
69825516c835c41957dfba14,anglais,2004
69825516c835c41957dfba18,anglais,2006
69825516c835c41957dfba1a,anglais,2005
69825516c835c41957dfba1b,anglais,2005
69825516c835c41957dfba1c,anglais,2005
69825516c835c41957dfba22,anglais,2004
69825516c835c41957dfba23,anglais,2002
69825516c835c41957dfba2b,anglais,2004
69825516c835c41957dfba2c,anglais,2002
69825516c835c41957dfba2e,anglais,2003
69825516c835c41957dfba3a,espagnol,1989
69825516c835c41957dfba47,anglais,1983
69825516c835c41957dfba4f,anglais,1987
69825516c835c41957dfba5d,anglais,1978
69825516c835c41957dfba65,anglais,1976
69825516c835c41957dfba66,anglais,1976
69825516c835c41957dfba70,anglais,1986
69825516c835c41957dfba75,anglais,1982
69825516c835c41957dfba81,anglais,1986
69825516c835c41957dfba82,anglais,2004
69825516c835c41957dfba94,anglais,1987
69825516c835c41957dfba98,anglais,2002
69825516c835c41957dfba9b,anglais,1981
69825516c835c41957dfba9e,anglais,1981
69825516c835c41957dfbab4,anglais,1978
69825516c835c41957dfbab8,anglais,2004
69825516c835c41957dfbabb,anglais,1988
69825516c835c41957dfbad9,anglais,1987
69825516c835c41957dfbade,anglais,1977
69825516c835c41957dfbaea,anglais,1979
69825516c835c41957dfbaeb,anglais,1979
69825516c835c41957dfbaf9,anglais,1995
69825516c835c41957dfbb02,anglais,1990
69825516c835c41957dfbb06,anglais,2000
69825516c835c41957dfbb08,anglais,2000
69825516c835c41957dfbb0b,anglais,1992
69825516c835c41957dfbb10,anglais,1999
69825516c835c41957dfbb12,italien,1988
69825516c835c41957dfbb1d,anglais,2000
69825516c835c41957dfbb30,anglais,1994
69825516c835c41957dfbb39,allemand,2001
69825516c835c41957dfbb3c,anglais,1998
69825516c835c41957dfbb43,anglais,2000
69825516c835c41957dfbb44,anglais,1995
69825516c835c41957dfbb45,italien,1993
69825516c835c41957dfbb84,anglais,2001
69825516c835c41957dfbb85,anglais,1999
69825516c835c41957dfbbae,anglais,2004
69825516c835c41957dfbbb0,anglais,2000
69825516c835c41957dfbbb2,anglais,2005
69825516c835c41957dfbbb3,anglais,1990
69825516c835c41957dfbbb4,anglais,1979
69825516c835c41957dfbbb5,anglais,1994
69825516c835c41957dfbbb7,anglais,2001
69825516c835c41957dfbbb8,anglais,2003
69825516c835c41957dfbbbd,anglais,2005
69825516c835c41957dfbbc2,anglais,1997
69825516c835c41957dfbbc3,anglais,2001
69825516c835c41957dfbbce,anglais,1983
69825516c835c41957dfbbcf,anglais,2002
69825516c835c41957dfbbd0,anglais,1991
69825516c835c41957dfbbe4,anglais,1993
69825516c835c41957dfbbe5,anglais,1999
69825516c835c41957dfbbe8,anglais,1994
69825516c835c41957dfbbea,anglais,2000
69825516c835c41957dfbbec,anglais,1986
69825516c835c41957dfbbf0,anglais,2004
69825516c835c41957dfbbf5,anglais,1998
69825516c835c41957dfbbf6,anglais,2005
69825516c835c41957dfbc02,anglais,2001
69825516c835c41957dfbc04,anglais,1994
69825516c835c41957dfbc05,anglais,1989
69825516c835c41957dfbc08,anglais,1993
69825516c835c41957dfbc09,anglais,1992
69825516c835c41957dfbc0a,anglais,2006
69825516c835c41957dfbc0b,anglais,2004
69825516c835c41957dfbc0d,anglais,2002
69825516c835c41957dfbc0e,anglais,1996
69825516c835c41957dfbc0f,anglais,2001
69825516c835c41957dfbc10,anglais,1980
69825516c835c41957dfbc18,anglais,1982
69825516c835c41957dfbc1a,anglais,1980
69825516c835c41957dfbc1b,anglais,1990
69825516c835c41957dfbc20,anglais,2004
69825516c835c41957dfbc22,anglais,1997
69825516c835c41957dfbc2c,anglais,1991
69825516c835c41957dfbc2e,anglais,2001
69825516c835c41957dfbc30,anglais,2001
69825516c835c41957dfbc32,anglais,2001
69825516c835c41957dfbc33,anglais,1994
69825516c835c41957dfbc44,anglais,1996
69825516c835c41957dfbc48,anglais,2001
69825516c835c41957dfbc54,anglais,2001
69825516c835c41957dfbc5a,anglais,2001
69825516c835c41957dfbc5e,anglais,1998
69825516c835c41957dfbc61,anglais,1999
69825516c835c41957dfbc62,anglais,2000
69825516c835c41957dfbc63,anglais,1996
69825516c835c41957dfbc66,anglais,1993
69825516c835c41957dfbc69,anglais,1996
69825516c835c41957dfbc6a,anglais,1995
69825516c835c41957dfbc6b,anglais,2000
69825516c835c41957dfbc6e,anglais,1993
69825516c835c41957dfbc6f,anglais,1996
69825516c835c41957dfbc70,anglais,1998
69825516c835c41957dfbc76,anglais,2000
69825516c835c41957dfbc7e,allemand,2003
69825516c835c41957dfbc8b,allemand,2004
69825516c835c41957dfbc8c,allemand,2003
69825516c835c41957dfbcaf,anglais,1983
69825516c835c41957dfbcb5,anglais,2006
69825516c835c41957dfbcd4,français,2005
69825516c835c41957dfbcd6,français,2002
69825516c835c41957dfbd08,allemand,2002
69825516c835c41957dfbd18,allemand,1999
69825516c835c41957dfbd1c,allemand,1996
69825516c835c41957dfbd53,allemand,2004
69825516c835c41957dfbde2,anglais,1985
69825516c835c41957dfbde8,espagnol,1994
69825516c835c41957dfbe7f,espagnol,2004
69825516c835c41957dfbe83,anglais,1989
69825516c835c41957dfbea1,anglais,1990
69825516c835c41957dfbeae,portugais,2005
69825516c835c41957dfbec7,espagnol,1993
69825516c835c41957dfbf30,espagnol,2005
69825516c835c41957dfbf5e,espagnol,2005
69825516c835c41957dfbf5f,espagnol,2006
69825516c835c41957dfbf7b,espagnol,1997
69825516c835c41957dfbfcf,néerlandais,1992
69825516c835c41957dfbfd4,néerlandais,1992
69825516c835c41957dfbfd5,néerlandais,1989
69825516c835c41957dfbfd7,néerlandais,1991
69825516c835c41957dfbfd8,néerlandais,2006
69825516c835c41957dfbfdf,néerlandais,2004
69825516c835c41957dfbfe3,néerlandais,2004
69825516c835c41957dfbfe4,néerlandais,2006
69825516c835c41957dfc04c,anglais,1997
69825516c835c41957dfc0bf,espagnol,2001
69825516c835c41957dfc0c2,anglais,2001
69825516c835c41957dfc0c5,espagnol,1994
69825516c835c41957dfc0cb,anglais,2000
69825516c835c41957dfc0e1,espagnol,1994
69825516c835c41957dfc0e6,français,2001
69825516c835c41957dfc0f1,français,1988
69825516c835c41957dfc29c,polonais,2006
69825516c835c41957dfc2c7,anglais,1995
69825516c835c41957dfc2f9,français,2005
69825516c835c41957dfc30c,danois,1998
69825516c835c41957dfc328,danois,2000
69825516c835c41957dfc329,danois,2004
69825516c835c41957dfc32c,danois,2000
69825516c835c41957dfc334,danois,2000
69825516c835c41957dfc346,danois,1986
69825516c835c41957dfc349,danois,1990
69825516c835c41957dfc34c,danois,1983
69825516c835c41957dfc34e,danois,1992
69825516c835c41957dfc34f,danois,1996
69825516c835c41957dfc350,danois,1996
69825516c835c41957dfc351,danois,1996
69825516c835c41957dfc352,danois,1998
69825516c835c41957dfc354,danois,1998
69825516c835c41957dfc356,danois,2000
69825516c835c41957dfc35c,anglais,1980
69825516c835c41957dfc37e,anglais,1987
69825516c835c41957dfc387,anglais,1993
69825516c835c41957dfc39e,anglais,2006
69825516c835c41957dfc3b5,anglais,2000
69825516c835c41957dfc3d1,anglais,1997
69825516c835c41957dfc3e4,anglais,2005
69825516c835c41957dfc405,anglais,2005
69825516c835c41957dfc40a,anglais,1999
69825516c835c41957dfc411,anglais,1988
69825516c835c41957dfc417,anglais,1978
69825516c835c41957dfc450,anglais,1995
69825516c835c41957dfc452,hongrois,1994
69825516c835c41957dfc461,anglais,2006
69825516c835c41957dfc478,anglais,2000
69825516c835c41957dfc47c,anglais,2000
69825516c835c41957dfc47e,anglais,1997
69825516c835c41957dfc481,anglais,1997
69825516c835c41957dfc48e,anglais,2006
69825516c835c41957dfc4af,anglais,1994
69825516c835c41957dfc4b0,anglais,1995
69825516c835c41957dfc4ca,anglais,2005
69825516c835c41957dfc522,anglais,2006
69825516c835c41957dfc529,anglais,2006
69825516c835c41957dfc52c,anglais,2003
69825516c835c41957dfc533,anglais,2003
69825516c835c41957dfc538,anglais,2002
69825516c835c41957dfc540,allemand,2001
69825516c835c41957dfc557,Slovenian,1999
69825516c835c41957dfc55b,anglais,1995
69825516c835c41957dfc562,anglais,1999
69825516c835c41957dfc569,anglais,2005
69825516c835c41957dfc571,anglais,1995
69825516c835c41957dfc572,allemand,1996
69825516c835c41957dfc575,Slovenian,1984
69825516c835c41957dfc577,Slovenian,2000
69825516c835c41957dfc587,allemand,1994
69825516c835c41957dfc589,allemand,1997
69825516c835c41957dfc5a1,anglais,1999
69825516c835c41957dfc5a2,anglais,1999
69825516c835c41957dfc5a3,anglais,1999
69825516c835c41957dfc5ac,Slovenian,1976
69825516c835c41957dfc5cf,allemand,2000
69825516c835c41957dfc5d0,Slovenian,2005
69825516c835c41957dfc5e8,italien,2005
69825516c835c41957dfc5f5,Slovenian,2002
69825516c835c41957dfc601,anglais,1994
69825516c835c41957dfc604,anglais,1994
69825516c835c41957dfc609,italien,2005
69825516c835c41957dfc62e,anglais,1999
69825516c835c41957dfc63c,anglais,2002
69825516c835c41957dfc675,anglais,2001
69825516c835c41957dfc68a,anglais,1975
69825516c835c41957dfc68b,anglais,1976
69825516c835c41957dfc68c,anglais,1978
69825516c835c41957dfc68d,anglais,1990
69825516c835c41957dfc68e,anglais,1996
69825516c835c41957dfc6be,anglais,1993
69825516c835c41957dfc6bf,anglais,1995
69825516c835c41957dfc6c4,anglais,2000
69825516c835c41957dfc6df,français,1990
69825516c835c41957dfc6f6,français,1975
69825516c835c41957dfc6f8,français,1976
69825516c835c41957dfc703,français,2002
69825516c835c41957dfc736,anglais,1999
69825516c835c41957dfc75e,anglais,1981
69825516c835c41957dfc75f,anglais,1996
69825516c835c41957dfc7ff,anglais,2001
69825516c835c41957dfc800,anglais,2006
69825516c835c41957dfc802,anglais,2005
69825516c835c41957dfc805,anglais,2003
69825516c835c41957dfc808,anglais,2006
69825516c835c41957dfc80b,anglais,2002
69825516c835c41957dfc80d,anglais,2005
69825516c835c41957dfc80f,anglais,2006
69825516c835c41957dfc810,anglais,2006
69825516c835c41957dfc812,anglais,2004
69825516c835c41957dfc813,anglais,2006
69825516c835c41957dfc817,anglais,2006
69825516c835c41957dfc818,anglais,2002
69825516c835c41957dfc819,anglais,2006
69825516c835c41957dfc81a,anglais,2001
69825516c835c41957dfc81d,anglais,2004
69825516c835c41957dfc820,anglais,2005
69825516c835c41957dfc821,anglais,2005
69825516c835c41957dfc822,anglais,2004
69825516c835c41957dfc823,anglais,2004
69825516c835c41957dfc857,anglais,2006
69825516c835c41957dfc8da,anglais,2004
69825516c835c41957dfc906,français,2002
69825516c835c41957dfc909,français,2002
69825516c835c41957dfc919,anglais,1986
69825516c835c41957dfc91a,anglais,1988
69825516c835c41957dfc91b,anglais,1979
69825516c835c41957dfc920,français,2006
69825516c835c41957dfc92a,anglais,1992
69825516c835c41957dfc930,espagnol,2006
69825516c835c41957dfc939,anglais,1997
69825516c835c41957dfc93a,anglais,2002
69825516c835c41957dfc93c,anglais,1981
69825516c835c41957dfc942,anglais,2003
69825516c835c41957dfc979,anglais,2000
69825516c835c41957dfc97a,anglais,2001
69825516c835c41957dfc97b,anglais,2003
69825516c835c41957dfc981,anglais,1993
69825516c835c41957dfc983,anglais,2006
69825516c835c41957dfc98a,anglais,2000
69825516c835c41957dfc98b,anglais,1999
69825516c835c41957dfc98c,anglais,1997
69825516c835c41957dfc993,anglais,1993
69825516c835c41957dfc9b3,anglais,2000
69825516c835c41957dfc9bf,anglais,2004
69825516c835c41957dfc9fe,anglais,2006
69825516c835c41957dfca23,espagnol,2001
69825516c835c41957dfca24,anglais,2004
69825516c835c41957dfca2c,espagnol,2004
69825516c835c41957dfca39,anglais,1994
69825516c835c41957dfcaaa,anglais,2000
69825516c835c41957dfcaab,anglais,2000
69825516c835c41957dfcaac,anglais,2000
69825516c835c41957dfcaad,anglais,2000
69825516c835c41957dfcaae,anglais,2000
69825516c835c41957dfcae6,anglais,2004
69825516c835c41957dfcbee,français,1985
69825516c835c41957dfcc8d,anglais,2004
69825516c835c41957dfcc8f,anglais,2006
69825516c835c41957dfccab,anglais,2005
69825516c835c41957dfccaf,anglais,1999
69825516c835c41957dfccb0,anglais,2005
69825516c835c41957dfccb3,anglais,2002
69825516c835c41957dfccb7,anglais,2001
69825516c835c41957dfccbb,anglais,2005
69825516c835c41957dfccbf,anglais,1991
69825516c835c41957dfccc1,anglais,2006
69825516c835c41957dfccc2,anglais,2004
69825516c835c41957dfcce6,anglais,1975
69825516c835c41957dfcceb,anglais,2003
69825516c835c41957dfcced,anglais,1999
69825516c835c41957dfccef,anglais,1994
69825516c835c41957dfccf0,anglais,2000
69825516c835c41957dfccf1,anglais,2002
69825516c835c41957dfccf2,anglais,2003
69825516c835c41957dfcd00,anglais,2003
69825516c835c41957dfcd4d,anglais,1992
69825516c835c41957dfcd4f,anglais,1997
69825516c835c41957dfcd54,anglais,1993
69825516c835c41957dfcd56,anglais,1994
69825516c835c41957dfcd80,anglais,2006
69825516c835c41957dfcdb4,anglais,2003
69825516c835c41957dfcdcc,,2006
69825516c835c41957dfcdd1,,2002
69825516c835c41957dfcdf9,italien,1984
69825516c835c41957dfce44,,1991
69825516c835c41957dfce47,anglais,2002
69825516c835c41957dfce4e,anglais,1992
69825516c835c41957dfce65,,1991
69825516c835c41957dfce67,anglais,1995
69825516c835c41957dfce6c,anglais,2003
69825516c835c41957dfce83,anglais,1991
69825516c835c41957dfcec2,anglais,1983
69825516c835c41957dfcec5,anglais,1994
69825516c835c41957dfcece,anglais,1986
69825516c835c41957dfcede,anglais,2005
69825516c835c41957dfcee3,anglais,2003
69825516c835c41957dfceed,anglais,1984
69825516c835c41957dfcef1,anglais,1992
69825516c835c41957dfcef3,anglais,1990
69825516c835c41957dfcefc,anglais,1983
69825516c835c41957dfcf0d,anglais,1981
69825516c835c41957dfcf1c,anglais,2003
69825516c835c41957dfcf1f,anglais,1988
69825516c835c41957dfcf23,anglais,1986
69825516c835c41957dfcf2a,anglais,1991
69825516c835c41957dfcf2b,anglais,1989
69825516c835c41957dfcf3a,anglais,2006
69825516c835c41957dfcf3b,allemand,2002
69825516c835c41957dfcfc2,anglais,2000
69825516c835c41957dfcfe9,anglais,2000
69825516c835c41957dfcfea,anglais,2002
69825516c835c41957dfcfeb,,2003
69825516c835c41957dfcfec,,2004
69825516c835c41957dfcfed,allemand,2003
69825516c835c41957dfd0bb,anglais,1998
69825516c835c41957dfd0cf,anglais,2000
69825516c835c41957dfd121,espagnol,1997
69825516c835c41957dfd12e,anglais,1995
69825516c835c41957dfd13c,anglais,2003
69825516c835c41957dfd14c,français,1994
69825516c835c41957dfd15e,anglais,2006
69825516c835c41957dfd160,anglais,2003
69825516c835c41957dfd17a,espagnol,2000
69825516c835c41957dfd19d,espagnol,2004
69825516c835c41957dfd19e,espagnol,2002
69825516c835c41957dfd19f,espagnol,2004
69825516c835c41957dfd1a0,espagnol,2004
69825516c835c41957dfd1a1,espagnol,1998
69825516c835c41957dfd1a2,espagnol,1995
69825516c835c41957dfd1b6,anglais,1994
69825516c835c41957dfd1e2,anglais,2004
69825516c835c41957dfd1e9,anglais,2005
69825516c835c41957dfd1ea,coréen,2004
69825516c835c41957dfd1eb,coréen,2006
69825516c835c41957dfd1ee,coréen,1997
69825516c835c41957dfd1ef,anglais,2005
69825516c835c41957dfd1f8,anglais,1977
69825516c835c41957dfd203,anglais,1989
69825516c835c41957dfd204,anglais,1997
69825516c835c41957dfd205,anglais,1999
69825516c835c41957dfd207,anglais,1999
69825516c835c41957dfd269,anglais,1999
69825516c835c41957dfd26a,anglais,1976
69825516c835c41957dfd270,russe,2006
69825516c835c41957dfd2a4,anglais,1999
69825516c835c41957dfd2e4,anglais,2006
69825516c835c41957dfd2f9,anglais,2006
69825516c835c41957dfd3bb,anglais,1992
69825516c835c41957dfd4d6,anglais,2004
69825516c835c41957dfd4fa,anglais,2003
69825516c835c41957dfd50a,anglais,2000
69825516c835c41957dfd53a,français,2004
69825516c835c41957dfd5c6,anglais,2005
69825516c835c41957dfd60b,anglais,2006
69825516c835c41957dfd637,anglais,2006
69825516c835c41957dfd677,anglais,1999
69825516c835c41957dfd6e0,anglais,2004
69825516c835c41957dfd735,allemand,2005
69825516c835c41957dfd742,allemand,1988
69825516c835c41957dfd743,anglais,1988
69825516c835c41957dfd757,anglais,1977
69825516c835c41957dfd75a,allemand,1998
69825516c835c41957dfd75f,allemand,1996
69825516c835c41957dfd767,allemand,2004
69825516c835c41957dfd7ba,anglais,1978
69825516c835c41957dfd7bb,anglais,1982
69825516c835c41957dfd7bf,anglais,1980
69825516c835c41957dfd7c3,anglais,1976
69825516c835c41957dfd7cf,allemand,1976
69825516c835c41957dfd7d6,allemand,2006
69825516c835c41957dfd7db,anglais,2005
69825516c835c41957dfd7dc,allemand,1988
69825516c835c41957dfd7f3,anglais,1984
69825516c835c41957dfd7f7,allemand,2001
69825516c835c41957dfd7ff,anglais,1985
69825516c835c41957dfd85e,espagnol,2006
69825516c835c41957dfd8b7,polonais,2006
69825516c835c41957dfd8be,anglais,2006
69825516c835c41957dfd943,italien,2003
69825516c835c41957dfd9dc,anglais,2004
69825516c835c41957dfd9e0,anglais,2002
69825516c835c41957dfda2b,anglais,1994
69825516c835c41957dfda2d,anglais,1993
69825516c835c41957dfda37,anglais,1995
69825516c835c41957dfda3d,anglais,2004
69825516c835c41957dfda3e,anglais,2002
69825516c835c41957dfda6b,anglais,1999
69825516c835c41957dfdaa9,anglais,2003
69825516c835c41957dfdb22,espagnol,1981
69825516c835c41957dfdb29,espagnol,1984
69825516c835c41957dfdb46,portugais,2001
69825516c835c41957dfdb48,anglais,1991
69825516c835c41957dfdb65,anglais,1978
69825516c835c41957dfdb66,catalan,1997
69825516c835c41957dfdb84,espagnol,1992
69825516c835c41957dfdb93,espagnol,2003
69825516c835c41957dfdbcf,anglais,1989
69825516c835c41957dfdbf0,anglais,1999
69825516c835c41957dfdbf1,anglais,2000
69825516c835c41957dfdc54,espagnol,2001
69825516c835c41957dfdcbd,français,1989
69825516c835c41957dfdcd8,français,2004
69825516c835c41957dfdcde,espagnol,2001
69825516c835c41957dfdd69,anglais,1993
69825516c835c41957dfddc9,anglais,1987
69825516c835c41957dfdddb,anglais,1993
69825516c835c41957dfdde6,anglais,1994
69825516c835c41957dfddef,anglais,1988
69825516c835c41957dfddf7,anglais,1982
69825516c835c41957dfde06,anglais,2002
69825516c835c41957dfde16,anglais,2004
69825516c835c41957dfde18,anglais,2005
69825516c835c41957dfde38,anglais,2005
69825516c835c41957dfdea2,anglais,2005
69825516c835c41957dfded9,anglais,2003
69825516c835c41957dfdefa,anglais,2004
69825516c835c41957dfdf12,anglais,2002
69825516c835c41957dfdf2f,anglais,1998
69825516c835c41957dfdf41,,1993
69825516c835c41957dfdf67,anglais,2005
69825516c835c41957dfdfe8,anglais,2003
69825516c835c41957dfe072,français,2003
69825516c835c41957dfe09d,français,1999
69825516c835c41957dfe0a1,allemand,2003
69825516c835c41957dfe136,français,1990
69825516c835c41957dfe138,français,1999
69825516c835c41957dfe139,français,1998
69825516c835c41957dfe13b,français,1984
69825516c835c41957dfe141,français,1998
69825516c835c41957dfe146,français,1982
69825516c835c41957dfe14d,français,1988
69825516c835c41957dfe15f,français,1990
69825516c835c41957dfe175,français,1999
69825516c835c41957dfe188,anglais,2003
69825516c835c41957dfe191,anglais,1995
69825516c835c41957dfe1cc,espagnol,2005
69825516c835c41957dfe1cf,anglais,2000
69825516c835c41957dfe1d1,espagnol,1998
69825516c835c41957dfe1d7,anglais,1999
69825516c835c41957dfe1dc,anglais,1986
69825516c835c41957dfe1dd,anglais,1995
69825516c835c41957dfe1e3,anglais,1986
69825516c835c41957dfe1f4,anglais,2005
69825516c835c41957dfe1f5,anglais,2001
69825516c835c41957dfe1f8,anglais,2003
69825516c835c41957dfe1f9,anglais,2003
69825516c835c41957dfe1fb,anglais,2003
69825516c835c41957dfe1fd,anglais,1988
69825516c835c41957dfe1fe,anglais,2003
69825516c835c41957dfe1ff,anglais,2003
69825516c835c41957dfe204,anglais,2005
69825516c835c41957dfe206,anglais,2005
69825516c835c41957dfe207,anglais,2003
69825516c835c41957dfe208,anglais,1999
69825516c835c41957dfe20d,anglais,2000
69825516c835c41957dfe210,anglais,1999
69825516c835c41957dfe219,anglais,1991
69825516c835c41957dfe21c,anglais,2000
69825516c835c41957dfe220,anglais,1995
69825516c835c41957dfe221,anglais,1990
69825516c835c41957dfe224,anglais,1999
69825516c835c41957dfe226,anglais,2005
69825516c835c41957dfe2e3,allemand,2004
69825516c835c41957dfe3fb,anglais,1975
69825516c835c41957dfe45e,anglais,1987
69825516c835c41957dfe45f,anglais,1995
69825516c835c41957dfe460,anglais,1994
69825516c835c41957dfe461,anglais,1999
69825516c835c41957dfe467,anglais,1978
69825516c835c41957dfe468,anglais,1998
69825516c835c41957dfe46d,anglais,1987
69825516c835c41957dfe46f,anglais,1984
69825516c835c41957dfe471,anglais,1996
69825516c835c41957dfe472,anglais,1996
69825516c835c41957dfe473,anglais,1990
69825516c835c41957dfe474,anglais,1995
69825516c835c41957dfe477,anglais,2001
69825516c835c41957dfe479,anglais,2002
69825516c835c41957dfe47a,anglais,1975
69825516c835c41957dfe47b,anglais,2002
69825516c835c41957dfe47c,allemand,1995
69825516c835c41957dfe47d,anglais,1997
69825516c835c41957dfe47e,anglais,1997
69825516c835c41957dfe47f,anglais,1990
69825516c835c41957dfe480,anglais,1990
69825516c835c41957dfe481,anglais,1994
69825516c835c41957dfe483,anglais,1997
69825516c835c41957dfe485,anglais,2001
69825516c835c41957dfe486,anglais,1998
69825516c835c41957dfe487,anglais,1999
69825516c835c41957dfe488,anglais,1999
69825516c835c41957dfe489,anglais,2001
69825516c835c41957dfe48a,anglais,1983
69825516c835c41957dfe48b,anglais,2000
69825516c835c41957dfe48c,anglais,1984
69825516c835c41957dfe48d,anglais,2001
69825516c835c41957dfe48e,anglais,2003
69825516c835c41957dfe48f,anglais,1984
69825516c835c41957dfe490,anglais,1986
69825516c835c41957dfe491,anglais,1987
69825516c835c41957dfe492,anglais,1980
69825516c835c41957dfe494,anglais,1996
69825516c835c41957dfe495,anglais,1997
69825516c835c41957dfe496,anglais,1982
69825516c835c41957dfe497,anglais,1990
69825516c835c41957dfe49b,français,1998
69825516c835c41957dfe49e,anglais,2003
69825516c835c41957dfe49f,anglais,1985
69825516c835c41957dfe4a2,anglais,1995
69825516c835c41957dfe4a3,anglais,2002
69825516c835c41957dfe4a4,anglais,1976
69825516c835c41957dfe4a5,anglais,2000
69825516c835c41957dfe4a6,anglais,1990
69825516c835c41957dfe4a7,anglais,1997
69825516c835c41957dfe4a8,anglais,1975
69825516c835c41957dfe4a9,anglais,2000
69825516c835c41957dfe4aa,anglais,1985
69825516c835c41957dfe4ab,anglais,1997
69825516c835c41957dfe4ad,anglais,1990
69825516c835c41957dfe4ae,anglais,1999
69825516c835c41957dfe4af,anglais,1999
69825516c835c41957dfe4b4,anglais,1998
69825516c835c41957dfe4b5,anglais,1998
69825516c835c41957dfe4b9,anglais,2003
69825516c835c41957dfe4f8,anglais,2002
69825516c835c41957dfe532,français,2002
69825516c835c41957dfe537,anglais,1998
69825516c835c41957dfe558,français,1988
69825516c835c41957dfe55e,français,1995
69825516c835c41957dfe564,français,2002
69825516c835c41957dfe569,français,1991
69825516c835c41957dfe56c,français,1986
69825516c835c41957dfe583,français,1999
69825516c835c41957dfe595,français,2001
69825516c835c41957dfe59c,français,1998
69825516c835c41957dfe5a7,français,1993
69825516c835c41957dfe5b0,français,1997
69825516c835c41957dfe5b2,français,1999
69825516c835c41957dfe5b3,français,1999
69825516c835c41957dfe5b4,français,1999
69825516c835c41957dfe5b6,français,1999
69825516c835c41957dfe5b9,français,1999
69825516c835c41957dfe5c0,anglais,1994
69825516c835c41957dfe5c2,anglais,1976
69825516c835c41957dfe5c5,anglais,1977
69825516c835c41957dfe5c6,anglais,2002
69825516c835c41957dfe5c7,anglais,1989
69825516c835c41957dfe5cd,français,2001
69825516c835c41957dfe5cf,français,1987
69825516c835c41957dfe5d0,français,1997
69825516c835c41957dfe5d1,français,1994
69825516c835c41957dfe5fd,anglais,1981
69825516c835c41957dfe605,anglais,1975
69825516c835c41957dfe606,anglais,1976
69825516c835c41957dfe609,anglais,2002
69825516c835c41957dfe60a,anglais,1981
69825516c835c41957dfe60b,anglais,1982
69825516c835c41957dfe60c,anglais,1992
69825516c835c41957dfe60e,anglais,1994
69825516c835c41957dfe60f,anglais,2002
69825516c835c41957dfe611,anglais,2002
69825516c835c41957dfe63a,anglais,1997
69825516c835c41957dfe63b,anglais,1997
69825516c835c41957dfe63c,anglais,1997
69825516c835c41957dfe668,anglais,2004
69825516c835c41957dfe66a,anglais,2003
69825516c835c41957dfe66b,anglais,2003
69825516c835c41957dfe6a5,allemand,1995
69825516c835c41957dfe6b7,anglais,2002
69825516c835c41957dfe76d,Slovenian,1999
69825516c835c41957dfe7aa,,1991
69825516c835c41957dfe7b2,anglais,2001
69825516c835c41957dfe856,français,1998
69825516c835c41957dfedb2,français,2000
69825516c835c41957dfedf8,anglais,2004
69825516c835c41957dfef25,anglais,1990
69825516c835c41957dfef2b,anglais,1988
69825516c835c41957dfef65,allemand,1979
69825516c835c41957dfefb2,anglais,1980
69825516c835c41957dfefe1,espagnol,2004
69825516c835c41957dff04a,anglais,1987
69825516c835c41957dff0e6,français,1993
69825516c835c41957dff100,anglais,1992
69825516c835c41957dff1e7,espagnol,2002
69825516c835c41957dff24e,anglais,2004
69825516c835c41957dff250,anglais,1982
69825516c835c41957dff258,anglais,1993
69825516c835c41957dff27c,anglais,2002
69825516c835c41957dff27f,anglais,1999
69825516c835c41957dff286,anglais,2004
69825516c835c41957dff299,anglais,1989
69825516c835c41957dff29e,anglais,1995
69825516c835c41957dff2ad,anglais,1999
69825516c835c41957dff2da,anglais,1985
69825516c835c41957dff313,anglais,1992
69825516c835c41957dff329,anglais,1986
69825516c835c41957dff388,anglais,2003
69825516c835c41957dff38f,anglais,1997
69825516c835c41957dff3a9,anglais,2000
69825516c835c41957dff3ca,anglais,1989
69825517c835c41957dff3e1,anglais,2004
69825517c835c41957dff3e8,anglais,1978
69825517c835c41957dff3ee,anglais,2003
69825517c835c41957dff43b,anglais,1985
69825517c835c41957dff447,anglais,1993
69825517c835c41957dff45a,anglais,2001
69825517c835c41957dff45e,anglais,2000
69825517c835c41957dff461,anglais,2001
69825517c835c41957dff465,anglais,2004
69825517c835c41957dff6fa,anglais,2005
69825517c835c41957dff701,espagnol,2005
69825517c835c41957dff795,français,1990
69825517c835c41957dff796,français,1990
69825517c835c41957dff821,italien,2005
69825517c835c41957dffa15,espagnol,1998
69825517c835c41957dffa4e,anglais,1994
69825517c835c41957dffb46,anglais,1999
69825517c835c41957dffcb1,néerlandais,2000
69825517c835c41957dffcbd,français,1991
69825517c835c41957dffda0,anglais,1996
69825517c835c41957dffde3,italien,2001
69825517c835c41957dffdfb,français,2005
69825517c835c41957dffe01,anglais,2003
69825517c835c41957dffe07,allemand,2003
69825517c835c41957dffe0a,anglais,2005
69825517c835c41957dffe41,anglais,1994
69825517c835c41957dffe67,français,1997
69825517c835c41957dffe6f,italien,1999
69825517c835c41957dffe8e,anglais,1999
69825517c835c41957dffe8f,italien,1987
69825517c835c41957dffea3,italien,1986
69825517c835c41957dffeab,anglais,2001
69825517c835c41957dffec3,italien,2003
69825517c835c41957dffef9,anglais,2004
69825517c835c41957dfff00,italien,2000
69825517c835c41957dfff26,anglais,1997
69825517c835c41957dfff2a,italien,1994
69825517c835c41957dfff35,italien,1998
69825517c835c41957dfff4b,allemand,2005
69825517c835c41957dfff4e,italien,1990
69825517c835c41957dfff54,italien,1997
69825517c835c41957dfff8b,anglais,1979
69825517c835c41957dfffca,anglais,1984
69825517c835c41957dfffd0,français,1976
69825517c835c41957e0005c,français,1979
69825517c835c41957e00082,français,1979
69825517c835c41957e00127,anglais,2002
69825517c835c41957e00183,français,1999
69825517c835c41957e00197,allemand,1999
69825517c835c41957e00199,allemand,1997
69825517c835c41957e0019b,allemand,1982
69825517c835c41957e001d1,français,2002
69825517c835c41957e001e5,anglais,2002
69825517c835c41957e00399,espagnol,1998
69825517c835c41957e003ef,italien,1990
69825517c835c41957e003f1,anglais,1981
69825517c835c41957e003f8,anglais,1995
69825517c835c41957e003f9,anglais,2004
69825517c835c41957e003fa,anglais,2004
69825517c835c41957e0043e,anglais,1984
69825517c835c41957e0045c,espagnol,2003
69825517c835c41957e00476,espagnol,2002
69825517c835c41957e00487,espagnol,2003
69825517c835c41957e00497,espagnol,2000
69825517c835c41957e00499,espagnol,2002
69825517c835c41957e004b9,anglais,2004
69825517c835c41957e004ed,anglais,1995
69825517c835c41957e00564,anglais,1992
69825517c835c41957e0057d,suédois,2000
69825517c835c41957e00585,anglais,1985
69825517c835c41957e0062e,russe,2003
69825517c835c41957e00656,français,2000
69825517c835c41957e00658,français,2000
69825517c835c41957e006fa,anglais,2000
69825517c835c41957e00710,anglais,2003
69825517c835c41957e00711,anglais,2003
69825517c835c41957e00715,anglais,2005
69825517c835c41957e00732,anglais,1996
69825517c835c41957e00735,anglais,1999
69825517c835c41957e00748,anglais,2004
69825517c835c41957e00769,anglais,2001
69825517c835c41957e00829,anglais,2000
69825517c835c41957e0097c,anglais,1997
69825517c835c41957e00a71,anglais,1981
69825517c835c41957e00a76,espagnol,1990
69825517c835c41957e00a97,espagnol,1995
69825517c835c41957e00a99,espagnol,1995
69825517c835c41957e00a9a,espagnol,1995
69825517c835c41957e00a9b,espagnol,1995
69825517c835c41957e00a9c,espagnol,1995
69825517c835c41957e00af0,français,1991
69825517c835c41957e00b06,espagnol,1997
69825517c835c41957e00b4d,russe,2003
69825517c835c41957e00bf4,,2003
69825517c835c41957e00d2b,anglais,2005
69825517c835c41957e00e20,anglais,2003
69825517c835c41957e00e23,anglais,2003
69825517c835c41957e0109b,français,2004
69825517c835c41957e01103,anglais,1997
69825517c835c41957e01106,anglais,1996
69825517c835c41957e0112f,anglais,2001
69825517c835c41957e0113e,espagnol,2004
69825517c835c41957e0117e,anglais,1998
69825517c835c41957e01188,français,1999
69825517c835c41957e01194,anglais,1982
69825517c835c41957e011a9,anglais,2004
69825517c835c41957e011ad,anglais,2003
69825517c835c41957e01276,anglais,2005
69825517c835c41957e01287,anglais,2005
69825517c835c41957e0129f,anglais,2003
69825517c835c41957e012a2,anglais,1976
69825517c835c41957e012a5,anglais,2000
69825517c835c41957e012da,français,2005
69825517c835c41957e012dc,anglais,1993
69825517c835c41957e01321,anglais,2002
69825517c835c41957e0133f,anglais,2005
69825517c835c41957e0138c,français,2001
69825517c835c41957e013ea,français,1999
69825517c835c41957e013ed,allemand,2001
69825517c835c41957e013ee,anglais,1993
69825517c835c41957e013f1,anglais,1998
69825517c835c41957e013fe,anglais,2005
69825517c835c41957e0145f,français,1989
69825517c835c41957e01468,anglais,1999
69825517c835c41957e01469,anglais,2003
69825517c835c41957e0146e,anglais,2003
69825517c835c41957e014b9,français,1991
69825517c835c41957e014e5,italien,2001
69825517c835c41957e01501,français,1977
69825517c835c41957e0150c,anglais,2002
69825517c835c41957e01517,anglais,2000
69825517c835c41957e01534,français,2003
69825517c835c41957e0154b,français,1984
69825517c835c41957e0155a,anglais,1999
69825517c835c41957e0156f,français,2004
69825517c835c41957e0157c,français,1979
69825517c835c41957e0158a,anglais,2002
69825517c835c41957e01595,français,2000
69825517c835c41957e015a4,français,1977
69825517c835c41957e015b0,français,1983
69825517c835c41957e015be,français,1982
69825517c835c41957e015c0,français,2002
69825517c835c41957e015cf,français,2000
69825517c835c41957e015d3,français,1989
69825517c835c41957e015da,français,2001
69825517c835c41957e015db,français,1993
69825517c835c41957e015e2,français,1997
69825517c835c41957e015f2,français,1986
69825517c835c41957e015fb,italien,1994
69825517c835c41957e01600,français,1990
69825517c835c41957e01603,anglais,1979
69825517c835c41957e01607,allemand,2004
69825517c835c41957e0160d,français,1989
69825517c835c41957e01617,français,1978
69825517c835c41957e0161b,français,1975
69825517c835c41957e0161f,français,1976
69825517c835c41957e01620,français,1978
69825517c835c41957e01622,français,2004
69825517c835c41957e01624,anglais,2005
69825517c835c41957e01627,français,1981
69825517c835c41957e01630,français,1993
69825517c835c41957e0163c,français,2005
69825517c835c41957e01644,français,1982
69825517c835c41957e01645,français,1986
69825517c835c41957e0164f,français,1975
69825517c835c41957e01654,français,1976
69825517c835c41957e0165c,français,1999
69825517c835c41957e01661,français,1977
69825517c835c41957e01662,français,1985
69825517c835c41957e01678,français,1988
69825517c835c41957e0168e,français,1997
69825517c835c41957e0168f,français,1980
69825517c835c41957e01690,français,1998
69825517c835c41957e01697,français,1999
69825517c835c41957e0169a,français,1992
69825517c835c41957e016aa,français,1993
69825517c835c41957e016af,français,1991
69825517c835c41957e016b3,français,1984
69825517c835c41957e016b4,français,1984
69825517c835c41957e016b7,français,1979
69825517c835c41957e016ba,français,1985
69825517c835c41957e016c6,français,1980
69825517c835c41957e016cc,allemand,1996
69825517c835c41957e016d1,français,1983
69825517c835c41957e016d5,français,1994
69825517c835c41957e016e8,français,1995
69825517c835c41957e01710,anglais,1975
69825517c835c41957e01739,anglais,1990
69825517c835c41957e0173d,anglais,2001
69825517c835c41957e0173f,anglais,1998
69825517c835c41957e0174d,anglais,2002
69825517c835c41957e0175d,anglais,2000
69825517c835c41957e01762,anglais,1999
69825517c835c41957e0177a,hébreu,1996
69825517c835c41957e01780,hébreu,2004
69825517c835c41957e01784,hébreu,1984
69825517c835c41957e01799,hébreu,1982
69825517c835c41957e0179c,,1981
69825517c835c41957e017a4,hébreu,2001
69825517c835c41957e017a7,hébreu,1985
69825517c835c41957e017e4,anglais,1990
69825517c835c41957e017e5,anglais,1996
69825517c835c41957e017e7,anglais,1990
69825517c835c41957e017fc,anglais,2001
69825517c835c41957e01805,anglais,2003
69825517c835c41957e01807,anglais,1995
69825517c835c41957e01809,anglais,1992
69825517c835c41957e0180a,anglais,1988
69825517c835c41957e0180c,anglais,2000
69825517c835c41957e018a9,anglais,1996
69825517c835c41957e018b3,français,2005
69825517c835c41957e018ba,anglais,2005
69825517c835c41957e01956,anglais,2003
69825517c835c41957e01974,anglais,2001
69825517c835c41957e01975,anglais,2000
69825517c835c41957e01976,anglais,1999
69825517c835c41957e019a4,français,1987
69825517c835c41957e019a5,français,1988
69825517c835c41957e019a6,français,1990
69825517c835c41957e019af,français,2002
69825517c835c41957e019b1,français,2002
69825517c835c41957e019b3,anglais,2000
69825517c835c41957e019b5,anglais,1993
69825517c835c41957e019b8,anglais,2001
69825517c835c41957e019ba,anglais,2004
69825517c835c41957e019d9,italien,2004
69825517c835c41957e019e6,allemand,1994
69825517c835c41957e01a20,anglais,2005
69825517c835c41957e01a28,français,2005
69825517c835c41957e01a2b,anglais,1975
69825517c835c41957e01a2f,français,1982
69825517c835c41957e01a6d,roumain,1993
69825517c835c41957e01a87,anglais,2004
69825517c835c41957e01aa7,espagnol,1994
69825516c835c41957df9d54,allemand,2007
69825516c835c41957df9ebd,français,2008
69825516c835c41957df9f79,anglais,2012
69825516c835c41957df9fab,anglais,2013
69825516c835c41957dfa00a,anglais,2010
69825516c835c41957dfa193,suédois,2011
69825516c835c41957dfa1f2,anglais,2009
69825516c835c41957dfa206,anglais,2012
69825516c835c41957dfa271,anglais,2014
69825516c835c41957dfa27e,anglais,2009
69825516c835c41957dfa28e,anglais,2011
69825516c835c41957dfa2ca,anglais,2011
69825516c835c41957dfa2cf,anglais,2013
69825516c835c41957dfa2d0,anglais,2012
69825516c835c41957dfa2e9,anglais,2013
69825516c835c41957dfa2ed,anglais,2008
69825516c835c41957dfa2f0,anglais,2010
69825516c835c41957dfa2f3,anglais,2009
69825516c835c41957dfa2f4,anglais,2013
69825516c835c41957dfa2fb,anglais,2012
69825516c835c41957dfa340,anglais,2010
69825516c835c41957dfa34e,anglais,2013
69825516c835c41957dfa384,anglais,2010
69825516c835c41957dfa3a3,anglais,2013
69825516c835c41957dfa3aa,anglais,2012
69825516c835c41957dfa3b4,anglais,2009
69825516c835c41957dfa3bc,anglais,2009
69825516c835c41957dfa409,anglais,2014
69825516c835c41957dfa40a,anglais,2014
69825516c835c41957dfa40b,anglais,2014
69825516c835c41957dfa412,anglais,2011
69825516c835c41957dfa41b,anglais,2014
69825516c835c41957dfa42e,anglais,2007
69825516c835c41957dfa44d,anglais,2013
69825516c835c41957dfa466,anglais,2009
69825516c835c41957dfa46a,anglais,2014
69825516c835c41957dfa489,anglais,2013
69825516c835c41957dfa49d,anglais,2013
69825516c835c41957dfa4a6,anglais,2014
69825516c835c41957dfa4f6,anglais,2014
69825516c835c41957dfa507,anglais,2012
69825516c835c41957dfa511,anglais,2009
69825516c835c41957dfa536,anglais,2014
69825516c835c41957dfa538,anglais,2012
69825516c835c41957dfa540,anglais,2011
69825516c835c41957dfa542,anglais,2010
69825516c835c41957dfa547,anglais,2013
69825516c835c41957dfa54e,anglais,2011
69825516c835c41957dfa559,anglais,2010
69825516c835c41957dfa567,anglais,2012
69825516c835c41957dfa57a,anglais,2007
69825516c835c41957dfa584,anglais,2011
69825516c835c41957dfa5e1,anglais,2014
69825516c835c41957dfa5f9,allemand,2011
69825516c835c41957dfa625,anglais,2008
69825516c835c41957dfa679,anglais,2010
69825516c835c41957dfa70d,français,2011
69825516c835c41957dfa8f8,anglais,2014
69825516c835c41957dfabcb,anglais,2007
69825516c835c41957dfac2c,français,2011
69825516c835c41957dfac70,français,2009
69825516c835c41957dfacee,français,2012
69825516c835c41957dfacf4,français,2011
69825516c835c41957dfad0f,français,2011
69825516c835c41957dfad15,anglais,2011
69825516c835c41957dfad3d,français,2010
69825516c835c41957dfada1,français,2012
69825516c835c41957dfada8,français,2014
69825516c835c41957dfadb8,français,2014
69825516c835c41957dfadbd,français,2012
69825516c835c41957dfadc2,français,2010
69825516c835c41957dfade7,français,2011
69825516c835c41957dfadfb,français,2013
69825516c835c41957dfadfd,français,2012
69825516c835c41957dfae07,français,2010
69825516c835c41957dfae3e,français,2008
69825516c835c41957dfae56,français,2013
69825516c835c41957dfae78,français,2008
69825516c835c41957dfae8e,français,2008
69825516c835c41957dfae99,français,2012
69825516c835c41957dfaea1,français,2010
69825516c835c41957dfb090,français,2011
69825516c835c41957dfb119,français,2012
69825516c835c41957dfb11e,français,2010
69825516c835c41957dfb11f,français,2013
69825516c835c41957dfb12c,français,2013
69825516c835c41957dfb137,français,2012
69825516c835c41957dfb13f,français,2008
69825516c835c41957dfb145,français,2010
69825516c835c41957dfb156,français,2008
69825516c835c41957dfb158,français,2014
69825516c835c41957dfb161,français,2009
69825516c835c41957dfb170,français,2012
69825516c835c41957dfb174,français,2010
69825516c835c41957dfb17c,français,2013
69825516c835c41957dfb184,français,2013
69825516c835c41957dfb193,français,2013
69825516c835c41957dfb1a5,français,2009
69825516c835c41957dfb222,français,2011
69825516c835c41957dfb227,français,2013
69825516c835c41957dfb23d,français,2008
69825516c835c41957dfb263,français,2010
69825516c835c41957dfb285,français,2010
69825516c835c41957dfb2aa,français,2014
69825516c835c41957dfb2c5,français,2013
69825516c835c41957dfb319,français,2013
69825516c835c41957dfb320,français,2010
69825516c835c41957dfb32b,français,2010
69825516c835c41957dfb367,français,2013
69825516c835c41957dfb3e3,français,2012
69825516c835c41957dfb3f3,français,2010
69825516c835c41957dfb402,français,2009
69825516c835c41957dfb410,français,2010
69825516c835c41957dfb427,français,2011
69825516c835c41957dfb48c,français,2009
69825516c835c41957dfb4a7,français,2012
69825516c835c41957dfb4ac,français,2013
69825516c835c41957dfb4cc,français,2007
69825516c835c41957dfb4d7,français,2008
69825516c835c41957dfb4d8,français,2009
69825516c835c41957dfb5c0,anglais,2007
69825516c835c41957dfb628,anglais,2013
69825516c835c41957dfb669,allemand,2010
69825516c835c41957dfb66d,allemand,2013
69825516c835c41957dfb6c3,allemand,2012
69825516c835c41957dfb6d0,allemand,2012
69825516c835c41957dfb725,allemand,2012
69825516c835c41957dfb727,allemand,2010
69825516c835c41957dfb737,allemand,2010
69825516c835c41957dfb738,anglais,2010
69825516c835c41957dfb78c,anglais,2007
69825516c835c41957dfb790,anglais,2008
69825516c835c41957dfb794,anglais,2007
69825516c835c41957dfb797,anglais,2013
69825516c835c41957dfb7a6,anglais,2013
69825516c835c41957dfb7ae,anglais,2012
69825516c835c41957dfb7b2,anglais,2010
69825516c835c41957dfb7b7,anglais,2007
69825516c835c41957dfb7bd,anglais,2011
69825516c835c41957dfb7cf,anglais,2012
69825516c835c41957dfb7d4,anglais,2013
69825516c835c41957dfb809,anglais,2007
69825516c835c41957dfb851,anglais,2013
69825516c835c41957dfb870,anglais,2007
69825516c835c41957dfb8a9,anglais,2012
69825516c835c41957dfb8b7,anglais,2007
69825516c835c41957dfb8de,anglais,2007
69825516c835c41957dfb8e5,anglais,2009
69825516c835c41957dfb8ef,anglais,2013
69825516c835c41957dfb922,français,2008
69825516c835c41957dfb966,anglais,2007
69825516c835c41957dfb991,anglais,2008
69825516c835c41957dfb99a,anglais,2009
69825516c835c41957dfb9a7,anglais,2013
69825516c835c41957dfb9c6,anglais,2007
69825516c835c41957dfba12,anglais,2007
69825516c835c41957dfba90,français,2013
69825516c835c41957dfba97,anglais,2013
69825516c835c41957dfba9f,anglais,2013
69825516c835c41957dfbaa1,anglais,2013
69825516c835c41957dfbaa3,anglais,2013
69825516c835c41957dfbaa5,anglais,2013
69825516c835c41957dfbaad,serbe,2011
69825516c835c41957dfbad7,anglais,2009
69825516c835c41957dfbb50,anglais,2009
69825516c835c41957dfbb89,italien,2009
69825516c835c41957dfbb9b,anglais,2011
69825516c835c41957dfbbb9,anglais,2008
69825516c835c41957dfbbba,anglais,2008
69825516c835c41957dfbbd4,anglais,2008
69825516c835c41957dfbbf8,anglais,2007
69825516c835c41957dfbbfd,anglais,2007
69825516c835c41957dfbc21,anglais,2009
69825516c835c41957dfbc23,anglais,2007
69825516c835c41957dfbc27,anglais,2008
69825516c835c41957dfbc57,français,2013
69825516c835c41957dfbc92,hongrois,2007
69825516c835c41957dfbc94,allemand,2007
69825516c835c41957dfbca7,anglais,2010
69825516c835c41957dfbcb3,anglais,2007
69825516c835c41957dfbcb4,anglais,2007
69825516c835c41957dfbce3,allemand,2009
69825516c835c41957dfbcf9,allemand,2008
69825516c835c41957dfbd25,allemand,2012
69825516c835c41957dfbd65,anglais,2013
69825516c835c41957dfbdfe,allemand,2010
69825516c835c41957dfbe12,anglais,2013
69825516c835c41957dfbef2,espagnol,2011
69825516c835c41957dfbef3,catalan,2011
69825516c835c41957dfbefb,portugais,2013
69825516c835c41957dfbf1d,espagnol,2007
69825516c835c41957dfbf25,espagnol,2011
69825516c835c41957dfbf6d,espagnol,2011
69825516c835c41957dfbfb4,portugais,2013
69825516c835c41957dfbfdc,néerlandais,2009
69825516c835c41957dfbfde,néerlandais,2008
69825516c835c41957dfbfe2,néerlandais,2008
69825516c835c41957dfbfe5,néerlandais,2007
69825516c835c41957dfc012,anglais,2011
69825516c835c41957dfc0b5,anglais,2013
69825516c835c41957dfc0b6,anglais,2011
69825516c835c41957dfc0cc,italien,2007
69825516c835c41957dfc0d2,anglais,2007
69825516c835c41957dfc0f2,français,2009
69825516c835c41957dfc117,anglais,2013
69825516c835c41957dfc11f,polonais,2010
69825516c835c41957dfc145,anglais,2007
69825516c835c41957dfc1ed,anglais,2012
69825516c835c41957dfc1ee,espagnol,2007
69825516c835c41957dfc255,espagnol,2013
69825516c835c41957dfc330,danois,2008
69825516c835c41957dfc339,danois,2010
69825516c835c41957dfc37c,anglais,2007
69825516c835c41957dfc37d,anglais,2007
69825516c835c41957dfc380,anglais,2007
69825516c835c41957dfc381,anglais,2007
69825516c835c41957dfc382,anglais,2007
69825516c835c41957dfc383,anglais,2007
69825516c835c41957dfc385,anglais,2007
69825516c835c41957dfc413,anglais,2008
69825516c835c41957dfc422,anglais,2008
69825516c835c41957dfc425,anglais,2008
69825516c835c41957dfc42f,anglais,2008
69825516c835c41957dfc43c,anglais,2008
69825516c835c41957dfc43d,anglais,2009
69825516c835c41957dfc442,anglais,2009
69825516c835c41957dfc445,anglais,2009
69825516c835c41957dfc45f,anglais,2007
69825516c835c41957dfc475,anglais,2008
69825516c835c41957dfc4a5,anglais,2008
69825516c835c41957dfc4d4,anglais,2007
69825516c835c41957dfc4fb,anglais,2008
69825516c835c41957dfc503,anglais,2007
69825516c835c41957dfc504,anglais,2008
69825516c835c41957dfc505,anglais,2009
69825516c835c41957dfc506,anglais,2009
69825516c835c41957dfc519,anglais,2009
69825516c835c41957dfc53a,anglais,2008
69825516c835c41957dfc53c,anglais,2008
69825516c835c41957dfc53f,anglais,2008
69825516c835c41957dfc547,anglais,2008
69825516c835c41957dfc54d,anglais,2008
69825516c835c41957dfc556,anglais,2009
69825516c835c41957dfc592,Slovenian,2009
69825516c835c41957dfc59d,anglais,2007
69825516c835c41957dfc59f,anglais,2007
69825516c835c41957dfc5f0,anglais,2009
69825516c835c41957dfc610,Slovenian,2008
69825516c835c41957dfc640,anglais,2011
69825516c835c41957dfc714,allemand,2008
69825516c835c41957dfc7af,anglais,2009
69825516c835c41957dfc7b1,anglais,2009
69825516c835c41957dfc7b9,anglais,2011
69825516c835c41957dfc7bc,anglais,2011
69825516c835c41957dfc801,anglais,2008
69825516c835c41957dfc824,anglais,2007
69825516c835c41957dfc826,anglais,2008
69825516c835c41957dfc828,anglais,2008
69825516c835c41957dfc829,anglais,2008
69825516c835c41957dfc82a,anglais,2007
69825516c835c41957dfc82b,anglais,2010
69825516c835c41957dfc82d,anglais,2008
69825516c835c41957dfc82e,anglais,2007
69825516c835c41957dfc82f,anglais,2009
69825516c835c41957dfc830,anglais,2007
69825516c835c41957dfc832,anglais,2009
69825516c835c41957dfc833,anglais,2010
69825516c835c41957dfc834,anglais,2009
69825516c835c41957dfc836,anglais,2008
69825516c835c41957dfc837,anglais,2010
69825516c835c41957dfc838,anglais,2010
69825516c835c41957dfc839,anglais,2010
69825516c835c41957dfc83a,anglais,2009
69825516c835c41957dfc83b,anglais,2008
69825516c835c41957dfc83e,anglais,2007
69825516c835c41957dfc841,anglais,2009
69825516c835c41957dfc842,anglais,2009
69825516c835c41957dfc843,anglais,2009
69825516c835c41957dfc846,anglais,2010
69825516c835c41957dfc848,anglais,2009
69825516c835c41957dfc849,anglais,2010
69825516c835c41957dfc84a,anglais,2010
69825516c835c41957dfc84b,anglais,2010
69825516c835c41957dfc84f,anglais,2011
69825516c835c41957dfc855,anglais,2011
69825516c835c41957dfc8ab,anglais,2011
69825516c835c41957dfc8e6,anglais,2009
69825516c835c41957dfc8f1,allemand,2010
69825516c835c41957dfc90b,anglais,2012
69825516c835c41957dfc91c,anglais,2008
69825516c835c41957dfc91e,anglais,2009
69825516c835c41957dfc92b,anglais,2008
69825516c835c41957dfc92c,anglais,2008
69825516c835c41957dfc92d,anglais,2008
69825516c835c41957dfc92f,anglais,2012
69825516c835c41957dfc933,espagnol,2009
69825516c835c41957dfc934,espagnol,2009
69825516c835c41957dfc935,espagnol,2010
69825516c835c41957dfc936,espagnol,2010
69825516c835c41957dfc937,anglais,2007
69825516c835c41957dfc943,anglais,2007
69825516c835c41957dfc944,anglais,2010
69825516c835c41957dfc945,anglais,2011
69825516c835c41957dfc980,anglais,2011
69825516c835c41957dfc985,anglais,2010
69825516c835c41957dfc986,anglais,2010
69825516c835c41957dfc987,anglais,2012
69825516c835c41957dfc98f,anglais,2007
69825516c835c41957dfc990,anglais,2009
69825516c835c41957dfc991,anglais,2010
69825516c835c41957dfc99d,anglais,2008
69825516c835c41957dfc9b4,espagnol,2011
69825516c835c41957dfc9b6,anglais,2010
69825516c835c41957dfc9c0,anglais,2009
69825516c835c41957dfc9c1,espagnol,2009
69825516c835c41957dfc9f1,anglais,2013
69825516c835c41957dfc9f2,anglais,2013
69825516c835c41957dfc9f3,anglais,2013
69825516c835c41957dfc9f4,espagnol,2012
69825516c835c41957dfc9f8,anglais,2010
69825516c835c41957dfc9f9,anglais,2009
69825516c835c41957dfca16,anglais,2012
69825516c835c41957dfca1d,anglais,2013
69825516c835c41957dfca1e,anglais,2013
69825516c835c41957dfca1f,anglais,2013
69825516c835c41957dfca20,anglais,2013
69825516c835c41957dfca28,anglais,2012
69825516c835c41957dfca2b,anglais,2012
69825516c835c41957dfca34,anglais,2013
69825516c835c41957dfca4a,anglais,2010
69825516c835c41957dfca63,anglais,2012
69825516c835c41957dfca64,anglais,2012
69825516c835c41957dfca65,anglais,2012
69825516c835c41957dfca66,anglais,2012
69825516c835c41957dfca67,anglais,2012
69825516c835c41957dfca68,anglais,2012
69825516c835c41957dfca69,anglais,2010
69825516c835c41957dfca6c,anglais,2012
69825516c835c41957dfca6d,anglais,2012
69825516c835c41957dfca6e,anglais,2012
69825516c835c41957dfca6f,anglais,2011
69825516c835c41957dfca70,anglais,2011
69825516c835c41957dfca71,anglais,2011
69825516c835c41957dfca72,anglais,2011
69825516c835c41957dfca89,anglais,2010
69825516c835c41957dfca8a,anglais,2010
69825516c835c41957dfca8b,anglais,2010
69825516c835c41957dfca8c,anglais,2012
69825516c835c41957dfca8e,anglais,2013
69825516c835c41957dfca8f,anglais,2013
69825516c835c41957dfca90,anglais,2013
69825516c835c41957dfcaa3,anglais,2012
69825516c835c41957dfcacb,anglais,2011
69825516c835c41957dfcacc,anglais,2011
69825516c835c41957dfcacd,anglais,2011
69825516c835c41957dfcace,anglais,2011
69825516c835c41957dfcacf,anglais,2011
69825516c835c41957dfcad0,anglais,2011
69825516c835c41957dfcad1,anglais,2011
69825516c835c41957dfcb14,anglais,2012
69825516c835c41957dfcbe9,anglais,2013
69825516c835c41957dfcc07,anglais,2011
69825516c835c41957dfcc8b,anglais,2013
69825516c835c41957dfcc8e,anglais,2008
69825516c835c41957dfcc91,anglais,2012
69825516c835c41957dfcc98,anglais,2010
69825516c835c41957dfcc9d,anglais,2009
69825516c835c41957dfccad,anglais,2010
69825516c835c41957dfccb2,anglais,2008
69825516c835c41957dfccb4,anglais,2009
69825516c835c41957dfccc3,anglais,2007
69825516c835c41957dfcce3,anglais,2012
69825516c835c41957dfcce8,anglais,2012
69825516c835c41957dfccf4,anglais,2012
69825516c835c41957dfccf6,anglais,2009
69825516c835c41957dfccf7,anglais,2011
69825516c835c41957dfccf8,anglais,2012
69825516c835c41957dfcd0a,anglais,2007
69825516c835c41957dfcd2c,anglais,2009
69825516c835c41957dfcd36,anglais,2010
69825516c835c41957dfcd37,anglais,2010
69825516c835c41957dfcd3b,anglais,2012
69825516c835c41957dfcd3d,anglais,2007
69825516c835c41957dfcd41,anglais,2012
69825516c835c41957dfcd42,anglais,2012
69825516c835c41957dfcd43,anglais,2011
69825516c835c41957dfcd49,anglais,2010
69825516c835c41957dfcd4a,anglais,2010
69825516c835c41957dfcd4b,anglais,2010
69825516c835c41957dfcd4c,anglais,2012
69825516c835c41957dfcd52,anglais,2007
69825516c835c41957dfcd9c,anglais,2013
69825516c835c41957dfcda3,anglais,2013
69825516c835c41957dfcda9,français,2013
69825516c835c41957dfcdad,anglais,2013
69825516c835c41957dfcdae,anglais,2013
69825516c835c41957dfcdaf,anglais,2013
69825516c835c41957dfcdb0,anglais,2013
69825516c835c41957dfcdb1,anglais,2013
69825516c835c41957dfcdb2,anglais,2012
69825516c835c41957dfcdc6,allemand,2009
69825516c835c41957dfcdcd,japonais,2008
69825516c835c41957dfcdcf,anglais,2009
69825516c835c41957dfcdd5,,2007
69825516c835c41957dfce3e,,2011
69825516c835c41957dfce78,anglais,2013
69825516c835c41957dfce80,anglais,2013
69825516c835c41957dfce9b,anglais,2013
69825516c835c41957dfce9d,anglais,2013
69825516c835c41957dfcea0,anglais,2013
69825516c835c41957dfcea1,anglais,2013
69825516c835c41957dfcea2,anglais,2013
69825516c835c41957dfcea4,anglais,2013
69825516c835c41957dfcea5,anglais,2013
69825516c835c41957dfcf46,anglais,2013
69825516c835c41957dfcff1,,2007
69825516c835c41957dfcff2,,2007
69825516c835c41957dfcff4,,2009
69825516c835c41957dfcff5,,2010
69825516c835c41957dfcff7,anglais,2013
69825516c835c41957dfd00d,français,2010
69825516c835c41957dfd03a,français,2010
69825516c835c41957dfd04e,anglais,2009
69825516c835c41957dfd059,anglais,2011
69825516c835c41957dfd06b,anglais,2010
69825516c835c41957dfd0c7,anglais,2012
69825516c835c41957dfd0c8,anglais,2012
69825516c835c41957dfd0ca,anglais,2010
69825516c835c41957dfd0d2,anglais,2009
69825516c835c41957dfd0d3,anglais,2012
69825516c835c41957dfd117,anglais,2013
69825516c835c41957dfd118,anglais,2010
69825516c835c41957dfd153,allemand,2012
69825516c835c41957dfd1b2,anglais,2008
69825516c835c41957dfd1f4,anglais,2007
69825516c835c41957dfd20c,anglais,2011
69825516c835c41957dfd20e,anglais,2012
69825516c835c41957dfd20f,anglais,2012
69825516c835c41957dfd210,anglais,2012
69825516c835c41957dfd211,anglais,2012
69825516c835c41957dfd212,anglais,2012
69825516c835c41957dfd213,anglais,2012
69825516c835c41957dfd214,anglais,2012
69825516c835c41957dfd215,anglais,2013
69825516c835c41957dfd216,anglais,2012
69825516c835c41957dfd217,anglais,2013
69825516c835c41957dfd21a,anglais,2013
69825516c835c41957dfd21b,anglais,2013
69825516c835c41957dfd21c,anglais,2013
69825516c835c41957dfd21d,anglais,2013
69825516c835c41957dfd21f,anglais,2013
69825516c835c41957dfd22b,anglais,2011
69825516c835c41957dfd22d,anglais,2011
69825516c835c41957dfd230,anglais,2011
69825516c835c41957dfd232,anglais,2012
69825516c835c41957dfd233,anglais,2012
69825516c835c41957dfd238,anglais,2013
69825516c835c41957dfd239,anglais,2013
69825516c835c41957dfd242,anglais,2011
69825516c835c41957dfd243,anglais,2009
69825516c835c41957dfd245,anglais,2008
69825516c835c41957dfd271,anglais,2010
69825516c835c41957dfd294,français,2010
69825516c835c41957dfd2ce,anglais,2011
69825516c835c41957dfd2d0,anglais,2009
69825516c835c41957dfd2d3,anglais,2013
69825516c835c41957dfd2d4,anglais,2012
69825516c835c41957dfd2d6,anglais,2013
69825516c835c41957dfd2d7,anglais,2013
69825516c835c41957dfd2d8,anglais,2009
69825516c835c41957dfd2d9,anglais,2012
69825516c835c41957dfd2db,anglais,2012
69825516c835c41957dfd2dc,anglais,2011
69825516c835c41957dfd2dd,anglais,2012
69825516c835c41957dfd2df,anglais,2007
69825516c835c41957dfd2e0,anglais,2008
69825516c835c41957dfd2e1,anglais,2011
69825516c835c41957dfd2e2,anglais,2013
69825516c835c41957dfd2e3,anglais,2008
69825516c835c41957dfd2e5,anglais,2011
69825516c835c41957dfd2e6,anglais,2009
69825516c835c41957dfd2e7,anglais,2011
69825516c835c41957dfd2e8,anglais,2010
69825516c835c41957dfd2e9,anglais,2008
69825516c835c41957dfd2ee,anglais,2012
69825516c835c41957dfd2ef,anglais,2011
69825516c835c41957dfd2f0,anglais,2012
69825516c835c41957dfd2f1,anglais,2013
69825516c835c41957dfd2f2,anglais,2013
69825516c835c41957dfd2f3,anglais,2011
69825516c835c41957dfd2f4,anglais,2013
69825516c835c41957dfd2fa,anglais,2013
69825516c835c41957dfd2fb,anglais,2008
69825516c835c41957dfd2fc,anglais,2012
69825516c835c41957dfd2fd,anglais,2009
69825516c835c41957dfd2fe,anglais,2011
69825516c835c41957dfd2ff,anglais,2011
69825516c835c41957dfd301,anglais,2009
69825516c835c41957dfd302,anglais,2012
69825516c835c41957dfd303,anglais,2007
69825516c835c41957dfd304,anglais,2011
69825516c835c41957dfd306,anglais,2013
69825516c835c41957dfd307,anglais,2012
69825516c835c41957dfd308,anglais,2011
69825516c835c41957dfd309,anglais,2010
69825516c835c41957dfd30a,anglais,2011
69825516c835c41957dfd340,anglais,2013
69825516c835c41957dfd455,anglais,2011
69825516c835c41957dfd48d,anglais,2009
69825516c835c41957dfd492,anglais,2009
69825516c835c41957dfd493,anglais,2011
69825516c835c41957dfd4a8,anglais,2010
69825516c835c41957dfd4be,anglais,2012
69825516c835c41957dfd4ce,anglais,2013
69825516c835c41957dfd519,anglais,2010
69825516c835c41957dfd543,anglais,2009
69825516c835c41957dfd576,anglais,2011
69825516c835c41957dfd5a7,anglais,2011
69825516c835c41957dfd5ce,anglais,2013
69825516c835c41957dfd5e3,anglais,2013
69825516c835c41957dfd619,anglais,2011
69825516c835c41957dfd67c,anglais,2011
69825516c835c41957dfd694,anglais,2009
69825516c835c41957dfd6af,anglais,2010
69825516c835c41957dfd6eb,anglais,2013
69825516c835c41957dfd6fe,anglais,2011
69825516c835c41957dfd70f,anglais,2010
69825516c835c41957dfd724,anglais,2010
69825516c835c41957dfd725,anglais,2010
69825516c835c41957dfd73f,anglais,2007
69825516c835c41957dfd797,anglais,2011
69825516c835c41957dfd79f,anglais,2012
69825516c835c41957dfd7b7,anglais,2011
69825516c835c41957dfd7c6,anglais,2009
69825516c835c41957dfd7da,allemand,2008
69825516c835c41957dfd811,anglais,2008
69825516c835c41957dfd816,anglais,2010
69825516c835c41957dfd81b,anglais,2010
69825516c835c41957dfd836,anglais,2011
69825516c835c41957dfd841,anglais,2009
69825516c835c41957dfd85b,anglais,2010
69825516c835c41957dfd87c,anglais,2010
69825516c835c41957dfd889,anglais,2010
69825516c835c41957dfd88a,anglais,2010
69825516c835c41957dfd8e9,anglais,2010
69825516c835c41957dfd907,anglais,2010
69825516c835c41957dfd931,français,2013
69825516c835c41957dfd94a,anglais,2006
69825516c835c41957dfd9a2,anglais,2012
69825516c835c41957dfd9c0,anglais,2011
69825516c835c41957dfd9e2,anglais,2013
69825516c835c41957dfd9ec,anglais,2013
69825516c835c41957dfd9ed,anglais,2013
69825516c835c41957dfd9f1,anglais,2010
69825516c835c41957dfda05,anglais,2009
69825516c835c41957dfda07,anglais,2012
69825516c835c41957dfda1b,,2010
69825516c835c41957dfda4c,anglais,2012
69825516c835c41957dfdae4,français,2006
69825516c835c41957dfdb27,anglais,2011
69825516c835c41957dfdb38,anglais,2010
69825516c835c41957dfdb3b,japonais,2009
69825516c835c41957dfdb59,japonais,2010
69825516c835c41957dfdba5,anglais,2011
69825516c835c41957dfdba6,anglais,2011
69825516c835c41957dfdbba,anglais,2011
69825516c835c41957dfdbbb,anglais,2011
69825516c835c41957dfdbbc,anglais,2007
69825516c835c41957dfdbd7,anglais,2007
69825516c835c41957dfdbd8,anglais,2011
69825516c835c41957dfdbf6,anglais,2011
69825516c835c41957dfdbf7,anglais,2011
69825516c835c41957dfdc4e,français,2010
69825516c835c41957dfdc59,anglais,2006
69825516c835c41957dfdc65,anglais,2010
69825516c835c41957dfdc75,anglais,2011
69825516c835c41957dfdcfe,russe,2013
69825516c835c41957dfdd15,français,2006
69825516c835c41957dfdd16,anglais,2009
69825516c835c41957dfdd1f,russe,2013
69825516c835c41957dfdd34,espagnol,2012
69825516c835c41957dfdd43,espagnol,2013
69825516c835c41957dfdd45,russe,2013
69825516c835c41957dfdd5a,,2010
69825516c835c41957dfdd62,néerlandais,2008
69825516c835c41957dfdd91,anglais,2012
69825516c835c41957dfde05,anglais,2010
69825516c835c41957dfde1f,anglais,2010
69825516c835c41957dfde20,anglais,2009
69825516c835c41957dfde3e,anglais,2012
69825516c835c41957dfde43,anglais,2013
69825516c835c41957dfde5d,anglais,2013
69825516c835c41957dfde86,anglais,2011
69825516c835c41957dfdeb6,anglais,2009
69825516c835c41957dfdecb,anglais,2007
69825516c835c41957dfded0,anglais,2010
69825516c835c41957dfdedf,anglais,2011
69825516c835c41957dfdee7,anglais,2007
69825516c835c41957dfdeee,anglais,2011
69825516c835c41957dfdf01,anglais,2006
69825516c835c41957dfdf02,anglais,2008
69825516c835c41957dfdf0f,anglais,2011
69825516c835c41957dfdf68,anglais,2013
69825516c835c41957dfdf71,anglais,2013
69825516c835c41957dfdf78,anglais,2012
69825516c835c41957dfdfc0,anglais,2006
69825516c835c41957dfdfe9,anglais,2007
69825516c835c41957dfdff4,anglais,2010
69825516c835c41957dfe019,anglais,2011
69825516c835c41957dfe05c,français,2012
69825516c835c41957dfe085,français,2012
69825516c835c41957dfe091,français,2012
69825516c835c41957dfe187,anglais,2010
69825516c835c41957dfe18a,anglais,2010
69825516c835c41957dfe193,anglais,2012
69825516c835c41957dfe199,anglais,2012
69825516c835c41957dfe19b,anglais,2007
69825516c835c41957dfe19f,anglais,2012
69825516c835c41957dfe1a0,anglais,2007
69825516c835c41957dfe1a1,anglais,2012
69825516c835c41957dfe1a2,anglais,2009
69825516c835c41957dfe1a5,anglais,2012
69825516c835c41957dfe1a6,anglais,2012
69825516c835c41957dfe1a7,anglais,2008
69825516c835c41957dfe1a9,anglais,2012
69825516c835c41957dfe1af,anglais,2011
69825516c835c41957dfe1b3,anglais,2010
69825516c835c41957dfe1b4,anglais,2012
69825516c835c41957dfe1c8,anglais,2012
69825516c835c41957dfe1cd,espagnol,2008
69825516c835c41957dfe1d8,espagnol,2010
69825516c835c41957dfe1db,anglais,2009
69825516c835c41957dfe1e8,anglais,2007
69825516c835c41957dfe1f2,anglais,2010
69825516c835c41957dfe1f6,anglais,2008
69825516c835c41957dfe202,anglais,2008
69825516c835c41957dfe21a,anglais,2006
69825516c835c41957dfe21b,anglais,2008
69825516c835c41957dfe21f,anglais,2008
69825516c835c41957dfe227,anglais,2011
69825516c835c41957dfe29a,anglais,2010
69825516c835c41957dfe29b,anglais,2010
69825516c835c41957dfe2af,anglais,2008
69825516c835c41957dfe2b0,anglais,2013
69825516c835c41957dfe307,anglais,2010
69825516c835c41957dfe328,anglais,2013
69825516c835c41957dfe339,anglais,2012
69825516c835c41957dfe366,anglais,2013
69825516c835c41957dfe3be,anglais,2006
69825516c835c41957dfe3c0,anglais,2011
69825516c835c41957dfe3cc,allemand,2009
69825516c835c41957dfe3cf,allemand,2011
69825516c835c41957dfe3d0,allemand,2009
69825516c835c41957dfe3d4,allemand,2013
69825516c835c41957dfe3d6,allemand,2013
69825516c835c41957dfe3d7,allemand,2013
69825516c835c41957dfe3da,allemand,2013
69825516c835c41957dfe3db,allemand,2009
69825516c835c41957dfe3df,allemand,2009
69825516c835c41957dfe3e5,allemand,2009
69825516c835c41957dfe3ed,allemand,2013
69825516c835c41957dfe3ef,allemand,2013
69825516c835c41957dfe3f3,allemand,2013
69825516c835c41957dfe3f6,allemand,2009
69825516c835c41957dfe3f8,allemand,2013
69825516c835c41957dfe3f9,allemand,2009
69825516c835c41957dfe3fc,allemand,2009
69825516c835c41957dfe3fe,allemand,2009
69825516c835c41957dfe3ff,allemand,2009
69825516c835c41957dfe402,allemand,2013
69825516c835c41957dfe404,allemand,2009
69825516c835c41957dfe405,allemand,2009
69825516c835c41957dfe406,allemand,2013
69825516c835c41957dfe407,allemand,2009
69825516c835c41957dfe40c,allemand,2013
69825516c835c41957dfe413,allemand,2013
69825516c835c41957dfe414,allemand,2013
69825516c835c41957dfe415,allemand,2009
69825516c835c41957dfe416,allemand,2009
69825516c835c41957dfe417,allemand,2013
69825516c835c41957dfe420,allemand,2013
69825516c835c41957dfe421,allemand,2009
69825516c835c41957dfe422,allemand,2009
69825516c835c41957dfe424,allemand,2009
69825516c835c41957dfe49a,français,2006
69825516c835c41957dfe4b3,français,2011
69825516c835c41957dfe50d,français,2009
69825516c835c41957dfe50f,français,2009
69825516c835c41957dfe53e,anglais,2011
69825516c835c41957dfe544,anglais,2011
69825516c835c41957dfe5d2,anglais,2007
69825516c835c41957dfe61a,anglais,2007
69825516c835c41957dfe61e,anglais,2007
69825516c835c41957dfe621,anglais,2007
69825516c835c41957dfe622,anglais,2007
69825516c835c41957dfe62d,anglais,2011
69825516c835c41957dfe657,anglais,2010
69825516c835c41957dfe664,anglais,2009
69825516c835c41957dfe665,anglais,2008
69825516c835c41957dfe66c,anglais,2008
69825516c835c41957dfe690,Slovenian,2008
69825516c835c41957dfe6a1,,2007
69825516c835c41957dfe6a2,anglais,2013
69825516c835c41957dfe6c2,français,2010
69825516c835c41957dfe6ce,anglais,2012
69825516c835c41957dfe6cf,anglais,2012
69825516c835c41957dfe6d6,anglais,2008
69825516c835c41957dfe6fe,anglais,2010
69825516c835c41957dfe709,hongrois,2008
69825516c835c41957dfe755,Slovenian,2009
69825516c835c41957dfe756,Slovenian,2009
69825516c835c41957dfe758,hongrois,2009
69825516c835c41957dfe75b,Slovenian,2008
69825516c835c41957dfe75f,slovaque,2010
69825516c835c41957dfe762,Slovenian,2008
69825516c835c41957dfe788,anglais,2012
69825516c835c41957dfe7d9,anglais,2012
69825516c835c41957dfe7ff,anglais,2011
69825516c835c41957dfe800,anglais,2013
69825516c835c41957dfe801,anglais,2011
69825516c835c41957dfe812,suédois,2011
69825516c835c41957dfe815,anglais,2011
69825516c835c41957dfe816,anglais,2012
69825516c835c41957dfe857,allemand,2012
69825516c835c41957dfe8aa,anglais,2012
69825516c835c41957dfed75,anglais,2011
69825516c835c41957dfed7a,français,2011
69825516c835c41957dfeda0,italien,2009
69825516c835c41957dfedd0,anglais,2012
69825516c835c41957dfedf3,japonais,2011
69825516c835c41957dfee12,anglais,2009
69825516c835c41957dfee20,anglais,2012
69825516c835c41957dfee25,espagnol,2006
69825516c835c41957dfee4a,anglais,2012
69825516c835c41957dfee4b,anglais,2012
69825516c835c41957dfee7d,anglais,2013
69825516c835c41957dfeea1,espagnol,2013
69825516c835c41957dfeee1,anglais,2012
69825516c835c41957dfeee7,anglais,2008
69825516c835c41957dfeef3,anglais,2012
69825516c835c41957dfef38,anglais,2011
69825516c835c41957dfef39,croate,2011
69825516c835c41957dfef4e,anglais,2013
69825516c835c41957dfef9d,allemand,2007
69825516c835c41957dfef9e,allemand,2007
69825516c835c41957dfef9f,allemand,2007
69825516c835c41957dfefa1,allemand,2007
69825516c835c41957dfefa2,allemand,2007
69825516c835c41957dfefa3,allemand,2007
69825516c835c41957dfefa4,allemand,2007
69825516c835c41957dfefa5,allemand,2007
69825516c835c41957dfefad,allemand,2007
69825516c835c41957dfefb1,allemand,2007
69825516c835c41957dfefb4,allemand,2007
69825516c835c41957dfefb5,allemand,2007
69825516c835c41957dfefb6,allemand,2007
69825516c835c41957dfefb9,allemand,2007
69825516c835c41957dfefc0,allemand,2007
69825516c835c41957dfefc9,anglais,2012
69825516c835c41957dfeff2,allemand,2007
69825516c835c41957dfeffc,allemand,2007
69825516c835c41957dff004,allemand,2007
69825516c835c41957dff006,allemand,2007
69825516c835c41957dff007,allemand,2007
69825516c835c41957dff008,allemand,2007
69825516c835c41957dff01a,allemand,2011
69825516c835c41957dff089,allemand,2011
69825516c835c41957dff097,allemand,2013
69825516c835c41957dff0df,anglais,2013
69825516c835c41957dff142,anglais,2012
69825516c835c41957dff165,anglais,2009
69825516c835c41957dff1dc,anglais,2009
69825516c835c41957dff204,Slovenian,2012
69825516c835c41957dff229,anglais,2012
69825516c835c41957dff23b,anglais,2012
69825516c835c41957dff23c,anglais,2013
69825516c835c41957dff23d,anglais,2012
69825516c835c41957dff252,anglais,2013
69825516c835c41957dff253,anglais,2013
69825516c835c41957dff269,anglais,2010
69825516c835c41957dff283,anglais,2007
69825516c835c41957dff29a,anglais,2007
69825516c835c41957dff2a8,anglais,2008
69825516c835c41957dff2c0,anglais,2013
69825516c835c41957dff305,anglais,2011
69825516c835c41957dff315,anglais,2007
69825516c835c41957dff31f,anglais,2007
69825516c835c41957dff348,anglais,2008
69825516c835c41957dff354,anglais,2006
69825516c835c41957dff355,anglais,2012
69825516c835c41957dff39e,anglais,2013
69825516c835c41957dff3aa,anglais,2013
69825516c835c41957dff3af,anglais,2007
69825516c835c41957dff3b6,anglais,2011
69825516c835c41957dff3d4,anglais,2011
69825516c835c41957dff3d6,anglais,2013
69825517c835c41957dff432,anglais,2012
69825517c835c41957dff471,anglais,2013
69825517c835c41957dff4ad,anglais,2012
69825517c835c41957dff4b3,allemand,2011
69825517c835c41957dff4d4,anglais,2013
69825517c835c41957dff4d9,anglais,2013
69825517c835c41957dff4e1,anglais,2013
69825517c835c41957dff585,anglais,2013
69825517c835c41957dff58c,anglais,2012
69825517c835c41957dff5a0,espagnol,2011
69825517c835c41957dff5a8,anglais,2006
69825517c835c41957dff5c5,russe,2012
69825517c835c41957dff5c6,russe,2012
69825517c835c41957dff6a0,anglais,2013
69825517c835c41957dff6f9,anglais,2007
69825517c835c41957dff700,anglais,2008
69825517c835c41957dff727,espagnol,2009
69825517c835c41957dff75a,anglais,2011
69825517c835c41957dff799,anglais,2013
69825517c835c41957dff7aa,anglais,2013
69825517c835c41957dff82a,anglais,2009
69825517c835c41957dff843,français,2012
69825517c835c41957dff85d,anglais,2013
69825517c835c41957dff863,anglais,2013
69825517c835c41957dff87e,allemand,2006
69825517c835c41957dff89e,anglais,2013
69825517c835c41957dff929,allemand,2009
69825517c835c41957dff937,anglais,2013
69825517c835c41957dff952,anglais,2013
69825517c835c41957dff95b,anglais,2012
69825517c835c41957dff95c,anglais,2010
69825517c835c41957dff976,anglais,2008
69825517c835c41957dff98c,allemand,2008
69825517c835c41957dff9b4,espagnol,2013
69825517c835c41957dff9b8,espagnol,2011
69825517c835c41957dff9cc,espagnol,2013
69825517c835c41957dff9da,espagnol,2009
69825517c835c41957dff9e0,espagnol,2013
69825517c835c41957dff9e6,espagnol,2006
69825517c835c41957dff9f6,espagnol,2010
69825517c835c41957dffb38,anglais,2012
69825517c835c41957dffb45,anglais,2010
69825517c835c41957dffb7e,français,2012
69825517c835c41957dffb7f,français,2013
69825517c835c41957dffb80,français,2012
69825517c835c41957dffbbb,anglais,2010
69825517c835c41957dffbc0,anglais,2012
69825517c835c41957dffc47,allemand,2013
69825517c835c41957dffca9,allemand,2013
69825517c835c41957dffcaa,allemand,2013
69825517c835c41957dffcbf,anglais,2013
69825517c835c41957dffcc1,anglais,2013
69825517c835c41957dffcc5,anglais,2010
69825517c835c41957dffccb,espagnol,2010
69825517c835c41957dffcd9,grec,2008
69825517c835c41957dffd0c,espagnol,2008
69825517c835c41957dffd83,italien,2010
69825517c835c41957dffd84,italien,2010
69825517c835c41957dffda8,russe,2013
69825517c835c41957dffdb5,russe,2007
69825517c835c41957dffdb6,russe,2011
69825517c835c41957dffdb9,russe,2013
69825517c835c41957dffe08,anglais,2012
69825517c835c41957dffe0b,allemand,2013
69825517c835c41957dffe7b,italien,2006
69825517c835c41957dffe84,italien,2006
69825517c835c41957dffe88,italien,2009
69825517c835c41957e00029,italien,2013
69825517c835c41957e0006d,allemand,2011
69825517c835c41957e00079,anglais,2011
69825517c835c41957e0007f,anglais,2011
69825517c835c41957e0008f,italien,2009
69825517c835c41957e000bb,espagnol,2012
69825517c835c41957e0015f,anglais,2011
69825517c835c41957e00165,anglais,2013
69825517c835c41957e001c2,allemand,2007
69825517c835c41957e00240,russe,2011
69825517c835c41957e0024a,russe,2013
69825517c835c41957e00275,russe,2012
69825517c835c41957e0028d,italien,2013
69825517c835c41957e002a6,italien,2010
69825517c835c41957e002aa,anglais,2013
69825517c835c41957e002b3,italien,2012
69825517c835c41957e002d1,anglais,2013
69825517c835c41957e00348,Slovenian,2013
69825517c835c41957e003a0,espagnol,2007
69825517c835c41957e003a7,anglais,2012
69825517c835c41957e003a9,anglais,2013
69825517c835c41957e003fd,allemand,2011
69825517c835c41957e0042c,anglais,2008
69825517c835c41957e004ad,anglais,2011
69825517c835c41957e004b1,français,2013
69825517c835c41957e004eb,russe,2013
69825517c835c41957e004f5,russe,2011
69825517c835c41957e00524,hongrois,2012
69825517c835c41957e00525,hongrois,2012
69825517c835c41957e0053b,français,2013
69825517c835c41957e00620,anglais,2012
69825517c835c41957e00621,anglais,2012
69825517c835c41957e0062b,allemand,2012
69825517c835c41957e0062f,russe,2013
69825517c835c41957e00632,russe,2011
69825517c835c41957e00671,russe,2012
69825517c835c41957e00672,russe,2013
69825517c835c41957e006bd,anglais,2013
69825517c835c41957e006bf,anglais,2006
69825517c835c41957e0077f,anglais,2008
69825517c835c41957e007b4,anglais,2008
69825517c835c41957e007e3,anglais,2008
69825517c835c41957e007e7,allemand,2009
69825517c835c41957e00834,anglais,2013
69825517c835c41957e00982,français,2013
69825517c835c41957e0098b,français,2010
69825517c835c41957e009ca,anglais,2008
69825517c835c41957e009f3,anglais,2012
69825517c835c41957e00a30,anglais,2013
69825517c835c41957e00abf,espagnol,2009
69825517c835c41957e00ac5,français,2013
69825517c835c41957e00b11,anglais,2007
69825517c835c41957e00b24,anglais,2013
69825517c835c41957e00be2,,2009
69825517c835c41957e00c25,allemand,2006
69825517c835c41957e00c37,anglais,2013
69825517c835c41957e00c93,anglais,2013
69825517c835c41957e00c94,anglais,2009
69825517c835c41957e00c9a,anglais,2013
69825517c835c41957e00c9b,anglais,2013
69825517c835c41957e00c9c,anglais,2013
69825517c835c41957e00c9e,anglais,2013
69825517c835c41957e00cc0,russe,2010
69825517c835c41957e00d00,russe,2013
69825517c835c41957e00d6d,anglais,2010
69825517c835c41957e00d77,anglais,2013
69825517c835c41957e00d87,anglais,2013
69825517c835c41957e00dd7,anglais,2012
69825517c835c41957e00ec6,anglais,2012
69825517c835c41957e00f9f,anglais,2013
69825517c835c41957e010e5,,2006
69825517c835c41957e010e6,,2012
69825517c835c41957e010e8,anglais,2011
69825517c835c41957e01107,anglais,2009
69825517c835c41957e01216,anglais,2013
69825517c835c41957e012a7,anglais,2007
69825517c835c41957e012a8,anglais,2013
69825517c835c41957e012aa,anglais,2013
69825517c835c41957e01328,anglais,2009
69825517c835c41957e01329,anglais,2009
69825517c835c41957e0132e,anglais,2007
69825517c835c41957e01333,anglais,2013
69825517c835c41957e01347,anglais,2007
69825517c835c41957e01384,anglais,2007
69825517c835c41957e013dc,anglais,2012
69825517c835c41957e013f4,français,2011
69825517c835c41957e014f7,français,2007
69825517c835c41957e01525,français,2007
69825517c835c41957e01531,français,2007
69825517c835c41957e01540,français,2013
69825517c835c41957e01560,,2010
69825517c835c41957e01569,français,2007
69825517c835c41957e01573,anglais,2012
69825517c835c41957e015b8,allemand,2010
69825517c835c41957e016c3,allemand,2008
69825517c835c41957e016e7,allemand,2010
69825517c835c41957e016fd,anglais,2013
69825517c835c41957e016ff,anglais,2013
69825517c835c41957e01702,anglais,2009
69825517c835c41957e01703,anglais,2013
69825517c835c41957e01732,anglais,2013
69825517c835c41957e0173a,anglais,2010
69825517c835c41957e0174b,anglais,2007
69825517c835c41957e01753,anglais,2013
69825517c835c41957e01770,français,2013
69825517c835c41957e0177b,hébreu,2008
69825517c835c41957e017ed,anglais,2009
69825517c835c41957e017ee,anglais,2008
69825517c835c41957e017f5,anglais,2009
69825517c835c41957e017fe,anglais,2009
69825517c835c41957e01810,anglais,2013
69825517c835c41957e01820,anglais,2012
69825517c835c41957e0186a,anglais,2012
69825517c835c41957e01889,polonais,2013
69825517c835c41957e01897,anglais,2013
69825517c835c41957e0189f,anglais,2007
69825517c835c41957e018ad,anglais,2006
69825517c835c41957e018ae,anglais,2006
69825517c835c41957e01942,français,2013
69825517c835c41957e01944,français,2013
69825517c835c41957e01948,français,2011
69825517c835c41957e0194c,anglais,2007
69825517c835c41957e01959,anglais,2009
69825517c835c41957e0196a,anglais,2006
69825517c835c41957e0199a,anglais,2009
69825517c835c41957e019b7,français,2010
69825517c835c41957e019bc,anglais,2012
69825517c835c41957e019db,anglais,2010
69825517c835c41957e019de,anglais,2011
69825517c835c41957e019e8,anglais,2013
69825517c835c41957e019f6,français,2010
69825517c835c41957e019fc,tchèque,2006
69825517c835c41957e01a27,français,2007
69825517c835c41957e01a2d,anglais,2011
69825517c835c41957e01a3a,anglais,2009
69825517c835c41957e01a73,français,2013
69825517c835c41957e01add,anglais,2012
69825516c835c41957df9dce,anglais,2017
69825516c835c41957df9de4,anglais,2017
69825516c835c41957dfa02f,anglais,2017
69825516c835c41957dfa034,Slovenian,2017
69825516c835c41957dfa0dd,italien,2017
69825516c835c41957dfa14e,anglais,2015
69825516c835c41957dfa1a7,anglais,2018
69825516c835c41957dfa24f,anglais,2017
69825516c835c41957dfa251,anglais,2018
69825516c835c41957dfa255,allemand,2018
69825516c835c41957dfa256,anglais,2018
69825516c835c41957dfa27d,anglais,2015
69825516c835c41957dfa27f,suédois,2017
69825516c835c41957dfa30d,anglais,2017
69825516c835c41957dfa30f,allemand,2017
69825516c835c41957dfa310,anglais,2017
69825516c835c41957dfa352,anglais,2016
69825516c835c41957dfa37c,italien,2017
69825516c835c41957dfa383,anglais,2018
69825516c835c41957dfa390,anglais,2015
69825516c835c41957dfa39c,anglais,2015
69825516c835c41957dfa3a6,anglais,2017
69825516c835c41957dfa3a9,anglais,2015
69825516c835c41957dfa3c5,anglais,2017
69825516c835c41957dfa3d6,anglais,2015
69825516c835c41957dfa3d8,anglais,2015
69825516c835c41957dfa3d9,anglais,2018
69825516c835c41957dfa3e0,anglais,2016
69825516c835c41957dfa403,anglais,2018
69825516c835c41957dfa415,anglais,2017
69825516c835c41957dfa418,anglais,2018
69825516c835c41957dfa41d,anglais,2018
69825516c835c41957dfa421,anglais,2016
69825516c835c41957dfa431,anglais,2018
69825516c835c41957dfa435,anglais,2016
69825516c835c41957dfa445,anglais,2017
69825516c835c41957dfa44e,anglais,2017
69825516c835c41957dfa469,anglais,2016
69825516c835c41957dfa46d,anglais,2017
69825516c835c41957dfa46e,anglais,2016
69825516c835c41957dfa473,anglais,2016
69825516c835c41957dfa487,anglais,2015
69825516c835c41957dfa491,anglais,2016
69825516c835c41957dfa495,anglais,2016
69825516c835c41957dfa4cf,anglais,2017
69825516c835c41957dfa4d5,anglais,2016
69825516c835c41957dfa4d8,anglais,2018
69825516c835c41957dfa4dd,anglais,2015
69825516c835c41957dfa4de,anglais,2016
69825516c835c41957dfa4df,anglais,2017
69825516c835c41957dfa4eb,anglais,2017
69825516c835c41957dfa4ef,anglais,2018
69825516c835c41957dfa4f4,anglais,2018
69825516c835c41957dfa4f5,anglais,2017
69825516c835c41957dfa501,anglais,2016
69825516c835c41957dfa528,anglais,2015
69825516c835c41957dfa548,anglais,2018
69825516c835c41957dfa566,anglais,2017
69825516c835c41957dfa577,anglais,2015
69825516c835c41957dfa586,anglais,2016
69825516c835c41957dfa592,allemand,2017
69825516c835c41957dfa5a8,anglais,2018
69825516c835c41957dfa5c1,anglais,2015
69825516c835c41957dfa5e3,anglais,2015
69825516c835c41957dfa5f3,anglais,2016
69825516c835c41957dfa5f8,anglais,2015
69825516c835c41957dfa78c,Slovenian,2018
69825516c835c41957dfa7ba,anglais,2018
69825516c835c41957dfa7ca,anglais,2015
69825516c835c41957dfa7cc,anglais,2018
69825516c835c41957dfa7ce,anglais,2018
69825516c835c41957dfa7d1,anglais,2017
69825516c835c41957dfa81e,anglais,2018
69825516c835c41957dfa826,polonais,2017
69825516c835c41957dfa899,français,2015
69825516c835c41957dfa89b,français,2016
69825516c835c41957dfa89e,français,2016
69825516c835c41957dfa8a8,français,2015
69825516c835c41957dfa8ef,anglais,2017
69825516c835c41957dfa8f3,anglais,2018
69825516c835c41957dfa8f9,anglais,2017
69825516c835c41957dfa955,anglais,2016
69825516c835c41957dfa95f,anglais,2016
69825516c835c41957dfa960,anglais,2016
69825516c835c41957dfa964,anglais,2015
69825516c835c41957dfa98f,anglais,2018
69825516c835c41957dfa9ab,français,2015
69825516c835c41957dfa9c1,anglais,2018
69825516c835c41957dfaa5d,anglais,2015
69825516c835c41957dfaa7b,russe,2018
69825516c835c41957dfaa7d,ukrainien,2018
69825516c835c41957dfaa7f,ukrainien,2018
69825516c835c41957dfaa98,italien,2017
69825516c835c41957dfaabe,français,2018
69825516c835c41957dfab25,anglais,2015
69825516c835c41957dfab46,anglais,2017
69825516c835c41957dfab4b,croate,2018
69825516c835c41957dfac10,français,2018
69825516c835c41957dfac43,français,2017
69825516c835c41957dfac54,français,2017
69825516c835c41957dfac69,français,2016
69825516c835c41957dfac74,français,2016
69825516c835c41957dfac7a,français,2016
69825516c835c41957dfac7c,français,2017
69825516c835c41957dfac8e,français,2016
69825516c835c41957dfac91,français,2016
69825516c835c41957dfad9e,français,2017
69825516c835c41957dfadaf,français,2017
69825516c835c41957dfadc7,français,2015
69825516c835c41957dfadfc,français,2016
69825516c835c41957dfae12,français,2018
69825516c835c41957dfae79,français,2017
69825516c835c41957dfae87,français,2017
69825516c835c41957dfb0df,français,2015
69825516c835c41957dfb168,français,2018
69825516c835c41957dfb225,français,2018
69825516c835c41957dfb3a6,français,2017
69825516c835c41957dfb3f7,français,2017
69825516c835c41957dfb42b,français,2017
69825516c835c41957dfb471,espagnol,2017
69825516c835c41957dfb481,français,2016
69825516c835c41957dfb4aa,français,2017
69825516c835c41957dfb4b2,français,2017
69825516c835c41957dfb4f5,français,2017
69825516c835c41957dfb522,français,2015
69825516c835c41957dfb525,français,2015
69825516c835c41957dfb527,français,2015
69825516c835c41957dfb528,français,2015
69825516c835c41957dfb52b,français,2015
69825516c835c41957dfb556,anglais,2017
69825516c835c41957dfb62a,anglais,2015
69825516c835c41957dfb651,anglais,2015
69825516c835c41957dfb65a,anglais,2018
69825516c835c41957dfb65c,anglais,2017
69825516c835c41957dfb663,allemand,2014
69825516c835c41957dfb66e,allemand,2017
69825516c835c41957dfb675,anglais,2015
69825516c835c41957dfb678,anglais,2015
69825516c835c41957dfb67a,anglais,2016
69825516c835c41957dfb685,allemand,2014
69825516c835c41957dfb68e,anglais,2016
69825516c835c41957dfb6a2,anglais,2017
69825516c835c41957dfb6a5,anglais,2018
69825516c835c41957dfb6a6,allemand,2014
69825516c835c41957dfb6aa,anglais,2018
69825516c835c41957dfb6af,anglais,2018
69825516c835c41957dfb6da,anglais,2018
69825516c835c41957dfb6dc,anglais,2017
69825516c835c41957dfb6de,anglais,2018
69825516c835c41957dfb726,anglais,2018
69825516c835c41957dfb729,anglais,2018
69825516c835c41957dfb72d,anglais,2014
69825516c835c41957dfb72e,allemand,2015
69825516c835c41957dfb742,allemand,2017
69825516c835c41957dfb748,allemand,2014
69825516c835c41957dfb75f,anglais,2017
69825516c835c41957dfb779,anglais,2014
69825516c835c41957dfb782,anglais,2015
69825516c835c41957dfb783,anglais,2015
69825516c835c41957dfb784,anglais,2016
69825516c835c41957dfb78b,anglais,2015
69825516c835c41957dfb78f,anglais,2015
69825516c835c41957dfb791,anglais,2018
69825516c835c41957dfb792,anglais,2015
69825516c835c41957dfb793,anglais,2018
69825516c835c41957dfb796,anglais,2018
69825516c835c41957dfb798,anglais,2014
69825516c835c41957dfb79c,anglais,2018
69825516c835c41957dfb7a5,anglais,2015
69825516c835c41957dfb7a9,anglais,2015
69825516c835c41957dfb7ab,anglais,2015
69825516c835c41957dfb7ac,anglais,2018
69825516c835c41957dfb7b3,anglais,2016
69825516c835c41957dfb7c3,anglais,2015
69825516c835c41957dfb7e1,anglais,2018
69825516c835c41957dfb7ed,anglais,2018
69825516c835c41957dfb802,anglais,2018
69825516c835c41957dfb810,français,2016
69825516c835c41957dfb813,anglais,2014
69825516c835c41957dfb814,français,2017
69825516c835c41957dfb817,anglais,2018
69825516c835c41957dfb892,anglais,2018
69825516c835c41957dfb8d0,anglais,2017
69825516c835c41957dfb8d3,anglais,2018
69825516c835c41957dfb8dd,anglais,2016
69825516c835c41957dfb8e4,anglais,2017
69825516c835c41957dfb8f3,anglais,2018
69825516c835c41957dfb977,italien,2016
69825516c835c41957dfb97a,italien,2016
69825516c835c41957dfb97b,italien,2016
69825516c835c41957dfb988,italien,2016
69825516c835c41957dfb989,italien,2016
69825516c835c41957dfb98b,italien,2016
69825516c835c41957dfb98c,italien,2016
69825516c835c41957dfb9ba,anglais,2015
69825516c835c41957dfb9f3,suédois,2018
69825516c835c41957dfba08,Slovenian,2018
69825516c835c41957dfba0b,Slovenian,2018
69825516c835c41957dfba0d,anglais,2018
69825516c835c41957dfba0e,Slovenian,2018
69825516c835c41957dfba1e,italien,2018
69825516c835c41957dfba20,italien,2018
69825516c835c41957dfba4d,anglais,2018
69825516c835c41957dfba5f,anglais,2016
69825516c835c41957dfba96,anglais,2014
69825516c835c41957dfbaa0,anglais,2017
69825516c835c41957dfbaa2,anglais,2014
69825516c835c41957dfbaa4,anglais,2015
69825516c835c41957dfbac0,polonais,2018
69825516c835c41957dfbb3a,anglais,2016
69825516c835c41957dfbb58,anglais,2014
69825516c835c41957dfbb5a,anglais,2014
69825516c835c41957dfbb5f,anglais,2014
69825516c835c41957dfbcc4,anglais,2017
69825516c835c41957dfbcfa,latin,2014
69825516c835c41957dfbd2b,allemand,2016
69825516c835c41957dfbd2c,allemand,2016
69825516c835c41957dfbd2d,allemand,2016
69825516c835c41957dfbdb4,anglais,2016
69825516c835c41957dfbdc6,anglais,2016
69825516c835c41957dfbde1,anglais,2018
69825516c835c41957dfbdf9,espagnol,2017
69825516c835c41957dfbe02,espagnol,2017
69825516c835c41957dfbe17,allemand,2017
69825516c835c41957dfbe2b,espagnol,2014
69825516c835c41957dfbe3c,espagnol,2015
69825516c835c41957dfbe3d,espagnol,2015
69825516c835c41957dfbe3e,espagnol,2016
69825516c835c41957dfbe3f,espagnol,2017
69825516c835c41957dfbe40,espagnol,2017
69825516c835c41957dfbe41,espagnol,2018
69825516c835c41957dfbe43,espagnol,2018
69825516c835c41957dfbe47,espagnol,2017
69825516c835c41957dfbe51,portugais,2017
69825516c835c41957dfbe52,espagnol,2017
69825516c835c41957dfbe68,espagnol,2016
69825516c835c41957dfbea2,anglais,2014
69825516c835c41957dfbf02,espagnol,2014
69825516c835c41957dfbf03,portugais,2015
69825516c835c41957dfbf04,portugais,2015
69825516c835c41957dfbf06,portugais,2015
69825516c835c41957dfbf0b,portugais,2015
69825516c835c41957dfbf0c,portugais,2015
69825516c835c41957dfbf53,espagnol,2017
69825516c835c41957dfbf5d,catalan,2016
69825516c835c41957dfbf65,espagnol,2018
69825516c835c41957dfbf6a,espagnol,2018
69825516c835c41957dfbf76,espagnol,2014
69825516c835c41957dfbf92,anglais,2018
69825516c835c41957dfbfae,espagnol,2015
69825516c835c41957dfbfbf,espagnol,2015
69825516c835c41957dfbfd1,néerlandais,2017
69825516c835c41957dfbfd6,néerlandais,2016
69825516c835c41957dfbfda,néerlandais,2014
69825516c835c41957dfbfef,anglais,2017
69825516c835c41957dfc00c,anglais,2015
69825516c835c41957dfc03c,espagnol,2017
69825516c835c41957dfc03e,anglais,2014
69825516c835c41957dfc0c7,anglais,2014
69825516c835c41957dfc0da,français,2015
69825516c835c41957dfc0e7,anglais,2017
69825516c835c41957dfc107,anglais,2018
69825516c835c41957dfc118,anglais,2018
69825516c835c41957dfc11b,anglais,2016
69825516c835c41957dfc11e,anglais,2018
69825516c835c41957dfc16a,allemand,2017
69825516c835c41957dfc26c,espagnol,2016
69825516c835c41957dfc2a9,portugais,2014
69825516c835c41957dfc2b1,portugais,2016
69825516c835c41957dfc33f,danois,2016
69825516c835c41957dfcbd3,anglais,2014
69825516c835c41957dfcd90,anglais,2014
69825516c835c41957dfce77,anglais,2014
69825516c835c41957dfce8f,anglais,2014
69825516c835c41957dfce94,anglais,2014
69825516c835c41957dfce9e,anglais,2014
69825516c835c41957dfcead,anglais,2014
69825516c835c41957dfcf3f,anglais,2014
69825516c835c41957dfcf60,anglais,2014
69825516c835c41957dfcf61,anglais,2014
69825516c835c41957dfcf63,anglais,2014
69825516c835c41957dfcf68,anglais,2014
69825516c835c41957dfcf69,anglais,2014
69825516c835c41957dfcf6a,anglais,2015
69825516c835c41957dfcf6b,anglais,2014
69825516c835c41957dfcf71,anglais,2014
69825516c835c41957dfcf7d,anglais,2014
69825516c835c41957dfcf7e,anglais,2014
69825516c835c41957dfcf7f,anglais,2014
69825516c835c41957dfcf80,anglais,2014
69825516c835c41957dfcf81,anglais,2014
69825516c835c41957dfcf8d,anglais,2014
69825516c835c41957dfcfe2,anglais,2014
69825516c835c41957dfcfe6,anglais,2014
69825516c835c41957dfcfe7,anglais,2014
69825516c835c41957dfcff9,,2014
69825516c835c41957dfd00c,anglais,2014
69825516c835c41957dfd00e,anglais,2014
69825516c835c41957dfd019,anglais,2014
69825516c835c41957dfd01c,anglais,2014
69825516c835c41957dfd025,anglais,2014
69825516c835c41957dfd02a,anglais,2014
69825516c835c41957dfd02c,anglais,2014
69825516c835c41957dfd036,anglais,2014
69825516c835c41957dfd045,anglais,2014
69825516c835c41957dfd046,anglais,2014
69825516c835c41957dfd04c,anglais,2014
69825516c835c41957dfd04f,anglais,2014
69825516c835c41957dfd051,anglais,2014
69825516c835c41957dfd069,anglais,2014
69825516c835c41957dfd070,anglais,2014
69825516c835c41957dfd071,,2014
69825516c835c41957dfd07a,anglais,2016
69825516c835c41957dfd07b,anglais,2015
69825516c835c41957dfd07c,anglais,2014
69825516c835c41957dfd07e,anglais,2014
69825516c835c41957dfd086,anglais,2014
69825516c835c41957dfd090,anglais,2015
69825516c835c41957dfd0a4,anglais,2015
69825516c835c41957dfd0a5,anglais,2015
69825516c835c41957dfd0c9,anglais,2014
69825516c835c41957dfd0cd,anglais,2014
69825516c835c41957dfd0e7,anglais,2015
69825516c835c41957dfd0e8,anglais,2015
69825516c835c41957dfd0fc,anglais,2015
69825516c835c41957dfd100,anglais,2015
69825516c835c41957dfd101,anglais,2015
69825516c835c41957dfd103,anglais,2015
69825516c835c41957dfd104,anglais,2015
69825516c835c41957dfd108,anglais,2015
69825516c835c41957dfd11d,anglais,2015
69825516c835c41957dfd11e,italien,2015
69825516c835c41957dfd11f,anglais,2015
69825516c835c41957dfd14f,anglais,2015
69825516c835c41957dfd157,anglais,2015
69825516c835c41957dfd15a,anglais,2015
69825516c835c41957dfd174,anglais,2015
69825516c835c41957dfd175,espagnol,2016
69825516c835c41957dfd17f,anglais,2015
69825516c835c41957dfd197,anglais,2015
69825516c835c41957dfd19a,anglais,2015
69825516c835c41957dfd19b,anglais,2015
69825516c835c41957dfd19c,anglais,2015
69825516c835c41957dfd1b7,anglais,2015
69825516c835c41957dfd1c8,,2015
69825516c835c41957dfd1ec,coréen,2014
69825516c835c41957dfd1ed,coréen,2014
69825516c835c41957dfd1f0,coréen,2014
69825516c835c41957dfd1f1,anglais,2015
69825516c835c41957dfd1f9,anglais,2015
69825516c835c41957dfd220,anglais,2014
69825516c835c41957dfd221,anglais,2014
69825516c835c41957dfd222,anglais,2014
69825516c835c41957dfd223,anglais,2014
69825516c835c41957dfd224,anglais,2014
69825516c835c41957dfd226,anglais,2014
69825516c835c41957dfd227,anglais,2014
69825516c835c41957dfd228,anglais,2014
69825516c835c41957dfd229,anglais,2014
69825516c835c41957dfd235,anglais,2014
69825516c835c41957dfd23a,anglais,2014
69825516c835c41957dfd23c,anglais,2014
69825516c835c41957dfd23d,anglais,2014
69825516c835c41957dfd23e,anglais,2014
69825516c835c41957dfd23f,anglais,2014
69825516c835c41957dfd244,anglais,2015
69825516c835c41957dfd24d,anglais,2015
69825516c835c41957dfd24f,anglais,2015
69825516c835c41957dfd253,anglais,2015
69825516c835c41957dfd265,anglais,2016
69825516c835c41957dfd2c1,anglais,2015
69825516c835c41957dfd2c5,anglais,2015
69825516c835c41957dfd2c8,français,2014
69825516c835c41957dfd2cf,anglais,2014
69825516c835c41957dfd2d5,anglais,2015
69825516c835c41957dfd2eb,anglais,2014
69825516c835c41957dfd2ec,anglais,2015
69825516c835c41957dfd2f5,anglais,2015
69825516c835c41957dfd2f7,anglais,2014
69825516c835c41957dfd305,anglais,2015
69825516c835c41957dfd30c,anglais,2015
69825516c835c41957dfd30d,anglais,2015
69825516c835c41957dfd30e,anglais,2015
69825516c835c41957dfd311,espagnol,2016
69825516c835c41957dfd31a,anglais,2015
69825516c835c41957dfd31b,anglais,2015
69825516c835c41957dfd31d,anglais,2015
69825516c835c41957dfd31e,anglais,2015
69825516c835c41957dfd321,anglais,2015
69825516c835c41957dfd322,anglais,2015
69825516c835c41957dfd323,anglais,2015
69825516c835c41957dfd327,anglais,2015
69825516c835c41957dfd328,anglais,2016
69825516c835c41957dfd329,anglais,2015
69825516c835c41957dfd32d,anglais,2015
69825516c835c41957dfd332,anglais,2016
69825516c835c41957dfd334,anglais,2015
69825516c835c41957dfd335,anglais,2016
69825516c835c41957dfd339,anglais,2015
69825516c835c41957dfd33b,anglais,2015
69825516c835c41957dfd33c,anglais,2015
69825516c835c41957dfd342,anglais,2015
69825516c835c41957dfd343,anglais,2016
69825516c835c41957dfd344,anglais,2015
69825516c835c41957dfd349,anglais,2015
69825516c835c41957dfd34a,anglais,2016
69825516c835c41957dfd34b,anglais,2016
69825516c835c41957dfd34c,anglais,2016
69825516c835c41957dfd34d,anglais,2016
69825516c835c41957dfd3a2,anglais,2016
69825516c835c41957dfd3c7,anglais,2015
69825516c835c41957dfd3c8,anglais,2015
69825516c835c41957dfd3cb,anglais,2015
69825516c835c41957dfd3de,anglais,2016
69825516c835c41957dfd3e0,anglais,2015
69825516c835c41957dfd3e2,anglais,2015
69825516c835c41957dfd3ed,espagnol,2016
69825516c835c41957dfd3f0,anglais,2016
69825516c835c41957dfd3f1,allemand,2015
69825516c835c41957dfd3f4,anglais,2015
69825516c835c41957dfd3f5,anglais,2016
69825516c835c41957dfd3f6,anglais,2016
69825516c835c41957dfd3f8,anglais,2016
69825516c835c41957dfd3fb,anglais,2016
69825516c835c41957dfd3fd,anglais,2015
69825516c835c41957dfd401,anglais,2016
69825516c835c41957dfd404,anglais,2015
69825516c835c41957dfd405,anglais,2015
69825516c835c41957dfd406,anglais,2015
69825516c835c41957dfd407,anglais,2015
69825516c835c41957dfd409,anglais,2015
69825516c835c41957dfd40b,anglais,2015
69825516c835c41957dfd41d,anglais,2016
69825516c835c41957dfd42c,anglais,2016
69825516c835c41957dfd42d,anglais,2016
69825516c835c41957dfd42e,anglais,2015
69825516c835c41957dfd4ad,anglais,2014
69825516c835c41957dfd524,anglais,2014
69825516c835c41957dfd5d4,anglais,2014
69825516c835c41957dfd65a,anglais,2014
69825516c835c41957dfd711,anglais,2015
69825516c835c41957dfd712,anglais,2016
69825516c835c41957dfd718,anglais,2016
69825516c835c41957dfd71c,anglais,2016
69825516c835c41957dfd71d,anglais,2015
69825516c835c41957dfd71e,anglais,2014
69825516c835c41957dfd729,anglais,2016
69825516c835c41957dfd72f,anglais,2016
69825516c835c41957dfd788,anglais,2015
69825516c835c41957dfd7c4,français,2014
69825516c835c41957dfd7c9,anglais,2016
69825516c835c41957dfd807,anglais,2016
69825516c835c41957dfd82c,anglais,2016
69825516c835c41957dfd82e,anglais,2016
69825516c835c41957dfd835,anglais,2016
69825516c835c41957dfd845,anglais,2015
69825516c835c41957dfd887,anglais,2016
69825516c835c41957dfd890,anglais,2016
69825516c835c41957dfd892,anglais,2016
69825516c835c41957dfd895,anglais,2017
69825516c835c41957dfd896,anglais,2014
69825516c835c41957dfd897,anglais,2016
69825516c835c41957dfd89a,anglais,2016
69825516c835c41957dfd8a1,anglais,2014
69825516c835c41957dfd8a9,anglais,2014
69825516c835c41957dfd8b2,anglais,2016
69825516c835c41957dfd8b3,anglais,2016
69825516c835c41957dfd8b5,anglais,2016
69825516c835c41957dfd8dc,anglais,2016
69825516c835c41957dfd8e6,anglais,2016
69825516c835c41957dfd8e7,anglais,2016
69825516c835c41957dfd8f2,anglais,2016
69825516c835c41957dfd915,,2016
69825516c835c41957dfd922,anglais,2015
69825516c835c41957dfd934,anglais,2014
69825516c835c41957dfd961,anglais,2016
69825516c835c41957dfd962,anglais,2016
69825516c835c41957dfd963,anglais,2016
69825516c835c41957dfd986,anglais,2016
69825516c835c41957dfd9a8,anglais,2016
69825516c835c41957dfd9e3,anglais,2016
69825516c835c41957dfda41,anglais,2017
69825516c835c41957dfda45,allemand,2016
69825516c835c41957dfda6c,anglais,2016
69825516c835c41957dfda6e,anglais,2016
69825516c835c41957dfda70,anglais,2016
69825516c835c41957dfda71,anglais,2017
69825516c835c41957dfda86,anglais,2017
69825516c835c41957dfda95,anglais,2017
69825516c835c41957dfda96,anglais,2016
69825516c835c41957dfda9a,anglais,2016
69825516c835c41957dfda9b,anglais,2016
69825516c835c41957dfda9c,anglais,2016
69825516c835c41957dfda9d,anglais,2016
69825516c835c41957dfda9e,anglais,2016
69825516c835c41957dfdaa8,anglais,2017
69825516c835c41957dfdaaa,anglais,2017
69825516c835c41957dfdae1,anglais,2017
69825516c835c41957dfdaf7,anglais,2017
69825516c835c41957dfdb04,anglais,2017
69825516c835c41957dfdb06,anglais,2017
69825516c835c41957dfdb08,russe,2016
69825516c835c41957dfdb09,anglais,2016
69825516c835c41957dfdb0a,anglais,2016
69825516c835c41957dfdb0d,anglais,2017
69825516c835c41957dfdb32,anglais,2017
69825516c835c41957dfdb3e,anglais,2016
69825516c835c41957dfdb47,anglais,2017
69825516c835c41957dfdb4d,anglais,2016
69825516c835c41957dfdb4e,anglais,2016
69825516c835c41957dfdb4f,anglais,2017
69825516c835c41957dfdb50,anglais,2017
69825516c835c41957dfdb51,anglais,2016
69825516c835c41957dfdb52,anglais,2016
69825516c835c41957dfdb53,anglais,2016
69825516c835c41957dfdb54,anglais,2017
69825516c835c41957dfdb60,anglais,2017
69825516c835c41957dfdb63,anglais,2017
69825516c835c41957dfdb7e,anglais,2017
69825516c835c41957dfdb94,anglais,2016
69825516c835c41957dfdb95,anglais,2017
69825516c835c41957dfdb9b,anglais,2017
69825516c835c41957dfdba1,anglais,2017
69825516c835c41957dfdbb4,anglais,2017
69825516c835c41957dfdbbf,anglais,2017
69825516c835c41957dfdbc0,anglais,2017
69825516c835c41957dfdbc1,anglais,2017
69825516c835c41957dfdbdf,anglais,2016
69825516c835c41957dfdbe6,anglais,2017
69825516c835c41957dfdbe9,anglais,2017
69825516c835c41957dfdc15,anglais,2017
69825516c835c41957dfdc16,anglais,2017
69825516c835c41957dfdc19,anglais,2017
69825516c835c41957dfdc1a,anglais,2017
69825516c835c41957dfdc1b,anglais,2017
69825516c835c41957dfdc1c,anglais,2017
69825516c835c41957dfdc1d,anglais,2017
69825516c835c41957dfdc1e,anglais,2017
69825516c835c41957dfdc21,anglais,2014
69825516c835c41957dfdc24,anglais,2017
69825516c835c41957dfdc26,anglais,2017
69825516c835c41957dfdc35,anglais,2017
69825516c835c41957dfdc37,anglais,2017
69825516c835c41957dfdc38,anglais,2017
69825516c835c41957dfdc39,anglais,2017
69825516c835c41957dfdc4c,anglais,2017
69825516c835c41957dfdc5f,anglais,2017
69825516c835c41957dfdc61,anglais,2017
69825516c835c41957dfdc7f,anglais,2017
69825516c835c41957dfdc80,anglais,2017
69825516c835c41957dfdc81,anglais,2017
69825516c835c41957dfdc84,anglais,2017
69825516c835c41957dfdc8c,espagnol,2018
69825516c835c41957dfdc8f,anglais,2017
69825516c835c41957dfdc98,espagnol,2018
69825516c835c41957dfdc9f,anglais,2017
69825516c835c41957dfdccb,espagnol,2017
69825516c835c41957dfdce4,anglais,2014
69825516c835c41957dfdced,russe,2014
69825516c835c41957dfdcf2,,2016
69825516c835c41957dfdcf6,anglais,2015
69825516c835c41957dfdd02,anglais,2014
69825516c835c41957dfdd09,russe,2014
69825516c835c41957dfdd0f,anglais,2017
69825516c835c41957dfdd11,anglais,2016
69825516c835c41957dfdd44,anglais,2014
69825516c835c41957dfdd52,anglais,2014
69825516c835c41957dfdd54,anglais,2015
69825516c835c41957dfdd5e,italien,2015
69825516c835c41957dfdd60,anglais,2016
69825516c835c41957dfdd74,anglais,2016
69825516c835c41957dfdd79,anglais,2015
69825516c835c41957dfdd84,anglais,2014
69825516c835c41957dfdd85,anglais,2015
69825516c835c41957dfdd86,russe,2014
69825516c835c41957dfdd8c,russe,2014
69825516c835c41957dfdd93,anglais,2016
69825516c835c41957dfdd99,espagnol,2017
69825516c835c41957dfdd9b,,2017
69825516c835c41957dfde37,anglais,2014
69825516c835c41957dfde49,anglais,2015
69825516c835c41957dfde67,anglais,2014
69825516c835c41957dfde6b,anglais,2016
69825516c835c41957dfde6e,anglais,2014
69825516c835c41957dfde9a,anglais,2015
69825516c835c41957dfdea3,anglais,2014
69825516c835c41957dfdec6,anglais,2016
69825516c835c41957dfdeca,anglais,2016
69825516c835c41957dfdf7c,anglais,2014
69825516c835c41957dfdf87,anglais,2014
69825516c835c41957dfdf8b,anglais,2015
69825516c835c41957dfdf8e,anglais,2014
69825516c835c41957dfdf8f,anglais,2015
69825516c835c41957dfdf92,anglais,2015
69825516c835c41957dfdfa2,anglais,2016
69825516c835c41957dfdfa6,anglais,2016
69825516c835c41957dfdfb5,anglais,2016
69825516c835c41957dfdfff,anglais,2017
69825516c835c41957dfe001,anglais,2017
69825516c835c41957dfe004,anglais,2017
69825516c835c41957dfe009,anglais,2017
69825516c835c41957dfe00c,anglais,2017
69825516c835c41957dfe01a,anglais,2018
69825516c835c41957dfe01b,anglais,2018
69825516c835c41957dfe01c,anglais,2018
69825516c835c41957dfe01d,anglais,2018
69825516c835c41957dfe02d,anglais,2018
69825516c835c41957dfe034,anglais,2018
69825516c835c41957dfe039,anglais,2018
69825516c835c41957dfe0c5,anglais,2018
69825516c835c41957dfe0c6,anglais,2018
69825516c835c41957dfe0c7,anglais,2018
69825516c835c41957dfe0c8,anglais,2018
69825516c835c41957dfe0e1,anglais,2018
69825516c835c41957dfe0e2,anglais,2017
69825516c835c41957dfe0e4,anglais,2017
69825516c835c41957dfe0e5,anglais,2017
69825516c835c41957dfe0e7,anglais,2017
69825516c835c41957dfe0e8,anglais,2017
69825516c835c41957dfe0e9,anglais,2017
69825516c835c41957dfe0eb,anglais,2017
69825516c835c41957dfe0ec,anglais,2017
69825516c835c41957dfe0ee,français,2018
69825516c835c41957dfe11e,anglais,2018
69825516c835c41957dfe120,anglais,2017
69825516c835c41957dfe122,anglais,2017
69825516c835c41957dfe123,anglais,2017
69825516c835c41957dfe124,anglais,2018
69825516c835c41957dfe125,anglais,2017
69825516c835c41957dfe189,anglais,2018
69825516c835c41957dfe1b6,anglais,2018
69825516c835c41957dfe1ed,anglais,2015
69825516c835c41957dfe200,anglais,2015
69825516c835c41957dfe201,anglais,2016
69825516c835c41957dfe246,anglais,2018
69825516c835c41957dfe24f,anglais,2017
69825516c835c41957dfe2a7,anglais,2015
69825516c835c41957dfe2d0,anglais,2016
69825516c835c41957dfe31d,anglais,2016
69825516c835c41957dfe3b6,anglais,2015
69825516c835c41957dfe3dd,allemand,2017
69825516c835c41957dfe3f4,allemand,2017
69825516c835c41957dfe3f5,anglais,2017
69825516c835c41957dfe3f7,anglais,2016
69825516c835c41957dfe3fd,allemand,2014
69825516c835c41957dfe409,allemand,2015
69825516c835c41957dfe419,allemand,2016
69825516c835c41957dfe42c,anglais,2018
69825516c835c41957dfe44e,allemand,2018
69825516c835c41957dfe469,,2018
69825516c835c41957dfe4c8,hongrois,2016
69825516c835c41957dfe4c9,anglais,2017
69825516c835c41957dfe4e7,anglais,2018
69825516c835c41957dfe4f6,anglais,2018
69825516c835c41957dfe4fa,anglais,2017
69825516c835c41957dfe4fb,espagnol,2018
69825516c835c41957dfe4fc,anglais,2018
69825516c835c41957dfe50c,français,2018
69825516c835c41957dfe54d,anglais,2018
69825516c835c41957dfe54e,anglais,2018
69825516c835c41957dfe5d5,allemand,2018
69825516c835c41957dfe5da,anglais,2018
69825516c835c41957dfe5dc,anglais,2018
69825516c835c41957dfe5dd,anglais,2017
69825516c835c41957dfe5de,anglais,2017
69825516c835c41957dfe5e0,anglais,2017
69825516c835c41957dfe5e5,anglais,2018
69825516c835c41957dfe5e7,anglais,2017
69825516c835c41957dfe5ea,anglais,2018
69825516c835c41957dfe5ec,anglais,2018
69825516c835c41957dfe5f3,anglais,2017
69825516c835c41957dfe640,anglais,2018
69825516c835c41957dfe64f,anglais,2017
69825516c835c41957dfe656,anglais,2017
69825516c835c41957dfe661,anglais,2018
69825516c835c41957dfe662,anglais,2018
69825516c835c41957dfe667,anglais,2017
69825516c835c41957dfe669,anglais,2015
69825516c835c41957dfe66d,anglais,2018
69825516c835c41957dfe66e,anglais,2018
69825516c835c41957dfe678,anglais,2018
69825516c835c41957dfe685,anglais,2018
69825516c835c41957dfe69d,anglais,2018
69825516c835c41957dfe6a0,anglais,2018
69825516c835c41957dfe6d9,russe,2018
69825516c835c41957dfe6de,anglais,2018
69825516c835c41957dfe6df,anglais,2018
69825516c835c41957dfe6f7,russe,2018
69825516c835c41957dfe6f8,russe,2018
69825516c835c41957dfe6fa,russe,2018
69825516c835c41957dfe6fd,russe,2018
69825516c835c41957dfe6ff,russe,2018
69825516c835c41957dfe713,anglais,2018
69825516c835c41957dfe718,anglais,2018
69825516c835c41957dfe719,anglais,2018
69825516c835c41957dfe728,anglais,2018
69825516c835c41957dfe73b,anglais,2018
69825516c835c41957dfe73f,allemand,2018
69825516c835c41957dfe740,allemand,2018
69825516c835c41957dfe741,allemand,2018
69825516c835c41957dfe748,anglais,2018
69825516c835c41957dfe78a,anglais,2018
69825516c835c41957dfe78b,anglais,2018
69825516c835c41957dfe78d,anglais,2018
69825516c835c41957dfe793,anglais,2018
69825516c835c41957dfe794,anglais,2018
69825516c835c41957dfe795,anglais,2018
69825516c835c41957dfe79d,anglais,2016
69825516c835c41957dfe79f,anglais,2018
69825516c835c41957dfe7cb,anglais,2015
69825516c835c41957dfe802,anglais,2014
69825516c835c41957dfe803,anglais,2014
69825516c835c41957dfe84a,français,2015
69825516c835c41957dfe84c,français,2016
69825516c835c41957dfe84f,français,2015
69825516c835c41957dfe854,,2017
69825516c835c41957dfedd8,anglais,2016
69825516c835c41957dfeddb,anglais,2014
69825516c835c41957dfee01,anglais,2014
69825516c835c41957dfee68,anglais,2015
69825516c835c41957dfee79,anglais,2016
69825516c835c41957dfee86,anglais,2017
69825516c835c41957dfee98,russe,2017
69825516c835c41957dfef0f,russe,2017
69825516c835c41957dfef52,anglais,2015
69825516c835c41957dfef53,anglais,2016
69825516c835c41957dfef54,anglais,2017
69825516c835c41957dfef56,anglais,2015
69825516c835c41957dfef57,anglais,2017
69825516c835c41957dfef5e,anglais,2017
69825516c835c41957dfef6d,russe,2016
69825516c835c41957dfef7d,anglais,2017
69825516c835c41957dfefa9,anglais,2017
69825516c835c41957dfefc6,anglais,2017
69825516c835c41957dfefd7,anglais,2016
69825516c835c41957dfefe3,anglais,2016
69825516c835c41957dfeff3,anglais,2015
69825516c835c41957dff012,anglais,2017
69825516c835c41957dff01f,anglais,2017
69825516c835c41957dff04d,anglais,2017
69825516c835c41957dff055,allemand,2015
69825516c835c41957dff05c,allemand,2015
69825516c835c41957dff05e,allemand,2015
69825516c835c41957dff05f,allemand,2015
69825516c835c41957dff063,allemand,2015
69825516c835c41957dff064,allemand,2015
69825516c835c41957dff069,allemand,2015
69825516c835c41957dff06c,allemand,2015
69825516c835c41957dff06f,allemand,2015
69825516c835c41957dff070,allemand,2015
69825516c835c41957dff071,allemand,2015
69825516c835c41957dff072,allemand,2015
69825516c835c41957dff077,allemand,2015
69825516c835c41957dff07c,allemand,2015
69825516c835c41957dff080,allemand,2015
69825516c835c41957dff082,allemand,2015
69825516c835c41957dff083,allemand,2015
69825516c835c41957dff086,allemand,2015
69825516c835c41957dff08f,allemand,2015
69825516c835c41957dff090,allemand,2015
69825516c835c41957dff091,allemand,2015
69825516c835c41957dff096,anglais,2017
69825516c835c41957dff09d,allemand,2015
69825516c835c41957dff09e,allemand,2015
69825516c835c41957dff0a1,anglais,2017
69825516c835c41957dff0a2,allemand,2015
69825516c835c41957dff0a5,allemand,2014
69825516c835c41957dff0b1,allemand,2015
69825516c835c41957dff0b2,allemand,2015
69825516c835c41957dff0b3,allemand,2015
69825516c835c41957dff0ba,allemand,2015
69825516c835c41957dff0c8,allemand,2015
69825516c835c41957dff0cd,allemand,2015
69825516c835c41957dff0cf,allemand,2015
69825516c835c41957dff0d0,allemand,2015
69825516c835c41957dff0d1,allemand,2015
69825516c835c41957dff0d3,allemand,2015
69825516c835c41957dff0d6,allemand,2015
69825516c835c41957dff0d9,allemand,2015
69825516c835c41957dff0db,allemand,2015
69825516c835c41957dff0dc,allemand,2015
69825516c835c41957dff0de,allemand,2015
69825516c835c41957dff0e0,anglais,2017
69825516c835c41957dff145,anglais,2014
69825516c835c41957dff234,anglais,2014
69825516c835c41957dff282,anglais,2016
69825516c835c41957dff2ba,anglais,2015
69825516c835c41957dff2eb,anglais,2015
69825516c835c41957dff2f2,anglais,2016
69825516c835c41957dff30c,anglais,2017
69825516c835c41957dff321,espagnol,2017
69825516c835c41957dff32f,anglais,2017
69825516c835c41957dff33c,anglais,2016
69825516c835c41957dff341,anglais,2016
69825516c835c41957dff398,anglais,2017
69825516c835c41957dff39a,anglais,2014
69825516c835c41957dff3ce,anglais,2015
69825517c835c41957dff400,anglais,2017
69825517c835c41957dff40f,anglais,2014
69825517c835c41957dff416,anglais,2014
69825517c835c41957dff437,anglais,2015
69825517c835c41957dff43c,anglais,2015
69825517c835c41957dff452,anglais,2017
69825517c835c41957dff494,anglais,2016
69825517c835c41957dff4c7,anglais,2017
69825517c835c41957dff4c8,anglais,2016
69825517c835c41957dff4ca,anglais,2015
69825517c835c41957dff4f2,anglais,2014
69825517c835c41957dff6e9,anglais,2016
69825517c835c41957dff702,espagnol,2015
69825517c835c41957dff70f,espagnol,2014
69825517c835c41957dff718,,2015
69825517c835c41957dff751,anglais,2017
69825517c835c41957dff75d,anglais,2015
69825517c835c41957dff77d,anglais,2015
69825517c835c41957dff7fc,italien,2017
69825517c835c41957dff800,espagnol,2014
69825517c835c41957dff801,anglais,2016
69825517c835c41957dff806,anglais,2015
69825517c835c41957dff80e,anglais,2016
69825517c835c41957dff811,russe,2014
69825517c835c41957dff812,anglais,2015
69825517c835c41957dff813,russe,2014
69825517c835c41957dff81d,anglais,2016
69825517c835c41957dff825,anglais,2014
69825517c835c41957dff830,russe,2017
69825517c835c41957dff83a,anglais,2016
69825517c835c41957dff847,polonais,2016
69825517c835c41957dff857,russe,2014
69825517c835c41957dff85f,anglais,2015
69825517c835c41957dff86a,anglais,2015
69825517c835c41957dff86b,anglais,2016
69825517c835c41957dff877,anglais,2015
69825517c835c41957dff8c2,anglais,2014
69825517c835c41957dff931,anglais,2015
69825517c835c41957dff95a,anglais,2015
69825517c835c41957dff9c6,espagnol,2015
69825517c835c41957dff9d4,espagnol,2017
69825517c835c41957dff9e3,espagnol,2015
69825517c835c41957dff9ec,anglais,2014
69825517c835c41957dffa1a,espagnol,2015
69825517c835c41957dffb6b,anglais,2017
69825517c835c41957dffc7e,anglais,2014
69825517c835c41957dffce4,turc,2017
69825517c835c41957dffce5,italien,2017
69825517c835c41957dffe2b,polonais,2016
69825517c835c41957dfff67,anglais,2017
69825517c835c41957dfff7d,français,2015
69825517c835c41957e0010f,,2017
69825517c835c41957e00111,,2015
69825517c835c41957e00123,anglais,2014
69825517c835c41957e001f2,français,2015
69825517c835c41957e001f4,Slovenian,2014
69825517c835c41957e0022c,anglais,2014
69825517c835c41957e00249,russe,2014
69825517c835c41957e0024c,ukrainien,2014
69825517c835c41957e0025e,ukrainien,2014
69825517c835c41957e0026a,russe,2014
69825517c835c41957e002a8,anglais,2014
69825517c835c41957e002ad,Slovenian,2014
69825517c835c41957e002f2,allemand,2014
69825517c835c41957e0034c,Slovenian,2014
69825517c835c41957e0034d,Slovenian,2014
69825517c835c41957e0044d,espagnol,2017
69825517c835c41957e00452,anglais,2017
69825517c835c41957e004bb,anglais,2017
69825517c835c41957e004c9,anglais,2014
69825517c835c41957e004ca,anglais,2015
69825517c835c41957e004ea,russe,2015
69825517c835c41957e004ef,russe,2014
69825517c835c41957e004f3,russe,2015
69825517c835c41957e004fd,russe,2014
69825517c835c41957e004fe,russe,2014
69825517c835c41957e004ff,russe,2014
69825517c835c41957e00508,russe,2015
69825517c835c41957e00509,russe,2015
69825517c835c41957e0050a,russe,2015
69825517c835c41957e00674,russe,2014
69825517c835c41957e006be,anglais,2017
69825517c835c41957e007be,Slovenian,2015
69825517c835c41957e007bf,Slovenian,2015
69825517c835c41957e007c0,Slovenian,2015
69825517c835c41957e007c1,croate,2014
69825517c835c41957e007db,anglais,2016
69825517c835c41957e0088e,anglais,2014
69825517c835c41957e00954,russe,2014
69825517c835c41957e00960,russe,2014
69825517c835c41957e0096b,russe,2014
69825517c835c41957e00970,russe,2015
69825517c835c41957e00975,russe,2015
69825517c835c41957e009b2,anglais,2015
69825517c835c41957e009d9,anglais,2016
69825517c835c41957e00b3e,russe,2015
69825517c835c41957e00b4e,russe,2015
69825517c835c41957e00b4f,russe,2015
69825517c835c41957e00b52,russe,2015
69825517c835c41957e00b56,russe,2015
69825517c835c41957e00b7c,russe,2016
69825517c835c41957e00b97,italien,2015
69825517c835c41957e00ba7,anglais,2017
69825517c835c41957e00bd0,,2015
69825517c835c41957e00bd8,,2014
69825517c835c41957e00c4e,espagnol,2014
69825517c835c41957e00c63,,2015
69825517c835c41957e00c90,italien,2015
69825517c835c41957e00cbb,russe,2014
69825517c835c41957e00cbe,russe,2014
69825517c835c41957e00cca,russe,2014
69825517c835c41957e00cd3,russe,2015
69825517c835c41957e00cd6,russe,2015
69825517c835c41957e00ce3,russe,2015
69825517c835c41957e00ce6,russe,2015
69825517c835c41957e00cf0,russe,2015
69825517c835c41957e00cf3,russe,2015
69825517c835c41957e00cf6,russe,2015
69825517c835c41957e00cf8,russe,2014
69825517c835c41957e00cfb,russe,2016
69825517c835c41957e00cfc,russe,2016
69825517c835c41957e00cfd,russe,2016
69825517c835c41957e00cff,russe,2014
69825517c835c41957e00d0e,italien,2015
69825517c835c41957e00d4d,allemand,2016
69825517c835c41957e00d4e,allemand,2016
69825517c835c41957e00d4f,russe,2016
69825517c835c41957e00d94,russe,2016
69825517c835c41957e00d96,russe,2015
69825517c835c41957e00d97,russe,2016
69825517c835c41957e00d99,russe,2016
69825517c835c41957e00da4,russe,2015
69825517c835c41957e00da5,russe,2016
69825517c835c41957e00da7,anglais,2016
69825517c835c41957e00daa,italien,2015
69825517c835c41957e00e92,Slovenian,2016
69825517c835c41957e00e96,Slovenian,2016
69825517c835c41957e00ec3,anglais,2016
69825517c835c41957e00f41,italien,2015
69825517c835c41957e00f4d,italien,2015
69825517c835c41957e00fc2,russe,2016
69825517c835c41957e00fc3,allemand,2016
69825517c835c41957e00fd7,Slovenian,2016
69825517c835c41957e00fd8,Slovenian,2016
69825517c835c41957e010ea,,2016
69825517c835c41957e010ee,,2014
69825517c835c41957e011bd,Slovenian,2016
69825517c835c41957e01231,anglais,2014
69825517c835c41957e01234,anglais,2015
69825517c835c41957e0124b,hongrois,2016
69825517c835c41957e012a3,anglais,2014
69825517c835c41957e01302,anglais,2016
69825517c835c41957e01306,anglais,2014
69825517c835c41957e01349,anglais,2015
69825517c835c41957e013e9,anglais,2016
69825517c835c41957e013fd,français,2014
69825517c835c41957e01406,anglais,2017
69825517c835c41957e01439,anglais,2017
69825517c835c41957e0149a,anglais,2016
69825517c835c41957e014aa,espagnol,2017
69825517c835c41957e014ed,anglais,2014
69825517c835c41957e01510,français,2016
69825517c835c41957e01515,français,2016
69825517c835c41957e0156d,français,2014
69825517c835c41957e015eb,français,2016
69825517c835c41957e01613,anglais,2017
69825517c835c41957e016c2,anglais,2017
69825517c835c41957e01708,anglais,2015
69825517c835c41957e0170c,anglais,2017
69825517c835c41957e0170d,anglais,2017
69825517c835c41957e01740,anglais,2015
69825517c835c41957e01744,anglais,2016
69825517c835c41957e01755,anglais,2014
69825517c835c41957e0178e,anglais,2014
69825517c835c41957e017b3,anglais,2014
69825517c835c41957e017b4,italien,2014
69825517c835c41957e017c7,anglais,2017
69825517c835c41957e017d0,anglais,2015
69825517c835c41957e017f9,anglais,2014
69825517c835c41957e0180e,anglais,2015
69825517c835c41957e01819,polonais,2016
69825517c835c41957e0182f,anglais,2017
69825517c835c41957e01904,anglais,2017
69825517c835c41957e01927,français,2016
69825517c835c41957e0193f,portugais,2017
69825517c835c41957e01943,français,2015
69825517c835c41957e01952,anglais,2017
69825517c835c41957e01958,anglais,2014
69825517c835c41957e0198a,anglais,2016
69825517c835c41957e01990,anglais,2017
69825517c835c41957e019c1,anglais,2014
69825517c835c41957e019d6,anglais,2014
69825517c835c41957e019dc,anglais,2014
69825517c835c41957e019e3,anglais,2015
69825517c835c41957e019e7,anglais,2016
69825517c835c41957e019eb,anglais,2017
69825517c835c41957e019ef,espagnol,2016
69825517c835c41957e019f3,anglais,2017
69825517c835c41957e019f9,anglais,2017
69825517c835c41957e019ff,italien,2015
69825517c835c41957e01a25,anglais,2017
69825517c835c41957e01a4f,turc,2014
69825517c835c41957e01abf,anglais,2017
69825516c835c41957df9d73,espagnol,2022
69825516c835c41957df9f14,anglais,2020
69825516c835c41957df9f1a,allemand,2020
69825516c835c41957df9f2c,anglais,2020
69825516c835c41957df9f31,anglais,2020
69825516c835c41957df9ff7,anglais,2021
69825516c835c41957dfa058,espagnol,2022
69825516c835c41957dfa05b,anglais,2020
69825516c835c41957dfa06b,anglais,2022
69825516c835c41957dfa074,russe,2022
69825516c835c41957dfa076,russe,2022
69825516c835c41957dfa07d,russe,2022
69825516c835c41957dfa080,anglais,2022
69825516c835c41957dfa0a9,espagnol,2019
69825516c835c41957dfa0b5,anglais,2021
69825516c835c41957dfa0d1,polonais,2021
69825516c835c41957dfa0fb,français,2022
69825516c835c41957dfa138,anglais,2022
69825516c835c41957dfa13e,espagnol,2020
69825516c835c41957dfa161,anglais,2019
69825516c835c41957dfa1c9,anglais,2020
69825516c835c41957dfa287,français,2020
69825516c835c41957dfa2a4,anglais,2022
69825516c835c41957dfa2b0,anglais,2021
69825516c835c41957dfa2c2,anglais,2019
69825516c835c41957dfa37e,anglais,2020
69825516c835c41957dfa380,anglais,2020
69825516c835c41957dfa381,anglais,2022
69825516c835c41957dfa3ad,anglais,2020
69825516c835c41957dfa3db,anglais,2021
69825516c835c41957dfa3f9,anglais,2022
69825516c835c41957dfa3fd,anglais,2022
69825516c835c41957dfa3fe,anglais,2022
69825516c835c41957dfa419,anglais,2021
69825516c835c41957dfa432,anglais,2022
69825516c835c41957dfa450,anglais,2022
69825516c835c41957dfa451,anglais,2020
69825516c835c41957dfa45e,anglais,2021
69825516c835c41957dfa48b,anglais,2020
69825516c835c41957dfa496,anglais,2022
69825516c835c41957dfa4ab,anglais,2020
69825516c835c41957dfa4af,anglais,2022
69825516c835c41957dfa4b2,anglais,2021
69825516c835c41957dfa4b9,anglais,2022
69825516c835c41957dfa4cd,anglais,2020
69825516c835c41957dfa4d9,anglais,2019
69825516c835c41957dfa4e8,anglais,2021
69825516c835c41957dfa4e9,anglais,2022
69825516c835c41957dfa4ec,anglais,2020
69825516c835c41957dfa509,anglais,2019
69825516c835c41957dfa50f,anglais,2022
69825516c835c41957dfa518,anglais,2019
69825516c835c41957dfa53b,anglais,2022
69825516c835c41957dfa54c,anglais,2020
69825516c835c41957dfa5cd,anglais,2020
69825516c835c41957dfa5e0,anglais,2020
69825516c835c41957dfa5f7,anglais,2020
69825516c835c41957dfa5fd,anglais,2021
69825516c835c41957dfa6d5,anglais,2020
69825516c835c41957dfa716,français,2019
69825516c835c41957dfa811,anglais,2020
69825516c835c41957dfa81b,anglais,2021
69825516c835c41957dfa81c,anglais,2022
69825516c835c41957dfa81d,anglais,2021
69825516c835c41957dfa81f,anglais,2022
69825516c835c41957dfa849,portugais,2022
69825516c835c41957dfa874,anglais,2021
69825516c835c41957dfa979,arabe,2021
69825516c835c41957dfa97a,arabe,2020
69825516c835c41957dfa982,arabe,2022
69825516c835c41957dfa989,anglais,2019
69825516c835c41957dfa9b0,français,2019
69825516c835c41957dfa9b8,français,2021
69825516c835c41957dfa9b9,italien,2019
69825516c835c41957dfab42,anglais,2019
69825516c835c41957dfabe4,allemand,2022
69825516c835c41957dfac1a,français,2022
69825516c835c41957dfac32,français,2022
69825516c835c41957dfac85,anglais,2021
69825516c835c41957dfac8d,français,2021
69825516c835c41957dfac96,anglais,2021
69825516c835c41957dfaca6,français,2020
69825516c835c41957dfacac,anglais,2021
69825516c835c41957dfacb8,français,2021
69825516c835c41957dfad28,français,2021
69825516c835c41957dfadcd,français,2021
69825516c835c41957dfadce,français,2021
69825516c835c41957dfae0e,français,2019
69825516c835c41957dfae10,français,2021
69825516c835c41957dfae49,français,2019
69825516c835c41957dfae9b,français,2022
69825516c835c41957dfb06e,italien,2021
69825516c835c41957dfb0da,anglais,2021
69825516c835c41957dfb0dc,français,2021
69825516c835c41957dfb105,français,2021
69825516c835c41957dfb10c,français,2021
69825516c835c41957dfb116,français,2019
69825516c835c41957dfb122,anglais,2021
69825516c835c41957dfb12d,français,2019
69825516c835c41957dfb139,français,2021
69825516c835c41957dfb146,français,2021
69825516c835c41957dfb2c3,français,2021
69825516c835c41957dfb3e6,français,2019
69825516c835c41957dfb3eb,français,2022
69825516c835c41957dfb3f1,français,2019
69825516c835c41957dfb3f4,français,2019
69825516c835c41957dfb401,français,2022
69825516c835c41957dfb420,portugais,2022
69825516c835c41957dfb437,français,2019
69825516c835c41957dfb443,français,2020
69825516c835c41957dfb4a2,français,2022
69825516c835c41957dfb4a8,français,2019
69825516c835c41957dfb4b7,français,2021
69825516c835c41957dfb4bd,français,2019
69825516c835c41957dfb4d1,français,2021
69825516c835c41957dfb506,français,2021
69825516c835c41957dfb521,français,2022
69825516c835c41957dfb533,anglais,2021
69825516c835c41957dfb577,anglais,2022
69825516c835c41957dfb62b,anglais,2019
69825516c835c41957dfb63b,anglais,2019
69825516c835c41957dfb63c,anglais,2020
69825516c835c41957dfb63d,anglais,2019
69825516c835c41957dfb645,anglais,2019
69825516c835c41957dfb64b,anglais,2020
69825516c835c41957dfb6d2,anglais,2019
69825516c835c41957dfb6f2,anglais,2019
69825516c835c41957dfb6fe,allemand,2019
69825516c835c41957dfb74c,allemand,2019
69825516c835c41957dfb775,anglais,2019
69825516c835c41957dfb79e,anglais,2019
69825516c835c41957dfb7a1,anglais,2019
69825516c835c41957dfb7aa,anglais,2019
69825516c835c41957dfb7c1,anglais,2019
69825516c835c41957dfb7df,anglais,2019
69825516c835c41957dfb7e4,anglais,2019
69825516c835c41957dfb7e6,anglais,2019
69825516c835c41957dfb7f0,anglais,2019
69825516c835c41957dfb7f3,anglais,2019
69825516c835c41957dfb805,anglais,2019
69825516c835c41957dfb80c,anglais,2019
69825516c835c41957dfb811,anglais,2019
69825516c835c41957dfb815,anglais,2019
69825516c835c41957dfb819,anglais,2019
69825516c835c41957dfb81a,anglais,2019
69825516c835c41957dfb8e8,anglais,2019
69825516c835c41957dfba04,anglais,2019
69825516c835c41957dfba0a,anglais,2019
69825516c835c41957dfba0c,Slovenian,2019
69825516c835c41957dfba3f,ukrainien,2019
69825516c835c41957dfba79,anglais,2019
69825516c835c41957dfba91,allemand,2019
69825516c835c41957dfba95,anglais,2019
69825516c835c41957dfbaae,Slovenian,2019
69825516c835c41957dfbab0,anglais,2019
69825516c835c41957dfbab2,anglais,2019
69825516c835c41957dfbad1,anglais,2019
69825516c835c41957dfbae2,anglais,2020
69825516c835c41957dfbae6,anglais,2020
69825516c835c41957dfbb87,allemand,2020
69825516c835c41957dfbb8d,italien,2019
69825516c835c41957dfbc3e,anglais,2020
69825516c835c41957dfbc3f,anglais,2020
69825516c835c41957dfbc40,anglais,2020
69825516c835c41957dfbc4b,français,2019
69825516c835c41957dfbc9f,espagnol,2019
69825516c835c41957dfbca0,italien,2020
69825516c835c41957dfbca4,anglais,2019
69825516c835c41957dfbcb7,anglais,2020
69825516c835c41957dfbcc0,allemand,2019
69825516c835c41957dfbcc1,anglais,2020
69825516c835c41957dfbd5b,anglais,2020
69825516c835c41957dfbd71,Slovenian,2020
69825516c835c41957dfbd73,anglais,2020
69825516c835c41957dfbd76,anglais,2020
69825516c835c41957dfbd78,Slovenian,2020
69825516c835c41957dfbd7b,Slovenian,2020
69825516c835c41957dfbd7d,Slovenian,2020
69825516c835c41957dfbd86,Slovenian,2020
69825516c835c41957dfbd8e,anglais,2021
69825516c835c41957dfbda0,suédois,2021
69825516c835c41957dfbda1,Slovenian,2021
69825516c835c41957dfbda6,Slovenian,2021
69825516c835c41957dfbdbd,anglais,2020
69825516c835c41957dfbdc7,anglais,2021
69825516c835c41957dfbdcb,Slovenian,2021
69825516c835c41957dfbdcc,anglais,2021
69825516c835c41957dfbdf0,allemand,2022
69825516c835c41957dfbdfb,anglais,2021
69825516c835c41957dfbdfd,anglais,2020
69825516c835c41957dfbe1a,anglais,2019
69825516c835c41957dfbe26,anglais,2021
69825516c835c41957dfbe42,espagnol,2019
69825516c835c41957dfbe44,espagnol,2019
69825516c835c41957dfbe45,espagnol,2020
69825516c835c41957dfbe46,espagnol,2021
69825516c835c41957dfbe48,espagnol,2021
69825516c835c41957dfbe49,espagnol,2021
69825516c835c41957dfbe53,portugais,2019
69825516c835c41957dfbe54,espagnol,2020
69825516c835c41957dfbe55,portugais,2019
69825516c835c41957dfbe56,portugais,2019
69825516c835c41957dfbe58,espagnol,2021
69825516c835c41957dfbe71,anglais,2022
69825516c835c41957dfbe73,espagnol,2021
69825516c835c41957dfbe82,anglais,2022
69825516c835c41957dfbe9c,anglais,2022
69825516c835c41957dfbf70,anglais,2020
69825516c835c41957dfbfaa,espagnol,2019
69825516c835c41957dfbfb5,portugais,2020
69825516c835c41957dfbfc0,espagnol,2020
69825516c835c41957dfbff0,anglais,2019
69825516c835c41957dfc00a,,2020
69825516c835c41957dfc00b,anglais,2021
69825516c835c41957dfc018,anglais,2019
69825516c835c41957dfc037,suédois,2022
69825516c835c41957dfc04e,anglais,2019
69825516c835c41957dfc061,italien,2020
69825516c835c41957dfc063,italien,2020
69825516c835c41957dfc065,italien,2020
69825516c835c41957dfc06a,anglais,2019
69825516c835c41957dfc080,italien,2022
69825516c835c41957dfc085,italien,2022
69825516c835c41957dfc092,espagnol,2022
69825516c835c41957dfc093,espagnol,2020
69825516c835c41957dfc095,français,2022
69825516c835c41957dfc0ab,espagnol,2022
69825516c835c41957dfc0db,arabe,2020
69825516c835c41957dfc0dc,français,2019
69825516c835c41957dfc0e2,français,2021
69825516c835c41957dfc0f3,français,2021
69825516c835c41957dfc0ff,français,2022
69825516c835c41957dfc10c,anglais,2020
69825516c835c41957dfc112,anglais,2021
69825516c835c41957dfc12b,danois,2021
69825516c835c41957dfc13c,espagnol,2022
69825516c835c41957dfc16e,anglais,2021
69825516c835c41957dfc170,français,2021
69825516c835c41957dfc17b,anglais,2019
69825516c835c41957dfc1d9,anglais,2021
69825516c835c41957dfc1dd,serbe,2021
69825516c835c41957dfc1ec,espagnol,2022
69825516c835c41957dfc1f0,anglais,2022
69825516c835c41957dfc1f3,espagnol,2021
69825516c835c41957dfc234,anglais,2021
69825516c835c41957dfc238,anglais,2021
69825516c835c41957dfc243,multilingue,2021
69825516c835c41957dfc25e,espagnol,2021
69825516c835c41957dfc263,espagnol,2019
69825516c835c41957dfc2c8,anglais,2020
69825516c835c41957dfc2c9,néerlandais,2021
69825516c835c41957dfc2e6,anglais,2022
69825516c835c41957dfd17b,anglais,2020
69825516c835c41957dfd1ac,anglais,2020
69825516c835c41957dfd1f3,anglais,2020
69825516c835c41957dfd313,anglais,2020
69825516c835c41957dfd314,anglais,2020
69825516c835c41957dfd315,anglais,2020
69825516c835c41957dfd336,anglais,2020
69825516c835c41957dfe0ed,anglais,2019
69825516c835c41957dfe726,anglais,2019
69825516c835c41957dfe727,anglais,2019
69825516c835c41957dfe73d,anglais,2019
69825516c835c41957dfe74d,espagnol,2019
69825516c835c41957dfe772,anglais,2019
69825516c835c41957dfe7a0,anglais,2019
69825516c835c41957dfe7b4,anglais,2018
69825516c835c41957dfe7b5,anglais,2018
69825516c835c41957dfe7bd,anglais,2018
69825516c835c41957dfe7c0,anglais,2018
69825516c835c41957dfe7d1,anglais,2018
69825516c835c41957dfe7d5,anglais,2018
69825516c835c41957dfe7dc,anglais,2018
69825516c835c41957dfe7e3,anglais,2018
69825516c835c41957dfe7e6,anglais,2018
69825516c835c41957dfe7ea,anglais,2018
69825516c835c41957dfe7f9,anglais,2018
69825516c835c41957dfe80b,anglais,2018
69825516c835c41957dfe840,français,2018
69825516c835c41957dfe848,anglais,2019
69825516c835c41957dfe849,anglais,2019
69825516c835c41957dfe867,anglais,2019
69825516c835c41957dfe869,anglais,2019
69825516c835c41957dfe871,français,2018
69825516c835c41957dfe87e,anglais,2018
69825516c835c41957dfed7b,anglais,2019
69825516c835c41957dfed7c,anglais,2018
69825516c835c41957dfed7d,,2018
69825516c835c41957dfed7e,anglais,2019
69825516c835c41957dfed83,anglais,2019
69825516c835c41957dfed84,anglais,2019
69825516c835c41957dfed87,anglais,2019
69825516c835c41957dfed89,anglais,2018
69825516c835c41957dfed9d,anglais,2018
69825516c835c41957dfeda9,anglais,2018
69825516c835c41957dfedaa,anglais,2018
69825516c835c41957dfedab,anglais,2018
69825516c835c41957dfedac,anglais,2019
69825516c835c41957dfedaf,anglais,2018
69825516c835c41957dfedb0,anglais,2018
69825516c835c41957dfedb5,anglais,2019
69825516c835c41957dfedb6,anglais,2019
69825516c835c41957dfedc1,anglais,2018
69825516c835c41957dfedc4,anglais,2019
69825516c835c41957dfedee,anglais,2019
69825516c835c41957dfedf0,anglais,2018
69825516c835c41957dfedf5,anglais,2018
69825516c835c41957dfee03,anglais,2018
69825516c835c41957dfee09,anglais,2019
69825516c835c41957dfee19,anglais,2019
69825516c835c41957dfee1b,anglais,2019
69825516c835c41957dfee46,anglais,2019
69825516c835c41957dfee49,anglais,2019
69825516c835c41957dfee63,anglais,2018
69825516c835c41957dfee65,russe,2019
69825516c835c41957dfee73,anglais,2019
69825516c835c41957dfee75,russe,2019
69825516c835c41957dfee78,espagnol,2018
69825516c835c41957dfee81,russe,2018
69825516c835c41957dfee8c,anglais,2019
69825516c835c41957dfee8d,russe,2018
69825516c835c41957dfee9e,russe,2019
69825516c835c41957dfeea5,anglais,2021
69825516c835c41957dfeeaa,anglais,2018
69825516c835c41957dfeeec,anglais,2019
69825516c835c41957dfeeef,anglais,2019
69825516c835c41957dfeef0,anglais,2019
69825516c835c41957dfeef1,anglais,2019
69825516c835c41957dfeef2,anglais,2019
69825516c835c41957dfeef4,anglais,2018
69825516c835c41957dfeef8,anglais,2018
69825516c835c41957dfeefa,anglais,2019
69825516c835c41957dfef01,anglais,2019
69825516c835c41957dfef0a,anglais,2018
69825516c835c41957dfef0b,espagnol,2019
69825516c835c41957dfef0c,anglais,2019
69825516c835c41957dfef0d,anglais,2018
69825516c835c41957dfef19,anglais,2019
69825516c835c41957dfef30,,2019
69825516c835c41957dfef4d,anglais,2019
69825516c835c41957dfef4f,espagnol,2020
69825516c835c41957dfef50,anglais,2018
69825516c835c41957dfef51,anglais,2018
69825516c835c41957dfef55,anglais,2019
69825516c835c41957dfef58,anglais,2019
69825516c835c41957dfef59,anglais,2019
69825516c835c41957dfef60,anglais,2019
69825516c835c41957dfef62,anglais,2019
69825516c835c41957dfef99,anglais,2018
69825516c835c41957dfefaa,anglais,2018
69825516c835c41957dfefae,anglais,2018
69825516c835c41957dfefaf,anglais,2018
69825516c835c41957dfefba,anglais,2018
69825516c835c41957dfefbb,anglais,2018
69825516c835c41957dfefbe,anglais,2018
69825516c835c41957dfefbf,anglais,2018
69825516c835c41957dfefc1,anglais,2018
69825516c835c41957dfefc4,anglais,2018
69825516c835c41957dfefe6,anglais,2018
69825516c835c41957dfefeb,anglais,2018
69825516c835c41957dfefed,anglais,2018
69825516c835c41957dfefef,anglais,2018
69825516c835c41957dfeffa,anglais,2018
69825516c835c41957dfefff,allemand,2018
69825516c835c41957dff009,anglais,2018
69825516c835c41957dff00a,anglais,2018
69825516c835c41957dff0a7,anglais,2018
69825516c835c41957dff0ac,anglais,2019
69825516c835c41957dff146,anglais,2018
69825516c835c41957dff151,anglais,2019
69825516c835c41957dff155,anglais,2019
69825516c835c41957dff159,anglais,2019
69825516c835c41957dff15d,anglais,2019
69825516c835c41957dff15f,anglais,2019
69825516c835c41957dff1a5,anglais,2019
69825516c835c41957dff1a6,anglais,2019
69825516c835c41957dff1ab,anglais,2019
69825516c835c41957dff1ac,anglais,2019
69825516c835c41957dff1b3,anglais,2019
69825516c835c41957dff1cf,japonais,2019
69825516c835c41957dff1df,anglais,2019
69825516c835c41957dff1e0,anglais,2019
69825516c835c41957dff1f7,russe,2019
69825516c835c41957dff1fb,anglais,2019
69825516c835c41957dff1fc,anglais,2019
69825516c835c41957dff1fe,anglais,2019
69825516c835c41957dff205,anglais,2020
69825516c835c41957dff207,anglais,2018
69825516c835c41957dff208,anglais,2018
69825516c835c41957dff209,anglais,2018
69825516c835c41957dff21a,français,2019
69825516c835c41957dff21b,anglais,2019
69825516c835c41957dff21c,anglais,2019
69825516c835c41957dff222,anglais,2019
69825516c835c41957dff23e,anglais,2019
69825516c835c41957dff245,anglais,2020
69825516c835c41957dff248,anglais,2019
69825516c835c41957dff24b,anglais,2019
69825516c835c41957dff30f,anglais,2018
69825516c835c41957dff357,anglais,2019
69825516c835c41957dff358,anglais,2019
69825516c835c41957dff383,anglais,2018
69825516c835c41957dff3c9,anglais,2018
69825517c835c41957dff402,anglais,2019
69825517c835c41957dff4ab,anglais,2019
69825517c835c41957dff4bf,russe,2019
69825517c835c41957dff4d0,anglais,2019
69825517c835c41957dff4eb,anglais,2018
69825517c835c41957dff506,anglais,2019
69825517c835c41957dff51d,anglais,2019
69825517c835c41957dff520,anglais,2019
69825517c835c41957dff523,anglais,2019
69825517c835c41957dff524,anglais,2019
69825517c835c41957dff53b,anglais,2019
69825517c835c41957dff545,anglais,2019
69825517c835c41957dff54c,anglais,2019
69825517c835c41957dff557,anglais,2020
69825517c835c41957dff561,anglais,2019
69825517c835c41957dff565,anglais,2019
69825517c835c41957dff567,russe,2019
69825517c835c41957dff58b,anglais,2020
69825517c835c41957dff59e,anglais,2020
69825517c835c41957dff5b6,anglais,2019
69825517c835c41957dff5d3,anglais,2019
69825517c835c41957dff5ea,anglais,2020
69825517c835c41957dff686,anglais,2020
69825517c835c41957dff687,anglais,2020
69825517c835c41957dff6a3,anglais,2020
69825517c835c41957dff6a4,anglais,2020
69825517c835c41957dff6a8,anglais,2019
69825517c835c41957dff6a9,anglais,2019
69825517c835c41957dff6ad,anglais,2019
69825517c835c41957dff6b0,anglais,2020
69825517c835c41957dff6be,anglais,2020
69825517c835c41957dff6c9,anglais,2020
69825517c835c41957dff6d2,anglais,2019
69825517c835c41957dff6e0,anglais,2019
69825517c835c41957dff6e2,anglais,2019
69825517c835c41957dff6e3,espagnol,2018
69825517c835c41957dff6e4,,2018
69825517c835c41957dff6ea,russe,2019
69825517c835c41957dff6f0,anglais,2019
69825517c835c41957dff6fc,anglais,2018
69825517c835c41957dff734,portugais,2018
69825517c835c41957dff747,turc,2019
69825517c835c41957dff780,anglais,2019
69825517c835c41957dff786,anglais,2018
69825517c835c41957dff793,portugais,2019
69825517c835c41957dff797,anglais,2020
69825517c835c41957dff79a,allemand,2021
69825517c835c41957dff79e,anglais,2019
69825517c835c41957dff79f,anglais,2019
69825517c835c41957dff7a3,anglais,2020
69825517c835c41957dff7a6,anglais,2020
69825517c835c41957dff7ae,anglais,2019
69825517c835c41957dff7f7,anglais,2020
69825517c835c41957dff7f8,anglais,2020
69825517c835c41957dff80d,russe,2018
69825517c835c41957dff880,anglais,2019
69825517c835c41957dff881,anglais,2018
69825517c835c41957dff882,anglais,2018
69825517c835c41957dff88b,anglais,2020
69825517c835c41957dff891,anglais,2019
69825517c835c41957dff892,anglais,2019
69825517c835c41957dff893,anglais,2020
69825517c835c41957dff898,anglais,2020
69825517c835c41957dff899,anglais,2020
69825517c835c41957dff89b,anglais,2020
69825517c835c41957dff8a2,anglais,2020
69825517c835c41957dff8b2,anglais,2019
69825517c835c41957dff8b3,anglais,2020
69825517c835c41957dff8b5,anglais,2019
69825517c835c41957dff8c5,anglais,2019
69825517c835c41957dff8c8,anglais,2019
69825517c835c41957dff8d2,anglais,2020
69825517c835c41957dff8d4,anglais,2020
69825517c835c41957dff8d5,anglais,2020
69825517c835c41957dff8d6,anglais,2020
69825517c835c41957dff8d7,anglais,2020
69825517c835c41957dff8df,anglais,2020
69825517c835c41957dff8e0,anglais,2020
69825517c835c41957dff8f4,anglais,2019
69825517c835c41957dff8fb,anglais,2020
69825517c835c41957dff904,anglais,2020
69825517c835c41957dff90d,anglais,2020
69825517c835c41957dff90f,anglais,2020
69825517c835c41957dff910,anglais,2020
69825517c835c41957dff914,anglais,2019
69825517c835c41957dff917,anglais,2020
69825517c835c41957dff91a,russe,2020
69825517c835c41957dff91c,anglais,2020
69825517c835c41957dff925,anglais,2019
69825517c835c41957dff92b,anglais,2020
69825517c835c41957dff92c,anglais,2019
69825517c835c41957dff930,anglais,2019
69825517c835c41957dff934,espagnol,2020
69825517c835c41957dff949,anglais,2020
69825517c835c41957dff94f,anglais,2020
69825517c835c41957dff962,anglais,2019
69825517c835c41957dff963,anglais,2019
69825517c835c41957dff964,anglais,2019
69825517c835c41957dff966,anglais,2019
69825517c835c41957dff967,anglais,2018
69825517c835c41957dff968,anglais,2018
69825517c835c41957dff969,anglais,2018
69825517c835c41957dff96a,anglais,2019
69825517c835c41957dff96b,anglais,2018
69825517c835c41957dff96c,anglais,2018
69825517c835c41957dff96e,anglais,2018
69825517c835c41957dff96f,anglais,2019
69825517c835c41957dff970,anglais,2020
69825517c835c41957dff971,anglais,2019
69825517c835c41957dff991,anglais,2020
69825517c835c41957dff992,anglais,2020
69825517c835c41957dff995,anglais,2019
69825517c835c41957dff996,anglais,2019
69825517c835c41957dff999,anglais,2019
69825517c835c41957dff9c2,espagnol,2019
69825517c835c41957dffa2e,russe,2019
69825517c835c41957dffa33,anglais,2020
69825517c835c41957dffa39,anglais,2019
69825517c835c41957dffa48,anglais,2020
69825517c835c41957dffa4a,anglais,2018
69825517c835c41957dffa4b,anglais,2020
69825517c835c41957dffa4c,anglais,2020
69825517c835c41957dffa50,anglais,2020
69825517c835c41957dffa51,anglais,2020
69825517c835c41957dffa5d,anglais,2020
69825517c835c41957dffa6b,anglais,2020
69825517c835c41957dffa72,espagnol,2021
69825517c835c41957dffa7a,anglais,2020
69825517c835c41957dffabf,anglais,2020
69825517c835c41957dffac6,anglais,2020
69825517c835c41957dffac8,anglais,2020
69825517c835c41957dffaca,anglais,2021
69825517c835c41957dffacf,anglais,2020
69825517c835c41957dffae1,anglais,2020
69825517c835c41957dffae7,anglais,2020
69825517c835c41957dffae9,anglais,2020
69825517c835c41957dffaf3,anglais,2020
69825517c835c41957dffaf5,anglais,2020
69825517c835c41957dffb14,anglais,2020
69825517c835c41957dffb1d,anglais,2020
69825517c835c41957dffb1e,anglais,2020
69825517c835c41957dffb20,anglais,2020
69825517c835c41957dffb2e,anglais,2020
69825517c835c41957dffb3d,anglais,2019
69825517c835c41957dffb3f,anglais,2020
69825517c835c41957dffb42,anglais,2020
69825517c835c41957dffb47,anglais,2020
69825517c835c41957dffb48,anglais,2020
69825517c835c41957dffb4a,anglais,2020
69825517c835c41957dffb4b,anglais,2020
69825517c835c41957dffb4c,anglais,2020
69825517c835c41957dffb52,anglais,2020
69825517c835c41957dffb53,anglais,2020
69825517c835c41957dffb5f,anglais,2019
69825517c835c41957dffb62,anglais,2019
69825517c835c41957dffb67,anglais,2020
69825517c835c41957dffb6d,anglais,2020
69825517c835c41957dffb7c,anglais,2020
69825517c835c41957dffb81,français,2019
69825517c835c41957dffb85,anglais,2020
69825517c835c41957dffb86,anglais,2020
69825517c835c41957dffb8f,russe,2020
69825517c835c41957dffb93,anglais,2020
69825517c835c41957dffb95,anglais,2020
69825517c835c41957dffba9,anglais,2020
69825517c835c41957dffbaa,anglais,2020
69825517c835c41957dffbad,anglais,2020
69825517c835c41957dffbd6,anglais,2020
69825517c835c41957dffbda,anglais,2020
69825517c835c41957dffbdb,anglais,2020
69825517c835c41957dffbdd,anglais,2020
69825517c835c41957dffbdf,anglais,2020
69825517c835c41957dffbe7,anglais,2020
69825517c835c41957dffbe9,anglais,2020
69825517c835c41957dffbee,anglais,2020
69825517c835c41957dffbf0,anglais,2020
69825517c835c41957dffbf7,anglais,2020
69825517c835c41957dffbfa,anglais,2020
69825517c835c41957dffbfe,anglais,2020
69825517c835c41957dffc02,anglais,2020
69825517c835c41957dffc04,espagnol,2020
69825517c835c41957dffc05,anglais,2020
69825517c835c41957dffc09,anglais,2020
69825517c835c41957dffc0b,anglais,2020
69825517c835c41957dffc0c,anglais,2020
69825517c835c41957dffc27,anglais,2020
69825517c835c41957dffc28,anglais,2020
69825517c835c41957dffc2f,anglais,2018
69825517c835c41957dffc3a,anglais,2020
69825517c835c41957dffc3f,anglais,2020
69825517c835c41957dffc40,anglais,2020
69825517c835c41957dffc42,suédois,2018
69825517c835c41957dffc49,anglais,2020
69825517c835c41957dffc4e,anglais,2020
69825517c835c41957dffc59,anglais,2020
69825517c835c41957dffc5c,anglais,2020
69825517c835c41957dffc6d,anglais,2020
69825517c835c41957dffc6e,anglais,2020
69825517c835c41957dffc6f,anglais,2020
69825517c835c41957dffc78,anglais,2020
69825517c835c41957dffc79,anglais,2020
69825517c835c41957dffc80,anglais,2020
69825517c835c41957dffc81,anglais,2020
69825517c835c41957dffc89,anglais,2020
69825517c835c41957dffc8d,anglais,2020
69825517c835c41957dffc96,anglais,2020
69825517c835c41957dffc99,anglais,2020
69825517c835c41957dffca5,anglais,2022
69825517c835c41957dffca6,anglais,2020
69825517c835c41957dffca7,anglais,2020
69825517c835c41957dffca8,anglais,2020
69825517c835c41957dffcab,anglais,2020
69825517c835c41957dffcac,anglais,2020
69825517c835c41957dffcbb,anglais,2020
69825517c835c41957dffcce,espagnol,2019
69825517c835c41957dffce6,anglais,2018
69825517c835c41957dffcf2,espagnol,2020
69825517c835c41957dffd0b,gallois,2018
69825517c835c41957dffd0e,anglais,2019
69825517c835c41957dffd15,espagnol,2020
69825517c835c41957dffd35,anglais,2020
69825517c835c41957dffd36,anglais,2020
69825517c835c41957dffd37,anglais,2020
69825517c835c41957dffd38,anglais,2021
69825517c835c41957dffd39,anglais,2020
69825517c835c41957dffd3a,anglais,2020
69825517c835c41957dffd3b,anglais,2020
69825517c835c41957dffd3c,anglais,2020
69825517c835c41957dffd3d,anglais,2020
69825517c835c41957dffd3e,anglais,2020
69825517c835c41957dffd3f,anglais,2020
69825517c835c41957dffd40,anglais,2020
69825517c835c41957dffd41,anglais,2020
69825517c835c41957dffd42,anglais,2020
69825517c835c41957dffd43,anglais,2020
69825517c835c41957dffd44,anglais,2020
69825517c835c41957dffd45,anglais,2020
69825517c835c41957dffd46,anglais,2020
69825517c835c41957dffd47,anglais,2020
69825517c835c41957dffd48,anglais,2020
69825517c835c41957dffd49,anglais,2020
69825517c835c41957dffd4a,anglais,2020
69825517c835c41957dffd4b,anglais,2020
69825517c835c41957dffd4c,anglais,2020
69825517c835c41957dffd4d,anglais,2020
69825517c835c41957dffd4e,anglais,2020
69825517c835c41957dffd4f,anglais,2020
69825517c835c41957dffd50,anglais,2020
69825517c835c41957dffd51,anglais,2020
69825517c835c41957dffd52,anglais,2020
69825517c835c41957dffd53,anglais,2020
69825517c835c41957dffd54,anglais,2020
69825517c835c41957dffd55,anglais,2020
69825517c835c41957dffd56,anglais,2020
69825517c835c41957dffd57,anglais,2020
69825517c835c41957dffd58,anglais,2020
69825517c835c41957dffd59,anglais,2020
69825517c835c41957dffd5a,anglais,2020
69825517c835c41957dffd5b,anglais,2020
69825517c835c41957dffd5c,anglais,2020
69825517c835c41957dffd5d,anglais,2020
69825517c835c41957dffd5e,anglais,2020
69825517c835c41957dffd5f,anglais,2020
69825517c835c41957dffd60,anglais,2020
69825517c835c41957dffd61,anglais,2020
69825517c835c41957dffd62,anglais,2020
69825517c835c41957dffd63,anglais,2020
69825517c835c41957dffd64,anglais,2020
69825517c835c41957dffd68,anglais,2021
69825517c835c41957dffd69,anglais,2020
69825517c835c41957dffd6a,anglais,2020
69825517c835c41957dffd6b,anglais,2020
69825517c835c41957dffdda,anglais,2019
69825517c835c41957dffdfa,anglais,2020
69825517c835c41957dffe05,anglais,2018
69825517c835c41957dffe16,anglais,2020
69825517c835c41957dffe18,anglais,2020
69825517c835c41957dffe1d,anglais,2020
69825517c835c41957dffe29,anglais,2021
69825517c835c41957dffe32,anglais,2020
69825517c835c41957dffe8d,anglais,2022
69825517c835c41957dfff6d,anglais,2021
69825517c835c41957dfff73,anglais,2021
69825517c835c41957dfff83,portugais,2021
69825517c835c41957dfffb3,anglais,2021
69825517c835c41957dfffcd,,2020
69825517c835c41957dffff9,anglais,2020
69825517c835c41957dffffd,anglais,2019
69825517c835c41957e00045,anglais,2020
69825517c835c41957e00046,anglais,2020
69825517c835c41957e00047,anglais,2020
69825517c835c41957e00048,anglais,2020
69825517c835c41957e00049,anglais,2020
69825517c835c41957e0004a,anglais,2020
69825517c835c41957e00055,anglais,2021
69825517c835c41957e00109,espagnol,2021
69825517c835c41957e0010a,anglais,2021
69825517c835c41957e0010b,,2021
69825517c835c41957e00112,anglais,2021
69825517c835c41957e00115,anglais,2021
69825517c835c41957e00166,anglais,2022
69825517c835c41957e001ab,anglais,2021
69825517c835c41957e001e1,anglais,2021
69825517c835c41957e001ea,anglais,2021
69825517c835c41957e001eb,français,2020
69825517c835c41957e001ec,anglais,2020
69825517c835c41957e001f7,anglais,2020
69825517c835c41957e001f9,anglais,2018
69825517c835c41957e001ff,anglais,2021
69825517c835c41957e00200,espagnol,2021
69825517c835c41957e00201,anglais,2020
69825517c835c41957e00204,anglais,2021
69825517c835c41957e00221,anglais,2021
69825517c835c41957e00222,anglais,2020
69825517c835c41957e00223,anglais,2020
69825517c835c41957e0022d,anglais,2021
69825517c835c41957e00232,anglais,2019
69825517c835c41957e00233,anglais,2019
69825517c835c41957e00235,anglais,2021
69825517c835c41957e0026d,russe,2021
69825517c835c41957e0027f,anglais,2021
69825517c835c41957e00282,anglais,2021
69825517c835c41957e00283,anglais,2021
69825517c835c41957e00298,anglais,2021
69825517c835c41957e0029d,anglais,2021
69825517c835c41957e002a7,,2020
69825517c835c41957e002ab,français,2020
69825517c835c41957e002ba,anglais,2020
69825517c835c41957e002c4,anglais,2021
69825517c835c41957e002ce,anglais,2021
69825517c835c41957e002d6,anglais,2021
69825517c835c41957e002ff,anglais,2021
69825517c835c41957e00301,anglais,2021
69825517c835c41957e00303,anglais,2021
69825517c835c41957e0030a,anglais,2021
69825517c835c41957e00313,anglais,2021
69825517c835c41957e00314,anglais,2021
69825517c835c41957e0031f,anglais,2021
69825517c835c41957e0032a,anglais,2020
69825517c835c41957e00332,anglais,2021
69825517c835c41957e00334,anglais,2021
69825517c835c41957e00340,anglais,2021
69825517c835c41957e00342,anglais,2021
69825517c835c41957e00373,anglais,2021
69825517c835c41957e00384,anglais,2020
69825517c835c41957e00396,anglais,2021
69825517c835c41957e003a6,anglais,2021
69825517c835c41957e003d9,anglais,2021
69825517c835c41957e003da,anglais,2021
69825517c835c41957e00416,anglais,2021
69825517c835c41957e00423,anglais,2021
69825517c835c41957e00424,anglais,2021
69825517c835c41957e00437,anglais,2021
69825517c835c41957e0044f,anglais,2018
69825517c835c41957e0046f,espagnol,2019
69825517c835c41957e0047e,anglais,2020
69825517c835c41957e00480,français,2020
69825517c835c41957e00481,anglais,2021
69825517c835c41957e00484,anglais,2021
69825517c835c41957e0048a,anglais,2021
69825517c835c41957e00493,anglais,2021
69825517c835c41957e004b5,anglais,2021
69825517c835c41957e004b6,anglais,2021
69825517c835c41957e004bc,anglais,2021
69825517c835c41957e004c3,allemand,2018
69825517c835c41957e004c4,allemand,2020
69825517c835c41957e004cd,anglais,2021
69825517c835c41957e004cf,espagnol,2021
69825517c835c41957e004d4,anglais,2021
69825517c835c41957e0051a,anglais,2021
69825517c835c41957e0051b,anglais,2021
69825517c835c41957e0051c,anglais,2019
69825517c835c41957e0051d,anglais,2021
69825517c835c41957e00534,anglais,2021
69825517c835c41957e00540,anglais,2021
69825517c835c41957e00541,anglais,2021
69825517c835c41957e0059d,anglais,2022
69825517c835c41957e005bf,anglais,2021
69825517c835c41957e005ec,anglais,2021
69825517c835c41957e005f7,anglais,2020
69825517c835c41957e00618,anglais,2021
69825517c835c41957e0061b,anglais,2022
69825517c835c41957e0061c,anglais,2021
69825517c835c41957e00628,anglais,2021
69825517c835c41957e0062c,anglais,2021
69825517c835c41957e00648,anglais,2021
69825517c835c41957e0064a,anglais,2021
69825517c835c41957e00654,anglais,2021
69825517c835c41957e0065e,anglais,2022
69825517c835c41957e00660,anglais,2021
69825517c835c41957e00662,anglais,2021
69825517c835c41957e00665,anglais,2021
69825517c835c41957e00666,anglais,2021
69825517c835c41957e0066c,anglais,2021
69825517c835c41957e0067c,anglais,2021
69825517c835c41957e0067d,anglais,2021
69825517c835c41957e0067f,anglais,2021
69825517c835c41957e00684,anglais,2021
69825517c835c41957e0069b,anglais,2021
69825517c835c41957e006a5,anglais,2021
69825517c835c41957e006a6,anglais,2021
69825517c835c41957e006a7,anglais,2021
69825517c835c41957e006a8,anglais,2021
69825517c835c41957e006bc,anglais,2018
69825517c835c41957e006c1,anglais,2018
69825517c835c41957e006c2,anglais,2021
69825517c835c41957e006ca,anglais,2022
69825517c835c41957e006cb,anglais,2022
69825517c835c41957e006d9,anglais,2021
69825517c835c41957e006dd,anglais,2021
69825517c835c41957e006e0,japonais,2020
69825517c835c41957e006e6,anglais,2021
69825517c835c41957e00726,anglais,2022
69825517c835c41957e0073b,anglais,2021
69825517c835c41957e00741,anglais,2021
69825517c835c41957e00775,anglais,2021
69825517c835c41957e00778,anglais,2022
69825517c835c41957e0077a,russe,2021
69825517c835c41957e0077c,anglais,2021
69825517c835c41957e0079b,anglais,2021
69825517c835c41957e007d3,anglais,2022
69825517c835c41957e007d4,anglais,2022
69825517c835c41957e007d9,anglais,2021
69825517c835c41957e007e8,espagnol,2021
69825517c835c41957e007eb,anglais,2021
69825517c835c41957e007ec,anglais,2021
69825517c835c41957e00807,anglais,2022
69825517c835c41957e0080a,anglais,2022
69825517c835c41957e00812,,2021
69825517c835c41957e0081f,français,2020
69825517c835c41957e00820,anglais,2021
69825517c835c41957e0083a,anglais,2022
69825517c835c41957e00841,anglais,2022
69825517c835c41957e00852,anglais,2021
69825517c835c41957e00863,anglais,2020
69825517c835c41957e0086b,anglais,2022
69825517c835c41957e0086e,anglais,2022
69825517c835c41957e00879,anglais,2021
69825517c835c41957e00884,russe,2022
69825517c835c41957e00885,russe,2022
69825517c835c41957e0088b,anglais,2022
69825517c835c41957e0088f,anglais,2022
69825517c835c41957e00891,anglais,2021
69825517c835c41957e0089b,anglais,2022
69825517c835c41957e00926,anglais,2022
69825517c835c41957e00927,anglais,2022
69825517c835c41957e00949,anglais,2022
69825517c835c41957e0094a,anglais,2021
69825517c835c41957e00950,anglais,2022
69825517c835c41957e00980,anglais,2021
69825517c835c41957e00986,russe,2021
69825517c835c41957e00996,,2020
69825517c835c41957e0099c,espagnol,2021
69825517c835c41957e009a7,russe,2021
69825517c835c41957e009af,anglais,2021
69825517c835c41957e009b1,anglais,2021
69825517c835c41957e009b6,anglais,2021
69825517c835c41957e009b9,anglais,2021
69825517c835c41957e009bf,,2021
69825517c835c41957e009c0,russe,2021
69825517c835c41957e009c2,ukrainien,2021
69825517c835c41957e009c5,russe,2021
69825517c835c41957e009cf,anglais,2021
69825517c835c41957e009d2,russe,2021
69825517c835c41957e009d3,espagnol,2021
69825517c835c41957e009d4,espagnol,2021
69825517c835c41957e009f9,anglais,2022
69825517c835c41957e009fc,anglais,2022
69825517c835c41957e00a0e,anglais,2021
69825517c835c41957e00a0f,anglais,2022
69825517c835c41957e00a10,anglais,2021
69825517c835c41957e00a15,anglais,2022
69825517c835c41957e00a18,anglais,2022
69825517c835c41957e00a1c,anglais,2022
69825517c835c41957e00a20,anglais,2022
69825517c835c41957e00a25,français,2021
69825517c835c41957e00a2a,anglais,2021
69825517c835c41957e00a2c,anglais,2022
69825517c835c41957e00a2d,anglais,2022
69825517c835c41957e00a32,anglais,2021
69825517c835c41957e00a33,anglais,2022
69825517c835c41957e00a34,anglais,2021
69825517c835c41957e00a36,anglais,2021
69825517c835c41957e00a3a,anglais,2022
69825517c835c41957e00a4d,anglais,2022
69825517c835c41957e00a65,anglais,2022
69825517c835c41957e00b25,anglais,2018
69825517c835c41957e00b59,anglais,2022
69825517c835c41957e00b81,anglais,2019
69825517c835c41957e00b87,anglais,2019
69825517c835c41957e00b9d,anglais,2022
69825517c835c41957e00bad,espagnol,2020
69825517c835c41957e00bbe,anglais,2020
69825517c835c41957e00bca,espagnol,2019
69825517c835c41957e00bee,anglais,2021
69825517c835c41957e00bf0,anglais,2022
69825517c835c41957e00bf1,anglais,2020
69825517c835c41957e00bf6,anglais,2019
69825517c835c41957e00bf7,anglais,2019
69825517c835c41957e00bf8,anglais,2019
69825517c835c41957e00bf9,anglais,2021
69825517c835c41957e00bfa,anglais,2022
69825517c835c41957e00bfb,anglais,2020
69825517c835c41957e00bfc,anglais,2019
69825517c835c41957e00c08,anglais,2022
69825517c835c41957e00c09,anglais,2022
69825517c835c41957e00c0a,anglais,2022
69825517c835c41957e00c1c,espagnol,2018
69825517c835c41957e00c2f,anglais,2021
69825517c835c41957e00c5e,espagnol,2021
69825517c835c41957e00ca2,anglais,2022
69825517c835c41957e00ca3,anglais,2022
69825517c835c41957e00ca6,anglais,2022
69825517c835c41957e00d01,anglais,2022
69825517c835c41957e00d03,français,2022
69825517c835c41957e00d08,anglais,2022
69825517c835c41957e00d49,anglais,2019
69825517c835c41957e00d4a,anglais,2021
69825517c835c41957e00db4,anglais,2021
69825517c835c41957e00de3,anglais,2021
69825517c835c41957e00df6,russe,2021
69825517c835c41957e00e0e,russe,2021
69825517c835c41957e00e0f,russe,2021
69825517c835c41957e00e2a,espagnol,2020
69825517c835c41957e00e2b,russe,2021
69825517c835c41957e00e31,russe,2019
69825517c835c41957e00e3a,espagnol,2021
69825517c835c41957e00e4e,russe,2021
69825517c835c41957e00e58,espagnol,2021
69825517c835c41957e00ecc,anglais,2019
69825517c835c41957e00ece,anglais,2019
69825517c835c41957e00f1e,russe,2021
69825517c835c41957e00f66,tchèque,2020
69825517c835c41957e00f85,anglais,2020
69825517c835c41957e00f8d,anglais,2019
69825517c835c41957e00faa,anglais,2020
69825517c835c41957e00fb1,anglais,2019
69825517c835c41957e00fd4,anglais,2018
69825517c835c41957e00fdb,anglais,2021
69825517c835c41957e00fe3,,2021
69825517c835c41957e00fea,,2019
69825517c835c41957e01001,anglais,2021
69825517c835c41957e01062,anglais,2020
69825517c835c41957e01064,anglais,2020
69825517c835c41957e010b7,anglais,2018
69825517c835c41957e010c2,anglais,2018
69825517c835c41957e010ec,,2019
69825517c835c41957e01139,anglais,2021
69825517c835c41957e0115d,ukrainien,2020
69825517c835c41957e01165,ukrainien,2019
69825517c835c41957e0116b,ukrainien,2020
69825517c835c41957e01178,ukrainien,2020
69825517c835c41957e0119b,anglais,2020
69825517c835c41957e0119c,anglais,2021
69825517c835c41957e011ac,anglais,2020
69825517c835c41957e011c0,anglais,2019
69825517c835c41957e011c8,anglais,2019
69825517c835c41957e011cb,anglais,2019
69825517c835c41957e011cc,anglais,2019
69825517c835c41957e011fd,russe,2021
69825517c835c41957e011ff,russe,2021
69825517c835c41957e01204,russe,2021
69825517c835c41957e0120b,français,2021
69825517c835c41957e0121c,russe,2021
69825517c835c41957e01229,anglais,2019
69825517c835c41957e012b0,anglais,2019
69825517c835c41957e014e4,anglais,2020
69825517c835c41957e01511,allemand,2019
69825517c835c41957e0152f,anglais,2019
69825517c835c41957e0164c,allemand,2018
69825517c835c41957e01714,anglais,2021
69825517c835c41957e0174c,anglais,2019
69825517c835c41957e01804,anglais,2019
69825517c835c41957e01808,anglais,2019
69825517c835c41957e01811,anglais,2018
69825517c835c41957e01830,anglais,2019
69825517c835c41957e01840,anglais,2018
69825517c835c41957e018b1,anglais,2019
69825517c835c41957e01907,anglais,2021
69825517c835c41957e0191a,anglais,2018
69825517c835c41957e01939,français,2019
69825517c835c41957e01945,français,2021
69825517c835c41957e01946,français,2021
69825517c835c41957e01982,serbe,2019
69825517c835c41957e01a3b,anglais,2019
69825517c835c41957e01a4e,anglais,2019
69825517c835c41957e01a77,espagnol,2020
69825517c835c41957e01a78,anglais,2020
69825517c835c41957e01a7a,anglais,2018
69825517c835c41957e01a80,anglais,2020
69825517c835c41957e01a82,anglais,2020
69825517c835c41957e01a8f,anglais,2020
69825517c835c41957e01a97,anglais,2021
69825517c835c41957e01a9d,anglais,2021
69825517c835c41957e01a9e,anglais,2021
69825517c835c41957e01aa4,anglais,2020
69825517c835c41957e01aae,anglais,2021
69825516c835c41957df9c99,anglais,2023
69825516c835c41957df9ca1,anglais,2023
69825516c835c41957df9d57,anglais,2023
69825516c835c41957df9d58,anglais,2023
69825516c835c41957df9d5e,anglais,2023
69825516c835c41957df9d5f,anglais,2023
69825516c835c41957df9d67,anglais,2023
69825516c835c41957df9d68,anglais,2023
69825516c835c41957df9d7b,espagnol,2024
69825516c835c41957df9dc9,russe,2023
69825516c835c41957df9dd6,russe,2023
69825516c835c41957df9dd8,allemand,2023
69825516c835c41957df9dda,russe,2023
69825516c835c41957df9df4,anglais,2023
69825516c835c41957df9df8,anglais,2023
69825516c835c41957df9df9,anglais,2023
69825516c835c41957df9dfb,français,2023
69825516c835c41957df9dfe,anglais,2023
69825516c835c41957df9dff,anglais,2024
69825516c835c41957df9e1d,anglais,2023
69825516c835c41957df9e1e,anglais,2023
69825516c835c41957df9e28,anglais,2023
69825516c835c41957df9e2c,anglais,2024
69825516c835c41957df9e2d,anglais,2024
69825516c835c41957df9e44,anglais,2023
69825516c835c41957df9e4a,anglais,2023
69825516c835c41957df9e4b,anglais,2023
69825516c835c41957df9e4e,anglais,2023
69825516c835c41957df9e4f,anglais,2024
69825516c835c41957df9e5f,,2023
69825516c835c41957df9e60,anglais,2024
69825516c835c41957df9e61,anglais,2023
69825516c835c41957df9e69,anglais,2023
69825516c835c41957df9e6e,anglais,2023
69825516c835c41957df9e76,anglais,2023
69825516c835c41957df9e7d,anglais,2023
69825516c835c41957df9e7e,anglais,2023
69825516c835c41957df9e8b,anglais,2023
69825516c835c41957df9e8c,anglais,2023
69825516c835c41957df9e8e,anglais,2023
69825516c835c41957df9e96,anglais,2023
69825516c835c41957df9e9d,anglais,2024
69825516c835c41957df9eb0,anglais,2023
69825516c835c41957df9ef4,anglais,2024
69825516c835c41957df9ef6,anglais,2024
69825516c835c41957df9f4d,anglais,2024
69825516c835c41957df9f53,anglais,2024
69825516c835c41957df9f63,anglais,2023
69825516c835c41957df9f7b,anglais,2023
69825516c835c41957df9f88,anglais,2023
69825516c835c41957df9f8a,anglais,2024
69825516c835c41957df9f8b,anglais,2024
69825516c835c41957df9f94,anglais,2023
69825516c835c41957df9f96,anglais,2024
69825516c835c41957df9f97,anglais,2024
69825516c835c41957df9fd1,allemand,2024
69825516c835c41957df9fd7,anglais,2024
69825516c835c41957df9fda,allemand,2024
69825516c835c41957df9fdb,anglais,2024
69825516c835c41957dfa004,anglais,2024
69825516c835c41957dfa037,anglais,2023
69825516c835c41957dfa040,russe,2024
69825516c835c41957dfa054,russe,2023
69825516c835c41957dfa059,russe,2023
69825516c835c41957dfa065,Slovenian,2023
69825516c835c41957dfa06c,russe,2023
69825516c835c41957dfa06d,russe,2023
69825516c835c41957dfa073,russe,2023
69825516c835c41957dfa08c,russe,2023
69825516c835c41957dfa099,anglais,2023
69825516c835c41957dfa09a,russe,2023
69825516c835c41957dfa09f,anglais,2023
69825516c835c41957dfa0a0,norvégien,2023
69825516c835c41957dfa0a2,russe,2023
69825516c835c41957dfa0a8,russe,2023
69825516c835c41957dfa0ad,anglais,2024
69825516c835c41957dfa0ae,anglais,2024
69825516c835c41957dfa0af,espagnol,2024
69825516c835c41957dfa0b0,espagnol,2024
69825516c835c41957dfa0b1,anglais,2024
69825516c835c41957dfa0b7,croate,2023
69825516c835c41957dfa0bd,russe,2023
69825516c835c41957dfa0c2,anglais,2023
69825516c835c41957dfa0c6,français,2023
69825516c835c41957dfa0c7,russe,2023
69825516c835c41957dfa0c9,allemand,2023
69825516c835c41957dfa0d4,anglais,2023
69825516c835c41957dfa0d5,anglais,2023
69825516c835c41957dfa0d7,anglais,2024
69825516c835c41957dfa0dc,anglais,2024
69825516c835c41957dfa0de,anglais,2024
69825516c835c41957dfa0df,anglais,2024
69825516c835c41957dfa0e7,anglais,2023
69825516c835c41957dfa0e8,anglais,2024
69825516c835c41957dfa0e9,anglais,2024
69825516c835c41957dfa0f7,anglais,2023
69825516c835c41957dfa0f8,anglais,2023
69825516c835c41957dfa119,anglais,2024
69825516c835c41957dfa11d,anglais,2024
69825516c835c41957dfa120,anglais,2024
69825516c835c41957dfa122,anglais,2024
69825516c835c41957dfa12e,anglais,2023
69825516c835c41957dfa134,ukrainien,2023
69825516c835c41957dfa140,anglais,2023
69825516c835c41957dfa142,espagnol,2023
69825516c835c41957dfa144,anglais,2024
69825516c835c41957dfa160,anglais,2024
69825516c835c41957dfa168,anglais,2024
69825516c835c41957dfa16c,anglais,2024
69825516c835c41957dfa188,français,2023
69825516c835c41957dfa1ad,anglais,2024
69825516c835c41957dfa1b8,russe,2024
69825516c835c41957dfa1bb,anglais,2024
69825516c835c41957dfa1bd,anglais,2024
69825516c835c41957dfa1c1,hongrois,2023
69825516c835c41957dfa1c2,anglais,2024
69825516c835c41957dfa1c6,russe,2024
69825516c835c41957dfa1cb,russe,2023
69825516c835c41957dfa1ce,anglais,2024
69825516c835c41957dfa1e4,anglais,2024
69825516c835c41957dfa1f5,allemand,2024
69825516c835c41957dfa1f6,anglais,2024
69825516c835c41957dfa1f7,anglais,2024
69825516c835c41957dfa1f8,anglais,2024
69825516c835c41957dfa1f9,anglais,2024
69825516c835c41957dfa205,anglais,2024
69825516c835c41957dfa21a,anglais,2024
69825516c835c41957dfa261,anglais,2024
69825516c835c41957dfa26e,anglais,2024
69825516c835c41957dfa274,anglais,2024
69825516c835c41957dfa2a8,anglais,2023
69825516c835c41957dfa2ab,anglais,2023
69825516c835c41957dfa2ae,russe,2024
69825516c835c41957dfa2b4,russe,2024
69825516c835c41957dfa2b6,russe,2024
69825516c835c41957dfa2b9,russe,2024
69825516c835c41957dfa2be,russe,2024
69825516c835c41957dfa2c1,russe,2024
69825516c835c41957dfa2dc,anglais,2024
69825516c835c41957dfa2e2,anglais,2024
69825516c835c41957dfa304,anglais,2024
69825516c835c41957dfa30b,anglais,2025
69825516c835c41957dfa333,anglais,2024
69825516c835c41957dfa33b,anglais,2024
69825516c835c41957dfa343,anglais,2024
69825516c835c41957dfa34b,anglais,2024
69825516c835c41957dfa355,anglais,2024
69825516c835c41957dfa356,anglais,2024
69825516c835c41957dfa366,russe,2024
69825516c835c41957dfa367,anglais,2024
69825516c835c41957dfa368,russe,2024
69825516c835c41957dfa369,russe,2024
69825516c835c41957dfa36b,russe,2024
69825516c835c41957dfa36d,anglais,2024
69825516c835c41957dfa372,russe,2024
69825516c835c41957dfa374,russe,2024
69825516c835c41957dfa375,russe,2024
69825516c835c41957dfa3c2,anglais,2023
69825516c835c41957dfa417,anglais,2023
69825516c835c41957dfa444,anglais,2023
69825516c835c41957dfa44f,anglais,2024
69825516c835c41957dfa48c,anglais,2023
69825516c835c41957dfa4b0,anglais,2024
69825516c835c41957dfa4ca,anglais,2023
69825516c835c41957dfa4d0,anglais,2023
69825516c835c41957dfa4d6,anglais,2023
69825516c835c41957dfa4f2,anglais,2023
69825516c835c41957dfa4fc,anglais,2023
69825516c835c41957dfa53c,anglais,2023
69825516c835c41957dfa560,anglais,2023
69825516c835c41957dfa58c,anglais,2024
69825516c835c41957dfa58d,anglais,2024
69825516c835c41957dfa593,anglais,2024
69825516c835c41957dfa59a,anglais,2024
69825516c835c41957dfa59e,anglais,2024
69825516c835c41957dfa5a0,anglais,2024
69825516c835c41957dfa5a2,anglais,2024
69825516c835c41957dfa5a4,anglais,2024
69825516c835c41957dfa636,anglais,2024
69825516c835c41957dfa640,anglais,2024
69825516c835c41957dfa707,anglais,2024
69825516c835c41957dfa70b,anglais,2024
69825516c835c41957dfa71e,anglais,2024
69825516c835c41957dfa720,anglais,2024
69825516c835c41957dfa728,anglais,2024
69825516c835c41957dfa729,anglais,2024
69825516c835c41957dfa72d,anglais,2024
69825516c835c41957dfa735,anglais,2024
69825516c835c41957dfa737,anglais,2024
69825516c835c41957dfa738,anglais,2024
69825516c835c41957dfa73a,anglais,2024
69825516c835c41957dfa73b,anglais,2024
69825516c835c41957dfa73e,anglais,2024
69825516c835c41957dfa740,anglais,2024
69825516c835c41957dfa746,anglais,2024
69825516c835c41957dfa749,anglais,2024
69825516c835c41957dfa74a,anglais,2024
69825516c835c41957dfa75c,anglais,2024
69825516c835c41957dfa761,anglais,2024
69825516c835c41957dfa762,anglais,2025
69825516c835c41957dfa765,anglais,2024
69825516c835c41957dfa766,anglais,2024
69825516c835c41957dfa76e,anglais,2024
69825516c835c41957dfa76f,anglais,2024
69825516c835c41957dfa775,anglais,2024
69825516c835c41957dfa776,anglais,2024
69825516c835c41957dfa778,anglais,2024
69825516c835c41957dfa77f,anglais,2024
69825516c835c41957dfa7ad,anglais,2024
69825516c835c41957dfa7c3,anglais,2023
69825516c835c41957dfa7db,anglais,2024
69825516c835c41957dfa7dc,anglais,2024
69825516c835c41957dfa7e6,anglais,2024
69825516c835c41957dfa7ea,anglais,2024
69825516c835c41957dfa7ed,russe,2024
69825516c835c41957dfa7ee,anglais,2024
69825516c835c41957dfa7ef,russe,2024
69825516c835c41957dfa7f8,anglais,2024
69825516c835c41957dfa7f9,anglais,2024
69825516c835c41957dfa7fa,anglais,2024
69825516c835c41957dfa7fb,anglais,2024
69825516c835c41957dfa808,anglais,2024
69825516c835c41957dfa813,anglais,2024
69825516c835c41957dfa821,anglais,2023
69825516c835c41957dfa82a,anglais,2024
69825516c835c41957dfa82b,anglais,2024
69825516c835c41957dfa82c,anglais,2024
69825516c835c41957dfa838,anglais,2024
69825516c835c41957dfa83a,français,2024
69825516c835c41957dfa851,russe,2024
69825516c835c41957dfa854,anglais,2024
69825516c835c41957dfa857,anglais,2024
69825516c835c41957dfa858,anglais,2024
69825516c835c41957dfa860,anglais,2024
69825516c835c41957dfa861,anglais,2024
69825516c835c41957dfa866,anglais,2024
69825516c835c41957dfa867,anglais,2025
69825516c835c41957dfa86c,russe,2024
69825516c835c41957dfa86d,anglais,2024
69825516c835c41957dfa873,anglais,2024
69825516c835c41957dfa87f,anglais,2024
69825516c835c41957dfa885,anglais,2025
69825516c835c41957dfa88a,anglais,2024
69825516c835c41957dfa891,anglais,2024
69825516c835c41957dfa894,anglais,2024
69825516c835c41957dfa895,anglais,2024
69825516c835c41957dfa8a4,anglais,2024
69825516c835c41957dfa8b3,anglais,2024
69825516c835c41957dfa8bf,norvégien,2024
69825516c835c41957dfa8c8,anglais,2024
69825516c835c41957dfa8cd,russe,2024
69825516c835c41957dfa8ce,russe,2024
69825516c835c41957dfa8cf,anglais,2024
69825516c835c41957dfa8d0,russe,2024
69825516c835c41957dfa8d3,anglais,2024
69825516c835c41957dfa8d4,anglais,2024
69825516c835c41957dfa8f6,anglais,2025
69825516c835c41957dfa8fe,anglais,2025
69825516c835c41957dfa8ff,anglais,2025
69825516c835c41957dfa901,anglais,2024
69825516c835c41957dfa904,anglais,2025
69825516c835c41957dfa930,anglais,2024
69825516c835c41957dfa93d,russe,2024
69825516c835c41957dfa942,,2024
69825516c835c41957dfa946,anglais,2024
69825516c835c41957dfa952,anglais,2025
69825516c835c41957dfa954,anglais,2025
69825516c835c41957dfa95b,anglais,2025
69825516c835c41957dfa95c,anglais,2025
69825516c835c41957dfa965,anglais,2025
69825516c835c41957dfa96d,anglais,2025
69825516c835c41957dfa96e,anglais,2024
69825516c835c41957dfa99d,anglais,2025
69825516c835c41957dfa9b6,anglais,2025
69825516c835c41957dfa9be,anglais,2025
69825516c835c41957dfa9cc,anglais,2025
69825516c835c41957dfa9ce,anglais,2024
69825516c835c41957dfa9d2,anglais,2025
69825516c835c41957dfa9d5,anglais,2025
69825516c835c41957dfa9d7,anglais,2025
69825516c835c41957dfa9e8,anglais,2025
69825516c835c41957dfa9ea,anglais,2024
69825516c835c41957dfa9f3,anglais,2025
69825516c835c41957dfaa29,anglais,2023
69825516c835c41957dfaa2b,anglais,2025
69825516c835c41957dfaa2c,anglais,2025
69825516c835c41957dfaa2d,anglais,2025
69825516c835c41957dfaa2e,anglais,2025
69825516c835c41957dfaa2f,anglais,2025
69825516c835c41957dfaa53,anglais,2024
69825516c835c41957dfaa54,anglais,2025
69825516c835c41957dfaa56,anglais,2025
69825516c835c41957dfaa69,anglais,2025
69825516c835c41957dfaa6b,anglais,2025
69825516c835c41957dfaa6d,allemand,2025
69825516c835c41957dfaa6e,anglais,2025
69825516c835c41957dfaa73,anglais,2025
69825516c835c41957dfaa76,anglais,2025
69825516c835c41957dfaa86,anglais,2025
69825516c835c41957dfaa8c,anglais,2025
69825516c835c41957dfaa8e,anglais,2025
69825516c835c41957dfaa90,anglais,2025
69825516c835c41957dfaa91,anglais,2025
69825516c835c41957dfaa94,anglais,2025
69825516c835c41957dfaaa8,anglais,2025
69825516c835c41957dfaaaa,anglais,2025
69825516c835c41957dfaaab,anglais,2025
69825516c835c41957dfaaac,anglais,2025
69825516c835c41957dfaacd,anglais,2025
69825516c835c41957dfaad5,anglais,2025
69825516c835c41957dfaad6,anglais,2025
69825516c835c41957dfaad7,anglais,2025
69825516c835c41957dfaae0,anglais,2025
69825516c835c41957dfaae8,arabe,2023
69825516c835c41957dfaaee,anglais,2025
69825516c835c41957dfaaf2,français,2025
69825516c835c41957dfaaf6,anglais,2025
69825516c835c41957dfaaf7,anglais,2025
69825516c835c41957dfaaf9,anglais,2025
69825516c835c41957dfab16,anglais,2025
69825516c835c41957dfab18,anglais,2025
69825516c835c41957dfab24,anglais,2024
69825516c835c41957dfab31,anglais,2025
69825516c835c41957dfab35,anglais,2025
69825516c835c41957dfab38,français,2025
69825516c835c41957dfab40,anglais,2025
69825516c835c41957dfab5a,anglais,2025
69825516c835c41957dfab5b,anglais,2025
69825516c835c41957dfab98,anglais,2025
69825516c835c41957dfabdf,anglais,2025
69825516c835c41957dfabe0,anglais,2025
69825516c835c41957dfabe1,anglais,2025
69825516c835c41957dfabe7,anglais,2025
69825516c835c41957dfabf0,anglais,2025
69825516c835c41957dfabf6,russe,2025
69825516c835c41957dfabfb,anglais,2025
69825516c835c41957dfac01,anglais,2025
69825516c835c41957dfac03,anglais,2025
69825516c835c41957dfac04,anglais,2025
69825516c835c41957dfac05,anglais,2025
69825516c835c41957dfac08,anglais,2025
69825516c835c41957dfac0d,italien,2024
69825516c835c41957dfac1b,français,2024
69825516c835c41957dfac1d,français,2024
69825516c835c41957dfac1e,français,2024
69825516c835c41957dfac22,français,2024
69825516c835c41957dfac26,français,2023
69825516c835c41957dfac27,français,2024
69825516c835c41957dfac31,français,2024
69825516c835c41957dfac34,français,2023
69825516c835c41957dfac3d,français,2024
69825516c835c41957dfac3e,français,2024
69825516c835c41957dfac3f,français,2024
69825516c835c41957dfac47,français,2023
69825516c835c41957dfac59,français,2023
69825516c835c41957dfac5a,français,2024
69825516c835c41957dfac61,français,2023
69825516c835c41957dfac6a,français,2024
69825516c835c41957dfad66,français,2023
69825516c835c41957dfad7d,anglais,2023
69825516c835c41957dfad7e,français,2023
69825516c835c41957dfad8c,anglais,2023
69825516c835c41957dfad8d,français,2023
69825516c835c41957dfadc8,français,2023
69825516c835c41957dfadcc,anglais,2023
69825516c835c41957dfaddf,français,2023
69825516c835c41957dfae05,français,2023
69825516c835c41957dfae26,français,2023
69825516c835c41957dfae8d,français,2024
69825516c835c41957dfaed2,allemand,2025
69825516c835c41957dfb06a,français,2024
69825516c835c41957dfb070,français,2023
69825516c835c41957dfb074,français,2024
69825516c835c41957dfb078,français,2023
69825516c835c41957dfb07a,français,2024
69825516c835c41957dfb07b,français,2024
69825516c835c41957dfb088,français,2025
69825516c835c41957dfb097,français,2024
69825516c835c41957dfb0e9,français,2023
69825516c835c41957dfb0f6,français,2023
69825516c835c41957dfb0fd,français,2023
69825516c835c41957dfb12a,anglais,2023
69825516c835c41957dfb15b,espagnol,2023
69825516c835c41957dfb3d2,français,2023
69825516c835c41957dfb42e,italien,2023
69825516c835c41957dfb466,français,2023
69825516c835c41957dfb4a6,français,2023
69825516c835c41957dfb4bf,français,2023
69825516c835c41957dfb52e,italien,2023
69825516c835c41957dfb531,anglais,2023
69825516c835c41957dfb532,anglais,2025
69825516c835c41957dfb53c,russe,2025
69825516c835c41957dfb53e,anglais,2025
69825516c835c41957dfb540,russe,2024
69825516c835c41957dfb547,russe,2024
69825516c835c41957dfb54a,russe,2025
69825516c835c41957dfb552,russe,2025
69825516c835c41957dfb557,russe,2025
69825516c835c41957dfb55b,anglais,2025
69825516c835c41957dfb55e,russe,2025
69825516c835c41957dfb566,turc,2025
69825516c835c41957dfb56a,russe,2024
69825516c835c41957dfb570,anglais,2025
69825516c835c41957dfb572,espagnol,2024
69825516c835c41957dfb576,anglais,2023
69825516c835c41957dfb584,russe,2024
69825516c835c41957dfb5a4,anglais,2025
69825516c835c41957dfb5a8,français,2025
69825516c835c41957dfb5b1,anglais,2025
69825516c835c41957dfb5b4,français,2025
69825516c835c41957dfb5b5,français,2025
69825516c835c41957dfb5b7,français,2025
69825516c835c41957dfb5b9,français,2025
69825516c835c41957dfb5bc,français,2025
69825516c835c41957dfb5bd,anglais,2025
69825516c835c41957dfb8f6,anglais,2025
69825516c835c41957dfb8f8,anglais,2025
69825516c835c41957dfb8f9,français,2025
69825516c835c41957dfb8fb,anglais,2025
69825516c835c41957dfb905,anglais,2025
69825516c835c41957dfb907,anglais,2025
69825516c835c41957dfb90b,anglais,2025
69825516c835c41957dfb90f,anglais,2025
69825516c835c41957dfb915,anglais,2025
69825516c835c41957dfb917,anglais,2025
69825516c835c41957dfb930,anglais,2025
69825516c835c41957dfb935,anglais,2025
69825516c835c41957dfb940,anglais,2025
69825516c835c41957dfb947,anglais,2025
69825516c835c41957dfb94a,anglais,2025
69825516c835c41957dfb94b,anglais,2025
69825516c835c41957dfb950,anglais,2025
69825516c835c41957dfb953,anglais,2025
69825516c835c41957dfb954,anglais,2025
69825516c835c41957dfb95d,italien,2025
69825516c835c41957dfb95e,anglais,2025
69825516c835c41957dfb95f,anglais,2025
69825516c835c41957dfb961,letton,2025
69825516c835c41957dfb968,anglais,2025
69825516c835c41957dfb969,anglais,2025
69825516c835c41957dfb96a,anglais,2025
69825516c835c41957dfb96b,anglais,2025
69825516c835c41957dfb973,anglais,2025
69825516c835c41957dfb97e,anglais,2025
69825516c835c41957dfb983,anglais,2025
69825516c835c41957dfb9af,anglais,2025
69825516c835c41957dfb9b0,anglais,2025
69825516c835c41957dfb9b2,anglais,2025
69825516c835c41957dfb9b6,anglais,2025
69825516c835c41957dfb9be,anglais,2025
69825516c835c41957dfb9c1,anglais,2025
69825516c835c41957dfb9cc,anglais,2025
69825516c835c41957dfb9cd,anglais,2025
69825516c835c41957dfb9d2,anglais,2025
69825516c835c41957dfb9d5,anglais,2025
69825516c835c41957dfb9d6,anglais,2025
69825516c835c41957dfbfed,anglais,2023
69825516c835c41957dfc019,anglais,2023
69825516c835c41957dfc021,anglais,2023
69825516c835c41957dfc026,anglais,2023
69825516c835c41957dfc05e,espagnol,2023
69825516c835c41957dfc08b,anglais,2023
69825516c835c41957dfc0b8,anglais,2023
69825516c835c41957dfc114,italien,2023
69825516c835c41957dfc131,anglais,2024
69825516c835c41957dfc136,suédois,2023
69825516c835c41957dfc141,allemand,2024
69825516c835c41957dfc162,français,2023
69825516c835c41957dfc1a4,serbe,2023
69825516c835c41957dfc1a5,ukrainien,2023
69825516c835c41957dfc1b0,ukrainien,2023
69825516c835c41957dfc1b1,suédois,2024
69825516c835c41957dfc1b2,suédois,2024
69825516c835c41957dfc1b5,portugais,2024
69825516c835c41957dfc1d4,anglais,2024
69825516c835c41957dfc1d5,espagnol,2024
69825516c835c41957dfc1d6,espagnol,2023
69825516c835c41957dfc1df,norvégien,2023
69825516c835c41957dfc1e1,anglais,2024
69825516c835c41957dfc1e4,anglais,2024
69825516c835c41957dfc1f1,anglais,2023
69825516c835c41957dfc1f9,anglais,2023
69825516c835c41957dfc1fb,italien,2024
69825516c835c41957dfc1fd,anglais,2024
69825516c835c41957dfc205,anglais,2024
69825516c835c41957dfc206,anglais,2023
69825516c835c41957dfc207,anglais,2024
69825516c835c41957dfc208,anglais,2024
69825516c835c41957dfc211,anglais,2024
69825516c835c41957dfc222,italien,2024
69825516c835c41957dfc27b,anglais,2025
69825516c835c41957dfc29a,anglais,2024
69825516c835c41957dfc29f,anglais,2024
69825516c835c41957dfc2b4,espagnol,2023
69825516c835c41957dfc2b6,anglais,2024
69825516c835c41957dfc2de,allemand,2024
69825516c835c41957dfc2e0,anglais,2025
69825516c835c41957dfc2e8,allemand,2024
69825516c835c41957dfc2ea,allemand,2024
69825516c835c41957dfc2eb,allemand,2024
69825516c835c41957dfc2ed,espagnol,2024
69825516c835c41957dfc2ee,anglais,2025
69825516c835c41957dfc2f0,italien,2024
69825516c835c41957dfc2f7,allemand,2025
69825516c835c41957dfc2fb,anglais,2025
69825516c835c41957dfc336,danois,2025
69825516c835c41957dfc357,anglais,2025
69825516c835c41957dfc35a,allemand,2024
69825516c835c41957dfc362,polonais,2024
69825516c835c41957dfc368,anglais,2025
69825516c835c41957dfc36a,anglais,2025
69825516c835c41957dfc379,anglais,2025
69825516c835c41957dfe428,anglais,2023
69825516c835c41957dfe429,anglais,2023
69825516c835c41957dfe42a,anglais,2023
69825516c835c41957dfe66f,anglais,2023
69825516c835c41957dfe670,anglais,2023
69825516c835c41957dfe671,anglais,2023
69825516c835c41957dfe6d3,anglais,2023
69825516c835c41957dfe6d4,anglais,2023
69825516c835c41957dfe789,anglais,2023
69825516c835c41957dfe78c,anglais,2023
69825517c835c41957e0091b,anglais,2023
69825517c835c41957e00930,anglais,2023
69825517c835c41957e00b16,anglais,2023
69825517c835c41957e00d0a,anglais,2022
69825517c835c41957e00d0b,anglais,2022
69825517c835c41957e00d15,anglais,2022
69825517c835c41957e00d1c,anglais,2022
69825517c835c41957e00d1d,anglais,2022
69825517c835c41957e00d24,anglais,2022
69825517c835c41957e00d37,anglais,2022
69825517c835c41957e00d3e,anglais,2022
69825517c835c41957e00d53,anglais,2022
69825517c835c41957e00d54,anglais,2022
69825517c835c41957e00d55,anglais,2022
69825517c835c41957e00d6c,anglais,2022
69825517c835c41957e00d6f,anglais,2022
69825517c835c41957e00d70,anglais,2022
69825517c835c41957e00d72,anglais,2022
69825517c835c41957e00d8f,anglais,2022
69825517c835c41957e00da9,anglais,2022
69825517c835c41957e00dba,anglais,2022
69825517c835c41957e00dbb,anglais,2022
69825517c835c41957e00dbf,espagnol,2023
69825517c835c41957e00dc0,anglais,2022
69825517c835c41957e00dc4,anglais,2022
69825517c835c41957e00dc5,anglais,2022
69825517c835c41957e00dca,anglais,2022
69825517c835c41957e00de9,anglais,2023
69825517c835c41957e00dec,anglais,2022
69825517c835c41957e00ded,anglais,2022
69825517c835c41957e00dee,anglais,2022
69825517c835c41957e00df5,russe,2022
69825517c835c41957e00dff,russe,2022
69825517c835c41957e00e03,russe,2022
69825517c835c41957e00e05,russe,2022
69825517c835c41957e00e1a,anglais,2024
69825517c835c41957e00e21,anglais,2022
69825517c835c41957e00e24,anglais,2022
69825517c835c41957e00e26,russe,2022
69825517c835c41957e00e2c,russe,2022
69825517c835c41957e00e30,russe,2022
69825517c835c41957e00e34,portugais,2022
69825517c835c41957e00e38,anglais,2022
69825517c835c41957e00e3f,russe,2022
69825517c835c41957e00e42,anglais,2022
69825517c835c41957e00e46,anglais,2022
69825517c835c41957e00e48,espagnol,2022
69825517c835c41957e00e51,russe,2022
69825517c835c41957e00e62,russe,2022
69825517c835c41957e00e6a,anglais,2022
69825517c835c41957e00e71,anglais,2022
69825517c835c41957e00e72,anglais,2022
69825517c835c41957e00e7a,anglais,2022
69825517c835c41957e00e82,anglais,2022
69825517c835c41957e00e87,anglais,2022
69825517c835c41957e00e8a,anglais,2022
69825517c835c41957e00e8e,anglais,2022
69825517c835c41957e00e90,anglais,2022
69825517c835c41957e00eaf,anglais,2022
69825517c835c41957e00eb9,anglais,2023
69825517c835c41957e00eba,anglais,2022
69825517c835c41957e00ebd,russe,2022
69825517c835c41957e00ec7,anglais,2022
69825517c835c41957e00ed0,allemand,2022
69825517c835c41957e00f0e,anglais,2022
69825517c835c41957e00f13,anglais,2022
69825517c835c41957e00f16,anglais,2022
69825517c835c41957e00f1b,anglais,2022
69825517c835c41957e00f1c,polonais,2022
69825517c835c41957e00f20,russe,2022
69825517c835c41957e00f28,russe,2022
69825517c835c41957e00f29,anglais,2022
69825517c835c41957e00f2c,russe,2022
69825517c835c41957e00f2d,russe,2022
69825517c835c41957e00f2f,anglais,2022
69825517c835c41957e00f42,anglais,2022
69825517c835c41957e00f43,anglais,2022
69825517c835c41957e00f49,anglais,2022
69825517c835c41957e00f6b,anglais,2022
69825517c835c41957e00f6c,anglais,2022
69825517c835c41957e00f6d,anglais,2022
69825517c835c41957e00f6e,anglais,2023
69825517c835c41957e00f72,anglais,2022
69825517c835c41957e00f73,anglais,2022
69825517c835c41957e00f7a,,2022
69825517c835c41957e00f7b,anglais,2022
69825517c835c41957e00f7c,anglais,2023
69825517c835c41957e00f7f,anglais,2022
69825517c835c41957e00f80,allemand,2022
69825517c835c41957e00f94,norvégien,2022
69825517c835c41957e00f9c,anglais,2022
69825517c835c41957e00fa5,anglais,2022
69825517c835c41957e00fa7,italien,2022
69825517c835c41957e00fa9,croate,2022
69825517c835c41957e00fb3,anglais,2022
69825517c835c41957e00fb5,anglais,2023
69825517c835c41957e00fc4,anglais,2023
69825517c835c41957e00fc5,anglais,2023
69825517c835c41957e00fc7,anglais,2023
69825517c835c41957e00fe0,anglais,2024
69825517c835c41957e01003,russe,2022
69825517c835c41957e0100b,anglais,2023
69825517c835c41957e0100c,anglais,2023
69825517c835c41957e0100e,anglais,2023
69825517c835c41957e0100f,anglais,2022
69825517c835c41957e01010,anglais,2022
69825517c835c41957e01011,anglais,2022
69825517c835c41957e01015,anglais,2022
69825517c835c41957e0101a,anglais,2022
69825517c835c41957e01022,anglais,2022
69825517c835c41957e01027,anglais,2022
69825517c835c41957e01032,anglais,2022
69825517c835c41957e0104e,anglais,2023
69825517c835c41957e01058,anglais,2023
69825517c835c41957e01059,anglais,2022
69825517c835c41957e0105a,anglais,2023
69825517c835c41957e0106b,anglais,2023
69825517c835c41957e0106c,anglais,2023
69825517c835c41957e0106d,anglais,2023
69825517c835c41957e01076,français,2022
69825517c835c41957e01085,anglais,2022
69825517c835c41957e01088,anglais,2023
69825517c835c41957e01098,anglais,2023
69825517c835c41957e0109d,espagnol,2024
69825517c835c41957e0109f,anglais,2023
69825517c835c41957e010a0,anglais,2022
69825517c835c41957e010a1,anglais,2023
69825517c835c41957e010a7,russe,2022
69825517c835c41957e010ac,anglais,2023
69825517c835c41957e010af,russe,2022
69825517c835c41957e010b6,anglais,2022
69825517c835c41957e010ba,russe,2022
69825517c835c41957e010bd,italien,2023
69825517c835c41957e010c6,,2022
69825517c835c41957e010c8,anglais,2022
69825517c835c41957e010c9,anglais,2022
69825517c835c41957e010cd,anglais,2023
69825517c835c41957e010cf,anglais,2023
69825517c835c41957e010d2,anglais,2023
69825517c835c41957e010d3,anglais,2022
69825517c835c41957e010d4,anglais,2023
69825517c835c41957e010d5,anglais,2022
69825517c835c41957e010db,anglais,2023
69825517c835c41957e010dc,anglais,2023
69825517c835c41957e010e2,anglais,2023
69825517c835c41957e010f4,anglais,2023
69825517c835c41957e010f5,anglais,2023
69825517c835c41957e010f7,anglais,2024
69825517c835c41957e010f9,anglais,2023
69825517c835c41957e010fa,anglais,2023
69825517c835c41957e01102,espagnol,2023
69825517c835c41957e01104,anglais,2022
69825517c835c41957e01108,anglais,2023
69825517c835c41957e0111a,anglais,2022
69825517c835c41957e0111b,anglais,2023
69825517c835c41957e01121,anglais,2023
69825517c835c41957e01128,anglais,2023
69825517c835c41957e0112b,anglais,2023
69825517c835c41957e01141,anglais,2023
69825517c835c41957e01142,anglais,2023
69825517c835c41957e01143,anglais,2023
69825517c835c41957e0114c,coréen,2022
69825517c835c41957e01153,anglais,2023
69825517c835c41957e01155,français,2022
69825517c835c41957e01166,espagnol,2022
69825517c835c41957e0116f,anglais,2023
69825517c835c41957e01197,anglais,2023
69825517c835c41957e01198,anglais,2023
69825517c835c41957e01199,anglais,2022
69825517c835c41957e0119f,anglais,2023
69825517c835c41957e011a4,espagnol,2023
69825517c835c41957e011b3,anglais,2023
69825517c835c41957e011d2,anglais,2023
69825517c835c41957e011d3,anglais,2023
69825517c835c41957e011e4,anglais,2023
69825517c835c41957e011f0,anglais,2023
69825517c835c41957e011f8,anglais,2023
69825517c835c41957e01222,anglais,2023
69825517c835c41957e01223,anglais,2023
69825517c835c41957e01247,anglais,2023
69825517c835c41957e01254,anglais,2023
69825517c835c41957e01261,anglais,2022
69825517c835c41957e0126e,anglais,2023
69825517c835c41957e01274,anglais,2023
69825517c835c41957e01275,anglais,2023
69825517c835c41957e01282,anglais,2023
69825517c835c41957e01286,anglais,2023
69825517c835c41957e012b3,anglais,2023
69825517c835c41957e012c6,anglais,2023
69825517c835c41957e0140c,anglais,2022
69825517c835c41957e014eb,anglais,2022
69825517c835c41957e01899,anglais,2023
69825517c835c41957e0189b,anglais,2022
69825517c835c41957e018aa,anglais,2023
69825517c835c41957e018fa,anglais,2024
69825517c835c41957e018fe,anglais,2024
69825517c835c41957e01912,anglais,2023
69825517c835c41957e0191c,anglais,2024
69825517c835c41957e01922,anglais,2025
69825517c835c41957e01923,allemand,2025
69825517c835c41957e01926,français,2022
69825517c835c41957e01937,français,2025
69825517c835c41957e01941,français,2022
69825517c835c41957e01966,français,2025
69825517c835c41957e01985,serbe,2023
69825517c835c41957e0198f,espagnol,2022
69825517c835c41957e01aa2,anglais,2022
69825517c835c41957e01ab3,anglais,2022
69825517c835c41957e01ab4,anglais,2022
69825517c835c41957e01aba,catalan,2023
69825517c835c41957e01ac0,anglais,2023
69825517c835c41957e01ac1,italien,2023
