source,target,weight
69825516c835c41957dfd2c5,69825517c835c41957e0086b,1.3333333333333333
69825516c835c41957dfd2c5,69825517c835c41957dffd68,0.5333333333333333
69825516c835c41957dfd2c5,69825516c835c41957dfb7aa,0.3333333333333333
69825516c835c41957dfd2c5,69825517c835c41957e00222,0.2
69825516c835c41957dfd2c5,69825516c835c41957dfa965,0.2
69825516c835c41957dfd2c5,69825516c835c41957dfb443,0.2
69825516c835c41957dfd2c5,69825517c835c41957e00980,0.2
69825517c835c41957dff7f8,69825517c835c41957dffa33,0.5
69825517c835c41957dff7f8,69825516c835c41957dff21b,0.45
69825517c835c41957dff7f8,69825517c835c41957dffc6e,3.0833333333333335
69825517c835c41957dff7f8,69825516c835c41957dfc2e0,0.2
69825517c835c41957dff7f8,69825517c835c41957e00841,2.25
69825517c835c41957dff7f8,69825516c835c41957dfd253,0.45
69825517c835c41957dff7f8,69825516c835c41957dfe803,2.25
69825517c835c41957dff7f8,69825517c835c41957dff59e,0.5
69825517c835c41957dff7f8,69825517c835c41957e009fc,1.45
69825517c835c41957dff7f8,69825517c835c41957e00e87,0.45
69825517c835c41957dff7f8,69825516c835c41957dfcd3b,0.41666666666666663
69825516c835c41957dfe0c7,69825516c835c41957dfa4e0,0.2
69825516c835c41957dfe0c7,69825516c835c41957dfe0c8,0.45
69825516c835c41957dfe0c7,69825516c835c41957dfe0c6,0.45
69825516c835c41957dfe0c7,69825517c835c41957e00540,0.45
69825516c835c41957dfe0c7,69825516c835c41957dfe0c5,0.45
69825516c835c41957dfbbf5,69825516c835c41957dfbc09,0.05
69825516c835c41957dfbbf5,69825516c835c41957dfbbea,0.05
69825516c835c41957dfbbf5,69825516c835c41957dfbbe4,0.05
69825516c835c41957dfbbf5,69825516c835c41957dfbbba,0.05
69825516c835c41957dfbbf5,69825516c835c41957dfbc0f,0.05
69825516c835c41957dfbbf5,69825516c835c41957dfbbb8,0.05
69825516c835c41957dfbbf5,69825516c835c41957dfbbb7,0.05
69825516c835c41957dfbbf5,69825516c835c41957dfbc10,0.05
69825516c835c41957dfbbf5,69825516c835c41957dfbc20,0.05
69825516c835c41957dfbbf5,69825516c835c41957dfbbb2,0.05
69825516c835c41957dfbbf5,69825516c835c41957dfbbf8,0.05
69825516c835c41957dfbbf5,69825516c835c41957dfbbd4,0.05
69825516c835c41957dfbbf5,69825516c835c41957dfbbb9,0.05
69825516c835c41957dfbbf5,69825516c835c41957dfbc2c,0.05
69825516c835c41957dfbbf5,69825516c835c41957dfbbfd,0.05
69825516c835c41957dfbbf5,69825516c835c41957dfbc0e,0.05
69825516c835c41957dfbbf5,69825516c835c41957dfbc27,0.05
69825516c835c41957dfbbf5,69825516c835c41957dfbc23,0.05
69825516c835c41957dfbbf5,69825516c835c41957dfbc1b,0.05
69825516c835c41957dfbbf5,69825516c835c41957dfbbc3,0.05
69825516c835c41957dfd0fc,69825516c835c41957dfe5e5,0.25
69825516c835c41957dfd0fc,69825517c835c41957e009b6,3.0
69825516c835c41957dfd0fc,69825517c835c41957e00a2c,0.1111111111111111
69825516c835c41957dfd0fc,69825517c835c41957e00648,0.3666666666666667
69825516c835c41957dfd0fc,69825516c835c41957dfc16e,0.16666666666666666
69825516c835c41957dfd0fc,69825516c835c41957dfe2af,0.1111111111111111
69825516c835c41957dfd0fc,69825517c835c41957e010f4,0.16666666666666666
69825516c835c41957dfd0fc,69825516c835c41957dfe795,2.6444444444444444
69825516c835c41957dfd0fc,69825516c835c41957dfb966,0.25
69825516c835c41957dfd0fc,69825516c835c41957dfa9e8,0.1111111111111111
69825516c835c41957dfd0fc,69825517c835c41957e019f9,0.75
69825516c835c41957dfd0fc,69825516c835c41957df9c99,1.6444444444444444
69825516c835c41957dfd0fc,69825517c835c41957e01a78,1.0
69825516c835c41957dfd0fc,69825516c835c41957dfa160,0.1111111111111111
69825516c835c41957dfd0fc,69825516c835c41957dfc519,1.2
69825516c835c41957dfd0fc,69825516c835c41957dfef50,0.25
69825516c835c41957dfd0fc,69825517c835c41957e012b0,0.1111111111111111
69825516c835c41957dfd0fc,69825517c835c41957e01139,0.1111111111111111
69825516c835c41957dfd0fc,69825516c835c41957dfed83,3.644444444444445
69825517c835c41957dffe41,69825517c835c41957e0174b,0.5
69825517c835c41957dffe41,69825516c835c41957dfdb65,0.5
69825517c835c41957e016c6,69825517c835c41957e016b4,0.11428571428571428
69825517c835c41957e016c6,69825517c835c41957e01662,0.28095238095238095
69825517c835c41957e016c6,69825517c835c41957e01661,0.047619047619047616
69825517c835c41957e016c6,69825517c835c41957e01644,0.11428571428571428
69825517c835c41957e016c6,69825517c835c41957e016ba,0.1
69825517c835c41957e016c6,69825517c835c41957e015f2,0.1
69825517c835c41957e016c6,69825517c835c41957e01627,0.047619047619047616
69825517c835c41957e016c6,69825517c835c41957e016b7,0.580952380952381
69825517c835c41957e016c6,69825517c835c41957e0164f,0.11428571428571428
69825517c835c41957e016c6,69825517c835c41957e015a4,0.580952380952381
69825517c835c41957e016c6,69825517c835c41957e0161f,0.2142857142857143
69825517c835c41957e016c6,69825517c835c41957e01620,0.580952380952381
69825517c835c41957e016c6,69825517c835c41957e015d3,0.11428571428571428
69825517c835c41957e016c6,69825517c835c41957e0157c,0.047619047619047616
69825517c835c41957e016c6,69825517c835c41957e015b0,0.48095238095238096
69825517c835c41957e016c6,69825517c835c41957e015be,0.41428571428571426
69825517c835c41957e016c6,69825517c835c41957e01617,0.047619047619047616
69825517c835c41957e016c6,69825517c835c41957e015db,0.06666666666666667
69825517c835c41957e016c6,69825516c835c41957dfefb2,0.047619047619047616
69825517c835c41957e016c6,69825517c835c41957e016d1,0.14761904761904762
69825517c835c41957e016c6,69825517c835c41957e01645,0.16666666666666669
69825517c835c41957e016c6,69825517c835c41957e01654,0.047619047619047616
69825517c835c41957e016c6,69825517c835c41957e016aa,0.047619047619047616
69825517c835c41957e016c6,69825517c835c41957e015e2,0.06666666666666667
69825517c835c41957e016c6,69825517c835c41957e016b3,0.1
69825517c835c41957e016c6,69825517c835c41957e0161b,0.2142857142857143
69825517c835c41957e016c6,69825517c835c41957e015cf,0.06666666666666667
69825517c835c41957e016c6,69825517c835c41957e0168f,0.047619047619047616
69825516c835c41957dff07c,69825516c835c41957dff0dc,0.02631578947368421
69825516c835c41957dff07c,69825516c835c41957dff05c,0.02631578947368421
69825516c835c41957dff07c,69825516c835c41957dff0b1,0.02631578947368421
69825516c835c41957dff07c,69825516c835c41957dff0ba,0.19298245614035087
69825516c835c41957dff07c,69825516c835c41957dff05e,0.02631578947368421
69825516c835c41957dff07c,69825516c835c41957dff069,0.02631578947368421
69825516c835c41957dff07c,69825516c835c41957dff063,0.02631578947368421
69825516c835c41957dff07c,69825516c835c41957dff06c,0.02631578947368421
69825516c835c41957dff07c,69825516c835c41957dff070,0.02631578947368421
69825516c835c41957dff07c,69825516c835c41957dff090,0.02631578947368421
69825516c835c41957dff07c,69825516c835c41957dff083,0.19298245614035087
69825516c835c41957dff07c,69825516c835c41957dff0cd,0.02631578947368421
69825516c835c41957dff07c,69825516c835c41957dff0d0,0.19298245614035087
69825516c835c41957dff07c,69825516c835c41957dff0cf,0.19298245614035087
69825516c835c41957dff07c,69825516c835c41957dff0d6,0.02631578947368421
69825516c835c41957dff07c,69825516c835c41957dff0b3,0.02631578947368421
69825516c835c41957dff07c,69825516c835c41957dff055,0.02631578947368421
69825516c835c41957dff07c,69825516c835c41957dff0c8,0.02631578947368421
69825516c835c41957dff07c,69825516c835c41957dff05f,0.02631578947368421
69825516c835c41957dff07c,69825516c835c41957dff071,0.02631578947368421
69825516c835c41957dff07c,69825516c835c41957dff0de,0.02631578947368421
69825516c835c41957dff07c,69825516c835c41957dff091,0.02631578947368421
69825516c835c41957dff07c,69825516c835c41957dff080,0.02631578947368421
69825516c835c41957dff07c,69825516c835c41957dff064,0.02631578947368421
69825516c835c41957dff07c,69825516c835c41957dff0b2,0.02631578947368421
69825516c835c41957dff07c,69825516c835c41957dff082,0.02631578947368421
69825516c835c41957dff07c,69825516c835c41957dff09e,0.02631578947368421
69825516c835c41957dff07c,69825516c835c41957dff072,0.02631578947368421
69825516c835c41957dff07c,69825516c835c41957dff09d,0.19298245614035087
69825516c835c41957dff07c,69825516c835c41957dff0db,0.02631578947368421
69825516c835c41957dff07c,69825516c835c41957dff086,0.02631578947368421
69825516c835c41957dff07c,69825516c835c41957dff077,0.02631578947368421
69825516c835c41957dff07c,69825516c835c41957dff0a2,0.02631578947368421
69825516c835c41957dff07c,69825516c835c41957dff0d3,0.19298245614035087
69825516c835c41957dff07c,69825516c835c41957dff08f,0.02631578947368421
69825516c835c41957dff07c,69825516c835c41957dff06f,0.02631578947368421
69825516c835c41957dff07c,69825516c835c41957dff0d9,0.02631578947368421
69825516c835c41957dff07c,69825516c835c41957dff0d1,0.02631578947368421
69825516c835c41957dfa8f3,69825516c835c41957dfce6c,0.3333333333333333
69825516c835c41957dfa8f3,69825516c835c41957dfccf0,0.3333333333333333
69825516c835c41957dfa8f3,69825516c835c41957dfcd2c,0.3333333333333333
69825516c835c41957dfa7e6,69825516c835c41957dfb5bd,0.5
69825516c835c41957dfa7e6,69825516c835c41957df9e69,1.0
69825516c835c41957dfa7e6,69825516c835c41957dfa542,0.5
69825516c835c41957dfca1d,69825516c835c41957dfc943,0.5
69825516c835c41957dfca1d,69825517c835c41957e00334,0.5
69825516c835c41957dfa4f4,69825517c835c41957e01261,1.0
69825516c835c41957dfa4f4,69825516c835c41957dfa3d9,1.0
69825517c835c41957dffd69,69825516c835c41957dfe0eb,1.0
69825517c835c41957dffd69,69825517c835c41957dff523,2.0
69825516c835c41957dff31f,69825516c835c41957dfc939,0.75
69825516c835c41957dff31f,69825517c835c41957dff416,0.75
69825516c835c41957dff31f,69825517c835c41957e01a80,0.25
69825516c835c41957dff31f,69825516c835c41957dff3c9,0.25
69825516c835c41957dfda96,69825516c835c41957dfba95,1.0
69825517c835c41957e01088,69825517c835c41957e01197,3.0
69825516c835c41957df9fab,69825517c835c41957dffa48,1.0
69825516c835c41957dfa9e8,69825516c835c41957dfe20d,0.07142857142857142
69825516c835c41957dfa9e8,69825516c835c41957dfa5a4,0.7916666666666666
69825516c835c41957dfa9e8,69825516c835c41957dfab35,0.07142857142857142
69825516c835c41957dfa9e8,69825517c835c41957e00a2c,2.3769841269841274
69825516c835c41957dfa9e8,69825517c835c41957e00bf1,0.5
69825516c835c41957dfa9e8,69825516c835c41957dfd8b5,0.08333333333333333
69825516c835c41957dfa9e8,69825516c835c41957dfc107,0.1111111111111111
69825516c835c41957dfa9e8,69825516c835c41957dfb5b1,0.8611111111111112
69825516c835c41957dfa9e8,69825516c835c41957dfe2af,0.1111111111111111
69825516c835c41957dfa9e8,69825516c835c41957dfedaa,0.16666666666666666
69825516c835c41957dfa9e8,69825516c835c41957dfefc1,0.07142857142857142
69825516c835c41957dfa9e8,69825516c835c41957dfd3f8,0.125
69825516c835c41957dfa9e8,69825516c835c41957dfe795,0.501984126984127
69825516c835c41957dfa9e8,69825517c835c41957e01001,0.16666666666666666
69825516c835c41957dfa9e8,69825516c835c41957dfedab,0.16666666666666666
69825516c835c41957dfa9e8,69825516c835c41957dff00a,0.07142857142857142
69825516c835c41957dfa9e8,69825516c835c41957dfabe1,0.07142857142857142
69825516c835c41957dfa9e8,69825516c835c41957dfefed,0.07142857142857142
69825516c835c41957dfa9e8,69825516c835c41957dff009,0.07142857142857142
69825516c835c41957dfa9e8,69825516c835c41957dfb940,0.16666666666666666
69825516c835c41957dfa9e8,69825516c835c41957dfe0e9,0.16666666666666666
69825516c835c41957dfa9e8,69825516c835c41957dfa168,0.5
69825516c835c41957dfa9e8,69825516c835c41957df9c99,1.6408730158730158
69825516c835c41957dfa9e8,69825517c835c41957e011ac,0.20833333333333331
69825516c835c41957dfa9e8,69825517c835c41957e00ded,0.3333333333333333
69825516c835c41957dfa9e8,69825516c835c41957dfa160,3.2103174603174605
69825516c835c41957dfa9e8,69825516c835c41957dfd8e7,0.20833333333333331
69825516c835c41957dfa9e8,69825517c835c41957e00654,0.1111111111111111
69825516c835c41957dfa9e8,69825517c835c41957dff799,0.1111111111111111
69825516c835c41957dfa9e8,69825516c835c41957dfef50,0.16666666666666666
69825516c835c41957dfa9e8,69825516c835c41957dfd404,0.16666666666666666
69825516c835c41957dfa9e8,69825517c835c41957e012b0,0.1111111111111111
69825516c835c41957dfa9e8,69825516c835c41957dfb9af,0.7916666666666666
69825516c835c41957dfa9e8,69825517c835c41957e01139,0.41865079365079366
69825516c835c41957dfa9e8,69825516c835c41957dfa8a4,0.20833333333333331
69825516c835c41957dfa9e8,69825516c835c41957dfd3ed,0.07142857142857142
69825516c835c41957dfa9e8,69825516c835c41957dfd086,0.20833333333333331
69825516c835c41957dfa9e8,69825516c835c41957dfed83,0.3194444444444444
69825516c835c41957dfa9e8,69825517c835c41957e00bfc,0.1111111111111111
69825516c835c41957dfa9e8,69825516c835c41957dfe0e5,0.16666666666666666
69825516c835c41957dfa9e8,69825517c835c41957e0086e,0.125
69825516c835c41957dfa9e8,69825516c835c41957dfab5b,0.3333333333333333
69825516c835c41957dfa9e8,69825516c835c41957dfa813,0.3333333333333333
69825516c835c41957dfa9e8,69825517c835c41957e012da,0.07142857142857142
69825516c835c41957dfa9e8,69825516c835c41957dfd405,0.16666666666666666
69825516c835c41957dfada1,69825516c835c41957dfade7,2.25
69825516c835c41957dfada1,69825516c835c41957dfadfd,0.25
69825516c835c41957dfada1,69825516c835c41957dfadfb,0.25
69825516c835c41957dfada1,69825516c835c41957dfadbd,0.25
69825516c835c41957dfd2ef,69825517c835c41957dffce6,0.5
69825516c835c41957dfd2ef,69825516c835c41957dfd304,0.5
69825516c835c41957dfb9f7,69825516c835c41957dfba5d,1.0
69825517c835c41957e00476,69825517c835c41957dffc04,0.25
69825517c835c41957e00476,69825517c835c41957e004bc,0.25
69825517c835c41957e00476,69825516c835c41957dfe0e1,0.25
69825517c835c41957e00476,69825517c835c41957e01aa2,0.25
69825516c835c41957dfa28a,69825516c835c41957df9e7e,0.5833333333333333
69825516c835c41957dfa28a,69825516c835c41957df9f97,0.5833333333333333
69825516c835c41957dfa28a,69825516c835c41957dfa528,0.25
69825516c835c41957dfa28a,69825516c835c41957df9f96,0.5833333333333333
69825516c835c41957dfedd8,69825517c835c41957e002c4,0.5
69825516c835c41957dfedd8,69825517c835c41957dffae9,0.5
69825516c835c41957dfedd8,69825517c835c41957e011f8,0.5
69825516c835c41957dfedd8,69825517c835c41957e0079b,0.5
69825516c835c41957dfa3a3,69825516c835c41957dfd5a7,0.16666666666666666
69825516c835c41957dfa3a3,69825517c835c41957dff882,0.6666666666666666
69825516c835c41957dfa3a3,69825516c835c41957dfdd16,0.16666666666666666
69825516c835c41957dfa3a3,69825516c835c41957dfca71,0.16666666666666666
69825516c835c41957dfa3a3,69825516c835c41957dfdd11,0.6666666666666666
69825516c835c41957dfa3a3,69825516c835c41957dfda37,0.16666666666666666
69825516c835c41957dfc06a,69825517c835c41957e004b6,0.3333333333333333
69825516c835c41957dfc06a,69825516c835c41957dfa333,0.3333333333333333
69825516c835c41957dfc06a,69825517c835c41957dff94f,0.8333333333333333
69825516c835c41957dfc06a,69825516c835c41957dfa8d4,0.5
69825516c835c41957dfdc4e,69825516c835c41957dfac61,0.5
69825516c835c41957dfdc4e,69825516c835c41957dfb4d7,0.5
69825516c835c41957dfe402,69825516c835c41957dfe3f8,0.07142857142857142
69825516c835c41957dfe402,69825516c835c41957dfe3da,0.07142857142857142
69825516c835c41957dfe402,69825516c835c41957dfe406,0.07142857142857142
69825516c835c41957dfe402,69825516c835c41957dfe3f3,0.07142857142857142
69825516c835c41957dfe402,69825516c835c41957dfe3ed,0.07142857142857142
69825516c835c41957dfe402,69825517c835c41957e00d6c,1.0
69825516c835c41957dfe402,69825516c835c41957dfe414,0.07142857142857142
69825516c835c41957dfe402,69825516c835c41957dfe3d7,0.07142857142857142
69825516c835c41957dfe402,69825516c835c41957dfe3d6,0.07142857142857142
69825516c835c41957dfe402,69825516c835c41957dfe40c,0.07142857142857142
69825516c835c41957dfe402,69825516c835c41957dfe413,0.07142857142857142
69825516c835c41957dfe402,69825516c835c41957dfe417,0.07142857142857142
69825516c835c41957dfe402,69825516c835c41957dfe420,0.07142857142857142
69825516c835c41957dfe402,69825516c835c41957dfe3ef,0.07142857142857142
69825516c835c41957dfe402,69825516c835c41957dfe3d4,0.07142857142857142
69825517c835c41957e004f3,69825517c835c41957e004ea,1.0
69825516c835c41957dfbc23,69825516c835c41957dfbc09,0.05
69825516c835c41957dfbc23,69825516c835c41957dfbbea,0.05
69825516c835c41957dfbc23,69825516c835c41957dfbbe4,0.05
69825516c835c41957dfbc23,69825516c835c41957dfbbba,0.05
69825516c835c41957dfbc23,69825516c835c41957dfbc0f,0.05
69825516c835c41957dfbc23,69825516c835c41957dfbbb8,0.05
69825516c835c41957dfbc23,69825516c835c41957dfbbb7,0.05
69825516c835c41957dfbc23,69825516c835c41957dfbc10,0.05
69825516c835c41957dfbc23,69825516c835c41957dfbc20,0.05
69825516c835c41957dfbc23,69825516c835c41957dfbbb2,0.05
69825516c835c41957dfbc23,69825516c835c41957dfbbf8,0.05
69825516c835c41957dfbc23,69825516c835c41957dfbbd4,0.05
69825516c835c41957dfbc23,69825516c835c41957dfbbb9,0.05
69825516c835c41957dfbc23,69825516c835c41957dfbc2c,0.05
69825516c835c41957dfbc23,69825516c835c41957dfbbfd,0.05
69825516c835c41957dfbc23,69825516c835c41957dfbc0e,0.05
69825516c835c41957dfbc23,69825516c835c41957dfbc27,0.05
69825516c835c41957dfbc23,69825516c835c41957dfbc1b,0.05
69825516c835c41957dfbc23,69825516c835c41957dfbbc3,0.05
69825517c835c41957dffd49,69825517c835c41957dffd58,0.07407407407407407
69825517c835c41957dffd49,69825517c835c41957dffd3d,0.07407407407407407
69825517c835c41957dffd49,69825517c835c41957dffd63,0.07407407407407407
69825517c835c41957dffd49,69825517c835c41957dffd59,0.07407407407407407
69825517c835c41957dffd49,69825517c835c41957dffd5a,0.07407407407407407
69825517c835c41957dffd49,69825517c835c41957dffd3e,0.07407407407407407
69825517c835c41957dffd49,69825517c835c41957e01276,0.037037037037037035
69825517c835c41957dffd49,69825517c835c41957dffd3c,0.07407407407407407
69825517c835c41957dffd49,69825517c835c41957dffd5c,0.07407407407407407
69825517c835c41957dffd49,69825517c835c41957dffd62,0.07407407407407407
69825517c835c41957dffd49,69825517c835c41957dffd39,0.07407407407407407
69825517c835c41957dffd49,69825517c835c41957dffd64,0.07407407407407407
69825517c835c41957dffd49,69825517c835c41957dffd5e,0.07407407407407407
69825517c835c41957dffd49,69825517c835c41957dffd44,0.07407407407407407
69825517c835c41957dffd49,69825517c835c41957dffd36,0.07407407407407407
69825517c835c41957dffd49,69825517c835c41957dffd3b,0.07407407407407407
69825517c835c41957dffd49,69825517c835c41957dffd60,0.07407407407407407
69825517c835c41957dffd49,69825517c835c41957dffd4f,0.07407407407407407
69825517c835c41957dffd49,69825517c835c41957e012a7,0.037037037037037035
69825517c835c41957dffd49,69825517c835c41957dffd50,0.07407407407407407
69825517c835c41957dffd49,69825517c835c41957dffd42,0.07407407407407407
69825517c835c41957dffd49,69825517c835c41957dffd35,0.07407407407407407
69825517c835c41957dffd49,69825517c835c41957dffd43,0.07407407407407407
69825517c835c41957dffd49,69825517c835c41957dffd47,0.07407407407407407
69825517c835c41957dffd49,69825517c835c41957dffd3f,0.07407407407407407
69825517c835c41957dffd49,69825517c835c41957dffd53,0.07407407407407407
69825517c835c41957dffd49,69825517c835c41957dffd45,0.07407407407407407
69825517c835c41957dffd49,69825517c835c41957dffd54,0.07407407407407407
69825516c835c41957dfe869,69825516c835c41957dfc2e8,0.14285714285714285
69825516c835c41957dfe869,69825517c835c41957e01811,0.25
69825516c835c41957dfe869,69825517c835c41957dff7a3,1.2095238095238094
69825516c835c41957dfe869,69825516c835c41957dfd2c1,0.7095238095238096
69825516c835c41957dfe869,69825516c835c41957dfbd2b,0.30952380952380953
69825516c835c41957dfe869,69825516c835c41957dfa0b1,0.25
69825516c835c41957dfe869,69825517c835c41957e0069b,1.7095238095238094
69825516c835c41957dfe869,69825517c835c41957e01810,0.2
69825516c835c41957dfe869,69825516c835c41957dfbd2d,0.3666666666666667
69825516c835c41957dfe869,69825516c835c41957dfbd25,0.14285714285714285
69825516c835c41957dfe869,69825517c835c41957dffa4b,1.7095238095238094
69825516c835c41957dfca4a,69825517c835c41957e012aa,1.0
69825517c835c41957e0034c,69825516c835c41957df9dce,1.0
69825516c835c41957dfa16c,69825516c835c41957dfa96e,1.6388888888888888
69825516c835c41957dfa16c,69825516c835c41957dfdc15,0.05555555555555555
69825516c835c41957dfa16c,69825516c835c41957dfd889,0.05555555555555555
69825516c835c41957dfa16c,69825517c835c41957e00d49,0.05555555555555555
69825516c835c41957dfa16c,69825516c835c41957df9f2c,0.05555555555555555
69825516c835c41957dfa16c,69825516c835c41957dfbb3a,0.05555555555555555
69825516c835c41957dfa16c,69825516c835c41957dfe123,0.05555555555555555
69825516c835c41957dfa16c,69825517c835c41957dff88b,0.3055555555555556
69825516c835c41957dfa16c,69825517c835c41957dffb45,0.05555555555555555
69825516c835c41957dfa16c,69825517c835c41957e00628,0.6388888888888888
69825516c835c41957dfa16c,69825516c835c41957dfef54,0.05555555555555555
69825516c835c41957dfa16c,69825517c835c41957e0088e,0.05555555555555555
69825516c835c41957dfa16c,69825516c835c41957dfc16e,0.6388888888888888
69825516c835c41957dfa16c,69825516c835c41957dfdfa6,0.05555555555555555
69825516c835c41957dfa16c,69825516c835c41957dfa352,0.05555555555555555
69825516c835c41957dfa16c,69825516c835c41957dfd70f,0.05555555555555555
69825516c835c41957dfa16c,69825516c835c41957dfe802,0.05555555555555555
69825516c835c41957dfa16c,69825517c835c41957e0042c,0.05555555555555555
69825516c835c41957dfca24,69825516c835c41957dfca23,5.0
69825516c835c41957dfbd25,69825516c835c41957dfc2e8,0.14285714285714285
69825516c835c41957dfbd25,69825517c835c41957dff7a3,0.14285714285714285
69825516c835c41957dfbd25,69825516c835c41957dfd2c1,0.14285714285714285
69825516c835c41957dfbd25,69825516c835c41957dfbd2b,0.14285714285714285
69825516c835c41957dfbd25,69825517c835c41957e0069b,0.14285714285714285
69825516c835c41957dfbd25,69825517c835c41957dffa4b,0.14285714285714285
69825516c835c41957dfbaa4,69825516c835c41957dfba9f,0.1111111111111111
69825516c835c41957dfbaa4,69825516c835c41957dfba97,0.1111111111111111
69825516c835c41957dfbaa4,69825516c835c41957dfbaa0,0.1111111111111111
69825516c835c41957dfbaa4,69825516c835c41957dfbaa1,0.1111111111111111
69825516c835c41957dfbaa4,69825516c835c41957dfbaa2,0.1111111111111111
69825516c835c41957dfbaa4,69825516c835c41957dfbaa5,0.1111111111111111
69825516c835c41957dfbaa4,69825516c835c41957dfba98,0.1111111111111111
69825516c835c41957dfbaa4,69825516c835c41957dfba96,0.1111111111111111
69825516c835c41957dfbaa4,69825516c835c41957dfbaa3,0.1111111111111111
69825516c835c41957dfd2d9,69825516c835c41957dfdc61,0.07142857142857142
69825516c835c41957dfd2d9,69825516c835c41957dfa720,0.07142857142857142
69825516c835c41957dfd2d9,69825517c835c41957dff930,0.40476190476190477
69825516c835c41957dfd2d9,69825516c835c41957dfccad,0.07142857142857142
69825516c835c41957dfd2d9,69825516c835c41957dfa761,0.25
69825516c835c41957dfd2d9,69825517c835c41957e00bf6,0.40476190476190477
69825516c835c41957dfd2d9,69825517c835c41957e00726,0.25
69825516c835c41957dfd2d9,69825516c835c41957dfcd80,0.07142857142857142
69825516c835c41957dfd2d9,69825516c835c41957dfa73b,0.07142857142857142
69825516c835c41957dfd2d9,69825516c835c41957dfe793,0.07142857142857142
69825516c835c41957dfd2d9,69825516c835c41957dfa8f6,0.07142857142857142
69825516c835c41957dfd2d9,69825517c835c41957e00950,0.25
69825516c835c41957dfd2d9,69825517c835c41957e01108,0.07142857142857142
69825516c835c41957dfd2d9,69825516c835c41957dfe801,0.40476190476190477
69825516c835c41957dfd2d9,69825517c835c41957e00fc5,0.07142857142857142
69825516c835c41957dfd2d9,69825516c835c41957dff27c,0.07142857142857142
69825516c835c41957dfd2d9,69825517c835c41957e00d24,0.25
69825516c835c41957dfd2d9,69825516c835c41957dfa0e9,1.0
69825516c835c41957dfd2d9,69825516c835c41957dfc328,0.07142857142857142
69825516c835c41957dfab25,69825516c835c41957dfbc9f,0.5
69825516c835c41957dfab25,69825516c835c41957dfa548,0.5
69825516c835c41957dfca70,69825516c835c41957dfda2b,0.09090909090909091
69825516c835c41957dfca70,69825517c835c41957e0119f,0.09090909090909091
69825516c835c41957dfca70,69825516c835c41957dfa3a9,0.09090909090909091
69825516c835c41957dfca70,69825517c835c41957dffca7,0.09090909090909091
69825516c835c41957dfca70,69825516c835c41957dfca71,0.5909090909090909
69825516c835c41957dfca70,69825517c835c41957e005bf,0.09090909090909091
69825516c835c41957dfca70,69825516c835c41957dff357,0.09090909090909091
69825516c835c41957dfca70,69825516c835c41957dfca72,0.5909090909090909
69825516c835c41957dfca70,69825516c835c41957dfe66e,0.16666666666666666
69825516c835c41957dfca70,69825516c835c41957dff3b6,0.16666666666666666
69825516c835c41957dfca70,69825516c835c41957dfa122,0.09090909090909091
69825516c835c41957dfca70,69825516c835c41957dfe66d,0.16666666666666666
69825516c835c41957dfca70,69825516c835c41957dfca6f,0.5909090909090909
69825516c835c41957dfca70,69825516c835c41957dfda3e,0.09090909090909091
69825516c835c41957dfd21a,69825516c835c41957dfd20f,1.0
69825516c835c41957dfc16e,69825516c835c41957dfd889,0.05555555555555555
69825516c835c41957dfc16e,69825516c835c41957dfef54,0.05555555555555555
69825516c835c41957dfc16e,69825517c835c41957e0088e,0.05555555555555555
69825516c835c41957dfc16e,69825517c835c41957e00648,0.16666666666666666
69825516c835c41957dfc16e,69825516c835c41957dfa352,0.05555555555555555
69825516c835c41957dfc16e,69825516c835c41957dfd70f,0.05555555555555555
69825516c835c41957dfc16e,69825517c835c41957e010f4,0.16666666666666666
69825516c835c41957dfc16e,69825516c835c41957df9f2c,0.05555555555555555
69825516c835c41957dfc16e,69825516c835c41957dfbb3a,0.05555555555555555
69825516c835c41957dfc16e,69825516c835c41957dfe795,0.16666666666666666
69825516c835c41957dfc16e,69825517c835c41957dff88b,0.3055555555555556
69825516c835c41957dfc16e,69825517c835c41957e00628,3.638888888888889
69825516c835c41957dfc16e,69825517c835c41957e0042c,0.05555555555555555
69825516c835c41957dfc16e,69825516c835c41957dfa96e,0.6388888888888888
69825516c835c41957dfc16e,69825517c835c41957e00d49,0.05555555555555555
69825516c835c41957dfc16e,69825516c835c41957df9c99,0.16666666666666666
69825516c835c41957dfc16e,69825516c835c41957dfe123,0.05555555555555555
69825516c835c41957dfc16e,69825516c835c41957dfdfa6,0.05555555555555555
69825516c835c41957dfc16e,69825516c835c41957dfe802,0.05555555555555555
69825516c835c41957dfc16e,69825516c835c41957dfdc15,0.05555555555555555
69825516c835c41957dfc16e,69825516c835c41957dfed83,0.16666666666666666
69825516c835c41957dfc16e,69825517c835c41957dffb45,0.05555555555555555
69825517c835c41957e00564,69825516c835c41957dfba70,1.0
69825516c835c41957dfa034,69825517c835c41957e00d4d,0.5
69825516c835c41957dfa034,69825517c835c41957e00d4e,0.5
69825517c835c41957e01103,69825517c835c41957e01106,1.0
69825517c835c41957e01103,69825516c835c41957dff258,1.0
69825517c835c41957e01103,69825517c835c41957e00b87,1.0
69825516c835c41957dfd303,69825516c835c41957dfb5bf,0.39285714285714285
69825516c835c41957dfd303,69825516c835c41957dfc836,0.14285714285714285
69825516c835c41957dfd303,69825516c835c41957dfe4b3,0.25
69825516c835c41957dfd303,69825517c835c41957e003a7,0.39285714285714285
69825516c835c41957dfd303,69825516c835c41957dfd217,0.25
69825516c835c41957dfd303,69825516c835c41957dfc843,0.14285714285714285
69825516c835c41957dfd303,69825516c835c41957dfd243,0.14285714285714285
69825516c835c41957dfd303,69825516c835c41957dfc810,0.6428571428571428
69825516c835c41957dfd303,69825516c835c41957dfc802,0.6428571428571428
69825517c835c41957e01945,69825517c835c41957e01944,0.8333333333333333
69825517c835c41957e01945,69825517c835c41957e01946,1.3333333333333333
69825517c835c41957e01945,69825517c835c41957e01948,0.8333333333333333
69825517c835c41957e01627,69825517c835c41957e016b4,0.047619047619047616
69825517c835c41957e01627,69825517c835c41957e01662,0.047619047619047616
69825517c835c41957e01627,69825517c835c41957e01661,0.13852813852813853
69825517c835c41957e01627,69825517c835c41957e01644,0.13852813852813853
69825517c835c41957e01627,69825517c835c41957e016b7,0.13852813852813853
69825517c835c41957e01627,69825517c835c41957e0164f,0.13852813852813853
69825517c835c41957e01627,69825517c835c41957e015a4,0.13852813852813853
69825517c835c41957e01627,69825517c835c41957e0161f,0.047619047619047616
69825517c835c41957e01627,69825517c835c41957e01620,0.13852813852813853
69825517c835c41957e01627,69825517c835c41957e015d3,0.047619047619047616
69825517c835c41957e01627,69825517c835c41957e0157c,0.047619047619047616
69825517c835c41957e01627,69825517c835c41957e015be,0.13852813852813853
69825517c835c41957e01627,69825517c835c41957e015b0,0.047619047619047616
69825517c835c41957e01627,69825517c835c41957e01617,0.13852813852813853
69825517c835c41957e01627,69825516c835c41957dfefb2,0.047619047619047616
69825517c835c41957e01627,69825517c835c41957e016d1,0.047619047619047616
69825517c835c41957e01627,69825517c835c41957e01654,0.13852813852813853
69825517c835c41957e01627,69825517c835c41957e016aa,0.047619047619047616
69825517c835c41957e01627,69825517c835c41957e0161b,0.13852813852813853
69825517c835c41957e01627,69825517c835c41957e0168f,0.13852813852813853
69825516c835c41957dfba0a,69825516c835c41957dfbd7b,0.16666666666666666
69825516c835c41957dfba0a,69825516c835c41957dfbd86,0.16666666666666666
69825516c835c41957dfba0a,69825517c835c41957e007c0,0.16666666666666666
69825516c835c41957dfba0a,69825517c835c41957e00e96,0.16666666666666666
69825516c835c41957dfba0a,69825516c835c41957dfba0e,0.16666666666666666
69825516c835c41957dfba0a,69825516c835c41957dfc205,0.16666666666666666
69825516c835c41957dfee68,69825516c835c41957dfc117,0.2
69825516c835c41957dfee68,69825516c835c41957dfe656,0.45
69825516c835c41957dfee68,69825517c835c41957dff8c5,0.45
69825516c835c41957dfee68,69825517c835c41957dff83a,0.45
69825516c835c41957dfee68,69825516c835c41957df9e61,0.45
69825517c835c41957dffcbf,69825517c835c41957e00112,0.45
69825517c835c41957dffcbf,69825516c835c41957dfeef4,0.25
69825517c835c41957dffcbf,69825517c835c41957e00f9f,0.2
69825517c835c41957dffcbf,69825517c835c41957e01830,0.25
69825517c835c41957dffcbf,69825517c835c41957e00bd8,0.45
69825517c835c41957dffcbf,69825516c835c41957dfcdc6,0.2
69825517c835c41957dffcbf,69825516c835c41957dfa02f,0.2
69825516c835c41957dfa533,69825516c835c41957dfa52a,0.25
69825516c835c41957dfa533,69825516c835c41957dfa1a7,1.0
69825516c835c41957dfa533,69825516c835c41957dfa3f8,0.5
69825516c835c41957dfa533,69825516c835c41957dfd1f8,1.0
69825516c835c41957dfa533,69825516c835c41957dfa4ba,0.3333333333333333
69825516c835c41957dfa533,69825516c835c41957dfa465,0.41666666666666663
69825516c835c41957dfa533,69825516c835c41957dfa4bc,2.5
69825516c835c41957dfa533,69825516c835c41957dfa42e,0.25
69825516c835c41957dfa533,69825516c835c41957dfe606,0.16666666666666666
69825516c835c41957dfa533,69825516c835c41957dfa522,1.5
69825516c835c41957dfa533,69825516c835c41957df9f79,0.16666666666666666
69825516c835c41957dfa533,69825516c835c41957dfa47c,0.3333333333333333
69825516c835c41957dfa533,69825516c835c41957dfef25,0.16666666666666666
69825516c835c41957dfa533,69825516c835c41957dfcd0a,0.16666666666666666
69825516c835c41957dfa533,69825516c835c41957dfa51e,1.5
69825516c835c41957dfa533,69825516c835c41957dfa429,1.5
69825516c835c41957dfa533,69825516c835c41957dfa428,1.0
69825516c835c41957dfa533,69825516c835c41957dfa42d,1.0
69825516c835c41957dfa533,69825517c835c41957e012aa,0.25
69825516c835c41957dfa4d9,69825516c835c41957dfe2b0,2.0
69825516c835c41957dfe4a9,69825516c835c41957dfe48e,0.1111111111111111
69825516c835c41957dfe4a9,69825517c835c41957e01739,0.1111111111111111
69825516c835c41957dfe4a9,69825516c835c41957dfe48d,0.1111111111111111
69825516c835c41957dfe4a9,69825516c835c41957dfe1f6,0.1111111111111111
69825516c835c41957dfe4a9,69825516c835c41957dfe489,0.1111111111111111
69825516c835c41957dfe4a9,69825516c835c41957dfe486,0.1111111111111111
69825516c835c41957dfe4a9,69825516c835c41957dfe21b,0.1111111111111111
69825516c835c41957dfe4a9,69825516c835c41957dfe21f,0.1111111111111111
69825516c835c41957dfe4a9,69825516c835c41957dfe202,0.1111111111111111
69825516c835c41957dfdba5,69825516c835c41957dfb4ac,0.125
69825516c835c41957dfdba5,69825517c835c41957e00841,0.125
69825516c835c41957dfdba5,69825517c835c41957dff98c,0.125
69825516c835c41957dfdba5,69825516c835c41957dfe79f,0.7714285714285715
69825516c835c41957dfdba5,69825516c835c41957dfd9f1,0.3125
69825516c835c41957dfdba5,69825516c835c41957dfd2d4,0.13392857142857142
69825516c835c41957dfdba5,69825517c835c41957dff6fc,1.1339285714285714
69825516c835c41957dfdba5,69825517c835c41957e007db,0.19642857142857142
69825516c835c41957dfdba5,69825517c835c41957e00f6b,0.13392857142857142
69825516c835c41957dfdba5,69825517c835c41957e00ecc,0.125
69825516c835c41957dfdba5,69825516c835c41957dfe867,0.25
69825516c835c41957dfdba5,69825516c835c41957dfb79e,0.3333333333333333
69825516c835c41957dfdba5,69825517c835c41957dffc6e,0.125
69825516c835c41957dfdba5,69825517c835c41957e0080a,0.7
69825516c835c41957dfdba5,69825517c835c41957dffbd6,0.45892857142857146
69825516c835c41957dfdba5,69825517c835c41957e01762,0.125
69825516c835c41957dfdba5,69825516c835c41957dfd30c,0.25
69825516c835c41957dfdba5,69825516c835c41957dfb96a,0.125
69825516c835c41957dfdba5,69825517c835c41957e00d49,0.125
69825516c835c41957dfdba5,69825516c835c41957dfbca7,0.3333333333333333
69825516c835c41957dfdba5,69825516c835c41957dfb9be,0.25
69825516c835c41957dfdba5,69825516c835c41957dfdb63,0.3839285714285714
69825516c835c41957dfdba5,69825517c835c41957dff59e,0.125
69825516c835c41957dfdba5,69825517c835c41957e01286,0.0625
69825516c835c41957dfdba5,69825517c835c41957e00d08,0.45892857142857146
69825516c835c41957dfdba5,69825516c835c41957df9e60,0.13392857142857142
69825516c835c41957dfdba5,69825516c835c41957dfd3f6,0.13392857142857142
69825516c835c41957dfdba5,69825517c835c41957e00bfc,0.125
69825516c835c41957dfdba5,69825517c835c41957e017f5,0.3958333333333333
69825516c835c41957dfdba5,69825517c835c41957dffe16,0.3214285714285714
69825516c835c41957dfdba5,69825516c835c41957dfe7c0,0.125
69825516c835c41957dfdba5,69825517c835c41957e00f6c,0.45892857142857146
69825516c835c41957dfdba5,69825516c835c41957dfd025,0.13392857142857142
69825516c835c41957dfdba5,69825516c835c41957dfb790,0.3125
69825516c835c41957dfdba5,69825516c835c41957dfccc3,0.3125
69825516c835c41957dfdba5,69825516c835c41957dfdb47,0.2589285714285714
69825517c835c41957dffc79,69825517c835c41957dff96a,0.8242424242424242
69825517c835c41957dffc79,69825516c835c41957dfe0e9,0.09090909090909091
69825517c835c41957dffc79,69825516c835c41957dfedaa,0.4909090909090909
69825517c835c41957dffc79,69825517c835c41957dff962,0.09090909090909091
69825517c835c41957dffc79,69825517c835c41957dff964,0.09090909090909091
69825517c835c41957dffc79,69825517c835c41957dffc78,1.8242424242424242
69825517c835c41957dffc79,69825516c835c41957dfe0e5,0.09090909090909091
69825517c835c41957dffc79,69825517c835c41957dff963,0.8242424242424242
69825517c835c41957dffc79,69825516c835c41957dfd404,0.09090909090909091
69825517c835c41957dffc79,69825516c835c41957dfedab,0.4909090909090909
69825517c835c41957dffc79,69825516c835c41957dfd405,0.09090909090909091
69825516c835c41957dfe569,69825517c835c41957e014b9,2.0
69825517c835c41957e0178e,69825516c835c41957df9e61,0.25
69825517c835c41957e0178e,69825517c835c41957dff83a,0.25
69825517c835c41957e0178e,69825516c835c41957dfe656,0.25
69825517c835c41957e0178e,69825517c835c41957e00123,4.25
69825516c835c41957dfb35f,69825516c835c41957dfb2cf,1.0
69825516c835c41957dfe46d,69825516c835c41957dfc6bf,0.125
69825516c835c41957dfe46d,69825517c835c41957e012a5,0.125
69825516c835c41957dfe46d,69825517c835c41957e015fb,0.125
69825516c835c41957dfe46d,69825516c835c41957dfe481,0.125
69825516c835c41957dfe46d,69825517c835c41957e00735,0.125
69825516c835c41957dfe46d,69825516c835c41957dff313,0.125
69825516c835c41957dfe46d,69825516c835c41957dfe5fd,0.125
69825516c835c41957dfe46d,69825516c835c41957dff04a,0.125
69825516c835c41957dfa8ff,69825516c835c41957dfb65a,2.333333333333333
69825516c835c41957dfa8ff,69825516c835c41957dfce77,0.3333333333333333
69825516c835c41957dfa8ff,69825517c835c41957dff77d,0.3333333333333333
69825517c835c41957e0168e,69825517c835c41957e016aa,0.1
69825517c835c41957e0168e,69825517c835c41957e015c0,0.1
69825517c835c41957e0168e,69825517c835c41957e015da,0.6
69825517c835c41957e0168e,69825517c835c41957e016d5,0.1
69825517c835c41957e0168e,69825516c835c41957dfa7f4,0.6
69825517c835c41957e0168e,69825517c835c41957e01600,0.1
69825517c835c41957e0168e,69825517c835c41957e01690,1.1
69825517c835c41957e0168e,69825517c835c41957e0169a,0.1
69825517c835c41957e0168e,69825517c835c41957e01595,0.1
69825517c835c41957e0168e,69825517c835c41957e01622,0.1
69825517c835c41957dff686,69825516c835c41957dfb570,1.0
69825517c835c41957dff686,69825517c835c41957dffa50,0.5
69825517c835c41957dff686,69825516c835c41957dfaaab,0.5
69825517c835c41957dff686,69825516c835c41957dfeef1,0.5
69825517c835c41957dff686,69825517c835c41957e001e1,0.5
69825516c835c41957dfb7e6,69825517c835c41957e013fe,1.0
69825516c835c41957dfe467,69825516c835c41957dfc993,1.0
69825516c835c41957dfe467,69825516c835c41957dff100,1.0
69825516c835c41957dfd53a,69825516c835c41957dfd71d,1.0
69825516c835c41957dfe1e3,69825516c835c41957dfe204,0.1
69825516c835c41957dfe1e3,69825516c835c41957dfba9f,0.1
69825516c835c41957dfe1e3,69825517c835c41957dffd5d,0.1
69825516c835c41957dfe1e3,69825516c835c41957dfe1dd,0.43333333333333335
69825516c835c41957dfe1e3,69825516c835c41957dfe226,0.1
69825516c835c41957dfe1e3,69825517c835c41957dffae9,0.3333333333333333
69825516c835c41957dfe1e3,69825516c835c41957dfe1dc,0.43333333333333335
69825516c835c41957dfe1e3,69825517c835c41957e018a9,0.1
69825516c835c41957dfe1e3,69825516c835c41957dfe206,0.1
69825516c835c41957dfe1e3,69825516c835c41957dfe1f4,0.1
69825516c835c41957dfe1e3,69825517c835c41957dff6be,0.1
69825517c835c41957e004ad,69825517c835c41957dffe8e,0.6666666666666666
69825517c835c41957e004ad,69825516c835c41957dfba79,0.6666666666666666
69825517c835c41957e004ad,69825516c835c41957dfab46,0.6666666666666666
69825516c835c41957dfcd2c,69825516c835c41957dfce6c,0.3333333333333333
69825516c835c41957dfcd2c,69825516c835c41957dfccf0,0.3333333333333333
69825516c835c41957dfd214,69825516c835c41957dfd23f,0.6666666666666666
69825516c835c41957dfd214,69825516c835c41957dfcfe2,0.6666666666666666
69825516c835c41957dfd214,69825516c835c41957dfb9ba,0.6666666666666666
69825516c835c41957dfa4cf,69825516c835c41957dfa48b,2.0
69825517c835c41957dffd43,69825517c835c41957dffd58,0.07407407407407407
69825517c835c41957dffd43,69825517c835c41957dffd3d,0.07407407407407407
69825517c835c41957dffd43,69825517c835c41957dffd63,0.07407407407407407
69825517c835c41957dffd43,69825517c835c41957dffd59,0.07407407407407407
69825517c835c41957dffd43,69825517c835c41957dffd5a,0.07407407407407407
69825517c835c41957dffd43,69825517c835c41957dffd3e,0.07407407407407407
69825517c835c41957dffd43,69825517c835c41957e01276,0.037037037037037035
69825517c835c41957dffd43,69825517c835c41957dffd3c,0.07407407407407407
69825517c835c41957dffd43,69825517c835c41957dffd5c,0.07407407407407407
69825517c835c41957dffd43,69825517c835c41957dffd62,0.07407407407407407
69825517c835c41957dffd43,69825517c835c41957dffd39,0.07407407407407407
69825517c835c41957dffd43,69825517c835c41957dffd64,0.07407407407407407
69825517c835c41957dffd43,69825517c835c41957dffd5e,0.07407407407407407
69825517c835c41957dffd43,69825517c835c41957dffd44,0.07407407407407407
69825517c835c41957dffd43,69825517c835c41957dffd36,0.07407407407407407
69825517c835c41957dffd43,69825517c835c41957dffd3b,0.07407407407407407
69825517c835c41957dffd43,69825517c835c41957dffd60,0.07407407407407407
69825517c835c41957dffd43,69825517c835c41957dffd4f,0.07407407407407407
69825517c835c41957dffd43,69825517c835c41957e012a7,0.037037037037037035
69825517c835c41957dffd43,69825517c835c41957dffd50,0.07407407407407407
69825517c835c41957dffd43,69825517c835c41957dffd42,0.07407407407407407
69825517c835c41957dffd43,69825517c835c41957dffd35,0.07407407407407407
69825517c835c41957dffd43,69825517c835c41957dffd47,0.07407407407407407
69825517c835c41957dffd43,69825517c835c41957dffd3f,0.07407407407407407
69825517c835c41957dffd43,69825517c835c41957dffd53,0.07407407407407407
69825517c835c41957dffd43,69825517c835c41957dffd45,0.07407407407407407
69825517c835c41957dffd43,69825517c835c41957dffd54,0.07407407407407407
69825516c835c41957dfdefa,69825516c835c41957dfde16,0.3333333333333333
69825516c835c41957dfdefa,69825516c835c41957dfde9a,0.3333333333333333
69825516c835c41957dfdefa,69825516c835c41957dfde05,0.3333333333333333
69825516c835c41957dfa838,69825516c835c41957dfd157,0.5833333333333333
69825516c835c41957dfa838,69825516c835c41957dfa0ad,0.1111111111111111
69825516c835c41957dfa838,69825516c835c41957dfa904,0.1111111111111111
69825516c835c41957dfa838,69825516c835c41957dfa333,1.9444444444444444
69825516c835c41957dfa838,69825516c835c41957dfd1f9,0.5
69825516c835c41957dfa838,69825517c835c41957e00bfc,0.1111111111111111
69825516c835c41957dfa838,69825517c835c41957e01a9e,0.1111111111111111
69825516c835c41957dfa838,69825516c835c41957dfeefa,1.7777777777777777
69825516c835c41957dfa838,69825516c835c41957df9f8a,1.0277777777777777
69825516c835c41957dfa838,69825516c835c41957df9e4a,0.4444444444444444
69825516c835c41957dfa838,69825516c835c41957dfd24f,0.5833333333333333
69825516c835c41957dfa838,69825516c835c41957dfb917,0.6944444444444444
69825516c835c41957dfc2e8,69825517c835c41957dff7a3,0.14285714285714285
69825516c835c41957dfc2e8,69825517c835c41957dffa4b,0.14285714285714285
69825516c835c41957dfc2e8,69825516c835c41957dfd2c1,0.14285714285714285
69825516c835c41957dfc2e8,69825517c835c41957e0069b,0.14285714285714285
69825516c835c41957dfc2e8,69825516c835c41957dfbd2b,0.14285714285714285
69825516c835c41957dfefef,69825517c835c41957dff6be,0.5
69825516c835c41957dfefef,69825516c835c41957dfefba,1.5
69825517c835c41957e00046,69825517c835c41957e00049,1.5
69825517c835c41957e00046,69825517c835c41957e00047,1.5
69825517c835c41957e01603,69825517c835c41957e012aa,1.0
69825516c835c41957dfe66e,69825516c835c41957dfa540,0.5
69825516c835c41957dfe66e,69825516c835c41957dfca71,0.16666666666666666
69825516c835c41957dfe66e,69825516c835c41957dfe795,1.0
69825516c835c41957dfe66e,69825516c835c41957dfca72,0.16666666666666666
69825516c835c41957dfe66e,69825516c835c41957dff3b6,0.16666666666666666
69825516c835c41957dfe66e,69825516c835c41957dfe66d,1.6666666666666665
69825516c835c41957dfe66e,69825516c835c41957dfca6f,0.16666666666666666
69825516c835c41957df9e4f,69825516c835c41957df9e9d,1.9
69825516c835c41957df9e4f,69825517c835c41957e00684,0.8999999999999999
69825516c835c41957df9e4f,69825516c835c41957dfbd65,0.2
69825516c835c41957df9e4f,69825516c835c41957dfdc37,1.0
69825516c835c41957df9e4f,69825517c835c41957dff892,0.8999999999999999
69825516c835c41957df9e4f,69825517c835c41957e00396,0.2
69825516c835c41957df9e4f,69825517c835c41957e009f9,0.8999999999999999
69825516c835c41957dfa144,69825516c835c41957dfbb85,0.25
69825516c835c41957dfa144,69825517c835c41957e001f7,0.3333333333333333
69825516c835c41957dfa144,69825517c835c41957e010db,0.3333333333333333
69825516c835c41957dfa144,69825516c835c41957dfc990,0.16666666666666666
69825516c835c41957dfa144,69825516c835c41957dff282,1.0
69825516c835c41957dfa144,69825517c835c41957dffe05,0.3333333333333333
69825516c835c41957dfa144,69825516c835c41957dfa95b,15.416666666666668
69825516c835c41957dfa144,69825516c835c41957dfe7ff,0.5
69825516c835c41957dfa144,69825516c835c41957dfd887,1.0
69825516c835c41957dfa144,69825516c835c41957dfaa86,0.5833333333333333
69825516c835c41957dfa144,69825516c835c41957dfd892,0.25
69825516c835c41957dfa144,69825516c835c41957dfc533,0.25
69825516c835c41957dfa144,69825516c835c41957dfb953,0.3333333333333333
69825516c835c41957dfa144,69825516c835c41957dfd343,1.3333333333333333
69825516c835c41957dfa144,69825516c835c41957dfdc39,0.16666666666666666
69825516c835c41957dfa144,69825516c835c41957dfef50,0.5
69825516c835c41957dfa144,69825516c835c41957dfd2dc,0.5
69825516c835c41957dfa144,69825517c835c41957dffb7c,0.3333333333333333
69825516c835c41957dfa144,69825516c835c41957dff286,0.16666666666666666
69825516c835c41957dfa144,69825516c835c41957dfa0e9,1.6666666666666665
69825516c835c41957dfa144,69825516c835c41957dfc00a,0.3333333333333333
69825516c835c41957dfa144,69825517c835c41957e00bfc,0.16666666666666666
69825516c835c41957dfa144,69825516c835c41957dfca72,1.0
69825516c835c41957dfa144,69825517c835c41957dff90d,0.25
69825516c835c41957dfa144,69825517c835c41957e00bf9,1.5833333333333333
69825516c835c41957dfa144,69825517c835c41957dff931,0.25
69825516c835c41957dfb78f,69825516c835c41957dfdaaa,0.5
69825516c835c41957dfb78f,69825517c835c41957e01027,1.5
69825516c835c41957dfa3a6,69825517c835c41957dffaca,0.5
69825516c835c41957dfa3a6,69825516c835c41957dfa960,0.5
69825517c835c41957e00197,69825516c835c41957dfbd18,0.3333333333333333
69825517c835c41957e00197,69825516c835c41957dfbd1c,0.3333333333333333
69825517c835c41957e00197,69825516c835c41957dfbd08,0.3333333333333333
69825516c835c41957dfa58d,69825516c835c41957dfa5f7,1.0
69825516c835c41957dfa58d,69825516c835c41957dfb7df,2.0
69825517c835c41957e00741,69825516c835c41957df9e4e,0.5
69825517c835c41957e00741,69825517c835c41957e0077f,0.5
69825516c835c41957dfe199,69825516c835c41957dfe1b4,0.25
69825516c835c41957dfe199,69825516c835c41957dfa403,0.25
69825516c835c41957dfe199,69825516c835c41957dfb5cd,0.25
69825516c835c41957dfe199,69825516c835c41957dfe193,0.25
69825516c835c41957dfc0b5,69825516c835c41957dfc0b6,3.0
69825516c835c41957dfa3bd,69825516c835c41957dfe1f9,0.125
69825516c835c41957dfa3bd,69825516c835c41957dfe1ff,0.125
69825516c835c41957dfa3bd,69825516c835c41957dfa47c,0.5
69825516c835c41957dfa3bd,69825516c835c41957dfc405,0.125
69825516c835c41957dfa3bd,69825516c835c41957dfe207,0.125
69825516c835c41957dfa3bd,69825516c835c41957dfe1f8,0.125
69825516c835c41957dfa3bd,69825516c835c41957dfe1fe,0.125
69825516c835c41957dfa3bd,69825516c835c41957dfe1fb,0.125
69825516c835c41957dfa3bd,69825516c835c41957dfc601,5.625
69825516c835c41957dfd322,69825516c835c41957dfd321,0.5333333333333333
69825516c835c41957dfd322,69825516c835c41957dfcf6a,0.2
69825516c835c41957dfd322,69825516c835c41957dfd1f1,0.2
69825516c835c41957dfd322,69825516c835c41957dfd323,1.5333333333333332
69825516c835c41957dfd322,69825516c835c41957dfd306,0.5333333333333333
69825516c835c41957dfaa94,69825516c835c41957dfa384,1.0
69825517c835c41957dffb7e,69825517c835c41957dffb80,0.3333333333333333
69825517c835c41957dffb7e,69825516c835c41957dfeee7,0.3333333333333333
69825517c835c41957dffb7e,69825517c835c41957dffb7f,1.3333333333333333
69825517c835c41957e00f43,69825517c835c41957e011ff,0.5
69825517c835c41957e00f43,69825517c835c41957e00f28,0.5
69825516c835c41957dfd02a,69825517c835c41957e00bfb,0.5
69825516c835c41957dfd02a,69825517c835c41957dffb7c,0.5
69825516c835c41957dfb892,69825517c835c41957dffb20,4.092857142857143
69825516c835c41957dfb892,69825516c835c41957dfa40b,0.1
69825516c835c41957dfb892,69825516c835c41957dfd2db,0.1
69825516c835c41957dfb892,69825516c835c41957dfbd65,0.1
69825516c835c41957dfb892,69825516c835c41957dfccad,0.14285714285714285
69825516c835c41957dfb892,69825516c835c41957dfc131,0.2
69825516c835c41957dfb892,69825516c835c41957dfc107,0.1
69825516c835c41957dfb892,69825516c835c41957dfa95b,0.45
69825516c835c41957dfb892,69825517c835c41957e006e6,0.25
69825516c835c41957dfb892,69825516c835c41957dfaa2f,0.1
69825516c835c41957dfb892,69825516c835c41957dfbb08,0.3333333333333333
69825516c835c41957dfb892,69825516c835c41957dfe788,0.14285714285714285
69825516c835c41957dfb892,69825517c835c41957e00bf7,1.8928571428571428
69825516c835c41957dfb892,69825516c835c41957dfd892,0.2
69825516c835c41957dfb892,69825516c835c41957dfd2dd,0.1
69825516c835c41957dfb892,69825516c835c41957dfa168,0.5333333333333333
69825516c835c41957dfb892,69825517c835c41957dff891,0.30000000000000004
69825516c835c41957dfb892,69825516c835c41957dfd070,0.14285714285714285
69825516c835c41957dfb892,69825517c835c41957e01a78,0.25
69825516c835c41957dfb892,69825517c835c41957e00f7b,0.6666666666666666
69825516c835c41957dfb892,69825516c835c41957dfdb50,0.1
69825516c835c41957dfb892,69825517c835c41957dffb7c,0.75
69825516c835c41957dfb892,69825516c835c41957dfb7e1,2.283333333333333
69825516c835c41957dfb892,69825517c835c41957dff90d,0.2
69825516c835c41957dfb892,69825516c835c41957dfd04e,0.3333333333333333
69825516c835c41957dfb892,69825517c835c41957e00bf9,0.47619047619047616
69825516c835c41957dfb892,69825516c835c41957dfd069,0.1
69825516c835c41957dfb892,69825517c835c41957e00fd4,19.559523809523807
69825516c835c41957dfa7db,69825516c835c41957dfab5b,2.0
69825516c835c41957dfa7db,69825516c835c41957df9e8b,0.5
69825516c835c41957dfa7db,69825516c835c41957dfa737,0.5
69825516c835c41957dfdbf7,69825516c835c41957dfccbb,1.0
69825517c835c41957e010c2,69825516c835c41957df9c99,0.3333333333333333
69825517c835c41957e010c2,69825516c835c41957dfa375,0.3333333333333333
69825517c835c41957e010c2,69825516c835c41957dfa8cf,0.3333333333333333
69825517c835c41957e010c2,69825516c835c41957dfa566,1.0
69825517c835c41957e010c2,69825517c835c41957dff95c,1.0
69825517c835c41957e015eb,69825517c835c41957dff8e0,0.2
69825517c835c41957e015eb,69825517c835c41957e01aae,0.2
69825517c835c41957e015eb,69825516c835c41957dfd788,0.2
69825517c835c41957e015eb,69825516c835c41957dfbbe8,0.2
69825517c835c41957e015eb,69825516c835c41957dfa188,0.2
69825516c835c41957dfdc8f,69825516c835c41957dfd174,0.3333333333333333
69825516c835c41957dfdc8f,69825516c835c41957dfb7aa,0.16666666666666666
69825516c835c41957dfdc8f,69825516c835c41957dfa0ad,0.16666666666666666
69825516c835c41957dfdc8f,69825516c835c41957dfed7c,0.3333333333333333
69825516c835c41957dfdc8f,69825517c835c41957e00bfc,0.16666666666666666
69825516c835c41957dfdc8f,69825517c835c41957e01a9e,0.16666666666666666
69825516c835c41957dfdc8f,69825516c835c41957df9e4a,0.16666666666666666
69825516c835c41957dfdc8f,69825517c835c41957dff799,0.3333333333333333
69825516c835c41957dfdc8f,69825516c835c41957df9f8a,0.16666666666666666
69825516c835c41957dfdf67,69825516c835c41957dfde18,0.5833333333333333
69825516c835c41957dfdf67,69825516c835c41957dfde38,0.5833333333333333
69825516c835c41957dfdf67,69825517c835c41957dff75a,0.25
69825516c835c41957dfdf67,69825517c835c41957dff700,0.5833333333333333
69825516c835c41957dfca69,69825516c835c41957dfe1f9,1.0
69825517c835c41957e00115,69825516c835c41957dff24b,1.0
69825517c835c41957e00115,69825517c835c41957e01261,0.5
69825517c835c41957e00115,69825516c835c41957dfa3d9,0.5
69825516c835c41957dfc533,69825516c835c41957dfaddf,0.14285714285714285
69825516c835c41957dfc533,69825516c835c41957dfdae1,0.3333333333333333
69825516c835c41957dfc533,69825516c835c41957dfba1b,0.14285714285714285
69825516c835c41957dfc533,69825516c835c41957dfadc8,0.14285714285714285
69825516c835c41957dfc533,69825516c835c41957dfb96a,0.14285714285714285
69825516c835c41957dfc533,69825516c835c41957dfbb85,3.5833333333333335
69825516c835c41957dfc533,69825517c835c41957e01add,0.3333333333333333
69825516c835c41957dfc533,69825517c835c41957e00ded,0.14285714285714285
69825516c835c41957dfc533,69825516c835c41957dfb968,0.14285714285714285
69825516c835c41957dfc533,69825517c835c41957e00bf9,0.25
69825516c835c41957dfc533,69825516c835c41957dfaa86,0.39285714285714285
69825516c835c41957dfc533,69825516c835c41957dfc98c,1.0
69825516c835c41957dfb54a,69825517c835c41957e011ac,0.3333333333333333
69825516c835c41957dfb54a,69825516c835c41957dfef0f,1.0
69825516c835c41957dfb54a,69825516c835c41957dfa5a4,0.3333333333333333
69825516c835c41957dfb54a,69825516c835c41957dfb9af,0.3333333333333333
69825516c835c41957dfacae,69825516c835c41957dfb12d,0.3333333333333333
69825516c835c41957dfacae,69825517c835c41957dffd55,0.3333333333333333
69825516c835c41957dfacae,69825516c835c41957dfacd5,1.0
69825516c835c41957dfacae,69825517c835c41957e00656,0.3333333333333333
69825517c835c41957dff83a,69825516c835c41957dfc117,0.2
69825517c835c41957dff83a,69825516c835c41957dfe656,0.7
69825517c835c41957dff83a,69825517c835c41957dff8c5,0.45
69825517c835c41957dff83a,69825516c835c41957df9e61,0.7
69825517c835c41957dff83a,69825517c835c41957e00123,0.25
69825516c835c41957dfdb63,69825516c835c41957dfd9f1,0.8958333333333333
69825516c835c41957dfdb63,69825516c835c41957dfb675,0.2
69825516c835c41957dfdb63,69825516c835c41957dfe79f,0.16233766233766234
69825516c835c41957dfdb63,69825516c835c41957dfd2d4,0.13392857142857142
69825516c835c41957dfdb63,69825517c835c41957dff6fc,2.9672619047619047
69825516c835c41957dfdb63,69825517c835c41957e007db,0.07142857142857142
69825516c835c41957dfdb63,69825517c835c41957e00c9c,0.5
69825516c835c41957dfdb63,69825517c835c41957e00f6b,0.22483766233766234
69825516c835c41957dfdb63,69825516c835c41957dfccbb,0.2
69825516c835c41957dfdb63,69825517c835c41957e0133f,0.25396825396825395
69825516c835c41957dfdb63,69825517c835c41957e0080a,0.09090909090909091
69825516c835c41957dfdb63,69825517c835c41957dffbd6,0.5859487734487734
69825516c835c41957dfdb63,69825516c835c41957dfd30c,0.1111111111111111
69825516c835c41957dfdb63,69825516c835c41957dfc547,0.2
69825516c835c41957dfdb63,69825516c835c41957dff159,0.25396825396825395
69825516c835c41957dfdb63,69825517c835c41957dff82a,0.2
69825516c835c41957dfdb63,69825517c835c41957dff86b,0.5873015873015872
69825516c835c41957dfdb63,69825517c835c41957e01286,0.20535714285714285
69825516c835c41957dfdb63,69825517c835c41957e00d08,0.5859487734487734
69825516c835c41957dfdb63,69825516c835c41957df9e60,0.22483766233766234
69825516c835c41957dfdb63,69825517c835c41957e00c9a,0.503968253968254
69825516c835c41957dfdb63,69825516c835c41957dfd3f6,8.345472582972583
69825516c835c41957dfdb63,69825516c835c41957dfd00e,0.5873015873015872
69825516c835c41957dfdb63,69825517c835c41957e017f5,0.0625
69825516c835c41957dfdb63,69825517c835c41957dffe16,0.16233766233766234
69825516c835c41957dfdb63,69825517c835c41957e00f6c,2.474837662337662
69825516c835c41957dfdb63,69825516c835c41957dfd025,0.22483766233766234
69825516c835c41957dfdb63,69825516c835c41957dfb790,0.3125
69825516c835c41957dfdb63,69825516c835c41957dfccc3,0.8125
69825516c835c41957dfdb63,69825516c835c41957dfdb47,0.47483766233766234
69825517c835c41957e01062,69825516c835c41957dfa122,0.5
69825517c835c41957e01062,69825517c835c41957e01064,1.5
69825516c835c41957dff082,69825516c835c41957dff0dc,0.02631578947368421
69825516c835c41957dff082,69825516c835c41957dff05c,0.02631578947368421
69825516c835c41957dff082,69825516c835c41957dff0b1,0.02631578947368421
69825516c835c41957dff082,69825516c835c41957dff0ba,0.02631578947368421
69825516c835c41957dff082,69825516c835c41957dff05e,0.02631578947368421
69825516c835c41957dff082,69825516c835c41957dff069,0.02631578947368421
69825516c835c41957dff082,69825516c835c41957dff063,0.02631578947368421
69825516c835c41957dff082,69825516c835c41957dff06c,0.02631578947368421
69825516c835c41957dff082,69825516c835c41957dff070,0.02631578947368421
69825516c835c41957dff082,69825516c835c41957dff090,0.02631578947368421
69825516c835c41957dff082,69825516c835c41957dff083,0.02631578947368421
69825516c835c41957dff082,69825516c835c41957dff0cd,0.02631578947368421
69825516c835c41957dff082,69825516c835c41957dff0d0,0.02631578947368421
69825516c835c41957dff082,69825516c835c41957dff0cf,0.02631578947368421
69825516c835c41957dff082,69825516c835c41957dff0d6,0.02631578947368421
69825516c835c41957dff082,69825516c835c41957dff0b3,0.02631578947368421
69825516c835c41957dff082,69825516c835c41957dff055,0.02631578947368421
69825516c835c41957dff082,69825516c835c41957dff0c8,0.02631578947368421
69825516c835c41957dff082,69825516c835c41957dff05f,0.02631578947368421
69825516c835c41957dff082,69825516c835c41957dff071,0.02631578947368421
69825516c835c41957dff082,69825516c835c41957dff0de,0.02631578947368421
69825516c835c41957dff082,69825516c835c41957dff091,0.02631578947368421
69825516c835c41957dff082,69825516c835c41957dff080,0.02631578947368421
69825516c835c41957dff082,69825516c835c41957dff064,0.02631578947368421
69825516c835c41957dff082,69825516c835c41957dff0b2,0.02631578947368421
69825516c835c41957dff082,69825516c835c41957dff09e,0.02631578947368421
69825516c835c41957dff082,69825516c835c41957dff072,0.02631578947368421
69825516c835c41957dff082,69825516c835c41957dff09d,0.02631578947368421
69825516c835c41957dff082,69825516c835c41957dff0db,0.02631578947368421
69825516c835c41957dff082,69825516c835c41957dff086,0.02631578947368421
69825516c835c41957dff082,69825516c835c41957dff077,0.02631578947368421
69825516c835c41957dff082,69825516c835c41957dff0a2,0.02631578947368421
69825516c835c41957dff082,69825516c835c41957dff0d3,0.02631578947368421
69825516c835c41957dff082,69825516c835c41957dff08f,0.02631578947368421
69825516c835c41957dff082,69825516c835c41957dff06f,0.02631578947368421
69825516c835c41957dff082,69825516c835c41957dff0d9,0.02631578947368421
69825516c835c41957dff082,69825516c835c41957dff0d1,0.02631578947368421
69825517c835c41957e00416,69825517c835c41957e00f16,1.0
69825517c835c41957e00416,69825517c835c41957e011e4,1.0
69825516c835c41957dfc5cf,69825516c835c41957dfc5a3,0.06666666666666667
69825516c835c41957dfc5cf,69825516c835c41957dfbd7b,0.06666666666666667
69825516c835c41957dfc5cf,69825516c835c41957dfc5a2,0.06666666666666667
69825516c835c41957dfc5cf,69825516c835c41957dfc589,0.06666666666666667
69825516c835c41957dfc5cf,69825516c835c41957dfc5a1,0.06666666666666667
69825516c835c41957dfc5cf,69825517c835c41957e007bf,0.06666666666666667
69825516c835c41957dfc5cf,69825516c835c41957dfe76d,0.06666666666666667
69825516c835c41957dfc5cf,69825517c835c41957e00d4e,0.06666666666666667
69825516c835c41957dfc5cf,69825517c835c41957e00348,0.06666666666666667
69825516c835c41957dfc5cf,69825516c835c41957dfaaab,0.3333333333333333
69825516c835c41957dfc5cf,69825517c835c41957e00d4f,0.06666666666666667
69825516c835c41957dfc5cf,69825516c835c41957dfc207,0.06666666666666667
69825516c835c41957dfc5cf,69825517c835c41957e01001,0.3333333333333333
69825516c835c41957dfc5cf,69825516c835c41957dfba0e,0.06666666666666667
69825516c835c41957dfc5cf,69825516c835c41957dfc572,0.06666666666666667
69825516c835c41957dfc5cf,69825516c835c41957df9e2d,0.3333333333333333
69825516c835c41957dfc5cf,69825516c835c41957dfc571,0.06666666666666667
69825516c835c41957dfc5cf,69825517c835c41957e00d4d,0.06666666666666667
69825516c835c41957dfa46a,69825517c835c41957e00ded,0.25
69825516c835c41957dfa46a,69825516c835c41957dfb96a,0.25
69825516c835c41957dfa46a,69825517c835c41957e0104e,0.25
69825516c835c41957dfa46a,69825516c835c41957df9ff7,0.25
69825516c835c41957dfad8d,69825516c835c41957dfaddf,0.25
69825516c835c41957dfad8d,69825516c835c41957dfad66,3.25
69825516c835c41957dfad8d,69825516c835c41957dfaa86,0.25
69825516c835c41957dfad8d,69825516c835c41957dfadc8,0.25
69825516c835c41957dfefa3,69825516c835c41957dff004,0.36081871345029237
69825516c835c41957dfefa3,69825516c835c41957dfef9e,0.30818713450292395
69825516c835c41957dfefa3,69825516c835c41957dff008,0.36081871345029237
69825516c835c41957dfefa3,69825516c835c41957dfeffc,0.36081871345029237
69825516c835c41957dfefa3,69825516c835c41957dfefa4,0.36081871345029237
69825516c835c41957dfefa3,69825516c835c41957dfef9f,0.3052631578947368
69825516c835c41957dfefa3,69825516c835c41957dfefb5,0.30818713450292395
69825516c835c41957dfefa3,69825516c835c41957dfeff2,0.36081871345029237
69825516c835c41957dfefa3,69825516c835c41957dfefa5,0.36081871345029237
69825516c835c41957dfefa3,69825516c835c41957dfefc0,0.3052631578947368
69825516c835c41957dfefa3,69825516c835c41957dfefb4,0.36081871345029237
69825516c835c41957dfefa3,69825516c835c41957dff006,0.36081871345029237
69825516c835c41957dfefa3,69825516c835c41957dfefa2,0.36081871345029237
69825516c835c41957dfefa3,69825516c835c41957dff007,1.3608187134502925
69825516c835c41957dfefa3,69825516c835c41957dfef9d,0.36081871345029237
69825516c835c41957dfefa3,69825516c835c41957dfefa1,0.36081871345029237
69825516c835c41957dfefa3,69825516c835c41957dfefad,0.36081871345029237
69825516c835c41957dfefa3,69825516c835c41957dfefb6,0.36081871345029237
69825516c835c41957dfefa3,69825516c835c41957dfefb9,0.36081871345029237
69825516c835c41957dfefa3,69825516c835c41957dfefb1,0.36081871345029237
69825516c835c41957dfb720,69825516c835c41957dfd086,0.3333333333333333
69825516c835c41957dfb720,69825516c835c41957dfd8b5,0.5
69825516c835c41957dfb720,69825516c835c41957dfb727,26.833333333333336
69825516c835c41957dfb720,69825516c835c41957dfb6b7,0.5
69825516c835c41957dfb720,69825516c835c41957dfb72b,20.833333333333332
69825517c835c41957dff4e1,69825517c835c41957dff4d4,1.0
69825516c835c41957dfb07b,69825516c835c41957dfac74,1.0
69825516c835c41957dfbc33,69825516c835c41957dfc145,0.5
69825516c835c41957dfbc33,69825516c835c41957dfb9f8,2.5
69825516c835c41957dfb367,69825516c835c41957dfb52b,0.5
69825516c835c41957dfb367,69825516c835c41957dfb527,0.5
69825516c835c41957dfe803,69825517c835c41957dffa33,1.6666666666666667
69825516c835c41957dfe803,69825517c835c41957dffc6e,1.75
69825516c835c41957dfe803,69825517c835c41957e00841,0.75
69825516c835c41957dfe803,69825517c835c41957dff59e,0.16666666666666666
69825516c835c41957dfe803,69825517c835c41957e0100c,0.5
69825516c835c41957dfe803,69825517c835c41957e00e90,0.5
69825516c835c41957dfe803,69825516c835c41957dfeee7,0.5
69825516c835c41957dfe803,69825516c835c41957dfcd3b,1.9166666666666667
69825516c835c41957dfe7d5,69825516c835c41957dfbae2,0.05263157894736842
69825516c835c41957dfe7d5,69825516c835c41957dfe034,1.3859649122807016
69825516c835c41957dfe7d5,69825516c835c41957dfd0c9,0.05263157894736842
69825516c835c41957dfe7d5,69825517c835c41957e0061b,0.05263157894736842
69825516c835c41957dfe7d5,69825516c835c41957dfca1e,0.25263157894736843
69825516c835c41957dfe7d5,69825516c835c41957dfdaaa,0.25263157894736843
69825516c835c41957dfe7d5,69825516c835c41957dfc99d,0.05263157894736842
69825516c835c41957dfe7d5,69825516c835c41957dfab42,0.05263157894736842
69825516c835c41957dfe7d5,69825516c835c41957dfb813,1.5859649122807016
69825516c835c41957dfe7d5,69825516c835c41957dfda41,0.05263157894736842
69825516c835c41957dfe7d5,69825517c835c41957dffce6,0.3333333333333333
69825516c835c41957dfe7d5,69825516c835c41957dfba04,0.05263157894736842
69825516c835c41957dfe7d5,69825516c835c41957dfe01a,0.38596491228070173
69825516c835c41957dfe7d5,69825516c835c41957dfd304,0.3333333333333333
69825516c835c41957dfe7d5,69825516c835c41957dfd30a,0.05263157894736842
69825516c835c41957dfe7d5,69825517c835c41957e010c8,0.05263157894736842
69825516c835c41957dfe7d5,69825517c835c41957e00c9e,0.05263157894736842
69825516c835c41957dfe7d5,69825516c835c41957dfd0ca,0.25263157894736843
69825516c835c41957dfe7d5,69825516c835c41957dfd0c8,0.3333333333333333
69825516c835c41957dfe7d5,69825516c835c41957dfcce8,0.05263157894736842
69825516c835c41957dfe7d5,69825516c835c41957dfd34d,0.25263157894736843
69825516c835c41957dfe7d5,69825516c835c41957dfd2f0,0.05263157894736842
69825516c835c41957dfae9b,69825516c835c41957dfb0fd,1.0
69825517c835c41957dffd54,69825517c835c41957dffd58,0.07407407407407407
69825517c835c41957dffd54,69825517c835c41957dffd3d,0.07407407407407407
69825517c835c41957dffd54,69825517c835c41957dffd63,0.07407407407407407
69825517c835c41957dffd54,69825517c835c41957dffd59,0.07407407407407407
69825517c835c41957dffd54,69825517c835c41957dffd5a,0.07407407407407407
69825517c835c41957dffd54,69825517c835c41957dffd3e,0.07407407407407407
69825517c835c41957dffd54,69825517c835c41957e01276,0.037037037037037035
69825517c835c41957dffd54,69825517c835c41957dffd3c,0.07407407407407407
69825517c835c41957dffd54,69825517c835c41957dffd5c,0.07407407407407407
69825517c835c41957dffd54,69825517c835c41957dffd62,0.07407407407407407
69825517c835c41957dffd54,69825517c835c41957dffd39,0.07407407407407407
69825517c835c41957dffd54,69825517c835c41957dffd64,0.07407407407407407
69825517c835c41957dffd54,69825517c835c41957dffd5e,0.07407407407407407
69825517c835c41957dffd54,69825517c835c41957dffd44,1.074074074074074
69825517c835c41957dffd54,69825517c835c41957dffd36,0.07407407407407407
69825517c835c41957dffd54,69825517c835c41957dffd3b,0.07407407407407407
69825517c835c41957dffd54,69825517c835c41957dffd60,0.07407407407407407
69825517c835c41957dffd54,69825517c835c41957dffd4f,0.07407407407407407
69825517c835c41957dffd54,69825517c835c41957e012a7,0.037037037037037035
69825517c835c41957dffd54,69825517c835c41957dffd50,0.07407407407407407
69825517c835c41957dffd54,69825517c835c41957dffd42,0.07407407407407407
69825517c835c41957dffd54,69825517c835c41957dffd35,0.07407407407407407
69825517c835c41957dffd54,69825517c835c41957dffd47,0.07407407407407407
69825517c835c41957dffd54,69825517c835c41957dffd3f,0.07407407407407407
69825517c835c41957dffd54,69825517c835c41957dffd53,0.07407407407407407
69825517c835c41957dffd54,69825517c835c41957dffd45,0.07407407407407407
69825517c835c41957e00d37,69825516c835c41957dfca2b,0.5
69825517c835c41957e00d37,69825517c835c41957e010d4,2.5
69825516c835c41957dfca8b,69825516c835c41957dfca8a,3.0
69825516c835c41957dfb7b3,69825516c835c41957dfd725,1.0
69825516c835c41957dfb7b3,69825516c835c41957dfd2f7,1.0
69825516c835c41957dfdb47,69825516c835c41957dfb4ac,0.125
69825516c835c41957dfdb47,69825516c835c41957dfd9f1,0.3125
69825516c835c41957dfdb47,69825516c835c41957dfe79f,0.3873376623376623
69825516c835c41957dfdb47,69825517c835c41957dff98c,0.125
69825516c835c41957dfdb47,69825516c835c41957dfd2d4,0.13392857142857142
69825516c835c41957dfdb47,69825517c835c41957dff6fc,0.23392857142857143
69825516c835c41957dfdb47,69825517c835c41957e007db,0.19642857142857142
69825516c835c41957dfdb47,69825517c835c41957e00f6b,0.4248376623376623
69825516c835c41957dfdb47,69825516c835c41957dfa98f,0.25
69825516c835c41957dfdb47,69825516c835c41957dfe794,0.1
69825516c835c41957dfdb47,69825516c835c41957dfe867,0.125
69825516c835c41957dfdb47,69825516c835c41957dfb783,0.1
69825516c835c41957dfdb47,69825517c835c41957e0080a,0.3159090909090909
69825516c835c41957dfdb47,69825516c835c41957dfb7a6,0.1
69825516c835c41957dfdb47,69825517c835c41957dffbd6,0.7748376623376624
69825516c835c41957dfdb47,69825516c835c41957df9f53,0.1
69825516c835c41957dfdb47,69825517c835c41957e01286,0.0625
69825516c835c41957dfdb47,69825517c835c41957e00d08,0.7748376623376624
69825516c835c41957dfdb47,69825516c835c41957df9e60,0.4248376623376623
69825516c835c41957dfdb47,69825517c835c41957e00c9a,0.25
69825516c835c41957dfdb47,69825516c835c41957dfd3f6,0.47483766233766234
69825516c835c41957dfdb47,69825517c835c41957e017f5,0.0625
69825516c835c41957dfdb47,69825517c835c41957dffe16,0.28733766233766234
69825516c835c41957dfdb47,69825517c835c41957e00f6c,0.7748376623376624
69825516c835c41957dfdb47,69825516c835c41957dfd025,0.22483766233766234
69825516c835c41957dfdb47,69825516c835c41957dfb790,0.0625
69825516c835c41957dfdb47,69825516c835c41957dfccc3,0.0625
69825517c835c41957e010ac,69825517c835c41957e00166,2.0
69825517c835c41957e010ac,69825517c835c41957e009cf,0.5
69825517c835c41957e010ac,69825516c835c41957dfe5e0,1.0
69825517c835c41957e010ac,69825516c835c41957dfee73,0.5
69825516c835c41957dfc53c,69825516c835c41957dfd0c7,0.25
69825516c835c41957dfc53c,69825516c835c41957dfc91e,0.25
69825516c835c41957dfc53c,69825517c835c41957e01804,1.0
69825516c835c41957dfc53c,69825516c835c41957dfc211,0.25
69825516c835c41957dfc53c,69825517c835c41957e00c9b,0.25
69825517c835c41957dffb4c,69825516c835c41957dfa55b,0.5
69825517c835c41957dffb4c,69825516c835c41957dfedac,0.5
69825517c835c41957dffb4c,69825517c835c41957dff996,1.0
69825516c835c41957dfe428,69825516c835c41957dfe6d3,0.08333333333333333
69825516c835c41957dfe428,69825516c835c41957dfe42a,0.08333333333333333
69825516c835c41957dfe428,69825516c835c41957dfe6d4,0.08333333333333333
69825516c835c41957dfe428,69825516c835c41957dfe66f,0.08333333333333333
69825516c835c41957dfe428,69825516c835c41957dfa81b,0.08333333333333333
69825516c835c41957dfe428,69825516c835c41957dfe671,0.08333333333333333
69825516c835c41957dfe428,69825516c835c41957dfe4ad,1.0
69825516c835c41957dfe428,69825516c835c41957dfe789,0.08333333333333333
69825516c835c41957dfe428,69825517c835c41957e0106b,0.08333333333333333
69825516c835c41957dfe428,69825516c835c41957dfe78c,0.08333333333333333
69825516c835c41957dfe428,69825516c835c41957dfe670,0.08333333333333333
69825516c835c41957dfe428,69825517c835c41957e0106c,0.08333333333333333
69825516c835c41957dfe428,69825516c835c41957dfe429,0.08333333333333333
69825516c835c41957dfe5c0,69825516c835c41957dfe45f,2.0
69825517c835c41957dff995,69825516c835c41957dfc675,1.0
69825517c835c41957e01942,69825517c835c41957e006bc,1.0
69825517c835c41957e00f49,69825516c835c41957dfe125,1.0
69825517c835c41957e010b7,69825516c835c41957dfa7ea,1.0
69825516c835c41957dfd7db,69825516c835c41957dfa531,0.16666666666666666
69825516c835c41957dfd7db,69825517c835c41957dff465,0.16666666666666666
69825516c835c41957dfd7db,69825516c835c41957dfe7ff,0.16666666666666666
69825516c835c41957dfd7db,69825516c835c41957dfd069,0.16666666666666666
69825516c835c41957dfd7db,69825516c835c41957dfd2e0,0.16666666666666666
69825516c835c41957dfd7db,69825516c835c41957dfd2dc,0.16666666666666666
69825516c835c41957dfa1f6,69825517c835c41957e00f94,1.0
69825516c835c41957dfe606,69825516c835c41957df9f79,0.16666666666666666
69825516c835c41957dfe606,69825516c835c41957dfef25,0.16666666666666666
69825516c835c41957dfe606,69825516c835c41957dfcd0a,0.16666666666666666
69825516c835c41957dfe606,69825516c835c41957dfa3f8,0.16666666666666666
69825516c835c41957dfe606,69825516c835c41957dfa465,0.16666666666666666
69825516c835c41957dfa9b0,69825516c835c41957dfac22,1.0
69825516c835c41957dfe146,69825516c835c41957dfb810,1.0
69825517c835c41957e00bf7,69825517c835c41957dffb20,1.976190476190476
69825517c835c41957e00bf7,69825516c835c41957dfd2db,0.16666666666666666
69825517c835c41957e00bf7,69825516c835c41957dfbd65,0.16666666666666666
69825517c835c41957e00bf7,69825517c835c41957e01a80,0.25
69825517c835c41957e00bf7,69825517c835c41957dff930,1.0
69825517c835c41957e00bf7,69825516c835c41957dfccad,0.14285714285714285
69825517c835c41957e00bf7,69825517c835c41957dff880,0.16666666666666666
69825517c835c41957e00bf7,69825516c835c41957dfb7b2,0.25
69825517c835c41957e00bf7,69825516c835c41957dfe788,0.14285714285714285
69825517c835c41957e00bf7,69825516c835c41957dfd34b,0.25
69825517c835c41957e00bf7,69825516c835c41957dfd070,0.14285714285714285
69825517c835c41957e00bf7,69825517c835c41957e01a78,0.25
69825517c835c41957e00bf7,69825517c835c41957e00fc5,0.5
69825517c835c41957e00bf7,69825516c835c41957dfdb50,0.16666666666666666
69825517c835c41957e00bf7,69825517c835c41957dffb7c,0.8333333333333333
69825517c835c41957e00bf7,69825517c835c41957e01349,0.16666666666666666
69825517c835c41957e00bf7,69825517c835c41957e007d9,0.25
69825517c835c41957e00bf7,69825516c835c41957dfb7e1,0.7499999999999999
69825517c835c41957e00bf7,69825517c835c41957e00bf9,0.6428571428571428
69825517c835c41957e00bf7,69825516c835c41957dfd8b7,2.0
69825517c835c41957e00bf7,69825517c835c41957e00fd4,1.8928571428571428
69825517c835c41957dffd5e,69825517c835c41957dffd58,0.07407407407407407
69825517c835c41957dffd5e,69825517c835c41957dffd3d,0.07407407407407407
69825517c835c41957dffd5e,69825517c835c41957dffd63,0.07407407407407407
69825517c835c41957dffd5e,69825517c835c41957dffd59,0.07407407407407407
69825517c835c41957dffd5e,69825517c835c41957dffd5a,0.07407407407407407
69825517c835c41957dffd5e,69825517c835c41957dffd3e,0.07407407407407407
69825517c835c41957dffd5e,69825517c835c41957e01276,0.037037037037037035
69825517c835c41957dffd5e,69825517c835c41957dffd3c,0.07407407407407407
69825517c835c41957dffd5e,69825517c835c41957dffd5c,0.07407407407407407
69825517c835c41957dffd5e,69825517c835c41957dffd62,0.07407407407407407
69825517c835c41957dffd5e,69825517c835c41957dffd39,0.07407407407407407
69825517c835c41957dffd5e,69825517c835c41957dffd64,0.07407407407407407
69825517c835c41957dffd5e,69825517c835c41957dffd44,0.07407407407407407
69825517c835c41957dffd5e,69825517c835c41957dffd36,0.07407407407407407
69825517c835c41957dffd5e,69825517c835c41957dffd3b,0.07407407407407407
69825517c835c41957dffd5e,69825517c835c41957dffd60,0.07407407407407407
69825517c835c41957dffd5e,69825517c835c41957e00d49,1.0
69825517c835c41957dffd5e,69825517c835c41957dffd4f,0.07407407407407407
69825517c835c41957dffd5e,69825517c835c41957e012a7,0.037037037037037035
69825517c835c41957dffd5e,69825517c835c41957dffd50,0.07407407407407407
69825517c835c41957dffd5e,69825517c835c41957dffd42,0.07407407407407407
69825517c835c41957dffd5e,69825517c835c41957dffd35,0.07407407407407407
69825517c835c41957dffd5e,69825517c835c41957dffd47,0.07407407407407407
69825517c835c41957dffd5e,69825517c835c41957dffd3f,0.07407407407407407
69825517c835c41957dffd5e,69825517c835c41957dffd53,0.07407407407407407
69825517c835c41957dffd5e,69825517c835c41957dffd45,0.07407407407407407
69825517c835c41957e01107,69825516c835c41957dfa3fd,0.25
69825517c835c41957e01107,69825516c835c41957dff299,0.25
69825517c835c41957e01107,69825517c835c41957e00da9,1.0
69825517c835c41957e01107,69825516c835c41957df9e4b,0.25
69825517c835c41957e01107,69825516c835c41957dfda2d,0.25
69825517c835c41957e01107,69825516c835c41957dfa57a,1.0
69825516c835c41957dfa0ae,69825516c835c41957dfef5e,0.5
69825516c835c41957dfa0ae,69825517c835c41957dff402,0.8333333333333333
69825516c835c41957dfa0ae,69825517c835c41957dffdda,0.5
69825516c835c41957dfa0ae,69825517c835c41957e00eba,0.8333333333333333
69825516c835c41957dfa0ae,69825517c835c41957dffca5,0.3333333333333333
69825516c835c41957dfc589,69825516c835c41957dfc5a3,0.06666666666666667
69825516c835c41957dfc589,69825516c835c41957dfbd7b,0.06666666666666667
69825516c835c41957dfc589,69825516c835c41957dfc587,0.5
69825516c835c41957dfc589,69825516c835c41957dfc5a2,0.06666666666666667
69825516c835c41957dfc589,69825516c835c41957dfc5a1,0.06666666666666667
69825516c835c41957dfc589,69825517c835c41957e00d4f,0.06666666666666667
69825516c835c41957dfc589,69825517c835c41957e007bf,0.06666666666666667
69825516c835c41957dfc589,69825516c835c41957dfe76d,0.06666666666666667
69825516c835c41957dfc589,69825517c835c41957e00d4e,0.06666666666666667
69825516c835c41957dfc589,69825517c835c41957e00348,0.06666666666666667
69825516c835c41957dfc589,69825516c835c41957dfc207,0.06666666666666667
69825516c835c41957dfc589,69825516c835c41957dfba0e,0.06666666666666667
69825516c835c41957dfc589,69825516c835c41957dfc572,0.5666666666666667
69825516c835c41957dfc589,69825516c835c41957dfc571,0.06666666666666667
69825516c835c41957dfc589,69825517c835c41957e00d4d,0.06666666666666667
69825516c835c41957dfc9c0,69825516c835c41957dfc933,8.0
69825517c835c41957e00a0f,69825517c835c41957e017fc,0.3333333333333333
69825517c835c41957e00a0f,69825516c835c41957df9e28,0.3333333333333333
69825517c835c41957e00a0f,69825516c835c41957dfd036,0.3333333333333333
69825516c835c41957dfb531,69825516c835c41957dfa44f,1.0
69825516c835c41957dff04a,69825516c835c41957dfc6bf,0.125
69825516c835c41957dff04a,69825517c835c41957e012a5,0.125
69825516c835c41957dff04a,69825516c835c41957dfc8da,0.25
69825516c835c41957dff04a,69825517c835c41957e015fb,0.125
69825516c835c41957dff04a,69825517c835c41957e012a7,0.25
69825516c835c41957dff04a,69825516c835c41957dfe481,0.125
69825516c835c41957dff04a,69825517c835c41957e0129f,0.25
69825516c835c41957dff04a,69825517c835c41957e00735,0.125
69825516c835c41957dff04a,69825516c835c41957dff313,0.125
69825516c835c41957dff04a,69825516c835c41957dfc857,0.25
69825516c835c41957dff04a,69825516c835c41957dfe5fd,0.125
69825517c835c41957e0121c,69825517c835c41957e00f1e,1.0
69825517c835c41957e0121c,69825516c835c41957dfa5a4,0.5
69825517c835c41957e0121c,69825516c835c41957dfb9af,0.5
69825516c835c41957dfbd7b,69825516c835c41957dfc5a2,0.06666666666666667
69825516c835c41957dfbd7b,69825516c835c41957dfc5a1,0.06666666666666667
69825516c835c41957dfbd7b,69825516c835c41957dfbd86,0.16666666666666666
69825516c835c41957dfbd7b,69825517c835c41957e00348,0.06666666666666667
69825516c835c41957dfbd7b,69825517c835c41957e00e96,0.16666666666666666
69825516c835c41957dfbd7b,69825517c835c41957e00d4e,0.06666666666666667
69825516c835c41957dfbd7b,69825516c835c41957dfc572,0.06666666666666667
69825516c835c41957dfbd7b,69825516c835c41957dfc571,0.06666666666666667
69825516c835c41957dfbd7b,69825516c835c41957dfc205,0.16666666666666666
69825516c835c41957dfbd7b,69825517c835c41957e00d4f,0.06666666666666667
69825516c835c41957dfbd7b,69825516c835c41957dfc207,0.06666666666666667
69825516c835c41957dfbd7b,69825517c835c41957e007c0,0.16666666666666666
69825516c835c41957dfbd7b,69825516c835c41957dfc5a3,0.06666666666666667
69825516c835c41957dfbd7b,69825517c835c41957e007bf,0.06666666666666667
69825516c835c41957dfbd7b,69825516c835c41957dfe76d,0.06666666666666667
69825516c835c41957dfbd7b,69825516c835c41957dfba0e,0.23333333333333334
69825516c835c41957dfbd7b,69825517c835c41957e00d4d,0.06666666666666667
69825517c835c41957e013f1,69825516c835c41957dfef52,0.5
69825517c835c41957e013f1,69825516c835c41957dfb8ef,0.5
69825516c835c41957dfb11f,69825516c835c41957dfc808,1.0
69825517c835c41957e00a15,69825516c835c41957dfb5a8,1.0
69825517c835c41957e00a15,69825516c835c41957dfcf3f,4.0
69825517c835c41957e01595,69825517c835c41957e016aa,0.1
69825517c835c41957e01595,69825517c835c41957e015c0,0.1
69825517c835c41957e01595,69825517c835c41957e016d5,1.1
69825517c835c41957e01595,69825517c835c41957e015da,0.1
69825517c835c41957e01595,69825517c835c41957e0169a,0.1
69825517c835c41957e01595,69825517c835c41957e01600,0.1
69825517c835c41957e01595,69825516c835c41957dfa7f4,0.1
69825517c835c41957e01595,69825517c835c41957e01690,0.1
69825517c835c41957e01595,69825517c835c41957e01622,0.1
69825516c835c41957dfb4b2,69825516c835c41957dfaaf2,0.5
69825516c835c41957dfb4b2,69825516c835c41957dfedac,0.5
69825516c835c41957dfb4b2,69825516c835c41957dfb3a6,2.0
69825516c835c41957dfd1ac,69825516c835c41957dfd314,0.30952380952380953
69825516c835c41957dfd1ac,69825516c835c41957dfd1f3,0.30952380952380953
69825516c835c41957dfd1ac,69825516c835c41957dfd336,0.30952380952380953
69825516c835c41957dfd1ac,69825516c835c41957dfe78c,0.14285714285714285
69825516c835c41957dfd1ac,69825516c835c41957dfd315,0.30952380952380953
69825516c835c41957dfd1ac,69825516c835c41957dfd17b,0.30952380952380953
69825516c835c41957dfd1ac,69825516c835c41957dfd313,0.30952380952380953
69825516c835c41957dfb7ed,69825516c835c41957dfcd4d,0.1111111111111111
69825516c835c41957dfb7ed,69825516c835c41957dfba1c,0.5
69825516c835c41957dfb7ed,69825516c835c41957dfa168,0.5
69825516c835c41957dfb7ed,69825517c835c41957e0083a,0.16666666666666666
69825516c835c41957dfb7ed,69825516c835c41957dfce4e,0.1111111111111111
69825516c835c41957dfb7ed,69825516c835c41957dfe141,0.1111111111111111
69825516c835c41957dfb7ed,69825517c835c41957e00524,0.611111111111111
69825516c835c41957dfb7ed,69825517c835c41957e0086e,0.2777777777777778
69825516c835c41957dfb7ed,69825516c835c41957dfa636,0.2777777777777778
69825516c835c41957dfb7ed,69825517c835c41957e00525,0.6111111111111112
69825516c835c41957dfb7ed,69825516c835c41957dfe7d1,0.1111111111111111
69825516c835c41957dfb7ed,69825516c835c41957dfd19c,0.611111111111111
69825516c835c41957dfa1bb,69825516c835c41957dfb570,2.0
69825516c835c41957dfa1bb,69825517c835c41957e0126e,5.0
69825516c835c41957dfd712,69825516c835c41957dfb8d0,1.0
69825516c835c41957dfbbb0,69825516c835c41957dfbbf6,0.14285714285714285
69825516c835c41957dfbbb0,69825516c835c41957dfbc22,0.14285714285714285
69825516c835c41957dfbbb0,69825516c835c41957dfbc0d,0.14285714285714285
69825516c835c41957dfbbb0,69825516c835c41957dfbbb5,0.14285714285714285
69825516c835c41957dfbbb0,69825516c835c41957dfbbe8,0.14285714285714285
69825516c835c41957dfbbb0,69825516c835c41957dfbc08,0.14285714285714285
69825516c835c41957dfbbb0,69825516c835c41957dfbbf0,0.14285714285714285
69825517c835c41957dfffd0,69825517c835c41957dff795,0.3333333333333333
69825517c835c41957dfffd0,69825517c835c41957e01501,0.8333333333333333
69825517c835c41957dfffd0,69825517c835c41957dff796,0.3333333333333333
69825517c835c41957dfffd0,69825517c835c41957e0154b,0.5
69825517c835c41957dfff2a,69825517c835c41957dffe6f,1.0
69825517c835c41957dffd35,69825517c835c41957dffd58,0.07407407407407407
69825517c835c41957dffd35,69825517c835c41957dffd3d,0.07407407407407407
69825517c835c41957dffd35,69825517c835c41957dffd63,0.07407407407407407
69825517c835c41957dffd35,69825517c835c41957dffd59,0.07407407407407407
69825517c835c41957dffd35,69825517c835c41957dffd5a,0.07407407407407407
69825517c835c41957dffd35,69825517c835c41957dffd3e,0.07407407407407407
69825517c835c41957dffd35,69825517c835c41957e01276,0.037037037037037035
69825517c835c41957dffd35,69825517c835c41957dffd3c,0.07407407407407407
69825517c835c41957dffd35,69825517c835c41957dffd5c,0.07407407407407407
69825517c835c41957dffd35,69825517c835c41957dffd62,0.07407407407407407
69825517c835c41957dffd35,69825517c835c41957dffd39,0.07407407407407407
69825517c835c41957dffd35,69825517c835c41957dffd64,0.07407407407407407
69825517c835c41957dffd35,69825517c835c41957dffd44,0.07407407407407407
69825517c835c41957dffd35,69825517c835c41957dffd36,0.07407407407407407
69825517c835c41957dffd35,69825517c835c41957dffd3b,0.07407407407407407
69825517c835c41957dffd35,69825517c835c41957dffd60,0.07407407407407407
69825517c835c41957dffd35,69825517c835c41957dffd4f,0.07407407407407407
69825517c835c41957dffd35,69825517c835c41957e012a7,0.037037037037037035
69825517c835c41957dffd35,69825517c835c41957dffd50,0.07407407407407407
69825517c835c41957dffd35,69825517c835c41957dffd42,0.07407407407407407
69825517c835c41957dffd35,69825517c835c41957dffd47,0.07407407407407407
69825517c835c41957dffd35,69825517c835c41957dffd3f,0.07407407407407407
69825517c835c41957dffd35,69825517c835c41957dffd53,0.07407407407407407
69825517c835c41957dffd35,69825517c835c41957dffd45,0.07407407407407407
69825516c835c41957dfa445,69825517c835c41957dffa50,0.3333333333333333
69825516c835c41957dfa445,69825517c835c41957dffac6,1.0
69825516c835c41957dfa445,69825516c835c41957dfeef1,0.3333333333333333
69825516c835c41957dfa445,69825516c835c41957dfa3f8,1.0
69825516c835c41957dfa445,69825517c835c41957e001e1,0.3333333333333333
69825516c835c41957dfc114,69825516c835c41957dfb95d,1.0
69825516c835c41957dfa9c1,69825516c835c41957dfe621,0.1
69825516c835c41957dfa9c1,69825516c835c41957dfb922,0.1
69825516c835c41957dfa9c1,69825517c835c41957e004b9,0.1
69825516c835c41957dfa9c1,69825516c835c41957dfd79f,0.1
69825516c835c41957dfa9c1,69825516c835c41957dfd4ad,0.1
69825516c835c41957dfa9c1,69825516c835c41957dfb7ae,0.1
69825516c835c41957dfa9c1,69825516c835c41957dfe622,0.1
69825516c835c41957dfa9c1,69825516c835c41957dff04d,2.1
69825516c835c41957dfa9c1,69825516c835c41957dfe61e,0.1
69825516c835c41957dfa9c1,69825516c835c41957dfe61a,0.1
69825516c835c41957dfa0e9,69825516c835c41957dfedb6,1.0
69825516c835c41957dfa0e9,69825516c835c41957dfd00c,0.3333333333333333
69825516c835c41957dfa0e9,69825517c835c41957e00481,0.3333333333333333
69825516c835c41957dfa0e9,69825516c835c41957dfb969,0.3333333333333333
69825516c835c41957dfa0e9,69825516c835c41957dfbde1,4.033333333333333
69825516c835c41957dfa0e9,69825516c835c41957dfca2b,0.3666666666666667
69825516c835c41957dfa0e9,69825516c835c41957dfc990,0.16666666666666666
69825516c835c41957dfa0e9,69825516c835c41957dff282,1.0
69825516c835c41957dfa0e9,69825516c835c41957dfd2e1,0.06666666666666667
69825516c835c41957dfa0e9,69825516c835c41957dfc131,2.0
69825516c835c41957dfa0e9,69825516c835c41957dfaa39,0.5
69825516c835c41957dfa0e9,69825516c835c41957dfeef0,0.06666666666666667
69825516c835c41957dfa0e9,69825516c835c41957dfa95b,0.5
69825516c835c41957dfa0e9,69825516c835c41957dff355,0.3666666666666667
69825516c835c41957dfa0e9,69825517c835c41957dffc2f,0.06666666666666667
69825516c835c41957dfa0e9,69825517c835c41957dffac6,0.5
69825516c835c41957dfa0e9,69825516c835c41957dfa4eb,0.06666666666666667
69825516c835c41957dfa0e9,69825516c835c41957dfbf53,0.06666666666666667
69825516c835c41957dfa0e9,69825516c835c41957dfe793,0.16666666666666666
69825516c835c41957dfa0e9,69825517c835c41957e012b3,0.06666666666666667
69825516c835c41957dfa0e9,69825517c835c41957e002a8,0.3666666666666667
69825516c835c41957dfa0e9,69825517c835c41957e001e1,1.0
69825516c835c41957dfa0e9,69825517c835c41957dffca5,0.06666666666666667
69825516c835c41957dfa0e9,69825516c835c41957dfa49d,0.3666666666666667
69825516c835c41957dfa0e9,69825516c835c41957dfcd49,0.06666666666666667
69825516c835c41957dfa0e9,69825517c835c41957dff40f,0.06666666666666667
69825516c835c41957dfa0e9,69825517c835c41957e00a30,0.06666666666666667
69825516c835c41957dfa0e9,69825516c835c41957dfc98b,0.5
69825516c835c41957dfa0e9,69825516c835c41957dff3ce,0.06666666666666667
69825516c835c41957dfa0e9,69825516c835c41957dfdc39,0.5
69825516c835c41957dfa0e9,69825516c835c41957dfef59,0.06666666666666667
69825516c835c41957dfa0e9,69825516c835c41957dfef50,0.16666666666666666
69825516c835c41957dfa0e9,69825516c835c41957dfb9f5,0.16666666666666666
69825516c835c41957dfa0e9,69825517c835c41957e0098b,0.06666666666666667
69825516c835c41957dfa0e9,69825516c835c41957dfe848,0.06666666666666667
69825516c835c41957dfa0e9,69825516c835c41957dfa584,0.8333333333333333
69825516c835c41957dfa0e9,69825516c835c41957dff286,0.16666666666666666
69825516c835c41957dfa0e9,69825517c835c41957e00bfc,0.16666666666666666
69825516c835c41957dfa0e9,69825516c835c41957dfd30e,0.06666666666666667
69825516c835c41957dfa0e9,69825517c835c41957e00bf9,0.5
69825516c835c41957dfdd5e,69825517c835c41957dffce5,2.0
69825516c835c41957dfd31d,69825516c835c41957dfbef2,1.0
69825516c835c41957dfd025,69825516c835c41957dfd9f1,0.0625
69825516c835c41957dfd025,69825516c835c41957dfe79f,0.16233766233766234
69825516c835c41957dfd025,69825516c835c41957dfd2d4,0.46726190476190477
69825516c835c41957dfd025,69825517c835c41957dff6fc,0.13392857142857142
69825516c835c41957dfd025,69825517c835c41957e007db,0.07142857142857142
69825516c835c41957dfd025,69825517c835c41957e00f6b,0.22483766233766234
69825516c835c41957dfd025,69825516c835c41957dfccbb,0.3333333333333333
69825516c835c41957dfd025,69825517c835c41957e0080a,0.09090909090909091
69825516c835c41957dfd025,69825517c835c41957dffbd6,0.22483766233766234
69825516c835c41957dfd025,69825517c835c41957dff82a,0.3333333333333333
69825516c835c41957dfd025,69825517c835c41957e01286,0.0625
69825516c835c41957dfd025,69825517c835c41957e00d08,0.22483766233766234
69825516c835c41957dfd025,69825516c835c41957df9e60,0.22483766233766234
69825516c835c41957dfd025,69825516c835c41957dfd3f6,0.22483766233766234
69825516c835c41957dfd025,69825517c835c41957e017f5,0.0625
69825516c835c41957dfd025,69825517c835c41957dffe16,0.16233766233766234
69825516c835c41957dfd025,69825517c835c41957e00f6c,0.22483766233766234
69825516c835c41957dfd025,69825516c835c41957dfb790,0.0625
69825516c835c41957dfd025,69825516c835c41957dfccc3,0.0625
69825516c835c41957dfd34d,69825516c835c41957dfbae2,0.05263157894736842
69825516c835c41957dfd34d,69825516c835c41957dfe034,0.05263157894736842
69825516c835c41957dfd34d,69825516c835c41957dfd0c9,2.052631578947368
69825516c835c41957dfd34d,69825517c835c41957e0061b,0.05263157894736842
69825516c835c41957dfd34d,69825516c835c41957dfca1e,0.9609649122807018
69825516c835c41957dfd34d,69825516c835c41957dfc8e6,0.125
69825516c835c41957dfd34d,69825516c835c41957dfdaaa,0.9609649122807018
69825516c835c41957dfd34d,69825516c835c41957dfc99d,0.17763157894736842
69825516c835c41957dfd34d,69825516c835c41957dfab42,0.05263157894736842
69825516c835c41957dfd34d,69825516c835c41957dfb813,0.37763157894736843
69825516c835c41957dfd34d,69825516c835c41957dfda41,0.05263157894736842
69825516c835c41957dfd34d,69825516c835c41957dfba04,0.05263157894736842
69825516c835c41957dfd34d,69825516c835c41957dfe01a,1.3026315789473684
69825516c835c41957dfd34d,69825516c835c41957dfd30a,0.6776315789473684
69825516c835c41957dfd34d,69825517c835c41957e010c8,0.05263157894736842
69825516c835c41957dfd34d,69825517c835c41957e00c9e,1.5526315789473684
69825516c835c41957dfd34d,69825516c835c41957dfd0ca,0.7109649122807018
69825516c835c41957dfd34d,69825516c835c41957dfdbe9,0.25
69825516c835c41957dfd34d,69825516c835c41957dfcce8,0.17763157894736842
69825516c835c41957dfd34d,69825516c835c41957dfd2f0,0.05263157894736842
69825517c835c41957dffb6b,69825517c835c41957e0024c,1.0
69825517c835c41957e00fd4,69825517c835c41957dffb20,4.092857142857143
69825517c835c41957e00fd4,69825516c835c41957dfa40b,0.1
69825517c835c41957e00fd4,69825516c835c41957dfd2db,0.1
69825517c835c41957e00fd4,69825516c835c41957dfbd65,0.1
69825517c835c41957e00fd4,69825516c835c41957dfccad,0.14285714285714285
69825517c835c41957e00fd4,69825516c835c41957dfc131,0.2
69825517c835c41957e00fd4,69825516c835c41957dfc107,0.1
69825517c835c41957e00fd4,69825516c835c41957dfa95b,0.45
69825517c835c41957e00fd4,69825517c835c41957e006e6,0.25
69825517c835c41957e00fd4,69825516c835c41957dfaa2f,0.1
69825517c835c41957e00fd4,69825516c835c41957dfbb08,0.3333333333333333
69825517c835c41957e00fd4,69825516c835c41957dfe788,0.14285714285714285
69825517c835c41957e00fd4,69825516c835c41957dfd892,0.2
69825517c835c41957e00fd4,69825516c835c41957dfd2dd,0.1
69825517c835c41957e00fd4,69825516c835c41957dfa168,0.5333333333333333
69825517c835c41957e00fd4,69825517c835c41957dff891,0.30000000000000004
69825517c835c41957e00fd4,69825516c835c41957dfd070,0.14285714285714285
69825517c835c41957e00fd4,69825517c835c41957e01a78,0.25
69825517c835c41957e00fd4,69825517c835c41957e00f7b,0.6666666666666666
69825517c835c41957e00fd4,69825516c835c41957dfdb50,0.1
69825517c835c41957e00fd4,69825517c835c41957dffb7c,0.75
69825517c835c41957e00fd4,69825516c835c41957dfb7e1,2.283333333333333
69825517c835c41957e00fd4,69825517c835c41957dff90d,0.2
69825517c835c41957e00fd4,69825516c835c41957dfd04e,0.3333333333333333
69825517c835c41957e00fd4,69825517c835c41957e00bf9,0.47619047619047616
69825517c835c41957e00fd4,69825516c835c41957dfd069,0.1
69825516c835c41957dff248,69825516c835c41957dfe48e,1.0
69825516c835c41957dfb792,69825516c835c41957dfa7ad,0.125
69825516c835c41957dfb792,69825517c835c41957dff40f,0.125
69825516c835c41957dfb792,69825516c835c41957dfb793,0.125
69825516c835c41957dfb792,69825517c835c41957dff402,0.125
69825516c835c41957dfb792,69825517c835c41957e00a30,0.125
69825516c835c41957dfb792,69825516c835c41957dff3ce,0.125
69825516c835c41957dfb792,69825517c835c41957e00eba,0.125
69825516c835c41957dfb792,69825516c835c41957dfbf53,0.125
69825516c835c41957dfb792,69825516c835c41957df9d5e,1.0
69825516c835c41957dfe621,69825516c835c41957dfb922,0.1
69825516c835c41957dfe621,69825517c835c41957e004b9,0.1
69825516c835c41957dfe621,69825516c835c41957dfd79f,0.1
69825516c835c41957dfe621,69825516c835c41957dfd4ad,0.1
69825516c835c41957dfe621,69825516c835c41957dfb7ae,0.1
69825516c835c41957dfe621,69825516c835c41957dfe622,0.1
69825516c835c41957dfe621,69825516c835c41957dff04d,0.1
69825516c835c41957dfe621,69825516c835c41957dfe61e,0.1
69825516c835c41957dfe621,69825516c835c41957dfe61a,0.1
69825516c835c41957dfbc22,69825516c835c41957dfbbf6,0.14285714285714285
69825516c835c41957dfbc22,69825516c835c41957dfbc0d,0.14285714285714285
69825516c835c41957dfbc22,69825516c835c41957dfbbb5,0.14285714285714285
69825516c835c41957dfbc22,69825516c835c41957dfbbe8,0.14285714285714285
69825516c835c41957dfbc22,69825516c835c41957dfbc08,0.14285714285714285
69825516c835c41957dfbc22,69825516c835c41957dfbbf0,0.14285714285714285
69825516c835c41957dfa73a,69825516c835c41957dfac3e,1.0
69825516c835c41957dfa73a,69825516c835c41957dfe2d0,1.0
69825516c835c41957dfbd86,69825517c835c41957e007c0,0.16666666666666666
69825516c835c41957dfbd86,69825517c835c41957e00e96,0.16666666666666666
69825516c835c41957dfbd86,69825516c835c41957dfba0e,0.16666666666666666
69825516c835c41957dfbd86,69825516c835c41957dfc205,1.1666666666666667
69825516c835c41957dfb76b,69825516c835c41957dfdb9b,0.16666666666666666
69825516c835c41957dfb76b,69825516c835c41957dfe788,0.16666666666666666
69825516c835c41957dfb76b,69825516c835c41957dfdbbc,0.16666666666666666
69825516c835c41957dfb76b,69825517c835c41957e01349,0.16666666666666666
69825516c835c41957dfb76b,69825517c835c41957e01384,0.16666666666666666
69825516c835c41957dfb76b,69825516c835c41957dfb7b7,0.16666666666666666
69825516c835c41957dfc2fb,69825517c835c41957dffd55,0.5
69825516c835c41957dfc2fb,69825516c835c41957dfb7e4,0.5
69825516c835c41957dfef56,69825516c835c41957dfbb84,0.2
69825516c835c41957dfef56,69825516c835c41957dfd2f5,1.2
69825516c835c41957dfef56,69825516c835c41957dfa1f8,0.7
69825516c835c41957dfef56,69825516c835c41957dfcc8e,0.5
69825516c835c41957dfef56,69825516c835c41957dfeeef,0.2
69825516c835c41957dfef56,69825517c835c41957dff799,0.2
69825516c835c41957dff083,69825516c835c41957dff0dc,0.02631578947368421
69825516c835c41957dff083,69825516c835c41957dff05c,0.02631578947368421
69825516c835c41957dff083,69825516c835c41957dff0b1,0.02631578947368421
69825516c835c41957dff083,69825516c835c41957dff0ba,0.19298245614035087
69825516c835c41957dff083,69825516c835c41957dff05e,0.02631578947368421
69825516c835c41957dff083,69825516c835c41957dff069,0.02631578947368421
69825516c835c41957dff083,69825516c835c41957dff063,0.02631578947368421
69825516c835c41957dff083,69825516c835c41957dff06c,0.02631578947368421
69825516c835c41957dff083,69825516c835c41957dff070,0.02631578947368421
69825516c835c41957dff083,69825516c835c41957dff090,0.02631578947368421
69825516c835c41957dff083,69825516c835c41957dff0cd,0.02631578947368421
69825516c835c41957dff083,69825516c835c41957dff0d0,0.19298245614035087
69825516c835c41957dff083,69825516c835c41957dff0cf,0.19298245614035087
69825516c835c41957dff083,69825516c835c41957dff0d6,0.02631578947368421
69825516c835c41957dff083,69825516c835c41957dff0b3,0.02631578947368421
69825516c835c41957dff083,69825516c835c41957dff055,0.02631578947368421
69825516c835c41957dff083,69825516c835c41957dff0c8,0.02631578947368421
69825516c835c41957dff083,69825516c835c41957dff05f,0.02631578947368421
69825516c835c41957dff083,69825516c835c41957dff071,0.02631578947368421
69825516c835c41957dff083,69825516c835c41957dff0de,0.02631578947368421
69825516c835c41957dff083,69825516c835c41957dff091,0.02631578947368421
69825516c835c41957dff083,69825516c835c41957dff080,0.02631578947368421
69825516c835c41957dff083,69825516c835c41957dff064,0.02631578947368421
69825516c835c41957dff083,69825516c835c41957dff0b2,0.02631578947368421
69825516c835c41957dff083,69825516c835c41957dff09e,0.02631578947368421
69825516c835c41957dff083,69825516c835c41957dff072,0.02631578947368421
69825516c835c41957dff083,69825516c835c41957dff09d,0.19298245614035087
69825516c835c41957dff083,69825516c835c41957dff0db,0.02631578947368421
69825516c835c41957dff083,69825516c835c41957dff086,0.02631578947368421
69825516c835c41957dff083,69825516c835c41957dff077,0.02631578947368421
69825516c835c41957dff083,69825516c835c41957dff0a2,0.02631578947368421
69825516c835c41957dff083,69825516c835c41957dff0d3,0.19298245614035087
69825516c835c41957dff083,69825516c835c41957dff08f,0.02631578947368421
69825516c835c41957dff083,69825516c835c41957dff06f,0.02631578947368421
69825516c835c41957dff083,69825516c835c41957dff0d9,0.02631578947368421
69825516c835c41957dff083,69825516c835c41957dff0d1,0.02631578947368421
69825516c835c41957dfc478,69825516c835c41957dfb3c3,0.5
69825516c835c41957dfc478,69825516c835c41957dfb206,0.5
69825516c835c41957dfb79e,69825517c835c41957e017f5,0.3333333333333333
69825516c835c41957dfb79e,69825516c835c41957dfa37e,1.0
69825516c835c41957dfb79e,69825516c835c41957dfbca7,0.3333333333333333
69825516c835c41957dfd21d,69825516c835c41957dfedc4,1.0
69825516c835c41957dfd21d,69825516c835c41957dfd215,0.75
69825516c835c41957dfd21d,69825516c835c41957dfa9be,0.75
69825516c835c41957dfd21d,69825516c835c41957dfb651,1.25
69825516c835c41957dfd21d,69825517c835c41957e00d1c,0.25
69825516c835c41957dfba08,69825516c835c41957dfc5e8,1.0
69825517c835c41957dff565,69825517c835c41957e00b7c,0.5
69825517c835c41957dff565,69825516c835c41957dfaa7b,0.5
69825516c835c41957dfcd90,69825516c835c41957dfd3fb,2.5
69825516c835c41957dfcd90,69825516c835c41957dfac47,0.5
69825516c835c41957dfbd2b,69825517c835c41957dff7a3,1.3095238095238095
69825516c835c41957dfbd2b,69825516c835c41957dfd2c1,0.30952380952380953
69825516c835c41957dfbd2b,69825517c835c41957e0069b,0.30952380952380953
69825516c835c41957dfbd2b,69825516c835c41957dfbd2d,0.16666666666666666
69825516c835c41957dfbd2b,69825517c835c41957dffa4b,0.30952380952380953
69825516c835c41957dfaabe,69825516c835c41957dfe871,1.0
69825516c835c41957dfd071,69825516c835c41957dfd1f0,4.0
69825516c835c41957dfe00c,69825517c835c41957e009af,1.0
69825516c835c41957dfe00c,69825516c835c41957dfedee,1.0
69825516c835c41957dff21b,69825516c835c41957dfc2e0,0.2
69825516c835c41957dff21b,69825516c835c41957dfd253,0.45
69825516c835c41957dff21b,69825517c835c41957e009fc,0.45
69825516c835c41957dff21b,69825517c835c41957e00e87,0.45
69825517c835c41957e011ac,69825516c835c41957dfa5a4,1.95
69825517c835c41957e011ac,69825517c835c41957e00a2c,0.6583333333333333
69825517c835c41957e011ac,69825516c835c41957dfd8b5,0.08333333333333333
69825517c835c41957e011ac,69825517c835c41957e010a7,0.125
69825517c835c41957e011ac,69825516c835c41957dfd3f8,0.125
69825517c835c41957e011ac,69825516c835c41957dfb53e,0.125
69825517c835c41957e011ac,69825516c835c41957dfe795,0.08333333333333333
69825517c835c41957e011ac,69825516c835c41957dfa059,0.125
69825517c835c41957e011ac,69825516c835c41957dfee8d,0.3333333333333333
69825517c835c41957e011ac,69825516c835c41957df9c99,0.08333333333333333
69825517c835c41957e011ac,69825516c835c41957dfa375,0.125
69825517c835c41957e011ac,69825516c835c41957dfa160,0.20833333333333331
69825517c835c41957e011ac,69825516c835c41957dfa8cf,0.125
69825517c835c41957e011ac,69825516c835c41957dfd8e7,0.4083333333333333
69825517c835c41957e011ac,69825516c835c41957dfb9af,2.9499999999999997
69825517c835c41957e011ac,69825516c835c41957dfa8a4,1.6583333333333332
69825517c835c41957e011ac,69825516c835c41957dfd086,0.08333333333333333
69825517c835c41957e011ac,69825516c835c41957dfed83,0.08333333333333333
69825517c835c41957e011ac,69825516c835c41957dfa813,0.125
69825516c835c41957dfbbd4,69825516c835c41957dfbc09,0.05
69825516c835c41957dfbbd4,69825516c835c41957dfbbea,0.05
69825516c835c41957dfbbd4,69825516c835c41957dfbbe4,0.05
69825516c835c41957dfbbd4,69825516c835c41957dfbbba,0.05
69825516c835c41957dfbbd4,69825516c835c41957dfbc0f,0.05
69825516c835c41957dfbbd4,69825516c835c41957dfbbb8,0.05
69825516c835c41957dfbbd4,69825516c835c41957dfbbb7,0.05
69825516c835c41957dfbbd4,69825516c835c41957dfbc10,0.05
69825516c835c41957dfbbd4,69825516c835c41957dfbc20,0.05
69825516c835c41957dfbbd4,69825516c835c41957dfbbb2,0.05
69825516c835c41957dfbbd4,69825516c835c41957dfbbf8,0.05
69825516c835c41957dfbbd4,69825516c835c41957dfbbb9,0.05
69825516c835c41957dfbbd4,69825516c835c41957dfbc2c,0.05
69825516c835c41957dfbbd4,69825516c835c41957dfbbfd,0.05
69825516c835c41957dfbbd4,69825516c835c41957dfbc0e,0.05
69825516c835c41957dfbbd4,69825516c835c41957dfbc27,0.05
69825516c835c41957dfbbd4,69825516c835c41957dfbc1b,0.05
69825516c835c41957dfbbd4,69825516c835c41957dfbbc3,0.05
69825517c835c41957e00b87,69825517c835c41957e01106,1.0
69825517c835c41957e00fea,69825517c835c41957e00fe3,0.3333333333333333
69825517c835c41957e00fea,69825516c835c41957df9e5f,1.0
69825517c835c41957e00fea,69825516c835c41957dfc026,0.3333333333333333
69825517c835c41957e00fea,69825516c835c41957dfe483,0.3333333333333333
69825516c835c41957dff3ce,69825517c835c41957e00dc0,0.08333333333333333
69825516c835c41957dff3ce,69825516c835c41957dfb793,0.125
69825516c835c41957dff3ce,69825516c835c41957dfd2e1,0.06666666666666667
69825516c835c41957dff3ce,69825516c835c41957dfeef0,0.06666666666666667
69825516c835c41957dff3ce,69825516c835c41957dfa7ad,0.20833333333333331
69825516c835c41957dff3ce,69825517c835c41957dffc2f,0.19166666666666665
69825516c835c41957dff3ce,69825516c835c41957dfb7ab,0.125
69825516c835c41957dff3ce,69825516c835c41957dfe7ff,0.08333333333333333
69825516c835c41957dff3ce,69825517c835c41957e01819,0.08333333333333333
69825516c835c41957dff3ce,69825516c835c41957dfa4eb,0.06666666666666667
69825516c835c41957dff3ce,69825516c835c41957dfbf53,2.2333333333333334
69825516c835c41957dff3ce,69825517c835c41957e012b3,0.06666666666666667
69825516c835c41957dff3ce,69825517c835c41957e00c0a,0.125
69825516c835c41957dff3ce,69825517c835c41957dffca5,0.15
69825516c835c41957dff3ce,69825516c835c41957dfcd49,0.19166666666666665
69825516c835c41957dff3ce,69825517c835c41957dff40f,2.2333333333333334
69825516c835c41957dff3ce,69825517c835c41957dff402,0.20833333333333331
69825516c835c41957dff3ce,69825517c835c41957e00a30,0.19166666666666665
69825516c835c41957dff3ce,69825516c835c41957dfef59,0.06666666666666667
69825516c835c41957dff3ce,69825516c835c41957dfd2dc,0.08333333333333333
69825516c835c41957dff3ce,69825516c835c41957dfe848,0.27499999999999997
69825516c835c41957dff3ce,69825517c835c41957e0098b,0.19166666666666665
69825516c835c41957dff3ce,69825516c835c41957dfd30e,0.39999999999999997
69825516c835c41957dff3ce,69825517c835c41957e00eba,0.20833333333333331
69825516c835c41957dff3ce,69825517c835c41957e00423,0.08333333333333333
69825517c835c41957dff59e,69825517c835c41957dffa33,0.5
69825517c835c41957dff59e,69825516c835c41957dfd30c,0.2
69825517c835c41957dff59e,69825516c835c41957df9f53,0.2
69825517c835c41957dff59e,69825516c835c41957dfe794,0.2
69825517c835c41957dff59e,69825516c835c41957dfe867,0.125
69825517c835c41957dff59e,69825517c835c41957dffc6e,0.625
69825517c835c41957dff59e,69825517c835c41957e00841,0.29166666666666663
69825517c835c41957dff59e,69825516c835c41957dfe79f,0.325
69825517c835c41957dff59e,69825517c835c41957dffe16,0.625
69825517c835c41957dff59e,69825517c835c41957e0080a,0.325
69825517c835c41957dff59e,69825516c835c41957dfcd3b,0.16666666666666666
69825517c835c41957dff59e,69825517c835c41957e007db,0.5
69825517c835c41957dff59e,69825517c835c41957e01762,0.125
69825516c835c41957dfbc0a,69825516c835c41957dfbc0b,0.08333333333333333
69825516c835c41957dfbc0a,69825516c835c41957dfbbb4,0.08333333333333333
69825516c835c41957dfbc0a,69825516c835c41957dfbbd0,0.08333333333333333
69825516c835c41957dfbc0a,69825516c835c41957dfbbe5,0.08333333333333333
69825516c835c41957dfbc0a,69825516c835c41957dfbbb3,0.08333333333333333
69825516c835c41957dfbc0a,69825516c835c41957dfbbae,0.08333333333333333
69825516c835c41957dfbc0a,69825516c835c41957dfbc1a,0.08333333333333333
69825516c835c41957dfbc0a,69825516c835c41957dfbbce,0.08333333333333333
69825516c835c41957dfbc0a,69825516c835c41957dfbc18,0.08333333333333333
69825516c835c41957dfbc0a,69825516c835c41957dfbbec,0.08333333333333333
69825516c835c41957dfbc0a,69825516c835c41957dfbc05,0.08333333333333333
69825516c835c41957dfbc0a,69825516c835c41957dfbc02,0.08333333333333333
69825516c835c41957dfefb2,69825517c835c41957e016b4,0.047619047619047616
69825516c835c41957dfefb2,69825517c835c41957e01662,0.047619047619047616
69825516c835c41957dfefb2,69825517c835c41957e01661,0.047619047619047616
69825516c835c41957dfefb2,69825517c835c41957e01644,0.047619047619047616
69825516c835c41957dfefb2,69825517c835c41957e016b7,0.047619047619047616
69825516c835c41957dfefb2,69825517c835c41957e0164f,0.047619047619047616
69825516c835c41957dfefb2,69825517c835c41957e015a4,0.047619047619047616
69825516c835c41957dfefb2,69825517c835c41957e0161f,0.047619047619047616
69825516c835c41957dfefb2,69825517c835c41957e01620,0.047619047619047616
69825516c835c41957dfefb2,69825517c835c41957e015d3,0.047619047619047616
69825516c835c41957dfefb2,69825517c835c41957e0157c,0.047619047619047616
69825516c835c41957dfefb2,69825517c835c41957e015be,0.047619047619047616
69825516c835c41957dfefb2,69825517c835c41957e015b0,0.047619047619047616
69825516c835c41957dfefb2,69825517c835c41957e01617,0.047619047619047616
69825516c835c41957dfefb2,69825516c835c41957dfe3fb,1.0
69825516c835c41957dfefb2,69825517c835c41957e016d1,0.047619047619047616
69825516c835c41957dfefb2,69825517c835c41957e01654,0.047619047619047616
69825516c835c41957dfefb2,69825517c835c41957e016aa,0.047619047619047616
69825516c835c41957dfefb2,69825517c835c41957e0161b,0.047619047619047616
69825516c835c41957dfefb2,69825517c835c41957e0168f,0.047619047619047616
69825516c835c41957dff24e,69825516c835c41957dfa57a,1.0
69825516c835c41957dff24e,69825516c835c41957dfd2fd,1.0
69825516c835c41957dfb3e6,69825516c835c41957dfac5a,1.0
69825517c835c41957e0119b,69825517c835c41957e00e2c,1.0
69825516c835c41957dfc98c,69825516c835c41957dfaddf,0.16666666666666666
69825516c835c41957dfc98c,69825516c835c41957dfba1a,1.0
69825516c835c41957dfc98c,69825516c835c41957dfadc8,0.16666666666666666
69825516c835c41957dfc98c,69825516c835c41957dfb96a,0.16666666666666666
69825516c835c41957dfc98c,69825517c835c41957e009b6,0.16666666666666666
69825516c835c41957dfc98c,69825516c835c41957dfb968,0.16666666666666666
69825516c835c41957dfc98c,69825516c835c41957dfaa86,0.16666666666666666
69825516c835c41957dfccf6,69825516c835c41957dfccb2,1.5833333333333333
69825516c835c41957dfccf6,69825516c835c41957dfa333,0.25
69825516c835c41957dfccf6,69825516c835c41957dfccf4,1.5833333333333333
69825516c835c41957dfccf6,69825516c835c41957dfd2d8,2.5833333333333335
69825516c835c41957dfbd2c,69825517c835c41957e00ded,1.0
69825516c835c41957dfbd2c,69825516c835c41957dfc2eb,1.0
69825516c835c41957dfd302,69825516c835c41957dfcd36,1.0
69825516c835c41957dfc1fd,69825516c835c41957dff398,1.0
69825516c835c41957dfa3c5,69825517c835c41957e00dc0,0.16666666666666666
69825516c835c41957dfa3c5,69825516c835c41957dfa7ad,0.16666666666666666
69825516c835c41957dfa3c5,69825517c835c41957e01922,1.1666666666666667
69825516c835c41957dfa3c5,69825516c835c41957dfdc37,1.0
69825516c835c41957dfa3c5,69825517c835c41957dff6c9,3.6666666666666665
69825516c835c41957dfa3c5,69825517c835c41957e01819,0.6666666666666666
69825516c835c41957dfa3c5,69825517c835c41957e00423,0.16666666666666666
69825516c835c41957dfba47,69825516c835c41957dfba81,2.0
69825516c835c41957dff29a,69825516c835c41957dfd9e3,0.3333333333333333
69825516c835c41957dff29a,69825516c835c41957dfa46d,0.3333333333333333
69825516c835c41957dff29a,69825516c835c41957dfa418,0.3333333333333333
69825516c835c41957dfc6df,69825516c835c41957dfe670,1.0
69825516c835c41957dfc37c,69825516c835c41957dfc382,3.0
69825516c835c41957dfc556,69825517c835c41957e00c9a,0.5
69825516c835c41957dfc556,69825516c835c41957dfd086,0.25
69825516c835c41957dfc556,69825516c835c41957dfee4b,0.25
69825516c835c41957dfc556,69825516c835c41957dfd2e7,2.75
69825516c835c41957dfc556,69825516c835c41957dfa0d7,0.25
69825516c835c41957dfe3ed,69825516c835c41957dfe3f8,0.07142857142857142
69825516c835c41957dfe3ed,69825516c835c41957dfe3da,0.07142857142857142
69825516c835c41957dfe3ed,69825516c835c41957dfe406,0.07142857142857142
69825516c835c41957dfe3ed,69825516c835c41957dfe3f3,0.07142857142857142
69825516c835c41957dfe3ed,69825516c835c41957dfe414,0.07142857142857142
69825516c835c41957dfe3ed,69825516c835c41957dfe3d7,0.07142857142857142
69825516c835c41957dfe3ed,69825516c835c41957dfe3d6,0.07142857142857142
69825516c835c41957dfe3ed,69825516c835c41957dfe40c,0.07142857142857142
69825516c835c41957dfe3ed,69825516c835c41957dfe413,0.07142857142857142
69825516c835c41957dfe3ed,69825516c835c41957dfe417,0.07142857142857142
69825516c835c41957dfe3ed,69825516c835c41957dfe420,0.07142857142857142
69825516c835c41957dfe3ed,69825516c835c41957dfe3ef,0.07142857142857142
69825516c835c41957dfe3ed,69825516c835c41957dfe3d4,0.07142857142857142
69825517c835c41957dffdb5,69825517c835c41957e0024a,2.0
69825516c835c41957dfc43d,69825516c835c41957dfd2d7,2.0
69825516c835c41957dfbae6,69825516c835c41957dfbc40,2.5
69825516c835c41957dfbae6,69825516c835c41957dfa81e,0.5
69825517c835c41957e007d9,69825516c835c41957dff2ba,0.16666666666666666
69825517c835c41957e007d9,69825517c835c41957e004b6,0.16666666666666666
69825517c835c41957e007d9,69825516c835c41957dfd34b,0.25
69825517c835c41957e007d9,69825516c835c41957dfb7b2,0.25
69825517c835c41957e007d9,69825516c835c41957dff358,0.16666666666666666
69825517c835c41957e007d9,69825517c835c41957e01a80,0.25
69825517c835c41957e007d9,69825517c835c41957e01349,0.16666666666666666
69825517c835c41957e007d9,69825516c835c41957dfd576,0.16666666666666666
69825517c835c41957e007d9,69825517c835c41957dff825,0.16666666666666666
69825516c835c41957dfb907,69825516c835c41957dfa4f6,0.5
69825516c835c41957dfb907,69825516c835c41957dfe713,0.5
69825516c835c41957dfadfd,69825516c835c41957dfadfc,1.0
69825516c835c41957dfadfd,69825516c835c41957dfade7,0.25
69825516c835c41957dfadfd,69825516c835c41957dfadfb,0.25
69825516c835c41957dfadfd,69825516c835c41957dfadbd,0.25
69825516c835c41957dfc5a1,69825516c835c41957dfc5a3,0.5666666666666667
69825516c835c41957dfc5a1,69825516c835c41957dfc5a2,1.0666666666666667
69825516c835c41957dfc5a1,69825517c835c41957e00d4f,0.06666666666666667
69825516c835c41957dfc5a1,69825517c835c41957e007bf,0.06666666666666667
69825516c835c41957dfc5a1,69825516c835c41957dfe76d,0.5666666666666667
69825516c835c41957dfc5a1,69825517c835c41957e00d4e,0.06666666666666667
69825516c835c41957dfc5a1,69825517c835c41957e00348,0.06666666666666667
69825516c835c41957dfc5a1,69825516c835c41957dfc207,0.06666666666666667
69825516c835c41957dfc5a1,69825516c835c41957dfba0e,0.06666666666666667
69825516c835c41957dfc5a1,69825516c835c41957dfc572,0.06666666666666667
69825516c835c41957dfc5a1,69825516c835c41957dfc571,0.06666666666666667
69825516c835c41957dfc5a1,69825517c835c41957e00d4d,0.06666666666666667
69825516c835c41957df9e2c,69825516c835c41957dfb3f4,0.5
69825516c835c41957df9e2c,69825517c835c41957e010d3,4.5
69825516c835c41957dfbc09,69825516c835c41957dfbbea,0.05
69825516c835c41957dfbc09,69825516c835c41957dfbbe4,0.05
69825516c835c41957dfbc09,69825516c835c41957dfbbba,0.05
69825516c835c41957dfbc09,69825516c835c41957dfbc0f,0.05
69825516c835c41957dfbc09,69825516c835c41957dfbbb8,0.05
69825516c835c41957dfbc09,69825516c835c41957dfbbb7,0.05
69825516c835c41957dfbc09,69825516c835c41957dfbc10,0.05
69825516c835c41957dfbc09,69825516c835c41957dfbc20,0.05
69825516c835c41957dfbc09,69825516c835c41957dfbbb2,0.05
69825516c835c41957dfbc09,69825516c835c41957dfbbf8,0.05
69825516c835c41957dfbc09,69825516c835c41957dfbbb9,0.05
69825516c835c41957dfbc09,69825516c835c41957dfbc2c,0.05
69825516c835c41957dfbc09,69825516c835c41957dfbbfd,0.05
69825516c835c41957dfbc09,69825516c835c41957dfbc0e,0.05
69825516c835c41957dfbc09,69825516c835c41957dfbc27,0.05
69825516c835c41957dfbc09,69825516c835c41957dfbc1b,0.05
69825516c835c41957dfbc09,69825516c835c41957dfbbc3,0.05
69825516c835c41957dfe422,69825516c835c41957dfe3d0,0.125
69825516c835c41957dfe422,69825516c835c41957dfe3fc,0.125
69825516c835c41957dfe422,69825516c835c41957dfe3cc,0.125
69825516c835c41957dfe422,69825516c835c41957dfe3df,0.125
69825516c835c41957dfe422,69825516c835c41957dfe404,0.125
69825516c835c41957dfe422,69825516c835c41957dfe3ff,0.125
69825516c835c41957dfe422,69825517c835c41957e0174b,0.3333333333333333
69825516c835c41957dfe422,69825516c835c41957dfe3f6,0.4583333333333333
69825516c835c41957dfe422,69825516c835c41957dfe3db,0.125
69825516c835c41957dfe422,69825516c835c41957dfe415,0.125
69825516c835c41957dfe422,69825516c835c41957dfe3e5,0.125
69825516c835c41957dfe422,69825516c835c41957dfe3fe,0.125
69825516c835c41957dfe422,69825516c835c41957dfe416,0.125
69825516c835c41957dfe422,69825516c835c41957dfe4aa,0.3333333333333333
69825516c835c41957dfe422,69825516c835c41957dfe424,0.125
69825516c835c41957dfe422,69825516c835c41957dfe405,0.125
69825516c835c41957dfe422,69825516c835c41957dfe3f9,0.125
69825516c835c41957dfe422,69825516c835c41957dfe421,0.125
69825516c835c41957dfe78d,69825516c835c41957dfe019,0.3333333333333333
69825516c835c41957dfe78d,69825517c835c41957e019f3,0.6666666666666666
69825516c835c41957dfe78d,69825516c835c41957dfe78a,0.6666666666666666
69825516c835c41957dfe78d,69825516c835c41957dff30f,0.3333333333333333
69825517c835c41957e00282,69825517c835c41957e00283,2.0
69825517c835c41957e00d4e,69825516c835c41957dfc5a3,0.06666666666666667
69825517c835c41957e00d4e,69825516c835c41957dfc5a2,0.06666666666666667
69825517c835c41957e00d4e,69825517c835c41957e00d4f,0.06666666666666667
69825517c835c41957e00d4e,69825517c835c41957e007bf,0.06666666666666667
69825517c835c41957e00d4e,69825516c835c41957dfe76d,0.06666666666666667
69825517c835c41957e00d4e,69825517c835c41957e00348,0.06666666666666667
69825517c835c41957e00d4e,69825516c835c41957dfc207,0.06666666666666667
69825517c835c41957e00d4e,69825516c835c41957dfba0e,0.06666666666666667
69825517c835c41957e00d4e,69825516c835c41957dfc572,0.06666666666666667
69825517c835c41957e00d4e,69825516c835c41957dfc571,0.06666666666666667
69825517c835c41957e00d4e,69825517c835c41957e00d4d,0.5666666666666667
69825516c835c41957dfe4af,69825516c835c41957dfe1f9,0.1111111111111111
69825516c835c41957dfe4af,69825516c835c41957dfe1ff,0.1111111111111111
69825516c835c41957dfe4af,69825516c835c41957dfc405,0.1111111111111111
69825516c835c41957dfe4af,69825516c835c41957dfe497,0.1111111111111111
69825516c835c41957dfe4af,69825516c835c41957dfe1f5,0.1111111111111111
69825516c835c41957dfe4af,69825516c835c41957dfe207,0.1111111111111111
69825516c835c41957dfe4af,69825516c835c41957dfe1f8,0.1111111111111111
69825516c835c41957dfe4af,69825516c835c41957dfe1fe,0.1111111111111111
69825516c835c41957dfe4af,69825516c835c41957dfe1fb,0.1111111111111111
69825516c835c41957dfe474,69825517c835c41957e004ed,1.0
69825516c835c41957dfa2d2,69825517c835c41957dffc99,1.0
69825516c835c41957dfb7c5,69825516c835c41957dfa4e0,0.3333333333333333
69825516c835c41957dfb7c5,69825516c835c41957dfd0cf,1.0
69825516c835c41957dfb7c5,69825516c835c41957dfc98a,0.3333333333333333
69825516c835c41957dfb7c5,69825516c835c41957dfcc9d,0.3333333333333333
69825516c835c41957dfc99d,69825516c835c41957dfbae2,0.05263157894736842
69825516c835c41957dfc99d,69825516c835c41957dfe034,0.05263157894736842
69825516c835c41957dfc99d,69825516c835c41957dfd0c9,0.05263157894736842
69825516c835c41957dfc99d,69825517c835c41957e0061b,0.05263157894736842
69825516c835c41957dfc99d,69825516c835c41957dfca1e,0.17763157894736842
69825516c835c41957dfc99d,69825516c835c41957dfc8e6,0.125
69825516c835c41957dfc99d,69825516c835c41957dfdaaa,0.17763157894736842
69825516c835c41957dfc99d,69825516c835c41957dfab42,0.5526315789473684
69825516c835c41957dfc99d,69825516c835c41957dfb813,0.17763157894736842
69825516c835c41957dfc99d,69825516c835c41957dfda41,0.05263157894736842
69825516c835c41957dfc99d,69825516c835c41957dfd34b,0.5
69825516c835c41957dfc99d,69825516c835c41957dfba04,0.05263157894736842
69825516c835c41957dfc99d,69825516c835c41957dfe01a,0.05263157894736842
69825516c835c41957dfc99d,69825516c835c41957dfd30a,0.17763157894736842
69825516c835c41957dfc99d,69825517c835c41957e010c8,0.05263157894736842
69825516c835c41957dfc99d,69825517c835c41957e00c9e,0.05263157894736842
69825516c835c41957dfc99d,69825516c835c41957dfd0ca,0.17763157894736842
69825516c835c41957dfc99d,69825516c835c41957dfcce8,0.17763157894736842
69825516c835c41957dfc99d,69825516c835c41957dfd2f0,0.05263157894736842
69825516c835c41957dfe414,69825516c835c41957dfe3f8,0.07142857142857142
69825516c835c41957dfe414,69825516c835c41957dfe3da,0.07142857142857142
69825516c835c41957dfe414,69825516c835c41957dfe406,0.07142857142857142
69825516c835c41957dfe414,69825516c835c41957dfe3f3,0.07142857142857142
69825516c835c41957dfe414,69825516c835c41957dfe3d7,0.07142857142857142
69825516c835c41957dfe414,69825516c835c41957dfe3d6,0.07142857142857142
69825516c835c41957dfe414,69825516c835c41957dfe40c,0.07142857142857142
69825516c835c41957dfe414,69825516c835c41957dfe413,0.07142857142857142
69825516c835c41957dfe414,69825516c835c41957dfe417,0.07142857142857142
69825516c835c41957dfe414,69825516c835c41957dfe420,0.07142857142857142
69825516c835c41957dfe414,69825516c835c41957dfe3ef,0.07142857142857142
69825516c835c41957dfe414,69825516c835c41957dfe3d4,0.07142857142857142
69825516c835c41957dfab46,69825517c835c41957dffe8e,0.6666666666666666
69825516c835c41957dfab46,69825516c835c41957dfba79,0.6666666666666666
69825516c835c41957dfc59d,69825516c835c41957dfda07,1.0
69825516c835c41957dfae79,69825516c835c41957dfad3d,0.5
69825516c835c41957dfae79,69825516c835c41957dfacf4,0.5
69825517c835c41957e01199,69825516c835c41957dfa861,1.0
69825517c835c41957e01199,69825516c835c41957dfa965,0.2
69825517c835c41957e01199,69825516c835c41957dfe79f,0.2
69825517c835c41957e01199,69825517c835c41957e0080a,0.2
69825517c835c41957e01199,69825516c835c41957dfc522,0.2
69825517c835c41957e01199,69825517c835c41957e00d2b,0.2
69825516c835c41957dfdbf1,69825516c835c41957dfa52a,0.5
69825516c835c41957dfdbf1,69825516c835c41957dfdbf0,2.0
69825516c835c41957dfdbf1,69825516c835c41957dfa47c,0.5
69825516c835c41957dfdbf1,69825517c835c41957e019bc,1.0
69825516c835c41957dfd2e0,69825516c835c41957dfd2df,0.08333333333333333
69825516c835c41957dfd2e0,69825517c835c41957dff910,0.08333333333333333
69825516c835c41957dfd2e0,69825516c835c41957dfa531,0.16666666666666666
69825516c835c41957dfd2e0,69825517c835c41957dffc5c,0.3333333333333333
69825516c835c41957dfd2e0,69825516c835c41957dff145,0.08333333333333333
69825516c835c41957dfd2e0,69825517c835c41957dffef9,0.25
69825516c835c41957dfd2e0,69825516c835c41957dfd307,0.08333333333333333
69825516c835c41957dfd2e0,69825516c835c41957dfef51,0.08333333333333333
69825516c835c41957dfd2e0,69825516c835c41957dfed89,0.41666666666666663
69825516c835c41957dfd2e0,69825516c835c41957dfe7ff,3.5833333333333335
69825516c835c41957dfd2e0,69825516c835c41957dfd308,0.25
69825516c835c41957dfd2e0,69825516c835c41957dfb7ac,0.3333333333333333
69825516c835c41957dfd2e0,69825516c835c41957dfdc35,0.3333333333333333
69825516c835c41957dfd2e0,69825516c835c41957dfccb0,0.08333333333333333
69825516c835c41957dfd2e0,69825516c835c41957dfa333,0.3333333333333333
69825516c835c41957dfd2e0,69825517c835c41957e01add,0.25
69825516c835c41957dfd2e0,69825516c835c41957dfc98b,0.08333333333333333
69825516c835c41957dfd2e0,69825516c835c41957dfd2dc,4.583333333333333
69825516c835c41957dfd2e0,69825517c835c41957dff465,0.25
69825516c835c41957dfd2e0,69825516c835c41957dfd069,0.16666666666666666
69825517c835c41957dff85d,69825517c835c41957dff7a3,0.2
69825517c835c41957dff85d,69825516c835c41957dfd2c1,0.2
69825517c835c41957dff85d,69825517c835c41957e0069b,0.2
69825517c835c41957dff85d,69825517c835c41957dff991,0.2
69825517c835c41957dff85d,69825517c835c41957dffa4b,0.2
69825516c835c41957dfcf3f,69825516c835c41957dfc1b2,1.0
69825516c835c41957dfd2dd,69825516c835c41957dfa40b,0.1
69825516c835c41957dfd2dd,69825516c835c41957dfd2db,0.1
69825516c835c41957dfd2dd,69825516c835c41957dfbd65,0.1
69825516c835c41957dfd2dd,69825517c835c41957dff891,0.1
69825516c835c41957dfd2dd,69825516c835c41957dfaa2f,0.1
69825516c835c41957dfd2dd,69825516c835c41957dfcc8d,1.0
69825516c835c41957dfd2dd,69825516c835c41957dfdb50,0.1
69825516c835c41957dfd2dd,69825516c835c41957dfd069,0.1
69825516c835c41957dfd2dd,69825516c835c41957dfc107,0.1
69825516c835c41957dfab31,69825516c835c41957dff357,0.3333333333333333
69825516c835c41957dfab31,69825517c835c41957e0119f,1.3333333333333333
69825516c835c41957dfab31,69825517c835c41957dffca7,0.3333333333333333
69825517c835c41957e00d49,69825516c835c41957dfd889,0.05555555555555555
69825517c835c41957e00d49,69825516c835c41957dfa7ce,0.16666666666666666
69825517c835c41957e00d49,69825516c835c41957dfef54,0.05555555555555555
69825517c835c41957e00d49,69825517c835c41957e0088e,0.7555555555555555
69825517c835c41957e00d49,69825516c835c41957dfa352,0.05555555555555555
69825517c835c41957e00d49,69825516c835c41957dfd70f,0.05555555555555555
69825517c835c41957e00d49,69825516c835c41957dfb917,0.2
69825517c835c41957e00d49,69825516c835c41957dfa95b,0.16666666666666666
69825517c835c41957e00d49,69825517c835c41957e00ecc,0.125
69825517c835c41957e00d49,69825516c835c41957df9f2c,0.05555555555555555
69825517c835c41957e00d49,69825516c835c41957dfbb3a,0.25555555555555554
69825517c835c41957e00d49,69825517c835c41957dff88b,0.05555555555555555
69825517c835c41957e00d49,69825517c835c41957e00628,0.05555555555555555
69825517c835c41957e00d49,69825517c835c41957dffbd6,0.125
69825517c835c41957e00d49,69825517c835c41957e0042c,0.05555555555555555
69825517c835c41957e00d49,69825516c835c41957dfa96e,0.05555555555555555
69825517c835c41957e00d49,69825516c835c41957dfb96a,0.125
69825517c835c41957e00d49,69825516c835c41957dfa593,0.3333333333333333
69825517c835c41957e00d49,69825517c835c41957dffc7e,0.16666666666666666
69825517c835c41957e00d49,69825516c835c41957dfa4d6,0.3333333333333333
69825517c835c41957e00d49,69825516c835c41957dfe123,0.25555555555555554
69825517c835c41957e00d49,69825516c835c41957dfdfa6,0.05555555555555555
69825517c835c41957e00d49,69825516c835c41957dfe802,0.25555555555555554
69825517c835c41957e00d49,69825517c835c41957e00d08,0.125
69825517c835c41957e00d49,69825516c835c41957dfdc15,0.05555555555555555
69825517c835c41957e00d49,69825517c835c41957e011b3,1.0
69825517c835c41957e00d49,69825517c835c41957e00bfc,0.125
69825517c835c41957e00d49,69825517c835c41957dffb45,0.05555555555555555
69825517c835c41957e00d49,69825516c835c41957dfe7c0,0.125
69825517c835c41957e00d49,69825517c835c41957e00f6c,0.125
69825517c835c41957e00d49,69825516c835c41957dfccf1,0.16666666666666666
69825517c835c41957e00d49,69825516c835c41957dfef53,0.16666666666666666
69825517c835c41957e005bf,69825516c835c41957dfda2b,0.09090909090909091
69825517c835c41957e005bf,69825517c835c41957e0119f,0.09090909090909091
69825517c835c41957e005bf,69825516c835c41957dfa3a9,0.09090909090909091
69825517c835c41957e005bf,69825517c835c41957dffca7,0.09090909090909091
69825517c835c41957e005bf,69825516c835c41957dfca71,0.09090909090909091
69825517c835c41957e005bf,69825516c835c41957dff357,0.09090909090909091
69825517c835c41957e005bf,69825516c835c41957dfca72,0.09090909090909091
69825517c835c41957e005bf,69825516c835c41957dfa122,0.09090909090909091
69825517c835c41957e005bf,69825516c835c41957dfca6f,0.09090909090909091
69825517c835c41957e005bf,69825516c835c41957dfda3e,0.09090909090909091
69825516c835c41957dfa51e,69825516c835c41957dfa52a,1.5
69825516c835c41957dfa51e,69825516c835c41957dfa428,0.5
69825516c835c41957dfa51e,69825516c835c41957dfa42e,0.5
69825516c835c41957dfa51e,69825516c835c41957dfe20d,0.3333333333333333
69825516c835c41957dfa51e,69825516c835c41957dfa531,0.75
69825516c835c41957dfa51e,69825516c835c41957dfca68,0.5
69825516c835c41957dfa51e,69825516c835c41957dfc54d,0.5
69825516c835c41957dfa51e,69825516c835c41957dfa4bc,0.5
69825516c835c41957dfa51e,69825516c835c41957dfe1a9,0.3333333333333333
69825516c835c41957dfa51e,69825516c835c41957dfa3f8,0.25
69825516c835c41957dfa51e,69825516c835c41957dfe1a1,1.0
69825516c835c41957dfa51e,69825516c835c41957dfa522,0.5
69825516c835c41957dfa51e,69825516c835c41957dfa465,1.0
69825516c835c41957dfa51e,69825516c835c41957dfa3f7,1.0
69825516c835c41957dfa51e,69825516c835c41957dfa466,0.75
69825516c835c41957dfa51e,69825516c835c41957dfe1cf,0.3333333333333333
69825516c835c41957dfa51e,69825516c835c41957dfa42d,1.25
69825516c835c41957dfbbfd,69825516c835c41957dfbbea,0.05
69825516c835c41957dfbbfd,69825516c835c41957dfbbe4,0.05
69825516c835c41957dfbbfd,69825516c835c41957dfbbba,0.05
69825516c835c41957dfbbfd,69825516c835c41957dfbc0f,0.05
69825516c835c41957dfbbfd,69825516c835c41957dfbbb8,0.05
69825516c835c41957dfbbfd,69825516c835c41957dfbbb7,0.05
69825516c835c41957dfbbfd,69825516c835c41957dfbc10,0.05
69825516c835c41957dfbbfd,69825516c835c41957dfbc20,0.05
69825516c835c41957dfbbfd,69825516c835c41957dfbbb2,0.05
69825516c835c41957dfbbfd,69825516c835c41957dfbbf8,0.05
69825516c835c41957dfbbfd,69825516c835c41957dfbbb9,0.05
69825516c835c41957dfbbfd,69825516c835c41957dfbc2c,0.05
69825516c835c41957dfbbfd,69825516c835c41957dfbc0e,0.05
69825516c835c41957dfbbfd,69825516c835c41957dfbc27,0.05
69825516c835c41957dfbbfd,69825516c835c41957dfbc1b,0.05
69825516c835c41957dfbbfd,69825516c835c41957dfbbc3,0.05
69825516c835c41957dfd8e6,69825516c835c41957dfdc59,1.0
69825516c835c41957dfa560,69825516c835c41957dfb48c,1.0
69825517c835c41957e0086e,69825517c835c41957e00a2c,0.325
69825517c835c41957e0086e,69825516c835c41957dfa636,2.8111111111111113
69825517c835c41957e0086e,69825516c835c41957dfd19c,0.6111111111111112
69825517c835c41957e0086e,69825516c835c41957dfce4e,0.3111111111111111
69825517c835c41957e0086e,69825516c835c41957dfe795,0.125
69825517c835c41957e0086e,69825517c835c41957e00524,0.2777777777777778
69825517c835c41957e0086e,69825517c835c41957e00525,0.1111111111111111
69825517c835c41957e0086e,69825516c835c41957dfe7d1,0.1111111111111111
69825517c835c41957e0086e,69825516c835c41957dfa168,0.16666666666666666
69825517c835c41957e0086e,69825517c835c41957e0083a,0.3666666666666667
69825517c835c41957e0086e,69825516c835c41957df9c99,0.125
69825517c835c41957e0086e,69825516c835c41957dfa160,0.4583333333333333
69825517c835c41957e0086e,69825517c835c41957e01139,0.125
69825517c835c41957e0086e,69825516c835c41957dfcd4d,0.1111111111111111
69825517c835c41957e0086e,69825516c835c41957dfe141,0.1111111111111111
69825517c835c41957e0086e,69825516c835c41957dfd086,0.125
69825517c835c41957e0086e,69825516c835c41957dfed83,0.125
69825517c835c41957e0086e,69825516c835c41957dfd04e,0.2
69825516c835c41957dfa73e,69825516c835c41957dfb805,0.5
69825516c835c41957dfa73e,69825516c835c41957dfb7aa,0.5
69825517c835c41957e004ed,69825516c835c41957dfb5cd,0.5
69825517c835c41957e004ed,69825516c835c41957dfbade,0.3333333333333333
69825517c835c41957e004ed,69825516c835c41957dfa403,0.5
69825517c835c41957e004ed,69825516c835c41957dfba66,0.3333333333333333
69825517c835c41957e004ed,69825516c835c41957dfba65,0.3333333333333333
69825517c835c41957dffd4b,69825517c835c41957dffd5d,0.14358974358974358
69825517c835c41957dffd4b,69825517c835c41957dffd52,0.14358974358974358
69825517c835c41957dffd4b,69825517c835c41957dffd4a,0.14358974358974358
69825517c835c41957dffd4b,69825517c835c41957e010db,1.0
69825517c835c41957dffd4b,69825516c835c41957dfb521,0.06666666666666667
69825517c835c41957dffd4b,69825517c835c41957dffd46,0.14358974358974358
69825517c835c41957dffd4b,69825517c835c41957dffd3a,0.14358974358974358
69825517c835c41957dffd4b,69825517c835c41957dffd40,0.14358974358974358
69825517c835c41957dffd4b,69825517c835c41957dffd48,0.14358974358974358
69825517c835c41957dffd4b,69825517c835c41957dffd5f,0.14358974358974358
69825517c835c41957dffd4b,69825516c835c41957dfe63b,0.06666666666666667
69825517c835c41957dffd4b,69825517c835c41957dffd57,0.14358974358974358
69825517c835c41957dffd4b,69825517c835c41957dffd55,0.14358974358974358
69825517c835c41957dffd4b,69825517c835c41957dffd41,0.14358974358974358
69825517c835c41957dffd4b,69825517c835c41957dffd4c,0.14358974358974358
69825517c835c41957dffd4b,69825517c835c41957dffd4e,0.14358974358974358
69825516c835c41957dfb663,69825516c835c41957dfb685,8.0
69825516c835c41957dfb663,69825516c835c41957dfb6a6,8.0
69825516c835c41957dfd4ad,69825516c835c41957dfb922,0.1
69825516c835c41957dfd4ad,69825517c835c41957e004b9,0.1
69825516c835c41957dfd4ad,69825516c835c41957dfd79f,0.6
69825516c835c41957dfd4ad,69825516c835c41957dfb7ae,0.6
69825516c835c41957dfd4ad,69825516c835c41957dfe622,0.1
69825516c835c41957dfd4ad,69825516c835c41957dff04d,0.1
69825516c835c41957dfd4ad,69825516c835c41957dfe61e,0.1
69825516c835c41957dfd4ad,69825516c835c41957dfe61a,0.1
69825516c835c41957dfa256,69825516c835c41957dfb775,3.0
69825516c835c41957dfa2dc,69825517c835c41957dffc6f,0.75
69825516c835c41957dfa2dc,69825516c835c41957dfc131,0.75
69825516c835c41957dfa2dc,69825516c835c41957dfda3e,0.25
69825516c835c41957dfa2dc,69825516c835c41957dfda3d,0.25
69825516c835c41957dfa566,69825516c835c41957dfef4e,1.0
69825516c835c41957dfa566,69825517c835c41957dff95c,1.0
69825516c835c41957dfd8e9,69825516c835c41957dfdd93,1.0
69825516c835c41957dfae99,69825516c835c41957dfa95f,0.5
69825516c835c41957dfae99,69825516c835c41957dfb5b5,0.5
69825516c835c41957dfdf02,69825516c835c41957dfde5d,0.5
69825516c835c41957dfdf02,69825516c835c41957dfde43,0.5
69825516c835c41957dfdf02,69825516c835c41957dfa271,0.5
69825516c835c41957dfdf02,69825516c835c41957dfdf01,0.5
69825516c835c41957dfdf2f,69825516c835c41957dfded0,1.0
69825516c835c41957dfd2d4,69825516c835c41957dfd9f1,0.0625
69825516c835c41957dfd2d4,69825516c835c41957dfe79f,0.07142857142857142
69825516c835c41957dfd2d4,69825517c835c41957dff6fc,0.13392857142857142
69825516c835c41957dfd2d4,69825517c835c41957e007db,0.07142857142857142
69825516c835c41957dfd2d4,69825517c835c41957e00f6b,0.13392857142857142
69825516c835c41957dfd2d4,69825516c835c41957dfccbb,0.3333333333333333
69825516c835c41957dfd2d4,69825517c835c41957dffbd6,0.13392857142857142
69825516c835c41957dfd2d4,69825516c835c41957dfd046,0.3333333333333333
69825516c835c41957dfd2d4,69825517c835c41957dff82a,0.3333333333333333
69825516c835c41957dfd2d4,69825517c835c41957e01286,0.3958333333333333
69825516c835c41957dfd2d4,69825517c835c41957e00d08,0.13392857142857142
69825516c835c41957dfd2d4,69825516c835c41957df9e60,0.13392857142857142
69825516c835c41957dfd2d4,69825516c835c41957dfd3f6,0.13392857142857142
69825516c835c41957dfd2d4,69825517c835c41957e017f5,0.3958333333333333
69825516c835c41957dfd2d4,69825517c835c41957dffe16,0.07142857142857142
69825516c835c41957dfd2d4,69825517c835c41957e00f6c,0.13392857142857142
69825516c835c41957dfd2d4,69825516c835c41957dfb790,0.0625
69825516c835c41957dfd2d4,69825516c835c41957dfccc3,0.0625
69825516c835c41957dfac69,69825516c835c41957dfb3f3,0.5
69825516c835c41957dfac69,69825517c835c41957e013f4,0.5
69825516c835c41957df9dce,69825516c835c41957dfa065,0.3333333333333333
69825516c835c41957df9dce,69825516c835c41957dfc575,0.14285714285714285
69825516c835c41957df9dce,69825516c835c41957dfbd76,0.25
69825516c835c41957df9dce,69825517c835c41957e00348,0.5
69825516c835c41957df9dce,69825516c835c41957dfab4b,0.25
69825516c835c41957df9dce,69825516c835c41957dfc5ac,0.14285714285714285
69825516c835c41957df9dce,69825516c835c41957dfa78c,0.14285714285714285
69825516c835c41957df9dce,69825517c835c41957e007c1,0.25
69825516c835c41957df9dce,69825516c835c41957dfbd71,0.14285714285714285
69825516c835c41957df9dce,69825516c835c41957dfbd7d,0.14285714285714285
69825516c835c41957df9dce,69825516c835c41957dfba0c,0.47619047619047616
69825516c835c41957df9dce,69825516c835c41957dfbdcc,0.8333333333333333
69825516c835c41957df9dce,69825516c835c41957dfa30d,0.25
69825516c835c41957df9dce,69825517c835c41957e007be,0.14285714285714285
69825516c835c41957dfe421,69825516c835c41957dfe3d0,0.125
69825516c835c41957dfe421,69825516c835c41957dfe3fc,0.125
69825516c835c41957dfe421,69825516c835c41957dfe3cc,0.125
69825516c835c41957dfe421,69825516c835c41957dfe3df,0.125
69825516c835c41957dfe421,69825516c835c41957dfe404,0.125
69825516c835c41957dfe421,69825516c835c41957dfe3ff,0.125
69825516c835c41957dfe421,69825516c835c41957dfe415,0.125
69825516c835c41957dfe421,69825516c835c41957dfe3f6,0.125
69825516c835c41957dfe421,69825516c835c41957dfe3db,0.125
69825516c835c41957dfe421,69825516c835c41957dfe3e5,0.125
69825516c835c41957dfe421,69825516c835c41957dfe3fe,0.125
69825516c835c41957dfe421,69825516c835c41957dfe416,0.125
69825516c835c41957dfe421,69825516c835c41957dfe424,0.125
69825516c835c41957dfe421,69825516c835c41957dfe405,0.125
69825516c835c41957dfe421,69825516c835c41957dfe3f9,0.125
69825516c835c41957dfdaaa,69825516c835c41957dfbae2,0.05263157894736842
69825516c835c41957dfdaaa,69825516c835c41957dfe034,0.05263157894736842
69825516c835c41957dfdaaa,69825516c835c41957dfd0c9,0.05263157894736842
69825516c835c41957dfdaaa,69825517c835c41957e0061b,0.05263157894736842
69825516c835c41957dfdaaa,69825516c835c41957dfca1e,0.9609649122807018
69825516c835c41957dfdaaa,69825516c835c41957dfc8e6,0.125
69825516c835c41957dfdaaa,69825516c835c41957dfab42,0.05263157894736842
69825516c835c41957dfdaaa,69825516c835c41957dfb813,0.37763157894736843
69825516c835c41957dfdaaa,69825516c835c41957dfda41,0.05263157894736842
69825516c835c41957dfdaaa,69825516c835c41957dfba04,0.05263157894736842
69825516c835c41957dfdaaa,69825517c835c41957e01027,0.5
69825516c835c41957dfdaaa,69825516c835c41957dfe01a,0.05263157894736842
69825516c835c41957dfdaaa,69825516c835c41957dfd30a,0.4276315789473684
69825516c835c41957dfdaaa,69825517c835c41957e010c8,0.05263157894736842
69825516c835c41957dfdaaa,69825517c835c41957e00c9e,0.3026315789473684
69825516c835c41957dfdaaa,69825516c835c41957dfd0ca,0.7109649122807018
69825516c835c41957dfdaaa,69825516c835c41957dfcce8,0.17763157894736842
69825516c835c41957dfdaaa,69825516c835c41957dfd2f0,0.05263157894736842
69825516c835c41957df9f96,69825516c835c41957df9e7e,1.5833333333333333
69825516c835c41957df9f96,69825516c835c41957df9f97,1.5833333333333333
69825516c835c41957df9f96,69825516c835c41957dfa528,0.25
69825516c835c41957dfed7e,69825517c835c41957e0180c,0.16666666666666666
69825516c835c41957dfed7e,69825516c835c41957dfdbd8,0.16666666666666666
69825516c835c41957dfed7e,69825516c835c41957dfbc54,0.16666666666666666
69825516c835c41957dfed7e,69825516c835c41957dfc63c,0.16666666666666666
69825516c835c41957dfed7e,69825516c835c41957dfe6de,0.5
69825516c835c41957dfed7e,69825516c835c41957dfda71,1.6666666666666667
69825516c835c41957dfed7e,69825516c835c41957dfc736,0.16666666666666666
69825516c835c41957dfaaab,69825517c835c41957e01406,1.0
69825516c835c41957dfaaab,69825517c835c41957dffa50,0.5
69825516c835c41957dfaaab,69825516c835c41957dfeef1,0.5
69825516c835c41957dfaaab,69825517c835c41957e01001,0.3333333333333333
69825516c835c41957dfaaab,69825516c835c41957df9e2d,0.3333333333333333
69825516c835c41957dfaaab,69825517c835c41957e001e1,0.5
69825517c835c41957dffac6,69825516c835c41957dfa2ca,0.5
69825517c835c41957dffac6,69825517c835c41957dff7aa,0.5
69825517c835c41957dffac6,69825517c835c41957e001e1,2.5
69825516c835c41957dfcd52,69825516c835c41957dfbbb8,1.0
69825517c835c41957dffda0,69825517c835c41957e017e5,2.0
69825516c835c41957dfb2cf,69825516c835c41957dfb3c6,0.1111111111111111
69825516c835c41957dfb2cf,69825516c835c41957dfb3c3,0.1111111111111111
69825516c835c41957dfb2cf,69825516c835c41957dfb1d4,0.1111111111111111
69825516c835c41957dfb2cf,69825516c835c41957dfb32c,0.1111111111111111
69825516c835c41957dfb2cf,69825516c835c41957dfb193,0.1111111111111111
69825516c835c41957dfb2cf,69825516c835c41957dfb2c5,0.1111111111111111
69825516c835c41957dfb2cf,69825516c835c41957dfb20d,0.1111111111111111
69825516c835c41957dfb2cf,69825516c835c41957dfadcd,0.1111111111111111
69825516c835c41957dfb2cf,69825516c835c41957dfb319,0.1111111111111111
69825516c835c41957dfefad,69825516c835c41957dff004,0.36081871345029237
69825516c835c41957dfefad,69825516c835c41957dfef9e,0.30818713450292395
69825516c835c41957dfefad,69825516c835c41957dff008,0.36081871345029237
69825516c835c41957dfefad,69825516c835c41957dfeffc,0.36081871345029237
69825516c835c41957dfefad,69825516c835c41957dfefa4,0.36081871345029237
69825516c835c41957dfefad,69825516c835c41957dfef9f,0.3052631578947368
69825516c835c41957dfefad,69825516c835c41957dfefb5,0.30818713450292395
69825516c835c41957dfefad,69825516c835c41957dfeff2,0.36081871345029237
69825516c835c41957dfefad,69825516c835c41957dfefa5,0.36081871345029237
69825516c835c41957dfefad,69825516c835c41957dfefc0,0.3052631578947368
69825516c835c41957dfefad,69825516c835c41957dfefb4,0.36081871345029237
69825516c835c41957dfefad,69825516c835c41957dff006,0.36081871345029237
69825516c835c41957dfefad,69825516c835c41957dfefa2,0.36081871345029237
69825516c835c41957dfefad,69825516c835c41957dff007,0.36081871345029237
69825516c835c41957dfefad,69825516c835c41957dfef9d,0.36081871345029237
69825516c835c41957dfefad,69825516c835c41957dfefa1,0.36081871345029237
69825516c835c41957dfefad,69825516c835c41957dfefb6,0.36081871345029237
69825516c835c41957dfefad,69825516c835c41957dfefb9,0.36081871345029237
69825516c835c41957dfefad,69825516c835c41957dfefb1,0.36081871345029237
69825517c835c41957e018fa,69825516c835c41957dfb48c,1.0
69825516c835c41957dfa415,69825516c835c41957dfbdb4,2.0
69825516c835c41957dfc351,69825516c835c41957dfc350,0.3333333333333333
69825516c835c41957dfc351,69825516c835c41957dfc34e,0.3333333333333333
69825516c835c41957dfc351,69825516c835c41957dfc349,0.3333333333333333
69825516c835c41957dfda95,69825516c835c41957dfc48e,0.5
69825516c835c41957dfda95,69825516c835c41957dfbc48,0.5
69825516c835c41957dfda95,69825516c835c41957dfc52c,1.5
69825516c835c41957dfda95,69825516c835c41957dfd157,0.5
69825516c835c41957dfbbb5,69825516c835c41957dfbbf6,0.14285714285714285
69825516c835c41957dfbbb5,69825516c835c41957dfbc0d,0.14285714285714285
69825516c835c41957dfbbb5,69825516c835c41957dfbbe8,0.14285714285714285
69825516c835c41957dfbbb5,69825516c835c41957dfbc08,0.14285714285714285
69825516c835c41957dfbbb5,69825516c835c41957dfbbf0,0.14285714285714285
69825516c835c41957dfbbb9,69825516c835c41957dfbbea,0.05
69825516c835c41957dfbbb9,69825516c835c41957dfbbe4,0.05
69825516c835c41957dfbbb9,69825516c835c41957dfbbba,0.05
69825516c835c41957dfbbb9,69825516c835c41957dfbc0f,0.05
69825516c835c41957dfbbb9,69825516c835c41957dfbbb8,0.05
69825516c835c41957dfbbb9,69825516c835c41957dfbbb7,0.05
69825516c835c41957dfbbb9,69825516c835c41957dfbc10,0.05
69825516c835c41957dfbbb9,69825516c835c41957dfbc20,0.05
69825516c835c41957dfbbb9,69825516c835c41957dfbbb2,0.05
69825516c835c41957dfbbb9,69825516c835c41957dfbbf8,0.05
69825516c835c41957dfbbb9,69825516c835c41957dfbc2c,0.05
69825516c835c41957dfbbb9,69825516c835c41957dfbc0e,0.05
69825516c835c41957dfbbb9,69825516c835c41957dfbc27,0.05
69825516c835c41957dfbbb9,69825516c835c41957dfbc1b,0.05
69825516c835c41957dfbbb9,69825516c835c41957dfbbc3,0.05
69825516c835c41957dfe670,69825516c835c41957dfe6d3,0.2944444444444444
69825516c835c41957dfe670,69825516c835c41957dfe42a,0.18333333333333335
69825516c835c41957dfe670,69825516c835c41957dfe6d4,0.2944444444444444
69825516c835c41957dfe670,69825516c835c41957dfe66f,0.2944444444444444
69825516c835c41957dfe670,69825516c835c41957dfa81b,0.08333333333333333
69825516c835c41957dfe670,69825516c835c41957dfe671,0.2944444444444444
69825516c835c41957dfe670,69825516c835c41957dfe789,0.2944444444444444
69825516c835c41957dfe670,69825517c835c41957e0106b,0.2944444444444444
69825516c835c41957dfe670,69825516c835c41957dfe78c,0.2944444444444444
69825516c835c41957dfe670,69825517c835c41957e0106c,0.2944444444444444
69825516c835c41957dfe670,69825516c835c41957dfa4bc,0.1111111111111111
69825516c835c41957dfe670,69825516c835c41957dfe429,0.18333333333333335
69825516c835c41957dfa0d7,69825516c835c41957dfaa6b,1.0
69825516c835c41957dfa0d7,69825517c835c41957e01001,1.0
69825516c835c41957dfa0d7,69825516c835c41957dfa81e,1.5
69825516c835c41957dfa0d7,69825516c835c41957dfee4b,0.75
69825516c835c41957dfa0d7,69825516c835c41957dfd2e7,0.25
69825516c835c41957dfa0d7,69825516c835c41957dfd086,0.25
69825516c835c41957dfbc05,69825516c835c41957dfbc0b,0.08333333333333333
69825516c835c41957dfbc05,69825516c835c41957dfbbb4,0.08333333333333333
69825516c835c41957dfbc05,69825516c835c41957dfbbd0,0.08333333333333333
69825516c835c41957dfbc05,69825516c835c41957dfbbe5,0.08333333333333333
69825516c835c41957dfbc05,69825516c835c41957dfbbb3,0.08333333333333333
69825516c835c41957dfbc05,69825516c835c41957dfbbae,0.08333333333333333
69825516c835c41957dfbc05,69825516c835c41957dfbc1a,0.08333333333333333
69825516c835c41957dfbc05,69825516c835c41957dfbbce,0.08333333333333333
69825516c835c41957dfbc05,69825516c835c41957dfbc18,0.08333333333333333
69825516c835c41957dfbc05,69825516c835c41957dfbbec,0.08333333333333333
69825516c835c41957dfbc05,69825516c835c41957dfbc02,0.08333333333333333
69825517c835c41957dff9cc,69825517c835c41957dffa15,0.3333333333333333
69825517c835c41957dff9cc,69825517c835c41957dffcc5,0.8333333333333333
69825517c835c41957dff9cc,69825517c835c41957dff9f6,0.8333333333333333
69825517c835c41957e00fd7,69825517c835c41957e00fd8,2.0
69825517c835c41957e012b0,69825516c835c41957dfe2af,0.1111111111111111
69825517c835c41957e012b0,69825517c835c41957e01744,1.9166666666666665
69825517c835c41957e012b0,69825516c835c41957df9c99,0.1111111111111111
69825517c835c41957e012b0,69825517c835c41957e00a2c,0.1111111111111111
69825517c835c41957e012b0,69825516c835c41957dfe795,0.1111111111111111
69825517c835c41957e012b0,69825516c835c41957dfed83,0.1111111111111111
69825517c835c41957e012b0,69825517c835c41957e01753,0.25
69825517c835c41957e012b0,69825516c835c41957dfd677,0.5
69825517c835c41957e012b0,69825516c835c41957dfa160,0.1111111111111111
69825517c835c41957e012b0,69825516c835c41957dfd9dc,0.5
69825517c835c41957e012b0,69825517c835c41957e01740,0.9166666666666665
69825517c835c41957e012b0,69825517c835c41957e012a3,0.9166666666666665
69825517c835c41957e012b0,69825517c835c41957e01139,0.1111111111111111
69825516c835c41957dfe3fd,69825516c835c41957dfa5e1,2.0
69825516c835c41957dfb116,69825517c835c41957e013f4,2.0
69825516c835c41957dfe75f,69825516c835c41957dfe758,1.0
69825516c835c41957dfb122,69825516c835c41957dfa53c,2.0
69825516c835c41957dfd835,69825516c835c41957dfc37d,1.0
69825516c835c41957dfe413,69825516c835c41957dfe3f8,0.07142857142857142
69825516c835c41957dfe413,69825516c835c41957dfe3da,0.07142857142857142
69825516c835c41957dfe413,69825516c835c41957dfe406,0.07142857142857142
69825516c835c41957dfe413,69825516c835c41957dfe3f3,0.07142857142857142
69825516c835c41957dfe413,69825517c835c41957e01001,1.0
69825516c835c41957dfe413,69825516c835c41957dfe3d7,0.07142857142857142
69825516c835c41957dfe413,69825516c835c41957dfe3d6,0.07142857142857142
69825516c835c41957dfe413,69825516c835c41957dfe40c,0.07142857142857142
69825516c835c41957dfe413,69825516c835c41957dfe420,0.07142857142857142
69825516c835c41957dfe413,69825516c835c41957dfe417,0.07142857142857142
69825516c835c41957dfe413,69825516c835c41957dfe3ef,0.07142857142857142
69825516c835c41957dfe413,69825516c835c41957dfe3d4,0.07142857142857142
69825516c835c41957df9f8a,69825516c835c41957dfd157,0.16666666666666666
69825516c835c41957df9f8a,69825516c835c41957dfb7aa,0.16666666666666666
69825516c835c41957df9f8a,69825516c835c41957dfa0ad,3.477777777777778
69825516c835c41957df9f8a,69825516c835c41957dfa904,0.1111111111111111
69825516c835c41957df9f8a,69825516c835c41957dfa333,3.861111111111111
69825516c835c41957df9f8a,69825517c835c41957e00bfc,0.8444444444444443
69825516c835c41957df9f8a,69825517c835c41957e01a9e,0.6777777777777778
69825516c835c41957df9f8a,69825516c835c41957dfe7ff,0.3333333333333333
69825516c835c41957df9f8a,69825516c835c41957df9e4a,2.5111111111111115
69825516c835c41957df9f8a,69825516c835c41957dfeefa,0.861111111111111
69825516c835c41957df9f8a,69825516c835c41957dfd2dc,0.3333333333333333
69825516c835c41957df9f8a,69825516c835c41957dfe66d,0.2
69825516c835c41957df9f8a,69825516c835c41957dfd24f,0.16666666666666666
69825516c835c41957df9f8a,69825516c835c41957dfb917,1.0944444444444443
69825516c835c41957dfcf61,69825516c835c41957dfcfe6,2.0
69825516c835c41957df9d68,69825517c835c41957e01231,0.5
69825516c835c41957df9d68,69825516c835c41957df9d67,0.5
69825517c835c41957dff6e2,69825516c835c41957dfdf92,0.5
69825517c835c41957dff6e2,69825516c835c41957dfde86,0.5
69825517c835c41957dffac8,69825517c835c41957e01899,0.5
69825517c835c41957dffac8,69825516c835c41957dfb794,0.5
69825517c835c41957e01261,69825517c835c41957e00fc5,1.0
69825517c835c41957e01261,69825516c835c41957dfa3d9,0.5
69825516c835c41957dfa81d,69825516c835c41957dfa356,0.3333333333333333
69825516c835c41957dfa81d,69825516c835c41957dfd2fc,0.3333333333333333
69825516c835c41957dfa81d,69825516c835c41957dfa4fc,0.3333333333333333
69825517c835c41957dffc27,69825517c835c41957dffc28,3.0
69825516c835c41957dfefae,69825516c835c41957dfefaf,0.5
69825516c835c41957dfefae,69825516c835c41957dfefbb,0.5
69825516c835c41957dfefae,69825516c835c41957dfefeb,0.5
69825516c835c41957dfefae,69825516c835c41957dfeffa,0.5
69825517c835c41957e00484,69825517c835c41957dff893,0.3333333333333333
69825517c835c41957e00484,69825516c835c41957dfb819,0.3333333333333333
69825517c835c41957e00484,69825516c835c41957dfb950,0.3333333333333333
69825516c835c41957dfbf5d,69825516c835c41957dfbef3,1.0
69825516c835c41957dfe48e,69825517c835c41957e01739,0.1111111111111111
69825516c835c41957dfe48e,69825516c835c41957dfe47d,0.3333333333333333
69825516c835c41957dfe48e,69825516c835c41957dfe48d,0.1111111111111111
69825516c835c41957dfe48e,69825517c835c41957dffba9,0.3333333333333333
69825516c835c41957dfe48e,69825516c835c41957dfe1f6,0.1111111111111111
69825516c835c41957dfe48e,69825516c835c41957dfe489,0.1111111111111111
69825516c835c41957dfe48e,69825516c835c41957dfe486,0.1111111111111111
69825516c835c41957dfe48e,69825517c835c41957dffbaa,0.3333333333333333
69825516c835c41957dfe48e,69825516c835c41957dfe21b,0.1111111111111111
69825516c835c41957dfe48e,69825516c835c41957dfe21f,0.1111111111111111
69825516c835c41957dfe48e,69825516c835c41957dfe202,0.1111111111111111
69825516c835c41957dfe415,69825516c835c41957dfe3d0,0.125
69825516c835c41957dfe415,69825516c835c41957dfe3fc,0.125
69825516c835c41957dfe415,69825516c835c41957dfe3cc,0.125
69825516c835c41957dfe415,69825516c835c41957dfe3df,0.125
69825516c835c41957dfe415,69825516c835c41957dfe404,0.125
69825516c835c41957dfe415,69825516c835c41957dfe3ff,0.125
69825516c835c41957dfe415,69825516c835c41957dfe3f6,0.125
69825516c835c41957dfe415,69825516c835c41957dfe3db,0.125
69825516c835c41957dfe415,69825516c835c41957dfe3e5,0.125
69825516c835c41957dfe415,69825516c835c41957dfe3fe,0.125
69825516c835c41957dfe415,69825516c835c41957dfe416,0.125
69825516c835c41957dfe415,69825516c835c41957dfe424,0.125
69825516c835c41957dfe415,69825516c835c41957dfe405,0.125
69825516c835c41957dfe415,69825516c835c41957dfe3f9,0.125
69825516c835c41957dfb53e,69825516c835c41957dfa5a4,0.125
69825516c835c41957dfb53e,69825516c835c41957dfa375,0.125
69825516c835c41957dfb53e,69825516c835c41957dfa059,0.125
69825516c835c41957dfb53e,69825516c835c41957dfa8cf,0.125
69825516c835c41957dfb53e,69825517c835c41957e010a7,0.125
69825516c835c41957dfb53e,69825516c835c41957dfa813,0.125
69825516c835c41957dfb53e,69825516c835c41957dfb9af,0.125
69825516c835c41957dfbb02,69825516c835c41957dfbabb,3.0
69825517c835c41957dff89b,69825517c835c41957dff899,1.0
69825516c835c41957dfee65,69825516c835c41957dfe6fa,1.0
69825516c835c41957dfee65,69825517c835c41957dff80d,1.0
69825516c835c41957dfe009,69825516c835c41957dfaaee,2.0
69825516c835c41957dfe488,69825516c835c41957dfe4a4,0.14285714285714285
69825516c835c41957dfe488,69825516c835c41957dfe48b,0.14285714285714285
69825516c835c41957dfe488,69825516c835c41957dfe4a6,0.14285714285714285
69825516c835c41957dfe488,69825516c835c41957dfc5f0,0.14285714285714285
69825516c835c41957dfe488,69825516c835c41957dfe47e,0.14285714285714285
69825516c835c41957dfe488,69825516c835c41957dfe485,0.14285714285714285
69825516c835c41957dfe488,69825516c835c41957dfe49e,0.14285714285714285
69825516c835c41957df9d58,69825516c835c41957dfd8f2,0.5
69825516c835c41957df9d58,69825517c835c41957e017c7,0.5
69825516c835c41957df9d58,69825517c835c41957e00fdb,2.5
69825516c835c41957df9d58,69825517c835c41957dffb7c,0.5
69825516c835c41957dfbc54,69825517c835c41957e0180c,1.0
69825516c835c41957dfbc54,69825516c835c41957dfdbd8,0.16666666666666666
69825516c835c41957dfbc54,69825516c835c41957dfc63c,0.5
69825516c835c41957dfbc54,69825516c835c41957dfda71,0.16666666666666666
69825516c835c41957dfbc54,69825516c835c41957dfc736,1.0
69825516c835c41957dfd2c1,69825517c835c41957dff7a3,0.9095238095238094
69825516c835c41957dfd2c1,69825517c835c41957dffa4b,0.9095238095238094
69825516c835c41957dfd2c1,69825517c835c41957dffc6e,0.5
69825516c835c41957dfd2c1,69825517c835c41957e00841,0.5
69825516c835c41957dfd2c1,69825517c835c41957e0069b,0.9095238095238094
69825516c835c41957dfd2c1,69825517c835c41957e01810,0.2
69825516c835c41957dfd2c1,69825516c835c41957dfe79f,1.0
69825516c835c41957dfd2c1,69825517c835c41957dff991,0.2
69825516c835c41957dfd2c1,69825516c835c41957dfbd2d,0.3666666666666667
69825516c835c41957df9ff7,69825516c835c41957dfe4b4,0.25
69825516c835c41957df9ff7,69825516c835c41957dfb96a,0.25
69825516c835c41957df9ff7,69825516c835c41957dfe1dd,0.25
69825516c835c41957df9ff7,69825517c835c41957e00ded,0.25
69825516c835c41957df9ff7,69825517c835c41957e0104e,0.25
69825516c835c41957df9ff7,69825516c835c41957dfedb0,1.0
69825516c835c41957df9ff7,69825516c835c41957dfa4bc,0.25
69825516c835c41957df9ff7,69825516c835c41957dfefed,0.25
69825516c835c41957dfd323,69825516c835c41957dfd321,0.8666666666666667
69825516c835c41957dfd323,69825516c835c41957dfcf6a,0.5333333333333333
69825516c835c41957dfd323,69825516c835c41957dfd1f1,0.2
69825516c835c41957dfd323,69825516c835c41957dfd306,0.8666666666666667
69825516c835c41957dfe1fe,69825516c835c41957dfe1f9,0.2361111111111111
69825516c835c41957dfe1fe,69825516c835c41957dfe1ff,0.2361111111111111
69825516c835c41957dfe1fe,69825516c835c41957dfc601,0.125
69825516c835c41957dfe1fe,69825516c835c41957dfc405,0.2361111111111111
69825516c835c41957dfe1fe,69825516c835c41957dfe497,0.1111111111111111
69825516c835c41957dfe1fe,69825516c835c41957dfe1f5,0.1111111111111111
69825516c835c41957dfe1fe,69825516c835c41957dfe207,0.2361111111111111
69825516c835c41957dfe1fe,69825516c835c41957dfe1f8,0.2361111111111111
69825516c835c41957dfe1fe,69825516c835c41957dfe1fb,0.2361111111111111
69825517c835c41957e00165,69825516c835c41957dff0a1,0.16666666666666666
69825517c835c41957e00165,69825516c835c41957dfe01c,0.2777777777777778
69825517c835c41957e00165,69825517c835c41957dffe08,0.6111111111111112
69825517c835c41957e00165,69825517c835c41957e011d2,0.16666666666666666
69825517c835c41957e00165,69825516c835c41957dfd1f3,0.16666666666666666
69825517c835c41957e00165,69825516c835c41957dfcc8e,0.1111111111111111
69825517c835c41957e00165,69825516c835c41957dff286,0.1111111111111111
69825517c835c41957e00165,69825517c835c41957e00b24,0.7777777777777778
69825517c835c41957e00165,69825516c835c41957dfc990,0.1111111111111111
69825517c835c41957e00165,69825516c835c41957dfb784,0.1111111111111111
69825517c835c41957e00165,69825517c835c41957e00f7f,0.16666666666666666
69825517c835c41957e00165,69825516c835c41957dfd71c,0.1111111111111111
69825517c835c41957e00165,69825517c835c41957e006bf,0.1111111111111111
69825516c835c41957dfa2be,69825516c835c41957dfe6ff,0.5
69825516c835c41957dfa2be,69825516c835c41957dff1ab,0.5
69825516c835c41957dfa2be,69825516c835c41957dfa1c6,1.0
69825516c835c41957dfba65,69825516c835c41957dfba66,0.8333333333333333
69825516c835c41957dfba65,69825516c835c41957dfbade,0.8333333333333333
69825517c835c41957dff996,69825517c835c41957e00c94,1.0
69825517c835c41957dff996,69825517c835c41957e00d87,0.5
69825517c835c41957dff996,69825516c835c41957dfd9c0,0.5
69825517c835c41957dffe1d,69825516c835c41957dfbe45,6.0
69825517c835c41957dffd5d,69825516c835c41957dfe226,0.1
69825517c835c41957dffd5d,69825516c835c41957dfe1dc,0.1
69825517c835c41957dffd5d,69825516c835c41957dfe206,0.1
69825517c835c41957dffd5d,69825517c835c41957dffd55,0.14358974358974358
69825517c835c41957dffd5d,69825517c835c41957dffd4c,0.14358974358974358
69825517c835c41957dffd5d,69825517c835c41957dffd4e,0.14358974358974358
69825517c835c41957dffd5d,69825516c835c41957dfba9f,0.1
69825517c835c41957dffd5d,69825516c835c41957dfe1dd,0.1
69825517c835c41957dffd5d,69825517c835c41957dffd5f,0.14358974358974358
69825517c835c41957dffd5d,69825517c835c41957dffd52,0.14358974358974358
69825517c835c41957dffd5d,69825517c835c41957dffd4a,0.14358974358974358
69825517c835c41957dffd5d,69825517c835c41957dffd3a,0.14358974358974358
69825517c835c41957dffd5d,69825517c835c41957dffd40,0.14358974358974358
69825517c835c41957dffd5d,69825517c835c41957e018a9,0.1
69825517c835c41957dffd5d,69825516c835c41957dfe1f4,0.1
69825517c835c41957dffd5d,69825516c835c41957dfe204,0.1
69825517c835c41957dffd5d,69825516c835c41957dfb521,0.06666666666666667
69825517c835c41957dffd5d,69825517c835c41957dffd46,0.14358974358974358
69825517c835c41957dffd5d,69825517c835c41957dffd48,0.14358974358974358
69825517c835c41957dffd5d,69825516c835c41957dfe63b,0.06666666666666667
69825517c835c41957dffd5d,69825517c835c41957dffd57,0.14358974358974358
69825517c835c41957dffd5d,69825517c835c41957dff6be,0.1
69825517c835c41957dffd5d,69825517c835c41957dffd41,0.14358974358974358
69825517c835c41957e01946,69825517c835c41957e01944,0.3333333333333333
69825517c835c41957e01946,69825517c835c41957e01948,0.3333333333333333
69825516c835c41957dfde43,69825516c835c41957dfde5d,0.5
69825516c835c41957dfde43,69825516c835c41957dfa271,0.5
69825516c835c41957dfde43,69825516c835c41957dfdf01,0.5
69825516c835c41957dfefa9,69825517c835c41957e018b1,1.0
69825517c835c41957e012da,69825516c835c41957dff009,0.07142857142857142
69825517c835c41957e012da,69825516c835c41957dfe20d,0.07142857142857142
69825517c835c41957e012da,69825516c835c41957dfab35,0.07142857142857142
69825517c835c41957e012da,69825516c835c41957df9c99,0.07142857142857142
69825517c835c41957e012da,69825516c835c41957dfefc1,0.07142857142857142
69825517c835c41957e012da,69825517c835c41957e00a2c,0.07142857142857142
69825517c835c41957e012da,69825516c835c41957dfd3ed,0.07142857142857142
69825517c835c41957e012da,69825516c835c41957dfe795,0.07142857142857142
69825517c835c41957e012da,69825516c835c41957dfa160,0.07142857142857142
69825517c835c41957e012da,69825517c835c41957e01139,0.07142857142857142
69825517c835c41957e012da,69825516c835c41957dff00a,0.07142857142857142
69825517c835c41957e012da,69825516c835c41957dfabe1,0.07142857142857142
69825517c835c41957e012da,69825516c835c41957dfefed,0.07142857142857142
69825517c835c41957e00d87,69825516c835c41957dfd9a2,0.14285714285714285
69825517c835c41957e00d87,69825517c835c41957e00662,0.14285714285714285
69825517c835c41957e00d87,69825516c835c41957dff3aa,0.14285714285714285
69825517c835c41957e00d87,69825517c835c41957dffaf5,0.14285714285714285
69825517c835c41957e00d87,69825516c835c41957dfa577,0.14285714285714285
69825517c835c41957e00d87,69825516c835c41957dfd9c0,0.5
69825517c835c41957e00d87,69825517c835c41957dffcc1,0.14285714285714285
69825517c835c41957e00d87,69825517c835c41957e00665,0.14285714285714285
69825516c835c41957dfa45e,69825516c835c41957dfad3d,1.0
69825517c835c41957e007b4,69825516c835c41957dfdcf6,0.5
69825517c835c41957e007b4,69825516c835c41957dfd743,0.5
69825517c835c41957e0109f,69825516c835c41957dfbad1,0.5
69825517c835c41957e0109f,69825516c835c41957dfe01c,0.3333333333333333
69825517c835c41957e0109f,69825517c835c41957e00de9,2.8333333333333335
69825517c835c41957e0109f,69825516c835c41957dfd71c,0.3333333333333333
69825516c835c41957dff24b,69825516c835c41957dfd069,1.0
69825516c835c41957dfce6c,69825516c835c41957dfccf0,0.8333333333333333
69825516c835c41957dfce6c,69825516c835c41957dfb781,0.5
69825516c835c41957dfce6c,69825516c835c41957dff1df,1.0
69825517c835c41957dffa15,69825517c835c41957dffcc5,0.3333333333333333
69825517c835c41957dffa15,69825517c835c41957dff9f6,0.3333333333333333
69825516c835c41957dfdc65,69825516c835c41957dfe4b9,1.0
69825516c835c41957dfbb3a,69825516c835c41957dfd889,0.05555555555555555
69825516c835c41957dfbb3a,69825516c835c41957dfef54,0.05555555555555555
69825516c835c41957dfbb3a,69825517c835c41957e0088e,0.25555555555555554
69825516c835c41957dfbb3a,69825516c835c41957dfa352,0.05555555555555555
69825516c835c41957dfbb3a,69825516c835c41957dfd70f,0.05555555555555555
69825516c835c41957dfbb3a,69825516c835c41957dfb917,0.2
69825516c835c41957dfbb3a,69825516c835c41957df9f2c,0.05555555555555555
69825516c835c41957dfbb3a,69825517c835c41957dff88b,0.05555555555555555
69825516c835c41957dfbb3a,69825517c835c41957e00628,0.05555555555555555
69825516c835c41957dfbb3a,69825517c835c41957e0042c,0.05555555555555555
69825516c835c41957dfbb3a,69825516c835c41957dfa96e,0.05555555555555555
69825516c835c41957dfbb3a,69825516c835c41957dfe123,0.25555555555555554
69825516c835c41957dfbb3a,69825516c835c41957dfdfa6,0.05555555555555555
69825516c835c41957dfbb3a,69825516c835c41957dfe802,0.25555555555555554
69825516c835c41957dfbb3a,69825516c835c41957dfdc15,0.05555555555555555
69825516c835c41957dfbb3a,69825517c835c41957dffb45,0.05555555555555555
69825517c835c41957dffd44,69825517c835c41957dffd58,0.07407407407407407
69825517c835c41957dffd44,69825517c835c41957dffd3d,0.07407407407407407
69825517c835c41957dffd44,69825517c835c41957dffd63,0.07407407407407407
69825517c835c41957dffd44,69825517c835c41957dffd59,0.07407407407407407
69825517c835c41957dffd44,69825517c835c41957dffd5a,0.07407407407407407
69825517c835c41957dffd44,69825517c835c41957dffd3e,0.07407407407407407
69825517c835c41957dffd44,69825517c835c41957e01276,0.037037037037037035
69825517c835c41957dffd44,69825517c835c41957dffd3c,0.07407407407407407
69825517c835c41957dffd44,69825517c835c41957dffd5c,0.07407407407407407
69825517c835c41957dffd44,69825517c835c41957dffd62,0.07407407407407407
69825517c835c41957dffd44,69825517c835c41957dffd39,0.07407407407407407
69825517c835c41957dffd44,69825517c835c41957dffd64,0.07407407407407407
69825517c835c41957dffd44,69825517c835c41957dffd36,0.07407407407407407
69825517c835c41957dffd44,69825517c835c41957dffd3b,0.07407407407407407
69825517c835c41957dffd44,69825517c835c41957dffd60,0.07407407407407407
69825517c835c41957dffd44,69825517c835c41957dffd4f,0.07407407407407407
69825517c835c41957dffd44,69825517c835c41957e012a7,0.037037037037037035
69825517c835c41957dffd44,69825517c835c41957dffd50,0.07407407407407407
69825517c835c41957dffd44,69825517c835c41957dffd42,0.07407407407407407
69825517c835c41957dffd44,69825517c835c41957dffd47,0.07407407407407407
69825517c835c41957dffd44,69825517c835c41957dffd3f,0.07407407407407407
69825517c835c41957dffd44,69825517c835c41957dffd53,0.07407407407407407
69825517c835c41957dffd44,69825517c835c41957dffd45,0.07407407407407407
69825516c835c41957dfb79c,69825516c835c41957dfac3e,0.3333333333333333
69825516c835c41957dfb79c,69825516c835c41957dfacd2,0.3333333333333333
69825516c835c41957dfb79c,69825516c835c41957dfd7c9,0.3333333333333333
69825516c835c41957dfb79c,69825516c835c41957dfb521,1.0
69825516c835c41957dfb79c,69825516c835c41957dfae12,1.0
69825517c835c41957dffa7a,69825516c835c41957dfe01b,3.0
69825516c835c41957dfa8fe,69825516c835c41957dfa71e,1.0
69825516c835c41957dfde3e,69825516c835c41957dfef4d,1.0
69825516c835c41957dfa54c,69825516c835c41957dfb96a,0.3333333333333333
69825516c835c41957dfa54c,69825516c835c41957dfee49,0.3333333333333333
69825516c835c41957dfa54c,69825517c835c41957e00fc7,0.3333333333333333
69825516c835c41957dfa54c,69825517c835c41957e01059,1.0
69825517c835c41957e015be,69825517c835c41957e016b4,0.047619047619047616
69825517c835c41957e015be,69825517c835c41957e01662,0.21428571428571427
69825517c835c41957e015be,69825517c835c41957e01661,0.13852813852813853
69825517c835c41957e015be,69825517c835c41957e01644,0.13852813852813853
69825517c835c41957e015be,69825517c835c41957e016b7,0.5051948051948052
69825517c835c41957e015be,69825517c835c41957e0164f,0.13852813852813853
69825517c835c41957e015be,69825517c835c41957e015a4,0.5051948051948052
69825517c835c41957e015be,69825517c835c41957e0161f,0.047619047619047616
69825517c835c41957e015be,69825517c835c41957e01620,0.5051948051948052
69825517c835c41957e015be,69825517c835c41957e015d3,0.047619047619047616
69825517c835c41957e015be,69825517c835c41957e0157c,0.047619047619047616
69825517c835c41957e015be,69825517c835c41957e015b0,0.41428571428571426
69825517c835c41957e015be,69825517c835c41957e01617,0.13852813852813853
69825517c835c41957e015be,69825517c835c41957e016d1,0.047619047619047616
69825517c835c41957e015be,69825517c835c41957e01654,0.13852813852813853
69825517c835c41957e015be,69825517c835c41957e016aa,0.047619047619047616
69825517c835c41957e015be,69825517c835c41957e0161b,0.13852813852813853
69825517c835c41957e015be,69825517c835c41957e0168f,0.13852813852813853
69825517c835c41957dff687,69825517c835c41957e00f7b,1.0
69825517c835c41957dff687,69825517c835c41957e0100b,1.0
69825516c835c41957dfef25,69825516c835c41957df9f79,0.16666666666666666
69825516c835c41957dfef25,69825516c835c41957dfcd0a,0.16666666666666666
69825516c835c41957dfef25,69825516c835c41957dfa3f8,0.16666666666666666
69825516c835c41957dfef25,69825516c835c41957dfa465,0.16666666666666666
69825517c835c41957e018a9,69825516c835c41957dfba9f,0.6
69825517c835c41957e018a9,69825516c835c41957dfe204,0.1
69825517c835c41957e018a9,69825516c835c41957dfe1dd,0.1
69825517c835c41957e018a9,69825516c835c41957dfe226,0.1
69825517c835c41957e018a9,69825516c835c41957dfe1dc,0.1
69825517c835c41957e018a9,69825517c835c41957dff6be,0.1
69825517c835c41957e018a9,69825516c835c41957dfe206,0.1
69825517c835c41957e018a9,69825516c835c41957dfe1f4,0.1
69825517c835c41957e018a9,69825516c835c41957dfa429,0.5
69825517c835c41957dff904,69825517c835c41957e01282,7.0
69825517c835c41957dffd42,69825517c835c41957dffd58,0.07407407407407407
69825517c835c41957dffd42,69825517c835c41957dffd3d,0.07407407407407407
69825517c835c41957dffd42,69825517c835c41957dffd63,0.07407407407407407
69825517c835c41957dffd42,69825517c835c41957dffd59,0.07407407407407407
69825517c835c41957dffd42,69825517c835c41957dffd5a,0.07407407407407407
69825517c835c41957dffd42,69825517c835c41957dffd3e,0.07407407407407407
69825517c835c41957dffd42,69825517c835c41957e01276,0.037037037037037035
69825517c835c41957dffd42,69825517c835c41957dffd3c,0.07407407407407407
69825517c835c41957dffd42,69825517c835c41957dffd5c,0.07407407407407407
69825517c835c41957dffd42,69825517c835c41957dffd62,0.07407407407407407
69825517c835c41957dffd42,69825517c835c41957dffd39,0.07407407407407407
69825517c835c41957dffd42,69825517c835c41957dffd64,0.07407407407407407
69825517c835c41957dffd42,69825517c835c41957dffd36,0.07407407407407407
69825517c835c41957dffd42,69825517c835c41957dffd3b,0.07407407407407407
69825517c835c41957dffd42,69825517c835c41957dffd60,0.07407407407407407
69825517c835c41957dffd42,69825517c835c41957dffd4f,0.07407407407407407
69825517c835c41957dffd42,69825517c835c41957e012a7,0.037037037037037035
69825517c835c41957dffd42,69825517c835c41957dffd50,0.07407407407407407
69825517c835c41957dffd42,69825517c835c41957dffd47,0.07407407407407407
69825517c835c41957dffd42,69825517c835c41957dffd3f,0.07407407407407407
69825517c835c41957dffd42,69825517c835c41957dffd53,0.07407407407407407
69825517c835c41957dffd42,69825517c835c41957dffd45,0.07407407407407407
69825516c835c41957dfa9d5,69825516c835c41957dfac05,1.0
69825517c835c41957e00048,69825516c835c41957dfc4a5,1.0
69825517c835c41957e00048,69825517c835c41957e00faa,0.5
69825517c835c41957e00048,69825517c835c41957dffaf5,0.5
69825516c835c41957dfd118,69825517c835c41957e01820,0.41666666666666663
69825516c835c41957dfd118,69825516c835c41957dfcc8b,0.16666666666666666
69825516c835c41957dfd118,69825517c835c41957e00927,0.16666666666666666
69825516c835c41957dfd118,69825516c835c41957dfbb50,0.41666666666666663
69825516c835c41957dfd118,69825516c835c41957dfa4ba,0.25
69825516c835c41957dfd118,69825517c835c41957e0173a,0.41666666666666663
69825516c835c41957dfd118,69825517c835c41957e016fd,0.16666666666666666
69825516c835c41957dfccb2,69825516c835c41957dfccf4,0.5833333333333333
69825516c835c41957dfccb2,69825516c835c41957dfd2d8,2.0833333333333335
69825516c835c41957dfccb2,69825516c835c41957dfa333,0.25
69825516c835c41957dfccb2,69825516c835c41957dfb81c,0.5
69825517c835c41957dffd46,69825517c835c41957dffd52,0.14358974358974358
69825517c835c41957dffd46,69825517c835c41957dffd4a,0.14358974358974358
69825517c835c41957dffd46,69825516c835c41957dfb521,0.06666666666666667
69825517c835c41957dffd46,69825517c835c41957dffd48,0.14358974358974358
69825517c835c41957dffd46,69825517c835c41957dffd3a,0.14358974358974358
69825517c835c41957dffd46,69825517c835c41957dffd40,0.14358974358974358
69825517c835c41957dffd46,69825517c835c41957dffd5f,0.14358974358974358
69825517c835c41957dffd46,69825516c835c41957dfe63b,0.06666666666666667
69825517c835c41957dffd46,69825517c835c41957dffd57,0.14358974358974358
69825517c835c41957dffd46,69825517c835c41957dffd55,0.14358974358974358
69825517c835c41957dffd46,69825517c835c41957dffd41,0.14358974358974358
69825517c835c41957dffd46,69825517c835c41957dffd4c,0.14358974358974358
69825517c835c41957dffd46,69825517c835c41957dffd4e,0.14358974358974358
69825516c835c41957dfba95,69825516c835c41957dfd11d,1.0
69825516c835c41957dfba95,69825516c835c41957dfbb44,1.0
69825516c835c41957dfba95,69825516c835c41957dfc9b6,1.0
69825516c835c41957dfba95,69825516c835c41957dfb802,1.0
69825516c835c41957dfc328,69825516c835c41957dfdc61,0.07142857142857142
69825516c835c41957dfc328,69825516c835c41957dfa8f6,0.07142857142857142
69825516c835c41957dfc328,69825516c835c41957dfa720,0.07142857142857142
69825516c835c41957dfc328,69825517c835c41957e00fc5,0.07142857142857142
69825516c835c41957dfc328,69825517c835c41957e00bf6,0.07142857142857142
69825516c835c41957dfc328,69825517c835c41957e01108,0.07142857142857142
69825516c835c41957dfc328,69825517c835c41957dff930,0.07142857142857142
69825516c835c41957dfc328,69825516c835c41957dfccad,0.07142857142857142
69825516c835c41957dfc328,69825516c835c41957dfcd80,0.07142857142857142
69825516c835c41957dfc328,69825516c835c41957dfa73b,0.07142857142857142
69825516c835c41957dfc328,69825516c835c41957dfe801,0.07142857142857142
69825516c835c41957dfc328,69825516c835c41957dff27c,0.07142857142857142
69825516c835c41957dfc328,69825516c835c41957dfe793,0.07142857142857142
69825516c835c41957dff3b6,69825516c835c41957dfca71,0.16666666666666666
69825516c835c41957dff3b6,69825516c835c41957dfca72,0.16666666666666666
69825516c835c41957dff3b6,69825516c835c41957dfe66d,0.16666666666666666
69825516c835c41957dff3b6,69825516c835c41957dfca6f,0.16666666666666666
69825516c835c41957dff3b6,69825516c835c41957dfa44c,1.0
69825516c835c41957df9e7e,69825516c835c41957df9f97,1.5833333333333333
69825516c835c41957df9e7e,69825516c835c41957dfa528,0.25
69825516c835c41957dfcdb2,69825517c835c41957e0170d,1.0
69825516c835c41957dfccc3,69825517c835c41957e00d08,0.0625
69825516c835c41957dfccc3,69825517c835c41957e00f6b,0.0625
69825516c835c41957dfccc3,69825516c835c41957df9e60,0.0625
69825516c835c41957dfccc3,69825516c835c41957dfd3f6,0.0625
69825516c835c41957dfccc3,69825517c835c41957e017f5,0.0625
69825516c835c41957dfccc3,69825516c835c41957dfd9f1,0.3125
69825516c835c41957dfccc3,69825517c835c41957e00f6c,0.5625
69825516c835c41957dfccc3,69825516c835c41957dfb790,0.3125
69825516c835c41957dfccc3,69825517c835c41957e01286,0.0625
69825516c835c41957dfccc3,69825517c835c41957dff6fc,0.0625
69825516c835c41957dfccc3,69825517c835c41957dffbd6,0.0625
69825517c835c41957e016b4,69825517c835c41957e01662,0.11428571428571428
69825517c835c41957e016b4,69825517c835c41957e01661,0.047619047619047616
69825517c835c41957e016b4,69825517c835c41957e01644,0.11428571428571428
69825517c835c41957e016b4,69825517c835c41957e016b7,0.11428571428571428
69825517c835c41957e016b4,69825517c835c41957e0164f,0.11428571428571428
69825517c835c41957e016b4,69825517c835c41957e015a4,0.11428571428571428
69825517c835c41957e016b4,69825517c835c41957e0161f,0.11428571428571428
69825517c835c41957e016b4,69825517c835c41957e01620,0.11428571428571428
69825517c835c41957e016b4,69825517c835c41957e015d3,0.11428571428571428
69825517c835c41957e016b4,69825517c835c41957e0157c,0.047619047619047616
69825517c835c41957e016b4,69825517c835c41957e015b0,0.11428571428571428
69825517c835c41957e016b4,69825517c835c41957e01617,0.047619047619047616
69825517c835c41957e016b4,69825517c835c41957e015db,0.06666666666666667
69825517c835c41957e016b4,69825517c835c41957e016d1,0.047619047619047616
69825517c835c41957e016b4,69825517c835c41957e01645,0.06666666666666667
69825517c835c41957e016b4,69825517c835c41957e01654,0.047619047619047616
69825517c835c41957e016b4,69825517c835c41957e015e2,0.06666666666666667
69825517c835c41957e016b4,69825517c835c41957e016aa,0.047619047619047616
69825517c835c41957e016b4,69825517c835c41957e0161b,0.11428571428571428
69825517c835c41957e016b4,69825517c835c41957e015cf,0.06666666666666667
69825517c835c41957e016b4,69825517c835c41957e0168f,0.047619047619047616
69825516c835c41957dfcc98,69825517c835c41957dffae1,1.0
69825516c835c41957dfab35,69825516c835c41957dff009,0.07142857142857142
69825516c835c41957dfab35,69825516c835c41957dfe20d,0.07142857142857142
69825516c835c41957dfab35,69825516c835c41957df9c99,0.07142857142857142
69825516c835c41957dfab35,69825516c835c41957dfefc1,0.07142857142857142
69825516c835c41957dfab35,69825517c835c41957e00a2c,0.07142857142857142
69825516c835c41957dfab35,69825516c835c41957dfd3ed,0.07142857142857142
69825516c835c41957dfab35,69825516c835c41957dfe795,0.07142857142857142
69825516c835c41957dfab35,69825516c835c41957dfa160,0.07142857142857142
69825516c835c41957dfab35,69825517c835c41957e01139,0.07142857142857142
69825516c835c41957dfab35,69825516c835c41957dff00a,0.07142857142857142
69825516c835c41957dfab35,69825516c835c41957dfabe1,3.071428571428571
69825516c835c41957dfab35,69825516c835c41957dfefed,0.07142857142857142
69825516c835c41957dfbc8c,69825516c835c41957dfbd53,2.0
69825516c835c41957dfa531,69825516c835c41957dfa52a,1.5
69825516c835c41957dfa531,69825516c835c41957dfa3f8,0.75
69825516c835c41957dfa531,69825516c835c41957dfa465,0.8333333333333333
69825516c835c41957dfa531,69825516c835c41957dfa4ba,0.3333333333333333
69825516c835c41957dfa531,69825516c835c41957dfa4bc,1.8333333333333333
69825516c835c41957dfa531,69825516c835c41957dfa42e,1.5
69825516c835c41957dfa531,69825516c835c41957dfe7ff,0.16666666666666666
69825516c835c41957dfa531,69825516c835c41957dfa466,0.25
69825516c835c41957dfa531,69825516c835c41957dfc601,1.0
69825516c835c41957dfa531,69825516c835c41957dfa47c,2.1666666666666665
69825516c835c41957dfa531,69825516c835c41957dfa429,1.8333333333333333
69825516c835c41957dfa531,69825516c835c41957dfd2dc,0.16666666666666666
69825516c835c41957dfa531,69825516c835c41957dfa428,0.5
69825516c835c41957dfa531,69825517c835c41957e0174d,0.5
69825516c835c41957dfa531,69825517c835c41957dff465,0.16666666666666666
69825516c835c41957dfa531,69825517c835c41957dff45e,0.5
69825516c835c41957dfa531,69825516c835c41957dfa3f7,0.5
69825516c835c41957dfa531,69825516c835c41957dfd069,0.16666666666666666
69825516c835c41957dfa531,69825516c835c41957dfa42d,1.25
69825516c835c41957dfb794,69825517c835c41957e00d08,0.3333333333333333
69825516c835c41957dfb794,69825517c835c41957e01899,0.5
69825516c835c41957dfb794,69825517c835c41957e017f5,1.0
69825516c835c41957dfb794,69825517c835c41957e00f6c,0.3333333333333333
69825516c835c41957dfb794,69825517c835c41957dffbd6,0.3333333333333333
69825516c835c41957dfb227,69825516c835c41957dfe1af,1.0
69825516c835c41957dfe3fe,69825516c835c41957dfe3d0,0.125
69825516c835c41957dfe3fe,69825516c835c41957dfe3fc,0.125
69825516c835c41957dfe3fe,69825516c835c41957dfe3cc,0.125
69825516c835c41957dfe3fe,69825516c835c41957dfe3df,0.125
69825516c835c41957dfe3fe,69825516c835c41957dfe404,0.125
69825516c835c41957dfe3fe,69825516c835c41957dfe3ff,0.125
69825516c835c41957dfe3fe,69825516c835c41957dfe3f6,0.125
69825516c835c41957dfe3fe,69825516c835c41957dfe3db,0.125
69825516c835c41957dfe3fe,69825516c835c41957dfe3e5,0.125
69825516c835c41957dfe3fe,69825516c835c41957dfe424,0.125
69825516c835c41957dfe3fe,69825516c835c41957dfe416,0.125
69825516c835c41957dfe3fe,69825516c835c41957dfe405,0.125
69825516c835c41957dfe3fe,69825516c835c41957dfe3f9,0.125
69825517c835c41957e0193f,69825516c835c41957dfdcd8,0.2
69825517c835c41957e0193f,69825516c835c41957dfb088,0.2
69825517c835c41957e0193f,69825516c835c41957dfb4d7,0.2
69825517c835c41957e0193f,69825516c835c41957dfb3f3,0.2
69825517c835c41957e0193f,69825516c835c41957dfac61,0.2
69825517c835c41957e00480,69825516c835c41957dfc063,1.0
69825516c835c41957dfb922,69825517c835c41957e004b9,0.1
69825516c835c41957dfb922,69825516c835c41957dfd79f,0.1
69825516c835c41957dfb922,69825516c835c41957dfb7ae,0.1
69825516c835c41957dfb922,69825516c835c41957dfe622,0.1
69825516c835c41957dfb922,69825516c835c41957dff04d,0.1
69825516c835c41957dfb922,69825516c835c41957dfe61e,0.1
69825516c835c41957dfb922,69825516c835c41957dfe61a,0.1
69825517c835c41957e0067d,69825517c835c41957e00200,3.6666666666666665
69825517c835c41957e0067d,69825516c835c41957dfa1f7,0.6666666666666666
69825517c835c41957e0067d,69825516c835c41957dfa0b0,0.6666666666666666
69825517c835c41957dff79f,69825516c835c41957dfd223,1.0
69825517c835c41957dff79f,69825516c835c41957dfd23d,1.0
69825516c835c41957dfd308,69825516c835c41957dfdc35,0.25
69825516c835c41957dfd308,69825516c835c41957dfe7ff,0.25
69825516c835c41957dfd308,69825516c835c41957dfd2dc,0.25
69825516c835c41957dfbc0d,69825516c835c41957dfbbf6,0.14285714285714285
69825516c835c41957dfbc0d,69825516c835c41957dfbbe8,0.14285714285714285
69825516c835c41957dfbc0d,69825516c835c41957dfbc08,0.14285714285714285
69825516c835c41957dfbc0d,69825516c835c41957dfbbf0,0.14285714285714285
69825516c835c41957dfa09f,69825517c835c41957e0152f,1.0
69825516c835c41957dfe0c5,69825516c835c41957dfa4e0,0.2
69825516c835c41957dfe0c5,69825516c835c41957dfe0c8,0.45
69825516c835c41957dfe0c5,69825516c835c41957dfe0c6,0.45
69825516c835c41957dfe0c5,69825517c835c41957e00540,0.45
69825517c835c41957e0129f,69825517c835c41957e01744,0.16666666666666666
69825517c835c41957e0129f,69825517c835c41957e00079,0.5
69825517c835c41957e0129f,69825516c835c41957dfc8da,6.25
69825517c835c41957e0129f,69825517c835c41957e012a7,0.75
69825517c835c41957e0129f,69825517c835c41957e01740,0.16666666666666666
69825517c835c41957e0129f,69825516c835c41957dfa3f7,0.5
69825517c835c41957e0129f,69825516c835c41957dfc857,2.25
69825517c835c41957e0129f,69825517c835c41957e012a3,0.16666666666666666
69825516c835c41957dfd224,69825516c835c41957dfc83e,1.0
69825516c835c41957dfd34b,69825516c835c41957dfb7b2,0.25
69825516c835c41957dfd34b,69825517c835c41957e00c9e,0.25
69825516c835c41957dfd34b,69825517c835c41957e00c9a,0.75
69825516c835c41957dfd34b,69825517c835c41957e01a80,0.25
69825516c835c41957dfd34b,69825516c835c41957dfd2f3,0.75
69825516c835c41957dfd34b,69825516c835c41957dfd0c8,0.25
69825516c835c41957dfd34b,69825516c835c41957dfab42,0.5
69825516c835c41957dfdd02,69825517c835c41957dff86a,0.26666666666666666
69825516c835c41957dfdd02,69825516c835c41957dfe6f7,0.2
69825516c835c41957dfdd02,69825516c835c41957dfdd86,0.06666666666666667
69825516c835c41957dfdd02,69825516c835c41957dfdd1f,0.06666666666666667
69825516c835c41957dfdd02,69825516c835c41957dfee8d,0.06666666666666667
69825516c835c41957dfdd02,69825516c835c41957dfb62b,0.06666666666666667
69825516c835c41957dfdd02,69825516c835c41957dfa5a4,0.06666666666666667
69825516c835c41957dfdd02,69825516c835c41957dfb552,0.06666666666666667
69825516c835c41957dfdd02,69825516c835c41957dfee81,0.26666666666666666
69825516c835c41957dfdd02,69825516c835c41957dfdd8c,0.26666666666666666
69825516c835c41957dfdd02,69825516c835c41957dfdd60,0.06666666666666667
69825516c835c41957dfdd02,69825517c835c41957dff91a,0.06666666666666667
69825516c835c41957dfdd02,69825516c835c41957dfa821,0.06666666666666667
69825516c835c41957dfdd02,69825517c835c41957e00e31,0.2
69825516c835c41957dfdd02,69825516c835c41957dfb9af,0.06666666666666667
69825516c835c41957dfdd02,69825517c835c41957dff863,0.06666666666666667
69825516c835c41957dfdd02,69825516c835c41957dfdd52,0.06666666666666667
69825517c835c41957e0112f,69825516c835c41957dfa526,2.0
69825516c835c41957dfb532,69825517c835c41957e00fb5,1.0
69825517c835c41957e01108,69825516c835c41957dfdc61,0.3214285714285714
69825517c835c41957e01108,69825516c835c41957dfa720,0.40476190476190477
69825517c835c41957e01108,69825517c835c41957e009b6,0.5
69825517c835c41957e01108,69825517c835c41957dff930,0.3214285714285714
69825517c835c41957e01108,69825517c835c41957e004bb,0.5
69825517c835c41957e01108,69825516c835c41957dfccad,0.07142857142857142
69825517c835c41957e01108,69825517c835c41957e00bf6,2.4047619047619047
69825517c835c41957e01108,69825516c835c41957dfcd80,0.07142857142857142
69825517c835c41957e01108,69825516c835c41957dfa73b,0.40476190476190477
69825517c835c41957e01108,69825516c835c41957dfe793,0.3214285714285714
69825517c835c41957e01108,69825516c835c41957dfa8f6,0.07142857142857142
69825517c835c41957e01108,69825516c835c41957dfa12e,1.0
69825517c835c41957e01108,69825516c835c41957df9e4b,0.3333333333333333
69825517c835c41957e01108,69825516c835c41957dfe801,0.07142857142857142
69825517c835c41957e01108,69825516c835c41957dff27c,0.07142857142857142
69825517c835c41957e01108,69825517c835c41957e00fc5,1.9047619047619047
69825517c835c41957e01108,69825516c835c41957dfa3fd,0.3333333333333333
69825517c835c41957e01108,69825517c835c41957dffb7c,0.5
69825517c835c41957e01108,69825516c835c41957dfaa2d,0.25
69825516c835c41957dfc68e,69825516c835c41957dfc68d,0.5
69825516c835c41957dfc68e,69825516c835c41957dfe21c,0.5
69825516c835c41957dfadcd,69825516c835c41957dfb3c6,0.1111111111111111
69825516c835c41957dfadcd,69825516c835c41957dfb3c3,0.1111111111111111
69825516c835c41957dfadcd,69825516c835c41957dfb1d4,0.1111111111111111
69825516c835c41957dfadcd,69825516c835c41957dfb32c,0.1111111111111111
69825516c835c41957dfadcd,69825516c835c41957dfb4d8,1.0
69825516c835c41957dfadcd,69825516c835c41957dfb193,0.1111111111111111
69825516c835c41957dfadcd,69825516c835c41957dfb2c5,0.1111111111111111
69825516c835c41957dfadcd,69825516c835c41957dfb20d,0.1111111111111111
69825516c835c41957dfadcd,69825516c835c41957dfb319,0.1111111111111111
69825517c835c41957dff87e,69825516c835c41957dfbcb5,2.0
69825517c835c41957e00e48,69825516c835c41957dfc095,2.0
69825517c835c41957e01654,69825517c835c41957e01662,0.047619047619047616
69825517c835c41957e01654,69825517c835c41957e01661,0.3885281385281385
69825517c835c41957e01654,69825517c835c41957e01644,0.13852813852813853
69825517c835c41957e01654,69825517c835c41957e016b7,0.13852813852813853
69825517c835c41957e01654,69825517c835c41957e0164f,0.3885281385281385
69825517c835c41957e01654,69825517c835c41957e015a4,0.13852813852813853
69825517c835c41957e01654,69825517c835c41957e0161f,0.047619047619047616
69825517c835c41957e01654,69825517c835c41957e01620,0.13852813852813853
69825517c835c41957e01654,69825517c835c41957e015d3,0.047619047619047616
69825517c835c41957e01654,69825517c835c41957e0157c,0.2976190476190476
69825517c835c41957e01654,69825517c835c41957e015b0,0.047619047619047616
69825517c835c41957e01654,69825517c835c41957e01617,0.3885281385281385
69825517c835c41957e01654,69825517c835c41957e016d1,0.047619047619047616
69825517c835c41957e01654,69825517c835c41957e016aa,0.047619047619047616
69825517c835c41957e01654,69825517c835c41957e0161b,0.13852813852813853
69825517c835c41957e01654,69825517c835c41957e0168f,0.13852813852813853
69825517c835c41957e004b6,69825516c835c41957dff2ba,0.16666666666666666
69825517c835c41957e004b6,69825516c835c41957dff358,1.1666666666666667
69825517c835c41957e004b6,69825516c835c41957dfa333,0.3333333333333333
69825517c835c41957e004b6,69825517c835c41957dff94f,0.3333333333333333
69825517c835c41957e004b6,69825517c835c41957e01349,0.16666666666666666
69825517c835c41957e004b6,69825516c835c41957dfd576,0.16666666666666666
69825517c835c41957e004b6,69825517c835c41957dff825,0.16666666666666666
69825516c835c41957dfe42a,69825516c835c41957dfe6d3,0.18333333333333335
69825516c835c41957dfe42a,69825516c835c41957dfe6d4,0.18333333333333335
69825516c835c41957dfe42a,69825516c835c41957dfe66f,0.18333333333333335
69825516c835c41957dfe42a,69825516c835c41957dfa81b,0.08333333333333333
69825516c835c41957dfe42a,69825516c835c41957dfe671,0.18333333333333335
69825516c835c41957dfe42a,69825516c835c41957dfe789,0.18333333333333335
69825516c835c41957dfe42a,69825517c835c41957e0106b,0.18333333333333335
69825516c835c41957dfe42a,69825516c835c41957dfe78c,0.18333333333333335
69825516c835c41957dfe42a,69825517c835c41957e0106c,0.18333333333333335
69825516c835c41957dfe42a,69825516c835c41957dfe429,0.18333333333333335
69825517c835c41957e017e7,69825516c835c41957dfd81b,0.3333333333333333
69825517c835c41957e017e7,69825516c835c41957dfd73f,0.3333333333333333
69825517c835c41957e017e7,69825517c835c41957e017e4,0.3333333333333333
69825516c835c41957dfac1b,69825516c835c41957dfac27,1.0
69825516c835c41957dfefb6,69825516c835c41957dff004,0.36081871345029237
69825516c835c41957dfefb6,69825516c835c41957dfef9e,0.30818713450292395
69825516c835c41957dfefb6,69825516c835c41957dff008,0.36081871345029237
69825516c835c41957dfefb6,69825516c835c41957dfeffc,0.36081871345029237
69825516c835c41957dfefb6,69825516c835c41957dfefa4,0.36081871345029237
69825516c835c41957dfefb6,69825516c835c41957dfef9f,0.3052631578947368
69825516c835c41957dfefb6,69825516c835c41957dfefb5,0.30818713450292395
69825516c835c41957dfefb6,69825516c835c41957dfeff2,0.36081871345029237
69825516c835c41957dfefb6,69825516c835c41957dfefa5,0.36081871345029237
69825516c835c41957dfefb6,69825516c835c41957dfefc0,0.3052631578947368
69825516c835c41957dfefb6,69825516c835c41957dfefb4,0.36081871345029237
69825516c835c41957dfefb6,69825516c835c41957dff006,0.36081871345029237
69825516c835c41957dfefb6,69825516c835c41957dfefa2,0.36081871345029237
69825516c835c41957dfefb6,69825516c835c41957dff007,0.36081871345029237
69825516c835c41957dfefb6,69825516c835c41957dfef9d,0.36081871345029237
69825516c835c41957dfefb6,69825516c835c41957dfefa1,0.36081871345029237
69825516c835c41957dfefb6,69825516c835c41957dfefb9,0.36081871345029237
69825516c835c41957dfefb6,69825516c835c41957dfefb1,0.36081871345029237
69825516c835c41957dfa861,69825516c835c41957dfa48c,1.0
69825516c835c41957dfe489,69825517c835c41957e01739,0.1111111111111111
69825516c835c41957dfe489,69825516c835c41957dfe48d,0.1111111111111111
69825516c835c41957dfe489,69825516c835c41957dfe1f6,0.1111111111111111
69825516c835c41957dfe489,69825516c835c41957dfe21b,0.1111111111111111
69825516c835c41957dfe489,69825516c835c41957dfe486,0.1111111111111111
69825516c835c41957dfe489,69825516c835c41957dfe21f,0.1111111111111111
69825516c835c41957dfe489,69825516c835c41957dfe202,0.1111111111111111
69825516c835c41957dfe7f9,69825516c835c41957dff1a6,1.0
69825517c835c41957e0100b,69825516c835c41957dfccf4,1.0
69825516c835c41957dfb0f6,69825516c835c41957dfb5bc,1.0
69825517c835c41957dff7a6,69825517c835c41957dff79a,2.0
69825517c835c41957dff7a6,69825516c835c41957dfe44e,1.0
69825516c835c41957dfe072,69825517c835c41957e01085,0.8333333333333333
69825516c835c41957dfe072,69825516c835c41957dfac3d,0.8333333333333333
69825516c835c41957dfe072,69825517c835c41957e00656,0.3333333333333333
69825516c835c41957dfd1e2,69825517c835c41957e0174b,0.5
69825516c835c41957dfd1e2,69825517c835c41957e012a5,0.5
69825516c835c41957dfe656,69825516c835c41957dfc117,0.2
69825516c835c41957dfe656,69825517c835c41957dff8c5,0.45
69825516c835c41957dfe656,69825516c835c41957df9e61,0.7
69825516c835c41957dfe656,69825517c835c41957e00123,0.25
69825516c835c41957dfedb6,69825516c835c41957dfae05,0.5
69825516c835c41957dfedb6,69825516c835c41957dfad8c,0.5
69825516c835c41957dfcff9,69825516c835c41957dfd1ed,1.0
69825516c835c41957dfd3f4,69825516c835c41957dfd101,1.0
69825516c835c41957dfd3f4,69825517c835c41957e00109,1.0
69825516c835c41957dfd788,69825517c835c41957dff8e0,1.2
69825516c835c41957dfd788,69825517c835c41957e01aae,0.2
69825516c835c41957dfd788,69825516c835c41957dfbbe8,0.2
69825516c835c41957dfd788,69825516c835c41957dfa188,0.2
69825516c835c41957dfc8f1,69825516c835c41957dfe7a0,1.0
69825516c835c41957dfa960,69825517c835c41957dffaca,0.5
69825516c835c41957dfa960,69825517c835c41957dffb7c,1.0
69825516c835c41957dfefaa,69825517c835c41957e0177a,0.25
69825516c835c41957dfefaa,69825516c835c41957dfe1cf,0.25
69825516c835c41957dfefaa,69825516c835c41957dfe20d,0.25
69825516c835c41957dfefaa,69825517c835c41957e017a4,0.25
69825516c835c41957dfa374,69825516c835c41957dfb7e1,2.0
69825516c835c41957dfe53e,69825516c835c41957dfd7c9,3.0
69825516c835c41957dfa1f7,69825517c835c41957e00200,0.6666666666666666
69825516c835c41957dfa1f7,69825516c835c41957dfa0b0,4.666666666666666
69825516c835c41957dfcacf,69825516c835c41957dfcad0,0.26666666666666666
69825516c835c41957dfcacf,69825517c835c41957e006a6,0.1
69825516c835c41957dfcacf,69825516c835c41957dfb954,0.1
69825516c835c41957dfcacf,69825517c835c41957e006a5,0.1
69825516c835c41957dfcacf,69825517c835c41957e01229,0.1
69825516c835c41957dfcacf,69825516c835c41957dfcace,0.26666666666666666
69825516c835c41957dfcacf,69825516c835c41957dfcacd,0.26666666666666666
69825516c835c41957dfcacf,69825516c835c41957dfcacb,0.26666666666666666
69825516c835c41957dfcacf,69825516c835c41957dfcad1,0.26666666666666666
69825516c835c41957dfcacf,69825516c835c41957dfcacc,0.26666666666666666
69825516c835c41957dfc5f5,69825516c835c41957dfc587,1.0
69825516c835c41957dfc5f5,69825516c835c41957dfbd78,1.0
69825516c835c41957dfccbb,69825516c835c41957dfc547,0.2
69825516c835c41957dfccbb,69825516c835c41957dfd3f6,0.2
69825516c835c41957dfccbb,69825516c835c41957dfb675,0.2
69825516c835c41957dfccbb,69825517c835c41957dff82a,1.5333333333333332
69825516c835c41957dfe1dd,69825516c835c41957dfe204,0.1
69825516c835c41957dfe1dd,69825516c835c41957dfba9f,0.1
69825516c835c41957dfe1dd,69825516c835c41957dfe4b4,0.25
69825516c835c41957dfe1dd,69825516c835c41957dfe226,0.1
69825516c835c41957dfe1dd,69825517c835c41957dffae9,0.3333333333333333
69825516c835c41957dfe1dd,69825516c835c41957dfe1dc,0.43333333333333335
69825516c835c41957dfe1dd,69825516c835c41957dfe206,0.1
69825516c835c41957dfe1dd,69825516c835c41957dfe1f4,0.1
69825516c835c41957dfe1dd,69825517c835c41957dff6be,0.1
69825516c835c41957dfe1dd,69825516c835c41957dfa4bc,0.25
69825516c835c41957dfe1dd,69825516c835c41957dfefed,0.25
69825516c835c41957dfcef3,69825516c835c41957dfee20,0.5
69825516c835c41957dfcef3,69825516c835c41957dfceed,2.0
69825516c835c41957dfcef3,69825516c835c41957dfcf23,0.5
69825516c835c41957dfda6b,69825516c835c41957dfe5e5,0.3333333333333333
69825516c835c41957dfda6b,69825516c835c41957dfa749,0.3333333333333333
69825516c835c41957dfda6b,69825516c835c41957dfbc30,1.3333333333333333
69825517c835c41957e01948,69825517c835c41957e01944,0.8333333333333333
69825516c835c41957dfe789,69825516c835c41957dfe6d3,0.2944444444444444
69825516c835c41957dfe789,69825516c835c41957dfe6d4,0.2944444444444444
69825516c835c41957dfe789,69825516c835c41957dfe66f,0.2944444444444444
69825516c835c41957dfe789,69825516c835c41957dfa81b,0.08333333333333333
69825516c835c41957dfe789,69825516c835c41957dfe671,0.2944444444444444
69825516c835c41957dfe789,69825517c835c41957e0106b,0.2944444444444444
69825516c835c41957dfe789,69825516c835c41957dfe78c,0.2944444444444444
69825516c835c41957dfe789,69825517c835c41957e0106c,0.2944444444444444
69825516c835c41957dfe789,69825516c835c41957dfa4bc,0.1111111111111111
69825516c835c41957dfe789,69825516c835c41957dfe429,0.18333333333333335
69825517c835c41957e004b1,69825516c835c41957dfd051,1.0
69825516c835c41957dfd336,69825516c835c41957dfd314,0.30952380952380953
69825516c835c41957dfd336,69825516c835c41957dfd1f3,0.30952380952380953
69825516c835c41957dfd336,69825516c835c41957dfe78c,0.14285714285714285
69825516c835c41957dfd336,69825516c835c41957dfd315,0.30952380952380953
69825516c835c41957dfd336,69825516c835c41957dfd17b,0.30952380952380953
69825516c835c41957dfd336,69825516c835c41957dfd313,0.30952380952380953
69825516c835c41957dfc350,69825516c835c41957dfc30c,1.0
69825516c835c41957dfc350,69825516c835c41957dfc34e,0.3333333333333333
69825516c835c41957dfc350,69825516c835c41957dfc349,0.3333333333333333
69825517c835c41957e0083a,69825517c835c41957e00541,0.6666666666666666
69825517c835c41957e0083a,69825516c835c41957dfa168,0.16666666666666666
69825517c835c41957e0083a,69825517c835c41957e00a2c,0.2
69825517c835c41957e0083a,69825516c835c41957dfce4e,0.2
69825517c835c41957e0083a,69825516c835c41957dfa737,0.3333333333333333
69825517c835c41957e0083a,69825517c835c41957e00524,0.16666666666666666
69825517c835c41957e0083a,69825516c835c41957dfa894,0.3333333333333333
69825517c835c41957e0083a,69825516c835c41957dfa160,1.5
69825517c835c41957e0083a,69825516c835c41957dfa636,0.3666666666666667
69825517c835c41957e0083a,69825516c835c41957dfd04e,0.2
69825517c835c41957e0083a,69825516c835c41957dfa1c2,1.1666666666666665
69825517c835c41957e0083a,69825516c835c41957dfd19c,0.16666666666666666
69825516c835c41957dfe307,69825516c835c41957dfe29b,3.5
69825516c835c41957dfe307,69825516c835c41957dfd907,0.5
69825516c835c41957dfbbf8,69825516c835c41957dfbbea,0.05
69825516c835c41957dfbbf8,69825516c835c41957dfbbe4,0.05
69825516c835c41957dfbbf8,69825516c835c41957dfbbba,0.05
69825516c835c41957dfbbf8,69825516c835c41957dfbc0f,0.05
69825516c835c41957dfbbf8,69825516c835c41957dfbbb8,0.05
69825516c835c41957dfbbf8,69825516c835c41957dfbbb7,0.05
69825516c835c41957dfbbf8,69825516c835c41957dfbc10,0.05
69825516c835c41957dfbbf8,69825516c835c41957dfbc20,0.05
69825516c835c41957dfbbf8,69825516c835c41957dfbbb2,0.05
69825516c835c41957dfbbf8,69825516c835c41957dfbc2c,0.05
69825516c835c41957dfbbf8,69825516c835c41957dfbc0e,0.05
69825516c835c41957dfbbf8,69825516c835c41957dfbc27,0.05
69825516c835c41957dfbbf8,69825516c835c41957dfbc1b,0.05
69825516c835c41957dfbbf8,69825516c835c41957dfbbc3,0.05
69825516c835c41957dfee81,69825517c835c41957dff86a,0.26666666666666666
69825516c835c41957dfee81,69825516c835c41957dfe6f7,0.2
69825516c835c41957dfee81,69825516c835c41957dfdd86,0.06666666666666667
69825516c835c41957dfee81,69825516c835c41957dfdd1f,0.06666666666666667
69825516c835c41957dfee81,69825516c835c41957dfee8d,0.06666666666666667
69825516c835c41957dfee81,69825516c835c41957dfb62b,0.06666666666666667
69825516c835c41957dfee81,69825516c835c41957dfa5a4,0.06666666666666667
69825516c835c41957dfee81,69825516c835c41957dfb552,0.06666666666666667
69825516c835c41957dfee81,69825516c835c41957dfdd8c,0.26666666666666666
69825516c835c41957dfee81,69825516c835c41957dfdd60,0.06666666666666667
69825516c835c41957dfee81,69825517c835c41957dff91a,0.06666666666666667
69825516c835c41957dfee81,69825516c835c41957dfa821,0.06666666666666667
69825516c835c41957dfee81,69825517c835c41957e00e31,0.2
69825516c835c41957dfee81,69825516c835c41957dfb9af,0.06666666666666667
69825516c835c41957dfee81,69825517c835c41957dff863,0.06666666666666667
69825516c835c41957dfee81,69825516c835c41957dfdd52,0.06666666666666667
69825516c835c41957dfba2c,69825516c835c41957dfa47c,1.0
69825516c835c41957dfbfae,69825516c835c41957dfa037,1.0
69825516c835c41957dfbfae,69825517c835c41957e009d4,1.0
69825517c835c41957e00e58,69825516c835c41957dfc25e,1.0
69825516c835c41957dfab40,69825516c835c41957dfdbe6,1.0
69825516c835c41957dfab40,69825516c835c41957dfa34b,1.0
69825516c835c41957dfe122,69825516c835c41957dfd157,3.8333333333333335
69825516c835c41957dfe122,69825516c835c41957dfd24f,0.8333333333333333
69825516c835c41957dfe122,69825516c835c41957df9dc9,1.0
69825516c835c41957dfe122,69825517c835c41957dffc49,0.3333333333333333
69825517c835c41957dff58c,69825516c835c41957dfb443,0.3333333333333333
69825517c835c41957dff58c,69825516c835c41957dfd309,0.3333333333333333
69825517c835c41957dff58c,69825517c835c41957e00222,1.3333333333333333
69825516c835c41957dfa930,69825516c835c41957dfd2f2,0.5
69825516c835c41957dfa930,69825516c835c41957dfdb06,0.5
69825516c835c41957dfe4e7,69825516c835c41957dfdb32,2.0
69825516c835c41957dfefb9,69825516c835c41957dff004,0.36081871345029237
69825516c835c41957dfefb9,69825516c835c41957dfef9e,0.30818713450292395
69825516c835c41957dfefb9,69825516c835c41957dff008,0.36081871345029237
69825516c835c41957dfefb9,69825516c835c41957dfeffc,0.36081871345029237
69825516c835c41957dfefb9,69825516c835c41957dfefa4,0.36081871345029237
69825516c835c41957dfefb9,69825516c835c41957dfef9f,0.3052631578947368
69825516c835c41957dfefb9,69825516c835c41957dfefb5,0.30818713450292395
69825516c835c41957dfefb9,69825516c835c41957dfeff2,0.36081871345029237
69825516c835c41957dfefb9,69825516c835c41957dfefa5,0.36081871345029237
69825516c835c41957dfefb9,69825516c835c41957dfefc0,0.3052631578947368
69825516c835c41957dfefb9,69825516c835c41957dfefb4,0.36081871345029237
69825516c835c41957dfefb9,69825516c835c41957dff006,0.36081871345029237
69825516c835c41957dfefb9,69825516c835c41957dfefa2,0.36081871345029237
69825516c835c41957dfefb9,69825516c835c41957dff007,0.36081871345029237
69825516c835c41957dfefb9,69825516c835c41957dfef9d,0.36081871345029237
69825516c835c41957dfefb9,69825516c835c41957dfefa1,0.36081871345029237
69825516c835c41957dfefb9,69825516c835c41957dfefb1,0.36081871345029237
69825516c835c41957dfbe82,69825516c835c41957dfd32d,0.30952380952380953
69825516c835c41957dfbe82,69825516c835c41957dfdaa8,0.30952380952380953
69825516c835c41957dfbe82,69825516c835c41957dfe812,0.30952380952380953
69825516c835c41957dfbe82,69825516c835c41957dfa4ef,0.30952380952380953
69825516c835c41957dfbe82,69825516c835c41957dfa538,0.30952380952380953
69825516c835c41957dfbe82,69825516c835c41957dfccf1,0.14285714285714285
69825516c835c41957dfbe82,69825516c835c41957dfc0cb,0.30952380952380953
69825517c835c41957e00423,69825517c835c41957e00dc0,0.25
69825517c835c41957e00423,69825516c835c41957dfa7ad,0.25
69825517c835c41957e00423,69825517c835c41957e01922,0.16666666666666666
69825517c835c41957e00423,69825517c835c41957dff40f,0.08333333333333333
69825517c835c41957e00423,69825516c835c41957dfe848,0.08333333333333333
69825517c835c41957e00423,69825517c835c41957dff402,0.08333333333333333
69825517c835c41957e00423,69825517c835c41957dffca5,1.0833333333333333
69825517c835c41957e00423,69825517c835c41957dff6c9,0.16666666666666666
69825517c835c41957e00423,69825516c835c41957dfe7ff,0.08333333333333333
69825517c835c41957e00423,69825517c835c41957e01819,0.25
69825517c835c41957e00423,69825517c835c41957e00eba,0.08333333333333333
69825517c835c41957e00423,69825516c835c41957dfbf53,0.08333333333333333
69825517c835c41957e00423,69825516c835c41957dfd2dc,0.08333333333333333
69825516c835c41957dfe47a,69825516c835c41957dfe5c5,1.0
69825517c835c41957e0140c,69825516c835c41957dfa5a4,0.5
69825517c835c41957e0140c,69825516c835c41957dfeefa,1.0
69825517c835c41957e0140c,69825516c835c41957dfb9af,0.5
69825517c835c41957dffe08,69825516c835c41957dfe01c,0.1111111111111111
69825517c835c41957dffe08,69825516c835c41957dfcc8e,0.1111111111111111
69825517c835c41957dffe08,69825516c835c41957dff286,0.1111111111111111
69825517c835c41957dffe08,69825517c835c41957e00b24,0.6111111111111112
69825517c835c41957dffe08,69825516c835c41957dfc990,0.1111111111111111
69825517c835c41957dffe08,69825516c835c41957dfb784,0.1111111111111111
69825517c835c41957dffe08,69825516c835c41957dfd71c,0.1111111111111111
69825517c835c41957dffe08,69825517c835c41957e006bf,0.1111111111111111
69825516c835c41957dfb809,69825516c835c41957dfb870,2.0
69825516c835c41957dfb950,69825517c835c41957dff893,0.3333333333333333
69825516c835c41957dfb950,69825516c835c41957dfb819,0.3333333333333333
69825517c835c41957dff6a3,69825516c835c41957dfb645,1.0833333333333333
69825517c835c41957dff6a3,69825517c835c41957dff968,1.0833333333333333
69825517c835c41957dff6a3,69825516c835c41957dfe728,0.75
69825517c835c41957dff6a3,69825517c835c41957dff96e,1.0833333333333333
69825517c835c41957dffd63,69825517c835c41957dffd58,0.07407407407407407
69825517c835c41957dffd63,69825517c835c41957dffd3d,0.07407407407407407
69825517c835c41957dffd63,69825517c835c41957dffd59,0.07407407407407407
69825517c835c41957dffd63,69825517c835c41957dffd5a,0.07407407407407407
69825517c835c41957dffd63,69825517c835c41957dffd3e,0.07407407407407407
69825517c835c41957dffd63,69825517c835c41957e01276,0.037037037037037035
69825517c835c41957dffd63,69825517c835c41957dffd3c,0.07407407407407407
69825517c835c41957dffd63,69825517c835c41957dffd5c,0.07407407407407407
69825517c835c41957dffd63,69825517c835c41957dffd62,0.07407407407407407
69825517c835c41957dffd63,69825517c835c41957dffd39,0.07407407407407407
69825517c835c41957dffd63,69825517c835c41957dffd64,0.07407407407407407
69825517c835c41957dffd63,69825517c835c41957dffd36,0.07407407407407407
69825517c835c41957dffd63,69825517c835c41957dffd3b,0.07407407407407407
69825517c835c41957dffd63,69825517c835c41957dffd60,0.07407407407407407
69825517c835c41957dffd63,69825517c835c41957dffd4f,0.07407407407407407
69825517c835c41957dffd63,69825517c835c41957e012a7,0.037037037037037035
69825517c835c41957dffd63,69825517c835c41957dffd50,0.07407407407407407
69825517c835c41957dffd63,69825517c835c41957dffd47,0.07407407407407407
69825517c835c41957dffd63,69825517c835c41957dffd3f,0.07407407407407407
69825517c835c41957dffd63,69825517c835c41957dffd53,0.07407407407407407
69825517c835c41957dffd63,69825517c835c41957dffd45,0.07407407407407407
69825517c835c41957dffd63,69825517c835c41957e0174c,1.0
69825516c835c41957dfe191,69825516c835c41957dfc47e,1.0
69825516c835c41957dfb9d2,69825517c835c41957e01058,1.0
69825517c835c41957e01276,69825517c835c41957dffd58,0.037037037037037035
69825517c835c41957e01276,69825517c835c41957dffd3d,0.037037037037037035
69825517c835c41957e01276,69825517c835c41957dffd59,0.037037037037037035
69825517c835c41957e01276,69825517c835c41957dffd5a,0.037037037037037035
69825517c835c41957e01276,69825517c835c41957dffd3e,0.037037037037037035
69825517c835c41957e01276,69825517c835c41957dffd3c,0.037037037037037035
69825517c835c41957e01276,69825517c835c41957dffd5c,0.037037037037037035
69825517c835c41957e01276,69825517c835c41957dffd62,0.037037037037037035
69825517c835c41957e01276,69825517c835c41957dffd39,0.037037037037037035
69825517c835c41957e01276,69825517c835c41957dffd64,0.037037037037037035
69825517c835c41957e01276,69825517c835c41957dffd36,0.037037037037037035
69825517c835c41957e01276,69825517c835c41957dffd3b,0.037037037037037035
69825517c835c41957e01276,69825517c835c41957dffd60,0.037037037037037035
69825517c835c41957e01276,69825517c835c41957dffd4f,0.037037037037037035
69825517c835c41957e01276,69825517c835c41957dffd50,0.037037037037037035
69825517c835c41957e01276,69825517c835c41957dffd47,0.037037037037037035
69825517c835c41957e01276,69825517c835c41957dffd3f,0.037037037037037035
69825517c835c41957e01276,69825517c835c41957dffd53,0.037037037037037035
69825517c835c41957e01276,69825517c835c41957dffd45,0.037037037037037035
69825516c835c41957dfdedf,69825516c835c41957dfdfe9,1.0
69825517c835c41957dffd4e,69825516c835c41957dfe204,1.0
69825517c835c41957dffd4e,69825517c835c41957dffd52,0.14358974358974358
69825517c835c41957dffd4e,69825517c835c41957dffd4a,0.14358974358974358
69825517c835c41957dffd4e,69825516c835c41957dfb521,0.06666666666666667
69825517c835c41957dffd4e,69825517c835c41957dffd3a,0.14358974358974358
69825517c835c41957dffd4e,69825517c835c41957dffd40,0.14358974358974358
69825517c835c41957dffd4e,69825517c835c41957dffd48,0.14358974358974358
69825517c835c41957dffd4e,69825517c835c41957dffd5f,0.14358974358974358
69825517c835c41957dffd4e,69825516c835c41957dfe63b,0.06666666666666667
69825517c835c41957dffd4e,69825517c835c41957dffd57,0.14358974358974358
69825517c835c41957dffd4e,69825517c835c41957dffd55,0.14358974358974358
69825517c835c41957dffd4e,69825517c835c41957dffd41,0.14358974358974358
69825517c835c41957dffd4e,69825517c835c41957dffd4c,0.14358974358974358
69825516c835c41957dfef99,69825516c835c41957dfe200,0.3333333333333333
69825516c835c41957dfef99,69825516c835c41957dfe1ed,0.3333333333333333
69825516c835c41957dfef99,69825516c835c41957dfe220,0.3333333333333333
69825517c835c41957dff471,69825516c835c41957dfd2f1,1.5
69825517c835c41957dff471,69825517c835c41957e00d2b,1.0
69825517c835c41957dff471,69825516c835c41957dfc522,1.0
69825517c835c41957dff471,69825516c835c41957dfcc9d,0.5
69825516c835c41957dfe5c7,69825516c835c41957dfca6c,0.25
69825516c835c41957dfe5c7,69825516c835c41957dfca6d,0.25
69825516c835c41957dfe5c7,69825516c835c41957dfef9f,0.25
69825516c835c41957dfe5c7,69825517c835c41957e012aa,0.25
69825516c835c41957dfdc35,69825516c835c41957dfd2df,0.08333333333333333
69825516c835c41957dfdc35,69825517c835c41957dff910,0.08333333333333333
69825516c835c41957dfdc35,69825516c835c41957dfccb0,0.08333333333333333
69825516c835c41957dfdc35,69825516c835c41957dfd307,0.08333333333333333
69825516c835c41957dfdc35,69825516c835c41957dfef51,3.083333333333333
69825516c835c41957dfdc35,69825516c835c41957dfed89,0.08333333333333333
69825516c835c41957dfdc35,69825516c835c41957dfc98b,0.08333333333333333
69825516c835c41957dfdc35,69825516c835c41957dfe7ff,0.3333333333333333
69825516c835c41957dfdc35,69825517c835c41957dff465,0.08333333333333333
69825516c835c41957dfdc35,69825517c835c41957e00bfa,2.0
69825516c835c41957dfdc35,69825516c835c41957dff145,0.08333333333333333
69825516c835c41957dfdc35,69825516c835c41957dfd2dc,0.3333333333333333
69825516c835c41957dff055,69825516c835c41957dff0dc,0.02631578947368421
69825516c835c41957dff055,69825516c835c41957dff05c,0.02631578947368421
69825516c835c41957dff055,69825516c835c41957dff0b1,0.02631578947368421
69825516c835c41957dff055,69825516c835c41957dff0ba,0.02631578947368421
69825516c835c41957dff055,69825516c835c41957dff05e,0.02631578947368421
69825516c835c41957dff055,69825516c835c41957dff069,0.02631578947368421
69825516c835c41957dff055,69825516c835c41957dff063,0.02631578947368421
69825516c835c41957dff055,69825516c835c41957dff06c,0.02631578947368421
69825516c835c41957dff055,69825516c835c41957dff070,1.0263157894736843
69825516c835c41957dff055,69825516c835c41957dff090,0.02631578947368421
69825516c835c41957dff055,69825516c835c41957dff0cd,0.02631578947368421
69825516c835c41957dff055,69825516c835c41957dff0d0,0.02631578947368421
69825516c835c41957dff055,69825516c835c41957dff0cf,0.02631578947368421
69825516c835c41957dff055,69825516c835c41957dff0d6,0.02631578947368421
69825516c835c41957dff055,69825516c835c41957dff0b3,0.02631578947368421
69825516c835c41957dff055,69825516c835c41957dff0c8,0.02631578947368421
69825516c835c41957dff055,69825516c835c41957dff05f,0.02631578947368421
69825516c835c41957dff055,69825516c835c41957dff071,0.02631578947368421
69825516c835c41957dff055,69825516c835c41957dff0de,0.02631578947368421
69825516c835c41957dff055,69825516c835c41957dff091,0.02631578947368421
69825516c835c41957dff055,69825516c835c41957dff080,0.02631578947368421
69825516c835c41957dff055,69825516c835c41957dff064,0.02631578947368421
69825516c835c41957dff055,69825516c835c41957dff0b2,0.02631578947368421
69825516c835c41957dff055,69825516c835c41957dff09e,0.02631578947368421
69825516c835c41957dff055,69825516c835c41957dff072,0.02631578947368421
69825516c835c41957dff055,69825516c835c41957dff09d,0.02631578947368421
69825516c835c41957dff055,69825516c835c41957dff0db,0.02631578947368421
69825516c835c41957dff055,69825516c835c41957dff086,0.02631578947368421
69825516c835c41957dff055,69825516c835c41957dff077,0.02631578947368421
69825516c835c41957dff055,69825516c835c41957dff0a2,0.02631578947368421
69825516c835c41957dff055,69825516c835c41957dff0d3,0.02631578947368421
69825516c835c41957dff055,69825516c835c41957dff08f,0.02631578947368421
69825516c835c41957dff055,69825516c835c41957dff06f,0.02631578947368421
69825516c835c41957dff055,69825516c835c41957dff0d9,0.02631578947368421
69825516c835c41957dff055,69825516c835c41957dff0d1,0.02631578947368421
69825516c835c41957dfa3bc,69825516c835c41957dfedaf,0.3333333333333333
69825516c835c41957dfa3bc,69825516c835c41957dfb23d,1.3333333333333333
69825516c835c41957dfa3bc,69825516c835c41957dfeff3,0.3333333333333333
69825517c835c41957e01630,69825517c835c41957e015e2,0.30952380952380953
69825517c835c41957e01630,69825517c835c41957e01678,0.14285714285714285
69825517c835c41957e01630,69825517c835c41957e01600,0.30952380952380953
69825517c835c41957e01630,69825517c835c41957e015db,0.30952380952380953
69825517c835c41957e01630,69825517c835c41957e0165c,0.30952380952380953
69825517c835c41957e01630,69825517c835c41957e0163c,0.30952380952380953
69825517c835c41957e01630,69825517c835c41957e0158a,0.30952380952380953
69825517c835c41957e007be,69825516c835c41957dfbda6,0.25
69825517c835c41957e007be,69825517c835c41957e007bf,0.25
69825517c835c41957e007be,69825516c835c41957dfc575,0.14285714285714285
69825517c835c41957e007be,69825516c835c41957dfc5ac,0.14285714285714285
69825517c835c41957e007be,69825516c835c41957dfa78c,0.14285714285714285
69825517c835c41957e007be,69825516c835c41957dfbd71,0.6428571428571428
69825517c835c41957e007be,69825516c835c41957dfbd7d,0.6428571428571428
69825517c835c41957e007be,69825516c835c41957dfba0c,0.39285714285714285
69825517c835c41957e007be,69825517c835c41957e001f4,0.25
69825517c835c41957e01809,69825516c835c41957dfc357,1.0
69825517c835c41957e01809,69825517c835c41957dffdfb,0.5
69825517c835c41957e01809,69825517c835c41957e01a28,0.5
69825517c835c41957dffd36,69825517c835c41957dffd58,0.07407407407407407
69825517c835c41957dffd36,69825517c835c41957dffd3d,0.07407407407407407
69825517c835c41957dffd36,69825517c835c41957dffd59,0.07407407407407407
69825517c835c41957dffd36,69825517c835c41957dffd5a,0.07407407407407407
69825517c835c41957dffd36,69825517c835c41957dffd3e,0.07407407407407407
69825517c835c41957dffd36,69825517c835c41957dffd3c,0.07407407407407407
69825517c835c41957dffd36,69825517c835c41957dffd5c,0.07407407407407407
69825517c835c41957dffd36,69825517c835c41957dffd62,0.07407407407407407
69825517c835c41957dffd36,69825517c835c41957dffd39,0.07407407407407407
69825517c835c41957dffd36,69825517c835c41957dffd64,0.07407407407407407
69825517c835c41957dffd36,69825517c835c41957dffd3b,0.07407407407407407
69825517c835c41957dffd36,69825517c835c41957dffd60,0.07407407407407407
69825517c835c41957dffd36,69825517c835c41957dffd4f,0.07407407407407407
69825517c835c41957dffd36,69825517c835c41957e012a7,0.037037037037037035
69825517c835c41957dffd36,69825517c835c41957dffd50,0.07407407407407407
69825517c835c41957dffd36,69825517c835c41957dffd47,0.07407407407407407
69825517c835c41957dffd36,69825517c835c41957dffd3f,0.07407407407407407
69825517c835c41957dffd36,69825517c835c41957dffd53,0.07407407407407407
69825517c835c41957dffd36,69825517c835c41957dffd45,0.07407407407407407
69825517c835c41957dffd3b,69825517c835c41957dffd58,0.07407407407407407
69825517c835c41957dffd3b,69825517c835c41957dffd3d,0.07407407407407407
69825517c835c41957dffd3b,69825517c835c41957dffd59,0.07407407407407407
69825517c835c41957dffd3b,69825517c835c41957dffd5a,0.07407407407407407
69825517c835c41957dffd3b,69825517c835c41957dffd3e,0.07407407407407407
69825517c835c41957dffd3b,69825517c835c41957dffd3c,0.07407407407407407
69825517c835c41957dffd3b,69825517c835c41957dffd5c,0.07407407407407407
69825517c835c41957dffd3b,69825517c835c41957dffd62,0.07407407407407407
69825517c835c41957dffd3b,69825517c835c41957dffd39,0.07407407407407407
69825517c835c41957dffd3b,69825517c835c41957dffd64,0.07407407407407407
69825517c835c41957dffd3b,69825517c835c41957dffd60,0.07407407407407407
69825517c835c41957dffd3b,69825517c835c41957dffd4f,0.07407407407407407
69825517c835c41957dffd3b,69825517c835c41957e012a7,0.037037037037037035
69825517c835c41957dffd3b,69825517c835c41957dffd50,0.07407407407407407
69825517c835c41957dffd3b,69825517c835c41957dffd47,0.07407407407407407
69825517c835c41957dffd3b,69825517c835c41957dffd3f,0.07407407407407407
69825517c835c41957dffd3b,69825517c835c41957dffd53,0.07407407407407407
69825517c835c41957dffd3b,69825517c835c41957dffd45,0.07407407407407407
69825516c835c41957dfa168,69825517c835c41957dffb20,0.8666666666666667
69825516c835c41957dfa168,69825516c835c41957dfa813,0.16666666666666666
69825516c835c41957dfa168,69825516c835c41957dfa5a4,1.5833333333333333
69825516c835c41957dfa168,69825517c835c41957e00a2c,1.25
69825516c835c41957dfa168,69825517c835c41957e00d4a,1.0
69825516c835c41957dfa168,69825516c835c41957df9e61,2.5
69825516c835c41957dfa168,69825517c835c41957dff4bf,0.16666666666666666
69825516c835c41957dfa168,69825516c835c41957dfa636,0.16666666666666666
69825516c835c41957dfa168,69825516c835c41957dfd19c,0.5
69825516c835c41957dfa168,69825516c835c41957dfb5b1,0.25
69825516c835c41957dfa168,69825517c835c41957e00f1e,0.16666666666666666
69825516c835c41957dfa168,69825516c835c41957df9f2c,1.0
69825516c835c41957dfa168,69825517c835c41957e00da9,2.5
69825516c835c41957dfa168,69825517c835c41957e00524,0.5
69825516c835c41957dfa168,69825516c835c41957dfa73b,1.0
69825516c835c41957dfa168,69825517c835c41957dff891,0.2
69825516c835c41957dfa168,69825516c835c41957df9c99,0.75
69825516c835c41957dfa168,69825517c835c41957e00ded,1.0
69825516c835c41957dfa168,69825516c835c41957dfa160,0.25
69825516c835c41957dfa168,69825516c835c41957dfb94b,0.3333333333333333
69825516c835c41957dfa168,69825516c835c41957dfb9af,1.5833333333333333
69825516c835c41957dfa168,69825516c835c41957dfa8a4,0.5
69825516c835c41957dfa168,69825517c835c41957dffb7c,0.3333333333333333
69825516c835c41957dfa168,69825516c835c41957dfb7e1,0.5333333333333333
69825516c835c41957dfa168,69825516c835c41957dfeefa,0.3333333333333333
69825516c835c41957dfa168,69825517c835c41957e00bf9,1.0
69825516c835c41957dfa168,69825517c835c41957e0189b,0.16666666666666666
69825516c835c41957dfa679,69825516c835c41957dfa3d9,1.0
69825516c835c41957dfb3a6,69825516c835c41957dfaaf2,1.5
69825516c835c41957dfb3a6,69825516c835c41957dfedac,0.5
69825516c835c41957dfa82c,69825516c835c41957dfbfed,1.25
69825516c835c41957dfa82c,69825517c835c41957dffc5c,0.25
69825516c835c41957dfa82c,69825516c835c41957dfdd91,0.25
69825516c835c41957dfa82c,69825516c835c41957dfee01,0.25
69825516c835c41957dfa160,69825516c835c41957dfe20d,0.07142857142857142
69825516c835c41957dfa160,69825516c835c41957dfa5a4,0.20833333333333331
69825516c835c41957dfa160,69825517c835c41957e00a2c,4.5436507936507935
69825516c835c41957dfa160,69825517c835c41957e00d4a,0.5
69825516c835c41957dfa160,69825516c835c41957dfd8b5,0.08333333333333333
69825516c835c41957dfa160,69825516c835c41957dfa636,1.5
69825516c835c41957dfa160,69825516c835c41957dfb915,1.0
69825516c835c41957dfa160,69825516c835c41957dfc107,0.1111111111111111
69825516c835c41957dfa160,69825516c835c41957dfd19c,0.3333333333333333
69825516c835c41957dfa160,69825516c835c41957dfb5b1,0.6111111111111112
69825516c835c41957dfa160,69825516c835c41957dfe2af,0.1111111111111111
69825516c835c41957dfa160,69825516c835c41957dfd3f8,0.375
69825516c835c41957dfa160,69825516c835c41957dfefc1,0.07142857142857142
69825516c835c41957dfa160,69825516c835c41957dfe795,0.6686507936507937
69825516c835c41957dfa160,69825517c835c41957e01001,0.16666666666666666
69825516c835c41957dfa160,69825516c835c41957dfe793,0.25
69825516c835c41957dfa160,69825516c835c41957dff00a,0.07142857142857142
69825516c835c41957dfa160,69825516c835c41957dfabe1,0.07142857142857142
69825516c835c41957dfa160,69825516c835c41957dfefed,0.07142857142857142
69825516c835c41957dfa160,69825516c835c41957dfb940,1.1666666666666667
69825516c835c41957dfa160,69825516c835c41957dff009,0.07142857142857142
69825516c835c41957dfa160,69825516c835c41957dfa593,0.5
69825516c835c41957dfa160,69825516c835c41957df9c99,1.8075396825396823
69825516c835c41957dfa160,69825516c835c41957df9e8b,0.16666666666666666
69825516c835c41957dfa160,69825517c835c41957e00ded,0.3333333333333333
69825516c835c41957dfa160,69825516c835c41957dfee4b,0.25
69825516c835c41957dfa160,69825516c835c41957dfd8e7,0.20833333333333331
69825516c835c41957dfa160,69825517c835c41957e00654,0.1111111111111111
69825516c835c41957dfa160,69825517c835c41957dff799,0.1111111111111111
69825516c835c41957dfa160,69825516c835c41957dfef50,0.16666666666666666
69825516c835c41957dfa160,69825517c835c41957e01139,0.41865079365079366
69825516c835c41957dfa160,69825516c835c41957dfb9af,0.20833333333333331
69825516c835c41957dfa160,69825516c835c41957dfa8a4,0.20833333333333331
69825516c835c41957dfa160,69825516c835c41957df9e60,1.0
69825516c835c41957dfa160,69825516c835c41957dfd3ed,0.07142857142857142
69825516c835c41957dfa160,69825516c835c41957dfd086,0.4583333333333333
69825516c835c41957dfa160,69825516c835c41957dfed83,0.48611111111111105
69825516c835c41957dfa160,69825517c835c41957e00bfc,0.1111111111111111
69825516c835c41957dfa160,69825516c835c41957dfa122,0.5
69825516c835c41957dfa160,69825516c835c41957dfab5b,0.3333333333333333
69825516c835c41957dfa160,69825516c835c41957dfd2d5,1.0
69825516c835c41957dfa160,69825516c835c41957dfa1c2,0.5
69825516c835c41957dfbe9c,69825517c835c41957e009fc,0.5
69825516c835c41957dfbe9c,69825516c835c41957dfc2e0,0.5
69825517c835c41957dffa72,69825517c835c41957e00930,1.0
69825516c835c41957dfc349,69825516c835c41957dfc34e,0.3333333333333333
69825516c835c41957dfd2eb,69825516c835c41957dfc1e4,1.0
69825516c835c41957dfd2eb,69825517c835c41957e01142,1.0
69825516c835c41957dfc6f6,69825516c835c41957dfb287,0.5
69825516c835c41957dfc6f6,69825516c835c41957dfd943,0.5
69825516c835c41957dfe200,69825516c835c41957dff009,0.25
69825516c835c41957dfe200,69825516c835c41957dfe1ed,1.5833333333333333
69825516c835c41957dfe200,69825516c835c41957dfefc1,0.25
69825516c835c41957dfe200,69825516c835c41957dfe220,0.3333333333333333
69825516c835c41957dfe200,69825516c835c41957dff00a,0.25
69825516c835c41957dfc836,69825516c835c41957dfb5bf,0.14285714285714285
69825516c835c41957dfc836,69825517c835c41957e003a7,0.14285714285714285
69825516c835c41957dfc836,69825516c835c41957dfd243,1.1428571428571428
69825516c835c41957dfc836,69825516c835c41957dfc843,0.14285714285714285
69825516c835c41957dfc836,69825516c835c41957dfc810,0.14285714285714285
69825516c835c41957dfc836,69825516c835c41957dfc802,0.14285714285714285
69825516c835c41957dfcefc,69825516c835c41957dfe492,1.0
69825517c835c41957e0169a,69825517c835c41957e016aa,0.1
69825517c835c41957e0169a,69825517c835c41957e015c0,0.1
69825517c835c41957e0169a,69825517c835c41957e016d5,0.1
69825517c835c41957e0169a,69825517c835c41957e015da,0.1
69825517c835c41957e0169a,69825516c835c41957dfa7f4,0.1
69825517c835c41957e0169a,69825517c835c41957e01600,0.1
69825517c835c41957e0169a,69825517c835c41957e01690,0.1
69825517c835c41957e0169a,69825517c835c41957e01622,0.1
69825516c835c41957dfe685,69825516c835c41957dff151,2.0
69825516c835c41957dfe685,69825516c835c41957dfd961,1.0
69825517c835c41957e00bfc,69825516c835c41957dfd157,0.16666666666666666
69825517c835c41957e00bfc,69825516c835c41957dfa0ad,1.4777777777777779
69825517c835c41957e00bfc,69825517c835c41957e00a2c,0.1111111111111111
69825517c835c41957e00bfc,69825517c835c41957e010db,1.6666666666666665
69825517c835c41957e00bfc,69825517c835c41957e00d4a,2.5
69825517c835c41957e00bfc,69825516c835c41957dfa904,0.1111111111111111
69825517c835c41957e00bfc,69825516c835c41957dfc990,0.16666666666666666
69825517c835c41957e00bfc,69825516c835c41957dfbdfe,0.25
69825517c835c41957e00bfc,69825516c835c41957dfc107,0.1111111111111111
69825517c835c41957e00bfc,69825516c835c41957dfb2c3,0.25
69825517c835c41957e00bfc,69825516c835c41957dfb917,0.5111111111111111
69825517c835c41957e00bfc,69825516c835c41957dfb5b1,0.6111111111111112
69825517c835c41957e00bfc,69825517c835c41957e00ecc,0.125
69825517c835c41957e00bfc,69825516c835c41957dfe795,0.1111111111111111
69825517c835c41957e00bfc,69825516c835c41957dfe66d,0.2
69825517c835c41957e00bfc,69825517c835c41957dffbd6,0.125
69825517c835c41957e00bfc,69825516c835c41957dfaa86,1.0
69825517c835c41957e00bfc,69825516c835c41957dfd24f,0.16666666666666666
69825517c835c41957e00bfc,69825516c835c41957dfda86,0.5
69825517c835c41957e00bfc,69825516c835c41957dfb96a,0.125
69825517c835c41957e00bfc,69825516c835c41957dfa333,0.2777777777777778
69825517c835c41957e00bfc,69825517c835c41957e01a9e,1.1777777777777776
69825517c835c41957e00bfc,69825516c835c41957dfdc39,0.16666666666666666
69825517c835c41957e00bfc,69825517c835c41957e00654,1.6111111111111112
69825517c835c41957e00bfc,69825517c835c41957e00d55,0.9166666666666665
69825517c835c41957e00bfc,69825517c835c41957dff799,1.1111111111111112
69825517c835c41957e00bfc,69825516c835c41957dfef50,1.8333333333333333
69825517c835c41957e00bfc,69825517c835c41957e01139,0.1111111111111111
69825517c835c41957e00bfc,69825517c835c41957e00d08,0.125
69825517c835c41957e00bfc,69825516c835c41957dfb137,0.25
69825517c835c41957e00bfc,69825516c835c41957dfb7aa,0.16666666666666666
69825517c835c41957e00bfc,69825516c835c41957dfd051,0.25
69825517c835c41957e00bfc,69825516c835c41957dff286,0.16666666666666666
69825517c835c41957e00bfc,69825516c835c41957dfe7c0,0.125
69825517c835c41957e00bfc,69825517c835c41957e00f6c,0.125
69825517c835c41957e00bfc,69825516c835c41957dfba14,0.25
69825517c835c41957e00bfc,69825516c835c41957dfeefa,0.2777777777777778
69825517c835c41957e00bfc,69825516c835c41957df9e4a,0.8444444444444443
69825516c835c41957dfc30c,69825516c835c41957dfc334,0.25
69825516c835c41957dfc30c,69825516c835c41957dfc354,0.25
69825516c835c41957dfc30c,69825516c835c41957dfc356,0.25
69825516c835c41957dfc30c,69825516c835c41957dfc352,0.25
69825516c835c41957dfe40c,69825516c835c41957dfe3f8,0.07142857142857142
69825516c835c41957dfe40c,69825516c835c41957dfe3da,0.07142857142857142
69825516c835c41957dfe40c,69825516c835c41957dfe406,0.07142857142857142
69825516c835c41957dfe40c,69825516c835c41957dfe3f3,0.07142857142857142
69825516c835c41957dfe40c,69825516c835c41957dfe3d7,0.07142857142857142
69825516c835c41957dfe40c,69825516c835c41957dfe3d6,0.07142857142857142
69825516c835c41957dfe40c,69825516c835c41957dfe420,0.07142857142857142
69825516c835c41957dfe40c,69825516c835c41957dfe417,0.07142857142857142
69825516c835c41957dfe40c,69825516c835c41957dfe3ef,0.07142857142857142
69825516c835c41957dfe40c,69825516c835c41957dfe3d4,0.07142857142857142
69825517c835c41957e011f8,69825517c835c41957dffae9,0.5
69825517c835c41957e011f8,69825516c835c41957dfe3f4,1.0
69825517c835c41957e00c2f,69825516c835c41957dfb954,1.0
69825516c835c41957dfcd42,69825516c835c41957df9f2c,1.0
69825516c835c41957dfa065,69825516c835c41957dfbdcc,0.3333333333333333
69825516c835c41957dfa065,69825516c835c41957dfba0c,0.3333333333333333
69825516c835c41957dfda9b,69825517c835c41957dff96f,0.2361111111111111
69825516c835c41957dfda9b,69825516c835c41957dfd23e,0.2361111111111111
69825516c835c41957dfda9b,69825516c835c41957dfe0e4,0.2361111111111111
69825516c835c41957dfda9b,69825516c835c41957dfd21b,0.2361111111111111
69825516c835c41957dfda9b,69825516c835c41957dfd228,0.2361111111111111
69825516c835c41957dfda9b,69825516c835c41957dfc829,0.1111111111111111
69825516c835c41957dfda9b,69825516c835c41957dfd238,0.2361111111111111
69825516c835c41957dfda9b,69825516c835c41957dfe0e7,0.2361111111111111
69825516c835c41957dfda9b,69825516c835c41957dfd229,0.2361111111111111
69825517c835c41957e00a2c,69825516c835c41957dfa38e,0.16666666666666666
69825517c835c41957e00a2c,69825516c835c41957dfe20d,0.07142857142857142
69825517c835c41957e00a2c,69825516c835c41957dfa5a4,1.575
69825517c835c41957e00a2c,69825517c835c41957e00d4a,1.5
69825517c835c41957e00a2c,69825517c835c41957e00bf1,0.5
69825517c835c41957e00a2c,69825516c835c41957dfd8b5,0.08333333333333333
69825517c835c41957e00a2c,69825516c835c41957df9e61,0.25
69825517c835c41957e00a2c,69825516c835c41957dfba05,0.16666666666666666
69825517c835c41957e00a2c,69825516c835c41957dfa636,0.3666666666666667
69825517c835c41957e00a2c,69825516c835c41957dfc107,0.2777777777777778
69825517c835c41957e00a2c,69825516c835c41957dfb5b1,0.1111111111111111
69825517c835c41957e00a2c,69825516c835c41957dfe2af,0.1111111111111111
69825517c835c41957e00a2c,69825516c835c41957dfefc1,0.07142857142857142
69825517c835c41957e00a2c,69825516c835c41957dfd3f8,0.125
69825517c835c41957e00a2c,69825516c835c41957dfce4e,0.2
69825517c835c41957e00a2c,69825516c835c41957dfe795,0.6686507936507937
69825517c835c41957e00a2c,69825517c835c41957e00da9,0.25
69825517c835c41957e00a2c,69825517c835c41957e01001,0.16666666666666666
69825517c835c41957e00a2c,69825516c835c41957dff00a,0.07142857142857142
69825517c835c41957e00a2c,69825516c835c41957dfabe1,0.07142857142857142
69825517c835c41957e00a2c,69825516c835c41957dfefed,0.07142857142857142
69825517c835c41957e00a2c,69825516c835c41957dff009,0.07142857142857142
69825517c835c41957e00a2c,69825516c835c41957dfb940,0.16666666666666666
69825517c835c41957e00a2c,69825516c835c41957df9c99,1.9742063492063493
69825517c835c41957e00a2c,69825516c835c41957df9e8b,0.16666666666666666
69825517c835c41957e00a2c,69825517c835c41957e00ded,0.25
69825517c835c41957e00a2c,69825516c835c41957dfa738,0.6666666666666666
69825517c835c41957e00a2c,69825516c835c41957dfb968,0.25
69825517c835c41957e00a2c,69825516c835c41957dfd8e7,0.4083333333333333
69825517c835c41957e00a2c,69825517c835c41957e00654,0.1111111111111111
69825517c835c41957e00a2c,69825517c835c41957dff799,0.1111111111111111
69825517c835c41957e00a2c,69825516c835c41957dfef50,0.16666666666666666
69825517c835c41957e00a2c,69825516c835c41957dfb9af,1.575
69825517c835c41957e00a2c,69825517c835c41957e01139,0.41865079365079366
69825517c835c41957e00a2c,69825516c835c41957dfa8a4,0.6583333333333333
69825517c835c41957e00a2c,69825516c835c41957dfd3ed,0.07142857142857142
69825517c835c41957e00a2c,69825516c835c41957dfd086,1.2083333333333333
69825517c835c41957e00a2c,69825516c835c41957dfed83,0.48611111111111105
69825517c835c41957e00a2c,69825516c835c41957dfab5b,0.3333333333333333
69825517c835c41957e00a2c,69825516c835c41957dfd04e,0.2
69825517c835c41957e00cfc,69825517c835c41957e00cff,1.0
69825516c835c41957dfdd60,69825517c835c41957dff86a,1.0666666666666667
69825516c835c41957dfdd60,69825516c835c41957dfdd86,0.06666666666666667
69825516c835c41957dfdd60,69825516c835c41957dfdd1f,0.06666666666666667
69825516c835c41957dfdd60,69825516c835c41957dfee8d,0.06666666666666667
69825516c835c41957dfdd60,69825516c835c41957dfb62b,0.06666666666666667
69825516c835c41957dfdd60,69825516c835c41957dfa5a4,0.06666666666666667
69825516c835c41957dfdd60,69825516c835c41957dfb552,0.06666666666666667
69825516c835c41957dfdd60,69825516c835c41957dfdd8c,0.06666666666666667
69825516c835c41957dfdd60,69825517c835c41957dff91a,0.06666666666666667
69825516c835c41957dfdd60,69825516c835c41957dfa821,0.06666666666666667
69825516c835c41957dfdd60,69825516c835c41957dfb9af,0.06666666666666667
69825516c835c41957dfdd60,69825517c835c41957dff863,0.06666666666666667
69825516c835c41957dfdd60,69825516c835c41957dfdd52,0.06666666666666667
69825516c835c41957dfc736,69825517c835c41957e0180c,1.9999999999999998
69825516c835c41957dfc736,69825516c835c41957dfd32d,1.0
69825516c835c41957dfc736,69825516c835c41957dfdbd8,0.16666666666666666
69825516c835c41957dfc736,69825516c835c41957dfc63c,0.5
69825516c835c41957dfc736,69825516c835c41957dfda71,0.16666666666666666
69825516c835c41957dfe583,69825516c835c41957dfad31,2.0
69825517c835c41957dffd3e,69825517c835c41957dffd58,0.07407407407407407
69825517c835c41957dffd3e,69825517c835c41957dffd3d,0.07407407407407407
69825517c835c41957dffd3e,69825517c835c41957dffd59,0.07407407407407407
69825517c835c41957dffd3e,69825517c835c41957dffd5a,0.07407407407407407
69825517c835c41957dffd3e,69825517c835c41957dffd3c,0.07407407407407407
69825517c835c41957dffd3e,69825517c835c41957dffd5c,0.07407407407407407
69825517c835c41957dffd3e,69825517c835c41957dffd62,0.07407407407407407
69825517c835c41957dffd3e,69825517c835c41957dffd39,0.07407407407407407
69825517c835c41957dffd3e,69825517c835c41957dffd64,0.07407407407407407
69825517c835c41957dffd3e,69825517c835c41957dffd60,0.07407407407407407
69825517c835c41957dffd3e,69825517c835c41957dffd4f,0.07407407407407407
69825517c835c41957dffd3e,69825517c835c41957e012a7,0.037037037037037035
69825517c835c41957dffd3e,69825517c835c41957dffd50,0.07407407407407407
69825517c835c41957dffd3e,69825517c835c41957dffd47,0.07407407407407407
69825517c835c41957dffd3e,69825517c835c41957dffd3f,0.07407407407407407
69825517c835c41957dffd3e,69825517c835c41957dffd53,0.07407407407407407
69825517c835c41957dffd3e,69825517c835c41957dffd45,0.07407407407407407
69825517c835c41957e0065e,69825516c835c41957dfe848,0.25
69825517c835c41957e0065e,69825517c835c41957e00a30,0.25
69825517c835c41957e0065e,69825516c835c41957dfef52,0.75
69825517c835c41957e0065e,69825516c835c41957dfb8ef,0.5
69825517c835c41957e0065e,69825517c835c41957e0047e,0.25
69825516c835c41957df9e9d,69825517c835c41957e00684,1.4
69825516c835c41957df9e9d,69825516c835c41957dfbd65,0.2
69825516c835c41957df9e9d,69825516c835c41957dfbac0,0.5
69825516c835c41957df9e9d,69825517c835c41957dff892,0.8999999999999999
69825516c835c41957df9e9d,69825517c835c41957e00396,0.2
69825516c835c41957df9e9d,69825516c835c41957dfa826,0.5
69825516c835c41957df9e9d,69825517c835c41957e009f9,1.4
69825516c835c41957dfb552,69825517c835c41957dff86a,0.06666666666666667
69825516c835c41957dfb552,69825516c835c41957dfdd86,0.06666666666666667
69825516c835c41957dfb552,69825516c835c41957dfdd1f,0.06666666666666667
69825516c835c41957dfb552,69825516c835c41957dfee8d,0.06666666666666667
69825516c835c41957dfb552,69825516c835c41957dfb62b,0.06666666666666667
69825516c835c41957dfb552,69825516c835c41957dfa5a4,0.06666666666666667
69825516c835c41957dfb552,69825516c835c41957dfdcfe,1.0
69825516c835c41957dfb552,69825516c835c41957dfdd8c,0.06666666666666667
69825516c835c41957dfb552,69825517c835c41957dff91a,0.06666666666666667
69825516c835c41957dfb552,69825516c835c41957dfa821,0.06666666666666667
69825516c835c41957dfb552,69825516c835c41957dfb9af,0.06666666666666667
69825516c835c41957dfb552,69825517c835c41957dff863,0.06666666666666667
69825516c835c41957dfb552,69825516c835c41957dfdd52,0.06666666666666667
69825516c835c41957dfbc30,69825516c835c41957dfe5e5,0.3333333333333333
69825516c835c41957dfbc30,69825516c835c41957dfa749,0.3333333333333333
69825516c835c41957dfa854,69825516c835c41957dfa553,0.25
69825516c835c41957dfa854,69825516c835c41957dfa380,0.25
69825516c835c41957dfa854,69825516c835c41957dfa2f4,0.25
69825516c835c41957dfa854,69825516c835c41957dfa56f,0.25
69825516c835c41957df9dda,69825517c835c41957e00437,1.0
69825516c835c41957dfc4d4,69825516c835c41957dfa4c0,1.0
69825517c835c41957e01819,69825517c835c41957e00dc0,0.75
69825517c835c41957e01819,69825516c835c41957dfa7ad,0.25
69825517c835c41957e01819,69825516c835c41957dfe848,0.08333333333333333
69825517c835c41957e01819,69825517c835c41957dff40f,0.08333333333333333
69825517c835c41957e01819,69825517c835c41957dff402,0.08333333333333333
69825517c835c41957e01819,69825517c835c41957dffca5,0.08333333333333333
69825517c835c41957e01819,69825517c835c41957e00f9f,0.5
69825517c835c41957e01819,69825517c835c41957e01922,0.16666666666666666
69825517c835c41957e01819,69825517c835c41957dff6c9,0.6666666666666666
69825517c835c41957e01819,69825516c835c41957dfe7ff,0.08333333333333333
69825517c835c41957e01819,69825517c835c41957e00eba,1.0833333333333333
69825517c835c41957e01819,69825516c835c41957dfbf53,0.08333333333333333
69825517c835c41957e01819,69825516c835c41957dfd2dc,0.08333333333333333
69825516c835c41957dff1dc,69825516c835c41957dfd174,1.0
69825516c835c41957df9e6e,69825517c835c41957e00da7,0.5
69825516c835c41957df9e6e,69825516c835c41957dfdbc0,0.5
69825516c835c41957dfaaac,69825516c835c41957dfbfda,1.0
69825516c835c41957dfaaac,69825516c835c41957dfba91,0.5
69825516c835c41957dfaaac,69825516c835c41957dfc357,1.0
69825516c835c41957dfaaac,69825516c835c41957dfac01,1.5
69825517c835c41957dffe67,69825516c835c41957dfd6e0,1.0
69825516c835c41957dfe221,69825516c835c41957dfe60c,1.0
69825516c835c41957dfd1a2,69825517c835c41957e00b06,0.5
69825516c835c41957dfd1a2,69825516c835c41957dfd1a1,0.5
69825516c835c41957dfda86,69825517c835c41957e010db,1.5
69825516c835c41957dfda86,69825516c835c41957dfbdfe,0.25
69825516c835c41957dfda86,69825517c835c41957e00d55,0.25
69825516c835c41957dfda86,69825516c835c41957dfef50,1.5
69825516c835c41957dfa851,69825516c835c41957dfa06c,2.0
69825516c835c41957dfc714,69825516c835c41957dfda45,0.5
69825516c835c41957dfc714,69825517c835c41957dffd3d,0.5
69825517c835c41957e00332,69825516c835c41957dfa76e,2.0
69825517c835c41957e00332,69825516c835c41957dfe7d1,0.5
69825517c835c41957e00332,69825516c835c41957dfedf8,0.5
69825517c835c41957e010c8,69825516c835c41957dfd401,1.5
69825517c835c41957e010c8,69825516c835c41957dfbae2,0.05263157894736842
69825517c835c41957e010c8,69825516c835c41957dfe034,0.05263157894736842
69825517c835c41957e010c8,69825516c835c41957dfd0c9,0.05263157894736842
69825517c835c41957e010c8,69825517c835c41957e0061b,0.05263157894736842
69825517c835c41957e010c8,69825516c835c41957dfca1e,0.05263157894736842
69825517c835c41957e010c8,69825516c835c41957dfab42,0.05263157894736842
69825517c835c41957e010c8,69825516c835c41957dfb813,0.05263157894736842
69825517c835c41957e010c8,69825516c835c41957dfda41,0.05263157894736842
69825517c835c41957e010c8,69825516c835c41957dfba04,0.05263157894736842
69825517c835c41957e010c8,69825516c835c41957dfe01a,0.05263157894736842
69825517c835c41957e010c8,69825516c835c41957dfd30a,0.05263157894736842
69825517c835c41957e010c8,69825516c835c41957dfaaa8,0.5
69825517c835c41957e010c8,69825517c835c41957e00c9e,0.05263157894736842
69825517c835c41957e010c8,69825516c835c41957dfd0ca,0.05263157894736842
69825517c835c41957e010c8,69825516c835c41957dfcce8,0.05263157894736842
69825517c835c41957e010c8,69825516c835c41957dfd2f0,0.05263157894736842
69825516c835c41957dfdd0f,69825517c835c41957dff96c,1.0
69825516c835c41957dfdc39,69825516c835c41957dfc4a5,0.3333333333333333
69825516c835c41957dfdc39,69825516c835c41957dfa584,0.3333333333333333
69825516c835c41957dfdc39,69825516c835c41957dfbde1,0.3333333333333333
69825516c835c41957dfdc39,69825516c835c41957dfa904,0.3333333333333333
69825516c835c41957dfdc39,69825516c835c41957dff286,0.16666666666666666
69825516c835c41957dfdc39,69825516c835c41957dfc990,0.16666666666666666
69825516c835c41957dfdc39,69825516c835c41957dfeefa,0.3333333333333333
69825516c835c41957dfdc39,69825517c835c41957e00bf9,1.0
69825516c835c41957dfdc39,69825516c835c41957dfef50,0.16666666666666666
69825516c835c41957dfb20d,69825516c835c41957dfb3c6,0.25396825396825395
69825516c835c41957dfb20d,69825516c835c41957dfb3c3,0.1111111111111111
69825516c835c41957dfb20d,69825516c835c41957dfb344,0.14285714285714285
69825516c835c41957dfb20d,69825516c835c41957dfb1d4,0.25396825396825395
69825516c835c41957dfb20d,69825516c835c41957dfb32c,0.25396825396825395
69825516c835c41957dfb20d,69825516c835c41957dfb193,0.1111111111111111
69825516c835c41957dfb20d,69825516c835c41957dfb2c5,0.1111111111111111
69825516c835c41957dfb20d,69825516c835c41957dfb258,0.14285714285714285
69825516c835c41957dfb20d,69825516c835c41957dfb237,0.14285714285714285
69825516c835c41957dfb20d,69825516c835c41957dfb319,0.1111111111111111
69825516c835c41957dfb20d,69825516c835c41957dfb30e,0.14285714285714285
69825517c835c41957dffbdb,69825516c835c41957dfc4fb,1.0
69825516c835c41957dfa3b3,69825517c835c41957e00c94,0.5
69825516c835c41957dfa3b3,69825517c835c41957e00a1c,1.0
69825516c835c41957dfa3b3,69825516c835c41957dfcdaf,0.5
69825517c835c41957dffd47,69825517c835c41957dffd58,0.07407407407407407
69825517c835c41957dffd47,69825517c835c41957dffd3d,0.07407407407407407
69825517c835c41957dffd47,69825517c835c41957dffd59,0.07407407407407407
69825517c835c41957dffd47,69825517c835c41957dffd5a,0.07407407407407407
69825517c835c41957dffd47,69825517c835c41957dffd3c,0.07407407407407407
69825517c835c41957dffd47,69825517c835c41957dffd5c,0.07407407407407407
69825517c835c41957dffd47,69825517c835c41957dffd62,0.07407407407407407
69825517c835c41957dffd47,69825517c835c41957dffd39,0.07407407407407407
69825517c835c41957dffd47,69825517c835c41957dffd64,0.07407407407407407
69825517c835c41957dffd47,69825517c835c41957dff898,1.0
69825517c835c41957dffd47,69825517c835c41957dffd60,0.07407407407407407
69825517c835c41957dffd47,69825517c835c41957dffd4f,0.07407407407407407
69825517c835c41957dffd47,69825517c835c41957e012a7,0.037037037037037035
69825517c835c41957dffd47,69825517c835c41957dffd50,0.07407407407407407
69825517c835c41957dffd47,69825517c835c41957dffd3f,0.07407407407407407
69825517c835c41957dffd47,69825517c835c41957dffd53,0.07407407407407407
69825517c835c41957dffd47,69825517c835c41957dffd45,0.07407407407407407
69825517c835c41957e01064,69825516c835c41957dfa122,0.5
69825517c835c41957e00f16,69825517c835c41957e011e4,1.0
69825516c835c41957dfa4d0,69825516c835c41957dfb7ac,1.0
69825516c835c41957dfa740,69825516c835c41957dfd7c9,0.5
69825516c835c41957dfa740,69825516c835c41957dfac3e,0.5
69825517c835c41957e017f5,69825516c835c41957dfd9f1,0.0625
69825517c835c41957e017f5,69825517c835c41957dff6fc,0.0625
69825517c835c41957e017f5,69825517c835c41957e00f6b,0.0625
69825517c835c41957e017f5,69825517c835c41957dffbd6,0.0625
69825517c835c41957e017f5,69825516c835c41957dfbca7,0.3333333333333333
69825517c835c41957e017f5,69825516c835c41957dfd046,0.3333333333333333
69825517c835c41957e017f5,69825517c835c41957e01286,0.3958333333333333
69825517c835c41957e017f5,69825517c835c41957e00d08,0.0625
69825517c835c41957e017f5,69825516c835c41957df9e60,0.0625
69825517c835c41957e017f5,69825517c835c41957e00c9a,1.0
69825517c835c41957e017f5,69825516c835c41957dfd3f6,0.0625
69825517c835c41957e017f5,69825516c835c41957dfd197,1.0
69825517c835c41957e017f5,69825517c835c41957e00f6c,0.0625
69825517c835c41957e017f5,69825516c835c41957dfb790,0.0625
69825516c835c41957dff357,69825516c835c41957dfda2b,0.09090909090909091
69825516c835c41957dff357,69825517c835c41957e0119f,3.424242424242424
69825516c835c41957dff357,69825516c835c41957dfa3a9,0.09090909090909091
69825516c835c41957dff357,69825517c835c41957dffca7,3.424242424242424
69825516c835c41957dff357,69825516c835c41957dfca71,0.09090909090909091
69825516c835c41957dff357,69825516c835c41957dfa122,0.09090909090909091
69825516c835c41957dff357,69825516c835c41957dfca72,0.09090909090909091
69825516c835c41957dff357,69825516c835c41957dfca6f,0.09090909090909091
69825516c835c41957dff357,69825516c835c41957dfda3e,0.09090909090909091
69825516c835c41957dfb727,69825516c835c41957dfd8b5,0.5
69825516c835c41957dfb727,69825516c835c41957dfb72b,19.333333333333332
69825516c835c41957dfb727,69825516c835c41957dfd086,0.3333333333333333
69825516c835c41957dfcbd3,69825516c835c41957dfe719,1.4999999999999998
69825516c835c41957dfcbd3,69825516c835c41957dfee1b,1.4999999999999998
69825516c835c41957dfcbd3,69825517c835c41957e004bc,1.5
69825516c835c41957dfcbd3,69825516c835c41957dfa487,2.0
69825516c835c41957dfcbd3,69825517c835c41957e01aa2,0.5
69825516c835c41957dfa765,69825516c835c41957dfa7ba,1.0
69825516c835c41957dfa765,69825516c835c41957dff222,5.0
69825516c835c41957dfd75f,69825517c835c41957e00c25,0.5
69825516c835c41957dfd75f,69825516c835c41957dfd75a,1.5
69825517c835c41957dffbe9,69825517c835c41957dffbfa,0.5
69825517c835c41957dffbe9,69825516c835c41957dff146,1.5
69825516c835c41957dfac61,69825516c835c41957dfdcd8,0.2
69825516c835c41957dfac61,69825516c835c41957dfb088,0.2
69825516c835c41957dfac61,69825516c835c41957dfb4d7,0.7
69825516c835c41957dfac61,69825516c835c41957dfb3f3,0.2
69825516c835c41957dfe66b,69825516c835c41957dfe668,1.0833333333333333
69825516c835c41957dfe66b,69825517c835c41957e0174b,0.3333333333333333
69825516c835c41957dfe66b,69825516c835c41957dfe66a,1.0833333333333333
69825516c835c41957dfe66b,69825516c835c41957dfb8e5,0.25
69825516c835c41957dfe66b,69825517c835c41957e01959,0.25
69825516c835c41957dfd401,69825516c835c41957dfa860,1.0
69825516c835c41957dfd401,69825516c835c41957dfaaa8,0.5
69825516c835c41957dfd401,69825517c835c41957e010f7,1.0
69825516c835c41957dfe31d,69825517c835c41957e0170d,1.0
69825516c835c41957dfb628,69825516c835c41957dfc55b,1.0
69825517c835c41957dff8d4,69825517c835c41957dff8d5,1.0
69825517c835c41957dff8d4,69825517c835c41957dff8d6,1.0
69825517c835c41957e004cd,69825516c835c41957dfb10c,1.8333333333333333
69825517c835c41957e004cd,69825517c835c41957e00ca3,0.8333333333333333
69825517c835c41957e004cd,69825516c835c41957dfa866,0.3333333333333333
69825517c835c41957e01aa2,69825517c835c41957dffc04,3.416666666666667
69825517c835c41957e01aa2,69825517c835c41957e004bc,5.416666666666667
69825517c835c41957e01aa2,69825516c835c41957dfe0e1,3.416666666666667
69825517c835c41957e00c9c,69825516c835c41957dfd3f6,0.5
69825517c835c41957e00c9c,69825517c835c41957e01286,1.0
69825517c835c41957e0150c,69825516c835c41957dfc339,1.0
69825516c835c41957dfe544,69825516c835c41957dfd045,2.0
69825516c835c41957dfe544,69825517c835c41957e018ba,1.0
69825517c835c41957dff6e4,69825517c835c41957dff734,2.0
69825516c835c41957dfa059,69825516c835c41957dfa5a4,0.125
69825516c835c41957dfa059,69825516c835c41957dfa375,0.125
69825516c835c41957dfa059,69825516c835c41957dfa8cf,0.125
69825516c835c41957dfa059,69825517c835c41957e010a7,0.125
69825516c835c41957dfa059,69825516c835c41957dfa813,0.125
69825516c835c41957dfa059,69825516c835c41957dfb9af,0.125
69825517c835c41957dfff4b,69825516c835c41957dfbce3,1.0
69825517c835c41957e0106b,69825516c835c41957dfe6d3,0.2944444444444444
69825517c835c41957e0106b,69825516c835c41957dfe6d4,0.2944444444444444
69825517c835c41957e0106b,69825516c835c41957dfe66f,0.2944444444444444
69825517c835c41957e0106b,69825516c835c41957dfa81b,0.08333333333333333
69825517c835c41957e0106b,69825516c835c41957dfe671,0.2944444444444444
69825517c835c41957e0106b,69825516c835c41957dfe78c,0.2944444444444444
69825517c835c41957e0106b,69825517c835c41957e0106c,0.2944444444444444
69825517c835c41957e0106b,69825516c835c41957dfa4bc,0.1111111111111111
69825517c835c41957e0106b,69825516c835c41957dfe429,0.18333333333333335
69825517c835c41957e001e1,69825517c835c41957dffa50,0.8333333333333333
69825517c835c41957e001e1,69825516c835c41957dfc98b,0.5
69825517c835c41957e001e1,69825516c835c41957dfeef1,0.8333333333333333
69825517c835c41957e001e1,69825516c835c41957dfa2ca,0.5
69825517c835c41957e001e1,69825517c835c41957dff7aa,0.5
69825517c835c41957e019a4,69825517c835c41957e010f4,1.0
69825517c835c41957dffd4a,69825516c835c41957dfad9e,0.3333333333333333
69825517c835c41957dffd4a,69825517c835c41957dffd52,0.14358974358974358
69825517c835c41957dffd4a,69825517c835c41957e0081f,0.3333333333333333
69825517c835c41957dffd4a,69825516c835c41957dfb521,0.06666666666666667
69825517c835c41957dffd4a,69825517c835c41957dffd3a,0.14358974358974358
69825517c835c41957dffd4a,69825517c835c41957dffd40,0.14358974358974358
69825517c835c41957dffd4a,69825517c835c41957dffd48,0.14358974358974358
69825517c835c41957dffd4a,69825517c835c41957dffd5f,0.14358974358974358
69825517c835c41957dffd4a,69825517c835c41957dffb81,0.3333333333333333
69825517c835c41957dffd4a,69825516c835c41957dfe63b,0.06666666666666667
69825517c835c41957dffd4a,69825517c835c41957dffd57,0.14358974358974358
69825517c835c41957dffd4a,69825517c835c41957dffd55,0.14358974358974358
69825517c835c41957dffd4a,69825517c835c41957dffd41,0.14358974358974358
69825517c835c41957dffd4a,69825517c835c41957dffd4c,0.14358974358974358
69825516c835c41957dfb170,69825517c835c41957e002ab,1.0
69825516c835c41957dfe4a6,69825516c835c41957dfe4a4,0.14285714285714285
69825516c835c41957dfe4a6,69825516c835c41957dfe48b,0.14285714285714285
69825516c835c41957dfe4a6,69825516c835c41957dfc5f0,0.14285714285714285
69825516c835c41957dfe4a6,69825516c835c41957dfe47e,0.14285714285714285
69825516c835c41957dfe4a6,69825516c835c41957dfe485,0.14285714285714285
69825516c835c41957dfe4a6,69825516c835c41957dfe49e,0.14285714285714285
69825516c835c41957dfe801,69825516c835c41957dfdc61,0.19642857142857142
69825516c835c41957dfe801,69825516c835c41957dfa8f6,0.07142857142857142
69825516c835c41957dfe801,69825516c835c41957dfa720,0.07142857142857142
69825516c835c41957dfe801,69825517c835c41957e00fc5,0.19642857142857142
69825516c835c41957dfe801,69825517c835c41957e00bf6,0.5297619047619048
69825516c835c41957dfe801,69825517c835c41957dff930,0.5297619047619048
69825516c835c41957dfe801,69825516c835c41957dfd2fd,0.125
69825516c835c41957dfe801,69825516c835c41957dfccad,0.07142857142857142
69825516c835c41957dfe801,69825516c835c41957dfcd80,0.07142857142857142
69825516c835c41957dfe801,69825516c835c41957dfe793,0.19642857142857142
69825516c835c41957dfe801,69825516c835c41957dff27c,0.19642857142857142
69825516c835c41957dfe801,69825516c835c41957dfa73b,0.07142857142857142
69825516c835c41957dfe801,69825516c835c41957dfb8ef,0.125
69825516c835c41957dfc037,69825516c835c41957dfc1b1,0.5
69825516c835c41957dfc037,69825516c835c41957dfa27e,0.5
69825517c835c41957e00d2b,69825516c835c41957dfa965,0.2
69825517c835c41957e00d2b,69825516c835c41957dfe79f,0.2
69825517c835c41957e00d2b,69825517c835c41957e0080a,0.2
69825517c835c41957e00d2b,69825516c835c41957dfc522,1.2
69825516c835c41957dfdced,69825516c835c41957dfee8d,1.0
69825516c835c41957dfdced,69825516c835c41957dfa0d5,0.5
69825516c835c41957dfdced,69825516c835c41957dfa946,0.5
69825516c835c41957dfac01,69825516c835c41957dfc357,0.5
69825516c835c41957dfd04f,69825516c835c41957dfe80b,1.0
69825516c835c41957dfd04f,69825516c835c41957dfd15a,1.0
69825516c835c41957dfe01d,69825516c835c41957df9dfe,0.5
69825516c835c41957dfe01d,69825517c835c41957e01328,0.5
69825516c835c41957dfbd73,69825516c835c41957dfccb0,0.2
69825516c835c41957dfbd73,69825516c835c41957dfa4dd,0.2
69825516c835c41957dfbd73,69825516c835c41957dfe2d0,0.2
69825516c835c41957dfbd73,69825517c835c41957e00540,0.2
69825516c835c41957dfbd73,69825516c835c41957dfdbbc,0.2
69825517c835c41957e00c9a,69825516c835c41957dfd9f1,0.25
69825517c835c41957e00c9a,69825517c835c41957e0133f,0.25396825396825395
69825517c835c41957e00c9a,69825516c835c41957dfd2e7,0.5
69825517c835c41957e00c9a,69825517c835c41957dffbd6,0.1111111111111111
69825517c835c41957e00c9a,69825516c835c41957dfd30c,0.1111111111111111
69825517c835c41957e00c9a,69825517c835c41957e01027,1.0
69825517c835c41957e00c9a,69825516c835c41957dff159,0.25396825396825395
69825517c835c41957e00c9a,69825517c835c41957dff86b,0.25396825396825395
69825517c835c41957e00c9a,69825517c835c41957e01286,0.14285714285714285
69825517c835c41957e00c9a,69825517c835c41957e00d08,0.1111111111111111
69825517c835c41957e00c9a,69825517c835c41957e00c9e,0.25
69825517c835c41957e00c9a,69825516c835c41957dfd3f6,0.503968253968254
69825517c835c41957e00c9a,69825516c835c41957dfd00e,0.25396825396825395
69825517c835c41957e00c9a,69825516c835c41957dfc90b,1.0
69825517c835c41957e00c9a,69825516c835c41957dfd2f3,1.75
69825517c835c41957e00c9a,69825516c835c41957dfd0c8,0.25
69825516c835c41957dfa894,69825516c835c41957dfa1c2,0.3333333333333333
69825516c835c41957dfa894,69825517c835c41957e00541,0.3333333333333333
69825517c835c41957e006c1,69825516c835c41957dfc107,0.25
69825517c835c41957e006c1,69825517c835c41957e00f7b,1.25
69825517c835c41957e006c1,69825516c835c41957dfcc8e,0.25
69825517c835c41957e006c1,69825517c835c41957e00654,0.25
69825516c835c41957dfca6f,69825516c835c41957dfda2b,0.09090909090909091
69825516c835c41957dfca6f,69825517c835c41957e0119f,0.09090909090909091
69825516c835c41957dfca6f,69825516c835c41957dfa3a9,0.09090909090909091
69825516c835c41957dfca6f,69825517c835c41957dffca7,0.09090909090909091
69825516c835c41957dfca6f,69825516c835c41957dfca71,0.5909090909090909
69825516c835c41957dfca6f,69825516c835c41957dfca72,0.5909090909090909
69825516c835c41957dfca6f,69825516c835c41957dfa122,0.09090909090909091
69825516c835c41957dfca6f,69825516c835c41957dfe66d,0.16666666666666666
69825516c835c41957dfca6f,69825516c835c41957dfda3e,0.09090909090909091
69825516c835c41957dfbbae,69825516c835c41957dfbc0b,0.08333333333333333
69825516c835c41957dfbbae,69825516c835c41957dfbbb4,0.08333333333333333
69825516c835c41957dfbbae,69825516c835c41957dfbbd0,0.08333333333333333
69825516c835c41957dfbbae,69825516c835c41957dfbbe5,0.08333333333333333
69825516c835c41957dfbbae,69825516c835c41957dfbbb3,0.08333333333333333
69825516c835c41957dfbbae,69825516c835c41957dfbc1a,0.08333333333333333
69825516c835c41957dfbbae,69825516c835c41957dfbbce,0.08333333333333333
69825516c835c41957dfbbae,69825516c835c41957dfbc18,0.08333333333333333
69825516c835c41957dfbbae,69825516c835c41957dfbbec,0.08333333333333333
69825516c835c41957dfbbae,69825516c835c41957dfbc02,0.08333333333333333
69825517c835c41957e017d0,69825516c835c41957dfe328,1.5
69825517c835c41957e017d0,69825516c835c41957df9df8,0.5
69825516c835c41957dfa4df,69825516c835c41957dfa3fe,0.8333333333333333
69825516c835c41957dfa4df,69825516c835c41957dfa4e0,0.3333333333333333
69825516c835c41957dfa4df,69825516c835c41957dfbe71,0.8333333333333333
69825516c835c41957dfc801,69825516c835c41957dfbfd5,1.0
69825516c835c41957dfc801,69825516c835c41957dfc62e,1.0
69825516c835c41957dfb3a3,69825516c835c41957dfa95f,1.0
69825516c835c41957dfe3dd,69825516c835c41957dfe3f4,2.0
69825517c835c41957e009b6,69825516c835c41957dfaddf,0.9999999999999999
69825517c835c41957e009b6,69825516c835c41957dfa8f6,0.3333333333333333
69825517c835c41957e009b6,69825516c835c41957dfadc8,1.3333333333333333
69825517c835c41957e009b6,69825516c835c41957dfb96a,0.6666666666666666
69825517c835c41957e009b6,69825516c835c41957df9d57,0.3333333333333333
69825517c835c41957e009b6,69825517c835c41957dffb7c,0.5
69825517c835c41957e009b6,69825516c835c41957dfaa6b,1.0
69825517c835c41957e009b6,69825516c835c41957dfa904,0.3333333333333333
69825517c835c41957e009b6,69825517c835c41957e00ded,0.8333333333333333
69825517c835c41957e009b6,69825516c835c41957dfa4d6,0.3333333333333333
69825517c835c41957e009b6,69825516c835c41957dfb968,2.3333333333333335
69825517c835c41957e009b6,69825516c835c41957dfaa86,4.0
69825517c835c41957e009b6,69825516c835c41957dfa0a0,0.3333333333333333
69825516c835c41957dfcaa3,69825517c835c41957e01744,0.3333333333333333
69825516c835c41957dfcaa3,69825517c835c41957e012a3,0.3333333333333333
69825516c835c41957dfcaa3,69825517c835c41957e01740,0.3333333333333333
69825516c835c41957dfcaa3,69825516c835c41957dfa5e0,1.0
69825516c835c41957dfaa5d,69825516c835c41957dfe1b3,0.5
69825516c835c41957dfaa5d,69825516c835c41957dfe21a,0.5
69825516c835c41957dff207,69825516c835c41957dfd213,1.0
69825516c835c41957dfaa39,69825516c835c41957dfbde1,0.5
69825516c835c41957dfaa39,69825516c835c41957dfe788,0.16666666666666666
69825516c835c41957dfaa39,69825517c835c41957e00fc5,0.16666666666666666
69825516c835c41957dfaa39,69825516c835c41957dfccad,0.16666666666666666
69825516c835c41957dfaa39,69825517c835c41957e0088e,0.16666666666666666
69825516c835c41957dfaa39,69825517c835c41957e00bf9,0.16666666666666666
69825516c835c41957dfaa39,69825516c835c41957dfe7dc,0.16666666666666666
69825516c835c41957dfb72e,69825516c835c41957dfb74c,3.0
69825516c835c41957df9f2c,69825516c835c41957dfd889,0.05555555555555555
69825516c835c41957df9f2c,69825516c835c41957dfef54,0.05555555555555555
69825516c835c41957df9f2c,69825517c835c41957e0088e,0.05555555555555555
69825516c835c41957df9f2c,69825516c835c41957dfa352,0.05555555555555555
69825516c835c41957df9f2c,69825516c835c41957dfd70f,0.05555555555555555
69825516c835c41957df9f2c,69825516c835c41957dfc107,0.25
69825516c835c41957df9f2c,69825517c835c41957dff88b,0.05555555555555555
69825516c835c41957df9f2c,69825517c835c41957e00628,0.05555555555555555
69825516c835c41957df9f2c,69825516c835c41957dfbdbd,0.5
69825516c835c41957df9f2c,69825517c835c41957e0042c,0.05555555555555555
69825516c835c41957df9f2c,69825516c835c41957dfa96e,0.05555555555555555
69825516c835c41957df9f2c,69825517c835c41957e00ded,0.25
69825516c835c41957df9f2c,69825516c835c41957dfe123,0.05555555555555555
69825516c835c41957df9f2c,69825517c835c41957e00654,0.25
69825516c835c41957df9f2c,69825516c835c41957dfdfa6,0.05555555555555555
69825516c835c41957df9f2c,69825517c835c41957dff799,0.25
69825516c835c41957df9f2c,69825516c835c41957dfe802,0.05555555555555555
69825516c835c41957df9f2c,69825516c835c41957dfdc15,0.05555555555555555
69825516c835c41957df9f2c,69825517c835c41957dffb7c,0.5
69825516c835c41957df9f2c,69825517c835c41957dffb45,0.05555555555555555
69825516c835c41957dfe788,69825517c835c41957dffb20,0.14285714285714285
69825516c835c41957dfe788,69825516c835c41957dfdb9b,0.16666666666666666
69825516c835c41957dfe788,69825517c835c41957e00fc5,0.16666666666666666
69825516c835c41957dfe788,69825516c835c41957dfdbbc,0.16666666666666666
69825516c835c41957dfe788,69825517c835c41957e01349,0.16666666666666666
69825516c835c41957dfe788,69825517c835c41957e01384,0.16666666666666666
69825516c835c41957dfe788,69825516c835c41957dfd070,0.14285714285714285
69825516c835c41957dfe788,69825516c835c41957dfccad,0.30952380952380953
69825516c835c41957dfe788,69825516c835c41957dfb7b7,0.16666666666666666
69825516c835c41957dfe788,69825517c835c41957e0088e,0.16666666666666666
69825516c835c41957dfe788,69825517c835c41957e00bf9,0.30952380952380953
69825516c835c41957dfe788,69825516c835c41957dfe7dc,0.16666666666666666
69825516c835c41957dfe220,69825516c835c41957dfe1ed,0.3333333333333333
69825516c835c41957dfd233,69825516c835c41957dfd216,2.0
69825516c835c41957dfbaa5,69825516c835c41957dfba9f,0.1111111111111111
69825516c835c41957dfbaa5,69825516c835c41957dfba97,0.1111111111111111
69825516c835c41957dfbaa5,69825516c835c41957dfbaa0,0.1111111111111111
69825516c835c41957dfbaa5,69825516c835c41957dfbaa1,0.1111111111111111
69825516c835c41957dfbaa5,69825516c835c41957dfbaa2,0.1111111111111111
69825516c835c41957dfbaa5,69825516c835c41957dfba98,0.1111111111111111
69825516c835c41957dfbaa5,69825516c835c41957dfba96,0.1111111111111111
69825516c835c41957dfbaa5,69825516c835c41957dfbaa3,0.1111111111111111
69825517c835c41957e012b3,69825517c835c41957e0098b,0.06666666666666667
69825517c835c41957e012b3,69825516c835c41957dfcd49,0.06666666666666667
69825517c835c41957e012b3,69825517c835c41957dff40f,0.06666666666666667
69825517c835c41957e012b3,69825516c835c41957dfe848,0.06666666666666667
69825517c835c41957e012b3,69825517c835c41957e00a30,0.06666666666666667
69825517c835c41957e012b3,69825517c835c41957dffc2f,0.06666666666666667
69825517c835c41957e012b3,69825517c835c41957dffca5,0.06666666666666667
69825517c835c41957e012b3,69825516c835c41957dfd2cf,0.5
69825517c835c41957e012b3,69825516c835c41957dfbde8,0.5
69825517c835c41957e012b3,69825516c835c41957dfd2e1,0.06666666666666667
69825517c835c41957e012b3,69825516c835c41957dfd30e,0.06666666666666667
69825517c835c41957e012b3,69825516c835c41957dfa4eb,1.0666666666666667
69825517c835c41957e012b3,69825516c835c41957dfbf53,0.06666666666666667
69825517c835c41957e012b3,69825516c835c41957dfeef0,0.06666666666666667
69825517c835c41957e012b3,69825516c835c41957dfef59,0.06666666666666667
69825517c835c41957e012b3,69825517c835c41957dffd38,1.0
69825516c835c41957dfc808,69825516c835c41957dfc800,2.0
69825517c835c41957e01216,69825516c835c41957dfd907,0.3333333333333333
69825517c835c41957e01216,69825516c835c41957dfb905,0.5
69825517c835c41957e01216,69825517c835c41957e003a9,0.3333333333333333
69825517c835c41957e01216,69825516c835c41957df9e44,0.5
69825517c835c41957e01216,69825517c835c41957e006dd,0.3333333333333333
69825516c835c41957dfa577,69825516c835c41957dfd9a2,0.47619047619047616
69825516c835c41957dfa577,69825517c835c41957e00662,0.14285714285714285
69825516c835c41957dfa577,69825516c835c41957dff3aa,0.47619047619047616
69825516c835c41957dfa577,69825517c835c41957dffcc1,0.47619047619047616
69825516c835c41957dfa577,69825517c835c41957dffaf5,0.14285714285714285
69825516c835c41957dfa577,69825517c835c41957e00665,0.14285714285714285
69825517c835c41957e006a5,69825516c835c41957dfcad0,0.1
69825517c835c41957e006a5,69825517c835c41957e006a6,1.1
69825517c835c41957e006a5,69825516c835c41957dfb954,0.1
69825517c835c41957e006a5,69825517c835c41957e01229,0.1
69825517c835c41957e006a5,69825516c835c41957dfcace,0.1
69825517c835c41957e006a5,69825516c835c41957dfcacd,0.1
69825517c835c41957e006a5,69825516c835c41957dfcacb,0.1
69825517c835c41957e006a5,69825516c835c41957dfcad1,0.1
69825517c835c41957e006a5,69825516c835c41957dfcacc,0.1
69825516c835c41957dfa738,69825516c835c41957dfa38e,0.16666666666666666
69825516c835c41957dfa738,69825516c835c41957dfa5a4,0.6666666666666666
69825516c835c41957dfa738,69825517c835c41957e00da9,0.5833333333333333
69825516c835c41957dfa738,69825516c835c41957df9e61,0.3333333333333333
69825516c835c41957dfa738,69825517c835c41957e01a78,1.0
69825516c835c41957dfa738,69825516c835c41957dfba05,0.16666666666666666
69825516c835c41957dfa738,69825516c835c41957dfb968,0.25
69825516c835c41957dfa738,69825516c835c41957dfc206,0.3333333333333333
69825516c835c41957dfa738,69825516c835c41957dfc107,0.16666666666666666
69825516c835c41957dfa738,69825516c835c41957dfb9af,0.6666666666666666
69825517c835c41957e0154b,69825517c835c41957e01501,8.5
69825516c835c41957dfe0e8,69825516c835c41957dfc84a,0.25
69825516c835c41957dfe0e8,69825516c835c41957dfda9e,2.75
69825516c835c41957dfe0e8,69825516c835c41957dfc810,0.25
69825516c835c41957dfe0e8,69825517c835c41957e003a7,1.75
69825516c835c41957dfaa2e,69825516c835c41957dfaa76,0.16666666666666666
69825516c835c41957dfaa2e,69825516c835c41957dfaa2f,0.6166666666666667
69825516c835c41957dfaa2e,69825516c835c41957dfaa2b,0.6166666666666667
69825516c835c41957dfaa2e,69825516c835c41957dfaa2c,0.6166666666666667
69825516c835c41957dfaa2e,69825517c835c41957dff930,0.16666666666666666
69825516c835c41957dfaa2e,69825516c835c41957dfcdad,0.2
69825516c835c41957dfaa2e,69825516c835c41957dfaa2d,0.6166666666666667
69825516c835c41957dfd404,69825517c835c41957dff96a,0.09090909090909091
69825516c835c41957dfd404,69825516c835c41957dfe0e9,0.25757575757575757
69825516c835c41957dfd404,69825516c835c41957dfedaa,0.25757575757575757
69825516c835c41957dfd404,69825517c835c41957dff962,0.09090909090909091
69825516c835c41957dfd404,69825517c835c41957dff964,0.09090909090909091
69825516c835c41957dfd404,69825517c835c41957dffc78,0.09090909090909091
69825516c835c41957dfd404,69825516c835c41957dfe0e5,0.25757575757575757
69825516c835c41957dfd404,69825517c835c41957dff963,0.09090909090909091
69825516c835c41957dfd404,69825516c835c41957dfedab,0.25757575757575757
69825516c835c41957dfd404,69825516c835c41957dfd405,3.2575757575757573
69825516c835c41957dfc0f3,69825516c835c41957dfae10,1.0
69825516c835c41957dfe4a8,69825516c835c41957dfe21f,0.5
69825516c835c41957dfe4a8,69825516c835c41957dfe486,0.5
69825516c835c41957dfd23e,69825517c835c41957dff96f,0.2361111111111111
69825516c835c41957dfd23e,69825516c835c41957dfe0e4,0.2361111111111111
69825516c835c41957dfd23e,69825516c835c41957dfd21b,0.2361111111111111
69825516c835c41957dfd23e,69825516c835c41957dfd228,0.2361111111111111
69825516c835c41957dfd23e,69825516c835c41957dfc829,0.1111111111111111
69825516c835c41957dfd23e,69825516c835c41957dfd238,0.2361111111111111
69825516c835c41957dfd23e,69825516c835c41957dfe0e7,0.2361111111111111
69825516c835c41957dfd23e,69825516c835c41957dfd229,0.2361111111111111
69825516c835c41957dff1a5,69825517c835c41957dffe29,1.0
69825517c835c41957e009ca,69825517c835c41957e01aa4,0.5
69825517c835c41957e009ca,69825516c835c41957dfda6c,0.5
69825517c835c41957dff6ad,69825517c835c41957e006c2,0.25
69825517c835c41957dff6ad,69825517c835c41957dff929,0.25
69825517c835c41957dff6ad,69825516c835c41957dfa5f9,0.25
69825517c835c41957dff6ad,69825517c835c41957e0067f,0.25
69825517c835c41957e00c93,69825516c835c41957dfb6a2,1.0
69825517c835c41957e01560,69825516c835c41957dfe657,2.0
69825517c835c41957dff452,69825516c835c41957dfe1f2,1.0
69825516c835c41957dfa749,69825516c835c41957dfe5e5,0.3333333333333333
69825516c835c41957dfa749,69825516c835c41957dfd11f,1.0
69825517c835c41957e00eba,69825517c835c41957e00dc0,0.08333333333333333
69825517c835c41957e00eba,69825516c835c41957dfa7ad,0.20833333333333331
69825517c835c41957e00eba,69825517c835c41957dffca5,0.41666666666666663
69825517c835c41957e00eba,69825517c835c41957dff402,1.0416666666666665
69825517c835c41957e00eba,69825517c835c41957dff40f,0.20833333333333331
69825517c835c41957e00eba,69825516c835c41957dfe848,0.08333333333333333
69825517c835c41957e00eba,69825517c835c41957e00a30,0.125
69825517c835c41957e00eba,69825516c835c41957dfb793,0.125
69825517c835c41957e00eba,69825516c835c41957dfe7ff,0.08333333333333333
69825517c835c41957e00eba,69825516c835c41957dfbf53,0.20833333333333331
69825517c835c41957e00eba,69825516c835c41957dfd2dc,0.08333333333333333
69825516c835c41957dfb797,69825517c835c41957e00dca,1.0
69825516c835c41957dff354,69825517c835c41957e003fd,0.5
69825516c835c41957dff354,69825516c835c41957dfb7a9,2.0
69825516c835c41957dff354,69825516c835c41957dfcf1f,0.5
69825516c835c41957dfcc8b,69825517c835c41957e01820,0.5
69825516c835c41957dfcc8b,69825517c835c41957e00927,0.16666666666666666
69825516c835c41957dfcc8b,69825516c835c41957dfbb50,0.5
69825516c835c41957dfcc8b,69825516c835c41957dfb6da,0.3333333333333333
69825516c835c41957dfcc8b,69825517c835c41957e0173a,0.16666666666666666
69825516c835c41957dfcc8b,69825517c835c41957e016fd,0.16666666666666666
69825516c835c41957dff05c,69825516c835c41957dff0dc,0.02631578947368421
69825516c835c41957dff05c,69825516c835c41957dff0b1,0.02631578947368421
69825516c835c41957dff05c,69825516c835c41957dff0ba,0.02631578947368421
69825516c835c41957dff05c,69825516c835c41957dff05e,0.02631578947368421
69825516c835c41957dff05c,69825516c835c41957dff069,0.02631578947368421
69825516c835c41957dff05c,69825516c835c41957dff063,0.02631578947368421
69825516c835c41957dff05c,69825516c835c41957dff06c,0.02631578947368421
69825516c835c41957dff05c,69825516c835c41957dff070,0.02631578947368421
69825516c835c41957dff05c,69825516c835c41957dff090,0.02631578947368421
69825516c835c41957dff05c,69825516c835c41957dff0cd,0.02631578947368421
69825516c835c41957dff05c,69825516c835c41957dff0d0,0.02631578947368421
69825516c835c41957dff05c,69825516c835c41957dff0cf,0.02631578947368421
69825516c835c41957dff05c,69825516c835c41957dff0d6,0.02631578947368421
69825516c835c41957dff05c,69825516c835c41957dff0b3,0.02631578947368421
69825516c835c41957dff05c,69825516c835c41957dff0c8,0.02631578947368421
69825516c835c41957dff05c,69825516c835c41957dff05f,0.02631578947368421
69825516c835c41957dff05c,69825516c835c41957dff071,0.02631578947368421
69825516c835c41957dff05c,69825516c835c41957dff0de,0.02631578947368421
69825516c835c41957dff05c,69825516c835c41957dff091,0.02631578947368421
69825516c835c41957dff05c,69825516c835c41957dff080,0.02631578947368421
69825516c835c41957dff05c,69825516c835c41957dff064,0.02631578947368421
69825516c835c41957dff05c,69825516c835c41957dff0b2,0.02631578947368421
69825516c835c41957dff05c,69825516c835c41957dff09e,0.02631578947368421
69825516c835c41957dff05c,69825516c835c41957dff072,0.02631578947368421
69825516c835c41957dff05c,69825516c835c41957dff09d,0.02631578947368421
69825516c835c41957dff05c,69825516c835c41957dff0db,0.02631578947368421
69825516c835c41957dff05c,69825516c835c41957dff086,0.02631578947368421
69825516c835c41957dff05c,69825516c835c41957dff077,0.02631578947368421
69825516c835c41957dff05c,69825516c835c41957dff0a2,0.02631578947368421
69825516c835c41957dff05c,69825516c835c41957dff0d3,0.02631578947368421
69825516c835c41957dff05c,69825516c835c41957dff08f,0.02631578947368421
69825516c835c41957dff05c,69825516c835c41957dff06f,0.02631578947368421
69825516c835c41957dff05c,69825516c835c41957dff0d9,0.02631578947368421
69825516c835c41957dff05c,69825516c835c41957dff0d1,0.02631578947368421
69825516c835c41957dfee49,69825516c835c41957dfb96a,0.3333333333333333
69825516c835c41957dfee49,69825516c835c41957dfa4b2,1.0
69825516c835c41957dfee49,69825517c835c41957e00fc7,2.333333333333333
69825517c835c41957e00481,69825516c835c41957dfb969,0.5833333333333333
69825517c835c41957e00481,69825516c835c41957dfd00c,0.5833333333333333
69825517c835c41957e00481,69825517c835c41957dffb53,0.25
69825517c835c41957e00481,69825517c835c41957e00204,0.25
69825517c835c41957dffbf7,69825517c835c41957dffbfe,3.0
69825517c835c41957dffbf7,69825517c835c41957dffbee,2.0
69825516c835c41957dfa720,69825516c835c41957dfdc61,0.27142857142857146
69825516c835c41957dfa720,69825516c835c41957dfa8f6,0.07142857142857142
69825516c835c41957dfa720,69825516c835c41957dfd0a4,0.2
69825516c835c41957dfa720,69825517c835c41957e00bf6,0.07142857142857142
69825516c835c41957dfa720,69825517c835c41957e0196a,1.0
69825516c835c41957dfa720,69825516c835c41957dff27c,0.07142857142857142
69825516c835c41957dfa720,69825517c835c41957dff930,0.07142857142857142
69825516c835c41957dfa720,69825516c835c41957dfa3c2,0.3333333333333333
69825516c835c41957dfa720,69825516c835c41957dfa73b,0.9380952380952381
69825516c835c41957dfa720,69825516c835c41957dfcd80,0.07142857142857142
69825516c835c41957dfa720,69825516c835c41957dfccad,0.07142857142857142
69825516c835c41957dfa720,69825517c835c41957e00fc5,1.938095238095238
69825516c835c41957dfa720,69825516c835c41957dfe793,1.2714285714285714
69825516c835c41957dfeffc,69825516c835c41957dff004,0.36081871345029237
69825516c835c41957dfeffc,69825516c835c41957dfef9e,0.30818713450292395
69825516c835c41957dfeffc,69825516c835c41957dff008,0.36081871345029237
69825516c835c41957dfeffc,69825516c835c41957dfefa4,0.36081871345029237
69825516c835c41957dfeffc,69825516c835c41957dfef9f,0.3052631578947368
69825516c835c41957dfeffc,69825516c835c41957dfefb5,0.30818713450292395
69825516c835c41957dfeffc,69825516c835c41957dfeff2,0.36081871345029237
69825516c835c41957dfeffc,69825516c835c41957dfefa5,0.36081871345029237
69825516c835c41957dfeffc,69825516c835c41957dfefc0,0.3052631578947368
69825516c835c41957dfeffc,69825516c835c41957dfefb4,0.36081871345029237
69825516c835c41957dfeffc,69825516c835c41957dff006,0.36081871345029237
69825516c835c41957dfeffc,69825516c835c41957dfefa2,0.36081871345029237
69825516c835c41957dfeffc,69825516c835c41957dff007,0.36081871345029237
69825516c835c41957dfeffc,69825516c835c41957dfef9d,0.36081871345029237
69825516c835c41957dfeffc,69825516c835c41957dfefa1,0.36081871345029237
69825516c835c41957dfeffc,69825517c835c41957e01534,1.0
69825516c835c41957dfeffc,69825516c835c41957dfefb1,0.36081871345029237
69825516c835c41957dfba0d,69825516c835c41957dfcd36,1.0
69825516c835c41957dfd9f1,69825517c835c41957e00d08,0.0625
69825516c835c41957dfd9f1,69825517c835c41957e00f6b,0.0625
69825516c835c41957dfd9f1,69825516c835c41957df9e60,0.0625
69825516c835c41957dfd9f1,69825516c835c41957dfd3f6,0.6458333333333333
69825516c835c41957dfd9f1,69825517c835c41957e00f6c,0.0625
69825516c835c41957dfd9f1,69825516c835c41957dfb790,0.3125
69825516c835c41957dfd9f1,69825517c835c41957e01286,0.0625
69825516c835c41957dfd9f1,69825517c835c41957dff6fc,0.3958333333333333
69825516c835c41957dfd9f1,69825517c835c41957dffbd6,0.0625
69825516c835c41957dfd2e1,69825517c835c41957e0098b,0.06666666666666667
69825516c835c41957dfd2e1,69825516c835c41957dfcd49,0.06666666666666667
69825516c835c41957dfd2e1,69825517c835c41957dff40f,0.06666666666666667
69825516c835c41957dfd2e1,69825516c835c41957dfe848,0.06666666666666667
69825516c835c41957dfd2e1,69825517c835c41957e00a30,0.06666666666666667
69825516c835c41957dfd2e1,69825517c835c41957dffc2f,0.06666666666666667
69825516c835c41957dfd2e1,69825517c835c41957dffca5,0.06666666666666667
69825516c835c41957dfd2e1,69825516c835c41957dfd30e,0.39999999999999997
69825516c835c41957dfd2e1,69825516c835c41957dfa4eb,0.06666666666666667
69825516c835c41957dfd2e1,69825516c835c41957dfbf53,0.06666666666666667
69825516c835c41957dfd2e1,69825516c835c41957dfef59,0.39999999999999997
69825516c835c41957dfd2e1,69825516c835c41957dfeef0,0.39999999999999997
69825517c835c41957dffb38,69825516c835c41957dfe48d,0.5
69825517c835c41957dffb38,69825516c835c41957dfe1c8,1.5
69825516c835c41957dfa074,69825517c835c41957e00bf0,1.0
69825517c835c41957e002c4,69825516c835c41957dfc53a,1.0
69825517c835c41957e002c4,69825516c835c41957dff151,0.5
69825517c835c41957e002c4,69825516c835c41957dfc0ab,0.5
69825517c835c41957e002c4,69825517c835c41957e0079b,0.5
69825517c835c41957dff8d6,69825517c835c41957dff8d5,1.0
69825516c835c41957dfeef0,69825517c835c41957e0098b,0.06666666666666667
69825516c835c41957dfeef0,69825516c835c41957dfcd49,0.06666666666666667
69825516c835c41957dfeef0,69825517c835c41957dff40f,0.06666666666666667
69825516c835c41957dfeef0,69825516c835c41957dfe848,0.06666666666666667
69825516c835c41957dfeef0,69825517c835c41957e00a30,0.06666666666666667
69825516c835c41957dfeef0,69825517c835c41957dffc2f,0.06666666666666667
69825516c835c41957dfeef0,69825516c835c41957dfd30e,0.39999999999999997
69825516c835c41957dfeef0,69825516c835c41957dfa4eb,0.06666666666666667
69825516c835c41957dfeef0,69825516c835c41957dfbf53,0.06666666666666667
69825516c835c41957dfeef0,69825516c835c41957dfef59,0.39999999999999997
69825516c835c41957dfeef0,69825517c835c41957dffca5,0.06666666666666667
69825516c835c41957dfc841,69825516c835c41957dfc842,2.0
69825516c835c41957dfee4a,69825517c835c41957e007e3,0.3333333333333333
69825516c835c41957dfee4a,69825516c835c41957dfd2e3,0.3333333333333333
69825516c835c41957dfee4a,69825516c835c41957dfa53b,0.3333333333333333
69825517c835c41957dff830,69825517c835c41957e0077a,0.3333333333333333
69825517c835c41957dff830,69825516c835c41957dfdce4,1.3333333333333333
69825517c835c41957dff830,69825516c835c41957dfef6d,0.3333333333333333
69825517c835c41957e01204,69825517c835c41957e00f2d,2.0
69825516c835c41957dfa4eb,69825516c835c41957dfe473,1.0
69825516c835c41957dfa4eb,69825517c835c41957dff976,0.3333333333333333
69825516c835c41957dfa4eb,69825517c835c41957dffc2f,0.06666666666666667
69825516c835c41957dfa4eb,69825516c835c41957dfbf53,0.06666666666666667
69825516c835c41957dfa4eb,69825517c835c41957dffca5,0.06666666666666667
69825516c835c41957dfa4eb,69825516c835c41957dfcd49,0.06666666666666667
69825516c835c41957dfa4eb,69825517c835c41957dff40f,0.06666666666666667
69825516c835c41957dfa4eb,69825517c835c41957e00a30,0.39999999999999997
69825516c835c41957dfa4eb,69825516c835c41957dfef59,0.06666666666666667
69825516c835c41957dfa4eb,69825517c835c41957e0098b,0.06666666666666667
69825516c835c41957dfa4eb,69825516c835c41957dfe848,0.06666666666666667
69825516c835c41957dfa4eb,69825516c835c41957dfd30e,0.06666666666666667
69825516c835c41957dfa4eb,69825516c835c41957dfeefa,0.3333333333333333
69825516c835c41957dfa4eb,69825517c835c41957dff6b0,1.0
69825516c835c41957dfc810,69825516c835c41957dfb5bf,0.39285714285714285
69825516c835c41957dfc810,69825516c835c41957dfe4b3,0.25
69825516c835c41957dfc810,69825517c835c41957e003a7,0.6428571428571428
69825516c835c41957dfc810,69825516c835c41957dfd217,0.25
69825516c835c41957dfc810,69825516c835c41957dfc84a,0.5833333333333333
69825516c835c41957dfc810,69825516c835c41957dfc843,0.47619047619047616
69825516c835c41957dfc810,69825516c835c41957dfd243,0.47619047619047616
69825516c835c41957dfc810,69825516c835c41957dfc812,0.5
69825516c835c41957dfc810,69825516c835c41957dfda9e,0.25
69825516c835c41957dfc810,69825516c835c41957dfc802,1.1428571428571428
69825516c835c41957dfefa2,69825516c835c41957dff004,0.36081871345029237
69825516c835c41957dfefa2,69825516c835c41957dfef9e,0.30818713450292395
69825516c835c41957dfefa2,69825516c835c41957dff008,0.36081871345029237
69825516c835c41957dfefa2,69825516c835c41957dfefa4,0.36081871345029237
69825516c835c41957dfefa2,69825516c835c41957dfef9f,0.3052631578947368
69825516c835c41957dfefa2,69825516c835c41957dfefb5,0.30818713450292395
69825516c835c41957dfefa2,69825516c835c41957dfeff2,0.36081871345029237
69825516c835c41957dfefa2,69825516c835c41957dfefa5,0.36081871345029237
69825516c835c41957dfefa2,69825516c835c41957dfefc0,0.3052631578947368
69825516c835c41957dfefa2,69825516c835c41957dfefb4,0.36081871345029237
69825516c835c41957dfefa2,69825516c835c41957dff006,0.36081871345029237
69825516c835c41957dfefa2,69825516c835c41957dff007,0.36081871345029237
69825516c835c41957dfefa2,69825516c835c41957dfef9d,0.36081871345029237
69825516c835c41957dfefa2,69825516c835c41957dfefa1,0.36081871345029237
69825516c835c41957dfefa2,69825516c835c41957dfefb1,0.36081871345029237
69825516c835c41957dfa96e,69825516c835c41957dfdc15,0.05555555555555555
69825516c835c41957dfa96e,69825516c835c41957dfd889,0.05555555555555555
69825516c835c41957dfa96e,69825516c835c41957dfe123,0.05555555555555555
69825516c835c41957dfa96e,69825517c835c41957dff88b,0.3055555555555556
69825516c835c41957dfa96e,69825517c835c41957dffb45,0.05555555555555555
69825516c835c41957dfa96e,69825517c835c41957e00628,0.6388888888888888
69825516c835c41957dfa96e,69825516c835c41957dfef54,0.05555555555555555
69825516c835c41957dfa96e,69825517c835c41957e0088e,0.05555555555555555
69825516c835c41957dfa96e,69825516c835c41957dfdfa6,0.05555555555555555
69825516c835c41957dfa96e,69825516c835c41957dfa352,0.05555555555555555
69825516c835c41957dfa96e,69825516c835c41957dfd70f,0.05555555555555555
69825516c835c41957dfa96e,69825516c835c41957dfe802,0.05555555555555555
69825516c835c41957dfa96e,69825517c835c41957e0042c,0.05555555555555555
69825516c835c41957dfb5b5,69825516c835c41957dfa95f,0.5
69825516c835c41957dfceed,69825516c835c41957dfee20,0.5
69825516c835c41957dfceed,69825516c835c41957dfcf23,0.5
69825516c835c41957dfdd44,69825516c835c41957dfdd09,2.5
69825516c835c41957dfdd44,69825517c835c41957e00cf8,0.5
69825516c835c41957dfc206,69825517c835c41957e00da9,0.3333333333333333
69825516c835c41957dfc206,69825516c835c41957df9e61,0.3333333333333333
69825516c835c41957dfc206,69825516c835c41957dfc234,0.5
69825516c835c41957dfc206,69825516c835c41957dfc238,0.5
69825516c835c41957dfe204,69825516c835c41957dfba9f,0.1
69825516c835c41957dfe204,69825516c835c41957dfe226,0.1
69825516c835c41957dfe204,69825516c835c41957dfe1dc,0.1
69825516c835c41957dfe204,69825516c835c41957dfe206,0.1
69825516c835c41957dfe204,69825516c835c41957dfe1f4,0.1
69825516c835c41957dfe204,69825517c835c41957dff6be,0.1
69825516c835c41957dfa2ae,69825516c835c41957dfb94b,2.333333333333333
69825516c835c41957dfa2ae,69825516c835c41957dfaaf6,2.333333333333333
69825516c835c41957dfa2ae,69825516c835c41957dfab16,1.3333333333333333
69825516c835c41957dfcf23,69825516c835c41957dfccef,1.0
69825516c835c41957dfba97,69825516c835c41957dfba9f,0.1111111111111111
69825516c835c41957dfba97,69825516c835c41957dfbaa0,0.1111111111111111
69825516c835c41957dfba97,69825516c835c41957dfbaa1,0.1111111111111111
69825516c835c41957dfba97,69825516c835c41957dfbaa2,0.1111111111111111
69825516c835c41957dfba97,69825516c835c41957dfba98,0.1111111111111111
69825516c835c41957dfba97,69825516c835c41957dfba96,0.1111111111111111
69825516c835c41957dfba97,69825516c835c41957dfbaa3,0.1111111111111111
69825516c835c41957dfed83,69825516c835c41957dfa5a4,0.08333333333333333
69825516c835c41957dfed83,69825516c835c41957dfe5e5,0.25
69825516c835c41957dfed83,69825516c835c41957dfd8b5,0.08333333333333333
69825516c835c41957dfed83,69825516c835c41957dfa636,0.16666666666666666
69825516c835c41957dfed83,69825517c835c41957e00648,0.6166666666666667
69825516c835c41957dfed83,69825516c835c41957dfe2af,0.1111111111111111
69825516c835c41957dfed83,69825517c835c41957e010f4,0.41666666666666663
69825516c835c41957dfed83,69825516c835c41957dfe795,3.7694444444444453
69825516c835c41957dfed83,69825516c835c41957dfb966,0.25
69825516c835c41957dfed83,69825517c835c41957e019f9,0.75
69825516c835c41957dfed83,69825516c835c41957df9c99,2.2694444444444444
69825516c835c41957dfed83,69825516c835c41957df9e8b,0.16666666666666666
69825516c835c41957dfed83,69825517c835c41957e00ded,0.5
69825516c835c41957dfed83,69825516c835c41957dfd8e7,0.08333333333333333
69825516c835c41957dfed83,69825516c835c41957dfc519,1.2
69825516c835c41957dfed83,69825516c835c41957dfef50,0.25
69825516c835c41957dfed83,69825517c835c41957e01139,0.2361111111111111
69825516c835c41957dfed83,69825516c835c41957dfb9af,0.08333333333333333
69825516c835c41957dfed83,69825516c835c41957dfa8a4,0.08333333333333333
69825516c835c41957dfed83,69825516c835c41957dfd086,0.20833333333333331
69825516c835c41957dfe3e5,69825516c835c41957dfe3d0,0.125
69825516c835c41957dfe3e5,69825516c835c41957dfe3fc,0.125
69825516c835c41957dfe3e5,69825516c835c41957dfe3cc,0.125
69825516c835c41957dfe3e5,69825516c835c41957dfe3df,0.125
69825516c835c41957dfe3e5,69825516c835c41957dfe404,0.125
69825516c835c41957dfe3e5,69825516c835c41957dfe3ff,0.125
69825516c835c41957dfe3e5,69825516c835c41957dfe3f6,0.125
69825516c835c41957dfe3e5,69825516c835c41957dfe3db,0.125
69825516c835c41957dfe3e5,69825516c835c41957dfe424,0.125
69825516c835c41957dfe3e5,69825516c835c41957dfe416,0.125
69825516c835c41957dfe3e5,69825516c835c41957dfe405,0.125
69825516c835c41957dfe3e5,69825516c835c41957dfe3f9,0.125
69825517c835c41957dffae9,69825517c835c41957dffc99,1.0
69825517c835c41957dffae9,69825516c835c41957dfe1dc,0.3333333333333333
69825516c835c41957dfac91,69825516c835c41957dfb11e,1.5
69825516c835c41957dfac91,69825516c835c41957dfb2aa,1.5
69825516c835c41957dfaaf9,69825516c835c41957dfac05,5.0
69825516c835c41957dff100,69825517c835c41957e00e20,1.0
69825516c835c41957dfa2cf,69825517c835c41957dffb5f,2.25
69825516c835c41957dfa2cf,69825516c835c41957dff01f,0.25
69825516c835c41957dfa2cf,69825516c835c41957dfc131,0.25
69825516c835c41957dfa2cf,69825516c835c41957dfd0bb,0.5
69825516c835c41957dfa2cf,69825516c835c41957dfa56f,0.25
69825516c835c41957dfa2cf,69825516c835c41957dfa559,0.5
69825516c835c41957dfa548,69825516c835c41957dfbc9f,0.5
69825516c835c41957dfa3f8,69825516c835c41957dfa465,1.1666666666666665
69825516c835c41957dfa3f8,69825516c835c41957dfa4ba,2.083333333333333
69825516c835c41957dfa3f8,69825516c835c41957dfe208,0.5
69825516c835c41957dfa3f8,69825516c835c41957dfa4bc,0.75
69825516c835c41957dfa3f8,69825516c835c41957dfa42e,1.0
69825516c835c41957dfa3f8,69825516c835c41957dfa522,1.0
69825516c835c41957dfa3f8,69825516c835c41957dfa466,1.25
69825516c835c41957dfa3f8,69825516c835c41957df9f79,0.16666666666666666
69825516c835c41957dfa3f8,69825516c835c41957dfa47c,0.3333333333333333
69825516c835c41957dfa3f8,69825516c835c41957dfcd0a,0.16666666666666666
69825516c835c41957dfa3f8,69825516c835c41957dfa429,1.0
69825516c835c41957dfa3f8,69825516c835c41957dfc993,2.0
69825516c835c41957dfa3f8,69825516c835c41957dfa511,0.25
69825516c835c41957dfa3f8,69825516c835c41957dfa3f7,1.5
69825516c835c41957dfa3f8,69825516c835c41957dfa42d,1.5
69825516c835c41957dfa3f8,69825516c835c41957dfe224,0.5
69825517c835c41957e00621,69825516c835c41957dfc9f2,0.3333333333333333
69825517c835c41957e00621,69825517c835c41957e016c3,0.3333333333333333
69825517c835c41957e00621,69825516c835c41957dfa826,0.3333333333333333
69825516c835c41957dfe406,69825516c835c41957dfa4e8,1.0
69825516c835c41957dfe406,69825516c835c41957dfe3f8,0.07142857142857142
69825516c835c41957dfe406,69825516c835c41957dfe3da,0.07142857142857142
69825516c835c41957dfe406,69825516c835c41957dfe3f3,0.07142857142857142
69825516c835c41957dfe406,69825516c835c41957dfe3d7,0.07142857142857142
69825516c835c41957dfe406,69825516c835c41957dfe3d6,0.07142857142857142
69825516c835c41957dfe406,69825516c835c41957dfe417,0.07142857142857142
69825516c835c41957dfe406,69825516c835c41957dfe420,0.07142857142857142
69825516c835c41957dfe406,69825516c835c41957dfe3ef,0.07142857142857142
69825516c835c41957dfe406,69825516c835c41957dfe3d4,0.07142857142857142
69825516c835c41957dfc107,69825516c835c41957dfa38e,0.16666666666666666
69825516c835c41957dfc107,69825516c835c41957dfa40b,0.1
69825516c835c41957dfc107,69825516c835c41957dfa5a4,0.16666666666666666
69825516c835c41957dfc107,69825516c835c41957dfd2db,0.1
69825516c835c41957dfc107,69825516c835c41957dfbd65,0.1
69825516c835c41957dfc107,69825517c835c41957e00f42,0.7428571428571429
69825516c835c41957dfc107,69825517c835c41957dff8a2,0.1
69825516c835c41957dfc107,69825516c835c41957dfef54,0.24285714285714285
69825516c835c41957dfc107,69825516c835c41957dfba05,0.16666666666666666
69825516c835c41957dfc107,69825516c835c41957dfd19c,0.24285714285714285
69825516c835c41957dfc107,69825516c835c41957dfd8dc,0.24285714285714285
69825516c835c41957dfc107,69825516c835c41957dfb5b1,0.1111111111111111
69825516c835c41957dfc107,69825516c835c41957dfaa2f,0.1
69825516c835c41957dfc107,69825516c835c41957dfe795,1.1111111111111112
69825516c835c41957dfc107,69825517c835c41957e00524,0.24285714285714285
69825516c835c41957dfc107,69825516c835c41957df9e1d,0.7428571428571429
69825516c835c41957dfc107,69825516c835c41957dfa81f,0.24285714285714285
69825516c835c41957dfc107,69825516c835c41957dfe7d1,0.1
69825516c835c41957dfc107,69825517c835c41957dff891,0.1
69825516c835c41957dfc107,69825517c835c41957e00ded,0.25
69825516c835c41957dfc107,69825517c835c41957e00654,0.6111111111111112
69825516c835c41957dfc107,69825517c835c41957e00f7b,0.25
69825516c835c41957dfc107,69825517c835c41957dff799,0.3611111111111111
69825516c835c41957dfc107,69825517c835c41957e00d55,0.1
69825516c835c41957dfc107,69825516c835c41957dfdb50,0.1
69825516c835c41957dfc107,69825516c835c41957dfb9af,0.16666666666666666
69825516c835c41957dfc107,69825517c835c41957e01139,0.1111111111111111
69825516c835c41957dfc107,69825516c835c41957dfcc8e,0.25
69825516c835c41957dfc107,69825516c835c41957dfd069,0.1
69825517c835c41957dffd38,69825516c835c41957dfb471,1.0
69825517c835c41957e0079b,69825516c835c41957dff009,1.0
69825516c835c41957dfefbb,69825516c835c41957dfeffa,0.5
69825516c835c41957dfefbb,69825516c835c41957dfefeb,0.5
69825516c835c41957dfefbb,69825516c835c41957dfefaf,0.5
69825516c835c41957dfc211,69825516c835c41957dfc91e,0.25
69825516c835c41957dfc211,69825516c835c41957dfd0c7,0.25
69825516c835c41957dfc211,69825517c835c41957e00c9b,0.25
69825517c835c41957e0165c,69825517c835c41957e015e2,0.30952380952380953
69825517c835c41957e0165c,69825517c835c41957e01678,0.14285714285714285
69825517c835c41957e0165c,69825517c835c41957e0160d,0.5
69825517c835c41957e0165c,69825517c835c41957e01600,0.30952380952380953
69825517c835c41957e0165c,69825517c835c41957e015db,0.8095238095238095
69825517c835c41957e0165c,69825517c835c41957e015cf,1.0
69825517c835c41957e0165c,69825517c835c41957e0163c,0.30952380952380953
69825517c835c41957e0165c,69825517c835c41957e0158a,0.30952380952380953
69825517c835c41957dffe01,69825516c835c41957dfd7f7,2.25
69825517c835c41957dffe01,69825517c835c41957e01a28,0.3333333333333333
69825517c835c41957dffe01,69825516c835c41957dfe0a1,0.25
69825517c835c41957dffe01,69825517c835c41957dffdfb,0.8333333333333333
69825517c835c41957dffe01,69825517c835c41957e005ec,0.25
69825517c835c41957dffe01,69825517c835c41957e01198,3.083333333333333
69825516c835c41957dfaa54,69825516c835c41957dfba03,1.0
69825516c835c41957dfbcb4,69825516c835c41957dfbc63,1.0
69825516c835c41957dfbfd4,69825516c835c41957dfbfe5,1.0
69825517c835c41957e009a7,69825517c835c41957e00dff,1.0
69825516c835c41957dfac32,69825516c835c41957dfb5b9,1.0
69825516c835c41957dfac32,69825516c835c41957dfac22,1.0
69825516c835c41957dfa8f6,69825516c835c41957dfdc61,0.07142857142857142
69825516c835c41957dfa8f6,69825516c835c41957dfa904,2.8333333333333335
69825516c835c41957dfa8f6,69825517c835c41957e00fc5,0.5714285714285714
69825516c835c41957dfa8f6,69825517c835c41957e00bf6,0.07142857142857142
69825516c835c41957dfa8f6,69825517c835c41957dff930,0.07142857142857142
69825516c835c41957dfa8f6,69825517c835c41957e017c7,1.0
69825516c835c41957dfa8f6,69825516c835c41957dfccad,0.07142857142857142
69825516c835c41957dfa8f6,69825516c835c41957dfcd80,0.07142857142857142
69825516c835c41957dfa8f6,69825516c835c41957dff27c,0.07142857142857142
69825516c835c41957dfa8f6,69825516c835c41957dfa73b,0.07142857142857142
69825516c835c41957dfa8f6,69825516c835c41957dfaa86,0.3333333333333333
69825516c835c41957dfa8f6,69825516c835c41957dfe793,0.07142857142857142
69825516c835c41957dfa92c,69825516c835c41957dfefa4,1.0
69825516c835c41957dfa92c,69825516c835c41957dfa27d,0.3333333333333333
69825516c835c41957dfa92c,69825516c835c41957dfe3f5,0.3333333333333333
69825516c835c41957dfa92c,69825516c835c41957dfa343,0.3333333333333333
69825516c835c41957dfc0c5,69825517c835c41957e009d3,1.0
69825516c835c41957dfd228,69825517c835c41957dff96f,0.2361111111111111
69825516c835c41957dfd228,69825516c835c41957dfe0e4,0.2361111111111111
69825516c835c41957dfd228,69825516c835c41957dfd21b,0.2361111111111111
69825516c835c41957dfd228,69825516c835c41957dfc829,0.1111111111111111
69825516c835c41957dfd228,69825516c835c41957dfd238,0.2361111111111111
69825516c835c41957dfd228,69825516c835c41957dfe0e7,0.2361111111111111
69825516c835c41957dfd228,69825516c835c41957dfd229,0.2361111111111111
69825516c835c41957dfdb51,69825516c835c41957dfa0bd,1.0
69825516c835c41957dfc63c,69825517c835c41957e0180c,0.5
69825516c835c41957dfc63c,69825516c835c41957dfdbd8,0.16666666666666666
69825516c835c41957dfc63c,69825516c835c41957dfda71,0.16666666666666666
69825517c835c41957dff700,69825516c835c41957dfde18,0.5833333333333333
69825517c835c41957dff700,69825516c835c41957dfde38,0.5833333333333333
69825517c835c41957dff700,69825517c835c41957dff75a,0.25
69825516c835c41957dfac85,69825516c835c41957dfacac,1.0
69825516c835c41957dfac85,69825516c835c41957dfac96,1.0
69825516c835c41957dfa2c2,69825517c835c41957e00dbb,2.0
69825516c835c41957dfb9f5,69825516c835c41957dfa49d,0.3333333333333333
69825516c835c41957dfb9f5,69825516c835c41957dff355,0.3333333333333333
69825516c835c41957dfb9f5,69825516c835c41957dfed84,0.3333333333333333
69825516c835c41957dfb9f5,69825516c835c41957dfca2b,0.16666666666666666
69825516c835c41957dfb9f5,69825516c835c41957dfa409,0.16666666666666666
69825516c835c41957dfb9f5,69825516c835c41957dfc54d,0.3333333333333333
69825516c835c41957dfb9f5,69825516c835c41957dfd343,0.16666666666666666
69825516c835c41957dfb9f5,69825516c835c41957dfcd9c,0.3333333333333333
69825516c835c41957dfb9f5,69825516c835c41957dfe849,0.16666666666666666
69825516c835c41957dfb9f5,69825516c835c41957dfe793,0.16666666666666666
69825516c835c41957dfb9f5,69825517c835c41957e002a8,0.16666666666666666
69825516c835c41957dfb9f5,69825516c835c41957dfa2f0,0.16666666666666666
69825516c835c41957dfd2e5,69825517c835c41957e00bfb,0.6666666666666666
69825516c835c41957dfd2e5,69825516c835c41957dfd2e6,0.6666666666666666
69825516c835c41957dfd2e5,69825516c835c41957dfdc16,0.6666666666666666
69825516c835c41957dfe728,69825516c835c41957dfb645,0.75
69825516c835c41957dfe728,69825517c835c41957dff968,0.75
69825516c835c41957dfe728,69825517c835c41957dff96e,1.75
69825516c835c41957dfdbd7,69825516c835c41957dff2c0,0.2
69825516c835c41957dfdbd7,69825516c835c41957dfd8f2,0.2
69825516c835c41957dfdbd7,69825516c835c41957dfe019,1.0
69825516c835c41957dfdbd7,69825516c835c41957dfdbbc,0.2
69825516c835c41957dfdbd7,69825516c835c41957dfa2f0,0.2
69825516c835c41957dfdbd7,69825516c835c41957dfd305,0.2
69825516c835c41957dfce77,69825516c835c41957dfb65a,0.3333333333333333
69825516c835c41957dfce77,69825517c835c41957dff77d,4.333333333333334
69825516c835c41957dfb80c,69825516c835c41957dfce9b,1.0
69825517c835c41957e01286,69825517c835c41957dff6fc,0.3958333333333333
69825517c835c41957e01286,69825517c835c41957e00f6b,0.0625
69825517c835c41957e01286,69825516c835c41957dfa98f,0.3333333333333333
69825517c835c41957e01286,69825517c835c41957e0133f,0.14285714285714285
69825517c835c41957e01286,69825517c835c41957dffbd6,0.0625
69825517c835c41957e01286,69825516c835c41957dfd046,0.3333333333333333
69825517c835c41957e01286,69825516c835c41957dff159,0.14285714285714285
69825517c835c41957e01286,69825517c835c41957dff86b,0.6428571428571428
69825517c835c41957e01286,69825517c835c41957e00d08,0.0625
69825517c835c41957e01286,69825516c835c41957df9e60,0.0625
69825517c835c41957e01286,69825516c835c41957dfd3f6,0.20535714285714285
69825517c835c41957e01286,69825516c835c41957dfd00e,1.6428571428571428
69825517c835c41957e01286,69825517c835c41957e00f6c,1.3958333333333333
69825517c835c41957e01286,69825516c835c41957dfb790,0.0625
69825516c835c41957dfe671,69825516c835c41957dfe6d3,0.2944444444444444
69825516c835c41957dfe671,69825516c835c41957dfe6d4,0.2944444444444444
69825516c835c41957dfe671,69825516c835c41957dfe66f,0.2944444444444444
69825516c835c41957dfe671,69825516c835c41957dfa81b,0.08333333333333333
69825516c835c41957dfe671,69825516c835c41957dfe78c,0.2944444444444444
69825516c835c41957dfe671,69825517c835c41957e0106c,0.2944444444444444
69825516c835c41957dfe671,69825516c835c41957dfa4bc,0.1111111111111111
69825516c835c41957dfe671,69825516c835c41957dfe429,0.18333333333333335
69825516c835c41957dfd33c,69825516c835c41957dfd33b,0.6666666666666666
69825516c835c41957dfd33c,69825516c835c41957dfd342,0.6666666666666666
69825516c835c41957dfd33c,69825516c835c41957dfd339,0.6666666666666666
69825516c835c41957dff2ad,69825516c835c41957dfccbf,1.0
69825516c835c41957df9d73,69825516c835c41957dfc985,0.25
69825516c835c41957df9d73,69825517c835c41957e010d2,1.75
69825516c835c41957df9d73,69825517c835c41957e002aa,0.25
69825516c835c41957df9d73,69825517c835c41957e011d2,0.75
69825517c835c41957e015cf,69825517c835c41957e01620,0.06666666666666667
69825517c835c41957e015cf,69825517c835c41957e01662,0.06666666666666667
69825517c835c41957e015cf,69825517c835c41957e015d3,0.06666666666666667
69825517c835c41957e015cf,69825517c835c41957e015e2,0.06666666666666667
69825517c835c41957e015cf,69825517c835c41957e015b0,0.06666666666666667
69825517c835c41957e015cf,69825517c835c41957e0161b,0.06666666666666667
69825517c835c41957e015cf,69825517c835c41957e016b7,0.06666666666666667
69825517c835c41957e015cf,69825517c835c41957e015db,0.06666666666666667
69825517c835c41957e015cf,69825517c835c41957e01644,0.06666666666666667
69825517c835c41957e015cf,69825517c835c41957e0164f,0.06666666666666667
69825517c835c41957e015cf,69825517c835c41957e015a4,0.06666666666666667
69825517c835c41957e015cf,69825517c835c41957e0161f,0.06666666666666667
69825517c835c41957e015cf,69825517c835c41957e01645,0.06666666666666667
69825516c835c41957dfa71e,69825516c835c41957dfa99d,1.0
69825516c835c41957dfd9e3,69825516c835c41957dfa46d,0.3333333333333333
69825516c835c41957dfd9e3,69825516c835c41957dfa28e,1.0
69825516c835c41957dfd9e3,69825516c835c41957dfa418,0.3333333333333333
69825516c835c41957dfba14,69825516c835c41957dfb137,0.25
69825516c835c41957dfba14,69825516c835c41957dfadc7,1.0
69825516c835c41957dfba14,69825516c835c41957dfd051,0.25
69825516c835c41957dfba14,69825516c835c41957dfb2c3,0.25
69825516c835c41957dfa5c1,69825517c835c41957dff85f,3.0
69825517c835c41957e016fd,69825517c835c41957e01820,0.16666666666666666
69825517c835c41957e016fd,69825516c835c41957dfbb50,0.16666666666666666
69825517c835c41957e016fd,69825517c835c41957e0173a,0.16666666666666666
69825517c835c41957e016fd,69825517c835c41957e00927,0.16666666666666666
69825517c835c41957e001f7,69825516c835c41957df9e61,0.5
69825517c835c41957e001f7,69825516c835c41957dfb953,0.3333333333333333
69825517c835c41957e001f7,69825516c835c41957dfc00a,1.8333333333333333
69825516c835c41957dfe44e,69825517c835c41957dff79a,1.0
69825516c835c41957dfc855,69825517c835c41957dffbfa,1.5
69825516c835c41957dfc855,69825516c835c41957dfa0df,0.5
69825516c835c41957dfbfe5,69825516c835c41957dfbfda,1.0
69825516c835c41957dfe3f3,69825516c835c41957dfe3f8,0.07142857142857142
69825516c835c41957dfe3f3,69825516c835c41957dfe3da,0.07142857142857142
69825516c835c41957dfe3f3,69825516c835c41957dfe3d7,0.07142857142857142
69825516c835c41957dfe3f3,69825516c835c41957dfe3d6,0.07142857142857142
69825516c835c41957dfe3f3,69825516c835c41957dfe417,0.07142857142857142
69825516c835c41957dfe3f3,69825516c835c41957dfe420,0.07142857142857142
69825516c835c41957dfe3f3,69825516c835c41957dfe3ef,0.07142857142857142
69825516c835c41957dfe3f3,69825516c835c41957dfe3d4,0.07142857142857142
69825516c835c41957dfc7bc,69825516c835c41957dff3d6,0.3333333333333333
69825516c835c41957dfc7bc,69825517c835c41957dffaf5,0.3333333333333333
69825516c835c41957dfc7bc,69825516c835c41957dfa384,0.3333333333333333
69825517c835c41957dffe05,69825517c835c41957e00d77,0.5
69825517c835c41957dffe05,69825516c835c41957dfd343,0.8333333333333333
69825517c835c41957dffe05,69825517c835c41957dffb7c,0.3333333333333333
69825516c835c41957dfc131,69825517c835c41957dffb5f,0.25
69825516c835c41957dfc131,69825516c835c41957dfa95b,0.2
69825516c835c41957dfc131,69825517c835c41957dffc6f,0.75
69825516c835c41957dfc131,69825516c835c41957dfda3d,0.25
69825516c835c41957dfc131,69825517c835c41957dff90d,0.2
69825516c835c41957dfc131,69825516c835c41957dfd0bb,0.25
69825516c835c41957dfc131,69825516c835c41957dfda3e,0.25
69825516c835c41957dfc131,69825516c835c41957dfd892,0.2
69825516c835c41957dfc131,69825516c835c41957dfa559,0.25
69825516c835c41957dfc118,69825516c835c41957dfc117,0.5
69825516c835c41957dfc118,69825516c835c41957dfc11b,0.5
69825516c835c41957dfba9b,69825517c835c41957dffc6f,1.0
69825516c835c41957dfaa2b,69825516c835c41957dfaa76,0.16666666666666666
69825516c835c41957dfaa2b,69825516c835c41957dfaa2f,0.6166666666666667
69825516c835c41957dfaa2b,69825516c835c41957dfaa2c,0.6166666666666667
69825516c835c41957dfaa2b,69825517c835c41957dff930,0.16666666666666666
69825516c835c41957dfaa2b,69825516c835c41957dfcdad,0.2
69825516c835c41957dfaa2b,69825516c835c41957dfaa2d,0.6166666666666667
69825516c835c41957dfb954,69825516c835c41957dfcad0,0.1
69825516c835c41957dfb954,69825517c835c41957e006a6,0.1
69825516c835c41957dfb954,69825517c835c41957e01229,0.1
69825516c835c41957dfb954,69825516c835c41957dfcace,0.1
69825516c835c41957dfb954,69825516c835c41957dfcacd,0.1
69825516c835c41957dfb954,69825516c835c41957dfcacb,0.1
69825516c835c41957dfb954,69825516c835c41957dfcad1,0.1
69825516c835c41957dfb954,69825516c835c41957dfcacc,0.1
69825517c835c41957e010f4,69825516c835c41957dfca20,1.0
69825517c835c41957e010f4,69825516c835c41957df9c99,0.41666666666666663
69825517c835c41957e010f4,69825516c835c41957dfe795,0.41666666666666663
69825517c835c41957e010f4,69825517c835c41957e00648,0.41666666666666663
69825517c835c41957e0067c,69825516c835c41957dfc063,0.5
69825517c835c41957e0067c,69825516c835c41957dfb983,0.5
69825516c835c41957dfed7c,69825517c835c41957dff799,3.3333333333333335
69825516c835c41957dfed7c,69825516c835c41957dfd174,1.3333333333333333
69825517c835c41957e00a65,69825517c835c41957e00a4d,3.0
69825517c835c41957e00e05,69825516c835c41957dfa054,0.14285714285714285
69825517c835c41957e00e05,69825516c835c41957dfa076,0.14285714285714285
69825517c835c41957e00e05,69825517c835c41957e00e3f,0.14285714285714285
69825517c835c41957e00e05,69825516c835c41957dfa0a2,0.14285714285714285
69825517c835c41957e00e05,69825516c835c41957dfa073,0.14285714285714285
69825517c835c41957e00e05,69825517c835c41957e00f20,0.14285714285714285
69825517c835c41957e00e05,69825516c835c41957dfa08c,0.14285714285714285
69825516c835c41957dfd217,69825516c835c41957dfb5bf,1.5
69825516c835c41957dfd217,69825516c835c41957dfe4b3,0.5
69825516c835c41957dfd217,69825517c835c41957e003a7,0.5
69825516c835c41957dfc354,69825516c835c41957dfc356,0.25
69825516c835c41957dfc354,69825516c835c41957dfc334,0.25
69825516c835c41957dfc354,69825516c835c41957dfc352,0.25
69825516c835c41957dfe78a,69825517c835c41957e019f3,0.6666666666666666
69825516c835c41957dfe78a,69825516c835c41957dfe019,0.3333333333333333
69825516c835c41957dfe78a,69825516c835c41957dff30f,0.3333333333333333
69825516c835c41957dfe78a,69825517c835c41957dffc6d,1.0
69825517c835c41957dff3ee,69825516c835c41957dfa2f0,1.0
69825517c835c41957dff3ee,69825517c835c41957dffef9,1.0
69825516c835c41957dfa384,69825516c835c41957dff3d6,0.3333333333333333
69825516c835c41957dfa384,69825517c835c41957dffaf5,0.3333333333333333
69825516c835c41957dfd7b7,69825516c835c41957dfd797,4.0
69825516c835c41957dfa99d,69825516c835c41957dfb813,0.5
69825516c835c41957dfa99d,69825517c835c41957dff94f,1.0
69825516c835c41957dfa99d,69825517c835c41957e00d1d,2.5
69825516c835c41957dfa0c7,69825516c835c41957dfa09a,2.0
69825516c835c41957dfe21f,69825517c835c41957e01739,0.1111111111111111
69825516c835c41957dfe21f,69825516c835c41957dfe48d,0.1111111111111111
69825516c835c41957dfe21f,69825516c835c41957dfe1f6,0.4444444444444444
69825516c835c41957dfe21f,69825516c835c41957dfe486,0.6111111111111112
69825516c835c41957dfe21f,69825516c835c41957dfe21b,0.4444444444444444
69825516c835c41957dfe21f,69825516c835c41957dfe202,0.4444444444444444
69825517c835c41957dffb80,69825517c835c41957dffb7f,0.3333333333333333
69825517c835c41957dffb80,69825517c835c41957e0081f,0.45
69825517c835c41957dffb80,69825516c835c41957dfe871,0.2
69825517c835c41957dffb80,69825516c835c41957dfb105,0.45
69825517c835c41957dffb80,69825516c835c41957dfb0dc,0.45
69825517c835c41957dffb80,69825517c835c41957dffb81,0.45
69825517c835c41957dffb80,69825516c835c41957dfeee7,0.3333333333333333
69825516c835c41957dfd243,69825516c835c41957dfb5bf,0.14285714285714285
69825516c835c41957dfd243,69825517c835c41957e003a7,0.14285714285714285
69825516c835c41957dfd243,69825516c835c41957dfc84a,0.3333333333333333
69825516c835c41957dfd243,69825516c835c41957dfc843,1.476190476190476
69825516c835c41957dfd243,69825516c835c41957dfc802,0.14285714285714285
69825517c835c41957dff96a,69825516c835c41957dfe0e9,0.09090909090909091
69825517c835c41957dff96a,69825516c835c41957dfedaa,0.4909090909090909
69825517c835c41957dff96a,69825517c835c41957dff962,0.09090909090909091
69825517c835c41957dff96a,69825517c835c41957dff964,0.09090909090909091
69825517c835c41957dff96a,69825517c835c41957dffc78,0.8242424242424242
69825517c835c41957dff96a,69825516c835c41957dfe0e5,0.09090909090909091
69825517c835c41957dff96a,69825517c835c41957dff963,0.8242424242424242
69825517c835c41957dff96a,69825516c835c41957dfedab,0.4909090909090909
69825517c835c41957dff96a,69825516c835c41957dfd405,0.09090909090909091
69825517c835c41957e01aae,69825517c835c41957dff8e0,0.2
69825517c835c41957e01aae,69825516c835c41957dfbbe8,0.2
69825517c835c41957e01aae,69825516c835c41957dfa188,0.2
69825516c835c41957dfaaa8,69825517c835c41957e0067f,1.0
69825516c835c41957dfaaa8,69825517c835c41957e01a80,1.0
69825516c835c41957dfaaa8,69825517c835c41957e00b59,3.0
69825517c835c41957e00c9e,69825516c835c41957dfbae2,0.05263157894736842
69825517c835c41957e00c9e,69825516c835c41957dfe034,0.05263157894736842
69825517c835c41957e00c9e,69825516c835c41957dfd0c9,0.05263157894736842
69825517c835c41957e00c9e,69825517c835c41957e0061b,0.05263157894736842
69825517c835c41957e00c9e,69825516c835c41957dfca1e,0.3026315789473684
69825517c835c41957e00c9e,69825516c835c41957dfab42,0.05263157894736842
69825517c835c41957e00c9e,69825516c835c41957dfb813,0.05263157894736842
69825517c835c41957e00c9e,69825516c835c41957dfda41,0.05263157894736842
69825517c835c41957e00c9e,69825516c835c41957dfba04,0.05263157894736842
69825517c835c41957e00c9e,69825516c835c41957dfe01a,0.3026315789473684
69825517c835c41957e00c9e,69825516c835c41957dfd30a,0.5526315789473684
69825517c835c41957e00c9e,69825516c835c41957dfd0ca,0.05263157894736842
69825517c835c41957e00c9e,69825516c835c41957dfdbe9,0.25
69825517c835c41957e00c9e,69825516c835c41957dfd2f3,0.25
69825517c835c41957e00c9e,69825516c835c41957dfd0c8,0.25
69825517c835c41957e00c9e,69825516c835c41957dfcce8,0.05263157894736842
69825517c835c41957e00c9e,69825516c835c41957dfd2f0,0.05263157894736842
69825516c835c41957dff086,69825516c835c41957dff0dc,0.02631578947368421
69825516c835c41957dff086,69825516c835c41957dff0b1,0.02631578947368421
69825516c835c41957dff086,69825516c835c41957dff0ba,0.02631578947368421
69825516c835c41957dff086,69825516c835c41957dff05e,0.02631578947368421
69825516c835c41957dff086,69825516c835c41957dff069,0.02631578947368421
69825516c835c41957dff086,69825516c835c41957dff063,0.02631578947368421
69825516c835c41957dff086,69825516c835c41957dff06c,0.02631578947368421
69825516c835c41957dff086,69825516c835c41957dff070,0.02631578947368421
69825516c835c41957dff086,69825516c835c41957dff090,0.02631578947368421
69825516c835c41957dff086,69825516c835c41957dff0cd,0.02631578947368421
69825516c835c41957dff086,69825516c835c41957dff0d0,0.02631578947368421
69825516c835c41957dff086,69825516c835c41957dff0cf,0.02631578947368421
69825516c835c41957dff086,69825516c835c41957dff0d6,0.02631578947368421
69825516c835c41957dff086,69825516c835c41957dff0b3,0.02631578947368421
69825516c835c41957dff086,69825516c835c41957dff0c8,0.02631578947368421
69825516c835c41957dff086,69825516c835c41957dff05f,0.02631578947368421
69825516c835c41957dff086,69825516c835c41957dff071,0.02631578947368421
69825516c835c41957dff086,69825516c835c41957dff0de,0.02631578947368421
69825516c835c41957dff086,69825516c835c41957dff091,0.02631578947368421
69825516c835c41957dff086,69825516c835c41957dff080,0.02631578947368421
69825516c835c41957dff086,69825516c835c41957dff064,0.02631578947368421
69825516c835c41957dff086,69825516c835c41957dff0b2,0.02631578947368421
69825516c835c41957dff086,69825516c835c41957dff09e,0.02631578947368421
69825516c835c41957dff086,69825516c835c41957dff072,0.02631578947368421
69825516c835c41957dff086,69825516c835c41957dff09d,0.02631578947368421
69825516c835c41957dff086,69825516c835c41957dff0db,0.02631578947368421
69825516c835c41957dff086,69825516c835c41957dff077,0.02631578947368421
69825516c835c41957dff086,69825516c835c41957dff0a2,0.02631578947368421
69825516c835c41957dff086,69825516c835c41957dff0d3,0.02631578947368421
69825516c835c41957dff086,69825516c835c41957dff08f,0.02631578947368421
69825516c835c41957dff086,69825516c835c41957dff06f,0.02631578947368421
69825516c835c41957dff086,69825516c835c41957dff0d9,0.02631578947368421
69825516c835c41957dff086,69825516c835c41957dff0d1,0.02631578947368421
69825516c835c41957dfb7e1,69825516c835c41957dfb5b1,1.0
69825516c835c41957dfb7e1,69825517c835c41957dffb20,0.7833333333333332
69825516c835c41957dfb7e1,69825516c835c41957dfa95b,0.25
69825516c835c41957dfb7e1,69825517c835c41957dffb7c,4.833333333333334
69825516c835c41957dfb7e1,69825517c835c41957dff891,0.2
69825516c835c41957dfb7e1,69825516c835c41957dfd2db,0.16666666666666666
69825516c835c41957dfb7e1,69825516c835c41957dfbd65,0.16666666666666666
69825516c835c41957dfb7e1,69825517c835c41957e006e6,0.25
69825516c835c41957dfb7e1,69825517c835c41957e01349,0.16666666666666666
69825516c835c41957dfb7e1,69825517c835c41957dff880,0.16666666666666666
69825516c835c41957dfb7e1,69825516c835c41957dfc529,1.0
69825516c835c41957dfb7e1,69825516c835c41957dfdb50,0.16666666666666666
69825516c835c41957dfb781,69825516c835c41957dfccf0,0.5
69825517c835c41957dff6b0,69825516c835c41957dfd82c,0.25
69825517c835c41957dff6b0,69825516c835c41957df9e4e,0.25
69825517c835c41957dff6b0,69825516c835c41957dfe815,0.25
69825517c835c41957dff6b0,69825516c835c41957dfccf8,0.25
69825517c835c41957e009cf,69825516c835c41957dfee73,2.5
69825516c835c41957dfe3f9,69825516c835c41957dfe3d0,0.125
69825516c835c41957dfe3f9,69825516c835c41957dfe3fc,0.125
69825516c835c41957dfe3f9,69825516c835c41957dfe3cc,0.125
69825516c835c41957dfe3f9,69825516c835c41957dfe3df,0.125
69825516c835c41957dfe3f9,69825516c835c41957dfe3ff,0.125
69825516c835c41957dfe3f9,69825516c835c41957dfe3f6,0.125
69825516c835c41957dfe3f9,69825516c835c41957dfe3db,0.125
69825516c835c41957dfe3f9,69825516c835c41957dfe416,0.125
69825516c835c41957dfe3f9,69825516c835c41957dfe424,0.125
69825516c835c41957dfe3f9,69825516c835c41957dfe405,0.125
69825516c835c41957dfe3f9,69825516c835c41957dfe404,0.125
69825516c835c41957dfb401,69825516c835c41957dfb3f3,0.5
69825516c835c41957dfb401,69825517c835c41957dff931,0.5
69825516c835c41957dfb401,69825516c835c41957dfac47,0.5
69825516c835c41957dfb401,69825516c835c41957dfb4d7,0.5
69825516c835c41957dfc357,69825517c835c41957e00f7b,0.2
69825516c835c41957dfc357,69825516c835c41957dfba91,0.5
69825516c835c41957dfc357,69825517c835c41957e00ded,0.2
69825516c835c41957dfc357,69825517c835c41957e00f7f,0.2
69825516c835c41957dfc357,69825517c835c41957e00654,0.2
69825516c835c41957dfc357,69825517c835c41957dff799,0.2
69825516c835c41957dfa8d3,69825517c835c41957dffb20,0.5
69825516c835c41957dfa8d3,69825516c835c41957dfcceb,1.0
69825516c835c41957dfa8d3,69825517c835c41957dffb7c,0.5
69825516c835c41957dfdf01,69825516c835c41957dfde5d,0.5
69825516c835c41957dfdf01,69825516c835c41957dfa271,0.5
69825516c835c41957dfd8b5,69825516c835c41957dfa8a4,0.08333333333333333
69825516c835c41957dfd8b5,69825516c835c41957dfa5a4,0.08333333333333333
69825516c835c41957dfd8b5,69825516c835c41957df9c99,0.08333333333333333
69825516c835c41957dfd8b5,69825516c835c41957dfe795,0.08333333333333333
69825516c835c41957dfd8b5,69825516c835c41957dfd086,0.08333333333333333
69825516c835c41957dfd8b5,69825516c835c41957dfd8e7,1.0833333333333333
69825516c835c41957dfd8b5,69825516c835c41957dfb9af,0.08333333333333333
69825517c835c41957dffd3d,69825517c835c41957dffd58,0.07407407407407407
69825517c835c41957dffd3d,69825517c835c41957dffd59,0.07407407407407407
69825517c835c41957dffd3d,69825517c835c41957dffd5a,0.07407407407407407
69825517c835c41957dffd3d,69825517c835c41957dffd3c,0.07407407407407407
69825517c835c41957dffd3d,69825517c835c41957dffd5c,0.07407407407407407
69825517c835c41957dffd3d,69825517c835c41957dffd62,0.07407407407407407
69825517c835c41957dffd3d,69825516c835c41957dfda45,0.5
69825517c835c41957dffd3d,69825517c835c41957dffd39,0.07407407407407407
69825517c835c41957dffd3d,69825517c835c41957dffd64,0.07407407407407407
69825517c835c41957dffd3d,69825517c835c41957dffd60,0.07407407407407407
69825517c835c41957dffd3d,69825517c835c41957dffd4f,0.07407407407407407
69825517c835c41957dffd3d,69825517c835c41957e012a7,0.037037037037037035
69825517c835c41957dffd3d,69825517c835c41957dffd50,0.07407407407407407
69825517c835c41957dffd3d,69825517c835c41957dffd3f,0.07407407407407407
69825517c835c41957dffd3d,69825517c835c41957dffd53,0.07407407407407407
69825517c835c41957dffd3d,69825517c835c41957dffd45,0.07407407407407407
69825517c835c41957e01976,69825516c835c41957dfc1f0,0.5
69825517c835c41957e01976,69825516c835c41957dfcd00,1.5
69825516c835c41957dfb206,69825516c835c41957dfb3c3,0.5
69825516c835c41957dfa3fe,69825516c835c41957dfbe71,0.8333333333333333
69825516c835c41957dfa3fe,69825516c835c41957dfa4e0,0.3333333333333333
69825516c835c41957dfa761,69825517c835c41957e00950,0.25
69825516c835c41957dfa761,69825517c835c41957e00726,0.75
69825516c835c41957dfa761,69825517c835c41957e00d24,0.75
69825516c835c41957dfefc0,69825516c835c41957dff004,0.3052631578947368
69825516c835c41957dfefc0,69825516c835c41957dfef9e,0.25263157894736843
69825516c835c41957dfefc0,69825516c835c41957dff008,0.3052631578947368
69825516c835c41957dfefc0,69825516c835c41957dfefa4,0.3052631578947368
69825516c835c41957dfefc0,69825516c835c41957dfef9f,0.3052631578947368
69825516c835c41957dfefc0,69825516c835c41957dfefb5,0.25263157894736843
69825516c835c41957dfefc0,69825516c835c41957dfeff2,0.3052631578947368
69825516c835c41957dfefc0,69825516c835c41957dfefa5,0.3052631578947368
69825516c835c41957dfefc0,69825516c835c41957dfefb4,0.3052631578947368
69825516c835c41957dfefc0,69825516c835c41957dff006,0.3052631578947368
69825516c835c41957dfefc0,69825516c835c41957dff007,0.3052631578947368
69825516c835c41957dfefc0,69825516c835c41957dfef9d,0.3052631578947368
69825516c835c41957dfefc0,69825516c835c41957dfefa1,0.3052631578947368
69825516c835c41957dfefc0,69825516c835c41957dfefb1,0.3052631578947368
69825517c835c41957dff4b3,69825517c835c41957e0064a,1.0
69825517c835c41957dff4b3,69825517c835c41957e00841,1.0
69825516c835c41957dfdbbf,69825517c835c41957dff929,1.0
69825517c835c41957dffd5c,69825517c835c41957dffd58,0.07407407407407407
69825517c835c41957dffd5c,69825517c835c41957dffd59,0.07407407407407407
69825517c835c41957dffd5c,69825517c835c41957dffd5a,0.07407407407407407
69825517c835c41957dffd5c,69825517c835c41957dffd3c,0.07407407407407407
69825517c835c41957dffd5c,69825517c835c41957dffd62,0.07407407407407407
69825517c835c41957dffd5c,69825517c835c41957dffd39,0.07407407407407407
69825517c835c41957dffd5c,69825517c835c41957dffd64,0.07407407407407407
69825517c835c41957dffd5c,69825517c835c41957dffd60,0.07407407407407407
69825517c835c41957dffd5c,69825517c835c41957dffd4f,0.07407407407407407
69825517c835c41957dffd5c,69825517c835c41957e012a7,0.037037037037037035
69825517c835c41957dffd5c,69825517c835c41957dffd50,0.07407407407407407
69825517c835c41957dffd5c,69825517c835c41957dffd3f,0.07407407407407407
69825517c835c41957dffd5c,69825517c835c41957dffd53,0.07407407407407407
69825517c835c41957dffd5c,69825517c835c41957dffd45,0.07407407407407407
69825516c835c41957dfcf7d,69825516c835c41957dfcf81,1.0
69825516c835c41957dfed89,69825516c835c41957dfd2df,0.08333333333333333
69825516c835c41957dfed89,69825517c835c41957dff910,0.08333333333333333
69825516c835c41957dfed89,69825516c835c41957dfccb0,0.08333333333333333
69825516c835c41957dfed89,69825516c835c41957dfd307,0.08333333333333333
69825516c835c41957dfed89,69825516c835c41957dfef51,0.08333333333333333
69825516c835c41957dfed89,69825517c835c41957dff465,0.08333333333333333
69825516c835c41957dfed89,69825516c835c41957dfc98b,0.08333333333333333
69825516c835c41957dfed89,69825516c835c41957dfe7ff,0.41666666666666663
69825516c835c41957dfed89,69825516c835c41957dff145,0.08333333333333333
69825516c835c41957dfed89,69825516c835c41957dfd2dc,0.41666666666666663
69825517c835c41957dffc6e,69825517c835c41957dffa33,0.5
69825517c835c41957dffc6e,69825516c835c41957dfe867,0.125
69825517c835c41957dffc6e,69825517c835c41957e00841,2.875
69825517c835c41957dffc6e,69825516c835c41957dfe79f,0.125
69825517c835c41957dffc6e,69825517c835c41957dffe16,0.125
69825517c835c41957dffc6e,69825517c835c41957e0080a,0.125
69825517c835c41957dffc6e,69825516c835c41957dfeee7,0.5
69825517c835c41957dffc6e,69825516c835c41957dfcd3b,0.41666666666666663
69825517c835c41957dffc6e,69825517c835c41957e01762,0.125
69825516c835c41957dfc2e0,69825516c835c41957dff0a1,1.0
69825516c835c41957dfc2e0,69825516c835c41957dfb9cc,0.6666666666666666
69825516c835c41957dfc2e0,69825516c835c41957dfd253,0.5333333333333333
69825516c835c41957dfc2e0,69825517c835c41957e009fc,3.1999999999999997
69825516c835c41957dfc2e0,69825517c835c41957e00e87,2.6999999999999997
69825517c835c41957e00726,69825517c835c41957e00950,0.25
69825517c835c41957e00726,69825517c835c41957e00d24,0.75
69825516c835c41957dfda6c,69825517c835c41957e01aa4,1.5
69825516c835c41957dfe202,69825517c835c41957e01739,0.1111111111111111
69825516c835c41957dfe202,69825516c835c41957dfe48d,0.1111111111111111
69825516c835c41957dfe202,69825516c835c41957dfe1f6,0.4444444444444444
69825516c835c41957dfe202,69825516c835c41957dfe21b,0.4444444444444444
69825516c835c41957dfe202,69825516c835c41957dfe486,0.1111111111111111
69825516c835c41957dfd24f,69825516c835c41957dfd157,3.6666666666666665
69825516c835c41957dfd24f,69825516c835c41957dfa904,1.0
69825516c835c41957dfd24f,69825516c835c41957dfa333,0.9166666666666666
69825516c835c41957dfd24f,69825516c835c41957dfd070,0.5
69825516c835c41957dfd24f,69825516c835c41957df9ca1,3.333333333333333
69825516c835c41957dfd24f,69825516c835c41957dfeefa,2.75
69825516c835c41957dfd24f,69825517c835c41957dffc49,0.6666666666666666
69825516c835c41957dfd24f,69825516c835c41957df9e4a,0.16666666666666666
69825516c835c41957dfd24f,69825516c835c41957dfb917,0.25
69825516c835c41957dfe61e,69825517c835c41957e004b9,0.1
69825516c835c41957dfe61e,69825516c835c41957dfd79f,0.1
69825516c835c41957dfe61e,69825516c835c41957dfb7ae,0.1
69825516c835c41957dfe61e,69825516c835c41957dfe622,0.6
69825516c835c41957dfe61e,69825516c835c41957dff04d,0.1
69825516c835c41957dfe61e,69825516c835c41957dfe61a,0.6
69825517c835c41957dffca5,69825517c835c41957e00dc0,0.08333333333333333
69825517c835c41957dffca5,69825516c835c41957dfa7ad,0.08333333333333333
69825517c835c41957dffca5,69825517c835c41957dffc2f,0.06666666666666667
69825517c835c41957dffca5,69825516c835c41957dfe7ff,0.08333333333333333
69825517c835c41957dffca5,69825516c835c41957dfbf53,0.15
69825517c835c41957dffca5,69825516c835c41957dfcd49,0.06666666666666667
69825517c835c41957dffca5,69825517c835c41957dff402,0.41666666666666663
69825517c835c41957dffca5,69825517c835c41957dff40f,0.15
69825517c835c41957dffca5,69825517c835c41957e00a30,0.06666666666666667
69825517c835c41957dffca5,69825516c835c41957dfef59,0.06666666666666667
69825517c835c41957dffca5,69825516c835c41957dfd2dc,0.08333333333333333
69825517c835c41957dffca5,69825516c835c41957dfe848,0.15
69825517c835c41957dffca5,69825517c835c41957e0098b,0.06666666666666667
69825517c835c41957dffca5,69825516c835c41957dfd30e,0.06666666666666667
69825516c835c41957dfaaf6,69825516c835c41957dfb94b,0.8333333333333333
69825516c835c41957dfaaf6,69825516c835c41957dfab16,0.8333333333333333
69825517c835c41957dffe29,69825516c835c41957dfd2fa,0.2
69825517c835c41957dffe29,69825516c835c41957dfe848,0.125
69825517c835c41957dffe29,69825516c835c41957dfaa76,0.125
69825517c835c41957dffe29,69825516c835c41957dfd2d6,0.2
69825517c835c41957dffe29,69825517c835c41957e00a30,0.125
69825517c835c41957dffe29,69825516c835c41957dfef62,0.125
69825517c835c41957dffe29,69825516c835c41957dfe7ff,0.125
69825517c835c41957dffe29,69825516c835c41957dfef52,0.325
69825517c835c41957dffe29,69825517c835c41957dff90d,0.125
69825517c835c41957dffe29,69825517c835c41957e00fc5,0.2
69825517c835c41957dffe29,69825516c835c41957dfa586,1.0
69825517c835c41957dffe29,69825517c835c41957e00d01,0.5
69825517c835c41957dffe29,69825516c835c41957dfb8ef,0.2
69825517c835c41957dffe29,69825517c835c41957e0047e,0.5
69825517c835c41957dffe29,69825516c835c41957dfd892,0.125
69825517c835c41957e012a3,69825517c835c41957e01744,1.9499999999999997
69825517c835c41957e012a3,69825516c835c41957dfc8da,0.16666666666666666
69825517c835c41957e012a3,69825517c835c41957e012a7,0.3666666666666667
69825517c835c41957e012a3,69825517c835c41957e01753,5.783333333333333
69825517c835c41957e012a3,69825517c835c41957e01740,3.95
69825517c835c41957e012a3,69825516c835c41957dfc857,0.3666666666666667
69825516c835c41957dfe139,69825516c835c41957dfe085,0.5
69825516c835c41957dfe139,69825516c835c41957dfe091,0.5
69825516c835c41957dfb791,69825516c835c41957dfa568,0.5
69825516c835c41957dfb791,69825516c835c41957dff253,0.6428571428571428
69825516c835c41957dfb791,69825516c835c41957dff2c0,0.14285714285714285
69825516c835c41957dfb791,69825516c835c41957dfdbbc,1.1428571428571428
69825516c835c41957dfb791,69825516c835c41957dfa77f,0.25
69825516c835c41957dfb791,69825516c835c41957dfd253,0.25
69825516c835c41957dfb791,69825516c835c41957dfb78d,0.14285714285714285
69825516c835c41957dfb791,69825516c835c41957dfd87c,0.5
69825516c835c41957dfb791,69825516c835c41957dfb7b7,0.14285714285714285
69825516c835c41957dfb791,69825516c835c41957dfd0cf,0.14285714285714285
69825516c835c41957dfb791,69825516c835c41957dfd305,0.14285714285714285
69825517c835c41957e015e2,69825517c835c41957e01662,0.06666666666666667
69825517c835c41957e015e2,69825517c835c41957e01678,0.14285714285714285
69825517c835c41957e015e2,69825517c835c41957e01644,0.06666666666666667
69825517c835c41957e015e2,69825517c835c41957e016b7,0.06666666666666667
69825517c835c41957e015e2,69825517c835c41957e0164f,0.06666666666666667
69825517c835c41957e015e2,69825517c835c41957e015a4,0.06666666666666667
69825517c835c41957e015e2,69825517c835c41957e0161f,0.06666666666666667
69825517c835c41957e015e2,69825517c835c41957e0163c,0.30952380952380953
69825517c835c41957e015e2,69825517c835c41957e01620,0.06666666666666667
69825517c835c41957e015e2,69825517c835c41957e015d3,0.06666666666666667
69825517c835c41957e015e2,69825517c835c41957e015b0,0.06666666666666667
69825517c835c41957e015e2,69825517c835c41957e015db,0.3761904761904762
69825517c835c41957e015e2,69825517c835c41957e01645,0.06666666666666667
69825517c835c41957e015e2,69825517c835c41957e0158a,0.30952380952380953
69825517c835c41957e015e2,69825517c835c41957e01600,0.30952380952380953
69825517c835c41957e015e2,69825517c835c41957e0161b,0.06666666666666667
69825516c835c41957dfa82b,69825516c835c41957dfdb60,1.0
69825517c835c41957e0174d,69825517c835c41957e0174b,3.0
69825517c835c41957e0174d,69825517c835c41957e012a5,1.0
69825517c835c41957e0174d,69825517c835c41957dff45e,0.5
69825517c835c41957e0174d,69825516c835c41957dfa42d,1.0
69825517c835c41957e0174d,69825517c835c41957e012aa,1.0
69825516c835c41957dfe141,69825516c835c41957dfcd4d,0.6111111111111112
69825516c835c41957dfe141,69825516c835c41957dfb193,0.5
69825516c835c41957dfe141,69825516c835c41957dfce4e,0.1111111111111111
69825516c835c41957dfe141,69825517c835c41957e00524,0.1111111111111111
69825516c835c41957dfe141,69825516c835c41957dfa636,0.1111111111111111
69825516c835c41957dfe141,69825517c835c41957e00525,0.6111111111111112
69825516c835c41957dfe141,69825516c835c41957dfe7d1,0.1111111111111111
69825516c835c41957dfe141,69825516c835c41957dfd19c,0.6111111111111112
69825516c835c41957dfe193,69825516c835c41957dfe1b4,0.25
69825516c835c41957dfe193,69825516c835c41957dfa403,0.25
69825516c835c41957dfe193,69825516c835c41957dfb5cd,0.25
69825516c835c41957dfc00a,69825516c835c41957df9e61,0.5
69825516c835c41957dfc00a,69825516c835c41957dfb953,0.3333333333333333
69825517c835c41957e00233,69825517c835c41957e00232,1.0
69825517c835c41957e00233,69825516c835c41957dfac22,2.0
69825516c835c41957dfbf0c,69825516c835c41957dfc2a9,0.5
69825516c835c41957dfbf0c,69825516c835c41957dfc2b1,1.5
69825517c835c41957dffd45,69825517c835c41957dffd58,0.574074074074074
69825517c835c41957dffd45,69825517c835c41957dffd59,0.07407407407407407
69825517c835c41957dffd45,69825517c835c41957dffd5a,0.07407407407407407
69825517c835c41957dffd45,69825517c835c41957dffd3c,0.07407407407407407
69825517c835c41957dffd45,69825517c835c41957dffd62,0.07407407407407407
69825517c835c41957dffd45,69825517c835c41957dffd39,0.07407407407407407
69825517c835c41957dffd45,69825517c835c41957dffd64,0.07407407407407407
69825517c835c41957dffd45,69825517c835c41957dffd60,0.574074074074074
69825517c835c41957dffd45,69825517c835c41957dffd4f,0.07407407407407407
69825517c835c41957dffd45,69825517c835c41957e012a7,0.037037037037037035
69825517c835c41957dffd45,69825517c835c41957dffd50,0.07407407407407407
69825517c835c41957dffd45,69825517c835c41957dffd3f,0.07407407407407407
69825517c835c41957dffd45,69825517c835c41957dffd53,0.07407407407407407
69825516c835c41957dfa0a2,69825516c835c41957dfa054,0.6428571428571428
69825516c835c41957dfa0a2,69825516c835c41957dfa076,0.6428571428571428
69825516c835c41957dfa0a2,69825517c835c41957e00e3f,0.6428571428571428
69825516c835c41957dfa0a2,69825516c835c41957dfa073,0.6428571428571428
69825516c835c41957dfa0a2,69825517c835c41957e00f20,0.6428571428571428
69825516c835c41957dfa0a2,69825516c835c41957dfa08c,0.6428571428571428
69825517c835c41957dff967,69825516c835c41957dfbb89,1.0
69825517c835c41957dff967,69825517c835c41957dfff54,1.0
69825517c835c41957dff90d,69825517c835c41957e00d4a,0.5
69825517c835c41957dff90d,69825516c835c41957dfef52,0.125
69825517c835c41957dff90d,69825516c835c41957dfa95b,0.45
69825517c835c41957dff90d,69825516c835c41957dfe7ff,0.125
69825517c835c41957dff90d,69825517c835c41957e00221,0.5
69825517c835c41957dff90d,69825516c835c41957dfd892,9.075
69825517c835c41957dff90d,69825517c835c41957e00a30,0.125
69825517c835c41957dff90d,69825516c835c41957dfb5bd,0.5
69825517c835c41957dff90d,69825516c835c41957dfe848,0.125
69825517c835c41957dff90d,69825516c835c41957dfaa76,0.125
69825517c835c41957dff90d,69825517c835c41957dffc89,0.5
69825517c835c41957dff90d,69825516c835c41957dfef62,0.125
69825517c835c41957dff90d,69825517c835c41957dffe07,1.0
69825517c835c41957dff90d,69825517c835c41957dff931,2.75
69825517c835c41957e012aa,69825516c835c41957dfa52a,0.25
69825517c835c41957e012aa,69825516c835c41957dfa42e,0.25
69825517c835c41957e012aa,69825517c835c41957e0174b,1.3333333333333333
69825517c835c41957e012aa,69825516c835c41957dfca6d,0.25
69825517c835c41957e012aa,69825517c835c41957e012a7,0.5
69825517c835c41957e012aa,69825516c835c41957dfca6c,0.25
69825517c835c41957e012aa,69825516c835c41957dfe49f,0.3333333333333333
69825517c835c41957e012aa,69825516c835c41957dfef9f,0.25
69825517c835c41957e012aa,69825516c835c41957dfa465,0.25
69825517c835c41957e012aa,69825516c835c41957dfd73f,1.0
69825517c835c41957e012aa,69825516c835c41957dfc857,0.5
69825517c835c41957e012aa,69825517c835c41957e0174c,2.333333333333333
69825516c835c41957dfb669,69825517c835c41957e004b5,1.0
69825516c835c41957dfbb85,69825516c835c41957dfdae1,0.3333333333333333
69825516c835c41957dfbb85,69825517c835c41957e01add,0.3333333333333333
69825516c835c41957dfbb85,69825517c835c41957e00bf9,0.25
69825516c835c41957dfbb85,69825516c835c41957dfaa86,0.25
69825517c835c41957e00d4a,69825516c835c41957dfb5b1,2.5
69825517c835c41957e00d4a,69825517c835c41957dffb20,0.3333333333333333
69825517c835c41957e00d4a,69825516c835c41957dfb96a,0.3333333333333333
69825517c835c41957e00d4a,69825517c835c41957e00fc4,1.0
69825517c835c41957e00d4a,69825516c835c41957dfa5a4,1.1666666666666665
69825517c835c41957e00d4a,69825516c835c41957dfb968,0.3333333333333333
69825517c835c41957e00d4a,69825517c835c41957e00ded,3.333333333333333
69825517c835c41957e00d4a,69825517c835c41957e01a9e,0.5
69825517c835c41957e00d4a,69825516c835c41957dfb5bd,0.5
69825517c835c41957e00d4a,69825517c835c41957dff4bf,1.0
69825517c835c41957e00d4a,69825516c835c41957dfeefa,0.3333333333333333
69825517c835c41957e00d4a,69825517c835c41957e00654,2.5
69825517c835c41957e00d4a,69825516c835c41957dfb9af,1.1666666666666665
69825516c835c41957dfe328,69825516c835c41957df9df8,0.5
69825516c835c41957dfd1ed,69825516c835c41957dfd1ee,1.0
69825517c835c41957dff91a,69825517c835c41957dff86a,0.06666666666666667
69825517c835c41957dff91a,69825516c835c41957dfdd86,0.06666666666666667
69825517c835c41957dff91a,69825516c835c41957dfdd1f,0.06666666666666667
69825517c835c41957dff91a,69825516c835c41957dfee8d,1.0666666666666667
69825517c835c41957dff91a,69825516c835c41957dfb62b,0.06666666666666667
69825517c835c41957dff91a,69825516c835c41957dfa5a4,0.06666666666666667
69825517c835c41957dff91a,69825517c835c41957e00e4e,1.0
69825517c835c41957dff91a,69825516c835c41957dfdd8c,0.06666666666666667
69825517c835c41957dff91a,69825516c835c41957dfa821,0.06666666666666667
69825517c835c41957dff91a,69825516c835c41957dfb9af,0.06666666666666667
69825517c835c41957dff91a,69825517c835c41957dff863,0.06666666666666667
69825517c835c41957dff91a,69825516c835c41957dfdd52,0.06666666666666667
69825516c835c41957dfa0a8,69825516c835c41957dfb584,2.0
69825517c835c41957dffd5a,69825517c835c41957dffd58,0.07407407407407407
69825517c835c41957dffd5a,69825517c835c41957dffd59,0.07407407407407407
69825517c835c41957dffd5a,69825517c835c41957dffd3c,0.07407407407407407
69825517c835c41957dffd5a,69825517c835c41957dffd62,0.07407407407407407
69825517c835c41957dffd5a,69825517c835c41957dffd39,0.07407407407407407
69825517c835c41957dffd5a,69825517c835c41957dffd64,0.07407407407407407
69825517c835c41957dffd5a,69825517c835c41957dffd60,0.07407407407407407
69825517c835c41957dffd5a,69825517c835c41957dffd4f,0.07407407407407407
69825517c835c41957dffd5a,69825517c835c41957e012a7,0.037037037037037035
69825517c835c41957dffd5a,69825517c835c41957dffd50,0.07407407407407407
69825517c835c41957dffd5a,69825517c835c41957dffd3f,0.07407407407407407
69825517c835c41957dffd5a,69825517c835c41957dffd53,0.07407407407407407
69825516c835c41957dfe3d0,69825516c835c41957dfe3fc,0.125
69825516c835c41957dfe3d0,69825516c835c41957dfe3cc,0.125
69825516c835c41957dfe3d0,69825516c835c41957dfe3df,0.125
69825516c835c41957dfe3d0,69825516c835c41957dfe404,0.125
69825516c835c41957dfe3d0,69825516c835c41957dfe3ff,0.125
69825516c835c41957dfe3d0,69825516c835c41957dfe3f6,0.125
69825516c835c41957dfe3d0,69825516c835c41957dfe3db,0.125
69825516c835c41957dfe3d0,69825516c835c41957dfe416,0.125
69825516c835c41957dfe3d0,69825516c835c41957dfe424,0.125
69825516c835c41957dfe3d0,69825516c835c41957dfe405,0.125
69825516c835c41957dfeffa,69825516c835c41957dfefeb,0.5
69825516c835c41957dfeffa,69825516c835c41957dfefaf,0.5
69825516c835c41957dfacf4,69825516c835c41957dfad3d,0.5
69825516c835c41957dfccf4,69825516c835c41957dfd2d8,0.5833333333333333
69825516c835c41957dfccf4,69825516c835c41957dfa333,0.25
69825516c835c41957dfadc7,69825516c835c41957dfb5b7,1.0
69825516c835c41957dfa4b2,69825516c835c41957dff142,0.3333333333333333
69825516c835c41957dfa4b2,69825517c835c41957e0080a,0.3333333333333333
69825516c835c41957dfa4b2,69825516c835c41957dfa53b,0.3333333333333333
69825516c835c41957dfd2e7,69825516c835c41957dfd086,0.25
69825516c835c41957dfd2e7,69825516c835c41957dfee4b,0.25
69825517c835c41957e00da7,69825516c835c41957dfdbc0,1.5
69825516c835c41957dfce83,69825516c835c41957dfe48a,0.5
69825516c835c41957dfce83,69825516c835c41957dfd3bb,0.5
69825517c835c41957e01620,69825517c835c41957e01662,0.28095238095238095
69825517c835c41957e01620,69825517c835c41957e01661,0.13852813852813853
69825517c835c41957e01620,69825517c835c41957e01644,0.2051948051948052
69825517c835c41957e01620,69825517c835c41957e016ba,0.1
69825517c835c41957e01620,69825517c835c41957e015f2,0.1
69825517c835c41957e01620,69825517c835c41957e016b7,0.6718614718614718
69825517c835c41957e01620,69825517c835c41957e0164f,0.2051948051948052
69825517c835c41957e01620,69825517c835c41957e015a4,0.6718614718614718
69825517c835c41957e01620,69825517c835c41957e0161f,0.2142857142857143
69825517c835c41957e01620,69825517c835c41957e015d3,0.11428571428571428
69825517c835c41957e01620,69825517c835c41957e0157c,0.047619047619047616
69825517c835c41957e01620,69825517c835c41957e015b0,0.48095238095238096
69825517c835c41957e01620,69825517c835c41957e01617,0.13852813852813853
69825517c835c41957e01620,69825517c835c41957e015db,0.06666666666666667
69825517c835c41957e01620,69825517c835c41957e016d1,0.14761904761904762
69825517c835c41957e01620,69825517c835c41957e01645,0.16666666666666669
69825517c835c41957e01620,69825517c835c41957e016aa,0.047619047619047616
69825517c835c41957e01620,69825517c835c41957e016b3,0.1
69825517c835c41957e01620,69825517c835c41957e0161b,0.30519480519480524
69825517c835c41957e01620,69825517c835c41957e0168f,0.13852813852813853
69825516c835c41957dfbc10,69825516c835c41957dfbbea,0.05
69825516c835c41957dfbc10,69825516c835c41957dfbbe4,0.05
69825516c835c41957dfbc10,69825516c835c41957dfbbba,0.05
69825516c835c41957dfbc10,69825516c835c41957dfbc0f,0.05
69825516c835c41957dfbc10,69825516c835c41957dfbbb8,0.05
69825516c835c41957dfbc10,69825516c835c41957dfbbb7,0.05
69825516c835c41957dfbc10,69825516c835c41957dfbc20,0.05
69825516c835c41957dfbc10,69825516c835c41957dfbbb2,0.05
69825516c835c41957dfbc10,69825516c835c41957dfbc2c,0.05
69825516c835c41957dfbc10,69825516c835c41957dfbc0e,0.05
69825516c835c41957dfbc10,69825516c835c41957dfbc27,0.05
69825516c835c41957dfbc10,69825516c835c41957dfbc1b,0.05
69825516c835c41957dfbc10,69825516c835c41957dfbbc3,0.05
69825516c835c41957dff007,69825516c835c41957dff004,0.36081871345029237
69825516c835c41957dff007,69825516c835c41957dfef9e,0.30818713450292395
69825516c835c41957dff007,69825516c835c41957dff008,0.36081871345029237
69825516c835c41957dff007,69825516c835c41957dfefa4,0.36081871345029237
69825516c835c41957dff007,69825516c835c41957dfef9f,0.3052631578947368
69825516c835c41957dff007,69825516c835c41957dfefb5,0.30818713450292395
69825516c835c41957dff007,69825516c835c41957dfeff2,0.36081871345029237
69825516c835c41957dff007,69825516c835c41957dfefa5,0.36081871345029237
69825516c835c41957dff007,69825516c835c41957dfefb4,0.36081871345029237
69825516c835c41957dff007,69825516c835c41957dff006,0.36081871345029237
69825516c835c41957dff007,69825516c835c41957dfef9d,0.36081871345029237
69825516c835c41957dff007,69825516c835c41957dfefa1,0.36081871345029237
69825516c835c41957dff007,69825516c835c41957dfefb1,0.36081871345029237
69825516c835c41957dfd32d,69825516c835c41957dfdaa8,0.30952380952380953
69825516c835c41957dfd32d,69825516c835c41957dfe812,0.30952380952380953
69825516c835c41957dfd32d,69825516c835c41957dfa4ef,0.30952380952380953
69825516c835c41957dfd32d,69825516c835c41957dfa538,1.3095238095238095
69825516c835c41957dfd32d,69825516c835c41957dfccf1,0.14285714285714285
69825516c835c41957dfd32d,69825516c835c41957dfc0cb,0.30952380952380953
69825516c835c41957dfe201,69825517c835c41957e0174c,1.0
69825516c835c41957dfc11b,69825516c835c41957dfc117,0.5
69825516c835c41957dfc11b,69825516c835c41957dfc2b6,1.0
69825516c835c41957dfe01a,69825516c835c41957dfbae2,0.05263157894736842
69825516c835c41957dfe01a,69825516c835c41957dfe034,0.05263157894736842
69825516c835c41957dfe01a,69825516c835c41957dfd0c9,0.05263157894736842
69825516c835c41957dfe01a,69825517c835c41957e0061b,0.05263157894736842
69825516c835c41957dfe01a,69825516c835c41957dfca1e,0.05263157894736842
69825516c835c41957dfe01a,69825516c835c41957dfab42,0.05263157894736842
69825516c835c41957dfe01a,69825516c835c41957dfb813,0.38596491228070173
69825516c835c41957dfe01a,69825516c835c41957dfda41,0.05263157894736842
69825516c835c41957dfe01a,69825516c835c41957dfba04,0.05263157894736842
69825516c835c41957dfe01a,69825516c835c41957dfd30a,0.3026315789473684
69825516c835c41957dfe01a,69825516c835c41957df9e60,0.5
69825516c835c41957dfe01a,69825516c835c41957dfd0ca,0.05263157894736842
69825516c835c41957dfe01a,69825516c835c41957dfdbe9,0.25
69825516c835c41957dfe01a,69825516c835c41957dfd0c8,0.3333333333333333
69825516c835c41957dfe01a,69825516c835c41957dfcce8,0.05263157894736842
69825516c835c41957dfe01a,69825516c835c41957dfd2f0,0.5526315789473684
69825516c835c41957dfde05,69825516c835c41957dfde16,0.3333333333333333
69825516c835c41957dfde05,69825516c835c41957dfde9a,0.3333333333333333
69825516c835c41957dfe66c,69825516c835c41957dfe668,0.3333333333333333
69825516c835c41957dfe66c,69825516c835c41957dfe664,0.3333333333333333
69825516c835c41957dfe66c,69825516c835c41957dfcf46,1.0
69825516c835c41957dfe66c,69825516c835c41957dfa3f7,0.3333333333333333
69825516c835c41957dfe66c,69825516c835c41957dfcee3,0.3333333333333333
69825516c835c41957dfe66c,69825516c835c41957dfe665,0.6666666666666666
69825516c835c41957dfe19f,69825516c835c41957dfa014,0.3333333333333333
69825516c835c41957dfe19f,69825516c835c41957dfe1af,1.3333333333333333
69825516c835c41957dfe19f,69825516c835c41957dfc39e,0.3333333333333333
69825516c835c41957dfa255,69825516c835c41957dfd962,0.5
69825516c835c41957dfa255,69825516c835c41957dfd963,0.5
69825516c835c41957dfa96d,69825517c835c41957e007d4,4.0
69825516c835c41957dfcad1,69825516c835c41957dfcad0,0.26666666666666666
69825516c835c41957dfcad1,69825517c835c41957e006a6,0.1
69825516c835c41957dfcad1,69825517c835c41957e01229,0.1
69825516c835c41957dfcad1,69825516c835c41957dfcace,0.26666666666666666
69825516c835c41957dfcad1,69825516c835c41957dfcacd,0.26666666666666666
69825516c835c41957dfcad1,69825516c835c41957dfcacb,0.26666666666666666
69825516c835c41957dfcad1,69825516c835c41957dfcacc,0.26666666666666666
69825516c835c41957dfe669,69825516c835c41957dfe667,4.0
69825517c835c41957e00204,69825516c835c41957dfb969,0.25
69825517c835c41957e00204,69825516c835c41957dfd00c,0.25
69825517c835c41957e00204,69825517c835c41957dffb53,0.25
69825516c835c41957dfe84a,69825516c835c41957dfb146,1.0
69825516c835c41957dfe84a,69825516c835c41957dfe84f,1.0
69825516c835c41957dfa826,69825516c835c41957dfbac0,1.0
69825516c835c41957dfa826,69825517c835c41957e016c3,0.3333333333333333
69825516c835c41957dfa826,69825516c835c41957dfc9f2,0.3333333333333333
69825516c835c41957dfa826,69825516c835c41957dfd7d6,0.5
69825516c835c41957dfd086,69825516c835c41957dfa5a4,0.08333333333333333
69825516c835c41957dfd086,69825517c835c41957e00e8a,0.25
69825516c835c41957dfd086,69825516c835c41957dfd3f8,1.5
69825516c835c41957dfd086,69825516c835c41957dfe795,1.2083333333333333
69825516c835c41957dfd086,69825516c835c41957dfe793,0.25
69825516c835c41957dfd086,69825517c835c41957e0042c,0.25
69825516c835c41957dfd086,69825516c835c41957df9c99,0.20833333333333331
69825516c835c41957dfd086,69825516c835c41957dfee4b,1.75
69825516c835c41957dfd086,69825516c835c41957dfd8e7,0.08333333333333333
69825516c835c41957dfd086,69825516c835c41957dfb72b,0.3333333333333333
69825516c835c41957dfd086,69825516c835c41957dfb9af,0.08333333333333333
69825516c835c41957dfd086,69825517c835c41957e01139,0.125
69825516c835c41957dfd086,69825516c835c41957dfa8a4,0.08333333333333333
69825516c835c41957dfe840,69825516c835c41957dfaa98,3.0
69825516c835c41957dfd04e,69825516c835c41957dfbb08,0.3333333333333333
69825516c835c41957dfd04e,69825516c835c41957dfce4e,0.2
69825516c835c41957dfd04e,69825516c835c41957dfa636,0.2
69825517c835c41957dffe8e,69825516c835c41957dfba79,0.6666666666666666
69825517c835c41957dffa4b,69825517c835c41957e01811,0.25
69825517c835c41957dffa4b,69825517c835c41957dff7a3,2.242857142857143
69825517c835c41957dffa4b,69825516c835c41957dfa0b1,0.25
69825517c835c41957dffa4b,69825517c835c41957e0069b,2.242857142857143
69825517c835c41957dffa4b,69825517c835c41957e01810,0.2
69825517c835c41957dffa4b,69825517c835c41957dff991,2.033333333333333
69825517c835c41957dffa4b,69825516c835c41957dfbd2d,0.3666666666666667
69825516c835c41957dfb9b6,69825516c835c41957dfbe1a,1.0
69825517c835c41957e00424,69825516c835c41957dfa4af,1.25
69825517c835c41957e00424,69825517c835c41957e0100c,0.5
69825517c835c41957e00424,69825517c835c41957e0080a,0.75
69825517c835c41957e00424,69825516c835c41957dfdb95,0.25
69825517c835c41957e00424,69825516c835c41957dfa004,0.25
69825516c835c41957dfdc21,69825516c835c41957dfb675,1.0
69825516c835c41957dfe495,69825517c835c41957e01744,0.5
69825516c835c41957dfe495,69825516c835c41957dff096,0.5
69825516c835c41957dfe495,69825516c835c41957dfe49b,1.0
69825516c835c41957dfd931,69825516c835c41957dfd2c8,1.0
69825517c835c41957e019db,69825517c835c41957e00bf8,0.5
69825517c835c41957e019db,69825516c835c41957dfd019,2.0
69825517c835c41957e019db,69825516c835c41957dfcfe7,0.5
69825517c835c41957e00faa,69825516c835c41957dfcd41,1.0
69825517c835c41957e00faa,69825517c835c41957dffaf5,0.5
69825516c835c41957dfe424,69825516c835c41957dfe3fc,0.125
69825516c835c41957dfe424,69825516c835c41957dfe3cc,0.125
69825516c835c41957dfe424,69825516c835c41957dfe3df,0.125
69825516c835c41957dfe424,69825516c835c41957dfe404,0.125
69825516c835c41957dfe424,69825516c835c41957dfe3ff,0.125
69825516c835c41957dfe424,69825516c835c41957dfe3f6,0.125
69825516c835c41957dfe424,69825516c835c41957dfe3db,0.125
69825516c835c41957dfe424,69825516c835c41957dfe416,0.125
69825516c835c41957dfe424,69825516c835c41957dfe405,0.125
69825517c835c41957e01022,69825516c835c41957dfa3ad,0.3333333333333333
69825517c835c41957e01022,69825517c835c41957e01011,1.3333333333333333
69825517c835c41957e01022,69825517c835c41957e0101a,0.3333333333333333
69825516c835c41957dfe6f8,69825517c835c41957e00986,1.0
69825516c835c41957dff0ac,69825516c835c41957dfe60a,0.2
69825516c835c41957dff0ac,69825516c835c41957dfe49a,0.2
69825516c835c41957dff0ac,69825516c835c41957dfb664,0.2
69825516c835c41957dff0ac,69825516c835c41957dfe60b,0.2
69825516c835c41957dff0ac,69825516c835c41957dfd269,0.2
69825516c835c41957df9e69,69825517c835c41957dff585,1.0
69825517c835c41957e01287,69825516c835c41957dfe63a,0.5
69825517c835c41957e01287,69825517c835c41957e0174b,0.5
69825517c835c41957e0077f,69825516c835c41957df9e4e,0.5
69825516c835c41957dfda6e,69825516c835c41957dfd19c,1.0
69825516c835c41957dfdd09,69825517c835c41957e00cf8,0.5
69825516c835c41957dfa98f,69825517c835c41957e00d08,0.75
69825516c835c41957dfa98f,69825517c835c41957dff6fc,0.3333333333333333
69825516c835c41957dfa98f,69825517c835c41957e00f6c,0.5833333333333333
69825516c835c41957dfa98f,69825517c835c41957dffbd6,0.75
69825516c835c41957dfa98f,69825516c835c41957dfa4bc,1.0
69825516c835c41957dfe0ec,69825516c835c41957dfd227,1.0
69825516c835c41957dfefb4,69825516c835c41957dff004,0.36081871345029237
69825516c835c41957dfefb4,69825516c835c41957dfef9e,0.30818713450292395
69825516c835c41957dfefb4,69825516c835c41957dff008,0.36081871345029237
69825516c835c41957dfefb4,69825516c835c41957dfefa4,0.36081871345029237
69825516c835c41957dfefb4,69825516c835c41957dfef9f,0.3052631578947368
69825516c835c41957dfefb4,69825516c835c41957dfefb5,0.30818713450292395
69825516c835c41957dfefb4,69825516c835c41957dfeff2,0.36081871345029237
69825516c835c41957dfefb4,69825516c835c41957dfefa5,0.36081871345029237
69825516c835c41957dfefb4,69825516c835c41957dff006,0.36081871345029237
69825516c835c41957dfefb4,69825516c835c41957dfef9d,0.36081871345029237
69825516c835c41957dfefb4,69825516c835c41957dfefa1,0.36081871345029237
69825516c835c41957dfefb4,69825516c835c41957dfefb1,0.36081871345029237
69825517c835c41957e00540,69825516c835c41957dfa4e0,0.2
69825517c835c41957e00540,69825516c835c41957dfe0c8,0.45
69825517c835c41957e00540,69825516c835c41957dfe0c6,0.45
69825517c835c41957e00540,69825516c835c41957dfccb0,0.2
69825517c835c41957e00540,69825516c835c41957dfa4dd,0.2
69825517c835c41957e00540,69825516c835c41957dfe2d0,0.2
69825517c835c41957e00540,69825516c835c41957dfdbbc,0.2
69825516c835c41957dfa4ef,69825516c835c41957dfdaa8,0.30952380952380953
69825516c835c41957dfa4ef,69825516c835c41957dfe812,0.30952380952380953
69825516c835c41957dfa4ef,69825516c835c41957dfa538,0.30952380952380953
69825516c835c41957dfa4ef,69825516c835c41957dfccf1,0.14285714285714285
69825516c835c41957dfa4ef,69825516c835c41957dfc0cb,0.30952380952380953
69825516c835c41957dff0d0,69825516c835c41957dff0dc,0.02631578947368421
69825516c835c41957dff0d0,69825516c835c41957dff0b1,0.02631578947368421
69825516c835c41957dff0d0,69825516c835c41957dff0ba,0.19298245614035087
69825516c835c41957dff0d0,69825516c835c41957dff05e,0.02631578947368421
69825516c835c41957dff0d0,69825516c835c41957dff069,0.02631578947368421
69825516c835c41957dff0d0,69825516c835c41957dff063,0.02631578947368421
69825516c835c41957dff0d0,69825516c835c41957dff06c,0.02631578947368421
69825516c835c41957dff0d0,69825516c835c41957dff070,0.02631578947368421
69825516c835c41957dff0d0,69825516c835c41957dff090,0.02631578947368421
69825516c835c41957dff0d0,69825516c835c41957dff0cd,0.02631578947368421
69825516c835c41957dff0d0,69825516c835c41957dff0cf,0.19298245614035087
69825516c835c41957dff0d0,69825516c835c41957dff0d6,0.02631578947368421
69825516c835c41957dff0d0,69825516c835c41957dff0b3,0.02631578947368421
69825516c835c41957dff0d0,69825516c835c41957dff0c8,0.02631578947368421
69825516c835c41957dff0d0,69825516c835c41957dff05f,0.02631578947368421
69825516c835c41957dff0d0,69825516c835c41957dff071,0.02631578947368421
69825516c835c41957dff0d0,69825516c835c41957dff0de,0.02631578947368421
69825516c835c41957dff0d0,69825516c835c41957dff091,0.02631578947368421
69825516c835c41957dff0d0,69825516c835c41957dff080,0.02631578947368421
69825516c835c41957dff0d0,69825516c835c41957dff064,0.02631578947368421
69825516c835c41957dff0d0,69825516c835c41957dff0b2,0.02631578947368421
69825516c835c41957dff0d0,69825516c835c41957dff09e,0.02631578947368421
69825516c835c41957dff0d0,69825516c835c41957dff072,0.02631578947368421
69825516c835c41957dff0d0,69825516c835c41957dff09d,0.19298245614035087
69825516c835c41957dff0d0,69825516c835c41957dff0db,0.02631578947368421
69825516c835c41957dff0d0,69825516c835c41957dff077,0.02631578947368421
69825516c835c41957dff0d0,69825516c835c41957dff0a2,0.02631578947368421
69825516c835c41957dff0d0,69825516c835c41957dff0d3,0.19298245614035087
69825516c835c41957dff0d0,69825516c835c41957dff08f,0.02631578947368421
69825516c835c41957dff0d0,69825516c835c41957dff06f,0.02631578947368421
69825516c835c41957dff0d0,69825516c835c41957dff0d9,0.02631578947368421
69825516c835c41957dff0d0,69825516c835c41957dff0d1,0.02631578947368421
69825517c835c41957e0164f,69825517c835c41957e01662,0.11428571428571428
69825517c835c41957e0164f,69825517c835c41957e01661,0.3885281385281385
69825517c835c41957e0164f,69825517c835c41957e01644,0.2051948051948052
69825517c835c41957e0164f,69825517c835c41957e016b7,0.2051948051948052
69825517c835c41957e0164f,69825517c835c41957e015a4,0.2051948051948052
69825517c835c41957e0164f,69825517c835c41957e0161f,0.11428571428571428
69825517c835c41957e0164f,69825517c835c41957e015d3,0.11428571428571428
69825517c835c41957e0164f,69825517c835c41957e0157c,0.2976190476190476
69825517c835c41957e0164f,69825517c835c41957e015b0,0.11428571428571428
69825517c835c41957e0164f,69825517c835c41957e01617,0.3885281385281385
69825517c835c41957e0164f,69825517c835c41957e015db,0.06666666666666667
69825517c835c41957e0164f,69825517c835c41957e016d1,0.047619047619047616
69825517c835c41957e0164f,69825517c835c41957e01645,0.06666666666666667
69825517c835c41957e0164f,69825517c835c41957e016aa,0.047619047619047616
69825517c835c41957e0164f,69825517c835c41957e0161b,0.2051948051948052
69825517c835c41957e0164f,69825517c835c41957e0168f,0.13852813852813853
69825517c835c41957e00e71,69825517c835c41957e01753,0.5
69825517c835c41957e00e71,69825517c835c41957e01744,0.5
69825517c835c41957dff795,69825517c835c41957e01501,0.3333333333333333
69825517c835c41957dff795,69825517c835c41957dff796,3.3333333333333335
69825517c835c41957e012a8,69825516c835c41957dfe7b5,1.0
69825516c835c41957dfe664,69825516c835c41957dfcee3,0.3333333333333333
69825516c835c41957dfe664,69825516c835c41957dfe665,2.3333333333333335
69825516c835c41957df9f79,69825516c835c41957dfcd0a,1.1666666666666667
69825516c835c41957df9f79,69825516c835c41957dfa465,0.16666666666666666
69825516c835c41957dfe4b3,69825516c835c41957dfb5bf,0.5
69825516c835c41957dfe4b3,69825517c835c41957e003a7,0.5
69825516c835c41957dfe62d,69825516c835c41957dfc1ed,2.833333333333333
69825516c835c41957dfe62d,69825516c835c41957dfc012,0.8333333333333333
69825516c835c41957dfe62d,69825516c835c41957dfd9a8,0.3333333333333333
69825516c835c41957dfa3e0,69825516c835c41957dfa8f8,0.3333333333333333
69825516c835c41957dfa3e0,69825517c835c41957e00fb1,0.3333333333333333
69825516c835c41957dfa3e0,69825516c835c41957dfa509,0.3333333333333333
69825516c835c41957dfbfd1,69825516c835c41957dfa469,0.3333333333333333
69825516c835c41957dfbfd1,69825516c835c41957dfa8d4,1.3333333333333333
69825516c835c41957dfbfd1,69825516c835c41957dfedb0,0.3333333333333333
69825516c835c41957dfdb60,69825517c835c41957dffb85,1.0
69825516c835c41957dfbde8,69825516c835c41957dfd2cf,0.5
69825516c835c41957dfb137,69825516c835c41957dfe80b,0.3333333333333333
69825516c835c41957dfb137,69825516c835c41957dfd051,0.25
69825516c835c41957dfb137,69825516c835c41957dfb4aa,0.3333333333333333
69825516c835c41957dfb137,69825516c835c41957dfb2c3,0.5833333333333333
69825516c835c41957dfb72d,69825517c835c41957e017f9,3.0
69825516c835c41957dfd3f6,69825516c835c41957dfb675,0.2
69825516c835c41957dfd3f6,69825516c835c41957dfe79f,0.16233766233766234
69825516c835c41957dfd3f6,69825517c835c41957dff6fc,0.46726190476190477
69825516c835c41957dfd3f6,69825517c835c41957e007db,0.07142857142857142
69825516c835c41957dfd3f6,69825517c835c41957e00f6b,0.22483766233766234
69825516c835c41957dfd3f6,69825517c835c41957e0133f,0.25396825396825395
69825516c835c41957dfd3f6,69825517c835c41957e0080a,0.09090909090909091
69825516c835c41957dfd3f6,69825517c835c41957dffbd6,0.5859487734487734
69825516c835c41957dfd3f6,69825516c835c41957dfd30c,0.1111111111111111
69825516c835c41957dfd3f6,69825516c835c41957dfc547,0.2
69825516c835c41957dfd3f6,69825516c835c41957dff159,0.25396825396825395
69825516c835c41957dfd3f6,69825517c835c41957dff82a,0.2
69825516c835c41957dfd3f6,69825517c835c41957dff86b,0.5873015873015872
69825516c835c41957dfd3f6,69825517c835c41957e00d08,0.5859487734487734
69825516c835c41957dfd3f6,69825516c835c41957df9e60,0.22483766233766234
69825516c835c41957dfd3f6,69825516c835c41957dfd00e,0.5873015873015872
69825516c835c41957dfd3f6,69825517c835c41957dffe16,0.16233766233766234
69825516c835c41957dfd3f6,69825517c835c41957e00f6c,1.4748376623376624
69825516c835c41957dfd3f6,69825516c835c41957dfb790,0.0625
69825516c835c41957dfeda0,69825517c835c41957dffec3,0.5833333333333333
69825516c835c41957dfeda0,69825517c835c41957e002a6,0.25
69825516c835c41957dfeda0,69825517c835c41957e002b3,0.5833333333333333
69825516c835c41957dfeda0,69825517c835c41957e0008f,0.5833333333333333
69825516c835c41957dff0d3,69825516c835c41957dff0dc,0.02631578947368421
69825516c835c41957dff0d3,69825516c835c41957dff0b1,0.02631578947368421
69825516c835c41957dff0d3,69825516c835c41957dff0ba,0.19298245614035087
69825516c835c41957dff0d3,69825516c835c41957dff05e,0.02631578947368421
69825516c835c41957dff0d3,69825516c835c41957dff069,0.02631578947368421
69825516c835c41957dff0d3,69825516c835c41957dff063,0.02631578947368421
69825516c835c41957dff0d3,69825516c835c41957dff06c,0.02631578947368421
69825516c835c41957dff0d3,69825516c835c41957dff070,0.02631578947368421
69825516c835c41957dff0d3,69825516c835c41957dff090,0.02631578947368421
69825516c835c41957dff0d3,69825516c835c41957dff0cd,0.02631578947368421
69825516c835c41957dff0d3,69825516c835c41957dff0cf,0.19298245614035087
69825516c835c41957dff0d3,69825516c835c41957dff0d6,0.02631578947368421
69825516c835c41957dff0d3,69825516c835c41957dff0b3,0.02631578947368421
69825516c835c41957dff0d3,69825516c835c41957dff0c8,0.02631578947368421
69825516c835c41957dff0d3,69825516c835c41957dff05f,0.02631578947368421
69825516c835c41957dff0d3,69825516c835c41957dff071,0.02631578947368421
69825516c835c41957dff0d3,69825516c835c41957dff0de,0.02631578947368421
69825516c835c41957dff0d3,69825516c835c41957dff091,0.02631578947368421
69825516c835c41957dff0d3,69825516c835c41957dff080,0.02631578947368421
69825516c835c41957dff0d3,69825516c835c41957dff064,0.02631578947368421
69825516c835c41957dff0d3,69825516c835c41957dff0b2,0.02631578947368421
69825516c835c41957dff0d3,69825516c835c41957dff09e,0.02631578947368421
69825516c835c41957dff0d3,69825516c835c41957dff072,0.02631578947368421
69825516c835c41957dff0d3,69825516c835c41957dff09d,0.19298245614035087
69825516c835c41957dff0d3,69825516c835c41957dff0db,0.02631578947368421
69825516c835c41957dff0d3,69825516c835c41957dff077,0.02631578947368421
69825516c835c41957dff0d3,69825516c835c41957dff0a2,0.02631578947368421
69825516c835c41957dff0d3,69825516c835c41957dff08f,0.02631578947368421
69825516c835c41957dff0d3,69825516c835c41957dff06f,0.02631578947368421
69825516c835c41957dff0d3,69825516c835c41957dff0d9,0.02631578947368421
69825516c835c41957dff0d3,69825516c835c41957dff0d1,0.02631578947368421
69825516c835c41957dfa41d,69825517c835c41957e01714,1.0
69825517c835c41957e00e38,69825517c835c41957dffc81,0.5
69825517c835c41957e00e38,69825517c835c41957e011d3,0.5
69825516c835c41957dfc205,69825517c835c41957e007c0,0.16666666666666666
69825516c835c41957dfc205,69825517c835c41957e00e96,0.16666666666666666
69825516c835c41957dfc205,69825516c835c41957dfba0e,0.16666666666666666
69825517c835c41957e0008f,69825517c835c41957dffec3,0.5833333333333333
69825517c835c41957e0008f,69825517c835c41957e002a6,0.25
69825517c835c41957e0008f,69825517c835c41957e002b3,0.5833333333333333
69825517c835c41957dff9f6,69825517c835c41957dffcc5,0.8333333333333333
69825517c835c41957e01678,69825517c835c41957e016af,0.14285714285714285
69825517c835c41957e01678,69825517c835c41957e0160d,0.14285714285714285
69825517c835c41957e01678,69825517c835c41957e016b3,0.14285714285714285
69825517c835c41957e01678,69825517c835c41957e015f2,0.14285714285714285
69825517c835c41957e01678,69825517c835c41957e01600,0.2857142857142857
69825517c835c41957e01678,69825517c835c41957e015db,0.14285714285714285
69825517c835c41957e01678,69825517c835c41957e016ba,0.14285714285714285
69825517c835c41957e01678,69825517c835c41957e016d1,0.14285714285714285
69825517c835c41957e01678,69825517c835c41957e0163c,0.14285714285714285
69825517c835c41957e01678,69825517c835c41957e0158a,0.14285714285714285
69825516c835c41957dfef9f,69825516c835c41957dff004,0.3052631578947368
69825516c835c41957dfef9f,69825516c835c41957dfef9e,0.25263157894736843
69825516c835c41957dfef9f,69825516c835c41957dff008,0.3052631578947368
69825516c835c41957dfef9f,69825516c835c41957dfca6c,0.25
69825516c835c41957dfef9f,69825516c835c41957dfefa4,0.3052631578947368
69825516c835c41957dfef9f,69825516c835c41957dfefb5,0.25263157894736843
69825516c835c41957dfef9f,69825516c835c41957dfeff2,0.3052631578947368
69825516c835c41957dfef9f,69825516c835c41957dfefa5,0.3052631578947368
69825516c835c41957dfef9f,69825516c835c41957dff006,0.3052631578947368
69825516c835c41957dfef9f,69825516c835c41957dfef9d,0.3052631578947368
69825516c835c41957dfef9f,69825516c835c41957dfefa1,0.3052631578947368
69825516c835c41957dfef9f,69825516c835c41957dfca6d,0.25
69825516c835c41957dfef9f,69825516c835c41957dfefb1,0.3052631578947368
69825517c835c41957dffdfb,69825517c835c41957e005ec,1.0
69825517c835c41957dffdfb,69825517c835c41957e00fc3,1.0
69825517c835c41957dffdfb,69825517c835c41957e01a28,2.833333333333333
69825517c835c41957dffdfb,69825516c835c41957dfe0a1,1.0
69825517c835c41957dffdfb,69825517c835c41957e01198,0.8333333333333333
69825516c835c41957dfd306,69825516c835c41957dfd321,0.8666666666666667
69825516c835c41957dfd306,69825516c835c41957dfcf6a,0.5333333333333333
69825516c835c41957dfd306,69825516c835c41957dfd1f1,0.2
69825516c835c41957dfe7cb,69825516c835c41957dfce9b,0.5
69825516c835c41957dfe7cb,69825516c835c41957dfedac,1.5
69825516c835c41957dfe7cb,69825516c835c41957dfa55b,1.0
69825516c835c41957dfc405,69825516c835c41957dfe1f9,0.2361111111111111
69825516c835c41957dfc405,69825516c835c41957dfe1ff,0.2361111111111111
69825516c835c41957dfc405,69825516c835c41957dfc601,0.125
69825516c835c41957dfc405,69825516c835c41957dfe497,0.1111111111111111
69825516c835c41957dfc405,69825516c835c41957dfe1f5,0.1111111111111111
69825516c835c41957dfc405,69825516c835c41957dfe207,0.2361111111111111
69825516c835c41957dfc405,69825516c835c41957dfe1f8,0.2361111111111111
69825516c835c41957dfc405,69825516c835c41957dfe1fb,0.2361111111111111
69825517c835c41957e01501,69825517c835c41957dff796,0.3333333333333333
69825516c835c41957dff0d6,69825516c835c41957dff0dc,0.02631578947368421
69825516c835c41957dff0d6,69825516c835c41957dff0b1,0.02631578947368421
69825516c835c41957dff0d6,69825516c835c41957dff0ba,0.02631578947368421
69825516c835c41957dff0d6,69825516c835c41957dff05e,0.02631578947368421
69825516c835c41957dff0d6,69825516c835c41957dff069,0.02631578947368421
69825516c835c41957dff0d6,69825516c835c41957dff063,0.02631578947368421
69825516c835c41957dff0d6,69825516c835c41957dff06c,0.02631578947368421
69825516c835c41957dff0d6,69825516c835c41957dff070,0.02631578947368421
69825516c835c41957dff0d6,69825516c835c41957dff090,0.02631578947368421
69825516c835c41957dff0d6,69825516c835c41957dff0cd,0.02631578947368421
69825516c835c41957dff0d6,69825516c835c41957dff0cf,0.02631578947368421
69825516c835c41957dff0d6,69825516c835c41957dff0b3,0.02631578947368421
69825516c835c41957dff0d6,69825516c835c41957dff0c8,0.02631578947368421
69825516c835c41957dff0d6,69825516c835c41957dff05f,0.02631578947368421
69825516c835c41957dff0d6,69825516c835c41957dff071,0.02631578947368421
69825516c835c41957dff0d6,69825516c835c41957dff0de,0.02631578947368421
69825516c835c41957dff0d6,69825516c835c41957dff091,0.02631578947368421
69825516c835c41957dff0d6,69825516c835c41957dff080,0.02631578947368421
69825516c835c41957dff0d6,69825516c835c41957dff064,0.02631578947368421
69825516c835c41957dff0d6,69825516c835c41957dff0b2,0.02631578947368421
69825516c835c41957dff0d6,69825516c835c41957dff09e,0.02631578947368421
69825516c835c41957dff0d6,69825516c835c41957dff072,0.02631578947368421
69825516c835c41957dff0d6,69825516c835c41957dff09d,0.02631578947368421
69825516c835c41957dff0d6,69825516c835c41957dff0db,0.02631578947368421
69825516c835c41957dff0d6,69825516c835c41957dff077,0.02631578947368421
69825516c835c41957dff0d6,69825516c835c41957dff0a2,0.35964912280701755
69825516c835c41957dff0d6,69825516c835c41957dff08f,0.02631578947368421
69825516c835c41957dff0d6,69825516c835c41957dff06f,0.35964912280701755
69825516c835c41957dff0d6,69825516c835c41957dff0d9,0.35964912280701755
69825516c835c41957dff0d6,69825516c835c41957dff0d1,0.02631578947368421
69825516c835c41957dff0b3,69825516c835c41957dff0dc,0.02631578947368421
69825516c835c41957dff0b3,69825516c835c41957dff0b1,0.02631578947368421
69825516c835c41957dff0b3,69825516c835c41957dff0ba,0.02631578947368421
69825516c835c41957dff0b3,69825516c835c41957dff05e,0.02631578947368421
69825516c835c41957dff0b3,69825516c835c41957dff069,0.02631578947368421
69825516c835c41957dff0b3,69825516c835c41957dff063,0.02631578947368421
69825516c835c41957dff0b3,69825516c835c41957dff06c,0.02631578947368421
69825516c835c41957dff0b3,69825516c835c41957dff070,0.02631578947368421
69825516c835c41957dff0b3,69825516c835c41957dff090,0.02631578947368421
69825516c835c41957dff0b3,69825516c835c41957dff0cd,0.02631578947368421
69825516c835c41957dff0b3,69825516c835c41957dff0cf,0.02631578947368421
69825516c835c41957dff0b3,69825516c835c41957dff0c8,0.02631578947368421
69825516c835c41957dff0b3,69825516c835c41957dff05f,0.02631578947368421
69825516c835c41957dff0b3,69825516c835c41957dff071,0.02631578947368421
69825516c835c41957dff0b3,69825516c835c41957dff0de,0.02631578947368421
69825516c835c41957dff0b3,69825516c835c41957dff091,0.02631578947368421
69825516c835c41957dff0b3,69825516c835c41957dff080,0.02631578947368421
69825516c835c41957dff0b3,69825516c835c41957dff064,0.02631578947368421
69825516c835c41957dff0b3,69825516c835c41957dff0b2,0.02631578947368421
69825516c835c41957dff0b3,69825516c835c41957dff09e,0.02631578947368421
69825516c835c41957dff0b3,69825516c835c41957dff072,0.02631578947368421
69825516c835c41957dff0b3,69825516c835c41957dff09d,0.02631578947368421
69825516c835c41957dff0b3,69825516c835c41957dff0db,0.02631578947368421
69825516c835c41957dff0b3,69825516c835c41957dff077,0.02631578947368421
69825516c835c41957dff0b3,69825516c835c41957dff0a2,0.02631578947368421
69825516c835c41957dff0b3,69825516c835c41957dff08f,0.02631578947368421
69825516c835c41957dff0b3,69825516c835c41957dff06f,0.02631578947368421
69825516c835c41957dff0b3,69825516c835c41957dff0d9,0.02631578947368421
69825516c835c41957dff0b3,69825516c835c41957dff0d1,0.02631578947368421
69825517c835c41957e01231,69825516c835c41957df9d67,0.5
69825516c835c41957dfda41,69825516c835c41957dfbae2,0.05263157894736842
69825516c835c41957dfda41,69825516c835c41957dfe034,0.05263157894736842
69825516c835c41957dfda41,69825516c835c41957dfd0c9,0.05263157894736842
69825516c835c41957dfda41,69825517c835c41957e0061b,0.05263157894736842
69825516c835c41957dfda41,69825516c835c41957dfca1e,0.05263157894736842
69825516c835c41957dfda41,69825516c835c41957dfab42,0.05263157894736842
69825516c835c41957dfda41,69825516c835c41957dfb813,0.05263157894736842
69825516c835c41957dfda41,69825516c835c41957dfba04,0.05263157894736842
69825516c835c41957dfda41,69825516c835c41957dfd30a,0.05263157894736842
69825516c835c41957dfda41,69825516c835c41957dfd0ca,0.05263157894736842
69825516c835c41957dfda41,69825516c835c41957dfcce8,0.05263157894736842
69825516c835c41957dfda41,69825516c835c41957dfd2f0,0.05263157894736842
69825516c835c41957dfef9d,69825516c835c41957dff004,0.36081871345029237
69825516c835c41957dfef9d,69825516c835c41957dfef9e,0.30818713450292395
69825516c835c41957dfef9d,69825516c835c41957dff008,0.36081871345029237
69825516c835c41957dfef9d,69825516c835c41957dfefa4,0.36081871345029237
69825516c835c41957dfef9d,69825516c835c41957dfde06,0.3333333333333333
69825516c835c41957dfef9d,69825516c835c41957dfefb5,0.30818713450292395
69825516c835c41957dfef9d,69825516c835c41957dfcec2,0.3333333333333333
69825516c835c41957dfef9d,69825516c835c41957dfeff2,0.36081871345029237
69825516c835c41957dfef9d,69825516c835c41957dfefa5,0.36081871345029237
69825516c835c41957dfef9d,69825516c835c41957dff006,0.36081871345029237
69825516c835c41957dfef9d,69825516c835c41957dfefa1,0.36081871345029237
69825516c835c41957dfef9d,69825517c835c41957dffd4f,0.3333333333333333
69825516c835c41957dfef9d,69825516c835c41957dfefb1,0.36081871345029237
69825517c835c41957e016af,69825517c835c41957e0160d,0.14285714285714285
69825517c835c41957e016af,69825517c835c41957e016b3,0.14285714285714285
69825517c835c41957e016af,69825517c835c41957e01600,0.14285714285714285
69825517c835c41957e016af,69825517c835c41957e016ba,0.14285714285714285
69825517c835c41957e016af,69825517c835c41957e016d1,0.14285714285714285
69825517c835c41957e016af,69825517c835c41957e015f2,0.14285714285714285
69825517c835c41957e00950,69825516c835c41957dfdb9b,1.0
69825517c835c41957e00950,69825517c835c41957e00d24,0.25
69825516c835c41957dfdb65,69825517c835c41957e0174b,0.5
69825516c835c41957dfc906,69825516c835c41957dfb3f4,0.5
69825516c835c41957dfc906,69825517c835c41957dffd3a,0.5
69825516c835c41957dfb2c5,69825516c835c41957dfb3c6,0.1111111111111111
69825516c835c41957dfb2c5,69825516c835c41957dfb522,0.2
69825516c835c41957dfb2c5,69825516c835c41957dfb263,0.2
69825516c835c41957dfb2c5,69825516c835c41957dfb3c3,0.1111111111111111
69825516c835c41957dfb2c5,69825516c835c41957dfb1d4,0.1111111111111111
69825516c835c41957dfb2c5,69825516c835c41957dfb32c,0.1111111111111111
69825516c835c41957dfb2c5,69825516c835c41957dfb193,0.3111111111111111
69825516c835c41957dfb2c5,69825516c835c41957dfb3e3,0.2
69825516c835c41957dfb2c5,69825516c835c41957dfb319,0.1111111111111111
69825516c835c41957dfb2c5,69825516c835c41957dfb525,0.2
69825517c835c41957dffbaa,69825516c835c41957dfe47d,0.3333333333333333
69825517c835c41957dffbaa,69825517c835c41957dffba9,1.3333333333333333
69825517c835c41957e00d1c,69825516c835c41957dfb651,0.25
69825517c835c41957e00d1c,69825516c835c41957dfd215,0.25
69825517c835c41957e00d1c,69825516c835c41957dfa9be,0.25
69825516c835c41957dfe085,69825516c835c41957dfac7c,0.5
69825516c835c41957dfe085,69825516c835c41957dfe091,2.0
69825516c835c41957dfa511,69825516c835c41957dfa52a,2.833333333333333
69825516c835c41957dfa511,69825516c835c41957dfa42e,1.3333333333333333
69825516c835c41957dfa511,69825516c835c41957dfa428,1.0
69825516c835c41957dfa511,69825516c835c41957dfe1a0,1.0
69825516c835c41957dfa511,69825516c835c41957dfa4ba,0.75
69825516c835c41957dfa511,69825516c835c41957dfa3f7,1.5
69825516c835c41957dfa511,69825516c835c41957dfa429,1.0
69825516c835c41957dfa511,69825516c835c41957dfa4bc,1.75
69825516c835c41957dfa511,69825516c835c41957dfa466,1.3333333333333333
69825516c835c41957dfa511,69825516c835c41957dfa42d,0.25
69825516c835c41957dfd0c7,69825516c835c41957dfc91e,0.25
69825516c835c41957dfd0c7,69825517c835c41957e00c9b,0.25
69825517c835c41957e0161b,69825517c835c41957e01662,0.11428571428571428
69825517c835c41957e0161b,69825517c835c41957e01661,0.13852813852813853
69825517c835c41957e0161b,69825517c835c41957e01644,0.2051948051948052
69825517c835c41957e0161b,69825517c835c41957e016ba,0.1
69825517c835c41957e0161b,69825517c835c41957e015f2,0.1
69825517c835c41957e0161b,69825517c835c41957e016b7,0.30519480519480524
69825517c835c41957e0161b,69825517c835c41957e015a4,0.30519480519480524
69825517c835c41957e0161b,69825517c835c41957e0161f,1.2142857142857144
69825517c835c41957e0161b,69825517c835c41957e015d3,0.11428571428571428
69825517c835c41957e0161b,69825517c835c41957e0157c,0.047619047619047616
69825517c835c41957e0161b,69825517c835c41957e015b0,0.11428571428571428
69825517c835c41957e0161b,69825517c835c41957e01617,0.13852813852813853
69825517c835c41957e0161b,69825517c835c41957e015db,0.06666666666666667
69825517c835c41957e0161b,69825517c835c41957e016d1,0.14761904761904762
69825517c835c41957e0161b,69825517c835c41957e01645,0.16666666666666669
69825517c835c41957e0161b,69825517c835c41957e016aa,0.047619047619047616
69825517c835c41957e0161b,69825517c835c41957e016b3,0.1
69825517c835c41957e0161b,69825517c835c41957e0168f,0.13852813852813853
69825516c835c41957dfd743,69825517c835c41957e00bfb,0.5
69825516c835c41957dfd743,69825516c835c41957dfdcf6,0.5
69825516c835c41957dfd743,69825517c835c41957e013ee,0.5
69825517c835c41957e006bc,69825517c835c41957dffc3a,1.5
69825517c835c41957e006bc,69825517c835c41957dffb4a,0.5
69825516c835c41957dfd0cf,69825516c835c41957dff253,0.14285714285714285
69825516c835c41957dfd0cf,69825516c835c41957dff2c0,0.14285714285714285
69825516c835c41957dfd0cf,69825516c835c41957dfdbbc,0.14285714285714285
69825516c835c41957dfd0cf,69825516c835c41957dfb78d,0.14285714285714285
69825516c835c41957dfd0cf,69825516c835c41957dfb7b7,0.14285714285714285
69825516c835c41957dfd0cf,69825516c835c41957dfc98a,1.0
69825516c835c41957dfd0cf,69825516c835c41957dfd305,0.14285714285714285
69825516c835c41957dfa42d,69825516c835c41957dfa52a,0.5
69825516c835c41957dfa42d,69825516c835c41957dfa42e,1.0
69825516c835c41957dfa42d,69825516c835c41957dfa4ba,2.25
69825516c835c41957dfa42d,69825516c835c41957dfa428,1.0
69825516c835c41957dfa42d,69825516c835c41957dfa47c,1.0
69825516c835c41957dfa42d,69825516c835c41957dfcd56,0.5
69825516c835c41957dfa42d,69825516c835c41957dfa465,0.5
69825516c835c41957dfa42d,69825516c835c41957dfa3f7,1.0
69825516c835c41957dfa42d,69825516c835c41957dfa429,2.5
69825516c835c41957dfa42d,69825516c835c41957dfa4bc,1.75
69825516c835c41957dfa42d,69825516c835c41957dfa466,0.75
69825517c835c41957e00d4d,69825516c835c41957dfc5a3,0.06666666666666667
69825517c835c41957e00d4d,69825516c835c41957dfc5a2,0.06666666666666667
69825517c835c41957e00d4d,69825517c835c41957e00d4f,0.06666666666666667
69825517c835c41957e00d4d,69825516c835c41957dfe76d,0.06666666666666667
69825517c835c41957e00d4d,69825517c835c41957e007bf,0.06666666666666667
69825517c835c41957e00d4d,69825517c835c41957e00348,0.06666666666666667
69825517c835c41957e00d4d,69825516c835c41957dfc207,0.06666666666666667
69825517c835c41957e00d4d,69825516c835c41957dfba0e,0.06666666666666667
69825517c835c41957e00d4d,69825516c835c41957dfc572,0.06666666666666667
69825517c835c41957e00d4d,69825516c835c41957dfc571,0.06666666666666667
69825516c835c41957dfc5a2,69825516c835c41957dfc5a3,0.06666666666666667
69825516c835c41957dfc5a2,69825517c835c41957e00d4f,0.06666666666666667
69825516c835c41957dfc5a2,69825517c835c41957e007bf,0.06666666666666667
69825516c835c41957dfc5a2,69825516c835c41957dfe76d,0.06666666666666667
69825516c835c41957dfc5a2,69825517c835c41957e00348,0.06666666666666667
69825516c835c41957dfc5a2,69825516c835c41957dfc207,0.06666666666666667
69825516c835c41957dfc5a2,69825516c835c41957dfba0e,0.06666666666666667
69825516c835c41957dfc5a2,69825516c835c41957dfc572,0.06666666666666667
69825516c835c41957dfc5a2,69825516c835c41957dfc571,0.06666666666666667
69825517c835c41957dffb7f,69825516c835c41957dfeee7,0.3333333333333333
69825516c835c41957dfd5ce,69825517c835c41957e012c6,0.5
69825516c835c41957dfd5ce,69825516c835c41957dfa5a2,0.5
69825516c835c41957df9e26,69825516c835c41957dfd742,1.0
69825516c835c41957dfcce3,69825516c835c41957dff398,0.16666666666666666
69825516c835c41957dfcce3,69825516c835c41957dff39e,0.3333333333333333
69825516c835c41957dfcce3,69825517c835c41957dff437,1.0
69825516c835c41957dfcce3,69825516c835c41957dfa4c5,0.5
69825516c835c41957dfcce3,69825516c835c41957dfa390,1.1666666666666667
69825516c835c41957dfcce3,69825516c835c41957dfd5c6,0.16666666666666666
69825516c835c41957dfcce3,69825516c835c41957dfa50f,0.16666666666666666
69825516c835c41957dfcce3,69825517c835c41957e0132e,0.5
69825516c835c41957dfe5e5,69825516c835c41957df9c99,0.25
69825516c835c41957dfe5e5,69825516c835c41957dfe795,0.25
69825517c835c41957e01a28,69825516c835c41957dfac2c,2.0
69825517c835c41957e01a28,69825517c835c41957e01198,0.3333333333333333
69825517c835c41957e01a27,69825517c835c41957e00dec,2.0
69825517c835c41957e01a27,69825516c835c41957dfad0f,1.0
69825517c835c41957e01807,69825517c835c41957e0080a,0.3333333333333333
69825517c835c41957e01807,69825517c835c41957e01804,0.3333333333333333
69825517c835c41957e01807,69825517c835c41957dffc89,0.3333333333333333
69825516c835c41957dfc843,69825516c835c41957dfb5bf,0.14285714285714285
69825516c835c41957dfc843,69825517c835c41957e003a7,0.14285714285714285
69825516c835c41957dfc843,69825516c835c41957dfc84a,0.3333333333333333
69825516c835c41957dfc843,69825516c835c41957dfc802,0.14285714285714285
69825517c835c41957dffc5c,69825516c835c41957dfee01,0.25
69825517c835c41957dffc5c,69825516c835c41957dfe7ff,0.3333333333333333
69825517c835c41957dffc5c,69825516c835c41957dfdd91,0.25
69825517c835c41957dffc5c,69825516c835c41957dfbfed,0.25
69825517c835c41957dffc5c,69825516c835c41957dfd2dc,0.3333333333333333
69825517c835c41957e01990,69825517c835c41957e019ef,1.0
69825517c835c41957e01990,69825516c835c41957dfb7e4,1.0
69825516c835c41957dfa4bc,69825516c835c41957dfe6d3,0.1111111111111111
69825516c835c41957dfa4bc,69825516c835c41957dfa52a,1.5
69825516c835c41957dfa4bc,69825516c835c41957dfa4ba,2.0833333333333335
69825516c835c41957dfa4bc,69825516c835c41957dfa465,0.5333333333333333
69825516c835c41957dfa4bc,69825516c835c41957dfa42e,2.033333333333333
69825516c835c41957dfa4bc,69825516c835c41957dfa522,0.2
69825516c835c41957dfa4bc,69825516c835c41957dfe78c,0.1111111111111111
69825516c835c41957dfa4bc,69825516c835c41957dfa466,2.5
69825516c835c41957dfa4bc,69825516c835c41957dfefed,0.25
69825516c835c41957dfa4bc,69825516c835c41957dfe4b4,0.25
69825516c835c41957dfa4bc,69825516c835c41957dfe66f,0.1111111111111111
69825516c835c41957dfa4bc,69825516c835c41957dfa47c,0.5333333333333333
69825516c835c41957dfa4bc,69825516c835c41957dfa429,1.5
69825516c835c41957dfa4bc,69825517c835c41957e0106c,0.1111111111111111
69825516c835c41957dfa4bc,69825516c835c41957dfa428,1.0333333333333332
69825516c835c41957dfa4bc,69825516c835c41957dfe6d4,0.1111111111111111
69825517c835c41957dffe7b,69825516c835c41957dfc0cc,1.5
69825517c835c41957dffe7b,69825516c835c41957dfbb45,0.5
69825516c835c41957dfa559,69825516c835c41957dfa553,1.0
69825516c835c41957dfa559,69825517c835c41957dffb5f,0.25
69825516c835c41957dfa559,69825516c835c41957dff01f,0.25
69825516c835c41957dfa559,69825516c835c41957dfd0bb,0.5
69825516c835c41957dfa559,69825516c835c41957dfa56f,0.25
69825516c835c41957dfc609,69825516c835c41957dfc5d0,1.0
69825516c835c41957dfdd1f,69825517c835c41957dff86a,0.06666666666666667
69825516c835c41957dfdd1f,69825516c835c41957dfdd86,0.06666666666666667
69825516c835c41957dfdd1f,69825516c835c41957dfee8d,0.06666666666666667
69825516c835c41957dfdd1f,69825516c835c41957dfa5a4,0.5666666666666667
69825516c835c41957dfdd1f,69825516c835c41957dfb62b,0.06666666666666667
69825516c835c41957dfdd1f,69825516c835c41957dfdd8c,0.06666666666666667
69825516c835c41957dfdd1f,69825516c835c41957dfa821,0.06666666666666667
69825516c835c41957dfdd1f,69825516c835c41957dfb9af,0.5666666666666667
69825516c835c41957dfdd1f,69825517c835c41957dff863,0.06666666666666667
69825516c835c41957dfdd1f,69825516c835c41957dfdd52,0.06666666666666667
69825516c835c41957dfa578,69825516c835c41957dfa860,0.5
69825516c835c41957dfa578,69825516c835c41957dfa3f9,1.0
69825516c835c41957dfa578,69825516c835c41957dfa4cd,0.5
69825517c835c41957dff524,69825516c835c41957dfda9a,1.0
69825517c835c41957dffd62,69825517c835c41957dffd58,0.07407407407407407
69825517c835c41957dffd62,69825517c835c41957dffd59,0.07407407407407407
69825517c835c41957dffd62,69825517c835c41957dffd3c,0.07407407407407407
69825517c835c41957dffd62,69825517c835c41957dffd39,0.07407407407407407
69825517c835c41957dffd62,69825517c835c41957dffd64,0.07407407407407407
69825517c835c41957dffd62,69825517c835c41957dffd60,0.07407407407407407
69825517c835c41957dffd62,69825517c835c41957dffd4f,0.07407407407407407
69825517c835c41957dffd62,69825517c835c41957e012a7,0.037037037037037035
69825517c835c41957dffd62,69825517c835c41957dffd50,0.07407407407407407
69825517c835c41957dffd62,69825517c835c41957dffd3f,0.07407407407407407
69825517c835c41957dffd62,69825517c835c41957dffd53,0.07407407407407407
69825516c835c41957dfe1a7,69825517c835c41957e001e5,1.0
69825516c835c41957dfa054,69825516c835c41957dfa076,0.6428571428571428
69825516c835c41957dfa054,69825517c835c41957e00e3f,0.6428571428571428
69825516c835c41957dfa054,69825516c835c41957dfa073,0.6428571428571428
69825516c835c41957dfa054,69825517c835c41957e00f20,0.6428571428571428
69825516c835c41957dfa054,69825516c835c41957dfa08c,0.6428571428571428
69825516c835c41957dfce4e,69825516c835c41957dfcd4d,0.1111111111111111
69825516c835c41957dfce4e,69825517c835c41957e00524,0.1111111111111111
69825516c835c41957dfce4e,69825516c835c41957dfa636,0.3111111111111111
69825516c835c41957dfce4e,69825517c835c41957e00525,0.1111111111111111
69825516c835c41957dfce4e,69825516c835c41957dfe7d1,0.1111111111111111
69825516c835c41957dfce4e,69825516c835c41957dfd19c,0.1111111111111111
69825516c835c41957dfe7ff,69825517c835c41957e00dc0,0.08333333333333333
69825516c835c41957dfe7ff,69825516c835c41957dfd2df,0.08333333333333333
69825516c835c41957dfe7ff,69825517c835c41957e019f3,0.5
69825516c835c41957dfe7ff,69825517c835c41957dff910,0.08333333333333333
69825516c835c41957dfe7ff,69825516c835c41957dfc990,0.5
69825516c835c41957dfe7ff,69825516c835c41957dfd069,0.16666666666666666
69825516c835c41957dfe7ff,69825516c835c41957dfef52,0.125
69825516c835c41957dfe7ff,69825516c835c41957dff145,0.08333333333333333
69825516c835c41957dfe7ff,69825517c835c41957dffef9,0.25
69825516c835c41957dfe7ff,69825516c835c41957dfa7ad,0.08333333333333333
69825516c835c41957dfe7ff,69825516c835c41957dfd307,0.08333333333333333
69825516c835c41957dfe7ff,69825516c835c41957dfef51,0.08333333333333333
69825516c835c41957dfe7ff,69825516c835c41957dfb7ac,0.3333333333333333
69825516c835c41957dfe7ff,69825516c835c41957dfbf53,0.08333333333333333
69825516c835c41957dfe7ff,69825516c835c41957dfd892,0.125
69825516c835c41957dfe7ff,69825517c835c41957dff40f,0.08333333333333333
69825516c835c41957dfe7ff,69825517c835c41957dff402,0.08333333333333333
69825516c835c41957dfe7ff,69825516c835c41957dfccb0,0.08333333333333333
69825516c835c41957dfe7ff,69825517c835c41957e00a30,0.125
69825516c835c41957dfe7ff,69825516c835c41957dfa333,0.3333333333333333
69825516c835c41957dfe7ff,69825516c835c41957dfc98b,0.08333333333333333
69825516c835c41957dfe7ff,69825517c835c41957e01add,0.25
69825516c835c41957dfe7ff,69825516c835c41957dfd2dc,8.5
69825516c835c41957dfe7ff,69825516c835c41957dfe848,0.20833333333333331
69825516c835c41957dfe7ff,69825516c835c41957dfaa76,0.125
69825516c835c41957dfe7ff,69825516c835c41957dfef62,0.125
69825516c835c41957dfe7ff,69825517c835c41957dff465,0.25
69825516c835c41957dfe7ff,69825516c835c41957df9e4a,0.3333333333333333
69825516c835c41957dfb805,69825516c835c41957dfe848,0.25
69825516c835c41957dfb805,69825516c835c41957dfb7aa,0.5
69825516c835c41957dfb805,69825516c835c41957dfd961,0.25
69825516c835c41957dfb805,69825516c835c41957dfe849,0.25
69825516c835c41957dfb805,69825516c835c41957dfa2f0,0.25
69825517c835c41957dffd51,69825517c835c41957dffd37,0.6666666666666666
69825517c835c41957dffd51,69825517c835c41957dffd56,0.6666666666666666
69825517c835c41957dffd51,69825517c835c41957dffd4d,0.6666666666666666
69825516c835c41957dfc145,69825516c835c41957dfb9f8,0.5
69825516c835c41957dfa49d,69825516c835c41957dff355,1.5333333333333332
69825516c835c41957dfa49d,69825516c835c41957dfbde1,0.2
69825516c835c41957dfa49d,69825516c835c41957dfca2b,0.3666666666666667
69825516c835c41957dfa49d,69825516c835c41957dfa409,0.16666666666666666
69825516c835c41957dfa49d,69825516c835c41957dfd343,0.16666666666666666
69825516c835c41957dfa49d,69825516c835c41957dfe849,0.16666666666666666
69825516c835c41957dfa49d,69825516c835c41957dfe793,0.16666666666666666
69825516c835c41957dfa49d,69825517c835c41957e002a8,0.3666666666666667
69825516c835c41957dfa49d,69825516c835c41957dfa2f0,0.16666666666666666
69825517c835c41957e015d3,69825517c835c41957e01662,0.11428571428571428
69825517c835c41957e015d3,69825517c835c41957e01661,0.047619047619047616
69825517c835c41957e015d3,69825517c835c41957e01644,0.11428571428571428
69825517c835c41957e015d3,69825517c835c41957e016b7,0.11428571428571428
69825517c835c41957e015d3,69825517c835c41957e015a4,0.11428571428571428
69825517c835c41957e015d3,69825517c835c41957e0161f,0.11428571428571428
69825517c835c41957e015d3,69825517c835c41957e0157c,0.047619047619047616
69825517c835c41957e015d3,69825517c835c41957e015b0,0.11428571428571428
69825517c835c41957e015d3,69825517c835c41957e01617,0.047619047619047616
69825517c835c41957e015d3,69825517c835c41957e015db,0.06666666666666667
69825517c835c41957e015d3,69825517c835c41957e016d1,0.047619047619047616
69825517c835c41957e015d3,69825517c835c41957e01645,0.06666666666666667
69825517c835c41957e015d3,69825517c835c41957e016aa,0.047619047619047616
69825517c835c41957e015d3,69825517c835c41957e0168f,0.047619047619047616
69825516c835c41957dfe0e9,69825516c835c41957dfedaa,0.25757575757575757
69825516c835c41957dfe0e9,69825517c835c41957dff962,0.09090909090909091
69825516c835c41957dfe0e9,69825517c835c41957dff964,0.09090909090909091
69825516c835c41957dfe0e9,69825517c835c41957dffc78,0.09090909090909091
69825516c835c41957dfe0e9,69825516c835c41957dfe0e5,0.7575757575757576
69825516c835c41957dfe0e9,69825517c835c41957dff963,0.09090909090909091
69825516c835c41957dfe0e9,69825517c835c41957dff966,0.5
69825516c835c41957dfe0e9,69825516c835c41957dfedab,0.25757575757575757
69825516c835c41957dfe0e9,69825516c835c41957dfd405,0.25757575757575757
69825516c835c41957dfee8d,69825517c835c41957dff86a,0.06666666666666667
69825516c835c41957dfee8d,69825516c835c41957dfdd86,0.06666666666666667
69825516c835c41957dfee8d,69825516c835c41957dfb62b,0.06666666666666667
69825516c835c41957dfee8d,69825516c835c41957dfa5a4,0.39999999999999997
69825516c835c41957dfee8d,69825516c835c41957dfdd8c,0.06666666666666667
69825516c835c41957dfee8d,69825516c835c41957dfa821,0.06666666666666667
69825516c835c41957dfee8d,69825516c835c41957dfb9af,0.39999999999999997
69825516c835c41957dfee8d,69825517c835c41957dff863,0.06666666666666667
69825516c835c41957dfee8d,69825516c835c41957dfdd52,0.06666666666666667
69825516c835c41957dfe772,69825517c835c41957e00dc0,0.5
69825516c835c41957dfe772,69825517c835c41957e00d01,2.0
69825516c835c41957dfe772,69825516c835c41957dfc00c,0.5
69825516c835c41957dfa9b6,69825517c835c41957e019ff,0.5
69825516c835c41957dfa9b6,69825516c835c41957dfbc9f,0.5
69825516c835c41957dfa4fc,69825516c835c41957dfa48c,0.14285714285714285
69825516c835c41957dfa4fc,69825517c835c41957e00a2a,0.14285714285714285
69825516c835c41957dfa4fc,69825516c835c41957dff398,0.14285714285714285
69825516c835c41957dfa4fc,69825516c835c41957dfd2fc,0.3333333333333333
69825516c835c41957dfa4fc,69825516c835c41957dfa356,3.4761904761904763
69825516c835c41957dfa4fc,69825516c835c41957dfa390,0.14285714285714285
69825516c835c41957dfa4fc,69825517c835c41957dffdfa,0.14285714285714285
69825516c835c41957dfa4fc,69825517c835c41957e0132e,0.14285714285714285
69825517c835c41957e016aa,69825517c835c41957e01662,0.047619047619047616
69825517c835c41957e016aa,69825517c835c41957e01661,0.047619047619047616
69825517c835c41957e016aa,69825517c835c41957e016d5,0.1
69825517c835c41957e016aa,69825517c835c41957e015c0,0.1
69825517c835c41957e016aa,69825517c835c41957e01690,0.1
69825517c835c41957e016aa,69825517c835c41957e01644,0.047619047619047616
69825517c835c41957e016aa,69825517c835c41957e015da,0.1
69825517c835c41957e016aa,69825517c835c41957e01622,0.1
69825517c835c41957e016aa,69825517c835c41957e016b7,0.047619047619047616
69825517c835c41957e016aa,69825517c835c41957e015a4,0.047619047619047616
69825517c835c41957e016aa,69825517c835c41957e0161f,0.047619047619047616
69825517c835c41957e016aa,69825517c835c41957e0157c,0.047619047619047616
69825517c835c41957e016aa,69825517c835c41957e015b0,0.047619047619047616
69825517c835c41957e016aa,69825517c835c41957e01617,0.047619047619047616
69825517c835c41957e016aa,69825517c835c41957e016d1,0.047619047619047616
69825517c835c41957e016aa,69825517c835c41957e01600,0.1
69825517c835c41957e016aa,69825516c835c41957dfa7f4,0.1
69825517c835c41957e016aa,69825517c835c41957e0168f,0.047619047619047616
69825516c835c41957dfd17f,69825517c835c41957e0022c,1.0
69825516c835c41957dfd17f,69825516c835c41957dfd0cd,2.0
69825516c835c41957dfbc27,69825516c835c41957dfbbea,0.05
69825516c835c41957dfbc27,69825516c835c41957dfbbe4,0.05
69825516c835c41957dfbc27,69825516c835c41957dfbbba,0.05
69825516c835c41957dfbc27,69825516c835c41957dfbc0f,0.05
69825516c835c41957dfbc27,69825516c835c41957dfbbb8,0.05
69825516c835c41957dfbc27,69825516c835c41957dfbbb7,0.05
69825516c835c41957dfbc27,69825516c835c41957dfbc20,0.05
69825516c835c41957dfbc27,69825516c835c41957dfbbb2,0.05
69825516c835c41957dfbc27,69825516c835c41957dfbc2c,0.05
69825516c835c41957dfbc27,69825516c835c41957dfbc0e,0.05
69825516c835c41957dfbc27,69825516c835c41957dfbc1b,0.05
69825516c835c41957dfbc27,69825516c835c41957dfbbc3,0.05
69825516c835c41957dfdc15,69825516c835c41957dfd889,0.05555555555555555
69825516c835c41957dfdc15,69825516c835c41957dfe123,0.05555555555555555
69825516c835c41957dfdc15,69825517c835c41957dff88b,0.05555555555555555
69825516c835c41957dfdc15,69825517c835c41957dffb45,0.05555555555555555
69825516c835c41957dfdc15,69825517c835c41957e00628,0.05555555555555555
69825516c835c41957dfdc15,69825516c835c41957dfef54,0.05555555555555555
69825516c835c41957dfdc15,69825517c835c41957e0088e,0.05555555555555555
69825516c835c41957dfdc15,69825516c835c41957dfdfa6,0.05555555555555555
69825516c835c41957dfdc15,69825516c835c41957dfa352,4.055555555555555
69825516c835c41957dfdc15,69825516c835c41957dfd70f,0.05555555555555555
69825516c835c41957dfdc15,69825516c835c41957dfe802,0.05555555555555555
69825516c835c41957dfdc15,69825517c835c41957e0042c,0.05555555555555555
69825517c835c41957e005f7,69825516c835c41957dfa528,1.0
69825516c835c41957dfaa76,69825516c835c41957dfe848,0.125
69825516c835c41957dfaa76,69825516c835c41957dfaa2f,0.16666666666666666
69825516c835c41957dfaa76,69825516c835c41957dfaa2c,0.16666666666666666
69825516c835c41957dfaa76,69825517c835c41957e00a30,0.125
69825516c835c41957dfaa76,69825516c835c41957dfef62,0.125
69825516c835c41957dfaa76,69825517c835c41957dff930,0.16666666666666666
69825516c835c41957dfaa76,69825516c835c41957dfef52,0.125
69825516c835c41957dfaa76,69825516c835c41957dfeefa,1.0
69825516c835c41957dfaa76,69825516c835c41957dfaa2d,0.16666666666666666
69825516c835c41957dfaa76,69825517c835c41957e0047e,1.0
69825516c835c41957dfaa76,69825516c835c41957dfd892,0.125
69825516c835c41957dfaa76,69825516c835c41957dfb917,1.0
69825516c835c41957dfd8f2,69825516c835c41957dfa593,1.0
69825516c835c41957dfd8f2,69825517c835c41957dffb7c,0.5
69825516c835c41957dfd8f2,69825516c835c41957dff2c0,0.2
69825516c835c41957dfd8f2,69825516c835c41957dfdbbc,0.2
69825516c835c41957dfd8f2,69825516c835c41957dfa2f0,0.2
69825516c835c41957dfd8f2,69825516c835c41957dfd305,0.2
69825516c835c41957dff0a2,69825516c835c41957dff0dc,0.02631578947368421
69825516c835c41957dff0a2,69825516c835c41957dff0b1,0.02631578947368421
69825516c835c41957dff0a2,69825516c835c41957dff0ba,0.02631578947368421
69825516c835c41957dff0a2,69825516c835c41957dff05e,0.02631578947368421
69825516c835c41957dff0a2,69825516c835c41957dff069,0.02631578947368421
69825516c835c41957dff0a2,69825516c835c41957dff063,0.02631578947368421
69825516c835c41957dff0a2,69825516c835c41957dff06c,0.02631578947368421
69825516c835c41957dff0a2,69825516c835c41957dff070,0.02631578947368421
69825516c835c41957dff0a2,69825516c835c41957dff090,0.02631578947368421
69825516c835c41957dff0a2,69825516c835c41957dff0cd,0.02631578947368421
69825516c835c41957dff0a2,69825516c835c41957dff0cf,0.02631578947368421
69825516c835c41957dff0a2,69825516c835c41957dff0c8,0.02631578947368421
69825516c835c41957dff0a2,69825516c835c41957dff05f,0.02631578947368421
69825516c835c41957dff0a2,69825516c835c41957dff071,0.02631578947368421
69825516c835c41957dff0a2,69825516c835c41957dff0de,0.02631578947368421
69825516c835c41957dff0a2,69825516c835c41957dff091,0.02631578947368421
69825516c835c41957dff0a2,69825516c835c41957dff080,0.02631578947368421
69825516c835c41957dff0a2,69825516c835c41957dff064,0.02631578947368421
69825516c835c41957dff0a2,69825516c835c41957dff0b2,0.02631578947368421
69825516c835c41957dff0a2,69825516c835c41957dff09e,0.02631578947368421
69825516c835c41957dff0a2,69825516c835c41957dff072,0.02631578947368421
69825516c835c41957dff0a2,69825516c835c41957dff09d,0.02631578947368421
69825516c835c41957dff0a2,69825516c835c41957dff0db,0.02631578947368421
69825516c835c41957dff0a2,69825516c835c41957dff077,0.02631578947368421
69825516c835c41957dff0a2,69825516c835c41957dff08f,0.02631578947368421
69825516c835c41957dff0a2,69825516c835c41957dff06f,0.35964912280701755
69825516c835c41957dff0a2,69825516c835c41957dff0d9,0.35964912280701755
69825516c835c41957dff0a2,69825516c835c41957dff0d1,0.02631578947368421
69825516c835c41957dfe60b,69825516c835c41957dfe60a,0.2
69825516c835c41957dfe60b,69825516c835c41957dfe49a,0.2
69825516c835c41957dfe60b,69825516c835c41957dfb664,0.2
69825516c835c41957dfe60b,69825516c835c41957dfd269,0.2
69825516c835c41957dfd223,69825516c835c41957dfd23d,3.0
69825516c835c41957dfb815,69825516c835c41957dfcd4b,2.0
69825516c835c41957dfa4c5,69825516c835c41957dff398,0.16666666666666666
69825516c835c41957dfa4c5,69825516c835c41957dff39e,0.3333333333333333
69825516c835c41957dfa4c5,69825516c835c41957dfa390,0.16666666666666666
69825516c835c41957dfa4c5,69825516c835c41957dfd5c6,0.16666666666666666
69825516c835c41957dfa4c5,69825516c835c41957dfa50f,0.16666666666666666
69825516c835c41957dfa4c5,69825517c835c41957e0132e,0.5
69825517c835c41957dff45e,69825516c835c41957dfc503,0.3333333333333333
69825517c835c41957dff45e,69825517c835c41957e00dba,0.3333333333333333
69825517c835c41957dff45e,69825516c835c41957dfdb38,0.3333333333333333
69825517c835c41957e00b24,69825516c835c41957dff0a1,0.16666666666666666
69825517c835c41957e00b24,69825516c835c41957dfe01c,0.2777777777777778
69825517c835c41957e00b24,69825517c835c41957e011d2,0.16666666666666666
69825517c835c41957e00b24,69825516c835c41957dfd1f3,0.16666666666666666
69825517c835c41957e00b24,69825516c835c41957dfcc8e,0.1111111111111111
69825517c835c41957e00b24,69825516c835c41957dff286,0.1111111111111111
69825517c835c41957e00b24,69825516c835c41957dfc990,0.1111111111111111
69825517c835c41957e00b24,69825516c835c41957dfb784,0.1111111111111111
69825517c835c41957e00b24,69825517c835c41957e00f7f,0.16666666666666666
69825517c835c41957e00b24,69825516c835c41957dfd71c,0.1111111111111111
69825517c835c41957e00b24,69825517c835c41957e006bf,0.1111111111111111
69825516c835c41957dfccaf,69825516c835c41957dfb3f4,1.0
69825516c835c41957dfe1d7,69825516c835c41957dfe210,1.0
69825516c835c41957dfa495,69825516c835c41957dfd9e2,0.3333333333333333
69825516c835c41957dfa495,69825516c835c41957dfd2e2,1.3333333333333333
69825516c835c41957dfa495,69825516c835c41957dfe718,0.3333333333333333
69825516c835c41957dfb969,69825516c835c41957dfd00c,0.5833333333333333
69825516c835c41957dfb969,69825517c835c41957dffb53,0.25
69825516c835c41957dfe1ed,69825516c835c41957dff009,0.25
69825516c835c41957dfe1ed,69825516c835c41957dfefc1,0.25
69825516c835c41957dfe1ed,69825516c835c41957dff00a,0.25
69825516c835c41957dfe226,69825516c835c41957dfba9f,0.1
69825516c835c41957dfe226,69825516c835c41957dfe1dc,0.1
69825516c835c41957dfe226,69825516c835c41957dfe206,0.1
69825516c835c41957dfe226,69825516c835c41957dfe1f4,0.1
69825516c835c41957dfe226,69825517c835c41957dff6be,0.1
69825516c835c41957dfbbea,69825516c835c41957dfbbe4,0.05
69825516c835c41957dfbbea,69825516c835c41957dfbbba,0.05
69825516c835c41957dfbbea,69825516c835c41957dfbc0f,0.05
69825516c835c41957dfbbea,69825516c835c41957dfbbb8,0.05
69825516c835c41957dfbbea,69825516c835c41957dfbbb7,0.05
69825516c835c41957dfbbea,69825516c835c41957dfbc20,0.05
69825516c835c41957dfbbea,69825516c835c41957dfbbb2,0.05
69825516c835c41957dfbbea,69825516c835c41957dfbc2c,0.05
69825516c835c41957dfbbea,69825516c835c41957dfbc0e,0.05
69825516c835c41957dfbbea,69825516c835c41957dfbc1b,0.05
69825516c835c41957dfbbea,69825516c835c41957dfbbc3,0.05
69825516c835c41957dfe1f6,69825517c835c41957e01739,0.1111111111111111
69825516c835c41957dfe1f6,69825516c835c41957dfe48d,0.1111111111111111
69825516c835c41957dfe1f6,69825516c835c41957dfd60b,1.0
69825516c835c41957dfe1f6,69825516c835c41957dfe21b,0.4444444444444444
69825516c835c41957dfe1f6,69825516c835c41957dfe486,0.1111111111111111
69825516c835c41957dff05e,69825516c835c41957dff0dc,0.02631578947368421
69825516c835c41957dff05e,69825516c835c41957dff0b1,0.02631578947368421
69825516c835c41957dff05e,69825516c835c41957dff0ba,0.02631578947368421
69825516c835c41957dff05e,69825516c835c41957dff069,0.02631578947368421
69825516c835c41957dff05e,69825516c835c41957dff063,0.02631578947368421
69825516c835c41957dff05e,69825516c835c41957dff06c,0.02631578947368421
69825516c835c41957dff05e,69825516c835c41957dff070,0.02631578947368421
69825516c835c41957dff05e,69825516c835c41957dff090,0.02631578947368421
69825516c835c41957dff05e,69825516c835c41957dff0cd,0.02631578947368421
69825516c835c41957dff05e,69825516c835c41957dff0cf,0.02631578947368421
69825516c835c41957dff05e,69825516c835c41957dff0c8,0.02631578947368421
69825516c835c41957dff05e,69825516c835c41957dff05f,0.02631578947368421
69825516c835c41957dff05e,69825516c835c41957dff071,0.02631578947368421
69825516c835c41957dff05e,69825516c835c41957dff0de,0.02631578947368421
69825516c835c41957dff05e,69825516c835c41957dff091,0.02631578947368421
69825516c835c41957dff05e,69825516c835c41957dff080,0.02631578947368421
69825516c835c41957dff05e,69825516c835c41957dff064,0.02631578947368421
69825516c835c41957dff05e,69825516c835c41957dff0b2,0.02631578947368421
69825516c835c41957dff05e,69825516c835c41957dff09e,0.02631578947368421
69825516c835c41957dff05e,69825516c835c41957dff072,0.02631578947368421
69825516c835c41957dff05e,69825516c835c41957dff09d,0.02631578947368421
69825516c835c41957dff05e,69825516c835c41957dff0db,0.02631578947368421
69825516c835c41957dff05e,69825516c835c41957dff077,0.02631578947368421
69825516c835c41957dff05e,69825516c835c41957dff08f,0.02631578947368421
69825516c835c41957dff05e,69825516c835c41957dff06f,0.02631578947368421
69825516c835c41957dff05e,69825516c835c41957dff0d9,0.02631578947368421
69825516c835c41957dff05e,69825516c835c41957dff0d1,0.02631578947368421
69825516c835c41957dfb784,69825516c835c41957dfe01c,0.1111111111111111
69825516c835c41957dfb784,69825516c835c41957dfcc8e,0.1111111111111111
69825516c835c41957dfb784,69825516c835c41957dff286,0.1111111111111111
69825516c835c41957dfb784,69825516c835c41957dfc990,0.1111111111111111
69825516c835c41957dfb784,69825516c835c41957dfd71c,0.1111111111111111
69825516c835c41957dfb784,69825517c835c41957e006bf,0.1111111111111111
69825517c835c41957e00711,69825517c835c41957e00710,1.0
69825516c835c41957dfa487,69825516c835c41957dfee1b,1.0
69825516c835c41957dfa487,69825516c835c41957dfe719,1.0
69825516c835c41957dfa0df,69825517c835c41957dffbfa,0.5
69825516c835c41957dfbb84,69825516c835c41957dfd2f5,0.2
69825516c835c41957dfbb84,69825516c835c41957dfa1f8,0.2
69825516c835c41957dfbb84,69825516c835c41957dfeeef,0.2
69825516c835c41957dfbb84,69825517c835c41957dff799,0.2
69825516c835c41957dfe1ff,69825516c835c41957dfe1f9,0.2361111111111111
69825516c835c41957dfe1ff,69825516c835c41957dfc601,0.125
69825516c835c41957dfe1ff,69825516c835c41957dfe497,0.1111111111111111
69825516c835c41957dfe1ff,69825516c835c41957dfe1f5,0.1111111111111111
69825516c835c41957dfe1ff,69825516c835c41957dfe207,0.2361111111111111
69825516c835c41957dfe1ff,69825516c835c41957dfe1f8,0.2361111111111111
69825516c835c41957dfe1ff,69825516c835c41957dfe1fb,0.2361111111111111
69825516c835c41957dfba91,69825516c835c41957dfc991,1.0
69825516c835c41957dfd0cd,69825517c835c41957e0022c,2.0
69825516c835c41957dfe719,69825516c835c41957dfee1b,1.4999999999999998
69825516c835c41957dfe719,69825516c835c41957dfd34c,1.0
69825516c835c41957dfc503,69825517c835c41957e00dba,0.3333333333333333
69825516c835c41957dfc503,69825516c835c41957dfdb38,0.3333333333333333
69825516c835c41957dfb940,69825517c835c41957dffb1e,0.5
69825516c835c41957dfb940,69825516c835c41957df9c99,0.16666666666666666
69825516c835c41957dfb940,69825517c835c41957e01001,0.16666666666666666
69825516c835c41957dfb940,69825516c835c41957dfb915,5.5
69825516c835c41957dfb940,69825516c835c41957dfef50,0.16666666666666666
69825517c835c41957dff40f,69825517c835c41957e00dc0,0.08333333333333333
69825517c835c41957dff40f,69825516c835c41957dfb793,0.125
69825517c835c41957dff40f,69825516c835c41957dfa7ad,0.20833333333333331
69825517c835c41957dff40f,69825517c835c41957dffc2f,0.19166666666666665
69825517c835c41957dff40f,69825516c835c41957dfb7ab,0.125
69825517c835c41957dff40f,69825516c835c41957dfbf53,2.2333333333333334
69825517c835c41957dff40f,69825517c835c41957e00c0a,0.125
69825517c835c41957dff40f,69825516c835c41957dfcd49,0.19166666666666665
69825517c835c41957dff40f,69825517c835c41957dff402,0.20833333333333331
69825517c835c41957dff40f,69825517c835c41957e00a30,0.19166666666666665
69825517c835c41957dff40f,69825516c835c41957dfef59,0.06666666666666667
69825517c835c41957dff40f,69825516c835c41957dfd2dc,0.08333333333333333
69825517c835c41957dff40f,69825516c835c41957dfe848,0.27499999999999997
69825517c835c41957dff40f,69825517c835c41957e0098b,0.19166666666666665
69825517c835c41957dff40f,69825516c835c41957dfd30e,0.39999999999999997
69825516c835c41957dfa860,69825516c835c41957dfba04,0.7333333333333334
69825516c835c41957dfa860,69825516c835c41957dfbae2,0.7333333333333334
69825516c835c41957dfa860,69825516c835c41957dfdbc1,0.2
69825516c835c41957dfa860,69825517c835c41957dffc02,1.0
69825516c835c41957dfa860,69825516c835c41957dfa3f9,0.5
69825516c835c41957dfa860,69825516c835c41957dfe4fc,0.2
69825516c835c41957dfa860,69825516c835c41957dfab42,0.4
69825516c835c41957dfa860,69825517c835c41957e0061b,0.7333333333333334
69825516c835c41957dfb23d,69825516c835c41957dfedaf,0.3333333333333333
69825516c835c41957dfb23d,69825516c835c41957dfeff3,0.3333333333333333
69825516c835c41957dfdd43,69825516c835c41957dfca20,3.0
69825517c835c41957e003a9,69825516c835c41957dfd907,0.3333333333333333
69825517c835c41957e003a9,69825517c835c41957e006dd,0.3333333333333333
69825517c835c41957e012c6,69825516c835c41957dfa5a2,0.5
69825517c835c41957dff797,69825516c835c41957dfc934,1.5
69825517c835c41957dff797,69825516c835c41957dfef4f,13.5
69825517c835c41957e01645,69825517c835c41957e01662,0.06666666666666667
69825517c835c41957e01645,69825517c835c41957e01644,0.06666666666666667
69825517c835c41957e01645,69825517c835c41957e016ba,0.1
69825517c835c41957e01645,69825517c835c41957e015f2,0.1
69825517c835c41957e01645,69825517c835c41957e016b7,0.16666666666666669
69825517c835c41957e01645,69825517c835c41957e015a4,0.16666666666666669
69825517c835c41957e01645,69825517c835c41957e0161f,0.16666666666666669
69825517c835c41957e01645,69825517c835c41957e015b0,0.06666666666666667
69825517c835c41957e01645,69825517c835c41957e015db,0.06666666666666667
69825517c835c41957e01645,69825517c835c41957e016d1,0.1
69825517c835c41957e01645,69825517c835c41957e016b3,0.1
69825516c835c41957dfca6d,69825516c835c41957dfca6c,0.75
69825516c835c41957dfca6d,69825517c835c41957e0174c,0.5
69825517c835c41957e00c25,69825516c835c41957dfd75a,0.5
69825516c835c41957dfe76d,69825516c835c41957dfc5a3,0.5666666666666667
69825516c835c41957dfe76d,69825517c835c41957e00d4f,0.06666666666666667
69825516c835c41957dfe76d,69825517c835c41957e007bf,0.06666666666666667
69825516c835c41957dfe76d,69825517c835c41957e00348,0.06666666666666667
69825516c835c41957dfe76d,69825516c835c41957dfc207,0.06666666666666667
69825516c835c41957dfe76d,69825516c835c41957dfba0e,0.06666666666666667
69825516c835c41957dfe76d,69825516c835c41957dfc572,0.06666666666666667
69825516c835c41957dfe76d,69825516c835c41957dfc571,0.06666666666666667
69825516c835c41957dfe2d0,69825516c835c41957dfccb0,0.2
69825516c835c41957dfe2d0,69825516c835c41957dfa4dd,0.2
69825516c835c41957dfe2d0,69825516c835c41957dfdbbc,0.2
69825516c835c41957dfe2d0,69825517c835c41957e00222,0.5
69825516c835c41957dfe2d0,69825516c835c41957dfb443,0.5
69825516c835c41957dfc061,69825516c835c41957dfd11f,1.0
69825516c835c41957dfabe7,69825516c835c41957dfed7b,1.0
69825516c835c41957dfc08b,69825516c835c41957dfc1b2,1.0
69825517c835c41957e006bd,69825517c835c41957dffc3a,1.0
69825516c835c41957dfd71e,69825516c835c41957dfa8d4,1.0
69825517c835c41957dffbee,69825517c835c41957dffbfe,1.0
69825516c835c41957dfd2df,69825517c835c41957dff910,0.08333333333333333
69825516c835c41957dfd2df,69825516c835c41957dfccb0,0.08333333333333333
69825516c835c41957dfd2df,69825516c835c41957dfd307,0.08333333333333333
69825516c835c41957dfd2df,69825516c835c41957dfef51,0.08333333333333333
69825516c835c41957dfd2df,69825517c835c41957dff465,0.08333333333333333
69825516c835c41957dfd2df,69825516c835c41957dfc98b,0.08333333333333333
69825516c835c41957dfd2df,69825516c835c41957dff145,0.08333333333333333
69825516c835c41957dfd2df,69825516c835c41957dfd2dc,0.08333333333333333
69825516c835c41957dfa5a4,69825516c835c41957dfa38e,0.16666666666666666
69825516c835c41957dfa5a4,69825516c835c41957dfdd86,0.06666666666666667
69825516c835c41957dfa5a4,69825516c835c41957df9e61,0.75
69825516c835c41957dfa5a4,69825516c835c41957dfba05,0.16666666666666666
69825516c835c41957dfa5a4,69825517c835c41957dff4bf,0.16666666666666666
69825516c835c41957dfa5a4,69825517c835c41957e010a7,0.125
69825516c835c41957dfa5a4,69825516c835c41957dfb5b1,0.25
69825516c835c41957dfa5a4,69825517c835c41957e00f1e,0.16666666666666666
69825516c835c41957dfa5a4,69825516c835c41957dfd3f8,0.125
69825516c835c41957dfa5a4,69825517c835c41957e00da9,0.25
69825516c835c41957dfa5a4,69825516c835c41957dfe795,0.08333333333333333
69825516c835c41957dfa5a4,69825517c835c41957dff863,0.06666666666666667
69825516c835c41957dfa5a4,69825516c835c41957dfa375,0.125
69825516c835c41957dfa5a4,69825516c835c41957df9c99,0.08333333333333333
69825516c835c41957dfa5a4,69825517c835c41957e00ded,0.25
69825516c835c41957dfa5a4,69825516c835c41957dfdd8c,0.06666666666666667
69825516c835c41957dfa5a4,69825516c835c41957dfa8cf,0.125
69825516c835c41957dfa5a4,69825516c835c41957dfb968,0.25
69825516c835c41957dfa5a4,69825516c835c41957dfd8e7,0.9083333333333333
69825516c835c41957dfa5a4,69825517c835c41957e0189b,0.5
69825516c835c41957dfa5a4,69825516c835c41957dfb9af,16.683333333333334
69825516c835c41957dfa5a4,69825517c835c41957dff86a,0.06666666666666667
69825516c835c41957dfa5a4,69825516c835c41957dfa8a4,0.6583333333333333
69825516c835c41957dfa5a4,69825516c835c41957dfb62b,0.06666666666666667
69825516c835c41957dfa5a4,69825516c835c41957dfef0f,0.5
69825516c835c41957dfa5a4,69825516c835c41957dfa821,0.06666666666666667
69825516c835c41957dfa5a4,69825516c835c41957dfa813,0.9583333333333333
69825516c835c41957dfa5a4,69825516c835c41957dfdd52,0.06666666666666667
69825516c835c41957dfab16,69825516c835c41957dfb94b,0.8333333333333333
69825516c835c41957dfeeaa,69825516c835c41957dfcdb0,1.0
69825516c835c41957dfc987,69825516c835c41957dfd2f2,1.0
69825516c835c41957dfbdfd,69825516c835c41957dfa53b,1.0
69825516c835c41957dfe690,69825516c835c41957dfe762,1.0
69825516c835c41957dfe690,69825516c835c41957dfc592,1.0
69825516c835c41957dfcc9d,69825516c835c41957dfd2f1,0.5
69825516c835c41957dfcc9d,69825516c835c41957dfa4e0,0.3333333333333333
69825516c835c41957dfcc9d,69825516c835c41957dfc98a,0.3333333333333333
69825516c835c41957dfe794,69825516c835c41957df9f53,0.30000000000000004
69825516c835c41957dfe794,69825517c835c41957e00d08,0.1
69825516c835c41957dfe794,69825516c835c41957dfd30c,0.2
69825516c835c41957dfe794,69825516c835c41957dfe79f,0.30000000000000004
69825516c835c41957dfe794,69825516c835c41957dfb783,0.1
69825516c835c41957dfe794,69825517c835c41957e0080a,0.30000000000000004
69825516c835c41957dfe794,69825517c835c41957e00f6c,0.1
69825516c835c41957dfe794,69825516c835c41957dfb7a6,0.1
69825516c835c41957dfe794,69825517c835c41957dffbd6,0.1
69825516c835c41957dfe794,69825517c835c41957dff6fc,0.1
69825517c835c41957e007c1,69825516c835c41957dfab4b,0.25
69825517c835c41957e007c1,69825516c835c41957dfbd76,0.75
69825517c835c41957e007c1,69825516c835c41957dfa30d,0.75
69825516c835c41957df9f7b,69825517c835c41957e001ff,1.0
69825516c835c41957df9f7b,69825516c835c41957dff1ac,1.0
69825516c835c41957dfe78c,69825516c835c41957dfe6d3,0.2944444444444444
69825516c835c41957dfe78c,69825516c835c41957dfa81b,0.08333333333333333
69825516c835c41957dfe78c,69825516c835c41957dfd1f3,0.14285714285714285
69825516c835c41957dfe78c,69825516c835c41957dfd313,0.14285714285714285
69825516c835c41957dfe78c,69825516c835c41957dfd315,0.14285714285714285
69825516c835c41957dfe78c,69825516c835c41957dfe429,0.18333333333333335
69825516c835c41957dfe78c,69825516c835c41957dfe66f,0.2944444444444444
69825516c835c41957dfe78c,69825517c835c41957e0106c,0.2944444444444444
69825516c835c41957dfe78c,69825516c835c41957dfd17b,0.14285714285714285
69825516c835c41957dfe78c,69825516c835c41957dfd314,0.14285714285714285
69825516c835c41957dfe78c,69825516c835c41957dfe6d4,0.2944444444444444
69825516c835c41957dfb98c,69825517c835c41957e00f41,0.5
69825516c835c41957dfb98c,69825517c835c41957dff4d0,1.5
69825517c835c41957e003fd,69825516c835c41957dfcf1f,0.5
69825516c835c41957dfd5a7,69825516c835c41957dfa4d5,0.14285714285714285
69825516c835c41957dfd5a7,69825517c835c41957dff882,0.16666666666666666
69825516c835c41957dfd5a7,69825516c835c41957dfdd16,0.30952380952380953
69825516c835c41957dfd5a7,69825516c835c41957dfa44e,0.14285714285714285
69825516c835c41957dfd5a7,69825516c835c41957dfca71,0.16666666666666666
69825516c835c41957dfd5a7,69825516c835c41957dfa4d8,0.14285714285714285
69825516c835c41957dfd5a7,69825516c835c41957dfa44d,0.14285714285714285
69825516c835c41957dfd5a7,69825516c835c41957dfdd11,0.16666666666666666
69825516c835c41957dfd5a7,69825516c835c41957dfda37,0.16666666666666666
69825516c835c41957dfd5a7,69825516c835c41957dfa536,0.14285714285714285
69825516c835c41957dfd5a7,69825516c835c41957dfa3d6,0.14285714285714285
69825517c835c41957dffd60,69825517c835c41957dffd58,0.574074074074074
69825517c835c41957dffd60,69825517c835c41957dffd59,0.07407407407407407
69825517c835c41957dffd60,69825517c835c41957dffd3c,0.07407407407407407
69825517c835c41957dffd60,69825517c835c41957dffd39,0.07407407407407407
69825517c835c41957dffd60,69825517c835c41957dffd64,0.07407407407407407
69825517c835c41957dffd60,69825517c835c41957dffd4f,0.07407407407407407
69825517c835c41957dffd60,69825517c835c41957e012a7,0.037037037037037035
69825517c835c41957dffd60,69825517c835c41957dffd50,0.07407407407407407
69825517c835c41957dffd60,69825517c835c41957dffd3f,0.07407407407407407
69825517c835c41957dffd60,69825517c835c41957dffd53,0.07407407407407407
69825516c835c41957dfaa2c,69825516c835c41957dfaa2f,0.6166666666666667
69825516c835c41957dfaa2c,69825517c835c41957dff930,0.16666666666666666
69825516c835c41957dfaa2c,69825516c835c41957dfcdad,0.2
69825516c835c41957dfaa2c,69825516c835c41957dfaa2d,0.6166666666666667
69825516c835c41957dfe461,69825516c835c41957dfe487,2.0
69825516c835c41957dfc207,69825516c835c41957dfc5a3,0.06666666666666667
69825516c835c41957dfc207,69825517c835c41957e00d4f,0.06666666666666667
69825516c835c41957dfc207,69825517c835c41957e007bf,0.06666666666666667
69825516c835c41957dfc207,69825517c835c41957e00348,0.06666666666666667
69825516c835c41957dfc207,69825517c835c41957e007c0,1.0
69825516c835c41957dfc207,69825516c835c41957dfba0e,0.06666666666666667
69825516c835c41957dfc207,69825516c835c41957dfc572,0.06666666666666667
69825516c835c41957dfc207,69825516c835c41957dfc571,0.06666666666666667
69825516c835c41957df9dc9,69825517c835c41957e00fc4,1.0
69825516c835c41957dfa429,69825516c835c41957dfa52a,1.0
69825516c835c41957dfa429,69825516c835c41957dfba9f,0.5
69825516c835c41957dfa429,69825516c835c41957dfa42e,2.0
69825516c835c41957dfa429,69825516c835c41957dfa428,1.0
69825516c835c41957dfa429,69825516c835c41957dfa47c,0.8333333333333333
69825516c835c41957dfa429,69825516c835c41957dfcd56,0.5
69825516c835c41957dfa429,69825516c835c41957dfa522,0.5
69825516c835c41957dfa429,69825516c835c41957dfa465,0.3333333333333333
69825516c835c41957dfa429,69825516c835c41957dfa466,1.5
69825516c835c41957dfbfed,69825516c835c41957dfdd91,0.25
69825516c835c41957dfbfed,69825516c835c41957dfee01,0.25
69825516c835c41957dfac1d,69825516c835c41957dfac1e,1.0
69825516c835c41957dff1ac,69825517c835c41957e001ff,1.0
69825517c835c41957e01927,69825517c835c41957e01155,0.5
69825517c835c41957e01927,69825516c835c41957dfb0e9,0.5
69825516c835c41957dfe871,69825517c835c41957e0081f,0.2
69825516c835c41957dfe871,69825516c835c41957dfb105,0.2
69825516c835c41957dfe871,69825516c835c41957dfb0dc,0.2
69825516c835c41957dfe871,69825517c835c41957dffb81,0.2
69825516c835c41957dfcf6a,69825516c835c41957dfd321,0.5333333333333333
69825516c835c41957dfcf6a,69825516c835c41957dfd1f1,0.2
69825516c835c41957dfbe7f,69825516c835c41957dfa0a9,0.2
69825516c835c41957dfbe7f,69825516c835c41957dfefe6,0.2
69825516c835c41957dfbe7f,69825516c835c41957dfbf6d,0.2
69825516c835c41957dfbe7f,69825516c835c41957dfbf5e,0.7
69825516c835c41957dfbe7f,69825516c835c41957dfbf5f,0.7
69825516c835c41957dfd342,69825516c835c41957dfd33b,0.6666666666666666
69825516c835c41957dfd342,69825516c835c41957dfd339,0.6666666666666666
69825516c835c41957dfcce8,69825516c835c41957dfbae2,0.05263157894736842
69825516c835c41957dfcce8,69825516c835c41957dfe034,0.05263157894736842
69825516c835c41957dfcce8,69825516c835c41957dfd0c9,0.05263157894736842
69825516c835c41957dfcce8,69825517c835c41957e0061b,0.05263157894736842
69825516c835c41957dfcce8,69825516c835c41957dfca1e,0.17763157894736842
69825516c835c41957dfcce8,69825516c835c41957dfc8e6,0.125
69825516c835c41957dfcce8,69825516c835c41957dfab42,0.05263157894736842
69825516c835c41957dfcce8,69825516c835c41957dfb813,1.1776315789473684
69825516c835c41957dfcce8,69825516c835c41957dfba04,0.05263157894736842
69825516c835c41957dfcce8,69825516c835c41957dfd30a,0.17763157894736842
69825516c835c41957dfcce8,69825516c835c41957dfd0ca,0.17763157894736842
69825516c835c41957dfcce8,69825516c835c41957dfd2f0,0.05263157894736842
69825516c835c41957dfe29b,69825516c835c41957dfd907,0.5
69825517c835c41957e013f4,69825516c835c41957dfb3f3,0.5
69825516c835c41957dfa2d1,69825517c835c41957e0080a,1.0
69825516c835c41957dfd21f,69825516c835c41957dfccf1,1.0
69825516c835c41957dfa40b,69825516c835c41957dfd2db,0.1
69825516c835c41957dfa40b,69825516c835c41957dfbd65,0.1
69825516c835c41957dfa40b,69825517c835c41957dff891,0.1
69825516c835c41957dfa40b,69825516c835c41957dfaa2f,0.1
69825516c835c41957dfa40b,69825516c835c41957dfdb50,0.1
69825516c835c41957dfa40b,69825516c835c41957dfd069,0.1
69825516c835c41957dfa2c1,69825516c835c41957dfb53c,3.0
69825517c835c41957dff8c8,69825516c835c41957dfee79,2.0
69825516c835c41957dfd339,69825516c835c41957dfd33b,0.6666666666666666
69825516c835c41957dfd889,69825516c835c41957dfe123,0.05555555555555555
69825516c835c41957dfd889,69825517c835c41957dff88b,0.05555555555555555
69825516c835c41957dfd889,69825517c835c41957dffb45,0.05555555555555555
69825516c835c41957dfd889,69825517c835c41957e00628,0.05555555555555555
69825516c835c41957dfd889,69825516c835c41957dfef54,0.05555555555555555
69825516c835c41957dfd889,69825517c835c41957e0088e,0.05555555555555555
69825516c835c41957dfd889,69825516c835c41957dfdfa6,0.05555555555555555
69825516c835c41957dfd889,69825516c835c41957dfa352,0.05555555555555555
69825516c835c41957dfd889,69825516c835c41957dfd70f,0.05555555555555555
69825516c835c41957dfd889,69825516c835c41957dfe802,0.05555555555555555
69825516c835c41957dfd889,69825517c835c41957e0042c,0.05555555555555555
69825517c835c41957e016d5,69825517c835c41957e015c0,0.1
69825517c835c41957e016d5,69825517c835c41957e015da,0.1
69825517c835c41957e016d5,69825517c835c41957e01600,0.1
69825517c835c41957e016d5,69825516c835c41957dfa7f4,0.1
69825517c835c41957e016d5,69825517c835c41957e01690,0.1
69825517c835c41957e016d5,69825517c835c41957e01622,0.1
69825516c835c41957dfb4ac,69825516c835c41957dfe867,0.125
69825516c835c41957dfb4ac,69825517c835c41957dff98c,0.125
69825516c835c41957dfb4ac,69825516c835c41957dfe79f,0.125
69825516c835c41957dfb4ac,69825517c835c41957dffe16,0.125
69825516c835c41957dfb4ac,69825517c835c41957e0080a,0.125
69825516c835c41957dfb4ac,69825517c835c41957e007db,0.125
69825517c835c41957dffd58,69825517c835c41957dffd59,0.07407407407407407
69825517c835c41957dffd58,69825517c835c41957dffd3c,0.07407407407407407
69825517c835c41957dffd58,69825517c835c41957dffd39,0.07407407407407407
69825517c835c41957dffd58,69825517c835c41957dffd64,0.07407407407407407
69825517c835c41957dffd58,69825517c835c41957dffd4f,0.07407407407407407
69825517c835c41957dffd58,69825517c835c41957e012a7,0.037037037037037035
69825517c835c41957dffd58,69825517c835c41957dffd50,0.07407407407407407
69825517c835c41957dffd58,69825517c835c41957dffd3f,0.07407407407407407
69825517c835c41957dffd58,69825517c835c41957dffd53,0.07407407407407407
69825516c835c41957dfe66a,69825516c835c41957dfe668,2.083333333333333
69825516c835c41957dfe66a,69825517c835c41957e0174b,0.3333333333333333
69825516c835c41957dfe66a,69825516c835c41957dfb8e5,0.25
69825516c835c41957dfe66a,69825517c835c41957e01959,0.25
69825516c835c41957dfe6a2,69825516c835c41957dfe6a1,1.0
69825516c835c41957dfac96,69825516c835c41957dfacac,1.0
69825516c835c41957dfb168,69825516c835c41957dfe50f,0.5
69825516c835c41957dfb168,69825516c835c41957dfa8a8,0.5
69825517c835c41957e00e92,69825517c835c41957e006e6,1.0
69825517c835c41957e004bb,69825516c835c41957dfdb50,2.0
69825517c835c41957e004bb,69825517c835c41957e00bf6,0.5
69825516c835c41957dfcdc6,69825517c835c41957e00112,0.2
69825516c835c41957dfcdc6,69825517c835c41957e00f9f,0.2
69825516c835c41957dfcdc6,69825517c835c41957e00bd8,0.2
69825516c835c41957dfcdc6,69825516c835c41957dfa02f,1.2
69825516c835c41957dfbbe8,69825516c835c41957dfbbf6,0.14285714285714285
69825516c835c41957dfbbe8,69825517c835c41957dff8e0,0.2
69825516c835c41957dfbbe8,69825516c835c41957dfbc08,0.14285714285714285
69825516c835c41957dfbbe8,69825516c835c41957dfbbf0,0.14285714285714285
69825516c835c41957dfbbe8,69825516c835c41957dfa188,0.2
69825517c835c41957e019fc,69825516c835c41957dfee25,1.0
69825516c835c41957dfc571,69825516c835c41957dfc5a3,0.06666666666666667
69825516c835c41957dfc571,69825517c835c41957e00d4f,0.06666666666666667
69825516c835c41957dfc571,69825517c835c41957e007bf,0.06666666666666667
69825516c835c41957dfc571,69825517c835c41957e00348,0.06666666666666667
69825516c835c41957dfc571,69825516c835c41957dfba0e,0.06666666666666667
69825516c835c41957dfc571,69825516c835c41957dfc572,0.06666666666666667
69825516c835c41957dfc592,69825516c835c41957dfbd7d,0.3333333333333333
69825516c835c41957dfc592,69825516c835c41957dfbd71,0.3333333333333333
69825516c835c41957dfc592,69825516c835c41957dfa78c,0.3333333333333333
69825516c835c41957dfccf7,69825517c835c41957e009af,1.0
69825516c835c41957dfeff2,69825516c835c41957dff004,0.36081871345029237
69825516c835c41957dfeff2,69825516c835c41957dfef9e,0.30818713450292395
69825516c835c41957dfeff2,69825516c835c41957dff008,0.36081871345029237
69825516c835c41957dfeff2,69825516c835c41957dfefa4,0.36081871345029237
69825516c835c41957dfeff2,69825516c835c41957dfefb5,0.30818713450292395
69825516c835c41957dfeff2,69825516c835c41957dfefa5,0.36081871345029237
69825516c835c41957dfeff2,69825516c835c41957dff006,0.36081871345029237
69825516c835c41957dfeff2,69825516c835c41957dfefa1,0.36081871345029237
69825516c835c41957dfeff2,69825516c835c41957dfefb1,0.36081871345029237
69825517c835c41957e01198,69825517c835c41957e005ec,2.75
69825517c835c41957e01198,69825517c835c41957e002f2,0.5
69825517c835c41957e01198,69825516c835c41957dfe0a1,0.25
69825517c835c41957e01198,69825516c835c41957dfd7f7,0.25
69825517c835c41957dff898,69825517c835c41957e009af,1.0
69825517c835c41957dff898,69825516c835c41957dfa0dd,1.0
69825516c835c41957dfcd80,69825516c835c41957dfdc61,0.07142857142857142
69825516c835c41957dfcd80,69825516c835c41957dfe848,1.0
69825516c835c41957dfcd80,69825517c835c41957e00fc5,0.07142857142857142
69825516c835c41957dfcd80,69825517c835c41957e00bf6,0.07142857142857142
69825516c835c41957dfcd80,69825517c835c41957dff930,0.07142857142857142
69825516c835c41957dfcd80,69825516c835c41957dfccad,0.07142857142857142
69825516c835c41957dfcd80,69825516c835c41957dfa73b,0.07142857142857142
69825516c835c41957dfcd80,69825516c835c41957dff27c,0.07142857142857142
69825516c835c41957dfcd80,69825516c835c41957dfe793,0.07142857142857142
69825516c835c41957dfae1e,69825516c835c41957dfada6,0.5
69825516c835c41957dfae1e,69825516c835c41957dfae28,0.5
69825516c835c41957dfae1e,69825516c835c41957dfaded,1.0
69825516c835c41957dfd2e6,69825517c835c41957e00bfb,0.6666666666666666
69825516c835c41957dfd2e6,69825516c835c41957dfdc16,0.6666666666666666
69825517c835c41957dff7aa,69825516c835c41957dfcc8e,1.0
69825517c835c41957e019b7,69825517c835c41957e019f6,2.0
69825516c835c41957dff05f,69825516c835c41957dff0dc,0.02631578947368421
69825516c835c41957dff05f,69825516c835c41957dff0b1,0.02631578947368421
69825516c835c41957dff05f,69825516c835c41957dff0ba,0.02631578947368421
69825516c835c41957dff05f,69825516c835c41957dff069,0.02631578947368421
69825516c835c41957dff05f,69825516c835c41957dff063,0.02631578947368421
69825516c835c41957dff05f,69825516c835c41957dff06c,0.02631578947368421
69825516c835c41957dff05f,69825516c835c41957dff070,0.02631578947368421
69825516c835c41957dff05f,69825516c835c41957dff090,0.02631578947368421
69825516c835c41957dff05f,69825516c835c41957dff0cd,0.02631578947368421
69825516c835c41957dff05f,69825516c835c41957dff0cf,0.02631578947368421
69825516c835c41957dff05f,69825516c835c41957dff0c8,0.02631578947368421
69825516c835c41957dff05f,69825516c835c41957dff071,0.02631578947368421
69825516c835c41957dff05f,69825516c835c41957dff0de,0.02631578947368421
69825516c835c41957dff05f,69825516c835c41957dff091,0.02631578947368421
69825516c835c41957dff05f,69825516c835c41957dff080,0.02631578947368421
69825516c835c41957dff05f,69825516c835c41957dff064,0.02631578947368421
69825516c835c41957dff05f,69825516c835c41957dff0b2,0.02631578947368421
69825516c835c41957dff05f,69825516c835c41957dff09e,0.02631578947368421
69825516c835c41957dff05f,69825516c835c41957dff072,0.02631578947368421
69825516c835c41957dff05f,69825516c835c41957dff09d,0.02631578947368421
69825516c835c41957dff05f,69825516c835c41957dff0db,0.02631578947368421
69825516c835c41957dff05f,69825516c835c41957dff077,0.02631578947368421
69825516c835c41957dff05f,69825516c835c41957dff08f,0.02631578947368421
69825516c835c41957dff05f,69825516c835c41957dff06f,0.02631578947368421
69825516c835c41957dff05f,69825516c835c41957dff0d9,0.02631578947368421
69825516c835c41957dff05f,69825516c835c41957dff0d1,0.02631578947368421
69825516c835c41957dff009,69825516c835c41957dfefbe,0.8333333333333333
69825516c835c41957dff009,69825516c835c41957dfe20d,0.07142857142857142
69825516c835c41957dff009,69825516c835c41957df9c99,0.07142857142857142
69825516c835c41957dff009,69825516c835c41957dfefc1,0.6547619047619048
69825516c835c41957dff009,69825516c835c41957dfd3ed,0.07142857142857142
69825516c835c41957dff009,69825516c835c41957dfe795,0.07142857142857142
69825516c835c41957dff009,69825517c835c41957e01139,0.07142857142857142
69825516c835c41957dff009,69825516c835c41957dff00a,1.1547619047619047
69825516c835c41957dff009,69825516c835c41957dfabe1,0.07142857142857142
69825516c835c41957dff009,69825516c835c41957dfefed,0.07142857142857142
69825516c835c41957dfa3ad,69825517c835c41957e01011,0.3333333333333333
69825516c835c41957dfa3ad,69825517c835c41957e0101a,0.3333333333333333
69825516c835c41957dff0de,69825516c835c41957dff0dc,0.02631578947368421
69825516c835c41957dff0de,69825516c835c41957dff0b1,0.02631578947368421
69825516c835c41957dff0de,69825516c835c41957dff0ba,0.02631578947368421
69825516c835c41957dff0de,69825516c835c41957dff069,0.02631578947368421
69825516c835c41957dff0de,69825516c835c41957dff063,0.02631578947368421
69825516c835c41957dff0de,69825516c835c41957dff06c,0.02631578947368421
69825516c835c41957dff0de,69825516c835c41957dff070,0.02631578947368421
69825516c835c41957dff0de,69825516c835c41957dff090,1.0263157894736843
69825516c835c41957dff0de,69825516c835c41957dff0cd,0.02631578947368421
69825516c835c41957dff0de,69825516c835c41957dff0cf,0.02631578947368421
69825516c835c41957dff0de,69825516c835c41957dff0c8,0.02631578947368421
69825516c835c41957dff0de,69825516c835c41957dff071,0.02631578947368421
69825516c835c41957dff0de,69825516c835c41957dff091,0.02631578947368421
69825516c835c41957dff0de,69825516c835c41957dff080,0.02631578947368421
69825516c835c41957dff0de,69825516c835c41957dff064,0.02631578947368421
69825516c835c41957dff0de,69825516c835c41957dff0b2,0.02631578947368421
69825516c835c41957dff0de,69825516c835c41957dff09e,0.02631578947368421
69825516c835c41957dff0de,69825516c835c41957dff072,0.02631578947368421
69825516c835c41957dff0de,69825516c835c41957dff09d,0.02631578947368421
69825516c835c41957dff0de,69825516c835c41957dff0db,0.02631578947368421
69825516c835c41957dff0de,69825516c835c41957dff077,0.02631578947368421
69825516c835c41957dff0de,69825516c835c41957dff08f,0.02631578947368421
69825516c835c41957dff0de,69825516c835c41957dff06f,0.02631578947368421
69825516c835c41957dff0de,69825516c835c41957dff0d9,0.02631578947368421
69825516c835c41957dff0de,69825516c835c41957dff0d1,0.02631578947368421
69825517c835c41957e00ece,69825516c835c41957dfdc61,0.1111111111111111
69825517c835c41957e00ece,69825516c835c41957dfd2fa,0.1111111111111111
69825517c835c41957e00ece,69825516c835c41957dfd2d6,0.1111111111111111
69825517c835c41957e00ece,69825516c835c41957dfa27f,0.1111111111111111
69825517c835c41957e00ece,69825516c835c41957dfd2fd,0.1111111111111111
69825517c835c41957e00ece,69825516c835c41957dff1fb,0.1111111111111111
69825517c835c41957e00ece,69825517c835c41957e00fc5,1.1111111111111112
69825517c835c41957e00ece,69825517c835c41957dff799,0.1111111111111111
69825517c835c41957e00ece,69825517c835c41957dffca6,0.1111111111111111
69825516c835c41957dfc53f,69825516c835c41957dfd67c,1.0
69825516c835c41957dfdbbb,69825516c835c41957dfe640,1.0
69825517c835c41957e01010,69825517c835c41957e01015,1.0
69825516c835c41957dfb767,69825517c835c41957e01804,0.5
69825516c835c41957dfb767,69825517c835c41957e0173f,1.5
69825517c835c41957dffba9,69825516c835c41957dfe47d,0.3333333333333333
69825516c835c41957dfd0ca,69825516c835c41957dfbae2,0.05263157894736842
69825516c835c41957dfd0ca,69825516c835c41957dfe034,0.05263157894736842
69825516c835c41957dfd0ca,69825516c835c41957dfd0c9,0.05263157894736842
69825516c835c41957dfd0ca,69825517c835c41957e0061b,0.05263157894736842
69825516c835c41957dfd0ca,69825516c835c41957dfca1e,0.7109649122807018
69825516c835c41957dfd0ca,69825516c835c41957dfc8e6,0.125
69825516c835c41957dfd0ca,69825516c835c41957dfab42,0.05263157894736842
69825516c835c41957dfd0ca,69825516c835c41957dfb813,0.37763157894736843
69825516c835c41957dfd0ca,69825516c835c41957dfba04,0.05263157894736842
69825516c835c41957dfd0ca,69825516c835c41957dfd30a,0.17763157894736842
69825516c835c41957dfd0ca,69825516c835c41957dfd2f0,0.05263157894736842
69825516c835c41957dfcc8e,69825516c835c41957dfd2f5,0.5
69825516c835c41957dfcc8e,69825516c835c41957dfe01c,0.1111111111111111
69825516c835c41957dfcc8e,69825516c835c41957dfcf3b,1.0
69825516c835c41957dfcc8e,69825516c835c41957dff286,0.1111111111111111
69825516c835c41957dfcc8e,69825516c835c41957dfc990,0.1111111111111111
69825516c835c41957dfcc8e,69825516c835c41957dfd71c,0.1111111111111111
69825516c835c41957dfcc8e,69825517c835c41957e00654,0.25
69825516c835c41957dfcc8e,69825517c835c41957e00f7b,0.25
69825516c835c41957dfcc8e,69825517c835c41957e006bf,0.1111111111111111
69825516c835c41957dfcf1f,69825517c835c41957dffe0b,1.0
69825517c835c41957dffd41,69825517c835c41957dffd52,0.14358974358974358
69825517c835c41957dffd41,69825516c835c41957dfb521,0.06666666666666667
69825517c835c41957dffd41,69825517c835c41957dffd48,0.14358974358974358
69825517c835c41957dffd41,69825517c835c41957dffd40,0.14358974358974358
69825517c835c41957dffd41,69825517c835c41957dffd3a,0.14358974358974358
69825517c835c41957dffd41,69825517c835c41957dffd5f,0.14358974358974358
69825517c835c41957dffd41,69825516c835c41957dfe63b,0.06666666666666667
69825517c835c41957dffd41,69825517c835c41957dffd57,0.14358974358974358
69825517c835c41957dffd41,69825517c835c41957dffd55,0.14358974358974358
69825517c835c41957dffd41,69825517c835c41957dffd4c,0.14358974358974358
69825516c835c41957dfd2f0,69825516c835c41957dfbae2,0.05263157894736842
69825516c835c41957dfd2f0,69825516c835c41957dfe034,0.05263157894736842
69825516c835c41957dfd2f0,69825516c835c41957dfd0c9,0.05263157894736842
69825516c835c41957dfd2f0,69825517c835c41957e0061b,0.05263157894736842
69825516c835c41957dfd2f0,69825516c835c41957dfca1e,0.05263157894736842
69825516c835c41957dfd2f0,69825516c835c41957dfab42,0.05263157894736842
69825516c835c41957dfd2f0,69825516c835c41957dfb813,4.052631578947368
69825516c835c41957dfd2f0,69825516c835c41957dfba04,0.05263157894736842
69825516c835c41957dfd2f0,69825516c835c41957dfd30a,0.05263157894736842
69825516c835c41957dfd2f0,69825516c835c41957df9e60,0.5
69825516c835c41957dfa0a0,69825516c835c41957dfef0c,1.0
69825516c835c41957dfa0a0,69825516c835c41957dfa4d6,0.3333333333333333
69825516c835c41957dfa0a0,69825516c835c41957df9d57,0.3333333333333333
69825516c835c41957dfc68c,69825517c835c41957e0173d,1.0
69825516c835c41957dfa52a,69825516c835c41957dfa428,1.0
69825516c835c41957dfa52a,69825516c835c41957dfa42e,1.0833333333333333
69825516c835c41957dfa52a,69825516c835c41957dfa4e0,1.0
69825516c835c41957dfa52a,69825516c835c41957dfe477,1.0
69825516c835c41957dfa52a,69825516c835c41957dfa47c,0.5
69825516c835c41957dfa52a,69825517c835c41957e0174b,1.0
69825516c835c41957dfa52a,69825516c835c41957dfa522,0.5
69825516c835c41957dfa52a,69825516c835c41957dfa465,0.25
69825516c835c41957dfa52a,69825516c835c41957dfa466,1.8333333333333333
69825516c835c41957dfaaf7,69825516c835c41957dfdc9f,3.0
69825516c835c41957dfbbb3,69825516c835c41957dfbc0b,0.08333333333333333
69825516c835c41957dfbbb3,69825516c835c41957dfbbb4,0.08333333333333333
69825516c835c41957dfbbb3,69825516c835c41957dfbbd0,0.08333333333333333
69825516c835c41957dfbbb3,69825516c835c41957dfbbe5,0.08333333333333333
69825516c835c41957dfbbb3,69825516c835c41957dfbc1a,0.08333333333333333
69825516c835c41957dfbbb3,69825516c835c41957dfbbce,0.08333333333333333
69825516c835c41957dfbbb3,69825516c835c41957dfbc18,0.08333333333333333
69825516c835c41957dfbbb3,69825516c835c41957dfbbec,0.08333333333333333
69825516c835c41957dfbbb3,69825516c835c41957dfbc02,0.08333333333333333
69825517c835c41957e001ec,69825516c835c41957dfe4fa,1.5
69825517c835c41957e001ec,69825517c835c41957e00534,0.5
69825517c835c41957dff8a2,69825517c835c41957e00f42,0.85
69825517c835c41957dff8a2,69825517c835c41957e010db,0.25
69825517c835c41957dff8a2,69825517c835c41957e00524,0.1
69825517c835c41957dff8a2,69825516c835c41957df9e1d,0.6
69825517c835c41957dff8a2,69825516c835c41957dfef54,0.35
69825517c835c41957dff8a2,69825517c835c41957e00d55,0.1
69825517c835c41957dff8a2,69825516c835c41957dfa81f,0.1
69825517c835c41957dff8a2,69825516c835c41957dfe7d1,0.1
69825517c835c41957dff8a2,69825516c835c41957dfd19c,0.1
69825517c835c41957dff8a2,69825516c835c41957dfd8dc,0.35
69825516c835c41957dfef54,69825517c835c41957e00f42,0.4928571428571428
69825516c835c41957dfef54,69825517c835c41957e010db,0.25
69825516c835c41957dfef54,69825517c835c41957e0088e,0.05555555555555555
69825516c835c41957dfef54,69825516c835c41957dfa352,0.05555555555555555
69825516c835c41957dfef54,69825516c835c41957dfd70f,0.05555555555555555
69825516c835c41957dfef54,69825516c835c41957dfd19c,0.24285714285714285
69825516c835c41957dfef54,69825516c835c41957dfd8dc,0.4928571428571428
69825516c835c41957dfef54,69825517c835c41957dff88b,0.05555555555555555
69825516c835c41957dfef54,69825517c835c41957e00628,0.05555555555555555
69825516c835c41957dfef54,69825517c835c41957e00524,0.24285714285714285
69825516c835c41957dfef54,69825516c835c41957df9e1d,0.24285714285714285
69825516c835c41957dfef54,69825516c835c41957dfa81f,0.24285714285714285
69825516c835c41957dfef54,69825516c835c41957dfe7d1,0.1
69825516c835c41957dfef54,69825517c835c41957e0042c,0.05555555555555555
69825516c835c41957dfef54,69825516c835c41957dfe123,1.0555555555555556
69825516c835c41957dfef54,69825516c835c41957dfdfa6,0.05555555555555555
69825516c835c41957dfef54,69825517c835c41957e00d55,0.1
69825516c835c41957dfef54,69825516c835c41957dfe802,0.05555555555555555
69825516c835c41957dfef54,69825517c835c41957dffb45,0.05555555555555555
69825516c835c41957dfba05,69825516c835c41957dfa38e,1.1666666666666667
69825516c835c41957dfba05,69825517c835c41957dffb4a,1.0
69825516c835c41957dfba05,69825516c835c41957dfb9af,0.16666666666666666
69825516c835c41957dfeff3,69825516c835c41957dfedaf,0.3333333333333333
69825516c835c41957dfe208,69825516c835c41957dfe224,0.5
69825516c835c41957dfe208,69825516c835c41957dfa4ba,1.0
69825516c835c41957dfefa5,69825516c835c41957dff004,0.36081871345029237
69825516c835c41957dfefa5,69825516c835c41957dfef9e,0.30818713450292395
69825516c835c41957dfefa5,69825516c835c41957dff008,0.36081871345029237
69825516c835c41957dfefa5,69825516c835c41957dfefa4,0.36081871345029237
69825516c835c41957dfefa5,69825516c835c41957dfefb5,0.30818713450292395
69825516c835c41957dfefa5,69825516c835c41957dff006,0.36081871345029237
69825516c835c41957dfefa5,69825516c835c41957dfefa1,0.36081871345029237
69825516c835c41957dfefa5,69825516c835c41957dfefb1,0.36081871345029237
69825516c835c41957dfaaf2,69825516c835c41957dfedac,1.0
69825516c835c41957dfaaf2,69825516c835c41957dfb402,1.0
69825516c835c41957dfaaf2,69825516c835c41957dfb2aa,1.0
69825517c835c41957dff96e,69825516c835c41957dfb645,1.0833333333333333
69825517c835c41957dff96e,69825517c835c41957dff968,2.0833333333333335
69825516c835c41957dff3ca,69825516c835c41957dfd0bb,0.3333333333333333
69825516c835c41957dff3ca,69825517c835c41957dffeab,0.3333333333333333
69825516c835c41957dff3ca,69825516c835c41957dfc7ff,0.3333333333333333
69825516c835c41957dfac7a,69825516c835c41957dfb4a2,0.5
69825516c835c41957dfac7a,69825516c835c41957dfac6a,0.5
69825516c835c41957dfe793,69825516c835c41957dfdc61,1.9797619047619046
69825516c835c41957dfe793,69825516c835c41957dfaa2d,0.25
69825516c835c41957dfe793,69825516c835c41957dfca2b,0.16666666666666666
69825516c835c41957dfe793,69825517c835c41957dff930,0.6964285714285714
69825516c835c41957dfe793,69825516c835c41957dfccad,0.07142857142857142
69825516c835c41957dfe793,69825516c835c41957dff355,0.16666666666666666
69825516c835c41957dfe793,69825516c835c41957dfa27f,0.3333333333333333
69825516c835c41957dfe793,69825516c835c41957dfd3f8,0.25
69825516c835c41957dfe793,69825517c835c41957e00bf6,0.4464285714285714
69825516c835c41957dfe793,69825516c835c41957dfd2fd,0.125
69825516c835c41957dfe793,69825516c835c41957dfa73b,0.27142857142857146
69825516c835c41957dfe793,69825517c835c41957e002a8,0.16666666666666666
69825516c835c41957dfe793,69825516c835c41957dfee4b,0.25
69825516c835c41957dfe793,69825516c835c41957dff27c,0.19642857142857142
69825516c835c41957dfe793,69825517c835c41957e00fc5,3.729761904761905
69825516c835c41957dfe793,69825516c835c41957dfd6eb,0.25
69825516c835c41957dfe793,69825516c835c41957dfd0a4,0.2
69825516c835c41957dfe793,69825517c835c41957dffb7c,0.25
69825516c835c41957dfe793,69825516c835c41957dfb8ef,0.125
69825516c835c41957dfaa86,69825516c835c41957dfaddf,1.3928571428571426
69825516c835c41957dfaa86,69825516c835c41957dfba1b,0.14285714285714285
69825516c835c41957dfaa86,69825516c835c41957dfadc8,1.726190476190476
69825516c835c41957dfaa86,69825516c835c41957dfb96a,0.47619047619047616
69825516c835c41957dfaa86,69825516c835c41957dfa95b,0.3333333333333333
69825516c835c41957dfaa86,69825516c835c41957dfa904,0.3333333333333333
69825516c835c41957dfaa86,69825516c835c41957dfad66,0.25
69825516c835c41957dfaa86,69825517c835c41957e00ded,0.6428571428571428
69825516c835c41957dfaa86,69825516c835c41957dfb968,1.1428571428571428
69825516c835c41957dfaa86,69825517c835c41957e00bf9,0.5833333333333333
69825516c835c41957dfcd3b,69825517c835c41957dffa33,1.6666666666666665
69825516c835c41957dfcd3b,69825517c835c41957e00841,0.41666666666666663
69825516c835c41957dfa7ca,69825517c835c41957e01349,0.5
69825516c835c41957dfa7ca,69825517c835c41957dff880,1.3333333333333333
69825516c835c41957dfa7ca,69825517c835c41957e0088e,0.5
69825516c835c41957dfa7ca,69825517c835c41957e00f6e,0.3333333333333333
69825516c835c41957dfa7ca,69825517c835c41957e00221,0.3333333333333333
69825516c835c41957dfbc0b,69825516c835c41957dfbbb4,0.08333333333333333
69825516c835c41957dfbc0b,69825516c835c41957dfbbd0,0.08333333333333333
69825516c835c41957dfbc0b,69825516c835c41957dfbbe5,0.08333333333333333
69825516c835c41957dfbc0b,69825516c835c41957dfbc1a,0.08333333333333333
69825516c835c41957dfbc0b,69825516c835c41957dfbbce,0.08333333333333333
69825516c835c41957dfbc0b,69825516c835c41957dfbc18,0.08333333333333333
69825516c835c41957dfbc0b,69825516c835c41957dfbbec,0.08333333333333333
69825516c835c41957dfbc0b,69825516c835c41957dfbc02,0.08333333333333333
69825517c835c41957dff891,69825517c835c41957dffb20,0.2
69825517c835c41957dff891,69825516c835c41957dfd2db,0.1
69825517c835c41957dff891,69825516c835c41957dfbd65,0.1
69825517c835c41957dff891,69825516c835c41957dfaa2f,0.1
69825517c835c41957dff891,69825516c835c41957dfdb50,0.1
69825517c835c41957dff891,69825516c835c41957dfd069,0.1
69825516c835c41957dfe1af,69825516c835c41957dfa014,0.3333333333333333
69825516c835c41957dfe1af,69825516c835c41957dfc39e,0.3333333333333333
69825516c835c41957dff383,69825517c835c41957e00f7f,1.0
69825516c835c41957dff383,69825516c835c41957dfb9d5,1.0
69825517c835c41957e018b1,69825516c835c41957dfa965,1.0
69825517c835c41957e018b1,69825517c835c41957e00045,1.0
69825516c835c41957dfa536,69825516c835c41957dfa4d5,0.14285714285714285
69825516c835c41957dfa536,69825516c835c41957dfdd16,0.14285714285714285
69825516c835c41957dfa536,69825516c835c41957dfa44e,1.1428571428571428
69825516c835c41957dfa536,69825516c835c41957dfa4d8,1.1428571428571428
69825516c835c41957dfa536,69825516c835c41957dfa44d,1.1428571428571428
69825516c835c41957dfa536,69825516c835c41957dfa3d6,0.8928571428571428
69825516c835c41957dfa536,69825516c835c41957dfda3e,0.25
69825517c835c41957e007c0,69825516c835c41957dfc610,2.0
69825517c835c41957e007c0,69825517c835c41957e00e96,0.16666666666666666
69825517c835c41957e007c0,69825516c835c41957dfba0e,0.16666666666666666
69825516c835c41957dfcaac,69825516c835c41957dfcaad,0.6666666666666666
69825516c835c41957dfcaac,69825516c835c41957dfcaab,0.6666666666666666
69825516c835c41957dfcaac,69825516c835c41957dfcaae,0.6666666666666666
69825516c835c41957dfd34a,69825516c835c41957dfc9f2,1.0
69825516c835c41957dfc234,69825516c835c41957dfc238,0.5
69825516c835c41957dfc234,69825516c835c41957df9e61,1.5
69825516c835c41957dfc234,69825517c835c41957dff80e,0.5
69825517c835c41957dfff6d,69825517c835c41957e00bf9,3.0
69825516c835c41957dfbaa3,69825516c835c41957dfba9f,0.1111111111111111
69825516c835c41957dfbaa3,69825516c835c41957dfbaa0,0.1111111111111111
69825516c835c41957dfbaa3,69825516c835c41957dfbaa1,0.1111111111111111
69825516c835c41957dfbaa3,69825516c835c41957dfbaa2,0.1111111111111111
69825516c835c41957dfbaa3,69825516c835c41957dfba98,0.1111111111111111
69825516c835c41957dfbaa3,69825516c835c41957dfba96,0.1111111111111111
69825516c835c41957dfcad0,69825517c835c41957e006a6,0.1
69825516c835c41957dfcad0,69825517c835c41957e01229,0.1
69825516c835c41957dfcad0,69825516c835c41957dfcace,0.26666666666666666
69825516c835c41957dfcad0,69825516c835c41957dfcacd,0.26666666666666666
69825516c835c41957dfcad0,69825516c835c41957dfcacb,0.26666666666666666
69825516c835c41957dfcad0,69825516c835c41957dfcacc,0.26666666666666666
69825516c835c41957dfefba,69825517c835c41957dff6be,0.5
69825516c835c41957dfe3f6,69825516c835c41957dfe3fc,0.125
69825516c835c41957dfe3f6,69825516c835c41957dfe3cc,0.125
69825516c835c41957dfe3f6,69825516c835c41957dfe3df,0.125
69825516c835c41957dfe3f6,69825516c835c41957dfe404,0.125
69825516c835c41957dfe3f6,69825516c835c41957dfe3ff,0.125
69825516c835c41957dfe3f6,69825517c835c41957e0174b,0.3333333333333333
69825516c835c41957dfe3f6,69825516c835c41957dfe3db,0.125
69825516c835c41957dfe3f6,69825516c835c41957dfe416,0.125
69825516c835c41957dfe3f6,69825516c835c41957dfe4aa,0.3333333333333333
69825516c835c41957dfe3f6,69825516c835c41957dfe405,0.125
69825516c835c41957dfe1a0,69825516c835c41957dfe1a5,2.0
69825516c835c41957dfdbc1,69825516c835c41957dfba04,0.2
69825516c835c41957dfdbc1,69825516c835c41957dfbae2,0.2
69825516c835c41957dfdbc1,69825516c835c41957dfab42,0.2
69825516c835c41957dfdbc1,69825517c835c41957e0061b,0.2
69825517c835c41957e00e87,69825516c835c41957dfb9cc,0.6666666666666666
69825517c835c41957e00e87,69825516c835c41957dfd253,0.7833333333333333
69825517c835c41957e00e87,69825517c835c41957e009fc,2.95
69825516c835c41957dfbbbd,69825516c835c41957dfbbcf,0.3333333333333333
69825516c835c41957dfbbbd,69825516c835c41957dfbbc2,0.3333333333333333
69825516c835c41957dfbbbd,69825516c835c41957dfbc04,0.3333333333333333
69825516c835c41957df9e2d,69825517c835c41957e01001,0.3333333333333333
69825516c835c41957dfef53,69825516c835c41957dfa2cd,0.5
69825516c835c41957dfef53,69825516c835c41957dfa593,0.5
69825516c835c41957dfef53,69825516c835c41957dfa3d8,0.5
69825516c835c41957dfef53,69825516c835c41957dfa7ce,0.16666666666666666
69825516c835c41957dfef53,69825517c835c41957dffc7e,1.1666666666666667
69825516c835c41957dfef53,69825516c835c41957dfccf1,0.16666666666666666
69825516c835c41957dfef53,69825517c835c41957e0088e,0.6666666666666666
69825516c835c41957dfef53,69825516c835c41957dfa95b,0.16666666666666666
69825517c835c41957e006cb,69825517c835c41957e006ca,1.0
69825517c835c41957e0119f,69825516c835c41957dfda2b,0.09090909090909091
69825517c835c41957e0119f,69825516c835c41957dfa3a9,0.09090909090909091
69825517c835c41957e0119f,69825517c835c41957dffca7,5.424242424242424
69825517c835c41957e0119f,69825516c835c41957dfca71,0.09090909090909091
69825517c835c41957e0119f,69825516c835c41957dfca72,0.09090909090909091
69825517c835c41957e0119f,69825516c835c41957dfa122,0.09090909090909091
69825517c835c41957e0119f,69825516c835c41957dfda3e,0.09090909090909091
69825516c835c41957dfd00c,69825517c835c41957dffb53,0.25
69825517c835c41957dffd83,69825517c835c41957dffd84,1.0
69825516c835c41957dfc3b5,69825516c835c41957dfe609,2.0
69825517c835c41957dffca7,69825516c835c41957dfda2b,0.09090909090909091
69825517c835c41957dffca7,69825516c835c41957dfa3a9,0.09090909090909091
69825517c835c41957dffca7,69825516c835c41957dfca71,0.09090909090909091
69825517c835c41957dffca7,69825516c835c41957dfca72,0.09090909090909091
69825517c835c41957dffca7,69825516c835c41957dfa122,0.09090909090909091
69825517c835c41957dffca7,69825516c835c41957dfda3e,0.09090909090909091
69825516c835c41957dfb4aa,69825516c835c41957dfe80b,0.3333333333333333
69825516c835c41957dfb4aa,69825516c835c41957dfb2c3,0.3333333333333333
69825516c835c41957dfccad,69825516c835c41957dfdc61,0.07142857142857142
69825516c835c41957dfccad,69825517c835c41957dffb20,0.14285714285714285
69825516c835c41957dfccad,69825517c835c41957dff930,0.07142857142857142
69825516c835c41957dfccad,69825517c835c41957e0088e,0.16666666666666666
69825516c835c41957dfccad,69825517c835c41957e00bf6,0.07142857142857142
69825516c835c41957dfccad,69825516c835c41957dfd2fd,1.0
69825516c835c41957dfccad,69825516c835c41957dfa73b,0.07142857142857142
69825516c835c41957dfccad,69825516c835c41957dfe7dc,0.16666666666666666
69825516c835c41957dfccad,69825516c835c41957dfd070,0.14285714285714285
69825516c835c41957dfccad,69825517c835c41957e00fc5,0.23809523809523808
69825516c835c41957dfccad,69825516c835c41957dff27c,0.07142857142857142
69825516c835c41957dfccad,69825517c835c41957e00bf9,0.30952380952380953
69825516c835c41957dfae05,69825516c835c41957dfad8c,4.5
69825516c835c41957dfaed2,69825516c835c41957dfcc91,1.0
69825517c835c41957e00d00,69825517c835c41957dffdb9,0.3333333333333333
69825517c835c41957e00d00,69825516c835c41957dfa0d5,0.3333333333333333
69825517c835c41957e00d00,69825516c835c41957dfa946,0.3333333333333333
69825516c835c41957dff253,69825516c835c41957dfa568,0.5
69825516c835c41957dff253,69825516c835c41957dff2c0,0.14285714285714285
69825516c835c41957dff253,69825516c835c41957dfdbbc,0.14285714285714285
69825516c835c41957dff253,69825516c835c41957dfa77f,0.25
69825516c835c41957dff253,69825516c835c41957dfd253,0.25
69825516c835c41957dff253,69825516c835c41957dfb78d,0.14285714285714285
69825516c835c41957dff253,69825516c835c41957dfd87c,0.5
69825516c835c41957dff253,69825516c835c41957dfb7b7,0.14285714285714285
69825516c835c41957dff253,69825516c835c41957dfd305,0.14285714285714285
69825517c835c41957e012a5,69825516c835c41957dfc6bf,0.125
69825517c835c41957e012a5,69825517c835c41957e0174b,2.5
69825517c835c41957e012a5,69825516c835c41957dfa47c,0.25
69825517c835c41957e012a5,69825517c835c41957e015fb,0.125
69825517c835c41957e012a5,69825517c835c41957e012a7,0.25
69825517c835c41957e012a5,69825516c835c41957dfd269,0.25
69825517c835c41957e012a5,69825516c835c41957dfe481,0.125
69825517c835c41957e012a5,69825516c835c41957dff27f,0.25
69825517c835c41957e012a5,69825517c835c41957e00735,0.125
69825517c835c41957e012a5,69825516c835c41957dff313,0.125
69825517c835c41957e012a5,69825516c835c41957dfe5fd,0.125
69825516c835c41957dfb3e3,69825516c835c41957dfb522,0.2
69825516c835c41957dfb3e3,69825516c835c41957dfb263,0.2
69825516c835c41957dfb3e3,69825516c835c41957dfa89e,0.5
69825516c835c41957dfb3e3,69825516c835c41957dfb193,0.2
69825516c835c41957dfb3e3,69825516c835c41957dfb525,0.7
69825516c835c41957dfe4fc,69825516c835c41957dfba04,0.2
69825516c835c41957dfe4fc,69825516c835c41957dfbae2,0.2
69825516c835c41957dfe4fc,69825516c835c41957dfab42,1.2
69825516c835c41957dfe4fc,69825517c835c41957e0061b,0.2
69825517c835c41957e00f7c,69825517c835c41957e00d0b,2.0
69825516c835c41957dfb547,69825517c835c41957e0044f,1.0
69825516c835c41957dfd2fa,69825516c835c41957dfdc61,0.1111111111111111
69825516c835c41957dfd2fa,69825516c835c41957dfd2d6,1.8111111111111111
69825516c835c41957dfd2fa,69825516c835c41957dfa27f,0.1111111111111111
69825516c835c41957dfd2fa,69825516c835c41957dfd2fd,0.1111111111111111
69825516c835c41957dfd2fa,69825516c835c41957dff1fb,0.1111111111111111
69825516c835c41957dfd2fa,69825516c835c41957dfef52,0.2
69825516c835c41957dfd2fa,69825517c835c41957e00fc5,0.3111111111111111
69825516c835c41957dfd2fa,69825517c835c41957dff799,0.6111111111111112
69825516c835c41957dfd2fa,69825516c835c41957dfb8ef,0.2
69825516c835c41957dfd2fa,69825517c835c41957dffca6,0.1111111111111111
69825516c835c41957dfa5f9,69825517c835c41957e006c2,0.25
69825516c835c41957dfa5f9,69825517c835c41957dff929,0.25
69825516c835c41957dfa5f9,69825517c835c41957e0067f,0.25
69825517c835c41957e00d4f,69825516c835c41957dfc5a3,0.06666666666666667
69825517c835c41957e00d4f,69825517c835c41957e007bf,0.06666666666666667
69825517c835c41957e00d4f,69825517c835c41957e00348,0.06666666666666667
69825517c835c41957e00d4f,69825516c835c41957dfba0e,0.06666666666666667
69825517c835c41957e00d4f,69825516c835c41957dfc572,0.06666666666666667
69825516c835c41957dfb1cd,69825516c835c41957dfe558,0.25
69825516c835c41957dfb1cd,69825516c835c41957dfb522,0.25
69825516c835c41957dfb1cd,69825516c835c41957dfd121,0.25
69825516c835c41957dfb1cd,69825516c835c41957dfd943,1.0
69825516c835c41957dfb1cd,69825516c835c41957dfb1dc,0.25
69825516c835c41957dfe5b9,69825516c835c41957dfe5b2,1.0
69825517c835c41957e01add,69825516c835c41957dfdae1,0.3333333333333333
69825517c835c41957e01add,69825517c835c41957dffef9,0.25
69825517c835c41957e01add,69825516c835c41957dfd2dc,0.25
69825516c835c41957dfe416,69825516c835c41957dfe3fc,0.125
69825516c835c41957dfe416,69825516c835c41957dfe3cc,0.125
69825516c835c41957dfe416,69825516c835c41957dfe3df,0.125
69825516c835c41957dfe416,69825516c835c41957dfe404,0.125
69825516c835c41957dfe416,69825516c835c41957dfe3ff,0.125
69825516c835c41957dfe416,69825516c835c41957dfe3db,0.125
69825516c835c41957dfe416,69825516c835c41957dfe405,0.125
69825516c835c41957dfdd8c,69825517c835c41957dff86a,0.26666666666666666
69825516c835c41957dfdd8c,69825516c835c41957dfe6f7,0.2
69825516c835c41957dfdd8c,69825516c835c41957dfdd86,0.06666666666666667
69825516c835c41957dfdd8c,69825516c835c41957dfb62b,0.06666666666666667
69825516c835c41957dfdd8c,69825516c835c41957dfa821,0.06666666666666667
69825516c835c41957dfdd8c,69825517c835c41957e00e31,0.2
69825516c835c41957dfdd8c,69825516c835c41957dfb9af,0.06666666666666667
69825516c835c41957dfdd8c,69825517c835c41957dff863,0.06666666666666667
69825516c835c41957dfdd8c,69825516c835c41957dfdd52,0.06666666666666667
69825516c835c41957dfc48e,69825516c835c41957dfd157,0.5
69825516c835c41957dfc48e,69825516c835c41957dfbc48,0.5
69825516c835c41957dfc48e,69825516c835c41957dfc52c,0.5
69825516c835c41957dfb0e9,69825517c835c41957e01155,0.5
69825516c835c41957dfc802,69825516c835c41957dfb5bf,0.14285714285714285
69825516c835c41957dfc802,69825517c835c41957e003a7,0.14285714285714285
69825516c835c41957dfc802,69825516c835c41957dfc812,0.5
69825516c835c41957dfd890,69825516c835c41957dfe6a0,0.5
69825516c835c41957dfd890,69825516c835c41957df9e28,0.5
69825517c835c41957e011b3,69825516c835c41957dfa593,1.0
69825516c835c41957dfca72,69825516c835c41957dfda2b,0.09090909090909091
69825516c835c41957dfca72,69825516c835c41957dfa3a9,0.09090909090909091
69825516c835c41957dfca72,69825516c835c41957dfca71,0.5909090909090909
69825516c835c41957dfca72,69825516c835c41957dfa122,0.09090909090909091
69825516c835c41957dfca72,69825516c835c41957dfe66d,0.16666666666666666
69825516c835c41957dfca72,69825516c835c41957dfda3e,0.09090909090909091
69825516c835c41957dfc92c,69825516c835c41957dfc92b,1.0
69825516c835c41957dfa946,69825517c835c41957dffdb9,0.3333333333333333
69825516c835c41957dfa946,69825516c835c41957dfa0d5,0.8333333333333333
69825516c835c41957dfb443,69825516c835c41957dfd309,0.3333333333333333
69825516c835c41957dfb443,69825517c835c41957dffd68,0.2
69825516c835c41957dfb443,69825516c835c41957dfa333,0.3333333333333333
69825516c835c41957dfb443,69825517c835c41957e00222,10.866666666666667
69825516c835c41957dfb443,69825516c835c41957dfa965,0.7
69825516c835c41957dfb443,69825517c835c41957e00980,0.5333333333333333
69825516c835c41957dfdce4,69825517c835c41957e0077a,0.3333333333333333
69825516c835c41957dfdce4,69825516c835c41957dfef6d,0.3333333333333333
69825517c835c41957dff931,69825516c835c41957dfac47,0.5
69825517c835c41957dff931,69825516c835c41957dfd892,2.75
69825517c835c41957dff931,69825516c835c41957dfa95b,0.25
69825517c835c41957e0174c,69825517c835c41957e0174b,0.3333333333333333
69825517c835c41957e0174c,69825516c835c41957dfca6c,0.5
69825517c835c41957e0174c,69825516c835c41957dfe49f,0.3333333333333333
69825517c835c41957e01662,69825517c835c41957e01661,0.047619047619047616
69825517c835c41957e01662,69825517c835c41957e01644,0.11428571428571428
69825517c835c41957e01662,69825517c835c41957e016b7,0.28095238095238095
69825517c835c41957e01662,69825517c835c41957e015a4,0.28095238095238095
69825517c835c41957e01662,69825517c835c41957e0161f,0.11428571428571428
69825517c835c41957e01662,69825517c835c41957e0157c,0.047619047619047616
69825517c835c41957e01662,69825517c835c41957e015b0,0.28095238095238095
69825517c835c41957e01662,69825517c835c41957e01617,0.047619047619047616
69825517c835c41957e01662,69825517c835c41957e015db,0.06666666666666667
69825517c835c41957e01662,69825517c835c41957e016d1,0.047619047619047616
69825517c835c41957e01662,69825517c835c41957e0168f,0.047619047619047616
69825516c835c41957dfe4a4,69825516c835c41957dfe48b,0.14285714285714285
69825516c835c41957dfe4a4,69825516c835c41957dfc5f0,0.14285714285714285
69825516c835c41957dfe4a4,69825516c835c41957dfe47e,0.14285714285714285
69825516c835c41957dfe4a4,69825516c835c41957dfe485,0.14285714285714285
69825516c835c41957dfe4a4,69825516c835c41957dfe49e,0.14285714285714285
69825516c835c41957dfbe41,69825516c835c41957dfbe3e,2.0
69825516c835c41957df9d57,69825516c835c41957dff2ba,0.16666666666666666
69825516c835c41957df9d57,69825517c835c41957e0088e,0.5
69825516c835c41957df9d57,69825516c835c41957dfe01c,1.0
69825516c835c41957df9d57,69825516c835c41957dfeef8,0.16666666666666666
69825516c835c41957df9d57,69825517c835c41957e0111a,0.6666666666666666
69825516c835c41957df9d57,69825516c835c41957dfd253,1.0
69825516c835c41957df9d57,69825517c835c41957dffc7e,0.16666666666666666
69825516c835c41957df9d57,69825516c835c41957dfa4d6,0.3333333333333333
69825516c835c41957df9d57,69825517c835c41957e0094a,0.16666666666666666
69825516c835c41957df9d57,69825517c835c41957e0112b,1.1666666666666665
69825516c835c41957df9d57,69825516c835c41957dfd6eb,1.0
69825516c835c41957df9d57,69825516c835c41957dfd892,1.0
69825517c835c41957dff98c,69825516c835c41957dfe867,0.125
69825517c835c41957dff98c,69825516c835c41957dfe79f,0.125
69825517c835c41957dff98c,69825517c835c41957dffe16,0.125
69825517c835c41957dff98c,69825517c835c41957e0080a,0.125
69825517c835c41957dff98c,69825517c835c41957e007db,0.125
69825517c835c41957e01223,69825516c835c41957dfee03,3.0
69825517c835c41957e01223,69825517c835c41957e001ab,3.0
69825516c835c41957dfa469,69825516c835c41957dfa8d4,0.8333333333333333
69825516c835c41957dfa469,69825516c835c41957dfe2a7,1.5
69825516c835c41957dfa469,69825516c835c41957dfedb0,0.3333333333333333
69825516c835c41957dfefeb,69825516c835c41957dfefaf,0.5
69825516c835c41957dfa4ba,69825517c835c41957e01820,0.25
69825516c835c41957dfa4ba,69825516c835c41957dfa42e,1.0
69825516c835c41957dfa4ba,69825516c835c41957dfa47c,1.1666666666666665
69825516c835c41957dfa4ba,69825516c835c41957dfbb50,0.25
69825516c835c41957dfa4ba,69825517c835c41957e00b81,1.0
69825516c835c41957dfa4ba,69825516c835c41957dfa522,1.0
69825516c835c41957dfa4ba,69825516c835c41957dfa465,2.0
69825516c835c41957dfa4ba,69825516c835c41957dfa3f7,0.5
69825516c835c41957dfa4ba,69825516c835c41957dfa466,0.5
69825516c835c41957dfa4ba,69825517c835c41957e0173a,0.25
69825517c835c41957e00e8a,69825516c835c41957dfee4b,0.25
69825517c835c41957e00e8a,69825516c835c41957dfd3f8,0.25
69825517c835c41957e00e8a,69825517c835c41957e0042c,0.25
69825517c835c41957e0004a,69825517c835c41957e00045,1.0
69825516c835c41957dfab9b,69825516c835c41957dfbe83,1.0
69825517c835c41957e00109,69825516c835c41957dfd101,3.0
69825516c835c41957dfaa2f,69825516c835c41957dfd2db,0.1
69825516c835c41957dfaa2f,69825516c835c41957dfbd65,0.1
69825516c835c41957dfaa2f,69825516c835c41957dfcdad,0.2
69825516c835c41957dfaa2f,69825517c835c41957dff930,0.16666666666666666
69825516c835c41957dfaa2f,69825516c835c41957dfdb50,0.1
69825516c835c41957dfaa2f,69825516c835c41957dfd069,0.1
69825516c835c41957dfaa2f,69825516c835c41957dfaa2d,0.6166666666666667
69825517c835c41957e00bf8,69825516c835c41957dfd2ec,2.0
69825517c835c41957e00bf8,69825516c835c41957dfd019,0.5
69825517c835c41957dff88b,69825516c835c41957dfe123,0.05555555555555555
69825517c835c41957dff88b,69825517c835c41957dffb45,0.05555555555555555
69825517c835c41957dff88b,69825517c835c41957e00628,0.3055555555555556
69825517c835c41957dff88b,69825517c835c41957e0088e,0.05555555555555555
69825517c835c41957dff88b,69825516c835c41957dfdfa6,0.05555555555555555
69825517c835c41957dff88b,69825516c835c41957dfa352,0.05555555555555555
69825517c835c41957dff88b,69825516c835c41957dfd70f,0.05555555555555555
69825517c835c41957dff88b,69825516c835c41957dfe802,0.05555555555555555
69825517c835c41957dff88b,69825517c835c41957e0042c,0.05555555555555555
69825517c835c41957dffd5f,69825517c835c41957dffd52,0.14358974358974358
69825517c835c41957dffd5f,69825516c835c41957dfb521,0.06666666666666667
69825517c835c41957dffd5f,69825517c835c41957dffd3a,0.14358974358974358
69825517c835c41957dffd5f,69825517c835c41957dffd40,0.14358974358974358
69825517c835c41957dffd5f,69825517c835c41957dffd48,0.14358974358974358
69825517c835c41957dffd5f,69825516c835c41957dfe63b,0.06666666666666667
69825517c835c41957dffd5f,69825517c835c41957dffd57,0.14358974358974358
69825517c835c41957dffd5f,69825517c835c41957dffd55,0.14358974358974358
69825517c835c41957dffd5f,69825517c835c41957dffd4c,0.14358974358974358
69825516c835c41957dfc2b1,69825516c835c41957dfc2a9,0.5
69825516c835c41957dfc601,69825516c835c41957dfe1f9,0.125
69825516c835c41957dfc601,69825516c835c41957dfdbf0,1.0
69825516c835c41957dfc601,69825516c835c41957dfd2db,1.0
69825516c835c41957dfc601,69825516c835c41957dfc75e,0.5
69825516c835c41957dfc601,69825516c835c41957dfa47c,0.5
69825516c835c41957dfc601,69825516c835c41957dfca90,0.5
69825516c835c41957dfc601,69825516c835c41957dfe207,0.125
69825516c835c41957dfc601,69825516c835c41957dfa522,0.5
69825516c835c41957dfc601,69825516c835c41957dfe1f8,0.125
69825516c835c41957dfc601,69825516c835c41957dfa3f7,0.5
69825516c835c41957dfc601,69825516c835c41957dfe1fb,0.125
69825516c835c41957dff3c9,69825516c835c41957dfc939,0.5833333333333333
69825516c835c41957dff3c9,69825517c835c41957dff416,0.5833333333333333
69825516c835c41957dff3c9,69825517c835c41957e01a80,1.5833333333333333
69825516c835c41957dfd2e3,69825517c835c41957e007e3,0.3333333333333333
69825516c835c41957dfd2e3,69825516c835c41957dfa53b,0.3333333333333333
69825516c835c41957dfb9cc,69825517c835c41957e009fc,0.6666666666666666
69825516c835c41957dfca8e,69825516c835c41957dfe63a,0.25
69825516c835c41957dfca8e,69825516c835c41957dfe63c,0.25
69825516c835c41957dfca8e,69825516c835c41957dfca8f,1.25
69825516c835c41957dfca8e,69825516c835c41957dfe63b,0.25
69825516c835c41957dfe5c6,69825516c835c41957dfa530,0.5
69825516c835c41957dfe5c6,69825516c835c41957dfe611,0.5
69825517c835c41957dffd40,69825517c835c41957dffd52,0.14358974358974358
69825517c835c41957dffd40,69825516c835c41957dfb521,0.06666666666666667
69825517c835c41957dffd40,69825517c835c41957dffd48,0.14358974358974358
69825517c835c41957dffd40,69825517c835c41957dffd3a,0.14358974358974358
69825517c835c41957dffd40,69825516c835c41957dfe63b,0.06666666666666667
69825517c835c41957dffd40,69825517c835c41957dffd57,0.14358974358974358
69825517c835c41957dffd40,69825517c835c41957dffd55,0.14358974358974358
69825517c835c41957dffd40,69825517c835c41957dffd4c,0.14358974358974358
69825516c835c41957dfa965,69825517c835c41957dffd68,0.2
69825516c835c41957dfa965,69825516c835c41957dfa333,1.0
69825516c835c41957dfa965,69825517c835c41957e00222,1.7
69825516c835c41957dfa965,69825516c835c41957dfe79f,0.2
69825516c835c41957dfa965,69825517c835c41957e0080a,0.2
69825516c835c41957dfa965,69825516c835c41957dfc522,0.2
69825516c835c41957dfa965,69825517c835c41957e00980,0.2
69825516c835c41957dfd00d,69825516c835c41957dfad0f,1.0
69825516c835c41957dfa014,69825516c835c41957dfc39e,1.3333333333333333
69825516c835c41957dfd213,69825516c835c41957dfdb94,1.0
69825516c835c41957dfd213,69825516c835c41957dfa355,1.0
69825517c835c41957e0158a,69825517c835c41957e01600,0.30952380952380953
69825517c835c41957e0158a,69825517c835c41957e015db,0.30952380952380953
69825517c835c41957e0158a,69825517c835c41957e0163c,0.30952380952380953
69825516c835c41957dfc505,69825516c835c41957dfc475,1.0
69825516c835c41957dfc505,69825516c835c41957dfa4c0,1.0
69825516c835c41957df9e60,69825516c835c41957dfe79f,0.16233766233766234
69825516c835c41957df9e60,69825517c835c41957dff6fc,0.13392857142857142
69825516c835c41957df9e60,69825517c835c41957e007db,0.07142857142857142
69825516c835c41957df9e60,69825517c835c41957e00f6b,0.9248376623376624
69825516c835c41957df9e60,69825517c835c41957e0080a,0.09090909090909091
69825516c835c41957df9e60,69825517c835c41957dffbd6,1.2581709956709957
69825516c835c41957df9e60,69825517c835c41957e00d08,1.2581709956709957
69825516c835c41957df9e60,69825517c835c41957dffe16,0.16233766233766234
69825516c835c41957df9e60,69825517c835c41957e00f6c,2.2581709956709957
69825516c835c41957df9e60,69825516c835c41957dfb790,0.0625
69825517c835c41957dffd3f,69825517c835c41957dffd59,0.07407407407407407
69825517c835c41957dffd3f,69825517c835c41957dffd3c,0.07407407407407407
69825517c835c41957dffd3f,69825517c835c41957dffd39,0.07407407407407407
69825517c835c41957dffd3f,69825517c835c41957dffd64,0.07407407407407407
69825517c835c41957dffd3f,69825517c835c41957dffd4f,0.07407407407407407
69825517c835c41957dffd3f,69825517c835c41957e012a7,0.037037037037037035
69825517c835c41957dffd3f,69825517c835c41957dffd50,0.07407407407407407
69825517c835c41957dffd3f,69825517c835c41957dffd53,0.07407407407407407
69825516c835c41957dfde38,69825516c835c41957dfde18,0.5833333333333333
69825516c835c41957dfde38,69825517c835c41957dff75a,0.25
69825516c835c41957dfb8e4,69825517c835c41957dffcac,1.0
69825517c835c41957e0047e,69825516c835c41957dfe848,0.25
69825517c835c41957e0047e,69825517c835c41957e00a30,0.25
69825517c835c41957e0047e,69825516c835c41957dfef52,0.25
69825517c835c41957e0047e,69825517c835c41957e00d01,0.5
69825516c835c41957dfcc07,69825516c835c41957dfca8f,1.0
69825516c835c41957dfefa4,69825516c835c41957dff004,0.36081871345029237
69825516c835c41957dfefa4,69825516c835c41957dfef9e,0.30818713450292395
69825516c835c41957dfefa4,69825516c835c41957dff008,0.36081871345029237
69825516c835c41957dfefa4,69825516c835c41957dfefb5,0.30818713450292395
69825516c835c41957dfefa4,69825516c835c41957dff006,0.36081871345029237
69825516c835c41957dfefa4,69825516c835c41957dfefa1,0.36081871345029237
69825516c835c41957dfefa4,69825516c835c41957dfefb1,0.36081871345029237
69825516c835c41957dfd2d0,69825516c835c41957dfedac,0.3333333333333333
69825516c835c41957dfd2d0,69825516c835c41957dfc59f,5.333333333333333
69825516c835c41957dfd2d0,69825516c835c41957dfc92b,0.3333333333333333
69825516c835c41957dfe622,69825517c835c41957e004b9,0.1
69825516c835c41957dfe622,69825516c835c41957dfd79f,0.1
69825516c835c41957dfe622,69825516c835c41957dfb7ae,0.1
69825516c835c41957dfe622,69825516c835c41957dff04d,0.1
69825516c835c41957dfe622,69825516c835c41957dfe61a,0.6
69825516c835c41957dfda71,69825517c835c41957e0180c,0.16666666666666666
69825516c835c41957dfda71,69825516c835c41957dfdbd8,0.5
69825516c835c41957dfda71,69825517c835c41957e00127,0.3333333333333333
69825516c835c41957dfda71,69825516c835c41957dfb79d,0.3333333333333333
69825516c835c41957dfda71,69825516c835c41957dfe6de,0.5
69825516c835c41957dfd31e,69825516c835c41957dfca1f,3.0
69825516c835c41957dff06c,69825516c835c41957dff0dc,0.02631578947368421
69825516c835c41957dff06c,69825516c835c41957dff0b1,0.02631578947368421
69825516c835c41957dff06c,69825516c835c41957dff0ba,0.02631578947368421
69825516c835c41957dff06c,69825516c835c41957dff069,0.5263157894736842
69825516c835c41957dff06c,69825516c835c41957dff063,0.02631578947368421
69825516c835c41957dff06c,69825516c835c41957dff070,0.02631578947368421
69825516c835c41957dff06c,69825516c835c41957dff090,0.02631578947368421
69825516c835c41957dff06c,69825516c835c41957dff0cd,0.02631578947368421
69825516c835c41957dff06c,69825516c835c41957dff0cf,0.02631578947368421
69825516c835c41957dff06c,69825516c835c41957dff0c8,0.02631578947368421
69825516c835c41957dff06c,69825516c835c41957dff071,0.02631578947368421
69825516c835c41957dff06c,69825516c835c41957dff091,0.02631578947368421
69825516c835c41957dff06c,69825516c835c41957dff080,0.02631578947368421
69825516c835c41957dff06c,69825516c835c41957dff064,0.02631578947368421
69825516c835c41957dff06c,69825516c835c41957dff0b2,0.02631578947368421
69825516c835c41957dff06c,69825516c835c41957dff09e,0.02631578947368421
69825516c835c41957dff06c,69825516c835c41957dff072,0.5263157894736842
69825516c835c41957dff06c,69825516c835c41957dff09d,0.02631578947368421
69825516c835c41957dff06c,69825516c835c41957dff0db,0.02631578947368421
69825516c835c41957dff06c,69825516c835c41957dff077,0.02631578947368421
69825516c835c41957dff06c,69825516c835c41957dff08f,0.02631578947368421
69825516c835c41957dff06c,69825516c835c41957dff06f,0.02631578947368421
69825516c835c41957dff06c,69825516c835c41957dff0d9,0.02631578947368421
69825516c835c41957dff06c,69825516c835c41957dff0d1,0.02631578947368421
69825516c835c41957dfd407,69825516c835c41957dfd239,2.0
69825517c835c41957dffef9,69825516c835c41957dfd2dc,0.25
69825517c835c41957e0010a,69825516c835c41957dfa4d6,0.5
69825517c835c41957e0010a,69825516c835c41957dfa95b,0.5
69825516c835c41957dfbbd0,69825516c835c41957dfbbb4,0.08333333333333333
69825516c835c41957dfbbd0,69825516c835c41957dfbbe5,0.08333333333333333
69825516c835c41957dfbbd0,69825516c835c41957dfbc1a,0.08333333333333333
69825516c835c41957dfbbd0,69825516c835c41957dfbbce,0.08333333333333333
69825516c835c41957dfbbd0,69825516c835c41957dfbc18,0.08333333333333333
69825516c835c41957dfbbd0,69825516c835c41957dfe667,1.0
69825516c835c41957dfbbd0,69825516c835c41957dfbbec,0.08333333333333333
69825516c835c41957dfbbd0,69825516c835c41957dfbc02,0.08333333333333333
69825516c835c41957dfd07e,69825516c835c41957dfd07c,1.5
69825516c835c41957dfd07e,69825517c835c41957dff95a,0.5
69825517c835c41957e00fa7,69825516c835c41957dfb983,1.0
69825517c835c41957e006fa,69825516c835c41957dfd50a,2.0
69825516c835c41957dfe486,69825517c835c41957e01739,0.1111111111111111
69825516c835c41957dfe486,69825516c835c41957dfe48d,0.1111111111111111
69825516c835c41957dfe486,69825516c835c41957dfe21b,0.1111111111111111
69825516c835c41957dfd4ce,69825516c835c41957dfa501,0.5
69825516c835c41957dfd4ce,69825517c835c41957e00769,0.5
69825517c835c41957e015a4,69825517c835c41957e01661,1.1385281385281385
69825517c835c41957e015a4,69825517c835c41957e01644,0.2051948051948052
69825517c835c41957e015a4,69825517c835c41957e016ba,0.1
69825517c835c41957e015a4,69825517c835c41957e015f2,0.1
69825517c835c41957e015a4,69825517c835c41957e016b7,0.6718614718614718
69825517c835c41957e015a4,69825517c835c41957e0161f,0.2142857142857143
69825517c835c41957e015a4,69825517c835c41957e0157c,0.047619047619047616
69825517c835c41957e015a4,69825517c835c41957e015b0,0.48095238095238096
69825517c835c41957e015a4,69825517c835c41957e01617,0.13852813852813853
69825517c835c41957e015a4,69825517c835c41957e015db,0.06666666666666667
69825517c835c41957e015a4,69825517c835c41957e016d1,0.14761904761904762
69825517c835c41957e015a4,69825517c835c41957e016b3,0.1
69825517c835c41957e015a4,69825517c835c41957e0168f,0.13852813852813853
69825516c835c41957dfae12,69825516c835c41957dfade7,1.0
69825516c835c41957dfa466,69825516c835c41957dfa42e,2.333333333333333
69825516c835c41957dfa466,69825516c835c41957dfa428,1.0
69825516c835c41957dfa466,69825516c835c41957dfa47c,1.5
69825516c835c41957dfa466,69825516c835c41957dfcfc2,1.0
69825516c835c41957dfa466,69825516c835c41957dfe21a,0.5
69825516c835c41957dfa466,69825516c835c41957dfe1b3,0.5
69825516c835c41957dfa466,69825516c835c41957dfa522,2.0
69825516c835c41957dfa466,69825516c835c41957dfa465,0.5
69825517c835c41957e0042c,69825517c835c41957e0088e,0.05555555555555555
69825517c835c41957e0042c,69825516c835c41957dfa352,0.05555555555555555
69825517c835c41957e0042c,69825516c835c41957dfd70f,0.5555555555555556
69825517c835c41957e0042c,69825516c835c41957dfd3f8,0.25
69825517c835c41957e0042c,69825517c835c41957e00628,0.05555555555555555
69825517c835c41957e0042c,69825516c835c41957dfee4b,0.25
69825517c835c41957e0042c,69825516c835c41957dfe123,0.05555555555555555
69825517c835c41957e0042c,69825516c835c41957dfdfa6,0.05555555555555555
69825517c835c41957e0042c,69825516c835c41957dfe802,0.05555555555555555
69825517c835c41957e0042c,69825517c835c41957dffb45,1.5555555555555556
69825516c835c41957dfd6af,69825516c835c41957dfbf7b,2.0
69825516c835c41957dfa4e0,69825516c835c41957dfda2b,0.3333333333333333
69825516c835c41957dfa4e0,69825516c835c41957dfbe71,0.3333333333333333
69825516c835c41957dfa4e0,69825516c835c41957dfe0c8,0.2
69825516c835c41957dfa4e0,69825516c835c41957dfe0c6,0.2
69825516c835c41957dfa4e0,69825516c835c41957dfa48e,0.3333333333333333
69825516c835c41957dfa4e0,69825516c835c41957dfe019,0.3333333333333333
69825516c835c41957dfa4e0,69825516c835c41957dfc98a,1.3333333333333333
69825516c835c41957dfa4e0,69825516c835c41957dfeee7,1.0
69825516c835c41957dfa4e0,69825516c835c41957dfa44c,0.5
69825516c835c41957dfa4e0,69825516c835c41957dfa419,0.5
69825517c835c41957e004ff,69825517c835c41957e00cff,1.0
69825517c835c41957e004ff,69825517c835c41957e00da4,1.0
69825517c835c41957e01003,69825517c835c41957e00e2b,2.0
69825516c835c41957dfe60a,69825516c835c41957dfe49a,0.2
69825516c835c41957dfe60a,69825516c835c41957dfb664,0.2
69825516c835c41957dfe60a,69825516c835c41957dfd269,0.2
69825516c835c41957dfc98b,69825517c835c41957dff910,0.08333333333333333
69825516c835c41957dfc98b,69825516c835c41957dfccb0,0.08333333333333333
69825516c835c41957dfc98b,69825516c835c41957dfd307,0.08333333333333333
69825516c835c41957dfc98b,69825516c835c41957dfef51,0.08333333333333333
69825516c835c41957dfc98b,69825517c835c41957dff465,0.08333333333333333
69825516c835c41957dfc98b,69825516c835c41957dff145,0.08333333333333333
69825516c835c41957dfc98b,69825516c835c41957dfd2dc,0.08333333333333333
69825517c835c41957e00654,69825516c835c41957dfb5b1,0.1111111111111111
69825517c835c41957e00654,69825516c835c41957dfe795,0.1111111111111111
69825517c835c41957e00654,69825517c835c41957e00ded,0.45
69825517c835c41957e00654,69825517c835c41957e00f7f,0.2
69825517c835c41957e00654,69825517c835c41957e00f7b,1.45
69825517c835c41957e00654,69825517c835c41957dff799,1.5611111111111111
69825517c835c41957e00654,69825517c835c41957e01139,0.1111111111111111
69825516c835c41957dfa568,69825516c835c41957dfa77f,1.25
69825516c835c41957dfa568,69825516c835c41957dfd253,0.25
69825516c835c41957dfa568,69825516c835c41957dfd87c,0.5
69825516c835c41957dfa568,69825517c835c41957e00e90,0.5
69825516c835c41957dfa568,69825517c835c41957e0100e,0.5
69825516c835c41957dfc53a,69825517c835c41957e007e7,1.0
69825516c835c41957dfa7f4,69825517c835c41957e015c0,0.1
69825516c835c41957dfa7f4,69825517c835c41957e015da,0.1
69825516c835c41957dfa7f4,69825517c835c41957e01600,0.1
69825516c835c41957dfa7f4,69825517c835c41957e01690,0.6
69825516c835c41957dfa7f4,69825517c835c41957e01622,0.1
69825516c835c41957dfab4b,69825516c835c41957dfbd76,0.75
69825516c835c41957dfab4b,69825516c835c41957dfa30d,1.75
69825516c835c41957dfa821,69825517c835c41957dff86a,0.06666666666666667
69825516c835c41957dfa821,69825516c835c41957dfdd86,0.06666666666666667
69825516c835c41957dfa821,69825516c835c41957dfb62b,0.06666666666666667
69825516c835c41957dfa821,69825516c835c41957dfb9af,0.06666666666666667
69825516c835c41957dfa821,69825517c835c41957dff863,0.06666666666666667
69825516c835c41957dfa821,69825516c835c41957dfdd52,0.06666666666666667
69825516c835c41957dfb8ef,69825516c835c41957dfdc61,0.125
69825516c835c41957dfb8ef,69825516c835c41957dfd2d6,0.2
69825516c835c41957dfb8ef,69825517c835c41957e00fc5,0.325
69825516c835c41957dfb8ef,69825517c835c41957e00bf6,0.125
69825516c835c41957dfb8ef,69825516c835c41957dfd2fd,0.125
69825516c835c41957dfb8ef,69825517c835c41957dff930,0.125
69825516c835c41957dfb8ef,69825516c835c41957dfef52,4.2
69825516c835c41957dfb8ef,69825516c835c41957dff27c,0.125
69825516c835c41957dfe3d4,69825516c835c41957dfe3f8,0.07142857142857142
69825516c835c41957dfe3d4,69825516c835c41957dfe3da,0.07142857142857142
69825516c835c41957dfe3d4,69825516c835c41957dfe3d7,0.07142857142857142
69825516c835c41957dfe3d4,69825516c835c41957dfe3d6,0.07142857142857142
69825516c835c41957dfe3d4,69825516c835c41957dfe417,0.07142857142857142
69825516c835c41957dfe3d4,69825516c835c41957dfe420,0.07142857142857142
69825516c835c41957dfe3d4,69825516c835c41957dfe3ef,0.07142857142857142
69825516c835c41957dfa553,69825516c835c41957dfb8f8,1.0
69825516c835c41957dfa553,69825516c835c41957dfa380,0.25
69825516c835c41957dfa553,69825516c835c41957dfa2f4,0.25
69825516c835c41957dfa553,69825516c835c41957dfa56f,0.25
69825516c835c41957dfe6d3,69825516c835c41957dfe6d4,0.2944444444444444
69825516c835c41957dfe6d3,69825516c835c41957dfe66f,0.2944444444444444
69825516c835c41957dfe6d3,69825516c835c41957dfa81b,0.08333333333333333
69825516c835c41957dfe6d3,69825517c835c41957e0106c,0.2944444444444444
69825516c835c41957dfe6d3,69825516c835c41957dfe429,0.18333333333333335
69825516c835c41957dfe4ae,69825516c835c41957dfe496,1.0
69825517c835c41957e01661,69825517c835c41957e01644,0.13852813852813853
69825517c835c41957e01661,69825517c835c41957e016b7,0.13852813852813853
69825517c835c41957e01661,69825517c835c41957e0161f,0.047619047619047616
69825517c835c41957e01661,69825517c835c41957e0157c,0.2976190476190476
69825517c835c41957e01661,69825517c835c41957e015b0,0.047619047619047616
69825517c835c41957e01661,69825517c835c41957e01617,0.3885281385281385
69825517c835c41957e01661,69825517c835c41957e016d1,0.047619047619047616
69825517c835c41957e01661,69825517c835c41957e0168f,0.13852813852813853
69825517c835c41957e00f42,69825517c835c41957e010db,0.25
69825517c835c41957e00f42,69825517c835c41957e00524,0.24285714285714285
69825517c835c41957e00f42,69825516c835c41957df9e1d,3.242857142857143
69825517c835c41957e00f42,69825517c835c41957e00d55,0.1
69825517c835c41957e00f42,69825516c835c41957dfa81f,0.24285714285714285
69825517c835c41957e00f42,69825516c835c41957dfe7d1,0.1
69825517c835c41957e00f42,69825516c835c41957dfd19c,0.24285714285714285
69825517c835c41957e00f42,69825516c835c41957dfd8dc,0.4928571428571428
69825516c835c41957dff15d,69825516c835c41957dfa70b,0.6666666666666666
69825516c835c41957dff15d,69825517c835c41957dffcab,1.6666666666666665
69825516c835c41957dff15d,69825517c835c41957e00ca2,0.6666666666666666
69825516c835c41957dfe1dc,69825516c835c41957dfba9f,0.1
69825516c835c41957dfe1dc,69825516c835c41957dfe206,0.1
69825516c835c41957dfe1dc,69825516c835c41957dfe1f4,0.1
69825516c835c41957dfe1dc,69825517c835c41957dff6be,0.1
69825516c835c41957dfe1dc,69825516c835c41957dfe4b5,1.0
69825516c835c41957dfc942,69825516c835c41957dfbad1,1.0
69825517c835c41957dffd55,69825516c835c41957dfc93a,0.5
69825517c835c41957dffd55,69825517c835c41957e00656,0.3333333333333333
69825517c835c41957dffd55,69825517c835c41957dffd4c,0.14358974358974358
69825517c835c41957dffd55,69825516c835c41957dfb7e4,0.5
69825517c835c41957dffd55,69825517c835c41957dffd52,0.14358974358974358
69825517c835c41957dffd55,69825517c835c41957dffd3a,0.14358974358974358
69825517c835c41957dffd55,69825516c835c41957dfb521,0.06666666666666667
69825517c835c41957dffd55,69825517c835c41957dffd48,0.14358974358974358
69825517c835c41957dffd55,69825516c835c41957dfe63b,0.06666666666666667
69825517c835c41957dffd55,69825517c835c41957dffd57,0.14358974358974358
69825517c835c41957dffd55,69825516c835c41957dfb12d,0.8333333333333333
69825516c835c41957dfbfde,69825516c835c41957dfbfe3,1.0
69825516c835c41957dfd313,69825516c835c41957dfd314,0.30952380952380953
69825516c835c41957dfd313,69825516c835c41957dfd1f3,0.30952380952380953
69825516c835c41957dfd313,69825516c835c41957dfd315,0.30952380952380953
69825516c835c41957dfd313,69825516c835c41957dfd17b,0.30952380952380953
69825516c835c41957dfb525,69825516c835c41957dfb522,0.2
69825516c835c41957dfb525,69825516c835c41957dfb263,0.2
69825516c835c41957dfb525,69825516c835c41957dfa89e,0.5
69825516c835c41957dfb525,69825516c835c41957dfb193,0.2
69825517c835c41957e0030a,69825516c835c41957dfa5a2,1.0
69825516c835c41957dfb145,69825516c835c41957dfac10,1.0
69825517c835c41957e006e6,69825516c835c41957dfedac,0.5
69825517c835c41957e006e6,69825516c835c41957dfd34c,0.5
69825517c835c41957e006e6,69825516c835c41957dfa95b,0.25
69825517c835c41957e003f1,69825516c835c41957dfd7f3,1.0
69825516c835c41957dfb344,69825516c835c41957dfb3c6,0.14285714285714285
69825516c835c41957dfb344,69825516c835c41957dfb1d4,0.14285714285714285
69825516c835c41957dfb344,69825516c835c41957dfb32c,0.14285714285714285
69825516c835c41957dfb344,69825516c835c41957dfb258,0.14285714285714285
69825516c835c41957dfb344,69825516c835c41957dfb237,0.14285714285714285
69825516c835c41957dfb344,69825516c835c41957dfb30e,0.14285714285714285
69825516c835c41957dfe3ff,69825516c835c41957dfe3fc,0.125
69825516c835c41957dfe3ff,69825516c835c41957dfe3cc,0.125
69825516c835c41957dfe3ff,69825516c835c41957dfe3df,0.125
69825516c835c41957dfe3ff,69825516c835c41957dfe404,0.125
69825516c835c41957dfe3ff,69825516c835c41957dfe3db,0.125
69825516c835c41957dfe3ff,69825516c835c41957dfe405,0.125
69825516c835c41957dfa507,69825516c835c41957dfe2af,1.0
69825516c835c41957dfd2d3,69825517c835c41957dff45a,1.0
69825516c835c41957dfa778,69825517c835c41957dffc80,6.0
69825516c835c41957dfd2a4,69825517c835c41957e014f7,1.0
69825516c835c41957dfb7a6,69825516c835c41957df9f53,0.1
69825516c835c41957dfb7a6,69825517c835c41957e00d08,0.1
69825516c835c41957dfb7a6,69825516c835c41957dfe79f,0.1
69825516c835c41957dfb7a6,69825516c835c41957dfb783,0.1
69825516c835c41957dfb7a6,69825517c835c41957e0080a,0.1
69825516c835c41957dfb7a6,69825517c835c41957e00f6c,0.1
69825516c835c41957dfb7a6,69825517c835c41957dffbd6,0.1
69825516c835c41957dfb7a6,69825517c835c41957dff6fc,0.1
69825517c835c41957e00049,69825517c835c41957e00047,1.5
69825517c835c41957e00ca2,69825516c835c41957dfa70b,0.6666666666666666
69825517c835c41957e00ca2,69825517c835c41957dffcab,0.6666666666666666
69825516c835c41957dff00a,69825516c835c41957dfefbe,0.8333333333333333
69825516c835c41957dff00a,69825516c835c41957dfe20d,0.07142857142857142
69825516c835c41957dff00a,69825516c835c41957df9c99,0.07142857142857142
69825516c835c41957dff00a,69825516c835c41957dfefc1,0.6547619047619048
69825516c835c41957dff00a,69825516c835c41957dfd3ed,0.07142857142857142
69825516c835c41957dff00a,69825516c835c41957dfe795,0.07142857142857142
69825516c835c41957dff00a,69825517c835c41957e01139,0.07142857142857142
69825516c835c41957dff00a,69825516c835c41957dfabe1,0.07142857142857142
69825516c835c41957dff00a,69825516c835c41957dfefed,0.07142857142857142
69825516c835c41957dfe7d1,69825516c835c41957dfa636,0.1111111111111111
69825516c835c41957dfe7d1,69825516c835c41957dfd19c,0.2111111111111111
69825516c835c41957dfe7d1,69825516c835c41957dfd8dc,0.1
69825516c835c41957dfe7d1,69825517c835c41957e00524,0.2111111111111111
69825516c835c41957dfe7d1,69825516c835c41957df9e1d,0.1
69825516c835c41957dfe7d1,69825516c835c41957dfa81f,0.1
69825516c835c41957dfe7d1,69825517c835c41957e00525,0.1111111111111111
69825516c835c41957dfe7d1,69825516c835c41957dfa76e,0.5
69825516c835c41957dfe7d1,69825517c835c41957e00d55,0.1
69825516c835c41957dfe7d1,69825516c835c41957dfcd4d,0.1111111111111111
69825516c835c41957dfe7d1,69825516c835c41957dfce44,1.0
69825516c835c41957dfa368,69825516c835c41957dfa36b,1.0
69825516c835c41957dfd2f5,69825516c835c41957dfa1f8,0.7
69825516c835c41957dfd2f5,69825516c835c41957dfeeef,0.2
69825516c835c41957dfd2f5,69825517c835c41957dff799,0.2
69825516c835c41957dfefa1,69825516c835c41957dff004,0.36081871345029237
69825516c835c41957dfefa1,69825516c835c41957dfef9e,0.30818713450292395
69825516c835c41957dfefa1,69825516c835c41957dff008,0.36081871345029237
69825516c835c41957dfefa1,69825516c835c41957dfefb5,0.30818713450292395
69825516c835c41957dfefa1,69825516c835c41957dff006,0.36081871345029237
69825516c835c41957dfefa1,69825516c835c41957dfefb1,0.36081871345029237
69825516c835c41957dff39a,69825516c835c41957dfdc61,0.3333333333333333
69825516c835c41957dff39a,69825517c835c41957e017c7,0.3333333333333333
69825516c835c41957dff39a,69825517c835c41957dff432,0.3333333333333333
69825516c835c41957dfa74a,69825516c835c41957dfa310,1.0
69825516c835c41957df9e4b,69825516c835c41957dfa3fd,0.5833333333333333
69825516c835c41957df9e4b,69825517c835c41957dffca8,1.0
69825516c835c41957df9e4b,69825516c835c41957dff299,0.5833333333333333
69825516c835c41957df9e4b,69825517c835c41957e00bf6,0.3333333333333333
69825516c835c41957df9e4b,69825516c835c41957dfc4af,0.3333333333333333
69825516c835c41957df9e4b,69825516c835c41957dfda2d,0.5833333333333333
69825516c835c41957dfb7a0,69825516c835c41957dfc80b,2.0
69825516c835c41957dfd17b,69825516c835c41957dfd314,0.30952380952380953
69825516c835c41957dfd17b,69825516c835c41957dfd1f3,0.30952380952380953
69825516c835c41957dfd17b,69825516c835c41957dfd315,0.30952380952380953
69825516c835c41957dfd2dc,69825517c835c41957e00dc0,0.08333333333333333
69825516c835c41957dfd2dc,69825517c835c41957e019f3,0.5
69825516c835c41957dfd2dc,69825517c835c41957dff910,0.08333333333333333
69825516c835c41957dfd2dc,69825516c835c41957dfc990,0.5
69825516c835c41957dfd2dc,69825516c835c41957dfd069,0.16666666666666666
69825516c835c41957dfd2dc,69825516c835c41957dff145,0.08333333333333333
69825516c835c41957dfd2dc,69825516c835c41957dfa7ad,0.08333333333333333
69825516c835c41957dfd2dc,69825516c835c41957dfd307,0.08333333333333333
69825516c835c41957dfd2dc,69825516c835c41957dfef51,0.08333333333333333
69825516c835c41957dfd2dc,69825516c835c41957dfb7ac,0.3333333333333333
69825516c835c41957dfd2dc,69825516c835c41957dfbf53,0.08333333333333333
69825516c835c41957dfd2dc,69825517c835c41957dff402,0.08333333333333333
69825516c835c41957dfd2dc,69825516c835c41957dfccb0,0.08333333333333333
69825516c835c41957dfd2dc,69825516c835c41957dfa333,0.3333333333333333
69825516c835c41957dfd2dc,69825516c835c41957dfe848,0.08333333333333333
69825516c835c41957dfd2dc,69825517c835c41957dff465,0.25
69825516c835c41957dfd2dc,69825516c835c41957df9e4a,0.3333333333333333
69825516c835c41957dfcd4d,69825516c835c41957dfb193,0.5
69825516c835c41957dfcd4d,69825517c835c41957e00524,0.1111111111111111
69825516c835c41957dfcd4d,69825516c835c41957dfa636,0.1111111111111111
69825516c835c41957dfcd4d,69825517c835c41957e00525,0.1111111111111111
69825516c835c41957dfcd4d,69825516c835c41957dfd19c,0.1111111111111111
69825517c835c41957e01139,69825516c835c41957dfe20d,0.07142857142857142
69825517c835c41957e01139,69825516c835c41957dfb5b1,0.1111111111111111
69825517c835c41957e01139,69825516c835c41957dfe2af,0.1111111111111111
69825517c835c41957e01139,69825516c835c41957dfefc1,0.07142857142857142
69825517c835c41957e01139,69825516c835c41957dfe795,0.41865079365079366
69825517c835c41957e01139,69825516c835c41957dfabe1,0.07142857142857142
69825517c835c41957e01139,69825516c835c41957dfefed,0.07142857142857142
69825517c835c41957e01139,69825516c835c41957df9c99,0.30753968253968256
69825517c835c41957e01139,69825517c835c41957dff799,0.1111111111111111
69825517c835c41957e01139,69825516c835c41957dfd3ed,0.07142857142857142
69825516c835c41957dfd82c,69825517c835c41957e00715,0.5
69825516c835c41957dfd82c,69825516c835c41957df9e4e,0.25
69825516c835c41957dfd82c,69825516c835c41957dfe815,0.75
69825516c835c41957dfd82c,69825516c835c41957dfccf8,0.25
69825516c835c41957dfc47c,69825516c835c41957dfe6a5,2.0
69825517c835c41957e00d08,69825516c835c41957dfe79f,0.46233766233766227
69825517c835c41957e00d08,69825517c835c41957dff6fc,0.23392857142857143
69825517c835c41957e00d08,69825517c835c41957e007db,0.07142857142857142
69825517c835c41957e00d08,69825517c835c41957e00f6b,0.9248376623376624
69825517c835c41957e00d08,69825517c835c41957e00ecc,0.125
69825517c835c41957e00d08,69825517c835c41957e0133f,0.1111111111111111
69825517c835c41957e00d08,69825517c835c41957e0080a,0.3909090909090909
69825517c835c41957e00d08,69825516c835c41957dfb783,0.1
69825517c835c41957e00d08,69825517c835c41957dffbd6,9.127615440115438
69825517c835c41957e00d08,69825516c835c41957dfd30c,0.1111111111111111
69825517c835c41957e00d08,69825516c835c41957df9f53,0.1
69825517c835c41957e00d08,69825516c835c41957dfb96a,0.125
69825517c835c41957e00d08,69825516c835c41957dff159,0.1111111111111111
69825517c835c41957e00d08,69825517c835c41957dff86b,0.1111111111111111
69825517c835c41957e00d08,69825516c835c41957dfd00e,0.1111111111111111
69825517c835c41957e00d08,69825517c835c41957dffe16,0.16233766233766234
69825517c835c41957e00d08,69825516c835c41957dfe7c0,0.125
69825517c835c41957e00d08,69825517c835c41957e00f6c,3.516504329004329
69825517c835c41957e00d08,69825516c835c41957dfb790,0.0625
69825517c835c41957e0160d,69825517c835c41957e016b3,0.14285714285714285
69825517c835c41957e0160d,69825517c835c41957e01600,0.14285714285714285
69825517c835c41957e0160d,69825517c835c41957e015db,0.5
69825517c835c41957e0160d,69825517c835c41957e016ba,0.14285714285714285
69825517c835c41957e0160d,69825517c835c41957e016d1,0.14285714285714285
69825517c835c41957e0160d,69825517c835c41957e015f2,0.14285714285714285
69825516c835c41957dfa9ec,69825516c835c41957dfe54e,1.0
69825516c835c41957dfe3f8,69825516c835c41957dfe3da,0.07142857142857142
69825516c835c41957dfe3f8,69825516c835c41957dfe3d7,0.07142857142857142
69825516c835c41957dfe3f8,69825516c835c41957dfe3d6,0.07142857142857142
69825516c835c41957dfe3f8,69825516c835c41957dfe417,0.07142857142857142
69825516c835c41957dfe3f8,69825516c835c41957dfe420,0.07142857142857142
69825516c835c41957dfe3f8,69825516c835c41957dfe3ef,0.07142857142857142
69825516c835c41957dfe6d6,69825517c835c41957dffd37,1.0
69825516c835c41957dfe6d6,69825516c835c41957dfe0c6,1.0
69825516c835c41957dfe6d6,69825516c835c41957dfd7ba,1.0
69825516c835c41957dfe6d6,69825516c835c41957dfb8fb,0.5
69825516c835c41957dfe6d6,69825516c835c41957dfa3d8,0.5
69825516c835c41957dfef0f,69825516c835c41957dfb9af,0.5
69825516c835c41957dfb7aa,69825517c835c41957e0086b,0.3333333333333333
69825516c835c41957dfb7aa,69825517c835c41957dffd68,0.3333333333333333
69825516c835c41957dfb7aa,69825516c835c41957dfa0ad,0.16666666666666666
69825516c835c41957dfb7aa,69825517c835c41957e01a9e,0.16666666666666666
69825516c835c41957dfb7aa,69825516c835c41957df9e4a,0.16666666666666666
69825516c835c41957dfc1f0,69825516c835c41957dfcd00,1.5
69825517c835c41957e0111a,69825516c835c41957dff2ba,0.16666666666666666
69825517c835c41957e0111a,69825516c835c41957dfe848,1.0
69825517c835c41957e0111a,69825517c835c41957dffb7c,1.0
69825517c835c41957e0111a,69825516c835c41957dfeef8,0.16666666666666666
69825517c835c41957e0111a,69825516c835c41957df9e4e,1.0
69825517c835c41957e0111a,69825517c835c41957dffc7e,0.16666666666666666
69825517c835c41957e0111a,69825517c835c41957e0094a,0.16666666666666666
69825517c835c41957e0111a,69825516c835c41957dff2f2,0.5
69825517c835c41957e0111a,69825517c835c41957e0112b,0.6666666666666666
69825517c835c41957e0111a,69825516c835c41957dfc0b8,1.5
69825516c835c41957dfca90,69825516c835c41957dfc75e,0.5
69825517c835c41957dffb4a,69825517c835c41957dffc3a,0.5
69825516c835c41957dfa390,69825516c835c41957dfa48c,0.14285714285714285
69825516c835c41957dfa390,69825517c835c41957e00a2a,0.14285714285714285
69825516c835c41957dfa390,69825516c835c41957dff398,0.30952380952380953
69825516c835c41957dfa390,69825516c835c41957dfa356,0.14285714285714285
69825516c835c41957dfa390,69825516c835c41957dfd5c6,0.16666666666666666
69825516c835c41957dfa390,69825516c835c41957dfa50f,0.16666666666666666
69825516c835c41957dfa390,69825517c835c41957dffdfa,0.14285714285714285
69825516c835c41957dfa390,69825517c835c41957e0132e,0.30952380952380953
69825516c835c41957dfce9d,69825516c835c41957dfc422,1.0
69825516c835c41957dfeefa,69825516c835c41957dfc4a5,0.3333333333333333
69825516c835c41957dfeefa,69825516c835c41957dfd157,1.5
69825516c835c41957dfeefa,69825517c835c41957dffb20,0.3333333333333333
69825516c835c41957dfeefa,69825516c835c41957dfa0ad,0.1111111111111111
69825516c835c41957dfeefa,69825516c835c41957dfa904,0.9444444444444444
69825516c835c41957dfeefa,69825516c835c41957dfd1f9,0.5
69825516c835c41957dfeefa,69825516c835c41957dfb917,0.9444444444444444
69825516c835c41957dfeefa,69825517c835c41957dff976,1.3333333333333333
69825516c835c41957dfeefa,69825516c835c41957dfe66f,1.0
69825516c835c41957dfeefa,69825517c835c41957e00a30,0.3333333333333333
69825516c835c41957dfeefa,69825516c835c41957dfa333,1.7777777777777777
69825516c835c41957dfeefa,69825516c835c41957dfd070,0.5
69825516c835c41957dfeefa,69825517c835c41957e01a9e,0.1111111111111111
69825516c835c41957dfeefa,69825516c835c41957df9e4a,0.2777777777777778
69825517c835c41957e006a6,69825517c835c41957e01229,0.1
69825517c835c41957e006a6,69825516c835c41957dfcace,0.1
69825517c835c41957e006a6,69825516c835c41957dfcacd,0.1
69825517c835c41957e006a6,69825516c835c41957dfcacb,0.1
69825517c835c41957e006a6,69825516c835c41957dfcacc,0.1
69825516c835c41957dfd19e,69825516c835c41957dfd19f,0.6666666666666666
69825516c835c41957dfd19e,69825516c835c41957dfd1a0,0.6666666666666666
69825516c835c41957dfd19e,69825516c835c41957dfd19d,0.6666666666666666
69825516c835c41957dfa530,69825516c835c41957dfe611,0.5
69825516c835c41957dfa86c,69825516c835c41957dfe3fc,1.0
69825516c835c41957dfd85e,69825516c835c41957dfe227,1.0
69825516c835c41957dff063,69825516c835c41957dff0dc,0.02631578947368421
69825516c835c41957dff063,69825516c835c41957dff0b1,0.02631578947368421
69825516c835c41957dff063,69825516c835c41957dff0ba,0.02631578947368421
69825516c835c41957dff063,69825516c835c41957dff069,0.02631578947368421
69825516c835c41957dff063,69825516c835c41957dff070,0.02631578947368421
69825516c835c41957dff063,69825516c835c41957dff090,0.02631578947368421
69825516c835c41957dff063,69825516c835c41957dff0cd,0.02631578947368421
69825516c835c41957dff063,69825516c835c41957dff0cf,0.02631578947368421
69825516c835c41957dff063,69825516c835c41957dff0c8,0.02631578947368421
69825516c835c41957dff063,69825516c835c41957dff071,0.02631578947368421
69825516c835c41957dff063,69825516c835c41957dff091,0.02631578947368421
69825516c835c41957dff063,69825516c835c41957dff080,0.02631578947368421
69825516c835c41957dff063,69825516c835c41957dff064,0.02631578947368421
69825516c835c41957dff063,69825516c835c41957dff0b2,0.02631578947368421
69825516c835c41957dff063,69825516c835c41957dff09e,0.02631578947368421
69825516c835c41957dff063,69825516c835c41957dff072,0.02631578947368421
69825516c835c41957dff063,69825516c835c41957dff09d,0.02631578947368421
69825516c835c41957dff063,69825516c835c41957dff0db,0.02631578947368421
69825516c835c41957dff063,69825516c835c41957dff077,0.02631578947368421
69825516c835c41957dff063,69825516c835c41957dff08f,0.02631578947368421
69825516c835c41957dff063,69825516c835c41957dff06f,0.02631578947368421
69825516c835c41957dff063,69825516c835c41957dff0d9,0.02631578947368421
69825516c835c41957dff063,69825516c835c41957dff0d1,0.02631578947368421
69825516c835c41957dfa56f,69825517c835c41957dffeab,1.0
69825516c835c41957dfa56f,69825516c835c41957dff01f,0.25
69825516c835c41957dfa56f,69825516c835c41957dfa380,0.25
69825516c835c41957dfa56f,69825516c835c41957dfa2f4,0.25
69825516c835c41957dfa56f,69825516c835c41957dfd0bb,0.25
69825517c835c41957e007db,69825516c835c41957dfe79f,0.19642857142857142
69825517c835c41957e007db,69825517c835c41957dff6fc,0.07142857142857142
69825517c835c41957e007db,69825517c835c41957e00f6b,0.07142857142857142
69825517c835c41957e007db,69825516c835c41957dfe867,0.125
69825517c835c41957e007db,69825517c835c41957e0080a,0.125
69825517c835c41957e007db,69825517c835c41957dffbd6,0.07142857142857142
69825517c835c41957e007db,69825517c835c41957dffe16,0.6964285714285714
69825517c835c41957e007db,69825517c835c41957e00f6c,0.07142857142857142
69825516c835c41957dfb522,69825516c835c41957dfe558,0.25
69825516c835c41957dfb522,69825516c835c41957dfb263,0.2
69825516c835c41957dfb522,69825516c835c41957dfd121,0.25
69825516c835c41957dfb522,69825516c835c41957dfb193,0.2
69825516c835c41957dfb522,69825516c835c41957dfb1dc,0.25
69825516c835c41957dfb522,69825516c835c41957dfb258,1.0
69825516c835c41957dfedaa,69825517c835c41957dff962,0.09090909090909091
69825516c835c41957dfedaa,69825517c835c41957dff964,0.09090909090909091
69825516c835c41957dfedaa,69825517c835c41957dffc78,0.4909090909090909
69825516c835c41957dfedaa,69825516c835c41957dfe0e5,0.25757575757575757
69825516c835c41957dfedaa,69825517c835c41957dff963,0.4909090909090909
69825516c835c41957dfedaa,69825516c835c41957dfedab,0.6575757575757576
69825516c835c41957dfedaa,69825516c835c41957dfd405,0.25757575757575757
69825516c835c41957dfbc04,69825516c835c41957dfbbcf,0.3333333333333333
69825516c835c41957dfbc04,69825516c835c41957dfbbc2,0.3333333333333333
69825516c835c41957dfa0f8,69825516c835c41957dfba4d,1.0
69825516c835c41957dfe1f8,69825516c835c41957dfe1f9,0.2361111111111111
69825516c835c41957dfe1f8,69825516c835c41957dfe497,0.1111111111111111
69825516c835c41957dfe1f8,69825516c835c41957dfe1f5,0.1111111111111111
69825516c835c41957dfe1f8,69825516c835c41957dfe207,0.2361111111111111
69825516c835c41957dfe1f8,69825516c835c41957dfe1fb,0.2361111111111111
69825516c835c41957dfb813,69825516c835c41957dfbae2,0.05263157894736842
69825516c835c41957dfb813,69825516c835c41957dfe034,0.05263157894736842
69825516c835c41957dfb813,69825516c835c41957dfd0c9,0.05263157894736842
69825516c835c41957dfb813,69825517c835c41957e0061b,0.05263157894736842
69825516c835c41957dfb813,69825516c835c41957dfc8e6,0.125
69825516c835c41957dfb813,69825516c835c41957dfca1e,0.37763157894736843
69825516c835c41957dfb813,69825516c835c41957dfab42,0.05263157894736842
69825516c835c41957dfb813,69825516c835c41957dfba04,0.05263157894736842
69825516c835c41957dfb813,69825516c835c41957dfd30a,0.17763157894736842
69825516c835c41957dfb813,69825516c835c41957dfd0c8,0.3333333333333333
69825516c835c41957dfb813,69825517c835c41957e00d1d,0.5
69825516c835c41957dfee46,69825516c835c41957dfd576,1.0
69825516c835c41957dfb8f6,69825517c835c41957dff806,0.5
69825516c835c41957dfb8f6,69825517c835c41957dffb52,1.5
69825516c835c41957dfa417,69825516c835c41957dff142,0.5
69825516c835c41957dfa417,69825517c835c41957e0182f,0.5
69825516c835c41957dfa417,69825517c835c41957e01840,0.5
69825516c835c41957dfa417,69825516c835c41957dfa53b,1.5
69825516c835c41957dfba0c,69825517c835c41957e0034d,0.3333333333333333
69825516c835c41957dfba0c,69825516c835c41957dfbda6,0.25
69825516c835c41957dfba0c,69825517c835c41957e007bf,0.25
69825516c835c41957dfba0c,69825516c835c41957dfc575,0.14285714285714285
69825516c835c41957dfba0c,69825516c835c41957dfc5ac,0.47619047619047616
69825516c835c41957dfba0c,69825516c835c41957dfa78c,0.47619047619047616
69825516c835c41957dfba0c,69825516c835c41957dfbd71,0.47619047619047616
69825516c835c41957dfba0c,69825516c835c41957dfbd7d,0.8095238095238095
69825516c835c41957dfba0c,69825516c835c41957dfbdcc,0.3333333333333333
69825516c835c41957dfba0c,69825517c835c41957e001f4,0.25
69825516c835c41957dfe1f4,69825516c835c41957dfba9f,0.1
69825516c835c41957dfe1f4,69825516c835c41957dfe206,0.1
69825516c835c41957dfe1f4,69825517c835c41957dff6be,0.1
69825517c835c41957e016d1,69825517c835c41957e01644,0.047619047619047616
69825517c835c41957e016d1,69825517c835c41957e016ba,0.24285714285714285
69825517c835c41957e016d1,69825517c835c41957e015f2,0.24285714285714285
69825517c835c41957e016d1,69825517c835c41957e016b7,0.14761904761904762
69825517c835c41957e016d1,69825517c835c41957e0161f,0.14761904761904762
69825517c835c41957e016d1,69825517c835c41957e0157c,0.047619047619047616
69825517c835c41957e016d1,69825517c835c41957e015b0,0.047619047619047616
69825517c835c41957e016d1,69825517c835c41957e01617,0.047619047619047616
69825517c835c41957e016d1,69825517c835c41957e016b3,0.24285714285714285
69825517c835c41957e016d1,69825517c835c41957e01600,0.14285714285714285
69825517c835c41957e016d1,69825517c835c41957e0168f,0.047619047619047616
69825516c835c41957dfc4b0,69825516c835c41957dfd271,1.0
69825516c835c41957dfb65a,69825517c835c41957dff77d,0.3333333333333333
69825516c835c41957dfc90b,69825516c835c41957dfbe1a,1.5
69825516c835c41957dfc90b,69825516c835c41957dfd2ec,0.5
69825516c835c41957dfccab,69825517c835c41957dffa33,1.0
69825517c835c41957dff96b,69825517c835c41957e00a3a,0.5
69825517c835c41957dff96b,69825517c835c41957dff96c,0.5
69825517c835c41957e0073b,69825517c835c41957dffb20,0.5
69825517c835c41957e0073b,69825517c835c41957dffb7c,0.5
69825517c835c41957e004bc,69825517c835c41957dffc04,3.916666666666667
69825517c835c41957e004bc,69825516c835c41957dfe0e1,2.9166666666666665
69825516c835c41957dfa3aa,69825516c835c41957dfa4d6,1.0
69825516c835c41957dfda2b,69825516c835c41957dfa3a9,0.09090909090909091
69825516c835c41957dfda2b,69825516c835c41957dfe019,0.3333333333333333
69825516c835c41957dfda2b,69825516c835c41957dfa48e,0.3333333333333333
69825516c835c41957dfda2b,69825516c835c41957dfca71,0.09090909090909091
69825516c835c41957dfda2b,69825516c835c41957dfa122,0.09090909090909091
69825516c835c41957dfda2b,69825516c835c41957dfda3e,0.09090909090909091
69825516c835c41957dfd19f,69825516c835c41957dfd1a0,1.6666666666666665
69825516c835c41957dfd19f,69825516c835c41957dfd19d,1.6666666666666665
69825516c835c41957dfe21c,69825516c835c41957dfc68d,0.5
69825516c835c41957dfc012,69825516c835c41957dfc1ed,0.8333333333333333
69825516c835c41957dfc012,69825516c835c41957dfd9a8,0.3333333333333333
69825516c835c41957dfbfd8,69825516c835c41957dfbfd7,0.5
69825516c835c41957dfbfd8,69825516c835c41957dfbfcf,0.5
69825516c835c41957dfd907,69825517c835c41957e006dd,0.3333333333333333
69825517c835c41957dffc0c,69825517c835c41957dffc0b,2.0
69825516c835c41957dfa465,69825516c835c41957dfd85b,0.5
69825516c835c41957dfa465,69825516c835c41957dfa42e,1.7833333333333332
69825516c835c41957dfa465,69825516c835c41957dfa522,0.2
69825516c835c41957dfa465,69825516c835c41957dfe494,1.0
69825516c835c41957dfa465,69825516c835c41957dff3af,0.5
69825516c835c41957dfa465,69825516c835c41957dfa47c,0.5333333333333333
69825516c835c41957dfa465,69825516c835c41957dfcd0a,0.16666666666666666
69825516c835c41957dfa465,69825516c835c41957dfa428,0.5333333333333333
69825516c835c41957dfa465,69825516c835c41957dfcd56,1.0
69825516c835c41957dfa465,69825516c835c41957dfa3f7,1.5
69825517c835c41957e0051c,69825516c835c41957dfa4e9,3.0
69825516c835c41957dff070,69825516c835c41957dff0dc,0.02631578947368421
69825516c835c41957dff070,69825516c835c41957dff0b1,0.02631578947368421
69825516c835c41957dff070,69825516c835c41957dff0ba,0.02631578947368421
69825516c835c41957dff070,69825516c835c41957dff069,0.02631578947368421
69825516c835c41957dff070,69825516c835c41957dff090,0.02631578947368421
69825516c835c41957dff070,69825516c835c41957dff0cd,0.02631578947368421
69825516c835c41957dff070,69825516c835c41957dff0cf,0.02631578947368421
69825516c835c41957dff070,69825516c835c41957dff0c8,0.02631578947368421
69825516c835c41957dff070,69825516c835c41957dff071,0.02631578947368421
69825516c835c41957dff070,69825516c835c41957dff091,0.02631578947368421
69825516c835c41957dff070,69825516c835c41957dff080,0.02631578947368421
69825516c835c41957dff070,69825516c835c41957dff064,0.02631578947368421
69825516c835c41957dff070,69825516c835c41957dff0b2,0.02631578947368421
69825516c835c41957dff070,69825516c835c41957dff09e,0.02631578947368421
69825516c835c41957dff070,69825516c835c41957dff072,0.02631578947368421
69825516c835c41957dff070,69825516c835c41957dff09d,0.02631578947368421
69825516c835c41957dff070,69825516c835c41957dff0db,0.02631578947368421
69825516c835c41957dff070,69825516c835c41957dff077,0.02631578947368421
69825516c835c41957dff070,69825516c835c41957dff08f,0.02631578947368421
69825516c835c41957dff070,69825516c835c41957dff06f,0.02631578947368421
69825516c835c41957dff070,69825516c835c41957dff0d9,0.02631578947368421
69825516c835c41957dff070,69825516c835c41957dff0d1,0.02631578947368421
69825517c835c41957e00662,69825516c835c41957dfd9a2,0.14285714285714285
69825517c835c41957e00662,69825516c835c41957dff3aa,0.14285714285714285
69825517c835c41957e00662,69825517c835c41957dffaf5,0.14285714285714285
69825517c835c41957e00662,69825517c835c41957dffcc1,0.14285714285714285
69825517c835c41957e00662,69825517c835c41957e00665,1.1428571428571428
69825516c835c41957dfbbc2,69825516c835c41957dfbbcf,0.3333333333333333
69825516c835c41957dfd321,69825516c835c41957dfd1f1,0.2
69825516c835c41957dfd34c,69825516c835c41957dfedac,0.5
69825516c835c41957dfc1e4,69825516c835c41957dfa444,0.5
69825516c835c41957dfc1e4,69825516c835c41957dfa120,0.5
69825516c835c41957dfbfd7,69825516c835c41957dfbfcf,0.5
69825516c835c41957dfe66d,69825516c835c41957dfb917,0.2
69825516c835c41957dfe66d,69825516c835c41957dfa540,0.5
69825516c835c41957dfe66d,69825516c835c41957dfca71,0.16666666666666666
69825516c835c41957dfe66d,69825517c835c41957e01a9e,0.2
69825516c835c41957dfe66d,69825516c835c41957df9e4a,0.2
69825517c835c41957e0161f,69825517c835c41957e01644,0.11428571428571428
69825517c835c41957e0161f,69825517c835c41957e016ba,0.1
69825517c835c41957e0161f,69825517c835c41957e015f2,0.1
69825517c835c41957e0161f,69825517c835c41957e016b7,0.2142857142857143
69825517c835c41957e0161f,69825517c835c41957e0157c,0.047619047619047616
69825517c835c41957e0161f,69825517c835c41957e015b0,0.11428571428571428
69825517c835c41957e0161f,69825517c835c41957e01617,0.047619047619047616
69825517c835c41957e0161f,69825517c835c41957e015db,0.06666666666666667
69825517c835c41957e0161f,69825517c835c41957e016b3,0.1
69825517c835c41957e0161f,69825517c835c41957e0168f,0.047619047619047616
69825516c835c41957dfd036,69825517c835c41957e017fc,1.3333333333333333
69825516c835c41957dfd036,69825516c835c41957df9e28,0.3333333333333333
69825516c835c41957dfe61a,69825517c835c41957e004b9,0.1
69825516c835c41957dfe61a,69825516c835c41957dfd79f,0.1
69825516c835c41957dfe61a,69825516c835c41957dfb7ae,0.1
69825516c835c41957dfe61a,69825516c835c41957dff04d,0.1
69825517c835c41957e014e4,69825517c835c41957e00ded,0.5
69825517c835c41957e014e4,69825516c835c41957dfa1f8,0.5
69825516c835c41957dfe4b4,69825516c835c41957dfe4b5,0.5
69825516c835c41957dfe4b4,69825516c835c41957dfa3f7,0.5
69825516c835c41957dfe4b4,69825516c835c41957dfefed,0.25
69825516c835c41957dfe66f,69825516c835c41957dfe6d4,0.2944444444444444
69825516c835c41957dfe66f,69825516c835c41957dfa81b,0.08333333333333333
69825516c835c41957dfe66f,69825517c835c41957e0106c,0.2944444444444444
69825516c835c41957dfe66f,69825516c835c41957dfe429,0.18333333333333335
69825517c835c41957dfff54,69825516c835c41957dfbb89,1.0
69825517c835c41957e01a9e,69825517c835c41957e00bfb,0.3333333333333333
69825517c835c41957e01a9e,69825516c835c41957dfa0ad,0.4777777777777778
69825517c835c41957e01a9e,69825516c835c41957dfe80b,0.3333333333333333
69825517c835c41957e01a9e,69825516c835c41957dfa904,0.1111111111111111
69825517c835c41957e01a9e,69825516c835c41957dfa333,0.4444444444444444
69825517c835c41957e01a9e,69825516c835c41957dfb917,0.5111111111111111
69825517c835c41957e01a9e,69825516c835c41957df9e4a,0.6777777777777778
69825516c835c41957df9f8b,69825516c835c41957dfa952,2.0
69825516c835c41957dfc4af,69825516c835c41957dfda2d,0.3333333333333333
69825516c835c41957dfc4af,69825516c835c41957dff299,0.3333333333333333
69825516c835c41957dfe4b5,69825516c835c41957dfa3f7,0.5
69825517c835c41957e001f4,69825516c835c41957dfbda6,0.25
69825517c835c41957e001f4,69825517c835c41957e007bf,0.25
69825517c835c41957e001f4,69825517c835c41957e00e96,1.0
69825517c835c41957e01820,69825517c835c41957e00927,0.16666666666666666
69825517c835c41957e01820,69825516c835c41957dfbb50,0.7499999999999999
69825517c835c41957e01820,69825516c835c41957dfb6da,0.3333333333333333
69825517c835c41957e01820,69825517c835c41957e0173a,0.41666666666666663
69825516c835c41957dfed7d,69825517c835c41957e00812,3.0
69825517c835c41957dff892,69825517c835c41957e00684,1.15
69825517c835c41957dff892,69825516c835c41957dfbd65,0.2
69825517c835c41957dff892,69825517c835c41957e002d1,0.25
69825517c835c41957dff892,69825517c835c41957e00396,0.45
69825517c835c41957dff892,69825517c835c41957e009f9,1.15
69825516c835c41957dfccc2,69825517c835c41957e01810,0.5
69825516c835c41957dfccc2,69825516c835c41957dfcead,0.5
69825516c835c41957dfccc2,69825516c835c41957dfbad1,1.0
69825516c835c41957dfa33b,69825516c835c41957dfbfd5,1.0
69825516c835c41957dfcdad,69825516c835c41957dfaa2d,0.2
69825516c835c41957dfd986,69825516c835c41957dfd2e2,1.0
69825516c835c41957dff358,69825516c835c41957dff2ba,0.16666666666666666
69825516c835c41957dff358,69825517c835c41957e01349,0.16666666666666666
69825516c835c41957dff358,69825516c835c41957dfd576,0.16666666666666666
69825516c835c41957dff358,69825517c835c41957dff825,0.16666666666666666
69825516c835c41957dfa55b,69825516c835c41957dff38f,1.0
69825516c835c41957dfa55b,69825516c835c41957dfedac,0.5
69825516c835c41957dfa3d8,69825516c835c41957dfb8fb,0.5
69825516c835c41957dfa3d8,69825516c835c41957dfa2cd,0.5
69825516c835c41957dfda37,69825517c835c41957dff882,0.16666666666666666
69825516c835c41957dfda37,69825516c835c41957dfdd16,0.16666666666666666
69825516c835c41957dfda37,69825516c835c41957dfca71,0.16666666666666666
69825516c835c41957dfda37,69825516c835c41957dfdd11,0.16666666666666666
69825517c835c41957dff75a,69825516c835c41957dfde18,0.25
69825516c835c41957dfa7ce,69825516c835c41957dfa95b,0.16666666666666666
69825516c835c41957dfa7ce,69825517c835c41957dffb4b,1.5
69825516c835c41957dfa7ce,69825517c835c41957dffc7e,0.16666666666666666
69825516c835c41957dfa7ce,69825516c835c41957dfccf1,0.16666666666666666
69825516c835c41957dfa7ce,69825517c835c41957e0088e,0.16666666666666666
69825516c835c41957dfa7ce,69825516c835c41957dfb9d5,0.5
69825517c835c41957dff966,69825516c835c41957dfe0e5,0.5
69825516c835c41957dfb10c,69825517c835c41957e00ca3,0.8333333333333333
69825516c835c41957dfb10c,69825516c835c41957dfa866,0.3333333333333333
69825516c835c41957dfde06,69825517c835c41957dffd4f,0.3333333333333333
69825516c835c41957dfde06,69825516c835c41957dfcec2,0.3333333333333333
69825516c835c41957dfc8e6,69825516c835c41957dfd30a,0.125
69825516c835c41957dfc8e6,69825516c835c41957dfca1e,0.125
69825516c835c41957dfc117,69825517c835c41957dff8c5,0.2
69825516c835c41957dfc117,69825516c835c41957df9e61,0.2
69825516c835c41957dfa0a9,69825516c835c41957dfefe6,0.2
69825516c835c41957dfa0a9,69825516c835c41957dfbf6d,0.2
69825516c835c41957dfa0a9,69825516c835c41957dfbf5e,0.2
69825516c835c41957dfa0a9,69825516c835c41957dfbf5f,0.2
69825516c835c41957dfbf6d,69825516c835c41957dfefe6,0.2
69825516c835c41957dfbf6d,69825516c835c41957dfbf5e,0.2
69825516c835c41957dfbf6d,69825516c835c41957dfbf5f,0.2
69825516c835c41957dfe3f5,69825516c835c41957dfa27d,0.3333333333333333
69825516c835c41957dfe3f5,69825516c835c41957dfa343,0.3333333333333333
69825516c835c41957dfbe1a,69825516c835c41957dfd2ec,2.5
69825516c835c41957dfdb95,69825516c835c41957dfa4af,0.25
69825516c835c41957dfdb95,69825517c835c41957dffc02,1.0
69825516c835c41957dfdb95,69825517c835c41957e0080a,0.25
69825516c835c41957dfdb95,69825516c835c41957dfa004,0.25
69825516c835c41957dfed7b,69825517c835c41957e00e8e,2.0
69825516c835c41957dfc9fe,69825516c835c41957dfe3be,2.0
69825516c835c41957dfcf7f,69825516c835c41957dfcf7e,0.5
69825516c835c41957dfcf7f,69825516c835c41957dfcf80,0.5
69825517c835c41957dffec3,69825517c835c41957e002a6,0.25
69825517c835c41957dffec3,69825517c835c41957e002b3,0.5833333333333333
69825516c835c41957dfdd16,69825516c835c41957dfa4d5,0.14285714285714285
69825516c835c41957dfdd16,69825517c835c41957dff882,0.16666666666666666
69825516c835c41957dfdd16,69825516c835c41957dfa44e,0.14285714285714285
69825516c835c41957dfdd16,69825516c835c41957dfca71,0.16666666666666666
69825516c835c41957dfdd16,69825516c835c41957dfa4d8,0.14285714285714285
69825516c835c41957dfdd16,69825516c835c41957dfa44d,0.14285714285714285
69825516c835c41957dfdd16,69825516c835c41957dfdd11,0.16666666666666666
69825516c835c41957dfdd16,69825516c835c41957dfa3d6,0.14285714285714285
69825516c835c41957dfd30a,69825516c835c41957dfbae2,0.05263157894736842
69825516c835c41957dfd30a,69825516c835c41957dfe034,0.05263157894736842
69825516c835c41957dfd30a,69825516c835c41957dfd0c9,0.05263157894736842
69825516c835c41957dfd30a,69825517c835c41957e0061b,0.05263157894736842
69825516c835c41957dfd30a,69825516c835c41957dfca1e,1.4276315789473684
69825516c835c41957dfd30a,69825516c835c41957dfab42,0.05263157894736842
69825516c835c41957dfd30a,69825516c835c41957dfba04,0.05263157894736842
69825516c835c41957dfd30a,69825516c835c41957dfdbe9,0.25
69825516c835c41957dfca65,69825516c835c41957dfca68,0.25
69825516c835c41957dfca65,69825516c835c41957dfca66,0.25
69825516c835c41957dfca65,69825516c835c41957dfca67,0.25
69825516c835c41957dfca65,69825516c835c41957dfca64,0.25
69825516c835c41957dfd5c6,69825516c835c41957dff398,0.16666666666666666
69825516c835c41957dfd5c6,69825516c835c41957dfa50f,0.16666666666666666
69825516c835c41957dfd5c6,69825517c835c41957e0132e,0.16666666666666666
69825516c835c41957dfdb50,69825516c835c41957dfd2db,0.26666666666666666
69825516c835c41957dfdb50,69825516c835c41957dfbd65,0.26666666666666666
69825516c835c41957dfdb50,69825517c835c41957e01349,1.1666666666666667
69825516c835c41957dfdb50,69825517c835c41957dff880,0.16666666666666666
69825516c835c41957dfdb50,69825516c835c41957dfd069,0.1
69825517c835c41957e01600,69825517c835c41957e015c0,0.1
69825517c835c41957e01600,69825517c835c41957e01690,0.1
69825517c835c41957e01600,69825517c835c41957e016ba,0.14285714285714285
69825517c835c41957e01600,69825517c835c41957e015f2,0.14285714285714285
69825517c835c41957e01600,69825517c835c41957e015da,0.1
69825517c835c41957e01600,69825517c835c41957e01622,0.1
69825517c835c41957e01600,69825517c835c41957e0163c,0.30952380952380953
69825517c835c41957e01600,69825517c835c41957e015db,0.30952380952380953
69825517c835c41957e01600,69825517c835c41957e016b3,0.14285714285714285
69825516c835c41957dfb521,69825517c835c41957dffd52,0.06666666666666667
69825516c835c41957dfb521,69825517c835c41957dffd3a,0.06666666666666667
69825516c835c41957dfb521,69825517c835c41957dffd48,0.06666666666666667
69825516c835c41957dfb521,69825516c835c41957dfe63b,0.06666666666666667
69825516c835c41957dfb521,69825517c835c41957dffd57,0.06666666666666667
69825516c835c41957dfb521,69825517c835c41957dffd4c,0.06666666666666667
69825516c835c41957dfb088,69825516c835c41957dfdcd8,0.2
69825516c835c41957dfb088,69825516c835c41957dfb4d7,0.2
69825516c835c41957dfb088,69825516c835c41957dfe79f,0.5
69825516c835c41957dfb088,69825517c835c41957e0080a,0.5
69825516c835c41957dfb088,69825516c835c41957dfb3f3,0.2
69825516c835c41957dfe1c8,69825516c835c41957dfe48d,0.5
69825516c835c41957dfb790,69825517c835c41957e00f6b,0.0625
69825516c835c41957dfb790,69825517c835c41957e00f6c,0.0625
69825516c835c41957dfb790,69825517c835c41957dffbd6,0.0625
69825516c835c41957dfb790,69825517c835c41957dff6fc,0.0625
69825516c835c41957dfa2f4,69825516c835c41957dfa380,0.25
69825516c835c41957dfc00c,69825517c835c41957e00dc0,0.5
69825516c835c41957dfc00c,69825516c835c41957dfb953,1.0
69825516c835c41957dfba0e,69825517c835c41957e00348,0.06666666666666667
69825516c835c41957dfba0e,69825517c835c41957e00e96,0.16666666666666666
69825516c835c41957dfba0e,69825516c835c41957dfc572,0.06666666666666667
69825516c835c41957dfba0e,69825516c835c41957dfc5a3,0.06666666666666667
69825516c835c41957dfba0e,69825517c835c41957e007bf,0.06666666666666667
69825516c835c41957dfef4f,69825516c835c41957dfc934,1.5
69825517c835c41957e0057d,69825516c835c41957dfaa6e,1.0
69825517c835c41957e0132e,69825516c835c41957dfa48c,0.14285714285714285
69825517c835c41957e0132e,69825517c835c41957e00a2a,0.14285714285714285
69825517c835c41957e0132e,69825516c835c41957dff398,0.30952380952380953
69825517c835c41957e0132e,69825516c835c41957dff39e,0.3333333333333333
69825517c835c41957e0132e,69825516c835c41957dfa356,0.14285714285714285
69825517c835c41957e0132e,69825516c835c41957dfa50f,0.16666666666666666
69825517c835c41957e0132e,69825517c835c41957dffdfa,0.14285714285714285
69825516c835c41957dfa004,69825516c835c41957dfa4af,0.25
69825516c835c41957dfa004,69825517c835c41957e0080a,0.25
69825516c835c41957dfcd37,69825517c835c41957e00dec,1.0
69825516c835c41957dfd79f,69825517c835c41957e004b9,0.1
69825516c835c41957dfd79f,69825516c835c41957dfb7ae,1.6
69825516c835c41957dfd79f,69825516c835c41957dff04d,0.1
69825516c835c41957dfb193,69825516c835c41957dfb263,0.2
69825516c835c41957dfb193,69825516c835c41957dfb3c3,0.1111111111111111
69825516c835c41957dfb193,69825516c835c41957dfb3c6,0.1111111111111111
69825516c835c41957dfb193,69825516c835c41957dfb1d4,0.1111111111111111
69825516c835c41957dfb193,69825516c835c41957dfb32c,0.1111111111111111
69825516c835c41957dfb193,69825516c835c41957dfb319,0.1111111111111111
69825517c835c41957e0199a,69825516c835c41957df9e61,0.5
69825517c835c41957e0199a,69825517c835c41957e019f9,0.5
69825516c835c41957dfc990,69825516c835c41957dfe01c,0.1111111111111111
69825516c835c41957dfc990,69825516c835c41957dff286,0.2777777777777778
69825516c835c41957dfc990,69825516c835c41957dfd71c,0.1111111111111111
69825516c835c41957dfc990,69825516c835c41957dfef50,0.16666666666666666
69825516c835c41957dfc990,69825517c835c41957e006bf,0.1111111111111111
69825517c835c41957e00e3f,69825516c835c41957dfa076,0.6428571428571428
69825517c835c41957e00e3f,69825516c835c41957dfa073,0.6428571428571428
69825517c835c41957e00e3f,69825517c835c41957e00f20,0.6428571428571428
69825517c835c41957e00e3f,69825516c835c41957dfa08c,0.6428571428571428
69825516c835c41957df9e61,69825517c835c41957e00da9,1.8333333333333333
69825516c835c41957df9e61,69825516c835c41957dfa496,1.0
69825516c835c41957df9e61,69825517c835c41957e019f9,0.5
69825516c835c41957df9e61,69825517c835c41957dff8c5,1.45
69825516c835c41957df9e61,69825517c835c41957dff80e,2.5
69825516c835c41957df9e61,69825517c835c41957dffc3a,1.0
69825516c835c41957df9e61,69825517c835c41957e00ded,0.25
69825516c835c41957df9e61,69825516c835c41957dfb9af,0.75
69825516c835c41957df9e61,69825517c835c41957e00123,0.25
69825516c835c41957dfb319,69825516c835c41957dfb3c6,0.1111111111111111
69825516c835c41957dfb319,69825516c835c41957dfb3c3,0.1111111111111111
69825516c835c41957dfb319,69825516c835c41957dfb1d4,0.1111111111111111
69825516c835c41957dfb319,69825516c835c41957dfb32c,0.1111111111111111
69825516c835c41957dfa95b,69825517c835c41957e010db,0.3333333333333333
69825516c835c41957dfa95b,69825517c835c41957e0088e,0.16666666666666666
69825516c835c41957dfa95b,69825516c835c41957dfd892,0.45
69825516c835c41957dfa95b,69825517c835c41957dffc7e,0.16666666666666666
69825516c835c41957dfa95b,69825516c835c41957dfa4d6,0.5
69825516c835c41957dfa95b,69825516c835c41957dfef50,0.3333333333333333
69825516c835c41957dfa95b,69825516c835c41957dfccf1,0.16666666666666666
69825516c835c41957dfa95b,69825517c835c41957e00bf9,5.333333333333334
69825516c835c41957dfc939,69825517c835c41957dff416,1.0833333333333333
69825516c835c41957dfc939,69825517c835c41957e01a80,0.5833333333333333
69825516c835c41957dfeef1,69825517c835c41957dffa50,1.8333333333333333
69825517c835c41957e009fc,69825516c835c41957dfd253,0.7833333333333333
69825516c835c41957dfc985,69825517c835c41957e010d2,0.25
69825516c835c41957dfc985,69825517c835c41957e011d2,0.25
69825516c835c41957dfc985,69825517c835c41957e002aa,0.75
69825516c835c41957dfc985,69825516c835c41957dfc991,0.5
69825516c835c41957dfcee3,69825516c835c41957dfe665,0.3333333333333333
69825516c835c41957dfbc48,69825516c835c41957dfc52c,0.5
69825516c835c41957dfbc48,69825516c835c41957dfd157,0.5
69825516c835c41957dfbdcc,69825517c835c41957e00348,0.5
69825517c835c41957e00223,69825517c835c41957e00e2c,1.0
69825517c835c41957e00d54,69825516c835c41957dfaae0,1.0
69825516c835c41957dfa8d4,69825516c835c41957dfe6b7,1.0
69825516c835c41957dfa8d4,69825517c835c41957dff94f,0.5
69825516c835c41957dfa8d4,69825516c835c41957dfe2a7,0.5
69825516c835c41957dfa8d4,69825516c835c41957dfedb0,0.3333333333333333
69825516c835c41957dfccb0,69825517c835c41957dff910,0.08333333333333333
69825516c835c41957dfccb0,69825516c835c41957dfd307,0.08333333333333333
69825516c835c41957dfccb0,69825516c835c41957dfef51,0.08333333333333333
69825516c835c41957dfccb0,69825516c835c41957dfdbbc,0.2
69825516c835c41957dfccb0,69825517c835c41957dff465,0.08333333333333333
69825516c835c41957dfccb0,69825516c835c41957dfa4dd,0.2
69825516c835c41957dfccb0,69825516c835c41957dff145,0.08333333333333333
69825516c835c41957dfe2a7,69825517c835c41957e00ded,1.0
69825516c835c41957dfe2a7,69825517c835c41957e0086b,1.0
69825516c835c41957dfb77a,69825516c835c41957dfedd0,2.0
69825516c835c41957dff09d,69825516c835c41957dff0dc,0.02631578947368421
69825516c835c41957dff09d,69825516c835c41957dff0b1,0.02631578947368421
69825516c835c41957dff09d,69825516c835c41957dff0ba,0.19298245614035087
69825516c835c41957dff09d,69825516c835c41957dff069,0.02631578947368421
69825516c835c41957dff09d,69825516c835c41957dff090,0.02631578947368421
69825516c835c41957dff09d,69825516c835c41957dff0cd,0.02631578947368421
69825516c835c41957dff09d,69825516c835c41957dff0cf,0.19298245614035087
69825516c835c41957dff09d,69825516c835c41957dff0c8,0.02631578947368421
69825516c835c41957dff09d,69825516c835c41957dff071,0.02631578947368421
69825516c835c41957dff09d,69825516c835c41957dff091,0.02631578947368421
69825516c835c41957dff09d,69825516c835c41957dff080,0.02631578947368421
69825516c835c41957dff09d,69825516c835c41957dff064,0.02631578947368421
69825516c835c41957dff09d,69825516c835c41957dff0b2,0.02631578947368421
69825516c835c41957dff09d,69825516c835c41957dff09e,0.02631578947368421
69825516c835c41957dff09d,69825516c835c41957dff072,0.02631578947368421
69825516c835c41957dff09d,69825516c835c41957dff0db,0.02631578947368421
69825516c835c41957dff09d,69825516c835c41957dff077,0.02631578947368421
69825516c835c41957dff09d,69825516c835c41957dff08f,0.02631578947368421
69825516c835c41957dff09d,69825516c835c41957dff06f,0.02631578947368421
69825516c835c41957dff09d,69825516c835c41957dff0d9,0.02631578947368421
69825516c835c41957dff09d,69825516c835c41957dff0d1,0.02631578947368421
69825516c835c41957dfd229,69825517c835c41957dff96f,0.2361111111111111
69825516c835c41957dfd229,69825516c835c41957dfe0e4,0.2361111111111111
69825516c835c41957dfd229,69825516c835c41957dfd21b,0.2361111111111111
69825516c835c41957dfd229,69825516c835c41957dfc829,0.1111111111111111
69825516c835c41957dfd229,69825516c835c41957dfd238,0.2361111111111111
69825516c835c41957dfd229,69825516c835c41957dfe0e7,0.2361111111111111
69825516c835c41957dfd73f,69825516c835c41957dfd81b,0.3333333333333333
69825516c835c41957dfd73f,69825517c835c41957e017e4,0.3333333333333333
69825517c835c41957e00af0,69825516c835c41957dfe558,1.0
69825516c835c41957dfa3fd,69825517c835c41957dffb5f,1.0
69825516c835c41957dfa3fd,69825516c835c41957dff299,0.25
69825516c835c41957dfa3fd,69825517c835c41957e00bf6,0.3333333333333333
69825516c835c41957dfa3fd,69825516c835c41957dfda2d,0.25
69825516c835c41957dfa53b,69825516c835c41957dff142,0.8333333333333333
69825516c835c41957dfa53b,69825517c835c41957e007e3,0.3333333333333333
69825516c835c41957dfa53b,69825517c835c41957e0080a,0.3333333333333333
69825516c835c41957dfd0a4,69825516c835c41957dfdc61,0.2
69825516c835c41957dfd0a4,69825517c835c41957dffb20,1.0
69825516c835c41957dfd0a4,69825516c835c41957dfa73b,0.2
69825516c835c41957dfd0a4,69825517c835c41957e00fc5,0.2
69825517c835c41957e01015,69825516c835c41957dfaa6e,1.0
69825516c835c41957dfd30e,69825516c835c41957dfcd49,0.06666666666666667
69825516c835c41957dfd30e,69825517c835c41957e0098b,0.06666666666666667
69825516c835c41957dfd30e,69825516c835c41957dfe848,0.06666666666666667
69825516c835c41957dfd30e,69825517c835c41957dffc2f,1.0666666666666667
69825516c835c41957dfd30e,69825517c835c41957e00a30,0.06666666666666667
69825516c835c41957dfd30e,69825516c835c41957dfbf53,0.39999999999999997
69825516c835c41957dfd30e,69825516c835c41957dfef59,0.39999999999999997
69825516c835c41957dfb819,69825517c835c41957dff893,2.333333333333333
69825516c835c41957dfb17c,69825516c835c41957dfa0c6,1.0
69825516c835c41957dfb17c,69825516c835c41957dfa9b8,1.0
69825516c835c41957dfd65a,69825517c835c41957e00dd7,1.0
69825516c835c41957dfd65a,69825516c835c41957dfe1f5,1.0
69825516c835c41957dfb5cd,69825516c835c41957dfa403,0.75
69825516c835c41957dfb5cd,69825516c835c41957dfe1b4,0.25
69825516c835c41957dfd157,69825516c835c41957dfc52c,0.5
69825516c835c41957dfd157,69825516c835c41957dfa333,0.6666666666666666
69825516c835c41957dfd157,69825516c835c41957dfd070,0.25
69825516c835c41957dfd157,69825516c835c41957df9e4a,0.16666666666666666
69825516c835c41957dfd157,69825516c835c41957df9ca1,0.3333333333333333
69825516c835c41957dfd157,69825517c835c41957dffc49,0.6666666666666666
69825516c835c41957dfa27d,69825516c835c41957dfa343,1.3333333333333333
69825516c835c41957dfd767,69825516c835c41957dfc2de,1.0
69825517c835c41957e00222,69825516c835c41957dfd309,0.3333333333333333
69825517c835c41957e00222,69825517c835c41957dffd68,0.2
69825517c835c41957e00222,69825516c835c41957dfa333,0.3333333333333333
69825517c835c41957e00222,69825517c835c41957e00980,0.5333333333333333
69825517c835c41957dff4bf,69825517c835c41957e00f1e,0.16666666666666666
69825517c835c41957dff4bf,69825517c835c41957e0189b,0.16666666666666666
69825517c835c41957dff4bf,69825516c835c41957dfa813,0.16666666666666666
69825517c835c41957dff4bf,69825516c835c41957dfb9af,0.16666666666666666
69825516c835c41957dfb572,69825517c835c41957e0113e,1.0
69825516c835c41957dfe417,69825516c835c41957dfe3da,0.07142857142857142
69825516c835c41957dfe417,69825516c835c41957dfe3d7,0.07142857142857142
69825516c835c41957dfe417,69825516c835c41957dfe3d6,0.07142857142857142
69825516c835c41957dfe417,69825516c835c41957dfe420,0.07142857142857142
69825516c835c41957dfe417,69825516c835c41957dfe3ef,0.07142857142857142
69825516c835c41957dfa352,69825516c835c41957dfe123,0.05555555555555555
69825516c835c41957dfa352,69825517c835c41957dffb45,0.05555555555555555
69825516c835c41957dfa352,69825517c835c41957e00628,0.05555555555555555
69825516c835c41957dfa352,69825517c835c41957e0088e,0.05555555555555555
69825516c835c41957dfa352,69825516c835c41957dfdfa6,0.05555555555555555
69825516c835c41957dfa352,69825516c835c41957dfd70f,0.05555555555555555
69825516c835c41957dfa352,69825516c835c41957dfe802,0.05555555555555555
69825516c835c41957dfa0d5,69825517c835c41957dffdb9,0.3333333333333333
69825516c835c41957dfeea1,69825516c835c41957dfc255,1.0
69825516c835c41957dfb7ab,69825517c835c41957e0098b,0.125
69825516c835c41957dfb7ab,69825516c835c41957dfcd49,0.125
69825516c835c41957dfb7ab,69825516c835c41957dfe848,0.125
69825516c835c41957dfb7ab,69825517c835c41957dffc2f,0.125
69825516c835c41957dfb7ab,69825516c835c41957dfbf53,0.125
69825516c835c41957dfb7ab,69825517c835c41957e00c0a,0.125
69825516c835c41957dfd3f8,69825516c835c41957dfa8a4,0.125
69825516c835c41957dfd3f8,69825516c835c41957dfee4b,0.5
69825516c835c41957dfd3f8,69825516c835c41957dfd8e7,0.125
69825516c835c41957dfd3f8,69825516c835c41957dfb9af,0.125
69825517c835c41957e016b7,69825517c835c41957e01644,0.2051948051948052
69825517c835c41957e016b7,69825517c835c41957e016ba,0.1
69825517c835c41957e016b7,69825517c835c41957e015f2,0.1
69825517c835c41957e016b7,69825517c835c41957e0157c,0.047619047619047616
69825517c835c41957e016b7,69825517c835c41957e015b0,0.48095238095238096
69825517c835c41957e016b7,69825517c835c41957e01617,0.13852813852813853
69825517c835c41957e016b7,69825517c835c41957e015db,0.06666666666666667
69825517c835c41957e016b7,69825517c835c41957e016b3,0.1
69825517c835c41957e016b7,69825517c835c41957e0168f,0.13852813852813853
69825517c835c41957dffd39,69825517c835c41957dffd59,0.07407407407407407
69825517c835c41957dffd39,69825517c835c41957dffd3c,0.07407407407407407
69825517c835c41957dffd39,69825517c835c41957dffd64,0.07407407407407407
69825517c835c41957dffd39,69825517c835c41957dffd4f,0.07407407407407407
69825517c835c41957dffd39,69825517c835c41957e012a7,0.037037037037037035
69825517c835c41957dffd39,69825517c835c41957dffd50,0.07407407407407407
69825517c835c41957dffd39,69825517c835c41957dffd53,0.07407407407407407
69825516c835c41957dfb105,69825517c835c41957e0081f,0.45
69825516c835c41957dfb105,69825516c835c41957dfb0dc,0.45
69825516c835c41957dfb105,69825517c835c41957dffb81,0.45
69825517c835c41957e00534,69825516c835c41957dfe4fa,0.5
69825516c835c41957dfa271,69825516c835c41957dfde5d,0.5
69825516c835c41957dff341,69825516c835c41957dfa4d5,1.0
69825516c835c41957dff341,69825517c835c41957e0112b,1.0
69825516c835c41957dff071,69825516c835c41957dff0dc,0.02631578947368421
69825516c835c41957dff071,69825516c835c41957dff0b1,0.02631578947368421
69825516c835c41957dff071,69825516c835c41957dff0ba,0.02631578947368421
69825516c835c41957dff071,69825516c835c41957dff069,0.02631578947368421
69825516c835c41957dff071,69825516c835c41957dff090,0.02631578947368421
69825516c835c41957dff071,69825516c835c41957dff0cd,0.02631578947368421
69825516c835c41957dff071,69825516c835c41957dff0cf,0.02631578947368421
69825516c835c41957dff071,69825516c835c41957dff0c8,0.02631578947368421
69825516c835c41957dff071,69825516c835c41957dff091,0.02631578947368421
69825516c835c41957dff071,69825516c835c41957dff080,0.02631578947368421
69825516c835c41957dff071,69825516c835c41957dff064,0.02631578947368421
69825516c835c41957dff071,69825516c835c41957dff0b2,1.0263157894736843
69825516c835c41957dff071,69825516c835c41957dff09e,0.02631578947368421
69825516c835c41957dff071,69825516c835c41957dff072,0.02631578947368421
69825516c835c41957dff071,69825516c835c41957dff0db,0.02631578947368421
69825516c835c41957dff071,69825516c835c41957dff077,0.02631578947368421
69825516c835c41957dff071,69825516c835c41957dff08f,0.02631578947368421
69825516c835c41957dff071,69825516c835c41957dff06f,0.02631578947368421
69825516c835c41957dff071,69825516c835c41957dff0d9,0.02631578947368421
69825516c835c41957dff071,69825516c835c41957dff0d1,0.02631578947368421
69825517c835c41957e00665,69825516c835c41957dfd9a2,0.14285714285714285
69825517c835c41957e00665,69825516c835c41957dff3aa,0.14285714285714285
69825517c835c41957e00665,69825517c835c41957dffaf5,0.14285714285714285
69825517c835c41957e00665,69825517c835c41957dffcc1,0.14285714285714285
69825516c835c41957dfeddb,69825516c835c41957dfba96,2.0
69825516c835c41957dff258,69825516c835c41957dfd11d,1.0
69825517c835c41957dff86b,69825517c835c41957e0133f,0.25396825396825395
69825517c835c41957dff86b,69825516c835c41957dfd00e,1.0873015873015872
69825517c835c41957dff86b,69825516c835c41957dff159,0.25396825396825395
69825517c835c41957dff86b,69825517c835c41957dffbd6,0.1111111111111111
69825517c835c41957dff86b,69825516c835c41957dfd30c,0.1111111111111111
69825516c835c41957dfa02f,69825517c835c41957e00112,0.2
69825516c835c41957dfa02f,69825517c835c41957e00f9f,0.2
69825516c835c41957dfa02f,69825517c835c41957e00bd8,0.2
69825517c835c41957e01739,69825516c835c41957dfe48d,0.1111111111111111
69825517c835c41957e01739,69825516c835c41957dfe21b,0.1111111111111111
69825516c835c41957dfedf8,69825516c835c41957dfa76e,0.5
69825516c835c41957dfa122,69825516c835c41957dfa593,0.5
69825516c835c41957dfa122,69825516c835c41957dfa3a9,0.09090909090909091
69825516c835c41957dfa122,69825516c835c41957dfca71,0.09090909090909091
69825516c835c41957dfa122,69825516c835c41957dfda3e,0.09090909090909091
69825517c835c41957e00396,69825517c835c41957e00684,0.45
69825517c835c41957e00396,69825517c835c41957e002d1,1.25
69825517c835c41957e00396,69825517c835c41957e009f9,0.45
69825516c835c41957dfc92b,69825516c835c41957dfedac,0.3333333333333333
69825516c835c41957dfc92b,69825516c835c41957dfc59f,0.3333333333333333
69825516c835c41957dff008,69825516c835c41957dff004,0.36081871345029237
69825516c835c41957dff008,69825516c835c41957dfef9e,0.30818713450292395
69825516c835c41957dff008,69825516c835c41957dfefb5,0.30818713450292395
69825516c835c41957dff008,69825516c835c41957dff006,0.36081871345029237
69825516c835c41957dff008,69825516c835c41957dfefb1,0.36081871345029237
69825517c835c41957e00732,69825517c835c41957e00e20,1.0
69825517c835c41957e00d77,69825516c835c41957dfd343,0.5
69825516c835c41957dfd85b,69825516c835c41957dff3af,0.5
69825516c835c41957dfd85b,69825516c835c41957dfc506,2.0
69825516c835c41957dfe206,69825516c835c41957dfba9f,0.1
69825516c835c41957dfe206,69825517c835c41957dff6be,0.1
69825517c835c41957dffd59,69825517c835c41957dffd3c,0.07407407407407407
69825517c835c41957dffd59,69825517c835c41957dffd64,0.07407407407407407
69825517c835c41957dffd59,69825517c835c41957dffd4f,0.07407407407407407
69825517c835c41957dffd59,69825517c835c41957e012a7,0.037037037037037035
69825517c835c41957dffd59,69825517c835c41957dffd50,0.07407407407407407
69825517c835c41957dffd59,69825517c835c41957dffd53,0.07407407407407407
69825516c835c41957dfa24f,69825516c835c41957dfa1f8,1.0
69825516c835c41957dfd70f,69825517c835c41957e0088e,0.05555555555555555
69825516c835c41957dfd70f,69825517c835c41957e00628,0.05555555555555555
69825516c835c41957dfd70f,69825516c835c41957dfd070,1.0
69825516c835c41957dfd70f,69825516c835c41957dfe123,0.05555555555555555
69825516c835c41957dfd70f,69825517c835c41957e00232,0.5
69825516c835c41957dfd70f,69825516c835c41957dfdfa6,0.05555555555555555
69825516c835c41957dfd70f,69825516c835c41957dfe802,0.05555555555555555
69825516c835c41957dfd70f,69825517c835c41957e004c9,0.5
69825516c835c41957dfd70f,69825517c835c41957dffb45,1.5555555555555556
69825517c835c41957e017a4,69825517c835c41957e0177a,1.25
69825517c835c41957e017a4,69825516c835c41957dfe1cf,0.25
69825517c835c41957e017a4,69825516c835c41957dfe20d,0.25
69825516c835c41957dfa7ad,69825517c835c41957e00dc0,0.25
69825516c835c41957dfa7ad,69825517c835c41957e01922,0.16666666666666666
69825516c835c41957dfa7ad,69825516c835c41957dfe848,0.08333333333333333
69825516c835c41957dfa7ad,69825516c835c41957dfb793,2.125
69825516c835c41957dfa7ad,69825517c835c41957dff402,0.20833333333333331
69825516c835c41957dfa7ad,69825517c835c41957e00a30,0.125
69825516c835c41957dfa7ad,69825517c835c41957dff6c9,0.16666666666666666
69825516c835c41957dfa7ad,69825516c835c41957dfbf53,0.20833333333333331
69825517c835c41957dffd68,69825517c835c41957e0086b,0.3333333333333333
69825517c835c41957dffd68,69825517c835c41957e00980,0.2
69825516c835c41957dfe795,69825516c835c41957dfe20d,0.07142857142857142
69825516c835c41957dfe795,69825516c835c41957dfc080,0.5
69825516c835c41957dfe795,69825516c835c41957dfa636,0.16666666666666666
69825516c835c41957dfe795,69825517c835c41957e00648,0.6166666666666667
69825516c835c41957dfe795,69825516c835c41957dfb5b1,0.1111111111111111
69825516c835c41957dfe795,69825516c835c41957dfe2af,0.1111111111111111
69825516c835c41957dfe795,69825516c835c41957dfefc1,0.07142857142857142
69825516c835c41957dfe795,69825516c835c41957dfb966,0.25
69825516c835c41957dfe795,69825516c835c41957dfabe1,0.07142857142857142
69825516c835c41957dfe795,69825516c835c41957dfefed,0.07142857142857142
69825516c835c41957dfe795,69825517c835c41957e019f9,0.25
69825516c835c41957dfe795,69825516c835c41957df9c99,3.3408730158730164
69825516c835c41957dfe795,69825516c835c41957df9e8b,0.16666666666666666
69825516c835c41957dfe795,69825517c835c41957e00ded,0.5
69825516c835c41957dfe795,69825516c835c41957dfd8e7,0.08333333333333333
69825516c835c41957dfe795,69825516c835c41957dfc519,0.7
69825516c835c41957dfe795,69825517c835c41957dff799,0.1111111111111111
69825516c835c41957dfe795,69825516c835c41957dfef50,0.25
69825516c835c41957dfe795,69825516c835c41957dfb9af,0.08333333333333333
69825516c835c41957dfe795,69825516c835c41957dfa8a4,0.08333333333333333
69825516c835c41957dfe795,69825516c835c41957dfa0c6,0.5
69825516c835c41957dfe795,69825516c835c41957dfd3ed,0.07142857142857142
69825516c835c41957dfbc0f,69825516c835c41957dfbbe4,0.05
69825516c835c41957dfbc0f,69825516c835c41957dfbbba,0.05
69825516c835c41957dfbc0f,69825516c835c41957dfbbb8,0.05
69825516c835c41957dfbc0f,69825516c835c41957dfbbb7,0.05
69825516c835c41957dfbc0f,69825516c835c41957dfbc20,0.05
69825516c835c41957dfbc0f,69825516c835c41957dfbbb2,0.05
69825516c835c41957dfbc0f,69825516c835c41957dfbc2c,0.05
69825516c835c41957dfbc0f,69825516c835c41957dfbc0e,0.05
69825516c835c41957dfbc0f,69825516c835c41957dfbc1b,0.05
69825516c835c41957dfbc0f,69825516c835c41957dfbbc3,0.05
69825516c835c41957dff0cf,69825516c835c41957dff0dc,0.02631578947368421
69825516c835c41957dff0cf,69825516c835c41957dff0b1,0.02631578947368421
69825516c835c41957dff0cf,69825516c835c41957dff0ba,0.19298245614035087
69825516c835c41957dff0cf,69825516c835c41957dff069,0.02631578947368421
69825516c835c41957dff0cf,69825516c835c41957dff090,0.02631578947368421
69825516c835c41957dff0cf,69825516c835c41957dff0cd,0.02631578947368421
69825516c835c41957dff0cf,69825516c835c41957dff0c8,0.02631578947368421
69825516c835c41957dff0cf,69825516c835c41957dff091,0.02631578947368421
69825516c835c41957dff0cf,69825516c835c41957dff080,0.02631578947368421
69825516c835c41957dff0cf,69825516c835c41957dff064,0.02631578947368421
69825516c835c41957dff0cf,69825516c835c41957dff0b2,0.02631578947368421
69825516c835c41957dff0cf,69825516c835c41957dff09e,0.02631578947368421
69825516c835c41957dff0cf,69825516c835c41957dff072,0.02631578947368421
69825516c835c41957dff0cf,69825516c835c41957dff0db,0.02631578947368421
69825516c835c41957dff0cf,69825516c835c41957dff077,0.02631578947368421
69825516c835c41957dff0cf,69825516c835c41957dff08f,0.02631578947368421
69825516c835c41957dff0cf,69825516c835c41957dff06f,0.02631578947368421
69825516c835c41957dff0cf,69825516c835c41957dff0d9,0.02631578947368421
69825516c835c41957dff0cf,69825516c835c41957dff0d1,0.02631578947368421
69825516c835c41957dfdd11,69825517c835c41957dff882,0.6666666666666666
69825516c835c41957dfdd11,69825516c835c41957dfca71,0.16666666666666666
69825517c835c41957dffb81,69825516c835c41957dfad9e,0.3333333333333333
69825517c835c41957dffb81,69825517c835c41957e0081f,0.7833333333333333
69825517c835c41957dffb81,69825516c835c41957dfb0dc,0.45
69825516c835c41957dfd19d,69825516c835c41957dfd1a0,1.6666666666666665
69825516c835c41957dfbbb8,69825516c835c41957dfbbe4,0.05
69825516c835c41957dfbbb8,69825516c835c41957dfbbba,0.05
69825516c835c41957dfbbb8,69825516c835c41957dfbbb7,0.05
69825516c835c41957dfbbb8,69825516c835c41957dfbc20,0.05
69825516c835c41957dfbbb8,69825516c835c41957dfbbb2,0.05
69825516c835c41957dfbbb8,69825516c835c41957dfbc2c,0.05
69825516c835c41957dfbbb8,69825516c835c41957dfbc0e,0.05
69825516c835c41957dfbbb8,69825516c835c41957dfbc1b,0.05
69825516c835c41957dfbbb8,69825516c835c41957dfbbc3,0.05
69825516c835c41957dff0c8,69825516c835c41957dff0dc,0.02631578947368421
69825516c835c41957dff0c8,69825516c835c41957dff0b1,0.02631578947368421
69825516c835c41957dff0c8,69825516c835c41957dff0ba,0.02631578947368421
69825516c835c41957dff0c8,69825516c835c41957dff069,0.02631578947368421
69825516c835c41957dff0c8,69825516c835c41957dff090,0.02631578947368421
69825516c835c41957dff0c8,69825516c835c41957dff0cd,0.02631578947368421
69825516c835c41957dff0c8,69825516c835c41957dff091,0.02631578947368421
69825516c835c41957dff0c8,69825516c835c41957dff080,0.02631578947368421
69825516c835c41957dff0c8,69825516c835c41957dff064,0.02631578947368421
69825516c835c41957dff0c8,69825516c835c41957dff0b2,0.02631578947368421
69825516c835c41957dff0c8,69825516c835c41957dff09e,0.02631578947368421
69825516c835c41957dff0c8,69825516c835c41957dff072,0.02631578947368421
69825516c835c41957dff0c8,69825516c835c41957dff0db,0.02631578947368421
69825516c835c41957dff0c8,69825516c835c41957dff077,0.02631578947368421
69825516c835c41957dff0c8,69825516c835c41957dff08f,0.02631578947368421
69825516c835c41957dff0c8,69825516c835c41957dff06f,0.02631578947368421
69825516c835c41957dff0c8,69825516c835c41957dff0d9,0.02631578947368421
69825516c835c41957dff0c8,69825516c835c41957dff0d1,0.02631578947368421
69825516c835c41957dfd963,69825516c835c41957dfd962,1.5
69825516c835c41957dff064,69825516c835c41957dff0dc,0.02631578947368421
69825516c835c41957dff064,69825516c835c41957dff0b1,0.02631578947368421
69825516c835c41957dff064,69825516c835c41957dff0ba,0.02631578947368421
69825516c835c41957dff064,69825516c835c41957dff069,0.02631578947368421
69825516c835c41957dff064,69825516c835c41957dff090,0.02631578947368421
69825516c835c41957dff064,69825516c835c41957dff0cd,0.02631578947368421
69825516c835c41957dff064,69825516c835c41957dff091,0.02631578947368421
69825516c835c41957dff064,69825516c835c41957dff080,0.02631578947368421
69825516c835c41957dff064,69825516c835c41957dff0b2,0.02631578947368421
69825516c835c41957dff064,69825516c835c41957dff09e,0.02631578947368421
69825516c835c41957dff064,69825516c835c41957dff072,0.02631578947368421
69825516c835c41957dff064,69825516c835c41957dff0db,0.02631578947368421
69825516c835c41957dff064,69825516c835c41957dff077,0.02631578947368421
69825516c835c41957dff064,69825516c835c41957dff08f,0.02631578947368421
69825516c835c41957dff064,69825516c835c41957dff06f,0.02631578947368421
69825516c835c41957dff064,69825516c835c41957dff0d9,0.02631578947368421
69825516c835c41957dff064,69825516c835c41957dff0d1,0.02631578947368421
69825517c835c41957e010d3,69825516c835c41957dfb3f4,0.5
69825516c835c41957dfc91c,69825517c835c41957e00fc5,0.5
69825516c835c41957dfc91c,69825517c835c41957dffb7c,0.5
69825516c835c41957dfdfa6,69825516c835c41957dfe123,0.38888888888888884
69825516c835c41957dfdfa6,69825517c835c41957dffb45,0.05555555555555555
69825516c835c41957dfdfa6,69825517c835c41957e00628,0.05555555555555555
69825516c835c41957dfdfa6,69825517c835c41957e0088e,0.38888888888888884
69825516c835c41957dfdfa6,69825516c835c41957dfe802,0.38888888888888884
69825517c835c41957e00fc5,69825516c835c41957dfdc61,1.8408730158730158
69825517c835c41957e00fc5,69825516c835c41957dfba1a,1.5
69825517c835c41957e00fc5,69825516c835c41957dfa904,0.5
69825517c835c41957e00fc5,69825517c835c41957dff930,1.4464285714285714
69825517c835c41957e00fc5,69825516c835c41957dfef52,0.2
69825517c835c41957e00fc5,69825517c835c41957e0088e,0.16666666666666666
69825517c835c41957e00fc5,69825517c835c41957dffca6,0.1111111111111111
69825517c835c41957e00fc5,69825516c835c41957dfa27f,0.4444444444444444
69825517c835c41957e00fc5,69825517c835c41957e00bf6,0.9464285714285714
69825517c835c41957e00fc5,69825516c835c41957dfd2fd,0.2361111111111111
69825517c835c41957e00fc5,69825516c835c41957dfa73b,0.9380952380952381
69825517c835c41957e00fc5,69825516c835c41957dfcc8d,0.5
69825517c835c41957e00fc5,69825516c835c41957dfe7dc,0.16666666666666666
69825517c835c41957e00fc5,69825516c835c41957dfd2d6,0.3111111111111111
69825517c835c41957e00fc5,69825516c835c41957dfa3c2,0.3333333333333333
69825517c835c41957e00fc5,69825517c835c41957e00ded,2.0
69825517c835c41957e00fc5,69825516c835c41957dff27c,0.19642857142857142
69825517c835c41957e00fc5,69825517c835c41957dff799,0.1111111111111111
69825517c835c41957e00fc5,69825516c835c41957dfd6eb,0.25
69825517c835c41957e00fc5,69825517c835c41957dffb7c,1.75
69825517c835c41957e00fc5,69825516c835c41957dff1fb,0.1111111111111111
69825517c835c41957e00fc5,69825517c835c41957e00bf9,0.6666666666666666
69825516c835c41957dfe49e,69825516c835c41957dfe48b,0.14285714285714285
69825516c835c41957dfe49e,69825516c835c41957dfc5f0,0.14285714285714285
69825516c835c41957dfe49e,69825516c835c41957dfe47e,0.14285714285714285
69825516c835c41957dfe49e,69825516c835c41957dfe485,0.14285714285714285
69825516c835c41957dfc857,69825517c835c41957e01744,0.3666666666666667
69825516c835c41957dfc857,69825516c835c41957dfc8da,4.25
69825516c835c41957dfc857,69825517c835c41957e012a7,4.45
69825516c835c41957dfc857,69825517c835c41957e01753,0.2
69825516c835c41957dfc857,69825517c835c41957e01740,0.3666666666666667
69825516c835c41957df9f97,69825516c835c41957dfa528,0.25
69825516c835c41957dfb30e,69825516c835c41957dfb3c6,0.14285714285714285
69825516c835c41957dfb30e,69825516c835c41957dfb1d4,0.14285714285714285
69825516c835c41957dfb30e,69825516c835c41957dfb32c,0.14285714285714285
69825516c835c41957dfb30e,69825516c835c41957dfb258,0.14285714285714285
69825516c835c41957dfb30e,69825516c835c41957dfb237,0.14285714285714285
69825516c835c41957dfaad5,69825516c835c41957dfaa91,1.0
69825516c835c41957dff269,69825517c835c41957e00bf9,1.0
69825517c835c41957dffd53,69825517c835c41957dffd3c,0.07407407407407407
69825517c835c41957dffd53,69825517c835c41957dffd64,0.07407407407407407
69825517c835c41957dffd53,69825517c835c41957dffd4f,0.07407407407407407
69825517c835c41957dffd53,69825517c835c41957e012a7,0.037037037037037035
69825517c835c41957dffd53,69825517c835c41957dffd50,0.07407407407407407
69825516c835c41957dff06f,69825516c835c41957dff0dc,0.02631578947368421
69825516c835c41957dff06f,69825516c835c41957dff0b1,0.02631578947368421
69825516c835c41957dff06f,69825516c835c41957dff0ba,0.02631578947368421
69825516c835c41957dff06f,69825516c835c41957dff069,0.02631578947368421
69825516c835c41957dff06f,69825516c835c41957dff090,0.02631578947368421
69825516c835c41957dff06f,69825516c835c41957dff0cd,0.02631578947368421
69825516c835c41957dff06f,69825516c835c41957dff091,0.02631578947368421
69825516c835c41957dff06f,69825516c835c41957dff080,0.02631578947368421
69825516c835c41957dff06f,69825516c835c41957dff0b2,0.02631578947368421
69825516c835c41957dff06f,69825516c835c41957dff09e,0.02631578947368421
69825516c835c41957dff06f,69825516c835c41957dff072,0.02631578947368421
69825516c835c41957dff06f,69825516c835c41957dff0db,0.02631578947368421
69825516c835c41957dff06f,69825516c835c41957dff077,0.02631578947368421
69825516c835c41957dff06f,69825516c835c41957dff08f,0.02631578947368421
69825516c835c41957dff06f,69825516c835c41957dff0d9,0.35964912280701755
69825516c835c41957dff06f,69825516c835c41957dff0d1,0.02631578947368421
69825516c835c41957dfa3f9,69825516c835c41957dfa4cd,0.5
69825516c835c41957dfb3f3,69825516c835c41957dfdcd8,0.2
69825516c835c41957dfb3f3,69825516c835c41957dfb4d7,0.7
69825516c835c41957dfe1b6,69825516c835c41957dfb675,1.0
69825516c835c41957dfadfb,69825516c835c41957dfade7,0.25
69825516c835c41957dfadfb,69825516c835c41957dfadbd,0.25
69825516c835c41957dfc93a,69825516c835c41957dfb12d,0.5
69825516c835c41957dfae26,69825516c835c41957dfad7d,3.0
69825516c835c41957dfc6bf,69825517c835c41957e015fb,0.125
69825516c835c41957dfc6bf,69825516c835c41957dfe481,0.125
69825516c835c41957dfc6bf,69825517c835c41957e00735,0.125
69825516c835c41957dfc6bf,69825516c835c41957dff313,0.125
69825516c835c41957dfc6bf,69825516c835c41957dfe5fd,0.125
69825516c835c41957dfbde1,69825516c835c41957dfa584,0.8333333333333333
69825516c835c41957dfbde1,69825516c835c41957dff355,0.2
69825516c835c41957dfbde1,69825516c835c41957dfca2b,0.2
69825516c835c41957dfbde1,69825517c835c41957e002a8,0.2
69825516c835c41957dfbde1,69825517c835c41957e00bf9,0.5
69825516c835c41957dff0ba,69825516c835c41957dff0dc,0.02631578947368421
69825516c835c41957dff0ba,69825516c835c41957dff0b1,0.02631578947368421
69825516c835c41957dff0ba,69825516c835c41957dff069,0.02631578947368421
69825516c835c41957dff0ba,69825516c835c41957dff090,0.02631578947368421
69825516c835c41957dff0ba,69825516c835c41957dff0cd,0.02631578947368421
69825516c835c41957dff0ba,69825516c835c41957dff091,0.02631578947368421
69825516c835c41957dff0ba,69825516c835c41957dff080,0.02631578947368421
69825516c835c41957dff0ba,69825516c835c41957dff0b2,0.02631578947368421
69825516c835c41957dff0ba,69825516c835c41957dff09e,0.02631578947368421
69825516c835c41957dff0ba,69825516c835c41957dff072,0.02631578947368421
69825516c835c41957dff0ba,69825516c835c41957dff0db,0.02631578947368421
69825516c835c41957dff0ba,69825516c835c41957dff077,0.02631578947368421
69825516c835c41957dff0ba,69825516c835c41957dff08f,0.02631578947368421
69825516c835c41957dff0ba,69825516c835c41957dff0d9,0.02631578947368421
69825516c835c41957dff0ba,69825516c835c41957dff0d1,0.02631578947368421
69825516c835c41957dfe091,69825516c835c41957dfac7c,0.5
69825516c835c41957dfd30d,69825516c835c41957dfc945,1.0
69825516c835c41957dfd19c,69825516c835c41957dfa636,0.6111111111111112
69825516c835c41957dfd19c,69825516c835c41957dfd8dc,0.24285714285714285
69825516c835c41957dfd19c,69825517c835c41957e00524,3.853968253968254
69825516c835c41957dfd19c,69825516c835c41957df9e1d,0.24285714285714285
69825516c835c41957dfd19c,69825516c835c41957dfa81f,0.24285714285714285
69825516c835c41957dfd19c,69825517c835c41957e00525,0.6111111111111112
69825516c835c41957dfd19c,69825516c835c41957dfc909,1.0
69825516c835c41957dfd19c,69825517c835c41957e00d55,0.1
69825517c835c41957dffd3c,69825517c835c41957dffd64,0.07407407407407407
69825517c835c41957dffd3c,69825517c835c41957dffd4f,0.07407407407407407
69825517c835c41957dffd3c,69825517c835c41957e012a7,0.037037037037037035
69825517c835c41957dffd3c,69825517c835c41957dffd50,0.07407407407407407
69825517c835c41957e00200,69825516c835c41957dfa0b0,0.6666666666666666
69825516c835c41957dfe3df,69825516c835c41957dfe3fc,0.125
69825516c835c41957dfe3df,69825516c835c41957dfe3cc,0.125
69825516c835c41957dfe3df,69825516c835c41957dfe404,0.125
69825516c835c41957dfe3df,69825516c835c41957dfe3db,0.125
69825516c835c41957dfe3df,69825516c835c41957dfe405,0.125
69825516c835c41957dfa5a0,69825516c835c41957df9d7b,11.0
69825517c835c41957e015fb,69825516c835c41957dfe481,0.125
69825517c835c41957e015fb,69825517c835c41957e00735,0.125
69825517c835c41957e015fb,69825516c835c41957dff313,0.125
69825517c835c41957e015fb,69825516c835c41957dfe5fd,0.125
69825517c835c41957e00fc7,69825516c835c41957dfb96a,0.3333333333333333
69825516c835c41957dfb258,69825516c835c41957dfb3c6,0.14285714285714285
69825516c835c41957dfb258,69825516c835c41957dfb1d4,0.14285714285714285
69825516c835c41957dfb258,69825516c835c41957dfb32c,0.14285714285714285
69825516c835c41957dfb258,69825516c835c41957dfb237,0.14285714285714285
69825516c835c41957dfb527,69825516c835c41957dfb52b,0.5
69825516c835c41957dfd03a,69825517c835c41957dffd61,1.0
69825516c835c41957dfb4a2,69825516c835c41957dfac6a,0.5
69825516c835c41957dfc417,69825516c835c41957dfd26a,1.0
69825517c835c41957dffc49,69825516c835c41957df9ca1,0.3333333333333333
69825516c835c41957dfd9dc,69825516c835c41957dfd677,0.5
69825516c835c41957dff313,69825516c835c41957dfe481,0.125
69825516c835c41957dff313,69825517c835c41957e00735,0.125
69825516c835c41957dff313,69825516c835c41957dfe5fd,0.125
69825516c835c41957dfcdaf,69825517c835c41957e00c94,0.5
69825516c835c41957dfb3f4,69825516c835c41957dfb3d2,1.0
69825516c835c41957dfb3f4,69825517c835c41957dffd3a,0.5
69825516c835c41957dfb3f4,69825516c835c41957dfb4f5,1.0
69825516c835c41957dfba1b,69825516c835c41957dfaddf,0.14285714285714285
69825516c835c41957dfba1b,69825516c835c41957dfadc8,0.14285714285714285
69825516c835c41957dfba1b,69825516c835c41957dfb96a,0.14285714285714285
69825516c835c41957dfba1b,69825517c835c41957e00ded,0.14285714285714285
69825516c835c41957dfba1b,69825516c835c41957dfb968,0.14285714285714285
69825516c835c41957dfc587,69825516c835c41957dfc572,0.5
69825516c835c41957dfc920,69825516c835c41957dfaadb,4.0
69825517c835c41957e0174b,69825516c835c41957dfe668,0.3333333333333333
69825517c835c41957e0174b,69825516c835c41957dfe63a,0.5
69825517c835c41957e0174b,69825517c835c41957e01744,1.0
69825517c835c41957e0174b,69825516c835c41957dfe4aa,0.3333333333333333
69825517c835c41957e0174b,69825516c835c41957dfe49f,0.3333333333333333
69825517c835c41957e016c3,69825516c835c41957dfc9f2,0.3333333333333333
69825516c835c41957dfac3d,69825517c835c41957e01085,0.8333333333333333
69825516c835c41957dfac3d,69825517c835c41957e00656,0.3333333333333333
69825516c835c41957dfcace,69825517c835c41957e01229,0.1
69825516c835c41957dfcace,69825516c835c41957dfcacd,0.26666666666666666
69825516c835c41957dfcace,69825516c835c41957dfcacb,0.26666666666666666
69825516c835c41957dfcace,69825516c835c41957dfcacc,0.26666666666666666
69825516c835c41957dfb645,69825517c835c41957dff968,2.0833333333333335
69825517c835c41957dffaf5,69825516c835c41957dfd9a2,0.14285714285714285
69825517c835c41957dffaf5,69825516c835c41957dff3d6,0.3333333333333333
69825517c835c41957dffaf5,69825516c835c41957dff3aa,0.14285714285714285
69825517c835c41957dffaf5,69825517c835c41957dffcc1,0.14285714285714285
69825516c835c41957dfed84,69825516c835c41957dfcd9c,0.3333333333333333
69825516c835c41957dfed84,69825516c835c41957dfc54d,0.3333333333333333
69825516c835c41957dfed84,69825516c835c41957dfce9e,1.0
69825516c835c41957dfce9b,69825516c835c41957dfedac,0.5
69825516c835c41957dfcdb1,69825516c835c41957dff305,1.0
69825517c835c41957dffcbd,69825516c835c41957dfdd15,1.0
69825516c835c41957dff286,69825516c835c41957dfe01c,0.1111111111111111
69825516c835c41957dff286,69825517c835c41957e00da9,1.0
69825516c835c41957dff286,69825516c835c41957dfd71c,0.1111111111111111
69825516c835c41957dff286,69825516c835c41957dfef50,0.16666666666666666
69825516c835c41957dff286,69825517c835c41957e006bf,0.1111111111111111
69825517c835c41957dffb4b,69825516c835c41957dfb9d5,0.5
69825517c835c41957e0173a,69825517c835c41957e00927,0.16666666666666666
69825517c835c41957e0173a,69825516c835c41957dfbb50,0.41666666666666663
69825516c835c41957dfdb38,69825517c835c41957e00dba,0.3333333333333333
69825516c835c41957dfa813,69825517c835c41957e00f1e,0.16666666666666666
69825516c835c41957dfa813,69825516c835c41957dfa375,0.125
69825516c835c41957dfa813,69825516c835c41957dfa8cf,0.125
69825516c835c41957dfa813,69825517c835c41957e010a7,0.125
69825516c835c41957dfa813,69825517c835c41957e0189b,0.5
69825516c835c41957dfa813,69825516c835c41957dfb9af,0.9583333333333333
69825516c835c41957dff142,69825517c835c41957e0080a,0.3333333333333333
69825517c835c41957e00656,69825517c835c41957e01085,0.3333333333333333
69825517c835c41957e00656,69825516c835c41957dfb12d,0.3333333333333333
69825516c835c41957dfdf68,69825516c835c41957dfdf87,3.0
69825516c835c41957dfd1f3,69825516c835c41957dff0a1,0.16666666666666666
69825516c835c41957dfd1f3,69825516c835c41957dfd314,0.30952380952380953
69825516c835c41957dfd1f3,69825516c835c41957dfe01c,0.16666666666666666
69825516c835c41957dfd1f3,69825517c835c41957e011d2,0.16666666666666666
69825516c835c41957dfd1f3,69825517c835c41957e00f7f,0.16666666666666666
69825516c835c41957dfd1f3,69825516c835c41957dfd315,0.30952380952380953
69825516c835c41957dfa81b,69825516c835c41957dfe6d4,0.08333333333333333
69825516c835c41957dfa81b,69825517c835c41957e0106c,0.08333333333333333
69825516c835c41957dfa81b,69825516c835c41957dfb972,1.0
69825516c835c41957dfa81b,69825516c835c41957dfe429,0.08333333333333333
69825517c835c41957e01753,69825517c835c41957e01744,2.283333333333333
69825517c835c41957e01753,69825517c835c41957e012a7,0.2
69825517c835c41957e01753,69825517c835c41957e01740,2.783333333333333
69825516c835c41957dfbdfe,69825517c835c41957e010db,0.25
69825516c835c41957dfbdfe,69825516c835c41957dfef50,0.25
69825516c835c41957dfa40a,69825516c835c41957dfb8f8,1.0
69825517c835c41957e00b59,69825516c835c41957dfb798,0.5
69825517c835c41957e00b59,69825516c835c41957dfa7dc,0.5
69825516c835c41957dfc572,69825516c835c41957dfc5a3,0.06666666666666667
69825516c835c41957dfc572,69825517c835c41957e007bf,0.06666666666666667
69825516c835c41957dfc572,69825517c835c41957e00348,0.06666666666666667
69825516c835c41957dff27f,69825516c835c41957dfa47c,0.25
69825516c835c41957dff27f,69825516c835c41957dfd269,0.25
69825516c835c41957dff27f,69825517c835c41957e012a7,0.25
69825516c835c41957dfc0cb,69825516c835c41957dfdaa8,0.30952380952380953
69825516c835c41957dfc0cb,69825516c835c41957dfa538,0.30952380952380953
69825516c835c41957dfc0cb,69825516c835c41957dfccf1,0.14285714285714285
69825516c835c41957dfc0cb,69825516c835c41957dfe812,0.30952380952380953
69825516c835c41957dfd88a,69825516c835c41957dfd2db,0.5
69825516c835c41957dfd88a,69825517c835c41957e0088e,0.5
69825516c835c41957dff090,69825516c835c41957dff0dc,0.02631578947368421
69825516c835c41957dff090,69825516c835c41957dff0b1,0.02631578947368421
69825516c835c41957dff090,69825516c835c41957dff069,0.02631578947368421
69825516c835c41957dff090,69825516c835c41957dff0cd,0.02631578947368421
69825516c835c41957dff090,69825516c835c41957dff091,0.02631578947368421
69825516c835c41957dff090,69825516c835c41957dff080,0.02631578947368421
69825516c835c41957dff090,69825516c835c41957dff0b2,0.02631578947368421
69825516c835c41957dff090,69825516c835c41957dff09e,0.02631578947368421
69825516c835c41957dff090,69825516c835c41957dff072,0.02631578947368421
69825516c835c41957dff090,69825516c835c41957dff0db,0.02631578947368421
69825516c835c41957dff090,69825516c835c41957dff077,0.02631578947368421
69825516c835c41957dff090,69825516c835c41957dff08f,0.02631578947368421
69825516c835c41957dff090,69825516c835c41957dff0d9,0.02631578947368421
69825516c835c41957dff090,69825516c835c41957dff0d1,0.02631578947368421
69825517c835c41957e00127,69825516c835c41957dfdbd8,0.3333333333333333
69825517c835c41957e00127,69825516c835c41957dfb79d,1.3333333333333333
69825517c835c41957e0080a,69825516c835c41957dfa4af,0.75
69825517c835c41957e0080a,69825517c835c41957e00841,0.125
69825517c835c41957e0080a,69825516c835c41957dfe79f,10.790909090909091
69825517c835c41957e0080a,69825517c835c41957dff6fc,0.1
69825517c835c41957e0080a,69825517c835c41957e00f6b,0.09090909090909091
69825517c835c41957e0080a,69825516c835c41957dfe867,3.25
69825517c835c41957e0080a,69825516c835c41957dfb783,0.1
69825517c835c41957e0080a,69825517c835c41957dffbd6,0.3909090909090909
69825517c835c41957e0080a,69825517c835c41957e01762,0.125
69825517c835c41957e0080a,69825516c835c41957dfd30c,1.95
69825517c835c41957e0080a,69825516c835c41957df9f53,0.30000000000000004
69825517c835c41957e0080a,69825516c835c41957dfb9be,0.25
69825517c835c41957e0080a,69825517c835c41957e01804,0.3333333333333333
69825517c835c41957e0080a,69825517c835c41957dffc89,0.3333333333333333
69825517c835c41957e0080a,69825517c835c41957dffe16,0.34090909090909094
69825517c835c41957e0080a,69825517c835c41957dff447,0.5
69825517c835c41957e0080a,69825517c835c41957e00f6c,1.3909090909090909
69825517c835c41957e0080a,69825516c835c41957dfc522,0.2
69825517c835c41957dff4d0,69825517c835c41957e00f41,0.5
69825517c835c41957e00221,69825517c835c41957dff880,0.3333333333333333
69825517c835c41957e00221,69825517c835c41957e00f6e,1.3333333333333333
69825517c835c41957e00221,69825516c835c41957dfd892,0.5
69825516c835c41957dfa48c,69825517c835c41957e00a2a,0.14285714285714285
69825516c835c41957dfa48c,69825516c835c41957dff398,0.14285714285714285
69825516c835c41957dfa48c,69825516c835c41957dfa356,0.14285714285714285
69825516c835c41957dfa48c,69825517c835c41957dffdfa,0.14285714285714285
69825516c835c41957dfc0db,69825516c835c41957dfe497,1.0
69825516c835c41957dfb81a,69825516c835c41957dfa78c,1.0
69825516c835c41957dfcdb0,69825516c835c41957dfbfef,1.0
69825516c835c41957dfe0e7,69825517c835c41957dff96f,0.2361111111111111
69825516c835c41957dfe0e7,69825516c835c41957dfe0e4,0.2361111111111111
69825516c835c41957dfe0e7,69825516c835c41957dfd21b,0.2361111111111111
69825516c835c41957dfe0e7,69825516c835c41957dfc829,0.1111111111111111
69825516c835c41957dfe0e7,69825516c835c41957dfd238,0.2361111111111111
69825516c835c41957dff159,69825517c835c41957e0133f,0.25396825396825395
69825516c835c41957dff159,69825516c835c41957dfd00e,0.25396825396825395
69825516c835c41957dff159,69825517c835c41957dffbd6,0.1111111111111111
69825516c835c41957dff159,69825516c835c41957dfd30c,0.1111111111111111
69825517c835c41957e00f7f,69825516c835c41957dff0a1,0.16666666666666666
69825517c835c41957e00f7f,69825516c835c41957dfe01c,0.16666666666666666
69825517c835c41957e00f7f,69825517c835c41957e011d2,0.16666666666666666
69825517c835c41957e00f7f,69825517c835c41957e00ded,0.2
69825517c835c41957e00f7f,69825517c835c41957e00f7b,0.2
69825517c835c41957e00f7f,69825517c835c41957dff799,0.2
69825516c835c41957dfc7b9,69825516c835c41957dfc506,0.5
69825516c835c41957dfc7b9,69825516c835c41957dfdb27,6.5
69825517c835c41957dff799,69825516c835c41957dfdc61,0.1111111111111111
69825517c835c41957dff799,69825516c835c41957dfeeef,0.2
69825517c835c41957dff799,69825517c835c41957dffca6,0.1111111111111111
69825517c835c41957dff799,69825516c835c41957dfb5b1,0.1111111111111111
69825517c835c41957dff799,69825516c835c41957dfa1f8,0.2
69825517c835c41957dff799,69825516c835c41957dfa27f,0.1111111111111111
69825517c835c41957dff799,69825516c835c41957dfd2fd,0.1111111111111111
69825517c835c41957dff799,69825516c835c41957dfd2d6,0.6111111111111112
69825517c835c41957dff799,69825517c835c41957e00ded,0.45
69825517c835c41957dff799,69825517c835c41957e00f7b,1.2
69825517c835c41957dff799,69825516c835c41957dfd174,2.333333333333333
69825517c835c41957dff799,69825516c835c41957dff1fb,0.1111111111111111
69825516c835c41957dfe802,69825517c835c41957e0088e,0.5888888888888889
69825516c835c41957dfe802,69825516c835c41957dfb917,0.2
69825516c835c41957dfe802,69825517c835c41957e00628,0.05555555555555555
69825516c835c41957dfe802,69825516c835c41957dfe123,1.588888888888889
69825516c835c41957dfe802,69825517c835c41957dffb45,0.05555555555555555
69825516c835c41957dfb1a5,69825516c835c41957dfb184,1.0
69825516c835c41957dfbc0e,69825516c835c41957dfbbe4,0.05
69825516c835c41957dfbc0e,69825516c835c41957dfbbba,0.05
69825516c835c41957dfbc0e,69825516c835c41957dfbbb7,0.05
69825516c835c41957dfbc0e,69825516c835c41957dfbc20,0.05
69825516c835c41957dfbc0e,69825516c835c41957dfbbb2,0.05
69825516c835c41957dfbc0e,69825516c835c41957dfbc2c,0.05
69825516c835c41957dfbc0e,69825516c835c41957dfbc1b,0.05
69825516c835c41957dfbc0e,69825516c835c41957dfbbc3,0.05
69825516c835c41957dfd00e,69825517c835c41957e0133f,0.25396825396825395
69825516c835c41957dfd00e,69825517c835c41957dffbd6,0.1111111111111111
69825516c835c41957dfd00e,69825516c835c41957dfd30c,0.1111111111111111
69825516c835c41957dfade7,69825516c835c41957dfb3d2,1.0
69825516c835c41957dfade7,69825516c835c41957dfac5a,1.0
69825516c835c41957dfade7,69825516c835c41957dfadbd,0.25
69825516c835c41957dfc413,69825517c835c41957dff89e,0.6666666666666666
69825516c835c41957dfc413,69825517c835c41957e00525,0.3333333333333333
69825516c835c41957dfc413,69825516c835c41957dfba1c,0.6666666666666666
69825516c835c41957dfc413,69825516c835c41957dfce44,0.3333333333333333
69825516c835c41957dfbbec,69825516c835c41957dfbbb4,0.08333333333333333
69825516c835c41957dfbbec,69825516c835c41957dfbbe5,0.08333333333333333
69825516c835c41957dfbbec,69825516c835c41957dfbc1a,0.08333333333333333
69825516c835c41957dfbbec,69825516c835c41957dfbbce,0.08333333333333333
69825516c835c41957dfbbec,69825516c835c41957dfbc18,0.08333333333333333
69825516c835c41957dfbbec,69825516c835c41957dfbc02,0.08333333333333333
69825516c835c41957dfa3f7,69825516c835c41957dfa42e,2.5
69825516c835c41957dfa3f7,69825516c835c41957dfe668,0.3333333333333333
69825516c835c41957dfa3f7,69825516c835c41957dfc8da,0.5
69825516c835c41957dfa3f7,69825516c835c41957dfa522,1.5
69825516c835c41957dfa3f7,69825517c835c41957dff9c2,1.0
69825516c835c41957dfa3f7,69825516c835c41957dfe665,0.3333333333333333
69825517c835c41957e009f3,69825516c835c41957dfa4e8,1.0
69825517c835c41957dff6f9,69825517c835c41957dff6fa,4.0
69825516c835c41957dfe483,69825517c835c41957e00fe3,0.3333333333333333
69825516c835c41957dfe483,69825516c835c41957dfc026,0.3333333333333333
69825516c835c41957dfe483,69825516c835c41957dfe491,1.0
69825516c835c41957dfaa2d,69825516c835c41957dfdc61,0.25
69825516c835c41957dfaa2d,69825517c835c41957e00bf6,1.0
69825516c835c41957dfaa2d,69825517c835c41957dff930,0.41666666666666663
69825516c835c41957dfdc61,69825517c835c41957dff930,0.6964285714285714
69825516c835c41957dfdc61,69825517c835c41957dffca6,0.1111111111111111
69825516c835c41957dfdc61,69825517c835c41957dff432,0.3333333333333333
69825516c835c41957dfdc61,69825516c835c41957dfa27f,0.4444444444444444
69825516c835c41957dfdc61,69825517c835c41957e00bf6,0.4464285714285714
69825516c835c41957dfdc61,69825516c835c41957dfd2fd,0.2361111111111111
69825516c835c41957dfdc61,69825516c835c41957dfa73b,0.27142857142857146
69825516c835c41957dfdc61,69825516c835c41957dfd2d6,0.1111111111111111
69825516c835c41957dfdc61,69825517c835c41957e017c7,0.3333333333333333
69825516c835c41957dfdc61,69825516c835c41957dff27c,0.19642857142857142
69825516c835c41957dfdc61,69825516c835c41957dfd6eb,0.25
69825516c835c41957dfdc61,69825517c835c41957dffb7c,0.25
69825516c835c41957dfdc61,69825516c835c41957dff1fb,0.1111111111111111
69825517c835c41957e004b9,69825516c835c41957dfb7ae,0.1
69825517c835c41957e004b9,69825516c835c41957dff04d,0.1
69825516c835c41957dff0b1,69825516c835c41957dff0dc,0.02631578947368421
69825516c835c41957dff0b1,69825516c835c41957dff069,0.02631578947368421
69825516c835c41957dff0b1,69825516c835c41957dff0cd,0.02631578947368421
69825516c835c41957dff0b1,69825516c835c41957dff091,0.02631578947368421
69825516c835c41957dff0b1,69825516c835c41957dff080,0.02631578947368421
69825516c835c41957dff0b1,69825516c835c41957dff0b2,0.02631578947368421
69825516c835c41957dff0b1,69825516c835c41957dff09e,0.02631578947368421
69825516c835c41957dff0b1,69825516c835c41957dff072,0.02631578947368421
69825516c835c41957dff0b1,69825516c835c41957dff0db,0.02631578947368421
69825516c835c41957dff0b1,69825516c835c41957dff077,0.02631578947368421
69825516c835c41957dff0b1,69825516c835c41957dff08f,0.02631578947368421
69825516c835c41957dff0b1,69825516c835c41957dff0d9,0.02631578947368421
69825516c835c41957dff0b1,69825516c835c41957dff0d1,0.02631578947368421
69825516c835c41957dfa77f,69825516c835c41957dfd87c,0.25
69825516c835c41957dfb0dc,69825517c835c41957e0081f,0.45
69825517c835c41957dff95a,69825516c835c41957dfd07c,0.5
69825516c835c41957dfb9d6,69825516c835c41957dfb5b1,1.0
69825516c835c41957dfba66,69825516c835c41957dfbade,0.8333333333333333
69825516c835c41957dfb917,69825516c835c41957dfa0ad,0.3111111111111111
69825516c835c41957dfb917,69825516c835c41957dfa904,0.1111111111111111
69825516c835c41957dfb917,69825517c835c41957e0088e,0.2
69825516c835c41957dfb917,69825516c835c41957dfa333,0.6111111111111112
69825516c835c41957dfb917,69825516c835c41957dfd070,0.25
69825516c835c41957dfb917,69825517c835c41957e01a78,1.0
69825516c835c41957dfb917,69825516c835c41957dfe123,0.2
69825516c835c41957dfb917,69825516c835c41957df9e4a,1.511111111111111
69825516c835c41957dfbad1,69825517c835c41957e00de9,0.5
69825516c835c41957dfd307,69825517c835c41957dff910,0.08333333333333333
69825516c835c41957dfd307,69825516c835c41957dfef51,0.08333333333333333
69825516c835c41957dfd307,69825517c835c41957dff465,0.08333333333333333
69825516c835c41957dfd307,69825516c835c41957dff145,1.0833333333333333
69825517c835c41957dff825,69825516c835c41957dff2ba,0.16666666666666666
69825517c835c41957dff825,69825517c835c41957e01349,0.16666666666666666
69825517c835c41957dff825,69825516c835c41957dfd576,0.16666666666666666
69825516c835c41957dfbd71,69825517c835c41957e0034d,0.3333333333333333
69825516c835c41957dfbd71,69825516c835c41957dfc575,0.14285714285714285
69825516c835c41957dfbd71,69825516c835c41957dfc5ac,0.14285714285714285
69825516c835c41957dfbd71,69825516c835c41957dfa78c,0.47619047619047616
69825516c835c41957dfbd71,69825516c835c41957dfbd7d,2.3095238095238093
69825516c835c41957dfbbf0,69825516c835c41957dfbbf6,0.14285714285714285
69825516c835c41957dfbbf0,69825516c835c41957dfbc08,0.14285714285714285
69825516c835c41957dfcacd,69825517c835c41957e01229,0.1
69825516c835c41957dfcacd,69825516c835c41957dfcacb,0.26666666666666666
69825516c835c41957dfcacd,69825516c835c41957dfcacc,0.26666666666666666
69825516c835c41957df9c99,69825516c835c41957dfe20d,0.07142857142857142
69825516c835c41957df9c99,69825516c835c41957dfa636,0.16666666666666666
69825516c835c41957df9c99,69825517c835c41957e00648,0.6166666666666667
69825516c835c41957df9c99,69825516c835c41957dfe2af,0.1111111111111111
69825516c835c41957df9c99,69825516c835c41957dfefc1,0.07142857142857142
69825516c835c41957df9c99,69825517c835c41957e01001,0.16666666666666666
69825516c835c41957df9c99,69825516c835c41957dfabe1,0.07142857142857142
69825516c835c41957df9c99,69825516c835c41957dfefed,0.07142857142857142
69825516c835c41957df9c99,69825516c835c41957dfa375,0.3333333333333333
69825516c835c41957df9c99,69825516c835c41957df9e8b,0.16666666666666666
69825516c835c41957df9c99,69825517c835c41957e00ded,0.3333333333333333
69825516c835c41957df9c99,69825516c835c41957dfa8cf,0.3333333333333333
69825516c835c41957df9c99,69825516c835c41957dfd8e7,0.08333333333333333
69825516c835c41957df9c99,69825516c835c41957dfc519,0.2
69825516c835c41957df9c99,69825516c835c41957dfef50,0.41666666666666663
69825516c835c41957df9c99,69825516c835c41957dfb9af,0.08333333333333333
69825516c835c41957df9c99,69825516c835c41957dfa8a4,0.5833333333333334
69825516c835c41957df9c99,69825516c835c41957dfd3ed,0.07142857142857142
69825516c835c41957dfb4d7,69825516c835c41957dfdcd8,0.2
69825516c835c41957dfbc18,69825516c835c41957dfbbb4,0.08333333333333333
69825516c835c41957dfbc18,69825516c835c41957dfbbe5,0.08333333333333333
69825516c835c41957dfbc18,69825516c835c41957dfbc1a,0.08333333333333333
69825516c835c41957dfbc18,69825516c835c41957dfbbce,0.08333333333333333
69825516c835c41957dfbc18,69825516c835c41957dfbc02,0.08333333333333333
69825517c835c41957dffd50,69825517c835c41957dffd64,0.07407407407407407
69825517c835c41957dffd50,69825517c835c41957dffd4f,0.07407407407407407
69825517c835c41957dffd50,69825517c835c41957e012a7,0.037037037037037035
69825517c835c41957dffcc1,69825516c835c41957dfd9a2,0.47619047619047616
69825517c835c41957dffcc1,69825516c835c41957dff3aa,0.47619047619047616
69825516c835c41957dfc381,69825516c835c41957dfc32c,1.0
69825516c835c41957dfc5a3,69825517c835c41957e007bf,0.06666666666666667
69825516c835c41957dfc5a3,69825517c835c41957e00348,0.06666666666666667
69825516c835c41957dfa542,69825516c835c41957dfb5bd,0.5
69825516c835c41957dfb98b,69825516c835c41957dfb989,1.0
69825516c835c41957dfd87c,69825516c835c41957dfc0b8,0.5
69825516c835c41957dfd87c,69825516c835c41957dfd253,0.25
69825516c835c41957dfd87c,69825517c835c41957e01121,0.5
69825517c835c41957e00bf9,69825517c835c41957dffb20,0.47619047619047616
69825517c835c41957e00bf9,69825517c835c41957e0088e,0.16666666666666666
69825517c835c41957e00bf9,69825516c835c41957dfe7dc,1.1666666666666667
69825517c835c41957e00bf9,69825516c835c41957dfd070,0.14285714285714285
69825517c835c41957e006bf,69825516c835c41957dfe01c,0.1111111111111111
69825517c835c41957e006bf,69825516c835c41957dfd71c,0.1111111111111111
69825516c835c41957dfe01c,69825516c835c41957dff0a1,0.16666666666666666
69825516c835c41957dfe01c,69825517c835c41957e011d2,0.16666666666666666
69825516c835c41957dfe01c,69825516c835c41957dfd71c,2.4444444444444446
69825516c835c41957dfe01c,69825517c835c41957e00de9,0.3333333333333333
69825516c835c41957dfe20d,69825516c835c41957dfefc1,0.07142857142857142
69825516c835c41957dfe20d,69825516c835c41957dfe1a9,0.3333333333333333
69825516c835c41957dfe20d,69825516c835c41957dfabe1,0.07142857142857142
69825516c835c41957dfe20d,69825516c835c41957dfefed,0.07142857142857142
69825516c835c41957dfe20d,69825517c835c41957e0177a,0.25
69825516c835c41957dfe20d,69825516c835c41957dfe1cf,0.5833333333333333
69825516c835c41957dfe20d,69825516c835c41957dfd3ed,0.07142857142857142
69825516c835c41957dfbae2,69825516c835c41957dfe034,0.05263157894736842
69825516c835c41957dfbae2,69825516c835c41957dfd0c9,0.05263157894736842
69825516c835c41957dfbae2,69825517c835c41957e0061b,1.7859649122807015
69825516c835c41957dfbae2,69825516c835c41957dfca1e,0.05263157894736842
69825516c835c41957dfbae2,69825516c835c41957dfab42,0.45263157894736844
69825516c835c41957dfbae2,69825516c835c41957dfba04,1.7859649122807018
69825516c835c41957dfb664,69825516c835c41957dfe49a,0.2
69825516c835c41957dfb664,69825516c835c41957dfd269,0.2
69825516c835c41957dfa866,69825517c835c41957e00ca3,0.3333333333333333
69825517c835c41957e00e0f,69825517c835c41957dff6e9,1.0
69825516c835c41957dfca1e,69825516c835c41957dfe034,0.05263157894736842
69825516c835c41957dfca1e,69825516c835c41957dfd0c9,0.05263157894736842
69825516c835c41957dfca1e,69825517c835c41957e0061b,0.05263157894736842
69825516c835c41957dfca1e,69825516c835c41957dfab42,0.05263157894736842
69825516c835c41957dfca1e,69825516c835c41957dfba04,0.05263157894736842
69825517c835c41957e01740,69825517c835c41957e01744,4.95
69825517c835c41957e01740,69825516c835c41957dfc8da,0.16666666666666666
69825517c835c41957e01740,69825517c835c41957e012a7,0.3666666666666667
69825516c835c41957dff398,69825517c835c41957e00a2a,0.14285714285714285
69825516c835c41957dff398,69825516c835c41957dfb90f,1.0
69825516c835c41957dff398,69825516c835c41957dfa356,0.14285714285714285
69825516c835c41957dff398,69825516c835c41957dfa50f,0.16666666666666666
69825516c835c41957dff398,69825517c835c41957dffdfa,0.14285714285714285
69825516c835c41957dff355,69825516c835c41957dfca2b,0.3666666666666667
69825516c835c41957dff355,69825516c835c41957dfa409,0.16666666666666666
69825516c835c41957dff355,69825516c835c41957dfd343,0.16666666666666666
69825516c835c41957dff355,69825516c835c41957dfe849,0.16666666666666666
69825516c835c41957dff355,69825517c835c41957e002a8,0.3666666666666667
69825516c835c41957dff355,69825516c835c41957dfa2f0,0.16666666666666666
69825516c835c41957dfb8e5,69825516c835c41957dfe668,0.25
69825516c835c41957dfb8e5,69825517c835c41957e01959,1.25
69825516c835c41957dfbbba,69825516c835c41957dfbbe4,0.05
69825516c835c41957dfbbba,69825516c835c41957dfbbb7,0.05
69825516c835c41957dfbbba,69825516c835c41957dfbc20,0.05
69825516c835c41957dfbbba,69825516c835c41957dfbbb2,0.05
69825516c835c41957dfbbba,69825516c835c41957dfbc2c,0.05
69825516c835c41957dfbbba,69825516c835c41957dfbc1b,0.05
69825516c835c41957dfbbba,69825516c835c41957dfbbc3,0.05
69825517c835c41957dffd64,69825517c835c41957dffd4f,0.07407407407407407
69825517c835c41957dffd64,69825517c835c41957e012a7,0.037037037037037035
69825517c835c41957dff416,69825517c835c41957e01a80,0.5833333333333333
69825516c835c41957dfa81f,69825517c835c41957e00524,0.24285714285714285
69825516c835c41957dfa81f,69825516c835c41957df9e1d,0.24285714285714285
69825516c835c41957dfa81f,69825517c835c41957e00d55,0.1
69825516c835c41957dfa81f,69825516c835c41957dfd8dc,0.24285714285714285
69825517c835c41957e0163c,69825517c835c41957e015db,0.30952380952380953
69825516c835c41957dfb6a6,69825516c835c41957dfb685,8.0
69825517c835c41957e01328,69825516c835c41957df9dfe,0.5
69825516c835c41957dfba1c,69825516c835c41957dfce44,0.3333333333333333
69825516c835c41957dfba1c,69825517c835c41957dff89e,0.6666666666666666
69825516c835c41957dfba1c,69825517c835c41957e00525,0.8333333333333333
69825516c835c41957dfe668,69825517c835c41957e01959,0.25
69825516c835c41957dfe668,69825516c835c41957dfe665,0.3333333333333333
69825517c835c41957e002a6,69825517c835c41957e002b3,0.25
69825516c835c41957dfa47c,69825516c835c41957dfa42e,2.2
69825516c835c41957dfa47c,69825516c835c41957dfa522,0.2
69825516c835c41957dfa47c,69825516c835c41957dfd269,0.25
69825516c835c41957dfa47c,69825517c835c41957e012a7,0.25
69825516c835c41957dfa47c,69825516c835c41957dfa428,2.2
69825517c835c41957e00fdb,69825517c835c41957e017c7,0.5
69825516c835c41957dfe3d7,69825516c835c41957dfe3da,0.07142857142857142
69825516c835c41957dfe3d7,69825516c835c41957dfe3d6,0.07142857142857142
69825516c835c41957dfe3d7,69825516c835c41957dfe420,0.07142857142857142
69825516c835c41957dfe3d7,69825516c835c41957dfe3ef,0.07142857142857142
69825517c835c41957dffca9,69825517c835c41957dffcaa,2.0
69825516c835c41957dfa451,69825517c835c41957e00ec3,1.0
69825516c835c41957dfb62b,69825517c835c41957dff86a,0.06666666666666667
69825516c835c41957dfb62b,69825517c835c41957e00f1e,2.0
69825516c835c41957dfb62b,69825516c835c41957dfdd86,0.06666666666666667
69825516c835c41957dfb62b,69825516c835c41957dfb9af,0.06666666666666667
69825516c835c41957dfb62b,69825517c835c41957dff863,0.06666666666666667
69825516c835c41957dfb62b,69825516c835c41957dfdd52,0.06666666666666667
69825516c835c41957dfb7f0,69825516c835c41957dfb7c3,1.0
69825516c835c41957dfe63c,69825516c835c41957dfe63b,1.5833333333333333
69825516c835c41957dfe63c,69825516c835c41957dfe63a,1.5833333333333333
69825516c835c41957dfe63c,69825516c835c41957dfca8f,0.25
69825516c835c41957dfe63c,69825516c835c41957dfc475,0.3333333333333333
69825516c835c41957dff077,69825516c835c41957dff0dc,0.02631578947368421
69825516c835c41957dff077,69825516c835c41957dff069,0.02631578947368421
69825516c835c41957dff077,69825516c835c41957dff0cd,0.02631578947368421
69825516c835c41957dff077,69825516c835c41957dff091,0.02631578947368421
69825516c835c41957dff077,69825516c835c41957dff080,0.02631578947368421
69825516c835c41957dff077,69825516c835c41957dff0b2,0.02631578947368421
69825516c835c41957dff077,69825516c835c41957dff09e,0.02631578947368421
69825516c835c41957dff077,69825516c835c41957dff072,0.02631578947368421
69825516c835c41957dff077,69825516c835c41957dff0db,0.02631578947368421
69825516c835c41957dff077,69825516c835c41957dff08f,0.02631578947368421
69825516c835c41957dff077,69825516c835c41957dff0d9,0.02631578947368421
69825516c835c41957dff077,69825516c835c41957dff0d1,0.02631578947368421
69825516c835c41957dfb78e,69825516c835c41957dfc0c7,1.0
69825517c835c41957dff447,69825516c835c41957dfd30c,0.5
69825517c835c41957dff8e0,69825516c835c41957dfa188,0.2
69825516c835c41957dfbaa2,69825516c835c41957dfba9f,0.1111111111111111
69825516c835c41957dfbaa2,69825516c835c41957dfbaa0,0.1111111111111111
69825516c835c41957dfbaa2,69825516c835c41957dfbaa1,1.1111111111111112
69825516c835c41957dfbaa2,69825516c835c41957dfba98,0.1111111111111111
69825516c835c41957dfbaa2,69825516c835c41957dfba96,0.1111111111111111
69825516c835c41957dfbf5e,69825516c835c41957dfefe6,0.2
69825516c835c41957dfbf5e,69825516c835c41957dfbf5f,0.7
69825517c835c41957dffd56,69825517c835c41957dffd37,0.6666666666666666
69825517c835c41957dffd56,69825517c835c41957dffd4d,0.6666666666666666
69825517c835c41957e00ecc,69825516c835c41957dfb96a,0.125
69825517c835c41957e00ecc,69825516c835c41957dfe7c0,1.125
69825517c835c41957e00ecc,69825517c835c41957e00f6c,0.125
69825517c835c41957e00ecc,69825516c835c41957dfa450,1.0
69825517c835c41957e00ecc,69825517c835c41957dffbd6,0.125
69825517c835c41957e01622,69825517c835c41957e015c0,1.6
69825517c835c41957e01622,69825517c835c41957e015da,0.6
69825517c835c41957e01622,69825517c835c41957e01690,0.1
69825517c835c41957e0133f,69825517c835c41957dffbd6,0.1111111111111111
69825517c835c41957e0133f,69825516c835c41957dfd30c,0.1111111111111111
69825516c835c41957dfc91e,69825517c835c41957e00c9b,0.25
69825516c835c41957dfc983,69825516c835c41957dfa501,1.0
69825516c835c41957dfc983,69825517c835c41957e017fe,2.0
69825516c835c41957dfa44d,69825516c835c41957dfa4d5,0.14285714285714285
69825516c835c41957dfa44d,69825516c835c41957dfa44e,1.1428571428571428
69825516c835c41957dfa44d,69825516c835c41957dfa4d8,1.1428571428571428
69825516c835c41957dfa44d,69825516c835c41957dfa3d6,0.8928571428571428
69825516c835c41957dfa44d,69825516c835c41957dfda3e,0.25
69825517c835c41957dffc02,69825517c835c41957e01027,1.0
69825517c835c41957e00628,69825517c835c41957e0088e,0.05555555555555555
69825517c835c41957e00628,69825516c835c41957dfe123,0.05555555555555555
69825517c835c41957e00628,69825517c835c41957dffb45,0.05555555555555555
69825517c835c41957dff80d,69825516c835c41957dfabf0,1.0
69825516c835c41957dff006,69825516c835c41957dff004,0.36081871345029237
69825516c835c41957dff006,69825516c835c41957dfef9e,0.30818713450292395
69825516c835c41957dff006,69825516c835c41957dfefb5,0.30818713450292395
69825516c835c41957dff006,69825516c835c41957dfefb1,0.36081871345029237
69825516c835c41957dfb651,69825516c835c41957dfd215,1.25
69825516c835c41957dfb651,69825516c835c41957dfa9be,0.25
69825516c835c41957dfe0e1,69825517c835c41957dffc04,2.4166666666666665
69825516c835c41957dfd30c,69825516c835c41957df9f53,0.2
69825516c835c41957dfd30c,69825516c835c41957dfb9be,0.25
69825516c835c41957dfd30c,69825516c835c41957dfe79f,0.45
69825516c835c41957dfd30c,69825517c835c41957dffbd6,0.1111111111111111
69825516c835c41957dfd2fc,69825516c835c41957dfa356,0.3333333333333333
69825517c835c41957e0112b,69825516c835c41957dff2ba,0.16666666666666666
69825517c835c41957e0112b,69825516c835c41957dfeef8,0.16666666666666666
69825517c835c41957e0112b,69825517c835c41957dffc7e,0.16666666666666666
69825517c835c41957e0112b,69825517c835c41957e0094a,0.16666666666666666
69825517c835c41957e0112b,69825517c835c41957e0088e,0.5
69825517c835c41957e0157c,69825517c835c41957e01644,0.047619047619047616
69825517c835c41957e0157c,69825517c835c41957e015b0,0.047619047619047616
69825517c835c41957e0157c,69825517c835c41957e01617,0.2976190476190476
69825517c835c41957e0157c,69825517c835c41957e0168f,0.047619047619047616
69825516c835c41957dff299,69825516c835c41957dfda2d,0.5833333333333333
69825516c835c41957dfdbbc,69825516c835c41957dfdb9b,0.16666666666666666
69825516c835c41957dfdbbc,69825516c835c41957dfb78d,0.14285714285714285
69825516c835c41957dfdbbc,69825516c835c41957dfa2f0,0.2
69825516c835c41957dfdbbc,69825516c835c41957dff2c0,0.34285714285714286
69825516c835c41957dfdbbc,69825516c835c41957dfa4dd,0.2
69825516c835c41957dfdbbc,69825517c835c41957e01384,0.16666666666666666
69825516c835c41957dfdbbc,69825517c835c41957e01349,0.16666666666666666
69825516c835c41957dfdbbc,69825516c835c41957dfb7b7,0.30952380952380953
69825516c835c41957dfdbbc,69825516c835c41957dfd305,0.34285714285714286
69825516c835c41957dfbaa1,69825516c835c41957dfba9f,0.1111111111111111
69825516c835c41957dfbaa1,69825516c835c41957dfbaa0,0.1111111111111111
69825516c835c41957dfbaa1,69825516c835c41957dfba98,0.1111111111111111
69825516c835c41957dfbaa1,69825516c835c41957dfba96,0.1111111111111111
69825517c835c41957dffd3a,69825517c835c41957dffd52,0.14358974358974358
69825517c835c41957dffd3a,69825517c835c41957dffd48,0.14358974358974358
69825517c835c41957dffd3a,69825516c835c41957dfe63b,0.06666666666666667
69825517c835c41957dffd3a,69825517c835c41957dffd57,0.14358974358974358
69825517c835c41957dffd3a,69825517c835c41957dffd4c,0.14358974358974358
69825516c835c41957df9e28,69825517c835c41957e017fc,0.3333333333333333
69825516c835c41957df9e28,69825516c835c41957dfe6a0,0.5
69825516c835c41957dfa8cf,69825516c835c41957dfa375,1.4583333333333333
69825516c835c41957dfa8cf,69825517c835c41957e010a7,0.125
69825516c835c41957dfa8cf,69825516c835c41957dfb9af,0.125
69825516c835c41957dfe48a,69825516c835c41957dfd3bb,0.5
69825516c835c41957dfee03,69825517c835c41957e001ab,3.0
69825517c835c41957e00d55,69825517c835c41957e010db,0.9166666666666665
69825517c835c41957e00d55,69825517c835c41957e00524,0.1
69825517c835c41957e00d55,69825516c835c41957df9e1d,0.1
69825517c835c41957e00d55,69825516c835c41957dfef50,0.9166666666666665
69825517c835c41957e00d55,69825516c835c41957dfd8dc,0.1
69825516c835c41957dfb9af,69825516c835c41957dfa38e,0.16666666666666666
69825516c835c41957dfb9af,69825516c835c41957dfdd86,0.06666666666666667
69825516c835c41957dfb9af,69825517c835c41957e010a7,0.125
69825516c835c41957dfb9af,69825516c835c41957dfb5b1,0.25
69825516c835c41957dfb9af,69825517c835c41957e00f1e,0.16666666666666666
69825516c835c41957dfb9af,69825517c835c41957e00da9,0.25
69825516c835c41957dfb9af,69825517c835c41957dff863,0.06666666666666667
69825516c835c41957dfb9af,69825516c835c41957dfa375,0.125
69825516c835c41957dfb9af,69825517c835c41957e00ded,0.25
69825516c835c41957dfb9af,69825516c835c41957dfb968,0.25
69825516c835c41957dfb9af,69825516c835c41957dfd8e7,0.9083333333333333
69825516c835c41957dfb9af,69825517c835c41957e0189b,0.5
69825516c835c41957dfb9af,69825517c835c41957dff86a,0.06666666666666667
69825516c835c41957dfb9af,69825516c835c41957dfa8a4,0.6583333333333333
69825516c835c41957dfb9af,69825516c835c41957dfdd52,0.06666666666666667
69825516c835c41957dff0db,69825516c835c41957dff0dc,0.02631578947368421
69825516c835c41957dff0db,69825516c835c41957dff069,0.02631578947368421
69825516c835c41957dff0db,69825516c835c41957dff0cd,0.02631578947368421
69825516c835c41957dff0db,69825516c835c41957dff091,0.02631578947368421
69825516c835c41957dff0db,69825516c835c41957dff080,0.02631578947368421
69825516c835c41957dff0db,69825516c835c41957dff0b2,0.02631578947368421
69825516c835c41957dff0db,69825516c835c41957dff09e,0.02631578947368421
69825516c835c41957dff0db,69825516c835c41957dff072,0.02631578947368421
69825516c835c41957dff0db,69825516c835c41957dff08f,0.02631578947368421
69825516c835c41957dff0db,69825516c835c41957dff0d9,0.02631578947368421
69825516c835c41957dff0db,69825516c835c41957dff0d1,0.02631578947368421
69825516c835c41957dfbc40,69825516c835c41957dfa81e,0.5
69825516c835c41957dff1fb,69825517c835c41957dffb1e,1.0
69825516c835c41957dff1fb,69825517c835c41957dffb7c,1.0
69825516c835c41957dff1fb,69825516c835c41957dfd2d6,0.1111111111111111
69825516c835c41957dff1fb,69825516c835c41957dfa27f,0.1111111111111111
69825516c835c41957dff1fb,69825516c835c41957dfd2fd,0.1111111111111111
69825516c835c41957dff1fb,69825517c835c41957dffca6,0.1111111111111111
69825517c835c41957dff991,69825517c835c41957dff7a3,1.0333333333333332
69825517c835c41957dff991,69825517c835c41957e0069b,1.5333333333333332
69825517c835c41957dff991,69825516c835c41957dfc991,1.0
69825516c835c41957dfd2d5,69825516c835c41957dfa2f0,1.0
69825516c835c41957dfd2d5,69825517c835c41957e0015f,1.0
69825516c835c41957dfab41,69825516c835c41957dfaa63,1.0
69825516c835c41957dfbbc3,69825516c835c41957dfbbe4,0.05
69825516c835c41957dfbbc3,69825517c835c41957e00735,1.0
69825516c835c41957dfbbc3,69825516c835c41957dfbbb7,0.05
69825516c835c41957dfbbc3,69825516c835c41957dfbc20,0.05
69825516c835c41957dfbbc3,69825516c835c41957dfbbb2,0.05
69825516c835c41957dfbbc3,69825516c835c41957dfbc2c,0.05
69825516c835c41957dfbbc3,69825516c835c41957dfbc1b,0.05
69825516c835c41957dfa7dc,69825516c835c41957dfb798,1.5
69825517c835c41957e00841,69825517c835c41957dffa33,0.16666666666666666
69825517c835c41957e00841,69825516c835c41957dfe867,0.125
69825517c835c41957e00841,69825516c835c41957dfe79f,0.125
69825517c835c41957e00841,69825517c835c41957dffe16,0.125
69825517c835c41957e00841,69825517c835c41957e01762,0.125
69825517c835c41957dffe8d,69825516c835c41957dff252,2.0
69825516c835c41957dfb798,69825517c835c41957e01762,0.5
69825516c835c41957dfb798,69825516c835c41957dfdb06,0.5
69825517c835c41957dff96f,69825516c835c41957dfe0e4,0.2361111111111111
69825517c835c41957dff96f,69825516c835c41957dfd21b,0.2361111111111111
69825517c835c41957dff96f,69825516c835c41957dfc829,0.1111111111111111
69825517c835c41957dff96f,69825516c835c41957dfd238,0.2361111111111111
69825516c835c41957dfe0e4,69825516c835c41957dfd21b,0.2361111111111111
69825516c835c41957dfe0e4,69825516c835c41957dfc829,0.1111111111111111
69825516c835c41957dfe0e4,69825516c835c41957dfd238,0.2361111111111111
69825516c835c41957dfe78b,69825516c835c41957dfe748,1.0
69825516c835c41957dfe84c,69825516c835c41957dfa188,1.0
69825516c835c41957dfc063,69825516c835c41957dfb983,0.5
69825516c835c41957dfc026,69825517c835c41957e00fe3,0.3333333333333333
69825516c835c41957dfa2f0,69825516c835c41957dfa38e,1.0
69825516c835c41957dfa2f0,69825516c835c41957dfd305,0.2
69825516c835c41957dfa2f0,69825516c835c41957dfe848,0.25
69825516c835c41957dfa2f0,69825516c835c41957dff2c0,0.2
69825516c835c41957dfa2f0,69825516c835c41957dfa409,0.16666666666666666
69825516c835c41957dfa2f0,69825516c835c41957dfd343,0.16666666666666666
69825516c835c41957dfa2f0,69825516c835c41957dfd961,0.25
69825516c835c41957dfa2f0,69825516c835c41957dfe849,0.41666666666666663
69825516c835c41957dfd7f7,69825516c835c41957dfe0a1,0.25
69825516c835c41957dfd7f7,69825517c835c41957e005ec,0.25
69825516c835c41957dfd9a2,69825516c835c41957dff3aa,0.47619047619047616
69825517c835c41957e015b0,69825517c835c41957e01644,0.11428571428571428
69825517c835c41957e015b0,69825517c835c41957e01617,0.047619047619047616
69825517c835c41957e015b0,69825517c835c41957e015db,0.06666666666666667
69825517c835c41957e015b0,69825517c835c41957e0168f,0.047619047619047616
69825517c835c41957e01274,69825516c835c41957dfe6a0,0.3333333333333333
69825517c835c41957e01274,69825516c835c41957dfd070,1.3333333333333333
69825517c835c41957e01274,69825517c835c41957dff930,0.3333333333333333
69825516c835c41957dfef50,69825517c835c41957e010db,3.0
69825516c835c41957dfef50,69825516c835c41957dfd1f9,1.0
69825516c835c41957dfef50,69825517c835c41957e01001,1.1666666666666667
69825517c835c41957e00a3a,69825517c835c41957dff96c,0.5
69825516c835c41957dfb5bf,69825517c835c41957e003a7,0.6428571428571428
69825516c835c41957dfa6d5,69825516c835c41957dfc6be,1.0
69825516c835c41957dfa6d5,69825516c835c41957dfa120,1.0
69825516c835c41957dfef5e,69825517c835c41957dffdda,0.5
69825516c835c41957dfaa75,69825516c835c41957dfcd4c,2.0
69825516c835c41957dfaa7b,69825517c835c41957e00b7c,1.5
69825516c835c41957dfb11e,69825516c835c41957dfc8ab,1.0
69825516c835c41957dfb11e,69825516c835c41957dfb2aa,0.5
69825517c835c41957dffd57,69825517c835c41957dffd52,0.14358974358974358
69825517c835c41957dffd57,69825517c835c41957dffd48,0.14358974358974358
69825517c835c41957dffd57,69825516c835c41957dfe63b,0.06666666666666667
69825517c835c41957dffd57,69825517c835c41957dffd4c,0.14358974358974358
69825516c835c41957dfbfef,69825516c835c41957dfe7bd,1.0
69825516c835c41957dfbfef,69825517c835c41957e00d53,1.0
69825517c835c41957e00d53,69825516c835c41957dfdb9b,3.5
69825517c835c41957e00d53,69825517c835c41957e01349,2.5
69825517c835c41957e019ff,69825516c835c41957dfee78,1.0
69825517c835c41957e019ff,69825516c835c41957dfbc9f,0.5
69825516c835c41957dfb1dc,69825516c835c41957dfe558,0.25
69825516c835c41957dfb1dc,69825516c835c41957dfd121,0.25
69825516c835c41957dfb675,69825516c835c41957dfc547,0.2
69825516c835c41957dfb675,69825517c835c41957dff82a,0.2
69825516c835c41957dfa4a6,69825516c835c41957dfc97a,1.0
69825516c835c41957dfb5b1,69825517c835c41957e00dba,1.0
69825517c835c41957e00f1e,69825517c835c41957e0189b,0.16666666666666666
69825516c835c41957dfb7b2,69825517c835c41957e01a80,0.25
69825516c835c41957dfefc1,69825516c835c41957dfefbe,0.3333333333333333
69825516c835c41957dfefc1,69825516c835c41957dfd3ed,0.07142857142857142
69825516c835c41957dfefc1,69825516c835c41957dfabe1,0.07142857142857142
69825516c835c41957dfefc1,69825516c835c41957dfefed,0.07142857142857142
69825516c835c41957dfa037,69825517c835c41957e009d4,1.0
69825516c835c41957dfd9a8,69825516c835c41957dfdb04,1.0
69825516c835c41957dfd9a8,69825516c835c41957dfc1ed,1.3333333333333333
69825517c835c41957e01899,69825516c835c41957dfb983,1.0
69825517c835c41957dffd4f,69825516c835c41957dfcec2,0.3333333333333333
69825517c835c41957dffd4f,69825517c835c41957e012a7,0.037037037037037035
69825516c835c41957dfd343,69825517c835c41957dffb5f,1.0
69825516c835c41957dfd343,69825517c835c41957dffb7c,0.3333333333333333
69825516c835c41957dfd343,69825516c835c41957dfa409,0.16666666666666666
69825516c835c41957dfd343,69825516c835c41957dfe849,0.16666666666666666
69825517c835c41957dffc6f,69825516c835c41957dfda3d,0.25
69825517c835c41957dffc6f,69825516c835c41957dfda3e,0.25
69825517c835c41957e00ded,69825516c835c41957dfa1f8,0.5
69825517c835c41957e00ded,69825517c835c41957e00da9,1.0
69825517c835c41957e00ded,69825517c835c41957e0104e,0.25
69825517c835c41957e00ded,69825516c835c41957dfaddf,0.30952380952380953
69825517c835c41957e00ded,69825516c835c41957dfb96a,1.726190476190476
69825517c835c41957e00ded,69825517c835c41957dffc7e,1.0
69825517c835c41957e00ded,69825516c835c41957dfb968,1.8095238095238093
69825517c835c41957e00ded,69825517c835c41957e00f7b,0.2
69825517c835c41957e00ded,69825516c835c41957dfadc8,0.30952380952380953
69825516c835c41957df9e8b,69825516c835c41957dfa737,0.5
69825516c835c41957df9e8b,69825516c835c41957dfa636,0.16666666666666666
69825517c835c41957dffc7e,69825516c835c41957dff2ba,0.16666666666666666
69825517c835c41957dffc7e,69825516c835c41957dfeef8,0.16666666666666666
69825517c835c41957dffc7e,69825516c835c41957dfccf1,0.16666666666666666
69825517c835c41957dffc7e,69825517c835c41957e0094a,0.16666666666666666
69825517c835c41957dffc7e,69825517c835c41957e0088e,0.16666666666666666
69825517c835c41957e002d1,69825517c835c41957e00684,0.25
69825517c835c41957e002d1,69825517c835c41957e009f9,0.25
69825516c835c41957dfa444,69825516c835c41957dfa120,1.5
69825516c835c41957dfe812,69825516c835c41957dfdaa8,0.30952380952380953
69825516c835c41957dfe812,69825516c835c41957dfa538,0.30952380952380953
69825516c835c41957dfe812,69825516c835c41957dfccf1,0.14285714285714285
69825517c835c41957dff82a,69825516c835c41957dfc547,0.2
69825517c835c41957e009f9,69825517c835c41957e00684,4.65
69825517c835c41957e009f9,69825516c835c41957dfbd65,0.2
69825517c835c41957dffcac,69825516c835c41957dfe6ff,1.0
69825516c835c41957dfe60e,69825516c835c41957dfe605,1.0
69825516c835c41957dfd051,69825516c835c41957dfb2c3,0.25
69825516c835c41957dfc522,69825516c835c41957dfe79f,0.2
69825516c835c41957dfd069,69825516c835c41957dfd2db,0.1
69825516c835c41957dfd069,69825516c835c41957dfbd65,0.1
69825516c835c41957dfd069,69825517c835c41957dff465,0.16666666666666666
69825517c835c41957e00bee,69825517c835c41957dff557,3.0
69825517c835c41957e015c0,69825517c835c41957e015da,0.6
69825517c835c41957e015c0,69825517c835c41957e01690,0.1
69825516c835c41957dfada6,69825516c835c41957dfae28,1.5
69825516c835c41957dfe21a,69825516c835c41957dfe1b3,2.0
69825516c835c41957dfa70b,69825517c835c41957dffcab,0.6666666666666666
69825516c835c41957df9e4e,69825516c835c41957dfe815,0.25
69825516c835c41957df9e4e,69825516c835c41957dfccf8,0.25
69825516c835c41957dfc04e,69825516c835c41957dfee63,1.0
69825516c835c41957dfb905,69825516c835c41957df9e44,0.5
69825516c835c41957dfb935,69825516c835c41957dfb506,1.0
69825516c835c41957dfb1d4,69825516c835c41957dfb3c6,0.25396825396825395
69825516c835c41957dfb1d4,69825516c835c41957dfb3c3,0.1111111111111111
69825516c835c41957dfb1d4,69825516c835c41957dfb32c,0.25396825396825395
69825516c835c41957dfb1d4,69825516c835c41957dfb237,0.14285714285714285
69825516c835c41957dfe47f,69825516c835c41957dfe4a5,1.0
69825516c835c41957dfc5ac,69825516c835c41957dfc575,0.14285714285714285
69825516c835c41957dfc5ac,69825516c835c41957dfa78c,0.47619047619047616
69825516c835c41957dfc5ac,69825516c835c41957dfbd7d,0.47619047619047616
69825516c835c41957dfa811,69825516c835c41957dfb506,1.0
69825517c835c41957e0069b,69825517c835c41957e01811,0.25
69825517c835c41957e0069b,69825517c835c41957dff7a3,1.7428571428571427
69825517c835c41957e0069b,69825516c835c41957dfa0b1,0.25
69825517c835c41957e0069b,69825517c835c41957e01810,0.2
69825517c835c41957e0069b,69825516c835c41957dfbd2d,0.3666666666666667
69825517c835c41957e00d6f,69825517c835c41957e00f13,2.0
69825516c835c41957dfbf5f,69825516c835c41957dfefe6,0.2
69825516c835c41957dfca66,69825516c835c41957dfca68,0.25
69825516c835c41957dfca66,69825516c835c41957dfca67,0.25
69825516c835c41957dfca66,69825516c835c41957dfca64,0.25
69825517c835c41957e019f9,69825516c835c41957dfc519,0.25
69825516c835c41957dfedac,69825516c835c41957dfc59f,0.3333333333333333
69825516c835c41957dfbac0,69825516c835c41957dfd7d6,0.5
69825517c835c41957e01a78,69825517c835c41957dffb20,0.25
69825516c835c41957dfd8e7,69825516c835c41957dfa8a4,0.4083333333333333
69825516c835c41957dfba96,69825516c835c41957dfba9f,0.1111111111111111
69825516c835c41957dfba96,69825516c835c41957dfbaa0,0.1111111111111111
69825516c835c41957dfba96,69825516c835c41957dfba98,0.1111111111111111
69825517c835c41957e0034d,69825516c835c41957dfbd7d,0.3333333333333333
69825516c835c41957dfe3fc,69825516c835c41957dfe3cc,0.125
69825516c835c41957dfe3fc,69825516c835c41957dfe404,0.125
69825516c835c41957dfe3fc,69825516c835c41957dfe3db,0.125
69825516c835c41957dfe3fc,69825516c835c41957dfe405,0.125
69825516c835c41957dfee01,69825516c835c41957dfdd91,0.25
69825517c835c41957e006c2,69825517c835c41957dff929,0.25
69825517c835c41957e006c2,69825517c835c41957e0067f,0.25
69825516c835c41957dfca67,69825516c835c41957dfca68,0.25
69825516c835c41957dfca67,69825516c835c41957dfca64,0.25
69825516c835c41957dfd2f3,69825516c835c41957dfd0c8,0.25
69825517c835c41957dff963,69825517c835c41957dff962,0.09090909090909091
69825517c835c41957dff963,69825517c835c41957dff964,0.09090909090909091
69825517c835c41957dff963,69825517c835c41957dffc78,0.8242424242424242
69825517c835c41957dff963,69825516c835c41957dfe0e5,0.09090909090909091
69825517c835c41957dff963,69825516c835c41957dfedab,0.4909090909090909
69825517c835c41957dff963,69825516c835c41957dfd405,0.09090909090909091
69825516c835c41957dfaa7f,69825516c835c41957dfba3f,2.0
69825516c835c41957dfe713,69825516c835c41957dfa4f6,0.5
69825516c835c41957dfe713,69825516c835c41957dfd11d,0.5
69825516c835c41957dfe713,69825516c835c41957dfb78d,0.5
69825516c835c41957dfe713,69825516c835c41957dfb802,1.0
69825516c835c41957dff004,69825516c835c41957dfef9e,0.30818713450292395
69825516c835c41957dff004,69825516c835c41957dfefb5,0.30818713450292395
69825516c835c41957dff004,69825516c835c41957dfefb1,0.36081871345029237
69825516c835c41957dfc0b8,69825517c835c41957e01121,0.5
69825516c835c41957dfc0b8,69825516c835c41957dff2f2,0.5
69825517c835c41957e019f3,69825516c835c41957dfe019,0.3333333333333333
69825517c835c41957e019f3,69825516c835c41957dff30f,0.3333333333333333
69825516c835c41957dfb67a,69825516c835c41957dfb729,1.0
69825516c835c41957dfb67a,69825516c835c41957dfe748,1.0
69825516c835c41957dfa636,69825517c835c41957e00524,0.2777777777777778
69825516c835c41957dfa636,69825517c835c41957e00525,0.1111111111111111
69825516c835c41957dfe1fb,69825516c835c41957dfe1f9,0.2361111111111111
69825516c835c41957dfe1fb,69825516c835c41957dfe497,0.1111111111111111
69825516c835c41957dfe1fb,69825516c835c41957dfe1f5,0.1111111111111111
69825516c835c41957dfe1fb,69825516c835c41957dfe207,0.2361111111111111
69825517c835c41957e00980,69825516c835c41957dfa333,0.3333333333333333
69825517c835c41957e019ba,69825517c835c41957e01a80,3.0
69825517c835c41957dff962,69825517c835c41957dff964,1.0909090909090908
69825517c835c41957dff962,69825517c835c41957dffc78,0.09090909090909091
69825517c835c41957dff962,69825516c835c41957dfe0e5,0.09090909090909091
69825517c835c41957dff962,69825516c835c41957dfedab,0.09090909090909091
69825517c835c41957dff962,69825516c835c41957dfd405,0.09090909090909091
69825516c835c41957dff0cd,69825516c835c41957dff0dc,0.02631578947368421
69825516c835c41957dff0cd,69825516c835c41957dff069,0.02631578947368421
69825516c835c41957dff0cd,69825516c835c41957dff091,0.02631578947368421
69825516c835c41957dff0cd,69825516c835c41957dff080,0.02631578947368421
69825516c835c41957dff0cd,69825516c835c41957dff0b2,0.02631578947368421
69825516c835c41957dff0cd,69825516c835c41957dff09e,0.02631578947368421
69825516c835c41957dff0cd,69825516c835c41957dff072,0.02631578947368421
69825516c835c41957dff0cd,69825516c835c41957dff08f,0.02631578947368421
69825516c835c41957dff0cd,69825516c835c41957dff0d9,0.02631578947368421
69825516c835c41957dff0cd,69825516c835c41957dff0d1,1.0263157894736843
69825516c835c41957dfe21b,69825516c835c41957dfe48d,0.1111111111111111
69825516c835c41957dfcea2,69825517c835c41957dff6a0,2.0
69825516c835c41957dfcf80,69825516c835c41957dfcf7e,0.5
69825516c835c41957dfbc20,69825516c835c41957dfbbe4,0.05
69825516c835c41957dfbc20,69825516c835c41957dfbbb7,0.05
69825516c835c41957dfbc20,69825516c835c41957dfbbb2,0.05
69825516c835c41957dfbc20,69825516c835c41957dfbc2c,0.05
69825516c835c41957dfbc20,69825516c835c41957dfbc1b,0.05
69825516c835c41957dfad0f,69825517c835c41957e00dec,1.0
69825517c835c41957e00a97,69825516c835c41957dfc0e1,1.0
69825516c835c41957dfc8ab,69825516c835c41957dfc504,1.0
69825516c835c41957dfa333,69825517c835c41957e00bfb,0.3333333333333333
69825516c835c41957dfa333,69825516c835c41957dfa0ad,0.1111111111111111
69825516c835c41957dfa333,69825516c835c41957dfa904,0.6111111111111112
69825516c835c41957dfa333,69825516c835c41957dfe80b,0.3333333333333333
69825516c835c41957dfa333,69825516c835c41957dfd070,0.5
69825516c835c41957dfa333,69825517c835c41957e00a2a,1.0
69825516c835c41957dfa333,69825516c835c41957dfd2d8,0.25
69825516c835c41957dfa333,69825517c835c41957dff94f,0.3333333333333333
69825516c835c41957dfa333,69825516c835c41957df9e4a,0.6111111111111112
69825516c835c41957dfd070,69825517c835c41957dffb20,0.14285714285714285
69825516c835c41957dfd070,69825517c835c41957e00bf6,0.5
69825516c835c41957dfd070,69825517c835c41957dff930,0.8333333333333333
69825516c835c41957dfd070,69825516c835c41957dfe6a0,1.3333333333333333
69825517c835c41957e015db,69825517c835c41957e01644,0.06666666666666667
69825516c835c41957dfb3c3,69825516c835c41957dfb3c6,0.1111111111111111
69825516c835c41957dfb3c3,69825516c835c41957dfb32c,0.1111111111111111
69825516c835c41957dfd3fb,69825516c835c41957dfac47,0.5
69825516c835c41957dfd2d8,69825516c835c41957dfb81c,0.5
69825516c835c41957dfd7c9,69825516c835c41957dfac3e,0.8333333333333333
69825516c835c41957dfd7c9,69825516c835c41957dfacd2,0.3333333333333333
69825516c835c41957dfdbd8,69825517c835c41957e0180c,0.16666666666666666
69825516c835c41957dfdbd8,69825516c835c41957dfb79d,0.3333333333333333
69825516c835c41957dfa0c6,69825516c835c41957dfc080,0.5
69825517c835c41957dffc89,69825517c835c41957e01804,0.3333333333333333
69825517c835c41957dffc89,69825516c835c41957dfd892,0.5
69825516c835c41957dfa1c2,69825517c835c41957e00541,0.6666666666666666
69825516c835c41957dfa1c2,69825516c835c41957dfa737,0.3333333333333333
69825516c835c41957dfd405,69825517c835c41957dff964,0.09090909090909091
69825516c835c41957dfd405,69825517c835c41957dffc78,0.09090909090909091
69825516c835c41957dfd405,69825516c835c41957dfe0e5,0.25757575757575757
69825516c835c41957dfd405,69825516c835c41957dfedab,0.25757575757575757
69825516c835c41957dfe0c8,69825516c835c41957dfe0c6,0.45
69825516c835c41957dfa418,69825516c835c41957dfa46d,0.8333333333333333
69825516c835c41957dfa418,69825516c835c41957dfb779,0.5
69825516c835c41957dfa737,69825517c835c41957e00541,0.3333333333333333
69825517c835c41957dffca6,69825516c835c41957dfd2d6,0.1111111111111111
69825517c835c41957dffca6,69825516c835c41957dfa27f,0.1111111111111111
69825517c835c41957dffca6,69825516c835c41957dfd2fd,0.1111111111111111
69825517c835c41957dff976,69825517c835c41957e00a30,0.3333333333333333
69825517c835c41957e0077a,69825516c835c41957dfef6d,0.3333333333333333
69825516c835c41957dfc9f2,69825516c835c41957dfd301,1.0
69825516c835c41957dfcd9c,69825516c835c41957dff23c,2.5
69825516c835c41957dfcd9c,69825516c835c41957dfc54d,0.3333333333333333
69825516c835c41957dfcd9c,69825516c835c41957dfe849,0.5
69825516c835c41957dfe815,69825517c835c41957e00715,0.5
69825516c835c41957dfe815,69825516c835c41957dfccf8,0.25
69825516c835c41957dfba98,69825516c835c41957dfba9f,0.1111111111111111
69825516c835c41957dfba98,69825516c835c41957dfbaa0,0.1111111111111111
69825517c835c41957e00e31,69825517c835c41957dff86a,0.2
69825517c835c41957e00e31,69825516c835c41957dfe6f7,0.4
69825517c835c41957e00e31,69825516c835c41957dfdd86,0.2
69825517c835c41957e00e31,69825517c835c41957e00f2c,0.2
69825517c835c41957e00e31,69825517c835c41957dff863,0.2
69825517c835c41957e00e31,69825516c835c41957dfdd52,0.2
69825516c835c41957dfbbb2,69825516c835c41957dfbbe4,0.05
69825516c835c41957dfbbb2,69825516c835c41957dfbbb7,0.05
69825516c835c41957dfbbb2,69825516c835c41957dfbc2c,0.05
69825516c835c41957dfbbb2,69825516c835c41957dfbc1b,0.05
69825517c835c41957dff6c9,69825517c835c41957e00dc0,0.16666666666666666
69825517c835c41957dff6c9,69825517c835c41957e01922,0.16666666666666666
69825517c835c41957dff6c9,69825516c835c41957dfdc37,2.0
69825516c835c41957dfc6c4,69825516c835c41957dfe477,1.0
69825516c835c41957dfc6c4,69825516c835c41957dfc5f0,1.0
69825516c835c41957dfc943,69825517c835c41957e00334,0.5
69825516c835c41957dfe848,69825517c835c41957e00dc0,0.08333333333333333
69825516c835c41957dfe848,69825516c835c41957dfef52,0.375
69825516c835c41957dfe848,69825517c835c41957dffc2f,1.1916666666666667
69825516c835c41957dfe848,69825516c835c41957dfbf53,0.27499999999999997
69825516c835c41957dfe848,69825517c835c41957e00c0a,0.125
69825516c835c41957dfe848,69825516c835c41957dfd892,0.125
69825516c835c41957dfe848,69825516c835c41957dfcd49,0.6916666666666667
69825516c835c41957dfe848,69825517c835c41957dff402,0.08333333333333333
69825516c835c41957dfe848,69825517c835c41957e00a30,0.44166666666666665
69825516c835c41957dfe848,69825516c835c41957dfe849,0.25
69825516c835c41957dfe848,69825516c835c41957dfef59,0.5666666666666667
69825516c835c41957dfe848,69825517c835c41957e0098b,0.19166666666666665
69825516c835c41957dfe848,69825516c835c41957dfef62,0.125
69825516c835c41957dfe848,69825516c835c41957dfd961,0.25
69825517c835c41957e016b3,69825517c835c41957e016ba,0.24285714285714285
69825517c835c41957e016b3,69825517c835c41957e015f2,0.24285714285714285
69825516c835c41957dfbaa0,69825516c835c41957dfba9f,0.1111111111111111
69825516c835c41957dfe09d,69825516c835c41957dfe188,1.0
69825516c835c41957dfd576,69825516c835c41957dff2ba,0.16666666666666666
69825516c835c41957dfd576,69825517c835c41957e01349,0.16666666666666666
69825516c835c41957dfad66,69825516c835c41957dfaddf,0.25
69825516c835c41957dfad66,69825516c835c41957dfadc8,0.25
69825516c835c41957dff0dc,69825516c835c41957dff069,0.02631578947368421
69825516c835c41957dff0dc,69825516c835c41957dff091,0.02631578947368421
69825516c835c41957dff0dc,69825516c835c41957dff080,0.02631578947368421
69825516c835c41957dff0dc,69825516c835c41957dff0b2,0.02631578947368421
69825516c835c41957dff0dc,69825516c835c41957dff09e,0.02631578947368421
69825516c835c41957dff0dc,69825516c835c41957dff072,0.02631578947368421
69825516c835c41957dff0dc,69825516c835c41957dff08f,1.0263157894736843
69825516c835c41957dff0dc,69825516c835c41957dff0d9,0.02631578947368421
69825516c835c41957dff0dc,69825516c835c41957dff0d1,0.02631578947368421
69825517c835c41957e011d2,69825516c835c41957dff0a1,0.16666666666666666
69825517c835c41957e011d2,69825517c835c41957e010d2,1.75
69825517c835c41957e011d2,69825517c835c41957e002aa,0.25
69825516c835c41957dfa3a9,69825516c835c41957dfca71,0.09090909090909091
69825516c835c41957dfa3a9,69825516c835c41957dfda3e,0.09090909090909091
69825517c835c41957e01229,69825516c835c41957dfcacb,0.1
69825517c835c41957e01229,69825516c835c41957dfcacc,0.1
69825516c835c41957dfa81e,69825516c835c41957dfee4b,0.5
69825516c835c41957dfe47e,69825516c835c41957dfe48b,0.14285714285714285
69825516c835c41957dfe47e,69825516c835c41957dfc5f0,0.14285714285714285
69825516c835c41957dfe47e,69825516c835c41957dfe485,0.14285714285714285
69825517c835c41957dff6fc,69825516c835c41957dfe79f,0.17142857142857143
69825517c835c41957dff6fc,69825517c835c41957e00f6b,0.13392857142857142
69825517c835c41957dff6fc,69825516c835c41957dfb783,0.1
69825517c835c41957dff6fc,69825517c835c41957dffbd6,0.23392857142857143
69825517c835c41957dff6fc,69825516c835c41957df9f53,0.1
69825517c835c41957dff6fc,69825517c835c41957dffe16,0.07142857142857142
69825517c835c41957dff6fc,69825517c835c41957e00f6c,1.0672619047619047
69825516c835c41957dfc1a4,69825516c835c41957dfa0b7,2.0
69825516c835c41957dfb2c3,69825516c835c41957dfe80b,0.3333333333333333
69825517c835c41957e0061b,69825516c835c41957dfe034,0.05263157894736842
69825517c835c41957e0061b,69825516c835c41957dfd0c9,0.05263157894736842
69825517c835c41957e0061b,69825516c835c41957dfab42,0.45263157894736844
69825517c835c41957e0061b,69825516c835c41957dfba04,0.7859649122807018
69825516c835c41957dfb78d,69825516c835c41957dfd305,0.14285714285714285
69825516c835c41957dfb78d,69825516c835c41957dff2c0,0.14285714285714285
69825516c835c41957dfb78d,69825516c835c41957dfb7b7,1.1428571428571428
69825516c835c41957dfb78d,69825516c835c41957dfb802,0.5
69825516c835c41957dfa46d,69825516c835c41957dfb779,0.5
69825516c835c41957dfd81b,69825517c835c41957e017e4,0.3333333333333333
69825516c835c41957dfe7dc,69825517c835c41957e0088e,0.16666666666666666
69825516c835c41957dfb6de,69825516c835c41957dfa954,1.0
69825516c835c41957dfa509,69825516c835c41957dfa8f8,0.3333333333333333
69825516c835c41957dfa509,69825517c835c41957e00fb1,0.3333333333333333
69825516c835c41957dfd121,69825516c835c41957dfe558,0.25
69825516c835c41957dfe3d6,69825516c835c41957dfe3da,0.07142857142857142
69825516c835c41957dfe3d6,69825516c835c41957dfe420,0.07142857142857142
69825516c835c41957dfe3d6,69825516c835c41957dfe3ef,0.07142857142857142
69825517c835c41957e0106c,69825516c835c41957dfe6d4,0.2944444444444444
69825517c835c41957e0106c,69825516c835c41957dfe429,0.18333333333333335
69825516c835c41957dfc352,69825516c835c41957dfc334,0.25
69825516c835c41957dfc352,69825516c835c41957dfc356,0.25
69825517c835c41957e00f20,69825516c835c41957dfa076,0.6428571428571428
69825517c835c41957e00f20,69825516c835c41957dfa073,0.6428571428571428
69825517c835c41957e00f20,69825516c835c41957dfa08c,0.6428571428571428
69825516c835c41957dfc1ed,69825516c835c41957dfee19,3.0
69825517c835c41957e007bf,69825517c835c41957e00348,0.06666666666666667
69825517c835c41957e007bf,69825516c835c41957dfbda6,0.25
69825517c835c41957dffd48,69825517c835c41957dffd52,0.14358974358974358
69825517c835c41957dffd48,69825516c835c41957dfe63b,0.06666666666666667
69825517c835c41957dffd48,69825517c835c41957dffd4c,0.14358974358974358
69825517c835c41957dff465,69825517c835c41957dff910,0.08333333333333333
69825517c835c41957dff465,69825516c835c41957dfef51,0.08333333333333333
69825517c835c41957dff465,69825516c835c41957dff145,0.08333333333333333
69825516c835c41957dfd238,69825516c835c41957dfd21b,0.2361111111111111
69825516c835c41957dfd238,69825516c835c41957dfc829,0.1111111111111111
69825517c835c41957dffe16,69825516c835c41957dfe79f,0.41233766233766234
69825517c835c41957dffe16,69825517c835c41957e00f6b,0.16233766233766234
69825517c835c41957dffe16,69825516c835c41957dfe867,0.25
69825517c835c41957dffe16,69825517c835c41957dffbd6,0.16233766233766234
69825517c835c41957dffe16,69825517c835c41957e01762,0.125
69825517c835c41957dffe16,69825517c835c41957e00f6c,0.16233766233766234
69825516c835c41957dfbc08,69825516c835c41957dfbbf6,0.14285714285714285
69825516c835c41957dfa3d6,69825516c835c41957dfa4d5,0.14285714285714285
69825516c835c41957dfa3d6,69825516c835c41957dfa44e,0.8928571428571428
69825516c835c41957dfa3d6,69825516c835c41957dfa4d8,0.8928571428571428
69825517c835c41957e004ca,69825517c835c41957dff53b,1.0
69825516c835c41957dfedab,69825517c835c41957dff964,0.09090909090909091
69825516c835c41957dfedab,69825517c835c41957dffc78,0.4909090909090909
69825516c835c41957dfedab,69825516c835c41957dfe0e5,0.25757575757575757
69825517c835c41957e00bfb,69825517c835c41957e004c9,0.5
69825517c835c41957e00bfb,69825517c835c41957dffb7c,0.5
69825517c835c41957e00bfb,69825516c835c41957dfe80b,3.333333333333333
69825517c835c41957e00bfb,69825517c835c41957e00bfa,0.5
69825517c835c41957e00bfb,69825517c835c41957e013ee,0.5
69825517c835c41957e00bfb,69825516c835c41957dfdc16,0.6666666666666666
69825516c835c41957dfbd08,69825516c835c41957dfbd18,0.3333333333333333
69825516c835c41957dfbd08,69825516c835c41957dfbd1c,0.3333333333333333
69825517c835c41957dff910,69825516c835c41957dfef51,0.08333333333333333
69825517c835c41957dff910,69825516c835c41957dff145,0.08333333333333333
69825516c835c41957dfb793,69825517c835c41957dff402,0.125
69825516c835c41957dfb793,69825517c835c41957e00a30,0.125
69825516c835c41957dfb793,69825516c835c41957dfbf53,0.125
69825516c835c41957dfca71,69825516c835c41957dfda3e,0.09090909090909091
69825516c835c41957dfca71,69825517c835c41957dff882,0.16666666666666666
69825516c835c41957dfe79f,69825517c835c41957e00f6b,0.16233766233766234
69825516c835c41957dfe79f,69825516c835c41957dfe867,0.25
69825516c835c41957dfe79f,69825516c835c41957dfb783,0.1
69825516c835c41957dfe79f,69825517c835c41957dffbd6,0.46233766233766227
69825516c835c41957dfe79f,69825517c835c41957e01762,0.125
69825516c835c41957dfe79f,69825516c835c41957df9f53,0.30000000000000004
69825516c835c41957dfe79f,69825516c835c41957dfb9be,0.25
69825516c835c41957dfe79f,69825517c835c41957e00f6c,0.46233766233766227
69825516c835c41957dfef52,69825516c835c41957dfd2d6,0.2
69825516c835c41957dfef52,69825517c835c41957e00a30,0.375
69825516c835c41957dfef52,69825516c835c41957dfef62,0.125
69825516c835c41957dfef52,69825516c835c41957dfd892,0.125
69825516c835c41957dfe481,69825517c835c41957e00735,0.125
69825516c835c41957dfe481,69825516c835c41957dfe5fd,0.125
69825516c835c41957dfda3e,69825516c835c41957dfa44e,0.25
69825516c835c41957dfda3e,69825516c835c41957dfa4d8,0.25
69825516c835c41957dfda3e,69825516c835c41957dfda3d,0.25
69825516c835c41957dfb966,69825516c835c41957dfc519,0.25
69825516c835c41957dfdd74,69825517c835c41957e010a7,1.0
69825516c835c41957dfcc8d,69825516c835c41957dfba1a,0.5
69825516c835c41957dfe485,69825516c835c41957dfe48b,0.14285714285714285
69825516c835c41957dfe485,69825516c835c41957dfc5f0,0.14285714285714285
69825517c835c41957e002a8,69825516c835c41957dfa540,1.0
69825517c835c41957e002a8,69825516c835c41957dfca2b,0.3666666666666667
69825516c835c41957dfefed,69825516c835c41957dfd3ed,0.07142857142857142
69825516c835c41957dfefed,69825516c835c41957dfabe1,0.07142857142857142
69825517c835c41957dffb52,69825517c835c41957dff806,0.5
69825517c835c41957e00684,69825516c835c41957dfbd65,0.2
69825517c835c41957e0177a,69825516c835c41957dfe1cf,0.25
69825516c835c41957dfc569,69825516c835c41957dfc461,2.0
69825516c835c41957dfc356,69825516c835c41957dfc334,0.25
69825516c835c41957dfd23f,69825516c835c41957dfb9ba,0.6666666666666666
69825516c835c41957dfd23f,69825516c835c41957dfcfe2,1.6666666666666665
69825516c835c41957dfbc2c,69825516c835c41957dfbbe4,0.05
69825516c835c41957dfbc2c,69825516c835c41957dfbbb7,0.05
69825516c835c41957dfbc2c,69825516c835c41957dfbc1b,0.05
69825516c835c41957dfa4d6,69825516c835c41957dfa593,0.3333333333333333
69825516c835c41957dfa4d6,69825517c835c41957e0088e,0.3333333333333333
69825516c835c41957dfe1cf,69825516c835c41957dfe1a9,0.3333333333333333
69825516c835c41957dfe718,69825516c835c41957dfd9e2,0.3333333333333333
69825516c835c41957dfe718,69825516c835c41957dfd2e2,0.3333333333333333
69825517c835c41957dff90f,69825516c835c41957dfd895,2.0
69825516c835c41957dfb32c,69825516c835c41957dfb3c6,0.25396825396825395
69825516c835c41957dfb32c,69825516c835c41957dfb237,0.14285714285714285
69825516c835c41957dfe7c0,69825516c835c41957dfb96a,0.125
69825516c835c41957dfe7c0,69825517c835c41957e00f6c,0.125
69825516c835c41957dfe7c0,69825517c835c41957dffbd6,0.125
69825516c835c41957dfb7b7,69825516c835c41957dff2c0,0.14285714285714285
69825516c835c41957dfb7b7,69825516c835c41957dfdb9b,0.16666666666666666
69825516c835c41957dfb7b7,69825517c835c41957e01349,0.16666666666666666
69825516c835c41957dfb7b7,69825517c835c41957e01384,1.6666666666666665
69825516c835c41957dfb7b7,69825517c835c41957e01702,0.5
69825516c835c41957dfb7b7,69825516c835c41957dfd305,0.14285714285714285
69825516c835c41957dfcf1c,69825516c835c41957dfcd4f,1.0
69825516c835c41957dfe6ff,69825516c835c41957dff1ab,0.5
69825516c835c41957dfd2db,69825516c835c41957dfbd65,0.26666666666666666
69825516c835c41957dfd2db,69825517c835c41957e01349,0.16666666666666666
69825516c835c41957dfd2db,69825517c835c41957dff880,0.16666666666666666
69825516c835c41957dfd2db,69825517c835c41957e0088e,0.5
69825516c835c41957dfa4af,69825517c835c41957e0100c,0.5
69825516c835c41957dfca2b,69825517c835c41957e010d4,0.5
69825516c835c41957dfbb50,69825517c835c41957e00927,0.16666666666666666
69825516c835c41957dfbb50,69825516c835c41957dfb6da,0.3333333333333333
69825516c835c41957dfe1f5,69825516c835c41957dfe1f9,0.1111111111111111
69825516c835c41957dfe1f5,69825516c835c41957dfe497,0.1111111111111111
69825516c835c41957dfe1f5,69825516c835c41957dfe207,0.1111111111111111
69825517c835c41957e001d1,69825516c835c41957dfd8dc,1.0
69825516c835c41957dff1e0,69825516c835c41957dfef0b,31.0
69825517c835c41957e00c9b,69825517c835c41957e01804,1.0
69825516c835c41957dfd0a5,69825516c835c41957dfe11e,2.0
69825516c835c41957dfb915,69825517c835c41957dffb1e,0.5
69825516c835c41957dfe3cc,69825516c835c41957dfe404,0.125
69825516c835c41957dfe3cc,69825516c835c41957dfe3db,0.125
69825516c835c41957dfe3cc,69825516c835c41957dfe405,0.125
69825516c835c41957dfa4d8,69825516c835c41957dfa4d5,0.14285714285714285
69825516c835c41957dfa4d8,69825516c835c41957dfa44e,1.1428571428571428
69825516c835c41957df9e1d,69825517c835c41957e00524,0.24285714285714285
69825516c835c41957df9e1d,69825516c835c41957dfd8dc,0.24285714285714285
69825517c835c41957e00b06,69825516c835c41957dfd1a1,2.5
69825516c835c41957dfe6de,69825516c835c41957dfe7bd,1.0
69825516c835c41957dfbf53,69825517c835c41957e00dc0,0.08333333333333333
69825516c835c41957dfbf53,69825517c835c41957dffc2f,0.19166666666666665
69825516c835c41957dfbf53,69825517c835c41957e00c0a,0.125
69825516c835c41957dfbf53,69825516c835c41957dfcd49,0.19166666666666665
69825516c835c41957dfbf53,69825517c835c41957dff402,0.20833333333333331
69825516c835c41957dfbf53,69825517c835c41957e00a30,0.19166666666666665
69825516c835c41957dfbf53,69825516c835c41957dfef59,0.06666666666666667
69825516c835c41957dfbf53,69825517c835c41957e0098b,0.19166666666666665
69825517c835c41957e01744,69825516c835c41957dfc8da,0.16666666666666666
69825517c835c41957e01744,69825517c835c41957e012a7,0.3666666666666667
69825517c835c41957e01744,69825516c835c41957dff096,0.5
69825516c835c41957dfbd76,69825516c835c41957dfa30d,1.25
69825517c835c41957e0101a,69825517c835c41957e01011,0.3333333333333333
69825517c835c41957e01384,69825516c835c41957dfdb9b,0.16666666666666666
69825517c835c41957e01384,69825517c835c41957e01349,0.16666666666666666
69825517c835c41957e01384,69825517c835c41957e01702,0.5
69825516c835c41957dff09e,69825516c835c41957dff069,0.02631578947368421
69825516c835c41957dff09e,69825516c835c41957dff091,0.02631578947368421
69825516c835c41957dff09e,69825516c835c41957dff080,0.02631578947368421
69825516c835c41957dff09e,69825516c835c41957dff0b2,0.02631578947368421
69825516c835c41957dff09e,69825516c835c41957dff072,0.02631578947368421
69825516c835c41957dff09e,69825516c835c41957dff08f,0.02631578947368421
69825516c835c41957dff09e,69825516c835c41957dff0d9,0.02631578947368421
69825516c835c41957dff09e,69825516c835c41957dff0d1,0.02631578947368421
69825517c835c41957e00bfa,69825516c835c41957dfe80b,0.5
69825516c835c41957dfacd2,69825516c835c41957dfac3e,1.3333333333333333
69825517c835c41957e0152f,69825516c835c41957dfa9ea,1.0
69825516c835c41957dfa27e,69825516c835c41957dfc1b1,0.5
69825516c835c41957dfd2f2,69825516c835c41957dfdb06,0.5
69825516c835c41957dfbbe4,69825516c835c41957dfbbb7,0.05
69825516c835c41957dfbbe4,69825516c835c41957dfbc1b,0.05
69825517c835c41957e0067f,69825517c835c41957dff929,0.25
69825516c835c41957dfd71c,69825517c835c41957e00de9,0.3333333333333333
69825517c835c41957e0104e,69825516c835c41957dfb96a,0.25
69825517c835c41957e005ec,69825517c835c41957e002f2,0.5
69825517c835c41957e005ec,69825516c835c41957dfe0a1,0.25
69825516c835c41957dfe3ef,69825516c835c41957dfe3da,0.07142857142857142
69825516c835c41957dfe3ef,69825516c835c41957dfe420,0.07142857142857142
69825516c835c41957dfa08c,69825516c835c41957dfa076,0.6428571428571428
69825516c835c41957dfa08c,69825516c835c41957dfa073,0.6428571428571428
69825517c835c41957dffc81,69825517c835c41957e011d3,0.5
69825516c835c41957dfa375,69825517c835c41957e010a7,0.125
69825516c835c41957dfb8fb,69825516c835c41957dfe019,1.0
69825517c835c41957e017c7,69825517c835c41957dff432,0.3333333333333333
69825517c835c41957e00f7b,69825517c835c41957dffb20,0.6666666666666666
69825517c835c41957dff86a,69825516c835c41957dfe6f7,0.2
69825517c835c41957dff86a,69825516c835c41957dfdd86,0.06666666666666667
69825517c835c41957dff86a,69825517c835c41957dff863,0.06666666666666667
69825517c835c41957dff86a,69825516c835c41957dfdd52,0.06666666666666667
69825516c835c41957dfd314,69825516c835c41957dfd315,0.30952380952380953
69825516c835c41957dfa428,69825516c835c41957dfa42e,1.0333333333333332
69825516c835c41957dfa428,69825516c835c41957dfa522,3.2
69825516c835c41957dfde9a,69825516c835c41957dfde16,1.3333333333333333
69825516c835c41957dfa366,69825516c835c41957dfee9e,1.0
69825517c835c41957e00f9f,69825517c835c41957e00dc0,0.5
69825517c835c41957e00f9f,69825517c835c41957e00112,0.2
69825517c835c41957e00f9f,69825517c835c41957e00bd8,0.2
69825517c835c41957e00bd8,69825517c835c41957e00112,0.45
69825517c835c41957e00bd8,69825516c835c41957dfeef4,0.25
69825517c835c41957e00bd8,69825517c835c41957e01830,0.25
69825516c835c41957dfaacd,69825516c835c41957dfaa6b,1.0
69825516c835c41957dff04d,69825516c835c41957dfb7ae,0.1
69825516c835c41957dfd305,69825516c835c41957dff2c0,1.3428571428571427
69825517c835c41957dffb20,69825516c835c41957dfb94b,0.3333333333333333
69825517c835c41957dffb20,69825517c835c41957dffb7c,2.6666666666666665
69825517c835c41957dffb20,69825516c835c41957dfc0d2,0.5
69825516c835c41957dfabe0,69825516c835c41957dfbdfb,1.0
69825516c835c41957dfca68,69825516c835c41957dfc54d,0.5
69825516c835c41957dfca68,69825516c835c41957dfca64,0.25
69825517c835c41957e0088e,69825516c835c41957dfa593,0.8333333333333333
69825517c835c41957e0088e,69825516c835c41957dfe123,0.5888888888888889
69825517c835c41957e0088e,69825517c835c41957dffb7c,2.0
69825517c835c41957e0088e,69825517c835c41957e01349,0.5
69825517c835c41957e0088e,69825517c835c41957dffb45,0.05555555555555555
69825517c835c41957e0088e,69825516c835c41957dfccf1,0.16666666666666666
69825517c835c41957e015f2,69825517c835c41957e016ba,0.24285714285714285
69825516c835c41957dfba9f,69825517c835c41957dff6be,0.1
69825517c835c41957e00da9,69825516c835c41957dfa496,1.0
69825516c835c41957dfa78c,69825516c835c41957dfc575,0.14285714285714285
69825516c835c41957dfa78c,69825516c835c41957dfbd7d,0.8095238095238095
69825517c835c41957e00c94,69825516c835c41957dfe7b2,2.0
69825516c835c41957dfbbb7,69825516c835c41957dfbc1b,0.05
69825516c835c41957dfeef4,69825517c835c41957e00112,0.25
69825516c835c41957dfeef4,69825517c835c41957e01830,0.25
69825516c835c41957dfa593,69825516c835c41957dfa409,1.0
69825516c835c41957dff091,69825516c835c41957dff069,0.02631578947368421
69825516c835c41957dff091,69825516c835c41957dff080,0.02631578947368421
69825516c835c41957dff091,69825516c835c41957dff0b2,0.02631578947368421
69825516c835c41957dff091,69825516c835c41957dff072,0.02631578947368421
69825516c835c41957dff091,69825516c835c41957dff08f,0.02631578947368421
69825516c835c41957dff091,69825516c835c41957dff0d9,0.02631578947368421
69825516c835c41957dff091,69825516c835c41957dff0d1,0.02631578947368421
69825516c835c41957dff080,69825516c835c41957dff069,0.02631578947368421
69825516c835c41957dff080,69825516c835c41957dff0b2,0.02631578947368421
69825516c835c41957dff080,69825516c835c41957dff072,0.02631578947368421
69825516c835c41957dff080,69825516c835c41957dff08f,0.02631578947368421
69825516c835c41957dff080,69825516c835c41957dff0d9,0.02631578947368421
69825516c835c41957dff080,69825516c835c41957dff0d1,0.02631578947368421
69825517c835c41957dff7a3,69825517c835c41957e01811,0.25
69825517c835c41957dff7a3,69825516c835c41957dfa0b1,0.25
69825517c835c41957dff7a3,69825517c835c41957e01810,0.2
69825517c835c41957dff7a3,69825516c835c41957dfbd2d,0.3666666666666667
69825516c835c41957dfe3db,69825516c835c41957dfe404,0.125
69825516c835c41957dfe3db,69825516c835c41957dfe405,0.125
69825517c835c41957e01830,69825517c835c41957e00112,0.25
69825517c835c41957e012a7,69825516c835c41957dfd269,0.25
69825517c835c41957e012a7,69825516c835c41957dfc8da,0.75
69825517c835c41957dffae1,69825516c835c41957dfb972,1.0
69825516c835c41957dfbd1c,69825516c835c41957dfbd18,0.3333333333333333
69825516c835c41957dff01f,69825516c835c41957dfd0bb,0.25
69825516c835c41957dfbbce,69825516c835c41957dfbbb4,0.08333333333333333
69825516c835c41957dfbbce,69825516c835c41957dfbbe5,0.08333333333333333
69825516c835c41957dfbbce,69825516c835c41957dfbc1a,0.08333333333333333
69825516c835c41957dfbbce,69825516c835c41957dfbc02,0.08333333333333333
69825517c835c41957dffb45,69825516c835c41957dfe123,0.05555555555555555
69825516c835c41957dfd3f5,69825516c835c41957dfe4c9,2.0
69825517c835c41957dffc78,69825517c835c41957dff964,0.09090909090909091
69825517c835c41957dffc78,69825516c835c41957dfe0e5,0.09090909090909091
69825517c835c41957dffeab,69825516c835c41957dfc7ff,0.3333333333333333
69825517c835c41957dffeab,69825516c835c41957dfd0bb,0.3333333333333333
69825516c835c41957dfdb9b,69825516c835c41957dfe019,1.0
69825516c835c41957dfdb9b,69825517c835c41957e01349,1.6666666666666667
69825516c835c41957dfeeef,69825516c835c41957dfa1f8,0.2
69825516c835c41957dfb66d,69825517c835c41957e016e7,1.0
69825516c835c41957dfa27f,69825516c835c41957dfd2d6,0.1111111111111111
69825516c835c41957dfa27f,69825516c835c41957dfd2fd,0.1111111111111111
69825516c835c41957dfa040,69825516c835c41957dfa261,4.0
69825517c835c41957dffd52,69825516c835c41957dfe63b,0.06666666666666667
69825517c835c41957dffd52,69825517c835c41957dffd4c,0.14358974358974358
69825516c835c41957dfe429,69825516c835c41957dfe6d4,0.18333333333333335
69825517c835c41957e011c0,69825517c835c41957e011c8,2.0
69825516c835c41957dff0b2,69825516c835c41957dff069,0.02631578947368421
69825516c835c41957dff0b2,69825516c835c41957dff072,0.02631578947368421
69825516c835c41957dff0b2,69825516c835c41957dff08f,0.02631578947368421
69825516c835c41957dff0b2,69825516c835c41957dff0d9,0.02631578947368421
69825516c835c41957dff0b2,69825516c835c41957dff0d1,0.02631578947368421
69825516c835c41957dfc5f0,69825516c835c41957dfe48b,0.14285714285714285
69825516c835c41957dfb139,69825516c835c41957dfac59,1.0
69825516c835c41957dfe63a,69825516c835c41957dfe63b,1.5833333333333333
69825516c835c41957dfe63a,69825516c835c41957dfca8f,0.25
69825516c835c41957dfe63a,69825516c835c41957dfc475,0.3333333333333333
69825516c835c41957dfc9bf,69825516c835c41957dfca2c,10.0
69825516c835c41957dff08f,69825516c835c41957dff069,0.02631578947368421
69825516c835c41957dff08f,69825516c835c41957dff072,0.02631578947368421
69825516c835c41957dff08f,69825516c835c41957dff0d9,0.02631578947368421
69825516c835c41957dff08f,69825516c835c41957dff0d1,0.02631578947368421
69825516c835c41957dfccf1,69825516c835c41957dfdaa8,0.14285714285714285
69825516c835c41957dfccf1,69825516c835c41957dfa538,0.14285714285714285
69825516c835c41957dfa8d0,69825517c835c41957e00885,0.5
69825516c835c41957dfa8d0,69825516c835c41957dfa8ce,0.5
69825516c835c41957dfbd65,69825517c835c41957dff880,0.16666666666666666
69825516c835c41957dfbd65,69825516c835c41957dfbdbd,1.0
69825516c835c41957dfbd65,69825517c835c41957e01349,0.16666666666666666
69825517c835c41957dff964,69825516c835c41957dfe0e5,0.09090909090909091
69825517c835c41957e01690,69825517c835c41957e015da,0.6
69825516c835c41957dfbd7d,69825516c835c41957dfc575,0.14285714285714285
69825516c835c41957dfd2fd,69825516c835c41957dfd2d6,0.1111111111111111
69825516c835c41957dfd2fd,69825517c835c41957e00bf6,0.125
69825516c835c41957dfd2fd,69825517c835c41957dff930,0.125
69825516c835c41957dfd2fd,69825516c835c41957dff27c,0.125
69825516c835c41957dfdb27,69825516c835c41957dfc506,0.5
69825517c835c41957e00f72,69825517c835c41957e00f73,2.0
69825516c835c41957dfacda,69825516c835c41957dfacd8,2.0
69825516c835c41957dfa409,69825516c835c41957dfe849,0.16666666666666666
69825516c835c41957dfe849,69825516c835c41957dff23c,0.5
69825516c835c41957dfe849,69825516c835c41957dfd961,0.25
69825516c835c41957dfe404,69825516c835c41957dfe405,0.125
69825517c835c41957e004c9,69825516c835c41957dfe80b,0.5
69825517c835c41957e004c9,69825517c835c41957e00232,0.5
69825516c835c41957dfe3da,69825516c835c41957dfe420,0.07142857142857142
69825516c835c41957dfd3ed,69825516c835c41957dfabe1,0.07142857142857142
69825516c835c41957dfc97a,69825517c835c41957e019c1,1.0
69825516c835c41957dfc84a,69825517c835c41957e003a7,1.25
69825516c835c41957dfc84a,69825516c835c41957dfda9e,0.25
69825516c835c41957dff0d9,69825516c835c41957dff069,0.02631578947368421
69825516c835c41957dff0d9,69825516c835c41957dff072,0.02631578947368421
69825516c835c41957dff0d9,69825516c835c41957dff0d1,0.02631578947368421
69825516c835c41957dfc0d2,69825517c835c41957dffb7c,0.5
69825516c835c41957dfb802,69825516c835c41957dfd11d,0.5
69825516c835c41957dfe1f9,69825516c835c41957dfe497,0.1111111111111111
69825516c835c41957dfe1f9,69825516c835c41957dfe207,0.2361111111111111
69825516c835c41957dfb237,69825516c835c41957dfb3c6,0.14285714285714285
69825516c835c41957dfe5fd,69825517c835c41957e00735,0.125
69825516c835c41957dfdc84,69825517c835c41957e01349,1.0
69825516c835c41957dfbbb4,69825516c835c41957dfbbe5,0.08333333333333333
69825516c835c41957dfbbb4,69825516c835c41957dfbc1a,0.08333333333333333
69825516c835c41957dfbbb4,69825516c835c41957dfbc02,0.08333333333333333
69825516c835c41957dfa4d5,69825516c835c41957dfa44e,0.14285714285714285
69825516c835c41957dfd019,69825516c835c41957dfcfe7,0.5
69825516c835c41957dfa8a8,69825516c835c41957dfe50f,0.5
69825516c835c41957dfd304,69825517c835c41957dffce6,1.8333333333333333
69825516c835c41957dfd304,69825516c835c41957dfe034,0.3333333333333333
69825516c835c41957dfca8f,69825516c835c41957dfe63b,0.25
69825516c835c41957dfe42c,69825516c835c41957dfe4fb,8.0
69825517c835c41957e00a2a,69825516c835c41957dfa356,0.14285714285714285
69825517c835c41957e00a2a,69825517c835c41957dffdfa,0.14285714285714285
69825517c835c41957e01804,69825517c835c41957e0173f,0.5
69825517c835c41957e00f6c,69825517c835c41957e00f6b,2.924837662337662
69825517c835c41957e00f6c,69825516c835c41957dfb783,0.1
69825517c835c41957e00f6c,69825517c835c41957dffbd6,3.516504329004329
69825517c835c41957e00f6c,69825516c835c41957df9f53,0.1
69825517c835c41957e00f6c,69825516c835c41957dfb96a,0.125
69825516c835c41957dfdd86,69825516c835c41957dfe6f7,0.2
69825516c835c41957dfdd86,69825516c835c41957dfdd52,0.26666666666666666
69825516c835c41957dfdd86,69825517c835c41957e00f2c,0.2
69825516c835c41957dfdd86,69825517c835c41957dff863,0.26666666666666666
69825516c835c41957dfe497,69825516c835c41957dfe207,0.1111111111111111
69825516c835c41957dfbc1a,69825516c835c41957dfbbe5,0.08333333333333333
69825516c835c41957dfbc1a,69825516c835c41957dfbc02,0.08333333333333333
69825517c835c41957dff930,69825517c835c41957e00bf6,2.2797619047619047
69825517c835c41957dff930,69825516c835c41957dfa73b,0.07142857142857142
69825517c835c41957dff930,69825516c835c41957dff27c,0.19642857142857142
69825517c835c41957dff930,69825516c835c41957dfe6a0,0.3333333333333333
69825516c835c41957dfa9be,69825516c835c41957dfd215,0.75
69825516c835c41957dff0e6,69825516c835c41957dfad9e,1.0
69825517c835c41957e018ad,69825517c835c41957e018ae,1.0
69825517c835c41957e00f6b,69825517c835c41957dffbd6,0.9248376623376624
69825516c835c41957dfd9e2,69825516c835c41957dfd2e2,0.3333333333333333
69825517c835c41957e00bf6,69825516c835c41957dfa73b,0.07142857142857142
69825517c835c41957e00bf6,69825516c835c41957dff27c,0.19642857142857142
69825516c835c41957dfd269,69825516c835c41957dfe49a,0.2
69825516c835c41957dfd0bb,69825517c835c41957dffb5f,0.25
69825516c835c41957dfd0bb,69825516c835c41957dfc7ff,0.3333333333333333
69825516c835c41957dfdb06,69825517c835c41957e01762,0.5
69825517c835c41957dff402,69825517c835c41957e00dc0,0.08333333333333333
69825517c835c41957dff402,69825517c835c41957e00a30,0.125
69825516c835c41957dfe80b,69825517c835c41957e00232,1.0
69825516c835c41957dfc0ab,69825516c835c41957dff151,0.5
69825516c835c41957dff072,69825516c835c41957dff069,0.5263157894736842
69825516c835c41957dff072,69825516c835c41957dff0d1,0.02631578947368421
69825516c835c41957dfbc02,69825516c835c41957dfbbe5,0.08333333333333333
69825517c835c41957dffdfa,69825516c835c41957dfa356,0.14285714285714285
69825516c835c41957dfad9e,69825517c835c41957e0081f,0.3333333333333333
69825517c835c41957e0098b,69825516c835c41957dfef59,0.06666666666666667
69825517c835c41957e0098b,69825516c835c41957dfcd49,0.19166666666666665
69825517c835c41957e0098b,69825517c835c41957dffc2f,0.19166666666666665
69825517c835c41957e0098b,69825517c835c41957e00a30,0.06666666666666667
69825517c835c41957e0098b,69825517c835c41957e00c0a,0.125
69825516c835c41957dfd943,69825516c835c41957dfb287,0.5
69825517c835c41957dffb7c,69825516c835c41957dfbdbd,0.5
69825517c835c41957dffb7c,69825516c835c41957dfb94b,0.3333333333333333
69825517c835c41957dffb7c,69825516c835c41957dfd6eb,0.25
69825517c835c41957dffd4d,69825517c835c41957dffd37,0.6666666666666666
69825516c835c41957dfce44,69825517c835c41957dff89e,0.3333333333333333
69825516c835c41957dfa403,69825516c835c41957dfe1b4,0.25
69825516c835c41957dfc4a5,69825516c835c41957dfa904,0.3333333333333333
69825517c835c41957e00885,69825516c835c41957dfa8ce,1.5
69825517c835c41957e00079,69825516c835c41957dfc8da,0.5
69825516c835c41957dfdf92,69825516c835c41957dfde86,0.5
69825516c835c41957dfe034,69825516c835c41957dfd0c9,0.05263157894736842
69825516c835c41957dfe034,69825516c835c41957dfab42,0.05263157894736842
69825516c835c41957dfe034,69825517c835c41957dffce6,0.3333333333333333
69825516c835c41957dfe034,69825516c835c41957dfba04,0.05263157894736842
69825517c835c41957e00f2c,69825516c835c41957dfe6f7,0.2
69825517c835c41957e00f2c,69825516c835c41957dfdd52,0.2
69825517c835c41957e00f2c,69825517c835c41957dff863,0.2
69825516c835c41957dfadcc,69825516c835c41957dfad7e,2.0
69825516c835c41957dfbb45,69825516c835c41957dfc0cc,0.5
69825516c835c41957dff145,69825516c835c41957dfef51,0.08333333333333333
69825516c835c41957dfe867,69825517c835c41957e01762,0.125
69825517c835c41957e01098,69825516c835c41957dfa867,1.0
69825516c835c41957dfa522,69825516c835c41957dfa42e,0.2
69825517c835c41957e00525,69825517c835c41957e00524,0.1111111111111111
69825517c835c41957e00525,69825517c835c41957dff89e,0.3333333333333333
69825516c835c41957dfb9ba,69825516c835c41957dfcfe2,0.6666666666666666
69825516c835c41957dfd892,69825517c835c41957e00a30,0.125
69825516c835c41957dfd892,69825516c835c41957dfef62,0.125
69825516c835c41957dfaddf,69825516c835c41957dfadc8,2.392857142857143
69825516c835c41957dfaddf,69825516c835c41957dfb96a,0.47619047619047616
69825516c835c41957dfaddf,69825516c835c41957dfb968,0.47619047619047616
69825516c835c41957dfba04,69825516c835c41957dfd0c9,0.05263157894736842
69825516c835c41957dfba04,69825516c835c41957dfab42,0.45263157894736844
69825517c835c41957e0182f,69825517c835c41957e01840,1.5
69825517c835c41957e01922,69825517c835c41957e00dc0,0.16666666666666666
69825516c835c41957dff151,69825516c835c41957dfd961,1.0
69825516c835c41957dfe63b,69825517c835c41957dffd4c,0.06666666666666667
69825516c835c41957dfe63b,69825516c835c41957dfc475,0.3333333333333333
69825517c835c41957e00f6e,69825517c835c41957dff880,0.3333333333333333
69825516c835c41957dfcaab,69825516c835c41957dfcaad,0.6666666666666666
69825516c835c41957dfcaab,69825516c835c41957dfcaae,0.6666666666666666
69825516c835c41957dff069,69825516c835c41957dff0d1,0.02631578947368421
69825516c835c41957dfb6b7,69825516c835c41957dfb72b,0.5
69825516c835c41957dfdaa8,69825516c835c41957dfa538,0.30952380952380953
69825516c835c41957dfa904,69825516c835c41957dfa0ad,0.1111111111111111
69825516c835c41957dfa904,69825516c835c41957df9e4a,0.1111111111111111
69825516c835c41957dfa73b,69825516c835c41957dfa3c2,0.3333333333333333
69825516c835c41957dfa73b,69825516c835c41957dff27c,0.07142857142857142
69825517c835c41957dffbd6,69825516c835c41957dfb783,0.1
69825517c835c41957dffbd6,69825516c835c41957df9f53,0.1
69825517c835c41957dffbd6,69825516c835c41957dfb96a,0.125
69825517c835c41957e01027,69825516c835c41957dff3af,1.0
69825516c835c41957dfc519,69825517c835c41957e00648,0.2
69825516c835c41957dfa48e,69825516c835c41957dfe019,0.3333333333333333
69825517c835c41957e002aa,69825517c835c41957e010d2,0.25
69825517c835c41957e002aa,69825516c835c41957dfc991,0.5
69825517c835c41957e01810,69825516c835c41957dfcead,0.5
69825517c835c41957e0094a,69825516c835c41957dff2ba,0.16666666666666666
69825517c835c41957e0094a,69825516c835c41957dfeef8,0.16666666666666666
69825516c835c41957dfa8f8,69825517c835c41957e00fb1,0.3333333333333333
69825516c835c41957dfd1f9,69825516c835c41957dfc445,5.0
69825517c835c41957e010db,69825516c835c41957dfd8dc,0.25
69825517c835c41957dff494,69825516c835c41957dfe019,1.0
69825516c835c41957dfd8dc,69825517c835c41957e00524,0.24285714285714285
69825516c835c41957dfef55,69825517c835c41957e00301,3.0
69825516c835c41957dfef55,69825516c835c41957dfc29c,2.0
69825517c835c41957e01001,69825517c835c41957e01811,1.0
69825517c835c41957e00c0a,69825516c835c41957dfcd49,0.125
69825517c835c41957e00c0a,69825517c835c41957dffc2f,0.125
69825517c835c41957e00a30,69825517c835c41957dffc2f,0.06666666666666667
69825517c835c41957e00a30,69825516c835c41957dfcd49,0.06666666666666667
69825517c835c41957e00a30,69825516c835c41957dfef59,0.06666666666666667
69825517c835c41957e00a30,69825516c835c41957dfef62,0.125
69825516c835c41957dfa076,69825516c835c41957dfa073,0.6428571428571428
69825516c835c41957dfadc8,69825516c835c41957dfb96a,0.47619047619047616
69825516c835c41957dfadc8,69825516c835c41957dfb968,0.8095238095238095
69825517c835c41957e003a7,69825516c835c41957dfda9e,0.75
69825517c835c41957e0051b,69825516c835c41957df9e4a,1.0
69825516c835c41957dfcacb,69825516c835c41957dfcacc,0.26666666666666666
69825516c835c41957dfab42,69825516c835c41957dfd0c9,0.05263157894736842
69825516c835c41957dfbaea,69825516c835c41957dfbaeb,2.0
69825516c835c41957dff2ba,69825516c835c41957dfeef8,0.16666666666666666
69825516c835c41957dff2ba,69825517c835c41957e01349,1.1666666666666667
69825517c835c41957e011ff,69825517c835c41957e00f28,0.5
69825517c835c41957e00e90,69825517c835c41957e0100e,4.5
69825517c835c41957e00e90,69825517c835c41957e0100c,0.5
69825516c835c41957df9e4a,69825516c835c41957dfa0ad,0.4777777777777778
69825516c835c41957dfdd52,69825516c835c41957dfe6f7,0.2
69825516c835c41957dfdd52,69825517c835c41957dff863,0.26666666666666666
69825516c835c41957dfcaad,69825516c835c41957dfcaae,0.6666666666666666
69825517c835c41957e01644,69825517c835c41957e01617,0.13852813852813853
69825517c835c41957e01644,69825517c835c41957e0168f,0.13852813852813853
69825516c835c41957dfc829,69825516c835c41957dfd21b,0.1111111111111111
69825516c835c41957dfb783,69825516c835c41957df9f53,0.1
69825516c835c41957dfbdbd,69825517c835c41957e01762,1.0
69825517c835c41957dff863,69825516c835c41957dfe6f7,0.2
69825516c835c41957dfb96a,69825516c835c41957dfb968,2.642857142857143
69825517c835c41957e0168f,69825517c835c41957e01617,0.13852813852813853
69825516c835c41957dfef9e,69825516c835c41957dfefb5,0.25555555555555554
69825516c835c41957dfef9e,69825516c835c41957dfefb1,0.30818713450292395
69825517c835c41957dff880,69825517c835c41957e01349,0.16666666666666666
69825517c835c41957e00769,69825516c835c41957dfa501,0.5
69825516c835c41957dfef59,69825516c835c41957dfcd49,0.06666666666666667
69825516c835c41957dfef59,69825517c835c41957dffc2f,0.5666666666666667
69825516c835c41957dfefb1,69825516c835c41957dfefb5,0.30818713450292395
69825516c835c41957dfa419,69825516c835c41957dfa44c,0.5
69825517c835c41957e0170d,69825517c835c41957e00e46,1.0
69825517c835c41957dffc2f,69825516c835c41957dfcd49,0.6916666666666667
69825516c835c41957dfc98f,69825516c835c41957dfb174,1.0
69825516c835c41957dff146,69825517c835c41957dffbfa,0.5
