cle,nb_nationalites,has_identifiants
"Davies, Wendy_2025-11-19T21:14:16",1,True
"Fouracre, Paul_2025-11-19T21:14:16",1,True
"McKitterick, Rosamond_2025-11-19T21:15:31",1,True
"Deyermond, Alan D._2025-11-19T21:22:21",1,True
"Knific, Timotej_2025-11-19T21:15:42",1,True
"Haggh, Barbara_2025-11-19T21:15:45",1,True
"Polak, Emil J._2025-11-19T21:15:46",1,True
"Driesch, Angela von den_2025-11-19T21:15:47",1,True
"Boessneck, Joachim_2025-11-19T21:15:47",1,True
"Campbell, Ewan_2025-11-19T21:15:49",1,True
"Lane, Alan_2025-11-19T21:15:49",1,True
"Bachrach, Bernard S._2025-11-19T21:16:14",1,True
"Brandsma, Frank_2025-11-19T21:16:14",1,True
"Keynes, Simon_2025-11-19T21:16:18",1,True
"Knol, Egge_2025-11-19T21:16:20",1,True
"Wood, Ian N._2025-11-19T21:17:29",1,True
"HALPERIN, CHARLES J._2025-11-19T21:24:24",1,True
"Hamerow, H. F._2025-11-19T21:35:34",1,True
"SCHABEL, Christopher D._2025-11-19T21:38:26",1,True
"Rowe, Elizabeth Ashman_2025-11-19T21:17:49",1,True
"Birnbaum, Henrik_2025-11-19T21:31:41",4,True
"Thomson, Francis J._2025-11-19T21:17:02",1,True
"Gasparov, Boris_2025-11-19T21:17:03",2,True
"Hedlund, Monica_2025-11-19T21:17:10",1,True
"Kramer, E._2025-11-19T21:22:37",0,False
"Cronin, Stephanie_2025-11-19T21:17:15",1,True
"Chevedden, Paul E._2025-11-19T21:17:16",1,True
"Richards, Julian D._2025-11-19T21:17:17",1,True
"Incirlioğlu, Emine                       Onaran_2025-11-19T21:17:17",0,False
"Halliday, Fred_2025-11-19T21:17:18",2,True
"Fuccaro, Nelida_2025-11-19T21:17:17",1,True
"Leaman, Oliver_2025-11-19T21:17:18",2,True
"Waines, David_2025-11-19T21:17:18",1,True
"Dutton, Yasin_2025-11-19T21:17:18",1,True
"Kilpatrick, Hilary_2025-11-19T21:17:18",3,True
"Hopwood, Derek_2025-11-19T21:17:17",1,True
"Galloway, J.H._2025-11-19T21:24:35",1,True
"Eltis, David_2025-11-19T21:17:20",2,True
"Overing, Gillian R._2025-11-19T21:17:21",1,True
"Jonas, Manfred_2025-11-19T21:17:22",2,True
"Collins, Robert O._2025-11-19T21:17:25",1,True
"VINCE, ALAN_2025-11-19T21:17:27",1,True
"Classen, Albrecht_2025-11-19T21:17:29",2,True
"Astill, Grenville_2025-11-19T21:17:30",2,True
"Crecelius, Daniel_2025-11-19T21:17:17",1,True
"Clout, Hugh_2025-11-19T21:17:34",1,True
"ROBERTSHAW, ALAN_2025-11-19T21:17:39",0,True
"Mägdefrau, Werner_2025-11-19T21:17:42",1,True
"Langer, Erika_2025-11-19T21:17:42",0,False
"Pálfi, György_2025-11-19T21:17:44",1,True
"Marcsik, Antónia_2025-11-19T21:17:44",0,False
"Robison, William B._2025-11-19T21:20:38",0,False
"Knific Lunder, Dragica_2025-11-19T21:17:57",1,True
"Bayer, Gerhard_2025-11-19T21:18:01",2,True
"Wiedermann, Hans-Georg_2025-11-19T21:18:01",0,False
"Démare-Lafont, Sophie_2025-11-19T21:18:02",1,True
"Besamusca, Bart_2025-11-19T21:18:15",1,True
"Hanawalt, Barbara A._2025-11-19T21:23:35",1,True
"Leveau, Philippe_2025-11-19T21:18:17",1,True
"Schimmel, Annemarie_2025-11-19T21:18:27",3,True
"Norman, Kenneth R._2025-11-19T21:18:29",1,True
"Bhattacharyya, Narendra Nath_2025-11-19T21:18:29",1,True
"Jain, Jagdish Chandra_2025-11-19T21:18:29",1,True
"Javor Briški, Marija_2025-11-19T21:18:30",1,True
"Eggermont, Pierre Herman Leonard_2025-11-19T21:18:38",0,True
"Pollet, Gilbert_2025-11-19T21:18:38",1,True
"Avenarius, Alexander_2025-11-19T21:18:40",1,True
"Sawyer, Peter Hayes_2025-11-19T21:18:41",2,True
"Musset, Lucien_2025-11-19T21:18:41",1,True
"L'Orange, Hans Peter_2025-11-19T21:18:42",3,True
"Torp, Hjalmar_2025-11-19T21:18:42",1,True
"Wilson, David McKenzie_2025-11-19T21:22:23",1,True
"Rosenwein, Barbara H._2025-11-19T21:18:42",1,True
"Colardelle, Michel_2025-11-19T21:18:48",1,True
"Lugand, Marc_2025-11-19T21:18:51",1,True
"Pellecuer, Christophe_2025-11-19T21:18:51",1,True
"Bou, Marie‑Hélène_2025-11-19T21:18:51",0,False
"Wyss, Michaël_2025-11-19T21:18:52",2,True
"Dubois, Claude_2025-11-19T21:18:52",1,True
"Erlande‑Brandenburg, Alain_2025-11-19T21:18:52",1,True
"Favreau, Robert_2025-11-19T21:18:52",1,True
"Gasparri, Françoise_2025-11-19T21:18:52",1,True
"Rieth, Éric_2025-11-19T21:18:53",1,True
"Dolbeau, François_2025-11-19T21:18:53",1,True
"Petitmengin, Pierre_2025-11-19T21:18:53",1,True
"Lorans, Élisabeth_2025-11-19T21:18:53",1,True
"Brochier, Jacques‑Léopold_2025-11-19T21:18:54",1,True
"Druart, Jean‑Claude_2025-11-19T21:18:54",1,True
"Dorioz, Jean‑Marcel_2025-11-19T21:18:54",1,True
"Guigue, Agnès_2025-11-19T21:18:54",0,False
"BoreL, Jean‑Luc_2025-11-19T21:18:54",1,True
"Lundstrom‑Baudais, Karen_2025-11-19T21:18:54",1,True
"Mignot, Christine_2025-11-19T21:18:54",1,True
"Olive, Claude_2025-11-19T21:18:54",0,True
"Desse, Jean_2025-11-19T21:18:54",1,True
"Desse‑Berset, Nathalie_2025-11-19T21:18:54",1,True
"Ferhi, André_2025-11-19T21:18:54",1,True
"Pautou, Guy_2025-11-19T21:18:54",1,True
"Brunier, Christine_2025-11-19T21:18:54",0,False
"Grudler, Agnès_2025-11-19T21:18:54",0,False
"Baudais, Dominique_2025-11-19T21:18:54",1,True
"Bidault, Michel_2025-11-19T21:18:54",1,True
"de Roguin, Louis_2025-11-19T21:18:54",0,False
"Mazard, Chantal_2025-11-19T21:18:54",1,True
"Verdel, Eric_2025-11-19T21:18:54",1,True
"Heitz, Carol_2025-11-19T21:18:54",1,True
"Lavagne, Henri_2025-11-19T21:18:54",1,True
"Moyne, Jean‑Pierre_2025-11-19T21:18:54",1,True
"Andru, Olivier_2025-11-19T21:18:54",1,True
"Bois, Michèle_2025-11-19T21:18:54",1,True
"Clermont‑Joly, Magdeleine_2025-11-19T21:18:54",1,True
"Álvares, Cristina_2025-11-19T21:18:58",1,True
"Diogo, Américo_2025-11-19T21:18:58",1,True
"Golb, Norman_2025-11-19T21:18:44",1,True
"Dierkens, Alain_2025-11-19T21:19:01",1,True
"Sicard, Germain_2025-11-19T21:19:01",1,True
"Chaker, Salem_2025-11-19T21:19:03",1,True
"Février, Paul-Albert_2025-11-19T21:19:03",1,True
"Sicard, Mireille_2025-11-19T21:19:04",1,True
"Boureau, Alain_2025-11-19T21:19:37",1,True
"Desanges, Jehan_2025-11-19T21:19:41",1,True
"Duval, Noël_2025-11-19T21:24:06",1,True
"Brun, Jean-Pierre_2025-11-19T21:19:41",1,True
"Golvin, Lucien_2025-11-19T21:42:10",1,True
"Trousset, Pol_2025-11-19T21:19:42",1,True
"Déjeux, J._2025-11-19T21:19:43",0,False
"Pantuček, S._2025-11-19T21:19:43",0,False
"Camps, Gabriel_2025-11-19T21:46:33",0,True
"Vycichl, Werner_2025-11-19T21:46:43",2,True
"Prasse, K.-G._2025-11-19T21:19:43",1,True
"Boetsch, G._2025-11-19T21:19:43",0,False
"Ferrié, J.-N._2025-11-19T21:19:43",1,True
"Paskoff, R._2025-11-19T21:19:44",1,True
"Lassère, Jean-Marie_2025-11-19T21:19:55",1,True
"Lancel, S._2025-11-19T21:19:49",1,True
"Peyras, Jean_2025-11-19T21:46:43",1,True
"Picard, G.-Ch_2025-11-19T21:19:52",0,False
"Morizot, P._2025-11-19T21:19:53",0,False
"Golvin, A._2025-11-19T21:19:54",0,False
"Lanfry, J._2025-11-19T21:19:54",1,True
"Gast, M._2025-11-19T21:19:55",1,True
"Bourgeot, A._2025-11-19T21:20:02",1,True
"Morizot, J._2025-11-19T21:20:06",0,False
"Chamla, M.-C._2025-11-19T21:20:06",1,True
"Demoulin, F._2025-11-19T21:20:06",0,False
"Adjali, S._2025-11-19T21:20:06",0,False
"Hilton, R. H._2025-11-19T21:20:34",1,True
"Gaffney, Vincent L._2025-11-19T21:20:37",1,True
"Knopf, Jan_2025-11-19T21:20:42",1,True
"Schönert, Jörg_2025-11-19T21:20:43",1,True
"Modick, Klaus_2025-11-19T21:20:43",1,True
"Möhrmann, Renate_2025-11-19T21:20:43",1,True
"Schwab, Hans-Rüdiger_2025-11-19T21:20:44",1,True
"Meid, Volker_2025-11-19T21:20:44",1,True
"Hoben, Josef_2025-11-19T21:20:44",1,True
"Bachmaier, Helmut_2025-11-19T21:20:45",2,True
"Blamberger, Günter_2025-11-19T21:20:46",1,True
"Schmitz, Matthias_2025-11-19T21:20:46",1,True
"Stollmann, Rainer_2025-11-19T21:20:47",1,True
"Schafroth, Heinz F._2025-11-19T21:20:47",1,True
"Lutz, Bernd_2025-11-19T21:20:47",1,True
"Meid, Marianne_2025-11-19T21:20:47",0,True
"Emmerich, Wolfgang_2025-11-19T21:20:47",1,True
"Heidtmann, Horst_2025-11-19T21:20:47",1,True
"Ohde, Horst_2025-11-19T21:20:47",1,True
"Kretschmer, Ernst_2025-11-19T21:20:47",1,True
"Dietz, Ludwig_2025-11-19T21:20:47",0,False
"Schmähling, Walter_2025-11-19T21:20:47",1,True
"Hotz, Karl_2025-11-19T21:20:47",1,True
"Stark, Michael_2025-11-19T21:20:47",1,True
"Walther, Elisabeth_2025-11-19T21:20:47",0,False
"Müller, Wolfgang_2025-11-19T21:20:47",0,True
"Kreidt, Dietrich_2025-11-19T21:20:47",1,True
"Wehdeking, Volker_2025-11-19T21:20:47",1,True
"Liebl-Kopitzki, Waltraut_2025-11-19T21:20:47",0,False
"Stein, Peter G._2025-11-19T21:31:51",0,False
"Beutin, Wolfgang_2025-11-19T21:20:47",1,True
"Habersetzer, Karl-Heinz_2025-11-19T21:20:47",1,True
"Vaßen, Florian_2025-11-19T21:20:47",1,True
"Vollhardt, Friedrich_2025-11-19T21:20:47",1,True
"Bauer, Stefan_2025-11-19T21:20:47",2,True
"Williams, Rhys W._2025-11-19T21:20:47",0,False
"Hilzinger, Sonja_2025-11-19T21:20:47",1,True
"Hauschild, Jan-Christoph_2025-11-19T21:20:47",1,True
"Stephan, Inge_2025-11-19T21:20:47",1,True
"Schweikert, Uwe_2025-11-19T21:20:47",1,True
"Zeidler, Lothar_2025-11-19T21:20:47",0,False
"Mende, Dirk_2025-11-19T21:20:47",1,True
"Grimm, Gunter E._2025-11-19T21:20:47",1,True
"Wetzel, Heinz_2025-11-19T21:20:47",1,True
"Viering, Jürgen_2025-11-19T21:20:48",1,True
"Wagner, Hans-Ulrich_2025-11-19T21:20:48",0,False
"Weißenborn, Birgit_2025-11-19T21:20:48",1,True
"Schneider, Ronald_2025-11-19T21:20:48",1,True
"Beutin, Heidi_2025-11-19T21:20:48",1,True
"Jansen, Hans_2025-11-19T21:20:48",0,False
"Müller-Hanpft, Susanne_2025-11-19T21:20:48",0,False
"Anz, Thomas_2025-11-19T21:20:48",1,True
"Gyulai, Ferenc_2025-11-19T21:26:50",0,False
"Hertelendi, E._2025-11-19T21:20:50",0,False
"Szabó, I._2025-11-19T21:20:50",0,False
"Lindbladh, Matts_2025-11-19T21:20:50",1,True
"Bradshaw, Richard H.W._2025-11-19T21:24:14",1,True
"McGovern, Thomas H._2025-11-19T21:17:26",0,False
"Bigelow, Gerald_2025-11-19T21:20:50",0,False
"Amorosi, Thomas_2025-11-19T21:20:50",0,True
"Russell, Daniel_2025-11-19T21:20:50",0,False
"Blankley, Alan_2025-11-19T21:20:50",0,False
"Forgione, Dana_2025-11-19T21:20:50",0,False
"Gualandi, P. Brasili_2025-11-19T21:20:50",0,False
"Calanchi, E._2025-11-19T21:20:50",0,False
"Oddy, William Andrew_2025-11-19T21:31:54",1,True
"La Niece, Susan_2025-11-19T21:20:52",1,True
"Blondiaux, J._2025-11-19T21:21:00",0,False
"Fletcher, Alan J._2025-11-19T21:21:09",1,True
"Wickham, Chris_2025-11-19T21:21:19",1,True
"Lapidge, Michael_2025-11-19T21:21:26",1,True
"Buchanan, W W_2025-11-19T21:21:27",1,True
"Lindsten, Rune_2025-11-19T21:21:27",1,True
"Ogaard, Björn_2025-11-19T21:21:27",0,True
"Larsson, Erik_2025-11-19T21:21:27",0,False
"Pleterski, Andrej_2025-11-19T21:21:28",1,True
"Józsa, László_2025-11-19T21:21:29",1,True
"Steuer, Heiko_2025-11-19T21:21:30",1,True
"Zaera-Polo, Alejandro_2025-11-19T21:21:30",4,True
"Quetglas, Josep_2025-11-19T21:21:30",1,True
"Rastorfer, Darl_2025-11-19T21:21:30",0,True
"Handler, J S_2025-11-19T21:21:31",1,True
"Corruccini, R S_2025-11-19T21:21:31",0,False
"Alden, D_2025-11-19T21:21:32",1,True
"Miller, J C_2025-11-19T21:21:32",0,False
"Rennie, J A_2025-11-19T21:21:32",0,False
"Olsson, Gunnar_2025-11-19T21:30:52",0,False
"Sagne, S_2025-11-19T21:21:33",0,False
"Ottosson, P G_2025-11-19T21:21:35",1,True
"Cohn, R L_2025-11-19T21:21:35",0,False
"Jensen, R A_2025-11-19T21:21:35",0,False
"Ováry, I_2025-11-19T21:21:36",0,False
"Donáth, T_2025-11-19T21:21:36",0,False
"Adeghate, E_2025-11-19T21:21:36",0,True
"Eriksson, S A_2025-11-19T21:21:45",0,True
"Rogers, J_2025-11-19T21:21:36",0,False
"Watt, Iain_2025-11-19T21:39:07",0,True
"Dieppe, P_2025-11-19T21:21:36",1,True
"Wackenheim, A_2025-11-19T21:21:36",1,True
"Dietemann, J_2025-11-19T21:21:36",0,False
"Babin, E_2025-11-19T21:21:36",0,False
"Soulié, R_2025-11-19T21:21:36",0,False
"Klein, H S_2025-11-19T21:21:38",0,False
"Engerman, Stanley L._2025-11-19T21:24:13",1,True
"Kerr, N W_2025-11-19T21:21:38",0,False
"Bruce, M F_2025-11-19T21:21:38",0,False
"Cross, J F_2025-11-19T21:21:38",0,False
"Szalai, F_2025-11-19T21:21:39",0,True
"Jávor, E_2025-11-19T21:21:39",0,False
"Helm, S_2025-11-19T21:21:40",0,False
"Prydsö, U_2025-11-19T21:21:40",0,False
"Sailer, H F_2025-11-19T21:21:41",1,True
"Kolb, E_2025-11-19T21:21:41",0,False
"Capasso, L_2025-11-19T21:21:42",0,True
"Pierfelice, V_2025-11-19T21:21:42",0,False
"Ciccarelli, Diego_2025-11-19T21:21:42",1,True
Giles_2025-11-19T21:21:42,1,True
"Chami, B_2025-11-19T21:21:43",0,False
"Blouquit, Y_2025-11-19T21:21:43",0,False
"Bardakdjian-Michau, J_2025-11-19T21:21:43",0,True
"Riou, J_2025-11-19T21:21:43",0,False
"Wajcman, H_2025-11-19T21:21:43",0,False
"Rosa, J_2025-11-19T21:21:43",0,False
"Galactéros, F_2025-11-19T21:21:43",1,True
"Boehm, Barbara Drake_2025-11-19T21:21:45",1,True
"Ekenman, I_2025-11-19T21:21:45",0,False
"Lindgren, J U_2025-11-19T21:21:45",0,True
"PATTERSON, Helen_2025-11-19T21:21:45",1,True
"Ciarrocchi, Barbara_2025-11-19T21:22:47",1,True
"MARTIN, Archer_2025-11-19T21:21:45",0,False
"PAROLI, Lidia_2025-11-19T21:21:45",1,True
"Ćirković, Sima M._2025-11-19T21:23:05",1,True
University of Iowa_2025-11-19T21:21:50,1,True
University of Minnesota_2025-11-19T21:21:50,1,True
"Workman, Katherine J._2025-11-19T21:21:50",0,False
"GRUPPER, SAMUEL MARTIN_2025-11-19T21:21:50",0,False
"Mulvihill, John Francis_2025-11-19T21:21:50",0,True
Purdue University_2025-11-19T21:21:50,1,True
"Levin, Eve_2025-11-19T21:28:25",1,True
"Mitchell, Linda Elizabeth_2025-11-19T21:21:51",1,True
"Scott, Barbara Gail_2025-11-19T21:21:52",0,True
"Wright, Steven Alan_2025-11-19T21:21:52",0,True
"Wang, Ji-hui_2025-11-19T21:21:53",1,True
"Winstead, Karen Anne_2025-11-19T21:21:53",1,True
"Wilkinson-Thompson, Cathryn_2025-11-19T21:21:53",0,False
"Horner, Shari Lynn_2025-11-19T21:21:53",0,False
"DE LA BARRA ARROYO, LUIS_2025-11-19T21:21:53",0,False
"KINDER, TERRYL NANCY_2025-11-19T21:21:54",2,True
"PITTS, BRENT ALAN_2025-11-19T21:21:54",1,True
"Suppan, Steven Robert_2025-11-19T21:21:54",0,False
"White, Donna Rae_2025-11-19T21:21:55",1,True
"Hall, R. A._2025-11-19T21:26:46",1,True
"Lazarus, L H_2025-11-19T21:21:57",0,False
"Attila, M_2025-11-19T21:21:57",0,True
"Robertson, A G_2025-11-19T21:21:58",0,True
"Robertson, L J_2025-11-19T21:21:58",0,False
"Mezzogiorno, V_2025-11-19T21:21:58",0,False
"Mezzogiorno, A_2025-11-19T21:21:58",0,False
"Passiatore, C_2025-11-19T21:21:58",0,False
"Lindgrén, Susanne_2025-11-19T21:22:01",0,False
"Neumann, Jehuda_2025-11-19T21:22:01",0,False
"Cotton, L. J._2025-11-19T21:22:15",0,False
"Cotton, D. W. K._2025-11-19T21:22:15",0,False
"Kirchner, Helena_2025-11-19T21:22:16",1,True
"Navarro, Carmen_2025-11-19T21:22:16",1,True
"Foote, Peter Godfrey_2025-11-19T21:22:23",1,True
"Koers, J.P._2025-11-19T21:22:25",0,False
"Lanting, J.N._2025-11-19T21:22:25",1,True
"Molema, J._2025-11-19T21:22:25",0,False
"Bos, Jurjen M._2025-11-19T21:22:37",0,False
"Fernández Hevia, José María_2025-11-19T21:22:26",0,False
"Argüello Menéndez, José Jorge_2025-11-19T21:22:26",1,True
"Besteman, J.C._2025-11-19T21:22:37",1,True
"Heidinga, H.A._2025-11-19T21:22:37",1,True
"Jager, A._2025-11-19T21:22:37",0,False
"Taayke, Ernst_2025-11-19T21:22:37",1,True
"Anderson, K._2025-11-19T21:22:37",1,True
"Boschker, J.K._2025-11-19T21:22:37",0,False
"Visser, D.M._2025-11-19T21:22:37",0,False
"Mélèze-Modrzejewski, Joseph_2025-11-19T21:34:35",2,True
"Juan García, Antonio de_2025-11-19T21:22:47",1,True
"Fernández Rodríguez, Macarena_2025-11-19T21:22:47",1,True
"Caballero Klink, Alfonso_2025-11-19T21:22:47",1,True
"Davidson, Herbert Alan_2025-11-19T21:22:48",1,True
"Pascual Pacheco, Josefa_2025-11-19T21:22:48",1,True
"Soriano Sanchez, Rafaela_2025-11-19T21:22:48",1,True
"Diop, Cheikh Anta_2025-11-19T21:22:49",1,True
ديوب، الشيخ أنتا_2025-11-19T21:22:49,0,False
"Hofstra, Tette_2025-11-19T21:23:10",1,True
"Samplonius, Kees_2025-11-19T21:23:10",0,True
"Fanning, Thomas_2025-11-19T21:21:34",0,True
"Kjærum, Poul_2025-11-19T21:21:34",1,True
"Bertelsen, John Brinch_2025-11-19T21:18:39",1,True
"Liversage, David_2025-11-19T21:18:39",1,True
"Lange, Johan_2025-11-19T21:18:39",1,True
"Vedet, Ulla_2025-11-19T21:18:39",0,False
"Madsen, Orla_2025-11-19T21:18:39",0,True
"Rösch, Manfred_2025-11-19T21:20:52",1,True
"Bourdillon, J._2025-11-19T21:23:21",1,True
"Coy, Jennie P._2025-11-19T21:23:21",0,False
"Pawloski, Barbara M._2025-11-19T21:23:23",0,False
"Sinder, Janet_2025-11-19T21:23:23",0,True
"Settles, Barbara H._2025-11-19T21:23:23",0,False
"Hanks, Daniel E._2025-11-19T21:23:23",1,True
"Sussman, Marvin B._2025-11-19T21:23:23",1,True
"Nilsson, Ann-Marie_2025-11-19T21:23:03",1,True
"FRANK, Daniel H._2025-11-19T21:21:45",1,True
"Ridgway, Brunilde Sismondo_2025-11-19T21:23:32",2,True
"Silver, Larry_2025-11-19T21:23:32",1,True
"Hindman, Sandra_2025-11-19T21:23:32",1,True
"Kuspit, Donald B._2025-11-19T21:23:32",1,True
"Hood, William_2025-11-19T21:23:32",0,False
"Mathews, Patricia Townley_2025-11-19T21:23:32",2,True
"Cropper, Elizabeth_2025-11-19T21:23:32",1,True
"Dempsey, Charles_2025-11-19T21:23:32",1,True
"Haverkamp Begemann, Egbert_2025-11-19T21:23:32",0,False
"Stafford, Barbara Maria_2025-11-19T21:23:32",1,True
"Schiff, Richard_2025-11-19T21:23:32",0,False
"Spector, Jack J._2025-11-19T21:23:32",1,True
"Kessler, Herbert L._2025-11-19T21:23:32",1,True
College Art Association of America_2025-11-19T21:23:32,1,True
Great Britain_2025-11-19T21:23:33,0,False
"Harding, Alan_2025-11-19T21:23:33",1,True
"Diefendorf, Barbara B._2025-11-19T21:23:35",0,False
"Eigenbrod, Les_2025-11-19T21:23:36",0,False
"Foley, Vernard_2025-11-19T21:23:36",0,False
"Soedel, Werner_2025-11-19T21:23:36",0,False
"Entz, Géza_2025-11-19T21:23:36",1,True
Erdélyi Múzeum-Egyesület_2025-11-19T21:23:36,2,True
"KING, PETER_2025-11-19T21:23:36",1,True
"COBBAN, ALAN B._2025-11-19T21:23:37",1,True
"Kempter, Heiko_2025-11-19T21:31:52",0,True
"Frenzel, Burkhard_2025-11-19T21:31:52",1,True
"Hsia, R. Po-chia_2025-11-19T21:23:38",1,True
"Redknap, Mark_2025-11-19T21:23:40",1,True
"Mott, Lawrence V_2025-11-19T21:26:26",0,False
"Robinson, J._2025-11-19T21:23:40",0,True
"Roberts, D._2025-11-19T21:23:40",0,False
"Casson, L._2025-11-19T21:23:40",1,True
"Rodger, N._2025-11-19T21:23:40",0,False
"Roberts, O._2025-11-19T21:23:40",0,False
"Weski, T._2025-11-19T21:23:40",0,False
"Daniel, C._2025-11-19T21:23:40",0,False
"Lawrence, R._2025-11-19T21:23:40",0,False
"Stammers, M._2025-11-19T21:23:40",0,False
"Harvey, Barbara F._2025-11-19T21:26:26",1,True
"Stančič, Zoran_2025-11-19T21:23:47",0,False
"Oštir, Krištof_2025-11-19T21:23:47",1,True
"Ciglenečki, Slavko_2025-11-19T21:23:47",1,True
"Kenda, Albina_2025-11-19T21:23:48",0,False
"Svoljšak, Drago_2025-11-19T21:23:48",1,True
"Auld, Sylvia_2025-11-19T21:17:17",1,True
"Woolley, Linda_2025-11-19T21:17:17",1,True
"Yapp, M. E._2025-11-19T21:17:17",0,False
"Goddard, Hugh_2025-11-19T21:17:17",1,True
"Thomas, David_2025-11-19T21:17:17",1,True
"Borthwick, Bruce_2025-11-19T21:17:17",0,True
"Gerami, Shahin_2025-11-19T21:17:17",0,False
"Karanasou, Floresca_2025-11-19T21:17:17",0,True
"Newman, Andrew_2025-11-19T21:23:54",1,True
"Abaza, Mona_2025-11-19T21:17:18",1,True
"Clark, Peter_2025-11-19T21:17:18",1,True
"Sidahmed, Abdel Salam_2025-11-19T21:23:54",1,True
"Kumaraswamy, P. R._2025-11-19T21:17:18",1,True
"Nielsen, Jens N._2025-11-19T21:26:31",0,True
"Dawletschin-Linder, Camilla_2025-11-19T21:23:54",1,True
"Choueiri, Youssef_2025-11-19T21:17:18",1,True
"Hinchcliffe, Peter_2025-11-19T21:17:18",1,True
"Stanley, Bruce_2025-11-19T21:17:18",0,False
"Balfour-Paul, Glen_2025-11-19T21:23:54",1,True
"Rathmell, Andrew_2025-11-19T21:17:18",1,True
"Murphy, Emma_2025-11-19T21:23:54",1,True
"Lalor, Paul_2025-11-19T21:17:18",0,False
"Stork, Joe_2025-11-19T21:17:18",1,True
"Davies, Cameron_2025-11-19T21:17:18",0,False
"Nonneman, Gerd_2025-11-19T21:17:18",1,True
"Ehteshami, Anoushiravan_2025-11-19T21:17:18",2,True
"Mahdi, Kamil_2025-11-19T21:17:18",1,True
"Ghilès, Francis_2025-11-19T21:17:18",0,False
"Watson, Janet_2025-11-19T21:23:54",2,True
"Gully, Adrian_2025-11-19T21:17:18",1,True
"Woodward, Peter_2025-11-19T21:17:18",1,True
"Mojaddedi, Jawid_2025-11-19T21:23:54",2,True
"Netton, Ian Richard_2025-11-19T21:23:54",1,True
"Brush, G S_2025-11-19T21:23:54",0,False
"Hilgartner, W B_2025-11-19T21:23:54",0,False
"Khan, H_2025-11-19T21:23:54",0,False
"Tobin, Frank_2025-11-19T21:23:59",1,True
"Lombard, Maurice_2025-11-19T21:24:00",1,True
"Sourdel, Dominique_2025-11-19T21:37:27",1,True
"Spooner, Frank_2025-11-19T21:24:01",1,True
"de Roover, Raymond_2025-11-19T21:24:01",3,True
"Kirshner, J._2025-11-19T21:24:01",0,False
"Dodwell, Barbara_2025-11-19T21:24:01",1,True
"Bridbury, A. R._2025-11-19T21:24:01",1,True
"Dyer, Alan_2025-11-19T21:24:01",1,True
"Rosser, Gervase_2025-11-19T21:24:01",1,True
"Guzman, Gregory G._2025-11-19T21:25:16",1,True
"Osterberg, Eva_2025-11-19T21:24:03",1,True
"Walker, Sue Sheridan_2025-11-19T21:24:03",1,True
"Pounds, Norman John Greville_2025-11-19T21:41:42",2,True
"Nowakowski, Wojciech_2025-11-19T21:24:05",2,True
"Bartkiewicz, Katarzyna_2025-11-19T21:24:05",1,True
"Popovic, Vladislav_2025-11-19T21:24:06",1,True
"Bosković, D._2025-11-19T21:24:06",0,False
"Gros, Pierre_2025-11-19T21:24:06",1,True
"Gruzinski, Serge_2025-11-19T21:24:06",1,True
"Rouveret, Agnès_2025-11-19T21:24:06",1,True
"Knight, Alan E._2025-11-19T21:24:07",1,True
"Burns, J. H._2025-11-19T21:25:29",1,True
"RUBIN, MIRI_2025-11-19T21:24:10",1,True
"Fraser, Derek_2025-11-19T21:24:10",1,True
"Macfarlane, Alan_2025-11-19T21:24:10",2,True
"Kretzmann, Norman_2025-11-19T21:24:11",1,True
"Runnalls, Graham A._2025-11-19T21:24:14",1,True
"Cowie, Robert_2025-11-19T21:25:59",1,True
"Stuard, Susan Mosher_2025-11-19T21:24:21",1,True
"Bushkovitch, Paul_2025-11-19T21:24:23",1,True
"Rawcliffe, Carole_2025-11-19T21:24:25",1,True
"Hexter, Ralph J._2025-11-19T21:24:27",1,True
"Faes De Mottoni, Barbara_2025-11-19T21:21:42",1,True
"Thomason, Sarah G._2025-11-19T21:24:29",1,True
"Elgibali, Alaa_2025-11-19T21:24:29",1,True
"Van der Molen, P.C._2025-11-19T21:24:29",0,False
"Hoekstra, S.P._2025-11-19T21:24:29",0,False
"Rösing, F.W._2025-11-19T21:24:29",0,False
"Schwidetzky, I._2025-11-19T21:24:29",1,True
"Hagedorn, Jan H._2025-11-19T21:40:49",0,False
"Rother, N._2025-11-19T21:24:30",0,False
"Demaitre, Edmund_2025-11-19T21:24:31",2,True
"Demaitre, Ann_2025-11-19T21:24:31",0,False
"Wiles, Gregory C._2025-11-19T21:24:34",0,False
"Calkin, Parker E._2025-11-19T21:24:34",1,True
"Poos, L.R._2025-11-19T21:24:34",0,True
"Winchester, Angus J.L._2025-11-19T21:24:34",1,True
"de Vries, Jan_2025-11-19T21:24:34",2,True
"Andrews, J.H._2025-11-19T21:24:34",0,True
"Revill, George_2025-11-19T21:24:34",1,True
"Cosgrove, Denis_2025-11-19T21:24:34",1,True
"Musgrave, Peter_2025-11-19T21:24:34",1,True
"Baker, Alan R.H._2025-11-19T21:24:34",1,True
"Hinde, P.R.Andrew_2025-11-19T21:24:34",1,True
"Mathewson, Kent_2025-11-19T21:24:34",1,True
"Allen, John Logan_2025-11-19T21:24:35",1,True
"Meinig, D.W._2025-11-19T21:24:35",0,True
"Sanger, Chesley W._2025-11-19T21:24:35",1,True
"Skelcher, Bradley_2025-11-19T21:24:35",0,True
"Ley, David_2025-11-19T21:24:35",1,True
"Hall, Peter_2025-11-19T21:24:35",1,True
"El-Solii, Camillia Fawzi_2025-11-19T21:24:35",0,True
"McEwan, Cheryl_2025-11-19T21:24:35",1,True
"Osborne, Brian S._2025-11-19T21:24:35",0,False
"Wigen, Kären_2025-11-19T21:24:35",1,True
"Allmand, C. T._2025-11-19T21:24:41",1,True
"Roskill, J. S._2025-11-19T21:24:41",0,False
"Clark, L._2025-11-19T21:24:41",0,False
"Orme, Nicholas_2025-11-19T21:24:42",1,True
"Mann, Jill_2025-11-19T21:24:47",2,True
"Bonifay, Michel_2025-11-19T21:24:59",1,True
"Conges, Gaëtan_2025-11-19T21:25:00",1,True
"Macklin, M. G._2025-11-19T21:25:08",1,True
"Passmore, D. G._2025-11-19T21:25:08",1,True
"Stevenson, A. C._2025-11-19T21:25:08",0,False
"Cowley, D. C._2025-11-19T21:25:08",0,False
"Edwards, David N._2025-11-19T21:25:44",0,False
"O'Brien, C. F._2025-11-19T21:25:08",0,False
"BROMLEY, R. J._2025-11-19T21:25:11",1,True
"SYMANSKI, RICHARD_2025-11-19T21:25:11",1,True
"GOOD, CHARLES M._2025-11-19T21:25:11",1,True
"Holmes, Lore L._2025-11-19T21:25:36",0,False
"HARBOTTLE, G._2025-11-19T21:25:11",1,True
"BLANC, A._2025-11-19T21:25:11",0,False
"Borreani, Marc_2025-11-19T21:25:15",1,True
"Berato, Jacques_2025-11-19T21:25:15",0,False
"Tao, Chia-lin Pao_2025-11-19T21:25:16",0,True
"Tao, Jing-shen_2025-11-19T21:25:16",0,True
"Wring, James F._2025-11-19T21:25:16",0,False
"Goldschmidt, Arthur_2025-11-19T21:25:16",1,True
"Harris, Brice_2025-11-19T21:25:16",0,True
"Mullins, William H._2025-11-19T21:25:16",0,False
"Glasco, Laurence A._2025-11-19T21:25:16",1,True
"Andrew, John A._2025-11-19T21:25:16",1,True
"Millard, Andre_2025-11-19T21:25:16",1,True
"Fairchild, Jack_2025-11-19T21:25:16",0,False
"Salmond, John A._2025-11-19T21:25:16",1,True
"Hauptman, Laurence M._2025-11-19T21:25:16",1,True
"Scherzer, Kenneth A._2025-11-19T21:25:16",1,True
"Leon, David_2025-11-19T21:25:16",1,True
"Tillson, Albert H._2025-11-19T21:25:16",1,True
"Casdorph, Paul D._2025-11-19T21:25:16",0,True
"Klunder, Willard Carl_2025-11-19T21:25:16",1,True
"Armstrong, Thom M._2025-11-19T21:25:16",0,True
"Hartsfield, Larry_2025-11-19T21:25:16",0,False
"Story, Ronald_2025-11-19T21:25:16",1,True
"Konek, Carol Wolfe_2025-11-19T21:25:16",0,True
"Chesson, Michael B._2025-11-19T21:25:16",0,True
"Carlson, Paul H._2025-11-19T21:25:16",1,True
"Holloran, Peter C._2025-11-19T21:25:16",1,True
"Pfeffer, Paula F._2025-11-19T21:25:16",1,True
"Ballard, Michael B._2025-11-19T21:25:16",2,True
"Rutland, Robert Allen_2025-11-19T21:25:16",1,True
"Larson, John Lauritz_2025-11-19T21:25:16",1,True
"Geib, George W._2025-11-19T21:25:16",1,True
"Bailey, Jackson H._2025-11-19T21:25:16",1,True
"Knee, Stuart_2025-11-19T21:25:16",0,False
"Wheeler, Arthur_2025-11-19T21:25:16",1,True
"Johnston, Charles M._2025-11-19T21:25:16",1,True
"Pugh, Martin_2025-11-19T21:25:16",1,True
"Covert, James T._2025-11-19T21:25:16",1,True
"Startt, James D._2025-11-19T21:25:16",1,True
"Levin, Carule_2025-11-19T21:25:16",0,False
"Bornstein, Daniel_2025-11-19T21:25:16",1,True
"Sprunger, Keith L._2025-11-19T21:25:16",1,True
"Long, John W._2025-11-19T21:25:16",0,True
"Fissel, Mark Charles_2025-11-19T21:25:16",1,True
"Coogan, John W._2025-11-19T21:25:16",1,True
"Adams, Thomas M._2025-11-19T21:25:16",1,True
"Gueldry, Michel_2025-11-19T21:25:16",2,True
"Weisser, Henry_2025-11-19T21:25:16",1,True
"Murray, Bruce K._2025-11-19T21:25:16",1,True
"Ewan, Elizabeth_2025-11-19T21:25:16",1,True
"Lincoln, W. Bruce_2025-11-19T21:25:16",0,False
"Katz, Jorge M._2025-11-19T21:25:17",0,True
"Todd, Barbara J._2025-11-19T21:25:19",0,False
森  征一_2025-11-19T21:25:23,0,False
モリ  セイイチ_2025-11-19T21:25:23,0,False
Mori  Seiichi_2025-11-19T21:25:23,0,False
"Pap, Ildikó._2025-11-19T21:25:26",0,True
"Kovács, József_2025-11-19T21:25:27",0,True
"Dobrowolski, Artur A._2025-11-19T21:25:27",0,False
"Dobrowolski, J. A._2025-11-19T21:25:27",0,False
"Fodstad, Harald_2025-11-19T21:25:28",0,True
"Ljunggren, Bengt_2025-11-19T21:25:28",1,True
J.H._2025-11-19T21:25:29,0,False
"Floistad, G._2025-11-19T21:25:29",1,True
"Kretzmann, Barbara Ensign_2025-11-19T21:25:29",1,True
"Priest, Graham_2025-11-19T21:25:29",2,True
"Sylvan, Richard_2025-11-19T21:25:29",1,True
"Norman, Jean_2025-11-19T21:25:29",1,True
"Lewis, Harry A._2025-11-19T21:25:29",0,True
"Mill, John Stuart_2025-11-19T21:25:29",3,True
"Gray, Tim_2025-11-19T21:25:29",1,True
"Berger, Fred R._2025-11-19T21:25:29",1,True
"Carroll, Noel_2025-11-19T21:25:29",1,True
"Gallie, W. B._2025-11-19T21:25:29",1,True
"Adams, Marilyn McCord_2025-11-19T21:25:29",1,True
"Adams, Robert Merrihew_2025-11-19T21:25:29",1,True
"Ruch, Barbara_2025-11-19T21:25:32",0,False
Charles S. F. Burnett_2025-11-19T21:25:32,1,True
"Stoklund, Marie_2025-11-19T21:25:32",1,True
"Semple, Benjamin_2025-11-19T21:25:32",0,True
"Frank, Robert Worth_2025-11-19T21:30:58",0,False
"Jones, Robin F._2025-11-19T21:25:32",0,False
"Gordon, Robert B._2025-11-19T21:25:33",0,False
"Reynolds, Terry S._2025-11-19T21:25:33",1,True
"Wixom, William D._2025-11-19T21:25:34",1,True
"Little, Charles T._2025-11-19T21:25:34",1,True
"Rivolta, Barbar_2025-11-19T21:25:34",0,False
"Husband, Timothy B._2025-11-19T21:25:34",1,True
"Daniel, Norman_2025-11-19T21:25:35",2,True
"Badrawi, Sami_2025-11-19T21:25:35",0,False
"Mowl, Timothy_2025-11-19T21:25:36",1,True
"Earnshaw, Brian_2025-11-19T21:25:36",1,True
"Müller-Wille, Michael_2025-11-19T21:25:36",1,True
"Dörfler, Walter_2025-11-19T21:25:36",1,True
"Meier, Dietrich_2025-11-19T21:25:36",0,False
"Kroll, Helmut_2025-11-19T21:25:36",1,True
"Sayre, Edward V._2025-11-19T21:25:36",0,True
"Frank, J. H._2025-11-19T21:25:37",0,False
"McCoy, E. D._2025-11-19T21:25:37",0,False
"Clark, J. S._2025-11-19T21:25:37",0,True
"Merkt, J._2025-11-19T21:25:37",0,False
"Muller, H.-J._2025-11-19T21:26:18",1,True
"Frank, Roberta_2025-11-19T21:26:25",1,True
"Ralston, Ian B.M._2025-11-19T21:35:31",1,True
"Littleton, C. Scott_2025-11-19T21:26:07",1,True
"Malcor, Linda A._2025-11-19T21:26:07",1,True
"Noret, Jacques_2025-11-19T21:26:08",1,True
"Hornos Mata, Francisca_2025-11-19T21:22:16",0,False
"Pérez Martínez, María Carmen_2025-11-19T21:26:13",0,False
"Alcázar Hernández, Eva María_2025-11-19T21:26:13",0,False
"STEER, J._2025-11-19T21:26:14",3,True
"WHITE, A._2025-11-19T21:26:14",0,False
"Martin, R L_2025-11-19T21:26:18",0,False
"Carlstein, T_2025-11-19T21:26:18",1,True
"Short, J R_2025-11-19T21:26:18",0,False
"Unwin, D J_2025-11-19T21:26:18",0,True
"Plessis-Fraissard, M_2025-11-19T21:26:18",0,False
"Paulsen, J.J._2025-11-19T21:26:18",0,True
"Giachino, J.M._2025-11-19T21:26:18",0,False
"Holland, Maurice J._2025-11-19T21:26:25",0,False
"Bonde, Niels_2025-11-19T21:22:22",0,True
"Pattison, David_2025-11-19T21:26:36",1,True
"Nelson, Alan H._2025-11-19T21:26:43",1,True
"Borchardt, Frank L._2025-11-19T21:26:44",1,True
"Leader, Damian Riehl_2025-11-19T21:30:54",0,False
"Pasnau, Robert_2025-11-19T21:26:44",1,True
"DELOGU, Paolo_2025-11-19T21:21:47",1,True
"Osborn, Marijane_2025-11-19T21:27:08",1,True
"Twycross, Meg_2025-11-19T21:27:31",1,True
"Kokabi, Mostefa_2025-11-19T21:27:39",3,True
"Ericson, Per G. P._2025-11-19T21:27:39",1,True
"Iregren, Elisabeth_2025-11-19T21:27:39",1,True
"Vretemark, Maria_2025-11-19T21:27:39",1,True
"Noddle, Barbara A._2025-11-19T21:27:40",0,False
"Bramwell, David_2025-11-19T21:27:40",1,True
"Jones, A._2025-11-19T21:27:40",0,False
"Farrar, R. A._2025-11-19T21:27:45",0,False
"Klingelhofer, A. G. S._2025-11-19T21:27:45",0,False
"Leigh, D._2025-11-19T21:27:45",0,False
"Fleming, Andrew_2025-11-19T21:27:45",1,True
"Ralph, Nicholas_2025-11-19T21:27:45",0,False
"Seaby, Wilfred A._2025-11-19T21:27:45",1,True
"Woodfield, Paul_2025-11-19T21:27:45",1,True
"Lamm, Kristina_2025-11-19T21:27:46",1,True
"Lundström, Agneta_2025-11-19T21:27:46",1,True
"Reichstein, Hans_2025-11-19T21:27:46",1,True
"Schenkel, Wolfgang_2025-11-19T21:27:46",1,True
"Gringmuth-Dallmer, Eike_2025-11-19T21:27:47",1,True
"Lange, Elsbeth_2025-11-19T21:27:47",1,True
"Ciach, Teresa Danuta_2025-11-19T21:27:48",1,True
"Penkala, Barbara_2025-11-19T21:27:48",1,True
"Briggs, C. S._2025-11-19T21:27:49",1,True
"Guido, Margaret_2025-11-19T21:27:49",1,True
"Walsh, Aidan_2025-11-19T21:27:49",1,True
"Goldberg, P. J. P._2025-11-19T21:28:23",0,False
"Hollevoet, Y._2025-11-19T21:28:33",0,False
"Evans, J._2025-11-19T21:28:33",0,False
"Henderson, Jane_2025-11-19T21:28:33",0,True
"Milles, A._2025-11-19T21:28:33",1,True
"Noodle, B._2025-11-19T21:28:33",1,True
"Rouse, A._2025-11-19T21:28:33",0,False
"Jecock, Marcus_2025-11-19T21:28:34",0,False
"Richmond, Lizzie_2025-11-19T21:28:34",0,True
"Tuck, Catherine_2025-11-19T21:28:34",1,True
"Barbarelli, J. A._2025-11-19T21:28:45",0,False
"Bartolomei, J. C._2025-11-19T21:28:45",0,False
"Castillo Taberoa, Felix Eduardo_2025-11-19T21:28:46",0,False
"Moros Ghersi, Carlos Alberto_2025-11-19T21:28:46",0,True
Sociedad Venezolana de Medicina Interna_2025-11-19T21:28:46,0,True
"KOLB, FRANK_2025-11-19T21:28:47",1,True
"KUPKE, BARBARA_2025-11-19T21:28:47",1,True
"MILLER, MARTIN_2025-11-19T21:28:47",1,True
"ZIMMERMANN, MARTIN_2025-11-19T21:28:47",1,True
"Pessin, Mark_2025-11-19T21:28:48",0,False
"Brown, Elizabeth A. R._2025-11-19T21:39:48",1,True
"Clark, William W._2025-11-19T21:28:48",1,True
"Gerson, Paula_2025-11-19T21:28:48",1,True
"Dirlam, Barbara R._2025-11-19T21:28:48",0,False
"Cothren, Michael_2025-11-19T21:28:48",1,True
"Papanicolaou, Linda Morey_2025-11-19T21:28:48",0,False
"Esteban Recio, Asunción_2025-11-19T21:28:49",1,True
"Izquierdo García, María Jesús_2025-11-19T21:28:49",1,True
"Ohrenstein, Roman A._2025-11-19T21:28:53",2,True
"Gordon, Barry_2025-11-19T21:28:53",1,True
"Pol, Anne-Marie_2025-11-19T21:29:04",1,True
"Juillard, André._2025-11-19T21:29:04",1,True
"Morerod, Jean-Daniel_2025-11-19T21:29:08",1,True
"Viljoen, H._2025-11-27T19:23:41",0,True
"Evans, Richard J._2025-11-19T21:29:35",1,True
"Bird, H.W_2025-12-26T17:04:51",0,False
"Lofstedt, Bengt_2025-12-26T17:04:51",0,False
"Tarver, James D._2025-12-26T16:36:37",0,False
"Miller, H. Max_2025-12-26T16:36:37",0,False
"Booysen, J._2025-12-26T16:36:37",0,False
"Fisher, R.C._2025-12-26T16:36:37",0,False
"Ricci, Digby_2026-01-24T14:06:11",0,False
"Suzman, Janet_2026-01-24T14:06:11",0,False
"Knox-Shaw, Peter_2026-01-24T14:06:11",0,False
"Van Zyl, John_2026-01-24T14:06:11",0,False
"Amato, Rob_2026-01-24T14:06:11",0,False
"Morris, A.G._2025-12-26T16:36:37",0,False
"Keen, E.N._2025-12-26T16:36:37",0,False
"Van Reenen, Pieter_2025-12-26T16:36:37",0,True
"Mulder, Maaike_2025-12-26T16:36:37",0,False
Bernard Bouchet_2025-11-19T21:29:50,0,False
Gérard Nicolini_2025-11-19T21:29:50,1,True
"Mesa, M.S._2025-11-27T19:23:42",0,False
"Garralda, M.D._2025-11-27T19:23:42",1,True
"Marquet, N._2025-11-19T21:29:51",0,False
"Kurzawski, V._2025-11-19T21:29:51",0,False
Ségolène Demougin_2025-11-19T21:29:52,1,True
Michel Christol_2025-11-19T21:29:52,1,True
Violeta Božilova_2025-11-19T21:29:52,1,True
Maria Cicikova_2025-11-19T21:29:52,1,True
"Sansterre, Jean-Marie_2025-11-19T21:35:02",1,True
"Rabb, Theodore K._2025-11-19T21:29:55",1,True
"King, P.D._2025-11-19T21:29:59",0,False
"Bonnassie, Pierre_2025-11-19T21:30:00",1,True
"Birrell, Jean_2025-11-19T21:30:00",1,True
"Yamamura, Kozo_2025-11-19T21:30:00",1,True
"Schmidt, Victor Michael_2025-11-19T21:31:42",1,True
"Palmer, Nigel F._2025-11-19T21:30:37",1,True
"Louys, Daniel_2025-11-19T21:30:38",1,True
"Poliakov, Léon_2025-11-19T21:30:38",1,True
"Fitzpatrick, Andrew P._2025-11-19T21:30:42",1,True
"Hurwitz, Ellen S._2025-11-19T21:30:50",0,False
"Raevsky-Hughes, Olga_2025-11-19T21:30:50",2,True
"O'Donnell, Brian_2025-11-19T21:23:35",0,False
"Gotlind, Anna_2025-11-19T21:30:50",1,True
"Platis, Graham_2025-11-19T21:30:52",0,False
"Itzkowitz, Norman_2025-11-19T21:28:59",2,True
"Lindner, Rudi Paul_2025-11-19T21:30:53",1,True
"Grant, Annie_2025-11-19T21:30:53",1,True
"MacPherson, Alan G._2025-11-19T21:30:53",1,True
"Taylor, Jerome_2025-11-19T21:30:54",1,True
"Vivian, Kim_2025-11-19T21:30:54",1,True
"Lawson, Richard H._2025-11-19T21:30:54",0,False
"Lynch, Joseph H._2025-11-19T21:30:54",1,True
"Bursill-Hall, G. L._2025-11-19T21:30:56",2,True
"Pinborg, Jan_2025-11-19T21:30:56",1,True
"Kohlenberger, Helmut_2025-11-19T21:30:56",1,True
"Sayce, Olive_2025-11-19T21:30:56",1,True
"Overfield, James H._2025-11-19T21:30:56",1,True
"Thomas, J. W._2025-11-19T21:30:56",1,True
"Metlitzki, Dorothee_2025-11-19T21:30:56",2,True
"Wilgus, D. K._2025-11-19T21:30:56",0,False
"Jonsson, Bengt R._2025-11-19T21:30:58",1,True
"Solheim, Svale_2025-11-19T21:30:56",1,True
"Danielson, Eva_2025-11-19T21:30:56",1,True
"Clover, Carol J._2025-11-19T21:30:57",1,True
"Cigman, Gloria_2025-11-19T21:30:57",1,True
"Rickard, Peter_2025-11-19T21:30:57",1,True
"Blamires, David_2025-11-19T21:30:57",1,True
"Brewer, Derek_2025-11-19T21:30:57",1,True
"Hussey, S. S._2025-11-19T21:30:58",1,True
"Shaw, Frank_2025-11-19T21:30:58",1,True
"Wild, John Peter_2025-11-19T21:30:58",1,True
"Barrett, Catherine Jean_2025-11-19T21:31:17",1,True
"MacInnes, L._2025-11-19T21:30:58",0,False
"Prokopenko, V._2025-11-27T19:23:42",0,False
"Rudenko, D._2025-11-27T19:23:42",0,False
Jean-Paul Bravard_2025-11-19T21:31:23,1,True
Jean Tricart_2025-11-19T21:31:23,1,True
Véronique Chaussée_2025-11-19T21:31:23,0,False
Martine Callias Bey_2025-11-19T21:31:23,0,False
Nicole Blondel_2025-11-19T21:31:23,0,False
Jean-André Cancellieri_2025-11-19T21:31:33,1,True
René Lozi_2025-11-19T21:31:33,1,True
Monique Zerner_2025-11-19T21:31:33,1,True
"Miller, David B._2025-11-19T21:23:35",0,False
"Marti, Berthe M._2025-11-19T21:31:35",2,True
"Broise, Pierre_2025-11-19T21:31:35",1,True
"Nagler, A. M._2025-11-19T21:31:35",1,True
"Samuel, Alan E._2025-11-19T21:31:35",1,True
J.-L. Girault_2025-11-19T21:31:36,0,False
"Moireau, F._2025-11-27T19:23:42",0,False
"Genty, P._2025-11-27T19:23:42",0,False
Ch Theureau_2025-11-19T21:31:36,0,False
"Burnell, S._2025-11-27T19:23:42",1,True
"Powell, Edward_2025-11-19T21:31:40",0,True
"Given, James Buchanan_2025-11-19T21:31:40",1,True
"Ingham, Norman W._2025-11-19T21:23:36",1,True
"Zenkovsky, Serge A._2025-11-19T21:31:40",5,True
"Goff, Jacques Le_2025-11-19T21:31:40",1,True
"Goldhammer, Arthur_2025-11-19T21:31:40",1,True
"Leyser, K. J._2025-11-19T21:31:41",2,True
"Kazushige, Kobayashi_2025-11-19T21:31:41",0,False
"Görres, Marcel_2025-11-19T21:31:52",0,True
"Berkhout, Carl T._2025-11-19T21:31:56",1,True
Mark Gudwin_2025-11-19T21:32:12,0,False
"Kennedy, E.S._2025-11-19T21:34:25",0,False
"Aris, Rutherford_2025-11-19T21:34:25",1,True
"Hogendijk, Jan_2025-11-19T21:34:26",1,True
"Ragotzky, Hedda_2025-11-19T21:34:30",1,True
"Weinmayer, Barbara_2025-11-19T21:34:30",1,True
"Christensen, Arne Emil_2025-11-19T21:16:17",1,True
"Misonne, Daniel_2025-11-19T21:35:02",1,True
"Sawyer, Birgit_2025-11-19T21:35:04",1,True
"Rodwell, Warwick_2025-11-19T21:35:31",1,True
"Rodwell, Kirsty_2025-11-19T21:35:31",0,True
"Fairweather, Alan D._2025-11-19T21:35:31",0,False
"Jewett, Margareth_2025-11-19T21:35:38",0,False
"Long, R. James_2025-11-19T21:35:38",1,True
"Inman, R._2025-11-19T21:35:44",0,False
"Brown, D. R._2025-11-19T21:35:44",0,True
"Goddard, R. E._2025-11-19T21:35:44",0,False
"Spratt, D. A._2025-11-19T21:35:44",0,False
"McRee, Ben R._2025-11-19T21:35:50",0,False
"Hieatt, Constance B._2025-11-19T21:35:52",1,True
"Whytehead, Robert_2025-11-19T21:36:09",0,False
"Smith, G. H._2025-11-19T21:36:12",0,False
"Dickinson, B._2025-11-19T21:36:12",0,False
"Hartley, B.R._2025-11-19T21:36:12",0,False
"Austen, S._2025-11-19T21:36:12",1,True
"Hartley, K.F._2025-11-19T21:36:12",1,True
"Wilkinson, T. J._2025-11-19T21:36:12",0,False
"Balaam, N._2025-11-19T21:36:12",0,False
"Budny, Mildred_2025-11-19T21:36:21",1,True
"Tweddle, Dominic_2025-11-19T21:36:21",1,True
"Funkenstein, Amos_2025-11-19T21:36:22",1,True
"Lagerås, Per_2025-11-19T21:20:52",1,True
"Folz, Robert_2025-11-19T21:24:03",1,True
"Guillou, André_2025-11-19T21:37:27",1,True
"Herrmann, Frank R._2025-11-19T21:38:25",0,False
"Speer, Brownlow M._2025-11-19T21:38:25",1,True
"Bagliani, Agostino Paravicini_2025-11-19T21:39:13",1,True
"Jacomet, Stefanie_2025-11-19T21:39:42",0,True
"Regalado, Nancy Freeman_2025-11-19T21:39:48",1,True
"Vitali Rosati, Barbara_2025-11-19T21:39:51",0,False
"Minuto, Domenico_2025-11-19T21:39:54",1,True
"Venoso, Sebastiano Maria_2025-11-19T21:39:54",1,True
"Giostra, Luisa_2025-11-19T21:39:55",0,False
"Pagani, Chiara_2025-11-19T21:39:55",0,False
"Camilli, Andrea_2025-11-19T21:40:06",1,True
"Garibaldi, Vittoria_2025-11-19T21:40:09",1,True
"Brillarelli, Barbara_2025-11-19T21:40:09",0,False
"Simms, Katharine_2025-11-19T21:40:12",1,True
"Ellison, Margaret_2025-11-19T21:40:14",0,False
"Finch, Margaret_2025-11-19T21:40:14",0,False
"Harbottle, Barbara_2025-11-19T21:40:14",1,True
"Thompson, Alan_2025-11-19T21:32:04",0,False
"Grew, Francis_2025-11-19T21:32:04",0,True
"Schofield, John_2025-11-19T21:32:04",1,True
"Tchérémissinoff, Katia_2025-11-19T21:40:19",1,True
"Lombard, Roland_2025-11-19T21:32:13",0,True
"Božilov, Ivan_2025-11-19T21:40:24",1,True
"Contestin, Maurice_2025-11-19T21:40:29",1,True
"Lombard, Olivier_2025-11-19T21:40:29",1,True
"Antignac, Jean-Louis_2025-11-19T21:32:13",1,True
"Jacquat, Christiane_2025-11-19T21:40:54",1,True
"Pawlik, Barbara_2025-11-19T21:40:54",1,True
"Schoch, Werner_2025-11-19T21:40:54",0,False
"Duns Scotus, John_2025-11-19T21:41:36",6,True
"Bralewska, Ewa_2025-11-19T21:27:48",1,True
"Hunter, Timothy_2025-11-19T21:41:42",0,True
"Seeman, Kenneth_2025-11-19T21:41:48",0,False
"Lauren, Kerstin_2025-11-19T21:41:48",0,True
"Zachrisson, Inger_2025-11-19T21:42:14",1,True
"Gray, T. J. M._2025-11-19T21:42:17",0,False
"Oliver, Roland_2025-11-19T21:46:32",1,True
"Atmore, Anthony_2025-11-19T21:46:32",1,True
"Maurin, Louis_2025-11-19T21:46:32",1,True
"Alvarez Gonzalez, Yasmina_2025-11-19T21:46:32",0,False
"Palomero Plaza, Santiago_2025-11-19T21:46:32",1,True
"Marti, Javier_2025-11-19T21:46:35",1,True
"Navarro Palazón, Julio_2025-11-19T21:46:35",1,True
"Jiménez Castillo, Pedro_2025-11-19T21:46:35",1,True
"Pleguezuelo, Alfonso_2025-11-19T21:46:35",1,True
"Lafuente, M. Pilar_2025-11-19T21:46:35",0,False
"Flores Escobosa, Isabel_2025-11-19T21:46:36",1,True
"Munoz Martin, Maria del Mar_2025-11-19T21:46:36",0,False
"Aura Castro, Elvira_2025-11-19T21:46:36",0,False
"Domenech Carbó, MaríaTeresa_2025-11-19T21:46:36",0,False
"Klejn, Leo S._2025-11-19T21:49:28",1,True
"Gallo, Michele_2025-11-19T21:48:53",0,True
"Whitwell, W. L._2025-11-19T21:49:10",0,True
"Winborne, Lee W._2025-11-19T21:49:10",0,True
"Stonesifer, Paul_2025-11-19T21:49:10",0,False
"Moorman, Warren L._2025-11-19T21:49:10",0,False
"Lewis, Frances McNulty Logan_2025-11-19T21:49:10",0,False
"Leos, Edward_2025-11-19T21:49:10",0,False
"Mann, Harold W._2025-11-19T21:49:10",0,False
"Prillaman, Helen R._2025-11-19T21:49:10",0,False
"Moomaw, Edward C._2025-11-19T21:49:10",0,False
"McQuilkin, Dwight Eggleston_2025-11-19T21:49:10",0,False
Gloria Jean y'Edynak_2025-11-19T21:49:28,0,False
"Bartel, Brad_2025-11-19T21:49:28",0,False
"Compton, Carl B._2025-11-19T21:49:28",0,True
"Ehrich, Robert W._2025-11-19T21:49:28",1,True
"Fredrickson, David A._2025-11-19T21:49:28",0,True
"Gallus, Alexander_2025-11-19T21:49:28",1,True
"Laubscher, Matthias_2025-11-19T21:49:28",2,True
"Malinowski, Tadeusz_2025-11-19T21:49:28",1,True
"Newell, Raymond R._2025-11-19T21:49:28",1,True
"Poulianos, Ari N._2025-11-19T21:49:28",0,False
"Stloukal, Milan_2025-11-19T21:49:28",1,True
"Vehik, Susan C._2025-11-19T21:49:28",0,True
"Benfer, Robert A._2025-11-19T21:49:28",1,True
"Beeston, A. F. L._2025-11-19T21:49:32",1,True
"Conrad, Lawrence I._2025-11-19T21:49:32",1,True
"Isberg, P.-E._2025-11-19T21:42:43",0,False
"Schwarzfuchs, S._2025-11-19T21:49:56",2,True
"BERZA, M._2025-11-19T21:50:07",1,True
"PENELEA, G._2025-11-19T21:50:07",1,True
"IVANOVA, O._2025-11-19T21:50:07",1,True
"LITAVRIN, G. G._2025-11-19T21:50:07",1,True
"PRIŽIMOVA, E._2025-11-19T21:50:07",0,False
"HÁSKOVÁ, J._2025-11-19T21:50:07",0,False
"PLÁTKOVÁ, Z._2025-11-19T21:50:07",0,False
"RATAJ, J._2025-11-19T21:50:07",1,True
"SPUNAR, P._2025-11-19T21:50:07",1,True
"ZÁSTÉROVÁ, B._2025-11-19T21:50:07",0,False
"ČIRKOVIČ, Milan M._2025-11-19T21:50:07",0,False
"Hauptová, Z._2025-11-19T21:50:11",0,False
"Havlíková, L._2025-11-19T21:50:11",0,False
"Judlová, M._2025-11-19T21:50:11",0,False
"Krejčík, T._2025-11-19T21:50:11",0,False
"Krejčíková, J._2025-11-19T21:50:11",0,False
"Szlechter, E._2025-11-19T21:50:14",2,True
"Humbert, Michel_2025-11-19T21:50:14",1,True
"Cardascia, Guillaume_2025-11-19T21:50:15",1,True
"Faraguna, Michele_2025-11-19T21:50:15",1,True
"Maffi, Alberto_2025-11-19T21:50:15",1,True
"Karabélias, Evangélos_2025-11-19T21:50:18",1,True
"Sotty, Richard_2025-11-19T21:50:16",1,True
"Menu, Bernadette_2025-11-19T21:50:16",1,True
"Prévost, M.-H._2025-11-19T21:50:17",0,True
"Anagnostou-Canas, Barbara_2025-11-19T21:50:29",1,True
"Vélissaropoulos, Julie_2025-11-19T21:50:35",1,True
Humbert_2025-11-19T21:50:17,1,True
"Lafont, S._2025-11-19T21:50:18",0,False
"Coriat, Jean-Pierre_2025-11-19T21:50:20",1,True
"Camerano, Alessandra_2025-11-19T21:50:22",1,True
"Wittenburg, Andreas_2025-11-19T21:50:22",1,True
"Biddle, Martin_2025-11-19T21:24:03",1,True
"BROWN, T. J._2025-11-19T21:50:23",0,False
"CLAYTON, PETER A._2025-11-19T21:50:23",1,True
"Daux, Georges_2025-11-19T21:50:24",1,True
Morabito_2025-11-19T21:50:30,1,True
"Morabito, Marcel_2025-11-19T21:50:32",1,True
"SAUZEAU, PIERRE_2025-11-19T21:50:37",1,True
"SAUZEAU, ANDRÉ_2025-11-19T21:50:37",1,True
"Empey, C. A._2025-11-19T21:50:39",0,True
"Britton, Derek_2025-11-19T21:50:42",0,True
"סילברמן, יוסף_2025-11-19T21:50:46",0,False
"Armistead, Samuel G._2025-11-19T21:50:46",1,True
"Silverman, Joseph H._2025-11-19T21:50:46",1,True
"פונקנשטיין, עמוס_2025-11-19T21:50:48",0,False
"המאירי, אביגדור_2025-11-19T21:50:48",0,False
"כ""ץ, יעקב_2025-11-19T21:50:48",0,False
"קולקה, אוטו דב_2025-11-19T21:50:49",0,False
"Kulka, O. D._2025-11-19T21:50:49",2,True
"Gómez, Maricarmen_2025-11-19T21:50:53",1,True
"Baumann, Dorothea_2025-11-19T21:50:53",3,True
"Jansson, Kristina_2025-11-19T21:50:55",1,True
"Vestbö, Aadel_2025-11-19T21:50:55",1,True
"Karg, Sabine_2025-11-19T21:50:55",1,True
"Robinson, David E._2025-11-19T21:50:55",1,True
"Dickson, James H._2025-11-19T21:50:55",1,True
"Marchello-Nizia, Christiane_2026-01-14T22:05:03",1,True
"Lett, Didier_2026-01-14T22:05:04",1,True
"Beaussart, François-Jérôme_2026-01-14T22:05:05",1,True
"Mazzoni, Gianni_2026-01-14T22:05:20",1,True
"Olivetti, Alberto_2026-01-14T22:05:21",1,True
"Redon, Odile_2026-01-14T22:05:22",1,True
"Hordynsky-Caillat, Lada_2026-01-14T22:05:23",0,True
"Ikegami, Shunichi_2026-01-14T22:05:24",0,True
"Matsumura, Takeshi_2026-01-14T22:05:26",1,True
Thomas_2026-01-14T22:06:03,0,False
"Larcher, Fabian R._2026-01-14T22:06:04",0,True
"Murphy, Richard T. A._2026-01-14T22:06:06",1,True
"Eggmann, Heinz_2026-01-14T22:07:48",0,False
Kanton Sankt Gallen Erziehungsrat_2026-01-14T22:07:50,0,False
"Fischer-Galati, Stephen_2026-01-14T22:11:08",1,True
"Cront, Gheorghe_2026-01-15T08:59:16",0,True
"Veillerot, Jean-Michel_2026-01-15T08:59:24",0,False
"Legendre, Léonard_2026-01-15T08:59:25",0,False
"Matei, Mircea D._2026-01-15T09:00:53",1,True
"Anghel, Aneta_2026-01-15T09:00:55",0,False
"Nanu, Dan-Basarab_2026-01-15T09:00:56",0,False
"Cosin Corral, Yolanda_2026-01-15T09:05:39",0,False
"Garcia Aparicio, Constantino_2026-01-15T09:05:40",0,False
"Lamberg, Marko_2025-11-19T21:14:20",1,True
"Murray, Alexander Callander_2025-11-19T21:17:20",1,True
"Pohl, Walter_2025-11-19T21:15:24",1,True
"Lenhoff, Gail_2025-11-19T21:15:30",2,True
"Aramburu, Francisca_2025-11-19T21:15:34",0,False
"Despres, Catherine_2025-11-19T21:15:34",1,True
"Benito, Javier_2025-11-19T21:15:34",0,False
"Kwiatkowska, Barbara_2025-11-19T21:15:48",1,True
"Macháček, Jiří_2025-11-19T21:15:48",1,True
"Klaniczay, Gábor_2025-11-19T21:16:07",1,True
"King, David A._2025-11-19T21:16:17",2,True
"Newman, Barbara_2025-11-19T21:14:16",1,True
"Nicholson, Rebecca A._2025-11-19T21:24:34",0,True
"Roth, Norman Dennis_2025-11-19T21:21:56",1,True
"Bradley, Daniel G._2025-11-19T21:16:49",1,True
"Gervers, Michael_2025-11-19T21:16:56",1,True
"Boldsen, Jesper L._2025-11-19T21:17:00",1,True
"Pearce, Jacqueline_2025-11-19T21:17:35",1,True
"Pipe, Alan_2025-11-19T21:16:40",0,True
"Crone, Anne_2025-11-19T21:17:09",1,True
"Fawcett, Richard_2025-11-19T21:17:09",1,True
"James, Tom Beaumont_2025-11-19T21:17:09",0,True
"Roberts, Edward_2025-11-19T21:17:09",1,True
"KLIPPEL, WALTER E._2025-11-19T21:17:10",0,True
"SCHROEDL, GERALD F._2025-11-19T21:17:10",1,True
"Barry, Terry_2025-11-19T21:17:17",1,True
"Kelly, Mary C._2025-11-19T21:17:17",1,True
"Bell, Jonathan_2025-11-19T21:17:17",1,True
"McGurk, John_2025-11-19T21:17:17",1,True
"Barnard, Toby_2025-11-19T21:17:17",1,True
"Garnham, Neal_2025-11-19T21:17:17",1,True
"Gibson, Matthew_2025-11-19T21:17:17",1,True
"Gahan, Daniel J._2025-11-19T21:17:17",0,False
"McNally, Paddy_2025-11-19T21:17:17",0,False
"Murray, Russell_2025-11-19T21:17:17",0,False
"Kinealy, Christine_2025-11-19T21:17:17",1,True
"Molloy, Frank_2025-11-19T21:17:17",1,True
"Hart, Peter_2025-11-19T21:17:17",1,True
"Fitzpatrick, David_2025-11-19T21:17:17",1,True
"Storey, David_2025-11-19T21:17:17",0,False
"Purdie, Bob_2025-11-19T21:17:17",1,True
"Shaw, John_2025-11-19T21:17:17",0,False
"Orser, Charles E._2025-11-19T21:17:17",1,True
"Hannan, Robbie_2025-11-19T21:17:17",1,True
"Curtin, Nancy J._2025-11-19T21:17:17",1,True
"Connolly, Claire_2025-11-19T21:17:17",1,True
"Steel, Jayne_2025-11-19T21:17:17",1,True
"Moore‐Gilbert, Bart_2025-11-19T21:17:17",1,True
"O'Loughlin, Thomas_2025-11-19T21:17:17",1,True
"Lanters, Josfi_2025-11-19T21:17:17",0,False
"Ferris, Sarah_2025-11-19T21:17:17",1,True
"Hadfield, Andrew_2025-11-19T21:17:17",1,True
"Hadley, Tessa_2025-11-19T21:17:17",1,True
"Richards, Shaun_2025-11-19T21:17:17",1,True
"Ward, Margaret_2025-11-19T21:17:17",1,True
"Taylor, Tim_2025-11-19T21:17:17",0,True
"Beja, Morris_2025-11-19T21:17:17",1,True
"Maley, Willy_2025-11-19T21:17:17",1,True
"Bryden, Mary_2025-11-19T21:17:17",1,True
"Campbell, Matthew_2025-11-19T21:17:17",1,True
"Smith, Stan_2025-11-19T21:17:17",1,True
"Doan, James E._2025-11-19T21:17:17",1,True
"Regan, Stephen_2025-11-19T21:17:17",1,True
"Harrington, John_2025-11-19T21:17:17",1,True
"Mahony, Christina                       Hunt_2025-11-19T21:17:17",1,True
"Quinn, Justin_2025-11-19T21:17:17",1,True
"Day, Helen_2025-11-19T21:17:17",0,True
"Ballesteros‐González, Antonio_2025-11-19T21:17:17",1,True
"Harper, Catherine_2025-11-19T21:17:17",1,True
"Neve, Brian_2025-11-19T21:17:17",1,True
"Rogan, Eugene_2025-11-19T21:17:17",2,True
"Murphey, Rhoads_2025-11-19T21:17:17",1,True
"Masalha, Nur_2025-11-19T21:17:17",2,True
"Durac, Vincent_2025-11-19T21:17:17",1,True
"Hinnebusch, Raymond_2025-11-19T21:17:17",1,True
"Yenişehirlioğu, Filiz_2025-11-19T21:17:18",0,False
"Petry, Carl F._2025-11-19T21:17:18",1,True
"Faroqhi, Suraiya_2025-11-19T21:20:36",2,True
"Imber, Colin_2025-11-19T21:17:18",1,True
"Watson, Janet C.E._2025-11-19T21:17:18",1,True
"Wilson, Rodney_2025-11-19T21:17:18",1,True
"Buaben, Jabal M._2025-11-19T21:17:18",0,False
"Chatty, Dawn_2025-11-19T21:17:18",1,True
"Vikør, Knut S._2025-11-19T21:17:18",1,True
"Scarce, Jennifer M._2025-11-19T21:17:18",1,True
"Frost, Alan_2025-11-19T21:17:20",3,True
"Anna, Timothy E._2025-11-19T21:17:20",1,True
"Lamb, Margaret_2025-11-19T21:17:20",1,True
"De Grand, Alexander_2025-11-19T21:17:20",1,True
"Adamthwaite, Anthony_2025-11-19T21:17:20",1,True
"Golden, Peter B._2025-11-19T21:17:20",1,True
"Spellberg, D. A._2025-11-19T21:17:20",1,True
"Deng, Gang_2025-11-19T21:17:20",1,True
"Abulafia, David_2025-11-19T21:17:20",2,True
"Modelski, George_2025-11-19T21:17:20",2,True
"Horton, Mark_2025-11-19T21:17:20",1,True
"Schroeder, Paul W._2025-11-19T21:17:20",1,True
"Pierson, Peter_2025-11-19T21:17:20",1,True
"Kutcher, Norman_2025-11-19T21:17:20",1,True
"Schweizer, K. W._2025-11-19T21:17:20",0,False
"Wilton, Andrew_2025-11-19T21:17:20",2,True
"Anderson, Matthew S._2025-11-19T21:17:34",0,False
"Baugh, Daniel A._2025-11-19T21:17:20",1,True
"Crimmin, P. K._2025-11-19T21:17:20",0,False
"Lambi, Ivo N._2025-11-19T21:17:20",0,True
"Sondhaus, Lawrence_2025-11-19T21:17:20",1,True
"Williams, Glyndwr_2025-11-19T21:17:20",1,True
"Kent, Peter C._2025-11-19T21:17:20",1,True
"Cell, John W._2025-11-19T21:17:20",1,True
"Headrick, Daniel R._2025-11-19T21:17:20",1,True
"Ramusack, Barbara N._2025-11-19T21:17:20",1,True
"Loeb, Lori_2025-11-19T21:17:20",0,False
"Chamberlain, Muriel E._2025-11-19T21:17:20",1,True
"Martel, Gordon_2025-11-19T21:17:20",1,True
"Voisey, Paul_2025-11-19T21:17:20",1,True
"Maddox, Robert James_2025-11-19T21:17:20",1,True
"Watson, Janet S. K._2025-11-19T21:17:20",1,True
"Herwig, Holger H._2025-11-19T21:17:20",1,True
"Wilson, Keith_2025-11-19T21:17:20",1,True
"Stansky, Peter_2025-11-19T21:17:20",2,True
"Smith, Woodruff D._2025-11-19T21:17:20",1,True
"Stehlin, Stewart A._2025-11-19T21:17:20",1,True
"Westrate, Bruce_2025-11-19T21:17:20",1,True
"McFadden, David W._2025-11-19T21:17:20",0,False
"Mouré, Kenneth_2025-11-19T21:17:20",2,True
"Scates, Bruce_2025-11-19T21:17:20",1,True
"Addington, Larry H._2025-11-19T21:17:20",1,True
"Vance, Michael E._2025-11-19T21:17:20",1,True
"Shorrock, William I._2025-11-19T21:17:20",0,True
"Davidann, Jon_2025-11-19T21:17:20",1,True
"Wynot, Edward D._2025-11-19T21:17:20",1,True
"Goda, Norman J. W._2025-11-19T21:17:20",1,True
"Loureiro, Pedro_2025-11-19T21:17:20",0,False
"Fahrmeir, Andreas_2025-11-19T21:17:20",1,True
"Young, John W._2025-11-19T21:17:20",0,False
"Stocker, David_2025-11-19T21:17:20",1,True
"Stillman, Norman A._2025-11-19T21:17:21",1,True
"Callebaut, Dirk_2025-11-19T21:17:21",1,True
"Sunderland, John_2025-11-19T21:17:21",1,True
"Youngs, S. M._2025-11-19T21:17:30",1,True
"Eckstein, Arthur M._2025-11-19T21:17:22",1,True
"Perdue, Peter C._2025-11-19T21:17:22",1,True
"Ovendale, Ritchie_2025-11-19T21:17:22",1,True
"Gerberding, Richard A._2025-11-19T21:17:22",1,True
"Langley, Lester D._2025-11-19T21:17:22",1,True
"Cormack, William S._2025-11-19T21:17:22",1,True
"Callahan, Raymond A._2025-11-19T21:17:22",0,False
"Wills, John E._2025-11-19T21:17:22",1,True
"Duus, Peter_2025-11-19T21:17:22",2,True
"Rives, J. B._2025-11-19T21:17:22",1,True
"Evans, John Karl_2025-11-19T21:17:22",0,False
"Brundage, James A._2025-11-19T21:17:22",1,True
"Munro, John H._2025-11-19T21:17:22",1,True
"Clarke, John_2025-11-19T21:17:22",1,True
"Crampton, Richard_2025-11-19T21:17:22",1,True
"Eckes, Alfred E._2025-11-19T21:17:22",1,True
"Contreni, John J._2025-11-19T21:17:23",1,True
"Black, Jeremy_2025-11-19T21:17:23",1,True
"Hattendorf, John B._2025-11-19T21:17:23",2,True
"Neilson, Keith_2025-11-19T21:17:23",1,True
"Schenk, Catherine R._2025-11-19T21:17:23",1,True
"Ulmschneider, Katharina_2025-11-19T21:17:23",1,True
"Millar, Fergus_2025-11-19T21:17:25",1,True
"Lockhart, Paul Douglas_2025-11-19T21:17:25",1,True
"Greene, Jack P._2025-11-19T21:17:25",1,True
"Treadgold, Warren_2025-11-19T21:17:25",1,True
"Gillingham, John_2025-11-19T21:17:25",1,True
"Peters, Edward_2025-11-19T21:17:26",2,True
"Goldfrank, David M._2025-11-19T21:17:28",1,True
"Dale, Stephen Frederic_2025-11-19T21:28:55",0,False
"Ryan, David_2025-11-19T21:17:26",2,True
"Coatsworth, Elizabeth_2025-11-19T21:17:27",1,True
"Fitzgerald, Maria_2025-11-19T21:17:27",0,False
"Kristjánsdóttir, Steinunn_2025-11-19T21:17:28",1,True
"Bagge, Sverre_2025-11-19T21:17:28",1,True
"Ansari, Sarah_2025-11-19T21:17:28",1,True
"Birley, A.R._2025-11-19T21:30:03",2,True
"Jackson, Peter_2025-11-19T21:17:28",1,True
"Cowdrey, H. E. J._2025-11-19T21:17:28",1,True
"Mayhew, Nicholas_2025-11-19T21:17:28",1,True
"Knoll, Paul W._2025-11-19T21:17:28",1,True
"Juricek, John T._2025-11-19T21:17:28",1,True
"van Zanden, Jan Luiten_2025-11-19T21:17:28",1,True
"Hudson, Hugh D._2025-11-19T21:17:28",1,True
"Kumar, Ann_2025-11-19T21:17:28",1,True
"Snow, Dean R._2025-11-19T21:17:28",1,True
"Chapman, S. D._2025-11-19T21:17:28",0,False
"Menard, Russell R._2025-11-19T21:17:28",1,True
"Finkel, Caroline_2025-11-19T21:17:28",2,True
"Kathirithamby-Wells, J._2025-11-19T21:17:28",1,True
"Spence, Peter_2025-11-19T21:17:28",0,False
"Rowe, Michael_2025-11-19T21:17:28",1,True
"Connelly, Owen_2025-11-19T21:17:28",1,True
"Sked, Alan_2025-11-19T21:17:28",0,False
"Fairbairn, Brett_2025-11-19T21:17:28",1,True
"Gerolymatos, Andre_2025-11-19T21:17:28",1,True
"Hammerton, A. James_2025-11-19T21:17:28",1,True
"Burnett, D. Graham_2025-11-19T21:17:28",1,True
"Marsh, Peter T._2025-11-19T21:17:28",2,True
"Duff, John B._2025-11-19T21:17:28",0,False
"O'Day, Alan_2025-11-19T21:17:28",1,True
"Sack, James J._2025-11-19T21:17:28",1,True
"Hamilton, C. I._2025-11-19T21:17:28",0,False
"Kennedy, Dane_2025-11-19T21:17:28",1,True
"Boyd, Carl_2025-11-19T21:17:28",1,True
"Jensen, Geoffrey_2025-11-19T21:17:28",1,True
"Salmon, Patrick_2025-11-19T21:17:28",1,True
"Matsusaka, Yoshihisa Tak_2025-11-19T21:17:28",0,True
"Fair, John D._2025-11-19T21:17:28",1,True
"Landy, Marcia_2025-11-19T21:17:28",1,True
"Smith, David_2025-11-19T21:17:28",0,False
"Feingold, Henry L._2025-11-19T21:17:28",1,True
"Barnouw, N. David J._2025-11-19T21:17:28",0,False
"Nish, Ian_2025-11-19T21:17:29",2,True
"Boyer, Richard E._2025-11-19T21:17:29",1,True
"Saab, Ann Pottinger_2025-11-19T21:17:29",1,True
"Foglesong, David S._2025-11-19T21:17:29",1,True
"Proudfoot, Edwina_2025-11-19T21:17:30",1,True
"Aliaga-Kelly, Christopher_2025-11-19T21:17:30",0,False
"Gearey, B.R_2025-11-19T21:24:34",1,True
"West, S._2025-11-19T21:17:30",0,False
"Charman, Dan J._2025-11-19T21:25:07",1,True
"Gerrard, C. M._2025-11-19T21:17:30",1,True
"Williams, David_2025-11-19T21:17:30",1,True
"McNeill, T. E._2025-11-19T21:17:30",1,True
"Pringle, M._2025-11-19T21:17:30",0,False
"Babb, Linda_2025-11-19T21:17:30",0,False
"Allen, Michael J._2025-11-19T21:17:30",1,True
"Pettitt, P. B._2025-11-19T21:17:30",1,True
"Nord, Anders G._2025-11-19T21:17:30",1,True
"Tronner, Kate_2025-11-19T21:17:30",1,True
"Barton, Simon_2025-11-19T21:17:31",2,True
"Jensen, Kurt Villads_2025-11-19T21:16:41",1,True
"Burstein, Stanley_2025-11-19T21:17:33",1,True
"McCoy, W. J._2025-11-19T21:17:33",0,False
"Braund, David_2025-11-19T21:17:33",1,True
"Haldon, John_2025-11-19T21:17:33",2,True
"Casey, P. J._2025-11-19T21:17:33",0,False
"Morillo, Stephen_2025-11-19T21:17:33",2,True
"Innes, Matthew_2025-11-19T21:17:33",1,True
"Morgan, Kenneth O._2025-11-19T21:22:23",1,True
"Scammell, G. V._2025-11-19T21:17:33",1,True
"Parker, Geoffrey_2025-11-19T21:17:33",2,True
"MacGaffey, Wyatt_2025-11-19T21:17:33",1,True
"Burnard, Trevor_2025-11-19T21:17:33",2,True
"Samson, Jane_2025-11-19T21:17:33",1,True
"Lynn, John A._2025-11-19T21:17:33",2,True
"Levy, Avigdor_2025-11-19T21:17:33",2,True
"Smith, F. B._2025-11-19T21:17:33",0,False
"Severn, John K._2025-11-19T21:17:33",0,False
"McLaren, Martha_2025-11-19T21:17:33",1,True
"Israel, Milton_2025-11-19T21:17:33",1,True
"Youngs, Tim_2025-11-19T21:17:33",1,True
"Beeler, John_2025-11-19T21:17:33",1,True
"Kennedy, Paul_2025-11-19T21:17:33",2,True
"MacKenzie, David_2025-11-19T21:17:33",1,True
"Owen, Roger_2025-11-19T21:17:33",1,True
"Malmborg, Mikael af_2025-11-19T21:17:33",1,True
"Barany, George_2025-11-19T21:17:33",1,True
"Sumida, Jon Tetsuro_2025-11-19T21:17:33",1,True
"Stueck, William_2025-11-19T21:17:33",1,True
"Keiger, J. F. V._2025-11-19T21:17:33",1,True
"Kitchen, Martin_2025-11-19T21:17:33",1,True
"Fromkin, David_2025-11-19T21:17:33",1,True
"Halpern, Paul G._2025-11-19T21:17:33",1,True
"Garnett, Sherman W._2025-11-19T21:17:33",1,True
"Saul, Norman E._2025-11-19T21:17:33",1,True
"Graves, Pamela M._2025-11-19T21:17:33",1,True
"Smith, Robert Freeman_2025-11-19T21:17:33",2,True
"Marks, Sally_2025-11-19T21:17:33",1,True
"Gardner, Lloyd C._2025-11-19T21:17:33",1,True
"Millett, Allan R._2025-11-19T21:17:33",1,True
"Kofas, Jon V._2025-11-19T21:17:33",1,True
"Carver, Michael_2025-11-19T21:17:33",1,True
"Stone, Glyn A._2025-11-19T21:17:33",1,True
"Saul, Samir_2025-11-19T21:17:33",1,True
"Coppa, Frank J._2025-11-19T21:17:33",1,True
"Bayliss‐Smith, Tim_2025-11-19T21:17:33",1,True
"Mulk, Inga‐Maria_2025-11-19T21:17:33",1,True
"Wright, David Curtis_2025-11-19T21:17:33",1,True
"Lukes, Igor_2025-11-19T21:17:33",2,True
"Bisson, Thomas N._2025-11-19T21:26:42",0,False
"Butterwick, Richard J._2025-11-19T21:17:34",2,True
"Lesaffer, Randall_2025-11-19T21:17:34",1,True
"Levere, Trevor H._2025-11-19T21:17:34",1,True
"Zacek, Natalie_2025-11-19T21:17:34",1,True
"Woodfine, Philip_2025-11-19T21:17:34",2,True
"Hinderaker, Eric_2025-11-19T21:17:34",1,True
"Cookson, J. E._2025-11-19T21:17:34",1,True
"Ahmad, Feroz_2025-11-19T21:17:34",2,True
"Berkowitz, M._2025-11-19T21:17:34",0,True
"Hodges, Graham Russell_2025-11-19T21:17:34",1,True
"Fieldhouse, D. K._2025-11-19T21:17:34",2,True
"Moore, Clive_2025-11-19T21:17:34",1,True
"Ramirez, Francisco O._2025-11-19T21:17:34",2,True
"Richards, Michael_2025-11-19T21:17:34",1,True
"Cullather, Nicholas B._2025-11-19T21:17:34",0,False
"Searing, James_2025-11-19T21:17:34",1,True
"Evans, Raymond_2025-11-19T21:17:34",0,False
"Montgomerie, Deborah_2025-11-19T21:17:34",1,True
"Rhodes, Benjamin D._2025-11-19T21:17:34",1,True
"Rees, E. A._2025-11-19T21:17:34",0,False
"Searle, Alaric_2025-11-19T21:17:34",2,True
"Drea, Edward J._2025-11-19T21:17:34",1,True
"Glaser, Elisabeth_2025-11-19T21:17:34",0,True
"Hauner, Milan_2025-11-19T21:17:34",4,True
"Reynolds, David_2025-11-19T21:17:34",1,True
"Thomas, Martin_2025-11-19T21:17:34",2,True
"Bell, Coral_2025-11-19T21:17:34",2,True
"Hutchinson, John F._2025-11-19T21:17:34",1,True
"Shennan, Andrew_2025-11-19T21:17:34",1,True
"Berghahn, V. R._2025-11-19T21:17:34",2,True
"Jarausch, Konrad H._2025-11-19T21:17:34",2,True
"Pryce, Huw_2025-11-19T21:17:34",1,True
"Muhlberger, Steven_2025-11-19T21:17:34",1,True
"Botticini, Maristella_2025-11-19T21:17:34",1,True
"Thomson, J. A. F._2025-11-19T21:17:34",0,False
"Tracy, James_2025-11-19T21:17:34",1,True
"Alsop, J. D._2025-11-19T21:17:34",1,True
"Alpers, Edward A._2025-11-19T21:17:34",1,True
"Bleser, Nicholas J._2025-11-19T21:17:34",0,True
"Hall, Anthony J._2025-11-19T21:17:34",1,True
"Kaplan, Lawrence S._2025-11-19T21:17:34",1,True
"Blair, Hilary K._2025-11-19T21:17:34",0,True
"Finn, Margot C._2025-11-19T21:17:34",1,True
"McCord, Norman_2025-11-19T21:17:34",1,True
"Murray, Scott W._2025-11-19T21:17:34",0,False
"Rydell, Robert W._2025-11-19T21:17:34",1,True
"Rinke, Stefan_2025-11-19T21:17:34",1,True
"Marples, David R._2025-11-19T21:17:34",1,True
"Lambert, Andrew_2025-11-19T21:17:34",1,True
"Scully, Eileen P._2025-11-19T21:17:34",1,True
"Savours, Ann_2025-11-19T21:17:34",1,True
"Keene, Donald_2025-11-19T21:17:34",1,True
"Banac, Ivo_2025-11-19T21:17:34",1,True
"Howe, Anthony_2025-11-19T21:17:34",1,True
"Dutton, D. J._2025-11-19T21:17:34",0,False
"Dickinson, Fred_2025-11-19T21:17:34",0,True
"Dirlik, Arif_2025-11-19T21:17:34",2,True
"Carlton, David_2025-11-19T21:17:34",2,True
"McKercher, B. J. C._2025-11-19T21:17:34",1,True
"Gelvin, James L._2025-11-19T21:17:34",1,True
"Moore, Robin J._2025-11-19T21:17:34",1,True
"Smyth, Denis_2025-11-19T21:17:34",1,True
"Burns, Malve S._2025-11-19T21:17:34",0,False
"Szabo, Stephen F._2025-11-19T21:17:34",1,True
"Rippon, S. J._2025-11-19T21:17:35",1,True
"Fierro, Maribel_2025-11-19T21:17:35",1,True
"Blackmore, Lyn_2025-11-19T21:17:36",1,True
"Hen, Yitzhak_2025-11-19T21:18:19",1,True
"Götherström, Anders_2025-11-19T21:17:53",1,True
"Manzi, Giorgio_2025-11-19T21:17:55",1,True
"Brühl, Carlrichard_2025-11-19T21:18:01",1,True
"Moeglin, Jean-Marie_2025-11-19T21:18:01",1,True
"Guillot, Isabelle_2025-11-19T21:18:02",1,True
"Hoffmann, Per_2025-11-19T21:25:14",0,False
"Scholkmann, Barbara_2025-11-19T21:18:17",1,True
"Frank, Georgia_2025-11-19T21:18:23",1,True
"Richards, Martin B._2025-11-19T21:21:20",1,True
"David, Martin_2025-11-19T21:21:35",0,False
"Martin, Barbara_2025-11-19T21:18:38",0,True
"Roesdahl, Else_2025-11-19T21:18:39",1,True
"Ringbom, Åsa_2025-11-19T21:18:42",1,True
"Kazanski, Michel_2025-11-19T21:18:48",2,True
"Pradat, Bénédicte_2025-11-19T21:18:48",1,True
"Ruas, Marie-Pierre_2025-11-19T21:18:48",1,True
"Périn, Patrick_2025-11-19T21:18:52",1,True
"Stoclet, Alain_2025-11-19T21:18:52",1,True
"Marguerie, Dominique_2025-11-19T21:18:54",1,True
"Mayer, Jannie_2025-11-19T21:18:54",1,True
"Mornet, Elisabeth_2025-11-19T21:18:55",1,True
"Verger, Jacques_2025-11-19T21:18:57",1,True
"Odiot, Thierry_2025-11-19T21:19:34",1,True
"Arramond, Jean-Charles_2025-11-19T21:19:34",1,True
"Soyer, Claire_2025-11-19T21:19:34",0,False
"Bonnifay, M._2025-11-19T21:28:19",0,False
"Martel, A._2025-11-19T21:19:49",0,False
"Monastiri, T._2025-11-19T21:19:58",0,False
"Ghalia, T._2025-11-19T21:19:58",0,False
"Sraïeb, N._2025-11-19T21:19:58",0,False
"Peyron, M._2025-11-19T21:20:06",0,False
"Gebhardt, Anne_2025-11-19T21:25:08",1,True
"Xavier, Maria Francisca_2025-11-19T21:20:16",1,True
"Cifuentes Comamala, Lluís._2025-11-19T21:25:26",1,True
"Effros, Bonnie_2025-11-19T21:20:24",2,True
"Jones, Nancy A._2025-11-19T21:20:33",1,True
"Briggs, John_2025-11-19T21:20:35",1,True
"Harrison, Christopher_2025-11-19T21:20:35",1,True
"McInnes, Angus_2025-11-19T21:20:35",1,True
"Vincent, David_2025-11-19T21:20:35",1,True
"Smyth, Alfred P._2025-11-19T21:20:35",1,True
"RICHTER, MICHAEL_2025-11-19T21:17:41",1,True
"Rigby, Stephen H._2025-11-19T21:25:59",1,True
"Danneberg, Lutz_2025-11-19T21:20:43",1,True
"Dane, Joseph A._2025-11-19T21:20:50",1,True
"Wehling, Bernhard_2025-11-19T21:20:50",1,True
"Vandenabeele, Peter_2025-11-19T21:20:50",1,True
"Moens, Luc_2025-11-19T21:20:50",0,False
"Klockenkämper, Reinhold_2025-11-19T21:20:50",1,True
"von Bohlen, Alex_2025-11-19T21:20:50",1,True
"Van Hooydonk, Guido_2025-11-19T21:20:50",1,True
"de Reu, Martine_2025-11-19T21:20:50",1,True
"Gos, T._2025-11-19T21:20:51",0,False
"Hauser, R._2025-11-19T21:20:51",0,False
"Heck, Martin_2025-11-19T21:20:51",1,True
"Edwards, Kevin J._2025-11-19T21:20:52",0,False
"Kupryjanowicz, Mirosława_2025-11-19T21:20:52",1,True
"Grattan, J.P._2025-11-19T21:20:55",0,False
"Cherburkin, A.K._2025-11-19T21:20:55",0,False
"Lawton, David_2025-11-19T21:21:05",1,True
"Smrčka, Václav_2025-11-19T21:21:01",1,True
"Herbert, Máire_2025-11-19T21:21:14",1,True
"Taavitsainen, Jussi-Pekka_2025-11-19T21:21:14",1,True
"عثمان, جوزين جودت_2025-11-19T21:21:15",0,False
"Sykes, B.C._2025-11-19T21:24:34",0,False
"Stopp, Barbara_2025-11-19T21:21:36",1,True
"Althoff, Gerd_2025-11-19T21:21:39",1,True
"Pathak, N N_2025-11-19T21:21:42",1,True
"Choppra, K K_2025-11-19T21:21:42",0,False
"Jambor, J_2025-11-19T21:21:42",0,False
"García Cuerpo, E_2025-11-19T21:21:42",0,False
"Fatovic-Ferencic, S_2025-11-19T21:21:42",0,False
"Sánchez Encinas, M_2025-11-19T21:21:42",0,False
"Sanz Miguelañez, J L_2025-11-19T21:21:42",0,False
"Dürrigl, M A_2025-11-19T21:21:42",1,True
"Sánchez Tellez, C_2025-11-19T21:21:42",0,False
"Lovaco Castellano, F_2025-11-19T21:21:42",0,False
"Hecht, H_2025-11-19T21:21:43",2,True
"Bertamini, M_2025-11-19T21:21:43",3,True
"Freitag, Dagmar_2025-11-19T21:21:44",1,True
"Fritsche, Malte_2025-11-19T21:21:44",0,False
"Kuhr, Maximilian_2025-11-19T21:21:44",1,True
"Leopold, Barbara_2025-11-19T21:21:44",0,False
"Sandmann, Frank_2025-11-19T21:21:44",0,False
"Anderson, J Y_2025-11-19T21:21:44",0,False
"Trinkaus, E_2025-11-19T21:21:44",0,True
"Bacic, J_2025-11-19T21:21:45",0,False
"Skrobolja, A_2025-11-19T21:21:45",0,False
"Kojic, N_2025-11-19T21:21:45",0,False
"Polanda-Bacic, G_2025-11-19T21:21:45",0,False
"KOBYLINSKI, Zbigniew_2025-11-19T21:21:46",1,True
"Poulsen, L W_2025-11-19T21:21:48",0,False
"Qvesel, D_2025-11-19T21:21:48",0,False
"Brixen, K_2025-11-19T21:21:48",0,True
"Vesterby, A_2025-11-19T21:21:48",0,False
"MacHugh, D. E._2025-11-19T21:23:45",0,True
"Troy, C S_2025-11-19T21:21:48",0,False
"McCormick, Finbar_2025-11-19T21:25:19",0,False
"Olsaker, I._2025-11-19T21:23:45",0,False
"Eythórsdóttir, E_2025-11-19T21:21:48",0,False
"Di Gangi, Giorgio_2025-11-19T21:21:48",1,True
"Lebole Di Gangi, Chiara Maria_2025-11-19T21:39:55",1,True
"Crachiolo, Beth Holycross_2025-11-19T21:21:50",0,False
"Burkholder, Kristen Marie_2025-11-19T21:21:50",0,False
"Olson, Mary Catherine_2025-11-19T21:21:50",0,False
"Dronzek, Anna_2025-11-19T21:21:50",0,False
"Ambrisco, Alan Scott_2025-11-19T21:21:52",0,False
"Petrie, Mary Barbara_2025-11-19T21:21:52",0,False
"Marvin, William Perry_2025-11-19T21:21:52",1,True
"Thurlkill, Mary Frances_2025-11-19T21:21:53",1,True
"Lazda-Cazers, Rasma Ilga_2025-11-19T21:21:53",0,False
"Steuer, Susan Marie Burns_2025-11-19T21:21:53",0,False
"McCluskey, Colleen Ann_2025-11-19T21:21:54",1,True
"Gijsbers, W_2025-11-19T21:21:55",0,False
"Koolmees, P_2025-11-19T21:21:55",1,True
"Salvadei, Loretana_2025-11-19T21:25:06",0,False
"Ricci, F_2025-11-19T21:21:55",0,True
"Guichard, Pierre_2025-11-19T21:22:40",1,True
"Mafart, B_2025-11-19T21:21:55",0,False
"Orthlieb, J D_2025-11-19T21:21:55",1,True
"Diamandopoulos, A H_2025-11-19T21:21:57",0,False
"Fox, C L_2025-11-19T21:21:56",0,False
"González Martín, A_2025-11-19T21:21:56",0,False
"Vives Civit, S_2025-11-19T21:21:56",0,False
"Malyarchuk, Boris A._2025-11-19T21:23:38",0,False
"Derenko, Miroslava V._2025-11-19T21:23:38",0,False
"Renberg, Ingemar_2025-11-19T21:23:56",1,True
"Bindler, Richard_2025-11-19T21:23:56",0,True
"Bradshaw, E_2025-11-19T21:21:57",0,False
"Emteryd, Ove_2025-11-19T21:24:09",0,False
"McGowan, S_2025-11-19T21:21:57",0,False
"Goudas, P_2025-11-19T21:21:57",0,False
"Haines, R_2025-11-19T21:21:57",1,True
"Shlomowitz, R_2025-11-19T21:21:57",0,False
"Lascaratos, J_2025-11-19T21:21:57",0,False
"Poulakou-Rebelakou, E_2025-11-19T21:21:57",0,False
"Marketos, S_2025-11-19T21:21:57",0,False
"North, K E_2025-11-19T21:21:57",0,False
"Martin, L J_2025-11-19T21:21:57",0,False
"Crawford, M H_2025-11-19T21:21:57",0,True
"Guglielmino, Carmela R_2025-11-19T21:22:01",0,False
"Béres, J_2025-11-19T21:21:57",0,False
"Fryczkowski, A W_2025-11-19T21:21:57",0,False
"Bieganowski, L_2025-11-19T21:21:57",0,False
"Nye, C N_2025-11-19T21:21:57",0,False
"Ridley, D R_2025-11-19T21:21:58",0,False
"Redick, K H_2025-11-19T21:21:58",0,False
"Dominguez, P S_2025-11-19T21:21:58",0,False
"Romo, D K_2025-11-19T21:21:58",0,False
"Walker, C B_2025-11-19T21:21:58",0,False
"Janković, S M_2025-11-19T21:21:58",0,False
"Sokić, D V_2025-11-19T21:21:58",0,True
"Lević, Z M_2025-11-19T21:21:58",0,False
"Susić, V_2025-11-19T21:21:58",0,False
"Drulović, J_2025-11-19T21:21:58",0,False
"Stojsavljević, N_2025-11-19T21:21:58",0,False
"Veskov, R_2025-11-19T21:21:58",0,False
"Ivanus, J_2025-11-19T21:21:58",0,False
"Vlcek, E_2025-11-19T21:21:58",1,True
"Smahel, Z_2025-11-19T21:21:58",0,False
"Bilgin, T_2025-11-19T21:21:58",0,False
"Sülün, T_2025-11-19T21:21:58",0,False
"Beyli, M_2025-11-19T21:21:58",0,False
"Codreanu-Windauer, Silvia_2025-11-19T21:22:06",1,True
"Falk, Alfred_2025-11-19T21:22:06",1,True
"Leben-Seljak, Petra_2025-11-19T21:22:10",1,True
"Krasnodębski, Dariusz_2025-11-19T21:22:12",1,True
"Lerner, Robert E._2025-11-19T21:22:23",1,True
"De Marco, Barbara_2025-11-19T21:22:33",0,False
"Craddock, Jerry R._2025-11-19T21:22:33",1,True
"Andersen, Elizabeth A._2025-11-19T21:30:55",1,True
"Matschullat, Jörg_2025-11-19T21:22:42",1,True
"Ellminger, Frank_2025-11-19T21:22:42",1,True
"Agdemir, Nimet_2025-11-19T21:22:42",0,False
"Cramer, Stefan_2025-11-19T21:22:42",1,True
"Niehoff, Norbert_2025-11-19T21:22:42",0,False
"Lieβmann, Wilfried_2025-11-19T21:22:42",0,False
"Nussbaum, Norbert_2025-11-19T21:27:11",0,False
Alava Diputación Foral_2025-11-19T21:22:47,0,False
"Bertelsen, Reider_2025-11-19T21:22:47",0,False
Universidad de Sevilla_2025-11-19T21:22:47,1,True
Universidad de Córdoba_2025-11-19T21:22:47,0,True
Andalucía. Junta_2025-11-19T21:22:47,0,False
"Barceló, Miquel_2025-11-19T21:22:48",1,True
بارسيلو، ميكيل_2025-11-19T21:22:48,0,False
"Arnaiz-Villena, A._2025-11-19T21:25:12",0,False
"Skov, Hans_2025-11-19T21:21:27",0,False
"Trolle, Annette Lerche_2025-11-19T21:21:27",1,True
"Grundberg, Leif_2025-11-19T21:22:14",1,True
"Hårding, Barbro_2025-11-19T21:22:14",1,True
"Werdelin, Lars_2025-11-19T21:22:14",1,True
"Myrdal, Janken_2025-11-19T21:22:14",1,True
"Sten, Sabine_2025-11-19T21:22:14",1,True
"Henningsen, Helle_2025-11-19T21:21:27",0,True
"Madsen, Hans Jørgen_2025-11-19T21:18:39",1,True
"Larsen, Jette Linaa_2025-11-19T21:18:39",1,True
"Crabb, Peter_2025-11-19T21:18:39",0,False
"Ebbesen, Klaus_2025-11-19T21:21:34",1,True
"Holmberg, Bente_2025-11-19T21:21:27",0,True
"Madsen, Jan Skamby_2025-11-19T21:21:27",1,True
"Schiørring, Ole_2025-11-19T21:21:34",1,True
"Athanassiadi, Polymnia_2025-11-19T21:24:28",1,True
"Frede, Michael_2025-11-19T21:31:40",1,True
"MacGregor, A._2025-11-19T21:23:28",0,False
"Flora, H._2025-11-19T21:23:28",1,True
"Lloyd, M._2025-11-19T21:23:28",0,False
"Hook, M._2025-11-19T21:23:28",0,False
"Roberts, L._2025-11-19T21:23:28",0,False
"Ugiomoh, Frank A. O._2025-11-19T21:23:32",0,False
"Okonny, I. P._2025-11-19T21:23:32",0,False
"Karras, Ruth Mazo_2025-11-19T21:23:58",1,True
"Jochens, Jenny_2025-11-19T21:24:26",0,False
"Schleissner, Margaret_2025-11-19T21:23:37",1,True
"Andrieu-Ponel, Val_2025-11-19T21:23:37",1,True
"Ponel, Philippe_2025-11-19T21:23:37",1,True
"de Beaulieu, Jacques-Louis_2025-11-19T21:23:37",1,True
"Bruneton, H_2025-11-19T21:23:37",0,False
"Frenzel, B._2026-01-28T09:18:32",0,False
"Lehmann, Hartmut_2025-11-19T21:23:38",1,True
"Felsenstein, Frank_2025-11-19T21:23:38",1,True
"Ragussis, Michael_2025-11-19T21:23:38",1,True
"Küster, H._2025-11-19T21:23:38",0,True
"Rehfuess, K.-E._2025-11-19T21:23:38",1,True
"Cooper, Alan_2025-11-19T21:23:38",1,True
"Bailey, J.F._2025-11-19T21:24:34",0,True
"Šemrov, Andrej_2025-11-19T21:23:46",1,True
"Maier, Barbara_2025-11-19T21:23:46",1,True
"Šturm, Sašo._2025-11-19T21:23:47",0,True
"Mirtič, Breda_2025-11-19T21:23:47",1,True
"Štefančič, Marija_2025-11-19T21:23:47",1,True
"Godec, Boštjan_2025-11-19T21:23:48",0,True
"Gerdun, Viktor_2025-11-19T21:23:48",1,True
"Župančič, Matej_2025-11-19T21:23:48",0,False
"Gontarev, Vasilij_2025-11-19T21:23:48",1,True
"Lamut, Jakob_2025-11-19T21:23:48",0,True
"Słupecki, Leszek Paweł._2025-11-19T21:23:50",1,True
"Zaroff, Roman_2025-11-19T21:23:50",0,False
Michael Clanchy_2025-11-19T21:32:25,1,True
"Šijanec-Zavrl, Marjana_2025-11-19T21:23:56",0,True
"Malovrh, Matjaž._2025-11-19T21:23:56",1,True
"Žarnić, Roko_2025-11-19T21:23:56",1,True
"Jordan, Sabina_2025-11-19T21:23:56",0,True
"Kaye, Alan S._2025-11-19T21:24:11",1,True
"Drijvers, Jan Willem_2025-11-19T21:24:00",1,True
"Biran, Michal_2025-11-19T21:24:00",1,True
"Cantor, Norman F._2025-11-19T21:24:03",1,True
"Nirenberg, David_2025-11-19T21:24:54",1,True
"Brännvall, Maja-Lena_2025-11-19T21:24:09",0,False
"Bartnicki, Jerzy_2025-11-19T21:24:09",0,False
"Billström, Kjell_2025-11-19T21:24:09",0,False
"Borsay, Peter_2025-11-19T21:24:10",1,True
"Brown, Callum G._2025-11-19T21:34:03",1,True
"Holt, Richard_2025-11-19T21:24:10",0,False
"Palliser, D.M._2025-11-19T21:24:16",1,True
"Douglas-Cowie, E._2025-11-19T21:24:17",1,True
"Tsapatsoulis, N._2025-11-19T21:24:17",1,True
"Votsis, G._2025-11-19T21:24:17",0,False
"Kollias, S._2025-11-19T21:24:17",0,False
"Taylor, John G._2025-11-19T21:24:17",0,False
"Pollock, N._2025-11-19T21:24:18",0,True
"Cornford, J._2025-11-19T21:24:18",1,True
"Heinemeier, Jan_2025-11-19T21:24:31",1,True
"Jungner, Högne_2025-11-19T21:24:31",1,True
"Lindroos, Alf_2025-11-19T21:24:31",0,True
"von Konow, Thorborg_2025-11-19T21:24:31",0,False
"Rud, Niels_2025-11-19T21:24:31",0,False
"Boone, Marc_2025-11-19T21:24:32",1,True
"Griffiths, Ralph A._2025-11-19T21:24:49",1,True
"Wiedemann, Günter_2025-11-19T21:24:33",0,True
"Schulz, Markus_2025-11-19T21:24:33",0,True
"Hauptmann, Jan_2025-11-19T21:24:33",0,True
"Kusch, Hans-Günter_2025-11-19T21:24:33",0,True
"Müller, Sabine_2025-11-19T21:24:33",1,True
"Panzner, Michael_2025-11-19T21:24:33",1,True
"Wust, Hendrik_2025-11-19T21:24:33",0,True
"Lazzeri, Simona_2025-11-19T21:24:33",0,True
"Macchioni, Nicola_2025-11-19T21:24:33",0,True
"Kent, M._2025-11-19T21:26:01",0,True
"Barrett, James H._2025-11-19T21:24:34",1,True
"Cerón-Carrasco, Ruby_2025-11-19T21:24:34",0,True
"Colson, I.B._2025-11-19T21:24:34",0,True
"Hedges, R.E.M._2025-11-19T21:24:34",0,False
"Löfvendahl, Runo_2025-11-19T21:24:36",0,True
"Gustavson, Helmer_2025-11-19T21:24:36",0,False
"Lundberg, Bengt A._2025-11-19T21:24:36",1,True
"Lagares, A._2025-11-19T21:24:40",0,True
"Lobato, R.D._2025-11-19T21:24:40",0,False
"Castro, S._2025-11-19T21:24:40",0,False
"Alday, R._2025-11-19T21:24:40",0,True
"De la Lama, A._2025-11-19T21:24:40",0,False
"Alen, J.F._2025-11-19T21:24:40",0,False
"González, P._2025-11-19T21:24:40",0,False
"Lançon, Bertrand_2025-11-19T21:24:46",1,True
"Nevill, Antonia_2025-11-19T21:24:46",1,True
"Fenger, Menno_2025-11-19T21:24:46",1,True
"Henman, Paul_2025-11-19T21:24:46",1,True
"Constable, Giles_2025-11-19T21:24:58",2,True
"Langohr, Roger_2025-11-19T21:25:08",1,True
"Dark, Petra_2025-11-19T21:25:08",1,True
"Gent, Henry_2025-11-19T21:25:08",0,False
"Marmet, E._2025-11-19T21:25:11",0,False
"Bina, M._2025-11-19T21:25:11",0,False
"Fedoroff, N._2025-11-19T21:25:11",1,True
"Tabbagh, A._2025-11-19T21:25:11",1,True
"Martinez-Laso, J._2025-11-19T21:25:12",0,False
"Barnes, Ethne_2025-11-19T21:25:16",1,True
"Ortner, Donald J._2025-11-19T21:25:16",1,True
"Blair, Sheila_2025-11-19T21:25:35",1,True
"Stanbury, Sarah_2025-11-19T21:25:38",1,True
이순갑_2025-11-19T21:25:47,0,False
Soon Gab Lee_2025-11-19T21:25:47,0,False
"Cannon, Christopher_2025-11-19T21:30:58",0,False
"Nowakowski, Dariusz_2025-11-19T21:25:51",1,True
"Snow, Joseph T._2025-11-19T21:25:55",1,True
"Moor, C._2025-11-19T21:20:52",0,False
"Clark, John_2025-11-19T21:25:59",0,False
"Ashmore, P._2025-11-19T21:26:01",1,True
"Brayshay, B. A._2025-11-19T21:26:01",0,False
"Pratt, K. E._2025-11-19T21:26:01",0,False
"Weaver, R. E._2025-11-19T21:26:01",0,False
"Despois, Jean_2025-11-19T21:26:06",1,True
"Bernus, Edmond_2025-11-19T21:26:06",1,True
"Gauthier, Yves_2025-11-19T21:26:06",0,False
"Gauthier, Christine_2025-11-19T21:26:06",0,False
"Jiménez Merchán, R._2025-11-19T21:26:11",0,False
"Girón Arjona, J.C._2025-11-19T21:26:11",0,False
"Arenas Linares, J.C._2025-11-19T21:26:11",0,False
"Ayarra Jarne, J._2025-11-19T21:26:11",0,False
"Loscertales, J._2025-11-19T21:26:11",0,False
"Dutour, Olivier_2025-11-19T21:25:15",1,True
"Zafra de la Torre, Narciso_2025-11-19T21:22:16",0,True
"Castro López, Marcelo_2025-11-19T21:22:16",0,False
"Rigg, A.G._2025-11-19T21:26:16",1,True
김민자_2025-11-19T21:25:48,0,False
김태연_2025-11-19T21:26:17,0,False
"Lagumdzija, Z._2025-11-19T21:26:18",1,True
"Adkins, M._2025-11-19T21:26:18",0,False
"Vogel, D._2025-11-19T21:26:18",0,False
"Sestak, J._2025-11-19T21:26:18",1,True
"Hlavacek, B._2025-11-19T21:26:18",0,False
"Koga, N._2025-11-19T21:26:18",0,False
"Roup, A.V._2025-11-19T21:26:18",0,True
"Bernstein, D.S._2025-11-19T21:26:18",0,True
"Borgognoni, Teodorico_2025-11-19T21:26:28",1,True
Arnaldo de Vilanova_2025-11-19T21:26:28,3,True
"Corretger, Guillem_2025-11-19T21:26:28",0,False
"Sarriera, Berenguer_2025-11-19T21:26:28",0,False
"Lee, Jin-Young_2025-11-19T21:26:31",0,False
"Courtenay, William J._2025-11-19T21:26:44",1,True
"Copeland, Rita_2025-11-19T21:26:52",1,True
"Wogan-Browne, Jocelyn_2025-11-19T21:16:59",1,True
"Simons, Walter P._2025-11-19T21:35:35",1,True
"Morris, Bridget_2025-11-19T21:26:53",1,True
"O’Mara, Veronica_2025-11-19T21:27:04",1,True
"Hemptinne, Thérèse de_2025-11-19T21:39:51",1,True
"de Lange, Nicholas_2025-11-19T21:27:26",1,True
"Henneau, Marie-Élisabeth_2025-11-19T21:27:28",1,True
"Prilloff, Sylvia_2025-11-19T21:27:41",0,False
"Prilloff, Ralf-Jürgen_2025-11-19T21:27:41",1,True
"Breuer, Guido_2025-11-19T21:27:48",0,True
"Rehazek, André._2025-11-19T21:27:48",1,True
"Newlyn, Evelyn S._2025-11-19T21:28:22",1,True
"Smith, Brendan_2025-11-19T21:28:25",1,True
"Vienna, Alessandro_2025-11-19T21:25:06",0,False
"Passarello, Pietro_2025-11-19T21:25:06",0,True
"Chiarelli, Stefania_2025-11-19T21:28:47",1,True
"Sousa, Paulo Luis Rosa_2025-11-19T21:28:47",0,False
"Osman, Gusine Gawadat_2025-11-19T21:28:48",0,False
"Herzig, Franz_2025-11-19T21:22:22",1,True
"McCabe, Ina Baghdiantz_2025-11-19T21:28:55",1,True
"Poonawala, Ismail_2025-11-19T21:28:55",1,True
"Kalinock, Sabine_2025-11-19T21:28:55",1,True
"Haar, Johan G. J. ter_2025-11-19T21:28:55",0,False
"Graf, David_2025-11-19T21:28:55",0,False
"Waghmar, Burzine_2025-11-19T21:28:55",1,True
"Shahbazi, A. Sh_2025-11-19T21:28:55",0,False
"Morony, Michael_2025-11-19T21:28:55",0,False
"Masuya, Tomoko_2025-11-19T21:28:55",1,True
"Ettehadieh, Mansoureh_2025-11-19T21:28:55",0,False
"Mahdavi, Shireen_2025-11-19T21:28:55",1,True
"Ringer, Monica_2025-11-19T21:28:55",1,True
"Pancaroğlu, Oya_2025-11-19T21:28:55",0,False
"Mottahedeh, Negar_2025-11-19T21:28:55",1,True
"Ziai, Hossein_2025-11-19T21:28:55",1,True
"Walker, Paul_2025-11-19T21:28:55",1,True
"Gilsenan, Michael_2025-11-19T21:28:55",1,True
"Bubriski, Kevin_2025-11-19T21:28:55",1,True
"Davidson, Olga_2025-11-19T21:28:55",0,False
"Karimi-Hakkak, Ahmad_2025-11-19T21:28:55",1,True
"Rahimieh, Nasrin_2025-11-19T21:28:55",2,True
"Avery, Peter_2025-11-19T21:28:55",2,True
"Sims, Eleanor_2025-11-19T21:28:55",1,True
"Beeman, William_2025-11-19T21:28:55",1,True
"Melville, Charles_2025-11-19T21:28:55",1,True
"Daryaee, Touraj_2025-11-19T21:27:17",1,True
"Keddie, Nikki_2025-11-19T21:28:55",1,True
"Herzig, Edmund_2025-11-19T21:28:55",1,True
"Balaghi, Shiva_2025-11-19T21:28:55",1,True
"Haag-Higuchi, Roxane_2025-11-19T21:28:55",1,True
"Mirfendereski, Guive_2025-11-19T21:28:55",1,True
"Arkun, Aram_2025-11-19T21:28:55",1,True
"Rejali, Darius_2025-11-19T21:28:55",1,True
"Akhavi, Shahrough_2025-11-19T21:28:55",1,True
"Ehsani, Kaveh_2025-11-19T21:28:55",0,True
"Naranjo Hernandez, Daisy_2025-11-19T21:28:59",0,False
"Garcia Freyre, Irma_2025-11-19T21:28:59",0,False
"Borbolla Busquets, Elvira_2025-11-19T21:28:59",0,False
"Pascau Illas, Barbara_2025-11-19T21:28:59",0,False
Blas Casado Quintanilla_2025-11-19T21:29:05,1,True
"Cantera Montenegro, Enrique_2025-12-29T18:08:42",0,False
"Pearce, Brian_2025-11-19T21:29:23",1,True
"Wright, Laurence_2025-11-19T21:41:03",0,False
"Dixon, Luke_2025-12-26T16:49:02",0,False
"Gruel, Katherine_2025-11-19T21:29:42",1,True
"de Lourdes Crispim, Maria_2025-11-19T21:29:44",1,True
Cécile Jung_2025-11-19T21:29:51,0,False
Pierre Bonenfant_2025-11-19T21:29:51,0,False
Jean-Paul Guillaumet_2025-11-19T21:29:51,1,True
Patrizia Veltri_2025-11-19T21:29:53,0,False
Villedieu Françoise_2025-11-19T21:29:53,1,True
"García de Olalla Rizo,Patricia_2025-11-19T21:29:57",0,False
"Vall Mayans,Martí_2025-11-19T21:29:57",0,False
"Miret Mases,Montserrat_2025-11-19T21:29:57",0,False
"Clos Guix,Roser_2025-11-19T21:29:57",0,False
"Casabona Barbarà,Jordi_2025-11-19T21:29:57",0,False
"Caylà Buqueras,Joan A._2025-11-19T21:29:57",0,False
"Simpson, James_2025-11-19T21:29:58",3,True
"Martin, Janet_2025-11-19T21:30:00",1,True
"Lind, John H._2025-11-19T21:42:49",0,False
"Kaplan, Gregory B._2025-11-19T21:30:50",1,True
"Macpherson, Ian_2025-11-19T21:30:50",1,True
"Penny, Ralph_2025-11-19T21:30:50",1,True
"Rosen, Haiim B._2025-11-19T21:30:52",2,True
"Snyder, Christopher A._2025-11-19T21:30:53",1,True
"Cohen, Mark R._2025-11-19T21:30:53",1,True
"Eldredge, L. M._2025-11-19T21:23:25",0,False
"Taylor, Barry_2025-11-19T21:30:54",1,True
"Whinnom, Keith_2025-11-19T21:30:54",1,True
"Hunter, W. F._2025-11-19T21:30:54",1,True
"Greenia, George D._2025-11-19T21:30:55",1,True
"Lewis, Huw Aled_2025-11-19T21:30:55",1,True
"Funes, Leonardo_2025-11-19T21:30:56",1,True
"Cortes, Marta Haro_2025-11-19T21:30:56",1,True
"Gillespie, Vincent_2025-11-19T21:30:56",1,True
"Gornall, John_2025-11-19T21:30:56",1,True
"Scase, Wendy_2025-11-19T21:30:56",1,True
"Mayerson, Philip_2025-11-19T21:30:56",1,True
"Balty-Guesdon, Marie-Genevieve_2025-11-19T21:30:57",1,True
"Koyzis, Anthony A._2025-11-19T21:30:57",0,False
"Edwards, Robert R._2025-11-19T21:30:58",1,True
"Dillon, Janette_2025-11-19T21:30:58",1,True
"Glencross, Michael_2025-11-19T21:30:58",1,True
"Keller, Barbara G._2025-11-19T21:30:58",1,True
"Jones-Bamman, Richard_2025-11-19T21:30:58",1,True
"Firestone, Reuven_2025-11-19T21:30:58",1,True
"Chance, Frank L._2025-11-19T21:31:17",0,False
"McCallum, Donald F._2025-11-19T21:31:17",1,True
Ildikó Kristóf_2025-11-19T21:31:31,1,True
P.p. Touroun_2025-11-19T21:31:32,0,False
V.a. Kolossov_2025-11-19T21:31:32,0,False
T.a. Galkina_2025-11-19T21:31:32,0,False
V.s. Belozerov_2025-11-19T21:31:32,0,False
Roger Martinez_2025-11-19T21:31:34,0,False
Frédéric Herbaut_2025-11-19T21:31:34,1,True
Françoise Vallet_2025-11-19T21:31:34,1,True
Joël Blondiaux_2025-11-19T21:31:34,1,True
Claudie Decormeille-Patin_2025-11-19T21:31:34,0,True
Claude Constantin_2025-11-19T21:31:34,1,True
Pierre Allard_2025-11-19T21:31:34,1,True
André-Valentin Munaut_2025-11-19T21:31:34,0,False
Ann Defgnée_2025-11-19T21:31:34,1,True
Jean-Claude Durand_2025-11-19T21:31:34,0,False
Françoise Bostyn_2025-11-19T21:31:34,1,True
Sylvie Cocquerelle_2025-11-19T21:31:34,0,True
"Bricon, D._2025-11-27T19:23:42",0,False
"Langlois, M._2025-11-27T19:23:42",0,False
"Barat, Y._2025-11-27T19:23:42",0,False
"Claude, C._2025-11-27T19:23:42",0,False
J.-Y. Dufour_2025-11-19T21:31:36,0,False
"Stjerna, Kirsi_2025-11-19T21:31:44",1,True
"Hyland, Paul_2025-11-19T21:32:12",1,True
"Richardson, R. C._2025-11-19T21:32:12",1,True
"Truax, Elizabeth_2025-11-19T21:32:12",0,False
"Simkin, Stevie_2025-11-19T21:32:12",1,True
"McLuskie, Kate_2025-11-19T21:32:12",1,True
"Lamont, William_2025-11-19T21:32:12",1,True
"Ridden, Geoffrey M._2025-11-19T21:32:12",1,True
"Lindley, Keith_2025-11-19T21:32:12",1,True
"Thirsk, Joan_2025-11-19T21:32:12",1,True
"Marshall, Alan_2025-11-19T21:32:12",1,True
"Gregory, Jeremy_2025-11-19T21:32:12",1,True
"Speck, W. A._2025-11-19T21:32:12",1,True
"Hill, Bridget_2025-11-19T21:32:12",1,True
"Collins, Irene_2025-11-19T21:32:12",1,True
"Schibeci, Lynn_2025-11-19T21:32:12",0,False
"Rodgers, Terence_2025-11-19T21:32:12",1,True
"Yeager, Myron D._2025-11-19T21:32:12",0,False
"Bibber, Joyce K._2025-11-19T21:32:12",1,True
"Joannou, Mary_2025-11-19T21:32:12",1,True
"Davies, Jude_2025-11-19T21:32:12",1,True
"Poole, Robert_2025-11-19T21:32:12",0,False
"Jardine, M. J._2025-11-19T21:32:12",0,False
"Watson, David_2025-11-19T21:32:12",0,False
Mohamed Ould Khattar_2025-11-19T21:32:24,0,False
Danilo Grébénart_2025-11-19T21:32:24,1,True
Aïcha Boroumi_2025-11-19T21:32:24,0,True
Suzanne Chanteau_2025-11-19T21:33:53,1,True
Jean-Marc Duplantier_2025-11-19T21:33:53,1,True
Pascal Handschumacher_2025-11-19T21:33:53,1,True
"Edwards, Camilla_2025-11-19T21:35:40",0,False
"Meyvaert, Paul_2025-11-19T21:35:47",1,True
"Somerville, Robert_2025-11-19T21:36:01",1,True
"Allen, J. R. L._2025-11-19T21:36:03",1,True
"Yoshioka, T_2025-11-19T21:36:24",0,True
"Takahashi, H A_2025-11-19T21:36:24",0,False
"Kang, S-J_2025-11-19T21:36:24",0,False
"Kaup, Matthias_2025-11-19T21:36:24",1,True
"Mcnamara, Jo-ann_2025-11-19T21:36:56",1,True
"Quinn, William A._2025-11-19T21:37:57",1,True
Miguel Lugones Botell_2025-11-19T21:38:12,0,False
Tania Quintana Riverón_2025-11-19T21:38:20,0,False
"Roy, G. Ross_2025-11-19T21:38:44",1,True
"Smith, Iain Crichton_2025-11-19T21:38:44",1,True
"Evans, Deanna Delmar_2025-11-19T21:38:44",0,False
"Robb, David S._2025-11-19T21:38:44",1,True
"Carruthers, Gerard_2025-11-19T21:38:44",1,True
"Oost, Regina B._2025-11-19T21:38:44",1,True
"Petrina, Alessandra_2025-11-19T21:38:44",1,True
"Fazzini, Marco_2025-11-19T21:38:44",1,True
"Brookes, Gerry H._2025-11-19T21:38:44",1,True
"Craik, Roger_2025-11-19T21:38:44",1,True
"Monnickendam, Andrew_2025-11-19T21:38:44",1,True
"Pearson, Nels C._2025-11-19T21:38:44",0,False
"Knudsen, Janice L._2025-11-19T21:38:44",0,False
"Douglas, Sheila_2025-11-19T21:38:44",1,True
"Malzahn, Manfred_2025-11-19T21:38:44",1,True
"Dennis, Ian_2025-11-19T21:38:44",1,True
"Idle, Jeremy_2025-11-19T21:38:44",0,False
University of South Carolina Department of English_2025-11-19T21:38:44,1,True
"Nijhof, E._2025-11-19T21:39:12",1,True
"Janssen, H.L._2025-11-19T21:39:12",1,True
"Carey, Norman_2025-11-19T21:39:36",0,True
"Clampitt, David_2025-11-19T21:39:36",0,False
"Cuteri, Francesco_2025-11-19T21:39:41",1,True
"Rotundo, Barbara_2025-11-19T21:39:41",0,True
"Benelli, Enrico_2025-11-19T21:39:51",1,True
"Gioia, Giorgio_2025-11-19T21:40:03",0,False
"Rinetti, Barbara_2025-11-19T21:40:03",0,False
"Brown, Duncan H._2025-11-19T21:40:06",1,True
"Chalmers, Alan_2025-11-19T21:40:06",1,True
"Baleani, Barbara_2025-11-19T21:40:07",0,False
"Rinaldi, Simona_2025-11-19T21:40:07",1,True
"Bakalova, Elka_2025-11-19T21:40:21",0,True
"Castella, Daniel_2025-11-19T21:40:52",0,False
"Eschbach, François_2025-11-19T21:40:52",1,True
"Marstaller, Tilmann_2025-11-19T21:40:53",1,True
"Scholz, Anke_2025-11-19T21:40:53",0,False
"Grotkamp-Schepers, Barbara_2025-11-19T21:40:54",1,True
"Haedeke, Hans-Ulrich_2025-11-19T21:40:54",0,False
"Joerissen, Peter_2025-11-19T21:40:54",1,True
"Koch, Alexander_2025-11-19T21:40:57",1,True
"Hayoun, Maurice-Ruben_2025-11-19T21:41:35",1,True
"Santa Cruz Lindquist, Francisca_2025-11-19T21:41:35",0,False
"Fernández Félix, Ana_2025-11-19T21:41:57",1,True
"Sjöstrand, Per Olof_2025-11-19T21:42:16",0,True
"Kuznecov, Vladimir_2025-11-19T21:42:34",1,True
"Soupault, Vanessa_2025-11-19T21:42:34",1,True
"Grundy, Stephan_2025-11-19T21:42:52",1,True
"Selch Jensen, Carsten_2025-11-19T21:42:56",1,True
"Devos, W_2025-11-19T21:43:15",1,True
"Senn-Luder, M_2025-11-19T21:43:15",0,False
"Salter, C_2025-11-19T21:43:15",0,False
Christine L. Hanson_2025-11-19T21:46:09,0,False
Hasmin S. Miller_2025-11-19T21:46:09,0,False
"Hall, Derek W_2025-11-19T21:46:57",0,False
"Smith, Catherine_2025-11-19T21:46:57",1,True
"Coleman, Russel J_2025-11-19T21:48:54",0,False
"Cheer, Peter_2025-11-19T21:48:54",0,False
"Cox, Adrian_2025-11-19T21:48:54",0,True
"Holmes, Nicholas McQ_2025-11-19T21:48:54",1,True
"Russell-White, Christopher J_2025-11-19T21:48:54",0,False
"Ford, Barbara A_2025-11-19T21:48:54",0,False
"Graham, Catriona M M_2025-11-19T21:48:54",0,False
"Stevenson, Sylvia_2025-11-19T21:48:54",0,False
"Morrison, John_2025-11-19T21:49:09",0,False
"Smits, Hans_2025-11-19T21:49:09",1,True
"Jakl, Rene_2025-11-19T21:49:09",0,True
"Nowak, Wlodzimierz_2025-11-19T21:49:09",1,True
"Rossig, Ruediger_2025-11-19T21:49:09",0,False
"Vancaster, A._2025-11-19T21:49:09",0,False
"Eeckeloo, R._2025-11-19T21:49:09",0,False
"Thajjit, M._2025-11-19T21:49:09",0,False
"Rouse, R. H._2025-11-19T21:49:28",0,False
"Hankins, James_2025-11-19T21:49:28",1,True
"Mahoney, Edward P._2025-11-19T21:49:28",1,True
"Georgieva, Isabelle_2025-11-19T21:49:43",1,True
"Lusignan, Serge_2025-11-19T21:49:49",1,True
"Tardif, Audrée-Isabelle_2025-11-19T21:49:49",0,False
"Siep, Ludwig_2025-11-19T21:49:49",1,True
"Simola, Heikki_2025-11-19T21:49:49",1,True
"Grönlund, Elisabeth_2025-11-19T21:49:49",0,True
"Lerer, Seth_2025-11-19T21:49:57",1,True
"Mil'čik, Michail_2025-11-19T21:50:05",0,False
"Petrov, Dmitrij_2025-11-19T21:50:05",0,False
"Marquis, Philippe_2025-11-19T21:22:40",1,True
"Penna, Maria Teresa_2025-11-19T21:50:08",0,True
"Riquier-Bouclet, Christine_2025-11-19T21:22:40",1,True
"Velde, Bruce_2025-11-19T21:50:08",0,True
"Meskens, Ad_2025-11-19T21:50:12",1,True
"Bonte, Germain_2025-11-19T21:50:12",0,False
"de Groote, Jacques_2025-11-19T21:50:12",0,True
"de Jonghe, Mieke_2025-11-19T21:50:12",0,False
"Mouton, Alice_2025-11-19T21:50:20",1,True
"Bontems, Claude_2025-11-19T21:50:19",1,True
"Lafont, Bertrand_2025-11-19T21:50:20",1,True
"Ziegler, Nele_2025-11-19T21:50:31",1,True
"Lacambre, D._2025-11-19T21:50:31",0,False
"Noone, Timothy B._2025-11-19T21:50:32",1,True
"Petit, Alain_2025-11-19T21:50:32",1,True
"Wieczorek, Alfried_2025-11-19T21:50:35",1,True
"OEPPEN, Jim_2025-11-19T21:21:48",1,True
"Cosart, Jann_2025-11-19T21:23:05",1,True
"Mariani, Angela_2025-11-19T21:24:28",1,True
"Smith, Chris_2025-11-19T21:24:28",0,False
"Stattelman, David_2025-11-19T21:24:28",0,False
"Engelhardt, Bernd_2025-11-19T21:50:44",1,True
"Michniewicz, Maria_2025-11-19T21:50:44",1,True
"חן, יצחק_2025-11-19T21:50:46",0,False
"Gronkiewicz, Stanisław_2025-11-19T21:50:54",1,True
"Kornafel, Danuta_2025-11-19T21:50:54",0,True
"Wood, M J_2026-01-14T22:03:14",0,False
"Guha, A K_2026-01-14T22:03:15",0,False
"Calderón, R_2026-01-14T22:03:16",0,False
"Perez-Miranda, A_2026-01-14T22:03:17",0,False
"Peña, J A_2026-01-14T22:03:18",0,True
"Vidales, C_2026-01-14T22:03:18",0,False
"Aresti, U_2026-01-14T22:03:19",0,False
"Dugoujon, J M_2026-01-14T22:03:20",0,False
"Alonso-García, J_2026-01-14T22:03:31",0,False
"Vos Post, J._2026-01-14T22:06:02",0,False
"Kroeker, K.L._2026-01-14T22:06:03",0,False
"Bicchieri, M_2026-01-14T22:06:09",1,True
"Nardone, M_2026-01-14T22:06:10",0,True
"Russo, P.A_2026-01-14T22:06:11",0,False
"Sodo, A_2026-01-14T22:06:12",0,False
"Corsi, M_2026-01-14T22:06:13",0,False
"Cristoforetti, G_2026-01-14T22:06:14",0,False
"Palleschi, V_2026-01-14T22:06:15",1,True
"Salvetti, A_2026-01-14T22:06:16",0,True
"Tognoni, E_2026-01-14T22:06:16",0,False
"Callmer, Johan_2025-11-19T21:14:19",1,True
"Lynch, Michael_2025-11-19T21:23:48",0,False
"Baert, Barbara_2025-11-19T21:15:24",1,True
"Dutton, Paul Edward_2025-11-19T21:15:40",2,True
"Zori, Davide_2025-11-19T21:15:54",1,True
"Grévin, Benoît_2025-11-19T21:16:04",1,True
"BOUCHARD, Constance Brittain_2025-11-19T21:21:46",1,True
"Coulson, Frank-T._2025-11-19T21:41:56",1,True
"Falk, Oren_2025-11-19T21:16:12",1,True
"Bayley, Justine_2025-11-19T21:16:17",1,True
"Purdie, Rhiannon_2025-11-19T21:16:23",1,True
"Royan, Nicola_2025-11-19T21:16:24",1,True
"Plaza Picón, Francisca del Mar_2025-11-19T21:22:23",0,True
"Peters, Joris_2025-11-19T21:16:39",1,True
"Evans, Jane A._2025-11-19T21:16:39",0,False
"Berkowitz, Alan J._2025-11-19T21:18:28",1,True
"Welzel, Barbara_2025-11-19T21:15:24",1,True
"Kilger, Christoph_2025-11-19T21:17:07",2,True
Landskap i förändring_2025-11-19T21:17:07,0,False
"Speed, Greg_2025-11-19T21:17:09",1,True
"Rogers, Penelope Walton_2025-11-19T21:49:17",1,True
"Creighton, Oliver H._2025-11-19T21:17:09",1,True
"O'Sullivan, Deirdre_2025-11-19T21:17:10",0,True
"Montgomery, Janet A._2025-11-19T21:28:49",1,True
"Palmer, Carol_2025-11-19T21:17:10",1,True
"Willmott, Hugh_2025-11-19T21:16:30",1,True
"Christie, Neil_2025-11-19T21:17:11",1,True
"Pinhasi, Ron_2025-11-19T21:17:38",1,True
"Shaw, Philip A._2025-11-19T21:25:10",0,False
"Dumolyn, Jan_2025-11-19T21:17:16",1,True
"Holum, Kenneth G._2025-11-19T21:17:20",1,True
"Lifshitz, Felice_2025-11-19T21:17:20",1,True
"Morgan, David O._2025-11-19T21:17:20",1,True
"Kugeler, Heidrun_2025-11-19T21:17:20",1,True
"Kupfer, Marcia A._2025-11-19T21:40:35",1,True
"Williams, Patrick_2025-11-19T21:17:20",1,True
"Bregel, Yuri_2025-11-19T21:17:20",2,True
"Breuilly, John_2025-11-19T21:17:20",1,True
"Brook, Timothy_2025-11-19T21:17:20",1,True
"Gosse, Dave_2025-11-19T21:17:20",0,False
"Harrison, Mark_2025-11-19T21:17:20",2,True
"Berkovitz, Jay R._2025-11-19T21:17:20",1,True
"Clark, J. C. D._2025-11-19T21:17:20",0,True
"Bowen, H. V._2025-11-19T21:17:20",0,False
"Wilson, Peter H._2025-11-19T21:17:20",1,True
"Roberts, David Andrew_2025-11-19T21:17:20",1,True
"Jackson, Ashley_2025-11-19T21:17:20",1,True
"Deák, István_2025-11-19T21:17:20",1,True
"Moggridge, D. E._2025-11-19T21:17:20",1,True
"Reid, Donald Malcolm_2025-11-19T21:17:20",1,True
"Canuel, Mark_2025-11-19T21:17:20",1,True
"Childs, Matt D._2025-11-19T21:17:20",0,True
"Salvucci, Richard J._2025-11-19T21:17:20",2,True
"Clavin, Patricia_2025-11-19T21:17:20",1,True
"Osterhammel, Jürgen_2025-11-19T21:17:20",1,True
"Munch-Petersen, Thomas_2025-11-19T21:17:20",0,True
"Gökay, Bülent_2025-11-19T21:17:20",1,True
"Birn, Anne-Emanuelle_2025-11-19T21:17:20",1,True
"Eley, Geoff_2025-11-19T21:17:20",2,True
"Stone, David R._2025-11-19T21:17:20",1,True
"MacKenzie, John M._2025-11-19T21:17:20",1,True
"Taylor, Philip M._2025-11-19T21:17:20",1,True
"Cassels, Allan_2025-11-19T21:17:23",0,False
"Paret, Peter_2025-11-19T21:17:20",2,True
"Schaller, Michael_2025-11-19T21:17:20",1,True
"Straczek, J. H._2025-11-19T21:17:20",0,False
"Noakes, Lucy_2025-11-19T21:17:20",1,True
"Kurlick, Bruce_2025-11-19T21:17:20",0,False
"Edmondson, C. Earl_2025-11-19T21:17:20",1,True
"Bartlett, Beatrice S._2025-11-19T21:17:20",1,True
"Jankowski, James_2025-11-19T21:17:20",0,True
"Wirsing, Robert G._2025-11-19T21:17:20",1,True
"Penrose, Sandra_2025-11-19T21:17:20",0,False
"Adams, Jonathan_2025-11-19T21:17:20",1,True
"Rönnby, Johan_2025-11-19T21:17:20",1,True
"Lees, Clare A._2025-11-19T21:17:21",1,True
"Nicholas, David_2025-11-19T21:17:22",2,True
"Adams, Robert McC_2025-11-19T21:17:22",1,True
"Strachan, Hew_2025-11-19T21:17:22",1,True
"Sheldon, R. M._2025-11-19T21:17:22",0,False
"Laracy, Hugh_2025-11-19T21:17:22",1,True
"Chibnall, Marjorie_2025-11-19T21:17:22",1,True
"Collins, Roger_2025-11-19T21:17:22",1,True
"Fernández-Armesto, Felipe_2025-11-19T21:17:22",2,True
"Norris, John_2025-11-19T21:17:22",1,True
"Burkholder, Mark A._2025-11-19T21:17:22",1,True
"Murrin, John M._2025-11-19T21:17:22",1,True
"Burrows, Simon_2025-11-19T21:17:22",1,True
"Webb, Paul_2025-11-19T21:17:22",0,True
"Denoon, Donald_2025-11-19T21:17:22",1,True
"Fox, James J._2025-11-19T21:17:22",2,True
"Huffman, James L._2025-11-19T21:17:22",1,True
"Greenhalgh, Elizabeth_2025-11-19T21:17:22",1,True
"Höbelt, Lothar_2025-11-19T21:17:22",1,True
"Hsu, Madeline Y._2025-11-19T21:17:22",1,True
"Martin, Phyllis M._2025-11-19T21:17:22",1,True
"Mahajan, Sneh_2025-11-19T21:17:22",1,True
"Goetschel, Laurent_2025-11-19T21:17:22",2,True
"Bond, Brian_2025-11-19T21:17:22",1,True
"Winter, Jay_2025-11-19T21:17:22",2,True
"Day, David_2025-11-19T21:17:22",0,False
"Millen, Raymond_2025-11-19T21:17:22",1,True
"Carabot, Philip_2025-11-19T21:17:22",0,False
"Turner, Henry Ashby_2025-11-19T21:17:22",1,True
"Morton, Desmond_2025-11-19T21:17:22",1,True
"Ninkovich, Frank_2025-11-19T21:17:22",1,True
"Cull, Nicholas J._2025-11-19T21:17:22",2,True
"Lee, Sabine_2025-11-19T21:17:22",1,True
"Carapico, Sheila_2025-11-19T21:17:22",1,True
"Share, Michael_2025-11-19T21:17:22",1,True
"Carmichael, Cathie_2025-11-19T21:17:22",1,True
"English, Robert D._2025-11-19T21:17:22",1,True
"Lebow, Richard Ned_2025-11-19T21:17:22",3,True
"McLeod, Mark W._2025-11-19T21:17:22",1,True
"Krepon, Michael_2025-11-19T21:17:22",1,True
"Owram, Doug_2025-11-19T21:17:22",1,True
"Smith, Peter J._2025-11-19T21:17:22",1,True
"Spruyt, Hendrik_2025-11-19T21:17:22",2,True
"Karsten, Peter_2025-11-19T21:17:22",1,True
"Simpson, Bradley R._2025-11-19T21:17:22",1,True
"Mayers, David_2025-11-19T21:17:22",1,True
"Zhai, Qiang_2025-11-19T21:17:22",1,True
"Sluglett, Peter_2025-11-19T21:17:22",1,True
"Ray, James Lee_2025-11-19T21:17:22",1,True
"LeDonne, John P._2025-11-19T21:17:22",1,True
"Morris, Richard_2025-11-19T21:17:22",1,True
"Hall, Bert S._2025-11-19T21:17:22",1,True
"Greene, Molly_2025-11-19T21:17:22",1,True
"Kaegi, Walter E._2025-11-19T21:17:22",1,True
"Tyerman, Christopher_2025-11-19T21:17:22",1,True
"Shepard, Jonathan_2025-11-19T21:17:22",1,True
"Barber, Michael D._2025-11-19T21:17:22",1,True
"Subrahmanyam, Sanjay_2025-11-19T21:17:22",1,True
"Howard, Allen M._2025-11-19T21:17:22",1,True
"Klein, Martin_2025-11-19T21:17:22",1,True
"Russell-Wood, A. J. R._2025-11-19T21:17:22",2,True
"Wellenreuther, Hermann_2025-11-19T21:17:22",1,True
"Lenman, Bruce P._2025-11-19T21:17:22",1,True
"Kishlansky, Mark A._2025-11-19T21:17:22",1,True
"Codignola, Luca_2025-11-19T21:17:22",1,True
"Szabo, Franz A. J._2025-11-19T21:17:22",1,True
"Hughes, Lindsey_2025-11-19T21:17:22",1,True
"Jacob, Margaret C._2025-11-19T21:17:22",1,True
"Ridington, Robin_2025-11-19T21:17:22",1,True
"Gould, Eliga H._2025-11-19T21:17:22",1,True
"Diacon, Todd A._2025-11-19T21:17:22",1,True
"Reinerman, Alan J._2025-11-19T21:17:22",0,True
"Darwin, John_2025-11-19T21:17:22",1,True
"Cole, Terrence M._2025-11-19T21:17:22",1,True
"Kenefick, William_2025-11-19T21:17:22",1,True
"Notehelfer, F. G._2025-11-19T21:17:22",1,True
"Rock, Kenneth W._2025-11-19T21:17:22",0,False
"Barrett, James R._2025-11-19T21:17:22",1,True
"Karau, Mark D._2025-11-19T21:17:22",1,True
"Haywood, Geoff_2025-11-19T21:17:22",0,False
"Crane, Conrad C._2025-11-19T21:17:22",1,True
"Reimers, David M._2025-11-19T21:17:22",1,True
"Anscombe, Frederick F._2025-11-19T21:17:22",2,True
"McLean, David_2025-11-19T21:17:22",0,False
"Bell, Christopher M._2025-11-19T21:17:22",1,True
"Maiolo, Joseph A._2025-11-19T21:17:22",1,True
"Conklin, Alice L._2025-11-19T21:17:22",1,True
"Petersen, Tore Tingvold_2025-11-19T21:17:22",0,False
"Sheinin, David_2025-11-19T21:17:22",1,True
"Hahn, Peter L._2025-11-19T21:17:22",1,True
"Mavronatis, Lenos_2025-11-19T21:17:22",0,False
"Hoffmann, Richard C._2025-11-19T21:17:22",1,True
"Disney, Anthony_2025-11-19T21:17:22",2,True
"Gardner, Julian_2025-11-19T21:17:22",1,True
"Carlton, Charles_2025-11-19T21:17:22",1,True
"Ingrao, Charles_2025-11-19T21:17:22",1,True
"Kooi, Christine_2025-11-19T21:17:22",1,True
"Rodriguez-Salgado, M.J._2025-11-19T21:17:22",0,False
"Inikori, Joseph E._2025-11-19T21:17:22",0,False
"Behrendt, Stephen D._2025-11-19T21:17:22",0,True
"Ranum, Orest_2025-11-19T21:17:22",1,True
"Norling, Bernard_2025-11-19T21:17:22",1,True
"Gates, David_2025-11-19T21:17:22",0,False
"Crapol, Edward P._2025-11-19T21:17:22",1,True
"Sunderland, Willard_2025-11-19T21:17:22",1,True
"Simms, Brendan_2025-11-19T21:17:22",1,True
"Bandyopadhyay, Sekhar_2025-11-19T21:17:22",2,True
"Tarling, Nicholas_2025-11-19T21:17:22",1,True
"Hevia, James L._2025-11-19T21:17:22",1,True
"Brock, Peter_2025-11-19T21:17:22",1,True
"Barclay, Paul_2025-11-19T21:17:22",0,False
"Beckett, Ian F. W._2025-11-19T21:17:22",1,True
"Foster, Anne L._2025-11-19T21:17:22",1,True
"Dosal, Paul J._2025-11-19T21:17:22",1,True
"Barnhart, Michael A._2025-11-19T21:17:22",1,True
"Harkness, David_2025-11-19T21:17:22",1,True
"Ambrosius, Lloyd E._2025-11-19T21:17:22",1,True
"Croizier, Ralph_2025-11-19T21:17:22",1,True
"Boughton, James M._2025-11-19T21:17:22",1,True
"Megargee, Geoffrey P._2025-11-19T21:17:22",1,True
"Bennett, Todd_2025-11-19T21:17:22",1,True
"Claasen, Adam_2025-11-19T21:17:22",1,True
"Flint, John_2025-11-19T21:17:22",1,True
"Matsumura, Janice_2025-11-19T21:17:22",0,True
"Webber, Mark_2025-11-19T21:17:22",1,True
"Reid, Donald_2025-11-19T21:17:23",1,True
"Kovrig, Bennett_2025-11-19T21:17:23",2,True
"Lightfoot, C. S._2025-11-19T21:17:25",2,True
"Moore, John C._2025-11-19T21:17:25",0,False
"Bulliet, Richard W._2025-11-19T21:17:25",1,True
"Kagan, Richard L._2025-11-19T21:17:25",1,True
"Headley, John M._2025-11-19T21:17:25",1,True
"McCall, Daniel F._2025-11-19T21:17:25",1,True
"Trigger, Bruce G._2025-11-19T21:17:25",1,True
"Betts, Jonathan_2025-11-19T21:17:25",1,True
"Howe, K. R._2025-11-19T21:17:25",0,False
"Frey, Marsha L._2025-11-19T21:17:25",1,True
"Angelow, Jürgen_2025-11-19T21:17:25",1,True
"Karsh, Efraim_2025-11-19T21:17:25",2,True
"Brantlinger, Patrick_2025-11-19T21:17:25",1,True
"Federico, Giovanni_2025-11-19T21:17:25",1,True
"Stewart, Gordon T._2025-11-19T21:17:25",1,True
"Varona-Lacey, Gladys M._2025-11-19T21:17:25",0,False
"Hughes, Matthew_2025-11-19T21:17:25",1,True
"Mango, Andrew_2025-11-19T21:17:25",2,True
"Balfour, Sebastian_2025-11-19T21:17:25",1,True
"Macintyre, Stuart_2025-11-19T21:17:25",1,True
"Bennett, G. H._2025-11-19T21:17:25",0,False
"Frank, Willard C._2025-11-19T21:17:25",1,True
"Hudson, David_2025-11-19T21:17:25",0,False
"Harris, J. P._2025-11-19T21:17:25",0,False
"Lungu, Dov B._2025-11-19T21:17:25",0,True
"Henderson, Timothy J._2025-11-19T21:17:25",1,True
"Dingman, Roger_2025-11-19T21:17:25",0,False
"Biskupski, M. P._2025-11-19T21:17:25",0,False
"Armstrong, John A._2025-11-19T21:17:25",1,True
"Soley, Lawrence C._2025-11-19T21:17:25",1,True
"Cohen, Michael J._2025-11-19T21:17:25",3,True
"Rosenfeld, Gavriel D._2025-11-19T21:17:25",1,True
"Moore, Bob_2025-11-19T21:17:25",1,True
"Hellman, Stephen_2025-11-19T21:17:25",0,True
"Knight, Robert_2025-11-19T21:17:25",0,False
"Bryder, Linda_2025-11-19T21:17:25",1,True
"Agnew, John A._2025-11-19T21:17:33",2,True
"Legassick, Martin_2025-11-19T21:17:25",1,True
"Bosworth, R. J. B._2025-11-19T21:17:25",2,True
"Granieri, Ronald J._2025-11-19T21:17:25",1,True
"Shatzmiller, Joseph_2025-11-19T21:17:26",2,True
"PEACEY, ALLAN_2025-11-19T21:17:27",1,True
"Wells, Peter S._2025-11-19T21:17:29",1,True
"Talbert, Richard J. A._2025-11-19T21:17:29",2,True
"Foss, Clive_2025-11-19T21:17:29",3,True
"Rice, Geoffrey W._2025-11-19T21:17:29",1,True
"Cosmo, Nicola Di_2025-11-19T21:17:29",2,True
"Roider, Karl A._2025-11-19T21:17:29",0,True
"Love, Ronald S._2025-11-19T21:17:29",1,True
"Mettam, Roger_2025-11-19T21:17:29",1,True
"Parrott, David_2025-11-19T21:17:29",1,True
"Davis, Richard C._2025-11-19T21:17:29",0,False
"Thompson, Andrew C._2025-11-19T21:17:29",2,True
"Campbell, Ian C._2025-11-19T21:17:29",1,True
"Tone, John Lawrence_2025-11-19T21:17:29",1,True
"Watts, Sheldon_2025-11-19T21:17:29",1,True
"Hampson, Norman_2025-11-19T21:17:29",1,True
"Blanke, Richard_2025-11-19T21:17:29",1,True
"Brands, H. W._2025-11-19T21:17:29",1,True
"Rossabi, Morris_2025-11-19T21:17:29",1,True
"Maitre, H. Joachim_2025-11-19T21:17:29",1,True
"Kwan, Daniel Y. K._2025-11-19T21:17:29",1,True
"Coble, Parks M._2025-11-19T21:17:29",1,True
"Ion, A. Hamish_2025-11-19T21:17:29",1,True
"Doerries, Reinhard R._2025-11-19T21:17:29",1,True
"Jankowski, Paul_2025-11-19T21:17:29",2,True
"Chatterjee, Kumkum_2025-11-19T21:17:29",1,True
"Wainwright, A. Martin_2025-11-19T21:17:29",1,True
"Ashton, Nigel J._2025-11-19T21:17:29",0,False
"Muirhead, Bruce_2025-11-19T21:17:29",1,True
"Duiker, William J._2025-11-19T21:17:29",1,True
"Preston, Andrew_2025-11-19T21:17:29",2,True
"Haemers, Jelle_2025-11-19T21:17:29",1,True
"Milek, Karen B._2025-11-19T21:25:08",0,True
"Van Young, Eric_2025-11-19T21:17:32",1,True
"Dwyer, Philip G._2025-11-19T21:17:32",0,False
"McInerney, Jeremy_2025-11-19T21:17:33",1,True
"Burton, Paul J._2025-11-19T21:17:33",1,True
"Gruen, Erich S._2025-11-19T21:17:33",2,True
"Nauert, Charles G._2025-11-19T21:17:33",1,True
"Koenigsberger, H. G._2025-11-19T21:17:33",2,True
"Keller, Eva_2025-11-19T21:17:33",1,True
"Fattah, Hala_2025-11-19T21:17:33",0,True
"Okenfuss, Max J._2025-11-19T21:17:33",1,True
"Streissler, Monika_2025-11-19T21:17:33",2,True
"Hochedlinger, Michael_2025-11-19T21:17:33",1,True
"Brogan, Hugh_2025-11-19T21:17:33",2,True
"Bolton, Geoffrey_2025-11-19T21:17:33",1,True
"Bassett, Judith_2025-11-19T21:17:33",0,True
"Fisher, Michael H._2025-11-19T21:17:33",1,True
"Carson, Penny_2025-11-19T21:17:33",0,False
"Atkinson, Alan_2025-11-19T21:17:33",1,True
"Lindner, Stephan H._2025-11-19T21:17:33",1,True
"Posada-Carbó, Eduardo_2025-11-19T21:17:33",1,True
"Palmer, Steven_2025-11-19T21:17:33",2,True
"Potter, Pitman B._2025-11-19T21:17:33",1,True
"Green, E. H. H._2025-11-19T21:17:33",0,False
"Beattie, Peter M._2025-11-19T21:17:33",1,True
"Miller, James Edward_2025-11-19T21:17:33",1,True
"Nasson, Bill_2025-11-19T21:17:33",1,True
"Park, Soon-Won_2025-11-19T21:17:33",2,True
"Swainger, Jonathan_2025-11-19T21:17:33",0,True
"Elleman, Bruce A._2025-11-19T21:17:33",1,True
"Werrell, Kenneth P._2025-11-19T21:17:33",1,True
"Bacon, Edwin_2025-11-19T21:17:33",1,True
"Akenson, Donald Harman_2025-11-19T21:17:33",2,True
"Fry, Joseph A._2025-11-19T21:17:33",1,True
"Gransow, Bettina_2025-11-19T21:17:33",1,True
"Meissner, Christopher M._2025-11-19T21:17:33",2,True
"Calvert, Peter_2025-11-19T21:17:33",1,True
"Zeiler, Thomas W._2025-11-19T21:17:33",1,True
"Hess, Sigurd_2025-11-19T21:17:33",1,True
"Lampe, John R._2025-11-19T21:17:33",1,True
"Hirt, Paul W._2025-11-19T21:17:33",1,True
"Higham, Robin_2025-11-19T21:17:33",1,True
"Heckel, Waldemar_2025-11-19T21:17:33",1,True
"Dien, Albert E._2025-11-19T21:17:33",1,True
"Laursen, John Christian_2025-11-19T21:17:33",1,True
"Maier, Christoph T._2025-11-19T21:17:33",1,True
"Powell, James M._2025-11-19T21:17:33",1,True
"Brett, Michael_2025-11-19T21:17:33",1,True
"Williams, Michael_2025-11-19T21:17:33",1,True
"Altman, Ida_2025-11-19T21:17:33",1,True
"Steele, Ian K._2025-11-19T21:17:33",1,True
"Wilson, Jon E._2025-11-19T21:17:33",1,True
"Dickson, P. G. M._2025-11-19T21:17:33",0,False
"Dickinson, H. T._2025-11-19T21:17:33",0,False
"Szostack, Rick_2025-11-19T21:17:33",0,False
"Metcalf, Thomas R._2025-11-19T21:17:33",1,True
"Rothenberg, Gunther E._2025-11-19T21:17:33",3,True
"Smith, Helmut Walser_2025-11-19T21:17:33",2,True
"Wetzel, David_2025-11-19T21:17:33",1,True
"Yockelson, Mitchell_2025-11-19T21:17:33",0,False
"Reilly, James A._2025-11-19T21:17:33",1,True
"Gorodetsky, Gabriel_2025-11-19T21:17:33",1,True
"Allen, William Sheridan_2025-11-19T21:17:33",1,True
"Jeffries, John W._2025-11-19T21:17:33",1,True
"Dutton, David_2025-11-19T21:17:33",1,True
"Till, Geoffrey_2025-11-19T21:17:33",1,True
"Herzstein, Robert Edwin_2025-11-19T21:17:33",1,True
"Borstelmann, Thomas_2025-11-19T21:17:33",1,True
"Herspring, Dale R._2025-11-19T21:17:33",1,True
"Lambelet, Jean-Christian_2025-11-19T21:17:33",1,True
"Cohen, Warren I._2025-11-19T21:17:33",1,True
"Grey, Jeffrey_2025-11-19T21:17:33",1,True
"Yuejin, Liu_2025-11-19T21:17:33",0,False
"Killock, Douglas_2025-11-19T21:17:35",1,True
"Meddens, Frank M._2025-11-19T21:21:14",0,False
"Armitage, Philip_2025-11-19T21:17:35",1,True
"Egan, Geoff_2025-11-19T21:17:35",1,True
"Gaimster, David_2025-11-19T21:17:35",1,True
"Jarrett, Chris_2025-11-19T21:17:35",0,False
"Keys, Lynne_2025-11-19T21:17:35",1,True
"Phillpotts, Chris_2025-11-19T21:17:35",0,False
"Sabel, Ken_2025-11-19T21:17:35",0,False
"Tyson, Rachel_2025-11-19T21:17:35",1,True
"Byock, Jesse L._2025-11-19T21:27:57",1,True
"Walker, Phillip_2025-11-19T21:17:36",0,False
"Erlandson, Jon M._2025-11-19T21:17:57",1,True
"Holck, Per_2025-11-19T21:17:36",1,True
"Guđmundsson, Magnús_2025-11-19T21:17:36",1,True
"Tveskov, Mark_2025-11-19T21:17:36",0,False
"Holbrook, Neil_2025-11-19T21:17:36",1,True
"Thomas, Alan_2025-11-19T21:17:36",3,True
"Chambers, Frank M._2025-11-19T21:17:36",1,True
"McKee, Helen_2025-11-19T21:17:37",1,True
"McKee, James_2025-11-19T21:17:37",1,True
"Poor, Sara S._2025-11-19T21:17:26",1,True
"Imhof, Agnes_2025-11-19T21:17:39",1,True
Jenő Kiss_2025-11-19T21:17:55,1,True
"Solymosi, László_2025-11-19T21:18:54",1,True
"Szovák, Kornél_2025-11-19T21:22:10",1,True
"Demény, Attila_2025-11-19T21:17:56",1,True
"Collins, Matthew J._2025-11-19T21:24:59",0,True
"Pol, Arent_2025-11-19T21:18:11",1,True
"Halsall, Guy_2025-11-19T21:18:13",1,True
"Billoin, David_2025-11-19T21:18:50",1,True
"I, Deug-su_2025-11-19T21:18:17",2,True
"Fauvelle-Aymar, François-Xavier_2025-11-19T21:20:05",1,True
"Haneca, Kristof_2025-11-19T21:18:18",1,True
"Ghioni, C_2025-11-19T21:18:24",0,False
"Hiller, J C_2025-11-19T21:18:24",0,False
"Kennedy, Craig J._2025-11-19T21:31:19",1,True
"Aliev, A E_2025-11-19T21:18:24",0,True
"Odlyha, M_2025-11-19T21:18:24",0,False
"Boulton, Meg_2025-11-19T21:30:00",0,False
"Wess, T J_2025-11-19T21:18:24",0,False
"Stahl, Alan M._2025-11-19T21:18:27",1,True
"Zanchin, Giorgio_2025-11-19T21:18:28",1,True
"Edwards, Ceiridwen Jane_2025-11-19T21:21:20",0,True
"Michel, Cédrik_2025-11-19T21:18:32",0,False
"Mastykova, Anna_2025-11-19T21:18:48",1,True
"Duceppe-Lamarre, François_2025-11-19T21:18:51",1,True
"Weill‑Parot, Nicolas_2025-11-19T21:18:54",1,True
"Cailleaux, Christophe_2025-11-19T21:18:57",1,True
"Lecuppre-Desjardin, Élodie_2025-11-19T21:18:58",1,True
"Laurioux, Bruno_2025-11-19T21:19:00",1,True
"Bouloux, Nathalie_2025-11-19T21:19:01",1,True
"Dauvillier, Jean_2025-11-19T21:19:02",1,True
"Bruguière, Marie-Bernadette_2025-11-19T21:19:02",1,True
"Crubézy, Eric_2025-11-19T21:21:28",1,True
"Gonthier, Nicole_2025-11-19T21:19:09",1,True
"Jiménez Sánchez, Juan Antonio_2025-11-19T21:19:09",1,True
"Quérel, Pascal_2025-11-19T21:19:33",1,True
"Calligaro, Thomas_2025-11-19T21:19:37",1,True
"Castex, Dominique_2025-11-19T21:19:37",1,True
"Perko, Drago_2025-11-19T21:19:39",1,True
"Urbanc, Mimi_2025-11-19T21:19:39",0,False
"Véronèse, Julien_2025-11-19T21:19:42",1,True
"Hirsch, Bertrand_2025-11-19T21:20:05",1,True
"YVINEC, Jean-Hervé_2025-11-19T21:20:10",1,True
"Casajus, Dominique_2025-11-19T21:20:12",1,True
"Blanchard, Philippe_2025-11-19T21:20:19",1,True
"Georges, Patrice_2025-11-19T21:20:19",0,False
Jordina Sales Carbonell_2025-11-19T21:48:57,1,True
"Emptoz, Hubert_2025-11-19T21:20:32",1,True
"Haufe, Hendrikje_2025-11-19T21:20:39",0,True
"Helama, Samuli_2025-11-19T21:20:40",0,False
"Schottky, Martin_2025-11-19T21:20:43",1,True
"Eder, Walter_2025-11-19T21:20:43",1,True
"Mohr, Hubert_2025-11-19T21:20:46",1,True
"Auffarth, Christoph_2025-11-19T21:20:46",1,True
"Bernard, Jutta_2025-11-19T21:20:46",1,True
"Kurre, Silvia_2025-11-19T21:20:46",1,True
"Reck, Alexander_2025-11-19T21:20:47",1,True
"Conter, Claude D._2025-11-19T21:20:47",1,True
"Hagestedt, Lutz_2025-11-19T21:20:47",1,True
"Beiküfner, Uta_2025-11-19T21:20:47",1,True
"Bauer, Michael_2025-11-19T21:20:47",0,False
"Töteberg, Michael_2025-11-19T21:20:47",1,True
"Rohrwasser, Michael_2025-11-19T21:20:47",2,True
"Hollmer, Heide_2025-11-19T21:20:47",1,True
"Jeßing, Benedikt_2025-11-19T21:20:47",1,True
"Camuffo, Dario_2025-11-19T21:20:50",1,True
"Hoffmann, Peter_2025-11-19T21:20:51",1,True
"Grupe, Gisela_2025-11-19T21:20:51",1,True
"Arge, Símun V._2025-11-19T21:20:52",0,True
"Sveinbjarnardóttir, Guðrún_2025-11-19T21:20:52",1,True
"Buckland, Paul C._2025-11-19T21:20:52",1,True
"Segerström, Ulf_2025-11-19T21:20:53",1,True
"Emanuelsson, Marie_2025-11-19T21:20:53",1,True
"Zitová, Barbara_2025-11-19T21:20:53",1,True
"Flusser, Jan_2025-11-19T21:20:53",1,True
"Šroubek, Filip_2025-11-19T21:20:53",0,True
"Ehrenreich, Robert M._2025-11-19T21:20:54",1,True
"Hamilton, Elizabeth_2025-11-19T21:20:54",0,False
"Nash, Samuel K._2025-11-19T21:20:54",0,False
"Chance, Jane_2025-11-19T21:20:56",1,True
"Blumenthal, Debra_2025-11-19T21:20:58",1,True
"Paja, László_2025-11-19T21:20:58",0,False
"Yan, Z._2025-11-19T21:21:01",0,False
"Jones, P. D._2025-11-19T21:21:01",1,True
"Davies, T. D._2025-11-19T21:21:01",0,True
"Moberg, A._2025-11-19T21:21:01",0,True
"Bergström, H._2025-11-19T21:21:01",0,False
"Cocheo, C._2025-11-19T21:21:01",0,False
"Maugeri, M._2025-11-19T21:21:01",0,False
"Demarée, G. R._2025-11-19T21:21:01",0,False
"Verhoeve, T._2025-11-19T21:21:01",0,False
"Thoen, Erik_2025-11-19T21:25:08",0,False
"Barriendos, M._2025-11-19T21:21:01",0,False
"Rodríguez, R._2025-11-19T21:21:01",0,False
"Martín-Vide, J._2025-11-19T21:21:01",1,True
"Yang, C._2025-11-19T21:21:01",0,False
"Hayes, Mary_2025-11-19T21:21:02",1,True
"Lee, Stuart D._2025-11-19T21:21:09",2,True
"Solopova, Elizabeth_2025-11-19T21:21:09",1,True
"Fee, Christopher Richard_2025-11-19T21:21:12",0,False
"Wheeler, Bonnie_2025-11-19T21:21:13",1,True
"Storå, Jan_2025-11-19T21:17:07",1,True
"Ward, Renée_2025-11-19T21:21:18",1,True
"Schär, Sonja_2025-11-19T21:21:24",0,False
"Bieri, Hanspeter_2025-11-19T21:21:24",0,True
"Waton, Marie-Dominique_2025-11-19T21:21:25",1,True
"Lavergne, Jean_2025-11-19T21:21:25",1,True
"Thomann, Emmanuelle_2025-11-19T21:21:25",0,False
"Dardaine, Sylvie_2025-11-19T21:21:25",1,True
"Weissberger, Barbara F._2025-11-19T21:21:25",1,True
"Powlesland, Dominic_2025-11-19T21:21:27",1,True
"Roberts, Charlotte A_2025-11-19T21:21:27",1,True
"Upton, A R M_2025-11-19T21:21:27",0,False
"Bjerklin, Krister_2025-11-19T21:21:27",1,True
"Fiore, Cristina_2025-11-19T21:21:27",1,True
"Eisenhut, Michael_2025-11-19T21:21:27",0,True
"Ragazzi, Eugenio_2025-11-19T21:21:27",0,True
"Armanini, Decio_2025-11-19T21:21:27",0,False
"Teschler-Nicola, Maria_2025-11-19T21:38:44",1,True
"Knaus, A_2025-11-19T21:21:28",0,False
"Štih, Peter_2025-11-19T21:21:28",1,True
"Drancourt, Michel_2025-11-19T21:21:28",1,True
"Roux, Véronique_2025-11-19T21:21:28",1,True
"Dang, La Vu_2025-11-19T21:21:28",1,True
"Tran-Hung, Lam_2025-11-19T21:21:28",1,True
"Ogata, Hiroyuki_2025-11-19T21:21:28",1,True
"Fournier, Pierre-Edouard_2025-11-19T21:21:28",1,True
"Raoult, Didier_2025-11-19T21:21:28",1,True
"Goodacre, S_2025-11-19T21:21:29",0,False
"Helgason, Agnar_2025-11-19T21:48:33",0,True
"Nicholson, J_2025-11-19T21:21:29",0,False
"Southam, L_2025-11-19T21:21:29",0,False
"Ferguson, L_2025-11-19T21:21:29",0,False
"Hickey, E_2025-11-19T21:21:29",0,False
"Vega, E_2025-11-19T21:21:29",0,False
"Stefánsson, Kari_2025-11-19T21:25:06",0,False
"McEvoy, B_2025-11-19T21:21:29",0,False
"Farkas, L. Gyula_2025-11-19T21:42:09",0,False
"Zeegers, Maurice P A_2025-11-19T21:21:29",0,True
"van Poppel, Frans_2025-11-19T21:21:29",1,True
"Vlietinck, Robert_2025-11-19T21:21:29",0,False
"Spruijt, Liesbeth_2025-11-19T21:21:29",0,False
"Ostrer, Harry_2025-11-19T21:21:29",1,True
"Martín Araguz, A_2025-11-19T21:21:29",0,False
"Bustamante Martínez, M C_2025-11-19T21:21:29",0,False
"Fernández-Armayor Ajo, V_2025-11-19T21:21:29",0,False
"López Gómez, M_2025-11-19T21:21:29",0,False
"Deshaies, Eric M_2025-11-19T21:21:29",0,True
"DiRisio, Darryl_2025-11-19T21:21:29",0,False
"Popp, A John_2025-11-19T21:21:29",1,True
"Azar, Henry A_2025-11-19T21:21:30",1,True
"McVaugh, Michael Rogers_2025-11-19T21:26:29",1,True
"Moog, Ferdinand Peter_2025-11-19T21:21:30",1,True
"Karenberg, Axel_2025-11-19T21:21:30",1,True
"Possenti, Elisa_2025-11-19T21:21:32",1,True
"Curvers, Hans H._2025-11-19T21:21:35",0,True
"Stuart, Barbara_2025-11-19T21:21:35",0,False
Manchester University Press_2025-11-19T21:21:36,1,True
"Procida, Mary A._2025-11-19T21:21:36",1,True
"Humphries, Mark_2025-11-19T21:21:38",0,False
"Schiavone, Aldo_2025-11-19T21:21:38",1,True
"Zolitschka, Bernd_2025-11-19T21:21:39",1,True
"Lücke, Andreas_2025-11-19T21:21:39",0,False
"Mikić, Živko_2025-11-19T21:35:36",1,True
"Bardzell, Jeffrey_2025-11-19T21:21:50",1,True
"Ryan, Michael Alan_2025-11-19T21:21:50",0,False
"Kovalev, Roman Konstantinovich_2025-11-19T21:21:50",0,False
"Chan Tsin, Matthieu E._2025-11-19T21:21:50",0,False
"Palmer, James Milton_2025-11-19T21:21:51",0,True
"Bishop, Nancy_2025-11-19T21:21:52",0,True
"Riedel, Dagmar A._2025-11-19T21:21:53",0,False
"Moon, Christopher Norman_2025-11-19T21:21:53",0,False
"Good, Jonathan David Arthur_2025-11-19T21:21:54",0,False
"Lamberg, B.-A._2025-11-19T21:25:26",0,False
"Billig, Gerhard_2025-11-19T21:21:58",1,True
"Gräßler, Ingolf_2025-11-19T21:21:58",0,False
"Kavacs, Günter_2025-11-19T21:21:59",1,True
"Oelsner, Norbert_2025-11-19T21:21:59",1,True
"Rothbrust, Barbara_2025-11-19T21:21:59",1,True
"Schmid, Wolfgang_2025-11-19T21:21:59",0,False
"Feichtinger, Barbara_2025-11-19T21:22:00",1,True
"Regond, Annie_2025-11-19T21:22:02",1,True
Alliance universitaire d'Auvergne_2025-11-19T21:22:02,1,True
"Morel, Barbara_2025-11-19T21:22:02",0,False
"Hamburger, Jeffrey F._2025-11-19T21:24:27",0,False
"Schneider, Manfred_2025-11-19T21:22:05",2,True
"Heinz, Stefan Helmut_2025-11-19T21:22:08",1,True
"Strmčnik-Gulič, Mira_2025-11-19T21:22:10",0,False
"Bratož, Rajko_2025-11-19T21:22:10",1,True
"González Marrero, José Antonio_2025-11-19T21:22:23",1,True
"Quaresma, José Carlos_2025-11-19T21:22:25",1,True
"Calais, Cristina_2025-11-19T21:22:25",0,False
"Florez Calderón, Mauro_2025-11-19T21:22:29",0,False
"Ramos Rodríguez, Zoila_2025-11-19T21:22:29",0,False
"Gerrets, Danny_2025-11-19T21:22:37",1,True
"Reinders, Reinder_2025-11-19T21:22:38",1,True
"Woltinge, Inger_2025-11-19T21:22:38",0,False
"Prummel, Wietske_2025-11-19T21:17:21",1,True
"Aalders, Ypie_2025-11-19T21:22:38",0,True
"Molthof, Helle_2025-11-19T21:22:38",0,False
"de Neef, Wieke_2025-11-19T21:22:38",0,True
"ELDEVIK, JOHN_2025-11-19T21:16:49",1,True
"Colish, Marcia L._2025-11-19T21:24:37",1,True
"Gomez-Casado, E._2025-11-19T21:25:12",0,False
"Liéger, Abel_2025-11-19T21:23:13",1,True
"Marguet, Roger_2025-11-19T21:23:13",1,True
"Wikström, Anders_2025-11-19T21:22:14",1,True
"Mascher, Catharina_2025-11-19T21:18:39",1,True
"Connelid, Pär_2025-11-19T21:18:39",1,True
"Kock, Jan_2025-11-19T21:21:34",1,True
"Armitage, P. L._2025-11-19T21:23:29",0,False
"Butler, J._2025-11-19T21:23:29",0,False
"Dennison, E. P._2025-11-19T21:46:56",0,False
"D'Arcens, Louise_2025-11-19T21:23:37",1,True
"Lewis, Katherine J._2025-11-19T21:23:39",1,True
"Mykrä, Sakari_2025-11-19T21:23:41",0,False
"Vuorisalo, Timo_2025-11-19T21:23:41",0,True
"Pohja-Mykrä, Mari_2025-11-19T21:23:41",0,False
"Acker, Joris_2025-11-19T21:23:45",0,True
"Beeckman, Hans_2025-11-19T21:23:45",1,True
"Grzybowski, Tomasz_2025-11-19T21:22:39",0,True
"Czarny, J._2025-11-19T21:23:45",1,True
"Drobnič, K._2025-11-19T21:23:45",0,False
"Miścicka-Śliwka, D._2025-11-19T21:23:45",0,False
"Connellan, J._2025-11-19T21:23:45",0,False
"Wallace, Patrick F._2025-11-19T21:25:39",1,True
"Park, S. D. E._2025-11-19T21:23:45",0,False
"Hoppe, Göran_2025-11-19T21:23:46",1,True
"Nõulik, Ingrid_2025-11-19T21:23:46",0,False
"Punning, Jaan-Mati_2025-11-19T21:23:46",1,True
"Tavano, Sergio_2025-11-19T21:23:52",1,True
"Markič Golob, Anamarija_2025-11-19T21:23:52",1,True
"Vončina, Katja_2025-11-19T21:23:53",0,False
"Vetrih, Joško_2025-11-19T21:23:54",0,True
"Korsman, Tom_2025-11-19T21:23:56",0,False
"Högberg, Peter_2025-11-19T21:23:56",0,False
"Madden, Thomas F._2025-11-19T21:24:04",1,True
"Auxiette, Ginette_2025-11-19T21:24:06",1,True
"Thouvenot, Sylvain_2025-11-19T21:24:06",1,True
"Poirier, Maxence_2025-11-19T21:24:06",0,False
"Wright, Roger_2025-11-19T21:19:57",1,True
"Leydier, Yann_2025-11-19T21:26:34",1,True
"Le Bourgeois, F._2025-11-19T21:24:17",1,True
"Nakagawa, A._2025-11-19T21:24:17",0,True
"Kutics, A._2025-11-19T21:24:17",0,True
"Tanaka, K._2025-11-19T21:24:17",0,True
"Nakajima, M._2025-11-19T21:24:17",0,True
"Psik, Thomas_2025-11-19T21:24:17",0,True
"Wagner, Ina_2025-11-19T21:24:17",1,True
"Trinh, E._2025-11-19T21:24:18",0,True
"Allier, B._2025-11-19T21:24:18",0,True
"Malone, K.M._2025-11-19T21:24:18",0,True
"van der Wiel, J.W._2025-11-19T21:24:18",0,True
"Saugy, B.A._2025-11-19T21:24:18",0,True
"Frappa, M._2025-11-19T21:24:18",0,False
"Chapoulie, R._2025-11-19T21:24:18",0,False
"Kampf, C._2025-11-19T21:24:18",0,True
"Kastberg, P._2025-11-19T21:24:18",1,True
"Brath, R._2025-11-19T21:24:18",0,True
"Peters, M._2025-11-19T21:24:18",1,True
Vinod Cherian Joseph_2025-11-19T21:24:18,0,False
Kyung Hee Lee_2025-11-19T21:24:18,0,False
Doohyun Kim_2025-11-19T21:24:18,0,False
Sung Ho Ahn_2025-11-19T21:24:18,0,False
Ji-Young Kwak_2025-11-19T21:24:18,0,False
"Merabti, M._2025-11-19T21:24:18",0,True
"El Rhalibi, A._2025-11-19T21:24:18",0,True
"Emmerson, Richard K._2025-11-19T21:24:21",1,True
"Shailor, Barbara A._2025-11-19T21:24:21",1,True
"Holsinger, Bruce W._2025-11-19T21:24:21",1,True
"Klausner, David N._2025-11-19T21:24:21",1,True
"Jordan, William Chester_2025-11-19T21:24:21",1,True
"Ziegler, Vickie_2025-11-19T21:24:21",1,True
"MOORHEAD, John_2025-11-19T21:21:45",0,False
"Bak, János M._2025-11-19T21:24:23",2,True
"Wiethaus, Ulrike_2025-11-19T21:24:27",1,True
"McGinn, Bernard_2025-11-19T21:24:27",1,True
"Lynch, Kathryn L._2025-11-19T21:24:27",1,True
"Dutton, Paul_2025-11-19T21:24:27",0,False
"van Deusen, Nancy_2025-11-19T21:24:27",2,True
"Giffney, Noreen_2025-11-19T21:21:44",1,True
"Lepetz, Sébastien_2025-11-19T21:24:29",1,True
"Masson, Muriel_2025-11-19T21:26:12",0,False
"Brun, M_2025-11-19T21:24:29",0,False
"Bourgeois, M.L_2025-11-19T21:24:29",0,False
"Colinart, S._2025-11-19T21:24:31",0,False
"Poirot, J.-P._2025-11-19T21:24:31",0,False
"Sudres, C._2025-11-19T21:24:31",0,False
"Behre, Karl-Ernst_2025-11-19T21:24:31",1,True
"Schneider, Jürgen_2025-11-19T21:24:31",1,True
"Egenberg, Inger Marie_2025-11-19T21:24:33",1,True
"Holtekjølen, Ann Katrin_2025-11-19T21:24:33",0,True
"Lundanes, Elsa_2025-11-19T21:24:33",1,True
"López-Palop, Ramón_2025-11-19T21:24:36",0,False
"Pinar, Eduardo_2025-11-19T21:24:36",0,False
"Saura, Daniel_2025-11-19T21:24:36",0,False
"Pérez-Lorente, Fernando_2025-11-19T21:24:36",0,False
"Lozano, Íñigo_2025-11-19T21:24:36",0,False
"Teruel, Francisca_2025-11-19T21:24:36",0,False
"Hurtado, José_2025-11-19T21:24:36",0,False
"Lacunza, Javier_2025-11-19T21:24:36",0,False
"Picó, Francisco_2025-11-19T21:24:36",0,False
"Valdés, Mariano_2025-11-19T21:24:36",0,False
"Bernstein, Alan E._2025-11-19T21:24:37",1,True
"Ramos, A._2025-11-19T21:24:40",0,False
"Palomino, J.C._2025-11-19T21:24:40",0,True
"Miranda, P._2025-11-19T21:24:40",0,True
"Perez-Nuñez, A._2025-11-19T21:24:40",0,False
"Arrese, I._2025-11-19T21:24:40",0,False
"Segol, Marla_2025-11-19T21:24:43",1,True
"Shatz, David_2025-11-19T21:29:59",1,True
"Leeming, David A._2025-11-19T21:24:48",1,True
"Heffernan, Thomas J._2025-11-19T21:24:27",2,True
"Hallgrímsson, Benedikt_2025-11-19T21:25:06",2,True
"O’Donnabhain, Barra_2025-11-19T21:26:32",1,True
"Walters, G. Bragi_2025-11-19T21:25:06",0,True
"Cooper, David M.L._2025-11-19T21:25:06",0,False
"Guđbjartsson, Daníel_2025-11-19T21:25:06",1,True
"Czarnetzki, Alfred_2025-11-19T21:25:06",1,True
"Barford, Paul M._2025-11-19T21:35:48",1,True
"Fehr, Karl Thomas_2025-11-19T21:25:07",1,True
"Pohl, Jean_2025-11-19T21:25:07",0,False
"Mayer, Werner_2025-11-19T21:25:07",0,False
"Fassbinder, Jörg W.E._2025-11-19T21:38:23",1,True
"Geiss, Erwin_2025-11-19T21:25:07",0,False
"Kerscher, Hermann_2025-11-19T21:25:07",0,False
"Simpson, Ian A._2025-11-19T21:25:08",0,False
"McClure, Joanne T._2025-11-19T21:25:08",0,False
"Griffiths, Geoffrey H._2025-11-19T21:25:08",0,False
"Lindholm, Markus_2025-11-19T21:28:55",0,False
"TIMONEN, MAURI_2025-11-19T21:25:50",0,False
"Eronen, M._2025-11-19T21:25:08",0,False
"Sirocko, Frank_2025-11-19T21:18:28",1,True
"Lück, E._2025-11-19T21:25:11",1,True
"Skånberg, T._2025-11-19T21:25:11",0,False
"Smith, C. I._2025-11-19T21:25:11",0,False
"Nielsen-Marsh, C. M._2025-11-19T21:25:11",0,False
"Jans, M. M. E._2025-11-19T21:25:11",0,False
"Arthur, P._2025-11-19T21:25:11",0,True
"Riisager, P._2025-11-19T21:25:11",0,False
"Abrahamsen, N._2025-11-19T21:25:11",0,False
"Rytter, J._2025-11-19T21:25:11",0,False
"Sanchez-Velasco, P._2025-11-19T21:25:12",0,False
"Moscoso, J._2025-11-19T21:25:12",0,False
"Zamora, J._2025-11-19T21:25:12",0,False
"Lowy, E._2025-11-19T21:25:12",0,False
"Silvera, C._2025-11-19T21:25:12",0,False
"Cemborain, A._2025-11-19T21:25:12",0,False
"Leyva-Cobián, F._2025-11-19T21:25:12",0,False
"Nogarola, Isotta_2025-11-19T21:25:20",1,True
"King, Margaret L._2025-11-19T21:25:20",1,True
"Robin, Diana_2025-11-19T21:25:20",1,True
富田  矩正_2025-11-19T21:25:21,0,False
トミタ  ノリマサ_2025-11-19T21:25:21,0,False
Tomita  Norimasa_2025-11-19T21:25:21,0,False
"Solin, Heikki_2025-11-19T21:25:26",1,True
"Rehren, Thilo_2025-11-19T21:35:21",2,True
"Bondarenko, Dmitri_2025-11-19T21:25:33",1,True
"Kazankov, Alexander_2025-11-19T21:25:33",0,True
"Khaltourina, Daria_2025-11-19T21:25:33",1,True
"Korotayev, Andrey_2025-11-19T21:25:33",1,True
"ﺳﻴﺠﻮﻝ, ﻣﺎﺭﻻ_2025-11-19T21:25:34",0,False
Sharon E. J. Gerstel_2025-11-19T21:25:36,0,False
"Munn, Mark_2025-11-19T21:25:36",1,True
"Grossman, Heather E._2025-11-19T21:25:36",1,True
"Rohn, Arthur H._2025-11-19T21:25:36",1,True
"Kiel, Machiel_2025-11-19T21:25:36",1,True
"Weber, J._2025-11-19T21:25:38",0,False
이자연_2025-11-19T21:25:47,0,False
Ja Yeon Lee_2025-11-19T21:25:47,0,False
박헌준_2025-11-19T21:25:47,0,False
Hun Joon Park_2025-11-19T21:25:47,0,False
김창도_2025-11-19T21:25:47,0,False
Chang Dao Jin_2025-11-19T21:25:47,0,False
장성수_2025-11-19T21:25:47,0,False
Jang Seong Su_2025-11-19T21:25:47,0,False
이득수_2025-11-19T21:25:47,0,False
"Sonnlechner, Christoph_2025-11-19T21:26:07",1,True
"O’Collins, S.J., Gerald_2025-11-19T21:26:09",1,True
"Farrugia, S.J., Mario_2025-11-19T21:26:09",0,True
"Arias de Haro, Francisco_2025-11-19T21:22:40",0,False
"Alcalá Lirio, Francisca_2025-11-19T21:22:40",0,False
"Barba Colmenero, Vicente_2025-11-19T21:22:40",1,True
"Navarro Pérez, Mercedes_2025-11-19T21:22:40",1,True
"Serrano Peña, José Luis_2025-11-19T21:22:40",1,True
"Cano Carrillo, Juana_2025-11-19T21:22:40",0,False
"Herranz Sánchez, Ana Belén_2025-11-19T21:26:13",1,True
"Adams, Anthony_2025-11-19T21:26:16",1,True
박은경_2025-11-19T21:26:17,0,False
정현숙_2025-11-19T21:26:17,0,False
Park Eun-Kyung_2025-11-19T21:26:17,0,False
Chung Hyun-Sook_2025-11-19T21:26:17,0,False
김문숙_2025-11-19T21:26:17,0,False
Kim Moon-Sook_2025-11-19T21:26:17,1,True
이상은_2025-11-19T21:26:17,0,False
신지현_2025-11-19T21:26:17,0,False
Lee Sang-Eun_2025-11-19T21:26:17,0,False
Shin Ji-Hyun_2025-11-19T21:26:17,0,False
"Hamilton-Dyer, Sheila_2025-11-19T21:26:32",1,True
"Possnert, Göran_2025-11-19T21:17:07",1,True
"Ruys, Juanita Feros_2025-11-19T21:26:55",1,True
"Prevenier, Walter_2025-11-19T21:26:56",1,True
"Mertens, Thom_2025-11-19T21:26:58",1,True
"Jenkins, Jacqueline_2025-11-19T21:27:03",1,True
"Willaert, Frank_2025-11-19T21:27:08",1,True
"Braet, Herman_2025-11-19T21:27:08",1,True
"Venckeleer, Theo_2025-11-19T21:27:08",1,True
"Moulinier-Brogi, Laurence_2025-11-19T21:27:08",1,True
"Watson, Nicholas_2025-11-19T21:16:59",1,True
"Góngora, María Eugenia_2025-11-19T21:27:26",1,True
"Kreuz, Angela_2025-11-19T21:27:39",1,True
"Pinsker, Bernhard_2025-11-19T21:27:39",1,True
Helmut Seng_2025-11-19T21:27:41,1,True
"Fuller, B. T._2025-11-19T21:27:47",0,False
"Molleson, T. I._2025-11-19T21:27:47",1,True
"Mundy, John Hine_2025-11-19T21:50:43",2,True
"Matter, E. Ann_2025-11-19T21:28:05",1,True
"Fellner, Robert_2025-11-19T21:26:48",1,True
"Bourgeois, A._2025-11-19T21:28:19",0,False
"Slim, L._2025-11-19T21:28:19",1,True
"Schwenke, Anja_2025-11-19T21:28:28",0,False
"Partzsch, Monika_2025-11-19T21:28:28",1,True
"JÄger, Eckehart J._2025-11-19T21:28:28",0,False
"Gasser, Christoph_2025-11-19T21:23:45",1,True
University of Exeter_2025-11-19T21:28:34,1,True
"Higham, R.A_2025-11-19T21:28:34",1,True
"Du Plessis, Jacques_2025-11-19T21:29:27",1,True
"Zimmermann, R._2025-11-19T21:28:40",0,False
"Rodríguez Gervás, Manuel José_2025-11-19T21:28:50",0,False
"Pérez Sánchez, Dionisio_2025-11-19T21:28:50",1,True
"Lucken, Christopher_2025-11-19T21:20:14",1,True
"Pilet-Lemière, Jacqueline_2025-11-19T21:29:05",1,True
"Mazimann, Jean-Pierre_2025-11-19T21:29:05",1,True
"Botha, Pieter J.J._2025-11-19T21:29:24",0,False
"Raath, Andries W.G._2025-11-19T21:29:31",1,True
"Hollander, W.J._2025-11-19T21:29:18",0,True
"De Freitas, Shaun_2025-11-19T21:29:24",0,True
"Cilliers, Louise_2025-11-19T21:29:19",1,True
"Retief, Francois P._2025-11-19T21:29:19",0,True
"Craffert, Pieter F._2025-11-19T21:29:24",1,True
"Brewis, W. Loftie-Eaton_2025-11-19T21:29:26",0,False
"Gericke, Elizabeth M._2025-11-19T21:29:26",0,False
"Henning, J.J._2025-11-19T21:29:27",0,False
"Kivinen, O._2025-11-19T21:29:28",0,True
"Kaipainen, P._2025-11-19T21:29:28",0,False
"Lewis, Andrew_2025-11-19T21:29:36",1,True
"Steyn, Johann C._2025-11-19T21:29:36",0,False
"Hüster-Plogmann, Heide_2025-11-19T21:39:42",1,True
"Ramallo, Sebastián_2025-11-19T21:29:46",0,True
"Rocio, Vitor_2025-11-19T21:29:54",0,True
"Alves, Mário Amado_2025-11-19T21:29:54",0,False
"Lopes, J. Gabriel_2025-11-19T21:29:54",0,True
"Vicente, Graça_2025-11-19T21:29:54",1,True
"Domínguez Hinarejos,Carlos_2025-11-19T21:29:57",0,False
"Serrano Durbá,Agustín_2025-11-19T21:29:57",0,False
"Estornell Moragues,Francisco_2025-11-19T21:29:57",0,False
"Martínez-Verduch,Mario_2025-11-19T21:29:57",0,False
"García Ibarra,Francisco_2025-11-19T21:29:57",0,False
"Van Dam, Raymond_2025-11-19T21:29:58",2,True
"Feldman, Seymour_2025-11-19T21:29:59",1,True
"Kraemer, Joel L._2025-11-19T21:29:59",1,True
"Lorberbaum, Menachem_2025-11-19T21:29:59",1,True
"Barbero, Alessandro_2025-11-19T21:39:35",0,False
"Loring, M. I._2025-11-19T21:30:00",0,False
"Brogiolo, Gian Pietro_2025-11-19T21:27:36",1,True
"Teeuwen, Mariken_2025-11-19T21:30:26",1,True
"Lyon, Bryce D._2025-11-19T21:36:01",1,True
"Suter, David W._2025-11-19T21:30:54",0,False
"Neusner, Jacob_2025-11-19T21:30:54",1,True
"Dubrick, Edelgard E._2025-11-19T21:30:54",0,False
"Gusick, Barbara I._2025-11-19T21:30:54",1,True
"Dimmick, Jeremy_2025-11-19T21:30:56",1,True
"Zeeman, Nicolette_2025-11-19T21:30:56",1,True
"McInnis, Judy B._2025-11-19T21:30:57",1,True
"Cutler, Norman_2025-11-19T21:30:57",1,True
"Orr, Leslie C._2025-11-19T21:30:57",1,True
"Meyerson, Mark D._2025-11-19T21:30:59",1,True
"Thiery, Daniel_2025-11-19T21:30:59",1,True
"Kogan, Lori R._2025-12-29T18:13:11",0,False
"Vacha-Haase, Tammi_2025-12-29T18:13:11",0,False
"Quérel, Carole_2025-11-19T21:31:16",0,True
"Berdeaux-Lebrazidec, Marie-Laure_2025-11-19T21:31:16",1,True
"Roussel, Dominique_2025-11-19T21:31:16",1,True
Sophie Mery_2025-11-19T21:31:22,0,False
Françoise Le Guennec-Coppens_2025-11-19T21:31:22,0,False
"Vervoorn, Aat_2025-11-19T21:31:35",1,True
"Lautner, Peter_2025-11-19T21:31:40",1,True
"Hannan, Kevin_2025-11-19T21:31:41",1,True
"Qian, Nanxiu_2025-11-19T21:31:41",1,True
"Clark Bartlett, Anne_2025-11-19T21:31:47",1,True
"Boro, Joyce_2025-11-19T21:31:48",1,True
"Bazelmans, Jos_2025-11-19T21:22:37",1,True
"Maurina, Barbara_2025-11-19T21:33:50",1,True
"Postinger, Carlo Andrea_2025-11-19T21:33:52",1,True
"Pinter, Farkas_2025-11-19T21:33:59",0,True
"Szakmany, Gyorgy_2025-11-19T21:33:59",1,True
"Toth, Maria_2025-11-19T21:33:59",1,True
"von Gemmingen, Barbara_2025-11-19T21:34:39",1,True
"Lüdtke, Jens_2025-11-19T21:34:39",1,True
"Schmitt, Christian_2025-11-19T21:34:39",1,True
"Hansson, Joakim_2025-11-19T21:35:22",1,True
"Garcia Londoño, Andres_2025-11-19T21:35:22",2,True
"Mauquoy, Dmitri_2025-11-19T21:35:31",0,True
"Blaauw, Maarten_2025-11-19T21:35:31",0,True
"van Geel, Bas_2025-11-19T21:35:31",0,True
"Borromei, Ana_2025-11-19T21:35:31",0,False
"Quattrocchio, Mirta_2025-11-19T21:35:31",0,False
"Stenbäck, Niklas_2025-11-19T21:35:35",1,True
"Borić, Dušan_2025-11-19T21:35:36",1,True
"Fowell, Sarah J._2025-11-19T21:36:02",0,False
"Hansen, Barbara C.S._2025-11-19T21:36:02",0,False
"Peck, John A._2025-11-19T21:36:02",0,False
"Khosbayar, P._2025-11-19T21:36:02",0,False
"Ganbold, Enebish_2025-11-19T21:36:02",0,False
"Gansum, Terje_2025-11-19T21:36:12",1,True
"Oestigaard, Terje_2025-11-19T21:36:12",1,True
"Taylor, Gary_2025-11-19T21:36:13",1,True
"Allen, Carol_2025-11-19T21:36:13",1,True
"Cowgill, Jane_2025-11-19T21:36:13",1,True
"Fryer, Val_2025-11-19T21:36:13",1,True
"Precious, Barbara_2025-11-19T21:36:13",0,True
"Rackham, James_2025-11-19T21:36:13",1,True
"Roper, Tessa_2025-11-19T21:36:13",0,False
"Young, Jane_2025-11-19T21:36:13",0,True
"Venkata, Pradeep Garudadri_2025-11-19T21:37:14",0,False
"Aslan, Mustafa M._2025-11-19T21:37:14",0,False
"Mengüç, M. Pinar_2025-11-19T21:37:14",1,True
"Videen, Gorden_2025-11-19T21:37:14",1,True
"Sánchez-Martín, F.M._2025-11-27T19:23:43",0,True
D. Cañís Sánchez_2025-11-19T21:37:15,0,False
J. Martí Mestre_2025-11-19T21:37:15,0,False
A.M. Hostalot Abás_2025-11-19T21:37:15,0,False
J. Corbella Alonso_2025-11-19T21:37:15,0,False
José Díaz Novás_2025-11-19T21:37:39,0,False
Bárbara Rosa Gallego Machado_2025-11-19T21:37:39,0,False
"Döhle, Hans-Jürgen_2025-11-19T21:37:57",0,True
"Schlumbaum, Angela_2025-11-19T21:22:54",1,True
"Reddé, M._2025-11-19T21:39:42",1,True
"Schibler, Jörg_2025-11-19T21:22:54",1,True
"Schwarz, Peter-Andrew_2025-11-19T21:39:42",2,True
"Ginella, Francesca_2025-11-19T21:23:00",1,True
"Vandorpe, Patricia_2025-11-19T21:39:42",0,True
"Wick, Lucia_2025-11-19T21:39:42",1,True
"Blatter, Robert_2025-11-19T21:27:49",0,False
"Turgay, Meral_2025-11-19T21:27:49",0,False
"Kunz, Brigitta_2025-11-19T21:39:43",1,True
"Levine, Marsha_2025-11-19T21:39:44",0,True
"Whitwell, Katherine E._2025-11-19T21:39:44",0,False
"Jeffcott, Leo B._2025-11-19T21:39:44",0,True
"Ford, Steve_2025-11-19T21:40:03",1,True
"Powell, Nicola_2025-11-19T21:40:03",0,False
"Schilp, Thomas_2025-11-19T21:40:09",1,True
"Federici-Schenardi, Maruska_2025-11-19T21:40:58",1,True
"Mérida Jiménez, Rafael M._2025-11-19T21:40:59",1,True
"Papayianni, I._2025-11-19T21:41:43",0,False
"Theoulakis, P._2025-11-19T21:41:43",0,False
"Stefanidou, P._2025-11-19T21:41:43",0,False
"Krage, Linda_2025-11-19T21:41:43",0,False
"Vitina, Inta_2025-11-19T21:41:43",0,False
"Igaune, Silvija_2025-11-19T21:41:43",0,False
María José Díaz García_2025-11-19T21:41:51,0,False
Vanessa Portero Fernández_2025-11-19T21:41:51,0,False
Jaime Vizcaíno Sánchez_2025-11-19T21:41:54,1,True
"Fajt, Jirí._2025-11-19T21:41:55",1,True
"Guadalupi, Gianni_2025-11-19T21:41:55",1,True
"Marzal Palacios, Francisco Javier_2025-11-19T21:41:57",1,True
"Munsuri Rosado, María Nieves_2025-11-19T21:41:57",1,True
"Preedy, Lee_2025-11-19T21:42:00",2,True
"Жалменова, Ольга_2025-11-19T21:42:30",0,False
"Юдакова, Оксана_2025-11-19T21:42:30",0,False
"Hjärthner-Holdar, Eva_2025-11-19T21:42:49",1,True
"Risberg, Christina_2025-11-19T21:42:49",1,True
"Grandin, Lena_2025-11-19T21:42:49",1,True
"Tesch, Sten_2025-11-19T21:23:56",1,True
"Nilsson, Marcus_2025-11-19T21:42:54",1,True
"Kra̧piec, Marek_2025-11-19T21:42:54",1,True
"Ossowski, Waldemar_2025-11-19T21:42:54",1,True
"Алещукин, Л._2025-11-19T21:46:51",0,False
"Рябинин, Е._2025-11-19T21:46:51",0,False
"Шитов, М._2025-11-19T21:46:51",1,True
Mustafa Kaçar_2025-11-19T21:47:12,0,False
Atilla Bir_2025-11-19T21:47:12,0,False
"De Boodt, Ria_2025-11-19T21:47:46",1,True
"Herremans, Valérie_2025-11-19T21:47:46",0,True
"De Pauw, Hilde_2025-11-19T21:47:46",0,False
"Van de Velde, Carl_2025-11-19T21:47:46",1,True
"Schulze-Hagen, Karl_2025-11-19T21:23:45",1,True
"Steinheimer, Frank_2025-11-19T21:23:45",1,True
"Kinzelbach, Ragnar_2025-11-19T21:23:45",1,True
"Corretti, Alessandro_2025-11-19T21:48:47",1,True
"Gargini, Michela_2025-11-19T21:48:47",0,False
"Michelini, Chiara_2025-11-19T21:48:47",1,True
"Vaggioli, Maria Adelaide_2025-11-19T21:48:47",1,True
"Biernoff, Suzannah_2025-11-19T21:49:12",1,True
"Klassen, Norman_2025-11-19T21:49:12",1,True
"Minet-Mahy, Virginie_2025-11-19T21:49:27",0,True
"Spiegel, Gabrielle M._2025-11-19T21:49:28",1,True
"Woods, Marjorie Curry_2025-11-19T21:49:28",1,True
"Beaupré, Nicolas_2025-11-19T21:49:32",1,True
"Guenée, Bernard_2025-11-19T21:49:34",1,True
"Meddeb, Abdelwahab_2025-11-19T21:49:36",1,True
"Joris, Pierre_2025-11-19T21:49:36",2,True
"Monroe, James T._2025-11-19T21:49:57",1,True
Mark F. Pettigrew_2025-11-19T21:49:57,0,False
"Weinstein, Jessica_2025-11-19T21:49:57",0,True
"Sode, Torben_2025-11-19T21:50:07",0,True
"Lion, B._2025-11-19T21:50:18",0,True
"Jahn, Wolfgang_2025-11-19T21:48:34",1,True
"RETTNER, ARNO_2025-11-19T21:50:23",1,True
"SCHUMANN, JUTTA_2025-11-19T21:50:23",1,True
"Grant, Edward_2025-11-19T21:50:43",1,True
"Dobrowolski, Pawel_2025-11-19T21:50:43",0,True
"Lerner, Constantin_2025-11-19T21:50:46",0,False
"Tchernin, Michael_2025-11-19T21:50:46",0,False
"Makiewicz, Tadeusz_2025-11-19T21:50:54",0,False
"Salski, Łukasz_2025-11-19T21:50:54",0,True
"Keigwin, L. D._2026-01-14T22:01:53",0,True
"Sachs, J. P._2026-01-14T22:01:54",0,True
"Rosenthal, Y._2026-01-14T22:01:59",0,True
"Ziegler, Joseph_2026-01-14T22:05:52",1,True
"Galli, A._2026-01-14T22:06:23",0,False
"Martini, M._2026-01-14T22:06:26",0,False
"Montanari, C._2026-01-14T22:06:27",0,False
"Sibilia, E._2026-01-14T22:06:28",0,False
"Sidebotham, Steven E._2026-01-14T22:07:11",1,True
"Nouwens, Hendrikje M._2026-01-14T22:07:12",0,True
"Hense, A. Martin_2026-01-14T22:07:13",0,False
"Harrell, James A._2026-01-14T22:07:14",1,True
"Smallman-Raynor, Matthew_2026-01-15T09:04:01",1,True
"Cliff, Andrew_2026-01-15T09:04:02",1,True
"Ruiz, Teofilo F._2025-11-19T21:14:16",1,True
"Reynolds, Susan_2025-11-19T21:14:16",1,True
"Geary, Patrick J._2025-11-19T21:15:24",1,True
"Drake, H. A._2025-11-19T21:15:31",0,False
"Hampel, Andrea_2025-11-19T21:15:34",2,True
"Banerjee, Arun_2025-11-19T21:15:34",1,True
"Kiperwasser, Reuven_2025-11-19T21:15:49",1,True
"Rundkvist, Martin_2025-11-19T21:15:49",2,True
"Esper, Jan_2025-11-19T21:15:51",1,True
"Franzén, Bo_2025-11-19T21:15:56",1,True
"Söderberg, Johan_2025-11-19T21:15:56",1,True
"Hawkes, Jane_2025-11-19T21:15:57",1,True
"Barlow, Frank_2025-11-19T21:16:00",1,True
"Joris, André_2025-11-19T21:16:00",1,True
"Rühli, Frank J._2025-11-19T21:16:09",2,True
"France, John_2025-11-19T21:16:09",2,True
"Babcock, Robert G._2025-11-19T21:16:11",1,True
"Jesch, Judith_2025-11-19T21:16:14",1,True
"Bachrach, D._2025-11-19T21:25:12",1,True
"Thibodeaux, Jennifer D._2025-11-19T21:16:16",1,True
"Tanner, Norman P._2025-11-19T21:23:36",1,True
"Hoelzel, A. Rus_2025-11-19T21:16:39",1,True
"Zissu, Boaz_2025-11-19T21:16:59",1,True
"Ganor, Amir_2025-11-19T21:16:59",1,True
"Hendrickx, Benjamin_2025-11-19T21:17:05",2,True
"Sansaridou-Hendrickx, Thekla_2025-11-19T21:17:05",1,True
"Wagner, Thomas Gregor_2025-11-19T21:17:05",2,True
"Worley, John_2025-11-19T21:17:05",1,True
"Blennow, Anna_2025-11-19T21:22:41",1,True
"Beckholmen, Gunilla_2025-11-19T21:17:05",0,False
Museum Gustavianum_2025-11-19T21:17:05,1,True
"Rogers, Clifford J._2025-11-19T21:17:09",1,True
"Spall, Cecily A_2025-11-19T21:17:10",0,False
"Toop, Nicola J._2025-11-19T21:27:04",1,True
"Cook, Gordon_2025-11-19T21:17:10",1,True
"Ogden, Alan R_2025-11-19T21:17:10",0,True
"Babadağ, Murad_2025-11-19T21:17:10",0,False
"Cindoruk, Ela_2025-11-19T21:17:10",0,False
"Gencol, Hakan_2025-11-19T21:17:10",0,False
"Güven, Gamze_2025-11-19T21:17:10",0,False
"Karakuş, Gökhan_2025-11-19T21:17:10",1,True
"Lehouck, Alexander_2025-11-19T21:17:12",0,True
"Ervynck, Anton_2025-11-19T21:17:12",1,True
"De Clercq, Wim_2025-11-19T21:17:14",1,True
"Caciola, Nancy_2025-11-19T21:17:14",1,True
"Traister, Barbara H_2025-11-19T21:17:14",1,True
"WHITE, BEATRICE_2025-11-19T21:24:25",0,True
"Bill, Frederic_2025-11-19T21:17:17",1,True
"Johannisson, Bengt_2025-11-19T21:17:17",1,True
"Olaison, Lena_2025-11-19T21:17:17",0,True
"Koon, Sam_2025-11-19T21:17:18",1,True
"Wood, Jamie_2025-11-19T21:17:18",1,True
"Hirschler, Konrad_2025-11-19T21:17:18",2,True
"Williams, Howard_2025-11-19T21:17:10",1,True
"Rogers, Nicola_2025-11-19T21:17:19",1,True
"Garipzanov, Ildar H._2025-11-19T21:17:20",1,True
"Bergman, Ingela_2025-11-19T21:17:06",1,True
"Damen, Mario_2025-11-19T21:17:22",1,True
"Reed, Clyde G._2025-11-19T21:17:23",1,True
"Howard, Deborah_2025-11-19T21:17:23",1,True
"Ryrie, Alec_2025-11-19T21:17:23",1,True
"Cayton, Andrew_2025-11-19T21:17:23",1,True
"Brower, Daniel_2025-11-19T21:17:23",0,True
"Ripsman, Norrin M._2025-11-19T21:17:23",1,True
"Irschick, Eugene F._2025-11-19T21:17:23",1,True
"Quanch, Max_2025-11-19T21:17:23",0,False
"Stuart, Reginald C._2025-11-19T21:17:23",1,True
"Mitchell, Nancy_2025-11-19T21:17:23",1,True
"Ginio, Ruth_2025-11-19T21:17:23",2,True
"Bächtiger, Andre_2025-11-19T21:17:23",1,True
"Bridge, F. R._2025-11-19T21:17:23",1,True
"Peleggi, Maurizio_2025-11-19T21:17:23",1,True
"Crozier, Andrew J._2025-11-19T21:17:23",1,True
"Adelson, Roger_2025-11-19T21:17:23",1,True
"Copp, Terry_2025-11-19T21:17:23",1,True
"Goldey, D. B._2025-11-19T21:17:23",1,True
"Unterberger, Betty Miller_2025-11-19T21:17:23",1,True
"Egerton, George_2025-11-19T21:17:23",0,False
"Thompson, Neville_2025-11-19T21:17:23",1,True
"Charmley, John_2025-11-19T21:17:23",1,True
"Salmon, Trevor C._2025-11-19T21:17:23",1,True
"Seidman, Michael_2025-11-19T21:17:23",1,True
"Bischof, Günter_2025-11-19T21:17:23",2,True
"Stokes, Lawrence D._2025-11-19T21:17:23",1,True
"Ellwood, D. W._2025-11-19T21:17:23",0,False
"Hopkins, Michael F._2025-11-19T21:17:23",1,True
"Lucas, Scott_2025-11-19T21:17:23",1,True
"Silberstein, Laurence J._2025-11-19T21:17:23",1,True
"Dumper, Michael_2025-11-19T21:17:23",1,True
"Mart, Michelle_2025-11-19T21:17:23",1,True
"Crumlin‐pedersen, Ole_2025-11-19T21:17:23",1,True
"Mcgrail, Seán_2025-11-19T21:17:23",0,False
"Little, Donald P._2025-11-19T21:17:25",1,True
"Hostetler, Laura_2025-11-19T21:17:25",1,True
"Segal, Ethan Isaac_2025-11-19T21:17:54",0,False
"Quataert, Jean H._2025-11-19T21:17:25",1,True
"Wolfart, Johannes C._2025-11-19T21:17:25",1,True
"Bergmann, Peter_2025-11-19T21:17:25",2,True
"Bauer, Ralph_2025-11-19T21:17:25",1,True
"Elman, Benjamin A._2025-11-19T21:17:25",1,True
"Christopher, Emma_2025-11-19T21:17:25",1,True
"Goode, James F._2025-11-19T21:17:25",0,False
"Ford, Caroline_2025-11-19T21:17:25",1,True
"Kundrus, Birthe_2025-11-19T21:17:25",1,True
"Seed, Patricia_2025-11-19T21:17:25",1,True
"Crews, Robert D._2025-11-19T21:17:25",1,True
"Smith, Geoffrey S._2025-11-19T21:17:25",1,True
"Bowman, Timothy_2025-11-19T21:17:25",1,True
"Berger, Stefan_2025-11-19T21:17:25",0,False
"Naranch, Bradley_2025-11-19T21:17:25",1,True
"Dickinson, Frederick R._2025-11-19T21:17:25",1,True
"Shaw, Amy_2025-11-19T21:17:25",0,False
"Chabal, Patrick_2025-11-19T21:17:25",2,True
"Addison, Paul_2025-11-19T21:17:25",1,True
"Quiney, Linda J._2025-11-19T21:17:25",0,True
"Olesen, Thorsten B._2025-11-19T21:17:25",1,True
"McMahon, Robert J._2025-11-19T21:17:25",1,True
"Midford, Paul_2025-11-19T21:17:25",1,True
"Wolff, Larry_2025-11-19T21:17:25",1,True
"Mawdsley, Evan_2025-11-19T21:17:25",2,True
"Bradley, Mark Philip_2025-11-19T21:17:25",1,True
"Levine, Steven I._2025-11-19T21:17:25",1,True
"Dickason, Olive Patricia_2025-11-19T21:17:26",1,True
"Cartledge, Paul_2025-11-19T21:17:26",1,True
"Menache, Sophia_2025-11-19T21:17:26",1,True
"Stephenson, Paul_2025-11-19T21:17:26",0,False
"Aerts, Erik_2025-11-19T21:17:26",1,True
"Herzog, Tamar_2025-11-19T21:17:26",3,True
"De Silva, Chandra R._2025-11-19T21:17:26",1,True
"Peers, Douglas M._2025-11-19T21:17:26",1,True
"Stater, Victor_2025-11-19T21:17:26",1,True
"Kumar, Krishan_2025-11-19T21:17:26",2,True
"Randrianja, Solofo_2025-11-19T21:17:26",1,True
"Berend, Ivan T._2025-11-19T21:17:26",1,True
"Schwarz, Bill_2025-11-19T21:17:26",1,True
"Grimshaw, Patricia_2025-11-19T21:17:26",1,True
"Wooley, Wesley T._2025-11-19T21:17:26",0,False
"Kerr, Ian J._2025-11-19T21:17:26",1,True
"Kennedy, Greg_2025-11-19T21:17:26",1,True
"Craft, Stephen G._2025-11-19T21:17:26",1,True
"Miller, Rory_2025-11-19T21:17:26",1,True
"Eksteins, Modris_2025-11-19T21:17:26",1,True
"Imlay, Talbot_2025-11-19T21:17:26",1,True
"Mitter, Rana_2025-11-19T21:17:26",2,True
"Atkin, Nicholas_2025-11-19T21:17:26",1,True
"Weingartner, James J._2025-11-19T21:17:26",1,True
"Wrigley, Chris_2025-11-19T21:17:26",1,True
"Biddle, Tami Davis_2025-11-19T21:17:26",1,True
"Schwartz, Thomas Alan_2025-11-19T21:17:26",1,True
"Lowe, Peter_2025-11-19T21:17:26",2,True
"Singh, Anita Inder_2025-11-19T21:17:26",1,True
"Jalal, Ayesha_2025-11-19T21:17:26",1,True
"Plummer, Brenda Gayle_2025-11-19T21:17:26",1,True
"Quandt, William B._2025-11-19T21:17:26",1,True
"Redwood, John_2025-11-19T21:17:26",1,True
"McGuire, Brian Patrick_2025-11-19T21:17:27",1,True
"Roach, Levi_2025-11-19T21:17:29",1,True
"Watson, Sethina_2025-11-19T21:17:29",2,True
"Valk, Heiki_2025-11-19T21:17:30",1,True
"Costa, Paula Pinto_2025-11-19T21:17:31",1,True
"Urbańczyk, Przemysław_2025-11-19T21:17:31",1,True
"Smith, Jonathan Riley_2025-11-19T21:17:32",1,True
"Israel, Jonathan_2025-11-19T21:17:32",2,True
"Rodger, N. A. M._2025-11-19T21:17:32",0,True
"Payne, Stanley G._2025-11-19T21:17:32",1,True
"Harris, Bob_2025-11-19T21:17:32",1,True
"Nelles, H. V._2025-11-19T21:17:32",1,True
"Adas, Michael_2025-11-19T21:17:32",1,True
"Obst, Michael A._2025-11-19T21:17:32",1,True
"Beer, Bettina_2025-11-19T21:17:32",1,True
"Wendt, Reinhard_2025-11-19T21:17:32",1,True
"Dobson, Alan_2025-11-19T21:17:32",1,True
"Iriye, Akira_2025-11-19T21:17:32",1,True
"Geyer, Michael_2025-11-19T21:17:32",2,True
"rennan, Patrick H._2025-11-19T21:17:32",0,False
"Simkins, Peter_2025-11-19T21:17:32",1,True
"Krüger, Peter_2025-11-19T21:17:32",1,True
"Westermann, Edward B._2025-11-19T21:17:32",1,True
"Higonnet, Patrice_2025-11-19T21:17:32",2,True
"Snyder, Timothy_2025-11-19T21:17:32",2,True
"Weinberg, Gerhard L._2025-11-19T21:17:32",2,True
"Murphy, Philip_2025-11-19T21:17:32",1,True
"Gienow-Hecht, Jessica C. E._2025-11-19T21:17:32",2,True
"Stephanson, Anders_2025-11-19T21:17:32",2,True
"Domínguez, Jorge I._2025-11-19T21:17:32",1,True
"Gieseke, Jens_2025-11-19T21:17:32",1,True
"Lemire, Beverly_2025-11-19T21:17:32",1,True
"Dessein, Bart_2025-11-19T21:17:32",1,True
"Popp, Roland_2025-11-19T21:17:32",2,True
"Nadel, Alan_2025-11-19T21:17:32",1,True
"Kent, John_2025-11-19T21:17:32",1,True
"Holland, Robert_2025-11-19T21:17:32",1,True
"Quester, George H._2025-11-19T21:17:32",1,True
"Asmus, Ronald D._2025-11-19T21:17:32",1,True
"Waring, Stephen P._2025-11-19T21:17:32",1,True
"Adelman, Jeremy_2025-11-19T21:17:32",2,True
"Silverstone, Scott A._2025-11-19T21:17:32",1,True
"Matthew, Richard_2025-11-19T21:17:32",1,True
"Wennstedt Edvinger, Britta_2025-11-19T21:17:34",1,True
"Broadbent, Noel D._2025-11-19T21:17:34",2,True
"Isaksson, Sven_2025-11-19T21:17:34",0,True
"Fyfe, R. M._2025-11-19T21:17:35",1,True
"Brown, Antony G_2025-11-19T21:33:53",0,True
"Telfer, Alison_2025-11-19T21:17:36",1,True
"Jackson, Caroline_2025-11-19T21:17:36",1,True
"Whittingham, Lucy_2025-11-19T21:17:36",0,False
"Housley, Rupert A._2025-11-19T21:17:36",0,True
"Straker, Vanessa_2025-11-19T21:17:36",1,True
"Lageard, Jonathan G. A._2025-11-19T21:17:36",0,False
"Chruścińska, Alicja_2025-11-19T21:17:43",1,True
"Jesionowski, Bernard_2025-11-19T21:17:43",1,True
"Oczkowski, Hubert_2025-11-19T21:17:43",0,False
"Przegiętka, Krzysztof_2025-11-19T21:17:43",1,True
"Azkarate, Agustín_2025-11-19T21:17:53",0,False
"Kanz, Fabian_2025-11-19T21:18:03",0,False
"Jöns, Hauke_2025-11-19T21:18:04",1,True
"Messal, Sebastian_2025-11-19T21:18:04",1,True
"Thomas, Mark G._2025-11-19T21:18:14",0,True
"Töpf, A L_2025-11-19T21:18:27",0,False
"GILBERT, M. THOMAS P._2025-11-19T21:25:08",1,True
"Dumbacher, J P_2025-11-19T21:18:27",0,False
"DeVries, Kelly_2025-11-19T21:18:28",1,True
"Case, D. T._2025-11-19T21:25:15",0,True
"Burnett, S. E._2025-11-19T21:25:15",0,True
"Nielsen, Torben Kjersgaard_2025-11-19T21:26:59",1,True
"Chazelle, Celia_2025-11-19T21:18:30",1,True
"Esclassan, R_2025-11-19T21:18:34",0,True
"Noirrit, E._2025-11-19T21:24:30",1,True
"Guyonnet, J.-J._2025-11-19T21:24:30",0,False
"Lodter, C._2025-11-19T21:24:30",0,False
"Moros, Matthias_2025-11-19T21:21:00",0,True
"Seidenkrantz, M. -S._2025-11-19T21:18:38",1,True
"Kristó, Gyula_2025-11-19T21:18:40",1,True
"Fuglesang, Signe Horn_2025-11-19T21:18:42",1,True
"Dunlop, Anne_2025-11-19T21:18:44",1,True
"Bourdua, Louise_2025-11-19T21:18:44",1,True
"Seitz, Gabriele_2025-11-19T21:18:48",1,True
"Nuber, Hans Ulrich_2025-11-19T21:18:48",1,True
"Gandel, Philippe_2025-11-19T21:18:50",1,True
"Deslex Sheikh, Carine_2025-11-19T21:18:50",0,False
"Amiot, Philippe_2025-11-19T21:18:50",0,True
"Chevalier, Jean-Claude_2025-11-19T21:18:54",1,True
"Encrevé, Pierre_2025-11-19T21:18:54",0,False
"Milcent, Pierre-Yves_2025-11-19T21:18:56",1,True
"Berend, Nora_2025-11-19T21:19:03",1,True
"Chartrain, Alain_2025-11-19T21:19:07",1,True
"de Labriffe, Pierre-Arnaud_2025-11-19T21:19:07",0,False
"Sabaté, Flocel_2025-11-19T21:19:09",1,True
"d'Annoville, Caroline Michel_2025-11-19T21:19:09",1,True
"Stoehr-Monjou, Annick_2025-11-19T21:19:09",1,True
"Engel, Pál_2025-11-19T21:19:10",1,True
"Kubinyi, András_2025-11-19T21:19:10",1,True
"Ardouin, Stéphane_2025-11-19T21:19:33",1,True
"Monnet, Pierre_2025-11-19T21:19:33",2,True
"Flambard, Hericher A-M_2025-11-19T21:34:20",1,True
"Morin, Eymeric_2025-11-19T21:19:36",1,True
"Verhoeve, Antoon_2025-11-19T21:19:36",0,True
"Verbruggen, Cyriel_2025-11-19T21:19:36",1,True
"Galmiche, Thierry_2025-11-19T21:19:37",1,True
"Daniel, Floréal_2025-11-19T21:19:38",1,True
"Laborde, Barbara_2025-11-19T21:19:38",1,True
"Mounier, Aurélie_2025-11-19T21:19:38",1,True
"Coulon, Émilie_2025-11-19T21:19:38",1,True
"Thomas, Aline_2025-11-19T21:19:39",1,True
"Gauthier, Fabrice_2025-11-19T21:19:39",1,True
"Guibert, Pierre_2025-11-19T21:19:40",1,True
"Humbert, Sylviane_2025-11-19T21:20:10",1,True
"Carqué, Bernd_2025-11-19T21:20:11",1,True
"TEGEL, Willy_2025-11-19T21:20:19",1,True
"Sainty, Jean_2025-11-19T21:20:20",1,True
"Marche, Jean_2025-11-19T21:20:20",0,True
"Nabergoj, Tomaž._2025-11-19T21:23:49",1,True
"Moalla, Ikram_2025-11-19T21:20:32",0,True
"LeBourgeois, Frank_2025-11-19T21:20:32",1,True
"Alimi, Adel M._2025-11-19T21:20:32",1,True
"Hardwick, Philip_2025-11-19T21:20:32",0,False
"Guirguis, Michel_2025-11-19T21:20:32",0,False
"Clopper, Lawrence M._2025-11-19T21:20:32",1,True
"Akeroyd, John R._2025-11-19T21:20:47",1,True
"Page, Nat_2025-11-19T21:20:47",0,False
"Steinacher, Roland_2025-11-19T21:20:48",2,True
"Berthier, S._2025-11-19T21:20:51",0,False
"Padeletti, G._2025-11-19T21:20:51",0,False
"Fermo, P._2025-11-19T21:20:51",0,True
"Bouquillon, Anne_2025-11-19T21:33:56",0,False
"Aucouturier, Marc_2025-11-19T21:33:56",1,True
"Charron, E._2025-11-19T21:20:51",0,False
"Reillon, V._2025-11-19T21:20:51",0,False
"Vermeeren, Caroline_2025-11-19T21:20:52",0,True
"Gumbert, Barbara_2025-11-19T21:20:52",0,True
"Frank, David_2025-11-19T21:20:52",0,False
"Erlendsson, Egill_2025-11-19T21:20:52",0,True
"Graham, Nicholas E._2025-11-19T21:20:52",0,False
"Hughes, Malcolm K._2025-11-19T21:20:52",2,True
"Ammann, Caspar M._2025-11-19T21:20:52",0,False
"Cobb, Kim M._2025-11-19T21:20:52",1,True
"Hoerling, Martin P._2025-11-19T21:20:52",0,False
"Kennett, Douglas J._2025-11-19T21:20:52",1,True
"Kennett, James P._2025-11-19T21:20:52",0,False
"Rein, Bert_2025-11-19T21:18:28",0,False
"Stott, Lowell_2025-11-19T21:20:52",0,False
"Wigand, Peter E._2025-11-19T21:20:52",0,True
"Xu, Taiyi_2025-11-19T21:20:52",0,False
"Bontempi, E._2025-11-19T21:20:53",0,False
"Colombi, P._2025-11-19T21:20:53",0,False
"Depero, L.E._2025-11-19T21:20:53",0,True
"Cartechini, L._2025-11-19T21:20:53",0,True
"Presciutti, F._2025-11-19T21:20:53",0,False
"Brunetti, B.G._2025-11-19T21:20:53",0,False
"Sgamellotti, A._2025-11-19T21:20:53",1,True
"Hübener, Thomas_2025-11-19T21:20:53",1,True
"Adler, Sven_2025-11-19T21:20:53",2,True
"Jonsson, Leif_2025-11-19T21:20:53",1,True
"Dugmore, Andrew J._2025-11-19T21:20:54",0,False
"Borthwick, Douglas M._2025-11-19T21:20:54",0,False
"Church, Mike J._2025-11-19T21:20:54",0,False
"Dawson, Alastair_2025-11-19T21:20:54",1,True
"Keller, Christian_2025-11-19T21:20:54",1,True
"Mayewski, Paul_2025-11-19T21:20:54",1,True
"Mairs, Kerry-Anne_2025-11-19T21:20:54",0,False
"Kubatbek, Tabaldiev_2025-11-19T21:20:57",0,False
"Hummel, Susanne_2025-11-19T21:20:57",1,True
"Loomba, Ania_2025-11-19T21:21:00",1,True
"Burton, Jonathan_2025-11-19T21:21:00",1,True
"Kuijpers, Antoon_2025-11-19T21:21:00",1,True
"Borodovsky, A. P._2025-11-19T21:21:11",0,False
"Telegin, A. N._2025-11-19T21:21:11",0,False
"Bogdanov, E. S._2025-11-19T21:21:13",1,True
"Sljusarenko, I. Y._2025-11-19T21:21:13",0,False
"Tastavin, Arnaud_2025-11-19T21:21:16",0,False
"Zuskin, Eugenija_2025-11-19T21:21:19",0,True
"Mustajbegović, Jadranka_2025-11-19T21:21:19",1,True
"Decković-Vukres, Vlasta_2025-11-19T21:21:19",0,False
"Zavalić, Marija_2025-11-19T21:21:19",0,False
"Bogadi-Sare, Ana_2025-11-19T21:21:19",0,True
"Poplasen-Orlovac, Dijana_2025-11-19T21:21:19",0,False
"Prohić, Alef_2025-11-19T21:21:19",0,True
"Bubas, Marija_2025-11-19T21:21:19",1,True
"Børglum, Anders D_2025-11-19T21:21:19",0,True
"Vernesi, Cristiano_2025-11-19T21:21:19",0,False
"Jensen, Peter K A_2025-11-19T21:21:19",0,False
"Madsen, Bo_2025-11-19T21:21:19",1,True
"Haagerup, Annette_2025-11-19T21:21:19",0,False
"Barbujani, Guido_2025-11-19T21:21:19",1,True
"Grossschmidt, Karl_2025-11-19T21:21:20",1,True
"Bourgeault, Ivy Lynn_2025-11-19T21:21:22",1,True
"Wrede, Sirpa_2025-11-19T21:21:22",1,True
"Belcastro, Giovanna_2025-11-19T21:21:24",0,False
"Rastelli, Elisa_2025-11-19T21:21:24",0,False
"Mariotti, Valentina_2025-11-19T21:21:24",1,True
"Consiglio, Chiara_2025-11-19T21:21:24",0,False
"Facchini, Fiorenzo_2025-11-19T21:21:24",1,True
"Bonfiglioli, Benedetta_2025-11-19T21:21:24",1,True
"Leem, Kang-Hyun_2025-11-19T21:21:28",0,False
"Park, Hun-Kuk_2025-11-19T21:21:28",0,False
"Rossi, Marco_2025-11-19T21:21:29",1,True
"Carpi, Angelo_2025-11-19T21:21:29",1,True
"Galetta, Fabio_2025-11-19T21:21:29",0,False
"Santoro, Gino_2025-11-19T21:21:29",0,False
"Sherman, Heidi Michelle_2025-11-19T21:21:50",0,False
"Sizer, Michael Alan_2025-11-19T21:21:50",0,False
"Gasterland-Gustafsson, Gretchen_2025-11-19T21:21:51",0,False
"Stark, Robert_2025-11-19T21:21:53",0,False
"Lohse, Stephanie Kristin_2025-11-19T21:21:53",0,False
"Zimmerman, Harold C._2025-11-19T21:21:53",0,False
"Mueller, Alexander Williams_2025-11-19T21:21:54",0,False
"Pakis, Valentine Anthony_2025-11-19T21:21:54",0,False
"Váradi, Adél._2025-11-19T21:21:58",0,False
"Kocsonya, András._2025-11-19T21:21:59",0,False
"Kovács, Imre_2025-11-19T21:21:59",0,False
"Hummel, Günter_2025-11-19T21:21:59",1,True
"Löwe, Barbara_2025-11-19T21:21:59",1,True
"Shoja, Mohammadali M_2025-11-19T21:22:01",2,True
"Tubbs, R Shane_2025-11-19T21:22:01",2,True
"Lisa, Antonella_2025-11-19T21:22:01",0,True
"De Silvestri, Annalisa_2025-11-19T21:22:01",0,True
"Mascaretti, Luca_2025-11-19T21:22:01",0,False
"Degiuli, Alberto_2025-11-19T21:22:01",0,False
"Hardt, Jochen_2025-11-19T21:22:01",1,True
"Hoffmann, Sven Olaf_2025-11-19T21:22:01",1,True
"Crowell, Robert_2025-11-19T21:22:04",0,False
"Fahrbach-Dreher, Ute_2025-11-19T21:22:04",0,True
"Kollia-Crowell, Barbara_2025-11-19T21:22:04",1,True
"Oram, Richard_2025-11-19T21:34:20",1,True
"Lanero Fernández, Juan J._2025-11-19T21:22:29",0,False
"Ortega Montes, Eduardo_2025-11-19T21:22:29",0,False
"Casas, Rafael Domínguez_2025-11-19T21:29:56",0,False
"Groenendijk, Henny A._2025-11-19T21:22:38",1,True
"Saan, F. Brigitte_2025-11-19T21:22:37",0,False
"Overmeer, Alice_2025-11-19T21:22:38",0,False
"van Holk, André_2025-11-19T21:22:38",1,True
"Boekema, Y._2025-11-19T21:22:38",0,False
"Woldring, H._2025-11-19T21:22:38",1,True
"Dijkstra, Jitse H. F._2025-11-19T21:29:02",0,False
"Nicolay, J.A.W._2025-11-19T21:22:38",0,False
"Torre, Paola_2025-11-19T21:22:47",1,True
"Wilhelmson, Helene_2025-11-19T21:22:38",1,True
"Grabe, Magnus_2025-11-19T21:22:47",0,True
"Wahl, Joachim_2025-11-19T21:22:49",1,True
"Evensen, Jon Petter_2025-11-19T21:22:54",0,True
"Caviness, Madeline H._2025-11-19T21:22:57",2,True
"Benito Ruano, Eloy_2025-11-19T21:23:01",1,True
"Claramunt Rodríguez, Salvador_2025-11-19T21:23:01",1,True
"García Fitz, Francisco_2025-11-19T21:23:01",1,True
"Jiménez Alcázar, Juan Francisco_2025-11-19T21:23:01",1,True
"Cabezuelo Pliego, Vicente_2025-11-19T21:23:01",0,False
"González Hernando, Irene_2025-11-19T21:23:01",1,True
"Gaillard, Marie-José_2025-11-19T21:18:02",0,False
"Czwojdziński, Adam_2025-11-19T21:23:08",0,False
"Czubak, Jarosław_2025-11-19T21:23:08",0,True
"Drapikowski, Paweł_2025-11-19T21:23:08",0,True
"Tyrakowski, Marcin_2025-11-19T21:23:08",0,False
"Gammeltoft, Peder_2025-11-19T21:22:14",1,True
"Holck, Jakob Povl_2025-11-19T21:22:14",0,True
"Best, Jo_2025-11-19T21:25:58",0,False
"Carlsohn, Marc René_2025-11-19T21:23:23",1,True
"Groth, Ingrid_2025-11-19T21:23:23",0,False
"Tan, Geok Yuan Annie_2025-11-19T21:23:23",0,False
"Schütze, Barbara_2025-11-19T21:23:23",1,True
"Saluz, Hans-Peter_2025-11-19T21:23:23",0,False
"Munder, Thomas_2025-11-19T21:23:23",0,False
"Yang, Jun_2025-11-19T21:23:23",1,True
"Wink, Joachim_2025-11-19T21:23:23",1,True
"Goodfellow, Michael_2025-11-19T21:23:23",1,True
"Nevin, Austin_2025-11-19T21:23:23",3,True
"Comelli, Daniela_2025-11-19T21:23:23",0,True
"Valentini, Gianluca_2025-11-19T21:23:23",0,True
"Anglos, Demetrios_2025-11-19T21:23:23",0,False
"Burnstock, Aviva_2025-11-19T21:23:23",2,True
"Cather, Sharon_2025-11-19T21:23:23",1,True
"Cubeddu, Rinaldo_2025-11-19T21:23:23",1,True
"Lieberman, Erez_2025-11-19T21:23:23",1,True
"Michel, Jean-Baptiste_2025-11-19T21:23:23",1,True
"Jackson, Joe_2025-11-19T21:23:23",0,False
"Tang, Tina_2025-11-19T21:23:23",0,False
"Nowak, Martin A_2025-11-19T21:23:23",2,True
"Gustafsson, Anders_2025-11-19T21:23:23",1,True
"Tullberg, Birgitta S_2025-11-19T21:23:23",0,False
"Lindenfors, Patrik_2025-11-19T21:23:23",1,True
"Spröer, Cathrin_2025-11-19T21:23:23",0,False
"Stackebrandt, Erko_2025-11-19T21:23:23",1,True
"Safavi-Abbasi, Sam_2025-11-19T21:23:23",0,True
"Brasiliense, Leonardo B C_2025-11-19T21:23:23",0,True
"Workman, Ryan K_2025-11-19T21:23:23",0,False
"Talley, Melanie C_2025-11-19T21:23:23",0,False
"Feiz-Erfan, Iman_2025-11-19T21:23:23",0,False
"Theodore, Nicholas_2025-11-19T21:23:23",0,False
"Spetzler, Robert F_2025-11-19T21:23:23",1,True
"Preul, Mark C_2025-11-19T21:23:23",0,False
"Elmquist, Marie_2025-11-19T21:23:23",0,False
"Zencak, Zdenek_2025-11-19T21:23:23",0,False
"Gustafsson, Orjan_2025-11-19T21:23:23",0,False
"Hamilton, Sarah_2025-11-19T21:23:43",1,True
"Androutsos, G_2025-11-19T21:23:33",0,False
"Diamantis, A_2025-11-19T21:23:33",0,False
"Vladimiros, L_2025-11-19T21:23:33",0,False
"Nicoli Aldini, Nicolò_2025-11-19T21:23:33",0,False
"Fini, Milena_2025-11-19T21:23:33",1,True
"Giardino, Roberto_2025-11-19T21:23:33",0,False
"Jonke, Erwin_2025-11-19T21:23:34",0,False
"Prossinger, Hermann_2025-11-19T21:23:34",0,True
"Bookstein, Fred L_2025-11-19T21:23:34",2,True
"Schaefer, Katrin_2025-11-19T21:23:34",0,True
"Bernhard, Markus_2025-11-19T21:23:34",0,False
"Freudenthaler, Josef W_2025-11-19T21:23:34",0,False
"Varela, Tito A_2025-11-19T21:23:34",0,False
"Fariña, José_2025-11-19T21:23:34",0,True
"Diéguez, Lois Pérez_2025-11-19T21:23:34",0,False
"Lodeiro, Rosa_2025-11-19T21:23:34",0,False
"Galinsky, Judah D._2025-11-19T21:23:36",1,True
"Robinson, James T._2025-11-19T21:23:36",1,True
"Bowers, Barbara S._2025-11-19T21:23:37",0,True
"Perkova, Maria A._2025-11-19T21:23:38",0,False
"Sip, Miroslav_2025-11-19T21:23:38",0,True
"Bowden, Georgina R._2025-11-19T21:23:39",0,False
"Balaresque, Patricia_2025-11-19T21:23:39",1,True
"King, Turi E._2025-11-19T21:23:39",1,True
"Hansen, Ziff_2025-11-19T21:23:39",0,True
"Lee, Andrew C._2025-11-19T21:23:39",0,False
"Pergl-Wilson, Giles_2025-11-19T21:23:39",0,False
"Hurley, Emma_2025-11-19T21:23:39",0,False
"Roberts, Stephen J._2025-11-19T21:23:39",0,False
"Waite, Patrick_2025-11-19T21:23:39",0,False
"Jones, Abigail L._2025-11-19T21:23:39",0,False
"Harding, Stephen E._2025-11-19T21:23:39",1,True
"Jobling, Mark A._2025-11-19T21:23:39",1,True
"Butler, Sara M. (Sara Margaret)_2025-11-19T21:23:39",1,True
"Flood, David_2025-11-19T21:23:43",0,False
"Bychkov, Olexiy_2025-11-19T21:38:55",0,True
"Brooks, Nicholas_2025-11-19T21:30:30",1,True
"Williams, Ann_2025-11-19T21:23:43",1,True
"Bates, David_2025-11-19T21:23:43",0,False
"Crick, Julia_2025-11-19T21:23:43",1,True
"Boeren, Ilse_2025-11-19T21:23:45",1,True
"Korjenkov, Andrey_2025-11-19T21:23:45",0,False
"Arrowsmith, J._2025-11-19T21:23:45",0,True
"Crosby, Christopher_2025-11-19T21:23:45",0,True
"Mamyrov, Ernes_2025-11-19T21:23:45",0,False
"Orlova, Lyubov_2025-11-19T21:23:45",0,False
"Povolotskaya, Irina_2025-11-19T21:23:45",0,False
"Berndt, Guido M._2025-11-19T21:24:05",1,True
"Berglund, Bjèorn E._2025-11-19T21:27:50",0,False
"Björkman, Leif_2025-11-19T21:20:52",0,False
"Persson, Thomas_2025-11-19T21:23:46",1,True
"Conde-Silvestre, Juan Camilo_2025-11-19T21:27:28",0,False
"Pâerez-Raja, Maria_2025-11-19T21:23:46",0,False
"Vartiainen, Matti_2025-11-19T21:23:46",1,True
"Kolstrèom, Taneli_2025-11-19T21:23:46",0,False
"Peltola, Heli_2025-11-19T21:23:46",0,True
"Merilèainen, Jouko_2025-11-19T21:23:46",0,False
"England, Ann_2025-11-19T21:23:46",0,False
"Eastwood, Warren_2025-11-19T21:23:46",0,False
"Turner, Rebecca_2025-11-19T21:23:46",0,False
"Gaspari, Andrej_2025-11-19T21:23:47",1,True
"ROQUÉ, J._2025-11-19T21:23:50",0,False
"MOLERA, J._2025-11-19T21:23:50",0,True
"PÉREZ-ARANTEGUI, J._2025-11-19T21:23:50",0,False
"CALABUIG, C._2025-11-19T21:23:50",0,False
"PORTILLO, J._2025-11-19T21:23:50",1,True
"VENDRELL-SAZ, M._2025-11-19T21:23:50",0,False
"Rommens, Tom_2025-11-19T21:23:50",0,False
"Verstraeten, Gert_2025-11-19T21:23:50",0,True
"Peeters, Iris_2025-11-19T21:23:50",0,False
"Poesen, Jean_2025-11-19T21:23:50",1,True
"Govers, Gerard_2025-11-19T21:23:50",1,True
"Van Rompaey, Anton_2025-11-19T21:23:50",1,True
"Mauz, Barbara_2025-11-19T21:23:50",0,False
"Packman, Susan_2025-11-19T21:23:50",0,False
"Lang, Andreas_2025-11-19T21:23:50",1,True
"Nadbath, Barbara_2025-11-19T21:23:54",1,True
"Toškan, Borut_2025-11-19T21:23:54",1,True
"Dirjec, Janez_2025-11-19T21:23:54",0,True
"Mojsisch, Burkhard_2025-11-19T21:24:07",1,True
"Pluta, Olaf_2025-11-19T21:24:07",1,True
"Rehn, Rudolf_2025-11-19T21:24:07",1,True
"Wöhler, Hans-Ulrich_2025-11-19T21:24:07",1,True
"Boynton, Susan_2025-11-19T21:24:09",1,True
"Gabella, M._2025-11-19T21:24:17",0,False
"Joss, J._2025-11-19T21:24:17",0,True
"Perona, G._2025-11-19T21:24:17",0,True
"Michaelides, S._2025-11-19T21:24:17",0,True
"Greenspan, M._2025-11-19T21:24:17",0,True
"Lam, J._2025-11-19T21:24:17",0,False
"Godard, M._2025-11-19T21:24:17",1,True
"Zaidi, I._2025-11-19T21:24:17",0,False
"Leckie, W._2025-11-19T21:24:17",0,False
"Dupuis, D._2025-11-19T21:24:17",0,False
"Corgnati, L._2025-11-19T21:24:17",0,True
"Yin, X._2025-11-19T21:24:18",0,True
"Miichi, Y._2025-11-19T21:24:18",0,True
"Tanaka, H.T._2025-11-19T21:24:18",0,False
"Eglin, Veronique_2025-11-19T21:28:39",1,True
"Bres, S._2025-11-19T21:24:18",0,False
"Drira, F._2025-11-19T21:24:18",0,False
"Zobel, Dieter_2025-11-19T21:24:18",0,False
"Weidenfeller, T._2025-11-19T21:24:18",0,True
"Franceschini, L._2025-11-19T21:24:18",0,True
"Leconte-Tusoli, S._2025-11-19T21:24:18",0,True
"Fedel, M._2025-11-19T21:24:18",0,False
"Paviotti, A._2025-11-19T21:24:18",0,False
"Zanella, E._2025-11-19T21:24:18",1,True
"Poletto, L._2025-11-19T21:24:18",0,False
"Cortelazzo, G.M._2025-11-19T21:24:18",0,False
"Tondello, G._2025-11-19T21:24:18",0,False
"Kokla, V._2025-12-29T17:56:06",0,True
"Psarrou, A._2025-12-29T17:56:06",0,True
"Konstantinou, V._2025-12-29T17:56:06",0,False
"Kadobayashi, R._2025-11-19T21:24:19",0,False
"Lim, A.O._2025-11-19T21:24:19",0,False
"Noda, K._2025-11-19T21:24:19",0,True
"Matsumoto, K._2025-11-19T21:24:19",0,True
"Shimoyama, I._2025-11-19T21:24:19",0,True
"Varlaki, Peter_2025-11-19T21:26:20",0,True
"Nadai, L._2025-11-19T21:24:19",0,True
"Sandric, I._2025-11-19T21:24:19",0,True
"Mihai, B._2025-11-19T21:24:19",0,False
"Savulescu, I._2025-11-19T21:24:19",0,True
"Suditu, B._2025-11-19T21:24:19",0,True
"Chitu, Z._2025-11-19T21:24:19",0,False
"Katona, F._2025-11-19T21:24:19",0,True
"Zseller, O._2025-11-19T21:24:19",0,True
Kuo-Kuang Fan_2025-11-19T21:24:19,0,True
Pei-Chi Ho_2025-11-19T21:24:19,0,True
Yung-Fu Hu_2025-11-19T21:24:19,0,False
"Mello, C.A.B._2025-11-19T21:24:19",0,True
"Schuler, L.A._2025-11-19T21:24:19",0,False
"Bilane, P._2025-11-19T21:24:19",0,True
"Tomitsch, M._2025-11-19T21:24:19",0,True
"Grechenig, T._2025-11-19T21:24:19",0,True
"Bulacu, M._2025-11-19T21:24:20",0,True
"Schomaker, Lambert_2025-11-19T21:26:21",0,True
"Mahrt, William_2025-11-19T21:24:21",0,False
"Dale, Thomas E. A._2025-11-19T21:24:21",1,True
"Symes, Carol_2025-11-19T21:23:13",0,False
"Bjork, Robert E._2025-11-19T21:24:21",1,True
"Bynum, Caroline Walker_2025-11-19T21:23:41",1,True
"Turner-Walker, Gordon_2025-11-19T21:22:38",0,False
"Peacock, Elizabeth E._2025-11-19T21:24:30",0,False
"de Moor, J.J.W._2025-11-19T21:24:30",0,False
"Kasse, C._2025-11-19T21:24:30",0,False
"van Balen, R._2025-11-19T21:24:30",0,False
"Vandenberghe, J._2025-11-19T21:24:30",1,True
"Wallinga, J._2025-11-19T21:24:30",1,True
"Parker, Adrian G._2025-11-19T21:24:30",1,True
"Lucas, Alex S._2025-11-19T21:24:30",0,False
"Walden, John_2025-11-19T21:24:30",0,False
"Goudie, Andrew S._2025-11-19T21:24:30",1,True
"Robinson, Mark A._2025-11-19T21:24:30",0,False
"Allen, Tim G._2025-11-19T21:24:30",1,True
"Fernández Hernández, Marta_2025-11-19T21:24:30",0,False
"Gaviria Cano, María N._2025-11-19T21:24:30",0,False
"Muñoz González, Francisca_2025-11-19T21:24:30",0,False
"Miguel Calvo, Isabel_2025-11-19T21:24:30",0,False
"Coll Torres, Elisabeth_2025-11-19T21:24:30",0,False
"Fuentes Ferrer, Manuel E._2025-11-19T21:24:30",0,False
"Lacinová, Martina_2025-11-19T21:24:31",0,False
"Munzar, Jan_2025-11-19T21:24:31",1,True
"Franc, Marek_2025-11-19T21:24:31",0,False
"Neumann, Frank Harald_2025-11-19T21:24:31",0,False
"Kagan, Elisa J._2025-11-19T21:24:31",0,False
"Schwab, Markus J._2025-11-19T21:24:31",0,False
"Stein, Mordechai_2025-11-19T21:24:31",1,True
"Dinis, J.L._2025-11-19T21:24:34",0,False
"Henriques, V._2025-11-19T21:24:34",0,False
"Freitas, M.C._2025-11-19T21:24:34",0,True
"Andrade, C._2025-11-19T21:24:34",0,True
"Vieillevigne, Emmanuelle_2025-11-19T21:24:34",1,True
"Bechtel, Françoise_2025-11-19T21:24:34",0,True
"Roncaglia, Lucia_2025-11-19T21:24:35",1,True
"Fischel, Andrea_2025-11-19T21:24:35",0,False
"Heilmann-Clausen, Claus_2025-11-19T21:24:35",0,False
"Altmann, Barbara K._2025-11-19T21:24:37",1,True
"Tudor, Adrian P._2025-11-19T21:24:39",1,True
"Hindley, Alan_2025-11-19T21:24:39",1,True
"Szarmach, Paul E._2025-11-19T21:24:41",1,True
"Stevenson, Jane_2025-11-19T21:24:51",1,True
"Bartlett, Robert_2025-11-19T21:24:51",1,True
"Wittwer-Backofen, Ursula_2025-11-19T21:25:06",1,True
"Buckberry, Jo_2025-11-19T21:25:06",1,True
"Doppler, Stefanie_2025-11-19T21:25:06",1,True
"Hotz, Gerhard_2025-11-19T21:25:06",1,True
"Kemkes, Ariane_2025-11-19T21:25:06",0,False
"Larsen, Clark Spencer_2025-11-19T21:25:06",1,True
"Prince, Debbie_2025-11-19T21:25:06",0,False
"Fabig, Alexander_2025-11-19T21:25:06",1,True
"Weise, Svenja_2025-11-19T21:25:06",0,False
"O'Toole, Peter_2025-11-19T21:25:06",1,True
"Marrison, Jo_2025-11-19T21:25:06",0,False
"Simpson, David_2025-11-19T21:25:08",1,True
"Meirvenne, Marc Van_2025-11-19T21:25:08",0,True
"Bourgeois, Jean_2025-11-19T21:25:08",1,True
"Vervloet, Jelier_2025-11-19T21:25:08",0,False
"Forbes, Helen Foxhall_2025-11-19T21:35:25",1,True
"Bersani, Danilo_2025-11-19T21:25:08",1,True
"Vignali, Francesca_2025-11-19T21:25:08",0,False
"Zanichelli, Giuseppa_2025-11-19T21:25:08",1,True
"Cook, Edward R._2025-11-19T21:22:42",0,False
"Higham, Nick_2025-11-19T21:25:11",1,True
"FRANZÉN, LARS G._2025-11-19T21:25:15",0,False
"CROPP, ROGER A._2025-11-19T21:25:15",0,False
"Kaelin, Alexis C._2025-11-19T21:25:16",0,False
"ANDERUNG, CECILIA_2025-11-19T21:25:18",0,False
"BAUBLIENE, JURGITA_2025-11-19T21:25:18",0,False
"DAUGNORA, LINAS_2025-11-19T21:25:18",1,True
中村  久美_2025-11-19T21:25:21,0,False
ナカムラ  クミ_2025-11-19T21:25:21,0,False
Nakamura  Kumi_2025-11-19T21:25:21,0,False
Marie Therese  Flanagan_2025-11-19T21:25:21,2,True
田中  美穂_2025-11-19T21:25:21,0,False
タナカ  ミホ_2025-11-19T21:25:21,0,False
Tanaka  Miho_2025-11-19T21:25:21,0,False
中野  忠_2025-11-19T21:25:21,0,False
Nakano  Tadashi_2025-11-19T21:25:21,1,True
"Ettel, Peter_2025-11-19T21:25:31",1,True
"Murphy, Margaret_2025-11-19T21:25:38",1,True
"O'Conor, Kieran_2025-11-19T21:25:38",1,True
"Shadis, Miriam_2025-11-19T21:31:48",0,True
손은실_2025-11-19T21:25:48,0,False
Eun Sil Son_2025-11-19T21:25:48,0,False
이원우_2025-11-19T21:25:48,0,False
Won Woo Lee_2025-11-19T21:25:48,0,False
"Linderholm, Hans W._2025-11-19T21:20:55",1,True
"Gunnarson, Björn E_2025-11-19T21:47:34",0,True
"Alt, Kurt W._2025-11-19T21:26:48",1,True
"Imhoff, Helen_2025-11-19T21:35:40",0,False
"Whatley, E. Gordon_2025-11-19T21:34:35",1,True
"Ladage, Florian_2025-11-19T21:26:09",0,False
"Stephan, Hans-Joachim_2025-11-19T21:26:09",0,True
"Niemeyer, Hanz Dieter_2025-11-19T21:26:09",0,True
"Savarese, Silvio_2025-11-19T21:26:14",2,True
"Spronk, Ron_2025-11-19T21:26:14",2,True
"Stork, David G._2025-11-19T21:26:14",1,True
"DelPozo, Andrey_2025-11-19T21:26:14",0,False
장병오_2025-11-19T21:26:17,0,False
신성욱_2025-11-19T21:26:17,0,False
최기룡_2025-11-19T21:26:17,0,False
"Jang, Byeang-O_2025-11-19T21:26:17",0,False
"Sin, Seang-Uk_2025-11-19T21:26:17",0,False
"Choi, Kee-Ryang_2025-11-19T21:26:17",0,False
Paul Strohm_2025-11-19T21:26:17,1,True
Joyce Coleman_2025-11-19T21:26:17,0,False
"Lettner, Martin_2025-11-19T21:26:23",0,True
"Diem, Markus_2025-11-19T21:26:23",1,True
"Sablatnig, Robert_2025-11-19T21:26:23",1,True
"Miklas, Heinz_2025-11-19T21:26:23",1,True
"Ремнев, Анатолий_2025-11-19T21:26:25",0,False
"Сухих, Олеся_2025-11-19T21:26:25",0,False
"Johnstone, Cluny_2025-11-19T21:26:32",0,True
"Harland, Jennifer F._2025-11-19T21:33:50",0,True
"Van Neer, Wim_2025-11-19T21:26:32",1,True
"Roberts, Callum_2025-11-19T21:26:32",1,True
"Locker, Alison_2025-11-19T21:26:32",1,True
"Amundsen, Colin_2025-11-19T21:26:32",1,True
"Hufthammer, A.K._2025-11-19T21:26:32",0,False
"Milner, Nicky_2025-11-19T21:26:32",1,True
"Welsh, Jon_2025-11-19T21:26:32",1,True
"Olsson, Monika_2025-11-19T21:26:32",1,True
"Botti, A._2025-11-19T21:26:32",0,True
"Ricci, M.A._2025-11-19T21:26:32",0,False
"De Rossi, G._2025-11-19T21:26:32",0,True
"Kockelmann, W._2025-11-19T21:26:32",0,False
"Li, Hong-Chun_2025-11-19T21:26:33",0,False
"Xu, Xiao-Mei_2025-11-19T21:26:33",0,False
"Ku, Teh-Lung_2025-11-19T21:26:33",0,False
"You, Chen-Feng_2025-11-19T21:26:33",0,False
"Buchheim, H. Paul_2025-11-19T21:26:33",0,False
"Peters, Rick_2025-11-19T21:26:33",1,True
"Triscari, M._2025-11-19T21:26:33",0,True
"Sabatino, G._2025-11-19T21:26:33",0,False
"Barone, G._2025-11-19T21:26:33",0,False
"Ferlito, C._2025-11-19T21:26:33",0,False
"Rigozo, Nivaor Rodolfo_2025-11-19T21:26:34",0,False
"da Silva, Heitor Evangelista_2025-11-19T21:26:34",0,False
"Nordemann, Daniel Jean Roger_2025-11-19T21:26:34",0,True
"Echer, Ezequiel_2025-11-19T21:26:34",0,False
"de Souza Echer, Mariza Pereira_2025-11-19T21:26:34",0,False
"Prestes, Alan_2025-11-19T21:26:34",0,False
"Abels, Richard P._2025-11-19T21:31:53",1,True
"Happé, Peter_2025-11-19T21:27:10",1,True
"Strietman, Elsa_2025-11-19T21:27:15",2,True
"van der Heijden, Th C. J._2025-11-19T21:27:24",0,False
"van Boheemen, F. C._2025-11-19T21:27:24",1,True
"Hofmann, Maria Ines_2025-11-19T21:23:33",0,False
"Huglo, Michel_2025-11-19T21:26:16",1,True
"Müller, Hanns-Hermann_2025-11-19T21:27:40",1,True
"Bleile, Ralf_2025-11-19T21:27:47",1,True
"Thornton, Barbara_2025-11-19T21:27:47",1,True
"Von Bingen, Hildegard_2025-11-19T21:23:32",1,True
"D'Auria, Francesca_2025-11-19T21:27:50",0,False
"McMorrow, Kieran_2025-11-19T21:27:50",0,True
"Pichelmann, Karl_2025-11-19T21:27:50",1,True
European Commission Directorate-General for Economic and Financial Affairs_2025-11-19T21:27:50,0,True
"Palmer, R. Barton_2025-11-19T21:27:55",1,True
"Micyk, Paweł._2025-11-19T21:28:03",1,True
"Witkowska, Barbara_2025-11-19T21:28:03",1,True
"Włodarczak, Piotr_2025-11-19T21:28:03",1,True
"Clarke, Cheryl_2025-11-19T21:28:03",1,True
"Coutts, Angela_2025-11-19T21:28:03",0,False
"Ezeilo, Joy Ngozi_2025-11-19T21:28:03",1,True
"Fujimura, Joan H._2025-11-19T21:28:03",1,True
"Hemami, Taraneh_2025-11-19T21:28:03",0,False
"Jacinto, Leela_2025-11-19T21:28:03",0,True
"Khazzoom, Aziza_2025-11-19T21:28:03",1,True
"Kirkland, Anna_2025-11-19T21:28:03",1,True
"Moghadam, Valentine M._2025-11-19T21:28:03",1,True
"Moore, Mignon R._2025-11-19T21:28:03",0,True
"O’Barr, Jean Fox_2025-11-19T21:28:03",0,False
"Pinto, Samantha_2025-11-19T21:28:03",1,True
"Price Herndl, Diane_2025-11-19T21:28:03",1,True
"Rosenberg, Karen_2025-11-19T21:28:03",0,False
"Sadiqi, Fatima_2025-11-19T21:28:03",1,True
"Saktanber, Ayşe_2025-11-19T21:28:03",1,True
"Shaditalab, Jaleh_2025-11-19T21:28:03",0,False
"Sharpe, Jenny_2025-11-19T21:28:03",1,True
"Stenger, Mary Ann_2025-11-19T21:28:03",1,True
"Wieringa, Saskia Eleonora_2025-11-19T21:28:03",1,True
"Ottaway, Patrick_2025-11-19T21:28:06",1,True
"Tumen, Dashtseveg_2025-11-19T21:28:08",0,False
"Ilieva, Pavlina_2025-11-19T21:28:20",1,True
"Cholakov, Ivo M._2025-11-19T21:28:20",0,False
"Scott, G Richard_2025-11-19T21:28:37",1,True
"Bouvard, Emma_2025-11-19T21:20:18",0,True
"Astrade, Laurent_2025-11-19T21:20:18",1,True
"Probert, Duncan_2025-11-19T21:28:46",0,True
"Wheatley, Edward_2025-11-19T21:28:46",1,True
"Vickers, Kim_2025-11-19T21:28:50",1,True
"Gent, Tim_2025-11-19T21:25:58",0,False
"Friendship-Taylor, D. E._2025-11-19T21:28:54",1,True
"Marshall, P. D._2025-11-19T21:25:58",0,False
"Punti, I._2025-11-19T21:25:58",0,False
"Quinnell, H._2025-11-19T21:25:58",1,True
"Taylor, R._2025-11-19T21:25:58",0,False
"Tyers, Ian_2025-11-19T21:29:38",0,False
"Navaan, D._2025-11-19T21:29:00",1,True
"Erdene, M._2025-11-19T21:29:00",1,True
"Zweiacker, Claude_2025-11-19T21:29:04",1,True
"Janse, A._2025-11-27T19:23:41",0,True
"Mare, Estelle Alma_2025-11-19T21:29:20",0,True
"Davis, Dennis_2026-01-28T09:18:32",0,False
"Marcus, Gilbert_2025-11-19T21:29:26",0,False
"Klaaren, Jonathan_2025-11-19T21:29:26",1,True
"De Klerk, Ben J._2025-11-19T21:29:26",0,False
"Rapanos, Athanasios_2025-11-19T21:29:27",0,False
"Titlestad, Michael_2025-11-19T21:29:35",1,True
"Kissack, Mike_2025-11-19T21:29:35",0,False
"Letsosa, R.S._2025-11-19T21:29:36",0,True
"Rixon, Sophie_2025-11-19T21:29:44",0,False
"McClain, Aleksandra_2025-11-19T21:27:25",0,False
"SMITH, Marc H._2025-11-19T21:50:13",2,True
"Corfis, Ivy A._2025-11-19T21:29:55",1,True
"Harris-Northall, Ray_2025-11-19T21:29:55",1,True
"García Mérida,Manuel_2025-11-19T21:29:57",0,False
"Moreno Román,Jairo_2025-11-19T21:29:57",0,False
"Miguélez Lago,Carlos_2025-11-19T21:29:57",0,False
"Rius Díaz,Francisca_2025-11-19T21:29:57",0,False
"Mieles Cerchar,Moisés_2025-11-19T21:29:57",0,False
"Galiano Duro,Eulogio_2025-11-19T21:29:57",0,False
"Beadle, Richard_2025-11-19T21:29:58",1,True
"Johnston, Alexandra F._2025-11-19T21:29:59",1,True
"McKinnell, John_2025-11-19T21:30:00",1,True
"Debiès, Marie-Hélène_2025-11-19T21:30:57",1,True
"Dejois, Catalina_2025-11-19T21:30:57",0,True
"Frank, Joseph_2025-11-19T21:31:08",1,True
"Radulescu, Raluca_2025-11-19T21:31:18",0,True
"Bekkay, Mohammed El_2025-11-19T21:31:36",0,False
"Oubrou, Widade_2025-11-19T21:31:36",1,True
"Ribi, Mohammed_2025-11-19T21:31:36",0,True
"Smith, Ken_2025-11-19T21:31:36",1,True
"Bowden, Christopher_2025-11-19T21:31:36",0,False
"Rudy, Kathryn Margaret_2025-11-19T21:31:42",3,True
"Schaudies, Irene_2025-11-19T21:31:42",1,True
"Moore, Megan_2025-11-19T21:31:47",1,True
"Bleeke, Marion_2025-11-19T21:31:47",0,False
"Keene, Katie_2025-11-19T21:31:47",0,False
"Bergmann, Emilie L._2025-11-19T21:31:48",1,True
Vilma Pezelj_2025-11-19T21:31:51,0,True
Ljuba Barun_2025-11-19T21:31:52,0,False
"Kendall, Toby_2025-11-19T21:31:55",0,True
"Briden, Colin_2025-11-19T21:31:55",0,False
"Bailey, Richard_2025-11-19T21:31:55",1,True
"Marks, Richard_2025-11-19T21:31:55",1,True
"Pásztor, Angelika_2025-11-19T21:31:59",0,True
"Reményi, László._2025-11-19T21:31:59",1,True
"Lux, Judita_2025-11-19T21:32:06",0,True
"Ravnik, Jurij_2025-11-19T21:32:06",1,True
"Rutar, Gašper_2025-11-19T21:32:07",0,True
"Fernández Conde, Francisco Javier_2026-01-28T09:18:32",0,False
"García de Castro Valdés, César_2025-11-19T21:34:03",1,True
"Malve, Martin_2025-11-19T21:34:22",0,True
"Kittel, Harald_2025-11-19T21:34:34",1,True
"Frank, Armin Paul_2025-11-19T21:34:34",1,True
"Greiner, Norbert_2025-11-19T21:34:34",1,True
"Hermans, Theo_2025-11-19T21:34:34",0,True
"Koller, Werner_2025-11-19T21:34:34",1,True
"Lambert, José_2025-11-19T21:34:34",1,True
"Paul, Fritz_2025-11-19T21:34:34",1,True
"Valls, Helen_2025-11-19T21:34:34",0,False
"Lamberton, Robert_2025-11-19T21:34:34",1,True
"Bose, Mishtooni_2025-11-19T21:34:34",1,True
"Grubmüller, Klaus_2025-11-19T21:34:34",1,True
"Benson, C. David_2025-11-19T21:34:34",1,True
"Huot, Sylvia_2025-11-19T21:34:35",2,True
"Leeming, K._2025-11-19T21:34:35",0,False
"Weitemeier, Bernd_2025-11-19T21:34:36",1,True
"DiMarco, Vincent_2025-11-19T21:34:36",0,False
"Cropp, Glynnis M._2025-11-19T21:34:40",1,True
"Pistor-Hatam, Anja_2025-11-19T21:28:55",1,True
"Sargent, Michael G._2025-11-19T21:34:41",1,True
"Katayama, Tomoko_2025-11-19T21:35:36",0,False
"Ide-Ektessabi, Ari_2025-11-19T21:35:36",0,True
"Funahashi, Kazuki_2025-11-19T21:35:36",0,False
"Nishimura, Ryoichi_2025-11-19T21:35:36",0,False
"Östlund, Lars_2025-11-19T21:35:38",1,True
"Zackrisson, Olle_2025-11-19T21:35:38",0,False
"Liedgren, Lars_2025-11-19T21:35:38",1,True
"Ziolkowski, Jan M._2025-11-19T21:35:38",1,True
"Ammon, Matthias_2025-11-19T21:35:40",0,False
"Boyle, Elizabeth_2025-11-19T21:35:40",1,True
"Doyle, Conan T._2025-11-19T21:35:40",0,False
"Evan, Peter D._2025-11-19T21:35:40",0,False
"Fera, Rosa Maria_2025-11-19T21:35:40",0,False
"Gazzoli, Paul_2025-11-19T21:35:40",0,False
"Matheson, Anna_2025-11-19T21:35:40",1,True
"Fedi, M E_2025-11-19T21:35:50",0,False
"Manetti, M_2025-11-19T21:35:50",0,False
"Taccetti, F_2025-11-19T21:35:50",0,False
"Braskén, Mats_2025-11-19T21:35:51",0,False
"Sveinbjörnsdóttir, Ámy_2025-11-19T21:35:51",0,False
"Shapira, Dan D. Y._2025-11-19T21:35:55",0,False
"Selig, Uwe_2025-11-19T21:35:56",1,True
"Schubert, Hendrik_2025-11-19T21:35:56",1,True
"Virkkunen, K._2025-11-19T21:36:06",0,False
"Isaksson, E._2025-11-19T21:36:06",0,False
"Pohjola, V._2025-11-19T21:36:06",0,True
"Perämäki, P._2025-11-19T21:36:06",1,True
"Grinsted, A._2025-11-19T21:36:06",0,False
"Kekonen, T._2025-11-19T21:36:06",0,False
"Cole, Alan E._2025-11-19T21:36:50",0,False
"Rosenfeld, Randall_2025-11-19T21:36:50",1,True
"Graham, Timothy_2025-11-19T21:46:48",0,False
Landesamt für Archäologie_2025-11-19T21:38:07,1,True
"Hakelberg, Dietrich_2025-11-19T21:38:07",1,True
"Colina, F._2025-11-27T19:23:44",0,False
"Jalón, M._2025-11-27T19:23:44",0,False
"Curschmann, Michael_2025-11-19T21:27:24",2,True
"Böni, Thomas_2025-11-19T21:23:33",0,True
Ηλίας ΑΝΑΓΝΩΣΤΑΚΗΣ_2025-11-19T21:39:15,0,False
Άννα ΛΑΜΠΡΟΠΟΥΛΟΥ_2025-11-19T21:39:15,0,False
Paul Sérieux_2025-11-19T21:39:23,1,True
Joseph Capgras_2025-11-19T21:39:23,0,False
"Матузова, Вера_2025-11-19T21:39:37",0,False
"Юрасов, Михаил_2025-11-19T21:39:37",0,False
"Pasquinucci, Marinella_2025-11-19T21:39:53",1,True
"Menchelli, Simonetta_2025-11-19T21:39:53",1,True
"Knöfel, Ulrike_2025-11-19T21:40:57",1,True
"Schulz, Matthias_2025-11-19T21:40:57",1,True
"Llull, Ramon_2025-11-19T21:41:35",2,True
"Conde Salazar, Matilde_2025-11-19T21:41:35",1,True
"Gutiérrez Gutiérrez, Aurora_2025-11-19T21:41:35",1,True
"Pernil Alarcón, Paloma_2025-11-19T21:41:35",1,True
"Woitek, Ulrich_2025-11-19T21:23:33",0,True
"Hanning, Robert W._2025-11-19T21:42:35",1,True
"von Steinsdorff, Katja_2025-11-19T21:42:43",0,False
"Axelsson, Tony_2025-11-19T21:43:05",1,True
"Hjulström, Björn_2025-11-19T21:43:09",1,True
"Karlsson, Christina_2025-11-19T21:43:09",1,True
Kimberly A. Hopkinson_2025-11-19T21:46:16,0,False
Sarah M. Yeats_2025-11-19T21:46:16,0,False
"Michalak, Arkadiusz_2025-11-19T21:51:04",1,True
"Sessa, Ettore_2025-11-19T21:46:45",1,True
"Racioppi, Pier Paolo_2025-11-19T21:46:45",1,True
"Argant, Jacqueline_2025-11-19T21:48:01",1,True
"Mennessier-Jouannet, Christine_2025-11-19T21:48:01",1,True
蕭啟慶_2025-11-19T21:48:52,0,False
Hsiao Ch’i-ch’ing_2025-11-19T21:48:52,1,True
"Ferrante, Joan M._2025-11-19T21:49:29",1,True
"Biggs, Frederick M._2025-11-19T21:49:29",1,True
"Goodmann, Thomas_2025-11-19T21:49:29",0,False
"Weigert, Laura_2025-11-19T21:49:29",3,True
"Kolve, V. A._2025-11-19T21:49:29",2,True
"Boone, James L._2025-11-19T21:17:36",1,True
"Worman, F. Scott_2025-11-19T21:17:36",0,False
"Kremeyer, Barbara_2025-11-19T21:21:29",0,False
"Herrmann, Bernd_2025-11-19T21:21:29",1,True
"Weill, Claire_2025-11-19T21:50:06",1,True
"Cardon, Dominique_2025-11-19T21:20:13",1,True
"Pinto, Anthony_2025-11-19T21:20:13",1,True
"STIRNEMANN, Patricia_2025-11-19T21:50:13",1,True
"Ehrlich, Uri_2025-11-19T21:50:25",1,True
"Langer, Ruth_2025-11-19T21:50:25",1,True
"Lüth, Friedrich_2025-11-19T21:50:35",1,True
"Franklin, Carmela Vircillo_2025-11-19T21:50:43",1,True
"Murdoch, John E._2025-11-19T21:50:43",1,True
"Middleton, Anne_2025-11-19T21:50:43",1,True
"Benson, Larry D._2025-11-19T21:50:43",1,True
"Little, Lester K._2025-11-19T21:50:43",1,True
"O'Donnell, James J._2025-11-19T21:50:43",1,True
"Waldman, Thomas G._2025-11-19T21:50:43",1,True
"Groos, Arthur_2025-11-19T21:50:43",1,True
"Mazour-Matusevich, Yelena_2025-11-19T21:50:43",2,True
"ארליך, מיכאל_2025-11-19T21:50:46",0,False
"Ehrlich, Michael_2025-11-19T21:50:46",1,True
"Gischler, Eberhard_2025-11-19T21:50:53",0,True
"Shinn, Eugene A._2025-11-19T21:50:53",1,True
"Oschmann, Wolfgang_2025-11-19T21:50:53",1,True
"Fiebig, Jens_2025-11-19T21:50:53",1,True
"Buster, Noreen A._2025-11-19T21:50:53",0,True
"Kotowicz, Piotr N._2025-11-19T21:51:04",1,True
"Poklewska-Parra, Zuzanna_2025-11-19T21:51:04",1,True
"Baffe, Jean-Luc_2025-11-19T21:51:06",0,False
"Doering, Bernard E_2025-11-19T21:51:06",1,True
"Schloesser, Stephen_2025-11-19T21:51:06",1,True
"Castello, Barbara_2025-11-19T21:51:07",1,True
"Deloche, Pascal_2025-11-19T21:51:07",1,True
"Truelove, Alison_2025-11-19T21:37:11",1,True
"Bezzina, Christopher_2026-01-14T22:01:35",0,True
"Grima, Grace_2026-01-14T22:01:36",0,False
"Alzualde, Ainhoa_2026-01-14T22:02:37",0,False
"Izagirre, Neskuts_2026-01-14T22:02:39",0,False
"Alonso, Santos_2026-01-14T22:02:40",1,True
"Alonso, Antonio_2026-01-14T22:02:41",1,True
"Albarrán, Cristina_2026-01-14T22:02:43",0,True
"de la Rúa, Concepción_2026-01-14T22:02:44",0,False
"Košta, Jiří_2026-01-15T08:56:51",0,False
"Swartz, N.P._2026-01-15T08:58:04",0,False
"Raath, A.W.G._2026-01-15T08:58:05",0,False
"Vernet, Gérard_2026-01-15T08:58:13",1,True
"Rialland, Yannick_2026-01-15T08:58:14",1,True
"Prat, Béatrice_2026-01-15T08:58:15",0,False
"Marinval, Philippe_2026-01-15T08:58:19",1,True
"Macaire, Jean-Jacques_2026-01-15T08:58:20",1,True
"Sáez, José Antonio López_2026-01-15T08:58:21",0,False
"Loison, Gilles_2026-01-15T08:58:22",1,True
"Liabeuf, René_2026-01-15T08:58:23",0,True
"Fournier, Gabriel_2026-01-15T08:58:24",1,True
"Fourmont, Agathe_2026-01-15T08:58:25",0,False
"Dousteyssier, Bertrand_2026-01-15T08:58:26",1,True
"Cabanis, Manon_2026-01-15T08:58:27",1,True
"Bréhéret, Jean-Gabriel_2026-01-15T08:58:28",1,True
"Schucany, Caty_2026-01-15T08:58:33",1,True
"Lari, Martina_2025-11-19T21:15:24",1,True
"Durand-Guédy, David_2025-11-19T21:15:34",2,True
"Bork, Hans-Rudolf_2025-11-19T21:15:35",1,True
"Vermeulen, Frank_2025-11-19T21:15:45",1,True
"O'Connell, Tamsin C._2025-11-19T21:16:14",1,True
"Langlands, Alexander_2025-11-19T21:28:26",1,True
"Naylor, John_2025-11-19T21:15:51",1,True
"Pluskowski, Aleksander G._2025-11-19T21:16:39",1,True
"Büntgen, Ulf_2025-11-19T21:15:51",1,True
"M. de Pancorbo, Marian_2025-11-19T21:15:52",1,True
"Dumézil, Bruno_2025-11-19T21:16:00",1,True
"Vanderputten, Steven_2025-11-19T21:16:01",1,True
"Mittman, Asa_2025-11-19T21:16:23",1,True
"Kim, Susan M._2025-11-19T21:16:23",1,True
"Kajkowski, Kamil_2025-11-19T21:16:25",1,True
"Kuczkowski, Andrzej_2025-11-19T21:16:25",1,True
"Schöne, Bernd R_2025-11-19T21:16:37",1,True
"Carden, Ruth F._2025-11-19T21:16:39",0,True
"Sykes, Naomi Jane_2025-11-19T21:38:06",1,True
"Crawford, Sally_2025-11-19T21:16:45",1,True
"Orton, David C._2025-11-19T21:32:17",1,True
"Griffiths, David_2025-11-19T21:16:49",1,True
"Hedström, Ingela_2025-11-19T21:16:49",1,True
"Stenbäck Lönnquist, Ulrika_2025-11-19T21:16:55",0,True
"Welinder, Stig_2025-11-19T21:16:55",1,True
"Donkin, Lucy_2025-11-19T21:17:00",1,True
"Anna, Kjellström._2025-11-19T21:17:05",1,True
"Edlund, Lars-Erik_2025-11-19T21:17:06",1,True
Nordliga studier_2025-11-19T21:17:06,0,False
"Morris, James_2025-11-19T21:17:09",0,True
"Jervis, Ben_2025-11-19T21:17:09",1,True
"Todd, John M._2025-11-19T21:17:10",2,True
"Knüsel, Christopher J._2025-11-19T21:28:49",3,True
"Batt, Catherine M._2025-11-19T21:26:31",1,True
"Müldner, Gundula_2025-11-19T21:17:10",0,True
"Stern, Ben_2025-11-19T21:17:10",0,False
"Wilson, Andrew S._2025-11-19T21:28:49",1,True
"Hunter, Fraser_2025-11-19T21:17:10",1,True
"Barden, G_2025-11-19T21:17:13",0,False
"Weber, R_2025-11-19T21:17:13",0,True
"Timofeeva, Olga_2025-11-19T21:17:14",1,True
"Bailiff, Ian K._2025-11-19T21:18:31",1,True
"Blain, S._2025-11-19T21:17:16",0,False
"Graves, C. P._2025-11-19T21:17:16",1,True
"Gurling, T._2025-11-19T21:17:16",0,False
"SEMPLE, SARAH_2025-11-19T21:23:46",1,True
"Vedeler, Marianne_2025-11-19T21:17:19",1,True
"Gansten, Martin_2025-11-19T21:17:21",1,True
"Wikander, Ola_2025-11-19T21:17:21",1,True
"Coumert, Magali_2025-11-19T21:17:25",1,True
"Reynolds, Andrew_2025-11-19T21:17:29",1,True
"Poulsen, Bjørn_2025-11-19T21:17:33",1,True
"Hadley, Dawn M._2025-11-19T21:24:34",1,True
"Hemer, K. A._2025-11-19T21:17:34",1,True
"Lehmkuhl, Frank_2025-11-19T21:17:34",1,True
"Loibl, David_2025-11-19T21:17:34",1,True
"Borchardt, Holger_2025-11-19T21:17:34",1,True
"Pinar, Engin_2025-11-19T21:17:35",0,False
"Seckin, Galip_2025-11-19T21:17:35",0,False
"Sahin, Besir_2025-11-19T21:17:35",0,False
"Akilli, Huseyin_2025-11-19T21:17:35",0,False
"Cobaner, Murat_2025-11-19T21:17:35",0,False
"Canpolat, Cetin_2025-11-19T21:17:35",0,False
"Kocaman, Selahattin_2025-11-19T21:17:35",0,False
"Watson, Sadie_2025-11-19T21:17:35",1,True
"Davis, Anne_2025-11-19T21:17:35",1,True
"Carrero, Eduardo_2025-11-19T21:20:17",1,True
"Török, Béla_2025-11-19T21:17:36",1,True
"Kovács, Árpád_2025-11-19T21:17:36",1,True
"Macphail, Richard I._2025-11-19T21:17:37",1,True
"Hall, Alaric_2025-11-19T21:17:38",1,True
"Bihrer, Andreas_2025-11-19T21:22:55",1,True
"Biermann, Felix_2025-11-19T21:17:41",2,True
"Nowakowski, Dominik_2025-11-19T21:17:41",1,True
"Kieseler, Andreas_2025-11-19T21:17:41",1,True
"Andersson, Eva_2025-11-19T21:17:46",1,True
"Gleba, Margarita_2025-11-19T21:17:46",1,True
"Mannering, Ulla_2025-11-19T21:17:46",1,True
"Mitchell, Stephen A._2025-11-19T21:21:22",1,True
"Licini, Patrizia_2025-11-19T21:17:52",1,True
"Cuchet, Violaine Sebillotte_2025-11-19T21:19:00",1,True
"Boehringer, Sandra_2025-11-19T21:17:52",1,True
"Lauko, Tomaž._2025-11-19T21:17:57",1,True
"Makowiecki, Daniel_2025-11-19T21:17:59",1,True
"Winston-Allen, Anne_2025-11-19T21:18:05",1,True
"Bondarko, Nikolay A._2025-11-19T21:39:52",0,False
"Butaud, Germain_2025-11-19T21:18:50",1,True
"MOOR, Tine de_2025-11-19T21:21:46",1,True
"Haberstroh, Jochen_2025-11-19T21:18:25",1,True
"Zuijderduijn, Jaco_2025-11-19T21:18:28",2,True
"Carpentier, Vincent_2025-11-19T21:18:35",1,True
"Faucherre, Nicolas_2025-11-19T21:18:47",1,True
"Ferdière, Alain_2025-11-19T21:18:47",1,True
"Marot, Emmanuel_2025-11-19T21:18:47",1,True
"Zagermann, Marcus_2025-11-19T21:18:48",1,True
"Truc, Marie-Cécile_2025-11-19T21:18:49",1,True
"Putelat, Olivier_2025-11-19T21:18:50",1,True
"Dumont, Annie_2025-11-19T21:18:51",0,False
"MariottI, Jean-François_2025-11-19T21:18:51",1,True
"Le Maho, Jacques_2025-11-19T21:18:54",1,True
"Gelichi, Sauro_2025-11-19T21:18:54",1,True
"Lienhard, Thomas_2025-11-19T21:18:55",1,True
"Delrieu, Fabien_2025-11-19T21:18:56",1,True
"Gruat, Philippe_2025-11-19T21:18:56",1,True
"Izac-Imbert, Lionel_2025-11-19T21:18:56",1,True
"Shaffer, Elinor_2025-11-19T21:18:56",1,True
"Archambeau, Robert_2025-11-19T21:18:56",1,True
"Menjot, Denis_2025-11-19T21:18:57",1,True
"Baylé, Maylis_2025-11-19T21:18:59",1,True
"Deshayes, Gilles_2025-11-19T21:19:01",1,True
"Théolas, Delphine_2025-11-19T21:19:01",1,True
"Lequoy, Marie-Clotilde_2025-11-19T21:19:01",1,True
"Bartholeyns, Gil_2025-11-19T21:19:03",1,True
"Bonvoisin, Daniel_2025-11-19T21:19:03",0,True
"Simon, Maryse_2025-11-19T21:19:03",1,True
"Drobinsky, Julia_2025-11-19T21:19:03",1,True
"Ouerfelli, Mohamed_2025-11-19T21:19:03",1,True
"Berranger, Marion_2025-11-19T21:19:04",1,True
"Cambou, David_2025-11-19T21:19:04",0,True
"Cormier, Sébastien_2025-11-19T21:19:04",1,True
"Niel, Cécile_2025-11-19T21:19:04",1,True
"Warmé, Nicolas_2025-11-19T21:19:04",1,True
"Carment-Lanfry, Anne-Marie_2025-11-19T21:19:05",1,True
"Dehoux, Esther_2025-11-19T21:19:11",1,True
"Ueltschi, Karin_2025-11-19T21:19:11",2,True
"Martineau, Jocelyn_2025-11-19T21:19:29",1,True
"Tassignon, Isabelle_2025-11-19T21:19:30",1,True
"Van den Bossche, Benoît._2025-11-19T21:40:06",1,True
"Paul, Jürgen_2025-11-19T21:19:32",1,True
"Téreygeol, Florian_2025-11-19T21:19:36",1,True
"Foy, E._2025-11-19T21:19:36",0,False
"Mesqui, Jean_2025-11-19T21:19:38",1,True
"Bépoix, Sylvie_2025-11-19T21:19:38",1,True
"Gatto, Esther_2025-11-19T21:19:39",1,True
"Murail, Pascal_2025-11-19T21:19:39",1,True
"Bouvier, Armel_2025-11-19T21:19:40",1,True
"Pinto, Grégory_2025-11-19T21:19:40",0,False
"Nicolas-Méry, David_2025-11-19T21:19:40",1,True
"Magnani, Eliana_2025-11-19T21:19:40",1,True
"Taïeb, J._2025-11-19T21:19:41",0,False
"Laporte, Jean-Pierre_2025-11-19T21:19:41",1,True
"Gasse-Grandjean, Marie-José_2025-11-19T21:19:42",1,True
"Rebuffat, René_2025-11-19T21:46:34",1,True
"Challet, Vincent_2025-11-19T21:19:47",1,True
"Couvel, Fabienne_2025-11-19T21:19:48",0,False
"Leguil, Matthieu_2025-11-19T21:19:48",0,False
"M'charek, Ahmed_2025-11-19T21:46:38",0,False
"Boudouhou, N._2025-11-19T21:19:52",1,True
"Andreani, Marco_2025-11-19T21:19:59",2,True
"Barbaro, Paolo_2025-11-19T21:19:59",1,True
"Paoli, Silvia_2025-11-19T21:19:59",1,True
"Ballais, J.-L._2025-11-19T21:20:00",1,True
"GASTON, Christophe_2025-11-19T21:20:10",1,True
"Lamy, Valérie_2025-11-19T21:20:10",1,True
"Bannier, Jean-Christophe Le_2025-11-19T21:20:10",1,True
"Giazzon, David_2025-11-19T21:20:11",0,True
"Marcigny, Cyril_2025-11-19T21:20:11",1,True
"Ghesquière, Emmanuel_2025-11-19T21:20:11",1,True
"Marchaisseau, Vincent_2025-11-19T21:20:11",1,True
"Deborde, Jocelyne_2025-11-19T21:20:11",0,True
"Pilliot, Claire_2025-11-19T21:20:11",0,False
"Turé, Ingrid_2025-11-19T21:20:11",0,True
"Melli, Piera_2025-11-19T21:20:13",1,True
"Strano, Barbara_2025-11-19T21:20:13",0,False
"Vacchi, Matteo_2025-11-19T21:20:13",0,False
"Firpo, Marco_2025-11-19T21:20:13",0,False
"Annaert, Rica_2025-11-19T21:20:14",1,True
"Ripoll, Gisela_2025-11-19T21:20:17",1,True
"Voguet, Elise_2025-11-19T21:20:21",1,True
Mitko Oleg A._2025-11-19T21:20:26,0,False
"Curta, Florin_2025-11-19T21:17:33",1,True
"Renger, Almut-Barbara_2025-11-19T21:20:39",1,True
"Sommer, Marianne_2025-11-19T21:20:39",1,True
"von Rauchhaupt, Ulf_2025-11-19T21:20:39",0,False
"Lenzen, Manuela_2025-11-19T21:20:39",1,True
"Gingrich, Andre_2025-11-19T21:20:39",1,True
"Geulen, Christian_2025-11-19T21:20:39",1,True
"Toepfer, Georg_2025-11-19T21:20:39",1,True
"Eibl, Karl_2025-11-19T21:20:39",1,True
"Güth, Werner_2025-11-19T21:20:39",1,True
"Kliemt, Hartmut_2025-11-19T21:20:39",1,True
"Hampe, Michael_2025-11-19T21:20:39",1,True
"Beyler, Richard H._2025-11-19T21:20:39",0,True
"Walter, Sven_2025-11-19T21:20:39",1,True
"Amstutz, Marc_2025-11-19T21:20:39",1,True
"Merz-Benz, Peter-Ulrich_2025-11-19T21:20:39",1,True
"Jäger, Ludwig_2025-11-19T21:20:39",1,True
"Ingensiep, Hans Werner_2025-11-19T21:20:39",1,True
"Brigandt, Ingo_2025-11-19T21:20:39",0,True
"Tanner, Jakob_2025-11-19T21:20:39",0,False
"Schmuhl, Hans-Walter_2025-11-19T21:20:39",1,True
"Schwarz, Angela_2025-11-19T21:20:39",1,True
"Menninghaus, Winfried_2025-11-19T21:20:39",1,True
"Gamper, Michael_2025-11-19T21:20:39",0,False
"Broomhall, Susan_2025-11-19T21:20:42",2,True
"Köhnen, Ralph_2025-11-19T21:20:47",1,True
"Pethes, Nicolas_2025-11-19T21:20:47",1,True
"Knoche, Susanne_2025-11-19T21:20:47",1,True
"Scriba, Christoph J._2025-11-19T21:20:48",1,True
"Schreiber, Peter_2025-11-19T21:20:48",1,True
"Cunningham, Fiona_2025-11-19T21:20:48",1,True
"Elliott, Jonathan_2025-11-19T21:20:48",1,True
"Lees, Peter_2025-11-19T21:20:48",1,True
"Trouet, Valerie_2025-11-19T21:20:53",1,True
"SEETAH, KRISH_2025-11-19T21:17:25",2,True
"Olsen, Jesper_2025-11-19T21:20:54",1,True
"Noe-Nygaard, Nanna_2025-11-19T21:20:54",0,True
"Wolfe, Brent B._2025-11-19T21:20:54",0,True
"Patterson, William P._2025-11-19T21:20:54",0,True
"Myking, Tor_2025-11-19T21:20:54",1,True
"Yakovlev, Igor_2025-11-19T21:20:54",0,True
"Ersland, Geir Atle_2025-11-19T21:20:54",1,True
"Witkowski, Andrzej_2025-11-19T21:21:00",1,True
"Jordana, Xavier_2025-11-19T21:21:01",0,True
"Malgosa, Assumpció_2025-11-19T21:21:01",1,True
"Hudson, Benjamin_2025-11-19T21:21:04",1,True
"Willerslev, Eske_2025-11-19T21:17:06",0,True
"McLaughlin, Mary Martin_2025-11-19T21:21:13",1,True
"Cumberpatch, Chris_2025-11-19T21:21:14",1,True
"McCormick, Michael_2025-11-19T21:21:20",1,True
"Jansen, Marion_2025-11-19T21:21:22",1,True
"Piermartini, Roberta_2025-11-19T21:21:22",1,True
"Heussner, Karl-Uwe_2025-11-19T21:21:24",1,True
"Williams, Alan Reginald_2025-11-19T21:21:28",0,False
"Лома, Александар Б._2025-11-19T21:21:36",1,True
"Radojcić, Branka_2025-11-19T21:27:46",0,False
"Dannath, Yasmin_2025-11-19T21:21:36",0,True
"Лома, Светлана_2025-11-19T21:21:37",0,False
"Ouis, Pernilla_2025-11-19T21:21:39",1,True
"Lisberg Jensen, Ebba_2025-11-19T21:21:39",1,True
"MALTBY, MARK_2025-11-19T21:17:25",1,True
"Hills, Catherine_2025-11-19T21:21:41",1,True
"Fürbeth, Frank_2025-11-19T21:17:38",1,True
"Borges, Cassandra J._2025-11-19T21:21:49",0,False
University of Michigan_2025-11-19T21:21:49,0,True
"Swain, Larry J._2025-11-19T21:21:54",1,True
University of Illinois at Chicago_2025-11-19T21:21:54,1,True
"Taylor, Alan H._2025-11-19T21:22:00",0,False
"Wahl, Eugene R._2025-11-19T21:22:00",0,False
"Skinner, Carl N._2025-11-19T21:22:00",0,True
"Stephens, Scott L._2025-11-19T21:22:00",0,False
"Franke, Birgit_2025-11-19T21:22:03",1,True
"Esmonde Cleary, A. S._2025-11-19T21:22:07",1,True
"Pérez, Sandra Sáenz-López_2025-11-19T21:24:07",1,True
"Hiatt, Alfred_2025-11-19T21:22:15",1,True
"Meier, Thomas_2025-11-19T21:22:17",1,True
"Wührer, Barbara_2025-11-19T21:22:17",1,True
"Markschies, Christoph Johannes_2025-11-19T21:22:17",1,True
"Cortijo Ocaña, Antonio_2025-11-19T21:22:27",1,True
"López García, Antonio_2025-11-19T21:22:28",1,True
"Desibio, Luca_2025-11-19T21:22:28",0,True
"Fumanal Pagès, Miquel Angel_2025-11-19T21:22:28",0,False
"Colomer Casamitjana, Joel_2025-11-19T21:22:28",1,True
"Gutiérrez Ortiz, Júlia_2025-11-19T21:22:28",0,False
"Redondo García, Esther_2025-11-19T21:22:28",1,True
"Florensa Puchol, Francesc X._2025-11-19T21:22:28",0,False
"Sanmartín Bastida, Rebeca_2025-11-19T21:22:30",1,True
"Rábade Navarro, Miguel Angel_2025-11-19T21:22:33",0,True
"Niekus, M._2025-11-19T21:22:38",1,True
"de Graaf, O._2025-11-19T21:22:38",0,False
"Johansen, L._2025-11-19T21:22:38",0,False
"Krist, J._2025-11-19T21:22:38",0,False
"Stapert, D._2025-11-19T21:22:38",0,False
"Vos, P._2025-11-19T21:22:38",0,False
"Valero-Garcés, B L_2025-11-19T21:28:24",0,False
"Morellón, M._2025-11-19T21:22:40",0,False
"Moreno, Ana_2025-11-19T21:26:35",1,True
"Anđelković, Jelena_2025-11-19T21:22:46",0,False
"Rogić, Dragana_2025-11-19T21:22:46",0,False
"Nikolić, Emilija_2025-11-19T21:22:46",0,True
"Wärmländer, Sebastian K.T.S._2025-11-19T21:14:17",0,True
مانجو، دوني_2025-11-19T21:22:49,0,False
"Krukiewicz, Barbara_2025-11-19T21:22:50",1,True
"Pankiewicz, Aleksandra_2025-11-19T21:22:50",1,True
"Paternoga, Marcin_2025-11-19T21:22:50",1,True
"Sindbaek, Søren Michael_2025-11-19T21:23:40",1,True
"Kristiansen, Mette Svart_2025-11-19T21:21:34",1,True
"Junno, Juho-Antti_2025-11-19T21:23:34",0,False
"Niskanen, Markku_2025-11-19T21:23:34",0,True
"Nieminen, Miika T_2025-11-19T21:23:34",0,False
"Maijanen, Heli_2025-11-19T21:23:34",0,False
"Niinimäki, Jaakko_2025-11-19T21:23:34",0,True
"Bloigu, Risto_2025-11-19T21:23:34",0,False
"Tuukkanen, Juha_2025-11-19T21:23:34",0,True
"Batdelger, Dendev_2025-11-19T21:23:35",0,False
"Dandii, Dorjiin_2025-11-19T21:23:35",0,False
"Dahgwahdorj, Yagaanbuyant_2025-11-19T21:23:35",0,True
"Erdenetsogt, Erdene_2025-11-19T21:23:35",0,False
"Oyunbileg, Janchivyn_2025-11-19T21:23:35",0,False
"Bayarmagnai, Bold_2025-11-19T21:23:35",0,False
"Jirathitikal, Vichai_2025-11-19T21:23:35",0,False
"Bourinbaiar, Aldar S_2025-11-19T21:23:35",1,True
"Capelli, Cristian_2025-11-19T21:23:35",1,True
"Onofri, Valerio_2025-11-19T21:23:35",0,True
"Brisighelli, Francesca_2025-11-19T21:23:35",0,True
"Boschi, Ilaria_2025-11-19T21:23:35",0,False
"Scarnicci, Francesca_2025-11-19T21:23:35",0,False
"Masullo, Mara_2025-11-19T21:23:35",0,False
"Ferri, Gianmarco_2025-11-19T21:23:35",0,False
"Tofanelli, Sergio_2025-11-19T21:23:35",0,False
"Tagliabracci, Adriano_2025-11-19T21:23:35",0,True
"Gusmao, Leonor_2025-11-19T21:23:35",0,False
"Amorim, Antonio_2025-11-19T21:23:35",1,True
"Gatto, Francesco_2025-11-19T21:23:35",0,False
"Kirin, Mirna_2025-11-19T21:23:35",0,False
"Merlitti, Davide_2025-11-19T21:23:35",0,False
"Brion, Maria_2025-11-19T21:23:35",0,False
"Verea, Alejandro Blanco_2025-11-19T21:23:35",0,False
"Romano, Valentino_2025-11-19T21:23:35",1,True
"Cali, Francesco_2025-11-19T21:23:35",1,True
"Pascali, Vincenzo_2025-11-19T21:23:35",1,True
"Grim, Ronald_2025-11-19T21:23:43",0,False
"Bendall, Sarah_2025-11-19T21:23:43",0,False
"Kline, Naomi_2025-11-19T21:23:43",0,False
"Burlinson, Christopher_2025-11-19T21:23:43",1,True
"Le-Guilcher, Lucy_2025-11-19T21:23:43",1,True
"Baron, Nick_2025-11-19T21:23:43",1,True
"Cook, Karen_2025-11-19T21:23:43",0,False
"Hebert, John_2025-11-19T21:23:43",1,True
"Lois, Carla_2025-11-19T21:23:43",1,True
"Bederman, Sanford_2025-11-19T21:23:43",1,True
"Nebenzahl, Kenneth_2025-11-19T21:23:43",1,True
"Walker, James_2025-11-19T21:23:43",0,False
"Seaver, Kirsten_2025-11-19T21:23:43",1,True
"Burroughs, Charles_2025-11-19T21:23:43",1,True
"Reinhartz, Dennis_2025-11-19T21:23:43",1,True
"Guimaraes, Silvia_2025-11-19T21:23:44",0,True
"Ghirotto, Silvia_2025-11-19T21:23:44",0,True
"Benazzo, Andrea_2025-11-19T21:23:44",0,True
"Milani, Lucio_2025-11-19T21:23:44",0,True
"Pilli, Elena_2025-11-19T21:23:44",0,True
"Pecchioli, Elena_2025-11-19T21:23:44",0,False
"Mallegni, Francesco_2025-11-19T21:23:44",1,True
"Lippi, Barbara_2025-11-19T21:23:44",0,False
"Bertoldi, Francesca_2025-11-19T21:23:44",1,True
"Belle, Elise M S_2025-11-19T21:23:44",0,False
"Wanamaker, Alan D_2025-11-19T21:47:34",0,False
"Kreutz, Karl_2025-11-19T21:23:47",0,False
"Maasch, Kirk_2025-11-19T21:23:47",0,False
"Pershing, Andrew_2025-11-19T21:23:47",0,False
"Borns, Harold_2025-11-19T21:23:47",0,False
"Introne, Douglas S._2025-11-19T21:26:32",0,False
"Feindel, Scott_2025-11-19T21:23:47",0,False
"Snoj, Jurij_2025-11-19T21:23:53",1,True
"Dhar-Bhattacharjee, Sunrita_2025-11-19T21:23:56",0,True
"Takruri-Rizk, Haifa_2025-11-19T21:23:56",1,True
"Zimmermann, Andreas_2025-11-19T21:24:14",1,True
"Hilpert, Johanna_2025-11-19T21:24:14",1,True
"Wendt, Karl Peter_2025-11-19T21:24:14",1,True
"Mazzola, Riccardo F_2025-11-19T21:24:14",1,True
"Mazzola, Isabella C_2025-11-19T21:24:14",0,False
"Blakemore, Michael_2025-11-19T21:24:14",2,True
"Ehrenberg, Ralph E._2025-11-19T21:24:14",0,False
"Karrow, Robert W._2025-11-19T21:24:14",1,True
"Billion, Philipp_2025-11-19T21:24:14",1,True
"Hernando, Agustín_2025-11-19T21:24:14",1,True
"de Meer, Sjoerd_2025-11-19T21:24:14",0,False
"Ehrensvärd, Ulla_2025-11-19T21:24:14",1,True
"Mokre, Jan_2025-11-19T21:24:14",2,True
"Federzoni, Laura_2025-11-19T21:24:14",1,True
"Harvey, P. D. A._2025-11-19T21:24:07",1,True
"Theunissen, Yolanda_2025-11-19T21:24:14",0,False
"Campbell, Brian_2025-11-19T21:24:14",0,False
"Braun, Lindsay Frederick_2025-11-19T21:24:14",1,True
"BRUNDLE, LISA_2025-11-19T21:24:14",1,True
"Claussen, M. A._2025-11-19T21:24:14",1,True
"Lai, Po-Hsiang_2025-11-19T21:24:19",0,True
"O'Sullivan, Joseph A._2025-11-19T21:24:19",0,True
"Yin, Yue_2025-11-19T21:24:19",0,True
"Zha, Xiaoxiong_2025-11-19T21:24:19",0,True
"Salonia, P._2025-11-19T21:24:19",0,True
"Scolastico, S._2025-11-19T21:24:19",0,True
"Marcolongo, A._2025-11-19T21:24:19",0,True
"Messina, T. Leti_2025-11-19T21:24:19",0,True
"Gaudart, Jean_2025-11-19T21:24:19",1,True
"Ghassani, Mohamad_2025-11-19T21:24:19",1,True
"Mintsa, Julie_2025-11-19T21:24:19",0,True
"Waku, Jules_2025-11-19T21:24:19",0,True
"Rachdi, Mustapha_2025-11-19T21:24:19",1,True
"Doumbo, Ogobara K._2025-11-19T21:24:19",1,True
"Domiter, Vid_2025-11-19T21:24:19",0,True
"Repnik, Blaz_2025-11-19T21:24:19",0,True
"Zalik, Borut_2025-11-19T21:24:19",1,True
"Rizvic, Selma_2025-11-19T21:24:19",0,True
"Ching, William_2025-11-19T21:24:19",1,True
"Teh, Rue Jing_2025-11-19T21:24:19",0,False
"Li, Binghao_2025-11-19T21:24:19",0,True
"Rizos, Chris_2025-11-19T21:24:19",1,True
"Andreadis, Anthousis_2025-11-19T21:24:19",0,True
"Hemery, Alexander_2025-11-19T21:24:19",0,True
"Antonakakis, Andronikos_2025-11-19T21:24:19",0,True
"Gourdoglou, Gabriel_2025-11-19T21:24:19",0,True
"Mauridis, Pavlos_2025-11-19T21:24:19",0,True
"Karigiannis, John N._2025-11-19T21:24:19",0,True
"Haining, Yan_2025-11-19T21:24:19",0,False
"Yannan, Xu_2025-11-19T21:24:19",0,True
"Hongguang, Chen_2025-11-19T21:24:19",0,True
"Chias, Pilar_2025-11-19T21:24:19",1,True
"Abad, Tomas_2025-11-19T21:24:19",1,True
"Li, Xiaohua_2025-11-19T21:24:20",0,True
"Zhao, Jianhua_2025-11-19T21:24:20",0,True
"Fan, Ligang_2025-11-19T21:24:20",0,True
"Challita, K._2025-11-19T21:24:20",0,True
"Liu, Bin_2025-11-19T21:24:20",0,True
"Luo, Yi_2025-11-19T21:24:20",0,True
"Zhang, Jingfa_2025-11-19T21:24:20",1,True
"Jiang, Wenliang_2025-11-19T21:24:20",0,True
"Ren, Liyan_2025-11-19T21:24:20",0,True
"Soreide, Fredrik_2025-11-19T21:24:20",1,True
"Bakken, Torkild_2025-11-19T21:24:20",1,True
"Rodriguez-Gonzalvez, Pablo_2025-11-19T21:24:20",0,True
"Mancera-Taboada, Juan_2025-11-19T21:24:20",0,True
"Gonzalez-Aguilera, Diego_2025-11-19T21:24:20",1,True
"Munoz-Nieto, Angel_2025-11-19T21:24:20",0,True
"Rodriguez-Bouzo, Loreto_2025-11-19T21:24:20",0,True
"Gomez-Lahoz, Javier_2025-11-19T21:24:20",1,True
"Herrero-Pascual, Jesus_2025-11-19T21:24:20",0,True
"Picon-Cabrera, Inmaculada_2025-11-19T21:24:20",0,True
"Daher, Hani_2025-11-19T21:41:36",1,True
"Gaceb, D._2025-11-19T21:24:20",0,True
"Yusharina, Yusof_2025-11-19T21:24:20",0,True
Zulkifli Ab Ghani Hilmi_2025-11-19T21:24:20,0,True
Saharani Abdul Rashid_2025-11-19T21:24:20,0,True
"Noble, Thomas F. X._2025-11-19T21:24:20",1,True
"Moschen, R._2025-11-19T21:24:16",0,False
"Kühl, N._2025-11-19T21:24:16",0,False
"Peters, S._2025-11-19T21:24:16",0,False
"Vos, H._2025-11-19T21:24:16",0,False
"Büssow, Johann_2025-11-19T21:24:21",1,True
"Leroy, S._2025-11-19T21:24:25",0,True
"Simon, R._2025-11-19T21:24:25",2,True
"Bertrand, L._2025-11-19T21:24:25",0,False
B A Malmgren_2025-11-19T21:24:27,0,False
S R Troelstra_2025-11-19T21:24:27,0,False
"Dauner-Lieb, Barbara_2025-11-19T21:24:28",1,True
"Grigoleit, Hans Christioph_2025-11-19T21:24:28",0,False
"Gutmann, Thomas_2025-11-19T21:24:28",0,False
"Haferkamp, Hans-Peter_2025-11-19T21:24:28",1,True
"Heun, Werner_2025-11-19T21:24:28",1,True
"Hörnle, Tatjana_2025-11-19T21:24:28",1,True
"Junker, Abbo_2025-11-19T21:24:28",1,True
"Neubacher, Frank_2025-11-19T21:24:28",1,True
"Kindhäuser, Urs_2025-11-19T21:24:28",1,True
"Peters, Anne_2025-11-19T21:24:28",1,True
"Satzger, Helmut_2025-11-19T21:24:28",1,True
"Schulze-Fielitz, Helmuth_2025-11-19T21:24:28",1,True
"Wiederin, Ewald_2025-11-19T21:24:28",1,True
"Wieland, Joachim_2025-11-19T21:24:28",1,True
"Dedek, Helge_2025-11-19T21:24:28",1,True
"Hellman, Sofie_2025-11-19T21:24:30",0,False
"Verdú Rotellar, José M._2025-11-19T21:24:30",0,False
"Barroso, Alberto_2025-11-19T21:24:30",0,False
"Bernáldez, María J._2025-11-19T21:24:30",0,False
"Domínguez, Marcel_2025-11-19T21:24:30",1,True
"Pie, Magda_2025-11-19T21:24:30",0,False
"Sancho, Francisca_2025-11-19T21:24:30",0,False
"Simó, Montserrat_2025-11-19T21:24:30",0,False
"Domingo, Mar_2025-11-19T21:24:30",0,False
"Torrecilla, Esther_2025-11-19T21:24:30",0,False
"González-Muñoz, Miguel_2025-11-19T21:24:30",0,True
"García-Iglesias, Francisca_2025-11-19T21:24:30",0,True
"Lahoz, Carlos_2025-11-19T21:24:30",0,False
"Laguna, Fernando_2025-11-19T21:24:30",0,False
"María Mostaza, José_2025-11-19T21:24:30",0,False
"Mauri, Marta_2025-11-19T21:24:30",2,True
"Plana, Núria_2025-11-19T21:24:30",0,False
"Argimón, Jordi_2025-11-19T21:24:30",0,False
"Montaner, Francisca_2025-11-19T21:24:30",0,False
"Pintó, Xavier_2025-11-19T21:24:30",0,False
"Morales, Clotilde_2025-11-19T21:24:30",0,False
"Mancera Romero, José_2025-11-19T21:24:31",0,False
"Paniagua Gómez, Francisca_2025-11-19T21:24:31",0,False
"Martos Cerezuela, Ildefonso_2025-11-19T21:24:31",0,False
"Baca Osorio, Antonio_2025-11-19T21:24:31",0,False
"Ruiz Vera, Salvador_2025-11-19T21:24:31",0,False
"González Santos, Pedro_2025-11-19T21:24:31",0,False
"Valdivielso Felices, Pedro_2025-11-19T21:24:31",0,False
"Soepboer, Welmoed_2025-11-19T21:24:31",0,False
"Sugita, Shinya_2025-11-19T21:24:31",0,True
"Lotter, André F._2025-11-19T21:24:31",1,True
"Pierce, Jennifer L._2025-11-19T21:24:31",1,True
"Meyer, Grant A._2025-11-19T21:24:31",0,False
"Rittenour, Tammy_2025-11-19T21:24:31",1,True
"Stupan, YuS._2025-11-19T21:24:34",0,False
"Dreibrodt, Stefan_2025-11-19T21:24:34",0,True
"Lubos, C._2025-11-19T21:24:34",0,False
"Terhorst, B._2025-11-19T21:24:34",0,False
"Damm, B._2025-11-19T21:24:34",1,True
"Kadereit, Annette_2025-11-19T21:22:51",1,True
"Kühn, Peter_2025-11-19T21:22:51",1,True
"Wagner, Günther A._2025-11-19T21:22:51",0,False
"Heinrich, Dirk_2025-11-19T21:18:34",1,True
"Nelle, Oliver_2025-11-19T21:24:34",1,True
"Javier Ochoa-Gómez, F._2025-11-19T21:24:36",0,False
"Ramalle-Gómara, Enrique_2025-11-19T21:24:36",1,True
"Goldberg, Paul_2025-11-19T21:24:36",2,True
"Teresa Pin-Godos, M._2025-11-19T21:24:36",0,True
"Hernández-Jaras, Julio_2025-11-19T21:24:36",0,True
"Torregrosa-de-Juan, Eduardo_2025-11-19T21:24:36",0,True
"Calvo-Gordo, Consuelo_2025-11-19T21:24:36",0,True
"Pons-Prades, Ramón_2025-11-19T21:24:36",0,True
"García-Pérez, Héctor_2025-11-19T21:24:36",0,True
"Ángeles Fenollosa-Segarra, M._2025-11-19T21:24:36",0,True
"Ríus-Peris, Asunción_2025-11-19T21:24:36",0,True
"José Sánchez-Canel, Juan_2025-11-19T21:24:36",0,True
"Tamarit-Antequera, Esther_2025-11-19T21:24:36",0,True
"Rico-Salvador, Inmaculada_2025-11-19T21:24:36",0,True
"Jones, Norman L._2025-11-19T21:27:50",1,True
"Stančikaitė, Miglė_2025-11-19T21:24:38",0,False
"Aber, James S._2025-12-29T17:57:10",1,True
"Marzolff, Irene_2025-12-29T17:57:10",1,True
"Ries, Johannes B._2025-12-29T17:57:17",1,True
"Ashby, Michael F._2025-12-29T17:57:25",0,False
"Ferreira, Paulo J._2025-12-29T17:57:31",0,True
"Schodek, Daniel L._2025-12-29T17:57:31",1,True
"Busby, Keith_2025-11-19T21:24:39",2,True
"Yorke, Barbara_2025-11-19T21:24:40",1,True
"Krawczyk, Diana W._2025-11-19T21:24:40",0,True
"Lloyd, Jeremy M._2025-11-19T21:26:39",0,False
"Harff, Jan_2025-11-19T21:24:40",1,True
"Hinton, David A._2025-11-19T21:47:54",1,True
"Larson, Atria_2025-12-29T17:57:55",1,True
Chad Meister_2025-11-19T21:24:43,1,True
Peter John_2025-11-19T21:24:45,0,True
Colin Copus_2025-11-19T21:24:45,1,True
Frank Hendriks_2025-11-19T21:24:45,1,True
Anders Lidström_2025-11-19T21:24:45,2,True
John Loughlin_2025-11-19T21:24:45,0,True
Jolanta Vaiciuniene_2025-11-19T21:24:45,0,False
Saulius Nefas_2025-11-19T21:24:45,0,True
"Reyerson, Kathryn_2025-11-19T21:25:01",1,True
"Armit, Ian_2025-11-19T21:24:45",1,True
"Wong, Siu-lun_2025-11-19T21:24:47",1,True
"Mummey, Kevin_2025-11-19T21:25:01",0,True
"Meinl, A_2025-11-19T21:25:07",0,False
"Rottensteiner, GM_2025-11-19T21:25:07",0,False
"Huber, CD_2025-11-19T21:25:07",0,False
"Tangl, Stefan_2025-11-19T21:21:41",0,True
"Watzak, G_2025-11-19T21:25:07",0,False
"Watzek, G_2025-11-19T21:25:07",0,False
"Verschuren, Dirk_2025-11-19T21:25:07",1,True
"LIRA, JAIME_2025-11-19T21:25:07",0,True
"Linderholm, Anna_2025-11-19T21:17:07",0,False
"OLARIA, CARMEN_2025-11-19T21:25:08",1,True
"BRANDSTRÖM DURLING, MIKAEL_2025-11-19T21:25:08",0,False
"ELLEGREN, HANS_2025-11-19T21:25:08",1,True
"ARSUAGA, JUAN LUIS_2025-11-19T21:25:08",1,True
"Pongratz, J._2025-11-19T21:25:08",1,True
"Reick, C. H._2025-11-19T21:25:08",0,False
"Raddatz, T._2025-11-19T21:25:08",0,False
"Saey, Timothy_2025-11-19T21:25:11",0,False
"Vermeersch, Hans_2025-11-19T21:25:11",0,True
"Cockx, Liesbet_2025-11-19T21:25:11",0,False
"Vitharana, Udayakantha W. A._2025-11-19T21:25:11",0,False
"Verhoeven, Geert_2025-11-19T21:25:11",1,True
"Doneus, Michael_2025-11-19T21:25:11",1,True
"Hoffmann, Gabriele_2025-11-19T21:25:14",1,True
"VAN GENT, JACQUELINE_2025-11-19T21:25:14",1,True
"Ulm, Sean_2025-11-19T21:25:14",1,True
"Goodwin, Ian D._2025-11-19T21:25:14",0,False
"Smith, Mike_2025-11-19T21:25:14",0,False
"Olsson, Fredrik_2025-11-19T21:25:14",1,True
"Lemdahl, Geoffrey_2025-11-19T21:25:14",1,True
"Gray, Stephen T._2025-11-19T21:25:15",0,False
"Lukas, Jeffrey J._2025-11-19T21:25:15",0,True
"Woodhouse, Connie A._2025-11-19T21:25:15",0,False
"Liebe-Harkort, C._2025-11-19T21:25:15",0,False
"Ástvaldsdóttir, Á._2025-11-19T21:25:15",0,False
"Tranæus, S._2025-11-19T21:25:15",0,False
"Isidro, A._2025-11-19T21:25:15",0,False
海津  一朗_2025-11-19T21:25:21,0,False
カイズ  イチロウ_2025-11-19T21:25:21,0,False
青谷  秀紀_2025-11-19T21:25:26,0,False
アオタニ  ヒデキ_2025-11-19T21:25:26,0,False
Aotani  Hideki_2025-11-19T21:25:26,0,False
"De Leemans, Pieter_2025-11-19T21:25:28",1,True
"Lee, Teh-Quei_2025-11-19T21:25:47",0,False
김희선 ( Hee Sun Kim )_2025-11-19T21:25:48,0,False
강상모 ( Sang Mo Kang )_2025-11-19T21:25:48,0,False
백선영 ( Sun Young Back )_2025-11-19T21:25:48,0,False
이종경 ( Chong Kyung Lee )_2025-11-19T21:25:48,0,False
김진아 ( Geen A Kim )_2025-11-19T21:25:48,0,False
"Fau, Laurent_2025-11-19T21:25:49",1,True
"Cantournet, Claude_2025-11-19T21:25:49",0,False
"Crescentini, David_2025-11-19T21:25:49",0,True
"Sauvage-Dieulafait, Christine_2025-11-19T21:25:49",0,False
"Dieulafait, Francis_2025-11-19T21:25:49",1,True
"Pradalié, Gérard_2025-11-19T21:25:49",1,True
"Löwemark, Ludvig_2025-11-19T21:25:50",2,True
"Chen, Huei-Fen_2025-11-19T21:25:50",0,False
"Robion, Claude-Marie_2025-11-19T21:25:51",1,True
"Hurel, Daniel-Odon_2025-11-19T21:25:51",1,True
"Frank, David C._2025-11-19T21:25:40",0,False
"Markéta, Svenssonová_2025-11-19T21:25:53",0,False
"Bunyatyan, Ekaterina P._2025-11-19T21:25:53",0,False
"Fialko, Elena E._2025-11-19T21:25:53",0,True
"Manconi, Frank_2025-11-19T21:25:54",0,False
"Thomas, Graham A_2025-11-19T21:25:54",1,True
"Fraser, Ian S_2025-11-19T21:25:54",0,False
"Raghavan, Maanasa_2025-11-19T21:17:06",0,True
"Knudsen, Karen Luise_2025-11-19T21:26:00",1,True
"Zakrzewski, Sonia R._2025-11-19T21:35:21",1,True
"Baker, Andy_2025-11-19T21:26:12",1,True
"Azmi, Mohd Sanusi_2025-11-19T21:26:19",0,True
"Nasrudin, Mohammad Faidzul_2025-11-19T21:26:19",0,True
"Omar, Khairuddin_2025-11-19T21:26:19",0,True
"Muda, A. K._2025-11-19T21:26:19",0,True
"Abdullah, Azizi_2025-11-19T21:26:19",0,True
"Petrova, Yulia Anatolievna_2025-11-19T21:26:21",0,True
"Tsimbal, Irina Valerievna_2025-11-19T21:26:21",0,True
"Laska, Tatiana Vladimirovna_2025-11-19T21:26:21",0,True
"Golubkov, Sergey Vitalievich_2025-11-19T21:26:21",0,True
"Ahadian, M._2025-11-19T21:26:21",0,True
"Bastanfard, A._2025-11-19T21:26:21",0,True
"Akhtaruzzaman, Md_2025-11-19T21:26:22",0,True
"Shafie, Amir A._2025-11-19T21:26:22",0,True
"Raihan, Sharif M._2025-11-19T21:26:22",0,True
"Hasan, M. K._2025-11-19T21:26:22",0,True
"Ahsan, Tanveer_2025-11-19T21:26:22",0,True
"Alam, M. S._2025-11-19T21:26:22",0,True
"Haider, Md Bahlul_2025-11-19T21:26:22",0,True
"Easton, Roger L._2025-11-19T21:26:23",1,True
"Christens-Barry, William A._2025-11-19T21:26:23",0,True
"Knox, Keith T._2025-11-19T21:26:23",0,True
"Bowly, Tim_2025-11-19T21:26:26",0,False
"Brand, Hanno_2025-11-19T21:26:26",1,True
"Frankot, Edda_2025-11-19T21:26:26",1,True
"Jenks, Stuart_2025-11-19T21:26:26",1,True
"Loewen, Brad_2025-11-19T21:26:26",1,True
"Weil, Anne-Marie_2025-11-19T21:26:28",0,False
"Malfatti, Jonas_2025-11-19T21:26:31",0,True
"Principe, Claudia_2025-11-19T21:26:31",0,True
"Gattiglia, Gabriele_2025-11-19T21:26:31",1,True
"Verdonck, Lieven_2025-11-19T21:26:31",0,False
"Docter, Roald_2025-11-19T21:26:31",1,True
"Lynnerup, Niels_2025-11-19T21:26:31",1,True
"Enghoff, Inge Bødker_2025-11-19T21:26:32",1,True
"Jones, Andrew K. G._2025-11-19T21:32:17",1,True
"Pope, Peter_2025-11-19T21:26:32",1,True
"de Roo, Tessa_2025-11-19T21:26:32",0,True
"Brown, Alex_2025-11-19T21:26:32",0,True
"Rubini, Mauro_2025-11-19T21:26:32",0,True
"Zaio, Paola_2025-11-19T21:26:32",0,True
"Johnston, Vanessa E._2025-11-19T21:17:57",0,False
"McDermott, Frank_2025-11-19T21:17:57",0,False
"Tǎmaş, Tudor_2025-11-19T21:17:57",0,False
"Harland, Rex_2025-11-19T21:26:33",0,False
"Nordberg, Kjell_2025-11-19T21:26:33",1,True
"Ran, Lihua_2025-11-19T21:26:33",0,False
"Jiang, Hui_2025-11-19T21:26:33",0,False
"Eiríksson, Jón_2025-11-19T21:26:33",1,True
"Reilly, Diane J._2025-11-19T21:26:34",1,True
"Engelen, Theo_2025-11-19T21:26:34",1,True
"Puschmann, Paul_2025-11-19T21:26:34",1,True
"Šinkūnas, Petras_2025-11-19T21:26:34",0,False
"Risberg, Jan_2025-11-19T21:26:34",0,False
"Šeirienė, Vaida_2025-11-19T21:26:34",0,False
"Blažauskas, Nerijus_2025-11-19T21:26:34",0,False
"Jarockis, Romas_2025-11-19T21:26:34",0,True
"Karlsson, Sven_2025-11-19T21:26:34",0,False
"Miller, Urve_2025-11-19T21:26:34",1,True
"Polovodova, I._2025-11-19T21:26:34",1,True
"Filipsson, H.L._2025-11-19T21:26:34",1,True
"Bratbak, O.F._2025-11-19T21:26:35",0,False
"Indrelid, S._2025-11-19T21:26:35",1,True
"Derese, Cilia_2025-11-19T21:26:35",0,False
"Vandenberghe, Dimitri_2025-11-19T21:26:35",0,False
"Eggermont, Nele_2025-11-19T21:26:35",0,True
"Bastiaens, Jan_2025-11-19T21:26:35",0,True
"Van den haute, Peter_2025-11-19T21:26:35",1,True
"Perner, Kerstin_2025-11-19T21:26:39",1,True
"Telford, R.J._2025-11-19T21:26:35",0,False
"Wilson, Rob_2025-11-19T21:26:48",1,True
"Zorita, Eduardo_2025-11-19T21:26:48",1,True
"Putter, Ad_2025-11-19T21:26:52",1,True
"Gasser, Stefan_2025-11-19T21:26:53",1,True
"Fretz, Alain_2025-11-19T21:26:53",1,True
"Simon-Muscheid, Katharina_2025-11-19T21:26:53",1,True
"Bosshard, Primula_2025-11-19T21:26:53",1,True
"Barber, Malcolm_2025-11-19T21:26:56",1,True
"Bonet, Maria_2025-11-19T21:26:56",1,True
"Fournier, Jean-Marie_2025-11-19T21:26:57",1,True
"Raby, Valérie_2025-11-19T21:26:57",1,True
"Petts, David_2025-11-19T21:26:57",1,True
"Turner, Sam_2025-11-19T21:26:57",1,True
"Terpstra, Nicholas_2025-11-19T21:26:58",1,True
"Eckstein, Nicholas A._2025-11-19T21:26:58",1,True
"Swiggers, Pierre_2025-11-19T21:27:08",1,True
"Wouters, Alfons_2025-11-19T21:27:08",1,True
"Ballet, Pascale_2025-11-19T21:27:22",1,True
"Jeammet, Violaine_2025-11-19T21:27:22",1,True
"Pérez-Raja, María Dolores_2025-11-19T21:27:28",0,False
"Wood, Mark D._2025-11-19T21:35:12",0,False
"Passalacqua, Marina_2025-11-19T21:27:29",1,True
"Giammona, Claudio_2025-11-19T21:27:29",1,True
"Bodiou, Lydie_2025-11-19T21:27:36",1,True
"Brulé, Pierre_2025-11-19T21:27:36",1,True
"Papageorgopoulou, Christina_2025-11-19T21:27:37",1,True
"Rentsch, Katharina_2025-11-19T21:27:37",0,False
"Colacicco, Giovanni_2025-11-19T21:27:37",0,False
"Gallien, Véronique_2025-11-19T21:27:37",1,True
"Bianucci, Raffaella_2025-11-19T21:27:37",1,True
"Pestka, Jan M_2025-11-19T21:27:38",1,True
"Barvencik, Florian_2025-11-19T21:27:38",1,True
"Beil, Frank T_2025-11-19T21:27:38",0,False
"Marshall, Robert P_2025-11-19T21:27:38",0,False
"Jopp, Eilin_2025-11-19T21:27:38",1,True
"Schilling, Arndt F_2025-11-19T21:27:38",0,False
"Bauerochse, Andreas_2025-11-19T21:27:38",1,True
"Fansa, Mamoun_2025-11-19T21:27:38",1,True
"Püschel, Klaus_2025-11-19T21:27:38",1,True
"Amling, Michael_2025-11-19T21:27:38",1,True
"Dietrich, Kristin A_2025-11-19T21:27:38",0,False
"Holmden, Chris_2025-11-19T21:27:38",0,True
"Andrews, John T_2025-11-19T21:27:38",0,False
"Rekdal, Jan Erik_2025-11-19T21:27:41",0,True
"Steinsland, Gro_2025-11-19T21:27:43",1,True
"Beuermann, Ian_2025-11-19T21:27:43",1,True
"Sigurdsson, J. V._2025-11-19T21:27:43",0,False
"Fleith, Barbara_2025-11-19T21:27:44",1,True
"Heinrich-Tamaska, Orsolya_2025-11-19T21:27:45",2,True
"Meljnikov, Igor_2025-11-19T21:27:46",0,False
"Grebeldinger, Slobodan_2025-11-19T21:27:46",0,False
"Radojcić, Nikola_2025-11-19T21:27:46",2,True
"Warren, Ian_2025-11-19T21:27:50",0,False
"Woolf, Daniel_2025-11-19T21:27:50",1,True
"Wolinski, Mary_2025-11-19T21:27:51",1,True
이유경_2025-11-19T21:27:52,0,False
"Lee, Yu-Kyung_2025-11-19T21:27:52",0,False
"Milović-Karić, Grozdana_2025-11-19T21:27:53",0,True
"Milović, Dorde_2025-11-19T21:27:53",0,True
"Conley, Tom_2025-11-19T21:24:07",1,True
"Lugli, Emanuele_2025-11-19T21:24:07",1,True
"McKitterick, David_2025-11-19T21:24:07",1,True
"Schwartz, Seymour_2025-11-19T21:27:55",0,True
"Belyea, Barbara_2025-11-19T21:24:07",1,True
"Garver, Joseph_2025-11-19T21:24:07",1,True
"Saliba, George_2025-11-19T21:24:07",1,True
"Hutchinson, Gillian_2025-11-19T21:24:07",1,True
"Broecke, Marcel van den_2025-11-19T21:24:07",1,True
"Scott, David A._2025-11-19T21:26:34",0,False
"Blümich, Bernhard_2025-11-19T21:27:59",1,True
"Henneberg, Maciej_2025-11-19T21:27:59",1,True
"Melchior, Linea_2025-11-19T21:27:59",0,False
"Slaus, Mario_2025-11-19T21:28:09",1,True
"Cicvara-Pećina, Tatjana_2025-11-19T21:28:09",0,True
"Lucijanić, Ivica_2025-11-19T21:28:09",0,True
"Pećina, Marko_2025-11-19T21:28:09",1,True
"Stilinović, Davor_2025-11-19T21:28:09",0,True
"Kiricsi, Ágnes_2025-11-19T21:28:14",0,False
"Fox, Bethany_2025-11-19T21:28:14",0,False
"Bridgman, Rebecca_2025-11-19T21:28:31",0,False
"Torres, Pina Lopez_2025-11-19T21:28:31",0,False
"Koenderink, Jan_2025-11-19T21:28:32",1,True
"van Doorn, Andrea_2025-11-19T21:28:32",1,True
"de Ridder, Huib_2025-11-19T21:28:32",0,False
"Oomes, Stijn_2025-11-19T21:28:32",0,True
"Heinzer, Felix_2025-11-19T21:28:43",1,True
"Mangani, G._2025-11-19T21:28:46",0,False
"Kulash, Damian J._2025-11-19T21:28:46",1,True
"芝野, 庄太郎_2025-11-19T21:28:46",0,False
"シバノ, ショウタロウ_2025-11-19T21:28:46",0,False
"SHIBANO, Shotaro_2025-11-19T21:28:46",0,False
"HARAGUCHI, Midori_2025-11-19T21:28:47",0,False
"原口, 碧_2025-11-19T21:28:47",0,False
"Nicolussi, Kurt_2025-11-19T21:22:22",1,True
"Kaplan, Jed O_2025-11-19T21:28:51",0,True
"Wanner, Heinz_2025-11-19T21:28:51",1,True
"Luterbacher, Jürg_2025-11-19T21:28:51",1,True
"Olsson, Karl Sigvard_2025-11-19T21:28:51",0,False
"Konar, Jan_2025-11-19T21:28:51",1,True
"Dufva, Inge Hoegh_2025-11-19T21:28:51",0,False
"Ricksten, Anne_2025-11-19T21:28:51",0,False
"Raha-Chowdhury, Ruma_2025-11-19T21:28:51",0,False
"Rayes, Mahmoud_2025-11-19T21:28:52",0,False
"Rengachary, Setti S_2025-11-19T21:28:53",1,True
"Mittal, Sandeep_2025-11-19T21:28:53",0,True
"Cole, Garrard_2025-11-19T21:28:53",0,False
"Waldron, Tony_2025-11-19T21:28:53",1,True
"Eger, Christoph_2025-11-19T21:28:53",1,True
"Berg, Anna_2025-11-19T21:26:31",2,True
"Hansson, Sophia_2025-11-19T21:26:31",1,True
"Holmström, Harald_2025-11-19T21:26:31",0,True
"Constante, Ana_2025-11-19T21:28:55",0,True
"Muñoz, Arsenio_2025-11-19T21:28:55",1,True
"Picazo, Jesús_2025-11-19T21:28:55",0,True
"Jalkanen, Risto_2025-11-19T21:28:55",1,True
"GAILLARD de SÉMAINVILLE, Henri_2025-11-19T21:20:11",1,True
"Miller, Kathryn A._2025-11-19T21:29:00",1,True
"Murray, Mary Anne_2025-11-19T21:29:01",1,True
"Fuller, Dorian Q._2025-11-19T21:29:01",1,True
"Bolton, Timothy_2025-11-19T21:29:03",2,True
"Wetzel, René_2025-11-19T21:30:32",1,True
Caroline Holas-Clark_2025-11-19T21:29:08,0,False
Paola Guglielmotti_2025-11-19T21:29:11,1,True
"Varanini, Gian Maria_2025-11-19T21:40:33",1,True
"Van Stekelenburg, A.V._2025-11-19T21:29:17",0,False
"Nell, A._2025-11-19T21:29:18",0,False
"Lategan, L.O.K._2025-11-19T21:29:19",0,True
"Le Roux, P.G._2025-11-19T21:29:19",0,False
"Southwood, Frenette_2025-11-19T21:29:19",0,True
"Kerr, Nick_2025-11-19T21:29:19",0,False
"van Eck, Ernest_2025-11-19T21:29:22",0,True
"Molina, Carlos_2025-11-19T21:29:23",0,False
"Schneider, M._2025-11-19T21:29:25",0,False
"Duffy, Kevin_2025-11-19T21:29:26",1,True
"Mwangi, James K._2025-11-19T21:29:26",0,False
"Kempson, Helen_2025-11-19T21:29:27",0,False
"Wadley, Lyn_2025-11-19T21:29:27",1,True
"Schwortz, Steve_2025-11-19T21:29:28",0,True
"Mackay, Alex_2025-11-19T21:29:28",0,True
"Klein, Richard G._2025-11-19T21:29:28",1,True
"Orton, Jayson_2025-11-19T21:29:28",0,True
"Steele, Teresa E._2025-11-19T21:29:28",0,False
"Gouws, Rufus H._2025-11-19T21:29:37",1,True
"Potgieter, Liezl_2025-11-19T21:29:37",0,True
"Baker, Katherine_2025-11-19T21:29:38",2,True
"Baker, Steve_2025-11-19T21:29:38",1,True
"Symonds, James_2025-11-19T21:29:38",2,True
"Harvey, Linzi_2025-11-19T21:29:38",0,False
"Marshall, Peter_2025-11-19T21:29:38",1,True
"Mackenzie, Roderick_2025-11-19T21:29:38",1,True
"Simmons, Ellen_2025-11-19T21:29:38",1,True
"Swales, Diana Mahoney_2025-11-19T21:29:38",0,True
"Millet, Hélène_2025-11-19T21:31:12",1,True
"Kehm, Barbara M._2025-12-29T18:10:52",1,True
"Leiðytë, Liudvika_2025-12-29T18:10:52",0,False
"Tallett, Frank_2025-11-19T21:29:54",2,True
"Trim, D. J. B._2025-11-19T21:29:54",1,True
"Wunderlich, Werner_2025-11-19T21:27:47",2,True
"Fugelso, Karl_2025-11-19T21:29:55",1,True
"Sverdrup, Carl_2025-11-19T21:29:56",0,False
"Mayo Montero,Elga_2025-11-19T21:29:57",0,False
"Ballester Orcal,Elena_2025-11-19T21:29:57",0,False
"Fé Marques,Antonio_2025-11-19T21:29:57",0,False
"Santa-Olalla Peralta,Patricia_2025-11-19T21:29:57",0,False
"Sierra Moros,María José_2025-11-19T21:29:57",0,False
"Pagán Pomar,A._2025-11-19T21:29:57",0,False
"Palma Zamora,E._2025-11-19T21:29:57",0,False
"Ochogavia Segui,A._2025-11-19T21:29:57",0,False
"Llabres Rosello,M._2025-11-19T21:29:57",0,False
"Nuffelen, Peter Van_2025-11-19T21:38:52",1,True
"Bowen, A._2025-12-29T18:11:22",0,False
"Wildberg, C._2025-12-29T18:11:22",1,True
"Hall, A._2025-12-29T18:11:36",0,False
"Fox, B._2025-12-29T18:12:54",0,False
"Thali, Johanna_2025-11-19T21:30:34",1,True
"Wünsche, Gregor_2025-11-19T21:29:44",1,True
"Drittenbass, Catherine_2025-11-19T21:30:35",1,True
"Rückert, Peter_2025-11-19T21:30:37",1,True
"Fasching, Richard F._2025-11-19T21:30:38",1,True
"Grenzmann, Ludger_2025-11-19T21:30:39",1,True
"Henkel, Nikolaus_2025-11-19T21:30:39",1,True
"Kaufmann, Thomas_2025-11-19T21:30:39",1,True
"Gay-Canton, Réjane_2025-11-19T21:30:40",1,True
"Schneider-Lastin, Wolfram_2025-11-19T21:30:42",1,True
"Nemes, Balázs J._2025-11-19T21:30:42",1,True
"Von Langen-Monheim, Barbara_2025-11-19T21:31:12",1,True
"Lempereur, Barbara_2025-11-19T21:31:12",0,True
"Ferreira, Jonatas_2025-11-19T21:26:03",0,False
"Hamlin, Cynthia_2025-11-19T21:26:03",0,False
"Mitchell-Smith, Ilan_2025-11-19T21:31:47",1,True
"Dressler, Rachel_2025-11-19T21:31:47",1,True
"Robb, Candace_2025-11-19T21:31:47",1,True
Geeske Bakker_2025-11-19T21:31:58,0,False
Jan de Rode_2025-11-19T21:31:58,0,False
Kees Verbogt_2025-11-19T21:31:58,0,False
"Mikuž, Jure_2025-11-19T21:32:06",1,True
"Klemenc, Alenka_2025-11-19T21:32:06",1,True
"Vučajnk, Roman_2025-11-19T21:32:06",0,False
"Smrekar, Matej_2025-11-19T21:32:06",0,False
"Gilányi, Gabriella_2025-11-19T21:32:06",0,True
"Bartoš, Matej_2025-11-19T21:32:06",0,False
"Mackenzie, E. S._2025-12-29T18:16:05",0,False
"McLaughlin, J._2025-12-29T18:16:10",0,False
"Moore, T. K._2025-12-29T18:16:17",0,False
"Rogers, K. M._2025-12-29T18:16:26",0,False
"Santoro, Giuseppe_2025-11-19T21:35:12",0,False
"Merlo, Lucia_2025-11-19T21:35:12",1,True
"Anastasi, Giuseppe Pio_2025-11-19T21:35:12",0,False
"Tomasello, Francesco_2025-11-19T21:35:12",1,True
"Germanò, Antonino_2025-11-19T21:35:12",0,False
"Pomeroy, Emma_2025-11-19T21:35:21",0,False
"Krivonogov, Sergey K_2025-11-19T21:35:33",0,True
"Kuzmin, Yaroslav V._2025-11-19T21:47:13",1,True
"Burr, George S_2025-11-19T21:35:33",0,False
"Gusskov, Sergei A_2025-11-19T21:35:33",0,False
"Khazin, Leonid B_2025-11-19T21:35:33",0,False
"Zhakov, Eugeny Y_2025-11-19T21:35:33",0,False
"Nurgizarinov, Aijaryk N_2025-11-19T21:35:33",0,False
"Kurmanbaev, Rakhat Kh_2025-11-19T21:35:33",0,False
"Kenshinbay, Temirbolat I_2025-11-19T21:35:33",0,False
Ignacio Díaz de la Serna_2025-11-19T21:37:18,1,True
José Luis Valdés Ugalde_2025-11-19T21:37:18,1,True
Javier Sigüenza Reyes_2025-11-19T21:37:18,0,False
N. G. Makarenko_2025-11-19T21:37:39,0,False
L. M. Karimova_2025-11-19T21:37:39,0,False
O. A. Kruglun_2025-11-19T21:37:39,0,False
"Holopainen, J._2025-11-27T19:23:43",0,False
"Meriläinen, J._2025-11-27T19:23:43",0,False
Marieta Ramírez Bermúdez_2025-11-19T21:38:12,0,False
Luiz Jackson_2025-11-19T21:38:13,0,True
Fernando Pinheiro Filho_2025-11-19T21:38:13,0,True
Gustavo Sorá Prismas_2025-11-19T21:38:13,0,True
"Ruthven, Andrea_2025-11-19T21:38:53",1,True
"Mádlo, Gabriela_2025-11-19T21:38:53",0,True
"Donecker, Stefan_2025-11-19T21:43:10",1,True
Miguel Donoso_2025-11-19T21:39:14,1,True
Javiera Jaque_2025-11-19T21:39:14,0,False
"Ciccone, Lisa_2025-11-19T21:39:34",1,True
"Azzetta, Luca_2025-11-19T21:39:34",1,True
"Piacentini, Angelo_2025-11-19T21:39:34",1,True
"Forner, Fabio_2025-11-19T21:39:34",1,True
"Sandal, Ennio_2025-11-19T21:39:34",1,True
"Merchionne, Giuseppina_2025-11-19T21:39:34",0,False
"Colombo, Michele_2025-11-19T21:39:34",1,True
"Elli, Enrico_2025-11-19T21:39:34",1,True
"Milani, Celestina_2025-11-19T21:39:34",1,True
"Negri, Franco_2025-11-19T21:39:34",1,True
"Ligato, Giuseppe_2025-11-19T21:39:34",1,True
"Ferrari, Mirella_2025-11-19T21:39:34",1,True
"Woś, Jan Władysław_2025-11-19T21:39:34",1,True
"Di Pietro, Tania_2025-11-19T21:39:53",0,True
"Di Vincenzo, Barbara_2025-11-19T21:39:53",0,False
"Marconi, Stefano_2025-11-19T21:41:15",0,False
"Riedel, Alfredo_2025-11-19T21:41:15",1,True
"Ioniță, A._2025-11-19T21:46:11",0,True
"Canavate Castejon, Victor_2025-11-19T21:46:39",1,True
"Mellado Rivera, José Antonio_2025-11-19T21:46:39",1,True
"Sarabia Bautista, Julia_2025-11-19T21:46:39",1,True
"Brams, J._2025-11-27T19:23:44",1,True
"Parker, Christopher_2025-11-19T21:47:33",1,True
"Farnell, Gary_2025-11-19T21:47:33",0,True
"Hicks, Michael_2025-11-19T21:47:33",1,True
"Lowe, Ben_2025-11-19T21:47:33",0,False
"Parry, Graham_2025-11-19T21:47:33",1,True
"Jarvis, Robin_2025-11-19T21:47:33",1,True
"Sweet, Rosemary_2025-11-19T21:47:33",1,True
"Sumpter, Caroline_2025-11-19T21:47:33",1,True
"Hill, Jeffrey_2025-11-19T21:47:33",1,True
"Parrinder, Patrick_2025-11-19T21:47:33",0,False
"Perry, Carolyn_2025-11-19T21:47:33",1,True
"Bergonzi, Bernard_2025-11-19T21:47:33",1,True
"Jardine, Michael_2025-11-19T21:47:33",1,True
"Scourse, James D._2025-11-19T21:50:54",1,True
ИВАНИШЕВИЧ ВУЯДИН_2025-11-19T21:47:37,0,False
КАЗАНСКИЙ МИХАИЛ МИХАЙЛОВИЧ_2025-11-19T21:47:37,0,False
"Sextos, Anastasios_2025-11-19T21:47:52",1,True
"Stylianidis, Kosmas Athanasios_2025-11-19T21:47:52",0,False
"Mykoniou, Konstantinos_2025-11-19T21:47:52",1,True
"Dunwell, Andrew_2025-11-19T21:48:54",1,True
"Jackson, Adam_2025-11-19T21:48:54",1,True
"Johnson, Melanie_2025-11-19T21:48:54",0,False
"McLaren, Dawn_2025-11-19T21:48:54",0,False
"Miller, Jennifer_2025-11-19T21:48:54",0,False
"Murdoch, K R_2025-11-19T21:48:54",0,False
"Thoms, Jennifer_2025-11-19T21:48:54",0,False
"Warren, Graeme_2025-11-19T21:48:54",1,True
"Braby, Alan_2025-11-19T21:48:54",0,True
"Evenden, Craig_2025-11-19T21:48:54",0,False
"Mulqueeny, Libby_2025-11-19T21:48:54",0,True
"Whitelaw, Leeanne_2025-11-19T21:48:54",0,False
"Verreyke, Hélène_2025-11-19T21:49:37",1,True
"Evans, Jane Derose_2025-11-19T21:49:37",1,True
"Ristow, Sebastian_2025-11-19T21:50:18",1,True
"STELLMACHER, ALEXANDRA_2025-11-19T21:50:37",1,True
"Gjerland, Berit_2025-11-19T21:50:38",0,True
"Schmeisser, Rebecca L._2025-11-19T21:33:59",0,True
"Loope, David B._2025-11-19T21:33:59",1,True
"Wedin, David A._2025-11-19T21:33:59",0,False
"Ferreira, T._2025-11-19T21:50:54",0,False
"Ramos, R._2025-11-19T21:50:54",0,True
"Mata, Ignacio F_2026-01-14T22:04:20",0,True
"Hutter, Carolyn M_2026-01-14T22:04:21",0,False
"González-Fernández, María C_2026-01-14T22:04:22",0,False
"Lezcano, Elena_2026-01-14T22:04:35",0,False
"Huerta, Cecilia_2026-01-14T22:04:36",0,False
"Blazquez, Marta_2026-01-14T22:04:40",2,True
"Ribacoba, Renee_2026-01-14T22:04:42",0,False
"Guisasola, Luis M_2026-01-14T22:04:43",0,False
"Salvador, Carlos_2026-01-14T22:04:44",0,False
"Gómez-Esteban, Juan C_2026-01-14T22:04:45",0,False
"Zarranz, Juan J_2026-01-14T22:04:46",1,True
"Infante, Jon_2026-01-14T22:04:47",0,False
"Jankovic, Joseph_2026-01-14T22:04:48",1,True
"Deng, Hao_2026-01-14T22:04:49",1,True
"Edwards, Karen L_2026-01-14T22:04:50",1,True
"Alvarez, Victoria_2026-01-14T22:04:51",1,True
"Zabetian, Cyrus P_2026-01-14T22:04:52",0,False
"Stahl, A._2026-01-14T22:06:08",0,False
"Tourame, P._2026-01-14T22:06:08",0,False
"Song, Sheng-Rong_2026-01-14T22:07:17",1,True
"Chi, Zhenqing_2026-01-14T22:07:18",0,False
"Wang, Yong_2026-01-14T22:07:19",0,False
"Hong, Eason_2026-01-14T22:07:20",0,True
"Liu, Beiyu_2026-01-15T08:59:36",0,False
"Wang, Jianyang_2026-01-15T08:59:37",0,False
"Yildirir, Gokben_2026-01-15T08:59:38",0,False
"Englund, Paul T._2026-01-15T08:59:39",1,True
"Beverley, Stephen M._2026-01-15T08:59:40",0,False
"Jonson, Charlotte Hedenstierna_2025-11-19T21:22:38",1,True
"Holmquist, Lena_2025-11-19T21:15:34",1,True
"Pagan, Heather_2025-11-19T21:15:44",1,True
"Domínguez, Frank A._2025-11-19T21:15:45",1,True
"Maixner, Frank_2025-11-19T21:15:36",1,True
"Zink, Albert_2025-11-19T21:15:36",1,True
"Viberg, Andreas_2025-11-19T21:15:49",0,True
"Duczko, Władysław_2025-11-19T21:15:50",2,True
"Wacker, Lukas_2025-11-19T21:15:51",1,True
"Miladinović-Radmilović, Nataša_2025-11-19T21:15:52",0,False
"Peeples, Matthew A._2025-11-19T21:15:53",1,True
"Tolan, John V._2025-11-19T21:24:30",3,True
"Morozova, Irina_2025-11-19T21:16:08",1,True
"Schuenemann, Verena J._2025-11-19T21:16:09",0,False
"Ljungqvist, Fredrik Charpentier_2025-11-19T21:16:11",1,True
"Bremmer, Rolf H._2025-11-19T21:16:14",1,True
"Murray, Alan V._2025-11-19T21:16:15",1,True
"Beresford, Andrew M._2025-11-19T21:16:15",1,True
"Weiss, Julian_2025-11-19T21:16:17",1,True
"Haywood, Louise M._2025-11-19T21:16:17",1,True
"Kara, Michał_2025-11-19T21:22:09",1,True
"Bührer-Thierry, Geneviève_2025-11-19T21:18:59",1,True
"Maurer, Anne-France_2025-11-19T21:16:37",1,True
"Lamb, Angela L._2025-11-19T21:16:39",0,True
"Detry, Cleia_2025-11-19T21:16:39",1,True
"Knipper, Corina_2025-11-19T21:16:50",1,True
"Bereczki, Zsolt_2025-11-19T21:16:51",0,True
"Molnár, Erika_2025-11-19T21:16:51",0,False
"Brown, Jennifer N._2025-11-19T21:16:51",1,True
Yadollah heydari babakamal_2025-11-19T21:17:00,0,False
Nasir Eskandari_2025-11-19T21:17:00,0,False
Tahereh Shokri_2025-11-19T21:17:00,0,False
Morteza bahrami nahadfar_2025-11-19T21:17:00,0,False
"Loud, G.                       A._2025-11-19T21:17:08",1,True
"Price, Neil_2025-11-19T21:17:08",1,True
"RUTH, TAYLOR_2025-11-19T21:17:09",1,True
"IAN M., BETTS_2025-11-19T21:17:09",0,False
"BETH, RICHARDSON_2025-11-19T21:17:09",0,False
"Stewart, Karen_2025-11-19T21:38:46",0,True
"Onishi, Brad_2025-11-19T21:17:09",0,False
"Monge, Rico G._2025-11-19T21:28:35",1,True
"Roberts, Ian_2025-11-19T21:17:10",4,True
"Whittick, Christopher_2025-11-19T21:17:10",0,True
"Sanmark, Alexandra_2025-11-19T21:17:10",2,True
"Bryson, Alan_2025-11-19T21:16:30",1,True
"Oswald, Alastair_2025-11-19T21:17:10",1,True
"Pollington, Mitchell_2025-11-19T21:17:10",0,False
"Backhaus, Norman_2025-11-19T21:17:13",1,True
"Holthus, Barbara_2025-11-19T21:17:13",1,True
"Tanaka, Hiromi_2025-11-19T21:17:13",1,True
"Malagodi, M._2025-11-19T21:17:14",0,True
"Vanhaecke, Frank_2025-11-19T21:17:14",1,True
"Braekevelt, Jonas_2025-11-19T21:17:16",1,True
"Giardini, Marco_2025-11-19T21:17:16",1,True
"Ashby, Steve_2025-11-19T21:17:17",0,True
"Austin, Tony_2025-11-19T21:17:17",1,True
"HALDENBY, DAVE_2025-11-19T21:37:46",1,True
"Hummler, Madeleine_2025-11-19T21:17:17",0,False
"Jelley, Elizabeth_2025-11-19T21:17:17",0,False
"Richardson, Jane_2025-11-19T21:17:17",1,True
"Roskams, Steve_2025-11-19T21:17:17",1,True
"Niven, Kieron_2025-11-19T21:17:17",1,True
"Murdoch, Brian_2025-11-19T21:17:17",2,True
"Riddler, Ian_2025-11-19T21:17:17",1,True
"Trzaska-Nartowski, Nicola_2025-11-19T21:17:17",1,True
"Soulat, Jean_2025-11-19T21:17:17",1,True
"Vitali, Tiziana_2025-11-19T21:17:19",0,False
"Gleeson, Patrick_2025-11-19T21:17:19",1,True
"CARRAGÁIN, TÓMAS Ó_2025-11-19T21:17:30",1,True
"Price, Theron Douglas_2025-11-19T21:22:09",1,True
"Housley, Norman_2025-11-19T21:17:21",1,True
"Arbin, Staffan von_2025-11-19T21:19:38",1,True
"Brown, Warren_2025-11-19T21:17:23",1,True
"Lund, Julie_2025-11-19T21:17:24",2,True
"Parham, David_2025-11-19T21:17:26",1,True
"Rundell, Elizabeth_2025-11-19T21:17:26",0,False
"Merwe, Pieter_2025-11-19T21:17:26",0,False
"Bolender, Douglas J._2025-11-19T21:17:27",1,True
"Damiata, Brian N._2025-11-19T21:17:27",0,True
"McManus, Ellen_2025-11-19T21:17:27",0,True
"Brettell, Rhea C._2025-11-19T21:39:34",0,False
"Jelsma, Johan_2025-11-19T21:17:27",1,True
"Daly, Aoife_2025-11-19T21:17:09",1,True
"Williams, Alan R._2025-11-19T21:24:08",0,False
"Edge, David_2025-11-19T21:17:30",1,True
"Pedersen, Anne_2025-11-19T21:17:30",1,True
"Oehrl, Sigmund_2025-11-19T21:17:30",2,True
"Morawiec, Jakub_2025-11-19T21:17:31",1,True
"Bliujiené, Audroné._2025-11-19T21:43:04",1,True
"Olausson, Karin Björling_2025-11-19T21:17:34",1,True
"Hanzlicek, Tomas_2025-11-19T21:17:34",0,True
"Perna, Ivana_2025-11-19T21:17:34",0,False
"Brus, Jiri_2025-11-19T21:17:34",0,True
"Kovács, Péter_2025-11-19T21:17:36",1,True
"Sanders, Katy_2025-11-19T21:17:36",0,False
"Harrison, Lynne_2025-11-19T21:17:36",0,False
"Higgitt, Catherine_2025-11-19T21:17:36",1,True
"Young, Christina_2025-11-19T21:17:36",1,True
"Brookes, Stuart_2025-11-19T21:17:31",2,True
"MARZINZIK, SONJA_2025-11-19T21:17:36",1,True
"Baker, John_2025-11-19T21:17:31",1,True
"Sigurðsson, Jón Viðar_2025-11-19T21:17:38",1,True
"Sitdikov, Ayrat G._2025-11-19T21:20:37",1,True
"Bugrov, Dmitriy G_2025-11-19T21:17:38",0,False
"Machan, Tim William_2025-11-19T21:17:39",1,True
"Krüger, Jana_2025-11-19T21:17:39",1,True
"Nevalainen, Terttu_2025-11-19T21:17:40",1,True
"Skoglund, Git_2025-11-19T21:17:49",1,True
"Albarella, Umberto_2025-11-19T21:17:56",2,True
Mads Dengsø Jessen_2025-11-19T21:17:59,1,True
"Valverde, Rosario_2025-11-19T21:36:49",0,False
"Svanberg, Ingvar_2025-11-19T21:18:04",1,True
"Woodacre, Elena_2025-11-19T21:18:04",1,True
"Ghaki, Mansour_2025-11-19T21:18:09",1,True
"Lakmahri, Sami_2025-11-19T21:18:09",0,False
"Piotrowska, Natalia_2025-11-19T21:18:16",1,True
"Poissonnier, Bertrand_2025-11-19T21:18:18",1,True
"Perreaux, Nicolas_2025-11-19T21:19:40",1,True
"Jégou, Laurent_2025-11-19T21:19:40",1,True
"Miller, Alan_2025-11-19T21:18:22",2,True
"Oliver, Iain_2025-11-19T21:18:22",0,True
"Stutz, Liv Nilsson_2025-11-19T21:18:26",1,True
"Lõugas, Lembi_2025-11-19T21:18:30",1,True
"Vésteinsson, Orri_2025-11-19T21:18:34",1,True
"Valérian, Dominique_2025-11-19T21:18:49",1,True
"Buchsenschutz, Olivier_2025-11-19T21:18:51",1,True
"Zerbini, Andrea_2025-11-19T21:18:55",1,True
"Le Bihan, Amélie_2025-11-19T21:18:55",1,True
"Blanc, Pierre-Marie_2025-11-19T21:18:55",1,True
"Braemer, Frank_2025-11-19T21:18:55",1,True
"Dentzer-Feydy, Jacqueline_2025-11-19T21:18:55",1,True
"Villeneuve, François_2025-11-19T21:18:55",1,True
"Tonnerre, Noël-Yves_2025-11-19T21:18:57",1,True
"Lepeuple, Bruno_2025-11-19T21:19:01",1,True
"Painchault, Aude_2025-11-19T21:19:02",1,True
"Le Borgne, Véronique_2025-11-19T21:19:05",1,True
"Le Borgne, Jean-Noël_2025-11-19T21:19:05",0,True
"Dumondelle, Gilles_2025-11-19T21:19:05",1,True
"Carré, Florence_2025-11-19T21:19:05",1,True
"Galasso, Giuseppe_2025-11-19T21:19:08",1,True
"Eczet, Jean-Baptiste_2025-11-19T21:19:11",1,True
"Bruch, Julia_2025-11-19T21:25:06",1,True
"Hilgner, Alexandra_2025-11-19T21:32:24",0,False
"Timelli, Maria Colombo_2025-11-19T21:19:39",2,True
"Normand, Éric_2025-11-19T21:18:33",1,True
"Champagne, Alain_2025-11-19T21:19:29",1,True
"Sère, Bénédicte_2025-11-19T21:19:35",1,True
"Lasserre, Marina_2025-11-19T21:19:35",0,True
"Logel, Thierry_2025-11-19T21:19:35",0,True
"Gonçalves-Buissart, Cristina_2025-11-19T21:19:36",1,True
"Lafarge, Ivan_2025-11-19T21:19:36",1,True
"Le Forestier, Cyrille_2025-11-19T21:19:36",1,True
"Poirier, Nicolas_2025-11-19T21:19:36",1,True
"Joly, Camille_2025-11-19T21:19:36",1,True
"Leturcq, Samuel_2025-11-19T21:19:36",1,True
"Visset, Lionel_2025-11-19T21:19:36",1,True
"Rapin, Claude_2025-11-19T21:19:36",2,True
"Isamiddinov, Muhammadjon_2025-11-19T21:19:36",0,True
"Kacki, Sacha_2025-11-19T21:19:37",1,True
Iamartino_2025-12-26T16:36:37,0,False
Giovanni_2025-12-26T16:36:37,0,False
"Oulebsir, Rachid_2025-11-19T21:19:41",1,True
"Oumsed, Tahar Hamadache_2025-11-19T21:19:41",0,False
"Ailes, Marianne_2025-11-19T21:18:14",1,True
"Leedham, Suzanne_2025-11-19T21:19:48",0,False
"Roubet, Colette_2025-11-19T21:19:55",1,True
"Vignet-Zunz, Jacques_2025-11-19T21:19:55",1,True
"Abrous, Dahbia_2025-11-19T21:19:59",1,True
"Aissani, Djamil_2025-11-19T21:20:02",1,True
"Scheele, Judith_2025-11-19T21:20:02",1,True
"Dupuis, Xavier_2025-11-19T21:20:09",1,True
"Jaffrot, Étienne_2025-11-19T21:20:19",1,True
"Nadeau, Antoine_2025-11-19T21:20:19",0,False
"Werlé, Maxime_2025-11-19T21:20:19",1,True
"Seiller, Maurice_2025-11-19T21:20:19",1,True
Akhmetgalin Farid A._2025-11-19T21:20:27,0,False
"Sauer, Michelle M._2025-11-19T21:20:30",1,True
"Field, Rosalind_2025-11-19T21:17:05",1,True
"Van Houts, Elisabeth M. C._2025-11-19T21:21:37",1,True
"Sears, Gareth_2025-11-19T21:20:37",1,True
"Gaffney, Chris_2025-11-19T21:20:37",1,True
"Schmidt, Armin_2025-11-19T21:20:37",1,True
"Goodchild, H._2025-11-19T21:20:37",2,True
"Lobb, M._2025-11-19T21:20:37",0,False
"Sparrow, T._2025-11-19T21:20:37",0,False
"Tomcik, D._2025-11-19T21:20:37",0,False
"Kirigin, Branko_2025-11-19T21:20:37",1,True
"Milosević, Ante_2025-11-19T21:20:37",1,True
"Barabrić, Vedran_2025-11-19T21:20:37",0,False
"Kennedy, Sarah_2025-11-19T21:20:38",0,True
"Allison, Colin_2025-11-19T21:20:38",0,True
"Frenschkowski, Marco_2025-11-19T21:20:40",1,True
"Ketelhut, Jörn_2025-11-19T21:20:43",1,True
"Lhotta, Roland_2025-11-19T21:20:43",1,True
"Harms, Mario-Gino_2025-11-19T21:20:43",0,False
"Toepfer, Regina_2025-11-19T21:20:44",1,True
"Metz, Christian_2025-11-19T21:20:44",1,True
"Rohowski, Gabriele_2025-11-19T21:20:44",1,True
"Krämer, Franziska_2025-11-19T21:20:47",1,True
"Haase, Marcus_2025-11-19T21:20:47",0,False
"de Ferri, Lavinia_2025-11-19T21:20:52",1,True
"Lottici, Pier Paolo_2025-11-19T21:20:52",0,False
"Lorenzi, Andrea_2025-11-19T21:20:52",0,False
"Montenero, Angelo_2025-11-19T21:20:52",0,True
"Vezzalini, Giovanna_2025-11-19T21:20:52",0,False
"Matyasovszky, István_2025-11-19T21:20:53",0,False
"Kusters, Liesbet_2025-11-19T21:20:54",1,True
"Sidgwick, Emma_2025-11-19T21:20:54",1,True
"Lindberg, Kajsa_2025-11-19T21:20:55",1,True
"Styhre, Alexander_2025-11-19T21:20:55",1,True
"Walter, Lars_2025-11-19T21:20:55",1,True
"Hillaby, Joe_2025-11-19T21:20:55",1,True
"Hillaby, Caroline_2025-11-19T21:20:55",1,True
"Frei, Karin Margarita_2025-11-19T21:22:09",0,True
"Kranioti, Elena F_2025-11-19T21:25:30",0,False
"Jansen, Eystein_2025-11-19T21:21:00",1,True
"Kabel, Karoline_2025-11-19T21:21:00",0,False
"Lougheed, Bryan C._2025-11-19T21:21:00",0,True
"Ribeiro, Sofia_2025-11-19T21:21:00",0,False
"Snowball, Ian_2025-11-19T21:21:00",0,True
"Virtasalo, Joonas J._2025-11-19T21:21:00",0,False
"Husain, Adnan A._2025-11-19T21:21:04",0,True
"Pappano, Margaret Aziza_2025-11-19T21:21:04",1,True
"Demkin, V. A._2025-11-19T21:21:10",0,False
"Demkina, T. S._2025-11-19T21:21:10",0,False
"Khomutova, T. E._2025-11-19T21:21:10",0,False
"El’tsov, M. V._2025-11-19T21:21:10",0,False
"Bläuer, Auli_2025-11-19T21:21:14",0,False
"Iso-Touru, Terhi_2025-11-19T21:21:14",0,True
"Nyström, Veronica_2025-11-19T21:21:14",0,False
"Harjula, Janne_2025-11-19T21:21:14",0,True
"Lidén, Kerstin_2025-11-19T21:21:14",1,True
"Kantanen, Juha_2025-11-19T21:21:14",1,True
"Kupferschmied, Irene Ruth_2025-11-19T21:30:34",0,False
"Bolyard, Charles_2025-11-19T21:21:23",1,True
"Keele, Rondo_2025-11-19T21:21:23",1,True
"Wahlberg, Fredrik_2025-11-19T21:21:24",0,True
"Brun, Anders_2025-11-19T21:21:24",1,True
"Buko, Andrzej_2025-11-19T21:21:32",1,True
"Thrane, Henrik_2025-11-19T21:21:33",0,True
Université de Montréal Direction des bibliothèques_2025-11-19T21:21:36,0,True
"Trudel, Normand_2025-11-19T21:21:36",0,False
"Bouchard, Éric_2025-11-19T21:21:36",1,True
"Swanson, Robert Norman_2025-11-19T21:23:38",1,True
"Falcando, Ugo_2025-11-19T21:21:37",1,True
"Wiedemann, Thomas_2025-11-19T21:21:37",1,True
"Warner, David A_2025-11-19T21:24:32",1,True
"Småberg, Thomas_2025-11-19T21:21:39",1,True
لقمهري، سامي_2025-11-19T21:21:57,0,False
"Hemker, Christiane_2025-11-19T21:21:45",1,True
"Lentzsch, Susann_2025-11-19T21:22:06",0,False
"Sobkowiak-Tabaka, Iwona_2025-11-19T21:22:09",1,True
"Foerster, Thomas_2025-11-19T21:22:17",1,True
"Burkhardt, Stefan_2025-11-19T21:22:17",1,True
"Büttner, Andreas_2025-11-19T21:22:17",1,True
"Colin, Christophe_2025-11-19T21:22:18",1,True
"Douville, Eric_2025-11-19T21:22:18",1,True
"Mathisen, Ralph W._2025-11-19T21:22:27",1,True
"Cedilho, Rosa Maria Blanca_2025-11-19T21:22:28",0,False
"Bernardo de Sousa, Ana Paula_2025-11-19T21:22:28",0,False
"Andrade Filho, Ruy de Oliveira_2025-11-19T21:22:36",0,True
"Esteves, Germano M. F._2025-11-19T21:22:36",0,False
"Lane, Paul J_2025-11-19T21:22:38",2,True
"Bugarski, Ivan_2025-11-19T21:22:39",1,True
"Popadić, Ivana_2025-11-19T21:22:50",0,False
"Marjanović, Marko_2025-11-19T21:22:50",0,False
"Melville, Gert_2025-11-19T21:22:50",1,True
"Sánchez Rey, J. Agustín._2025-11-19T21:22:55",0,True
"Pérez Sanz, Ana_2025-11-19T21:23:01",0,False
"Frigola, Jaime_2025-11-19T21:23:01",0,True
"Nieto Moreno, Vanesa_2025-11-19T21:23:01",0,False
"Rodrigo Gámiz, Marta_2025-11-19T21:23:01",0,False
"Martrat, Belén_2025-11-19T21:23:01",0,False
"González-Sampériz, Penélope_2025-11-19T21:26:35",0,True
"Morellón Marteles, Mario_2025-11-19T21:23:01",0,False
"Martín Puertas, Celia_2025-11-19T21:23:01",1,True
"Corella, Juan Pablo_2025-11-19T21:23:01",0,False
"Belmonte, Ânchel_2025-11-19T21:23:01",0,False
"Sancho Marcén, Carlos_2025-11-19T21:23:01",0,False
"Cacho, Isabel_2025-11-19T21:26:35",1,True
"Herrera, Gemma_2025-11-19T21:23:01",0,False
"Canals, Miquel_2025-11-19T21:23:01",1,True
"Grimalt, Joan O._2025-11-19T21:23:01",1,True
"Jiménez-Espejo, Francisco_2025-11-19T21:26:35",1,True
"Martínez-Ruiz, Francisca_2025-11-19T21:26:35",1,True
"Vegas-Vilarrúbia, Teresa_2025-11-19T21:26:35",1,True
"Morán Martín, Remedios_2025-11-19T21:23:06",1,True
"Quintanilla Raso, María Concepción_2025-11-19T21:23:06",0,False
"Krause-Kyora, Ben_2025-11-19T21:23:21",0,True
"Bennett, Judith M._2025-11-19T21:23:40",1,True
"Grimm, Oliver_2025-11-19T21:17:39",1,True
"Jørgensen, Torstein_2025-11-19T21:17:25",1,True
"Maas, Michael_2025-11-19T21:24:12",1,True
"Costambeys, Marios_2025-11-19T21:24:05",1,True
"Copard, K._2025-11-19T21:24:29",1,True
"Henderson, G.M._2025-11-19T21:24:29",1,True
"Scholten, J._2025-11-19T21:24:29",0,False
"Sicre, Marie-Alexandrine_2025-11-19T21:47:34",1,True
"Wójcicki, K.J._2025-11-19T21:24:30",0,True
"Marynowski, L._2025-11-19T21:24:30",0,True
"Riedel, Frank_2025-11-19T21:24:34",1,True
"Erhardt, Sebastian_2025-11-19T21:24:34",0,False
"Chauke, Chrispen_2025-11-19T21:24:34",0,False
"Kossler, Annette_2025-11-19T21:24:34",0,False
"Shemang, Elisha_2025-11-19T21:24:34",0,False
"Tarasov, Pavel_2025-11-19T21:24:34",2,True
"Overland, Anette_2025-11-19T21:24:38",0,True
"Hjelle, Kari Loe_2025-11-19T21:24:38",0,True
"Kisielienė, Dalia_2025-11-19T21:24:38",1,True
"Mažeika, Jonas_2025-11-19T21:24:38",0,False
"Taraškevičius, Ričardas_2025-11-19T21:24:38",0,False
"Szwarczewski, Piotr_2025-11-19T21:24:38",1,True
"Kusiak, Jarosław_2025-11-19T21:24:38",1,True
"Stakėnienė, Rimutė_2025-11-19T21:24:38",1,True
"Pepe, C._2025-11-19T21:24:38",0,False
"Giraudi, C._2025-11-19T21:24:38",0,False
"Masi, A._2025-11-19T21:24:38",0,False
"Mazzini, I._2025-11-19T21:24:38",1,True
"Sadori, L._2025-11-19T21:24:38",1,True
"González López-Arza, M.V._2025-11-19T21:24:38",0,False
"Rodríguez Mansilla, J._2025-11-19T21:24:38",0,False
"Montanero Fernández, J._2025-11-19T21:24:38",0,False
"Pérez Rodríguez, C._2025-11-19T21:24:38",0,False
"Varela Donoso, E._2025-11-19T21:24:38",0,False
"Sautreuil, P._2025-11-19T21:24:38",0,False
"Volla, Hendrik_2025-11-19T21:24:40",0,False
"Seinre, Erkki_2025-11-19T21:24:40",0,False
"Stager, J. Curt_2025-11-19T21:24:40",0,False
"Ryves, David B._2025-11-19T21:24:40",0,False
"King, Christiaan_2025-11-19T21:24:40",0,False
"Madson, Jerome_2025-11-19T21:24:40",0,False
"Hazzard, Matthew_2025-11-19T21:24:40",0,False
"Maud, Rodney_2025-11-19T21:24:40",0,False
"Fantoni, Roberta_2025-11-19T21:24:40",0,True
"Caneve, Luisa_2025-11-19T21:24:40",1,True
"Colao, Francesco_2025-11-19T21:24:40",0,True
"Fiorani, Luca_2025-11-19T21:24:40",1,True
"Palucci, Antonio_2025-11-19T21:24:40",0,False
"Dell’Erba, Ramiro_2025-11-19T21:24:40",0,True
"Fassina, Vasco_2025-11-19T21:24:40",1,True
"Forgia, Vincenza_2025-11-19T21:24:40",1,True
"Martín, Patricia_2025-11-19T21:24:40",1,True
"López-García, Juan Manuel_2025-11-19T21:24:40",1,True
"Ollé, Andreu_2025-11-19T21:24:40",1,True
"Vergès, Josep Maria_2025-11-19T21:24:40",1,True
"Allué, Ethel_2025-11-19T21:24:40",1,True
"Angelucci, Diego E._2025-11-19T21:24:40",1,True
"Arnone, Massimo_2025-11-19T21:24:40",1,True
"Blain, Hugues-Alexandre_2025-11-19T21:24:40",1,True
"Burjachs, Francesc_2025-11-19T21:24:40",1,True
"Expósito, Isabel_2025-11-19T21:24:40",1,True
"Messina, Andrea_2025-11-19T21:24:40",1,True
"Picornell, Llorenç_2025-11-19T21:24:40",0,False
"Rodríguez, Anna_2025-11-19T21:24:40",1,True
"Scopelliti, Giuseppa_2025-11-19T21:24:40",0,False
"Sineo, Luca_2025-11-19T21:24:40",1,True
"Virruso, Giovanni_2025-11-19T21:24:40",0,False
"Alessi, Enrico_2025-11-19T21:24:40",0,False
"Di Simone, Giovanni_2025-11-19T21:24:40",0,False
"Morales, Juan Ignacio_2025-11-19T21:24:40",0,False
"Belvedere, Oscar_2025-11-19T21:24:40",1,True
"O'Neill, Tim P._2025-11-19T21:24:40",0,False
"Veach, Colin_2025-11-19T21:24:40",1,True
"Ashford, Gaye_2025-11-19T21:24:40",1,True
"MacCuarta, Brian_2025-11-19T21:24:40",1,True
"Jefferies, Henry A._2025-11-19T21:24:40",1,True
"Farrell, Aisling_2025-11-19T21:24:40",0,False
"Brownlow, Graham_2025-11-19T21:24:40",0,False
"Kelly, James_2025-11-19T21:24:40",1,True
"Stout, Geraldine_2025-11-19T21:24:40",1,True
"Read, Charles_2025-11-19T21:24:40",1,True
"King, John_2025-11-19T21:24:40",0,False
"Fathartaigh, Mícheál Ó_2025-11-19T21:24:40",1,True
"McManus, Ruth_2025-11-19T21:24:40",1,True
"Melikian, Melissa_2025-11-19T21:24:41",0,False
"Ives, Rachel_2025-11-19T21:24:41",0,True
"Kittler, Richard_2025-11-19T21:24:41",1,True
"Darula, Stanislav_2025-11-19T21:24:41",1,True
Brian Davies_2025-11-19T21:24:43,1,True
Eleonore Stump_2025-11-19T21:24:43,1,True
"Johnson, Scott Fitzgerald_2025-11-19T21:29:37",2,True
Philip Wood_2025-11-19T21:24:43,1,True
"Horden, Peregrine_2025-11-19T21:34:57",1,True
"Townsend, David_2025-11-19T21:50:43",2,True
"Friis-Jensen, Karsten_2025-11-19T21:34:32",1,True
Diane Winston_2025-11-19T21:24:43,1,True
Karim H. Karim_2025-11-19T21:24:43,0,False
T. M. Devine_2025-11-19T21:24:45,1,True
Jenny Wormald_2025-11-19T21:24:45,1,True
"KIDD, COLIN_2025-11-19T21:23:40",1,True
James Coleman_2025-11-19T21:24:45,1,True
"McKee, Sally_2025-11-19T21:36:23",1,True
Elizabeth Closs Traugott_2025-11-19T21:24:46,1,True
"Thomas III, George C._2025-11-19T21:24:50",1,True
"Leo, Richard A._2025-11-19T21:24:50",1,True
"Kosto, Adam J._2025-11-19T21:24:51",1,True
"Leuschner, Christoph_2025-11-19T21:24:59",1,True
"Wulf, Monika_2025-11-19T21:24:59",0,False
"Bäuchler, Patricia_2025-11-19T21:24:59",0,False
"Hertel, Dietrich_2025-11-19T21:24:59",0,True
"Friedman, Russell L._2025-11-19T21:25:06",1,True
"Herrmann, Katrin_2025-11-19T21:25:06",1,True
"Insley, Charles_2025-11-19T21:25:07",1,True
"Buylaert, Frederik_2025-11-19T21:25:10",1,True
"ELLEGAARD, MARIANNE_2025-11-19T21:25:11",0,False
"De Smedt, Philippe_2025-11-19T21:25:11",0,True
"Meerschman, Eef_2025-11-19T21:25:11",0,False
"Islam, Mohammad Monirul_2025-11-19T21:25:11",0,False
"Meeuws, Fun_2025-11-19T21:25:11",0,False
"Van De Vijver, Ellen_2025-11-19T21:25:11",0,False
"Gustafsson, Ny Björn_2025-11-19T21:25:11",1,True
"Holcomb, Melanie_2025-11-19T21:25:13",1,True
"Leitholdt, Eva_2025-11-19T21:25:15",0,False
"Zielhofer, Christoph_2025-11-19T21:25:15",1,True
"Berg-Hobohm, Stefanie_2025-11-19T21:25:15",1,True
"Schnabl, Katharina_2025-11-19T21:25:15",0,False
"Kopecky-Hermanns, Britta_2025-11-19T21:25:15",1,True
"Bussmann, Jens_2025-11-19T21:25:15",0,True
"Härtling, Joachim W._2025-11-19T21:25:15",1,True
"Reicherter, Klaus_2025-11-19T21:25:15",1,True
"Unger, Katrin_2025-11-19T21:25:15",2,True
"Gowland, Rebecca_2025-11-19T21:48:32",1,True
"Western, A.G._2025-11-19T21:25:15",0,False
"Evsyukov, Alexey_2025-11-19T21:25:15",0,False
"Kon'kov, Andrey_2025-11-19T21:25:15",0,True
"Grosheva, Alexandra_2025-11-19T21:25:15",0,False
"Zhukova, Olga_2025-11-19T21:25:15",1,True
"Rychkov, Sergey_2025-11-19T21:25:15",0,False
"Trilling, Renée R._2025-11-19T21:23:13",1,True
"Groves, S.E._2025-11-19T21:25:19",0,False
"Lucy, Sam_2025-11-19T21:27:57",1,True
"Pearson, G._2025-11-19T21:25:19",0,False
"Gröcke, Darren R._2025-11-19T21:32:23",0,False
"Nowell, G M_2025-11-19T21:35:29",0,True
"Macpherson, C.G._2025-11-19T21:25:19",0,False
"Young, G._2025-11-19T21:25:19",0,False
"Skog, Lars_2025-11-19T21:25:19",0,False
"Hauska, Hans_2025-11-19T21:25:19",1,True
"Faisant, M._2025-11-19T21:25:19",1,True
"Papin-Lefebvre, F._2025-11-19T21:25:19",0,False
"Laburthe-Tolra, P._2025-11-19T21:25:19",1,True
"Rougé-Maillart, C._2025-11-19T21:25:19",0,False
Sarah Tarlow_2025-11-19T21:25:19,1,True
Keith Allan_2025-11-19T21:25:20,1,True
Edward Lipiński_2025-11-19T21:25:20,1,True
Caroline Erskine_2025-11-19T21:25:20,0,False
"Mitchell, Peter_2025-11-19T21:34:13",1,True
Farès Moussa_2025-11-19T21:25:20,0,True
"Fokkens, Harry_2025-11-19T21:25:20",1,True
"Harding, Anthony_2025-11-19T21:25:20",1,True
Francesco Menotti_2025-11-19T21:25:20,1,True
"O’Sullivan, Aidan_2025-11-19T21:50:39",1,True
"田巻, 敦子_2025-11-19T21:33:59",0,False
"Newman, John Paul_2025-11-19T21:24:08",0,True
"Baron, J._2025-11-19T21:25:28",0,True
"Miazga, B._2025-11-19T21:25:28",0,False
"Craig, E._2025-11-19T21:25:29",0,False
"Craig, G._2025-11-19T21:25:29",0,False
"Fleming-Farrell, Dara_2025-11-19T21:25:30",0,False
"Michailidis, Konstantinos_2025-11-19T21:25:30",0,False
"Karantanas, Apostolos_2025-11-19T21:25:30",0,False
"Roberts, C Neil_2025-11-19T21:33:53",1,True
"Tsoukalas, G_2025-11-19T21:25:30",0,False
"Laios, K_2025-11-19T21:25:30",0,True
"Kontaxaki, M-I_2025-11-19T21:25:30",0,False
"Karamanou, M_2025-11-19T21:25:30",0,False
"Rektor, Ivan_2025-11-19T21:25:30",1,True
"Schachter, Steven C_2025-11-19T21:25:30",1,True
"Arzy, Shahar_2025-11-19T21:25:30",1,True
"Baloyannis, Stavros J_2025-11-19T21:25:30",1,True
"Bazil, Carl_2025-11-19T21:25:30",1,True
"Brázdil, Milan_2025-11-19T21:25:30",0,False
"Engel, Jerome_2025-11-19T21:25:30",0,False
"Helmstaedter, Gerhard_2025-11-19T21:25:30",0,False
"Hesdorffer, Dale C_2025-11-19T21:25:30",0,False
"Jones-Gotman, Marilyn_2025-11-19T21:25:30",0,True
"Kesner, Ladislav_2025-11-19T21:25:30",1,True
"Komárek, Vladimír_2025-11-19T21:25:30",1,True
"Krämer, Günter_2025-11-19T21:25:30",1,True
"Leppik, Ilo E_2025-11-19T21:25:30",0,False
"Mann, Michael W_2025-11-19T21:25:30",0,False
"Mula, Marco_2025-11-19T21:25:30",0,False
"Risse, Gail L_2025-11-19T21:25:30",0,False
"Stoker, Guy W_2025-11-19T21:25:30",0,False
"Kasteleijn-Nolst Trenité, Dorothée G A_2025-11-19T21:25:30",0,False
"Trimble, Michael_2025-11-19T21:25:30",1,True
"Tyrliková, Ivana_2025-11-19T21:25:30",0,True
"Korczyn, Amos D_2025-11-19T21:25:30",1,True
"Cutillas, Ana Belén_2025-11-19T21:25:30",0,False
"Herrero, Ester_2025-11-19T21:25:30",0,False
"de San Eustaquio, Alba_2025-11-19T21:25:30",0,False
"Zamora, Salvador_2025-11-19T21:25:30",0,False
"Pérez-Llamas, Francisca_2025-11-19T21:25:30",0,False
"Petaros, Anja_2025-11-19T21:25:30",0,True
"Skrobonja, Ante_2025-11-19T21:25:30",0,False
"Culina, Tatjana_2025-11-19T21:25:30",1,True
"Bosnar, Alan_2025-11-19T21:25:30",0,True
"Frkovic, Vedran_2025-11-19T21:25:30",0,False
"Azman, Josip_2025-11-19T21:25:30",0,False
"Nockert, M_2025-11-19T21:25:31",1,True
"Holst, B_2025-11-19T21:25:31",0,True
"Harsányi, László_2025-11-19T21:25:31",1,True
"Weltner, János_2025-11-19T21:25:31",0,False
"Zaránd, Attila_2025-11-19T21:25:31",0,False
"Barron, John A._2025-11-19T21:25:40",1,True
"Hendy, Ingrid L._2025-11-19T21:25:40",1,True
Srecko Favro_2025-11-19T21:25:48,0,True
Sandra Punda_2025-11-19T21:25:48,0,False
"Walker, Greg_2025-11-19T21:25:52",0,True
"Peters, Daniel_2025-11-19T21:25:56",1,True
"Mortensen, Lars Boje_2025-11-19T21:27:18",1,True
"Hall, Mark A._2025-11-19T21:30:37",1,True
"López-Blanco, Charo_2025-11-19T21:26:00",0,True
"Miracle, María Rosa_2025-11-19T21:26:00",1,True
"Vicente, Eduardo_2025-11-19T21:26:00",0,False
"Erbs-Hansen, Dorthe Reng_2025-11-19T21:26:00",0,True
"Gary, Anthony Cavedo_2025-11-19T21:26:00",0,False
"Gyllencreutz, Richard_2025-11-19T21:26:00",1,True
"McClure, Marilyn_2025-11-19T21:26:01",0,True
"Gigliotti, Eileen_2025-11-19T21:26:01",0,False
"Brown, Craig J._2025-11-19T21:26:05",0,False
"Mastone, Victor T._2025-11-19T21:26:05",0,False
"Maio, Christopher V._2025-11-19T21:26:05",0,False
"Feltes, Jonas_2025-11-19T21:26:09",0,False
"Harter, Franziska_2025-11-19T21:26:09",0,False
"Intile, Laura_2025-11-19T21:26:09",0,False
"Oesterwind, Stephan_2025-11-19T21:26:09",0,False
"Taylor, G Michael_2025-11-19T21:26:10",0,True
"Pósa, Annamária_2025-11-19T21:26:12",0,False
"Lovász, Gabriella_2025-11-19T21:26:12",0,True
"Wicker, Erika_2025-11-19T21:26:12",1,True
"Richarz, J._2025-11-19T21:26:19",0,True
"Vajda, S._2025-11-19T21:26:19",1,True
"Fink, G. A._2025-11-19T21:26:19",0,False
"Hedges, Mark_2025-11-19T21:26:20",1,True
"Jordanous, A._2025-11-19T21:26:19",1,True
"Dunn, S._2025-11-19T21:26:19",0,True
"Roueche, C._2025-11-19T21:26:19",1,True
"Kuster, M. W._2025-11-19T21:26:19",0,False
"Selig, T._2025-11-19T21:26:19",0,True
"Bittorf, M._2025-11-19T21:26:19",0,True
"Artes, W._2025-11-19T21:26:19",0,False
"Solla, M._2025-11-19T21:26:19",0,True
"Laguela, S._2025-11-19T21:26:19",0,True
"Alvarez, M. X._2025-11-19T21:26:19",0,False
"Lorenzo, H._2025-11-19T21:26:19",0,True
"Riveiro, B._2025-11-19T21:26:19",0,True
"Paul, R._2025-11-19T21:26:19",1,True
"Rus, D._2025-11-19T21:26:19",1,True
"Merlo, A._2025-11-19T21:26:19",0,True
"Dalco, L._2025-11-19T21:26:19",0,True
"Fantini, F._2025-11-19T21:26:19",0,True
"Simone, C._2025-11-19T21:26:19",0,True
"Martini, Maria G._2025-11-19T21:28:50",0,True
"Bortolotto, S._2025-11-19T21:26:19",0,True
"Guidi, Gabriele_2025-11-19T21:35:25",0,True
"Mazzilli, M. T._2025-11-19T21:26:19",0,True
"Morandotti, M._2025-11-19T21:26:19",0,True
"Haus, G._2025-11-19T21:26:19",0,True
"Tucci, P._2025-11-19T21:26:19",1,True
"Kennedy, S._2025-11-19T21:26:20",0,True
"Dow, L._2025-11-19T21:26:20",0,True
"Campbell, A._2025-11-19T21:26:20",0,True
"Davies, C._2025-11-19T21:26:20",0,True
"McCaffery, J._2025-11-19T21:26:20",0,True
"Wittek, P._2025-11-19T21:26:20",1,True
"Rubio-Campillo, X._2025-11-19T21:26:20",1,True
"Blanke, Tobias_2025-11-19T21:26:20",1,True
"Illingworth, Malcolm_2025-11-19T21:26:20",0,True
"Baranyi, Peter_2025-11-19T21:26:20",1,True
"Wilcock, Graham_2025-11-19T21:26:20",0,True
"Jokinen, Kristiina_2025-11-19T21:26:20",1,True
"Dawson, Tom_2025-11-19T21:26:20",1,True
"Vermehren, Anna_2025-11-19T21:26:20",0,True
"Bandiera, A._2025-11-19T21:26:20",0,True
"Imperiale, M. Leo_2025-11-19T21:26:20",0,True
"Frigione, M._2025-11-19T21:26:20",0,True
"Montagna, F._2025-11-19T21:26:20",0,True
"Maffezzoli, A._2025-11-19T21:26:20",0,True
"Signore, G. M._2025-11-19T21:26:20",0,True
"De Jaegher, L._2025-11-19T21:26:22",0,True
"De Waele, M._2025-11-19T21:26:22",0,True
"Van Goethem, Veronique_2025-11-19T21:26:22",0,True
"Pintus, Ruggero_2025-11-19T21:26:22",0,True
"Yang, Ying_2025-11-19T21:26:49",0,True
"Candiard, Adrien_2025-11-19T21:26:30",1,True
"Masolini, Serena_2025-11-19T21:26:30",1,True
"Lim, Jaesoo_2025-11-19T21:26:31",0,False
"Hong, Sei-Sun_2025-11-19T21:26:31",0,False
"Kim, Ju-Yong_2025-11-19T21:26:31",0,False
"Economou, Christos_2025-11-19T21:26:31",0,True
"Panagopoulos, Ioannis_2025-11-19T21:26:31",0,False
"Niinimäki, Sirpa_2025-11-19T21:26:31",1,True
"Davis, Simon J.M._2025-11-19T21:26:31",1,True
"Svensson, Emma M._2025-11-19T21:26:31",1,True
"Pires, Ana Elisabete_2025-11-19T21:26:31",1,True
"Ginja, Catarina_2025-11-19T21:26:31",1,True
"Knudson, Kelly J._2025-11-19T21:26:32",1,True
"Carver, Charisse_2025-11-19T21:26:32",0,True
"Cleland, Robin_2025-11-19T21:26:32",0,True
"Zoëga, Guðný_2025-11-19T21:26:32",1,True
"Zillén, Lovisa_2025-11-19T21:26:33",0,False
"Lenz, Conny_2025-11-19T21:26:33",0,False
"Jilbert, Tom_2025-11-19T21:26:33",0,False
"Muscheler, Raimund_2025-11-19T21:26:33",1,True
"De Cort, Gijs_2025-11-19T21:26:33",0,False
"Bessems, Ilse_2025-11-19T21:26:33",0,False
"Keppens, Edward_2025-11-19T21:26:33",0,False
"Mees, Florias_2025-11-19T21:26:33",0,True
"Cumming, Brian_2025-11-19T21:26:33",0,False
"Mackay, Anson W._2025-11-19T21:26:33",1,True
"Bezrukova, Elena V._2025-11-19T21:26:33",0,False
"Boyle, John F._2025-11-19T21:26:33",1,True
"Holmes, Jonathan A._2025-11-19T21:26:33",0,False
"Panizzo, Virginia N._2025-11-19T21:26:33",0,False
"Shchetnikov, Alexander_2025-11-19T21:26:33",0,False
"Shilland, Ewan M._2025-11-19T21:26:33",0,False
"White, Dustin_2025-11-19T21:26:33",0,False
"Barthel, Stephan_2025-11-19T21:26:33",1,True
"Isendahl, Christian_2025-11-19T21:26:33",1,True
"Telldahl, Ylva_2025-11-19T21:26:33",1,True
"Cagno, S._2025-11-19T21:26:34",0,True
"Favaretto, L._2025-11-19T21:26:34",0,True
"Mendera, M._2025-11-19T21:26:34",0,True
"Izmer, A._2025-11-19T21:26:34",0,True
"Janssens, K._2025-11-19T21:26:34",0,False
"Cohen, T.J._2025-11-19T21:26:34",0,False
"Nanson, G.C._2025-11-19T21:26:34",0,False
"Jansen, J.D._2025-11-19T21:26:34",0,False
"Gliganic, L.A._2025-11-19T21:26:34",0,False
"May, J.-H._2025-11-19T21:26:34",0,False
"Larsen, J.R._2025-11-19T21:26:34",0,False
"Browning, S._2025-11-19T21:26:34",0,False
"Price, D.M._2025-11-19T21:26:34",0,False
"Schofield, J. Edward_2025-11-19T21:26:34",0,False
"Heusser, Linda E._2025-11-19T21:26:36",0,False
"Surge, Donna_2025-11-19T21:26:35",0,True
"Snitkjær, Pia_2025-11-19T21:26:38",0,True
"Mortensen, Louise M._2025-11-19T21:26:38",0,False
"Chevalier-Royet, Caroline_2025-11-19T21:26:59",1,True
"Salonen, Kirsi_2025-11-19T21:27:00",1,True
"Lehtonen, Tuomas M. S._2025-11-19T21:27:10",1,True
"Marvin, Julia_2025-11-19T21:27:17",1,True
"Nordeide, Sæbjørg Walaker_2025-11-19T21:31:13",1,True
"McDonald, Jennifer R._2025-11-19T21:27:19",0,False
"Reichl, Karl_2025-11-19T21:27:19",1,True
"Olausson, Michael_2025-11-19T21:27:35",1,True
"Ettahiri, Ahmed S._2025-11-19T21:20:52",1,True
"Fili, Abdallah_2025-11-19T21:20:52",1,True
"Van Staëvel, Jean-Pierre_2025-11-19T21:20:52",1,True
"Aldred, Oscar_2025-11-19T21:21:43",1,True
"Bell, Peter N._2025-11-19T21:29:25",0,True
"Schlecht, Joseph_2025-11-19T21:28:29",1,True
"Ommer, Björn_2025-11-19T21:28:29",1,True
"Havrylyshyn, Oleh_2025-11-19T21:28:29",2,True
"Srzentic, Nora_2025-11-19T21:28:29",1,True
"Ventolà, Lourdes_2025-11-19T21:28:31",0,False
"Giraldez, Pilar_2025-11-19T21:28:31",1,True
"Catalunya, David_2025-11-19T21:28:35",0,True
"Poletti, Paul_2025-11-19T21:28:35",0,False
"Vincent, Nicole_2025-11-19T21:28:39",1,True
"Viner-Daniels, Sarah_2025-11-19T21:28:50",1,True
"Lejars, Thierry_2025-11-19T21:28:58",1,True
"Gribov, Nikolay_2025-12-29T18:08:49",0,False
José María Abril Fuertes_2025-11-19T21:29:09,0,False
José Antonio Mingorace Ruiz_2025-11-19T21:29:09,0,False
ENRICO PAGANO_2025-11-19T21:29:10,0,False
JOSEP MARIA VERGÈS_2025-11-19T21:29:10,0,False
Komarov Sergey G._2025-11-19T21:29:10,0,True
Vasilyev Sergey V._2025-11-19T21:29:10,0,True
Sigurður Ægisson_2025-11-19T21:29:13,1,True
"Blum, Matthias_2025-11-19T21:29:20",2,True
"Baten, Joerg_2025-11-19T21:29:20",1,True
"Pete, S._2025-11-19T21:29:32",0,False
"Sabo, Theodore_2025-11-19T21:29:31",1,True
"Lioy, Dan_2025-11-19T21:29:31",1,True
"Fick, Rikus_2025-11-19T21:29:31",0,False
"Grunewald, Tosca_2025-11-19T21:29:32",0,False
"Breed, Ida_2025-11-19T21:29:32",0,True
"Hulme, D._2025-11-19T21:29:32",1,True
"White, Susie_2025-11-19T21:29:38",0,False
"Vauchez, André_2025-11-19T21:29:41",1,True
"Cloppet, Florence_2025-11-19T21:28:39",1,True
"Dailey, Patricia_2025-11-19T21:29:55",1,True
"Cichon, Michael_2025-11-19T21:29:55",1,True
"Herrick, Samantha Kahn_2025-11-19T21:29:55",1,True
"Given-Wilson, Chris_2025-11-19T21:29:56",1,True
"Kettle, Ann_2025-11-19T21:29:56",1,True
"Scales, Len_2025-11-19T21:29:56",2,True
"Sluiter, Ineke_2025-11-19T21:29:57",1,True
"Burgwinkle, William_2025-11-19T21:30:00",2,True
"Hammond, Nicholas_2025-11-19T21:30:00",1,True
"Wilson, Emma_2025-11-19T21:30:00",1,True
"De Wilde, Geert_2025-11-19T21:30:16",0,True
"Gemeinhardt, Peter_2025-11-19T21:30:17",1,True
"Leemans, Johan_2025-11-19T21:30:17",1,True
"O’Keeffe O’Brien, Katherine_2025-11-19T21:30:31",0,False
"Beßlich, Barbara_2025-11-19T21:22:16",1,True
"Valk, Thorsten_2025-11-19T21:30:33",1,True
"Teichert, Matthias_2025-11-19T21:30:33",1,True
"Rohrbach, Lena_2025-11-19T21:30:34",1,True
"Michaelsen, Peter_2025-11-19T21:30:34",1,True
"Niehues, Jan_2025-11-19T21:30:36",0,True
"Schädler, Ulrich_2025-11-19T21:30:36",2,True
"Stylegar, Frans-Arne_2025-11-19T21:30:37",0,True
"Hansen, Victor_2025-11-19T21:30:38",0,False
"Nedoma, Robert_2025-11-19T21:30:40",1,True
"Ridder, Iris_2025-11-19T21:30:40",2,True
"Wetzler, Sixt_2025-11-19T21:30:40",1,True
"Penke, Niels_2025-11-19T21:30:41",1,True
"Griffin, Carrie_2025-11-19T21:31:18",1,True
"Lidaka, Juris G._2025-11-19T21:31:18",0,False
"Mata, M. Pilar_2025-11-19T21:31:43",0,False
"Giralt, Santiago_2025-11-19T21:31:43",1,True
Marija Štambuk Šunjić_2025-11-19T21:31:52,0,True
"Jimenez, Publio_2025-11-19T21:31:55",0,False
"Martinez-Insua, Arturo_2025-11-19T21:31:55",0,False
"Franco-Vazquez, Jaime_2025-11-19T21:31:55",0,False
"Otero-Cepeda, Xose Luis_2025-11-19T21:31:55",0,False
"Santana, Urbano_2025-11-19T21:31:55",0,False
"Day, Mary Beth_2025-11-19T21:31:55",0,False
"Hodell, David A_2025-11-19T21:31:55",1,True
"Brenner, Mark_2025-11-19T21:31:55",1,True
"Chapman, Hazel J_2025-11-19T21:31:55",0,False
"Curtis, Jason H_2025-11-19T21:31:55",0,False
"Kenney, William F_2025-11-19T21:31:55",1,True
"Kolata, Alan L_2025-11-19T21:31:55",1,True
"Peterson, Larry C_2025-11-19T21:31:55",0,False
"Jones, E P_2025-11-19T21:32:09",0,True
"Searle, J B_2025-11-19T21:32:09",0,True
"Kucsera, Agnes_2025-11-19T21:32:15",0,False
"Struhár, Gabriella_2025-11-19T21:32:15",0,False
"MacKenzie, Brian R._2025-11-19T21:32:17",0,True
"Thrush, Simon_2025-11-19T21:32:17",1,True
"Montemurro, Marcelo A._2025-11-19T21:32:18",0,False
"Zanette, Damián H._2025-11-19T21:32:18",1,True
"Szolnoki, Attila_2025-11-19T21:32:18",0,True
"Laudet, Vincent_2025-11-19T21:32:18",1,True
"Porzionato, Andrea_2025-11-19T21:32:19",1,True
"Macchi, Veronica_2025-11-19T21:32:19",1,True
"Stecco, Carla_2025-11-19T21:32:19",1,True
"Parenti, Anna_2025-11-19T21:32:19",0,False
"De Caro, Raffaele_2025-11-19T21:32:19",1,True
"Drauschke, Jörg_2025-11-19T21:32:24",1,True
"Rivers,Kimberly_2025-11-19T21:32:29",0,False
"Moebius, Matthew Alexander_2025-11-19T21:32:29",0,False
"Watkins, Frances_2025-11-19T21:33:49",0,True
"Pendry, Barbara_2025-11-19T21:33:49",0,False
"Corcoran, Olivia_2025-11-19T21:33:49",0,True
"Sanchez-Medina, Alberto_2025-11-19T21:33:49",0,False
"Dittmar, Pierre-Olivier_2025-11-19T21:20:07",1,True
"Maillet, Chloé_2025-11-19T21:20:07",1,True
"Questiaux, Astrée_2025-11-19T21:20:07",1,True
"Mendum, Tom A_2025-11-19T21:33:49",0,False
"Wu, Huihai_2025-11-19T21:33:49",0,False
"Stewart, Graham R_2025-11-19T21:26:10",0,False
"Darque-Ceretti, Evelyne_2025-11-19T21:33:56",1,True
"Makariou, Sophie_2025-11-19T21:33:56",1,True
"Dectot, Xavier_2025-11-19T21:33:56",1,True
"Faÿ-Hallé, Antoinette_2025-11-19T21:33:56",1,True
"Miroudot, Delphine_2025-11-19T21:33:56",1,True
"Tamaki, Atsuko_2025-11-19T21:33:59",0,False
"Löfgren, Sylvia Sandelin_2025-11-19T21:34:05",0,False
"Galer, Stephen J G_2025-11-19T21:34:05",0,False
"Beierlein, Lars_2025-11-19T21:34:05",1,True
"Nunn, Elizabeth V_2025-11-19T21:34:05",0,False
"Tütken, Thomas_2025-11-19T21:34:05",1,True
Alexandru Levinschi_2025-11-19T21:34:09,0,False
Ivan Vlasenco_2025-11-19T21:34:09,0,False
María Concepción Quintanilla Raso_2025-11-19T21:34:13,0,False
"Sabbatani, Sergio_2025-11-19T21:34:19",0,False
"Manfredi, Roberto_2025-11-19T21:34:19",1,True
"Fiorino, Sirio_2025-11-19T21:34:19",0,True
"Haq, Imran_2025-11-19T21:34:21",0,False
"Khatib, Humayun A_2025-11-19T21:34:21",0,False
"Križnar, Anabelle_2025-11-19T21:34:27",0,True
"Ruíz-Conde, Antonio_2025-11-19T21:34:27",0,False
"Sánchez-Soto, Pedro Jose_2025-11-19T21:34:27",0,True
"Benjak, Mirjana_2025-11-19T21:34:27",0,True
"Ljubešić, Marko_2025-11-19T21:34:27",0,True
"Rębała, Krzysztof_2025-11-19T21:34:28",1,True
"Martínez-Cruz, Begoña_2025-11-19T21:34:28",0,True
"Tönjes, Anke_2025-11-19T21:34:28",1,True
"Stumvoll, Michael_2025-11-19T21:34:28",0,False
"Lindner, Iris_2025-11-19T21:34:28",1,True
"Wichmann, H-Erich_2025-11-19T21:34:28",1,True
"Siváková, Daniela_2025-11-19T21:34:28",1,True
"Soták, Miroslav_2025-11-19T21:34:28",0,False
"Quintana-Murci, Lluís_2025-11-19T21:34:28",2,True
"Szczerkowska, Zofia_2025-11-19T21:34:28",0,True
"Comas, David_2025-11-19T21:34:28",1,True
"RIDER, JEFF_2025-11-19T21:34:37",1,True
"Weber, Eckhard_2025-11-19T21:34:43",1,True
"Fernández, Berta Raposo_2025-11-19T21:34:43",1,True
"Koester, Isabel Gutiérrez_2025-11-19T21:34:43",1,True
"Schock-Werner, Barbara_2025-11-19T21:34:54",1,True
"Finger, Heinz_2025-11-19T21:34:54",1,True
"Haas, Reimund_2025-11-19T21:34:54",1,True
"Scheidgen, Hermann-Josef_2025-11-19T21:34:54",1,True
"Butz, Reinhardt_2025-11-19T21:34:55",1,True
"Andenna, Cristina_2025-11-19T21:34:55",1,True
"Lapin, Hayim_2025-11-19T21:35:01",1,True
"Dohrmann, Natalie B._2025-11-19T21:35:01",1,True
"Reed, Annette Yoshiko_2025-11-19T21:35:01",1,True
"Teržan, Biba_2025-11-19T21:35:24",1,True
"Črešnar, Matija_2025-11-19T21:35:24",1,True
"Ferrini, Vincenzo_2025-11-19T21:35:27",1,True
"De Vito, Caterina_2025-11-19T21:35:27",0,False
"Fucinese, Damiano Venanzio_2025-11-19T21:35:27",1,True
"Djonić, Danijela_2025-11-19T21:35:29",0,False
"Hahn, Michael_2025-11-19T21:35:29",0,True
"Millard, A R_2025-11-19T21:35:29",0,True
"Pearson, D G_2025-11-19T21:35:29",0,False
"Evans, D H_2025-11-19T21:35:29",0,False
"Nilsson, D_2025-11-19T21:35:29",0,False
"Säll, T_2025-11-19T21:35:29",0,False
"Lind-Halldén, C_2025-11-19T21:35:29",0,False
"Lidén, A C_2025-11-19T21:35:29",0,False
"Ljung, R_2025-11-19T21:35:29",0,False
"Korobov, Dmitry S._2025-11-19T21:35:31",0,False
"Borisov, Alexander V._2025-11-19T21:35:31",0,False
"Martin, Steve_2025-11-19T21:35:31",1,True
"Wake, Thomas_2025-11-19T21:35:31",0,True
"Nyegaard, Georg_2025-11-19T21:35:42",0,False
"Szemán, Attila_2025-11-19T21:35:49",0,False
"SENNEFELT, KARIN_2025-11-19T21:36:04",1,True
"MISKELL, LOUISE_2025-11-19T21:36:04",1,True
"Melheim, Lene_2025-11-19T21:36:10",1,True
"Gräslund, Bo_2025-11-19T21:36:20",1,True
"Hubau, Wannes_2025-11-19T21:36:26",0,False
"Van den Bulcke, Jan_2025-11-19T21:36:26",0,True
"Kitin, Peter_2025-11-19T21:36:26",0,True
"Baert, Geert_2025-11-19T21:36:26",0,False
"Nsenga, Laurent_2025-11-19T21:36:26",0,False
"Riva, M A_2025-11-19T21:36:31",0,True
"Cesana, G_2025-11-19T21:36:31",0,True
"Mosconi, G_2025-11-19T21:36:31",0,True
"Gronenborn, Detlef_2025-11-19T21:36:31",1,True
"Ameje, James_2025-11-19T21:36:31",0,False
"Liesegang, G._2025-11-19T21:36:31",0,False
"Patscher, Stefan_2025-11-19T21:36:31",0,False
"Nortmann, Margarete_2025-11-19T21:36:31",0,False
"Haase, Claus-Peter_2025-11-19T21:36:31",0,False
"Fenn, Thomas R._2025-11-19T21:36:31",0,False
"Adderley, W. Paul_2025-11-19T21:36:31",0,False
"Panteliadis, Christos_2025-11-19T21:36:34",1,True
"Panteliadis, Panos_2025-11-19T21:36:34",0,False
"Vassilyadi, Frank_2025-11-19T21:36:34",0,False
"Marcott, Shaun A_2025-11-19T21:36:35",0,False
"Shakun, Jeremy D_2025-11-19T21:36:35",1,True
"Clark, Peter U_2025-11-19T21:36:35",1,True
"Mix, Alan C_2025-11-19T21:36:35",0,False
"Panteliadou, Alkistis-Kira_2025-11-19T21:36:35",0,False
"Clark, Jeffery J_2025-11-19T21:36:47",1,True
"Huntley, Deborah L_2025-11-19T21:36:47",1,True
"Borck, Lewis_2025-11-19T21:36:47",0,False
"Clauset, Aaron_2025-11-19T21:36:47",0,True
"Shackley, M Steven_2025-11-19T21:36:47",1,True
"Boudin, Mathieu_2025-11-19T21:20:14",1,True
"Criado de Val, Manuel_2025-11-19T21:36:49",1,True
MCV_2025-11-19T21:36:49,0,True
"López Monteagudo, Guadalupe_2025-11-19T21:36:49",1,True
"Domínguez Monedero, Adolfo_2025-11-19T21:36:49",1,True
"Ramírez Romero, Esperanza_2025-11-19T21:36:49",1,True
"Menéndez-Pidal de Navascués, Ignacio_2025-11-19T21:36:49",0,False
"Cepas, Adela_2025-11-19T21:36:49",1,True
"Fernández Troyano, Leonardo_2025-11-19T21:36:49",1,True
"Cruz Sagredo, Máximo_2025-11-19T21:36:49",0,False
"Caballero, Carlos_2025-11-19T21:36:49",0,False
"Palomero, Santiago_2025-11-19T21:36:49",1,True
"Jiménez de Garnica, Ana María._2025-11-19T21:36:49",0,False
"Zozaya Stabel-Hansen, Juan_2025-11-19T21:36:49",1,True
"Osorio, Rosario_2025-11-19T21:36:49",0,False
"Bernal Sanz, María._2025-11-19T21:36:49",0,False
"Regalado, Antonio_2025-11-19T21:36:49",1,True
"Ortiz Baeza, José Antonio_2025-11-19T21:36:49",1,True
"Fonseca García, José María._2025-11-19T21:36:49",0,False
"Alonso Trigueros, Jesús._2025-11-19T21:36:49",1,True
"García Coca, Verónica_2025-11-19T21:36:49",0,True
"Ezquerra, Carlos Alvar_2025-11-19T21:36:49",0,False
"López de los Mozos, José Ramón._2025-11-19T21:36:49",1,True
"Jiménez Rayado, Eduardo_2025-11-19T21:36:49",1,True
"Sánchez Ayuso, Ignacio_2025-11-19T21:36:49",1,True
"Rubiato Lacambra, Francisco Javier_2025-11-19T21:36:49",0,False
"Villaverde Embid, María del Pilar_2025-11-19T21:36:49",1,True
"Zaragoza, Vicente_2025-11-19T21:36:49",0,False
"Díaz-Mas, Paloma_2025-11-19T21:36:49",1,True
"Méndez-Cabeza Fuentes, Miguel_2025-11-19T21:36:49",1,True
"Sánchez García, Encarnación._2025-11-19T21:36:49",2,True
"García Antón, Cecilia_2025-11-19T21:36:49",1,True
"Тычинских, Зайтуна_2025-11-19T21:36:52",0,False
"Муратова, Светлана_2025-11-19T21:36:52",0,True
"Винничек, В._2025-11-19T21:36:52",0,False
"Киреева, К._2025-11-19T21:36:52",0,False
"Bašić, Željana_2025-11-19T21:37:07",1,True
"Anterić, Ivana_2025-11-19T21:37:07",1,True
"Vilović, Katarina_2025-11-19T21:37:07",1,True
"Madžar, Tomislav_2025-11-19T21:37:07",0,True
"Polašek, Ozren_2025-11-19T21:37:07",1,True
"Anđelinović, Šimun_2025-11-19T21:37:07",1,True
François Pieter Retief_2025-11-19T21:37:22,0,False
"Singh, Pushpendra_2025-11-19T21:37:28",1,True
"Jäger, Günter_2025-11-19T21:37:28",1,True
"Bos, Kirsten I._2025-11-19T21:47:13",0,False
"Herbig, Alexander_2025-11-19T21:37:28",1,True
"Benjak, Andrej_2025-11-19T21:37:28",0,False
"Busso, Philippe_2025-11-19T21:37:28",0,False
"Nebel, Almut_2025-11-19T21:37:28",1,True
Patrick Le Roux_2025-11-19T21:37:41,1,True
Alain Tranoy_2025-11-19T21:37:41,1,True
"Gregersdotter, Katarina_2025-11-19T21:38:04",1,True
"Hållén, Nicklas_2025-11-19T21:38:04",1,True
RICARDO ESPINOZA G_2025-11-19T21:38:10,0,False
JUAN PABLO ESPINOZA G_2025-11-19T21:38:10,0,False
FELIPE MONTELLANO V_2025-11-19T21:38:10,0,False
"Robert, Pierre-Philippe_2025-11-19T21:19:35",1,True
"Bagga, Raja_2025-11-19T21:38:53",1,True
"Mahajan, Bhavana_2025-11-19T21:38:53",0,False
"Залесская, Вера_2025-11-19T21:39:37",0,False
"Львова, Злата_2025-11-19T21:39:37",0,False
"Сорочан, Сергей_2025-11-19T21:39:37",0,False
"Флёров, Валерий_2025-11-19T21:39:37",0,False
"Комар, Алексей_2025-11-19T21:39:37",0,False
"Гавритухин, Игорь_2025-11-19T21:39:37",0,False
"Becker, Cornelia_2025-11-19T21:20:59",1,True
"Dreyer, Mechthild_2025-11-19T21:40:31",1,True
"Ferrari, Michele C._2025-11-19T21:40:31",1,True
"Marti, Susan_2025-11-19T21:40:31",1,True
"Massey, Drew_2025-11-19T21:40:31",1,True
"Immerzeel, Mat_2025-11-19T21:40:32",1,True
"Jeudy, Adeline_2025-11-19T21:40:32",1,True
"Snelders, Bas_2025-11-19T21:40:32",1,True
"Gimeno Pascual, Helena_2025-11-19T21:40:37",1,True
"Hoyo, Javier del_2025-11-19T21:40:37",1,True
"Friðriksson, Adolf_2025-11-19T21:40:49",1,True
Орифов Абдулло Орифович –_2025-11-19T21:41:06,0,False
Мирбабаева Наргис Абдуллоджоновна –_2025-11-19T21:41:06,0,False
"Коновалов, Прокопий_2025-11-19T21:41:11",0,False
"Миягашева, Суржана_2025-11-19T21:41:11",0,False
"Exbrayat, Matthieu_2025-11-19T21:41:36",1,True
"Joutel, Guillaume_2025-11-19T21:41:36",1,True
"Martin, Lionel_2025-11-19T21:41:36",1,True
"Siddiqi, Imran_2025-11-19T21:41:36",1,True
"Brandt, Jochen_2025-11-19T21:41:43",1,True
"Hüser, Andreas_2025-11-19T21:41:43",1,True
"Richter, Klaus_2025-11-19T21:41:43",1,True
"Subbert, Julian_2025-11-19T21:41:43",0,False
"Clubb, Jane_2025-11-19T21:41:59",0,False
"Галлям, Рашид_2025-11-19T21:42:06",0,False
"Кадыров, Рамиль_2025-11-19T21:42:06",0,False
"Coqueugniot, Hélène_2025-11-19T21:42:09",1,True
"Palkó, András._2025-11-19T21:42:09",0,False
"Velde, Wybrand Op den_2025-11-19T21:42:29",0,False
"Bärenfänger, Rolf_2025-11-19T21:42:29",1,True
"Rogalski, Bartlomiej_2025-11-19T21:42:29",1,True
"Reichenberger, Alfred_2025-11-19T21:42:30",1,True
"Schafberg, Renate_2025-11-19T21:42:30",0,False
"Шинаков, Е._2025-11-19T21:42:30",0,False
"Ерохин, А._2025-11-19T21:42:30",0,False
"Юсупов, Айрат_2025-11-19T21:42:36",0,False
"Юсупова, Нурфия_2025-11-19T21:42:36",0,False
"Holst, Mads Kähler_2025-11-19T21:46:21",0,False
"Andersen, Steen Wulff_2025-11-19T21:46:21",0,True
"Veinstein, Gilles_2025-11-19T21:48:00",1,True
"Laurens, Henry_2025-11-19T21:48:00",0,False
"Todd, Jane Marie_2025-11-19T21:48:00",1,True
"Berndt, Christian_2025-11-19T21:48:17",1,True
"Korf, Benedikt_2025-11-19T21:48:17",1,True
"Müller-Böker, Ulrike_2025-11-19T21:48:17",2,True
耿志堅_2025-11-19T21:48:52,0,False
Chih-chien Keng_2025-11-19T21:48:52,0,False
廖貞智_2025-11-19T21:48:52,0,False
Chen-chih Liao_2025-11-19T21:48:52,0,False
"KOOPER, ERIK_2025-11-19T21:49:48",1,True
"VIGREUX, Thomas_2025-11-19T21:49:49",1,True
"BASOGE, Florian_2025-11-19T21:49:49",0,True
"SCHNEIDER, Nathalie_2025-11-19T21:49:49",1,True
"MICHLER, Mathieu_2025-11-19T21:49:49",0,False
"JODRY, Florent_2025-11-19T21:49:49",0,True
"BOËS, Xavier_2025-11-19T21:49:49",1,True
"DEOTARE, B. C._2025-11-19T21:50:14",0,False
"NAIK, SATISH S._2025-11-19T21:50:14",1,True
"SABALE, P. D._2025-11-19T21:50:14",0,False
"JOGE, GOPAL_2025-11-19T21:50:14",0,False
"Farrokh, Kaveh_2025-11-19T21:51:01",2,True
"Khorasani, Manouchehr Moshtagh_2025-11-19T21:51:01",1,True
"Pichon, Blaise_2026-01-14T22:01:29",1,True
"Guédon, Stéphanie_2026-01-14T22:01:31",1,True
A. Shapur Shahbazi_2026-01-14T22:06:37,0,False
"Wirrmann, Denis_2026-01-14T22:07:28",1,True
"Sémah, Anne-Marie_2026-01-14T22:07:29",1,True
"Debenay, Jean-Pierre_2026-01-14T22:07:30",1,True
"Chacornac-Rault, Magali_2026-01-14T22:07:32",1,True
"Young, Kristin L_2026-01-15T08:59:19",0,True
"Sun, Guangyun_2026-01-15T08:59:20",0,True
"Deka, Ranjan_2026-01-15T08:59:21",0,True
"Crawford, Michael H_2026-01-15T08:59:22",1,True
"Murray, Emily_2026-01-15T09:07:34",0,True
"Newman, Conor_2026-01-15T09:07:35",1,True
"Plunkett, Gill_2026-01-15T09:07:36",0,False
"Mende, Balázs Gusztáv_2025-11-19T21:15:24",1,True
"Vai, Stefania_2025-11-19T21:15:24",0,True
"Baricco, Luisella Pejrani_2025-11-19T21:32:10",1,True
"Giostra, Caterina_2025-11-19T21:15:24",1,True
"Caramelli, David_2025-11-19T21:15:24",1,True
"Vida, Tivadar_2025-11-19T21:15:24",1,True
"Veeramah, Krishna R._2025-11-19T21:15:24",0,True
"Hendy, Jessica_2025-11-19T21:15:34",2,True
"Ashby, Steven P._2025-11-19T21:24:59",1,True
"Święta-Musznicka, Joanna_2025-11-19T21:15:34",1,True
"Smyth, Adam_2025-11-19T21:15:34",1,True
"Mlekuž, Dimitrij_2025-11-19T21:15:42",1,True
"Mušič, Branko_2025-11-19T21:15:42",1,True
"Osredkar, Meta_2025-11-19T21:15:42",1,True
"Brown, Andrew_2025-11-19T21:15:48",1,True
"Gardeła, Leszek_2025-11-19T21:16:10",1,True
"King, Pamela M._2025-11-19T21:16:56",1,True
"Þorgeirsson, Haukur_2025-11-19T21:15:49",0,True
"Krusic, Paul J._2025-11-19T21:15:51",0,True
"Đukić, Ksenija_2025-11-19T21:15:52",0,False
"Moesgaard, Jens Christian_2025-11-19T21:16:15",1,True
"Kinney, Dale_2025-11-19T21:16:17",1,True
"Hines, John_2025-11-19T21:16:21",1,True
"Sánchez Ramos, Isabel_2025-11-19T21:16:25",1,True
"Morín de Pablos, Jorge_2025-11-19T21:22:36",1,True
"Руденко, Константин_2025-11-19T21:39:37",1,True
Kazakov Evgeniy P._2025-11-19T21:16:37,0,False
"Gál, Erika_2025-11-19T21:16:39",1,True
"Smith, Michèle Hayeur_2025-11-19T21:16:43",1,True
"Graziosi, Barbara_2025-11-19T21:16:49",1,True
"Haubold, Johannes_2025-11-19T21:16:49",1,True
"Krause, Johannes_2025-11-19T21:16:50",1,True
"Larrington, Carolyne_2025-11-19T21:16:51",1,True
"Davis, Lisa Fagin_2025-11-19T21:16:59",1,True
"Saunders, Corinne_2025-11-19T21:17:05",1,True
"Grudd, Håkan_2025-11-19T21:47:34",0,True
"Svensson, Eva_2025-11-19T21:17:06",1,True
"Behr, Charlotte_2025-11-19T21:17:09",1,True
"Sekelj Ivančan, Tajana_2025-11-19T21:17:11",1,True
"Kushniarevich, Alena_2025-11-19T21:17:06",0,True
"Metspalu, Ene_2025-11-19T21:17:06",0,True
"Coll Conesa, Jaume_2025-11-19T21:17:16",1,True
"Kaçar, Hilmi_2025-11-19T21:17:16",0,True
"Vicente Lerma, Josep_2025-11-19T21:17:16",0,False
"Bouchard, Michel_2025-11-19T21:17:16",1,True
"Bogdan, Gheorghe_2025-11-19T21:17:16",1,True
"Brennan, Naomi_2025-11-19T21:17:17",0,False
"Virgili, Antoni_2025-11-19T21:17:18",1,True
"Panter, Ian_2025-11-19T21:17:19",0,False
"Salmi, Anna-Kaisa_2025-11-19T21:17:19",1,True
"CURTIS-SUMMERS, SHIRLEY_2025-11-19T21:17:21",0,True
"Carver, Martin O. H._2025-11-19T21:18:43",1,True
"LANE, KEVIN_2025-11-19T21:17:21",0,False
"FINLAYSON, CLIVE_2025-11-19T21:17:21",1,True
"VAGELPOHL, UWE_2025-11-19T21:17:21",2,True
"JOSÉ GILES GUZMÁN, FRANCISCO_2025-11-19T21:17:21",0,False
"GILES PACHECO, FRANCISCO_2025-11-19T21:17:21",1,True
"SYMONDS, LEIGH_2025-11-19T21:17:21",1,True
"KEENLEYSIDE, ANNE_2025-11-19T21:17:21",1,True
"BURTON, JAMES_2025-11-19T21:17:21",1,True
"Ramqvist, Per H._2025-11-19T21:17:06",0,False
"Йовчева, Мария_2025-11-19T21:17:22",0,False
"Димитров, Димитър_2025-11-19T21:17:22",0,False
"PESTELL, TIM_2025-11-19T21:17:25",1,True
"Retsö, Dag_2025-11-19T21:17:26",1,True
"Wickler, Stephen_2025-11-19T21:17:26",1,True
"Blanco-González, Antonio_2025-11-19T21:17:26",1,True
"López-Sáez, José Antonio_2025-11-19T21:17:26",1,True
"Alba, Francisca_2025-11-19T21:17:26",0,False
"Abel-Schaad, Daniel_2025-11-19T21:24:58",0,True
"Pérez-Díaz, Sebastián_2025-11-19T21:24:58",0,False
"Larsson, Inger_2025-11-19T21:17:28",1,True
"Åsen, Per Arvid_2025-11-19T21:17:28",1,True
"Speller, Camilla F._2025-11-19T21:17:37",0,True
"Stirling, Lindsey_2025-11-19T21:17:30",1,True
"Narmo, Lars                       Erik_2025-11-19T21:17:31",1,True
"Tejerizo-García, Carlos_2025-11-19T21:17:34",1,True
"Craig, Oliver E._2025-11-19T21:17:37",1,True
"Krušinský, Peter_2025-11-19T21:17:39",0,True
"Capková, Eva_2025-11-19T21:17:39",2,True
"Gocál, Jozef_2025-11-19T21:17:39",0,False
"Holešová, Michaela_2025-11-19T21:17:39",0,False
"Branco, Marco Di_2025-11-19T21:17:40",1,True
"Wolf, Kordula_2025-11-19T21:17:40",1,True
"Collado-Montero, Francisco José_2025-11-19T21:17:40",1,True
"Espejo-Arias, Teresa_2025-11-19T21:17:40",1,True
"Scharrer-Liška, Gabriele_2025-11-19T21:17:41",1,True
"Cichocki, Otto_2025-11-19T21:17:41",1,True
"Wiltschke-Schrotta, Karin_2025-11-19T21:17:41",1,True
"Krzewińska, Maja_2025-11-19T21:17:53",2,True
"Badura, Monika_2025-11-19T21:17:59",1,True
"Arneborg, Jette_2025-11-19T21:17:26",1,True
"Smith, Kevin P._2025-11-19T21:26:27",0,True
"Cywa, Katarzyna_2025-11-19T21:18:01",1,True
"Wacnik, Agnieszka_2025-11-19T21:18:01",1,True
"Roberto, Umberto_2025-11-19T21:18:09",1,True
"Rivière, Yann_2025-11-19T21:18:09",1,True
"Codou, Yann_2025-11-19T21:18:09",1,True
"Groenewoudt, Bert J._2025-11-19T21:30:18",0,False
"Kuokkanen, Tiina_2025-11-19T21:17:27",0,False
"Sangster, Alan_2025-11-19T21:18:13",1,True
"Amara, Allaoua_2025-11-19T21:20:24",1,True
"Drici, Salim_2025-11-19T21:18:18",1,True
"Flexner, James L._2025-11-19T21:18:18",2,True
"Jones, Martin J._2025-11-19T21:18:18",0,False
"Evans, Philip D._2025-11-19T21:18:18",0,False
"Arppe, Laura_2025-11-19T21:18:20",1,True
Sébastien Biay_2025-11-19T21:18:21,1,True
Annick Gagné_2025-11-19T21:18:21,0,False
"Tracy, Larissa_2025-11-19T21:18:28",2,True
"König, Sonja_2025-11-19T21:18:32",1,True
"Klaassen, Frank_2025-11-19T21:18:35",1,True
"Foucher, Marion_2025-11-19T21:18:35",1,True
"Martínez Jiménez, Javier_2025-11-19T21:18:37",1,True
"Toomaspoeg, Kristjan_2025-11-19T21:18:38",1,True
"Bartocci, Barbara_2025-11-19T21:18:45",1,True
"Deguilloux, Marie-France_2025-11-19T21:18:49",1,True
"Balcon-Berry, Sylvie_2025-11-19T21:18:50",2,True
"Haroche, Serge_2025-11-19T21:18:51",1,True
"Moyat, Philippe_2025-11-19T21:18:51",1,True
"Martin, Sophie_2025-11-19T21:19:02",1,True
"Magnin, Frédéric_2025-11-19T21:19:02",1,True
"Pellet, Éric_2025-11-19T21:19:02",1,True
"Weiler, Benoît_2025-11-19T21:19:02",1,True
"Catafau, Aymat_2025-11-19T21:19:06",1,True
"Garcia, Jean-Pierre_2025-11-19T21:19:32",1,True
"Mourey, Jules Masson_2025-11-19T21:19:33",0,True
"Roche, Louise_2025-11-19T21:19:33",1,True
"Alexandropoulos, Jacques_2025-11-19T21:19:35",1,True
"Franceschelli, Carlotta_2025-11-19T21:19:38",2,True
"Dall'Aglio, Pier Luigi_2025-11-19T21:19:38",1,True
"Martiniani‑Reber, Marielle_2025-11-19T21:19:42",2,True
"Plantade, Nedjima_2025-11-19T21:19:52",1,True
"Bowersock, Glen_2025-11-19T21:19:36",1,True
"Steinmann, Ronan_2025-11-19T21:19:54",1,True
"Lavier, Catherine_2025-11-19T21:19:54",1,True
"Hachid, Malika_2025-11-19T21:19:55",1,True
"Mattingly, D.J._2025-11-19T21:20:01",1,True
"Kijowska, Agnieszka_2025-11-19T21:26:33",0,False
"Seba, N. Aïn_2025-11-19T21:20:24",0,False
"Plantade, Emmanuel_2025-11-19T21:20:24",1,True
"Seddik, Djamel_2025-11-19T21:20:24",0,False
Grzegorz  Żabiński_2025-11-19T21:20:27,1,True
"Winston, Jonathan_2025-11-19T21:20:37",0,False
"Wolf, Jennifer Moriatis_2025-11-19T21:20:37",0,True
"Fabola, Adeola_2025-11-19T21:20:38",0,False
"Davies, Chris_2025-11-19T21:20:38",0,True
"Grimm, Jürgen_2025-11-19T21:20:39",1,True
"Hartwig, Susanne_2025-11-19T21:20:39",1,True
"Arend, Elisabeth_2025-11-19T21:20:39",1,True
"Asholt, Wolfgang_2025-11-19T21:20:39",1,True
"Föcking, Marc_2025-11-19T21:20:39",1,True
"Huß, Bernhard_2025-11-19T21:20:39",1,True
"Ißler, Roland_2025-11-19T21:20:39",1,True
"Jöckel, Sabine_2025-11-19T21:20:39",0,False
"Kühn, Marion_2025-11-19T21:20:39",0,False
"Lüsebrink, Hans-Jürgen_2025-11-19T21:20:39",1,True
"Mecke, Jochen_2025-11-19T21:20:39",1,True
"Müller, Gesine_2025-11-19T21:20:39",1,True
"Schlüter, Gisela_2025-11-19T21:20:39",1,True
"Schmitz, Sabine_2025-11-19T21:20:39",1,True
"Sick, Franziska_2025-11-19T21:20:39",0,True
"Zimmermann, Margarete_2025-11-19T21:20:39",1,True
"Niedźwiedź, Tadeusz_2025-11-19T21:20:40",1,True
"Glaser, Rüdiger_2025-11-19T21:20:40",1,True
"Hansson, Daniel_2025-11-19T21:20:40",1,True
"Klimenko, Vladimir_2025-11-19T21:20:40",0,False
"Łupikasza, Ewa_2025-11-19T21:20:40",1,True
"Małarzewski, Łukasz_2025-11-19T21:20:40",0,True
"Nordli, Øyvind_2025-11-19T21:20:40",0,False
"Przybylak, Rajmund_2025-11-19T21:20:40",1,True
"Riemann, Dirk_2025-11-19T21:20:40",1,True
"Solomina, Olga_2025-11-19T21:20:40",1,True
"Georganteli, Eurydice S._2025-11-19T21:20:40",0,False
"Koukouni, Ioanna N._2025-11-19T21:20:40",1,True
"Blurton, Heather_2025-11-19T21:20:42",2,True
"Horváth, Gábor_2025-11-19T21:20:48",0,True
"Farkas, Alexandra_2025-11-19T21:20:48",0,True
"Bernáth, Balázs_2025-11-19T21:20:48",0,False
"Meffert, Heribert_2025-11-19T21:20:48",1,True
"Burmann, Christoph_2025-11-19T21:20:48",1,True
"Kirchgeorg, Manfred_2025-11-19T21:20:48",1,True
"Ettl †, Hanuš_2025-11-19T21:20:49",1,True
"Gärtner, Georg_2025-11-19T21:20:49",1,True
"Josefsson, Torbjörn_2025-11-19T21:20:51",0,True
"Hörnberg, Greger_2025-11-19T21:20:51",0,False
"Redondo Buitrago, Antonia_2025-11-19T21:20:51",0,False
"Huylebrouck, Dirk_2025-11-19T21:20:51",1,True
"Taricco, C._2025-11-19T21:20:51",0,False
"Mancuso, S._2025-11-19T21:20:51",0,True
"Alessio, S._2025-11-19T21:20:51",0,False
"Ghil, M._2025-11-19T21:20:51",2,True
"Brombacher, Christoph_2025-11-19T21:20:52",1,True
"Hecker, Dominique_2025-11-19T21:20:52",2,True
"Schleussner, C.-F._2025-11-19T21:20:52",0,False
"Divine, D. V._2025-11-19T21:20:52",0,False
"Donges, J. F._2025-11-19T21:20:52",0,False
"Miettinen, A._2025-11-19T21:20:52",0,True
"Donner, R. V._2025-11-19T21:20:52",1,True
"Możejko, Beata_2025-11-19T21:20:52",1,True
"Latałowa, Małgorzata_2025-11-19T21:20:52",1,True
"Mueller-Bieniek, Aldona_2025-11-19T21:20:52",1,True
"Karczewski, Maciej_2025-11-19T21:18:01",1,True
"Robles-Marín, P._2025-11-19T21:20:53",0,False
"Guerrera, F._2025-11-19T21:20:53",0,True
"Martín-Martín, M._2025-11-19T21:20:53",0,False
"Raffaelli, G._2025-11-19T21:20:53",0,False
"Alcalá, F. J._2025-11-19T21:20:53",0,False
"Tejera de León, J._2025-11-19T21:20:53",0,False
"Asebriy, L._2025-11-19T21:20:53",0,False
"El Amrani, I. E._2025-11-19T21:20:53",0,False
"Moliner-Aznar, S._2025-11-19T21:20:53",0,False
"Werner, Petra_2025-11-19T21:20:53",1,True
"Schwarz, Anja_2025-11-19T21:20:53",1,True
"Dreßler, Mirko_2025-11-19T21:20:53",1,True
"Cardini, Andrea_2025-11-19T21:20:53",1,True
"Barker, Graeme_2025-11-19T21:20:53",1,True
"Kirby, Matthew E._2025-11-19T21:20:54",0,False
"Borrè, Alda_2025-11-19T21:20:55",0,False
"Boano, Rosa_2025-11-19T21:20:55",1,True
"Di Stefano, Marco_2025-11-19T21:20:55",1,True
"Castiglione, Anna_2025-11-19T21:20:55",0,False
"Ciccone, Giovannino_2025-11-19T21:20:55",1,True
"Isaia, Giovanni Carlo_2025-11-19T21:20:55",0,False
"Panattoni, Gian Luigi_2025-11-19T21:20:55",0,False
"Faletti, Carlo_2025-11-19T21:20:55",0,False
"Kotilainen, Aarno T._2025-11-19T21:21:00",0,False
"Dobosz, Slawomir_2025-11-19T21:21:00",1,True
"Karhu, Juha_2025-11-19T21:21:00",1,True
"Kotilainen, Mia M._2025-11-19T21:21:00",1,True
"Meier, H. E. Markus_2025-11-19T21:21:00",0,False
"Neumann, Thomas_2025-11-19T21:21:00",0,False
"Porsche, Christian_2025-11-19T21:21:00",1,True
"Poulsen, Niels_2025-11-19T21:21:00",0,False
"Rasmussen, Peter_2025-11-19T21:21:00",0,False
"Risebrobakken, Bjørg_2025-11-19T21:21:00",0,True
"Ryabchuk, Daria_2025-11-19T21:21:00",0,False
"Schimanke, Semjon_2025-11-19T21:21:00",0,False
"Spiridonov, Mikhail_2025-11-19T21:21:00",0,False
"Weckström, Kaarina_2025-11-19T21:21:00",1,True
"Zhamoida, Vladimir_2025-11-19T21:21:00",0,False
"Warinner, Christina_2025-11-19T21:21:16",2,True
"Niebrzydowski, Sue_2025-11-19T21:21:16",2,True
"Marković, Nemanja D._2025-11-19T21:21:19",0,True
"Bartosiewicz, László._2025-11-19T21:27:39",1,True
"Murgelj, Ida_2025-11-19T21:21:28",1,True
"Maver, Andreja_2025-11-19T21:21:28",1,True
"Small, Graeme_2025-11-19T21:21:36",1,True
"McCarthy, Thomas John Henry_2025-11-19T21:21:37",2,True
"DHÉNIN, Michel_2025-11-19T21:21:46",1,True
"LEIMUS, Ivar_2025-11-19T21:21:46",1,True
"KIUDSOO, Mauri_2025-11-19T21:21:46",1,True
"TAMLA, Ülle_2025-11-19T21:21:46",1,True
"LYON, Stewart_2025-11-19T21:21:46",1,True
"COWELL, Michael_2025-11-19T21:21:46",1,True
Pippin_2025-11-19T21:22:04,0,False
Gregor_2025-11-19T21:22:04,0,False
"Borrego Colomer, Marga_2025-11-19T21:22:19",0,False
"Rosser Limiñana, Pablo_2025-11-19T21:22:19",1,True
"Valero Climent, Ana_2025-11-19T21:22:19",0,False
"Martinez de los Santos, Silvia_2025-11-19T21:22:20",0,False
"Gómez Hernández, Francisca_2025-11-19T21:22:20",0,False
"Ortíz Solórzano, J._2025-11-19T21:22:20",0,False
"Moreno Racionero, Francisca_2025-11-19T21:22:20",0,False
"Benavides de la Rosa, Diana_2025-11-19T21:22:20",0,False
"Gómez Carmona, Zahira_2025-11-19T21:22:20",0,False
"Rabadán Jiménez, José_2025-11-19T21:22:20",0,False
"Beltrán de Heredia Rentería, Juan_2025-11-19T21:22:20",0,False
"Waterbolk, H.T._2025-11-19T21:22:25",1,True
"Harsema, O.H._2025-11-19T21:22:25",0,False
"Ordóñez Llanos, María Luisa_2025-11-19T21:22:28",0,False
"Montagut i Barbarà, Maria Mercè_2025-11-19T21:51:04",0,False
"Silveira da Costa, Ricardo Luiz_2025-11-19T21:22:29",1,True
"Dantas, Bárbara_2025-11-19T21:22:29",0,True
"Mendonça, Carlos Vinícius Costa de_2025-11-19T21:22:29",0,False
"Lofiego Pimenta Lofego, Barbara_2025-11-19T21:22:29",0,False
"Botter, Barbara_2025-11-19T21:22:29",1,True
"Danúbio Queiroz, Rodrigo_2025-11-19T21:22:29",0,False
"Dias da Silveira, Aline_2025-11-19T21:22:29",0,True
"Prates de Andrade, Rodrigo_2025-11-19T21:22:29",0,True
"Gonçalves Silva, Daniele Gallindo_2025-11-19T21:23:09",0,False
"Albuquerque, Mauricio da Cunha_2025-11-19T21:23:09",0,False
"Sawicki, Zbigniew_2025-11-19T21:22:31",1,True
"Brown, Alexander_2025-11-19T21:22:31",0,False
"Shillito, Lisa-Marie_2025-11-19T21:22:31",1,True
"Zabilska-Kunek, Miroslawa_2025-11-19T21:22:31",1,True
"Marrón, Gabriela A._2025-11-19T21:22:33",0,False
"La Fico Guzzo, María Luisa_2025-11-19T21:22:33",1,True
"Barroso Cabrera, Rafael_2025-11-19T21:22:36",1,True
"Carrobles Santos, Jesús_2025-11-19T21:22:36",1,True
"Reyes Medina, Eugenio Alejandro_2025-11-19T21:22:36",0,False
"Nerey González, Wonderly_2025-11-19T21:22:36",0,False
"Suárez Rodríguez, Bárbara_2025-11-19T21:22:36",0,False
"Egüez Mesa, Jorge Luis_2025-11-19T21:22:36",0,False
"Janeczek, Maciej_2025-11-19T21:22:25",1,True
"Marinković, Darko_2025-11-19T21:22:25",1,True
"Stevanović, Oliver_2025-11-19T21:22:25",0,False
"Krstić, Nikola_2025-11-19T21:22:25",1,True
"Petrujkić, Katarina_2025-11-19T21:22:25",0,False
"Trailović, Ružica_2025-11-19T21:22:25",0,False
"Bleil, Maria E_2025-11-19T21:22:41",0,False
"Gregorich, Steven E_2025-11-19T21:22:41",0,False
"Adler, Nancy E_2025-11-19T21:22:41",1,True
"Sternfeld, Barbara_2025-11-19T21:22:41",0,False
"Rosen, Mitchell P_2025-11-19T21:22:41",0,False
"Cedars, Marcelle I_2025-11-19T21:22:41",0,False
"Antoine, Daniel_2025-11-19T21:22:47",1,True
"Gates, Glenn Alan_2025-11-19T21:22:47",0,False
"Drayman-Weisser, Terry_2025-11-19T21:22:47",1,True
دريسي، سليم_2025-11-19T21:22:48,0,False
"Bengtsson, Herman_2025-11-19T21:22:59",1,True
"Wagner, Barbara_2025-11-19T21:23:01",1,True
"Araujo, Vinicius Cesar Dreger de_2025-11-19T21:23:09",0,False
"FAITH, ROSAMOND_2025-11-19T21:23:47",1,True
"ARNOLD, JOHN H._2025-11-19T21:23:48",1,True
"Foschia, Laurence_2025-11-19T21:24:07",1,True
"Figueiredo, Estrela_2025-11-19T21:24:24",1,True
"Biller, Peter_2025-11-19T21:24:49",1,True
"Partner, Nancy F._2025-11-19T21:24:58",1,True
"Alba-Sánchez, Francisca_2025-11-19T21:24:58",0,True
"Dorado, Miriam_2025-11-19T21:24:58",0,False
"Ruiz-Zapata, Blanca_2025-11-19T21:24:58",0,False
"Gil-García, María José_2025-11-19T21:24:58",0,False
"Gómez-González, Clemencia_2025-11-19T21:24:58",0,False
"Franco-Múgica, Fátima_2025-11-19T21:24:58",1,True
"Spence, Sarah_2025-11-19T21:25:00",1,True
"Pemonge, Marie-Hélène_2025-11-19T21:26:48",1,True
"Mendisco, Fanny_2025-11-19T21:26:48",1,True
"Thibon, D._2025-11-19T21:25:18",1,True
"Cartron, Isabelle_2025-11-19T21:27:28",1,True
八木  雄二_2025-11-19T21:25:21,0,False
"Wenzel, Siegfried_2025-11-19T21:25:24",1,True
"Franklin, Ellie_2025-11-19T21:25:28",1,True
"Alwis, Dee_2025-11-19T21:25:28",0,False
"Abdul-Rahim, Jo_2025-11-19T21:25:28",0,False
"Stoner, Greg_2025-11-19T21:25:28",0,False
"Schneeweiss, Jens_2025-11-19T21:25:29",1,True
"Schatz, Thomas_2025-11-19T21:25:29",1,True
"Bernasconi, Maria Pia_2025-11-19T21:25:30",0,False
"Stanley, Jean-Daniel_2025-11-19T21:25:30",0,False
"Rando, Carolyn_2025-11-19T21:25:30",0,True
"Hillson, Simon_2025-11-19T21:25:30",1,True
"Turner, Marion_2025-11-19T21:25:31",0,False
"Musa Bandowe, Benjamin A._2025-11-19T21:25:31",0,False
"Srinivasan, Prakash_2025-11-19T21:25:31",0,False
"Seelge, Martin_2025-11-19T21:25:31",0,False
"Wilcke, Wolfgang_2025-11-19T21:25:31",1,True
"Kloppmann, Wolfram_2025-11-19T21:46:24",1,True
"Leroux, Lise_2025-11-19T21:46:24",1,True
"Bromblet, Philippe_2025-11-19T21:46:24",1,True
"Guerrot, Catherine_2025-11-19T21:46:24",1,True
"Proust, E._2025-11-19T21:25:38",0,False
"Cooper, Antony H._2025-11-19T21:25:38",0,False
"Worley, N._2025-11-19T21:25:38",0,False
"Smeds, S.-A._2025-11-19T21:25:38",0,False
"Chorney, Michael A_2025-11-19T21:25:40",0,False
"Gandhi, Chirag D_2025-11-19T21:25:40",1,True
"Prestigiacomo, Charles J_2025-11-19T21:25:40",0,True
"Molnár, Mónika_2025-11-19T21:25:40",1,True
"János, István_2025-11-19T21:25:40",1,True
"Szűcs, László_2025-11-19T21:25:40",1,True
"Szathmáry, László_2025-11-19T21:25:40",0,True
"Christie, Olav H. J._2025-11-19T21:25:40",0,True
"Rácz, Anita_2025-11-19T21:25:40",0,True
"Elek, János_2025-11-19T21:25:40",0,False
"Héberger, Károly_2025-11-19T21:25:40",0,False
"Omarov, Gani_2025-11-19T21:25:40",0,True
"Baigunakov, Dosbol_2025-11-19T21:25:40",0,True
"Sabdenova, Gulmira_2025-11-19T21:25:40",0,True
"Tolkyn, Mukhazhanova_2025-11-19T21:25:40",0,False
"Gulzhan, Bedelova_2025-11-19T21:25:40",0,True
"Raikhan, Sadykova_2025-11-19T21:25:40",0,False
"Bukry, David_2025-11-19T21:25:40",1,True
ヤギ  ユウジ_2025-11-19T21:25:41,0,False
Yagi  Yuji_2025-11-19T21:25:41,0,False
"Biberauer, Theresa_2025-11-19T21:25:41",1,True
"Haegeman, Liliane_2025-11-19T21:25:41",1,True
"van Kemenade, Ans_2025-11-19T21:25:41",0,True
"Koziol, Geoffrey_2025-11-19T21:26:13",0,False
Frank Burch Brown_2025-11-19T21:25:42,1,True
Mia M. Mochizuki_2025-11-19T21:25:42,1,True
Peggy Rosenthal_2025-11-19T21:25:42,0,False
Jessica Frazier_2025-11-19T21:25:42,0,False
"Lamm, J.P._2025-11-19T21:25:43",1,True
"Lindahl, A._2025-11-19T21:25:43",0,False
"Dahllöf, Mats_2025-11-19T21:25:47",1,True
"Mårtensson, Lasse_2025-11-19T21:21:24",1,True
"Hüse, Lajos_2025-11-19T21:25:47",1,True
"Liew, Ping-Mei_2025-11-19T21:25:47",0,False
"Wu, Meng-Huan_2025-11-19T21:25:47",0,False
"Lee, Cheng-Yi_2025-11-19T21:25:47",0,True
"Chang, Chiou-Lian_2025-11-19T21:25:47",0,False
정다울_2025-11-19T21:25:48,0,False
Da Wool Jung_2025-11-19T21:25:48,0,False
Min Ja Kim_2025-11-19T21:25:48,0,False
"Kovács, Gy_2025-11-19T21:25:49",0,True
"Éder, K._2025-11-19T21:25:49",0,False
"Miklós, Zs_2025-11-19T21:25:49",0,False
"Rózsás, M._2025-11-19T21:25:49",0,False
"J, A._2025-11-19T21:25:49",0,False
"Zatykó, Cs_2025-11-19T21:25:49",0,True
"Zhang, Peng_2025-11-19T21:25:49",0,True
"Björklund, Jesper_2025-11-19T21:49:26",0,True
"Farahat, Emad_2025-11-19T21:25:49",1,True
"Fuentes, Mauricio_2025-11-19T21:25:49",1,True
"Rocha, Eva_2025-11-19T21:25:49",1,True
"Salo, Riikka_2025-11-19T21:25:49",0,False
"Seftigen, Kristina_2025-11-19T21:25:49",0,True
"Stridbeck, Petter_2025-11-19T21:25:49",0,False
"Liu, Yu_2025-11-19T21:20:55",0,False
"Yang, Tien-Nan_2025-11-19T21:25:50",0,False
"Lee, Meng-Yang_2025-11-19T21:25:50",0,False
"Huh, Chih-An_2025-11-19T21:25:50",0,False
"Meyers, Philip A._2025-11-19T21:25:50",0,False
"Wang, Liang-Chi_2025-11-19T21:25:50",0,False
"Kao, Wen-Yuan_2025-11-19T21:25:50",0,False
"Wei, Kuo-Yen_2025-11-19T21:25:50",0,False
"Chen, Rou-Fei_2025-11-19T21:25:50",1,True
"Chen, Su-Hwa_2025-11-19T21:25:50",0,True
"Wu, Jiunn-Tzong_2025-11-19T21:25:50",0,True
"Shiau, Liang-Jian_2025-11-19T21:25:50",0,False
"Chen, Yue-Gau_2025-11-19T21:25:50",0,False
"Hsieh, Yu-Chung_2025-11-19T21:25:50",1,True
"Iacumin, P._2025-11-19T21:25:50",0,False
"Galli, E._2025-11-19T21:25:50",0,False
"Cavalli, F._2025-11-19T21:25:50",1,True
"Cecere, L._2025-11-19T21:25:50",0,False
"DÜTHORN, ELISABETH_2025-11-19T21:25:50",1,True
"Arcini, Caroline A._2025-11-19T21:47:13",1,True
"Ahlström, Torbjörn_2025-11-19T21:25:51",1,True
"Tagesson, Göran_2025-11-19T21:25:51",1,True
"Feith, Helga Judit_2025-11-19T21:25:51",0,False
"Gradvohl, Edina_2025-11-19T21:25:51",1,True
"Szczurowski, Jacek_2025-11-19T21:25:51",1,True
"Ash, Kate_2025-11-19T21:25:52",1,True
"Elliott, Elizabeth_2025-11-19T21:25:52",1,True
"Flannery, Mary C._2025-11-19T21:25:52",3,True
"Morgan, Hollie_2025-11-19T21:25:52",1,True
"Moyer, Holly_2025-11-19T21:25:52",0,False
"Youngman, Will_2025-11-19T21:25:52",0,False
"Kress, A._2025-11-19T21:25:52",0,False
"Hangartner, S._2025-11-19T21:25:52",0,False
"Bntgen, U._2025-11-19T21:25:52",0,False
"Leuenberger, M._2025-11-19T21:25:52",0,False
"Siegwolf, R. T._2025-11-19T21:25:52",1,True
"Saurer, M._2025-11-19T21:25:52",0,False
"Bosch, Pedro_2025-11-19T21:25:53",0,False
"Moreno-Castilla, Carlos_2025-11-19T21:25:53",0,False
"Zapata-Benabithe, Zulamita_2025-11-19T21:25:53",0,True
"Aleman, Inmaculada_2025-11-19T21:25:53",1,True
"Lara, Victor Hugo_2025-11-19T21:25:53",0,False
"Mansilla, Josefina_2025-11-19T21:25:53",0,False
"Pijoan, Carmen_2025-11-19T21:25:53",0,False
"Botella, Miguel_2025-11-19T21:25:53",0,False
"Jensen, Annie_2025-11-19T21:25:53",0,False
"Karottki, Dorina Gabriela_2025-11-19T21:25:53",0,True
"Christensen, Jannie Marie_2025-11-19T21:25:53",0,False
"Bønløkke, Jakob Hjort_2025-11-19T21:25:53",0,True
"Sigsgaard, Torben_2025-11-19T21:25:53",1,True
"Glasius, Marianne_2025-11-19T21:25:53",1,True
"Loft, Steffen_2025-11-19T21:25:53",0,True
"Møller, Peter_2025-11-19T21:25:53",1,True
"Bauduer, F._2025-11-19T21:25:53",1,True
"Bessou, Maryelle_2025-11-19T21:20:17",0,False
"Guyomarc'h, P._2025-11-19T21:25:53",0,True
"Mercier, C._2025-11-19T21:25:53",0,False
"Naumann, Elise_2025-11-19T21:25:54",1,True
"Juras, Anna_2025-11-19T21:17:06",0,True
"Dabert, Miroslawa_2025-11-19T21:17:06",1,True
"Malmström, Helena_2025-11-19T21:25:55",1,True
"Kosicki, Jakub Z_2025-11-19T21:25:55",1,True
"Piontek, Janusz_2025-11-19T21:17:06",1,True
유선아_2025-11-19T21:25:55,0,False
"Yoo, Seon A_2025-11-19T21:26:17",0,False
고현진_2025-11-19T21:25:55,0,False
"Ko, Hyun-Zin_2025-11-19T21:26:17",0,False
Chris Fowler_2025-11-19T21:25:55,1,True
Daniela Hofmann_2025-11-19T21:25:55,2,True
Andrew Cochrane_2025-11-19T21:25:55,0,False
Andrew Meirion Jones_2025-11-19T21:25:55,1,True
Kalle Sognnes_2025-11-19T21:25:55,0,False
"Banham, Debby_2025-11-19T21:25:55",1,True
"Nicklisch, Nicole_2025-11-19T21:25:56",1,True
"Müller, Christiane_2025-11-19T21:25:56",0,False
"Karimnia, Sarah_2025-11-19T21:25:56",0,False
"Brandt, Guido_2025-11-19T21:25:56",1,True
"Roth, Christina_2025-11-19T21:25:56",1,True
"Rosner, Martin_2025-11-19T21:25:56",1,True
"von Freeden, Uta_2025-11-19T21:25:56",1,True
"Bíró, András_2025-11-19T21:25:56",0,True
"Fehér, Tibor_2025-11-19T21:25:56",0,True
"Bárány, Gusztáv_2025-11-19T21:25:56",0,False
"Pamjav, Horolma_2025-11-19T21:25:56",0,False
"Bjørnstad, Gro_2025-11-19T21:25:58",1,True
"Olason, Pall Isolfur_2025-11-19T21:25:58",0,True
"Bill, Jan_2025-11-19T21:25:58",1,True
"Hagelberg, Erika_2025-11-19T21:25:58",1,True
"Wei, Dong_2025-11-19T21:25:58",0,False
"Pang, Yuhong_2025-11-19T21:25:58",0,False
"Wang, Ning_2025-11-19T21:25:58",1,True
"Ning, Chao_2025-11-19T21:25:58",0,False
"Li, Chunmei_2025-11-19T21:25:58",0,False
"Li, Hongjie_2025-11-19T21:25:58",0,False
"Ren, Yashan_2025-11-19T21:25:58",0,False
"Zhang, Chunchang_2025-11-19T21:25:58",0,False
"Huang, Yanyi_2025-11-19T21:25:58",0,False
"Hu, Yaowu_2025-11-19T21:25:58",0,False
"Zhou, Hui_2025-11-19T21:25:58",1,True
"Ouellet-Bernier, Marie-Michèle_2025-11-19T21:26:00",1,True
"de Vernal, Anne_2025-11-19T21:26:00",1,True
"Stolz, Christian_2025-11-19T21:21:25",1,True
"Di Pasquale, Gaetano_2025-11-19T21:20:51",0,False
"Buonincontri, Mauro Paolo_2025-11-19T21:26:00",0,False
"Allevato, Emilia_2025-11-19T21:20:51",0,True
"Saracino, Antonio_2025-11-19T21:26:00",0,True
"Lizamore, Catherine Anne_2025-11-19T21:26:02",0,False
"Stoner, Lee_2025-11-19T21:26:02",0,True
"Lucas, Samuel John Edwin_2025-11-19T21:26:02",0,False
"Lucero, Adam_2025-11-19T21:26:02",0,True
"Hamlin, Michael John_2025-11-19T21:26:02",0,True
"Boattini, A_2025-11-19T21:26:02",0,False
"Sarno, S_2025-11-19T21:26:02",0,True
"Pedrini, P_2025-11-19T21:26:02",0,False
"Medoro, C_2025-11-19T21:26:02",0,False
"Carta, M_2025-11-19T21:26:02",0,False
"Tucci, S_2025-11-19T21:26:02",0,True
"Ferri, G_2025-11-19T21:26:02",0,False
"Alù, M_2025-11-19T21:26:02",0,False
"Luiselli, D_2025-11-19T21:26:02",0,False
"Pettener, D_2025-11-19T21:26:02",0,False
"Tassi, Francesca_2025-11-19T21:26:04",1,True
"Rizzi, Ermanno_2025-11-19T21:26:04",0,False
"Matas-Lalueza, Laura_2025-11-19T21:26:04",0,False
"Ramirez, Oscar_2025-11-19T21:26:04",0,False
"Lalueza-Fox, Carles_2025-11-19T21:26:04",1,True
"Achilli, Alessandro_2025-11-19T21:26:04",2,True
"Olivieri, Anna_2025-11-19T21:26:04",1,True
"Torroni, Antonio_2025-11-19T21:26:04",0,False
"Lancioni, Hovirag_2025-11-19T21:26:04",1,True
"Bedini, Elena_2025-11-19T21:26:04",1,True
"Matullo, Giuseppe_2025-11-19T21:26:04",0,False
"Di Gaetano, Cornelia_2025-11-19T21:26:04",0,False
"Piazza, Alberto_2025-11-19T21:26:04",1,True
"Leffler, Christopher T_2025-11-19T21:26:04",0,True
"Schwartz, Stephen G_2025-11-19T21:26:04",0,False
"Hadi, Tamer M_2025-11-19T21:26:04",0,False
"Wu, Houdini H T_2025-11-19T21:26:10",0,False
"Minnikin, David E_2025-11-19T21:26:10",0,False
정은영_2025-11-19T21:26:04,0,False
이연희_2025-11-19T21:26:04,0,False
"Jung, Eunyoung_2025-11-19T21:26:17",0,False
"Lee, Younhee_2025-11-19T21:26:17",0,False
"Jung, Dawool_2025-11-19T21:26:17",0,False
"Kim, Minja_2025-11-19T21:26:17",2,True
"Carnap-Bornheim, Claus von_2025-11-19T21:40:50",1,True
"Aycock, John_2025-11-19T21:26:20",1,True
"Somayaji, Anil_2025-11-19T21:26:20",0,True
"Sullins, John_2025-11-19T21:26:20",1,True
"Faidallah, Ehab M._2025-11-19T21:26:20",0,True
"Hossameldin, Yehia H._2025-11-19T21:26:20",0,True
"Abd Rabbo, Saber M._2025-11-19T21:26:20",0,False
"El-Mashad, Yehia A._2025-11-19T21:26:20",0,True
"Al Maadeed, Somaya_2025-11-19T21:26:21",0,True
"Kunhoth, Suchithra_2025-11-19T21:26:21",0,True
"Bouridane, Ahmed_2025-11-19T21:26:21",1,True
Kai Chen_2025-11-19T21:26:21,0,False
Hao Wei_2025-11-19T21:26:21,0,False
"Hennebert, Jean_2025-11-19T21:26:21",0,True
"Ingold, Rolf_2025-11-19T21:26:21",1,True
"Liwicki, Marcus_2025-11-19T21:26:21",1,True
Sheng He_2025-11-19T21:26:21,0,False
"Sammara, Petros_2025-11-19T21:26:21",0,False
"Burgers, Jan_2025-11-19T21:26:21",1,True
"Dennhardt, Martin_2025-11-19T21:26:21",0,False
"Fecker, Daniel_2025-11-19T21:26:21",1,True
"Margner, Volker_2025-11-19T21:26:21",1,True
"Fingscheidt, Tim_2025-11-19T21:26:21",1,True
"Christlein, Vincent_2025-11-19T21:26:21",1,True
"Bernecker, David_2025-11-19T21:26:21",0,True
"Honig, Florian_2025-11-19T21:26:21",0,True
"Angelopoulou, Elli_2025-11-19T21:26:21",0,True
"Steinhardt, Stephanie B._2025-11-19T21:26:22",0,True
"Jackson, Steven J._2025-11-19T21:26:22",2,True
"Guidazzoli, Antonella_2025-11-19T21:26:22",0,True
"Baglivo, Antonio_2025-11-19T21:26:22",1,True
"De Luca, Daniele_2025-11-19T21:26:22",1,True
"Imboden, Silvano_2025-11-19T21:26:22",0,True
"Liguori, Maria Chiara_2025-11-19T21:26:22",0,True
"Rivalta, Alessandro_2025-11-19T21:26:22",0,True
"Caiti, A._2025-11-19T21:26:22",0,True
"Calabro, V._2025-11-19T21:26:22",1,True
"Di Corato, F._2025-11-19T21:26:22",0,True
"Fabbri, T._2025-11-19T21:26:22",0,True
"Fenucci, D._2025-11-19T21:26:22",0,True
"Munafo, A._2025-11-19T21:26:22",0,True
"Allotta, B._2025-11-19T21:26:23",0,True
"Bartolini, F._2025-11-19T21:26:23",0,True
"Costanzi, R._2025-11-19T21:26:23",0,True
"Gelli, J._2025-11-19T21:26:23",1,True
"Monni, N._2025-11-19T21:26:23",0,True
"Natalini, M._2025-11-19T21:26:23",0,True
"Pugi, L._2025-11-19T21:26:23",0,True
"Ridolfi, A._2025-11-19T21:26:23",0,True
"Herbig, Christoph_2025-11-19T21:21:45",1,True
"Fülling, Alexander_2025-11-19T21:23:23",0,True
"Puy, Arnald_2025-11-19T21:26:31",1,True
"Balbo, Andrea L._2025-11-19T21:26:31",0,False
"Syta, Olga_2025-11-19T21:26:33",0,False
"Rozum, Karol_2025-11-19T21:26:33",0,False
"Choińska, Marta_2025-11-19T21:26:33",1,True
"Zielińska, Dobrochna_2025-11-19T21:26:33",1,True
"Żukowska, Grażyna Zofia_2025-11-19T21:26:33",0,False
"Cheetham, Michael I._2025-11-19T21:26:33",0,True
"Ibarra, Yadira_2025-11-19T21:26:33",0,False
"Zimmerman, Susan R.H._2025-11-19T21:26:33",0,False
"Batey, Colleen E._2025-11-19T21:47:53",1,True
"Jennings, Anne E._2025-11-19T21:26:39",0,False
"Elliott, Dyan H._2025-11-19T21:50:43",1,True
"Briffa, Keith R._2025-11-19T21:26:48",1,True
"Nemo-Pekelman, Capucine_2025-11-19T21:27:06",1,True
"Berry, Walter_2025-11-19T21:27:18",0,False
"van Beek, Roy_2025-11-19T21:27:37",1,True
"Groothedde, Michel_2025-11-19T21:27:37",1,True
"Hardy, Alan_2025-11-19T21:28:00",1,True
"Dungworth, David_2025-11-19T21:28:00",0,False
"Miller, Timothy S._2025-11-19T21:28:00",1,True
"Nesbitt, John W._2025-11-19T21:28:00",1,True
"Riehle, Wolfgang_2025-11-19T21:28:01",1,True
"STOKES, CHARITY SCOTT_2025-11-19T21:31:58",1,True
"Downey, Sarah_2025-11-19T21:28:19",0,False
"Drout, Michael D. C._2025-11-19T21:28:19",1,True
"Kerekes, Veronica E._2025-11-19T21:28:19",0,False
"Raffle, Douglas C._2025-11-19T21:28:19",0,False
"Böhm, O._2025-11-19T21:21:44",0,False
"Jacobeit, J._2025-11-19T21:21:44",0,False
"Wetzel, K.-F._2025-11-19T21:21:44",0,False
"Maslyuzhenko, D.N._2025-11-27T19:23:41",0,False
"Tataurov, S.F._2025-11-27T19:23:41",0,True
Khuzin Fayaz Sh_2025-11-19T21:29:06,1,True
Izmaylov Iskander L._2025-11-19T21:29:06,0,False
Shakirov Zufar G._2025-11-19T21:29:07,0,False
"Koloda, V.V._2025-11-27T19:23:41",0,False
Chendev Yuriy G._2025-11-19T21:29:07,0,False
Borbukova Dar’ya A._2025-11-19T21:29:07,0,False
Dudin Dmitriy I._2025-11-19T21:29:07,0,False
YuG. Chendev_2025-11-19T21:29:10,0,False
Radmanović Darko P._2025-11-19T21:29:13,0,False
Kostić Desanka S._2025-11-19T21:29:13,0,False
Lujić Jelena Z._2025-11-19T21:29:13,0,False
Blažić Svetlana V._2025-11-19T21:29:13,0,False
Aydarova Galina N._2025-11-19T21:29:13,0,False
Zabirova Farida M._2025-11-19T21:29:13,0,True
Nugmanova Gul’chachak G._2025-11-19T21:29:13,0,False
Khabibulin Marat M._2025-11-19T21:29:13,0,False
"Akyeampong, Emmanuel_2025-11-19T21:29:20",0,True
"Fofack, Hippolyte_2025-11-19T21:29:20",0,False
"Esack, Farid_2025-11-19T21:29:22",1,True
"Sedick, Irshad_2025-11-19T21:29:22",0,False
"Wamukoya, Justus_2025-11-19T21:29:22",2,True
"Wekullo, Caroline_2025-11-19T21:29:22",0,False
"Juma, Iddi W._2025-11-19T21:29:22",0,False
"Feinauer, Ilse_2025-11-19T21:29:24",2,True
"Janse van Rensburg, Thelme_2025-11-19T21:29:24",0,False
"Duncan, G.A._2025-11-19T21:29:32",0,False
"Eriksson, Patrick G._2025-11-19T21:29:32",1,True
"Rautenbach, Hannes C.J. de W._2025-11-19T21:29:32",0,False
"Wade, Richard P._2025-11-19T21:29:32",0,False
"Carstens, Johan_2025-11-19T21:29:33",0,False
"Verster, Pieter_2025-11-19T21:29:33",1,True
"Bouwman, Abigail S_2025-11-19T21:45:52",1,True
"Akgül, Gülfirde_2025-11-19T21:25:31",0,False
"Kopár, Lilla_2025-11-19T21:30:13",1,True
"Squatriti, Paolo_2025-11-19T21:27:09",1,True
"Blaydes, Lisa_2025-11-19T21:32:12",1,True
"Krüttli, Annina_2025-11-19T21:25:31",0,False
"Della Casa, Philippe_2025-11-19T21:25:31",1,True
"Gilbert, Tom_2025-11-19T21:32:18",0,False
"Werther, Lukas_2025-11-19T21:32:18",1,True
"Stele, Andreas_2025-11-19T21:32:18",0,True
"Linzen, Sven_2025-11-19T21:32:18",1,True
"Schneider, Michael_2025-11-19T21:32:18",1,True
"Meyer, Cornelius_2025-11-19T21:32:18",0,False
"Hart, John P._2025-11-19T21:32:18",1,True
"Bramanti, Barbara_2025-11-19T21:32:19",0,True
"Rannamäe, Eve_2025-11-19T21:32:23",2,True
"Cios, Stanisław_2025-12-29T18:14:09",0,False
"von Holstein, Isabella C. C._2025-11-19T21:32:18",0,False
"Schipp, Oliver_2025-11-19T21:34:56",1,True
"Coskun, Altay_2025-11-19T21:34:56",2,True
"Raphael, Lutz_2025-11-19T21:34:56",1,True
"CRAIG-ATKINS, ELIZABETH_2025-11-19T21:25:07",1,True
KARL BAIPAKOV_2025-11-19T21:35:28,1,True
CLAUDIA CHANG_2025-11-19T21:35:28,1,True
"Robinson, Fred C._2025-11-19T21:35:35",1,True
"Mortimer, Paul_2025-11-19T21:36:04",1,True
"Fitzsimmons, Phil_2025-11-19T21:36:36",0,False
"Lanphar, Edie_2025-11-19T21:36:36",0,False
"Morris, Stephen_2025-11-19T21:36:36",0,False
Wiley Ludeña_2025-11-19T21:37:16,0,True
Diana Torres_2025-11-19T21:37:16,0,True
KAZİM ABDULLAEV_2025-11-19T21:37:19,0,False
"Bauer, Peter_2025-11-19T21:37:28",1,True
"Lee, Oona Y-C_2025-11-19T21:26:10",0,False
"Besra, Gurdyal S_2025-11-19T21:26:10",0,False
"Tucker, Katie_2025-11-19T21:37:28",1,True
"Roffey, Simon_2025-11-19T21:37:28",1,True
"Sow, Samba O_2025-11-19T21:37:28",0,False
"Cole, Stewart T_2025-11-19T21:37:28",1,True
"Nieselt, Kay_2025-11-19T21:37:28",0,False
"Haydock, Hannah_2025-11-19T21:37:29",0,False
"Clarke, Leon_2025-11-19T21:37:29",0,False
"Howcroft, Rachel_2025-11-19T21:37:29",1,True
Olatz Villanueva Zubizarreta_2025-11-19T21:37:36,0,False
Luis Araus Ballesteros_2025-11-19T21:37:36,0,False
Martianov Vladimir N._2025-11-19T21:37:37,0,False
Egoshin Alexei L._2025-11-19T21:37:37,0,False
Ангел Николов_2025-11-19T21:37:37,0,False
Камен Станев_2025-11-19T21:37:37,0,False
Hannah Brown_2025-11-19T21:37:39,0,False
Helen Goodchild_2025-11-19T21:37:39,0,True
Георги Минчев_2025-11-19T21:37:43,0,False
Малгожата Сковронек_2025-11-19T21:37:43,0,False
Иван Н. Петров_2025-11-19T21:37:43,0,False
"Grunert, Jörg_2025-11-19T21:37:43",1,True
Vladimirov Georgi V._2025-11-19T21:37:44,0,False
"Magoules, Frederic_2025-11-19T21:28:56",1,True
"Callet, Patrick_2025-11-19T21:28:56",1,True
"Cerise, Remi_2025-11-19T21:37:51",0,True
"Benissan, Guillaume Gbikpi_2025-11-19T21:37:51",0,True
"Wyatt, Diana_2025-11-19T21:38:01",1,True
"Neumann, Iver B._2025-11-19T21:38:03",1,True
"Wigen, Einar_2025-11-19T21:38:03",1,True
Rosanna Forray_2025-11-19T21:38:10,0,False
Cristhian Figueroa_2025-11-19T21:38:10,0,False
Rocío Hidalgo_2025-11-19T21:38:10,0,False
Emilia Miyar Pieiga_2025-11-19T21:38:12,0,False
Francisco Quijano_2025-11-19T21:38:14,0,True
Georgios Giannakopoulos_2025-11-19T21:38:14,0,True
Ionuț-Alexandru CRISTEA_2025-11-19T21:38:15,0,False
Cristina CRISTEA_2025-11-19T21:38:15,0,False
"Gorobets, Leonid_2025-11-19T21:17:25",0,False
"Fotakis, Anna K_2025-11-19T21:22:38",0,False
"Cappellini, Enrico_2025-11-19T21:22:38",0,True
"Katina, Stanislav_2025-11-19T21:39:02",0,True
"Brandstätter, Klaus_2025-11-19T21:39:03",1,True
"Siegl, Gerhard_2025-11-19T21:39:03",0,False
"Doorn, Nienke L. van_2025-11-19T21:39:08",0,False
"Sachs, Stacie M._2025-11-19T21:24:59",0,True
"Buckley, Michael_2025-11-19T21:24:59",1,True
"Meiri, Meirav_2025-11-19T21:24:59",0,True
"Barnes, Ian_2025-11-19T21:24:59",2,True
"Brundle, Anne_2025-11-19T21:24:59",0,True
"Stiegemann, Chr_2025-11-19T21:39:11",0,False
"Kroker, Martin_2025-11-19T21:39:11",1,True
"Walter, Christopher_2025-11-19T21:39:11",1,True
"Walter, Wolfgang_2025-11-19T21:39:12",1,True
"Макаров, Николай_2025-11-19T21:39:36",0,True
"Вдовин, Александр_2025-11-19T21:39:36",0,True
"Баташев, Михаил_2025-11-19T21:39:36",0,False
"Шутова, Надежда_2025-11-19T21:39:37",0,True
"Segschneider, Martin_2025-11-19T21:39:44",1,True
"Murray, James M._2025-11-19T21:39:48",1,True
"Leask, Nigel_2025-11-19T21:47:33",1,True
"Aballéa, Sylvie_2025-11-19T21:40:25",1,True
"Milenkovic, Petar_2025-11-19T21:26:03",0,False
"Milovanovic, Petar_2025-11-19T21:26:03",0,True
"Dakic, Milos_2025-11-19T21:26:03",0,False
"Djuric, Marija_2025-11-19T21:26:03",0,False
"Belak, Mateja_2025-11-19T21:41:01",1,True
"Moser, Daniela_2025-11-19T21:20:51",0,False
"Basile, Boris_2025-11-19T21:20:51",0,False
"Жуков, Артем_2025-11-19T21:41:07",0,False
"Жукова, Алена_2025-11-19T21:41:07",0,False
"Matlaev, I._2025-11-19T21:41:07",0,False
"Gayko, Gennadiy_2025-11-19T21:41:09",0,False
"Biletsky, Volodymyr_2025-11-19T21:41:09",0,False
"Маслюженко, Денис_2025-11-19T21:41:10",0,False
"Рябинина, Елена_2025-11-19T21:41:10",0,False
"Vignodelli, Giacomo_2025-11-19T21:41:13",1,True
"Fornasari, Giuseppe_2025-11-19T21:41:13",1,True
"Rainini, Marco_2025-11-19T21:41:13",1,True
"Silanos, Pietro_2025-11-19T21:41:13",1,True
"Marini, Alfonso_2025-11-19T21:41:13",1,True
"Michelson, Emily_2025-11-19T21:41:13",1,True
"Parnisari, Francesco_2025-11-19T21:41:13",0,False
"Ruggeri, Maria Rita_2025-11-19T21:41:13",0,False
"Coletti, Chiara_2025-11-19T21:41:13",1,True
"Zambarbieri, Annibale_2025-11-19T21:41:13",1,True
"Chenery, C. A._2025-11-19T21:41:15",0,True
"Šavel, Irena_2025-11-19T21:41:15",1,True
"Kerman, Branko_2025-11-19T21:41:15",1,True
"Stępiński, Janusz_2025-11-19T21:41:18",1,True
"Strzyż, Piotr_2025-11-19T21:41:18",1,True
"Brunner, Stefanie_2025-11-19T21:41:21",1,True
"Deschler-Erb, Sabine_2025-11-19T21:22:54",1,True
"Pergar, Mitja_2025-11-19T21:41:28",0,True
"Draksler, Matej_2025-11-19T21:41:28",0,False
"Parsons, Katelin_2025-11-19T21:41:36",0,True
"Maury, Marie_2025-11-19T21:20:17",0,False
"Seguin, Guillaume_2025-11-19T21:20:17",1,True
"Doyen, Jean-Marc_2025-11-19T21:20:17",1,True
"Kruger, Steven F._2025-11-19T21:41:46",1,True
"Kay, Gemma L._2025-11-19T21:42:02",0,False
"Sergeant, Martin J._2025-11-19T21:42:02",0,False
"Giuffra, Valentina_2025-11-19T21:42:02",1,True
"Bandiera, Pasquale_2025-11-19T21:42:02",1,True
"Milanese, Marco_2025-11-19T21:42:02",1,True
"Pallen, Mark J._2025-11-19T21:42:02",1,True
"Бубнель, Евгений_2025-11-19T21:42:05",0,False
"Иванов, Владимир_2025-11-19T21:42:05",0,False
"Чичко, Татьяна_2025-11-19T21:42:05",0,False
"Халфин, Сагитьян_2025-11-19T21:42:05",0,False
"Насер, Майтам_2025-11-19T21:42:05",0,False
"Бейсенов, Арман_2025-11-19T21:42:06",0,False
"Джумабекова, Гульнара_2025-11-19T21:42:06",0,False
"Баштанник, Сергей_2025-11-19T21:42:06",0,False
"Соколов, Павел_2025-11-19T21:42:06",0,False
"Хузин, Фаяз_2025-11-19T21:42:06",0,False
"Мухамадеев, Алмаз_2025-11-19T21:42:06",0,False
"Py, Vanessa_2025-11-19T21:42:11",1,True
"Ancel, Bruno_2025-11-19T21:42:11",1,True
"Durand, Aline_2025-11-19T21:42:11",1,True
"Хадикова, А._2025-11-19T21:42:30",0,False
"Дауева, Т._2025-11-19T21:42:30",0,False
"Терёхина, Н._2025-11-19T21:42:36",0,False
"Дорошин, Б._2025-11-19T21:42:36",0,False
"Минеева, Татьяна_2025-11-19T21:42:36",0,False
"Романовская, Вера_2025-11-19T21:42:36",0,False
"Цыганов, Виктор_2025-11-19T21:42:36",0,False
"Lefebvre, Arnaud_2025-11-19T21:42:42",1,True
"Bodoriková, Silvia_2025-11-19T21:42:42",1,True
"Tibenská, Kristína Domonkošová_2025-11-19T21:42:42",0,False
"Uhrová, Petra_2025-11-19T21:42:42",1,True
"Dörnhöferová, Michaela_2025-11-19T21:42:42",0,False
"Takács, Michal_2025-11-19T21:42:42",0,False
"Urminský, Jozef_2025-11-19T21:42:42",2,True
"Pettersson, Susanne_2025-11-19T21:43:16",1,True
"Nilsson, Stefan_2025-11-19T21:43:16",1,True
"Boss, Lotta_2025-11-19T21:43:16",1,True
"Johansson, Annie_2025-11-19T21:43:16",1,True
"Fischer, R_2025-11-19T21:45:52",0,False
"Trachsel, C_2025-11-19T21:45:52",0,False
"Swallow, D M_2025-11-19T21:45:52",1,True
"Christensen, Rosa Jersie_2025-11-19T21:45:52",0,True
"Olsen, J V_2025-11-19T21:45:52",0,False
"Liebert, A_2025-11-19T21:45:52",1,True
"Montalva, N_2025-11-19T21:45:52",0,False
"Fiddyment, S_2025-11-19T21:45:52",0,True
"Charlton, S_2025-11-19T21:45:52",0,True
"Mackie, M_2025-11-19T21:45:52",1,True
"Canci, A_2025-11-19T21:45:52",1,True
"Цвиянович, Ирена_2025-11-19T21:46:07",0,False
"Црнчевич, Деян_2025-11-19T21:46:07",0,False
МИННИАХМЕТОВ Р.А._2025-11-19T21:46:08,0,False
НУРИЕВ А.Д._2025-11-19T21:46:08,0,False
СПАСОВА МАРИЯ АНТОНОВНА_2025-11-19T21:46:08,0,False
ПИГИН АЛЕКСАНДР ВАЛЕРЬЕВИЧ_2025-11-19T21:46:08,0,False
"Diana, A._2025-11-19T21:46:10",1,True
"Meșter, M._2025-11-19T21:46:10",0,False
"Szczepanik, Paweł_2025-11-19T21:47:58",1,True
"Brown, Alexander Douglas_2025-11-19T21:46:27",0,False
"Oussikoum, Amal_2025-11-19T21:46:39",0,False
"Oussikoum, Mounir_2025-11-19T21:46:39",1,True
James C. Scott_2025-11-19T21:47:22,1,True
Diego Palacios Cerezales_2025-11-19T21:47:22,1,True
Diogo Duarte_2025-11-19T21:47:22,0,True
José Manuel Sobral_2025-11-19T21:47:22,0,False
José Neves_2025-11-19T21:47:22,1,True
Luis Robert Valdés_2025-11-19T21:47:25,0,False
Pablo Varas Valenzuela_2025-11-19T21:47:25,0,False
"Parvini, Neema_2025-11-19T21:47:33",1,True
"Liggins, Emma_2025-11-19T21:47:33",1,True
"Snaith, Anna_2025-11-19T21:47:33",1,True
"Baxter, Katherine Isobel_2025-11-19T21:47:33",1,True
"Goodman, Sam_2025-11-19T21:47:33",2,True
"Courage, Richard A._2025-11-19T21:47:33",2,True
"Rau, Petra_2025-11-19T21:47:33",2,True
"Cunningham, Laura K_2025-11-19T21:47:34",0,False
"Austin, William EN_2025-11-19T21:47:34",0,False
"Butler, Paul G_2025-11-19T21:47:34",0,False
"Cage, Alix G_2025-11-19T21:47:34",0,False
"Richter, Thomas_2025-11-19T21:47:34",1,True
"Husum, Katrine_2025-11-19T21:47:34",1,True
"Hald, Morten_2025-11-19T21:47:34",1,True
"Andersson, Carin_2025-11-19T21:47:34",0,False
"Sejrup, Hans Petter_2025-11-19T21:47:34",1,True
"Wilson, Rob JS_2025-11-19T21:47:34",0,False
"Augustsson, Anna_2025-11-19T21:47:34",0,False
"Peltola, Pasi_2025-11-19T21:47:34",0,False
"Mazier, Florence_2025-11-19T21:20:52",1,True
"Bergbäck, Bo_2025-11-19T21:47:34",0,True
"Saarinen, Timo_2025-11-19T21:47:34",1,True
"Melvin, Thomas M_2025-11-19T21:47:34",0,False
КИРПИЧНИКОВ АНАТОЛИЙ НИКОЛАЕВИЧ_2025-11-19T21:47:36,1,True
КУРБАТОВ АЛЕКСАНДР ВАЛЕНТИНОВИЧ_2025-11-19T21:47:36,0,False
РЯБЦЕВА СВЕТЛАНА СТАНИСЛАВОВНА_2025-11-19T21:47:37,0,False
САВЕЛЬЕВ ОЛЕГ КОНСТАНТИНОВИЧ_2025-11-19T21:47:37,0,False
МАСЛЮЖЕНКО ДЕНИС НИКОЛАЕВИЧ_2025-11-19T21:47:38,0,False
ТАТАУРОВ СЕРГЕЙ ФИЛИППОВИЧ_2025-11-19T21:47:38,0,True
ЧЕНДЕВ ЮРИЙ ГЕОРГИЕВИЧ_2025-11-19T21:47:42,0,False
БОРБУКОВА ДАРЬЯ АЛМАЗОВНА_2025-11-19T21:47:42,0,False
ДУДИН ДМИТРИЙ ИГОРЕВИЧ_2025-11-19T21:47:42,0,False
Ситдиков Айрат Габитович_2025-11-19T21:47:42,0,False
БУГАРЧЕВ АЛЕКСЕЙ ИГОРЕВИЧ_2025-11-19T21:47:43,0,False
"Paterson, Caroline_2025-11-19T21:47:53",1,True
蕭世友_2025-11-19T21:48:52,0,False
"Siu, Sai-yau_2025-11-19T21:48:52",0,False
Steven D. P. Richardson_2025-11-19T21:49:19,0,False
"Partington, Gill_2025-11-19T21:49:21",1,True
"Lyman, Eugene W._2025-11-19T21:49:28",0,False
"Smith, Kathryn Ann_2025-11-19T21:49:28",1,True
"Kaye, Joel_2025-11-19T21:49:28",1,True
"CHANEY, ERIC_2025-11-19T21:49:29",0,False
"Atkinson, Charles M._2025-11-19T21:49:29",1,True
"Van Engen, John_2025-11-19T21:49:29",1,True
"Cole, Peter_2025-11-19T21:49:29",2,True
"Pearsall, Derek_2025-11-19T21:49:29",3,True
"Johnston, Alan_2025-11-19T21:49:35",1,True
"Slane, Kathleen_2025-11-19T21:49:35",1,True
"Vroom, Joanita_2025-11-19T21:49:35",1,True
"Kelly, Morgan_2025-11-19T21:26:05",0,False
"Gráda, Cormac Ó_2025-11-19T21:49:37",1,True
"Peche-Quilichini, Kewin_2025-11-19T21:49:50",1,True
"Delvaux, Simon_2025-11-19T21:49:50",1,True
"Lachenal, Thibault_2025-11-19T21:49:50",1,True
"de Lanfranchi, François_2025-11-19T21:49:50",1,True
"Molnár, Antal_2025-11-19T21:50:05",1,True
"Cooper, Thomas_2025-11-19T21:50:05",1,True
"MILOJKOVIĆ-DJURIĆ, JELENA_2025-11-19T21:50:11",1,True
"Francfort, Didier_2025-11-19T21:50:11",1,True
"Agusta-Boularot, Sandrine_2025-11-19T21:50:13",1,True
"Ginouvez, Olivier_2025-11-19T21:50:13",1,True
"Lassalle, Ambroise_2025-11-19T21:50:13",1,True
"Mathieu, Véronique_2025-11-19T21:50:13",1,True
"Sanchez, Corinne_2025-11-19T21:50:13",1,True
"Pemán, Miguel Laborda_2025-11-19T21:50:38",0,False
"Peringer, Alexander_2025-11-19T21:50:38",1,True
"Siehoff, Silvana_2025-11-19T21:50:38",1,True
"Chételat, Joël_2025-11-19T21:50:38",1,True
"Spiegelberger, Thomas_2025-11-19T21:50:38",0,True
"Buttler, Alexandre_2025-11-19T21:50:38",1,True
"Gillet, François_2025-11-19T21:50:38",1,True
"Sigurgeirsson, Magnús Á._2025-11-19T21:50:39",0,False
"Hauptfleisch, Ulf_2025-11-19T21:50:39",0,False
"Newton, Anthony_2025-11-19T21:50:39",0,False
"Einarsson, Árni_2025-11-19T21:50:39",1,True
"Coyne, Frank_2025-11-19T21:50:41",0,True
"Fitzpatrick, Martin_2025-11-19T21:50:41",1,True
"Summit, Jennifer_2025-11-19T21:50:43",1,True
"Lipton, Sara_2025-11-19T21:50:43",1,True
"McGrady, Deborah_2025-11-19T21:50:43",2,True
"Green, Richard Firth_2025-11-19T21:50:43",1,True
"Frank, David A._2025-11-19T21:50:43",0,False
"Crowe, Nicholas J._2025-11-19T21:50:43",2,True
"Mori, Hiroko_2025-11-19T21:50:45",1,True
森弘子_2025-11-19T21:50:45,0,False
"Bouchy, Anne_2025-11-19T21:50:45",1,True
"Bláhová, Marie_2025-11-19T21:50:50",1,True
"Linhartová, Alena_2025-11-19T21:50:50",1,True
"Blažek, Pavel_2025-11-19T21:50:50",1,True
"Lombardus, Petrus_2025-11-19T21:50:50",2,True
"Száz, Dénes_2025-11-19T21:38:00",0,False
"Blahó, Miklós_2025-11-19T21:38:00",0,False
"Egri, Ádám_2025-11-19T21:38:00",0,False
"Barta, András_2025-11-19T21:38:00",0,True
"Åkesson, Susanne_2025-11-19T21:38:00",1,True
"Visser, Nils_2025-11-19T21:51:01",0,False
"RAU, Zbigniew_2025-11-19T21:51:03",1,True
"TULEJSKI, Tomasz_2025-11-19T21:51:03",1,True
"Özveri, Murat_2025-11-19T21:51:04",0,True
"Mondy, Magaly_2026-01-14T22:01:18",0,False
Hubert Cabart_2026-01-14T22:01:19,0,False
"Decanter, Franck_2026-01-14T22:01:20",0,False
"Feller, Marc_2026-01-14T22:01:21",0,True
"Spooner, Ian_2026-01-14T22:02:02",0,False
"Stolze, Susann_2026-01-14T22:02:03",0,False
"Martin, Bryan_2026-01-14T22:02:04",0,True
"Robichaud, André_2026-01-14T22:02:05",0,True
"Herman, Tom_2026-01-14T22:02:09",1,True
"Mockford, Stephen_2026-01-14T22:02:10",0,False
"Caverhill, Brennan_2026-01-14T22:02:12",0,False
"Mazzucchi, David_2026-01-14T22:02:19",0,False
"White, Hilary_2026-01-14T22:02:20",1,True
"Palanti, Sabrina_2026-01-14T22:06:40",1,True
"Paoli, Roberto_2026-01-14T22:06:41",1,True
"Feci, Elisabetta_2026-01-14T22:06:47",0,False
"Scarpino, Francesco_2026-01-14T22:06:48",1,True
"Smith, Gideon F._2026-01-14T22:07:06",1,True
"Margreth, Annina_2026-01-14T22:07:22",0,True
"Dyke, Arthur S._2026-01-14T22:07:23",1,True
"Gosse, John C._2026-01-14T22:07:24",0,False
"Telka, Alice M._2026-01-14T22:07:25",0,False
"Sterry, Martin_2026-01-14T22:07:55",1,True
"Leitch, Victoria_2026-01-14T22:07:56",1,True
"KHUSHVAKTOV, NABİ_2026-01-15T09:00:14",0,False
"GRECU, FLORINA_2026-01-15T09:01:00",1,True
"CERCLEUX, ANDREEA-LORETA_2026-01-15T09:01:01",0,False
"DOBRE, ROBERT_2026-01-15T09:01:02",0,True
"GHITA, CRISTINA_2026-01-15T09:01:03",0,False
"IOSIF, DANIEL_2026-01-15T09:01:04",0,False
"Pietrobono, Sabrina_2025-11-19T21:15:24",1,True
"Agdzhoyan, Anastasia_2025-11-19T21:15:24",0,True
"Koshel, Sergey_2025-11-19T21:15:24",0,True
"Pocheshkhova, Elvira_2025-11-19T21:15:24",0,True
"Balanovska, Elena_2025-11-19T21:15:24",0,True
"Schmölcke, Ulrich_2025-11-19T21:15:30",1,True
"Harkel, Letty ten_2025-11-19T21:27:34",1,True
"Muñoz-Rodríguez, Mariana B._2025-11-19T21:27:59",0,True
"Kalmring, Sven_2025-11-19T21:15:34",2,True
"Gestsdóttir, Hildur_2025-11-19T21:15:34",0,True
"Pihlajamaki, Heikki_2025-11-19T21:15:45",1,True
"Szostek, Krzysztof_2025-11-19T21:15:48",0,True
"Kivisild, Toomas_2025-11-19T21:15:49",1,True
"Vulović, Dragana_2025-11-19T21:15:52",0,True
"Petrowiste, Judicaël_2025-11-19T21:16:01",1,True
"Seim, Andrea_2025-11-19T21:16:11",1,True
"Hoofnagle, Wendy Marie_2025-11-19T21:16:17",2,True
"Flierman, Robert_2025-11-19T21:16:21",1,True
"Slíz, Mariann_2025-11-19T21:29:13",0,False
"Krylasova, Natalia B._2025-11-19T21:28:47",0,False
"Sandoval-Castellanos, Edson_2025-11-19T21:16:49",0,True
"Mainland, Ingrid_2025-11-19T21:16:49",1,True
"Card, Nick_2025-11-19T21:16:49",1,True
"Stiner, Mary C._2025-11-19T21:16:49",1,True
"Bunbury, Magdalena M E_2025-11-19T21:16:50",0,True
"Spekker, Olga_2025-11-19T21:16:50",0,True
"Szécsényi-Nagy, Anna_2025-11-19T21:16:50",1,True
"Milner, George R._2025-11-19T21:17:00",1,True
"Steenbergen, Jo Van_2025-11-19T21:17:03",1,True
"Legnér, Mattias_2025-11-19T21:17:06",1,True
"Tambets, Kristiina_2025-11-19T21:17:12",1,True
"Toscano, Fabrizio_2025-11-19T21:17:14",0,True
"Spani, Giovanni_2025-11-19T21:17:14",1,True
"Papio, Michael_2025-11-19T21:17:14",2,True
"Galassi, Francesco M_2025-11-19T21:17:14",0,False
"Pollard, Edward_2025-11-19T21:17:17",0,True
"Vilkama, Rosa_2025-11-19T21:17:19",0,False
"Kylli, Ritva_2025-11-19T21:17:19",1,True
"Bagerius, Henric_2025-11-19T21:16:38",1,True
"Ekholst, Christine_2025-11-19T21:16:15",1,True
"Kittell, Ellen E._2025-11-19T21:17:22",1,True
"Queller, Kurt_2025-11-19T21:17:22",0,False
"Torrent, Joan Frigola_2025-11-19T21:17:23",0,False
"Sala, Albert Pratdesaba_2025-11-19T21:17:23",0,False
"Maseras, Anna Madroñal_2025-11-19T21:17:23",0,False
"De Kort, Jan Willem_2025-11-19T21:17:25",0,True
"Lauwerier, Roel_2025-11-19T21:17:25",1,True
"Van Os, Bertil_2025-11-19T21:17:25",1,True
"Van Rooijen, Cees_2025-11-19T21:17:25",0,False
"Napp, Margus_2025-11-19T21:17:25",0,False
"Wessberg, Magnus_2025-11-19T21:17:25",0,True
"Kalamees, Targo_2025-11-19T21:17:25",1,True
"Broström, Tor_2025-11-19T21:17:25",1,True
"Weetch, Rosie_2025-11-19T21:17:26",1,True
"Sainsbury, Victoria_2025-11-19T21:17:26",0,False
"Stelzner, Jörg_2025-11-19T21:17:27",1,True
"Gauß, Florian_2025-11-19T21:17:27",1,True
"Schuetz, Philipp_2025-11-19T21:17:27",0,True
"Steinberg, John M._2025-11-19T21:17:27",0,False
"Scull, Christopher_2025-11-19T21:17:29",1,True
"Costen, Michael D_2025-11-19T21:17:30",1,True
"Costen, Nicholas P_2025-11-19T21:17:30",0,False
"O’GRADY, OLIVER J T_2025-11-19T21:17:30",0,False
"Fonseca, Luís Adão da_2025-11-19T21:17:31",1,True
"Pimenta, Cristina_2025-11-19T21:17:31",1,True
"Nikulina, Elena A._2025-11-19T21:17:37",0,False
"Hamilton, W. Derek_2025-11-19T21:28:11",1,True
"Langó, Péter_2025-11-19T21:17:38",0,False
"Csáky, Veronika_2025-11-19T21:17:38",1,True
"Palmén, Ritva_2025-11-19T21:17:41",1,True
"Koskinen, Heikki J._2025-11-19T21:17:41",1,True
"Praet, Danny_2025-11-19T21:17:42",1,True
"Stoop, Patricia_2025-11-19T21:17:54",1,True
"Ros, Jérôme_2025-11-19T21:17:54",1,True
"Cattaneo, Cristina_2025-11-19T21:17:55",1,True
"Montinaro, Francesco_2025-11-19T21:18:05",0,False
"Metspalu, Mait_2025-11-19T21:18:05",1,True
"Katrantsiotis, Christos_2025-11-19T21:18:06",0,True
"Sarthe, Yves_2025-11-19T21:18:09",0,False
"Ternant, Geneviève de_2025-11-19T21:18:09",1,True
"Galand, Lionel_2025-11-19T21:18:09",1,True
"Boukous, Ahmed_2025-11-19T21:18:09",2,True
"Utevska, Olga_2025-11-19T21:18:14",0,True
"Germain, Lionel_2025-11-19T21:18:14",1,True
"Brito, Catarina de Almeida_2025-11-19T21:18:18",0,True
"Tribillon, Justinien_2025-11-19T21:18:18",1,True
"Orlando, Ludovic_2025-11-19T21:16:40",1,True
"Gibson, Julie_2025-11-19T21:18:18",1,True
"Littlewood, Mark_2025-11-19T21:18:18",0,False
"Veselka, Barbara_2025-11-19T21:18:18",1,True
"Quirós Castillo, Juan Antonio_2025-11-19T21:22:00",1,True
"Bálint, Marianna_2025-11-19T21:18:24",1,True
"Izdebski, Adam_2025-11-19T21:18:32",1,True
"Pruvost, Mélanie_2025-11-19T21:18:49",1,True
"Cartier-Mamie, Émilie_2025-11-19T21:18:50",0,False
"Pélissier, Amélie_2025-11-19T21:18:50",0,False
"Koziol, Agnieszka_2025-11-19T21:18:51",1,True
"Hosdez, Christophe_2025-11-19T21:18:51",1,True
"Morel, Alexia_2025-11-19T21:18:51",1,True
"Wiethold, Julian_2025-11-19T21:18:51",1,True
"Wawrzyniak, Mathieu_2025-11-19T21:19:05",0,False
"Larratte, Maxime_2025-11-19T21:19:05",0,False
"Bolo, Nathalie_2025-11-19T21:19:05",1,True
"Savoye, Marie-Laure_2025-11-19T21:40:13",1,True
"Wing, Patrick_2025-11-19T21:19:31",1,True
"Louis, Étienne_2025-11-19T21:19:38",1,True
"Galdi, Amalia_2025-11-19T21:20:16",1,True
"Nauleau, Jean-François_2025-11-19T21:20:17",1,True
"Veron, Teddy_2025-11-19T21:20:17",1,True
"Dubillot, Xavier_2025-11-19T21:20:17",0,False
"Le Guévellou, Roland_2025-11-19T21:20:17",0,False
"Štular, Benjamin_2025-11-19T21:21:28",1,True
Tatyana B. Nikitina_2025-11-19T21:20:27,1,True
"Sciacca, Claudia_2025-11-19T21:17:49",0,False
"Gleize, Yves_2025-11-19T21:26:48",1,True
"Kiss, Andrea_2025-11-19T21:20:40",1,True
"Dauchy, Serge_2025-11-19T21:20:40",1,True
"Martyn, Georges_2025-11-19T21:20:40",1,True
"Musson, Anthony_2025-11-19T21:20:40",1,True
"Wijffels, Alain_2025-11-19T21:20:40",4,True
"Hanus, Kasper_2025-11-19T21:20:41",0,False
"Smagur, Emilia_2025-11-19T21:20:41",1,True
"Uckelman, Sara L._2025-11-19T21:20:45",1,True
"Kühnisch, Jan_2025-11-19T21:20:51",1,True
"Lauenstein, Anne_2025-11-19T21:20:51",1,True
"Pitchika, Vinay_2025-11-19T21:20:51",1,True
"McGlynn, George_2025-11-19T21:20:51",2,True
"Staskiewicz, Anja_2025-11-19T21:20:51",1,True
"Hickel, Reinhard_2025-11-19T21:20:51",1,True
"Waters-Rist, Andrea L_2025-11-19T21:39:32",0,False
"Hiner, Christine A._2025-11-19T21:20:54",0,False
"Bonuso, Nicole_2025-11-19T21:20:54",0,True
"Palermo, Jennifer_2025-11-19T21:20:54",0,True
"Silveira, Emily_2025-11-19T21:20:54",0,False
"Panagiotakopulu, Eva_2025-11-19T21:20:59",1,True
"Mion, L._2025-11-19T21:21:00",0,False
"Herrscher, E._2025-11-19T21:21:00",0,False
"Binet, E._2025-11-19T21:21:00",0,False
"Andre, G._2025-11-19T21:21:00",0,False
"Matskovsky, V. V._2025-11-19T21:21:12",0,False
"Emigh, Rebecca Jean_2025-11-19T21:21:13",1,True
"Riley, Dylan_2025-11-19T21:21:13",1,True
"Ahmed, Patricia_2025-11-19T21:21:13",1,True
"Vinogradov, Andrey_2025-11-19T21:21:14",0,False
"Broome, Richard_2025-11-19T21:21:15",1,True
"Iadanza, Mario_2025-11-19T21:21:20",1,True
"Bove, Francesco_2025-11-19T21:21:20",1,True
"Rotili, Marcello_2025-11-19T21:14:17",1,True
"Cataldo, Maria Raffaella_2025-11-19T21:21:20",0,False
"Busino, Nicola_2025-11-19T21:18:29",1,True
"Ceglia, Valeria_2025-11-19T21:21:21",1,True
"Marchetta, Isabella_2025-11-19T21:21:21",1,True
"La Fratta, Ida_2025-11-19T21:21:21",0,False
"Giampaola, Daniela_2025-11-19T21:21:21",1,True
"Carsan, Vittoria_2025-11-19T21:21:21",0,False
"Galante, Valentina_2025-11-19T21:21:21",0,False
"Valenti, Marco_2025-11-19T21:21:21",1,True
"La Salvia, Vasco_2025-11-19T21:21:21",1,True
"Redi, Fabio_2025-11-19T21:21:21",1,True
"Savini, Francesca_2025-11-19T21:21:21",1,True
Lambert_2025-11-19T21:21:32,0,False
"Robinson, I. S._2025-11-19T21:21:32",1,True
"Linderholm, Johan_2025-11-19T21:21:36",1,True
"Engelmark, Roger_2025-11-19T21:21:36",0,False
"BANERJEA, ROWENA_2025-11-19T21:17:25",1,True
"Frank-Job, Barbara_2025-11-19T21:21:43",1,True
"Olsen, Karyn C._2025-11-19T21:21:44",1,True
"White, Christine D._2025-11-19T21:21:44",0,False
"Longstaffe, Fred J._2025-11-19T21:21:44",1,True
"Salazar-García, Domingo C._2025-11-19T21:21:44",2,True
"Schröder, Frank_2025-11-19T21:21:45",0,True
"Hönig, Heide_2025-11-19T21:22:06",0,False
"Wicke, Jörg_2025-11-19T21:22:07",1,True
"Krabath, Stefan_2025-11-19T21:22:07",1,True
"Tolksdorf, Johann Friedrich_2025-11-19T21:21:45",1,True
"Bitenc, Polona_2025-11-19T21:22:09",1,True
European Association of Archaeologists_2025-11-19T21:22:13,1,True
"Gori, Maja_2025-11-19T21:22:13",3,True
"Higgins, Valerie_2025-11-19T21:22:13",0,False
Associazione Ex novo_2025-11-19T21:22:13,0,False
"Pons-Branchu, Edwige_2025-11-19T21:22:18",1,True
"Blamart, Dominique_2025-11-19T21:22:18",1,True
"Aguilera Pacheco, Osvaldo Ramón_2025-11-19T21:22:20",0,False
"González Vidal, Dámaris_2025-11-19T21:22:20",0,False
"Ortuño Molina, Jorge_2025-11-19T21:22:22",1,True
"Ponce Gea, Ana Isabel_2025-11-19T21:22:22",1,True
"Serrano, Francisca J._2025-11-19T21:22:22",0,True
"Planas, Sílvia_2025-11-19T21:22:32",1,True
"Sagrera, Jordi_2025-11-19T21:22:32",1,True
"Vivo, Jordi_2025-11-19T21:22:32",1,True
"Rollingswier, Remco_2025-11-19T21:22:37",0,False
"Scheele, Esther_2025-11-19T21:22:37",0,False
"Fortunati, Maria_2025-11-19T21:22:43",1,True
"Radišić, Milica_2025-11-19T21:22:50",0,True
"Greppi, Paola_2025-11-19T21:22:54",1,True
"Magnell, Ola_2025-11-19T21:15:30",1,True
"Gantner, Clemens_2025-11-19T21:23:00",2,True
"Stone, Sunčan Patrick_2025-11-19T21:23:02",1,True
"García Arévalo, Tania María_2025-11-19T21:23:06",1,True
"Cano Pérez, María José_2025-11-19T21:23:06",1,True
"Wilken, Dennis_2025-11-19T21:23:12",1,True
"Rabbel, Wolfgang_2025-11-19T21:23:12",1,True
"Jensen, Christian Vrængmose_2025-11-19T21:18:39",0,False
"Klinge, Christian_2025-11-19T21:18:39",1,True
"Fear, A.T._2025-11-19T21:28:40",1,True
"Thun, Terje_2025-11-19T21:24:36",0,True
"Lehner, Ulrich L._2025-11-19T21:25:55",2,True
"Muller, Richard A._2025-11-19T21:25:55",1,True
"Roeber, A. G._2025-11-19T21:25:55",1,True
"Leinsle, Ulrich G._2025-11-19T21:25:55",1,True
"Salman, Ali_2025-11-19T21:26:04",1,True
"Vasuki, Vivek_2025-11-19T21:26:04",0,False
"Santana-Sagredo, Francisca_2025-11-19T21:26:04",0,True
"Lee-Thorp, Julia A_2025-11-19T21:26:04",1,True
"Schulting, Rick J_2025-11-19T21:40:43",1,True
"Uribe, Mauricio_2025-11-19T21:26:04",1,True
"Eriksdotter, Gunhild_2025-11-19T21:26:04",0,True
"Søe, Martin Jensen_2025-11-19T21:26:04",0,False
"Nejsum, Peter_2025-11-19T21:26:04",1,True
"Fredensborg, Brian Lund_2025-11-19T21:26:04",0,False
"Kapel, Christian Moliin Outzen_2025-11-19T21:26:04",1,True
"Heckert, Andrew B._2025-11-19T21:26:04",0,False
"Schneider, Vincent P._2025-11-19T21:26:04",0,False
"Fraser, Nicholas C._2025-11-19T21:26:04",1,True
"Webb, Richard A._2025-11-19T21:26:04",0,False
"Khorasani, Sara_2025-11-19T21:26:06",0,False
"Sciarra, Alessandra_2025-11-19T21:26:06",0,True
"Cantucci, Barbara_2025-11-19T21:26:06",0,True
"Castaldini, Doriano_2025-11-19T21:26:06",1,True
"Procesi, Monia_2025-11-19T21:26:06",0,False
"Conventi, Marzia_2025-11-19T21:26:06",0,False
"Sguazza, E_2025-11-19T21:26:06",0,False
"Mazzucchi, A_2025-11-19T21:26:06",0,False
"Crowther, Kathleen_2025-11-19T21:26:08",0,False
"McCray, Ashley Nicole_2025-11-19T21:26:08",0,False
"McNeill, Leila_2025-11-19T21:26:08",1,True
"Rodgers, Amy_2025-11-19T21:26:08",0,False
"Stein, Blair_2025-11-19T21:26:08",0,False
"Yunusbayev, Bayazit_2025-11-19T21:26:09",0,False
"Valeev, Albert_2025-11-19T21:26:09",0,False
"Litvinov, Sergei_2025-11-19T21:26:09",0,False
"Valiev, Ruslan_2025-11-19T21:26:09",1,True
"Akhmetova, Vita_2025-11-19T21:26:09",0,False
"Balanovsky, Oleg_2025-11-19T21:26:09",2,True
"Turdikulova, Shahlo_2025-11-19T21:26:09",0,False
"Dalimova, Dilbar_2025-11-19T21:26:09",0,False
"Nymadawa, Pagbajabyn_2025-11-19T21:26:09",0,False
"Bahmanimehr, Ardeshir_2025-11-19T21:26:09",0,False
"Sahakyan, Hovhannes_2025-11-19T21:26:09",0,False
"Fedorova, Sardana_2025-11-19T21:26:09",0,False
"Barashkov, Nikolay_2025-11-19T21:26:09",0,False
"Khidiyatova, Irina_2025-11-19T21:26:09",0,False
"Mihailov, Evelin_2025-11-19T21:26:09",0,False
"Khusainova, Rita_2025-11-19T21:26:09",0,False
"Damba, Larisa_2025-11-19T21:26:09",0,False
"Osipova, Ludmila_2025-11-19T21:26:09",0,False
"Voevoda, Mikhail_2025-11-19T21:26:09",0,False
"Yepiskoposyan, Levon_2025-11-19T21:26:09",1,True
"Khusnutdinova, Elza K_2025-11-19T21:29:49",1,True
"Villems, Richard_2025-11-19T21:26:09",0,True
"Ryhl-Svendsen, M_2025-11-19T21:26:09",0,False
"Pike, Alistair W G_2025-11-19T21:26:10",0,False
"Peris Grao, Antoni_2025-11-19T21:26:10",0,False
"Pavón Rodríguez, Francisca_2025-11-19T21:26:10",0,False
"Gascón Ferret, Jordi_2025-11-19T21:26:10",0,False
"Kelly, Bryce F J_2025-11-19T21:26:12",0,False
"Mariethoz, Gregoire_2025-11-19T21:26:12",1,True
"Štetić, Snežana_2025-12-29T18:02:26",0,True
"Dario, Šimičević_2025-12-29T18:02:32",0,True
"Pavlović, Sanja_2025-12-29T18:02:41",0,True
"Sbert, Mateu_2025-11-19T21:26:12",1,True
"Hernández, Rubén Jesús García_2025-11-19T21:26:12",0,False
"Magdics, Milán_2025-11-19T21:26:12",0,False
"Bekaert, Philippe_2025-11-19T21:26:12",1,True
"Sola, Christophe_2025-11-19T21:26:12",1,True
"Perrin, Pascale_2025-11-19T21:26:12",1,True
"Jurda, MikoláŠ_2025-11-19T21:26:14",1,True
"Urbanová, Petra_2025-11-19T21:26:14",1,True
"Králík, Miroslav_2025-11-19T21:26:14",1,True
"Jonkman, E J_2025-11-19T21:26:15",0,False
"Eijkman, M A J_2025-11-19T21:26:15",0,False
"Skrivanek, Alexandra_2025-11-19T21:26:17",0,False
"Busby, George B.J._2025-11-19T21:26:18",0,True
"Hellenthal, Garrett_2025-11-19T21:26:18",0,False
"Bulayeva, Kazima_2025-11-19T21:26:18",0,False
"Rudan, Igor_2025-11-19T21:26:18",0,False
"Zemunik, Tatijana_2025-11-19T21:26:18",0,True
"Hayward, Caroline_2025-11-19T21:26:18",1,True
"Toncheva, Draga_2025-11-19T21:26:18",0,False
"Karachanak-Yankova, Sena_2025-11-19T21:26:18",0,True
"Nesheva, Desislava_2025-11-19T21:26:18",0,True
"Anagnostou, Paolo_2025-11-19T21:26:18",0,True
"Lefranc, Gerard_2025-11-19T21:26:18",1,True
"Buresi, Catherine_2025-11-19T21:26:18",1,True
"Ben Chibani, Jemni_2025-11-19T21:26:18",0,False
"Haj-Khelil, Amel_2025-11-19T21:26:18",0,True
"Denden, Sabri_2025-11-19T21:26:18",0,True
"Ploski, Rafal_2025-11-19T21:26:18",0,True
"Krajewski, Pawel_2025-11-19T21:26:18",1,True
"Hervig, Tor_2025-11-19T21:26:18",0,False
"Moen, Torolf_2025-11-19T21:26:18",0,True
"Herrera, Rene J._2025-11-19T21:26:18",1,True
"Wilson, James F._2025-11-19T21:26:18",0,False
"Myers, Simon_2025-11-19T21:26:18",0,False
"Guidorzi, Roberto_2025-11-19T21:26:23",1,True
"Diversi, Roberto_2025-11-19T21:26:23",0,True
"Vincenzi, Loris_2025-11-19T21:26:23",0,True
"Simioli, Vittorio_2025-11-19T21:26:23",0,True
"de Klerk, Pim_2025-11-19T21:26:24",0,True
"Couwenberg, John_2025-11-19T21:26:24",1,True
"Joosten, Hans_2025-11-19T21:26:24",2,True
"Chuhryaeva, Marina_2025-11-19T21:26:24",0,False
"Dibirova, Khadizhat_2025-11-19T21:26:24",0,False
"Uktveryte, Ingrida_2025-11-19T21:26:24",0,False
"Möls, Märt_2025-11-19T21:26:24",1,True
"Mulahasanovic, Lejla_2025-11-19T21:26:24",0,False
"Pshenichnov, Andrey_2025-11-19T21:26:24",0,False
"Frolova, Svetlana_2025-11-19T21:26:24",0,False
"Shanko, Andrey_2025-11-19T21:26:24",0,False
"Reidla, Maere_2025-11-19T21:26:24",0,True
"Tamm, Erika_2025-11-19T21:26:24",0,False
"Zaporozhchenko, Valery_2025-11-19T21:26:24",0,False
"Atramentova, Lubov_2025-11-19T21:26:24",0,False
"Kučinskas, Vaidutis_2025-11-19T21:26:24",0,False
"Davydenko, Oleg_2025-11-19T21:26:24",0,False
"Goncharova, Olga_2025-11-19T21:26:24",1,True
"Evseeva, Irina_2025-11-19T21:26:24",0,False
"Churnosov, Michail_2025-11-19T21:26:24",0,False
"Marjanović, Damir_2025-11-19T21:26:24",1,True
"Rudan, Pavao_2025-11-19T21:26:24",1,True
"Rootsi, Siiri_2025-11-19T21:26:24",0,True
"Yankovsky, Nick_2025-11-19T21:26:24",0,False
"Endicott, Phillip_2025-11-19T21:26:24",0,False
"Kassian, Alexei_2025-11-19T21:26:24",1,True
"Dybo, Anna_2025-11-19T21:26:24",1,True
"Tyler-Smith, Chris_2025-11-19T21:26:24",1,True
Genographic Consortium_2025-11-19T21:26:24,0,False
"Wunderlich, Tina_2025-11-19T21:26:24",0,False
"Andersen, Jasmin_2025-11-19T21:26:24",0,True
"Gaudenzi Asinelli, Mainardo_2025-11-19T21:26:25",0,False
"Martinón-Torres, Marcos_2025-11-19T21:26:25",1,True
"Elburg, Rengert_2025-11-19T21:26:30",2,True
"Knapp, Hannes_2025-11-19T21:26:30",1,True
"Westphal, Thorsten_2025-11-19T21:26:30",1,True
"Schneider, Birgit_2025-11-19T21:26:30",0,True
"Hoogland, Menno L.P._2025-11-19T21:26:30",1,True
"Labuhn, Inga_2025-11-19T21:26:33",1,True
"Genty, Dominique_2025-11-19T21:26:33",1,True
"Bourdin, Clément_2025-11-19T21:26:33",0,True
"Ruan, Jiaoyang_2025-11-19T21:26:33",1,True
"Cheng, Hai_2025-11-19T21:26:33",0,True
"Edwards, R. Lawrence_2025-11-19T21:26:33",0,False
"Pierre, Monique_2025-11-19T21:26:33",1,True
"Lauritsen, J.M._2025-11-19T21:26:33",0,False
"Freund, U.H._2025-11-19T21:26:33",0,False
"Blockley, Simon P.E._2025-11-19T21:26:34",1,True
"Pyne-O'Donnell, Sean D.F._2025-11-19T21:26:34",0,False
"Jensen, Britta J.L._2025-11-19T21:26:34",0,False
"Matthews, Ian P._2025-11-19T21:26:34",0,False
"Wallace, Kristi L._2025-11-19T21:26:34",0,False
"Froese, Duane_2025-11-19T21:26:34",1,True
"Linscott, Kristina_2025-11-19T21:26:35",1,True
"Baittinger, Claudia_2025-11-19T21:22:22",0,False
"Stornes, Jan Michael_2025-11-19T21:26:35",1,True
"Bartholin, Thomas S._2025-11-19T21:26:35",0,False
"DeRose, R.J._2025-11-19T21:26:35",0,False
"Bekker, M.F._2025-11-19T21:26:35",0,True
"Wang, S.-Y._2025-11-19T21:26:35",0,True
"Buckley, B.M._2025-11-19T21:26:35",0,True
"Kjelgren, R.K._2025-11-19T21:26:35",0,False
"Bardsley, T._2025-11-19T21:26:35",0,True
"Allen, E.B._2025-11-19T21:26:35",0,True
"Wynne, Amanda Dawn_2025-11-19T21:26:35",0,False
"Stivrins, Normunds_2025-11-19T21:26:35",1,True
"Jarzebowski, Marc_2025-11-19T21:26:35",1,True
"Córcoles-Jiménez, María Pilar_2025-11-19T21:26:35",1,True
"Ruiz-García, María Victoria_2025-11-19T21:26:35",0,False
"Saiz-Vinuesa, María Dolores_2025-11-19T21:26:35",0,False
"Muñoz-Mansilla, Elena_2025-11-19T21:26:35",0,False
"Herreros-Sáez, Lucía_2025-11-19T21:26:35",0,False
"Fernández-Pallarés, Pedro_2025-11-19T21:26:35",0,False
"Calero-Yáñez, Francisca_2025-11-19T21:26:35",0,True
"Muñoz-Serrano, María Teresa_2025-11-19T21:26:35",0,False
"Turner, Frank M._2025-11-19T21:26:36",1,True
"Lofthouse, Richard A._2025-11-19T21:26:36",2,True
"Branca, Stefano_2025-11-19T21:26:36",1,True
"Condomines, Michel_2025-11-19T21:26:36",1,True
"Tanguy, Jean-Claude_2025-11-19T21:26:36",1,True
"Barone, P. M._2025-11-19T21:26:36",1,True
"Spizzichino, V._2025-11-19T21:26:36",0,True
"Guarneri, M._2025-11-19T21:26:36",0,True
"Danielis, A._2025-11-19T21:26:36",0,True
"De Collibus, M. Ferri_2025-11-19T21:26:36",0,True
"Fornetti, G._2025-11-19T21:26:36",0,True
"Francucci, M._2025-11-19T21:26:36",0,True
"Mencattini, A._2025-11-19T21:26:36",0,True
"Schimmelmann, Arndt_2025-11-19T21:26:36",0,False
"Pak, Dorothy K._2025-11-19T21:26:36",0,False
"Therkleson, Tessa_2025-11-19T21:26:37",0,False
"Stronach, Shona_2025-11-19T21:26:37",0,False
"Nanda, Anil_2025-11-19T21:26:37",1,True
"Khan, Imad Saeed_2025-11-19T21:26:37",0,False
"Apuzzo, Michael L._2025-11-19T21:26:37",1,True
"Asgher, Umer_2025-11-19T21:26:37",1,True
"Bánhegyi, György_2025-11-19T21:26:37",1,True
"Bossu, Annelies_2025-11-19T21:26:37",0,False
"De Temmerman, Koen_2025-11-19T21:26:37",1,True
"Borges, J._2025-11-19T21:26:37",1,True
"Rodrigues, M.S._2025-11-19T21:26:37",0,False
"Lopes, C._2025-11-19T21:26:37",0,False
"Costa, D._2025-11-19T21:26:37",0,False
"Couto, F.M._2025-11-19T21:26:37",0,False
"Kubart, T._2025-11-19T21:26:37",0,False
"Martins, B._2025-11-19T21:26:37",0,False
"Duarte, N._2025-11-19T21:26:37",0,False
"Dias, J.P._2025-11-19T21:26:37",0,False
"Cavaleiro, A._2025-11-19T21:26:37",1,True
"Polcar, Philip_2025-11-19T21:33:55",0,False
"Macedo, F._2025-11-19T21:26:37",0,False
"Vaz, F._2025-11-19T21:26:37",0,False
"Andersen, Thomas Barnebeck_2025-11-19T21:26:37",0,True
"Jensen, Peter Sandholt_2025-11-19T21:26:37",0,True
"Skovsgaard, Christian Volmar_2025-11-19T21:26:37",0,False
"Montanari, Massimo_2025-11-19T21:26:37",1,True
"Brombert, Beth Archer_2025-11-19T21:26:38",1,True
"Ewens, Vicki_2025-11-19T21:26:38",0,True
"Davis, Geoffrey_2025-11-19T21:26:38",2,True
"Downes, Jane_2025-11-19T21:26:38",1,True
"Lammertsma, Emmy I._2025-11-19T21:26:38",0,False
"Pearce, Christof_2025-11-19T21:26:38",0,False
"Cremer, Holger_2025-11-19T21:26:38",0,True
"Gaiser, Evelyn E._2025-11-19T21:26:38",0,False
"Wagner-Cremer, Friederike_2025-11-19T21:26:38",0,False
"Gomes, Chandima_2025-11-19T21:26:21",0,True
"Magaña-Loarte, C._2025-11-19T21:26:38",0,True
"Dorado-Fernández, E._2025-11-19T21:26:38",0,True
"Ruiz-Mediavilla, E._2025-11-19T21:26:38",0,True
"Ramírez-González, I._2025-11-19T21:26:38",0,True
"Palomo-Díez, S._2025-11-19T21:26:38",0,True
"López-Parra, A.M._2025-11-19T21:26:38",0,False
"Baeza-Richer, C._2025-11-19T21:26:38",0,True
"Gibaja, J._2025-11-19T21:26:38",0,False
"Arroyo-Pardo, E._2025-11-19T21:26:38",0,False
"Edvardsson, Johannes_2025-11-19T21:26:39",0,True
"Corona, Christophe_2025-11-19T21:18:20",1,True
"Pukienė, Rutile_2025-11-19T21:26:39",1,True
"Sha, Longbin_2025-11-19T21:26:39",0,False
"Zhang, Xu_2025-11-19T21:26:39",0,False
"Knudsen, Mads Faurschou_2025-11-19T21:26:39",0,False
"Zhang, Weiguo_2025-11-19T21:26:39",0,False
"Vanniere, Boris_2025-11-19T21:33:53",1,True
"Blarquez, Olivier_2025-11-19T21:32:00",0,False
"Rius, D._2025-11-19T21:26:39",0,False
"Doyen, E._2025-11-19T21:26:39",1,True
"Brücher, T._2025-11-19T21:26:39",1,True
"Colombaroli, D._2025-11-19T21:26:39",0,False
"Connor, S._2025-11-19T21:26:39",0,False
"Feurdean, A._2025-11-19T21:26:39",0,False
"Hickler, T._2025-11-19T21:26:39",1,True
"Lemmen, C._2025-11-19T21:26:39",0,False
"Leys, B._2025-11-19T21:26:39",0,False
"Massa, C._2025-11-19T21:26:39",0,False
"Olofsson, J._2025-11-19T21:26:39",0,True
"Blanz, Thomas_2025-11-19T21:26:39",1,True
"Howitt-Marshall, Duncan_2025-11-19T21:26:43",0,False
"Jones, Toby N._2025-11-19T21:26:43",0,False
"Leidwanger, Justin_2025-11-19T21:26:43",1,True
"Nowak, Troy J._2025-11-19T21:26:43",0,False
"Silvera-Tawil, David_2025-11-19T21:26:45",0,True
"Velonaki, Mari_2025-11-19T21:26:45",1,True
"Rye, David_2025-11-19T21:26:45",1,True
"Romero, Veronica_2025-11-19T21:26:45",0,True
"Sanchez, Joan Andreu_2025-11-19T21:26:45",0,True
"Bosch, Vicente_2025-11-19T21:26:45",1,True
"Depuydt, Katrien_2025-11-19T21:26:45",1,True
"de Does, Jesse_2025-11-19T21:26:45",0,True
"Pach, Jakub Leszek_2025-11-19T21:26:45",0,True
"Bilski, Piotr_2025-11-19T21:26:45",1,True
"Berrie, Barbara H._2025-11-19T21:21:43",1,True
"McLaughlin, Richard_2025-11-19T21:21:43",0,False
"Leona, Marco_2025-11-19T21:21:43",0,True
"Freccero, John_2025-11-19T21:26:46",1,True
"Callegari, Danielle_2025-11-19T21:26:46",1,True
"Swain, Melissa_2025-11-19T21:26:46",1,True
"Lacher, Wolfram_2025-11-19T21:26:46",1,True
"Labnouj, Ahmed_2025-11-19T21:26:46",0,False
"Dörler, Philipp_2025-11-19T21:26:47",0,False
"Schwanghart, Wolfgang_2025-11-19T21:26:47",2,True
"Bernhardt, Anne_2025-11-19T21:26:47",0,False
"Stolle, Amelie_2025-11-19T21:26:47",1,True
"Hoelzmann, Philipp_2025-11-19T21:26:47",1,True
"Adhikari, Basanta R_2025-11-19T21:26:47",0,False
"Andermann, Christoff_2025-11-19T21:26:47",2,True
"Tofelde, Stefanie_2025-11-19T21:26:47",1,True
"Merchel, Silke_2025-11-19T21:26:47",2,True
"Rugel, Georg_2025-11-19T21:26:47",0,True
"Fort, Monique_2025-11-19T21:26:47",1,True
"Korup, Oliver_2025-11-19T21:26:47",1,True
"Froehlich, G_2025-11-19T21:26:47",1,True
"Schulz, J_2025-11-19T21:26:47",0,False
"Herrera, María José_2025-11-19T21:26:47",1,True
"Retamal, Rodrigo_2025-11-19T21:26:47",0,False
"Flores, Sergio_2025-11-19T21:26:47",0,False
"Richter, Svend_2025-11-19T21:26:47",0,True
"Eliasson, Sigfus Thor_2025-11-19T21:26:47",0,True
"Cook, Edward_2025-11-19T21:26:48",1,True
"Davi, Nicole_2025-11-19T21:22:42",1,True
"Frank, Dave_2025-11-19T21:26:48",0,False
"Hegerl, Gabi_2025-11-19T21:26:48",0,False
"Klesse, Stefan_2025-11-19T21:26:48",1,True
"Myglan, Vladimir S._2025-11-19T21:22:42",0,True
"Osborn, Timothy J._2025-11-19T21:26:48",0,False
"Rydval, Miloš_2025-11-19T21:26:48",0,False
"Schurer, Andrew_2025-11-19T21:26:48",0,False
"Wiles, Greg_2025-11-19T21:22:42",0,False
"Fragata, Matthias_2025-11-19T21:26:48",0,False
"Siebert, Angelina_2025-11-19T21:26:48",0,False
"Hubensack, Vera_2025-11-19T21:26:48",1,True
"Metzner-Nebelsick, Carola_2025-11-19T21:26:48",1,True
"Meller, Harald_2025-11-19T21:26:48",1,True
"Hubert, Christophe_2025-11-19T21:26:48",1,True
"Groppi, Alexis_2025-11-19T21:26:48",1,True
"Houix, Bertrand_2025-11-19T21:26:48",0,True
"Breuil, Jean-Yves_2025-11-19T21:26:48",1,True
"Moll, Richard J._2025-11-19T21:26:48",1,True
"Leighton, Erica_2025-11-19T21:26:48",0,False
"Longtin, Mario_2025-11-19T21:26:48",0,True
"Weiberg, Erika_2025-11-19T21:26:48",1,True
"Unkel, Ingmar_2025-11-19T21:22:56",1,True
"Kouli, Katerina_2025-11-19T21:26:48",0,True
"Andwinge, Maria_2025-11-19T21:26:48",0,False
"Baika, Kalliopi_2025-11-19T21:26:48",1,True
"Boyd, Meighan_2025-11-19T21:26:48",1,True
"Heymann, Christian_2025-11-19T21:26:48",0,False
"Gilanyi, Attila_2025-11-19T21:26:49",1,True
"Hajdu, Robert_2025-11-19T21:26:49",1,True
"Tarsoly, Sandor_2025-11-19T21:26:49",0,False
"Erdos, Imre_2025-11-19T21:26:49",0,True
"Incerti, Manuela_2025-11-19T21:26:49",1,True
"Iurilli, Stefania_2025-11-19T21:26:49",1,True
"Gobbetti, Enrico_2025-11-19T21:26:49",0,True
"Rushmeier, Holly_2025-11-19T21:26:22",1,True
"Athanasoulis, Demetrios_2025-11-19T21:26:49",0,True
"Georgiou, Antonios_2025-11-19T21:26:49",0,True
"Simou, Xeni_2025-11-19T21:26:49",0,True
"Sfika, Anna_2025-11-19T21:26:49",0,True
"Klotsa, Vasiliki_2025-11-19T21:26:49",0,True
"Zirogianni, Theodora_2025-11-19T21:26:49",0,True
"Theodoropoulos, Chrysostomos_2025-11-19T21:26:49",0,True
"Deligianni, Eleni-Olga_2025-11-19T21:26:49",0,True
"Perinaud, Clementine_2025-11-19T21:26:49",1,True
"Gay, Georges_2025-11-19T21:26:49",1,True
"Gesquiere, Gilles_2025-11-19T21:26:49",1,True
"Svarva, Helene_2025-11-19T21:26:50",0,False
"Harries, Jill_2025-11-19T21:26:51",1,True
"van Waarden, Joop_2025-11-19T21:26:51",1,True
"Salmon, Edward Togo_2025-11-19T21:26:51",1,True
"Potter, T. W._2025-11-19T21:26:51",0,False
"Knorr, Wilbur Richard_2025-11-19T21:29:56",1,True
"Jones, Alexander_2025-11-19T21:26:51",1,True
"Scheck, Helene_2025-11-19T21:27:00",1,True
"Olsen, Bjørnar_2025-11-19T21:27:22",1,True
"Blanton, Virginia_2025-11-19T21:27:34",1,True
"Bahrami, Somayeh_2025-11-19T21:27:37",0,True
"Touiserkani, Mojtaba_2025-11-19T21:27:37",0,True
"Momeni, Majid Reza_2025-11-19T21:27:37",0,False
"Dolgikh, Andrey_2025-11-19T21:27:37",0,False
"Voronin, Konstantin_2025-11-19T21:27:37",0,False
"Charlier, Philippe_2025-11-19T21:27:37",1,True
"Nielen, Marie-Adélaïde_2025-11-19T21:27:37",1,True
"Augias, Anaïs_2025-11-19T21:27:37",1,True
"Prévost, Agnès_2025-11-19T21:27:37",1,True
"Weil, Raphaël_2025-11-19T21:27:37",0,False
"McMullan-Weitzel, Britta_2025-11-19T21:27:37",0,False
"Göhring, Andrea_2025-11-19T21:27:37",1,True
"Mauder, Markus_2025-11-19T21:27:37",1,True
"Kröger, Peer_2025-11-19T21:27:37",1,True
"Roberds, William_2025-11-19T21:27:38",1,True
"Velde, François_2025-11-19T21:27:38",1,True
"Das, Ranajit_2025-11-19T21:27:38",0,False
"Wexler, Paul_2025-11-19T21:27:38",1,True
"Pirooznia, Mehdi_2025-11-19T21:27:38",0,False
"Elhaik, Eran_2025-11-19T21:27:38",0,False
"Brînzei, Monica_2025-11-19T21:18:38",1,True
"Terral, Jean-Frédéric_2025-11-19T21:27:46",1,True
"Ivorra, Sarah_2025-11-19T21:27:46",0,True
"Andrianarinosy, Hélène_2025-11-19T21:27:46",0,False
"Schmidt, Ryan W._2025-11-19T21:27:49",0,False
"Seguchi, Noriko_2025-11-19T21:27:49",1,True
"Schultzén, Joakim_2025-11-19T21:26:33",0,True
"Svendsen, Gunnar Lind Haase_2025-11-19T21:27:52",1,True
"Svendsen, Gert Tinggaard_2025-11-19T21:27:52",1,True
"Melessanaki, Kristalia_2025-11-19T21:27:52",0,False
"Vakondiou, Maria_2025-11-19T21:27:52",1,True
"Siozos, Panayiotis_2025-11-19T21:27:52",0,True
"Philippidis, Aggelos_2025-11-19T21:27:52",0,True
"Papliaka, Zoi_2025-11-19T21:27:52",0,False
"Kedar, S. V._2025-11-19T21:27:53",0,True
"Bormane, D. S._2025-11-19T21:27:53",0,True
"Grimstead, Deanna N._2025-11-19T21:27:58",0,False
"Quade, Jay_2025-11-19T21:27:58",1,True
"Kozieł, S_2025-11-19T21:27:59",0,True
"Pawlyta, J_2025-11-19T21:27:59",0,False
"Wutke, Saskia_2025-11-19T21:27:59",1,True
"Andersson, Leif_2025-11-19T21:27:59",0,False
"Benecke, Norbert_2025-11-19T21:18:18",1,True
"Gonzalez, Javier_2025-11-19T21:27:59",1,True
"Hallsson, Jón Hallsteinn_2025-11-19T21:27:59",0,True
"Morales-Muniz, Arturo_2025-11-19T21:27:59",1,True
"Pálsdóttir, Albína Hulda_2025-11-19T21:27:59",0,True
"Reissmann, Monika_2025-11-19T21:27:59",1,True
"Ruttkay, Matej_2025-11-19T21:27:59",1,True
"Trinks, Alexandra_2025-11-19T21:27:59",1,True
"Hofreiter, Michael_2025-11-19T21:27:59",1,True
"Ludwig, Arne_2025-11-19T21:27:59",0,False
"Schuh, Christine_2025-11-19T21:28:00",1,True
"Makarewicz, Cheryl A._2025-11-19T21:28:00",2,True
"Selig, Maria_2025-11-19T21:28:00",1,True
"Jain, Hardik_2025-11-19T21:28:02",1,True
"Hellwich, Olaf_2025-11-19T21:28:02",1,True
"Anand, RS_2025-11-19T21:28:02",0,True
"Huang, Li-Ren_2025-11-19T21:28:02",0,True
"Wang, Yu-Wen_2025-11-19T21:28:02",0,True
"Huang, Chao-Tsung_2025-11-19T21:28:02",0,True
"Csákyová, V_2025-11-19T21:28:03",0,False
"Csősz, Aranka_2025-11-19T21:28:08",0,False
"Fusek, G_2025-11-19T21:28:03",1,True
"Makovický, P_2025-11-19T21:28:03",0,False
"Bauerová, M_2025-11-19T21:28:03",0,False
"Cooper, Christine_2025-11-19T21:26:48",1,True
"Heubi, Olivier_2025-11-19T21:26:48",0,False
"Lösch, Sandra_2025-11-19T21:15:36",1,True
"Lkhagvasuren, Gavaachimed_2025-11-19T21:28:08",1,True
"Shin, Heejin_2025-11-19T21:28:08",0,False
"Lee, Si Eun_2025-11-19T21:28:08",0,False
"Kim, Jae-Hyun_2025-11-19T21:28:08",0,False
"Kim, Kyung-Yong_2025-11-19T21:28:08",0,False
"Kim, Kijeong_2025-11-19T21:28:08",0,False
"Park, Ae Ja_2025-11-19T21:28:08",0,False
"Lee, Ho Woon_2025-11-19T21:28:08",0,False
"Kim, Mi Jin_2025-11-19T21:28:08",1,True
"Choi, Jaesung_2025-11-19T21:28:08",0,False
"Choi, Jee-Hye_2025-11-19T21:28:08",0,False
"Min, Na Young_2025-11-19T21:28:08",0,False
"Lee, Kwang-Ho_2025-11-19T21:28:08",0,True
"Bódis, Viktória_2025-11-19T21:28:08",0,False
"Köhler, Kitti_2025-11-19T21:28:08",0,True
"Tömöry, Gyöngyvér_2025-11-19T21:28:08",0,False
"Nagy, Melinda_2025-11-19T21:28:08",0,False
"Sayle, Kerry L._2025-11-19T21:28:11",0,True
"Schur, Yechiel_2025-12-29T18:04:43",0,False
"Chazan, Robert_2025-12-29T18:04:43",0,False
"Cui, Huachun_2025-11-19T21:28:18",0,True
"Guo, Weimin_2025-11-19T21:28:18",0,True
"Baldoni, Marica_2025-11-19T21:28:21",0,True
"Nardi, Alessandra_2025-11-19T21:28:21",0,False
"Lelli, Roberta_2025-11-19T21:28:21",0,True
"Gnes, Micaela_2025-11-19T21:28:21",0,True
"Ferraresi, Francesca_2025-11-19T21:28:21",0,True
"Meloni, Valentina_2025-11-19T21:28:21",0,True
"Greco, Simone_2025-11-19T21:28:21",0,True
"Manenti, Guglielmo_2025-11-19T21:28:21",0,False
"Angle, Micaela_2025-11-19T21:28:21",1,True
"D'hulster, Kristof_2025-11-19T21:28:21",1,True
"Murphy, K. A._2025-11-19T21:28:23",0,False
"Vicente-Serrano, S M_2025-11-19T21:28:24",1,True
"Brauer, Achim_2025-11-19T21:28:44",0,True
"Benito, G_2025-11-19T21:28:24",1,True
"Baumbach, Manuel_2025-11-19T21:28:34",1,True
"Winkler, Norbert_2025-11-19T21:28:34",2,True
"Schomberg, Roman_2025-11-19T21:28:37",0,False
"Swenson, Victoria_2025-11-19T21:28:37",0,True
"Adams, Donovan_2025-11-19T21:28:37",0,False
"Pilloud, Marin A_2025-11-19T21:28:37",1,True
"Refrégier, Guislaine_2025-11-19T21:28:37",0,True
"Abadia, Edgar_2025-11-19T21:28:37",0,True
"Matsumoto, Tomoshige_2025-11-19T21:28:37",0,True
"Ano, Hiromi_2025-11-19T21:28:37",0,True
"Takashima, Tetsuya_2025-11-19T21:28:37",0,True
"Aktas, Elif_2025-11-19T21:28:37",1,True
"Cömert, Füsun_2025-11-19T21:28:37",0,False
"Panaiotov, Stefan_2025-11-19T21:28:37",0,False
"Phelan, Jody_2025-11-19T21:28:37",0,False
"Coll, Francesc_2025-11-19T21:28:37",1,True
"McNerney, Ruth_2025-11-19T21:28:37",0,False
"Pain, Arnab_2025-11-19T21:28:37",1,True
"Clark, Taane G_2025-11-19T21:28:37",0,False
"Van Gaal, Luc_2025-11-19T21:28:37",0,False
"Rézette, Ingrid_2025-11-19T21:28:37",0,False
"Daci, Evis_2025-11-19T21:28:37",1,True
"MacDonald, Karen_2025-11-19T21:28:37",1,True
"Denhaerynck, Kris_2025-11-19T21:28:37",0,False
"Vancayzeele, Stefaan_2025-11-19T21:28:37",1,True
"De Meester, Lut_2025-11-19T21:28:37",0,False
"Clemens, Andreas_2025-11-19T21:28:37",0,False
"Yee, Brian_2025-11-19T21:28:37",0,False
"Abraham, Ivo_2025-11-19T21:28:37",0,False
"Allios, Dominique_2025-11-19T21:28:39",1,True
"Guermeur, Nominoë_2025-11-19T21:28:39",0,False
"Cocoual, Antoine_2025-11-19T21:28:39",0,False
"Sciuto, Claudia_2025-11-19T21:28:39",1,True
"Geladi, Paul_2025-11-19T21:28:39",1,True
"Bendoula, Ryad_2025-11-19T21:28:39",0,True
"Moura, Daniel_2025-11-19T21:28:39",0,False
"Jay, Sylvain_2025-11-19T21:28:39",0,True
"Gardel, Marie-Elise_2025-11-19T21:28:39",1,True
"Kassis, Majeed_2025-11-19T21:28:39",0,True
"El-Sana, Jihad_2025-11-19T21:28:39",0,True
"Padilla, Jose J._2025-11-19T21:28:39",0,True
"Lynch, Christopher J._2025-11-19T21:28:39",0,True
"Diallo, Saikou Y._2025-11-19T21:28:39",1,True
"Gore, Ross J._2025-11-19T21:28:39",0,True
"Kavak, Hamdi_2025-11-19T21:28:39",0,True
"Jenkins, Bakari_2025-11-19T21:28:39",0,True
"Chen, Jie_2025-11-19T21:28:39",1,True
"Chau, Lap-Pui_2025-11-19T21:28:39",0,True
"Li, He_2025-11-19T21:28:39",2,True
"Kieu, Van Cuong_2025-11-19T21:28:39",1,True
"Stutzmann, Dominique_2025-11-19T21:28:39",1,True
"Osipova, Aleksandra_2025-11-19T21:28:44",0,False
"Mikhin, Artem_2025-11-19T21:28:44",0,False
"Unar, Kulsoom Saima_2025-11-19T21:28:44",0,True
"Unar, Abdul Majeed_2025-11-19T21:28:44",0,True
"Patoli, Zeeshan_2025-11-19T21:28:44",0,True
"Viinikkala, Lauri_2025-11-19T21:28:44",0,False
"Yli-Seppala, Laura_2025-11-19T21:28:44",0,False
"Heimo, Olli I._2025-11-19T21:28:44",0,False
"Helle, Seppo_2025-11-19T21:28:44",0,False
"Harkanen, Lauri_2025-11-19T21:28:44",0,False
"Jokela, Sami_2025-11-19T21:28:44",0,False
"Jarvenpaa, Lauri_2025-11-19T21:28:44",0,False
"Korkalainen, Timo_2025-11-19T21:28:44",0,False
"Latvala, Jussi_2025-11-19T21:28:44",0,False
"Paakyla, Juho_2025-11-19T21:28:44",0,False
"Seppala, Kaapo_2025-11-19T21:28:44",0,False
"Makila, Tuomas_2025-11-19T21:28:44",0,False
"Lehtonen, Teijo_2025-11-19T21:28:44",0,False
"Lauwers, Peter_2025-11-19T21:28:46",1,True
"Lammert, Marie_2025-11-19T21:28:46",1,True
"Carlier, Anne_2025-11-19T21:28:46",1,True
"Guo, Nan_2025-11-19T21:28:47",0,True
"He, Yuan_2025-11-19T21:28:47",1,True
"Yan, Chungang_2025-11-19T21:28:47",0,True
"Liu, Lu_2025-11-19T21:28:47",0,True
"Wang, Cheng_2025-11-19T21:28:47",0,True
"Chandna, Swati_2025-11-19T21:28:47",1,True
"Rindone, Francesca_2025-11-19T21:28:47",0,True
"Dachsbacher, Carsten_2025-11-19T21:28:47",1,True
"Stotzka, Rainer_2025-11-19T21:28:47",0,True
"Frei, Robert_2025-11-19T21:17:26",1,True
"Belavin, Andrei M._2025-11-19T21:28:47",0,False
"Sadyrova, Anar T._2025-11-19T21:28:47",0,False
"Imangazinov, Muratbek M._2025-11-19T21:28:47",0,False
"Kozhagulov, Saylauhan K._2025-11-19T21:28:47",0,False
"Amanzholova, Arailym A._2025-11-19T21:28:47",0,False
"Zheltukhina, Marina R._2025-11-19T21:28:47",0,False
"Vikulova, Larisa G._2025-11-19T21:28:47",0,False
"Slyshkin, Gennady G._2025-11-19T21:28:47",0,False
"Vasileva, Ekaterina G._2025-11-19T21:28:47",0,False
"Kara, Peter A._2025-11-19T21:28:50",0,True
"Hewage, Chaminda T.E.R._2025-11-19T21:28:50",0,True
"Felisberti, Fatima M._2025-11-19T21:28:50",0,True
"Hicks, Megan_2025-11-19T21:17:26",2,True
"Woollett, James_2025-11-19T21:17:26",0,True
"Opedal, Arnfrid_2025-11-19T21:28:54",1,True
"Elvestad, Endre_2025-11-19T21:28:54",1,True
"Hartman, Steven_2025-11-19T21:17:26",1,True
Gismatulin Marat R._2025-11-19T21:29:06,0,False
Semykin Yuriy A._2025-11-19T21:29:06,0,False
"Hedman, Sven-Donald_2025-11-19T21:42:13",0,False
Pańczyk Ewa_2025-11-19T21:29:11,0,False
Sartowska Bożena_2025-11-19T21:29:11,1,True
Waliś Lech_2025-11-19T21:29:11,0,True
Dudek Jakub_2025-11-19T21:29:11,1,True
Weker Władysław_2025-11-19T21:29:11,1,True
Widawski Maciej_2025-11-19T21:29:11,1,True
Roberto Bugini_2025-11-19T21:29:11,1,True
Luisa Folli_2025-11-19T21:29:11,1,True
Karimov Ildar R._2025-11-19T21:29:11,0,False
Vorobeva Elena E._2025-11-19T21:29:12,0,False
Fedulov Mikhail I._2025-11-19T21:29:12,0,False
"SANTORO, Alfredo M_2025-11-19T21:29:12",1,True
Gubaydullin Ayrat M._2025-11-19T21:29:13,0,False
"Kranjčić, Josip_2025-11-19T21:29:13",0,True
"Vodanović, Marin_2025-11-19T21:29:13",0,True
"Vojvodić, Denis_2025-11-19T21:29:13",0,True
"Cornelius, Sakkie_2025-11-19T21:29:18",1,True
"Van der Merwe, Philip_2025-11-19T21:29:21",1,True
"Bekker, Ian_2025-11-19T21:29:21",1,True
"Nel, Malan_2025-11-19T21:29:22",1,True
"Scholtz, Eric_2025-11-19T21:29:22",0,False
"Couchoro, Mawuli_2025-11-19T21:29:25",1,True
"Ashta, Arvind_2025-11-19T21:29:25",1,True
"Demay, Isabelle_2025-11-19T21:29:25",0,True
"Pence, Genevieve Q.K._2025-11-19T21:29:25",0,False
"Cowling, Richard M._2025-11-19T21:29:25",1,True
"Wilson, John R.U._2025-11-19T21:29:25",1,True
"Kruger, Frederick J._2025-11-19T21:29:25",1,True
"Richardson, David M._2025-11-19T21:29:25",1,True
"Esler, Karen J._2025-11-19T21:29:25",1,True
"Palmer, Guy_2025-11-19T21:29:25",3,True
"Carruthers, Jane_2025-11-19T21:29:25",1,True
"Raimondo, Domitilla C._2025-11-19T21:29:25",0,False
"Hoffman, M. Timm_2025-11-19T21:29:25",0,True
"Midgley, Guy F._2025-11-19T21:29:25",0,True
"Van Wilgen, Brian W._2025-11-19T21:29:25",1,True
"Gaertner, Mirijam_2025-11-19T21:29:25",0,True
"Forsyth, Aurelia T._2025-11-19T21:29:25",0,False
"Van Wilgen, Nicola J._2025-11-19T21:29:25",0,True
"Slabbert, Ruhan_2025-11-19T21:29:33",0,False
"Swanepoel, Liani_2025-11-19T21:29:33",0,False
"Wenzel, M.J._2025-11-19T21:29:33",0,False
"De Lange, A.M._2025-11-19T21:29:33",0,True
"Grobler, Annemie_2025-11-19T21:29:33",0,False
"Kloppenborg, John S._2025-11-19T21:29:33",1,True
"Urbaniak, Jakub_2025-11-19T21:29:34",1,True
"Otu, Elijah_2025-11-19T21:29:34",0,False
"Bodiba, Molebogeng K._2025-11-19T21:29:34",0,False
"Ohrstrom, Lena_2025-11-19T21:29:34",0,False
"Mosothwane, Morongwa N._2025-11-19T21:29:34",0,False
"Steyn, Maryna_2025-11-19T21:29:34",0,True
"Gäde, Katrin_2025-11-19T21:34:53",0,False
"Fingerhut-Säck, Mareike_2025-11-19T21:34:50",0,False
"Labouvie, Eva_2025-11-19T21:34:49",1,True
"Richter, Erik_2025-11-19T21:34:52",0,False
"Pott, Ute_2025-11-19T21:34:52",1,True
"Marlow, Christian_2025-11-19T21:34:51",0,False
"Horn, Katrin_2025-11-19T21:34:51",1,True
"Fabian, Stefanie_2025-11-19T21:34:54",1,True
"Meeder, Sven_2025-11-19T21:29:58",1,True
"Altena, Eveline_2025-11-19T21:30:06",1,True
"Kootker, Lisette M._2025-11-19T21:45:49",1,True
"Panhuysen, Raphaël_2025-11-19T21:30:06",1,True
"van der Jagt, Inge_2025-11-19T21:30:06",0,False
"Fleckner, Uwe_2025-11-19T21:30:39",1,True
"Steinkamp, Maike_2025-11-19T21:30:39",1,True
"Ziegler, Hendrik_2025-11-19T21:30:39",1,True
"Boon, Jessica A._2025-11-19T21:31:47",1,True
"Vines, Amy_2025-11-19T21:31:47",0,False
"Edwards, Jennifer C._2025-11-19T21:31:47",1,True
"Wouters, Dinah_2025-11-19T21:31:48",1,True
"Hagemann, Alfred P._2025-11-19T21:34:52",1,True
"Woodbridge, Jessie_2025-11-19T21:32:14",1,True
"Censier, Damien_2025-11-19T21:32:23",1,True
"Leroy, Renaud_2025-11-19T21:32:23",0,False
"Petite, Yann_2025-11-19T21:32:23",0,False
"Esteves, Héloïse_2025-11-19T21:32:23",1,True
"Bouet, Cécile_2025-11-19T21:32:23",1,True
"Rorive, Sylvie_2025-11-19T21:32:23",0,False
Margarita Fernández-Mier_2025-11-19T21:34:09,0,False
"Niemi, Marianna_2025-11-19T21:21:14",0,False
"Sajantila, Antti_2025-11-19T21:34:29",0,True
"Yao, Yong-Gang_2025-11-19T21:34:29",0,False
"Witt, Ulrike_2025-11-19T21:34:50",1,True
"Schaller, Sabine_2025-11-19T21:34:50",1,True
"Lorenz, Maren_2025-11-19T21:34:50",1,True
"Hawicks, Heike_2025-11-19T21:22:42",1,True
"Erben-Grütz, Patricia_2025-11-19T21:34:53",0,False
"Ringler, Siegfried_2025-11-19T21:34:53",1,True
"Griesbach, Agnes-Almuth_2025-11-19T21:34:53",0,False
"Conrad, Anne_2025-11-19T21:34:54",1,True
"Schneider-Böklen, Elisabeth_2025-11-19T21:34:54",1,True
"Jahn, Jutta_2025-11-19T21:34:56",0,False
"Ball, Gabriele_2025-11-19T21:34:57",1,True
"Wehser, Astrid_2025-11-19T21:34:57",1,True
"Schliephacke, Oliver_2025-11-19T21:34:59",0,False
"Tempelhoff, Jana_2025-11-19T21:34:59",1,True
"Brademann, Jan_2025-11-19T21:35:01",1,True
"Coutu, Ashley N._2025-11-19T21:17:26",0,False
"Polcyn, Marek_2025-11-19T21:35:46",1,True
"Gajda, Elżbieta_2025-11-19T21:35:46",1,True
"RAMANDT, ANDY_2025-11-19T21:36:20",0,False
"Bradley, Richard_2025-11-19T21:36:21",1,True
"Lewis, Jodie_2025-11-19T21:36:21",1,True
"Mullin, David_2025-11-19T21:36:21",1,True
"Branch, Nicholas_2025-11-19T21:36:21",1,True
Foteini Venieri_2025-11-19T21:36:33,0,True
Niki Nikonanou_2025-11-19T21:36:33,0,False
"Harrison, Freya_2025-11-19T21:22:15",0,True
"Дугарова, Сержена_2025-11-19T21:36:52",0,False
Edelis Raimundo Padrón_2025-11-19T21:37:15,0,False
Félix A Companioni Landín_2025-11-19T21:37:15,0,False
Sol A Rosales Reyes_2025-11-19T21:37:15,0,False
Ramazan KILIÇ_2025-11-19T21:37:17,0,False
Mine DEMİRÇELİK_2025-11-19T21:37:17,0,False
Mauricio Nieto_2025-11-19T21:37:22,0,False
Franklin Gamwell_2025-11-19T21:37:22,1,True
Ángela Iranzo Dosdad_2025-11-19T21:37:22,1,True
Carlos Manrique_2025-11-19T21:37:22,0,False
Mikhail S. Zheltov_2025-11-19T21:37:36,0,False
Azgar Mukhamadiev_2025-11-19T21:37:37,0,False
Miloš Kekeliak_2025-11-19T21:37:43,0,False
Mark Atkinson_2025-11-19T21:37:45,0,True
Stephen J. Preston_2025-11-19T21:37:45,0,False
"Bellone, Rebecca_2025-11-19T21:38:00",1,True
"Cieslak, Michael_2025-11-19T21:38:00",0,False
"Fortes, Gloria G._2025-11-19T21:38:00",0,False
"Voth, Christine_2025-11-19T21:38:04",0,True
Ricardo Rozzi_2025-11-19T21:38:12,0,True
Francisca Massardo_2025-11-19T21:38:12,0,False
Shu Lin_2025-11-19T21:38:14,0,False
Yuanpei Cai_2025-11-19T21:38:14,3,True
Thomas Hillerkuss_2025-11-19T21:38:21,0,False
Georgina Indira Quiñones Flores_2025-11-19T21:38:21,0,False
"Mussou, Amandine_2025-11-19T21:40:13",1,True
"Forgione, Alfonso_2025-11-19T21:40:30",1,True
"Longobardi, Francesco_2025-11-19T21:40:34",1,True
Gabriel M. TALMAŢCHI_2025-11-19T21:40:43,0,False
Constantin ŞOVA_2025-11-19T21:40:43,0,False
"Oța, L._2025-11-19T21:41:00",0,False
"Georgescu, M._2025-11-19T21:41:00",0,False
"Baltă, Z._2025-11-19T21:41:00",0,False
НИКОЛАЕВА ИРИНА ЮРЬЕВНА_2025-11-19T21:41:10,0,False
"Roberts, Aled E. L._2025-11-19T21:42:02",0,False
"Gabrilska, Rebecca_2025-11-19T21:22:15",0,False
"Rumbaugh, Kendra P._2025-11-19T21:42:02",1,True
"Lee, Christina_2025-11-19T21:22:15",2,True
"Diggle, Stephen P._2025-11-19T21:22:15",0,False
"Разводовский, Юрий_2025-11-19T21:42:05",0,False
"Кондричин, Сергей_2025-11-19T21:42:05",0,False
"Кандрычын, Сергей_2025-11-19T21:42:05",0,False
"Дугарова, Евгения_2025-11-19T21:42:07",0,False
"Жарчинская, Ксения_2025-11-19T21:42:07",0,False
"Хазанов, Олег_2025-11-19T21:42:07",0,False
"Мезенцева, Юлия_2025-11-19T21:42:07",0,False
"Афанасьева, Ольга_2025-11-19T21:42:07",0,False
"Коваленко, Павел_2025-11-19T21:42:07",0,False
"Горлов, Михаил_2025-11-19T21:42:07",0,False
"Porenta, Sašo._2025-11-19T21:43:06",0,False
"Mileusnić, Zrinka_2025-11-19T21:43:06",0,False
ГАЛИУЛЛИНА СВЕТЛАНА ДМИТРИЕВНА_2025-11-19T21:46:09,0,False
НУРИЕВ БУЛАТ ДАМИРОВИЧ_2025-11-19T21:46:09,0,False
ЛЕВАШКИНА ЗОЯ НИКОЛАЕВНА_2025-11-19T21:46:09,0,False
Nikolić Zrinka_2025-11-19T21:46:14,1,True
ТРЕТЬЯКОВА ТАТЬЯНА ПЕТРОВНА_2025-11-19T21:46:50,0,False
ЦВИНАРИА МАРИНА ЕВГЕНЬЕВНА_2025-11-19T21:46:50,0,False
БЕСОЛОВ ВЛАДИМИР БУТУСОВИЧ_2025-11-19T21:46:51,0,False
БЕСОЛОВ АРИСТАРХ ВЛАДИМИРОВИЧ_2025-11-19T21:46:51,0,False
ГАВРИКОВ ДЕНИС СЕРГЕЕВИЧ_2025-11-19T21:46:51,0,False
МЕЗЕНЦЕВ СЕРГЕЙ ДМИТРИЕВИЧ_2025-11-19T21:46:51,0,False
БОРИСЕНКО АЛИСА ЮЛЬЕВНА_2025-11-19T21:46:51,0,False
ХУДЯКОВ ЮЛИЙ СЕРГЕЕВИЧ_2025-11-19T21:46:51,0,False
АНДРЕЕВ СЕРГЕЙ ИВАНОВИЧ_2025-11-19T21:46:52,0,False
РАЗУВАЕВ ЮРИЙ ДМИТРИЕВИЧ_2025-11-19T21:46:52,0,False
"Ciminale, Dario_2025-11-19T21:46:58",1,True
"Depalo, Maria Rosaria_2025-11-19T21:46:58",1,True
"Radina, Francesca_2025-11-19T21:46:58",1,True
Magdalena Skarżyńska-Wawrykiewicz_2025-11-19T21:47:07,0,True
Leszek Wawrykiewicz_2025-11-19T21:47:07,0,True
Dumitru BRATCO_2025-11-19T21:47:28,0,False
Vasile HAHEU_2025-11-19T21:47:28,0,False
"De Santis, Barbara_2025-11-19T21:47:33",0,False
"Casirani, Marilena_2025-11-19T21:47:33",1,True
ВАЛЕЕВ РАФ.М._2025-11-19T21:47:39,0,False
ВАЛЕЕВА Р.Р._2025-11-19T21:47:39,0,False
МУРЫГИН А.М._2025-11-19T21:47:39,0,False
КЛЕНОВ М.В._2025-11-19T21:47:39,0,False
КОТОВА ЕЛЕНА СЕРГЕЕВНА_2025-11-19T21:47:40,0,False
ШИРЯЕВА СВЕТЛАНА ВАЛЕНТИНОВНА_2025-11-19T21:47:40,0,False
ГАРУСТОВИЧ ГЕННАДИЙ НИКОЛАЕВИЧ_2025-11-19T21:47:40,0,False
ИВАНОВ ВЛАДИМИР АЛЕКСАНДРОВИЧ_2025-11-19T21:47:40,1,True
ПРОЦЕНКО АНТОН СЕРГЕЕВИЧ_2025-11-19T21:47:40,0,False
ПОНОМАРЕНКО ЕЛЕНА ВИКТОРОВНА_2025-11-19T21:47:41,0,False
ПОНОМАРЕНКО ДМИТРИЙ СЕРГЕЕВИЧ_2025-11-19T21:47:41,0,False
КОЧКИНА АННА ФЕДОРОВНА_2025-11-19T21:47:41,0,False
СТАШЕНКОВ ДМИТРИЙ АЛЕКСЕЕВИЧ_2025-11-19T21:47:41,0,False
ГУБАЙДУЛЛИН АЙРАТ МАРАТОВИЧ_2025-11-19T21:47:41,0,False
МУХАМАДИЕВ АЗГАР ГАТАУЛЛОВИЧ_2025-11-19T21:47:41,0,False
ВИННИЧЕК ВЛАДИМИР АЛЬБЕРТОВИЧ_2025-11-19T21:47:42,0,False
КИРЕЕВА КАРИНА МИХАЙЛОВНА_2025-11-19T21:47:42,0,False
"Martino, Barbara_2025-11-19T21:47:44",0,False
"Paseri, Enrica_2025-11-19T21:47:44",0,False
"Smiarowski, Konrad_2025-11-19T21:17:26",0,False
"Harrison, Ramona_2025-11-19T21:17:26",1,True
МЕЛЬНИЧУК А.Ф._2025-11-19T21:47:55,0,False
ЧАГИН Г.Н._2025-11-19T21:47:55,0,False
СИТДИКОВ А.Г._2025-11-19T21:47:56,0,False
МУХАМАДИЕВ А.Г._2025-11-19T21:47:56,0,False
"Saguí, Lucia_2025-11-19T21:47:56",1,True
"Lepri, Barbara_2025-11-19T21:47:56",1,True
"Fasolo, Michele_2025-11-19T21:48:25",1,True
"Long, Matt_2025-11-19T21:49:21",0,True
"Burke, Roger Hopkins_2025-11-19T21:49:21",1,True
"Madsen, Christian K._2025-11-19T21:17:26",0,False
"Guðmundsson, Gardar_2025-11-19T21:17:26",0,True
"MacDonald, David_2025-11-19T21:50:39",1,True
"MacDonald, Sandra_2025-11-19T21:28:35",1,True
"Carr, Annemarie Weyl_2025-11-19T21:50:42",1,True
"Lillich, Meredith_2025-11-19T21:50:42",1,True
"Hult, David F._2025-11-19T21:50:42",1,True
"Viehweider, Barbara_2025-11-19T21:50:55",0,False
"Lutz, Joachim_2025-11-19T21:50:55",0,False
"Oeggl, Klaus_2025-11-19T21:50:55",1,True
"GUICHON, Romain_2026-01-14T22:01:23",1,True
"CLÉMENT, Benjamin_2026-01-14T22:01:24",1,True
"COLOMBIER-GOUGOUZIAN, Aline_2026-01-14T22:01:26",1,True
"DUBREU, Nicolas_2026-01-14T22:01:27",1,True
"ÉVRARD, Maximilien_2026-01-14T22:01:28",1,True
"Tamborrino, Rosa_2026-01-14T22:07:36",1,True
"Rinaudo, Fulvio_2026-01-14T22:07:37",0,True
"Collard, Mark_2025-11-19T21:15:34",1,True
"Prokhortchouk, E B_2025-11-19T21:15:42",0,False
"Karo, Špela_2025-11-19T21:15:42",1,True
"Lavrič, Maja_2025-11-19T21:15:42",0,True
"Whitehouse, Harvey_2025-11-19T21:15:43",1,True
"François, Pieter_2025-11-19T21:15:43",1,True
"Inskip, Sarah A._2025-11-19T21:16:14",0,True
"Janowski, Andrzej_2025-11-19T21:15:50",1,True
"Reinig, Frederick_2025-11-19T21:15:51",0,False
"Premužić, Zrinka_2025-11-19T21:15:52",1,True
"Rajić Šikanjić, Petra_2025-11-19T21:15:52",1,True
"Rapan Papeša, Anita_2025-11-19T21:15:52",1,True
"Woudhuysen, George_2025-11-19T21:15:54",1,True
"Kowalska, Anna Bogumiła_2025-11-19T21:21:38",0,True
"Raffield, Ben_2025-11-19T21:16:08",1,True
"Kissane, Alan_2025-11-19T21:16:13",1,True
"Linderson, Hans_2025-11-19T21:16:23",1,True
"Schnabl, Bojan-Ilija_2025-11-19T21:16:25",1,True
"Sturm-Schnabl, Katja_2025-11-19T21:16:25",1,True
"Jóźwiak, Sławomir_2025-11-19T21:16:33",1,True
"Barrocas-Dias, Cristina_2025-11-19T21:21:00",1,True
"Quendolo, Alessandra_2025-11-19T21:16:38",1,True
"Villa, Luca_2025-11-19T21:16:38",1,True
"Badan, Nicola_2025-11-19T21:16:38",1,True
"Wilkens, Barbara_2025-11-19T21:16:39",0,True
"Horwitz, Liora Kolska_2025-11-19T21:16:49",1,True
"Kitov, Egor P._2025-11-19T21:16:51",0,True
"Moiseyev, Vyacheslav_2025-11-19T21:16:51",0,True
"Boulnois, Olivier_2025-11-19T21:16:54",1,True
"Tilahun, Gelila_2025-11-19T21:16:56",0,False
"Khoshraftar, Shima_2025-11-19T21:16:56",0,False
"Mitchell, Roderick A._2025-11-19T21:16:56",0,False
"Fallgren, Jan-Henrik_2025-11-19T21:35:47",0,False
"Mollerup, Lene_2025-11-19T21:17:00",0,True
"Forsom, Eva_2025-11-19T21:17:03",0,False
"Boel, Lene Warner Thorup_2025-11-19T21:17:03",0,True
"Jaque, Bo_2025-11-19T21:17:03",0,False
"Saparov, Kuat_2025-11-19T21:17:03",1,True
"Chlachula, Jiri_2025-11-19T21:17:03",1,True
"Yeginbayeva, Aigul_2025-11-19T21:17:03",0,False
"Nieuwenhuyse, Stijn Van_2025-11-19T21:17:03",0,False
"Fehér, Krisztina_2025-11-19T21:17:03",1,True
"Szilágyi, Brigitta_2025-11-19T21:17:03",0,True
"Halmos, Balázs_2025-11-19T21:17:03",1,True
"Zachrisson, Torun_2025-11-19T21:17:05",1,True
"Ljung, Cecilia_2025-11-19T21:17:05",1,True
"Borojević Šoštarić, Sibila_2025-11-19T21:17:11",0,False
"Medarič, Igor_2025-11-19T21:17:11",0,False
"Horn, Barbara_2025-11-19T21:17:11",0,False
"Ružičić, Stanko_2025-11-19T21:17:11",0,True
"Brenko, Tomislav_2025-11-19T21:17:11",0,False
"Witczak, Krzysztof Tomasz_2025-11-19T21:17:11",1,True
"Sosnowski, Jan_2025-11-19T21:17:11",1,True
"Pavlovič, Daša._2025-11-19T21:17:11",1,True
"Frie, Adrienne_2025-11-19T21:17:11",0,False
Dmitriev Yevgeny A._2025-11-19T21:17:15,0,False
Kukushkin Alexey I._2025-11-19T21:17:15,0,False
"Biondi, Andrea_2025-11-19T21:17:15",2,True
"De Marco, Marco_2025-11-19T21:17:15",1,True
"Hill, Nick_2025-11-19T21:17:16",1,True
"Gardiner, Mark_2025-11-19T21:17:16",1,True
"Kinyera, Okeny Charles_2025-11-19T21:17:17",0,False
"Płoszaj, Tomasz_2025-11-19T21:17:18",1,True
"Jędrychowska-Dańska, Krystyna_2025-11-19T21:17:18",0,False
"Masłowska, Alicja_2025-11-19T21:17:18",0,False
"Kozłowski, Tomasz_2025-11-19T21:17:18",1,True
"Chudziak, Wojciech_2025-11-19T21:17:18",1,True
"Bojarski, Jacek_2025-11-19T21:17:18",0,False
"Robaszkiewicz, Agnieszka_2025-11-19T21:17:18",1,True
"Witas, Henryk W._2025-11-19T21:17:18",0,False
"Kristoffersen, Elna Siv_2025-11-19T21:17:19",1,True
"Røstad, Ingunn Marit_2025-11-19T21:17:19",1,True
"Everson, Paul_2025-11-19T21:17:20",1,True
"Smith, Kay Douglas_2025-11-19T21:17:21",1,True
"Heen-Pettersen, Aina_2025-11-19T21:17:22",0,False
"Murray, Griffin_2025-11-19T21:17:22",1,True
"Allen, Richard_2025-11-19T21:17:22",1,True
"Pettersson, Rune_2025-11-19T21:17:23",0,True
"Strand, Lennart_2025-11-19T21:17:23",0,False
"Blinkhorn, Paul_2025-11-19T21:17:24",1,True
"Cramp, Lucy_2025-11-19T21:17:24",1,True
"Prior, Stuart_2025-11-19T21:17:24",1,True
"Glass, Emily_2025-11-19T21:17:24",1,True
"Rhodes, Frank_2025-11-19T21:17:24",0,False
"Breen, Colin_2025-11-19T21:17:27",1,True
"Raven, John_2025-11-19T21:17:27",1,True
"Maltin, Emma_2025-11-19T21:17:29",0,False
"Thomas, Gabor_2025-11-19T21:17:30",1,True
"Gilchrist, Roberta_2025-11-19T21:17:30",1,True
"García-Contreras, Guillermo_2025-11-19T21:49:29",1,True
"Andrén, Anders_2025-11-19T21:17:30",1,True
"Augenti, Andrea_2025-11-19T21:17:30",1,True
"Staecker, Jörn_2025-11-19T21:17:30",2,True
"PEDERSEN, UNN_2025-11-19T21:17:31",1,True
"Gärtner, Kurt_2025-11-19T21:17:31",1,True
"Ostermann, Christina_2025-11-19T21:17:31",2,True
"Canosa-Betés, Jorge_2025-11-19T21:17:34",0,False
"Benke, Márton_2025-11-19T21:17:36",0,False
"Mertinger, Valéria_2025-11-19T21:17:36",1,True
"Barkóczy, Péter_2025-11-19T21:17:36",0,False
"Hoppál, Krisztina_2025-11-19T21:17:36",0,False
"Schaarschmidt,Sebastian_2025-11-19T21:17:37",0,False
"Piontek,Nils_2025-11-19T21:17:37",0,False
"Poshekhonova, Olga E_2025-11-19T21:17:38",0,False
"Fatta, Giovanni_2025-11-19T21:17:38",1,True
"Campisi, Tiziana_2025-11-19T21:17:38",1,True
"Li Castri, Mario_2025-11-19T21:17:38",0,False
"Costa, Giuseppe_2025-11-19T21:17:38",1,True
"Ingham, Richard P._2025-11-19T21:29:15",1,True
"Müller, Barbara_2025-11-19T21:17:41",2,True
"Devos, Yannick_2025-11-19T21:17:54",1,True
"Gotfredsen, Anne Birgitte_2025-11-19T21:17:56",1,True
"Šmit, Žiga_2025-11-19T21:17:57",1,True
"Vrečič, Tomislav_2025-11-19T21:17:57",0,False
"Kaźmierczak, Ryszard_2025-11-19T21:17:59",1,True
"Noryśkiewicz, Agnieszka M._2025-11-19T21:17:59",0,False
Julie Bitz-Thorsen_2025-11-19T21:17:59,0,True
Mads Runge_2025-11-19T21:18:00,0,False
Mogens Bo Henriksen_2025-11-19T21:18:00,0,False
"Brandt, Luise Ørsted_2025-11-19T21:38:44",2,True
"Haase, Kirstine_2025-11-19T21:21:25",0,True
Krisztina Arany_2025-11-19T21:18:00,0,False
Anton Avar_2025-11-19T21:18:00,0,False
"Crabtree, Pam J._2025-11-19T21:17:18",1,True
"Curto, Ana_2025-11-19T21:18:04",0,False
"Mahoney, Patrick_2025-11-19T21:18:04",0,True
"Fahy, Geraldine_2025-11-19T21:18:04",0,False
"Fernandes, Teresa_2025-11-19T21:18:04",1,True
"Karle, Martina_2025-11-19T21:18:04",1,True
"Ferreira, Matthew Thomas_2025-11-19T21:18:04",0,False
"Andrén, Thomas_2025-11-19T21:18:06",0,True
"Nicolay, Johan_2025-11-19T21:18:11",1,True
"Miklós, András._2025-11-19T21:18:13",0,True
"Tanyi, Attila_2025-11-19T21:17:25",4,True
"Flege, S._2025-11-19T21:18:13",0,False
"Ensinger, W._2025-11-19T21:18:13",0,False
"Wolf, F._2025-11-19T21:18:13",0,False
"Weber, C._2025-11-19T21:18:13",0,False
"Seeberg, S._2025-11-19T21:18:13",0,False
"Sander, J._2025-11-19T21:18:13",0,False
"Schultz, J._2025-11-19T21:18:13",0,False
"Krekel, C._2025-11-19T21:18:13",1,True
"Tagle, R._2025-11-19T21:18:13",0,False
"Wittkopp, A._2025-11-19T21:18:13",0,False
"Laynesmith, M. D._2025-11-19T21:17:58",0,True
"Ditchfield, Simon_2025-11-19T21:18:13",1,True
"Methuen, Charlotte_2025-11-19T21:18:13",1,True
"Spicer, Andrew_2025-11-19T21:18:13",1,True
"Kuter, Mikhail_2025-11-19T21:18:13",0,True
"Gurskaya, Marina_2025-11-19T21:18:13",0,True
"De Luca, Giuseppe Massimiliano_2025-11-19T21:18:17",0,True
"Boldgiv, Bazartseren_2025-11-19T21:18:18",1,True
"Oppenheimer, Clive_2025-11-19T21:18:20",1,True
"Orchard, Andy_2025-11-19T21:18:20",1,True
"Stoffel, Markus_2025-11-19T21:18:20",1,True
"Newfield, Timothy P._2025-11-19T21:18:20",1,True
"Guillet, Sébastien_2025-11-19T21:18:20",1,True
"Sigl, Michael_2025-11-19T21:18:20",1,True
"Iterbeke, Hannah_2025-11-19T21:18:22",1,True
"Watteeuw, Lieve_2025-11-19T21:18:22",1,True
"Günther, Torsten_2025-11-19T21:18:24",1,True
"Litvina, A. F._2025-11-19T21:18:30",1,True
"Uspenskij, Fëdor Borisovič._2025-11-19T21:18:30",1,True
"Pyvovarov, Sergiy_2025-11-19T21:18:30",0,False
"Kalinichenko, Vitaliy_2025-11-19T21:18:30",0,False
"Fihurnyi, Yurii_2025-11-19T21:18:30",0,False
"Shakurova, Olha_2025-11-19T21:18:30",0,False
"Dell'Acqua, Francesca_2025-11-19T21:17:05",1,True
"Foletti, Ivan_2025-11-19T21:17:05",3,True
"Gheroldi, Vincenzo_2025-11-19T21:17:05",1,True
"Leal, Beatrice_2025-11-19T21:17:05",0,False
"Marazzani, Sara_2025-11-19T21:17:05",1,True
"Mitchell, John_2025-11-19T21:17:05",0,False
"Přichystalová, Renáta_2025-11-19T21:18:32",2,True
"Mandon, Fabrice_2025-11-19T21:18:33",0,True
"Linlaud, Mathieu_2025-11-19T21:18:33",1,True
"Cave, Christine M._2025-11-19T21:18:35",0,True
"Oxenham, Marc F._2025-11-19T21:18:35",1,True
"Beauchamp, Axel_2025-11-19T21:18:35",1,True
"Germain-Vallée, Cécile_2025-11-19T21:18:35",1,True
"Flohr, Stefan_2025-11-19T21:18:35",1,True
"Kierdorf, Uwe_2025-11-19T21:18:35",0,True
"Kierdorf, Horst_2025-11-19T21:18:35",0,True
"Nijdam, Han_2025-11-19T21:18:38",1,True
"Whitehill, Philippa_2025-11-19T21:18:38",0,False
"Tkalčec, Tatjana_2025-11-19T21:18:38",1,True
"Basar, Petra_2025-11-19T21:18:38",0,False
"Székely, György_2025-11-19T21:18:43",1,True
"Coste †, Michel_2025-11-19T21:18:47",1,True
"Prouteau, Rachel_2025-11-19T21:18:48",1,True
"Davrius, Aurélien_2025-11-19T21:18:49",1,True
"Didiot, Mylène_2025-11-19T21:18:49",1,True
"Trapp, Julien_2025-11-19T21:18:49",1,True
"Wagner, Pierre-Edouard_2025-11-19T21:18:49",1,True
"Kasprzyk, Michel_2025-11-19T21:18:49",1,True
"Jaccottey, Luc_2025-11-19T21:18:49",1,True
"Milleville, Annabelle_2025-11-19T21:18:49",1,True
"Lepareux-Couturier, Stéphanie_2025-11-19T21:18:51",1,True
"Robin, Boris_2025-11-19T21:18:51",1,True
"Fronteau, Gilles_2025-11-19T21:18:51",1,True
"Bourgeois, Luc_2025-11-19T21:18:56",1,True
"Balard, Michel_2025-11-19T21:18:57",1,True
"Lazaris, Stavros_2025-11-19T21:19:02",1,True
"Cristina, Amandine_2025-11-19T21:19:02",1,True
"Dupont, Hélène_2025-11-19T21:19:06",0,True
"Lefebvre, Raphaëlle_2025-11-19T21:19:06",1,True
"Broine, Éric_2025-11-19T21:19:06",1,True
"Bougault, Denis_2025-11-19T21:19:06",1,True
"Bazin, Gwenaëlle_2025-11-19T21:19:06",1,True
"Wagner, Anne_2025-11-19T21:19:09",1,True
"Krönert, Klaus_2025-11-19T21:19:10",1,True
"Mériaux, Charles_2025-11-19T21:19:10",1,True
"Helias-Baron, Marlene_2025-11-19T21:29:47",1,True
"Archan, Christophe_2025-11-19T21:19:38",1,True
"Masquilier, Amaury_2025-11-19T21:19:39",1,True
"Brogini, Anne_2025-11-19T21:19:39",1,True
"Pantalacci, Jean-Pierre_2025-11-19T21:19:39",1,True
"Viron, Olivier_2025-11-19T21:19:48",1,True
"Lespez, Laurent_2025-11-19T21:20:05",1,True
"Rollet, Anne-Julia_2025-11-19T21:20:05",1,True
"Delahaye, Daniel_2025-11-19T21:20:05",1,True
"Perrin, Dominique_2025-11-19T21:20:10",1,True
"Schœnstein, Frantz_2025-11-19T21:20:10",1,True
"Draelants, Isabelle_2025-11-19T21:20:13",1,True
"Frunzeanu, Eduard_2025-11-19T21:20:13",1,True
"Tys, Dries_2025-11-19T21:20:14",1,True
"Lloret, Sonia Gutiérrez_2025-11-19T21:39:28",1,True
"Lefebvre, Bastien_2025-11-19T21:20:16",1,True
"Moret, Pierre_2025-11-19T21:20:16",1,True
"Capron, François_2025-11-19T21:20:19",1,True
"Jeandemange, Sébastien_2025-11-19T21:20:22",1,True
"Franz, Thierry_2025-11-19T21:20:22",1,True
"Colleter, Rozenn_2025-11-19T21:20:24",1,True
Sleptsova A.V._2025-11-19T21:20:26,0,True
"Ławrynowicz, Olgierd_2025-11-19T21:41:18",2,True
Wojciech Wasiak_2025-11-19T21:20:27,0,False
"Ellingvåg, Sturla_2025-11-19T21:20:31",1,True
"Anderson, Eugene N._2025-11-19T21:20:37",2,True
"Andreenkova, Angelina_2025-11-19T21:20:39",0,True
"Berkmanas, Tomas_2025-11-19T21:20:39",1,True
"Jonaitis, Marius_2025-11-19T21:20:39",1,True
"Milčiuvienė, Saulė_2025-11-19T21:20:39",0,False
"Pranevičienė, Birutė_2025-11-19T21:20:39",0,False
"Šedbaras, Stasys_2025-11-19T21:20:39",0,False
"Vasiliauskienė, Violeta_2025-11-19T21:20:39",0,False
"Žurauskaitė, Evelina_2025-11-19T21:20:39",0,False
"Shank, Michael H._2025-11-19T21:20:40",1,True
"Lindberg, David C._2025-11-19T21:20:40",1,True
"Hambrecht, George_2025-11-19T21:20:40",0,True
"Briggs, Chris_2025-11-19T21:20:41",1,True
"Huygebaert, Stefan_2025-11-19T21:20:42",1,True
"Johnson, Hannah_2025-11-19T21:20:42",1,True
"Mikes, Tünde_2025-11-19T21:20:42",0,True
"de Montagut, Tomàs_2025-11-19T21:20:42",1,True
"de Brouwer, Jérôme_2025-11-19T21:20:42",1,True
"Rousseaux, Xavier_2025-11-19T21:20:42",1,True
"Dubois, Gaëlle_2025-11-19T21:20:42",1,True
"De Burchgraeve, Amandine_2025-11-19T21:20:42",0,False
"Florio, Riccardo_2025-11-19T21:20:44",1,True
"Della Corte, Teresa_2025-11-19T21:20:44",0,False
"Colucci, Angela_2025-11-19T21:20:44",0,True
"Lorenzini, Marcella_2025-11-19T21:20:44",1,True
"Limberger, Michael_2025-11-19T21:20:47",1,True
"De Vijlder, Nicolas_2025-11-19T21:20:47",0,False
"von Baerle, Ulrich Kromer_2025-11-19T21:20:48",0,False
"Brandl, Thomas_2025-11-19T21:20:48",0,True
"Rindel, Diego_2025-11-19T21:20:50",1,True
"Belardi, Juan Bautista_2025-11-19T21:20:50",1,True
"Bourlot, Tirso_2025-11-19T21:20:50",1,True
"Riddell, Scott_2025-11-19T21:20:52",0,True
"Gísladóttir, Guðrún_2025-11-19T21:20:52",0,True
"Nilsson, Anna_2025-11-19T21:20:52",0,False
"Palm, Lennart_2025-11-19T21:20:52",1,True
"Rosén, Christina_2025-11-19T21:20:52",1,True
"Corbineau, Rémi_2025-11-19T21:20:53",1,True
"Barbier-Pain, Delphine_2025-11-19T21:20:53",1,True
"Fornaciari, Gino_2025-11-19T21:20:53",1,True
"de Barros Damgaard, Peter_2025-11-19T21:21:08",0,False
"Marchi, Nina_2025-11-19T21:20:57",1,True
"Rasmussen, Simon_2025-11-19T21:20:57",1,True
"Peyrot, Michaël_2025-11-19T21:20:57",1,True
"Renaud, Gabriel_2025-11-19T21:20:57",1,True
"Korneliussen, Thorfinn_2025-11-19T21:20:57",0,True
"Moreno-Mayar, J. Víctor_2025-11-19T21:20:57",0,False
"Pedersen, Mikkel Winther_2025-11-19T21:20:57",0,False
"Goldberg, Amy_2025-11-19T21:20:57",0,True
"Usmanova, Emma_2025-11-19T21:20:57",0,True
"Baimukhanov, Nurbol_2025-11-19T21:20:57",0,False
"Loman, Valeriy_2025-11-19T21:20:57",0,True
"Pedersen, Anders Gorm_2025-11-19T21:20:57",0,True
"Nielsen, Kasper_2025-11-19T21:20:57",0,True
"Afanasiev, Gennady_2025-11-19T21:20:57",0,False
"Akmatov, Kunbolot_2025-11-19T21:20:57",0,False
"Aldashev, Almaz_2025-11-19T21:20:57",1,True
"Alpaslan, Ashyk_2025-11-19T21:20:57",0,False
"Baimbetov, Gabit_2025-11-19T21:20:57",0,False
"Bazaliiskii, Vladimir I._2025-11-19T21:20:57",0,False
"Beisenov, Arman_2025-11-19T21:20:57",0,False
"Boldbaatar, Bazartseren_2025-11-19T21:20:57",0,False
"Dorzhu, Choduraa_2025-11-19T21:20:57",0,False
"Erdenebaatar, Diimaajav_2025-11-19T21:20:57",0,False
"Dajani, Rana_2025-11-19T21:20:57",0,True
"Evdokimov, Valeriy_2025-11-19T21:20:57",0,False
"Gromov, Andrey_2025-11-19T21:20:57",0,False
"Goryachev, Alexander_2025-11-19T21:20:57",0,False
"Hakonarson, Hakon_2025-11-19T21:20:57",0,False
"Hegay, Tatyana_2025-11-19T21:20:57",0,False
"Khachatryan, Zaruhi_2025-11-19T21:20:57",0,False
"Khaskhanov, Ruslan_2025-11-19T21:20:57",0,False
"Kolbina, Alina_2025-11-19T21:20:57",0,False
"Kukushkin, Igor_2025-11-19T21:20:57",0,True
"Lau, Nina_2025-11-19T21:20:57",1,True
"Margaryan, Ashot_2025-11-19T21:20:57",0,True
"Merkyte, Inga_2025-11-19T21:20:57",1,True
"Mertz, Ilya V._2025-11-19T21:20:57",0,False
"Mertz, Viktor K._2025-11-19T21:20:57",0,False
"Mijiddorj, Enkhbayar_2025-11-19T21:20:57",0,False
"Mukhtarova, Gulmira_2025-11-19T21:20:57",0,False
"Schibille, Nadine_2025-11-19T21:20:57",1,True
"Bencsik, Attila_2025-11-19T21:20:58",1,True
"Fogl, Ágnes_2025-11-19T21:20:58",0,False
"Galbács, Gábor_2025-11-19T21:20:58",0,False
"Buckland, Philip I._2025-11-19T21:20:59",1,True
"Buchet, L._2025-11-19T21:21:00",0,False
"Caussinus, H._2025-11-19T21:21:00",1,True
"Courgeau, D._2025-11-19T21:21:00",1,True
"Seguy, I._2025-11-19T21:21:00",0,False
"Dutton, Edward_2025-11-19T21:21:01",1,True
"Madison, Guy_2025-11-19T21:21:01",0,False
"Mühlemann, Barbara_2025-11-19T21:21:01",0,True
"Jones, Terry C_2025-11-19T21:31:39",1,True
"Allentoft, Morten E._2025-11-19T21:21:01",1,True
"Shevnina, Irina_2025-11-19T21:21:01",0,True
"Logvin, Andrey_2025-11-19T21:21:01",0,True
"Panyushkina, Irina P._2025-11-19T21:21:01",0,False
"Bazartseren, Tsevel_2025-11-19T21:21:01",0,False
"Tashbaeva, Kadicha_2025-11-19T21:21:01",1,True
"Merz, Victor_2025-11-19T21:21:01",1,True
"Voyakin, Dmitry_2025-11-19T21:21:01",0,False
"Epimakhov, Andrey_2025-11-19T21:21:01",1,True
"Pokutta, Dalia_2025-11-19T21:21:01",2,True
"Vicze, Magdolna_2025-11-19T21:21:01",0,False
"Hansen, Anders Johannes_2025-11-19T21:38:41",0,True
"Sikora, Martin_2025-11-19T21:21:01",0,True
"Vinner, Lasse_2025-11-19T21:21:01",0,True
"Osterhaus, Albert D. M. E._2025-11-19T21:21:01",0,False
"Smith, Derek J._2025-11-19T21:21:01",0,True
"Glebe, Dieter_2025-11-19T21:21:01",0,False
"Fouchier, Ron A. M._2025-11-19T21:21:01",1,True
"Drosten, Christian_2025-11-19T21:21:01",1,True
"Sjögren, Karl-Göran_2025-11-19T21:21:01",1,True
"Kristiansen, Kristian_2025-11-19T21:21:01",1,True
"MARTIN, JOANNA M._2025-11-19T21:50:43",1,True
"Dolgikh, A. V._2025-11-19T21:21:12",0,False
"Voronin, K. V._2025-11-19T21:21:12",0,False
"Solomina, O. N._2025-11-19T21:21:12",0,False
"Frison, Guido_2025-11-19T21:21:12",0,True
"Brun, Giulia_2025-11-19T21:21:12",0,False
"Dmitrieva, S. O._2025-11-19T21:21:13",0,True
"Frontasyeva, M. V._2025-11-19T21:21:13",1,True
"Dmitriev, A. A._2025-11-19T21:21:13",0,False
"Dmitriev, A. Yu_2025-11-19T21:21:13",0,False
"Mayer, Debora D._2025-11-19T21:21:14",1,True
"Mayo, Hope_2025-11-19T21:21:14",1,True
"Mysak, Erin_2025-11-19T21:21:14",1,True
"Smith, Theresa J._2025-11-19T21:21:14",0,False
"Eremin, Katherine_2025-11-19T21:21:14",1,True
"Dreesen, Roland_2025-11-19T21:21:15",1,True
"Wingfield, Emily_2025-11-19T21:21:22",1,True
"Lyon, Jonathan Reed_2025-11-19T21:21:37",1,True
"Lis, Kinga_2025-11-19T21:22:02",1,True
Katolicki Uniwersytet Lubelski Jana Pawła II_2025-11-19T21:22:02,1,True
"Antón Sánchez, Raquel_2025-11-19T21:22:16",0,False
"Ramón Fernández, Francisca_2025-11-19T21:22:16",0,False
"González Zymla, Herbert_2025-11-19T21:22:17",1,True
"Prieto López, Diego_2025-11-19T21:22:17",0,False
"Müsegades, Benjamin_2025-11-19T21:22:17",1,True
"Klingner, Jens_2025-11-19T21:22:17",1,True
"Rosado Flores, Manuel Jesús_2025-11-19T21:22:20",0,False
"Ocon Roncal, Roger Elías_2025-11-19T21:22:20",0,False
"Navarrete Mejía, Pedro Javier_2025-11-19T21:22:20",0,False
"Loayza Alarico, Manuel Jesús_2025-11-19T21:22:20",0,False
"Soto Rubio, Ana_2025-11-19T21:22:20",0,True
"Savall Rodríguez, María Francisca_2025-11-19T21:22:20",0,False
"Casaña Granell, Sara_2025-11-19T21:22:20",0,False
"Molina Aguilar, Pilar_2025-11-19T21:22:20",0,False
"Giner Blasco, Juan Antonio_2025-11-19T21:22:20",0,False
"Zorio Grima, Esther_2025-11-19T21:22:20",0,False
"Suissa Castelló, Esther_2025-11-19T21:22:20",0,False
"Pérez Marín, Marián_2025-11-19T21:22:20",0,False
"Barreto Martín, María Pilar_2025-11-19T21:22:20",0,False
"Linares Cánovas, Liyansis Bárbara_2025-11-19T21:22:20",0,False
"Linares Cánovas, Lázaro Pablo_2025-11-19T21:22:20",0,False
"Hoyo Alfonso, Yoel_2025-11-19T21:22:20",0,False
"Linares Castillo, Andrés_2025-11-19T21:22:20",0,False
"Bernardo Gonçalves Marques, Ermelinda María_2025-11-19T21:22:21",1,True
"Rabaça Lucas, Joana Maria_2025-11-19T21:22:21",0,False
"Videira, Luís_2025-11-19T21:22:21",0,False
"Pinto Bárbara, Eduardo Manuel_2025-11-19T21:22:21",0,False
"Ponseti Verdaguer, Francesc Xavier_2025-11-19T21:22:21",0,False
"Garcia Mas, Alexandre_2025-11-19T21:22:21",0,False
"Cantallops Ramón, Jaume_2025-11-19T21:22:21",0,False
"Vidal Conti, Josep_2025-11-19T21:22:21",0,False
"van Oortmerssen, Gert_2025-11-19T21:22:37",1,True
"Nobles, Gary_2025-11-19T21:22:37",1,True
"Armstrong, Chelsey Geralda_2025-11-19T21:22:38",0,False
"Parmakelis, Aristeidis_2025-11-19T21:22:38",0,False
"Shoemaker, Anna C_2025-11-19T21:22:38",0,False
"McKechnie, Iain_2025-11-19T21:22:38",0,True
"Ekblom, Anneli_2025-11-19T21:22:38",1,True
"Szabó, Péter_2025-11-19T21:22:38",1,True
"McAlvay, Alex C_2025-11-19T21:22:38",0,False
"Boles, Oliver J_2025-11-19T21:22:38",0,False
"Walshaw, Sarah_2025-11-19T21:22:38",2,True
"Petek, Nik_2025-11-19T21:22:38",1,True
"Gibbons, Kevin S_2025-11-19T21:22:38",0,False
"Quintana Morales, Erendira_2025-11-19T21:22:38",0,False
"Ibragimow, Aleksandra_2025-11-19T21:22:38",1,True
"Podruczny, Grzegorz_2025-11-19T21:22:38",1,True
"Vamosi, Jana C_2025-11-19T21:22:38",0,False
"Marks-Block, Tony_2025-11-19T21:22:38",0,False
"LeCompte, Joyce K_2025-11-19T21:22:38",0,False
"Awâsis, Sākihitowin_2025-11-19T21:22:38",0,False
"Nabess, Carly_2025-11-19T21:22:38",0,False
"Sinclair, Paul_2025-11-19T21:22:38",0,False
"Crumley, Carole L_2025-11-19T21:22:38",1,True
"Lamoneda Prieto, Javier_2025-11-19T21:22:41",0,True
"Huertas Delgado, Francisco Javier_2025-11-19T21:22:41",0,False
"Ljungkvist, John_2025-11-19T21:14:17",1,True
بالار، ميشيل_2025-11-19T21:22:48,0,False
"Dennerlein, Bettina_2025-11-19T21:22:49",2,True
"Abdelmonem, Angie_2025-11-19T21:22:56",0,False
"Leloup, Ward_2025-11-19T21:23:02",0,False
"Blankenfeldt, Ruth_2025-11-19T21:23:12",0,True
"Borg, Barbara E._2025-11-19T21:30:40",2,True
"Lővei, Pál_2025-11-19T21:31:00",0,True
"Kaeuper, Richard W._2025-11-19T21:24:04",1,True
"Helmholz, Richard H._2025-11-19T21:29:59",0,False
"Sasse, Barbara_2025-11-19T21:39:33",0,False
"PATZOLD, STEFFEN_2025-11-19T21:25:30",1,True
"Reilly, Eileen_2025-11-19T21:25:30",1,True
"Stephenson, Rebecca_2025-11-19T21:27:10",1,True
"Corrò, Elisa_2025-11-19T21:28:00",1,True
"Mozzi, Paolo_2025-11-19T21:28:00",1,True
"Jensen, Jørn B._2025-11-19T21:28:34",0,False
"Endler, Rudolf_2025-11-19T21:28:34",0,False
"Karlsson, Jon_2025-11-19T21:28:37",1,True
"Rydberg, Johan_2025-11-19T21:28:37",0,True
"Berg Nilsson, Lena_2025-11-19T21:28:37",0,True
"Biester, Harald_2025-11-19T21:28:37",1,True
"Mol, Johannes A._2025-11-19T21:23:10",1,True
"Rott, Andreas_2025-11-19T21:28:38",0,False
"Scholz, Ulrike_2025-11-19T21:28:38",1,True
"von Heyking, Kristin_2025-11-19T21:28:38",0,False
"Immler, Franziska_2025-11-19T21:28:38",0,False
"Harbeck, Michaela_2025-11-19T21:28:38",1,True
"Davidović, Slobodan_2025-11-19T21:22:39",0,True
"Topalović, Vladanka_2025-11-19T21:22:39",1,True
"Litvinov, Andrey_2025-11-19T21:22:39",0,False
"Skonieczna, Katarzyna_2025-11-19T21:22:39",0,True
"Rogalla, Urszula_2025-11-19T21:22:39",1,True
"Stevanović, Milena_2025-11-19T21:22:39",0,False
"Kovacevic-Grujicic, Natasa_2025-11-19T21:28:39",0,False
"Zerpe, Birgitta Strandberg_2025-11-19T21:28:40",0,True
"Høyer, J. L._2025-11-19T21:28:40",0,False
"Kastholm, Ole_2025-11-19T21:28:42",0,False
"David, Bruno_2025-11-19T21:28:43",2,True
"McNiven, Ian J._2025-11-19T21:28:43",1,True
"Goldhahn, Joakim_2025-11-19T21:28:43",2,True
"Haliuc, Aritina_2025-11-19T21:28:44",1,True
"Veres, Daniel_2025-11-19T21:28:44",1,True
"Hubay, Katalin_2025-11-19T21:28:44",0,False
"Hutchinson, Simon M._2025-11-19T21:28:44",0,True
"Begy, Robert_2025-11-19T21:28:44",0,False
"Braun, Mihaly_2025-11-19T21:28:44",0,False
"Szal, Marta_2025-11-19T21:28:44",0,True
"Tylmann, Wojciech_2025-11-19T21:28:44",1,True
"Stamatoyannopoulos, George_2025-11-19T21:28:44",1,True
"Bose, Aritra_2025-11-19T21:28:44",1,True
"Teodosiadis, Athanasios_2025-11-19T21:28:44",0,False
"Tsetsos, Fotis_2025-11-19T21:28:44",0,True
"Plantinga, Anna_2025-11-19T21:28:44",0,False
"Psatha, Nikoletta_2025-11-19T21:28:44",0,False
"Zogas, Nikos_2025-11-19T21:28:44",0,False
"Yannaki, Evangelia_2025-11-19T21:28:44",0,False
"Zalloua, Pierre_2025-11-19T21:28:44",0,True
"Kidd, Kenneth K_2025-11-19T21:28:44",1,True
"Browning, Brian L_2025-11-19T21:28:44",0,True
"Stamatoyannopoulos, John_2025-11-19T21:28:44",0,True
"Paschou, Peristera_2025-11-19T21:28:44",0,False
"Drineas, Petros_2025-11-19T21:28:44",1,True
"Kielbasinski Podlaszewska, O_2025-11-19T21:28:46",0,False
"Bekvalac, Jelena_2025-11-19T21:31:05",0,False
"Williams, R L_2025-11-19T21:28:46",0,False
"Adds, Philip_2025-11-19T21:31:05",0,False
"Verstege, Anne_2025-11-19T21:28:47",0,False
"Sangüesa-Barreda, Gabriel_2025-11-19T21:28:47",0,True
"Wagner, Sebastian_2025-11-19T21:28:47",1,True
"Camarero, J. Julio_2025-11-19T21:28:47",0,False
"Konter, Oliver_2025-11-19T21:28:47",1,True
"Gärtner, Holger_2025-11-19T21:28:47",1,True
"Cherubini, Paolo_2025-11-19T21:28:47",1,True
"Kim, Hwa-Seon_2025-11-19T21:28:47",0,True
"Jeong, Kyeong-Ouk_2025-11-19T21:28:47",0,True
"Bäckström, Ylva_2025-11-19T21:18:30",1,True
"Ingvarsson-Sundström, Anne_2025-11-19T21:18:30",1,True
Frank Abrahams_2025-11-19T21:28:47,1,True
Paul D. Head_2025-11-19T21:28:47,1,True
Simon Carrington_2025-11-19T21:28:47,0,False
Jason Vodicka_2025-11-19T21:28:47,0,False
"Coelho, C._2025-11-19T21:28:48",0,True
"Navega, D._2025-11-19T21:28:48",0,False
"Cunha, E._2025-11-19T21:28:48",0,True
"Wasterlain, Sofia N_2025-11-19T21:38:49",0,True
"Anchukaitis, Kevin J._2025-11-19T21:28:48",0,True
"D'Arrigo, Rosanne_2025-11-19T21:22:42",1,True
"Schneider, Lea_2025-11-19T21:26:48",1,True
"Ortega, Adrian E_2025-11-19T21:28:49",0,False
"Gesek, Alan_2025-11-19T21:28:49",0,False
"Linnebur, Megan_2025-11-19T21:28:49",0,False
"Cologne, Kyle G_2025-11-19T21:28:49",0,False
"Edwards, Thomas W.D._2025-11-19T21:28:50",0,True
"Hammarlund, Dan_2025-11-19T21:16:08",0,True
"Newton, Brandi W._2025-11-19T21:28:50",0,False
"Sjolte, Jesper_2025-11-19T21:28:50",0,False
"Sturm, Christophe_2025-11-19T21:28:50",0,False
"St Amour, Natalie A._2025-11-19T21:28:50",0,False
"Bailey, Joscelyn N.-L._2025-11-19T21:28:50",0,False
"Nilsson, Anders L._2025-11-19T21:28:50",0,False
"Rizzetto, Mauro_2025-11-19T21:28:50",2,True
"Russ, Hannah_2025-11-19T21:28:50",1,True
"Brewington, Seth_2025-11-19T21:28:50",0,False
"Feeley, Frank J._2025-11-19T21:28:50",0,False
"Dupont-Hébert, Céline_2025-11-19T21:28:50",1,True
"Prehal, Brenda_2025-11-19T21:28:50",0,False
"Buglione, Antonietta_2025-11-19T21:28:50",1,True
"Kendler, Kenneth S_2025-11-19T21:28:52",1,True
"Ohlsson, Henrik_2025-11-19T21:28:52",1,True
"Sundquist, Kristina_2025-11-19T21:28:52",0,True
"Sundquist, Jan_2025-11-19T21:28:52",0,False
"Kalaitzoglou, Georg_2025-11-19T21:28:53",1,True
"Højen Sørensen, Annette_2025-11-19T21:28:53",1,True
"Barrett, Graham_2025-11-19T21:16:37",1,True
"van Helmond, Niels A.G.M._2025-11-19T21:28:53",0,True
"Obrochta, Stephen P._2025-11-19T21:28:53",0,False
"Slomp, Caroline P._2025-11-19T21:28:53",0,False
"Savelkouls, Jorieke_2025-11-19T21:28:54",0,True
"Kolling, Henriette M._2025-11-19T21:28:54",0,False
"Fahl, Kirsten_2025-11-19T21:28:54",1,True
"Spigelman, Mark_2025-11-19T21:28:56",1,True
"Donoghue, Helen D_2025-11-19T21:28:56",0,False
"Noel, Adam B._2025-11-19T21:28:56",0,True
"Abdaoui, Abderrazak_2025-11-19T21:28:56",0,True
"Elfouly, Tarek_2025-11-19T21:28:56",0,True
"Ahmed, Mohamed Hossam_2025-11-19T21:28:56",0,True
"Badawy, Ahmed_2025-11-19T21:28:56",0,True
"Shehata, Mohamed S._2025-11-19T21:28:56",0,True
"Zagoris, Konstantinos_2025-11-19T21:28:56",0,True
"Pratikakis, Ioannis_2025-11-19T21:28:56",0,True
"Gatos, Basilis_2025-11-19T21:28:56",1,True
"Brodic, D._2025-11-19T21:28:56",0,True
"Amelio, A._2025-11-19T21:28:56",0,True
"Jeon, Seil_2025-11-19T21:28:56",0,True
"Figueiredo, Sergio_2025-11-19T21:28:56",2,True
"Prazina, I._2025-11-19T21:28:57",0,True
"Okanovic, V._2025-11-19T21:28:57",0,True
"Balic, K._2025-11-19T21:28:57",0,True
"Stevens, Francis_2025-11-19T21:28:57",0,True
"Murphy, Damian T._2025-11-19T21:28:57",0,True
"Valimaki, Vesa_2025-11-19T21:28:57",1,True
"Papadopoulos, Costas_2025-11-19T21:28:57",0,True
"Moyes, Holley_2025-11-19T21:28:57",1,True
"Pásztor, Emilia_2025-11-19T21:28:57",1,True
"Star, Bastiaan_2025-11-19T21:28:58",0,True
"Boessenkool, Sanne_2025-11-19T21:28:58",0,True
"Gondek, Agata T._2025-11-19T21:34:28",0,False
"Knutsen, Halvor_2025-11-19T21:28:58",1,True
"Nistelberger, Heidi M_2025-11-19T21:28:58",0,False
"Dierking, Jan_2025-11-19T21:28:58",1,True
"Petereit, Christoph_2025-11-19T21:28:58",1,True
"Jakobsen, Kjetill S_2025-11-19T21:28:58",0,False
"Jentoft, Sissel_2025-11-19T21:28:58",0,True
"Drozd-Lipińska, Alicja_2025-11-19T21:28:58",1,True
"Burns, Annika_2025-11-19T21:28:58",0,False
"Pickering, Matthew D._2025-11-19T21:28:58",0,False
"Green, Kimberley A._2025-11-19T21:28:58",0,False
"Pinder, Adam P._2025-11-19T21:28:58",0,True
"Loog, Liisa_2025-11-19T21:28:58",0,True
"Barnett, Ross_2025-11-19T21:28:58",1,True
"Paxinos, Ptolemaios D._2025-11-19T21:28:58",0,False
"Lebrasseur, Ophélie_2025-11-19T21:28:58",1,True
"Manica, Andrea_2025-11-19T21:28:58",0,False
"Larson, Greger_2025-11-19T21:28:58",0,False
"Eriksson, Anders_2025-11-19T21:28:58",1,True
"Sanzo, Joseph E._2025-11-19T21:28:59",1,True
"Korsvoll, Nils H._2025-11-19T21:28:59",1,True
"Sylvester, Louise_2025-11-19T21:29:00",1,True
"Marcus, Imogen_2025-11-19T21:29:00",1,True
"Sobrado, Veronica_2025-11-19T21:18:24",0,True
"Jakobsson, Mattias_2025-11-19T21:18:24",1,True
"Unander-Scharin, Åsa_2025-11-19T21:29:01",0,False
"Unander-Scharin, Carl_2025-11-19T21:29:01",1,True
"Mirri, Silvia_2025-11-19T21:29:01",1,True
"Roccetti, Marco_2025-11-19T21:29:01",0,True
"Salomoni, Paola_2025-11-19T21:29:01",0,True
"Prandi, Catia_2025-11-19T21:29:01",0,True
"Shakoor, Md Tahmid_2025-11-19T21:29:01",0,True
"Rahman, Karishma_2025-11-19T21:29:01",0,True
"Rayta, Sumaiya Nasrin_2025-11-19T21:29:01",0,True
"Chakrabarty, Amitabha_2025-11-19T21:29:01",0,True
"Ogilvie, A.E.J._2025-11-19T21:29:01",0,True
"Ingimundarson, Jón Haukur_2025-11-19T21:29:01",0,False
"Meier, Mischa_2025-11-19T21:29:02",1,True
"Rieger, A._2025-11-19T21:29:03",0,False
"Orschiedt, J._2025-11-19T21:29:03",1,True
"Valdivia Herrero, Lázaro Gerardo_2025-11-19T21:22:20",0,True
"García Orozco, Lucas_2025-11-19T21:22:20",0,True
"Escalona Rabaza, Milagros_2025-11-19T21:22:20",0,True
"Arzuaga Martí, Yamila Bárbara_2025-11-19T21:22:20",0,True
"Sánchez Miño, Jorge Isaac_2025-11-19T21:22:20",0,True
M. G. D'Urso_2025-11-19T21:29:07,0,False
"Corsi, Ester_2025-11-19T21:38:05",0,True
"Nemeti, S._2025-11-27T19:23:41",0,False
"Germani, M._2025-11-27T19:23:41",0,False
"Arias, Santa_2025-11-19T21:29:14",1,True
"Teglia, Vanina María_2025-11-19T21:29:14",0,False
"Glaser, Amelia_2025-12-29T18:09:00",0,False
"Koznarsky, Taras_2025-12-29T18:09:00",0,False
"Vorster, Jacobus M._2025-11-19T21:29:37",0,False
"Abry, Christian_2025-11-19T21:29:34",1,True
"Armand, Fabio_2025-11-19T21:29:34",1,True
"Cathiard, Marie-Agnes_2025-11-19T21:29:34",1,True
"Bøsterud, Morten_2025-11-19T21:29:37",0,False
"Sukdaven, Maniraj_2025-11-19T21:29:37",1,True
"Ahmed, Shoayb_2025-11-19T21:29:37",0,False
"Korumaz, Mustafa_2025-11-19T21:29:37",0,True
"Betti, Michele_2025-11-19T21:29:37",1,True
"Conti, Alessandro_2025-11-19T21:29:37",1,True
"Tucci, Grazia_2025-11-19T21:29:37",1,True
"Bartoli, Gianni_2025-11-19T21:29:37",1,True
"Bonora, Valentina_2025-11-19T21:29:37",1,True
"Korumaz, Armağan Güleç_2025-11-19T21:29:37",0,False
"Fiorini, Lidia_2025-11-19T21:29:37",0,False
"Filzwieser, Roland_2025-11-19T21:29:37",0,True
"Olesen, Lis Helles_2025-11-19T21:29:37",1,True
"Neubauer, Wolfgang_2025-11-19T21:29:37",1,True
"Trinks, Immo_2025-11-19T21:29:37",2,True
"Mauritsen, Esben Schlosser_2025-11-19T21:29:37",0,False
"Schneidhofer, Petra_2025-11-19T21:29:37",0,True
"Nau, Erich_2025-11-19T21:29:37",0,True
"Gabler, Manuel_2025-11-19T21:29:37",0,False
"Murthy, S Rajashekara_2025-11-19T21:29:46",0,True
"Akshatha, A. N._2025-11-19T21:29:46",0,True
"Upadhyaya, Chandana G_2025-11-19T21:29:46",0,True
"Kumar, P. Ramakanth_2025-11-19T21:29:46",0,True
"Bujdoso, Gyongyi_2025-11-19T21:29:46",0,True
"Banterle, Francesco_2025-11-19T21:29:47",1,True
"Itkin, Barak_2025-11-19T21:29:47",0,True
"Dellepiane, Matteo_2025-11-19T21:29:47",0,True
"Wolf, Lior_2025-11-19T21:29:47",0,True
"Callieri, Marco_2025-11-19T21:29:47",0,True
"Dershowitz, Nachum_2025-11-19T21:29:47",1,True
"Scopigno, Roberto_2025-11-19T21:29:47",0,True
"Gropp, Martin_2025-11-19T21:29:47",0,True
"Fiel, Stefan_2025-11-19T21:29:47",0,True
"Maier, Andreas_2025-11-19T21:29:47",1,True
"Šantić, Žarko_2025-11-19T21:29:49",0,True
"Pravdić, Nikolina_2025-11-19T21:29:49",0,True
"Bevanda, Milenko_2025-11-19T21:29:49",0,True
"Galić, Kristina_2025-11-19T21:29:49",0,True
"Triska, Petr_2025-11-19T21:29:49",1,True
"Chekanov, Nikolay_2025-11-19T21:29:49",0,False
"Stepanov, Vadim_2025-11-19T21:29:49",0,True
"Kumar, Ganesh Prasad Arun_2025-11-19T21:29:49",0,False
"Babalyan, Konstantin_2025-11-19T21:29:49",0,False
"Boulygina, Eugenia_2025-11-19T21:29:49",0,False
"Kharkov, Vladimir_2025-11-19T21:29:49",0,False
"Gubina, Marina_2025-11-19T21:29:49",0,False
"Khitrinskaya, Irina_2025-11-19T21:29:49",0,False
"Khrameeva, Ekaterina E_2025-11-19T21:29:49",0,True
"Konovalova, Natalia_2025-11-19T21:29:49",0,False
"Marusin, Andrey_2025-11-19T21:29:49",0,False
"Mazur, Alexandr M_2025-11-19T21:29:49",0,False
"Puzyrev, Valery_2025-11-19T21:29:49",1,True
"Ivanoshchuk, Dinara_2025-11-19T21:29:49",0,False
"Spiridonova, Maria_2025-11-19T21:29:49",0,False
"Teslyuk, Anton_2025-11-19T21:29:49",0,False
"Tsygankova, Svetlana_2025-11-19T21:29:49",0,False
"Triska, Martin_2025-11-19T21:29:49",0,False
"Trofimova, Natalya_2025-11-19T21:29:49",0,False
"Vajda, Edward_2025-11-19T21:29:49",1,True
"Baranova, Ancha_2025-11-19T21:29:49",0,False
"Skryabin, Konstantin_2025-11-19T21:29:49",0,False
"Tatarinova, Tatiana V_2025-11-19T21:29:49",2,True
"Shved, Natallia_2025-11-19T21:15:36",0,False
"Yose, Joseph_2025-11-19T21:18:12",0,True
"Kenna, Ralph_2025-11-19T21:18:12",1,True
"MacCarron, Máirín_2025-11-19T21:22:12",1,True
"MacCarron, Pádraig_2025-11-19T21:18:12",1,True
"Herva, Vesa-Pekka_2025-11-19T21:29:50",1,True
"Cranmer, Frank_2025-11-19T21:29:59",1,True
"Hill, Mark_2025-11-19T21:29:59",1,True
"Kenny, Celia_2025-11-19T21:29:59",0,False
"Sandberg, Russell_2025-11-19T21:29:59",1,True
"Carminati, Fabio_2025-11-19T21:30:02",1,True
"Mariani, Andrea_2025-11-19T21:30:02",1,True
"Wouters, Barbora_2025-11-19T21:30:08",0,True
"Lyons, Susan_2025-11-19T21:30:16",0,False
"O’Carroll, Ellen_2025-11-19T21:30:16",0,False
"O’Donnell, Lorna_2025-11-19T21:30:16",0,False
"Stuijts, Ingelise_2025-11-19T21:30:16",0,False
"Esders, Stefan_2025-11-19T21:27:23",1,True
"Heil, Uta_2025-11-19T21:30:35",2,True
"Ulrich, Jörg_2025-11-19T21:30:35",1,True
"Tether, Leah_2025-11-19T21:30:37",1,True
"McFadyen, Johnny_2025-11-19T21:30:37",1,True
"Baier, Katharina_2025-11-19T21:30:37",1,True
"Schäfke, Werner_2025-11-19T21:30:37",1,True
"Hömke, Nicola_2025-11-19T21:30:40",1,True
"Chiai, Gian Franco_2025-11-19T21:30:40",1,True
"Jenik, Antonia_2025-11-19T21:30:40",1,True
"Reich, Szabina_2025-11-19T21:31:00",0,False
"Kulcsár, Mihály_2025-11-19T21:31:00",0,False
"Lángi, József_2025-11-19T21:31:00",1,True
"Bartos, György_2025-11-19T21:23:13",0,False
"de Langen, Gilles J._2025-11-19T21:23:10",0,False
"Wolf, Kirsten_2025-11-19T21:24:21",1,True
"Barbier, Johanna_2025-11-19T21:31:37",0,False
"Kenny, Patricia_2025-11-19T21:31:37",1,True
"Young, Jordan_2025-11-19T21:31:37",0,True
"Normand, Jean-Marie_2025-11-19T21:31:37",0,True
"Keane, Mark T._2025-11-19T21:31:37",1,True
"O'Sullivan, Muiris_2025-11-19T21:31:37",1,True
"Ventresque, Anthony_2025-11-19T21:31:37",1,True
"Fritsch, Dieter_2025-11-19T21:31:37",0,True
"Klein, Michael_2025-11-19T21:31:37",1,True
"Carpiceci, Marco_2025-11-19T21:31:37",0,False
"Russo, Michele_2025-11-19T21:31:37",0,True
"Angelini, Andrea_2025-11-19T21:31:37",1,True
"Thekkemuriyil Antony, Mathew_2025-11-19T21:31:38",0,False
"Goddeeris, Idesbald_2025-11-19T21:31:38",1,True
"Stanfill, Jonathan P._2025-11-19T21:36:35",0,False
"Schneidider, Adam W._2025-11-19T21:31:39",0,False
Yanko Nataliia Valentinovna_2025-11-19T21:31:46,0,False
Artemyev Andrij Vladislavovich_2025-11-19T21:31:46,0,False
Kaskova Lyudmyla Fedorivna_2025-11-19T21:31:46,0,False
"Mills, Kristen_2025-11-19T21:31:47",0,False
"Mafukata, Mavhungu Abel_2025-11-19T21:32:11",1,True
"Musitha, Mavhungu Elias_2025-11-19T21:32:11",0,True
"Goebel, Bernd_2025-11-19T21:32:23",1,True
박현숙_2025-11-19T21:32:24,0,False
Park Hyun-sook_2025-11-19T21:32:24,0,False
"Lupack, Alan_2025-11-19T21:32:26",1,True
Gavrilović-Vitas Nadežda M._2025-11-19T21:37:52,0,True
Milošević-Jevtić Gordana D._2025-11-19T21:37:52,0,False
Crnoglavac Vesna_2025-11-19T21:34:09,1,True
"Kossieris, S._2025-11-27T19:23:43",0,True
"Kourounioti, O._2025-11-27T19:23:43",0,True
"Agrafiotis, P._2025-11-27T19:23:43",0,True
"Georgopoulos, A._2025-11-27T19:23:43",0,False
Khasenova Bakhyt M._2025-11-19T21:34:12,0,False
Khabdulia Maral K._2025-11-19T21:34:12,0,False
"Penkman, Kirsty E. H._2025-11-19T21:32:18",0,False
"Newton, Jason_2025-11-19T21:32:18",0,False
"Lozano, Sergi_2025-11-19T21:32:18",0,False
"Alterauge, Amelie_2025-11-19T21:15:36",1,True
"Kellinghaus, Manuel_2025-11-19T21:15:36",1,True
"Jackowski, Christian_2025-11-19T21:15:36",0,True
"Rosendahl, Wilfried_2025-11-19T21:15:36",1,True
"Hoon Shin, Dong_2025-11-19T21:32:18",0,False
"HONG, Yong Jin_2025-11-19T21:34:29",1,True
"PARK, Sam Hun_2025-11-19T21:34:29",0,False
"Trupinda, Janusz_2025-11-19T21:29:49",1,True
Tataurov PhS._2025-11-19T21:34:30,0,False
"Sagona, Antonio_2025-11-19T21:34:32",1,True
"Sagona, Claudia_2025-11-19T21:34:32",1,True
"Michalewicz, Aleksandra_2025-11-19T21:34:32",1,True
"Mackman, Jonathan_2025-11-19T21:34:35",1,True
"Gál, Judit_2025-11-19T21:34:37",1,True
"Jovanovic, Kosana_2025-11-19T21:34:37",1,True
"Miljan, Suzana_2025-11-19T21:34:37",1,True
"Campana, Douglas V._2025-11-19T21:34:38",1,True
"DeGregorio, Scott_2025-11-19T21:34:39",1,True
"THORNBURY, EMILY V._2025-11-19T21:50:22",1,True
"Coningham, Robin_2025-11-19T21:34:42",1,True
"Manuel, Mark_2025-11-19T21:34:42",1,True
"Gunawardhana, Prishanta_2025-11-19T21:34:42",1,True
"Cool, Hilary_2025-11-19T21:34:43",1,True
"Ellis, Blanche_2025-11-19T21:34:43",0,False
"Zeepvat, Robert_2025-11-19T21:34:43",0,False
"Vose, Robin_2025-11-19T21:34:49",1,True
"Thomas, Rebecca_2025-11-19T21:35:01",1,True
"Callander, David_2025-11-19T21:35:01",1,True
"Bernal-Casasola, Darío_2025-11-19T21:35:36",1,True
"Gardeisen, Armelle_2025-11-19T21:35:36",1,True
"Morgenstern, Peggy_2025-11-19T21:35:36",1,True
"Piqués, Gäel_2025-11-19T21:35:36",1,True
"Theodoropoulou, Tatiana_2025-11-19T21:35:36",1,True
"CHEN, SANPING_2025-11-19T21:35:49",1,True
"MAIR, VICTOR H_2025-11-19T21:35:49",1,True
"Hua, Quan_2025-11-19T21:35:51",1,True
"Cook, Duncan_2025-11-19T21:35:51",0,True
"Fohlmeister, Jens_2025-11-19T21:35:51",1,True
"Penny, Dan_2025-11-19T21:35:51",0,True
"Buckman, Solomon_2025-11-19T21:35:51",0,False
"Bowie, Karin_2025-11-19T21:35:53",2,True
"Raffe, Alasdair_2025-11-19T21:35:53",1,True
"BUELL, PAUL D._2025-11-19T21:35:54",1,True
"KOLBAS, JUDITH_2025-11-19T21:35:54",0,False
"Minter, Faye_2025-11-19T21:35:54",0,False
"Plouviez, Judith_2025-11-19T21:35:54",0,True
"Trachet, Jan_2025-11-19T21:36:04",0,True
"Essink, K._2025-11-19T21:23:10",0,False
"Oost, A.P._2025-11-19T21:36:15",1,True
"Streurman, H.J._2025-11-19T21:36:15",0,True
"Van der Plicht, J._2025-11-19T21:23:10",1,True
"van Hoof, Lieve_2025-11-19T21:36:23",0,True
"McDonnell, Gerry_2025-11-19T21:36:28",0,False
"Merkel, John_2025-11-19T21:36:28",0,False
Jason Wayne Beever_2025-11-19T21:36:33,0,False
Zoran Pavlović_2025-11-19T21:36:33,0,False
Tríona Sørensen_2025-11-19T21:36:33,0,False
Martin Rodevad Dael_2025-11-19T21:36:33,0,False
Silas Tavs Ravn_2025-11-19T21:36:33,0,False
Marie Broen_2025-11-19T21:36:33,0,False
Marie Krogh Nielsen_2025-11-19T21:36:33,0,False
"Muigg, Bernhard_2025-11-19T21:26:46",2,True
Dmitri Starostin_2025-11-19T21:37:13,0,True
Elena Kuleshova_2025-11-19T21:37:13,0,False
Ross Truscott_2025-11-19T21:37:21,0,True
Maurits Van Bever Donker_2025-11-19T21:37:21,1,True
Enrico Atzeni_2025-11-19T21:37:35,0,False
Riccardo Cicilloni_2025-11-19T21:37:35,0,False
Silvia Marini_2025-11-19T21:37:35,0,False
Giuseppina Ragucci_2025-11-19T21:37:35,0,False
Emerenziana Usai_2025-11-19T21:37:35,0,False
Mikheev Alexey V._2025-11-19T21:37:36,0,False
Mikheeva Aurika I._2025-11-19T21:37:36,0,False
Grishakov Valeriy V._2025-11-19T21:37:38,0,False
Sedishev Oleg V._2025-11-19T21:37:38,0,False
Lyubimkina Elena S._2025-11-19T21:37:38,0,False
Ilona Miller_2025-11-19T21:37:42,0,False
Lidia Bannach-Szewczyk_2025-11-19T21:37:42,0,True
Barbara Wojdyła_2025-11-19T21:37:42,0,False
"Chen, D._2025-11-27T19:23:43",1,True
Víctor Manuel Rodríguez Sarmiento_2025-11-19T21:38:13,0,False
Daniela Villegas Mercado_2025-11-19T21:38:13,0,False
"Kovalchuk, Oleksandr_2025-11-19T21:17:25",0,True
Emilio Sola Castaño_2025-11-19T21:39:17,0,False
Çeviren Kübra Sarı Seo Lecoq_2025-11-19T21:39:17,0,False
Danuta Bieńkowska_2025-11-19T21:39:46,1,True
Elżbieta Umińska-Tytoń_2025-11-19T21:39:46,0,True
"Rudolph, Conrad_2025-11-19T21:40:11",1,True
"Roy-Chowdhury, Amit_2025-11-19T21:40:11",0,False
"Srinivasan, Ramya_2025-11-19T21:40:11",0,False
"Kohl, Jeanette_2025-11-19T21:40:11",1,True
Luminiţa ANDREICA-SZILAGYI_2025-11-19T21:40:43,0,False
Andrei SOFICARU_2025-11-19T21:40:43,0,False
Juan Antonio Mira Rico_2025-11-19T21:41:50,0,False
Yolanda Carrión Marco_2025-11-19T21:41:50,0,False
Juan Vicente Morales-Pérez_2025-11-19T21:41:50,0,False
José Ramón Ortega Pérez_2025-11-19T21:41:50,0,False
Yuriy Yu Kargin_2025-11-19T21:41:50,0,False
Vasiliy V. Mataev_2025-11-19T21:41:50,0,False
Aleksey V. Surkov_2025-11-19T21:41:50,0,False
"Mispelaere, Jan_2025-11-19T21:18:30",0,True
"Fjellström, Markus_2025-11-19T21:18:30",1,True
"Britton, Kate_2025-11-19T21:18:30",1,True
"Moosbauer, Günther_2025-11-19T21:42:43",1,True
"Schäfer, Werner_2025-11-19T21:42:43",0,False
"Lehrberger, Gerhard_2025-11-19T21:42:43",1,True
"Develle, Anne-Lise_2025-11-19T21:42:46",0,True
"Crossley, Pamela Kyle_2025-11-19T21:43:00",1,True
Rytis Jonaitis_2025-11-19T21:46:18,0,True
Irma Kaplūnaitė_2025-11-19T21:46:18,0,True
"Pivko, D._2025-11-27T19:23:44",0,False
N. Hudáčková_2025-11-19T21:47:02,0,False
"Hrabovský, J._2025-11-27T19:23:44",0,False
"Sládek, I._2025-11-27T19:23:44",0,True
"Ruman, A._2025-11-27T19:23:44",0,False
Гришаков Валерий Васильевич_2025-11-19T21:47:42,0,False
Седышев Олег Владимирович_2025-11-19T21:47:42,0,False
Любимкина Елена Сергеевна_2025-11-19T21:47:42,0,False
Каримов Ильдар Римович_2025-11-19T21:47:42,0,False
Михеев Алексей Викторович_2025-11-19T21:47:42,0,False
Михеева Аурика Ивановна_2025-11-19T21:47:42,0,False
"Gorskij, Anton Anatolʹevič._2025-11-19T21:47:50",1,True
"Puzanov, V. V._2025-11-19T21:47:50",0,False
"Šuvalov, P. V._2025-11-19T21:47:50",0,False
БЕЛАВИН А.М._2025-11-19T21:47:55,0,False
КРЫЛАСОВА Н.Б._2025-11-19T21:47:55,0,False
КЫЛАСОВ АЛЕКСЕЙ ВАЛЕРЬЕВИЧ_2025-11-19T21:47:55,0,False
НЕСТЕРОВ ПАВЕЛ ВЛАДИМИРОВИЧ_2025-11-19T21:47:55,0,False
ЖАМБАЛОВА СЭСЭГМА ГЭНДЭНОВНА_2025-11-19T21:47:55,0,True
ЭРДЭНЭБАТ ДАНЗАНГИЙН_2025-11-19T21:47:55,0,True
ВЕДЕШКИН М.А._2025-11-19T21:47:56,0,False
СОЧИЛИН А.А._2025-11-19T21:47:56,0,False
"O’Neill, Brendan_2025-11-19T21:50:39",0,False
"Andrič, Maja_2025-11-19T21:48:13",1,True
"Ogrinc, Nives_2025-11-19T21:48:13",1,True
"Rapuc, William_2025-11-19T21:48:13",1,True
"Sabatier, Pierre_2025-11-19T21:48:13",1,True
"Arnaud, Fabien_2025-11-19T21:48:13",1,True
"Crouzet, Christian_2025-11-19T21:48:13",1,True
"Šmuc, Andrej_2025-11-19T21:48:13",1,True
"Chapron, Emmanuel_2025-11-19T21:48:13",1,True
"Wilhelm, Bruno_2025-11-19T21:48:13",1,True
"Demory, François_2025-11-19T21:48:13",0,False
"Reyss, Jean-Louis_2025-11-19T21:48:13",1,True
"Régnier, Edouard_2025-11-19T21:48:13",0,True
"Grafenstein, Ulrich von_2025-11-19T21:48:13",0,True
"Daut, Gerhard_2025-11-19T21:48:13",1,True
"Bienias, Dorota_2025-11-19T21:48:16",1,True
"Rhodes, P. J._2025-11-19T21:48:17",0,False
"Томашевич, Виктория Марьяновна_2025-11-19T21:48:33",0,False
"Усоский, Владимир Николаевич_2025-11-19T21:48:33",0,False
"Bär, Barbara_2025-11-19T21:48:33",1,True
"Mauvilly, Michel_2025-11-19T21:48:33",2,True
"Josipovič, Draško_2025-11-19T21:48:35",0,False
"Brezigar, Barbara_2025-11-19T21:48:35",0,False
廖本瑞_2025-11-19T21:48:52,0,False
湯祥麟_2025-11-19T21:48:52,0,False
Pen-Shui Liao_2025-11-19T21:48:52,0,False
Hsiang-Lin Tang_2025-11-19T21:48:52,0,False
"Roberts, Jane Annette_2025-11-19T21:49:13",1,True
"Starčević, Mirko_2025-11-19T21:49:13",0,False
"Bognár, Zsófia_2025-11-19T21:49:23",0,False
"Rózsavölgyi, Andrea_2025-11-19T21:49:23",0,False
"Lester, Anne E._2025-11-19T21:49:29",1,True
"GARTHWAITE, GENE R._2025-11-19T21:49:34",1,True
"LUPACK, BARBARA TEPA_2025-11-19T21:49:49",1,True
"Kalová, Kateřina_2025-11-19T21:28:50",1,True
"Boberová, Kateřina_2025-11-19T21:28:50",1,True
"Pavlůsková, Alena_2025-11-19T21:28:50",0,False
Lauren Poyer_2025-11-19T21:49:54,0,False
"Link, Fabian_2025-11-19T21:50:00",1,True
"Hornburg, Mark W._2025-11-19T21:50:00",1,True
"Hernández, Magdalena Díaz_2025-11-19T21:50:01",0,False
"García, Octavio_2025-11-19T21:50:01",0,False
"BRAGINSKAJA, Nina_2025-11-19T21:50:08",0,False
"Ackerman, Galina_2025-11-19T21:50:08",2,True
"Blanke, Louise_2025-11-19T21:20:13",1,True
"Rousset, Marie-Odile_2025-11-19T21:50:08",1,True
"Sorokina, Maria_2025-11-19T21:32:07",1,True
"PANZARINO, GINEVRA_2025-11-19T21:50:24",0,True
"SAPONETTI, SANDRO SUBLIMI_2025-11-19T21:50:24",0,False
"FIALOVÁ, DANA_2025-11-19T21:50:35",1,True
"DROZDOVÁ, EVA_2025-11-19T21:50:35",1,True
"SKOUPÝ, RADIM_2025-11-19T21:50:35",0,True
"MIKULÍK, PETR_2025-11-19T21:50:35",1,True
"KLÍMA, BOHUSLAV_2025-11-19T21:50:35",1,True
"Chique, Carlos_2025-11-19T21:28:57",0,False
"Molloy, Karen_2025-11-19T21:28:57",0,False
"Potito, Aaron P._2025-11-19T21:28:57",0,False
"Burman, Tom_2025-11-19T21:50:42",0,False
"Adamo, Phil_2025-11-19T21:50:42",0,False
"Weinkauf, Marcin_2025-11-19T21:50:56",1,True
"Siemianowska, Ewelina_2025-11-19T21:50:56",1,True
"Kowalewska, Barbara_2025-11-19T21:50:56",0,True
"Abramów, Joanna_2025-11-19T21:50:56",0,True
"Brown, Ruth R._2025-11-19T21:50:57",0,False
"Brito, Cristina_2026-01-14T21:58:41",1,True
"Luis Corral, Fernando_2026-01-14T21:58:47",0,True
"Pérez Rodríguez, María_2026-01-14T21:58:48",0,False
"Labaune, Yannick_2026-01-14T22:00:22",1,True
"Devevey, Frédéric_2026-01-14T22:00:23",1,True
"Cramatte, Cédric_2026-01-14T22:01:00",1,True
"Vieira, Nina_2026-01-14T22:01:44",0,True
"Jordão, Vera_2026-01-14T22:01:45",0,False
"Teixeira, António_2026-01-14T22:01:46",0,True
"Zinger, Oded_2026-01-14T22:03:56",1,True
"Torollo Sánchez, David_2026-01-14T22:03:57",1,True
"Juan Ares, Jorge de_2026-01-14T22:04:05",0,True
"Fantuzzi, L._2026-01-14T22:07:51",0,True
"Cau Ontiveros, M. A._2026-01-14T22:07:52",0,False
"Aquilué, X._2026-01-14T22:07:53",1,True
"Manzon, V.S._2026-01-14T22:07:58",0,False
"Ferrante, Z._2026-01-14T22:07:59",0,False
"Giganti, M._2026-01-14T22:08:00",0,False
"Gualdi-Russo, E._2026-01-14T22:08:02",0,False
"Cáceres Gutiérrez, Yasmina_2026-01-14T22:11:04",0,False
"Solé-Morata, Neus_2026-01-15T08:56:24",0,True
"Villaescusa, Patricia_2026-01-15T08:56:25",0,True
"García-Fernández, Carla_2026-01-15T08:56:26",0,True
"Font-Porterias, Neus_2026-01-15T08:56:28",0,False
"Illescas, María José_2026-01-15T08:56:29",0,False
"Valverde, Laura_2026-01-15T08:56:30",0,False
"Férec, Claude_2026-01-15T08:56:31",0,False
"Rouault, Karen_2026-01-15T08:56:32",0,False
"Jiménez-Moreno, Susana_2026-01-15T08:56:33",0,False
"Martínez-Jarreta, Begoña_2026-01-15T08:56:34",0,False
"Pinheiro, Maria Fátima_2026-01-15T08:56:36",0,False
"Zarrabeitia, María T_2026-01-15T08:56:37",0,False
"Carracedo, Ángel_2026-01-15T08:56:38",0,False
"Calafell, Francesc_2026-01-15T08:56:49",0,True
"Galli, Paolo_2026-01-15T08:58:09",0,True
"Castenetto, Sergio_2026-01-15T08:58:10",0,False
"Peronace, Edoardo_2026-01-15T08:58:11",0,True
"Gudelj, Jasenka_2026-01-15T09:06:19",1,True
"Trška, Tanja_2026-01-15T09:06:20",0,True
"Koncz, István_2025-11-19T21:15:24",1,True
"Modi, Alessandra_2025-11-19T21:15:24",0,True
"Francalacci, Paolo_2025-11-19T21:15:24",1,True
"Gallina, Zsolt_2025-11-19T21:15:24",0,True
"Hofmanová, Zuzana_2025-11-19T21:15:24",1,True
"Hilberg, Volker_2025-11-19T21:15:34",1,True
"Coia, Valentina_2025-11-19T21:15:47",0,True
"Disser, Alexandre_2025-11-19T21:15:48",1,True
"Cessford, Craig_2025-11-19T21:15:49",1,True
"Scheib, Christiana L_2025-11-19T21:21:16",0,True
"D'Atanasio, Eugenia_2025-11-19T21:16:14",0,True
"Solnik, Anu_2025-11-19T21:16:14",0,True
"La Rocca, Maria Cristina_2025-11-19T21:22:44",1,True
"IJssennagger, Nelleke L._2025-11-19T21:23:10",1,True
"Schellewald, Barbara Maria_2025-11-19T21:16:27",2,True
Dulce María González Doreste_2025-11-19T21:16:32,1,True
"Kočár, Petr_2025-11-19T21:16:34",2,True
Badeev Denis Yu_2025-11-19T21:31:58,0,False
"Baker, Karis H._2025-11-19T21:16:39",0,True
"Miller, Holly_2025-11-19T21:16:39",0,False
"Beglane, Fiona_2025-11-19T21:16:39",1,True
"Pigière, Fabienne_2025-11-19T21:16:39",1,True
"Zipser, Barbara_2025-11-19T21:16:41",2,True
"Burger, Joachim_2025-11-19T21:16:49",1,True
"Henderson, Jason_2025-11-19T21:16:50",1,True
"Gulsrud, Natalie Marie_2025-11-19T21:16:50",1,True
"Khartanovich, Valeri I._2025-11-19T21:16:51",0,True
"Poppe, Erich_2025-11-19T21:16:55",1,True
"Hayes, Dawn Marie_2025-11-19T21:41:36",1,True
"Hayes, Joseph P._2025-11-19T21:47:58",0,False
"Naum, Magdalena_2025-11-19T21:17:09",2,True
"Saag, Lehti_2025-11-19T21:17:12",1,True
"Guellil, Meriam_2025-11-19T21:17:12",0,True
"Deckers, Pieterjan_2025-11-19T21:16:25",0,True
Vitalij S. Sinika_2025-11-19T21:17:14,0,True
"Zhang, Qiang_2025-11-19T21:17:15",1,True
"Nordin, Jonas Monié_2025-11-19T21:47:05",1,True
"Skre, Dagfinn_2025-11-19T21:17:25",1,True
"Jouttijärvi, Arne_2025-11-19T21:17:28",0,True
"Grazzi, Francesco_2025-11-19T21:17:30",0,False
"Kardjilov, Nikolai_2025-11-19T21:17:30",0,False
"Lahtinen, Maria_2025-11-19T21:17:32",0,True
"Fredengren, Christina_2025-11-19T21:17:32",1,True
"Karlsson, Johnny_2025-11-19T21:17:32",1,True
"Sebo, Erin_2025-11-19T21:17:35",1,True
"Baug, Irene_2025-11-19T21:17:37",1,True
"Jansen, Øystein James_2025-11-19T21:17:37",0,False
"Botalov, Sergei Gennad'evich_2025-11-19T21:23:23",0,False
"Ward, Graeme_2025-11-19T21:17:40",1,True
"Maraschi, Andrea_2025-11-19T21:17:46",1,True
"Clavé, Yannick_2025-11-19T21:17:52",1,True
"Teyssier, Éric_2025-11-19T21:17:52",1,True
"Yaka, Reyhan_2025-11-19T21:17:53",0,True
"López-Costas, Olalla_2025-11-19T21:17:54",1,True
"Fóthi, Erzsébet_2025-11-19T21:17:56",1,True
Jiří Hošek_2025-11-19T21:18:01,0,True
"Reimitz, Helmut_2025-11-19T21:18:06",2,True
"Andrén, Elinor_2025-11-19T21:18:06",1,True
"Lönn, Mikael_2025-11-19T21:18:06",0,True
"Heeren, Stijn_2025-11-19T21:18:11",1,True
"Abd al-Muttalib, Fuad_2025-11-19T21:18:20",0,False
"Rawashidah, Muhammad_2025-11-19T21:18:20",0,False
"Khayr, Muhammad_2025-11-19T21:18:20",0,False
"Büttner, Stéphane_2025-11-19T21:18:47",1,True
Sylvain Aumard_2025-11-19T21:18:21,1,True
Jean-François Goret_2025-11-19T21:18:21,1,True
Suela Xhyheri_2025-11-19T21:18:22,0,True
Skënder Muçaj_2025-11-19T21:18:22,1,True
Skënder Bushi_2025-11-19T21:18:22,0,True
"Korpiola, Mia_2025-11-19T21:18:24",2,True
"Flachenecker, Helmut_2025-11-19T21:18:25",1,True
"Kriiska, Aivar_2025-11-19T21:18:30",1,True
"Žigon, Tanja_2025-11-19T21:18:30",1,True
"Dunne, Julie_2025-11-19T21:18:32",0,True
"Evershed, Richard P._2025-11-19T21:18:32",1,True
"Kirleis, Wiebke_2025-11-19T21:18:32",1,True
"Glais, Arthur_2025-11-19T21:18:35",1,True
"Wienholz, D._2025-11-19T21:18:38",0,False
"Kotthoff, Ulrich_2025-11-19T21:31:10",0,False
"Fanget, A. -S._2025-11-19T21:18:38",0,False
"Iorio, Silvia_2025-11-19T21:18:45",0,True
Nurieva F.Sh_2025-11-19T21:18:45,0,True
"Sayfetdinova, E.G._2025-11-27T19:23:43",0,True
"Fischbach, Thomas_2025-11-19T21:18:49",1,True
"Médard, Fabienne_2025-11-19T21:18:49",1,True
"Guillaume, Jacques_2025-11-19T21:18:50",1,True
"Goffette, Quentin_2025-11-19T21:19:00",1,True
"Arnau, Alexandra Chavarría_2025-11-19T21:19:04",2,True
"Ballard, Michel_2025-11-19T21:19:05",1,True
"D'hulst, Lieven_2025-11-19T21:19:05",1,True
"Mariaule, Mickaël_2025-11-19T21:19:05",1,True
"Wecksteen-Quinio, Corinne_2025-11-19T21:19:05",1,True
"Huntzinger, Hervé_2025-11-19T21:19:08",1,True
"Cronier, Emmanuelle_2025-11-19T21:19:08",1,True
"Deruelle, Benjamin_2025-11-19T21:19:08",1,True
Thierry Buquet_2025-11-19T21:19:21,1,True
"Perrault, Christophe_2025-11-19T21:19:30",1,True
"Gaillard, Charlotte_2025-11-19T21:19:33",1,True
"Leroy, Marc_2025-11-19T21:20:07",1,True
"Ridacker, Cyprien_2025-11-19T21:20:09",0,False
"Cuisin, Jacques_2025-11-19T21:20:09",1,True
"Kopf, Stephan_2025-11-19T21:20:09",0,False
"DOMINGUEZ-GUILLAUME, Véronique_2025-11-19T21:20:09",1,True
"DOUCHET, Sébastien_2025-11-19T21:20:09",1,True
"PRÉVOT, Marilyne_2025-11-19T21:20:10",0,False
"MERLUZZO, Paul_2025-11-19T21:20:10",1,True
"DUFRAISSE, Alexa_2025-11-19T21:20:10",1,True
"JOUANIN, Gaëtan_2025-11-19T21:20:10",1,True
"CARLIER, Cécile LE_2025-11-19T21:20:10",0,False
"MARQUE, Romain_2025-11-19T21:20:10",0,False
"Graff, Gwenola_2025-11-19T21:20:13",1,True
"Loyer, Martin_2025-11-19T21:20:13",0,False
"Ewague, Abdelhadi_2025-11-19T21:20:13",1,True
"Simenel, Romain_2025-11-19T21:20:13",1,True
"Bailly, Maxence_2025-11-19T21:20:13",1,True
"Billard, Cyrille_2025-11-19T21:20:19",1,True
"Daire, Marie-Yvane_2025-11-19T21:20:19",1,True
"Hénon, Philippe_2025-11-19T21:20:20",1,True
"Vermeulen, Christine_2025-11-19T21:20:20",1,True
"Franc, Odile_2025-11-19T21:20:20",1,True
"Jallet, Frédéric_2025-11-19T21:20:20",1,True
"Saintot, Sylvie_2025-11-19T21:20:20",1,True
"Sarrasin, Jean-Claude_2025-11-19T21:20:20",0,False
"Thévenin, Éric_2025-11-19T21:20:20",0,False
"Bayen, Éric_2025-11-19T21:20:20",0,False
Bocharov Sergei G._2025-11-19T21:20:25,0,False
Ilya E. Lyubchansky_2025-11-19T21:20:26,0,False
"Starkey, Kathryn_2025-11-19T21:20:34",1,True
"Ershova, Ekaterina G._2025-11-19T21:20:37",0,True
"Ponomarenko, Elena V._2025-11-19T21:20:37",0,True
"Blinnikov, Mikhail S._2025-11-19T21:20:37",2,True
"Genta, Giancarlo_2025-11-19T21:20:37",1,True
"Riberi, Paolo_2025-11-19T21:20:37",1,True
"Tsuji, Kinko_2025-11-19T21:20:38",1,True
"Müller, Stefan C._2025-11-19T21:20:38",1,True
"Cilia, Nicole Dalia_2025-11-19T21:20:38",1,True
"De Stefano, Claudio_2025-11-19T21:20:38",0,True
"Fontanella, Francesco_2025-11-19T21:20:38",1,True
"Molinara, Mario_2025-11-19T21:20:38",0,True
"Scotto di Freca, Alessandra_2025-11-19T21:20:38",0,True
"Hambly, Joanna_2025-11-19T21:20:44",0,True
"Abbott, Marcus_2025-11-19T21:20:44",1,True
"Arrowsmith, Mike_2025-11-19T21:20:44",0,False
"Balksten, K._2025-11-19T21:20:45",0,False
"Persson, C._2025-11-19T21:20:45",0,False
"Eriksson, J._2025-11-19T21:20:45",0,False
"Sombart, Werner_2025-11-19T21:20:45",0,False
"Lichtblau, Klaus_2025-11-19T21:20:45",1,True
"Eisenbeiß, Maik_2025-11-19T21:20:49",1,True
"Bölcskei, Attila_2025-11-19T21:20:51",0,False
"Xu, Guobao_2025-11-19T21:20:53",0,True
"Liu, Xiaohong_2025-11-19T21:20:53",1,True
"Zhang, Qiong_2025-11-19T21:20:53",1,True
"Hudson, Amy_2025-11-19T21:20:53",0,True
"Coleman, Jamie J._2025-11-19T21:20:53",1,True
"Samer, Caroline_2025-11-19T21:20:53",2,True
"Zeitlinger, Markus_2025-11-19T21:20:53",0,False
"van Agtmael, Michiel_2025-11-19T21:20:53",0,False
"Rongen, Gerard A._2025-11-19T21:20:53",0,False
"Marquet, Pierre_2025-11-19T21:20:53",1,True
"Simon, Tabassome_2025-11-19T21:20:53",0,True
"Singer, Donald_2025-11-19T21:20:53",0,False
"Manolopoulos, Vangelis G._2025-11-19T21:20:53",0,False
"Böttiger, Ylva_2025-11-19T21:20:53",1,True
"Carroll, Gina_2025-11-19T21:20:53",0,True
"Ježek, Martin_2025-11-19T21:20:54",1,True
"Hayakawa, Hisashi_2025-11-19T21:20:54",0,True
"Stephenson, F. Richard_2025-11-19T21:20:54",0,True
"Uchikawa, Yuta_2025-11-19T21:20:54",0,False
"Ebihara, Yusuke_2025-11-19T21:20:54",0,True
"Scott, Christopher J._2025-11-19T21:20:54",0,True
"Wild, Matthew N._2025-11-19T21:20:54",0,True
"Wilkinson, Julia_2025-11-19T21:20:54",0,True
"Willis, David M._2025-11-19T21:20:54",0,True
"Heldal, Tom_2025-11-19T21:20:57",1,True
"Neri, Elisabetta_2025-11-19T21:20:57",1,True
"Gratuze, Bernard_2025-11-19T21:20:57",1,True
"Olasz, Judit_2025-11-19T21:20:57",0,True
"Seidenberg, Verena_2025-11-19T21:20:57",0,False
"Szentirmay, Zoltán_2025-11-19T21:20:57",1,True
"Szabados, György_2025-11-19T21:20:57",1,True
"Melegh, Béla_2025-11-19T21:20:57",0,False
"Kásler, Miklós_2025-11-19T21:20:57",1,True
"Smith, April K._2025-11-19T21:20:58",0,True
"Reitsema, Laurie J._2025-11-19T21:20:58",1,True
"Williams, Frank L’Engle_2025-11-19T21:20:58",0,False
"Vercellotti, Giuseppe_2025-11-19T21:20:58",0,False
"Carvalho, Pedro C._2025-11-19T21:20:58",1,True
"Cristóvão, José_2025-11-19T21:20:58",0,False
"Alaica, Aleksa K._2025-11-19T21:21:00",0,False
"Schalburg-Clayton, Jessica_2025-11-19T21:21:00",0,True
"Dalton, Alan_2025-11-19T21:21:00",1,True
"Graziani Echávarri, Glenda_2025-11-19T21:21:00",0,False
"Pickard, Catriona_2025-11-19T21:21:00",0,False
"Hansen, Sigrid Cecilie Juel_2025-11-19T21:21:00",0,False
"Casté, Bruno_2025-11-19T21:21:01",0,False
"Tornero, Carlos_2025-11-19T21:21:01",0,False
"Park, Jang Sik_2025-11-19T21:41:55",0,False
"Honeychurch, William_2025-11-19T21:21:01",1,True
"Chunag, Amartuvshin_2025-11-19T21:21:01",0,True
"Topić, Nikolina_2025-11-19T21:21:01",1,True
"Radović, Iva Bogdanović_2025-11-19T21:21:01",0,False
"Fazinić, Stjepko_2025-11-19T21:21:01",1,True
"Sijarić, Mirsad_2025-11-19T21:21:01",1,True
"Gudelj, Ljubomir_2025-11-19T21:21:01",0,False
"Burić, Tonči_2025-11-19T21:21:01",0,True
"Broun, Dauvit_2025-11-19T21:21:04",1,True
"Bowers, John_2025-11-19T21:21:06",1,True
"Vetter, Wilfried_2025-11-19T21:21:13",0,False
"Latini, Irene_2025-11-19T21:21:13",0,False
"Schreiner, Manfred_2025-11-19T21:21:13",1,True
"Lambert, Chiara_2025-11-19T21:21:21",1,True
"Eynaud, Frédérique_2025-11-19T21:21:23",1,True
"Bjerregaard, Mikael Manøe_2025-11-19T21:21:25",1,True
"Lindqvist Sandgren, Eva_2025-11-19T21:21:27",1,True
Konstvetenskap_2025-11-19T21:21:27,0,False
"Norbäck Ivarsson, Lena_2025-11-19T21:21:27",1,True
"Andersen, Thorbjörn Joest_2025-11-19T21:21:27",0,True
"Babnik, Jaka_2025-11-19T21:21:28",0,False
"Achino, Katia Francesca_2025-11-19T21:21:28",1,True
"Rihter, Jernej_2025-11-19T21:21:28",0,False
"Rihter, Janja_2025-11-19T21:21:28",0,True
"Leghissa, Elena_2025-11-19T21:21:28",0,True
"Lukić, Matija_2025-11-19T21:21:28",0,False
"Lazar, Tomaž_2025-11-19T21:21:28",1,True
"Sacripanti, Stefania_2025-11-19T21:21:29",0,False
"Tomassini Barbarossa, Federica_2025-11-19T21:21:29",0,False
"Bellocci, Valentina_2025-11-19T21:21:29",0,False
"Buonomo, Barbara_2025-11-19T21:21:29",0,True
İstanbul Araştırmaları Enstitüsü_2025-11-19T21:21:31,1,True
"Gregory, David_2025-11-19T21:21:35",1,True
"Friedland, Sarah Nelly_2025-11-19T21:21:36",0,False
"Östman, Sofi_2025-11-19T21:21:36",0,True
"Wallin, Jan-Erik_2025-11-19T21:20:49",0,False
Miljöarkeologiska laboratoriet_2025-11-19T21:21:36,1,True
"Perlich, Barbara_2025-11-19T21:17:41",1,True
"Deželak Trojar, Monika_2025-11-19T21:21:37",1,True
"Jakovljević, Mladen M._2025-11-19T21:21:37",0,False
"Gordić, Vladislava_2025-11-19T21:21:37",1,True
"Esfandiary Darabad, Fariba_2025-11-19T21:21:37",0,True
"Maghsoudi, Mehran_2025-11-19T21:21:37",1,True
"Rahimi, Omid_2025-11-19T21:21:37",0,False
"Fey, Michael_2025-11-19T21:21:39",1,True
"Janssen, Stephanie_2025-11-19T21:21:39",0,False
"Maidana, Nora I._2025-11-19T21:21:39",0,False
"Mayr, Christoph_2025-11-19T21:21:39",0,True
"Wulf, Sabine_2025-11-19T21:21:39",0,True
"Haberzettl, Torsten_2025-11-19T21:21:39",1,True
"Corbella, Hugo_2025-11-19T21:21:39",0,False
"Ohlendorf, Christian_2025-11-19T21:21:39",2,True
"Schäbitz, Frank_2025-11-19T21:21:39",1,True
"BLACK, STUART_2025-11-19T21:17:25",0,False
"KALNIŅŠ, GUNDARS_2025-11-19T21:17:25",1,True
"Gallas, Barbara_2025-11-19T21:21:48",0,False
"Bache, Yohannes Teklemariam_2025-11-19T21:21:48",0,False
"Alaioud, Sidi Mohammed_2025-11-19T21:21:56",0,False
"Belfaïda, Abdelaziz_2025-11-19T21:21:56",1,True
بل الفايدة، عبد العزيز_2025-11-19T21:21:56,0,False
"Pajević, Tina_2025-11-19T21:22:00",0,False
"Juloski, Jovana_2025-11-19T21:22:00",0,True
"Glišić, Branislav_2025-11-19T21:22:00",0,True
"Bitner-Wróblewska, Anna_2025-11-19T21:22:01",1,True
"Mączyńska, Magdalena_2025-11-19T21:22:01",1,True
"Hammond, Matthew H._2025-11-19T21:22:11",0,False
"Fhionnghaile, Rita Mhig_2025-11-19T21:22:15",0,False
"Tisnérat-Laborde, Nadine_2025-11-19T21:22:18",1,True
"Mienis, Furu_2025-11-19T21:22:18",1,True
"Collart, Tim_2025-11-19T21:22:18",0,False
"Dubois-Dauphin, Quentin_2025-11-19T21:22:18",1,True
"Frank, Norbert_2025-11-19T21:22:18",1,True
"Dapoigny, Arnaud_2025-11-19T21:22:18",0,True
"Ayache, Mohamed_2025-11-19T21:22:18",1,True
"Swingedouw, Didier_2025-11-19T21:22:18",1,True
"Dutay, Jean-Claude_2025-11-19T21:22:18",1,True
"Debret, Maxime_2025-11-19T21:22:18",1,True
"Aguilera Velázquez, Dana_2025-11-19T21:22:20",0,False
"García Curdi, Fernando_2025-11-19T21:22:20",0,False
"Benítez Alonso, Pamela Ellyette_2025-11-19T21:22:20",0,False
"Lois Ortega, Yolanda_2025-11-19T21:22:20",0,False
"Moros García, Manuel T._2025-11-19T21:22:20",0,False
"Sebastián Cortés, José Miguel_2025-11-19T21:22:20",0,False
"Vallés Varela, Héctor_2025-11-19T21:22:20",0,True
"Barreda Perez, Ana Maria_2025-11-19T21:22:20",0,False
"Lopez Ferrero, Leonardo H_2025-11-19T21:22:20",0,False
"Rodriguez Nande, Lidia_2025-11-19T21:22:20",0,False
"González Espinosa, Ana Bárbara_2025-11-19T21:22:20",0,False
"Antuña Aguilar, Tadiana_2025-11-19T21:22:20",0,False
"Borges Machado, Liudmila_2025-11-19T21:22:20",0,False
"Muñoz Cobos, Francisca_2025-11-19T21:22:20",0,False
"Alarcón Pariente, Enrique_2025-11-19T21:22:20",0,False
"Gaspar Solanas, Adriana_2025-11-19T21:22:20",0,False
"Méndez Ramos, Marina_2025-11-19T21:22:20",0,False
"Canalejo Echeverría, Alberto_2025-11-19T21:22:20",0,False
"Burgos Varo, María Luz_2025-11-19T21:22:20",0,False
"Magalhães Costa, Lucas_2025-11-19T21:22:21",0,False
"de Oliveira, Paulo César_2025-11-19T21:22:21",0,False
"Borges de Aguiar, Thiago_2025-11-19T21:22:21",0,False
"Peterlevitz, Augusto_2025-11-19T21:22:21",0,False
"Charrone, Joao Paolo_2025-11-19T21:22:21",0,False
"Torres Michelette, Pâmela_2025-11-19T21:22:21",0,False
"Menán, Carina_2025-11-19T21:22:32",0,False
"Lasa, Cecilia_2025-11-19T21:22:32",0,False
"Gómez de Avellaneda Sabio, Carlos_2025-11-19T21:22:32",0,False
"Fernández-Llebrez Butler, Carlos_2025-11-19T21:22:32",0,False
"González Doreste, Dulce María_2025-11-19T21:22:33",1,True
"Seregin, Andrey V._2025-11-19T21:22:34",0,False
"Mamychev, Aleksey Yu_2025-11-19T21:22:34",0,False
"Mordovtseva, Tatyana V._2025-11-19T21:22:34",0,False
"Mordovtsev, Andrey Yu_2025-11-19T21:22:34",0,False
"Plotnikov, Andrey A._2025-11-19T21:22:34",0,False
"Alcatena, María Eugenia_2025-11-19T21:22:35",0,False
"Dumas, María_2025-11-19T21:22:35",0,False
"Jones, William A_2025-11-19T21:22:38",0,False
"Checkley, David M_2025-11-19T21:22:38",1,True
"d’Amato, Raffaele_2025-11-19T21:50:57",1,True
"Pflaum, Veronika_2025-11-19T21:22:40",1,True
"Munteanu, Lucian_2025-11-19T21:22:42",1,True
"Boldureanu, Ana_2025-11-19T21:22:42",1,True
"Hânceanu, George Dan_2025-11-19T21:22:42",1,True
"Ursachi, Vasile_2025-11-19T21:22:42",1,True
"Martínez Enamorado, Virgilio_2025-11-19T21:22:48",1,True
"Lazarev, Grigori_2025-11-19T21:22:48",1,True
مرتينث إنمورادو، برخيليو_2025-11-19T21:22:48,0,False
لازاريف، غريغوري_2025-11-19T21:22:48,0,False
"O'Sullivan, Niall_2025-11-19T21:22:49",0,True
"Posth, Cosimo_2025-11-19T21:22:49",0,True
"Ivanišević, Vujadin_2025-11-19T21:22:50",1,True
"Baltić, Milan Ž._2025-11-19T21:22:50",0,False
"Janjić, Jelena_2025-11-19T21:22:50",0,True
"Popović, Milka_2025-11-19T21:22:50",0,True
"Baltić, Tatjana_2025-11-19T21:22:50",0,False
"Bošković, Marija_2025-11-19T21:22:50",0,True
"Starčević, Marija_2025-11-19T21:22:50",0,False
"Šarčević, Danijela_2025-11-19T21:22:50",0,False
"Majorossy, Judit_2025-11-19T21:22:56",1,True
"Sarkadi Nagy, Emese_2025-11-19T21:22:56",2,True
"Hernández Bermejo, J. Esteban_2025-11-19T21:23:06",1,True
"Carabaza Bravo, Julia María_2025-11-19T21:23:06",1,True
"García Sánchez, Expiración_2025-11-19T21:23:06",1,True
"Herrera Molina, Francisca_2025-11-19T21:23:06",0,False
"Frank, Thomas_2025-11-19T21:22:22",1,True
"Kopaczyk, Joanna_2025-11-19T21:25:20",2,True
"Bjornlie, M. Shane_2025-11-19T21:28:11",1,True
"Pollheimer-Mohaupt, Marianne_2025-11-19T21:34:36",1,True
"Mottahedeh, Roy P._2025-11-19T21:26:42",1,True
"Heydemann, Gerda_2025-11-19T21:27:12",2,True
"Schurr, Marc Carel_2025-11-19T21:27:29",1,True
"Bork, Robert_2025-11-19T21:27:32",1,True
"Amer, Sahar_2025-11-19T21:28:40",1,True
"Rio, Alice_2025-11-19T21:28:50",2,True
"Johnston, Elva_2025-11-19T21:28:50",1,True
"Cristóbal, Ignacio_2025-11-19T21:29:02",0,True
"Quílez, Jose C._2025-11-19T21:29:02",0,False
"Andeyro, Mercedes_2025-11-19T21:29:02",0,False
"Aguilar-Sánchez, Juan Miguel_2025-11-19T21:29:02",0,False
"Puerta Fernández, Francisca_2025-11-19T21:29:02",0,False
"Ladios-Martín, Mireia_2025-11-19T21:29:02",0,False
"Fernández-de-Maya, José_2025-11-19T21:29:02",0,False
"Cabrero-García, Julio_2025-11-19T21:29:02",0,False
"De Deckker, Patrick_2025-11-19T21:29:38",1,True
"Telford, Richard_2025-11-19T21:29:38",0,False
"Siegel, Herbert_2025-11-19T21:29:38",0,False
"Schneider, Ralph_2025-11-19T21:26:39",1,True
"Vazzana, Antonino_2025-11-19T21:29:38",0,True
"Scalise, Lucia Martina_2025-11-19T21:29:38",0,True
"Traversari, Mirko_2025-11-19T21:29:38",1,True
"Figus, Carla_2025-11-19T21:29:38",0,True
"Apicella, Salvatore Andrea_2025-11-19T21:29:38",0,True
"Buti, Laura_2025-11-19T21:29:38",1,True
"Oxilia, Gregorio_2025-11-19T21:29:38",0,False
"Sorrentino, Rita_2025-11-19T21:29:38",0,True
"Pellegrini, Silvia_2025-11-19T21:29:38",1,True
"Matteucci, Chiara_2025-11-19T21:29:38",1,True
"Calcagnile, Lucio_2025-11-19T21:29:38",1,True
"Savigni, Raffaele_2025-11-19T21:29:38",1,True
"Feeney, Robin N.M._2025-11-19T21:29:38",0,True
"Gruppioni, Giorgio_2025-11-19T21:29:38",1,True
"Benazzi, Stefano_2025-11-19T21:29:38",1,True
"Vohberger, Marina_2025-11-19T21:29:38",1,True
"Nehlich, Olaf_2025-11-19T21:29:38",0,True
"Pincé, Possum_2025-11-19T21:29:38",0,False
"Weekers, Lara_2025-11-19T21:29:38",0,False
"Liu, Linn_2025-11-19T21:29:39",1,True
"Rohdin, Patrik_2025-11-19T21:29:39",1,True
"Moshfegh, Bahram_2025-11-19T21:29:39",0,True
"Binczewska, Anna_2025-11-19T21:29:39",0,True
"Sławińska, Joanna_2025-11-19T21:29:39",0,True
"Bąk, Małgorzata_2025-11-19T21:29:39",0,True
"Majka, Jerzy_2025-11-19T21:29:39",1,True
"Zborowska, Magdalena_2025-11-19T21:29:39",1,True
"Fejfer, Mariusz_2025-11-19T21:29:39",0,True
"Waliszewska, Bogusława_2025-11-19T21:29:39",1,True
"Olek, Wiesław_2025-11-19T21:29:39",0,True
"Gutiérrez, Alejandra_2025-11-19T21:29:45",1,True
"Giles, Kate_2025-11-19T21:29:45",1,True
"Draper, Simon A._2025-11-19T21:29:45",0,False
"Richardson, Amanda_2025-11-19T21:27:55",1,True
"Torres, Trinidad_2025-11-19T21:29:46",1,True
"Sánchez-Palencia, Yolanda_2025-11-19T21:29:46",0,False
"Ros, Milagros_2025-11-19T21:29:46",0,False
"Ortiz, José E._2025-11-19T21:38:58",0,True
"Navarro, Francisca_2025-11-19T21:29:46",1,True
"Cerezo, Felipe_2025-11-19T21:29:46",1,True
"Rodríguez-Estrella, Tomás_2026-01-15T09:05:32",0,True
"Manteca, Ignacio_2025-11-19T21:29:46",1,True
"Zubarev, Victor_2025-11-19T21:29:47",0,True
"Smekalov, Sergey_2025-11-19T21:29:47",0,True
"Yartsev, Sergey_2025-11-19T21:29:47",0,True
"Gauvin, Brigitte_2025-12-29T18:10:07",0,False
"Lucas-Avenel, Marie-Agnès_2025-12-29T18:10:07",0,False
"Jacquemard, Catherine_2025-12-29T18:10:07",0,False
"Lück, Heiner_2025-11-19T21:32:05",1,True
"Zhang, Ye_2025-11-19T21:29:49",0,False
"Wu, Xiyan_2025-11-19T21:29:49",0,False
"Li, Jiawei_2025-11-19T21:29:49",0,False
"Zhao, Yongbin_2025-11-19T21:29:49",0,False
"Mayall, Peter_2025-11-19T21:29:49",0,True
"Pilbrow, Varsha_2025-11-19T21:29:49",0,True
"Šebest, Lukáš_2025-11-19T21:29:54",1,True
"Baldovič, Marian_2025-11-19T21:29:54",0,False
"Frtús, Adam_2025-11-19T21:29:54",0,False
"Bognár, Csaba_2025-11-19T21:29:54",0,False
"Kyselicová, Klaudia_2025-11-19T21:29:54",0,False
"Kádasi, Ľudevít_2025-11-19T21:29:54",0,False
"Beňuš, Radoslav_2025-11-19T21:29:54",0,False
"Opała-Owczarek, Magdalena_2025-11-19T21:29:56",0,False
"Owczarek, Piotr_2025-11-19T21:29:56",1,True
"Rahmonov, Oimahmad_2025-11-19T21:29:56",0,True
"Plischuk, Marcos_2025-11-19T21:30:02",0,True
"De Feo, María Eugenia_2025-11-19T21:30:02",0,True
"Desántolo, Bárbara_2025-11-19T21:30:02",0,True
"Henning, Joachim_2025-11-19T21:27:02",1,True
"Giambruni, J.M._2025-11-19T21:30:43",0,True
"Pagano, C._2025-11-19T21:30:43",0,True
"Ortiz Basso, T._2025-11-19T21:30:43",0,True
"Burchakchi, A.I._2025-11-19T21:30:43",0,True
"Pozzoni, M.C._2025-11-19T21:30:43",0,True
"Diamint, D.V._2025-11-19T21:30:43",0,True
"Challiol, C.F._2025-11-19T21:30:43",0,True
"Gossn, G._2025-11-19T21:30:43",0,True
"Ursin, Frank_2025-11-19T21:22:18",1,True
"Steger, Florian_2025-11-19T21:22:18",1,True
"Halgunset, Jostein_2025-12-29T18:13:11",0,True
"Myren-Svelstad, Sverre_2025-12-29T18:13:11",0,True
"Williams, Rhodri_2025-11-19T21:31:05",0,True
"Thomas, Amal_2025-11-19T21:31:05",0,False
"Bajada, Stefan_2025-11-19T21:31:05",0,False
"Antonios, Tony_2025-11-19T21:31:05",0,False
"Morgan-Jones, Rhidian_2025-11-19T21:31:05",0,False
Dagmar Bronner_2025-11-19T21:31:10,0,False
Nathanael Busch_2025-11-19T21:31:10,0,False
Jürg Fleischer_2025-11-19T21:31:10,0,False
"Boietti, B._2025-11-19T21:30:43",0,False
"Warnock, Jonathan P._2025-11-19T21:31:10",0,True
"Bauersachs, Thorsten_2025-11-19T21:31:10",1,True
"Brandt, Hauke-Tom_2025-11-19T21:31:10",0,False
"Bacqué, M.-F._2025-11-19T21:31:12",0,False
"Sani, L._2025-11-19T21:31:12",0,False
"Rauner, A._2025-11-19T21:31:12",0,False
"Losson, A._2025-11-19T21:31:12",0,False
"Merg, D._2025-11-19T21:31:12",0,False
"Guillou, P._2025-11-19T21:31:12",0,False
"Inanc, Muhammed Enes_2025-11-19T21:31:19",0,False
"Olgac, Kemal Tuna_2025-11-19T21:31:19",1,True
"Yilmaz, Burak_2025-11-19T21:31:19",1,True
"Cil, Beste_2025-11-19T21:31:19",1,True
"Tasdemir, Umut_2025-11-19T21:31:19",0,False
"Tuncer, Purhan Barbaros_2025-11-19T21:31:19",0,False
"Buyukleblebici, Serhat_2025-11-19T21:31:19",0,False
"Durmaz, Emre_2025-11-19T21:31:19",0,False
"Uysal, Ongun_2025-11-19T21:31:19",0,False
"Spencer, Helen M._2025-11-19T21:31:19",0,True
"Buckman, Jim_2025-11-19T21:31:19",0,True
"Forster, Alan M._2025-11-19T21:31:19",0,True
"Baragona, Stephen Alan_2025-11-19T21:34:35",1,True
"Hurlbeck, Julia_2025-11-19T21:31:36",0,False
"Önnerfors, Elsa Trolle_2025-11-19T21:31:37",1,True
"Rimescu, Cosmin_2025-11-19T21:31:37",0,True
"Anghel, Andreea Anamaria_2025-11-19T21:31:37",0,True
"Frigura-Iliasa, Flaviu Mihai_2025-11-19T21:31:37",1,True
"Filipescu, Hannelore_2025-11-19T21:31:37",0,True
"Micarelli, Ileana_2025-11-19T21:31:38",0,False
"Paine, Robert_2025-11-19T21:31:38",1,True
"Tafuri, Mary Anne_2025-11-19T21:31:38",1,True
"Profico, Antonio_2025-11-19T21:31:38",0,True
"Boggioni, Marco_2025-11-19T21:31:38",0,False
"Di Vincenzo, Fabio_2025-11-19T21:31:38",1,True
"Massani, Danilo_2025-11-19T21:31:38",0,False
"Papini, Andrea_2025-11-19T21:31:38",0,False
"Dutton, Marsha L._2025-11-19T21:31:38",1,True
"Sergent, Tyler_2025-11-19T21:31:38",0,False
"Vreugdenhil, Sanne_2025-11-19T21:31:38",0,False
"de Jong, Igle Jan_2025-11-19T21:31:38",0,False
"van Driel, Mels Frank_2025-11-19T21:31:38",0,False
"Ferrante di Ruffano, Lavinia_2025-11-19T21:31:45",0,True
"Wengrow, David_2025-11-19T21:31:47",1,True
"Graeber, David_2025-11-19T21:31:47",2,True
"Ghorbani, Abdolbaset_2025-11-19T21:31:47",1,True
"Wieringa, Jan J._2025-11-19T21:31:47",1,True
"de Boer, Hugo J._2025-11-19T21:31:47",1,True
"Porck, Henk_2025-11-19T21:31:47",1,True
"Kardinaal, Adriaan_2025-11-19T21:31:47",0,True
"van Andel, Tinde_2025-11-19T21:31:47",1,True
"Shepherd, Gillian_2025-11-19T21:31:48",2,True
"Hakenbeck, Susanne_2025-11-19T21:31:48",1,True
"Lang, Valter_2025-11-19T21:31:48",1,True
"Kahn, Andrew_2025-11-19T21:31:48",1,True
"Lipovetsky, Mark_2025-11-19T21:31:48",1,True
"Reyfman, Irina_2025-11-19T21:31:48",2,True
"Sandler, Stephanie_2025-11-19T21:31:49",1,True
"Gismondi, Angelo_2025-11-19T21:31:50",0,False
"D'Agostino, Alessia_2025-11-19T21:31:50",0,True
"Canuti, Lorena_2025-11-19T21:31:50",0,True
"Di Marco, Gabriele_2025-11-19T21:31:50",1,True
"Martínez-Labarga, Cristina_2025-11-19T21:28:21",0,True
"Rickards, Olga_2025-11-19T21:28:21",1,True
"Canini, Antonella_2025-11-19T21:31:50",0,True
Gadioli Giulia_2025-11-19T21:31:51,1,True
Scaggion Cinzia_2025-11-19T21:31:51,1,True
Carrara Nicola_2025-11-19T21:31:51,1,True
Barbara Mnich_2025-11-19T21:31:51,0,True
Anna Elżbieta Spinek_2025-11-19T21:31:51,0,False
Maciej Chyleński_2025-11-19T21:31:51,1,True
Aleksandra Sommerfeld_2025-11-19T21:31:51,0,False
"Shulezhkova, Svetlana G._2025-11-19T21:31:55",0,True
"Kostina, Polina M._2025-11-19T21:31:55",0,False
"Norström, Elin_2025-11-19T21:31:56",0,True
"Bringensparr, Caroline_2025-11-19T21:31:56",0,False
"Fitchett, Jennifer M_2025-11-19T21:31:56",0,True
"Grab, Stefan W_2025-11-19T21:31:56",1,True
"Kylander, Malin_2025-11-19T21:31:56",0,False
"Kremer, Anette_2025-11-19T21:31:56",1,True
"Schwab, Vincenz_2025-11-19T21:31:56",1,True
Obukhov Yuri D._2025-11-19T21:31:57,1,True
"Filin, N.A._2025-11-27T19:23:42",0,False
Gibadullin I.R._2025-11-19T21:34:07,0,False
"Boev, E.B._2025-11-27T19:23:42",0,False
"Khaydarov, T.F._2025-11-27T19:23:42",0,True
"Dolbin, D.A._2025-11-27T19:23:42",0,False
Koval Vladimir Yu_2025-11-19T21:31:58,0,False
"Catlin, Kathryn A._2025-11-19T21:32:00",0,False
"Vargas, Grettel_2025-11-19T21:32:00",0,False
"Ruiz-Fernández, Jesús_2025-11-19T21:32:00",0,False
"Oliva, Marc_2025-11-19T21:32:00",1,True
"Robles-López, Sandra_2025-11-19T21:32:00",0,False
"Forbes, Timothy_2025-11-19T21:32:01",0,True
"Goldsmith, Mark_2025-11-19T21:32:01",0,True
"Mudur, Sudhir_2025-11-19T21:32:01",0,True
"Poullis, Charalambos_2025-11-19T21:32:01",0,True
"Jia, Zhenzhong_2025-11-19T21:32:01",0,True
"Bhatia, Ankit_2025-11-19T21:32:01",0,True
"Aronson, Reuben M._2025-11-19T21:32:01",0,True
"Bourne, David_2025-11-19T21:32:01",0,True
"Mason, Matthew T._2025-11-19T21:32:01",1,True
"Maniaci, Marilena_2025-11-19T21:38:05",0,True
"Saccheri, Paola_2025-11-19T21:32:04",0,True
"Travan, Luciana_2025-11-19T21:32:04",1,True
"Goodison, Natalie_2025-11-19T21:32:04",0,False
"Mackay, Deborah J G_2025-11-19T21:32:04",0,False
"Temple, I Karen_2025-11-19T21:32:04",0,True
Marita Krauss_2025-11-19T21:32:04,0,False
Ulrich Niggemann_2025-11-19T21:32:04,1,True
Sigrid Hirbodian_2025-11-19T21:32:04,0,False
Martina Schattkowsky_2025-11-19T21:32:04,1,True
Stefan Petersen_2025-11-19T21:32:04,0,False
"Dubber, Markus D._2025-11-19T21:32:05",2,True
"Godfrey, Mark_2025-11-19T21:32:05",1,True
"Rodríguez-Rodríguez, Raquel_2025-11-19T21:32:05",0,True
"Polentinos-Castro, Elena_2025-11-19T21:32:05",0,False
"Azcoaga-Lorenzo, Amaya_2025-11-19T21:32:05",0,False
"González-Fernández, Cristina_2025-11-19T21:32:05",1,True
"González García, Vera_2025-11-19T21:32:05",0,True
"Zamarrón Méndez, Isabel_2025-11-19T21:32:05",0,True
"Alonso López, Alicia_2025-11-19T21:32:05",0,False
"Vigil-Escalera Villaamil, Aranzazu_2025-11-19T21:32:05",0,False
"Campodonico, Diana_2025-11-19T21:32:05",0,True
"Kloppe Villegas, Pilar_2025-11-19T21:32:05",0,True
"Beijinho do Rosario, Rafael_2025-11-19T21:32:05",0,True
"López-Rodríguez, Juan Antonio_2025-11-19T21:32:05",0,False
"Sebastian Pessagc, Martín_2025-11-19T21:32:05",0,True
"Pescador Saster, Sergio_2025-11-19T21:32:05",0,True
"García-Gutiérrez Gómez, Rocío_2025-11-19T21:32:05",0,True
"Arellano Borreguero, Belén_2025-11-19T21:32:05",0,True
"Gómez Moreno, Rafael_2025-11-19T21:32:05",0,True
"Muñoz Martínez de Salinas, Cristina_2025-11-19T21:32:05",0,True
"Sanz Rodrigo, Carmen_2025-11-19T21:32:05",0,False
"Muros Muñoz, Carmen M._2025-11-19T21:32:05",0,False
"José Iglesias Piñeiro, M._2025-11-19T21:32:05",0,True
"Sanz Velasco, Pilar_2025-11-19T21:32:05",0,True
"Rosario Aylon Carrasco, M._2025-11-19T21:32:05",0,True
"López Navarro, Rafael_2025-11-19T21:32:05",0,True
"Prada Mansilla, Santiago_2025-11-19T21:32:05",0,True
"Fernández Virgala, Beatriz_2025-11-19T21:32:05",0,True
"Bravo Pache, Concepción_2025-11-19T21:32:05",0,True
"Vaillo Muñoz, Carmen_2025-11-19T21:32:05",0,True
"Peñalva Merino, Dolores_2025-11-19T21:32:05",0,False
"Barrios Rueda, Elena_2025-11-19T21:32:05",0,True
"Melian Nuez, Francisca_2025-11-19T21:32:05",0,True
"Triano Sánchez, Rocío_2025-11-19T21:32:05",0,True
"Ángel Martínez Álvarez, Miguel_2025-11-19T21:32:05",0,True
"Moreno Gómez, Ana I._2025-11-19T21:32:05",0,False
"Puerto Rodríguez, Margarita_2025-11-19T21:32:05",0,True
"Mora Navarro, Gustavo_2025-11-19T21:32:05",0,True
"Dolores Martín Álvarez, M._2025-11-19T21:32:05",0,True
"Ascensión Pérez Medina, Sara_2025-11-19T21:32:05",0,True
"Cabral Rodríguez, Raquel_2025-11-19T21:32:05",0,True
"Yanes Baonza, Mónica_2025-11-19T21:32:05",0,True
"Arrébola Vivas, Emilia_2025-11-19T21:32:05",0,True
"González Hernández, Alberto_2025-11-19T21:32:05",0,True
"Sala Arnaiz, Celia_2025-11-19T21:32:05",0,True
"González Romero, Elena A._2025-11-19T21:32:05",0,True
"Chamorro Gavela, Marta_2025-11-19T21:32:05",0,True
"Rodríguez Martín, Alejandra_2025-11-19T21:32:05",0,True
"Skalec, Aleksandra_2025-11-19T21:32:08",0,True
"Ciaputa, Rafał_2025-11-19T21:32:08",0,True
"Chrószcz, Aleksander_2025-11-19T21:32:08",0,True
"Grieco, Valeria_2025-11-19T21:32:08",0,True
"Rozwadowski, Grzegorz_2025-11-19T21:32:08",0,False
"Poradowski, Dominik_2025-11-19T21:32:08",1,True
"Spychalski, Przemysław_2025-11-19T21:32:08",1,True
"Nurmi, Risto_2025-11-19T21:32:09",0,True
"Tomlins, Christopher_2025-11-19T21:32:09",1,True
"Shoemaker, Karl_2025-11-19T21:32:09",1,True
"Ojala, Carl-Gösta_2025-11-19T21:32:09",1,True
"Omrak, Ayca_2025-11-19T21:18:24",0,True
"Kilinc, Gulsah Merve_2025-11-19T21:18:24",0,False
"Somel, Mehmet_2025-11-19T21:18:24",1,True
"Amorim, Carlos Eduardo G_2025-11-19T21:32:10",0,True
"Bobo, Dean_2025-11-19T21:32:10",0,False
"Winger, Daniel_2025-11-19T21:32:10",1,True
"Gschwind, Friederike M._2025-11-19T21:22:22",0,False
"Hofmann, Jutta_2025-11-19T21:22:22",0,True
"Houbrechts, David_2025-11-19T21:22:22",1,True
"Kontic, Raymond_2025-11-19T21:22:22",1,True
"Kyncl, Tomáš_2025-11-19T21:32:11",1,True
"Leuschner, Hanns Hubert_2025-11-19T21:22:22",1,True
"Pfeifer, Klaus_2025-11-19T21:22:22",0,True
"Schmidhalter, Martin_2025-11-19T21:22:22",0,True
"Seifert, Mathias_2025-11-19T21:22:22",1,True
"Walder, Felix_2025-11-19T21:32:11",1,True
"Vermeil, T_2025-11-19T21:32:11",0,False
"Kilpatrick, C_2025-11-19T21:32:11",0,False
"Pires, D_2025-11-19T21:32:11",0,True
"Allegranzi, B_2025-11-19T21:32:11",0,False
"Pittet, D_2025-11-19T21:32:11",0,False
"Rajendran, C.P._2025-11-19T21:32:12",0,False
"John, Biju_2025-11-19T21:32:12",0,True
"Anandasabari, K._2025-11-19T21:32:12",0,True
"Sanwal, Jaishri_2025-11-19T21:32:12",1,True
"Rajendran, Kusala_2025-11-19T21:32:12",1,True
"Kumar, Pankaj_2025-11-19T21:32:12",0,True
"Chopra, Sundeep_2025-11-19T21:32:12",0,False
"Grimmer, Justin_2025-11-19T21:32:12",1,True
"McQueen, Alison_2025-11-19T21:32:12",1,True
"Norén, Gabriel_2025-11-19T21:32:13",0,False
"Smittenberg, Rienk H._2025-11-19T21:32:13",0,False
"Massuanganhe, Elidio A._2025-11-19T21:32:13",0,False
"Neparáczki, Endre_2025-11-19T21:32:14",0,True
"Maróti, Zoltán_2025-11-19T21:32:14",0,True
"Kalmár, Tibor_2025-11-19T21:32:14",0,True
"Kocsy, Klaudia_2025-11-19T21:32:14",0,True
"Maár, Kitti_2025-11-19T21:32:14",0,False
"Bihari, Péter_2025-11-19T21:32:14",1,True
"Nagy, István_2025-11-19T21:32:14",1,True
"Kustár, Ágnes_2025-11-19T21:32:14",1,True
"Raskó, István_2025-11-19T21:32:14",0,True
"Török, Tibor_2025-11-19T21:32:14",1,True
"Tisserand, A._2025-11-27T19:23:42",0,False
"Bro-Jørgensen, Maiken Hemme_2025-11-19T21:18:30",1,True
"Carøe, Christian_2025-11-19T21:32:15",0,True
"Vieira, Filipe G._2025-11-19T21:32:15",0,False
"Nestor, Sofia_2025-11-19T21:32:15",1,True
"Hallström, Ann_2025-11-19T21:32:15",1,True
"Gregersen, Kristian M._2025-11-19T21:32:15",0,True
"Etting, Vivian_2025-11-19T21:32:15",1,True
"Sinding, Mikkel-Holger S._2025-11-19T21:32:15",0,True
"Soal, Alexander D._2025-11-19T21:32:16",0,True
"Henry, Desmond_2025-11-19T21:32:16",1,True
"Fanous, Samuel_2025-11-19T21:32:16",1,True
"Leyser, Henrietta_2025-11-19T21:32:16",1,True
"Sirantoine, Hélène_2025-11-19T21:32:17",1,True
"Klein, Esther S._2025-11-19T21:32:17",2,True
"Namouchi, Amine_2025-11-19T21:32:19",0,True
"Kersten, Oliver_2025-11-19T21:32:19",1,True
"Hänsch, Stephanie_2025-11-19T21:32:19",0,False
"Ottoni, Claudio_2025-11-19T21:32:19",1,True
"Schmid, Boris V_2025-11-19T21:32:19",0,False
"Pacciani, Elsa_2025-11-19T21:32:19",1,True
"Quaglia, Luisa_2025-11-19T21:32:19",0,False
"Vermunt, Marco_2025-11-19T21:32:19",1,True
"Bauer, Egil L_2025-11-19T21:32:19",0,False
"Derrick, Michael_2025-11-19T21:32:19",1,True
"Cohn, Jr, Samuel K._2025-11-19T21:43:18",1,True
"Stenseth, Nils C_2025-11-19T21:32:19",1,True
"Torino, Marielva_2025-11-19T21:32:22",1,True
"Perciante, Felice_2025-11-19T21:32:22",0,False
"Maldre, Liina_2025-11-19T21:18:30",1,True
"Halldórsdóttir, Hrafnhildur Helga_2025-11-19T21:32:23",0,True
"Rogers, Bryony_2025-11-19T21:32:23",0,True
"DiRenno, Frank_2025-11-19T21:32:23",0,True
"Barnicle, Ellen_2025-11-19T21:32:23",0,True
"Chidimuro, Blessing_2025-11-19T21:32:23",0,True
"Evans, Malcolm_2025-11-19T21:32:23",1,True
"Morley, Ruth_2025-11-19T21:32:23",0,True
"Neff, Monica_2025-11-19T21:32:23",0,True
"Sharp, Cassidy_2025-11-19T21:32:23",0,True
"Simpson, Ashleigh_2025-11-19T21:32:23",0,True
"Boucher, Andy_2025-11-19T21:32:23",1,True
"Rzepecki, Andreas_2025-11-19T21:22:22",0,False
"Neyses-Eiden, Mechthild_2025-11-19T21:22:22",1,True
"Diethelm, Barbara_2025-11-19T21:32:25",1,True
"Schubert, Matthias_2025-11-19T21:21:45",0,False
"Petr, Libor_2025-11-19T21:20:52",0,True
"Bertuch, Mathias_2025-11-19T21:21:45",1,True
"Cabuk, Umut Can_2025-11-19T21:32:27",0,False
"Dalkilic, Gokhan_2025-11-19T21:32:27",0,False
"Licata, Marta_2025-11-19T21:33:49",1,True
"Benaglia, Piergiorgio_2025-11-19T21:33:49",0,False
"Tosi, Adelaide_2025-11-19T21:33:49",0,False
"Borgo, Melania_2025-11-19T21:33:49",1,True
"Armocida, Giuseppe_2025-11-19T21:33:49",1,True
"Ronga, Mario_2025-11-19T21:33:49",0,False
"Ruspi, Alessandra_2025-11-19T21:33:49",0,False
"Verzeletti, Andrea_2025-11-19T21:33:49",0,True
"Rossetti, Chiara_2025-11-19T21:33:49",0,True
"Murphy, Eileen M_2025-11-19T21:33:49",1,True
"Linscott, Bethan_2025-11-19T21:33:49",0,False
"O'Grady, Justin_2025-11-19T21:33:49",0,True
"Richardson, Hollian_2025-11-19T21:33:49",0,False
"O'Donovan, Edmond_2025-11-19T21:33:49",1,True
"Troy, Carmelita_2025-11-19T21:33:49",0,False
治部  千波_2025-11-19T21:33:50,0,False
ジブ  チナミ_2025-11-19T21:33:50,0,False
Jibu  Chinami_2025-11-19T21:33:50,0,False
"Myrstener, Erik_2025-11-19T21:33:50",1,True
"Bigler, Christian_2025-11-19T21:33:50",0,True
"Lidberg, William_2025-11-19T21:33:50",0,True
"Meyer-Jacob, Carsten_2025-11-19T21:33:50",1,True
"Brunelli, Andrea_2025-11-19T21:33:50",0,True
"Vergata, Chiara_2025-11-19T21:33:50",0,True
"Susca, Roberta Rosa_2025-11-19T21:33:50",0,False
"Loskotová, Zuzana_2025-11-19T21:33:50",1,True
"Davies-Barrett, Anna M_2025-11-19T21:33:50",0,False
"Pettegrew, David K._2025-11-19T21:33:50",1,True
"Caraher, William R._2025-11-19T21:33:50",1,True
"Davis, Thomas W._2025-11-19T21:33:50",1,True
"Critch, Aaron J._2025-11-19T21:33:50",0,False
"Müller, F T_2025-11-19T21:33:52",0,False
"Freuling, C M_2025-11-19T21:33:52",0,False
"Kovacs, Anita Dolgosne_2025-11-19T21:33:52",0,True
"Kvasznicza, Zoltan_2025-11-19T21:33:52",0,True
"Racz, Anna_2025-11-19T21:33:53",0,True
"Chmielewska, Katarzyna_2025-11-19T21:33:53",1,True
"Walsh, Kevin_2025-11-19T21:33:53",1,True
"Berger, Jean-François_2025-11-19T21:33:53",1,True
"Ghilardi, Matthieu_2025-11-19T21:33:53",1,True
"Estrany, Joan_2025-11-19T21:33:53",0,True
"Palmisano, Alessio_2025-11-19T21:33:53",2,True
"Finné, Martin_2025-11-19T21:26:48",1,True
"Salvador Oyonate, Juan A._2025-11-19T21:33:53",0,False
"Caballero Cobos, Alejandro_2025-11-19T21:21:28",0,False
"Roxburgh, Marcus_2025-11-19T21:23:10",1,True
"Huisman, Hans_2025-11-19T21:23:10",0,False
"Colominas, Lídia_2025-11-19T21:33:53",1,True
"Antolín, Ferran_2025-11-19T21:33:53",1,True
"Ferrer, Marc_2025-11-19T21:33:53",1,True
"Castanyer, Pere_2025-11-19T21:33:53",1,True
"Tremoleda, Joaquim_2025-11-19T21:33:53",1,True
"Amato, Giuseppe_2025-11-19T21:33:55",1,True
"Bolettieri, Paolo_2025-11-19T21:33:55",0,True
"Moroni, Davide_2025-11-19T21:33:55",0,True
"Carrara, Fabio_2025-11-19T21:33:55",0,True
"Ciampi, Luca_2025-11-19T21:33:55",0,True
"Pieri, Gabriele_2025-11-19T21:33:55",1,True
"Gennaro, Claudio_2025-11-19T21:33:55",1,True
"Leone, Giuseppe Riccardo_2025-11-19T21:33:55",1,True
"Vairo, Claudio_2025-11-19T21:33:55",0,True
"Graham, Ellie_2025-11-19T21:33:55",0,True
"Liscoe, Steve_2025-11-19T21:33:55",0,False
"Gustavsen, Lars_2025-11-19T21:33:59",0,True
"Kristiansen, Monica_2025-11-19T21:33:59",0,False
"Tafjord, Bernt Egil_2025-11-19T21:33:59",0,False
"Anderson, Rachel L_2025-11-19T21:33:59",0,False
"de Los Angeles Ramos Cadena, Maria_2025-11-19T21:33:59",0,False
"Schuman, Joel S_2025-11-19T21:33:59",1,True
"O’Brien, Peter_2025-11-19T21:33:59",1,True
"Christiana, Zgourides_2025-11-19T21:33:59",0,False
"Molineaux, Benjamin_2025-11-19T21:34:00",1,True
"Karaiskos, Vasilios_2025-11-19T21:34:00",0,False
"Alcorn, Rhona_2025-11-19T21:34:00",1,True
"Los, Bettelou_2025-11-19T21:34:00",2,True
"Maguire, Warren_2025-11-19T21:34:00",1,True
"Bradley, John_2025-11-19T21:34:00",0,True
"Cisneros, Mercè_2025-11-19T21:34:02",0,True
"Sanchez-Vidal, Anna_2025-11-19T21:34:02",0,True
"Calafat, Antoni_2025-11-19T21:34:02",0,True
"Pedrosa-Pàmies, Rut_2025-11-19T21:34:02",0,False
"Rumín-Caparrós, Aitor_2025-11-19T21:34:02",0,False
"Sabariego Ruiz, Silvia_2025-11-19T21:34:02",0,False
"González-Hernández, Antonio_2025-11-19T21:34:02",0,True
"Linares, Juan Carlos_2025-11-19T21:34:02",0,False
"Gundersen, Olav E._2025-11-19T21:34:05",0,False
"Claggett, Daniel_2025-11-19T21:34:05",0,True
"McCarthy, John_2025-11-19T21:34:05",1,True
"Murray, William_2025-11-19T21:34:05",1,True
"Hüls, Matthias_2025-11-19T21:34:05",1,True
"Benjamin, Jonathan_2025-11-19T21:34:05",1,True
Sergiu Matveev_2025-11-19T21:34:07,0,False
Eva Pietroni_2025-11-19T21:34:08,0,True
Daniele Ferdani_2025-11-19T21:34:08,2,True
Massimiliano Forlani_2025-11-19T21:34:08,0,False
Alfonsina Pagano_2025-11-19T21:34:08,0,True
Claudio Rufa_2025-11-19T21:34:08,0,False
Viktorin V.M._2025-11-19T21:34:09,0,False
Vasil’ev D.V._2025-11-19T21:34:09,0,False
Idrisov E.Sh_2025-11-19T21:34:09,0,False
Imasheva M.M._2025-11-19T21:34:09,1,True
Pablo Alonso-González_2025-11-19T21:34:09,1,True
Jesús Fernández-Fernández_2025-11-19T21:34:09,0,False
Christy Briles_2025-11-19T21:34:11,0,True
Olga Serenchenko_2025-11-19T21:34:11,0,False
Lora Stevens_2025-11-19T21:34:11,0,True
A. J. White_2025-11-19T21:34:11,0,False
Nguyen Thi Mai Huong_2025-11-19T21:34:11,1,True
Krasilnikov Pavel V._2025-11-19T21:34:11,0,False
Sergey D. Lysenko_2025-11-19T21:34:12,1,True
Nikolay P. Telnov_2025-11-19T21:34:12,0,True
Sergey N. Razumov_2025-11-19T21:34:12,0,False
"Dewar, Genevieve_2025-11-19T21:34:13",0,True
"Badenhorst, Shaw_2025-11-19T21:34:13",1,True
"Arthur, Charles_2025-11-19T21:34:13",0,False
"Olsson, Susanne_2025-11-19T21:34:20",1,True
"Sorgenfrei, Simon_2025-11-19T21:34:20",1,True
"Klunk, Jennifer_2025-11-19T21:34:21",0,True
"Duggan, Ana T._2025-11-19T21:34:21",1,True
"Redfern, Rebecca_2025-11-19T21:34:21",1,True
"Gamble, Julia A_2025-11-19T21:36:49",1,True
"Golding, G. Brian_2025-11-19T21:34:21",1,True
"Walter, Brittany S._2025-11-19T21:34:21",0,False
"Eaton, Katherine_2025-11-19T21:34:21",1,True
"Stangroom, Julianna_2025-11-19T21:34:21",0,False
"Rouillard, Jean-Marie_2025-11-19T21:34:21",1,True
"Devault, Alison_2025-11-19T21:34:21",0,False
"DeWitte, Sharon N._2025-11-19T21:34:21",1,True
"Poinar, Hendrik N._2025-11-19T21:34:21",1,True
"Poska, Anneli_2025-11-19T21:34:21",0,True
"Chapman, A._2025-11-19T21:34:21",0,True
"Hannah, Emma_2025-11-19T21:34:21",0,True
"McLaughlin, Rowan_2025-11-19T21:34:21",0,True
"Odebäck, Kerstin_2025-11-19T21:16:10",1,True
"Ruiter, Keith_2025-11-19T21:34:22",0,True
"Laneman, Margot_2025-11-19T21:34:22",0,True
"Varul, Liivi_2025-11-19T21:34:22",0,True
"Razzak, Maria A._2025-11-19T21:34:22",0,False
"Shirobokov, Ivan G._2025-11-19T21:34:22",0,True
"Mikhaylova, Elena R._2025-11-19T21:34:22",0,True
"Reisberg, Tuuli_2025-11-19T21:34:22",0,True
"Parik, Jüri_2025-11-19T21:34:22",0,True
"Saag, Lauri_2025-11-19T21:34:22",0,True
"Remm, Maido_2025-11-19T21:34:22",0,True
"Mägi, Reedik_2025-11-19T21:34:22",0,False
"Crema, Enrico Ryunosuke_2025-11-19T21:34:22",0,False
"Díez-del-Molino, David_2025-11-19T21:34:22",0,True
"Yardumian, Aram_2025-11-19T21:34:22",1,True
"Schurr, Theodore G._2025-11-19T21:34:22",1,True
"Tasca, Francesca_2025-11-19T21:34:23",1,True
"Ramia, Jose M._2025-11-19T21:34:23",0,False
"Martin-Perez, Elena_2025-11-19T21:34:23",0,True
James M. Arcadi_2025-11-19T21:34:23,2,True
Joshua R. Farris_2025-11-19T21:34:23,1,True
"Groß, Melanie_2025-11-19T21:34:28",0,False
"van Dorp, Lucy_2025-11-19T21:34:28",1,True
"López, Saioa_2025-11-19T21:34:28",0,False
"Kirsanow, Karola_2025-11-19T21:34:28",0,False
"Sell, Christian_2025-11-19T21:34:28",1,True
"Blöcher, Jens_2025-11-19T21:34:28",1,True
"Wegmann, Daniel_2025-11-19T21:34:28",0,True
"Link, Vivian_2025-11-19T21:34:28",0,False
"Trautmann, Bernd_2025-11-19T21:34:28",1,True
"Gairhos, Anja_2025-11-19T21:34:28",1,True
"Päffgen, Bernd_2025-11-19T21:34:28",1,True
"Haas-Gebhard, Brigitte_2025-11-19T21:34:28",1,True
"Rambo, Elizabeth Louise_2025-11-19T21:34:35",0,False
"Friedrich, Ellen Lorraine_2025-11-19T21:34:35",0,True
"Ivanovici, Vladimir_2025-11-19T21:34:36",1,True
"Ganz, David_2025-11-19T21:34:36",2,True
"Best, Debra E._2025-11-19T21:34:36",0,False
"Grifoni, Cinzia_2025-11-19T21:34:36",1,True
"Herman, Melissa_2025-11-19T21:34:36",1,True
"Griffiths, Fiona_2025-11-19T21:34:36",1,True
"Kreiner, Jamie_2025-11-19T21:34:36",1,True
"Lindberg, Bo_2025-11-19T21:34:36",1,True
"Hellerstedt, Andreas_2025-11-19T21:34:36",1,True
"Bünz, Enno_2025-11-19T21:34:41",1,True
"Zeilinger, Gabriel_2025-11-19T21:34:41",1,True
"Freitag, Werner_2025-11-19T21:34:41",1,True
"Kißener, Michael_2025-11-19T21:34:41",1,True
"Reinle, Christine_2025-11-19T21:34:41",1,True
"Ullmann, Sabine_2025-11-19T21:34:41",1,True
"Arce, Javier_2025-11-19T21:34:42",1,True
"Molony, Barbara_2025-11-19T21:34:56",1,True
"Theiss, Janet_2025-11-19T21:34:56",1,True
"Choi, Hyaeweol_2025-11-19T21:34:56",2,True
"Amanat, Mehrdad_2025-11-19T21:32:23",1,True
"Micoli, Laura L._2025-11-19T21:35:25",0,True
"Malik, Umair_2025-11-19T21:35:25",0,True
"Morandi, Simona_2025-11-19T21:35:25",0,True
"Grassi, Barbara_2025-11-19T21:35:25",1,True
"Bowen, Simon_2025-11-19T21:35:25",0,True
"Shaw, Tim_2025-11-19T21:35:25",1,True
"Williamson, Magnus_2025-11-19T21:35:25",1,True
"Ikäheimo, Janne_2025-11-19T21:35:50",0,False
"Enbuske, Matti_2025-11-19T21:35:50",0,True
"Okkonen, Jari_2025-11-19T21:35:50",0,False
"Rose, Helene Agerskov_2025-11-19T21:36:01",1,True
"Meadows, John_2025-11-19T21:36:01",0,False
"Hodgins, Greg_2025-11-19T21:36:09",1,True
"Sonck-Koota, Pia_2025-11-19T21:36:09",0,True
"Sjöberg, Pia_2025-11-19T21:36:09",0,False
"Lancaster, Lynne_2025-11-19T21:36:09",1,True
"Kaisti, Riikka_2025-11-19T21:36:09",0,False
"Brock, Fiona_2025-11-19T21:36:09",0,True
"Ranta, Heikki_2025-11-19T21:36:09",1,True
"Caroselli, Marta_2025-11-19T21:36:09",0,True
"Lugli, Stefano_2025-11-19T21:36:09",1,True
"Cardinal, Pierre-Alexandre_2025-11-19T21:36:36",0,False
"Mégret, Frédéric_2025-11-19T21:36:36",1,True
"Benfeld Escobar, Johann S._2025-11-19T21:37:13",0,True
"Larroucau Torres, Jorge A._2025-11-19T21:37:13",0,False
"Tacla, Adriene Baron_2025-11-19T21:37:13",0,True
"George, Scott St_2025-11-19T21:37:14",0,False
Sidnei Ferreira_2025-11-19T21:37:26,0,False
Dora Porto_2025-11-19T21:37:26,0,False
Dzattiaty_2025-11-19T21:37:46,0,False
Uspenskii_2025-11-19T21:37:46,2,True
"Borgogno Mondino, Enrico_2025-11-19T21:38:05",0,False
"Bria, Alessandro_2025-11-19T21:38:05",0,True
"Marrocco, Claudio_2025-11-19T21:38:05",1,True
"Tortorella, Francesco_2025-11-19T21:38:05",1,True
"Columbu, Stefano_2025-11-19T21:38:05",0,True
"Lezzerini, Marco_2025-11-19T21:38:05",1,True
"Verdiani, Giorgio_2025-11-19T21:38:05",0,True
"D'Urso, Maria Grazia_2025-11-19T21:38:05",0,False
"Marino, Constantino Luis_2025-11-19T21:38:05",0,True
"Rotondi, Andrea_2025-11-19T21:38:05",0,True
"Corsi, Cristina_2025-11-19T21:38:05",1,True
"Throckmorton, Zach_2025-11-19T21:38:24",0,True
"Sheridan, Susan G._2025-11-19T21:38:24",0,False
"Velemínský, Petr_2025-11-19T21:38:44",1,True
"Brůžek, Jaroslav_2025-11-19T21:39:02",0,True
Maria Petersson_2025-11-19T21:39:03,0,False
Marita Sjölin_2025-11-19T21:39:03,0,False
Alf Ericsson_2025-11-19T21:39:03,1,True
Suzana Demyen_2025-11-19T21:34:11,0,False
Venera Manciu_2025-11-19T21:34:11,0,False
Maria RĂDOANE_2025-11-19T21:41:01,0,True
Francisca CHIRILOAEI_2025-11-19T21:41:01,0,False
Nicolae RĂDOANE_2025-11-19T21:41:01,0,False
Constantin NECHITA_2025-11-19T21:41:01,0,False
Mariya R. Makurova_2025-11-19T21:41:50,0,False
Yuriy S. Makurov_2025-11-19T21:41:50,0,True
Evgeniy O. Shimanskiy_2025-11-19T21:41:50,0,False
"Perrot, Guido_2025-11-19T21:42:01",1,True
"Runge, Lisa_2025-11-19T21:42:01",0,False
"Vytlačil, Zdeněk_2025-11-19T21:42:42",0,False
"Kaupová, Sylva_2025-11-19T21:42:42",1,True
"Jasch-Boley, Isabelle_2025-11-19T21:48:28",1,True
"Langer, Antje_2025-11-19T21:42:43",1,True
"Boley, Moritz_2025-11-19T21:42:43",1,True
"Mumm, Rebekka_2025-11-19T21:42:43",1,True
"Riesenberg, Martin_2025-11-19T21:42:43",1,True
"Mann, Robert_2025-11-19T21:42:43",1,True
"Sharpe, Rachel Frances_2025-11-19T21:46:47",0,False
"Sexon, Sophie_2025-11-19T21:46:47",0,False
Hernán Cuevas_2025-11-19T21:47:18,0,True
Felipe González_2025-11-19T21:47:18,1,True
Juan Pablo Paredes_2025-11-19T21:47:18,0,False
"Dresler, Petr_2025-11-19T21:20:52",2,True
Márk Haramza_2025-11-19T21:48:48,0,False
Ferenc Kristály_2025-11-19T21:48:49,0,True
"Gaertner, Barbara_2025-11-19T21:50:27",0,False
"Grewe, Holger_2025-11-19T21:50:27",1,True
"Kaiser, Ramona_2025-11-19T21:50:27",0,False
"Schulze-Böhm, Britta_2025-11-19T21:50:27",0,False
"Hájková, Petra_2025-11-19T21:20:52",1,True
"Jamrichová, Eva_2025-11-19T21:20:52",1,True
"Dudová, Lydie_2025-11-19T21:20:52",0,False
"Roleček, Jan_2025-11-19T21:20:52",1,True
"Gálová, Andrea_2025-11-19T21:20:52",0,True
"Novák, Jan_2025-11-19T21:20:52",2,True
"Hájek, Michal_2025-11-19T21:20:52",1,True
"Rey-Iglesia, Alba_2026-01-14T21:59:24",0,True
"Martínez-Cedeira, Jose_2026-01-14T21:59:26",0,True
"López, Alfredo_2026-01-14T21:59:27",0,False
"Fernández, Ruth_2026-01-14T21:59:28",1,True
"Campos, Paula F._2026-01-14T21:59:29",0,False
"Caliano, Eng Eduardo_2026-01-15T09:01:24",0,True
"Napoli, Eng Carmine_2026-01-15T09:01:25",0,True
"Messuti, Eng Nicolino_2026-01-15T09:01:27",0,True
"Faieta, Dr Rosangela_2026-01-15T09:01:28",0,True
"Haggh-Huglo, Barbara_2025-11-19T21:15:24",0,True
"Goffart, Walter A._2025-11-19T21:27:51",2,True
"Paladin, Alice_2025-11-19T21:15:47",1,True
"Robb, John E._2025-11-19T21:16:14",0,True
"Noble, Gordon_2025-11-19T21:15:49",1,True
"Miśta-Jakubowska, Ewelina_2025-11-19T21:15:50",0,True
"Czech-Błońska, Renata_2025-11-19T21:15:50",0,True
"Gójska, Aneta_2025-11-19T21:15:50",0,True
"Brather-Walter, Susanne_2025-11-19T21:15:51",1,True
"Schroeder, Nicolas_2025-11-19T21:15:51",1,True
"Bø, Ragnhild M._2025-11-19T21:15:51",1,True
"Mikić, Ilija_2025-11-19T21:15:52",1,True
"Petković, Sofija_2025-11-19T21:15:52",0,False
"Croix, Sarah_2025-11-19T21:16:01",1,True
"Jakobsson, Ármann_2025-11-19T21:16:07",1,True
"Heiniger, Anna Katharina_2025-11-19T21:16:07",1,True
"Crocker, Christopher_2025-11-19T21:16:07",1,True
"Sigurjónsdóttir, Hanna Björg_2025-11-19T21:16:07",1,True
"Krohn, Niklot_2025-11-19T21:16:08",1,True
"Kuhnle, Gertrud_2025-11-19T21:16:08",1,True
"Kasianov, Artem_2025-11-19T21:16:09",0,True
"Bruskin, Sergey_2025-11-19T21:16:09",0,False
"Neukamm, Judith_2025-11-19T21:16:09",1,True
"Molak, Martyna_2025-11-19T21:16:09",1,True
"Batieva, Elena_2025-11-19T21:16:09",0,True
"Pudło, Aleksandra_2025-11-19T21:16:09",1,True
"Bosi, Giovanna_2025-11-19T21:16:10",0,False
"Castiglioni, Elisabetta_2025-11-19T21:16:10",0,False
"Rinaldi, Rossella_2025-11-19T21:16:10",1,True
"Mazzanti, Marta_2025-11-19T21:16:10",0,False
"Marchesini, Marco_2025-11-19T21:16:10",1,True
"Rottoli, Mauro_2025-11-19T21:16:10",0,False
"Bruun, Greti Dinkova_2025-11-19T21:50:43",1,True
"Minnis, A. J._2025-11-19T21:16:14",2,True
Samuel J. Walker_2025-11-19T21:16:37,0,True
"Meijer, Hanneke J M_2025-11-19T21:16:14",1,True
"Gates, Jay Paul_2025-11-19T21:16:17",1,True
"Brunning, Sue_2025-11-19T21:16:20",1,True
"Nieuwhof, Annet_2025-11-19T21:16:21",1,True
"Wiewióra, Marcin_2025-11-19T21:16:23",1,True
Уткельбаева З._2025-11-19T21:16:27,0,False
Jamileh Abdelqader Shaban Rifai_2025-11-19T21:16:27,0,False
"Laszlovszky, József_2025-11-19T21:39:58",0,True
"Hansen, Gitte_2025-11-19T21:34:23",0,True
"Bates, Jessica S._2025-11-19T21:47:13",0,False
"Molewski, Paweł_2025-11-19T21:16:33",1,True
Zofia Aleksandra Brzozowska_2025-11-19T21:37:59,1,True
"Naismith, Rory_2025-11-19T21:16:39",1,True
"Madgwick, Richard_2025-11-19T21:16:39",1,True
Fidencio Aguilar Víquez_2025-11-19T21:16:47,0,False
Ramón Díaz Olguín_2025-11-19T21:16:47,0,False
David Carranza Navarrete_2025-11-19T21:16:47,0,False
"Bulatović, Jelena B._2025-11-19T21:21:19",1,True
Vyazov Leonid A._2025-11-19T21:36:32,0,True
"Buzhilova, A P_2025-11-19T21:21:18",1,True
"Eppenberger, Patrick_2025-11-19T21:16:51",1,True
"Pazienza, Annamaria_2025-11-19T21:14:54",1,True
O.V.  Syniachenko_2025-11-19T21:16:57,0,False
M.O.  Kolesnyk_2025-11-19T21:16:57,0,True
N.M.  Stepanova_2025-11-19T21:16:57,0,True
M.V.  Iermolaieva_2025-11-19T21:16:57,0,True
"Edwards, A. S. G._2025-11-19T21:16:59",1,True
"Neiß (Neiss), Michael_2025-11-19T21:17:05",1,True
"Hugonnier, Louis_2025-11-19T21:17:06",1,True
"Cuvillier, Germain_2025-11-19T21:17:06",1,True
"Desplanque, Gilles_2025-11-19T21:17:06",1,True
"Font, Caroline_2025-11-19T21:17:06",1,True
"Maréchal, Denis_2025-11-19T21:17:06",1,True
"Rassat, Sylvain_2025-11-19T21:17:06",1,True
"Veyssier, Danaël_2025-11-19T21:17:06",0,False
"Fronty, Richard_2025-11-19T21:17:06",0,False
"Dulauroy-Lynch, Hélène_2025-11-19T21:17:06",0,False
"Galois, Marjorie_2025-11-19T21:17:06",0,False
"Ziegler, Sébastien_2025-11-19T21:17:06",1,True
"Dobat, Andres Siegfried_2025-11-19T21:17:10",0,True
"Lewis, Michael_2025-11-19T21:17:11",2,True
"Snoeck, Christophe_2025-11-19T21:17:12",0,True
"Xu, Li_2025-11-19T21:17:15",1,True
"Chen, Hao_2025-11-19T21:17:15",0,False
"Hu, Hao_2025-11-19T21:17:15",0,False
"Hu, Kaifeng_2025-11-19T21:17:15",0,False
"Jin, Yan_2025-11-19T21:17:15",1,True
"Fu, Qingsheng_2025-11-19T21:17:15",0,False
"Jiang, Yangfan_2025-11-19T21:17:15",0,False
"Qian, Long_2025-11-19T21:17:15",0,False
"Wu, Longchao_2025-11-19T21:17:15",0,False
"Huang, Xiaoxu_2025-11-19T21:17:15",0,False
"Xia, Yabin_2025-11-19T21:17:15",0,False
"Daubney, Adam_2025-11-19T21:17:15",1,True
"Kosi, Miha_2025-11-19T21:17:17",1,True
"Stevens, Matthew Frank_2025-11-19T21:17:17",1,True
"Phipps, Teresa_2025-11-19T21:17:17",1,True
"Allison, Enid P._2025-11-19T21:17:20",1,True
"Enciso, Lauro Olmo_2025-11-19T21:48:17",1,True
"Rhodes, Peter_2025-11-19T21:17:24",2,True
"Curteis, Tobit_2025-11-19T21:17:28",1,True
"Wrapson, Lucy_2025-11-19T21:17:28",1,True
"Berry, Janet_2025-11-19T21:17:28",0,True
"Petrulevich, Alexandra_2025-11-19T21:17:29",1,True
"Backman, Agnieszka_2025-11-19T21:17:29",1,True
"Yehuda, Elisabeth_2025-11-19T21:17:30",0,False
"Bronstein, Judith_2025-11-19T21:17:30",1,True
"Stern, Edna J._2025-11-19T21:17:30",2,True
"Hasil, Jan_2025-11-19T21:17:30",1,True
"Ottenwelter, Estelle_2025-11-19T21:17:30",2,True
"Barčáková, Ludmila_2025-11-19T21:17:30",1,True
"Holmes, Matilda_2025-11-19T21:17:32",1,True
"Brorsson, Torbjörn_2025-11-19T21:17:34",1,True
"Firth, Matthew_2025-11-19T21:17:35",1,True
"Filipowiak, Wojciech_2025-11-19T21:17:36",1,True
"Schmid, Hans-Jörg_2025-11-19T21:17:39",1,True
"Würschinger, Quirin_2025-11-19T21:17:39",1,True
"Keller, Melanie_2025-11-19T21:17:39",0,False
"Lenker, Ursula_2025-11-19T21:17:39",1,True
"Sarti, Laury_2025-11-19T21:17:29",1,True
"Säily, Tanja_2025-11-19T21:17:40",1,True
"Vartiainen, Turo_2025-11-19T21:17:40",1,True
"Liimatta, Aatu_2025-11-19T21:17:40",0,True
"Lijffijt, Jefrey_2025-11-19T21:17:40",0,True
"Tochilova, Nadezhda_2025-11-19T21:17:41",0,False
"Mhaonaigh, Máire Ní_2025-11-19T21:17:49",1,True
"Hartelt, Alexander_2025-11-19T21:17:52",0,True
"Puppe, Frank_2025-11-19T21:17:52",1,True
"Mayer, Wendy_2025-11-19T21:17:54",1,True
"Keighley, Xénia_2025-11-19T21:17:56",2,True
"Pálsson, Snæbjörn_2025-11-19T21:17:56",1,True
"Malmquist, Hilmar J._2025-11-19T21:17:56",0,True
"Olsen, Morten Tange_2025-11-19T21:17:56",1,True
"Jordan, Peter D._2025-11-19T21:17:56",3,True
"Healey, Antonette diPaolo_2025-11-19T21:30:13",1,True
"El Moataz, Abderrahim_2025-11-19T21:18:03",1,True
"Mammass, Driss_2025-11-19T21:18:03",1,True
"Mansouri, Alamin_2025-11-19T21:18:03",0,True
"Nouboud, Fathallah_2025-11-19T21:18:03",2,True
"Degrigny, Christian_2025-11-19T21:18:03",0,True
"Boochs, Frank_2025-11-19T21:18:03",1,True
"Raddatz, Laura_2025-11-19T21:18:03",0,False
"Veller, Jonas_2025-11-19T21:18:03",0,False
"Justus, Carina_2025-11-19T21:18:03",0,False
"Pinette, Matthieu_2025-11-19T21:18:03",1,True
"Gustin, Ingrid_2025-11-19T21:18:11",1,True
"Sengeløv, Amanda_2025-11-19T21:18:18",0,True
"Lambert, Bart_2025-11-19T21:18:18",1,True
"Dumitrescu, Irina A._2025-11-19T21:27:32",1,True
ابن عمير، زهير_2025-11-19T21:18:19,0,False
بكاي، هوارية_2025-11-19T21:18:19,0,False
"Wessman, Anna_2025-11-19T21:18:20",1,True
"Pow, Stephen_2025-11-19T21:18:24",0,True
"Tõrv, Mari_2025-11-19T21:18:26",1,True
"Simões, Luciana G._2025-11-19T21:18:26",0,False
"Vance, Barbara S._2025-11-19T21:38:48",1,True
"Ribera I Lacomba, Albert_2025-11-19T21:18:30",1,True
"Reilly, Lisa A._2025-11-19T21:22:00",0,False
"McKerracher, Mark_2025-11-19T21:18:37",1,True
"Bazin, Bruno_2025-11-19T21:18:47",1,True
"Portat, Émilie_2025-11-19T21:18:47",1,True
"Barrier, Pascal_2025-11-19T21:18:52",1,True
"Leconte, Pauline_2025-11-19T21:18:52",1,True
"Pacaud, Maël_2025-11-19T21:18:52",1,True
"Trafford, Simon_2025-11-19T21:18:52",0,False
"di Carpegna Falconieri, Tommaso_2025-11-19T21:18:54",1,True
"Žemlička, Josef_2025-11-19T21:19:05",1,True
"Raynaud, Claude_2025-11-19T21:19:37",1,True
"Mogorović Crljenko, Marija_2025-11-19T21:19:38",1,True
"Dalle, Sarah_2025-11-19T21:20:14",0,True
"Sabaux, Charlotte_2025-11-19T21:20:14",0,False
"De Mulder, Guy_2025-11-19T21:20:14",1,True
"Hlad, Marta_2025-11-19T21:20:14",0,False
"Kontopoulos, Ioannis_2025-11-19T21:20:14",0,True
"Capuzzo, Giacomo_2025-11-19T21:20:14",1,True
"Vercauteren, Martine_2025-11-19T21:20:14",1,True
"Salesse, Kevin_2025-11-19T21:20:14",1,True
"Warmenbol, Eugène_2025-11-19T21:20:14",1,True
"Devièse, Thibaut_2025-11-19T21:37:05",1,True
"Jacobs, Andrew S._2025-11-19T21:20:30",1,True
"Neumann, Gunnar U._2025-11-19T21:20:31",1,True
"Friederich, Susanne_2025-11-19T21:20:32",1,True
"Preinfalk, Miha_2025-11-19T21:20:37",1,True
"Svoljšak, Petra_2025-11-19T21:20:37",1,True
"Fontana, Alessandro_2025-11-19T21:20:38",1,True
"Frassine, Matteo_2025-11-19T21:20:38",1,True
"Ronchi, Livio_2025-11-19T21:20:38",0,False
"Schneider, Thomas_2025-11-19T21:20:40",1,True
"Stokes, Peter A._2025-11-19T21:21:04",0,True
"Korobov, Maksim_2025-11-19T21:21:14",1,True
"Tobias, Bendeguz_2025-11-19T21:21:15",2,True
"Farmer, Sharon_2025-11-19T21:21:23",1,True
"van Wirdum, Falkje_2025-11-19T21:18:38",0,False
"Aris, Christopher_2025-11-19T21:21:40",0,True
"Deter, Chris_2025-11-19T21:21:40",0,False
"Kainrath, Barbara_2025-11-19T21:21:48",1,True
"Traxler, Stefan_2025-11-19T21:21:48",0,False
"Rajkay, Barbara_2025-11-19T21:21:56",1,True
"Davis, John_2025-11-19T21:21:56",1,True
"Degenaar, Bert_2025-11-19T21:21:56",0,False
"Ruiter, Arie de_2025-11-19T21:21:56",0,True
"Gent, Rob van_2025-11-19T21:21:56",0,False
"Pappot, Arie_2025-11-19T21:21:56",0,True
"Agostino, Angelo_2025-11-19T21:21:56",0,False
"Häberlein, Mark_2025-11-19T21:21:56",2,True
"O'Hara, Mackie C_2025-11-19T21:21:56",0,True
"Danesi, Valeria_2025-11-19T21:21:58",1,True
"Pizzoli, Enrico_2025-11-19T21:22:00",0,False
"Jiresch, Ester_2025-11-19T21:22:01",1,True
"Boswijk, Vincent_2025-11-19T21:22:01",0,False
"Rudnicki, Marcin_2025-11-19T21:22:01",1,True
"Rudnicki, Mirosław_2025-11-19T21:22:01",1,True
"Bussels, Stijn_2025-11-19T21:22:08",1,True
"Darnell, Lorne_2025-11-19T21:22:08",0,False
"Bitenc, Vida_2025-11-19T21:22:09",1,True
"Prijatelj, Agni_2025-11-19T21:22:09",0,False
"Modrijan, Zvezdana_2025-11-19T21:22:10",1,True
"Lubšina Tušek, Marija_2025-11-19T21:22:10",1,True
"Kajzer Cafnik, Mihela_2025-11-19T21:22:10",1,True
"Vomer-Gojkovič, Mojca_2025-11-19T21:22:10",1,True
"Žontar, Bogo_2025-11-19T21:22:10",0,False
"Korošec, Tamara_2025-11-19T21:22:10",1,True
"Sužnik, Maja_2025-11-19T21:22:10",1,True
"Hanc, Justin_2025-11-19T21:22:10",0,False
"Lozić, Edisa_2025-11-19T21:22:10",1,True
"Tinti, Francesca_2025-11-19T21:22:11",3,True
"Bogdanowicz, Wiesław_2025-11-19T21:22:12",1,True
"Skrzyńska, Katarzyna_2025-11-19T21:22:12",1,True
"Jeffery, Sonia_2025-11-19T21:22:16",0,False
"Paulo, Alexandre Ribas de_2025-11-19T21:37:27",0,True
"Gómez-Taylor Corominas, Bárbara_2025-11-19T21:22:20",0,False
"Moreno Sancho, Mari Luz_2025-11-19T21:22:20",0,False
"Drehmer Rieger, Eraci_2025-11-19T21:22:20",0,False
"Sempere Ferre, Francisca_2025-11-19T21:22:20",0,False
"Carrera Juliá, Sandra_2025-11-19T21:22:20",0,False
"Nevado Blanco, Julián_2025-11-19T21:22:20",0,False
"Hernández Vázquez, Manuel_2025-11-19T21:22:21",0,True
"Mayoral, Angel_2025-11-19T21:22:21",0,False
"Barceló Hernando, Alejandro_2025-11-19T21:22:21",0,False
"Arroyo Parra, Matilde_2025-11-19T21:22:21",0,False
"Belke, Ansgar_2025-11-19T21:22:33",1,True
"Beretta, Edoardo_2025-11-19T21:22:33",1,True
"Gatt, Pablo_2025-11-19T21:22:36",0,False
"Baccega, Marcus_2025-11-19T21:22:36",1,True
"Zuza Astiz, Carlos_2025-11-19T21:22:36",0,False
"Zuazúa Wegener, Nicolás_2025-11-19T21:22:36",1,True
"Gojković, Dragica_2025-11-19T21:22:24",0,False
"Negrelli, Claudio_2025-11-19T21:22:43",1,True
"Mazzitelli, Daniela_2025-11-19T21:22:43",0,False
"Barbiera, Irene_2025-11-19T21:19:38",2,True
"Borri, Francesco_2025-11-19T21:22:43",2,True
"Ceresa Mori, Anna_2025-11-19T21:22:43",1,True
"De_Vanna, Leonardo_2025-11-19T21:22:43",0,False
"Casa Martínez, Carlos de la_2025-11-19T21:22:45",1,True
"Doménech Esteban, Manuela_2025-11-19T21:22:45",1,True
ديفدسن، هربرت أ._2025-11-19T21:22:48,0,False
"El Bousklaoui, Said_2025-11-19T21:22:48",0,False
البوسكلاوي، سعيد_2025-11-19T21:22:48,0,False
"Derungs, Curdin_2025-11-19T21:22:50",0,False
"Sieber, Christian_2025-11-19T21:22:50",1,True
"Glaser, Elvira_2025-11-19T21:22:50",0,True
"Weibel, Robert_2025-11-19T21:22:50",1,True
"Mlacović, Dušan_2025-11-19T21:21:32",0,True
"Stoffella, Marco_2025-11-19T21:22:57",1,True
"Krol, Tessa_2025-11-19T21:23:10",0,False
"Dee, M. W._2025-11-19T21:23:10",0,False
"AMITAI, REUVEN_2025-11-19T21:23:41",2,True
"Benyovsky, Irena_2025-11-19T21:23:56",1,True
"Eichner, Barbara_2025-11-19T21:17:37",1,True
"Pennington, Ken_2025-11-19T21:24:21",0,False
"Bennett, Lisa_2025-11-19T21:24:22",1,True
"MacDonald, Kevin_2025-11-19T21:24:30",1,True
"Pritchard, Frances_2025-11-19T21:24:38",0,False
"WEST, CHARLES_2025-11-19T21:25:17",1,True
"James, Simon_2025-11-19T21:25:58",1,True
"Krmnicek, Stefan_2025-11-19T21:26:11",3,True
"Theune, Claudia_2025-11-19T21:26:11",1,True
"Sievers, Susanne_2025-11-19T21:26:14",1,True
"Fehr, Hubert_2025-11-19T21:26:35",1,True
"Kemkes, Martin_2025-11-19T21:26:36",1,True
"Wolters, Reinhard_2025-11-19T21:26:36",1,True
"Meyer, Michael_2025-11-19T21:26:37",1,True
"Neil, Bronwen_2025-11-19T21:26:48",1,True
"Carroll, Jayne_2025-11-19T21:26:57",1,True
"Hermanson, Lars_2025-11-19T21:27:20",1,True
"van Leeuwen, Jacqueline F. N._2025-11-19T21:16:08",0,True
"Beach, Alison I._2025-11-19T21:27:26",1,True
"Glørstad, Zanette Tsigaridas_2025-11-19T21:27:42",1,True
"Thörnqvist, Christina Thomsen_2025-11-19T21:28:25",1,True
"García Alcázar, María Francisca_2025-11-19T21:28:49",0,False
"De Wet, Chris L._2025-11-19T21:29:27",0,True
"van Rhijn, Carine_2025-11-19T21:29:39",1,True
"Stadler, Peter_2025-11-19T21:30:04",1,True
"Duda, Michalina_2025-11-19T21:30:39",1,True
"Kempf, Michael_2025-11-19T21:31:47",1,True
"Poves, Ignasi_2025-11-19T21:34:23",0,True
"Fabregat-Prous, Joan_2025-11-19T21:34:23",0,True
"Larrea y Olea, Javier_2025-11-19T21:34:23",0,True
"Briceño, Javier_2025-11-19T21:34:23",0,False
"Miyar-de León, Alberto_2025-11-19T21:34:23",0,True
"Serradilla, Mario_2025-11-19T21:34:23",0,False
"Moya-Herraiz, Angel_2025-11-19T21:34:23",0,True
"Secanella, Lluis_2025-11-19T21:34:23",0,True
"Sanchez Bueno, Francisco_2025-11-19T21:34:23",0,True
"Botello Martinez, Francisco_2025-11-19T21:34:23",0,True
"Serrablo, Alejandro_2025-11-19T21:34:23",0,False
"Ferrer Fabrega, Joana_2025-11-19T21:34:23",0,True
"Sanchez Cabús, S._2025-11-19T21:34:23",0,True
"Angel Gómez Bravo, Miguel_2025-11-19T21:34:23",0,False
"Padillo, Javier_2025-11-19T21:34:23",0,True
"Blanco, Laia_2025-11-19T21:34:23",0,False
"Balcells, J._2025-11-19T21:34:23",0,False
"Cugat, Esteban_2025-11-19T21:34:23",0,False
"García Domingo, Maribel_2025-11-19T21:34:23",0,False
"Muñoz Bellvis, Luis_2025-11-19T21:34:23",0,True
"Dolores Perez Diaz, Maria_2025-11-19T21:34:23",0,True
"Santoyo Santoyo, Julio_2025-11-19T21:34:23",0,False
"Sanchez, Belinda_2025-11-19T21:34:23",0,True
"Villegas, Trinidad_2025-11-19T21:34:23",0,True
"Pacho, Silvino_2025-11-19T21:34:23",0,True
"Díez Valladares, Luis_2025-11-19T21:34:23",0,True
"Rebollar, Jose_2025-11-19T21:34:23",0,True
"Ángel Suárez Muñoz, Miguel_2025-11-19T21:34:23",0,False
"Domínguez, Elías_2025-11-19T21:34:23",0,False
"Falgueras, Laia_2025-11-19T21:34:23",0,True
"Artigas, Vicenç_2025-11-19T21:34:23",1,True
"Sabater, Luis_2025-11-19T21:34:23",0,False
"Garcia Gil, Agustin_2025-11-19T21:34:23",0,False
"Ignacio Miota de Llama, Jose_2025-11-19T21:34:23",0,False
"Manzanet, Gerardo_2025-11-19T21:34:23",0,True
"Carlos Pino, Jose_2025-11-19T21:34:23",0,True
"Carlos Rodríguez Sanjuán, Juan_2025-11-19T21:34:23",0,True
"Lluis, F._2025-11-19T21:34:23",0,True
"Ausania, Fabio_2025-11-19T21:34:23",0,False
"Alkorta Zuloaga, Maialen_2025-11-19T21:34:23",0,True
"Røed, Knut H._2025-11-19T21:34:23",0,False
"Rury, John L._2025-11-19T21:34:24",1,True
"Tamura, Eileen H._2025-11-19T21:34:24",1,True
"Young, Spencer E._2025-11-19T21:34:24",1,True
김향숙_2025-11-19T21:34:26,0,False
김미연_2025-11-19T21:34:26,0,False
박재현_2025-11-19T21:34:26,0,False
"Kim, Hyang Sook_2025-11-19T21:34:26",0,False
"Kim, Mi Yeoun_2025-11-19T21:34:26",0,False
"Park, Jae Hyun_2025-11-19T21:34:26",1,True
"Maravall Buckwalter, Laura_2025-11-19T21:34:28",0,False
"Mostaza, Jose M._2025-11-19T21:34:28",0,False
"de Dios, Olaya_2025-11-19T21:34:28",0,True
"Arribas, Marta_2025-11-19T21:34:28",0,True
"Pérez Arroyo, Alicia_2025-11-19T21:34:28",0,True
"Salinero-Fort, Miguel A._2025-11-19T21:34:28",0,False
"Estirado, Eva_2025-11-19T21:34:28",0,True
"González Alegre, Teresa_2025-11-19T21:34:28",0,True
"Sabín, Concesa_2025-11-19T21:34:28",0,True
"López, Silvia_2025-11-19T21:34:28",1,True
"Sánchez, Vanesa_2025-11-19T21:34:28",0,True
"Cornejo, Víctor_2025-11-19T21:34:28",0,True
"Garcés, Carmen_2025-11-19T21:34:28",0,False
"Musielak, Bartosz Jan_2025-11-19T21:41:23",0,True
"Kubicka, Anna Maria_2025-11-19T21:34:29",0,False
"Rychlik, Michał_2025-11-19T21:34:29",0,False
"Grzegorzewski, Andrzej_2025-11-19T21:34:29",0,True
"Jóźwiak, Marek_2025-11-19T21:34:29",1,True
"Boonstra, Tjeerd_2025-11-19T21:34:29",0,False
"Poluzzi, Luca_2025-11-19T21:34:29",0,True
"Barbarella, Maurizio_2025-11-19T21:34:29",1,True
"Tavasci, Luca_2025-11-19T21:34:29",0,True
"Gandolfi, Stefano_2025-11-19T21:34:29",0,True
"Cenni, Nicola_2025-11-19T21:34:29",0,True
"Babos, Heidi B._2025-11-19T21:34:29",0,False
"Rohrssen, Megan_2025-11-19T21:34:29",0,False
"Chappaz, Anthony_2025-11-19T21:34:29",1,True
"Leis Trabazo, Rosaura_2025-11-19T21:34:29",0,False
"de Lamas Pérez, Carmela_2025-11-19T21:34:29",0,False
"Castro Pérez, Xavier_2025-11-19T21:34:29",0,False
"Solla, Pepe_2025-11-19T21:34:29",0,False
"Aguraiuja-Lätti, Ülle_2025-11-19T21:34:30",0,True
"Neville, Jennifer_2025-11-19T21:35:10",1,True
"Festa, G_2025-11-19T21:35:10",1,True
"Andreani, C_2025-11-19T21:35:10",0,True
"Cipollari, V_2025-11-19T21:35:10",0,False
"Martini, F_2025-11-19T21:35:10",0,False
"Rolfo, M F_2025-11-19T21:35:10",0,True
"Volante, N_2025-11-19T21:35:10",1,True
"Senesi, R_2025-11-19T21:35:10",0,True
"Stasolla, F R_2025-11-19T21:35:10",0,False
"Parker, S F_2025-11-19T21:35:10",1,True
"Vassalo, A R_2025-11-19T21:35:10",0,False
"Mamede, A P_2025-11-19T21:35:10",0,True
"Batista de Carvalho, L A E_2025-11-19T21:35:10",0,True
"Marques, M P M_2025-11-19T21:35:10",0,True
"Rukuni, Rugare_2025-11-19T21:35:11",0,True
"Oliver, Erna_2025-11-19T21:35:11",1,True
"Wick, Christoph_2025-11-19T21:35:11",1,True
"Marcello, Fernanda_2025-11-19T21:35:11",0,True
"Wainer, Ilana_2025-11-19T21:35:11",0,True
"Gent, Peter R._2025-11-19T21:35:11",0,False
"Otto-Bliesner, Bette L._2025-11-19T21:35:11",1,True
"Brady, Esther C._2025-11-19T21:35:11",0,False
Fjellström_2025-11-19T21:35:16,0,False
"Eriksson, Gunilla_2025-11-19T21:39:46",1,True
Lidén_2025-11-19T21:35:16,1,True
Svestad_2025-11-19T21:35:16,0,True
"Ramey, Lynn Tarte_2025-11-19T21:50:34",1,True
"Neville, David_2025-11-19T21:35:16",1,True
"deHaan, Jonathan_2025-11-19T21:35:17",1,True
"Durand, Maxime_2025-11-19T21:35:17",1,True
"Essary, Brandon_2025-11-19T21:35:17",0,False
"Howland, Rob_2025-11-19T21:35:17",0,False
"Kapadia, Mubbasir_2025-11-19T21:35:17",0,True
"Kronenberg, Felix_2025-11-19T21:35:17",0,True
"Shelton, Brett E._2025-11-19T21:35:17",0,True
Solovyova Lydia N._2025-11-19T21:35:17,0,False
Anne Karin Hufthammer_2025-11-19T21:35:17,0,True
Riccardo RAO_2025-11-19T21:35:18,1,True
Igor SANTOS SALAZAR_2025-11-19T21:35:18,0,False
中房  敏朗_2025-11-19T21:35:20,0,False
ウェイン  ジュリアン_2025-11-19T21:35:20,0,False
Nakafusa  Toshiro_2025-11-19T21:35:20,0,False
Uein  Jurian_2025-11-19T21:35:20,0,False
ソネ  ジュンヤ_2025-11-19T21:35:20,0,False
Sone  Jun'ya_2025-11-19T21:35:20,0,False
"Ting, Carmen_2025-11-19T21:35:21",0,True
"Kassianidou, Vasiliki_2025-11-19T21:35:21",1,True
"Cook, Holly_2025-11-19T21:35:21",0,True
"Barker, Craig_2025-11-19T21:35:21",1,True
Petrov P.N._2025-11-19T21:35:23,0,True
Kamishev A.M._2025-11-19T21:35:23,0,False
"Strobl, Christina_2025-11-19T21:35:24",0,True
"Zimmermann, Bettina_2025-11-19T21:35:24",0,False
"Allen, Marie_2025-11-19T21:22:38",0,False
"Racz, Anett_2025-11-19T21:35:24",0,True
"Zilizi, Gergo_2025-11-19T21:35:24",0,True
"Silva, José Filipe_2025-11-19T21:35:24",1,True
"Wilkins, Kim_2025-11-19T21:35:24",1,True
"Guémy, Antoine_2025-11-19T21:35:26",1,True
"Émion, François_2025-11-19T21:35:26",1,True
"Briens, Sylvain_2025-11-19T21:35:26",1,True
"Schulte-Kortnack, Detlef_2025-11-19T21:35:26",0,False
"Nakoinz, Oliver_2025-11-19T21:35:26",1,True
"Enzmann, Jonas_2025-11-19T21:35:26",1,True
"Jürgens, Fritz_2025-11-19T21:35:26",1,True
"Wilkes, Feiko_2025-11-19T21:35:26",1,True
"Teza, Giordano_2025-11-19T21:35:26",0,True
"Trevisani, Sebastiano_2025-11-19T21:35:26",1,True
"Pesci, Arianna_2025-11-19T21:35:26",0,True
"Einarsson, Bjarni F_2025-11-19T21:35:27",1,True
"Petersen, Aevar_2025-11-19T21:35:27",0,False
"Fernández-Coll, Meritxell_2025-11-19T21:35:27",0,False
"Bird, Michael_2025-11-19T21:35:29",1,True
"Wilson, Tom_2025-11-19T21:35:29",0,False
"Cohen, Alan A_2025-11-19T21:35:30",0,True
"Levasseur, Mélanie_2025-11-19T21:35:30",1,True
"Raina, Parminder_2025-11-19T21:35:30",0,True
"Fried, Linda P_2025-11-19T21:35:30",1,True
"Terry, John T. R._2025-11-19T21:35:30",0,False
"Sarah, Kay_2025-11-19T21:35:30",2,True
"Breiby, M. P._2025-11-19T21:35:30",0,False
"Mills, R. D._2025-11-19T21:35:30",0,True
"Fullagar, P. D._2025-11-19T21:35:30",0,False
"Bogaard, Amy_2025-11-19T21:35:57",1,True
"Charles, Mike_2025-11-19T21:35:57",0,True
"Ramsey, Christopher Bronk_2025-11-19T21:39:11",1,True
"Thomas, Richard_2025-11-19T21:35:57",1,True
"Forster, Emily_2025-11-19T21:35:57",0,True
"Stroud, Elizabeth_2025-11-19T21:35:57",0,True
"Wasik, Bogusz_2025-11-19T21:36:15",1,True
"Maciejewska, Karolina_2025-11-19T21:36:15",0,False
"Moszczyński, Paweł_2025-11-19T21:36:15",1,True
"Misiewicz, Krzysztof_2025-11-19T21:36:15",1,True
"Małkowski, Wiesław_2025-11-19T21:36:15",1,True
"Tyszkowski, Sebastian_2025-11-19T21:36:15",1,True
"HYAMS, Paul R._2025-11-19T21:50:13",2,True
"Doblanović Šuran, Danijela_2025-11-19T21:19:38",1,True
"Kochkina, Anna F._2025-11-19T21:47:49",0,False
"Poma, Anna_2025-11-19T21:36:34",0,True
"Cesare, Patrizia_2025-11-19T21:36:34",0,False
"Bonfigli, Antonella_2025-11-19T21:36:34",0,False
"Vecchiotti, Giulia_2025-11-19T21:36:34",0,False
"Colafarina, Sabrina_2025-11-19T21:36:34",0,False
"Zarivi, Osvaldo_2025-11-19T21:36:34",0,False
"Hiltzik, Andrew M._2025-12-29T18:17:44",1,True
"O’Camb, Brian_2025-11-19T21:36:40",1,True
"Kiessling, Benjamin_2025-11-19T21:36:40",1,True
"Tissot, Robin_2025-11-19T21:36:40",0,True
"Stokl Ben Ezra, Daniel_2025-11-19T21:36:40",0,True
"Kurar Barakat, Berat_2025-11-19T21:36:40",0,False
"Cohen, Rafi_2025-11-19T21:36:40",0,True
Erin Connelly_2025-11-19T21:36:42,0,False
"Armstrong, Jeremy_2025-11-19T21:36:42",1,True
"Trundle, Matthew_2025-11-19T21:36:42",1,True
"Crozier, Alan_2025-12-29T18:17:49",1,True
"Nedoklan, Srđan_2025-11-19T21:36:44",0,False
"Tadin, Antonija_2025-11-19T21:36:44",0,True
"Knezović, Zlatka_2025-11-19T21:36:44",0,True
"Sutlović, Davorka_2025-11-19T21:36:44",1,True
"MacGregor, Martin_2025-11-19T21:36:44",0,True
"Wilkinson, Caroline_2025-11-19T21:36:44",1,True
Anna F. Litvina_2025-11-19T21:36:45,0,True
A. I. Taymazov_2025-11-19T21:36:45,0,True
A. L. Budaychiev_2025-11-19T21:36:45,0,False
A. K. Abiev_2025-11-19T21:36:45,0,False
A. M. Abdulaev_2025-11-19T21:36:45,0,False
Yu A. Magomedov_2025-11-19T21:36:45,0,False
"Rohlicek, Charles_2025-11-19T21:36:47",0,False
"Sahakian, Sossy_2025-11-19T21:36:47",0,False
"Schmidt, Johannes_2025-11-19T21:36:49",1,True
"Malik, Owais Ahmed_2025-11-19T21:36:51",0,True
"Keasberry, Chester_2025-11-19T21:36:51",0,True
"Hong, Ong Wee_2025-11-19T21:36:51",0,False
"Liu, Yong_2025-11-19T21:36:51",0,True
"Ghawi, Raji_2025-11-19T21:36:53",0,True
"Petz, Cindarella_2025-11-19T21:36:53",0,True
"Pfeffer, Jurgen_2025-11-19T21:36:53",1,True
"Hao, Zhixin_2025-11-19T21:36:54",0,True
"Zheng, Jingyun_2025-11-19T21:36:54",0,False
"Yu, Yingzhuo_2025-11-19T21:36:54",0,False
"Xiong, Danyang_2025-11-19T21:36:54",0,False
"Liu, Yang_2025-11-19T21:36:54",1,True
"Ge, Quansheng_2025-11-19T21:36:54",1,True
"Stacey, Rebecca J._2025-11-19T21:37:05",1,True
"Mortimer, Richard_2025-11-19T21:37:05",1,True
"Ladd, Stuart_2025-11-19T21:37:05",0,True
"Parfitt, Keith_2025-11-19T21:37:05",1,True
"Bull, Ian_2025-11-19T21:37:05",0,False
"Cruz-Jentoft, Alfonso J._2025-11-19T21:37:07",1,True
"Dawson Hughes, Bess_2025-11-19T21:37:07",1,True
"Scott, David_2025-11-19T21:37:07",0,True
"Sanders, Kerrie M._2025-11-19T21:37:07",0,False
"Rizzoli, Rene_2025-11-19T21:37:07",1,True
"Sureka, Tulika_2025-11-19T21:37:08",0,True
"Swetha, K S N_2025-11-19T21:37:08",0,True
"Arora, Isha_2025-11-19T21:37:08",1,True
"Mamatha, H R_2025-11-19T21:37:08",0,True
"Baier, Frank_2025-11-19T21:37:08",0,False
"Biscione, Marilisa_2025-11-19T21:37:08",0,False
"Chrysoulakis, Nektarios_2025-11-19T21:37:08",1,True
"Danese, Maria_2025-11-19T21:37:08",0,False
"Erbertseder, Thilo_2025-11-19T21:37:08",0,True
"Gioia, Dario_2025-11-19T21:37:08",0,True
"Lomurno, Sante_2025-11-19T21:37:08",0,False
"Nico, Giovanni_2025-11-19T21:37:08",0,True
"Sileo, Maria_2025-11-19T21:37:08",0,True
"Zhang, Ying_2025-11-19T21:37:08",0,False
"Herrmann, Christofer_2025-11-19T21:37:08",1,True
"Koperkiewicz, Arkadiusz_2025-11-19T21:37:08",1,True
"Ubis, Edvinas_2025-11-19T21:37:08",1,True
"Gustafsson, Christer_2025-11-19T21:37:08",1,True
"Zamerska, Alicja_2025-11-19T21:28:58",0,False
"Lewandowska, Magda_2025-11-19T21:37:11",1,True
"Abadeer, Mina_2025-11-19T21:37:12",1,True
"Gorlatch, Sergei_2025-11-19T21:37:12",1,True
Henriksen_2025-11-19T21:37:12,1,True
Holst_2025-11-19T21:37:12,0,False
Breuning-Madsen_2025-11-19T21:37:12,0,False
"Eriksson, Bart_2025-11-19T21:35:11",0,True
Belorybkin Gennadiy N._2025-11-19T21:37:13,0,False
Osipova Tatiana V._2025-11-19T21:37:13,0,False
Sobol Ariel S._2025-11-19T21:37:13,0,False
Natalya E. Zolotukhina_2025-11-19T21:37:14,0,False
Nikolay N. Bolgov_2025-11-19T21:37:14,0,False
Peter TALLOEN_2025-11-19T21:37:21,0,True
Jeroen POBLOME_2025-11-19T21:37:21,1,True
Gustavo Acioli Lopes_2025-11-19T21:37:26,0,True
Maximiliano M. Menz_2025-11-19T21:37:26,0,True
"Dal Ri Júnior, Arno_2025-11-19T21:37:27",1,True
"Rubeis, Giovanni_2025-11-19T21:22:18",0,True
"Kristianto, Ronaldo_2025-11-19T21:37:28",0,True
"Handayani, Farida Dwi_2025-11-19T21:37:28",0,True
"Wibowo, Adi_2025-11-19T21:37:28",0,True
"Alberti, Michele_2025-11-19T21:37:28",0,True
"Vogtlin, Lars_2025-11-19T21:37:28",0,True
"Pondenkandath, Vinaychandran_2025-11-19T21:37:28",1,True
"Seuret, Mathias_2025-11-19T21:37:28",0,True
"Kaiser, Knut_2025-11-19T21:23:23",1,True
"Heinrich, Susann_2025-11-19T21:23:23",0,False
"Mastino, Attilio_2025-11-19T21:37:30",1,True
"Cocco, Maria Bastiana_2025-11-19T21:37:30",1,True
"Tarabochia, Matthew_2025-11-19T21:37:35",0,False
"Janssen, Stein J_2025-11-19T21:37:35",0,True
"Ogink, Paul T_2025-11-19T21:37:35",0,False
"Ring, David_2025-11-19T21:37:35",0,False
"Chen, Neal C_2025-11-19T21:37:35",0,False
"Rabiger-Völlmer, Johannes_2025-11-19T21:37:35",1,True
"Werban, Ulrike_2025-11-19T21:37:35",1,True
"Dietrich, Peter_2025-11-19T21:37:35",0,False
"Fediuk, Annika_2025-11-19T21:37:35",1,True
"Schmutz, Beat_2025-11-19T21:37:47",0,True
"Schuetz, Frederik_2025-11-19T21:37:47",0,False
"Alkadhi, Hatem_2025-11-19T21:37:47",2,True
"Grigoreva, Natalia_2025-11-19T21:37:47",1,True
"Kalbarczyk, Paweł_2025-11-19T21:37:47",1,True
"Trela, Krystian_2025-11-19T21:37:47",1,True
"Cavallo, Guglielmo_2025-11-19T21:39:29",1,True
"Aceto, M._2025-11-19T21:37:48",1,True
"Emmenegger, R._2025-11-19T21:37:48",0,False
"Keller, A.T._2025-11-19T21:37:48",0,False
"Lenz, R._2025-11-19T21:37:48",0,True
"Wörz, S._2025-11-19T21:37:48",0,False
"Cassitti, P._2025-11-19T21:37:48",0,True
"Vavřík, Daniel_2025-11-19T21:22:18",1,True
"Knauber, Konrad_2025-11-19T21:22:18",1,True
"Urbanová, Daniela_2025-11-19T21:22:18",1,True
"Kumpová, Ivana_2025-11-19T21:22:18",1,True
"Blažková, Kateřina_2025-11-19T21:22:18",1,True
"Šámal, Zdeněk_2025-11-19T21:22:18",1,True
"Kytyr, D._2025-11-27T19:23:43",0,False
"Moghaddam, Negahnaz_2025-11-19T21:37:49",2,True
"Stawinoga, Agnieszka Elzbieta_2025-11-19T21:37:49",0,False
"Siebke, Inga_2025-11-19T21:37:49",0,False
"Depellegrin, Valentina_2025-11-19T21:37:49",0,False
"Tecchiati, Umberto_2025-11-19T21:37:49",1,True
"van der Knaap, Willem O._2025-11-19T21:16:08",1,True
"Fahse, Lorenz_2025-11-19T21:16:08",0,False
"Szidat, Sönke_2025-11-19T21:16:08",0,False
"Studer, Tanja_2025-11-19T21:16:08",0,False
"Baumann, Joël_2025-11-19T21:16:08",1,True
"Heurich, Marco_2025-11-19T21:16:08",1,True
"Tinner, Willy_2025-11-19T21:16:08",1,True
"Wagner, Charles_2025-11-19T21:37:50",1,True
"De Gezelle, Jillian_2025-11-19T21:37:50",1,True
"Komarnytsky, Slavko_2025-11-19T21:37:50",0,True
"Sanjaya, W. S. Mada_2025-11-19T21:37:50",0,False
"Roziqin, Akhmad_2025-11-19T21:37:50",0,False
"Kusumorini, Astuti_2025-11-19T21:37:50",0,False
"Anggraeni, Dyah_2025-11-19T21:37:50",0,False
"Nurrahman, Fikri Ibrahim_2025-11-19T21:37:50",0,False
"Kresnadjaja, Winandar Ganis_2025-11-19T21:37:50",0,False
"Maulana, Dian Syah_2025-11-19T21:37:50",0,False
"Bärwald, Annika_2025-12-29T18:17:55",0,False
"Köstlbauer, Josef_2025-12-29T18:17:55",0,False
"von Mallinckrodt, Rebekka_2025-12-29T18:17:55",0,False
"Meyer, Stephen C._2025-11-19T21:37:52",1,True
"Yri, Kirsten_2025-11-19T21:37:52",1,True
"Troyer, Scott R._2025-11-19T21:37:53",0,False
"Orique, David Thomas_2025-11-19T21:37:53",1,True
"Fitzpatrick-Behrens, Susan_2025-11-19T21:37:53",1,True
"Garrard, Virginia_2025-11-19T21:37:53",1,True
"Lantigua, David M._2025-11-19T21:37:53",1,True
"Fioretti, Giovanna_2025-11-19T21:37:53",0,True
"Acquafredda, Pasquale_2025-11-19T21:37:53",1,True
"Calò, Silvia_2025-11-19T21:37:53",1,True
"Cinelli, Mariagrazia_2025-11-19T21:37:53",0,True
"Germanò, Germano_2025-11-19T21:37:53",0,False
"Laera, Alessandro_2025-11-19T21:37:53",0,False
"Moccia, Angelo_2025-11-19T21:37:53",0,False
"Szuhai, Iulia-Monica_2025-11-19T21:37:55",0,True
"Bocicor, Maria Iuliana_2025-11-19T21:37:55",0,False
"Pop, Emilia-Loredana_2025-11-19T21:37:55",0,True
"Mircea, Ioan-Gabriel_2025-11-19T21:37:55",0,True
"Mircea, Cristina_2025-11-19T21:37:55",0,True
"Redmalm, David_2025-11-19T21:37:55",0,True
"Skoglund, Annika_2025-11-19T21:37:55",1,True
"Jakab, Gusztáv_2025-11-19T21:17:23",0,True
"Silye, Lóránd_2025-11-19T21:17:23",0,True
"Sümegi, Pál_2025-11-19T21:17:23",1,True
"Tóth, Attila_2025-11-19T21:17:23",0,False
"Sümegi, Balázs_2025-11-19T21:17:23",0,False
"Pál, Ilona_2025-11-19T21:17:23",0,True
"Benkő, Elek_2025-11-19T21:17:23",1,True
"Ruff, Carin_2025-11-19T21:37:56",1,True
"Piovan, Silvia_2025-11-19T21:37:57",1,True
"Pilø, Lars_2025-11-19T21:37:57",1,True
"Finstad, Espen_2025-11-19T21:37:57",0,True
Woolhouse_2025-11-19T21:37:57,1,True
Hinman_2025-11-19T21:37:57,1,True
Sudds_2025-11-19T21:37:57,0,False
"Kerkhof, Peter Alexander_2025-11-19T21:37:58",0,False
"Bruno, Laura_2025-11-19T21:37:58",0,False
Bilikto A. Bazarov_2025-11-19T21:48:08,0,False
Gombozhapov Alexandr D._2025-11-19T21:37:58,0,False
Nolev Evgeniy V._2025-11-19T21:37:58,0,False
Venuti Valentina_2025-11-19T21:37:58,1,True
Crupi Vincenza_2025-11-19T21:37:58,0,False
Fazio Barbara_2025-11-19T21:37:58,0,True
Paladini Giuseppe_2025-11-19T21:37:58,1,True
La Russa Mauro Francesco_2025-11-19T21:37:58,0,False
Ricca Michela_2025-11-19T21:37:58,1,True
Rovella Natalia_2025-11-19T21:37:58,0,False
Macchia Andrea_2025-11-19T21:37:58,1,True
Khalilli Fariz_2025-11-19T21:37:58,0,False
Majolino Domenico_2025-11-19T21:37:58,0,False
Katarzyna Gucio_2025-11-19T21:37:59,0,False
"Aers, David_2025-11-19T21:37:59",1,True
"Sarah, Beckwith_2025-11-19T21:37:59",1,True
"Johannes, Wolf_2025-11-19T21:37:59",0,False
"Khamjane, Aziz_2025-11-19T21:37:59",0,True
"Taime, Abderazzak_2025-11-19T21:37:59",0,True
"Ouazene, Zouhair_2025-11-19T21:37:59",0,True
"Benslimane, Rachid_2025-11-19T21:37:59",0,True
"Fraser, Magdalena_2025-11-19T21:38:00",0,True
"Munters, Arielle R._2025-11-19T21:38:00",0,True
"Pospieszny, Łukasz_2025-11-19T21:38:00",1,True
"Lindström, Jonathan_2025-11-19T21:38:00",1,True
"Martín Romera, María Ángeles_2025-11-19T21:38:00",1,True
"Preiser-Kapeller, Johannes_2025-11-19T21:38:02",1,True
"Reinfandt, Lucian_2025-11-19T21:38:02",1,True
"Stouraitis, Yannis_2025-11-19T21:38:02",2,True
"Thomas, Suzie_2025-11-19T21:38:03",2,True
"Dergham, Modar_2025-11-19T21:38:04",0,True
"Bolya, Anna Maria_2025-11-19T21:38:04",0,True
"Boros, Kata_2025-11-19T21:38:05",0,True
"Novac, Cornelia Mihaela_2025-11-19T21:38:05",0,True
"Novac, Ovidiu Constantin_2025-11-19T21:38:05",0,True
"Steiner-Varlaki, Judit Ida_2025-11-19T21:38:05",0,True
"Adams, Claryse_2025-11-19T21:38:06",0,True
"Cliburn, Daniel_2025-11-19T21:38:06",0,True
"Salyers, Joshua_2025-11-19T21:38:06",0,False
"Shiraz, Rukhsar_2025-11-19T21:38:06",0,True
"Torok, Zsolt Gyozo_2025-11-19T21:38:06",1,True
"Torok, Agoston_2025-11-19T21:38:06",0,True
"Küster, Mathias_2025-11-19T21:38:08",1,True
"Dietze, Elisabeth_2025-11-19T21:38:08",1,True
"Kappler, Christoph_2025-11-19T21:38:08",1,True
"Schult, Manuela_2025-11-19T21:38:08",0,False
"Theuerkauf, Martin_2025-11-19T21:23:23",0,False
"Vogel, Sebastian_2025-11-19T21:38:08",1,True
"de Boer, Anna Maartje_2025-11-19T21:38:08",0,False
"Börner, Andreas_2025-11-19T21:38:08",1,True
"Preusser, Frank_2025-11-19T21:38:08",1,True
"Schwabe, Matthias_2025-11-19T21:38:08",0,False
"Ulrich, Jens_2025-11-19T21:38:08",0,False
"Wirner, Michael_2025-11-19T21:38:08",1,True
"Bens, Oliver_2025-11-19T21:38:08",1,True
"Larsson, Simon_2025-11-19T21:38:08",1,True
"Lundström, Markus_2025-11-19T21:38:08",1,True
"Holman, Susan R._2025-11-19T21:38:08",1,True
"Jørgensen, Lars_2025-11-19T21:38:08",1,True
"Thomsen, Lone Gebauer_2025-11-19T21:38:08",1,True
"Jørgensen, Anne Nørgård_2025-11-19T21:38:08",1,True
Carlos Marichal_2025-11-19T21:38:11,1,True
Guillermina del Valle Pavón_2025-11-19T21:38:11,0,False
Javier Kraselsky_2025-11-19T21:38:11,0,False
Antonio García de León_2025-11-19T21:38:11,1,True
Fernando Ciaramitaro_2025-11-19T21:38:14,0,False
Marina Sinitsa_2025-11-19T21:38:22,0,False
Nicholay Bolgov_2025-11-19T21:38:22,0,False
"Nilupuli Wijerathna, K.A.S.A._2025-11-19T21:38:23",0,False
"Sepalitha, Rashmi_2025-11-19T21:38:23",0,True
"Indika, Thuiyadura_2025-11-19T21:38:23",0,True
"Athauda, Harshana_2025-11-19T21:38:23",0,True
"Suranjini, P.D._2025-11-19T21:38:23",0,True
"Silva, J.A.D.C._2025-11-19T21:38:23",0,True
"Jayakodi, Anuradha_2025-11-19T21:38:23",0,True
"Juárez-Almendros, Encarnación_2025-11-19T21:38:24",2,True
"Kleij, Sonja_2025-11-19T21:38:24",0,False
"Rawlings, Helen_2025-11-19T21:38:24",1,True
"Turner, Robert L._2025-11-19T21:38:24",0,False
"Hancock-Parmer, Teresa_2025-11-19T21:38:24",0,False
"Sherman, Kátia_2025-11-19T21:38:24",0,False
"González Ramírez, David_2025-11-19T21:38:24",1,True
"Cruickshank, Don W._2025-11-19T21:38:24",1,True
"Granja Ibarreche, Xabier_2025-11-19T21:38:24",1,True
"Gies, David T._2025-11-19T21:38:24",1,True
"Andrews, Jean_2025-11-19T21:38:24",1,True
"Dorca, Toni_2025-11-19T21:38:24",2,True
"Cazorla Sánchez, Antonio_2025-11-19T21:38:24",1,True
"Raeburn, Fraser_2025-11-19T21:38:24",0,False
"Radcliff, Pamela_2025-11-19T21:38:24",0,False
"Backes, Heidi_2025-11-19T21:38:24",1,True
"Talbot, Lynn K._2025-11-19T21:38:24",1,True
"Ribeiro De Meneses, Filipe_2025-11-19T21:38:24",1,True
"Fisk, Bethan_2025-11-19T21:38:24",1,True
"Radcliffe, Sarah A._2025-11-19T21:38:24",1,True
"Bryce, Benjamin_2025-11-19T21:38:24",2,True
"Feldman, Irina Alexandra_2025-11-19T21:38:24",1,True
"Rodriques, Janelle_2025-11-19T21:38:24",0,True
"Conlon, David_2025-11-19T21:38:24",0,False
"Wilke, Franziska D. H._2025-11-19T21:23:23",0,False
"Křivánek, Roman_2025-11-19T21:23:23",1,True
"Schulz, Lars_2025-11-19T21:23:23",0,False
"Bonhage, Alexander_2025-11-19T21:23:23",0,False
"Gilmour, Simon_2025-11-19T21:38:24",1,True
"Henderson, Jon_2025-11-19T21:38:24",1,True
"Yunusbaev, Ural_2025-11-19T21:38:25",0,True
"Ionusbaev, Arslan_2025-11-19T21:38:25",0,False
"Han, Giyoun_2025-11-19T21:38:25",0,False
"Kwon, Hyung Wook_2025-11-19T21:38:25",1,True
"DUBA, William O._2025-11-19T21:38:26",1,True
"RIBORDY, Olivier_2025-11-19T21:38:26",1,True
"Gubo, Stefan_2025-11-19T21:38:27",0,True
"Kmet, Tibor_2025-11-19T21:38:27",0,True
"Molnar, Andras_2025-11-19T21:38:27",1,True
"Da Via, Silvia_2025-11-19T21:38:28",0,False
"Petrella, Enrico_2025-11-19T21:38:28",1,True
"Bove, Damien_2025-11-19T21:38:33",0,False
"Messinger, David W._2025-11-19T21:38:33",0,False
"Velez-Reyes, Miguel_2025-11-19T21:38:33",0,False
"Hammann, Simon_2025-11-19T21:38:34",1,True
"Nederbragt, Alexandra J_2025-11-19T21:38:34",0,False
"Nicholson, Elizabeth_2025-11-19T21:38:34",0,False
"Taylor, Allie Rae_2025-11-19T21:38:34",0,False
"Whelton, Helen_2025-11-19T21:38:34",0,False
"Jazwa, Christopher S._2025-11-19T21:38:34",1,True
"Joslin, Terry L._2025-11-19T21:38:34",1,True
"Krause, Katja_2025-11-19T21:38:34",1,True
"Dold, Dominic_2025-11-19T21:38:34",0,False
"Bertl, Kristina_2025-11-19T21:21:41",0,True
"Rybaczek, Tina_2025-11-19T21:21:41",0,False
"Berger, Barbara_2025-11-19T21:21:41",1,True
"Traindl-Prohazka, Martina_2025-11-19T21:21:41",0,False
"Schuller-Götzburg, Peter_2025-11-19T21:21:41",0,True
"Cavell, Megan_2025-11-19T21:38:36",1,True
"Zeller, Bernhard_2025-11-19T21:23:13",2,True
"Kohl, Thomas_2025-11-19T21:38:36",1,True
"Czock, Miriam_2025-11-19T21:38:36",1,True
"Emrani, H_2025-11-19T21:38:37",0,True
"Masoudi, A A_2025-11-19T21:38:37",0,True
"Vaez Torshizi, R_2025-11-19T21:38:37",0,True
"Ehsani, A_2025-11-19T21:38:37",0,True
"Harrington, Sue_2025-11-19T21:38:37",1,True
"Millard, Andrew_2025-11-19T21:38:37",1,True
"Hanot, Pauline_2025-11-19T21:38:39",1,True
"Gerber, Sylvain_2025-11-19T21:38:39",1,True
"Guintard, Claude_2025-11-19T21:38:39",1,True
"Herrel, Anthony_2025-11-19T21:38:39",1,True
"Verslype, Laurent_2025-11-19T21:38:39",1,True
"Cornette, Raphaël_2025-11-19T21:38:39",1,True
"Melnikov, Georgy_2025-11-19T21:38:40",0,False
"Petrukhin, Vladimir_2025-11-19T21:38:40",0,False
"Waldner, Thomas Koch_2025-11-19T21:38:40",0,True
"Niederstätter, Harald_2025-11-19T21:38:40",0,True
"Musalek, Christina_2025-11-19T21:38:40",0,False
"Saliari, Konstantina_2025-11-19T21:38:40",1,True
"Töchterle, Ulrike_2025-11-19T21:38:40",2,True
"Parson, Walther_2025-11-19T21:35:24",1,True
"de la Fuente Castro, Constanza_2025-11-19T21:38:41",0,True
"Holtsmark Nielsen, Sofie_2025-11-19T21:38:41",0,True
"Strand, Lisa Mariann_2025-11-19T21:38:41",0,True
"Pushkina, Tamara_2025-11-19T21:38:41",0,False
"Falys, Ceri_2025-11-19T21:22:38",0,True
"Jørkov, Marie Louise Schjellerup_2025-11-19T21:38:41",0,True
"Østergaard Sørensen, Palle_2025-11-19T21:38:41",0,False
"Magnusson, Yvonne_2025-11-19T21:38:41",0,True
"Schroeder, Hannes_2025-11-19T21:38:41",0,True
"Sutter, Gerd_2025-11-19T21:38:41",1,True
"Smith, Geoffrey L_2025-11-19T21:38:41",1,True
"Tikka, Katja_2025-11-19T21:38:41",1,True
"Sallila, Jussi_2025-11-19T21:38:41",0,False
"Neuwirth, Angelika_2025-11-19T21:38:43",1,True
"Wilder, Samuel_2025-11-19T21:38:43",1,True
"Pranke, Piotr_2025-12-29T18:19:21",1,True
"Zečević, Miloš_2025-12-29T18:19:21",1,True
"Romanek, Michał_2025-12-29T18:19:22",2,True
"Rosbrook, Catherine_2025-11-19T21:38:43",0,False
"Memon, Jamshed_2025-11-19T21:38:44",0,True
"Sami, Maira_2025-11-19T21:38:44",0,True
"Khan, Rizwan Ahmed_2025-11-19T21:38:44",1,True
"Uddin, Mueen_2025-11-19T21:38:44",3,True
"Wang, Bin_2025-11-19T21:38:44",0,True
"Tan, Xuan_2025-11-19T21:38:44",0,True
"Song, Dongmei_2025-11-19T21:38:44",0,True
"Zhang, Ling_2025-11-19T21:38:44",1,True
"Drtikolová Kaupová, Sylva_2025-11-19T21:38:44",1,True
"Schamall, Doris_2025-11-19T21:38:44",1,True
"Cvrček, Jan_2025-11-19T21:38:44",0,False
"Půtová, Lenka_2025-11-19T21:38:44",0,False
"Ebsen, Jannie Amsgaard_2025-11-19T21:38:44",0,True
"Pears, B._2025-11-19T21:38:44",1,True
"Toms, P._2025-11-19T21:38:44",0,True
"Wood, J._2025-11-19T21:38:44",0,True
"Jones, R._2025-11-19T21:38:44",0,True
"Daróczi-Szabó, Márta_2025-11-19T21:38:45",0,False
"Kovács, Zsófia Eszter_2025-11-19T21:38:45",0,False
"Raczky, Pál_2025-11-19T21:38:45",1,True
"Cubitt, Rachel S._2025-11-19T21:38:46",0,False
"Hartle, Robert_2025-11-19T21:38:46",0,False
"Marshall, Michael_2025-11-19T21:38:46",1,True
"Bankhead, Gary_2025-11-19T21:38:46",0,False
"Bowsher, Julian_2025-11-19T21:38:46",1,True
"Jeffries, Nigel_2025-11-19T21:38:46",1,True
"Thorp, John R.L._2025-11-19T21:38:46",0,False
"Alcock, Nat_2025-11-19T21:38:46",1,True
"Kaur, Amreen_2025-11-19T21:38:47",0,True
"Raj, Ankit_2025-11-19T21:38:47",0,True
"Jayanthi, N._2025-11-19T21:38:47",0,True
"Indu, S._2025-11-19T21:38:47",0,True
"Khondaker, Md Tawkat Islam_2025-11-19T21:38:47",0,True
"Khan, Junaed Younus_2025-11-19T21:38:47",0,True
"Alam, Tanvir_2025-11-19T21:38:47",0,True
"Rahman, M. Sohel_2025-11-19T21:38:47",1,True
"Lawson, Daniel J_2025-11-19T21:22:38",0,True
"Racimo, Fernando_2025-11-19T21:22:38",0,True
"Moltke, Ida_2025-11-19T21:22:38",1,True
"Cassidy, Lara M_2025-11-19T21:22:38",0,False
"Jørsboe, Emil_2025-11-19T21:22:38",0,True
"Ingason, Andrés_2025-11-19T21:22:38",0,False
"Buś, Magdalena M_2025-11-19T21:22:38",0,True
"Clavel, Benoît_2025-11-19T21:19:33",1,True
María Antonia Luis_2025-11-19T21:39:14,0,False
Evelia Edith Oyhenart_2025-11-19T21:39:14,0,False
Naziya Zhanpeissova_2025-11-19T21:39:23,0,True
Gulzhana Kuzembayeva_2025-11-19T21:39:23,1,True
"Frick, Jens Axel_2025-11-19T21:40:22",0,True
"Herkert, Klaus_2025-11-19T21:40:22",1,True
"Ormrod, W. Mark_2025-11-19T21:40:27",1,True
"Roche, Kevin_2025-11-19T21:41:05",1,True
"Bailly, Matthieu Le_2025-11-19T21:41:05",1,True
"Dufour, Benjamin_2025-11-19T21:41:05",1,True
"Whitaker, Natalie_2025-11-19T21:41:44",0,False
Marisa Barahona Oviedo_2025-11-19T21:41:53,0,True
José Ignacio Murillo Fragero_2025-11-19T21:41:53,0,True
Carlos Cauce Cañizares_2025-11-19T21:41:53,0,True
"Spyrou, Maria A_2025-11-19T21:41:26",0,False
"Gemmill, E._2025-11-19T21:46:56",0,False
Ana María Presta_2025-11-19T21:47:06,0,False
"Sánchez-Quinto, Federico_2025-11-19T21:47:12",0,True
"Girdland-Flink, Linus_2025-11-19T21:22:42",0,True
"George, Robert_2025-11-19T21:47:12",0,False
"Hollfelder, Nina_2025-11-19T21:47:12",1,True
"Burenhult, Göran_2025-11-19T21:47:12",1,True
"Talamo, Sahra_2025-11-19T21:22:42",1,True
"Curtis, Neil_2025-11-19T21:47:12",2,True
"Brzobohata, Hana_2025-11-19T21:47:12",1,True
"Sumberova, Radka_2025-11-19T21:47:12",1,True
"Szmyt, Marzena_2025-11-19T21:47:13",1,True
"Theulot, Bertrand_2025-11-19T21:47:13",1,True
"Gopalakrishnan, Shyam_2025-11-19T21:47:13",0,False
"Szczepanek, Anita_2025-11-19T21:47:13",1,True
"Konopka, Tomasz_2025-11-19T21:47:13",1,True
"Jensen, Theis Z. T._2025-11-19T21:47:13",0,True
"Wilk, Stanisław_2025-11-19T21:47:13",1,True
"Przybyła, Marcin M._2025-11-19T21:47:13",0,False
"Belka, Zdzislaw_2025-11-19T21:47:13",1,True
"Johannsen, Niels N._2025-11-19T21:47:13",1,True
"Tan, Liangcheng_2025-11-19T21:47:13",0,True
"Shen, Chuan-Chou_2025-11-19T21:47:13",0,False
"Chawchai, Sakonvan_2025-11-19T21:47:13",1,True
"Cai, Yanjun_2025-11-19T21:47:13",0,False
"Breitenbach, Sebastian F. M._2025-11-19T21:47:13",1,True
"Chou, Yu-Chen_2025-11-19T21:47:13",0,False
"Duerrast, Helmut_2025-11-19T21:47:13",0,False
"Partin, Judson W._2025-11-19T21:47:13",0,True
"Cai, Wenju_2025-11-19T21:47:13",2,True
"Chabangborn, Akkaneewut_2025-11-19T21:47:13",1,True
"Gao, Yongli_2025-11-19T21:47:13",1,True
"Kwiecien, Ola_2025-11-19T21:47:13",0,False
"Wu, Chung-Che_2025-11-19T21:47:13",1,True
"Shi, Zhengguo_2025-11-19T21:47:13",0,False
"Hsu, Huang-Hsiung_2025-11-19T21:47:13",0,False
"Wohlfarth, Barbara_2025-11-19T21:47:13",1,True
"Keller, Marcel_2025-11-19T21:47:13",1,True
"Kröpelin, Andreas_2025-11-19T21:47:13",0,False
"Durand, Raphaël_2025-11-19T21:47:13",1,True
"Nägele, Kathrin_2025-11-19T21:47:13",0,True
"Radini, Anita_2025-11-19T21:49:12",3,True
"Tromp, M._2025-11-19T21:47:49",0,True
"Tong, E._2025-11-19T21:47:49",0,False
"Dudgeon, J. V._2025-11-19T21:47:49",0,False
"Kröger, R._2025-11-19T21:47:49",0,True
"Rassmann, Knut_2025-11-19T21:48:17",1,True
"Eyub, Eyub Fikrit_2025-11-19T21:48:17",0,False
"Alfsdotter, Clara_2025-11-19T21:48:17",1,True
"Bar-Gal, Gila Kahila_2025-11-19T21:48:29",1,True
"Heino, Matti T._2025-11-19T21:20:53",0,False
"Evans, Ruth_2025-11-19T21:48:40",2,True
蔡丹君_2025-11-19T21:48:52,0,False
Danjun CAI_2025-11-19T21:48:52,0,False
Tymar Iryna_2025-11-19T21:49:03,0,True
Myroslav Voloshchuk_2025-11-19T21:49:03,0,False
"Correia, Jorge_2025-11-19T21:49:13",0,False
"Tornel, Pablo_2025-11-19T21:49:13",0,True
"Donnay, Sirio_2025-11-19T21:49:14",0,False
"Delbeke, Maarten_2025-11-19T21:49:14",2,True
"Nagelsmit, Eelco_2025-11-19T21:49:14",0,False
"Szmoniewski, Bartłomiej Szymon_2025-11-19T21:49:21",1,True
"Bjerke, Jillian_2025-11-19T21:49:29",0,False
"Krolikoski, Courtney_2025-11-19T21:49:29",0,False
"Powell, Austin_2025-11-19T21:49:29",0,True
"Richards, Emerson_2025-11-19T21:49:29",0,False
"Chelis, Theodore_2025-11-19T21:49:29",0,False
"Hobbins, Daniel_2025-11-19T21:49:29",1,True
"Meyer-Lee, Robert J._2025-11-19T21:49:29",1,True
"Hahn, Cynthia_2025-11-19T21:49:29",1,True
"Knox, Leslie_2025-11-19T21:49:29",0,False
"Stanton, Anne Rudloff_2025-11-19T21:49:29",1,True
"Gibson, Gail McMurray_2025-11-19T21:49:29",1,True
"Baswell, Christopher_2025-11-19T21:49:29",1,True
"Beebe, Kathryne_2025-11-19T21:49:29",1,True
"Bogdanović, Jelena_2025-11-19T21:49:29",2,True
"Benz, Maximilian_2025-11-19T21:37:47",2,True
"Reuvekamp, Silvia_2025-11-19T21:37:47",1,True
"Fredh, Erik Daniel_2025-11-19T21:20:52",0,True
"Broström, Anna_2025-11-19T21:20:52",0,True
"Grömer, Karina_2025-11-19T21:50:55",1,True
"Rast-Eicher, Antoinette_2025-11-19T21:50:55",1,True
"Tomasgard, Hanne Maria_2025-11-19T21:50:57",0,False
"Chausserie‑Laprée, Jean_2026-01-14T22:00:50",1,True
"Duval, Sandrine_2026-01-14T22:00:51",1,True
"Valenciano, Marie_2026-01-14T22:00:52",1,True
"Canut, Victor_2026-01-14T22:00:53",0,False
"Mladenović, Ognjen_2026-01-14T22:03:47",0,True
"Jovičić, Mladen_2026-01-14T22:03:48",0,False
"Danković, Ilija_2026-01-14T22:03:49",0,True
"Rodocanachi Roidi, Marina L_2026-01-15T08:59:42",0,False
"Isaias, Ioannis U_2026-01-15T08:59:43",0,True
"Cozzi, Francesca_2026-01-15T08:59:44",1,True
"Grange, Francesca_2026-01-15T08:59:45",0,False
"Scotti, Fabrizia M_2026-01-15T08:59:46",0,False
"Gestra, Valentina F_2026-01-15T08:59:47",0,False
"Gandini, Alessandra_2026-01-15T08:59:49",0,False
"Ripamonti, Enrico_2026-01-15T08:59:50",0,True
"Doak, Brian R._2026-01-15T09:00:11",2,True
"López-Ruiz, Carolina_2026-01-15T09:00:12",1,True
"Quinn, Josephine Crawley_2026-01-15T09:00:13",1,True
"McGrath, Krista_2025-11-19T21:15:34",0,False
"Yartsev, S.V._2025-11-19T21:41:48",0,False
"Gallagher, Robert_2025-11-19T21:15:48",2,True
"Mitchell, Piers D._2025-11-19T21:15:49",1,True
"Seaman, Andy_2025-11-19T21:15:49",1,True
"Piermattei, Alma_2025-11-19T21:15:51",0,True
"Crivellaro, Alan_2025-11-19T21:15:51",2,True
"Kirdyanov, Alexander V._2025-11-19T21:15:51",0,False
"Bedić, Željka_2025-11-19T21:15:52",0,True
"Šefčáková, Alena_2025-11-19T21:15:52",1,True
"Uhalde, Kevin_2025-11-19T21:15:52",1,True
"Brojanowska, Agnieszka_2025-11-19T21:15:59",0,True
"Hays, Gregory_2025-11-19T21:16:11",1,True
"Türk, Attila_2025-11-19T21:17:38",0,True
"Cancho, Barbara_2025-11-19T21:16:34",0,True
"Robles, Nicolas Roberto_2025-11-19T21:16:34",1,True
Aram RAHIMIAN_2025-11-19T21:16:35,0,False
Ghodratollah Taheri_2025-11-19T21:16:35,0,False
Joanna Karczewska_2025-11-19T21:16:37,1,True
Dariusz Karczewski_2025-11-19T21:16:37,1,True
"Leggett, Sam_2025-11-19T21:16:45",0,True
"Seiler, Roger_2025-11-19T21:16:51",1,True
"Szenthe, Gergely_2025-11-19T21:17:54",0,True
"Gáll, Erwin_2025-11-19T21:18:08",2,True
"Dutschke, Consuelo W._2025-11-19T21:39:31",0,False
"Dahlstrøm, Hanna_2025-11-19T21:17:00",1,True
Adam Vazquez_2025-11-19T21:17:07,0,False
Barbara Bordalejo_2025-11-19T21:17:07,0,False
"Outram, Alan K._2025-11-19T21:17:09",1,True
"Deschepper, Ewoud_2025-11-19T21:17:12",0,True
"Simmons, Ian_2025-11-19T21:17:19",1,True
"Innes, Jim_2025-11-19T21:17:19",1,True
"Appleyard, Anne_2025-11-19T21:17:19",0,False
"Ryan, Peter_2025-11-19T21:17:19",1,True
"Croom, Alexandra_2025-11-19T21:17:22",1,True
"Schneider, Jens_2025-11-19T21:17:25",2,True
"Oldfield, Paul_2025-11-19T21:17:26",1,True
"Hansson, Anton_2025-11-19T21:17:28",0,True
"Foley, Brendan_2025-11-19T21:17:28",1,True
"Meldgaard Sass Jensen, Lars_2025-11-19T21:17:28",0,False
"Nicolajsen, Tom_2025-11-19T21:17:28",0,False
"Ravn, Morten_2025-11-19T21:17:28",0,True
"van den Hurk, Youri_2025-11-19T21:17:29",1,True
"Ahlin Sundman, Elin_2025-11-19T21:17:21",0,True
"Čaval, Saša._2025-11-19T21:22:13",1,True
"Auer, Jens_2025-11-19T21:17:34",1,True
"Ditta, Massimiliano_2025-11-19T21:17:34",1,True
"Tang, Harriet J. Evans_2025-11-19T21:17:37",1,True
"Johansson, Karl G._2025-11-19T21:17:38",1,True
"Szeifert, Bea_2025-11-19T21:17:38",0,True
"Grudochko, Ivan Valer'evich_2025-11-19T21:23:23",0,False
"Zelenkov, Alexander Sergejevich_2025-11-19T21:18:03",0,True
"Eriksen, Stefka G._2025-11-19T21:17:39",2,True
"Chambon, Jean-Pierre_2025-11-19T21:17:41",1,True
"Germain, Jean_2025-11-19T21:17:41",1,True
"Gelabert, Pere_2025-11-19T21:17:54",0,True
"Gugora, Ariana_2025-11-19T21:17:56",0,True
"Bechor, Benny_2025-11-19T21:17:56",0,True
"Miko, Slobodan_2025-11-19T21:17:56",1,True
"Hasan, Ozren_2025-11-19T21:17:56",0,True
"Grisonic, Maja_2025-11-19T21:17:56",0,True
"Rossi, Irena Radić_2025-11-19T21:17:56",1,True
"Sivan, Dorit_2025-11-19T21:17:57",1,True
"Vidal, Clara Almagro_2025-11-19T21:42:53",1,True
"Bas, Marlon_2025-11-19T21:18:03",0,True
"Waltenberger, Lukas_2025-11-19T21:18:03",1,True
"Kurzmann, Christoph_2025-11-19T21:18:03",0,True
"Heimel, Patrick_2025-11-19T21:18:03",0,False
"Rebay‐Salisbury, Katharina_2025-11-19T21:18:03",2,True
"Van Ham-Meert, Alicia_2025-11-19T21:18:03",0,True
"Bolea-Fernandez, Eduardo_2025-11-19T21:18:03",0,False
"Belza, Joke_2025-11-19T21:18:03",0,False
"Bevan, Dan_2025-11-19T21:18:03",0,True
"Jochum, Klaus Peter_2025-11-19T21:18:03",1,True
"Neuray, Brigitte_2025-11-19T21:18:03",0,False
"Stoll, Brigitte_2025-11-19T21:18:03",1,True
"Van Wersch, Line_2025-11-19T21:18:03",1,True
"Nielsen, Anne Birgitte_2025-11-19T21:16:08",0,True
"Klevnäs, Alison_2025-11-19T21:18:07",2,True
"Liepe, Lena_2025-11-19T21:18:07",1,True
"Ellis Nilsson, Sara_2025-11-19T21:18:07",1,True
"Gerber, Dániel_2025-11-19T21:18:03",1,True
"Silva, Marina_2025-11-19T21:18:13",1,True
"Conti, Marco_2025-11-19T21:18:15",1,True
"Stamataki, Elisavet_2025-11-19T21:18:18",0,True
بومنقار، معاد_2025-11-19T21:18:19,0,False
عابد، يوسف_2025-11-19T21:18:19,0,False
"Lamassé, Stéphane_2025-11-19T21:19:47",1,True
"Fontaine, Janel M._2025-11-19T21:18:23",1,True
"Jeong, Choongwon_2025-11-19T21:18:24",1,True
"Alexander, Michelle_2025-11-19T21:18:29",1,True
"Moreira, Isabel_2025-11-19T21:18:29",1,True
"Ehrlich, Freydis_2025-11-19T21:18:30",0,True
"Oteo-Garcia, Gonzalo_2025-11-19T21:18:30",0,True
"Foody, M George B_2025-11-19T21:18:30",0,True
"Yau, Bobby_2025-11-19T21:18:30",0,False
"Fichera, Alessandro_2025-11-19T21:18:30",1,True
"Justeau, Pierre_2025-11-19T21:18:30",0,False
"Gandini, Francesca_2025-11-19T21:18:30",0,False
"Pala, Maria_2025-11-19T21:18:30",0,True
"Jankowiak, Marek_2025-11-19T21:18:32",2,True
"Hajdas, Irka_2025-11-19T21:18:32",2,True
"Fenwick, Corisande_2025-11-19T21:18:37",1,True
"Insoll, Timothy_2025-11-19T21:18:37",1,True
"Španjol-Pandelo, Barbara_2025-11-19T21:17:53",0,True
"Beuchet, Laurent_2025-11-19T21:18:49",1,True
"Coureas, Nicholas_2025-11-19T21:18:51",1,True
"Barros, Maria Filomena Lopes de_2025-11-19T21:18:51",1,True
"Chante, Alain_2025-11-19T21:18:51",1,True
"Devillers, Olivier_2025-11-19T21:18:51",1,True
"Garat, Séverine_2025-11-19T21:18:51",1,True
"Puente, Cristina de la_2025-11-19T21:29:14",1,True
"Schulz, Fabian_2025-11-19T21:18:53",1,True
"Dasen, Véronique_2025-11-19T21:18:53",1,True
"Grivaud, Gilles_2025-11-19T21:18:56",1,True
"West-Harling, Veronica Ortenberg_2025-11-19T21:18:56",1,True
"Ferrari, Barbara_2025-11-19T21:18:56",1,True
"Reynolds, Leighton D_2025-11-19T21:18:57",1,True
"Wilson, Nigel G._2025-11-19T21:18:57",1,True
"Blanc-Bijon, Véronique_2025-11-19T21:19:03",1,True
"Bracco, Jean-Pierre_2025-11-19T21:19:03",1,True
"Carre, Marie-Brigitte_2025-11-19T21:19:03",2,True
"Lafon, Xavier_2025-11-19T21:19:03",1,True
"Valenzuela Lamas, Silvia_2025-11-19T21:19:03",1,True
"Belarte, M. Carme_2025-11-19T21:19:03",1,True
"Kallala, Nabil_2025-11-19T21:19:03",1,True
"Torres, Joan Ramon_2025-11-19T21:19:03",1,True
"Sanmartí, Joan_2025-11-19T21:19:03",1,True
"Oueslati, Tarek_2025-11-19T21:19:06",1,True
"Callegarin, Laurent_2025-11-19T21:19:06",1,True
"Kbiri Alaoui, Mohamed_2025-11-19T21:19:06",1,True
"Ichkhakh, Abdelfattah_2025-11-19T21:19:06",0,True
"Kerneis, Soazick_2025-11-19T21:19:48",1,True
"Gonzato, Gian Luca_2025-11-19T21:19:29",0,False
"De Marchi, Lorenzo_2025-11-19T21:19:29",0,False
"Green, Monica H._2025-11-19T21:19:32",1,True
"Schweitzer, Christian_2025-11-19T21:19:33",1,True
"Schwarz, Ralf_2025-11-19T21:19:33",1,True
"Graceffa, Agnès_2025-11-19T21:19:34",1,True
"Noterman, Astrid A._2025-11-19T21:19:35",2,True
"Aspöck, Edeltraud_2025-11-19T21:19:35",2,True
"Poilpré, Pierre_2025-11-19T21:19:37",1,True
"Compagnon, Éric_2025-11-19T21:19:38",1,True
"Poly, Jean-Pierre_2025-11-19T21:19:40",1,True
"Ricci, Giovanni_2025-11-19T21:19:49",1,True
"Pastore, Graziella_2025-11-19T21:20:19",1,True
"Carozza, Jean‑Michel_2025-11-19T21:20:19",1,True
"Bochaca, Michel_2025-11-19T21:20:19",1,True
"Mathe, Vivien_2025-11-19T21:20:19",1,True
"Colin, Anne_2025-11-19T21:20:19",1,True
"Joineau, Vincent_2025-11-19T21:20:19",1,True
"Priadko, Eugène_2025-11-19T21:20:20",1,True
"Gruszka, Sarah_2025-11-19T21:20:20",1,True
"Tissi, Lucia Maddalena_2025-11-19T21:20:21",1,True
"Messager, Cyrielle_2025-11-19T21:20:23",0,True
"Beck, Lucile_2025-11-19T21:20:23",1,True
"Germain, Tom_2025-11-19T21:20:23",0,False
"Serneels, Vincent_2025-11-19T21:20:23",1,True
"Cano, Delphine_2025-11-19T21:20:23",1,True
"Cardoso, Georges_2025-11-19T21:20:23",0,False
"Batbaatar, Jigjidsurengiin_2025-11-19T21:20:25",0,False
"Gillespie, Alan R._2025-11-19T21:20:25",1,True
"Koppes, Michele_2025-11-19T21:20:25",0,False
"Clark, Douglas H._2025-11-19T21:20:25",1,True
"Chadwick, Oliver A._2025-11-19T21:20:25",1,True
"Fink, David_2025-11-19T21:20:25",0,False
"Matmon, Ari_2025-11-19T21:20:25",0,False
"Rupper, Summer_2025-11-19T21:20:25",0,False
"Akbari, Suzanne Conklin_2025-11-19T21:21:09",1,True
"Saunders, Clare Broome_2025-11-19T21:21:09",1,True
"de-Dios, Toni_2025-11-19T21:21:16",0,True
"Bandlien, B. x._2025-11-19T21:27:53",1,True
"Dulias, Katharina_2025-11-19T21:21:20",0,True
"Ditchfield, Peter W._2025-11-19T21:21:20",0,True
"Matveeva, Natalia Petrovna_2025-11-19T21:18:03",0,False
"Lingström, Maria_2025-11-19T21:21:58",1,True
"Sutherland, Tim_2025-11-19T21:22:11",0,False
"Edberg, Rune_2025-11-19T21:22:11",1,True
"Heimer, Olof_2025-11-19T21:22:11",0,False
"Perić, Helena_2025-11-19T21:22:11",1,True
"Hostnik, Lea_2025-11-19T21:22:11",0,False
"Marinšek, Anja_2025-11-19T21:22:11",1,True
"Fijavž, Maruša._2025-11-19T21:22:11",1,True
"Vidmajer, Vanja_2025-11-19T21:22:11",1,True
"Križman, Karin_2025-11-19T21:22:11",1,True
"Berden, Tina_2025-11-19T21:22:11",0,True
"Pavlin, Primož_2025-11-19T21:22:11",1,True
"Mikulski, Richard N R_2025-11-19T21:42:08",0,True
"Schutkowski, Holger_2025-11-19T21:42:08",0,False
"Smith, Martin J_2025-11-19T21:42:08",0,False
"Doumet-Serhal, Claude_2025-11-19T21:42:08",1,True
"Musiaka, Łukasz_2025-11-19T21:22:13",1,True
"Prunk, Špela_2025-11-19T21:22:13",0,False
"Sakara Sučević, Maša._2025-11-19T21:22:13",0,True
"Miklavčič, Tjaša_2025-11-19T21:22:13",1,True
"Lamut, Brane_2025-11-19T21:22:13",1,True
"Farič, Boris_2025-11-19T21:22:13",1,True
"Kovačič, Nuša._2025-11-19T21:22:13",0,False
"Lindič, Bojan_2025-11-19T21:22:13",0,False
"Potočnjak, Saša_2025-11-19T21:22:16",0,True
"Aleksić, Vladimir_2025-11-19T21:22:18",1,True
"Gasparini, Mariachiara_2025-11-19T21:22:18",2,True
"Pomar Domingo, Francisco_2025-11-19T21:22:20",0,False
"Federico Zaragoza, Pau_2025-11-19T21:22:20",0,False
"Castelló Viguer, Teresa_2025-11-19T21:22:20",0,False
"Martínez Ortiz de Urbina, Luis_2025-11-19T21:22:20",0,False
"Calvo Vidal, Rafael_2025-11-19T21:22:20",0,False
"España Cucarella, Diamar_2025-11-19T21:22:20",0,False
"Talens Montes, Verónica_2025-11-19T21:22:20",0,False
"Jornet Ibiza, Daniel_2025-11-19T21:22:20",0,False
"Hervás Martín, Laura_2025-11-19T21:22:20",0,False
"Adell Gil, Francisca_2025-11-19T21:22:20",0,False
"Connell, William J._2025-11-19T21:16:50",0,False
"Barbuto Fraga, Mar_2025-11-19T21:22:20",0,False
"Lagunas, Cecilia_2025-11-19T21:22:21",1,True
"Correa Barboza, Marcela_2025-11-19T21:22:21",0,False
"Ramón-Llin Mas, Jesús_2025-11-19T21:22:21",0,False
"Guzmán Luján, José Francisco_2025-11-19T21:22:21",0,False
"Llana Belloch, Salvador_2025-11-19T21:22:21",0,True
"Vuckovic, Goran_2025-11-19T21:22:21",0,True
"Muñoz Marín, Diego_2025-11-19T21:22:21",0,False
"Sánchez Alcaraz Martínez, Bernardino Javier_2025-11-19T21:22:21",0,True
"Gutiérrez Cuenca, Enrique_2025-11-19T21:22:23",1,True
"Hierro Gárate, José Angel_2025-11-19T21:22:23",1,True
"Greenfield, H.J._2025-11-19T21:22:39",1,True
"Kapuran, Aleksandar_2025-11-19T21:22:39",1,True
"Naït-Zerrad, Kamal_2025-11-19T21:22:48",1,True
"Djemaï, Salem_2025-11-19T21:19:02",1,True
"Ennaïfer, Mongi_2025-11-19T21:22:49",1,True
"Cebrián Fernández, Rosario_2025-11-19T21:22:50",1,True
"Hortelano Uceda, Ignacio_2025-11-19T21:22:50",1,True
"Kjær, Ulla_2025-11-19T21:22:03",1,True
"Brajer, Isabelle_2025-11-19T21:22:03",0,False
"Schmid, Sarah Rebecca_2025-11-19T21:22:56",0,True
"Habicht, Michael_2025-11-19T21:22:56",2,True
"Steineck, Raji_2025-11-19T21:22:56",0,False
"Payette, Alex_2025-11-19T21:22:56",0,True
"Chien, Yi-Chun_2025-11-19T21:22:56",1,True
"Tapavički-Ilić, Milica_2025-11-19T21:23:00",1,True
"Vasiljević, Ljubiša_2025-11-19T21:23:00",0,False
"Garvanov, Ivan_2025-11-19T21:38:55",0,True
"Рајичић, Милица_2025-11-19T21:23:00",0,False
"Бугар, Марин_2025-11-19T21:23:00",0,False
"Јовић, Марија_2025-11-19T21:23:00",0,False
"Радмановић, Дарко_2025-11-19T21:23:00",0,False
"Сремац, Радован_2025-11-19T21:23:00",0,False
"Савић, Марија_2025-11-19T21:23:00",0,False
"Álvarez-Pedrosa, Juan Antonio_2025-11-19T21:38:57",1,True
"Dalena, Matteo_2025-11-19T21:23:01",1,True
"Pagano, Alessandra_2025-11-19T21:23:01",0,False
"Novak, Mario_2025-11-19T21:17:54",0,False
"Los, Dženi_2025-11-19T21:23:04",0,True
"Nađ, Miroslav_2025-11-19T21:23:04",1,True
"Pleše, Tajana_2025-11-19T21:23:04",1,True
"Franjić, Ana_2025-11-19T21:23:04",0,True
"Marmolejo Cantos, Francisco_2025-11-19T21:23:06",0,True
"Cortés López, Juan_2025-11-19T21:23:06",0,False
"Spek, Theo_2025-11-19T21:23:10",1,True
"Smeenge, Harm_2025-11-19T21:23:10",1,True
"Haggrén, Georg_2025-11-19T21:21:33",0,True
"Berschin, Walter_2025-11-19T21:24:10",0,False
"Stones, Alison_2025-11-19T21:24:05",2,True
"Smith, Lesley_2025-11-19T21:24:12",1,True
"Drell, Joanna H._2025-11-19T21:24:32",1,True
"Zintl, Stephanie_2025-11-19T21:24:57",1,True
"Filppula, Markku_2025-11-19T21:25:00",1,True
"Danich, Andrey Vasilevich_2025-11-19T21:18:03",1,True
"Saenger, Paul_2025-11-19T21:26:42",1,True
"Desmond, Marilynn_2025-11-19T21:26:52",1,True
"Tyler, Elizabeth M._2025-11-19T21:26:57",2,True
"Toswell, M. J._2025-11-19T21:27:15",1,True
"Mileson, Stephen_2025-11-19T21:28:35",1,True
"Steyn, Raita_2025-11-19T21:29:30",0,True
"Diem, Albrecht_2025-11-19T21:27:12",1,True
"Green, Magnus_2025-11-19T21:31:17",1,True
"Gribling, Barbara_2025-11-19T21:32:19",1,True
"Lucarelli, Chiara_2025-11-19T21:34:13",1,True
"Ferro, Daniela_2025-11-19T21:34:13",1,True
"Susanna, Fiammetta_2025-11-19T21:34:13",0,True
"de Caro, Tilde_2025-11-19T21:34:13",1,True
"Flynn, Caitlin_2025-11-19T21:45:49",1,True
"Flechner, Roy_2025-11-19T21:34:40",1,True
"Story, Joanna_2025-11-19T21:35:01",1,True
"Pozzebon, Alessandro_2025-11-19T21:35:24",1,True
"Kivelson, Valerie A._2025-11-19T21:35:37",1,True
"Coon, Lynda L._2025-11-19T21:35:57",1,True
"Monteiro, Eurico_2025-11-19T21:38:28",0,False
"Oliveira Vieira, Daniela_2025-12-29T18:19:12",0,False
"Bolle Antunes, Eva_2025-12-29T18:19:12",0,False
"Dinis-Ribeiro, Mário_2025-12-29T18:19:13",2,True
"Ichumbaki, Elgidius B._2025-11-19T21:38:34",0,True
"Martiniano, Rui_2025-11-19T21:22:38",0,True
"Bhérer, Claude_2025-11-19T21:22:38",0,True
"Allmäe, Raili_2025-11-19T21:22:38",0,False
"Scorrano, Gabriele_2025-11-19T21:22:38",0,False
"McColl, Hugh_2025-11-19T21:22:38",1,True
"Fox, Allison_2025-11-19T21:22:38",0,False
"Albrechtsen, Anders_2025-11-19T21:22:38",0,True
"Schütz, Berit_2025-11-19T21:22:38",0,False
"Skar, Birgitte_2025-11-19T21:22:38",1,True
"Błaszczyk, Dariusz_2025-11-19T21:22:38",1,True
"Pezhemsky, Denis_2025-11-19T21:22:38",0,False
"Lundstrøm, Inge_2025-11-19T21:22:38",0,False
"Potekhina, Inna_2025-11-19T21:22:38",0,False
"Muntoni, Italo M_2025-11-19T21:22:38",1,True
"Cheng, Jade_2025-11-19T21:22:38",0,False
"Stenderup, Jesper_2025-11-19T21:22:38",0,False
"Ma, Jilong_2025-11-19T21:22:38",0,False
"Peets, Jüri_2025-11-19T21:22:38",1,True
"Gustafsson, Jörgen_2025-11-19T21:22:38",1,True
"Iversen, Katrine H_2025-11-19T21:22:38",0,False
"Simpson, Linzi_2025-11-19T21:38:48",0,True
"González-Garrido, Laura_2025-11-19T21:38:49",0,True
"Gómez-González, Susana_2025-11-19T21:38:49",0,False
"Gonzalo-Orden, José Manuel_2025-11-19T21:38:49",0,False
Marcus J Thomson_2025-11-19T21:38:49,0,True
Glen M MacDonald_2025-11-19T21:38:49,0,True
Baazr A. Bicheev_2025-11-19T21:38:50,0,False
Yeerda_2025-11-19T21:38:50,0,False
"Klemola, Juhani_2025-11-19T21:38:50",1,True
"Huning, Thilo R._2025-11-19T21:38:50",1,True
"Wahl, Fabian_2025-11-19T21:38:50",1,True
"Rust, Martha_2025-11-19T21:38:52",1,True
"Wang, Yajin_2025-11-19T21:38:52",1,True
"Tao, Chao_2025-11-19T21:38:52",0,True
"Zou, Bin_2025-11-19T21:38:52",1,True
"Arseneault, Dominique_2025-11-19T21:22:42",1,True
"Boucher, Étienne_2025-11-19T21:38:55",0,False
"Churakova (Sidorova), Olga V._2025-11-19T21:38:55",0,True
"Gennaretti, Fabio_2025-11-19T21:38:55",0,True
"Klippel, Lara_2025-11-19T21:38:55",1,True
"Ludescher, Josef_2025-11-19T21:38:55",0,False
"Vaganov, Eugene A._2025-11-19T21:38:55",0,False
"Pirrone, Davide_2025-11-19T21:38:55",0,True
"Bovolo, Francesca_2025-11-19T21:38:55",1,True
"Bruzzone, Lorenzo_2025-11-19T21:38:55",1,True
"Dimitrov, Georgi P._2025-11-19T21:37:28",1,True
"Petrov, Pavel_2025-11-19T21:38:55",1,True
"Dimitrova, Inna_2025-11-19T21:38:55",0,True
"Panayotova, Galina_2025-11-19T21:37:28",0,True
"Kovatcheva, Eugenia_2025-11-19T21:38:55",0,True
"Petrova, Pepa_2025-11-19T21:37:28",0,True
"KOKKONEN, ANDREJ_2025-11-19T21:38:55",2,True
"MØLLER, JØRGEN_2025-11-19T21:38:55",1,True
"Rojasree, V_2025-11-19T21:38:56",0,True
"Gnanajayanthi, J._2025-11-19T21:38:56",0,True
"Savant, Sarah Bowen_2025-11-19T21:38:56",1,True
"Montazer Mahdi, Majid_2025-11-19T21:38:56",0,False
"Rante, Rocco_2025-11-19T21:38:57",2,True
"Santos Marinas, Enrique_2025-11-19T21:38:57",1,True
"Mendoza Tuñón, Julia_2025-11-19T21:38:57",1,True
"Romano Martín, Sandra_2025-11-19T21:38:57",0,True
"Fernández Álvarez, Pilar Ma_2025-11-19T21:38:57",0,False
"Manrique Antón, Teodoro_2025-11-19T21:38:57",1,True
"Casas Olea, Matilde_2025-11-19T21:38:57",1,True
"García de la Puente, Inés_2025-11-19T21:38:57",1,True
"Luján Martínez, Eugenio R._2025-11-19T21:38:57",1,True
"Yang, Bingjie_2025-11-19T21:16:08",0,True
"Ljung, Karl_2025-11-19T21:16:08",0,True
"Fahlgren, Elise_2025-11-19T21:16:08",0,False
"Hormes, Anne_2025-11-19T21:16:08",0,False
"López-Cilla, Ignacio_2025-11-19T21:38:58",0,True
"Galán, Luis A._2025-11-19T21:38:58",0,False
"Blázquez, Ana_2025-11-19T21:38:58",0,False
"Kireta, A. R._2025-11-19T21:38:58",0,True
"Chraïbi, V. L. S._2025-11-19T21:38:58",0,True
"O’Beirne, M. D._2025-11-19T21:38:58",0,False
"Werne, J. P._2025-11-19T21:38:58",0,True
"Saros, J. E._2025-11-19T21:38:58",0,False
"Span, A. Tim_2025-11-19T21:38:59",0,False
"Rochester, Stuart T._2025-11-19T21:38:59",1,True
"van Rensburg, Fika J._2025-11-19T21:38:59",0,True
"Jooste, Simon N._2025-11-19T21:38:59",0,True
"Potgieter, Johannes C._2025-11-19T21:38:59",0,True
"Langsholt Holmqvist, Karen_2025-11-19T21:39:45",1,True
"Thurzo, Milan_2025-11-19T21:39:02",1,True
"Velemínská, Jana_2025-11-19T21:39:02",1,True
"Knierzinger, W._2025-11-27T19:23:44",0,False
"Drescher-Schneider, R._2025-11-27T19:23:44",0,False
K.-H. Knorr_2025-11-19T21:39:03,1,True
"Drollinger, S._2025-11-27T19:23:44",0,False
"Limbeck, A._2025-11-27T19:23:44",0,False
"Brunnbauer, L._2025-11-27T19:23:44",0,False
"Horak, F._2025-11-27T19:23:44",0,False
"Festi, D._2025-11-27T19:23:44",1,True
"Wagreich, M._2025-11-27T19:23:44",1,True
Asia A. Sarakaeva_2025-11-19T21:39:03,0,False
Elina A. Sarakaeva_2025-11-19T21:39:03,0,False
"Zhabagin, Maxat_2025-11-19T21:39:03",0,True
"Sabitov, Zhaxylyk_2025-11-19T21:39:03",1,True
"Tarlykov, Pavel_2025-11-19T21:39:03",0,True
"Tazhigulova, Inkar_2025-11-19T21:39:03",0,False
"Junissova, Zukhra_2025-11-19T21:39:03",0,False
"Yerezhepov, Dauren_2025-11-19T21:39:03",0,False
"Akilzhanov, Rakhmetolla_2025-11-19T21:39:03",0,False
"Zholdybayeva, Elena_2025-11-19T21:39:03",0,True
"Wei, Lan-Hai_2025-11-19T21:39:03",0,True
"Akilzhanova, Ainur_2025-11-19T21:39:03",0,False
"Handley, Mark A._2025-11-19T21:39:04",1,True
"Marto, Anabela_2025-11-19T21:39:04",0,True
"Melo, Miguel_2025-11-19T21:39:04",0,True
"Goncalves, Alexandrino_2025-11-19T21:39:04",0,True
"Bessa, Maximino_2025-11-19T21:39:04",0,True
"Holmqvist, Elisabeth_2025-11-19T21:39:05",1,True
"Heinonen, Tuuli_2025-11-19T21:39:05",0,True
"Väisänen, Riikka_2025-11-19T21:39:05",0,True
"Pihlman, Aki_2025-11-19T21:39:05",0,True
"Koivisto, Andreas_2025-11-19T21:39:05",0,True
"Russow, Erki_2025-11-19T21:39:05",1,True
"Kuusela, Jari-Matti_2025-11-19T21:39:07",0,False
"Hakamäki, Ville_2025-11-19T21:39:07",0,False
"Evis, Laura_2025-11-19T21:39:07",1,True
"Kingdom, Mandy_2025-11-19T21:39:07",0,False
"McKenzie, Catriona J_2025-11-19T21:39:07",2,True
"Decsei, Janos_2025-11-19T21:39:08",0,True
"Lorentzen, B._2025-11-19T21:39:08",1,True
"Artioli, G._2025-11-19T21:39:08",1,True
"Ivelja, T._2025-11-19T21:39:08",0,False
"Spada, G._2025-11-19T21:39:08",0,False
"Brook, A._2025-11-19T21:39:08",0,False
L de Ferri_2025-11-19T21:39:08,0,True
M Strojecki_2025-11-19T21:39:08,0,True
Chiara Bertolin_2025-11-19T21:48:06,1,True
"Banimustafa, Ahmed_2025-11-19T21:39:09",0,True
"Hardy, Nigel_2025-11-19T21:39:09",0,True
"Wiles, Kate_2025-11-19T21:39:10",1,True
"Wiejacka, Martyna_2025-11-19T21:39:11",1,True
"Charles, Michael_2025-11-19T21:39:11",1,True
"Neil, Samantha_2025-11-19T21:35:57",0,True
"Thomas, Leo Sucharyna_2025-11-19T21:39:11",0,False
"Borzakov, S. B._2025-11-19T21:39:12",0,False
"Chepurchenko, O. E._2025-11-19T21:39:12",0,False
"Filina, Yu G._2025-11-19T21:39:12",0,False
"Smirnova, V. S._2025-11-19T21:39:12",0,False
"Lobachev, V. V._2025-11-19T21:39:12",0,False
"Chepurchenko, N. N._2025-11-19T21:39:12",0,False
"Zhomartova, A. Zh_2025-11-19T21:39:12",0,False
"Lennik, S. G._2025-11-19T21:39:12",0,False
"Miccinesi, Lapo_2025-11-19T21:39:13",0,True
"Pieraccini, Massimiliano_2025-11-19T21:39:13",1,True
Concepción López Andrada_2025-11-19T21:39:20,0,True
Aldo Ocampo González_2025-11-19T21:39:20,0,True
Enrique Coraza de los Santos_2025-11-19T21:39:25,1,True
Luis Alfredo Arriola Vega_2025-11-19T21:39:25,1,True
Adriana María González Gil_2025-11-19T21:39:25,0,True
"Pátková, Hana_2025-11-19T21:39:28",1,True
"Beit-Arié, Malachi_2025-11-19T21:39:28",1,True
"Parker, Joanne_2025-11-19T21:39:28",1,True
"Wagner, Corinna_2025-11-19T21:39:28",1,True
"Walker, Bethany J._2025-11-19T21:39:28",1,True
"Cressier, Patrice_2025-11-19T21:39:28",1,True
"Barme, Maude_2025-11-19T21:39:28",1,True
"Fianu, Kouky_2025-11-19T21:39:28",1,True
"Gumbert, J. P._2025-11-19T21:39:29",1,True
"Reynhout, Lucien_2025-11-19T21:39:29",1,True
"Loseby, S. T._2025-11-19T21:39:29",1,True
"Hamesse, Jacqueline_2025-11-19T21:39:29",1,True
"Nebbiai, Donatella_2025-11-19T21:39:29",1,True
"Guyotjeannin, Olivier_2025-11-19T21:39:29",1,True
"De Robertis, Teresa_2025-11-19T21:39:29",1,True
"Czermak, Andrea_2025-11-19T21:39:29",0,True
"Ornato, Ezio_2025-11-19T21:39:30",2,True
"Pion, Constantin_2025-11-19T21:39:30",1,True
"Lynch, Jack_2025-11-19T21:39:30",1,True
"Grotans, Anna A._2025-11-19T21:39:31",1,True
"Boes, Tobias_2025-11-19T21:39:31",2,True
"Braun, Rebecca_2025-11-19T21:39:31",0,True
"Spiers, Emily_2025-11-19T21:39:31",2,True
"Beecroft, Alexander_2025-11-19T21:39:31",1,True
"Kaczynski, Bernice M._2025-11-19T21:39:31",1,True
"Šedivý, Juraj_2025-11-19T21:39:31",1,True
"Brickley, Megan B_2025-11-19T21:39:32",1,True
"Brown-DeVost, Bronson_2025-11-19T21:39:32",1,True
"Pechorin, Alexey_2025-11-19T21:39:32",0,True
"Jukic, Dina_2025-11-19T21:39:32",0,True
"Glavas, Hrvoje_2025-11-19T21:39:32",0,True
"Jersek, Zeljko_2025-11-19T21:39:32",0,True
"Veic, Nikola_2025-11-19T21:39:32",0,True
"Monnier, Tom_2025-11-19T21:39:32",1,True
"Aubry, Mathieu_2025-11-19T21:39:32",1,True
"Verbrugghe, Gerben_2025-11-19T21:39:42",0,True
"Van Eetvelde, Veerle_2025-11-19T21:39:42",0,True
"Skiadaresis, Georgios_2025-11-19T21:39:44",0,True
"Schmidt, Uwe E._2025-11-19T21:39:44",1,True
Flint_2025-11-19T21:39:44,0,False
Jennings_2025-11-19T21:39:44,0,False
"Glykou, Aikaterini_2025-11-19T21:39:46",0,True
"Piličiauskienė, Giedrė_2025-11-19T21:39:46",0,True
Entin_2025-11-19T21:39:47,1,True
Entina_2025-11-19T21:39:47,0,False
"Nomokonova, Tatiana_2025-11-19T21:40:12",0,True
"Losey, Robert J._2025-11-19T21:40:12",1,True
"Fedorova, Natalia V._2025-11-19T21:40:12",0,True
"Gusev, Andrei V._2025-11-19T21:40:12",0,True
"Arzyutov, Dmitry V._2025-11-19T21:40:12",1,True
"Bryant Davies, Rachel_2025-11-19T21:40:12",1,True
"Oliveira, Yonara Monique da Costa_2025-11-19T21:40:13",0,True
"Braga, Bárbara Suellen Fonseca_2025-11-19T21:40:13",0,True
"Farias, Andrezza Duarte_2025-11-19T21:40:13",0,True
"Vasconcelos, Cipriano Maia de_2025-11-19T21:40:13",0,True
"Ferreira, Maria Angela Fernandes_2025-11-19T21:40:13",0,True
"McBride, Joe R._2025-11-19T21:40:17",1,True
"Stilgenbauer, Judith_2025-11-19T21:40:17",0,False
"Lacan, Igor_2025-11-19T21:40:17",0,False
"Cheng, Sheauchi_2025-11-19T21:40:17",0,True
"Medbury, Scot_2025-11-19T21:40:17",0,False
"McBride, Deborah L._2025-11-19T21:40:17",0,False
崔松虎_2025-11-19T21:40:18,0,False
馬元杰_2025-11-19T21:40:18,0,False
"Lassandro, Paola_2025-11-19T21:40:22",0,True
"Zonno, Marina_2025-11-19T21:40:22",0,False
"Lepore, Maria_2025-11-19T21:40:22",0,False
"Paribeni, Andrea_2025-11-19T21:40:22",1,True
"Jones, Catherine M._2025-11-19T21:40:28",1,True
"Kibler, William W._2025-11-19T21:40:28",1,True
"Whalen, Logan E._2025-11-19T21:40:28",1,True
"Younge, George_2025-11-19T21:40:28",1,True
"Levering, Matthew_2025-11-19T21:40:29",1,True
"Plested, Marcus_2025-11-19T21:40:29",1,True
"O’Callaghan, Paul_2025-11-19T21:40:29",2,True
"Méndez-Quiros, Pablo_2025-11-19T21:40:43",0,True
"Vidal-Elgueta, Ale_2025-11-19T21:40:43",0,True
"Loyola, Rodrigo_2025-11-19T21:40:43",1,True
"Maturana-Fernández, Anahí_2025-11-19T21:40:43",0,False
"Díaz, Francisca P_2025-11-19T21:40:43",0,False
"Latorre, Claudio_2025-11-19T21:40:43",0,True
"McRostie, Virginia B_2025-11-19T21:40:43",1,True
"Santoro, Calogero M_2025-11-19T21:40:43",1,True
"Mandakovic, Valentina_2025-11-19T21:40:43",0,False
"Harrod, Chris_2025-11-19T21:40:43",1,True
"Rielly, Kevin_2025-11-19T21:23:10",0,True
"Buckley, Mike_2025-11-19T21:23:10",0,True
"Abrantes, Beatriz Galrão_2025-11-19T21:40:43",0,False
"Santos, Lucas Vieira de Melo_2025-11-19T21:40:43",0,False
"Nunes, Magide Jarallah Dracoulakis_2025-11-19T21:40:43",0,False
"Jesus, Thiago Souza de_2025-11-19T21:40:43",0,False
"Biddulph, E._2025-11-19T21:40:59",1,True
"Manix, P._2025-11-19T21:40:59",0,False
"Gillard, T._2025-11-19T21:40:59",0,False
"Teague, S._2025-11-19T21:40:59",0,False
"Champness, C._2025-11-19T21:40:59",0,False
"Broderick, L. G._2025-11-19T21:40:59",0,False
"Hodos, T._2025-11-19T21:40:59",0,False
"Cramp, L. J. E._2025-11-19T21:40:59",0,False
"Young, Pablo_2025-11-19T21:41:00",0,False
"Chimondeguy, Domingo_2025-11-19T21:41:00",0,False
"Montes Onganía, Agustín_2025-11-19T21:41:00",0,False
"Pankl, Leonardo_2025-11-19T21:41:00",0,False
"Monkowski, Matías_2025-11-19T21:41:00",0,False
"Buero, Agustín_2025-11-19T21:41:00",0,False
"Auvieux, Rodolfo_2025-11-19T21:41:00",0,False
"Finn, Bárbara C_2025-11-19T21:41:00",0,False
"Bruetman, Julio E_2025-11-19T21:41:00",0,False
"Ernst, Glenda_2025-11-19T21:41:00",0,False
"Lyons, Gustavo_2025-11-19T21:41:00",0,False
"Facchini, Riccardo_2025-11-19T21:20:17",1,True
"Iacono, Davide_2025-11-19T21:20:17",1,True
"Felix-Redondo, Francisco Javier_2025-11-19T21:41:01",0,True
"Lozano, Luis_2025-11-19T21:41:01",2,True
"Fernandez-Berges, Daniel_2025-11-19T21:41:01",0,False
"Ballesteros Pomar, María D._2025-11-19T21:38:34",0,False
"Sorribes Carrera, Patricia_2025-11-19T21:38:34",0,True
"Rodriguez Piñera, Maria Amparo_2025-11-19T21:38:34",0,True
"Blanco Orenes, Antonio José_2025-11-19T21:38:34",0,True
"Calles Romero, Laura_2025-11-19T21:38:34",0,True
"Iglesias Hernández, Natalia C._2025-11-19T21:38:34",0,True
"Olivan Usieto, M. Teresa_2025-11-19T21:38:34",0,True
"Payeras Mas, Francisca_2025-11-19T21:38:34",0,True
"Viñuela Benéitez, Margarita_2025-11-19T21:38:34",0,True
"Merino Viveros, María_2025-11-19T21:38:34",0,True
"Navea Aguilera, Cristina_2025-11-19T21:38:34",0,True
"Olivares Alcolea, Josefina_2025-11-19T21:38:34",0,True
"Choyke, Alice M._2025-11-19T21:41:02",1,True
"Ólafsson, Guðmundur_2025-11-19T21:41:04",1,True
"Engovatova, Asya V_2025-11-19T21:41:04",0,False
"Cherkinsky, Alexander_2025-11-19T21:41:04",0,True
"Zaiseva, Ganna I_2025-11-19T21:41:04",0,False
"Di Renzone, Gabriele_2025-11-19T21:41:05",0,True
"Parrino, Stefano_2025-11-19T21:41:05",0,True
"Peruzzi, Giacomo_2025-11-19T21:41:05",0,True
"Bertoni, Duccio_2025-11-19T21:41:05",1,True
"Kadłuczka, A._2025-11-19T21:41:06",0,False
"Stala, K._2025-11-19T21:41:06",0,False
"Terentyev, V. I._2025-11-19T21:41:10",0,False
"Sysun, I. S._2025-11-19T21:41:10",0,False
Alessandro Montanari_2025-11-19T21:41:12,1,True
Nicolas Cerveau_2025-11-19T21:41:12,0,False
Barbara Fiasca_2025-11-19T21:41:12,0,False
Jean-François Flot_2025-11-19T21:41:12,1,True
Diana Galassi_2025-11-19T21:41:12,0,True
Maurizio Mainiero_2025-11-19T21:41:12,0,False
David McGee_2025-11-19T21:41:12,0,False
Tadeusz Namiotko_2025-11-19T21:41:12,1,True
Stefano Recanatini_2025-11-19T21:41:12,0,False
Fabio Stoch_2025-11-19T21:41:12,1,True
"Fuerst-Bjeliš, Borna_2025-11-19T21:41:12",1,True
"Glamuzina, Nikola_2025-11-19T21:41:12",1,True
"Fancy, Nahyan_2025-11-19T21:41:14",1,True
"Kalisz, Grzegorz_2025-11-19T21:41:14",1,True
"Gieroba, Barbara_2025-11-19T21:41:14",1,True
"Chrobak, Olga_2025-11-19T21:41:14",0,True
"Suchora, Magdalena_2025-11-19T21:41:14",1,True
"Starosta, Agata L_2025-11-19T21:41:14",0,True
"Sroka-Bartnicka, Anna_2025-11-19T21:41:14",1,True
"Nicolaou-Konnari, Angel_2025-11-19T21:38:25",1,True
"Cifarelli, Paola_2025-11-19T21:41:15",1,True
"Zeng, Chenjie_2025-11-19T21:41:16",1,True
"Leung, Clement_2025-11-19T21:41:16",0,True
"Bennett, Ellora_2025-11-19T21:41:17",2,True
"Murasheva, V.V._2025-11-19T21:41:18",1,True
"Kainov, S.Yu_2025-11-19T21:41:18",0,True
"Kovalenko, E.S._2025-11-19T21:41:18",0,True
"Podurets, K.M._2025-11-19T21:41:18",0,False
"Glazkov, V.P._2025-11-19T21:41:18",0,False
"Murashev, M.M._2025-11-19T21:41:18",0,True
"Chichaev, I.A._2025-11-19T21:41:18",0,True
"Presniakova, N.N._2025-11-19T21:41:18",0,True
"Tereschenko, E.Yu_2025-11-19T21:41:18",0,False
"Retivov, V.M._2025-11-19T21:41:18",0,False
"Yatsishina, E.B._2025-11-19T21:41:18",0,True
"Miller, Fred D._2025-11-19T21:41:19",1,True
"Keyt, David_2025-11-19T21:41:19",1,True
"Lagrutta, Laura_2025-11-19T21:41:22",0,False
"Sotelo, Carina A_2025-11-19T21:41:22",0,False
"Estecho, Beatriz R_2025-11-19T21:41:22",0,False
"Beorda, Walter J_2025-11-19T21:41:22",0,False
"Francos, José L_2025-11-19T21:41:22",1,True
"González Montaner, Pablo_2025-11-19T21:41:22",0,False
"Woźniak, Łukasz_2025-11-19T21:41:23",0,False
"Liu, Raymond W_2025-11-19T21:41:23",0,False
"Hamilton, Paul B_2025-11-19T21:41:23",0,True
"Hutchinson, Scott J_2025-11-19T21:41:23",0,False
"Patterson, R Timothy_2025-11-19T21:41:23",0,True
"Galloway, Jennifer M_2025-11-19T21:41:23",0,False
"Nasser, Nawaf A_2025-11-19T21:41:23",0,False
"Spence, Christopher_2025-11-19T21:41:23",0,False
"Palmer, Mike J_2025-11-19T21:41:23",0,False
"Falck, Hendrik_2025-11-19T21:41:23",0,False
Anna Catharina Horn_2025-11-19T21:41:23,2,True
"Dengel, Andreas_2025-11-19T21:41:24",1,True
"Plabst, Lucas_2025-11-19T21:41:24",1,True
"Fernes, David_2025-11-19T21:41:24",0,True
"Sun, Jiamei_2025-11-19T21:41:24",0,True
"Lapuschkin, Sebastian_2025-11-19T21:41:24",1,True
"Samek, Wojciech_2025-11-19T21:41:24",1,True
"Zhao, Yunqing_2025-11-19T21:41:24",0,True
"Cheung, Ngai-Man_2025-11-19T21:41:24",0,True
"Binder, Alexander_2025-11-19T21:41:24",1,True
"Heath, Michael_2025-11-19T21:41:25",1,True
"Cooper, Max_2025-11-19T21:41:25",0,False
"Xu, Lixin_2025-11-19T21:41:26",1,True
"Li, Lin_2025-11-19T21:41:26",0,True
"Liu, Kunniang_2025-11-19T21:41:26",0,True
"Zhang, Jiarui_2025-11-19T21:41:26",0,True
"Chang, Yuanning_2025-11-19T21:41:26",0,True
"Fang, Yunpeng_2025-11-19T21:41:26",0,True
"Yuan, Hao_2025-11-19T21:41:26",0,True
"Yang, Zhiyuan_2025-11-19T21:41:26",0,True
"Chen, Jingyuan_2025-11-19T21:41:26",0,True
"Wang, Yiyao_2025-11-19T21:41:26",1,True
"Fang, Yajun_2025-11-19T21:41:26",0,True
"Dupras, Tosha L._2025-11-19T21:41:26",2,True
"Hahn, Annette_2025-11-19T21:41:27",0,False
"Miller, Charlotte_2025-11-19T21:41:27",0,False
"Finch, Jemma_2025-11-19T21:41:27",0,False
"Frankland, Tarryn_2025-11-19T21:41:27",0,False
"Cawthra, Hayley C._2025-11-19T21:41:27",0,True
"Schefuß, Enno_2025-11-19T21:41:27",1,True
"Zabel, Matthias_2025-11-19T21:41:27",1,True
"Łuczaj, Łukasz_2025-11-19T21:41:27",1,True
"Jug-Dujaković, Marija_2025-11-19T21:41:27",0,True
"Dolina, Katija_2025-11-19T21:41:27",0,True
"Jeričević, Mirjana_2025-11-19T21:41:27",0,False
"Vitasović-Kosić, Ivana_2025-11-19T21:41:27",0,True
"Baldassarri, Fabrizio_2025-11-19T21:41:28",2,True
"Blank, Andreas_2025-11-19T21:41:28",1,True
Croix_2025-11-19T21:41:32,0,False
IJssennagger - Van Der Pluijm_2025-11-19T21:41:32,0,False
"Worobec, Christine D._2025-11-19T21:41:33",1,True
"Goryczka, Tomasz_2025-11-19T21:41:35",1,True
"Aniołek, Krzysztof_2025-11-19T21:41:35",1,True
"Guemes-Villahoz, Noemi_2025-11-19T21:41:36",0,True
"Burgos-Blasco, Barbara_2025-11-19T21:41:36",0,False
"Vidal-Villegas, Beatriz_2025-11-19T21:41:36",0,True
"Donate-López, Juan_2025-11-19T21:41:36",0,False
"Martín-Sánchez, Francisco Javier_2025-11-19T21:41:36",0,False
"Porta-Etessam, Jesús_2025-11-19T21:41:36",1,True
"López-Guajardo, Lorenzo_2025-11-19T21:41:36",0,False
"Martín, José Luis R._2025-11-19T21:41:36",0,True
"González-Armengol, Juan Jorge_2025-11-19T21:41:36",0,False
"García-Feijoó, Julián_2025-11-19T21:41:36",0,True
"Marte, Antonio_2025-11-19T21:41:40",0,False
"Caldamone, Anthony A_2025-11-19T21:41:40",0,False
"Aguiar, Liza M_2025-11-19T21:41:40",0,False
"Szymczyk, Artur_2025-11-19T21:41:40",1,True
"Nita, Małgorzata_2025-11-19T21:41:40",0,True
"Capobianco, Natan_2025-11-19T21:41:45",1,True
"Hunault, Myrtille O.J.Y._2025-11-19T21:41:45",1,True
"Loisel, Claudine_2025-11-19T21:41:45",1,True
"Trichereau, Barbara_2025-11-19T21:41:45",1,True
"Bauchau, Fanny_2025-11-19T21:41:45",0,True
"Trcera, Nicolas_2025-11-19T21:41:45",1,True
"Galoisy, Laurence_2025-11-19T21:41:45",1,True
"Calas, Georges_2025-11-19T21:41:45",1,True
"Zubarev, V.G._2025-11-19T21:41:48",0,False
Miglė  Urbonaitė-Ubė_2025-11-19T21:41:55,0,False
"Albert, Nicole G._2025-11-19T21:41:55",1,True
"Savelieva, Tamara_2025-11-19T21:41:55",0,False
"Goodall, Dominic_2025-11-19T21:41:56",1,True
"Hun, Chhunteng_2025-11-19T21:41:56",0,True
"Gordo, Sonia Medina_2025-11-19T21:41:56",0,False
"Allepuz, Esther Trave_2025-11-19T21:41:56",0,False
"Heiss, Johann_2025-11-19T21:42:00",1,True
"Kommer, Odile_2025-11-19T21:42:00",0,False
"Borrego, Ángeles G._2025-11-19T21:42:01",0,False
"Heine, Erwin_2025-11-19T21:42:01",1,True
"Rudzki, Ingrid_2025-11-19T21:42:01",0,False
"Proske, Martin_2025-11-19T21:42:01",0,True
"Sagner, Thomas_2025-11-19T21:42:01",0,False
"Kirschneck, Christian_2025-11-19T21:42:01",1,True
"van Haperen, Martine C._2025-11-19T21:42:02",0,False
"García García, María del Carmen_2025-11-19T21:42:02",0,False
"Hernández Borge, Jacinto_2025-11-19T21:42:02",0,False
"García García, Gema María_2025-11-19T21:42:02",0,False
"Márquez Pérez, Francisca Lourdes_2025-11-19T21:42:02",0,True
"Cao, Jialan_2025-11-19T21:42:03",1,True
"Chande, Charmi_2025-11-19T21:42:03",0,False
"Kalensee, Franziska_2025-11-19T21:42:03",0,False
"Schüler, Tim_2025-11-19T21:42:03",1,True
"Köhler, Michael_2025-11-19T21:42:03",1,True
"Goldina, Rimma Dmitrievna_2025-11-19T21:18:03",1,True
"Vîrlan, Maria Justina Roxana_2025-11-19T21:42:08",0,False
"Păun, Diana Loreta_2025-11-19T21:42:08",0,False
"Bordea, Elena Nicoleta_2025-11-19T21:42:08",0,False
"Pellegrini, Angelo_2025-11-19T21:42:08",2,True
"Spînu, Arsenie Dan_2025-11-19T21:42:08",0,False
"Ivașcu, Roxana Victoria_2025-11-19T21:42:08",0,False
"Nimigean, Victor_2025-11-19T21:42:08",0,False
"Nimigean, Vanda Roxana_2025-11-19T21:42:08",0,False
"Udrescu, Ovidiu Vasile_2025-11-19T21:42:09",0,False
"Plaiasu, Gabriela_2025-11-19T21:42:09",0,True
"Barbulescu, Constantin Augustus_2025-11-19T21:42:09",1,True
"Ducu, Marian Catalin_2025-11-19T21:42:09",0,False
"Moga, Sorin Georgian_2025-11-19T21:42:09",0,True
"Negrea, Denis Aurelian_2025-11-19T21:42:09",0,True
"Smithuis, Justine_2025-11-19T21:42:10",0,True
"Forlin, Paolo_2025-11-19T21:42:11",2,True
"Froude, Melanie_2025-11-19T21:42:11",0,True
"Petley, David_2025-11-19T21:42:11",0,True
"Treasure, Edward_2025-11-19T21:42:11",0,True
"Oliveira, N'zinga_2025-11-19T21:42:11",0,True
"Shortland, Andrew_2025-11-19T21:42:22",1,True
"Cameron, Esther_2025-11-19T21:42:22",2,True
"Grau-Sologestoa, Idoia_2025-11-19T21:42:25",2,True
"Marti-Grädel, Elisabeth_2025-11-19T21:22:54",1,True
"Leijonhufvud, Lotta_2025-11-19T21:21:55",0,False
"Trionfetti, Federico_2025-11-19T21:42:30",1,True
"Iadarola, Barbara_2025-11-19T21:42:32",0,False
"Lavezzari, Denise_2025-11-19T21:42:32",0,False
"Degli Esposti, Chiara_2025-11-19T21:42:32",0,False
"Beltrami, Cristina_2025-11-19T21:42:32",2,True
"Rossato, Marzia_2025-11-19T21:42:32",0,False
"Zaro, Valentina_2025-11-19T21:42:32",0,False
"Napione, Ettore_2025-11-19T21:42:32",1,True
"Latella, Leonardo_2025-11-19T21:42:32",1,True
"Salviati, Alessandro_2025-11-19T21:42:32",0,False
"Delledonne, Massimo_2025-11-19T21:42:32",0,False
"Esiana, Benneth O I_2025-11-19T21:42:32",0,False
"Coates, Christopher J_2025-11-19T21:42:32",0,True
"Berns, Anne E_2025-11-19T21:42:32",1,True
"Bol, Roland_2025-11-19T21:42:32",1,True
"Immel, Alexander_2025-11-19T21:41:26",1,True
"Key, Felix M._2025-11-19T21:47:49",1,True
"Szolek, András_2025-11-19T21:41:26",0,False
"Barquera, Rodrigo_2025-11-19T21:41:26",1,True
"Robinson, Madeline K_2025-11-19T21:41:26",0,False
"Harrison, Genelle F_2025-11-19T21:41:26",0,False
"Palmer, William H_2025-11-19T21:41:26",0,False
"Susat, Julian_2025-11-19T21:41:26",0,False
"Forrest, Stephen_2025-11-19T21:41:26",0,False
"Hernández-Zaragoza, Diana I_2025-11-19T21:41:26",0,False
"Sauter, Jürgen_2025-11-19T21:41:26",0,True
"Solloch, Ute_2025-11-19T21:41:26",0,False
"Schmidt, Alexander H_2025-11-19T21:41:26",0,False
"Reiter, Ella_2025-11-19T21:41:26",0,False
"Kairies, Madita S_2025-11-19T21:41:26",0,False
"Weiß, Rainer_2025-11-19T21:41:26",0,False
"Arnold, Susanne_2025-11-19T21:41:26",0,False
"Hollenbach, Jill A_2025-11-19T21:41:26",1,True
"Kohlbacher, Oliver_2025-11-19T21:41:26",1,True
"Norman, Paul J_2025-11-19T21:41:26",0,False
"Scanlon, Thomas F._2025-11-19T21:42:35",2,True
"Futrell, Alison_2025-11-19T21:42:35",1,True
"Potter, David_2025-11-19T21:42:35",1,True
"Burbank, Jane_2025-11-19T21:42:35",1,True
"Cooper, Frederick_2025-11-19T21:42:35",1,True
"Navidgabalou, Ali_2025-11-19T21:42:36",0,False
"Rezalou, Reza_2025-11-19T21:42:36",0,False
"Hajizadeh, Karim_2025-11-19T21:42:36",0,False
"Afkhami, Behrooz_2025-11-19T21:42:36",0,False
"Ciepielewski, Paweł_2025-11-19T21:46:22",0,True
"Diduszko, Ryszard_2025-11-19T21:46:22",0,True
"Kosińska, Anna_2025-11-19T21:46:22",0,True
"Hieke, Falk_2025-11-19T21:42:40",1,True
"Kasprzak, Marek_2025-11-19T21:42:40",1,True
"Stamati, Iurie_2025-11-19T21:42:41",1,True
"Alvarez-Morales, Lidia_2025-11-19T21:42:41",0,True
"Alvarez-Corbacho, Angel_2025-11-19T21:42:41",0,True
"Lopez, Mariana_2025-11-19T21:42:41",0,True
"Bustamante, Pedro_2025-11-19T21:42:41",1,True
"Eley, Nolan_2025-11-19T21:42:41",0,True
"Mullins, Sarabeth_2025-11-19T21:42:41",1,True
"Stitt, Peter_2025-11-19T21:42:41",1,True
"Katz, Brian FG_2025-11-19T21:42:41",1,True
"Jungklaus, Bettina_2025-11-19T21:42:43",1,True
"Vasić, Dejana_2025-11-19T21:22:58",0,True
"Božanić, Snežana_2025-11-19T21:22:58",1,True
"Meghani, Shamira A._2025-11-19T21:42:45",0,False
髙木  麻紀子_2025-11-19T21:42:46,0,False
タカギ  マキコ_2025-11-19T21:42:46,0,False
Takagi  Makiko_2025-11-19T21:42:46,0,False
"Dugerdil, Lucas_2025-11-19T21:42:46",0,True
"Ménot, Guillemette_2025-11-19T21:42:46",1,True
"Peyron, Odile_2025-11-19T21:42:46",1,True
"Jouffroy-Bapicot, Isabelle_2025-11-19T21:42:46",1,True
"Ansanay-Alex, Salomé_2025-11-19T21:42:46",1,True
"Antheaume, Ingrid_2025-11-19T21:42:46",0,False
"Behling, Hermann_2025-11-19T21:42:46",1,True
"Grossi, Vincent_2025-11-19T21:42:46",1,True
"Magail, Jérôme_2025-11-19T21:42:46",1,True
"Makou, Matthew_2025-11-19T21:42:46",1,True
"Robles, Mary_2025-11-19T21:42:46",1,True
"Unkelbach, Julia_2025-11-19T21:42:46",1,True
"Joannin, Sébastien_2025-11-19T21:42:46",1,True
"Manisse, Pierre-Damien_2025-11-19T21:42:53",2,True
"Anderson, Sue_2025-11-19T21:29:02",0,False
"McKenna, Rosalind_2025-11-19T21:42:53",0,False
"Milbank, Danielle_2025-11-19T21:42:53",0,False
"Kjær Eskildsen, Jacob_2025-11-19T21:42:57",0,False
"Obel, Børge_2025-11-19T21:42:57",0,True
"Ryabinina, Elena A._2025-11-19T21:42:58",0,True
"Walter, Tobias_2025-11-19T21:42:58",0,True
"Kirschner, Celina_2025-11-19T21:42:58",0,True
"Eger, Steffen_2025-11-19T21:42:58",1,True
"Glavas, Goran_2025-11-19T21:42:58",1,True
"Lauscher, Anne_2025-11-19T21:42:58",1,True
"Ponzetto, Simone Paolo_2025-11-19T21:42:58",1,True
"Philippsen, Bente_2025-11-19T21:43:08",1,True
"Feveile, Claus_2025-11-19T21:43:08",0,True
"Carpi, Elena_2025-11-19T21:43:10",1,True
"De Beni, Matteo_2025-11-19T21:43:10",1,True
"Meziani, Fariza_2025-11-19T21:43:10",0,True
"Bouchakour, Lallouani_2025-11-19T21:43:10",0,True
"Ghribi, Khadidja_2025-11-19T21:43:10",0,True
"Yahiaoui, Mustapha_2025-11-19T21:43:10",0,True
"Latrache, Houda_2025-11-19T21:43:10",0,True
"Abbas, Mourad_2025-11-19T21:43:10",1,True
"Ross, Dian_2025-11-19T21:43:10",0,True
"Cretu, Edmond_2025-11-19T21:43:10",0,True
"Lemieux, Victoria_2025-11-19T21:43:10",1,True
"Xiang, Ying_2025-11-19T21:43:15",0,False
"Dai, Jian_2025-11-19T21:43:15",0,False
"Sreedhar, Srisailam_2025-11-19T21:37:59",0,True
"Srinivasan, Venkatesh_2025-11-19T21:37:59",0,True
"P, Arulmozhivarman_2025-11-19T21:45:46",0,True
"Selvaraj, Thirumalini_2025-11-19T21:37:59",0,True
"Murath, Antonia_2025-11-19T21:45:49",0,False
"Renkewitz, Helge_2025-11-19T21:45:51",0,True
"Matz, Sebastian_2025-11-19T21:45:51",1,True
"Thomas, Sven_2025-11-19T21:45:51",0,True
"Schwendner, Jakob_2025-11-19T21:45:51",0,True
"Albiez, Jan_2025-11-19T21:45:51",0,True
"Kriel, Lize_2025-11-19T21:45:52",1,True
"Human, Deléne_2025-11-19T21:45:52",0,False
Babenko Vitaly A._2025-11-19T21:46:10,1,True
Andriy Botsman_2025-11-19T21:46:11,0,False
Olga Dmytruk_2025-11-19T21:46:11,0,False
María Antonia Argelich Gutiérrez_2025-11-19T21:46:12,1,True
Iván Rega Castro_2025-11-19T21:46:12,1,True
Yanenko E.M._2025-11-19T21:46:13,0,False
Zolotov V.I._2025-11-19T21:46:13,0,False
Jona Schlegel_2025-11-19T21:46:13,0,True
Alois Hinterleitner_2025-11-19T21:46:13,1,True
Klaus Löcker_2025-11-19T21:46:13,0,False
Hannes Schiel_2025-11-19T21:46:13,0,False
Christoph Walser_2025-11-19T21:46:13,0,True
Thomas Reitmaier_2025-11-19T21:46:13,2,True
Tom McLeish_2025-11-19T21:46:14,1,True
Mary Garrison_2025-11-19T21:46:14,1,True
João Guimarães_2025-11-19T21:46:14,0,False
Matthew von Tersch_2025-11-19T21:46:14,0,False
Ali Madour_2025-11-19T21:46:14,0,False
Tarek Shoeib_2025-11-19T21:46:14,0,False
Amparo Barrachina_2025-11-19T21:46:14,0,False
Vicente Palomar_2025-11-19T21:46:14,0,False
Douglas J. Clarke_2025-11-19T21:46:14,0,False
Alexandra Rosa_2025-11-19T21:46:14,0,False
António Brehm_2025-11-19T21:46:14,0,False
Antònia Flaquer_2025-11-19T21:46:14,0,False
Teresa Rito_2025-11-19T21:46:14,0,False
Alberto Gómez-Carballa_2025-11-19T21:46:14,0,False
Antonio Salas_2025-11-19T21:46:14,0,False
Jaroslaw Bryk_2025-11-19T21:46:14,0,False
Pedro A. Soares_2025-11-19T21:46:14,0,False
Ceiridwen J. Edwards_2025-11-19T21:20:28,0,False
Marta Nalej_2025-11-19T21:46:15,1,True
Margrete Figenschou Simonsen_2025-11-19T21:46:15,1,True
Karoline Kjesrud_2025-11-19T21:46:15,1,True
Kradin Nikolay N._2025-11-19T21:46:15,1,True
Baksheeva Svetlana E._2025-11-19T21:46:15,0,False
Bondarenko Olesya V._2025-11-19T21:46:15,0,False
Kovychev Evgeny V._2025-11-19T21:46:15,0,False
Kharinsky Artur V._2025-11-19T21:46:15,0,False
Liubov Matushevych_2025-11-19T21:46:15,0,True
Petro Lakyda_2025-11-19T21:46:15,0,True
Zakh V.A._2025-11-19T21:46:16,0,True
Tsembalyuk S.I._2025-11-19T21:46:16,0,True
Sidorova E.V._2025-11-19T21:46:16,0,True
Yudakova V.S._2025-11-19T21:46:16,0,True
Enzo d’Annibale_2025-11-19T21:46:17,0,False
Vladimir V. Glazunov_2025-11-19T21:46:18,0,False
Alexey S. Ageev_2025-11-19T21:46:18,0,False
Gleb D. Gorelik_2025-11-19T21:46:18,0,False
Tatyana V. Sarapulkina_2025-11-19T21:46:18,0,False
Francisco Javier López Fernández_2025-11-19T21:46:18,0,False
Rafael Barroso Cabera_2025-11-19T21:46:18,0,False
"Näser, Claudia_2025-11-19T21:46:24",1,True
"Tsakos, Alexandros_2025-11-19T21:46:24",1,True
"Weschenfelder, Jens_2025-11-19T21:46:24",0,False
"Dominioni, Lorenzo_2025-11-19T21:46:24",1,True
"Balian, Antranik_2025-11-19T21:46:24",0,False
"Hoffmann, Philippe_2025-11-19T21:46:26",1,True
"Pu, Huanan_2025-11-19T21:46:27",0,True
"Yu, Fusheng_2025-11-19T21:46:27",0,True
"Hu, Ling_2025-11-19T21:46:27",0,True
"Yin, Lanlan_2025-11-19T21:46:27",0,True
"Mo, Feng_2025-11-19T21:46:27",0,True
Judit Bokser Misses-Liwerant_2025-11-19T21:47:02,0,False
Angélica Cuéllar Vázquez_2025-11-19T21:47:02,0,False
Rafał Niedźwiadek_2025-11-19T21:47:04,0,False
Andrzej Rozwałka_2025-11-19T21:47:04,1,True
"Savelyev, Alexander_2025-11-19T21:47:12",1,True
"Luciani, Stefania_2025-11-19T21:47:13",0,True
"Marota, Isolina_2025-11-19T21:47:13",0,True
"Lindemann, Robert A._2025-11-19T21:47:13",0,False
"Warfvinge, Gunnar_2025-11-19T21:47:13",0,True
"Bakanidze, Lela_2025-11-19T21:47:13",0,False
"Bitadze, Lia_2025-11-19T21:47:13",0,True
"Zaio, Monica_2025-11-19T21:47:13",0,False
"Neri, Damiano_2025-11-19T21:47:13",1,True
Yurii Nykytiuk_2025-11-19T21:48:05,0,True
Vіra Moroz_2025-11-19T21:48:05,0,True
Anna A. Tarasova_2025-11-19T21:49:11,0,False
"Kypta, Jan_2025-11-19T21:48:27",0,False
"Laval, Filip_2025-11-19T21:48:27",1,True
"Neustupný, Zdeněk_2025-11-19T21:48:27",1,True
"Marethová, Barbara_2025-11-19T21:48:27",1,True
"Kearns, Alan J._2025-11-19T21:48:29",1,True
"Emmerich, Nathan_2025-11-19T21:48:29",2,True
"Gordijn, Bert_2025-11-19T21:48:29",1,True
"Kendall, Ellen J._2025-11-19T21:48:32",0,False
"Beaumont, Julia_2025-11-19T21:48:32",0,True
"Gorton, Marise_2025-11-19T21:48:32",0,False
"Gledhill, Andrew_2025-11-19T21:48:32",0,False
"Lambert, Tom_2025-11-19T21:48:43",1,True
Serhii Pustovalov_2025-11-19T21:49:00,0,False
Liubov Chukhrai_2025-11-19T21:49:00,0,False
Oksana Lutsyshyna_2025-11-19T21:49:05,1,True
Olga Kishko_2025-11-19T21:49:05,0,False
Ferkov Oksana_2025-11-19T21:49:08,0,False
Moizhes Volodymyr_2025-11-19T21:49:08,0,False
Maria B. Mednikova_2025-11-19T21:49:11,1,True
Olga Yu Chechyotkina_2025-11-19T21:49:11,0,False
"Egyed, Balázs_2025-11-19T21:18:03",0,True
"Stégmár, Balázs_2025-11-19T21:18:03",0,False
"Sleptsova, Anastasiia Viktorovna_2025-11-19T21:18:03",0,False
"Whatley, Stuart_2025-11-19T21:50:05",0,False
"Skejo, Josip_2026-01-15T09:01:06",1,True
"Deranja, Maks_2026-01-15T09:01:07",0,True
"Adžić, Karmela_2026-01-15T09:01:08",0,True
"Ferrando-Bernal, Manuel_2026-01-15T09:01:10",0,False
"Morcillo-Suarez, Carlos_2026-01-15T09:01:11",0,False
"Civit, Sergi_2026-01-15T09:01:12",0,True
"Díaz-Carvajal, Antonia_2026-01-15T09:01:14",0,False
"Ollich-Castanyer, Imma_2026-01-15T09:01:15",1,True
"Valverde, Sergi_2026-01-15T09:01:22",1,True
"Tirelli, G_2026-01-15T09:01:31",1,True
"Lugli, S_2026-01-15T09:01:32",0,True
"Maspero, F_2026-01-15T09:03:05",0,True
"Silvestri, E_2026-01-15T09:03:40",0,False
"Panzeri, L_2026-01-15T09:03:40",0,False
"Kalman, Akos_2026-01-15T09:03:42",0,True
"Katz, Timor_2026-01-15T09:03:43",0,False
"Hill, Paul_2026-01-15T09:03:44",1,True
"Goodman-Tchernov, Beverly_2026-01-15T09:03:45",0,False
"Sferrazza Papa, Gessica_2026-01-15T09:04:08",0,True
"Tateo, Vito_2026-01-15T09:04:09",0,True
"Parisi, Maria Adelaide_2026-01-15T09:04:11",0,True
"Casolo, Siro_2026-01-15T09:04:12",0,True
"Malarchik, Diana_2026-01-15T09:05:34",0,True
"Göpfert, Eberhard_2025-11-19T21:14:16",0,False
"Vyas, Deven N._2025-11-19T21:15:24",0,True
"Tian, Yijie_2025-11-19T21:15:24",0,True
"Straub, Péter_2025-11-19T21:15:24",1,True
"Szeniczey, Tamás_2025-11-19T21:15:24",0,True
"Hajdu, Tamás_2025-11-19T21:15:24",0,True
"Radzevičiūtė, Rita_2025-11-19T21:15:24",0,True
"Évinger, Sándor_2025-11-19T21:15:24",0,True
"Bernert, Zsolt_2025-11-19T21:15:24",1,True
"Iskandarov, Nasib_2025-11-19T21:15:24",0,True
"Ponomarev, Georgy_2025-11-19T21:15:24",0,False
"Pylev, Vladimir_2025-11-19T21:15:24",0,True
"Salaev, Vugar_2025-11-19T21:15:24",0,False
"Kagazezheva, Zhaneta_2025-11-19T21:15:24",0,True
"Presslee, Samantha_2025-11-19T21:15:34",0,False
"Hausmann, Niklas_2025-11-19T21:15:34",1,True
"Plomp, Kimberly A._2025-11-19T21:15:34",1,True
"Dobney, Keith_2025-11-19T21:15:34",1,True
"Niedziółka, Kamil_2025-11-19T21:15:34",1,True
"King, Matt_2025-11-19T21:15:34",1,True
"Jacka, Katherine_2025-11-19T21:15:34",0,True
"Stenner, Rachel_2025-11-19T21:15:34",1,True
"Knight, Jeffrey Todd_2025-11-19T21:15:34",1,True
"Kurgaeva, Anastasiia_2025-11-19T21:15:35",0,False
"Khamnueva-Wendt, Svetlana_2025-11-19T21:15:35",0,True
"Zhur, K V_2025-11-19T21:15:41",0,True
"Sharko, F S_2025-11-19T21:15:41",0,True
"Sedov, Vl V_2025-11-19T21:15:41",0,True
"Dobrovolskaya, M V_2025-11-19T21:15:41",0,True
"Volkov, V G_2025-11-19T21:15:42",0,True
"Maksimov, N G_2025-11-19T21:15:42",0,False
"Seslavine, A N_2025-11-19T21:15:42",0,False
"Makarov, Nikolaj_2025-11-19T21:48:33",1,True
"Прокопенко, Ю.А._2025-11-19T21:15:42",1,True
"Рудницкий, Р.Р._2025-11-19T21:15:42",0,False
"Opitz-Belakhal, Claudia_2025-11-19T21:15:42",2,True
"Внуков, А.А._2025-11-19T21:15:42",0,False
"Брынза, Т.В._2025-11-19T21:15:42",0,False
"Rozenski, Steven_2025-11-19T21:15:44",1,True
"Waters, Claire M._2025-11-19T21:15:44",1,True
"Smith, Joshua Byron_2025-11-19T21:15:44",1,True
"Dance, Richard_2025-11-19T21:15:44",1,True
"Durkin, Philip_2025-11-19T21:15:44",1,True
"Hough, Carole_2025-11-19T21:15:44",1,True
"Kinn, Kari_2025-11-19T21:15:44",1,True
"Walkden, George_2025-11-19T21:15:44",2,True
"BOISLIVEAU, Anne-Sylvie_2025-11-19T21:15:44",1,True
"BOUDIER, Mathilde_2025-11-19T21:15:44",1,True
"VALLET, Eric_2025-11-19T21:15:44",1,True
"Andrews, Margaret_2025-11-19T21:15:45",1,True
"Bernard, Seth_2025-11-19T21:15:45",1,True
"Dodd, Emlyn_2025-11-19T21:15:45",1,True
"Fochetti, Beatrice_2025-11-19T21:15:45",0,True
"Kay, Stephen_2025-11-19T21:15:45",0,False
"Liverani, Paolo_2025-11-19T21:15:45",1,True
"Millett, Martin_2025-11-19T21:15:45",1,True
"Zingale, Stefania_2025-11-19T21:15:47",0,False
"Wurst, Christina_2025-11-19T21:15:47",0,False
"Croze, Myriam_2025-11-19T21:15:47",1,True
"Noncent, David_2025-11-19T21:15:47",0,False
"Sifeddine, Abdelfettah_2025-11-19T21:15:47",1,True
"Emmanuel, Evens_2025-11-19T21:15:47",1,True
"Cormier, Marie-Helene_2025-11-19T21:15:47",1,True
"Briceño-Zuluaga, Francisco J._2025-11-19T21:15:47",0,False
"Valdés, Jorge_2025-11-19T21:15:47",1,True
"Heal, Tobias_2025-11-19T21:15:48",0,True
"Mercier, Florence_2025-11-19T21:15:48",1,True
"Sarah, Guillaume_2025-11-19T21:15:48",1,True
"Theuws, Frans_2025-11-19T21:15:48",1,True
"Gustavsson, Rudolf_2025-11-19T21:15:49",0,True
"Wright, Duncan W._2025-11-19T21:15:51",1,True
"Brown, David_2025-11-19T21:15:51",1,True
"Rohland, Nadin_2025-11-19T21:15:52",1,True
"Lazaridis, Iosif_2025-11-19T21:15:52",0,True
"Bonsall, Clive_2025-11-19T21:15:52",1,True
"Carić, Mario_2025-11-19T21:15:52",0,True
"Dugonjić, Anita_2025-11-19T21:15:52",1,True
"Räsänen, Elina_2025-11-19T21:16:07",1,True
"Majchczack, Bente Sven_2025-11-19T21:16:22",1,True
Drobyshev YuI. A_2025-11-19T21:17:15,0,True
Lenar F. Abzalov_2025-11-19T21:16:29,0,True
Marat Salavatovich Gatin_2025-11-19T21:16:30,0,True
Ilyas A. Mustakimov_2025-11-19T21:16:29,0,True
Roman Yulianovich Pochekaev_2025-11-19T21:16:30,1,True
Sergio Vidal Álvarez_2025-11-19T21:16:27,0,False
Beatriz Campderá Gutiérrez_2025-11-19T21:16:27,0,False
Estrella Martín Castellano_2025-11-19T21:16:27,0,False
Bárbara Culubret Worms_2025-11-19T21:16:27,0,False
Raquel Acaz Mendive_2025-11-19T21:16:27,0,False
Izmailov I.L._2025-11-19T21:16:28,0,True
Mihaela Agheniței_2025-11-19T21:16:29,0,False
Oana Chicoș_2025-11-19T21:16:29,0,False
"Penskoy, V V_2025-11-19T21:47:12",0,False
Penskaya T.M._2025-11-19T21:16:29,0,False
Ekaterina Endoltseva_2025-11-19T21:16:29,0,True
Danil Shevchenko_2025-11-19T21:16:29,0,True
"Aguilar, Sergio Torres_2025-11-19T21:50:08",1,True
Pierre Chastang_2025-11-19T21:16:30,1,True
Xavier Tannier_2025-11-19T21:16:30,1,True
"Llamas, Bastien_2025-11-19T21:16:37",1,True
"Auvertin, Rémi_2025-11-19T21:16:41",1,True
"Deru, Xavier_2025-11-19T21:16:41",2,True
María Georgina Ibarra-Arzave_2025-11-19T21:16:46,0,False
Elizabeth Solleiro-Rebolledo_2025-11-19T21:16:46,0,False
Maria Bronnikova_2025-11-19T21:16:46,0,False
"Daly, Kevin G._2025-11-19T21:16:49",0,True
"Mattiangeli, Valeria_2025-11-19T21:16:49",0,True
"Frantz, Laurent_2025-11-19T21:16:49",1,True
"Gnecchi-Ruscone, Guido Alberto_2025-11-19T21:16:50",0,True
"Rácz, Zsófia_2025-11-19T21:16:50",1,True
"Faragó, Norbert_2025-11-19T21:16:50",0,True
"Gulyás, Bence_2025-11-19T21:16:50",0,True
"Balogh, Csilla_2025-11-19T21:16:50",1,True
"Lezsák, Gabriella M._2025-11-19T21:46:26",0,False
"Patterson, Nick_2025-11-19T21:16:51",1,True
"Khokhlov, Aleksandr A._2025-11-19T21:21:24",0,True
"Chizhevskiy, Andrey A_2025-11-19T21:17:38",0,True
"Ciobanu, Ion_2025-11-19T21:16:51",1,True
"Constantinescu, Mihai_2025-11-19T21:16:51",1,True
"Dani, János_2025-11-19T21:16:51",0,True
"Kosintsev, Pavel A._2025-11-19T21:47:13",0,True
"Vihervalli, Ulriika_2025-11-19T21:16:54",1,True
"Mjærum, Axel_2025-11-19T21:17:00",1,True
"Jakobsson, Sverrir_2025-11-19T21:16:15",1,True
"Borthwick, Alan_2025-11-19T21:17:07",0,True
"MACQUEEN, HECTOR L._2025-11-19T21:24:44",1,True
"Čuplinskas, Indrė_2025-11-19T21:17:15",0,False
"Motiejūnaitė, Jūratė_2025-11-19T21:17:15",0,False
"Loftsgarden, Kjetil_2025-11-19T21:17:19",1,True
"Jones, Samantha E._2025-11-19T21:17:20",0,True
"Evans, Nick_2025-11-19T21:17:20",1,True
"Mighall, Tim_2025-11-19T21:17:20",1,True
"Bromage, Samuel_2025-11-19T21:17:20",0,False
"SHAPLAND, MICHAEL G._2025-11-19T21:25:09",1,True
"Skowronek, Tobias B._2025-11-19T21:17:21",0,False
"Thomsen, Mikkel H._2025-11-19T21:17:23",1,True
"Čvrljak, Matko_2025-11-19T21:17:23",1,True
"Diarte-Blasco, Pilar_2025-11-19T21:17:24",1,True
"Castro-Priego, Manuel_2025-11-19T21:17:24",1,True
"Tjällén, Biörn_2025-11-19T21:16:15",1,True
"Reed, Kelly_2025-11-19T21:17:27",1,True
"Ghica, Victor_2025-11-19T21:17:27",1,True
"Smuk, Ana_2025-11-19T21:17:27",0,False
"Mihaljevic, Marija_2025-11-19T21:17:27",0,False
"Filipović, Slavica_2025-11-19T21:17:27",0,False
"Balen, Jacqueline_2025-11-19T21:17:27",1,True
"SAYER, DUNCAN_2025-11-19T21:17:27",1,True
"Katajala-Peltomaa, Sari_2025-11-19T21:17:28",1,True
"Mäkelä, Maria_2025-11-19T21:17:28",1,True
"Leighton, Gregory_2025-11-19T21:17:32",3,True
"Bervoets, Leen_2025-11-19T21:17:32",0,False
"Seir, Torben_2025-11-19T21:17:34",0,False
"Ruano, Delfina                       Serrano_2025-11-19T21:17:35",1,True
"Bontadi, Jarno_2025-11-19T21:17:37",0,True
"Gazimzyanov, Ilgizar R_2025-11-19T21:17:38",0,False
"Komar, Oleksii_2025-11-19T21:17:38",0,True
"Krasnoperov, Alexander A_2025-11-19T21:17:38",0,False
"Stashenkov, Dmitrii A_2025-11-19T21:17:38",0,True
"Cheronet, Olivia_2025-11-19T21:17:38",0,True
"Reich, David_2025-11-19T21:17:38",1,True
"Celka, Zbigniew_2025-11-19T21:17:43",1,True
"Tihanyi, Balázs_2025-11-19T21:17:44",0,True
"Kis, Luca_2025-11-19T21:17:44",0,False
"Barker, Hannah_2025-11-19T21:17:54",1,True
"Aniceti, Veronica_2025-11-19T21:17:56",0,True
"Montana, Giuseppe_2025-11-19T21:18:03",0,False
"Giarrusso, Renato_2025-11-19T21:18:03",0,False
"D’Amico, Raffaella_2025-11-19T21:18:03",0,False
"Di Natale, Barbara_2025-11-19T21:18:03",0,False
"Vizzini, Mirko Andrea_2025-11-19T21:18:03",0,False
"Ilardi, Vincenzo_2025-11-19T21:18:03",0,False
"Mulone, Angelo_2025-11-19T21:18:03",0,False
"Randazzo, Luciana_2025-11-19T21:18:03",1,True
"Bordenca, Claudio Ventura_2025-11-19T21:18:03",0,False
"Piombino-Mascali, Dario_2025-11-19T21:18:04",1,True
"Brather, Sebastian_2025-11-19T21:18:04",1,True
Maísa de Lima Claro_2025-11-19T21:18:05,0,False
Artemizia Francisca de Sousa_2025-11-19T21:18:05,0,False
Reseanne de Sousa Nobre_2025-11-19T21:18:05,0,False
Luisa Helena de Oliveira Lima_2025-11-19T21:18:05,0,False
"Deforce, Koen_2025-11-19T21:18:06",1,True
"Разумов, С.Н._2025-11-19T21:18:11",0,False
"Синика, В.С._2025-11-19T21:18:11",0,False
"Jezierski, Wojtek_2025-11-19T21:16:15",2,True
"Askeyev, Igor V._2025-11-19T21:18:18",0,True
"Askeyev, Arthur O._2025-11-19T21:18:18",0,True
"Askeyev, Oleg V._2025-11-19T21:18:18",0,True
"Shaymuratova, Dilyara N._2025-11-19T21:18:18",0,True
"Ballo, Eirik G._2025-11-19T21:18:19",0,True
"Høeg, Helge I._2025-11-19T21:18:19",1,True
"Bakke, Jostein_2025-11-19T21:18:19",1,True
منور، عواد_2025-11-19T21:18:19,0,False
بناني، هداية_2025-11-19T21:18:19,0,False
"Oinonen, Markku_2025-11-19T21:18:20",1,True
"Etu-Sihvola, Heli_2025-11-19T21:18:20",0,True
"Massoni, Anne_2025-11-19T21:49:23",1,True
"Kołodziejczak, Piotr_2025-11-19T21:18:29",0,True
"Czerwiński, Sambor_2025-11-19T21:18:32",0,True
"Lamentowicz, Mariusz_2025-11-19T21:18:32",1,True
"Marcisz, Katarzyna_2025-11-19T21:18:32",1,True
"Kirchengast, Sylvia_2025-11-19T21:18:34",1,True
"Tirosh, Yoav_2025-11-19T21:18:36",1,True
"Auge, Oliver_2025-11-19T21:18:45",1,True
"Engelhard, Felicia E._2025-11-19T21:18:45",0,False
"Gandini, Cristina_2025-11-19T21:18:47",2,True
"Girond, Simon_2025-11-19T21:18:47",1,True
"Corrochano, Alexis_2025-11-19T21:18:47",1,True
"Paya, Didier_2025-11-19T21:18:48",1,True
"Rouquet, Jérôme_2025-11-19T21:18:48",1,True
"Lindkvist, Thomas_2025-11-19T21:16:15",1,True
"Courroux, Pierre_2025-11-19T21:19:10",1,True
"Maneuvrier, Christophe_2025-11-19T21:19:11",1,True
"Vielliard, Françoise_2025-11-19T21:19:11",1,True
"Avignon, Carole_2025-11-19T21:22:45",1,True
"Mille, Pierre_2025-11-19T21:19:35",1,True
"Peytremann, Édith_2025-11-19T21:19:37",1,True
"Sahir, Nacéra_2025-11-19T21:20:09",0,False
"Yermeche, Ouerdia_2025-11-19T21:20:09",1,True
"Châtelet, Madeleine_2025-11-19T21:20:11",1,True
"Chenal, Fanny_2025-11-19T21:20:11",1,True
"Pavin, Anaïs_2025-11-19T21:20:11",0,False
"Andrade, Maria Filomena_2025-11-19T21:20:12",1,True
"Fontes, João Luís_2025-11-19T21:20:12",1,True
"Oliveira, Luís Filipe_2025-11-19T21:20:12",1,True
"Engerbeaud, Mathieu_2025-11-19T21:20:19",1,True
"Guillon, Mark_2025-11-19T21:20:24",1,True
"Jouneau, David_2025-11-19T21:20:24",1,True
"Rolland, Noémie_2025-11-19T21:20:24",1,True
"Gryspeirt, Noémie_2025-11-19T21:20:24",1,True
"Santos, Frédéric_2025-11-19T21:20:24",1,True
Artemieva Nadezhda G._2025-11-19T21:20:27,0,False
Johan Septian Putra_2025-11-19T21:20:29,0,False
Nurcan Karali_2025-11-19T21:20:29,0,False
"Pogam, Pierre-Yves Le_2025-11-19T21:20:31",1,True
"Skourtanioti, Eirini_2025-11-19T21:20:31",1,True
"Gasparyan, Boris_2025-11-19T21:20:31",0,False
"Ghalichi, Ayshin_2025-11-19T21:20:31",1,True
"Palumbo, Alessandro_2025-11-19T21:21:18",1,True
"Gretzinger, Joscha_2025-11-19T21:21:20",0,True
"Tomei, Paolo_2025-11-19T21:21:21",1,True
"Hadler, Hanna_2025-11-19T21:21:25",1,True
"Vött, Andreas_2025-11-19T21:21:25",1,True
"Harris, Carissa M._2025-11-19T21:43:01",1,True
"Grajcarek, Gerald_2025-11-19T21:22:16",0,False
"Kestel, Jörg_2025-11-19T21:22:16",0,False
"Kronz, Andreas_2025-11-19T21:22:25",1,True
"Ramelli, Ilaria L. E._2025-11-19T21:28:33",1,True
"Zornetta, Giulia_2025-11-19T21:22:44",1,True
"Balbi, Barbara_2025-11-19T21:22:44",1,True
"Bosso, Raffaella_2025-11-19T21:22:44",1,True
"García Manso, Angélica_2025-11-19T21:22:41",1,True
"Tovar Paz, Francisco Javier_2025-11-19T21:22:41",1,True
"Lise Fieyre, Marie_2025-11-19T21:22:45",1,True
"Escobar Tortosa, Antonio_2025-11-19T21:22:46",1,True
"Hennius, Andreas_2025-11-19T21:14:17",1,True
"Augé, Isabelle_2025-11-19T21:22:49",1,True
Dédéyan Gérard_2025-11-19T21:22:49,1,True
"González Martín del Río, Emilia_2025-11-19T21:22:54",0,True
"Soto Morales, María Francisca_2025-11-19T21:22:54",1,True
"Sastre Blanco, José Carlos_2025-11-19T21:23:01",1,True
"Sánchez Nicolás, David_2025-11-19T21:23:01",0,False
"Espí Pérez, Israel_2025-11-19T21:23:01",0,False
"Molina Cardín, Alberto_2025-11-19T21:23:01",0,False
"Campuzano, Saioa A._2025-11-19T21:23:01",0,False
"Palencia Ortas, Alicia_2025-11-19T21:23:01",0,False
"McIntosh, Gregg_2025-11-19T21:23:01",0,False
"Osete López, María Luisa_2025-11-19T21:23:01",1,True
"Longas, Javier_2025-11-19T21:23:01",0,True
"Rodríguez Sainz, Carmen_2025-11-19T21:23:01",0,True
"Palacio Grüber, José Manuel de_2025-11-19T21:23:01",0,False
"Luna Gómez, Francisco_2025-11-19T21:23:01",0,True
"Moral, Pedro del_2025-11-19T21:23:01",0,True
"Suarez Trujillo, Fabio_2025-11-19T21:23:01",0,True
"Bäumler, Sarah_2025-11-19T21:23:12",0,True
"Klooß, Stefanie_2025-11-19T21:23:12",1,True
"Willershäuser, Timo_2025-11-19T21:23:12",1,True
"Tarner, Patrick_2025-11-19T21:23:12",1,True
"Pause, Carl_2025-11-19T21:23:12",1,True
"Iversen, Frode_2025-11-19T21:22:15",1,True
"Garstad, Benjamin_2025-11-19T21:24:14",1,True
"Laker, Stephen_2025-11-19T21:14:16",1,True
"Youngs, Deborah_2025-11-19T21:27:00",1,True
"Henriksen, Peter Steen_2025-11-19T21:27:49",1,True
Nabiullin Nail G._2025-11-19T21:29:06,0,False
"Mirgaleev, I.M._2025-11-27T19:23:41",1,True
"Khramchenkova, Rezida Kh_2025-11-19T21:48:24",0,False
"Meyer, Christian_2025-11-19T21:29:41",1,True
"Schmitt, Oliver Jens_2025-11-19T21:31:01",1,True
"Cavada, Enrico_2025-11-19T21:32:26",1,True
Edoardo Manarini_2025-11-19T21:35:17,1,True
Tiziana Lazzari_2025-11-19T21:35:18,0,False
Simon Nygaard_2025-11-19T21:36:48,0,True
"Antipina, Ekaterina E._2025-11-19T21:47:13",0,True
"Lallinger, Franziska_2025-11-19T21:48:18",1,True
"Opelkova, Monika_2025-11-19T21:39:11",0,False
"Masini, Nicola_2025-11-19T21:39:50",1,True
"Sergeev, A._2025-11-19T21:39:54",0,False
"Kashirskaya, N._2025-11-19T21:39:54",0,False
"Lasaponara, Rosa_2025-11-19T21:40:50",1,True
"Abate, Nicodemo_2025-11-19T21:40:50",0,True
"Wen, Shao-Qing_2025-11-19T21:42:19",0,False
"Du, Pan-Xin_2025-11-19T21:42:19",0,False
"Sun, Chang_2025-11-19T21:42:19",2,True
"Cui, Wei_2025-11-19T21:42:19",2,True
"Xu, Yi-Ran_2025-11-19T21:42:19",0,False
"Meng, Hai-Liang_2025-11-19T21:42:19",0,False
"Shi, Mei-Sen_2025-11-19T21:42:19",0,False
"Zhu, Bo-Feng_2025-11-19T21:42:19",0,False
"Li, Hui_2025-11-19T21:42:19",1,True
"Sanyal, Anushree_2025-11-19T21:42:28",0,True
"Larsson, Josefine_2025-11-19T21:42:28",1,True
"Both, Frank_2025-11-19T21:42:33",1,True
"Saarma, Urmas_2025-11-19T21:42:35",0,True
"Schwartz, Ellen C._2025-11-19T21:42:44",2,True
"Milanović, Ljubomir_2025-11-19T21:22:59",0,False
"Mathews, Thomas F._2025-11-19T21:42:44",2,True
"Murphy, Luke John_2025-11-19T21:42:58",0,False
"Fuller, Heidi R._2025-11-19T21:42:58",0,False
"Willan, Peter L. T._2025-11-19T21:42:58",1,True
"Gates, Monte A._2025-11-19T21:42:58",0,False
"Finkenbinder, Matthew S._2025-11-19T21:43:08",0,False
"Steinman, Byron A._2025-11-19T21:43:08",0,False
"Bird, Broxton W._2025-11-19T21:43:08",0,False
"Heilman, Ellen C._2025-11-19T21:43:08",0,False
"Aspey, Alexandria R._2025-11-19T21:43:08",0,False
"Mark, Samuel Z._2025-11-19T21:43:08",0,False
"Stansell, Nathan D._2025-11-19T21:43:08",0,False
"Fernandez, Alejandro_2025-11-19T21:43:08",1,True
"Halsor, Sid P._2025-11-19T21:43:08",0,False
"Abbott, Mark B._2025-11-19T21:43:08",0,False
"Bajard, Manon_2025-11-19T21:18:19",0,True
"Støren, Eivind_2025-11-19T21:43:08",0,False
"Hagopian, William_2025-11-19T21:43:08",0,True
"Jahren, Anne H._2025-11-19T21:43:08",0,False
"Svensen, Henrik H._2025-11-19T21:43:08",1,True
"Krüger, Kirstin_2025-11-19T21:18:19",1,True
"Díaz, Luis Antonio_2025-11-19T21:43:13",0,False
"García-Salum, Tamara_2025-11-19T21:43:13",0,True
"Fuentes-López, Eduardo_2025-11-19T21:43:13",0,True
"Reyes, Diego_2025-11-19T21:43:13",0,True
"Ortiz, Javier_2025-11-19T21:43:13",1,True
"Chahuan, Javier_2025-11-19T21:43:13",0,True
"Levican, Jorge_2025-11-19T21:43:13",0,True
"Almonacid, Leonardo I._2025-11-19T21:43:13",0,True
"Valenzuela, Gonzalo H._2025-11-19T21:43:13",0,True
"Serrano, Eileen_2025-11-19T21:43:13",0,True
"Budnik, Sigall_2025-11-19T21:43:13",0,True
"Gandara, Vicente_2025-11-19T21:43:13",0,True
"Gallardo, Andrea_2025-11-19T21:43:13",0,True
"Seydewitz, María Francisca_2025-11-19T21:43:13",0,True
"Ferrés, Marcela_2025-11-19T21:43:13",0,True
"Cofré, Colomba_2025-11-19T21:43:13",0,True
"Álvarez, Manuel_2025-11-19T21:43:13",0,True
"Pavez, Carolina_2025-11-19T21:43:13",0,True
"Candia, Roberto_2025-11-19T21:43:13",0,True
"Monrroy, Hugo_2025-11-19T21:43:13",0,True
"Espino, Alberto_2025-11-19T21:43:13",0,True
"Rada, Gabriel_2025-11-19T21:43:13",0,False
"Ortiz, Luis_2025-11-19T21:43:13",0,True
"Valderrama, Sebastián_2025-11-19T21:43:13",0,True
"Salinas, Erick_2025-11-19T21:43:13",0,True
"Toro, Adriana_2025-11-19T21:43:13",0,True
"Ortega, Marcos_2025-11-19T21:43:13",0,False
"Pizarro, Margarita_2025-11-19T21:43:13",0,False
"Medina, Rafael A._2025-11-19T21:43:13",0,False
"Riquelme, Arnoldo_2025-11-19T21:43:13",0,True
"Belingard, Christelle_2025-11-19T21:22:22",1,True
"Bernabei, Mauro_2025-11-19T21:17:37",1,True
"Borghaerts, Paul_2025-11-19T21:22:22",0,True
"Couturier, Yann_2025-11-19T21:22:22",0,False
"van Daalen, Sjoerd_2025-11-19T21:22:22",0,False
"Doeve, Petra_2025-11-19T21:22:22",0,False
"Domínguez-Delmás, Marta_2025-11-19T21:22:22",0,False
"Edouard, Jean-Louis_2025-11-19T21:22:22",1,True
"Ginzler, Christian_2025-11-19T21:22:22",0,False
"Grabner, Michael_2025-11-19T21:22:22",1,True
"Kaczka, Ryszard J._2025-11-19T21:22:22",0,False
"Kolář, Tomáš_2025-11-19T21:43:13",1,True
"Labbas, Vincent_2025-11-19T21:22:22",1,True
"Le Digol, Yannick_2025-11-19T21:22:22",0,False
"Le Roy, Melaine_2025-11-19T21:22:22",1,True
"Ludlow, Francis_2025-11-19T21:22:22",1,True
"Marais, Axel_2025-11-19T21:22:22",0,False
"Mills, Coralie M._2025-11-19T21:22:22",1,True
"Rybníček, Michal_2025-11-19T21:22:22",1,True
"Shindo, Lisa_2025-11-19T21:22:22",1,True
"Spyt, Barbara_2025-11-19T21:22:22",0,False
"Susperregi, Josué_2025-11-19T21:43:13",1,True
"Bárány, Annamária_2025-11-19T21:43:17",0,True
"Köhler, Anne_2025-11-19T21:43:18",1,True
"Wanger-O’Neill, Anneli_2025-11-19T21:43:18",0,False
"Nebel, Steven_2025-11-19T21:43:18",0,False
"Pohle, Marco_2025-11-19T21:43:18",0,False
"Kreck, Manuel_2025-11-19T21:43:18",0,True
"Schats, Rachel_2025-11-19T21:45:49",2,True
"Hattum, IJk_2025-11-19T21:45:49",0,False
"Szalontai, Csaba_2025-11-19T21:45:50",1,True
"Полин, С.В._2025-11-19T21:45:52",0,False
"Дараган, М.Н._2025-11-19T21:45:52",0,False
"Лысенко, С.Д._2025-11-19T21:45:52",0,False
"Закордонец, О.А._2025-11-19T21:45:52",0,False
"Marquardt, William H._2025-11-19T21:45:52",1,True
"Walker, Karen J._2025-11-19T21:45:52",0,True
"Thompson, Victor D._2025-11-19T21:45:52",1,True
"Savarese, Michael_2025-11-19T21:45:52",0,True
"Roberts Thompson, Amanda D._2025-11-19T21:45:52",0,False
"Newsom, Lee A._2025-11-19T21:45:52",1,True
"Chuluunii, Dalai_2025-11-19T21:45:52",1,True
"Dalai, Erdene-Otgon_2025-11-19T21:45:52",1,True
"Delbecque, Nele_2025-11-19T21:45:53",0,False
"Dondeyne, Stefaan_2025-11-19T21:45:53",0,True
"Gelaude, Frank_2025-11-19T21:45:53",0,False
"Mouazen, Abdul M._2025-11-19T21:45:53",1,True
"Vermeir, Pieter_2025-11-19T21:45:53",0,False
"Verdoodt, Ann_2025-11-19T21:45:53",1,True
"Herrera-Atoche, José Rubén_2025-11-19T21:46:03",0,False
"Chatters, James C_2025-11-19T21:46:04",1,True
"Cucina, Andrea_2025-11-19T21:46:03",1,True
"Bunders, Damion Jonathan_2025-11-19T21:46:04",0,False
"Arets, Martijn_2025-11-19T21:46:04",0,True
"Frenken, Koen_2025-11-19T21:46:04",1,True
"Chen, Chen_2025-11-19T21:46:06",1,True
"Schwardt, Michaela_2025-11-19T21:35:26",0,False
"Fischer, Peter_2025-11-19T21:46:22",1,True
"Tomaszewska, Agnieszka_2025-11-19T21:46:24",0,False
"Grabka, Dawid_2025-11-19T21:46:24",0,False
"Montech, Anne Thérèse_2025-11-19T21:46:24",0,False
"So, Billy_2025-11-19T21:46:24",2,True
"So, Sufumi_2025-11-19T21:46:24",0,True
"Heijnsbergen, Theo Van_2025-11-19T21:46:25",1,True
"Lee, Joel_2025-11-19T21:46:25",1,True
"Komanapalli, Kripanand Roy_2025-11-19T21:46:25",0,False
"Csiky, Gergely_2025-11-19T21:46:26",0,True
"Rohrlach, Adam B._2025-11-19T21:47:49",1,True
"Rácz, Tibor Ákos_2025-11-19T21:46:26",0,False
"Benedek, András_2025-11-19T21:46:26",1,True
"Berta, Norbert_2025-11-19T21:46:26",0,False
"Czifra, Szabolcs_2025-11-19T21:46:26",0,True
"Farkas, Zoltán_2025-11-19T21:46:26",1,True
"Hága, Tamara_2025-11-19T21:46:26",0,False
"Jászberényi, Mónika_2025-11-19T21:46:26",0,False
"Kisjuhász, Viktória_2025-11-19T21:46:26",0,False
"Kolozsi, Barbara_2025-11-19T21:46:26",0,True
"Major, Péter_2025-11-19T21:46:26",1,True
"Kovacsóczy, Bernadett Ny_2025-11-19T21:46:26",0,False
"Ódor, János Gábor_2025-11-19T21:46:26",0,False
"Szelekovszky, Márta_2025-11-19T21:46:26",0,True
"Tárnoki, Judit_2025-11-19T21:46:26",0,False
"Tóth, Zoltán_2025-11-19T21:46:26",0,False
"Tutkovics, Eszter K._2025-11-19T21:46:26",1,True
"Vlase, Gabriela_2025-11-19T21:46:26",0,False
"Vlase, Dan_2025-11-19T21:46:26",0,False
"Ferencz, Iosif Vasile_2025-11-19T21:46:26",1,True
"Sfîrloagă, Paula_2025-11-19T21:46:26",0,False
"Micle, Dorel_2025-11-19T21:46:26",1,True
"Manea, Florin_2025-11-19T21:46:26",0,True
"Vlase, Titus_2025-11-19T21:46:26",0,True
"Onuki, Yoshikazu_2025-11-19T21:46:27",0,True
"Kumazawa, Itsuo_2025-11-19T21:46:27",0,True
"Filipová, Alžběta_2025-11-19T21:46:27",2,True
"Palladino, Adrien_2025-11-19T21:46:27",1,True
"Valdambrini, Noemi_2025-11-19T21:46:28",0,False
"Marana, Barbara_2025-11-19T21:46:28",0,False
"Manzari, Valerio_2025-11-19T21:46:28",0,False
Sarah Baechle_2025-11-19T21:46:29,2,True
Elizaveta Strakhov_2025-11-19T21:46:29,1,True
"Kiprovska, Mariya_2025-11-19T21:46:59",0,True
"Knezovic, Nina_2025-11-19T21:47:12",0,True
"Lipich, T I_2025-11-19T21:47:12",0,True
"Bovkunova, A V_2025-11-19T21:47:12",0,False
"Borisova, O S_2025-11-19T21:47:12",0,False
"Feuerborn, Tatiana R._2025-11-19T21:47:13",0,True
"Carmagnini, Alberto_2025-11-19T21:47:13",0,False
"Appelt, Martin_2025-11-19T21:47:13",0,True
"Bachura, Olga P._2025-11-19T21:47:13",0,True
"Murphy Gregersen, Kristian_2025-11-19T21:47:13",0,False
"Guo, Chunxue_2025-11-19T21:47:13",0,False
"Jones, Carleton_2025-11-19T21:47:13",1,True
"Perri, Angela R._2025-11-19T21:47:13",0,True
"Plekhanov, Andrei V._2025-11-19T21:47:13",0,True
"Ramos-Madrigal, Jazmín_2025-11-19T21:47:13",0,True
"Schmidt, Anne Lisbeth_2025-11-19T21:47:13",0,True
"Smith, Oliver_2025-11-19T21:47:13",2,True
"Yavorskaya, Lilia V._2025-11-19T21:47:13",0,False
"Zhang, Guojie_2025-11-19T21:47:13",1,True
"Meldgaard, Morten_2025-11-19T21:47:13",1,True
"Dalén, Love_2025-11-19T21:47:13",1,True
"Sodeland, Marte_2025-11-19T21:47:13",0,True
"Jorde, Per Erik_2025-11-19T21:47:13",0,True
"Mattingsdal, Morten_2025-11-19T21:47:13",0,True
"Albretsen, Jon_2025-11-19T21:47:13",1,True
"Kleiven, Alf Ring_2025-11-19T21:47:13",0,False
"Synnes, Ann-Elin Wårøy_2025-11-19T21:47:13",0,False
"Espeland, Sigurd Heiberg_2025-11-19T21:47:13",0,False
"Olsen, Esben Moland_2025-11-19T21:47:13",0,False
"André, Carl_2025-11-19T21:28:58",1,True
"Saw, Seow Hui_2025-11-19T21:47:16",0,True
"Lee, Byung-Gook_2025-11-19T21:47:16",0,True
"Ewe, Hong Tat_2025-11-19T21:47:16",0,True
"Chatterjee, Poulomi_2025-11-19T21:47:16",0,True
"Madhavan, P._2025-11-19T21:47:16",0,False
"Mamode, Shameelah A. H._2025-11-19T21:47:16",0,True
"Runghen, Hemanaden_2025-11-19T21:47:16",0,True
"Munnaroo, Sivanee_2025-11-19T21:47:16",0,True
"Bissessur, Dass_2025-11-19T21:47:16",0,True
"Coopen, Priscilla_2025-11-19T21:47:16",0,True
"von Arnim, Yann_2025-11-19T21:47:16",0,True
"Manfio, Stefania_2025-11-19T21:47:16",0,True
"Motah, Beenesh A._2025-11-19T21:47:16",0,True
"Badal, Rezah_2025-11-19T21:47:16",0,True
Abel Fernando Martínez Martín_2025-11-19T21:47:28,0,True
Zulma Milena Cucunubá Pérez_2025-11-19T21:47:28,0,True
"Kim, Jina_2025-11-19T21:47:35",1,True
"Roman, Sanziana A._2025-11-19T21:47:35",0,False
"Sosa, Julie Ann_2025-11-19T21:47:35",1,True
"Kurila, Laurynas_2025-11-19T21:47:43",1,True
"Ežerinskis, Žilvinas_2025-11-19T21:47:43",0,False
"Šapolaitė, Justina_2025-11-19T21:47:43",0,False
"Garbaras, Andrius_2025-11-19T21:47:43",0,True
"Zagurskytė, Aurelija_2025-11-19T21:47:43",0,False
"Micelicaitė, Viktorija_2025-11-19T21:47:43",0,False
"JAEGGI-RICHOZ, Sandra_2025-11-19T21:47:43",1,True
"BLANTON IV, Thomas R._2025-11-19T21:47:43",1,True
"Earle, Timothy_2025-11-19T21:47:43",2,True
"Olsen, Anne-Louise Haack_2025-11-19T21:47:43",0,False
"Eriksen, Berit Valentin_2025-11-19T21:47:43",1,True
"Kristensen, Inge Kjær_2025-11-19T21:47:43",0,False
"Rodrigues, Erika_2025-11-19T21:47:44",0,True
"Cohen, Marcelo Cancela Lisboa_2025-11-19T21:47:44",0,True
"Pessenda, Luiz Carlos R._2025-11-19T21:47:44",0,False
"França, Marlon Carlos_2025-11-19T21:47:44",0,False
"Magalhães, Evandro_2025-11-19T21:47:44",0,False
"Yao, Qiang_2025-11-19T21:47:44",0,True
"Gerlach, Renate_2025-11-19T21:47:44",1,True
"Meurers-Balke, Jutta_2025-11-19T21:47:44",1,True
"Kalis, Arie J._2025-11-19T21:47:44",1,True
"Pisani, Sharon_2025-11-19T21:47:45",0,True
"Hall, Mark_2025-11-19T21:47:45",0,True
"Salo, K._2025-11-19T21:47:45",0,False
"Naito, Y. I._2025-11-19T21:47:45",0,False
"Kytökari, M._2025-11-19T21:47:45",0,False
"Ohkouchi, N._2025-11-19T21:47:45",0,False
"Heyd, V._2025-11-19T21:47:45",2,True
"Swan, Karen_2025-11-19T21:47:48",1,True
"Humphrey, Louise_2025-11-19T21:47:48",1,True
"Hopkins, David_2025-11-19T21:47:48",1,True
"Mason, Tom_2025-11-19T21:47:48",2,True
"Kocher, Arthur_2025-11-19T21:47:49",1,True
"Papac, Luka_2025-11-19T21:47:49",1,True
"Hübler, Ron_2025-11-19T21:47:49",1,True
"Aron, Franziska_2025-11-19T21:47:49",0,True
"Stahl, Raphaela_2025-11-19T21:47:49",0,True
"Wissgott, Antje_2025-11-19T21:47:49",0,False
"van Bömmel, Florian_2025-11-19T21:47:49",0,True
"Pfefferkorn, Maria_2025-11-19T21:47:49",1,True
"Mittnik, Alissa_2025-11-19T21:47:49",0,True
"Villalba-Mouco, Vanessa_2025-11-19T21:47:49",1,True
"Rivollat, Maïté_2025-11-19T21:47:49",1,True
"van de Loosdrecht, Marieke S._2025-11-19T21:47:49",1,True
"Majander, Kerttu_2025-11-19T21:47:49",0,True
"Tukhbatova, Rezeda I._2025-11-19T21:47:49",0,True
"Musralina, Lyazzat_2025-11-19T21:47:49",0,True
"Penske, Sandra_2025-11-19T21:47:49",1,True
"Sabin, Susanna_2025-11-19T21:47:49",1,True
"Michel, Megan_2025-11-19T21:47:49",2,True
"Nelson, Elizabeth A._2025-11-19T21:47:49",0,True
"Ferraz, Tiago_2025-11-19T21:47:49",0,False
"Parker, Cody_2025-11-19T21:47:49",0,True
"Guevara, Evelyn K._2025-11-19T21:47:49",0,True
"Feldman, Michal_2025-11-19T21:47:49",1,True
"Eisenmann, Stefanie_2025-11-19T21:47:49",1,True
"Giffin, Karen_2025-11-19T21:47:49",0,True
"Schimmenti, Vittoria_2025-11-19T21:47:49",0,True
"Karapetian, Marina K._2025-11-19T21:47:49",0,True
"Chaplygin, Mikhail S._2025-11-19T21:47:49",0,True
"Kufterin, Vladimir V._2025-11-19T21:47:49",0,True
"Tejedor-Rodríguez, Cristina_2025-11-19T21:47:49",1,True
"de Lagrán, Íñigo García-Martínez_2025-11-19T21:47:49",1,True
"Arcusa-Magallón, Héctor_2025-11-19T21:47:49",0,True
"Garrido-Pena, Rafael_2025-11-19T21:47:49",1,True
"Cesario, Grace_2025-11-19T21:47:50",0,False
"Bühler, Birgit_2025-11-19T21:47:50",1,True
"Lee, Ja Young_2025-11-19T21:47:50",0,True
"Wolfseder-Freitag, Angelika_2025-11-19T21:47:50",0,False
"Thompson, W.K._2025-11-19T21:47:52",0,False
"Arvidsson, D._2025-11-19T21:47:52",0,False
"Murray, A.S._2025-11-19T21:47:52",0,False
"Blidberg, A._2025-11-19T21:47:52",0,False
"Nauman, Sari_2025-11-19T21:16:15",1,True
"Reimann, Christina_2025-11-19T21:47:52",1,True
"Runefelt, Leif_2025-11-19T21:47:52",1,True
"Sundelin, Anna_2025-11-19T21:47:53",1,True
"Wassholm, Johanna_2025-11-19T21:47:53",1,True
"de Jong, Martin_2025-11-19T21:47:53",0,False
"Lu, Haiyan_2025-11-19T21:47:53",0,True
"Vuola, Katri_2025-11-19T21:47:29",0,True
"Bondar, Igor_2025-11-19T21:47:55",1,True
"Alpaslan-Roodenberg, Songül_2025-11-19T21:47:56",0,True
"Acar, Ayşe_2025-11-19T21:47:56",0,True
"Açıkkol, Ayşen_2025-11-19T21:47:56",0,True
"Agelarakis, Anagnostis_2025-11-19T21:47:56",1,True
"Aghikyan, Levon_2025-11-19T21:47:56",0,True
"Akyüz, Uğur_2025-11-19T21:47:56",0,False
"Andreeva, Desislava_2025-11-19T21:47:56",0,True
"Andrijašević, Gojko_2025-11-19T21:47:56",0,True
"Antonović, Dragana_2025-11-19T21:47:56",1,True
"Atmaca, Alper_2025-11-19T21:47:56",0,False
"Avetisyan, Pavel_2025-11-19T21:47:56",2,True
"Aytek, Ahmet İhsan_2025-11-19T21:47:56",1,True
"Bacvarov, Krum_2025-11-19T21:47:56",1,True
"Badalyan, Ruben_2025-11-19T21:47:56",1,True
"Bakardzhiev, Stefan_2025-11-19T21:47:56",1,True
"Bejko, Lorenc_2025-11-19T21:47:56",1,True
"Bernardos, Rebecca_2025-11-19T21:47:56",0,True
"Bertsatos, Andreas_2025-11-19T21:47:56",0,True
"Biber, Hanifi_2025-11-19T21:47:56",0,True
"Bilir, Ahmet_2025-11-19T21:47:56",0,True
"Bodružić, Mario_2025-11-19T21:47:56",0,True
"Bonogofsky, Michelle_2025-11-19T21:47:56",1,True
"Borovinić, Nikola_2025-11-19T21:47:56",0,True
"Bravo Morante, Guillermo_2025-11-19T21:47:56",0,False
"Buttinger, Katharina_2025-11-19T21:47:56",0,False
"Callan, Kim_2025-11-19T21:47:56",0,True
"Candilio, Francesca_2025-11-19T21:47:56",0,True
"Chohadzhiev, Stefan_2025-11-19T21:47:56",1,True
"Chovalopoulou, Maria-Eleni_2025-11-19T21:47:56",0,True
"Chryssoulaki, Stella_2025-11-19T21:47:56",1,True
"Čondić, Natalija_2025-11-19T21:47:56",1,True
"Cristiani, Emanuela_2025-11-19T21:47:56",1,True
"Culleton, Brendan J_2025-11-19T21:47:56",0,True
"Curtis, Elizabeth_2025-11-19T21:47:56",0,True
"Davis, Jack_2025-11-19T21:47:56",1,True
"Demcenco, Tatiana I_2025-11-19T21:47:56",0,False
"Dergachev, Valentin_2025-11-19T21:47:56",0,True
"Derin, Zafer_2025-11-19T21:47:56",0,True
"Deskaj, Sylvia_2025-11-19T21:47:56",0,False
"Devejyan, Seda_2025-11-19T21:47:56",0,False
"Djordjević, Vojislav_2025-11-19T21:47:56",0,False
"Zhang, Dongliang_2025-11-19T21:47:57",0,False
"Yang, Yunpeng_2025-11-19T21:47:57",0,False
"Ran, Min_2025-11-19T21:47:57",0,False
"Lan, Bo_2025-11-19T21:47:57",0,False
"Zhao, Hongyan_2025-11-19T21:47:57",0,False
"Liu, Qi_2025-11-19T21:47:57",0,False
"Richards, Stephen M_2025-11-19T21:47:58",0,False
"Li, Leiting_2025-11-19T21:47:57",0,False
"Breen, James_2025-11-19T21:47:57",1,True
"Hovhannisyan, Nelli_2025-11-19T21:47:57",0,False
"Estrada, Oscar_2025-11-19T21:47:57",1,True
"Gilliham, Matthew_2025-11-19T21:47:57",0,False
"Smith, Alexia_2025-11-19T21:47:57",0,False
"Zhang, Heng_2025-11-19T21:47:57",1,True
"Pasicka, Edyta_2025-11-19T21:47:58",1,True
"Badal, Joan Viciano_2025-11-19T21:47:58",0,False
"Wilkins, Sarah S._2025-11-19T21:47:58",1,True
"Gallori, Corinna T._2025-11-19T21:47:58",1,True
"Cole, Marcelle_2025-11-19T21:15:44",1,True
"Andriulo, F._2025-11-19T21:47:59",0,True
"Vespignani, L._2025-11-19T21:47:59",0,True
"Steindal, C.C._2025-11-19T21:47:59",0,True
"Bortolini, M._2025-11-19T21:47:59",0,True
"Borelli, Marcela_2025-11-19T21:48:00",0,False
"Buffon, Valeria A._2025-11-19T21:48:00",0,False
"Jakubecki, Natalia G._2025-11-19T21:48:00",0,False
"Dendievel, André-Marie_2025-11-19T21:48:01",1,True
"Dietre, Benjamin_2025-11-19T21:48:01",2,True
"Jouannic, Gwénolé_2025-11-19T21:48:01",1,True
"Haas, Jean Nicolas_2025-11-19T21:48:01",2,True
"Cubizolle, Hervé_2025-11-19T21:48:01",1,True
"Jodoin, Susanne_2025-11-19T21:48:01",0,True
"Lacher, Laura_2025-11-19T21:48:01",0,False
"Vågene, Åshild J_2025-11-19T21:48:01",0,False
"Haak, Wolfgang_2025-11-19T21:36:35",1,True
"Ebenesersdóttir, S. Sunna_2025-11-19T21:48:08",0,True
"Moore, Kristjan H S_2025-11-19T21:48:01",0,True
"Schmidt, Kara_2025-11-19T21:48:01",0,True
"Brace, Selina_2025-11-19T21:48:01",0,True
"Bager, Martina Abenhus_2025-11-19T21:48:01",0,True
"Broomandkhoshbacht, Nasreen_2025-11-19T21:48:01",0,True
"Harney, Éadaoin_2025-11-19T21:48:01",0,False
"Iliev, Lora_2025-11-19T21:48:01",0,False
"Lawson, Ann Marie_2025-11-19T21:48:01",0,True
"Stewardson, Kristin_2025-11-19T21:48:01",0,False
"Zalzala, Fatma_2025-11-19T21:48:01",0,False
"Kappelhoff-Beckmann, Stefanie_2025-11-19T21:48:01",0,False
"Neumann, Daniel_2025-11-19T21:48:01",1,True
"Saalow, Lars_2025-11-19T21:48:01",1,True
"Beckett, Sophie_2025-11-19T21:48:01",0,True
"Van Twest, Melanie_2025-11-19T21:48:01",0,False
"Faulkner, Neil_2025-11-19T21:48:01",1,True
"Read, Chris_2025-11-19T21:48:01",0,True
"Barton, Tabatha_2025-11-19T21:48:01",0,False
"Caruth, Joanna_2025-11-19T21:48:01",0,False
"Warnke, Ursula_2025-11-19T21:48:01",0,False
"Clausen, Jane Jark_2025-11-19T21:48:01",0,False
"Richardson, Andrew_2025-11-19T21:48:01",1,True
"Popescu, Elizabeth_2025-11-19T21:17:37",1,True
"Golubchikov, Yuri N._2025-11-19T21:48:01",0,False
"Sevastyanov, Dmitry V._2025-11-19T21:48:01",0,False
"Казарницкий, А.А._2025-11-19T21:48:02",0,False
"Строков, А.А._2025-11-19T21:48:02",0,False
Zeleneev YuA._2025-11-19T21:48:02,0,False
Nedashkovsky L.F._2025-11-19T21:48:02,1,True
Fedin A.V._2025-11-19T21:48:02,0,False
SHAHBAN KHAPIZOV_2025-11-19T21:48:03,0,False
MAGOMED SHEYKHMAGOMEDOV_2025-11-19T21:48:03,0,False
Kamilla B. Kalinina_2025-11-19T21:48:03,0,False
Nikolai N. Nikolaev_2025-11-19T21:48:03,0,False
Marina V. Michri_2025-11-19T21:48:03,0,False
E. V. Kuleshova_2025-11-19T21:48:03,0,True
"Liard, Florence_2025-11-19T21:48:05",0,True
"Sanders, Guy_2025-11-19T21:48:05",2,True
"Ben Amara, Ayed_2025-11-19T21:48:05",1,True
"Mueller, Noemi_2025-11-19T21:48:05",0,False
"Larsson, Anton_2025-11-19T21:48:05",1,True
"Dury, Jack P R_2025-11-19T21:48:05",0,True
Aisulu D. Iskanderova_2025-11-19T21:48:05,0,False
Munira N. Sultanova_2025-11-19T21:48:05,0,False
"Lenkova, Ekaterina_2025-11-19T21:48:38",0,False
Mustafin Kharis Kh_2025-11-19T21:48:05,0,True
Alborova Irina E._2025-11-19T21:48:05,0,True
Polina A. Artemieva_2025-11-19T21:48:06,0,False
Pablo C. DÍAZ_2025-11-19T21:29:07,0,False
Luis R.  Menéndez-Bueyes_2025-11-19T21:48:06,0,False
America Califano_2025-11-19T21:48:06,0,True
Marco Baiesi_2025-11-19T21:48:06,0,False
Javier Vergara Ciordia_2025-11-19T21:48:06,1,True
Lía Viguria Guerendiáin_2025-11-19T21:48:06,0,True
Fulvio Franchi_2025-11-19T21:48:07,0,True
Barbara Cavalazzi_2025-11-19T21:48:07,1,True
Mary Evans_2025-11-19T21:48:07,0,False
Sevasti Filippidou_2025-11-19T21:48:07,0,False
Ruaraidh Mackay_2025-11-19T21:48:07,0,False
Paolo Malaspina_2025-11-19T21:48:07,0,False
Goitse Mosekiemang_2025-11-19T21:48:07,0,False
Alex Price_2025-11-19T21:48:07,0,False
Veronica Rossi_2025-11-19T21:48:07,0,False
Claus Kropp_2025-11-19T21:48:07,0,False
Frank Trommer_2025-11-19T21:48:07,0,False
Vanessa Töngi_2025-11-19T21:48:07,0,False
Nikolay V. Imenokhoev_2025-11-19T21:48:08,0,False
Denis A. Miyagaschev_2025-11-19T21:48:08,0,False
Yaroslav V. Dikiy_2025-11-19T21:48:08,0,False
"Shulga, D.P._2025-11-19T21:48:08",0,False
"Iushchenko, D.A._2025-11-19T21:48:08",0,False
"Ternov, N.M._2025-11-19T21:48:08",0,False
Juan Cortés López_2025-11-19T21:48:08,0,True
Adygamov R.K._2025-11-19T21:48:09,0,True
Abdurrahman H.H._2025-11-19T21:48:09,0,False
Dagmara Adamska_2025-11-19T21:48:10,1,True
Przemysław Nocuń_2025-11-19T21:48:10,1,True
Tomasz Ratajczak_2025-11-19T21:48:10,1,True
František Záruba_2025-11-19T21:48:10,0,True
"Konshuh, Courtnay_2025-11-19T21:48:11",1,True
"Hao, Hong_2025-11-19T21:48:11",1,True
"Chen, Zikun_2025-11-19T21:48:11",0,True
"Manekin, Charles H._2025-11-19T21:48:11",1,True
"Biesterfeldt, Hans Hinrich_2025-11-19T21:48:11",1,True
"Angelucci, Charles_2025-11-19T21:48:12",1,True
"Meraglia, Simone_2025-11-19T21:48:12",0,True
"Voigtländer, Nico_2025-11-19T21:48:12",0,True
"Tesi, Chiara_2025-11-19T21:48:13",0,True
"Ricci, Stefano_2025-11-19T21:48:13",1,True
"Crezzini, Jacopo_2025-11-19T21:48:13",0,True
"Badino, Paola_2025-11-19T21:48:13",0,True
"Fusco, Roberta_2025-11-19T21:48:13",0,True
"Gorini, Ilaria_2025-11-19T21:48:13",1,True
"Brødholt, Elin T._2025-11-19T21:48:13",0,True
"Gautvik, Kaare M._2025-11-19T21:48:13",0,True
"Günther, Clara-Cecilie_2025-11-19T21:48:13",0,False
"Sjøvold, Torstein_2025-11-19T21:48:13",1,True
"Christophersen, Axel_2025-11-19T21:48:14",0,True
"Rodway, Simon_2025-11-19T21:48:15",1,True
"Lewis, Barry J._2025-11-19T21:48:15",1,True
"Margulan, A.S._2025-11-19T21:48:16",0,False
"Batyrkhan, B.S._2025-11-19T21:48:16",0,False
"Tokmurzayev, B.S._2025-11-19T21:48:16",0,False
"Carannante, Alfredo_2025-11-19T21:48:17",1,True
"Chilardi, Salvatore_2025-11-19T21:48:17",1,True
"Solinas, Francesco_2025-11-19T21:48:17",1,True
"Kulagina, Pavlina_2025-11-19T21:48:18",1,True
"Balseca, Jessica_2025-11-19T21:48:21",0,True
"Patino, Kleber_2025-11-19T21:48:21",0,True
"Chavez, Danilo_2025-11-19T21:48:21",0,True
"Pillet, Elisabeth_2025-11-19T21:48:22",1,True
"Boulanger, Karine_2025-11-19T21:48:22",1,True
"Hérold, Michel_2025-11-19T21:48:22",1,True
"Torre, Stefano Della_2025-11-19T21:48:22",1,True
"Cantini, Lorenzo_2025-11-19T21:48:22",1,True
Łukasz Miechowicz_2025-11-19T21:48:22,0,True
Joanna Piątkowska-Małecka_2025-11-19T21:48:22,1,True
Łukasz Maurycy Stanaszek_2025-11-19T21:48:22,1,True
Jakub Stępnik_2025-11-19T21:48:22,0,True
Yulia A. Salova_2025-11-19T21:48:22,0,True
Nikolay  S.  Myasnikov_2025-11-19T21:48:22,0,True
Salahatdinova Guzel T._2025-11-19T21:48:23,0,False
Liberato De Caro_2025-11-19T21:48:23,0,True
César Barta_2025-11-19T21:48:23,0,False
Giulio Fanti_2025-11-19T21:48:23,0,False
Emilio Matricciani_2025-11-19T21:48:23,1,True
Teresa Sibillano_2025-11-19T21:48:23,0,True
Cinzia Giannini_2025-11-19T21:48:23,0,True
Meltem Akınjy_2025-11-19T21:48:23,0,False
Valiev Renat R._2025-11-19T21:48:23,0,False
Stepanov Rodion A._2025-11-19T21:48:23,0,False
"Dalgaard, Carl-Johan_2025-11-19T21:48:23",0,False
"Kaarsen, Nicolai_2025-11-19T21:48:23",1,True
"Olsson, Ola_2025-11-19T21:48:23",1,True
"Selaya, Pablo_2025-11-19T21:48:23",1,True
"Hillner, Julia_2025-11-19T21:48:25",1,True
"Trnka, Mirek_2025-11-19T21:22:42",0,False
"Torbenson, Max_2025-11-19T21:22:42",0,True
"Baillie, Mike_2025-11-19T21:22:42",1,True
"Barclay, David_2025-11-19T21:22:42",0,True
"Boswijk, Gretel_2025-11-19T21:22:42",0,True
"Christie, Duncan A._2025-11-19T21:22:42",0,False
"Fonti, Patrick_2025-11-19T21:22:42",0,True
"Greaves, Ciara_2025-11-19T21:22:42",0,True
"Hantemirov, Rashit M._2025-11-19T21:22:42",0,True
"Le Quesne, Carlos_2025-11-19T21:48:27",1,True
"Palmer, Jonathan_2025-11-19T21:22:42",0,False
"Qin, Chun_2025-11-19T21:22:42",0,True
"Salzer, Matthew_2025-11-19T21:22:42",0,True
"Villalba, Ricardo_2025-11-19T21:22:42",0,True
"Wiesenberg, Nick_2025-11-19T21:22:42",0,True
"Yang, Bao_2025-11-19T21:22:42",0,False
"Xavier, Sergio Augusto Santos_2025-11-19T21:48:27",0,False
"de Araújo, Francisca Soares_2025-11-19T21:48:27",0,True
"Ledru, Marie Pierre_2025-11-19T21:48:27",1,True
"Smith, R. Scott_2025-11-19T21:48:28",1,True
"Trzaskoma, Stephen M._2025-11-19T21:48:28",2,True
김영철_2025-11-19T21:48:28,2,True
"Kim, Young-Cheol_2025-11-19T21:48:28",1,True
"Bonczarowska, Joanna H_2025-11-19T21:48:28",0,False
"Höke, Benjamin_2025-11-19T21:48:28",1,True
"Schoenenberg, Valerie_2025-11-19T21:48:28",1,True
"Scheschkewitz, Jonathan_2025-11-19T21:48:28",1,True
"Graenert, Gabriele_2025-11-19T21:48:28",1,True
"Krausse, Dirk_2025-11-19T21:48:28",1,True
"Francken, Michael_2025-11-19T21:48:28",1,True
"Shiroukhov, Roman_2025-11-19T21:48:28",0,False
"Baranov, Vyacheslav_2025-11-19T21:48:28",0,False
"Ivakin, Vsevolod_2025-11-19T21:48:28",0,True
"Kozak, Oleksandra_2025-11-19T21:48:28",0,True
"Borysov, Artem_2025-11-19T21:48:28",0,False
"Kienle, Lorenz_2025-11-19T21:48:28",2,True
"Saleem, Khurram_2025-11-19T21:48:28",0,False
"Schuermann, Ulrich_2025-11-19T21:48:28",1,True
"Kozakaitė, Justina_2025-11-19T21:48:28",1,True
"Miliauskienė, Žydrūnė_2025-11-19T21:48:28",0,False
"Beck, Wolfgang_2025-11-19T21:16:55",1,True
"Hellbach, Florian_2025-11-19T21:16:55",0,False
Ellen Kathrine Friis_2025-11-19T21:48:30,0,False
Ragnar Orten Lie_2025-11-19T21:48:30,0,False
"Azevedo, Glaucia Da Costa_2025-11-19T21:48:31",0,True
"Costa, Helder Gomes_2025-11-19T21:48:31",0,True
David Maynard_2025-11-19T21:48:32,0,True
Qoşqar Qoşqarli_2025-11-19T21:48:32,0,False
Nəcəf Müseybli_2025-11-19T21:48:32,0,True
Şamil Nəcəfov_2025-11-19T21:48:32,0,True
Vaqif Əsədov_2025-11-19T21:48:32,0,False
Anar Agalarzadə_2025-11-19T21:48:32,0,True
Dmitriy Kiriçenko_2025-11-19T21:48:32,0,True
Müzəffər Hüseynov_2025-11-19T21:48:32,0,False
Azad Zeynalov_2025-11-19T21:48:32,1,True
Lorenzo Tabarrini_2025-11-19T21:48:32,0,False
Perica Špehar_2025-11-19T21:48:32,0,True
Bojana Zorić_2025-11-19T21:48:32,0,False
"Krishna, Kothagorla_2025-11-19T21:48:32",0,True
"Velu, Deepika Singari_2025-11-19T21:48:32",0,True
"Rukmini Mahalingappa, Deepa_2025-11-19T21:48:32",0,True
"Srivastva, Snigdha_2025-11-19T21:48:32",0,True
"Cray, JJ_2025-11-19T21:48:35",0,False
"Kaun, Susanne_2025-11-19T21:48:36",0,False
"Schulz, Ilektra_2025-11-19T21:48:37",1,True
"Lagonik, Elias_2025-11-19T21:48:37",0,True
"Johnson, Stephen M._2025-11-19T21:48:37",1,True
"Kaňáková, Ludmila_2025-11-19T21:48:37",1,True
"Slámová, Alena_2025-11-19T21:48:37",0,True
"Blair, Lindsay_2025-11-19T21:48:38",1,True
"Blair, Donald_2025-11-19T21:48:38",0,True
"Pittin-Hedon, Marie-Odile_2025-11-19T21:48:38",1,True
"Manfredi, Camille_2025-11-19T21:48:38",1,True
"Hames, Scott_2025-11-19T21:48:38",2,True
"Girsztowt, Aleksandra_2025-11-19T21:48:38",1,True
"Czaja, Roman_2025-11-19T21:48:38",1,True
"Booker, Sparky_2025-11-19T21:48:39",1,True
"Orme, L. C._2025-11-19T21:48:40",0,True
"Lind, E. M._2025-11-19T21:48:40",1,True
"Holm, T. M._2025-11-19T21:48:40",0,False
"Kjellman, S. E._2025-11-19T21:48:40",0,False
"Koinig, K. A._2025-11-19T21:48:40",0,False
"Rosqvist, G. C._2025-11-19T21:48:40",0,False
"Ruppel, M._2025-11-19T21:48:40",0,False
"White, Daniel M._2025-11-19T21:48:40",0,False
"Schilling, Cassandra_2025-11-19T21:48:43",0,False
"Berton, Hugues_2025-11-19T21:48:45",1,True
"Imbert, Christelle_2025-11-19T21:48:45",1,True
Andrzej Brzeg_2025-11-19T21:48:47,0,True
Adam Sobczyński_2025-11-19T21:48:47,0,False
Jancsik B._2025-11-19T21:48:48,0,False
Daniyar T. Tleugabulov_2025-11-19T21:48:48,0,True
Azamat T. Dukombaiev_2025-11-19T21:48:48,0,True
Tatyana V. Brynza_2025-11-19T21:48:48,0,True
Daria-Petruța BRATU_2025-11-19T21:48:48,0,False
Manuela BĂRBĂRIE_2025-11-19T21:48:48,0,True
Anca ALBU_2025-11-19T21:48:48,0,False
Cristian BRAGHINĂ_2025-11-19T21:48:48,0,False
Tamara M. Sadalova_2025-11-19T21:48:49,0,True
Tatuna N. Pashtakova_2025-11-19T21:48:49,0,True
Dragoș Măndescu_2025-11-19T21:48:50,0,False
Ioan-Andi Pițigoi_2025-11-19T21:48:50,0,False
Ionel-Codruț Florea_2025-11-19T21:48:50,0,False
Lucrezia Masci_2025-11-19T21:48:50,0,True
Cristiano Vignola_2025-11-19T21:48:50,0,False
Georgios C. Liakopoulos_2025-11-19T21:48:50,0,False
Olga Koukousioura_2025-11-19T21:48:50,0,True
Elina Aidona_2025-11-19T21:48:50,0,False
Konstantinos Vouvalidis_2025-11-19T21:48:50,0,False
Alessia Masi_2025-11-19T21:48:50,0,True
Liora Bigon_2025-11-19T21:48:50,2,True
Edna Langenthal_2025-11-19T21:48:50,1,True
"Townsend, Keith_2025-12-29T18:21:11",0,True
"Bos-Nehles, Anna_2025-12-29T18:21:11",0,True
"Jiang, Kaifeng_2025-12-29T18:21:22",1,True
"Weisz, Attila_2025-11-19T21:22:42",0,True
"Kovács, Zsolt_2025-11-19T21:22:42",1,True
"Hagan, Richard_2025-11-19T21:17:37",0,True
"Christensen, Tom_2025-11-19T21:48:55",1,True
윤희윤_2025-11-19T21:48:58,0,False
Hee-Yoon Yoon_2025-11-19T21:48:58,0,False
"Thomann, Aminte_2025-11-19T21:48:59",1,True
"Adrian, Yves-Marie_2025-11-19T21:48:59",1,True
María José Ortúzar Escudero_2025-11-19T21:49:04,0,False
Luis Vicente Clemente Quijada_2025-11-19T21:49:04,0,False
"Allemeersch, Luc_2025-11-19T21:49:10",0,True
"Debonne, Vincent_2025-11-19T21:49:10",1,True
"Remmen, Martijn_2025-11-19T21:49:10",0,True
"Robustova, E.V._2025-11-27T19:23:45",0,True
"Liukina, N.M._2025-11-27T19:23:45",0,True
Kuklina Anna A._2025-11-19T21:49:17,0,False
Andrushkevich Oleg Yu_2025-11-19T21:49:17,0,False
Bakhmatova Vera N._2025-11-19T21:49:18,0,False
Berezina Natalia S._2025-11-19T21:49:20,0,False
Berezin Aleksandr Yu_2025-11-19T21:49:20,0,False
Mikhailov Evgenii P._2025-11-19T21:49:20,0,False
Khamzin Radion N._2025-11-19T21:49:20,0,False
"Syrovatko, Alexander_2025-11-19T21:49:51",0,False
"WIELGUS, STANISŁAW_2025-11-19T21:50:05",1,True
"Grondelski, John M._2025-11-19T21:50:05",1,True
"Ní Cheallacháin, Muireann_2025-11-19T21:50:39",0,False
"Myzgin, Kyrylo_2025-11-19T21:51:04",1,True
"Rodinkova, Vlasta_2025-11-19T21:51:04",0,False
"Crozier, Rebecca_2026-01-14T21:58:55",2,True
"Cameron, Alison_2026-01-14T21:59:00",1,True
"Mann, Bruce_2026-01-14T21:59:01",0,False
"Ashcroft, Elizabeth_2026-01-14T21:59:02",0,False
"Wood, Rachel_2026-01-14T21:59:03",0,True
"Aunay, Céline_2026-01-14T22:00:19",1,True
"Guérit, Magalie_2026-01-14T22:00:20",1,True
"Motteau, James_2026-01-14T22:00:21",0,True
"Hernández López, Adday_2026-01-14T22:04:04",1,True
"Dönmez, Emel Oybak_2026-01-15T09:04:17",0,True
"Ocakoğlu, Faruk_2026-01-15T09:04:19",0,True
"Akbulut, Aydın_2026-01-15T09:04:20",0,False
"Tunoğlu, Cemal_2026-01-15T09:04:21",0,True
"Gümüş, Burçin Aşkım_2026-01-15T09:04:22",0,False
"Tuncer, Alaettin_2026-01-15T09:04:23",0,True
"Görüm, Tolga_2026-01-15T09:04:25",0,True
"Tün, Muammer_2026-01-15T09:04:26",0,False
"Fazzi, Elisa_2026-01-15T09:04:35",1,True
"Accorsi, Patrizia_2026-01-15T09:04:37",0,False
"Micheletti, Serena_2026-01-15T09:04:38",0,False
"Calza, Stefano_2026-01-15T09:04:39",0,True
"Merabet, Lotfi_2026-01-15T09:04:40",0,True
"Rossi, Andrea_2026-01-15T09:04:41",1,True
"Galli, Jessica_2026-01-15T09:04:42",0,False
"Alessandrini, Anna_2026-01-15T09:04:43",1,True
"Bertoletti, Alice_2026-01-15T09:04:44",0,False
"Campostrini, Elena_2026-01-15T09:04:45",0,False
"D'Adda, Nicole_2026-01-15T09:04:47",0,False
"Franzoni, Alessandra_2026-01-15T09:04:48",0,False
"Fumagalli, Elisa_2026-01-15T09:04:49",0,False
"Grassi Scalvini, Erica_2026-01-15T09:04:50",0,False
"Martelli, Paola_2026-01-15T09:04:52",0,False
"Marras, Melissa_2026-01-15T09:04:53",0,False
"Molinaro, Anna_2026-01-15T09:04:54",0,False
"Motta, Mario_2026-01-15T09:04:55",0,True
"Pasini, Nadia_2026-01-15T09:04:56",0,False
"Pinelli, Lorenzo_2026-01-15T09:04:57",1,True
"Semeraro, Francesco_2026-01-15T09:04:59",0,True
"Alexander, Craig_2026-01-15T09:05:09",1,True
"José Gil, María_2026-01-15T09:05:31",0,False
"Chen, Ziang_2026-01-15T09:05:46",1,True
"Ruiz, Juan F._2026-01-15T09:05:57",0,True
"Royo-Lasarte, José_2026-01-15T09:05:58",1,True
"Royo-Guillén, José Ignacio_2026-01-15T09:05:59",1,True
"Rivero, Olivia_2026-01-15T09:06:00",1,True
"Hobbs, Richard_2026-01-15T09:06:01",1,True
"Perucchetti, Laura_2026-01-15T09:06:03",1,True
"Pedreira-Robles, Guillermo_2025-11-19T21:15:35",0,True
"Bach-Pascual, Anna_2025-11-19T21:15:35",0,False
"Collado-Nieto, Silvia_2025-11-19T21:15:35",0,True
"Padilla, Eduardo_2025-11-19T21:15:35",0,True
"Burballa, Carla_2025-11-19T21:15:35",0,True
"Arias-Cabrales, Carlos_2025-11-19T21:15:35",0,True
"Redondo-Pachón, Dolores_2025-11-19T21:15:35",0,False
"Sánchez, Francisca_2025-11-19T21:15:35",0,True
"Horcajada, Juan Pablo_2025-11-19T21:17:38",0,False
"Pascual, Julio_2025-11-19T21:15:35",0,False
"Crespo, Marta_2025-11-19T21:15:35",0,False
"Villar-García, Judit_2025-11-19T21:15:35",0,True
"Pérez-Sáez, María José_2025-11-19T21:15:35",0,True
"Cappelle, Kaat_2025-11-19T21:15:45",0,False
"Van Gelder, Klaas_2025-11-19T21:15:45",1,True
"Zimbalist, Barbara_2025-11-19T21:15:45",1,True
"Mendez-Millan, Mercedes_2025-11-19T21:15:47",0,False
"Turcq, Bruno_2025-11-19T21:15:47",1,True
"Bernal, Juan Pablo_2025-11-19T21:15:47",0,False
"Karykowska, Aleksandra_2025-11-19T21:15:48",1,True
"Konczewski, Paweł_2025-11-19T21:15:48",1,True
"Witan, Joanna_2025-11-19T21:15:48",1,True
"Lisowska-Gaczorek, Aleksandra_2025-11-19T21:15:48",1,True
"Eichert, Stefan_2025-11-19T21:15:48",1,True
"Nosek, Vojtěch_2025-11-19T21:15:48",1,True
"Pernicka, Ernst_2025-11-19T21:15:48",2,True
"Sayers, William_2025-11-19T21:15:49",1,True
"Dittmar, Jenna_2025-11-19T21:15:49",0,True
"Rose, Alice K._2025-11-19T21:16:14",0,True
"Mulder, Bram_2025-11-19T21:15:49",0,True
"Hui, Ruoyun_2025-11-19T21:15:49",0,True
"Price, Mary_2025-11-19T21:15:49",1,True
"Stock, Jay_2025-11-19T21:15:49",1,True
"Löfving, Axel_2025-11-19T21:15:49",1,True
"Heimdahl, Jens_2025-11-19T21:15:49",1,True
"Mathur, Ryan_2025-11-19T21:15:50",0,True
"Powell, Wayne_2025-11-19T21:15:50",0,False
"Błoński, Mariusz_2025-11-19T21:15:50",1,True
"Żołędziowski, Karol_2025-11-19T21:15:50",0,True
"Jagodziński, Marek_2025-11-19T21:15:50",1,True
"Kamenov, George_2025-11-19T21:15:50",0,True
"Gullåsen, Hildegunn_2025-11-19T21:15:51",1,True
"Bebchuk, Tatiana_2025-11-19T21:15:51",0,True
"Pike, Joshua H._2025-11-19T21:15:51",0,True
"Friedrich, Ronny_2025-11-19T21:15:51",1,True
"Arosio, Tito_2025-11-19T21:15:51",0,False
"Gibbard, Philip_2025-11-19T21:15:51",0,True
"Olalde, Iñigo_2025-11-19T21:15:52",1,True
"Carrión, Pablo_2025-11-19T21:15:52",1,True
"Mallick, Swapan_2025-11-19T21:15:52",0,True
"Mah, Matthew_2025-11-19T21:15:52",0,False
"Korać, Miomir_2025-11-19T21:15:52",1,True
"Golubović, Snežana_2025-11-19T21:15:52",1,True
"Alihodžić, Timka_2025-11-19T21:15:52",0,True
"Ash, Abigail_2025-11-19T21:15:52",0,False
"Baeta, Miriam_2025-11-19T21:15:52",0,True
"Bartík, Juraj_2025-11-19T21:15:52",1,True
"Bilić, Maja_2025-11-19T21:15:52",0,True
"Bunčić, Maja_2025-11-19T21:15:52",1,True
"Bužanić, Domagoj_2025-11-19T21:15:52",0,False
"Čataj, Lea_2025-11-19T21:15:52",0,True
"Cvetko, Mirna_2025-11-19T21:15:52",1,True
"Drnić, Ivan_2025-11-19T21:15:52",1,True
"Đukić, Ana_2025-11-19T21:15:52",1,True
"Farkaš, Zdeněk_2025-11-19T21:15:52",1,True
"Jelínek, Pavol_2025-11-19T21:15:52",0,False
"Jovanovic, Marija_2025-11-19T21:15:52",1,True
"Kaić, Iva_2025-11-19T21:15:52",1,True
"Kalafatić, Hrvoje_2025-11-19T21:15:52",0,False
"Krmpotić, Marijana_2025-11-19T21:15:52",0,True
"Krznar, Siniša_2025-11-19T21:15:52",1,True
"Leleković, Tino_2025-11-19T21:15:52",0,False
"Matijević, Vinka_2025-11-19T21:15:52",0,True
"Milošević Zakić, Branka_2025-11-19T21:15:52",0,False
"Osterholtz, Anna J._2025-11-19T21:15:52",1,True
"Paige, Julianne M._2025-11-19T21:15:52",0,False
"Tresić Pavičić, Dinko_2025-11-19T21:15:52",0,False
"Paraman, Lujana_2025-11-19T21:15:52",0,False
"Sanader, Mirjana_2025-11-19T21:15:52",1,True
"Radovanović, Ivana_2025-11-19T21:15:52",1,True
"Roksandic, Mirjana_2025-11-19T21:15:52",1,True
"Brughmans, Tom_2025-11-19T21:15:53",2,True
"Mills, Barbara J._2025-11-19T21:15:53",1,True
"Munson, Jessica_2025-11-19T21:15:53",1,True
"Herzog, Irmela_2025-11-19T21:15:53",1,True
"Mullen, Alex_2025-11-19T21:15:54",1,True
"Dubină, Dan_2025-11-19T21:15:55",1,True
"Dinu, Florea_2025-11-19T21:15:55",0,True
"Văcăreanu, Radu_2025-11-19T21:15:55",1,True
"Oulmas, Mohand_2025-11-19T21:15:56",0,True
"Abdessemed-Foufa, Amina_2025-11-19T21:15:56",0,True
"Avilés, Angel Benigno Gonzalez_2025-11-19T21:15:56",0,True
"Conesa, José Ignacio Pagán_2025-11-19T21:15:56",0,True
"Edvinsson, Rodney_2025-11-19T21:15:56",1,True
"Svensson, Roger_2025-11-19T21:15:56",1,True
"Bajnóczi, Bernadett_2025-11-19T21:15:57",0,True
"Bollók, Ádám_2025-11-19T21:15:57",1,True
"Tóth, Ágnes B._2025-11-19T21:15:57",0,True
"Wilhelm, Gábor_2025-11-19T21:15:57",0,True
"Tóth, Zsuzsanna_2025-11-19T21:15:57",0,False
"Byrne, Philippa_2025-11-19T21:15:57",1,True
"Ellis, Caitlin_2025-11-19T21:15:57",1,True
"Korzhenkov, A. M._2025-11-19T21:15:59",0,False
"Amanbaeva, B. E._2025-11-19T21:15:59",0,False
"Anarbaev, A._2025-11-19T21:15:59",0,False
"Ibadullaev, H._2025-11-19T21:15:59",0,False
"Korzhenkova, L. A._2025-11-19T21:15:59",0,False
"Pardaev, M._2025-11-19T21:15:59",0,False
"Strelnikov, A. A._2025-11-19T21:15:59",0,False
"Williams, J._2025-11-19T21:15:59",0,False
"Fortuna, A. B._2025-11-19T21:15:59",0,False
"Rozmus, Dariusz_2025-11-19T21:15:59",1,True
"Siuda, Rafał_2025-11-19T21:15:59",1,True
"Oleszak, Dariusz_2025-11-19T21:15:59",1,True
"Klimaszewski, Jan_2025-11-19T21:15:59",1,True
"Taflı Düzgün, Hülya_2025-11-19T21:16:00",0,True
"Arslan, Tuba_2025-11-19T21:16:00",0,True
"Jančar, Mojca_2025-11-19T21:16:06",0,True
"Ravnik, Mateja_2025-11-19T21:16:06",1,True
"Morcom, Thomas_2025-11-19T21:16:06",0,False
"Gittos, Helen_2025-11-19T21:16:06",1,True
"Sarkar, Anindya_2025-11-19T21:16:11",0,False
"Sengupta, Torsa_2025-11-19T21:16:11",0,True
"Ambekar, Abhijit_2025-11-19T21:16:11",1,True
"Bhushan, Ravi_2025-11-19T21:16:11",0,True
"Dimri, A.P._2025-11-19T21:16:11",0,False
"Deshpande-Mukherjee, Arati_2025-11-19T21:16:11",0,True
"Sharma, Aka_2025-11-19T21:16:11",0,False
"Liang, Mao-Chang_2025-11-19T21:16:11",0,False
"Jena, Partha Sarathi_2025-11-19T21:16:11",0,False
"Chakraborty, Ananya_2025-11-19T21:16:11",0,True
"Sanyal, Prashanta_2025-11-19T21:16:11",0,False
"Dabhi, Ankur_2025-11-19T21:16:11",0,True
"Juyal, Navin_2025-11-19T21:16:11",0,False
"Collet, Dominik_2025-11-19T21:16:11",1,True
"Spangen, Marte_2025-11-19T21:16:12",1,True
"Henriksen, Jørn E._2025-11-19T21:16:12",0,False
"Lislevand, Terje_2025-11-19T21:16:14",1,True
"Hickey, Raymond_2025-11-19T21:16:14",1,True
"Ronan, Patricia_2025-11-19T21:16:14",2,True
"Biagini, Simone A._2025-11-19T21:16:14",0,True
"Wohns, Anthony Wilder_2025-11-19T21:16:33",0,True
"Ali, Muhammad Q.A._2025-11-19T21:16:14",0,False
"Griffith, Samuel J._2025-11-19T21:16:14",0,True
"Niinemäe, Helja_2025-11-19T21:16:14",0,False
"Ge, Xiangyu Jack_2025-11-19T21:16:14",0,False
"Beneker, Owyn_2025-11-19T21:16:14",0,True
"Ortega-Ruiz, Ricardo_2025-11-19T21:16:14",0,True
"Merlo Martín, Cristina_2025-11-19T21:16:14",0,False
"Leggio, Alessia_2025-11-19T21:16:14",0,False
"Botella Ortega, Daniel_2025-11-19T21:16:14",0,False
"Holmén, Janne_2025-11-19T21:16:15",1,True
"Ringarp, Johanna_2025-11-19T21:16:15",1,True
"Frese, Tobias_2025-11-19T21:16:18",1,True
"Horstmann, Lisa_2025-11-19T21:16:18",1,True
"Wenig, Franziska_2025-11-19T21:16:18",1,True
"Barr, Jessica_2025-11-19T21:16:18",1,True
"Barratt, Alexandra_2025-11-19T21:16:18",1,True
"Cooper-Rompato, Christine_2025-11-19T21:16:18",1,True
"Olson, Sherri_2025-11-19T21:16:18",0,True
"Weber, Raimund J._2025-11-19T21:16:19",1,True
"Frauenstaedt, Paul_2025-11-19T21:16:19",0,False
"Díez-Herrero, A._2025-11-19T21:16:19",0,True
"Mateos, R.M._2025-11-19T21:16:19",0,False
"Vázquez-Tarrío, D._2025-11-19T21:16:19",1,True
"López-Marcos, A._2025-11-19T21:16:19",0,True
"Brao-González, F.J._2025-11-19T21:16:19",0,False
"Langkilde, Jesper_2025-11-19T21:16:22",0,False
"Gullbrandsson, Robin_2025-11-19T21:16:23",1,True
"Hallgren, Mattias_2025-11-19T21:16:23",1,True
"Melin, Karl-Magnus_2025-11-19T21:16:23",1,True
"González de la Cal, José Ramón_2025-11-19T21:16:25",0,False
"Eniosova, Natalya V._2025-11-19T21:16:26",0,False
"Lubkova, Tatyana N._2025-11-19T21:16:26",0,False
"Mitoyan, Robert A._2025-11-19T21:16:26",1,True
"Singh, Viktor K._2025-11-19T21:16:26",0,False
Tretyakov Evgeny A._2025-11-19T21:16:27,0,False
Vesna Tratnik_2025-11-19T21:16:28,0,False
Vorotyntsev L.V._2025-11-19T21:16:29,0,True
Galimov T.R._2025-11-19T21:16:29,0,True
Svetlana B. Adarsina_2025-11-19T21:16:29,0,False
Victor L. Myts_2025-11-19T21:17:08,0,False
Filipovych Maryna_2025-11-19T21:16:31,0,False
Dubrovina Liubov_2025-11-19T21:16:31,0,False
Svetlana V. Suslova_2025-11-19T21:16:31,0,False
Larisa N. Donina_2025-11-19T21:16:31,0,False
"Nagy, Balázs_2025-11-19T21:46:07",1,True
János B. Szabó_2025-11-19T21:16:31,0,True
"Uhrin, Dorottya_2025-11-19T21:50:05",0,True
Heidi Albertinesdatter Haugene_2025-11-19T21:16:31,0,False
Dzhagrunov Sanal V._2025-11-19T21:16:57,0,True
Aleksey А. Buluktaev_2025-11-19T21:16:32,0,True
Bair S. Namysov_2025-11-19T21:16:32,0,True
Dayana I. Matsakova_2025-11-19T21:16:32,0,True
Vasilij  T.  Sajanov_2025-11-19T21:16:32,0,True
Altana B. Adyanova_2025-11-19T21:16:32,0,True
"Thompson, Jess E._2025-11-19T21:16:33",0,True
"Bartz, Wojciech_2025-11-19T21:16:33",1,True
"Łukaszewicz, Jadwiga_2025-11-19T21:16:33",1,True
"Witkowska, Karolina_2025-11-19T21:16:33",1,True
"Estella, Ángel_2025-11-19T21:16:34",0,True
"Lagares, Carolina_2025-11-19T21:16:34",0,False
"Furones, María José_2025-11-19T21:16:34",0,False
"Martínez López, Pilar_2025-11-19T21:16:34",0,False
"Lázaro Martín, Noelia Isabel_2025-11-19T21:16:34",0,False
"Estebánez, Belén_2025-11-19T21:16:34",0,False
"Gómez García, Jose Manuel_2025-11-19T21:16:34",0,False
"Rubio, Olga_2025-11-19T21:16:34",0,False
"Vidal Tejedor, Bárbara_2025-11-19T21:16:34",0,False
"Galarza, Laura_2025-11-19T21:16:34",0,True
"Palomo Navarro, Manuel_2025-11-19T21:16:34",0,False
"López Camps, Vicent_2025-11-19T21:16:34",0,False
"Martín, Mari Cruz_2025-11-19T21:16:34",0,False
"Montejo, Juan Carlos_2025-11-19T21:16:34",0,False
"Avidan, Alexander_2025-11-19T21:16:34",0,False
"Sprung, Charles_2025-11-19T21:16:34",2,True
"Alvarez Lopez, Alvaro_2025-11-19T21:16:34",0,True
"Valladares, Julian_2025-11-19T21:16:34",0,True
"Rodriguez Sabillon, Jorge Alberto_2025-11-19T21:16:34",0,True
"Lopez Gomez, Juan_2025-11-19T21:16:34",0,True
"Zádorová, Tereza_2025-11-19T21:16:34",1,True
"Penížek, Vít_2025-11-19T21:16:34",1,True
"Koubová, Magdaléna_2025-11-19T21:16:34",1,True
"Lisá, Lenka_2025-11-19T21:16:34",1,True
"Světlík, Ivo_2025-11-19T21:16:34",1,True
"Pavlů, Lenka_2025-11-19T21:16:34",1,True
"Žížala, Daniel_2025-11-19T21:16:34",0,True
"Tejnecký, Václav_2025-11-19T21:16:34",1,True
"Drábek, Ondřej_2025-11-19T21:16:34",0,True
"Kodešová, Radka_2025-11-19T21:16:34",0,True
"Němeček, Karel_2025-11-19T21:16:34",1,True
"Vokurková, Petra_2025-11-19T21:16:34",0,False
"Vaněk, Aleš_2025-11-19T21:16:34",1,True
"Moska, Piotr_2025-11-19T21:16:34",0,False
"Milosavljević, Monika_2025-11-19T21:22:24",0,True
"Ilijić, Bojana_2025-11-19T21:22:58",0,True
Smertin Andrey R._2025-11-19T21:16:35,0,False
Aurika Serubayeva_2025-11-19T21:16:36,0,False
Tengesh Kalenova_2025-11-19T21:16:36,0,False
Frank Buschmann_2025-11-19T21:16:37,1,True
Aron Fink_2025-11-19T21:16:37,0,True
Zamaletdinov R.R._2025-11-19T21:16:37,1,True
Khabutdinova M.M._2025-11-19T21:16:37,0,True
"MacRoberts, Rebecca Anne_2025-11-19T21:16:37",0,True
"Liberato, Marco_2025-11-19T21:16:37",1,True
"Roca-Rada, Xavier_2025-11-19T21:16:37",0,True
"Valente, Maria João_2025-11-19T21:16:37",1,True
"Relvado, Claudia_2025-11-19T21:16:37",0,False
"Matos Fernandes, Teresa_2025-11-19T21:16:37",0,False
"Vasconcelos Vilar, Hermínia_2025-11-19T21:16:37",1,True
"Ribeiro, Sara_2025-11-19T21:16:37",1,True
"Santos, José Francisco_2025-11-19T21:16:37",2,True
"Teixeira, João C_2025-11-19T21:16:37",0,False
"Marrocchino, Elena_2025-11-19T21:16:38",1,True
"Telloli, Chiara_2025-11-19T21:16:38",0,False
"Gulinelli, Maria Teresa_2025-11-19T21:16:38",1,True
"Guarnieri, Chiara_2025-11-19T21:16:38",1,True
"Kázmér, Miklós_2025-11-19T21:16:38",1,True
"Al-Tawalbeh, Mohammad_2025-11-19T21:16:38",0,False
"Gaidzik, Krzysztof_2025-11-19T21:16:38",0,False
"Sheykh al-Hokamaee, Emad al-Din_2025-11-19T21:16:38",0,False
"Parmeggiani, Antonella_2025-11-19T21:16:39",1,True
"Gislon Dopfel, Costanza_2025-11-19T21:16:39",2,True
"Gonçalves, F. L. T._2025-11-19T21:16:39",0,False
"Trindade, R. I. F._2025-11-19T21:16:39",0,False
"Mendes, A. P. E._2025-11-19T21:16:39",0,False
"Do Carmo, J. A._2025-11-19T21:16:39",0,False
"Jaqueto, P. F._2025-11-19T21:16:39",0,False
"Morris, C. E._2025-11-19T21:16:39",0,False
"Doherty, Sean_2025-11-19T21:16:39",0,True
"Gray, Howard W. I._2025-11-19T21:16:39",0,False
"Daujat, Julie_2025-11-19T21:16:39",0,True
"Çakırlar, Canan_2025-11-19T21:16:39",1,True
"Spassov, Nikolai_2025-11-19T21:16:39",0,True
"Trantalidou, Katerina_2025-11-19T21:16:39",0,True
"Ameen, Carly_2025-11-19T21:16:39",1,True
"Atici, Levent_2025-11-19T21:16:39",1,True
"Baker, Polydora_2025-11-19T21:16:39",0,False
"Benkert, Helene_2025-11-19T21:16:39",1,True
"Bendrey, Robin_2025-11-19T21:16:39",1,True
"Binois-Roman, Annelise_2025-11-19T21:16:39",1,True
"Curci, Antonio_2025-11-19T21:16:39",0,True
"De Cupere, Bea_2025-11-19T21:16:39",1,True
"Genies, Chloé_2025-11-19T21:16:39",0,True
"Kunst, Günther K._2025-11-19T21:16:39",0,False
"Liddiard, Robert_2025-11-19T21:16:39",1,True
"Perdikaris, Sophia_2025-11-19T21:16:39",1,True
"Sadler, Peta_2025-11-19T21:16:39",0,False
"Sicard, Sandra_2025-11-19T21:16:39",0,True
"Strid, Lena_2025-11-19T21:16:39",0,True
"Sudds, Jack_2025-11-19T21:16:39",0,False
"Symmons, Robert_2025-11-19T21:16:39",0,False
"Tardio, Katie_2025-11-19T21:16:39",0,False
"Valenzuela, Alejandro_2025-11-19T21:16:39",0,False
"van Veen, Monique_2025-11-19T21:16:39",0,True
"Vuković, Sonja_2025-11-19T21:16:39",1,True
"Weinstock, Jaco_2025-11-19T21:16:39",0,True
"Wilson, Roger J. A._2025-11-19T21:16:39",1,True
"Temmerman, Thijs_2025-11-19T21:16:41",0,False
"Deploige, Jeroen_2025-11-19T21:16:41",1,True
"Scott, Andrew C_2025-11-19T21:16:41",1,True
"Allkin, Robert_2025-11-19T21:16:41",1,True
"Gan, Peretz_2025-11-19T21:16:41",1,True
"Lardos, Andreas_2025-11-19T21:16:41",1,True
"Lazarou, Rebecca_2025-11-19T21:16:41",1,True
"Lev, Efraim_2025-11-19T21:16:41",1,True
"Nesbitt, Mark_2025-11-19T21:16:41",1,True
"Patmore, Kristina_2025-11-19T21:16:41",1,True
"Quade, Leslie_2025-11-19T21:16:44",0,True
"Sevillano, Laia_2025-11-19T21:16:44",0,True
"Gaudio, Daniel_2025-11-19T21:16:44",0,True
"Buynevich, I._2025-11-19T21:16:45",0,True
"Bitinas, A._2025-11-19T21:16:45",0,True
"Pupienis, D._2025-11-19T21:16:45",0,True
"Kershaw, Jane_2025-11-19T21:16:45",2,True
"Merkel, Stephen W._2025-11-19T21:16:45",1,True
"D'Imporzano, Paolo_2025-11-19T21:16:45",0,True
"Tinguely, Christel_2025-11-19T21:16:45",0,False
"Le Roux, Petrus_2025-11-19T21:16:45",0,True
"Valoriani, Satu_2025-11-19T21:16:46",0,True
"Irish, Joel D._2025-11-19T21:16:46",1,True
"King, Megan_2025-11-19T21:16:46",1,True
"Borrini, Matteo_2025-11-19T21:16:46",0,True
О. Юрчук_2025-11-19T21:16:46,0,False
Ю. Ткачук_2025-11-19T21:16:46,0,False
Graeme Dunphy_2025-11-19T21:16:47,1,True
Isabel Barros Dias_2025-11-19T21:16:47,1,True
Constantino Manuel Torres_2025-11-19T21:16:48,0,False
José Berenguer R._2025-11-19T21:16:48,0,False
"Hare, Andrew J._2025-11-19T21:16:49",0,True
"Lin, Audrey T._2025-11-19T21:16:49",0,True
"Dimopoulos, Evangelos A._2025-11-19T21:16:49",0,True
"Geiger, Sheila_2025-11-19T21:16:49",1,True
"Mullin, Victoria E._2025-11-19T21:16:49",0,True
"Wiechmann, Ingrid_2025-11-19T21:16:49",0,False
"Lühken, Gesine_2025-11-19T21:16:49",1,True
"Zinovieva, Natalia A._2025-11-19T21:16:49",0,True
"Zidarov, Peter_2025-11-19T21:18:18",0,True
"Stoddart, Simon_2025-11-19T21:16:49",1,True
"Mashkour, Marjan_2025-11-19T21:16:49",2,True
"Sauer, Eberhard W._2025-11-19T21:16:49",1,True
"Horejs, Barbara_2025-11-19T21:16:49",1,True
"Özkaya, Vecihi_2025-11-19T21:16:49",1,True
"Mullville, Jacqui_2025-11-19T21:16:49",1,True
"Parker Pearson, Michael_2025-11-19T21:16:49",1,True
"Brown, Lisa_2025-11-19T21:16:49",1,True
"Sharples, Niall_2025-11-19T21:16:49",1,True
"Allen, David_2025-11-19T21:16:49",1,True
"Arbuckle, Benjamin_2025-11-19T21:16:49",1,True
"Abell, Jordan T._2025-11-19T21:16:49",0,True
"Duru, Güneş_2025-11-19T21:16:49",1,True
"Mentzer, Susan M._2025-11-19T21:16:49",0,True
"Munro, Natalie D._2025-11-19T21:16:49",0,True
"Uzdurum, Melis_2025-11-19T21:16:49",0,True
"Gülçur, Sevil_2025-11-19T21:16:49",1,True
"Buitenhuis, Hijlke_2025-11-19T21:16:49",1,True
"Gladyr, Elena_2025-11-19T21:16:49",0,True
"Pöllath, Nadja_2025-11-19T21:16:49",1,True
"Özbaşaran, Mihriban_2025-11-19T21:16:49",1,True
"Krebs, Stefan_2025-11-19T21:16:49",1,True
"Medugorac, Ivica_2025-11-19T21:16:49",1,True
"Massa, Francesco_2025-11-19T21:16:50",3,True
"Samu, Levente_2025-11-19T21:16:50",1,True
"Zlámalová, Denisa_2025-11-19T21:16:50",0,False
"Traverso, Luca_2025-11-19T21:16:50",0,False
"Liccardo, Salvatore_2025-11-19T21:16:50",1,True
"Wabnitz, Sandra_2025-11-19T21:16:50",1,True
"Popli, Divyaratan_2025-11-19T21:16:50",1,True
"Wang, Ke_2025-11-19T21:16:50",0,False
"Mácsai, Viktor_2025-11-19T21:16:50",0,False
"Colleran, Heidi_2025-11-19T21:16:50",1,True
"Anthony, David_2025-11-19T21:16:51",1,True
"Fournier, Romain_2025-11-19T21:16:51",0,True
"Ringbauer, Harald_2025-11-19T21:16:51",1,True
"Shishlina, Natalia I._2025-11-19T21:16:51",2,True
"Ailincăi, Sorin C._2025-11-19T21:16:51",0,True
"Agapov, Danila S._2025-11-19T21:16:51",0,True
"Agapov, Sergey A._2025-11-19T21:16:51",0,False
"Bauyrzhan, Baitanayev_2025-11-19T21:16:51",0,False
"Changmai, Piya_2025-11-19T21:16:51",0,True
"Csányi, Marietta_2025-11-19T21:16:51",0,False
"Dashkovskiy, Peter K._2025-11-19T21:16:51",0,True
"Faifert, Anatoly_2025-11-19T21:16:51",0,False
"Flegontov, Pavel N._2025-11-19T21:16:51",0,True
"Frînculeasa, Alin_2025-11-19T21:16:51",0,False
"Frînculeasa, Mădălina N._2025-11-19T21:16:51",1,True
"Higham, Tom_2025-11-19T21:16:51",1,True
"Jarosz, Paweł_2025-11-19T21:16:51",1,True
"Kirginekov, Eduard N._2025-11-19T21:16:51",0,False
"Kiss, Viktória_2025-11-19T21:16:51",1,True
"Kitova, Alexandera_2025-11-19T21:16:51",0,True
"Kiyashko, Alexeiy V._2025-11-19T21:16:51",0,False
"Koledin, Jovan_2025-11-19T21:16:51",0,False
"Korolev, Arkady_2025-11-19T21:16:51",0,False
"Kulcsár, Gabriella_2025-11-19T21:16:51",1,True
"Kuznetsov, Pavel_2025-11-19T21:16:51",1,True
"Magomedov, Rabadan_2025-11-19T21:16:51",0,True
"Malikovich, Mamedov Aslan_2025-11-19T21:16:51",0,False
"Melis, Eszter_2025-11-19T21:16:51",0,True
"Monge, Janet_2025-11-19T21:16:51",1,True
"Negrea, Octav_2025-11-19T21:16:51",0,False
"Pedergnana, Antonella_2025-11-19T21:16:51",1,True
"Huber, Renata_2025-11-19T21:16:51",1,True
"Milne, Sarah_2025-11-19T21:16:56",1,True
"Slotten, Chelsi_2025-11-19T21:16:56",0,True
Ovsyannikov Vladimir V._2025-11-19T21:16:57,0,False
Ruslanov Evgeny V._2025-11-19T21:16:57,0,False
Khurmaev Anvar A._2025-11-19T21:16:57,0,False
Carli Peters_2025-11-19T21:16:57,0,True
Kristine K. Richter_2025-11-19T21:16:57,0,True
Shevan Wilkin_2025-11-19T21:16:57,1,True
"Stark, Sören_2025-11-19T21:16:48",0,False
"Mir-Makhamad, Basira_2025-11-19T21:16:48",0,True
Ricardo Fernandes_2025-11-19T21:16:57,0,False
Farhod Maksudov_2025-11-19T21:16:57,0,False
"Mirzaakhmedov, Sirojidin_2025-11-19T21:16:48",0,False
"Rahmonov, Husniddin_2025-11-19T21:16:48",0,False
Stefanie Schirmer_2025-11-19T21:16:57,1,True
Kseniia Ashastina_2025-11-19T21:16:57,0,False
Alisher Begmatov_2025-11-19T21:16:57,0,False
Michael Frachetti_2025-11-19T21:16:57,0,True
Sharof Kurbanov_2025-11-19T21:16:57,0,False
Michael Shenkar_2025-11-19T21:16:57,0,False
Taylor Hermes_2025-11-19T21:16:57,1,True
Fiona Kidd_2025-11-19T21:16:57,0,False
Andrey Omelchenko_2025-11-19T21:16:57,0,False
Barbara Huber_2025-11-19T21:16:57,0,True
Nicole Boivin_2025-11-19T21:16:57,1,True
Shujing Wang_2025-11-19T21:16:57,0,False
Pavel Lurje_2025-11-19T21:16:57,0,True
Madelynn von Baeyer_2025-11-19T21:16:57,0,True
Rita Dal Martello_2025-11-19T21:16:57,0,False
"Spengler, Robert N_2025-11-19T21:49:25",2,True
"Alviz Fernández, Marco_2025-11-19T21:48:28",0,True
David Hernández de la Fuente_2025-11-19T21:16:57,1,True
Gábor Mikesy_2025-11-19T21:16:57,0,False
Beatrix F. Romhányi_2025-11-19T21:16:57,1,True
Dmitry V. Vasiliev_2025-11-19T21:16:57,0,False
Serafima O. Dvurechenskaya_2025-11-19T21:16:57,0,False
Liliya V. Yavorskaya_2025-11-19T21:16:57,0,False
Atygayev Nurlan A._2025-11-19T21:16:57,0,True
Muktar Abilseit K._2025-11-19T21:16:57,0,True
Alexandre Martinez_2025-11-19T21:16:57,1,True
Anhelina Zapolska_2025-11-19T21:16:57,0,True
"Frank, Arthur W._2025-11-19T21:26:01",0,False
Philip Verhagen_2025-11-19T21:16:57,1,True
Sjoerd Kluiving_2025-11-19T21:16:57,0,False
José Muñoz-Rojas_2025-11-19T21:16:57,0,False
César Borja Barrera_2025-11-19T21:16:58,0,False
Pablo Fraile Jurado_2025-11-19T21:16:58,0,False
"Allfrey, Fran_2025-11-19T21:16:59",1,True
"Moore, Lucy_2025-11-19T21:16:59",1,True
"Nevell, Richard_2025-11-19T21:16:59",1,True
"Fehring, Günter P._2025-11-19T21:17:00",1,True
"Kummer, Stefan_2025-11-19T21:17:00",1,True
"Stachel, Günter_2025-11-19T21:17:00",1,True
"McGraw, Jessica Leigh_2025-11-19T21:17:00",0,True
"Pedersen, Dorthe Dangvard_2025-11-19T21:17:00",1,True
"Kristensen, Vicki R.L._2025-11-19T21:17:00",0,True
"Skytte, Lilian_2025-11-19T21:17:00",0,True
"Møller, Stig Bergmann_2025-11-19T21:17:00",0,True
"Sarauw, Torben Birk_2025-11-19T21:17:00",0,True
"Andersen, Charlotte Boje Hilligsø_2025-11-19T21:17:00",0,True
"Larsen, Lars Agersnap_2025-11-19T21:17:00",1,True
"Hyldgaard, Inger Marie_2025-11-19T21:17:00",0,True
"Klingenberg, Mette_2025-11-19T21:17:00",0,True
"Larsen, Lars Krants_2025-11-19T21:17:00",1,True
"Seeberg, Lone_2025-11-19T21:17:00",0,True
"Bentsen, Lars Christian_2025-11-19T21:17:00",1,True
"Søvsø, Morten_2025-11-19T21:17:00",1,True
"Kristensen, Tenna_2025-11-19T21:17:00",0,True
"Christensen, Jakob Tue_2025-11-19T21:17:00",0,True
"Heide, Poul Baltzer_2025-11-19T21:17:00",0,True
"Nørgaard, Lone C._2025-11-19T21:17:00",0,False
"Uldum, Otto_2025-11-19T21:17:00",1,True
"Engberg, Niels_2025-11-19T21:17:00",0,True
"Simonsen, Rikke_2025-11-19T21:17:00",1,True
"Wickman, Niels_2025-11-19T21:17:00",0,True
"Hansen, Palle Birk_2025-11-19T21:17:00",1,True
"Wille-Jørgensen, Dorthe_2025-11-19T21:17:00",1,True
"Stjernqvist, Kasper Wurr_2025-11-19T21:17:00",0,False
"Rasmussen, Anders_2025-11-19T21:17:00",0,True
"Rasmussen, Kaare Lund_2025-11-19T21:17:00",0,True
"DiMeo, Michelle_2025-11-19T21:17:00",2,True
"Gregory, Andrew_2025-11-19T21:17:00",1,True
"James, Frank A J L_2025-11-19T21:17:00",1,True
"Quirke, Viviane_2025-11-19T21:17:00",1,True
Shreesh Chary_2025-11-19T21:17:00,0,True
Niharika Singh_2025-11-19T21:17:00,0,True
"Primerano, Antoine_2025-11-19T21:17:01",0,True
"Bouzouita, Miriam_2025-11-19T21:17:01",1,True
"Veress, Szidonia Krisztina_2025-11-19T21:17:04",0,False
"Péter, Előd Attila_2025-11-19T21:17:04",0,False
"Bojin, Helga_2025-11-19T21:17:04",0,False
"Száva, Dániel Tamás_2025-11-19T21:17:04",0,False
"Bögözi, Bálint Botond_2025-11-19T21:17:04",0,False
"Gál, Szilárd Sándor_2025-11-19T21:17:04",1,True
"Muresan, Mircea Gabriel_2025-11-19T21:17:04",0,False
"García-Meléndez, David Dylan_2025-11-19T21:17:05",0,False
"Presa, Raquel Moreno_2025-11-19T21:17:05",0,False
"Castro, Pilar Quintana_2025-11-19T21:17:05",0,False
"Calleja, Bárbara Serrano_2025-11-19T21:17:05",0,False
"Calvo, Sara Rosenstone_2025-11-19T21:17:05",0,False
"Morales-Casado, María Isabel_2025-11-19T21:17:05",0,False
"Armstrong, Dan_2025-11-19T21:17:07",1,True
"Kecskés, Áron_2025-11-19T21:17:07",1,True
"Shields-Más, Chelsea_2025-11-19T21:17:07",0,False
"Rozier, Charles C._2025-11-19T21:17:07",1,True
Syrovatko A.S._2025-11-19T21:17:07,0,True
"Andreeva, T. V._2025-11-19T21:18:36",2,True
"Kunizheva, S. S._2025-11-19T21:18:36",0,True
"Soshkina, A D_2025-11-19T21:18:35",0,True
"Malyarchuk, A B_2025-11-19T21:21:18",0,True
"Adrianova, I Yu_2025-11-19T21:21:18",0,True
Guseva V.P._2025-11-19T21:17:07,0,True
Slepchenko S.M._2025-11-19T21:17:07,0,True
"Rogaev, E I_2025-11-19T21:18:35",0,True
Ksenia Yu Konovalova_2025-11-19T21:17:08,0,False
Leonid V. Polovnikov_2025-11-19T21:17:08,0,False
Pavel V. Kuzenkov_2025-11-19T21:17:08,0,False
Yurii M. Mogarichev_2025-11-19T21:17:08,0,False
Vagif A. Asadov_2025-11-19T21:17:08,0,False
Shamil N. Nadzhafov_2025-11-19T21:17:08,0,False
Natalia V. Volkova_2025-11-19T21:17:08,0,False
Ramil' M. Valeev_2025-11-19T21:17:08,0,False
Rafael M. Valeev_2025-11-19T21:17:08,0,False
Roza Z. Valeeva_2025-11-19T21:17:08,0,False
"Wilkinson-Keys, Eleanor_2025-11-19T21:17:09",0,True
"Splavski, Bruno_2025-11-19T21:17:09",0,False
"Rotim, Kresimir_2025-11-19T21:17:09",0,True
"Boop, Frederick A._2025-11-19T21:17:09",0,False
"Gienapp, Andrew J._2025-11-19T21:17:09",0,True
"Arnautovic, Kenan I._2025-11-19T21:17:09",0,False
"Labbaf Khaneiki, Majid_2025-11-19T21:17:11",1,True
"Emamzadeh, Zohreh_2025-11-19T21:17:11",0,True
"Saif Al-Ghafri, Abdullah_2025-11-19T21:17:11",0,True
"Torabi Haghighi, Ali_2025-11-19T21:17:11",0,False
"Sasso, Stefania_2025-11-19T21:17:12",0,False
"Spros, Rachèl_2025-11-19T21:17:12",0,True
"Molinaro, Ludovica_2025-11-19T21:17:12",0,False
"Van De Vijver, Katrien_2025-11-19T21:17:12",0,True
"Kabral, Helja_2025-11-19T21:17:12",0,False
"Geypen, Jan_2025-11-19T21:17:12",0,True
"Hoebreckx, Maxim_2025-11-19T21:17:12",0,False
"Berk, Birgit_2025-11-19T21:17:12",0,False
"De Winter, Natasja_2025-11-19T21:17:12",1,True
"Driesen, Petra_2025-11-19T21:17:12",1,True
"Pijpelink, April_2025-11-19T21:17:12",0,True
"Van Damme, Philip_2025-11-19T21:17:12",1,True
"Dewilde, Marc_2025-11-19T21:17:12",1,True
"Biernacka, Paulina_2025-11-19T21:17:14",0,True
"Dewaele, Stijn_2025-11-19T21:17:14",0,True
"De Grave, Johan_2025-11-19T21:17:14",0,True
"Pérez-Ramallo, Patxi_2025-11-19T21:17:18",0,True
"López, Nieves Veiga_2025-11-19T21:17:18",0,False
"Grandal-d´Anglade, Aurora_2025-11-19T21:17:18",0,False
"Sánchez-Pardo, José Carlos_2025-11-19T21:17:18",1,True
"Karsvall, Olof_2025-11-19T21:17:22",1,True
"Evans, Nicholas J._2025-11-19T21:17:22",1,True
"Rabin, Ira_2025-11-19T21:17:24",2,True
"Peterson, David_2025-11-19T21:17:26",0,True
"Saussus, Lise_2025-11-19T21:17:27",1,True
"Poulain, Maxime_2025-11-19T21:17:27",1,True
"Christensen, Emil Lauge_2025-11-19T21:17:29",1,True
"Esmark, Kim_2025-11-19T21:17:29",1,True
"Fonnesberg-Schmidt, Iben_2025-11-19T21:17:29",1,True
"Jakobsson, Håkan_2025-11-19T21:17:29",1,True
"Gaunt, Kimberley_2025-11-19T21:17:31",0,False
"Turnbull, Les_2025-11-19T21:17:31",1,True
"Christie, Claire_2025-11-19T21:17:31",1,True
"Hornby, Emma_2025-11-19T21:17:35",1,True
"Maloy, Rebecca_2025-11-19T21:17:35",1,True
"Nikita, Efthymia_2025-11-19T21:17:37",2,True
"Schiel, Juliane_2025-11-19T21:17:41",3,True
"Rodríguez-Varela, Ricardo_2025-11-19T21:17:53",0,True
"Lagerholm, Vendela Kempe_2025-11-19T21:17:53",0,False
Ekin Kaynak Iltar_2025-11-19T21:18:00,0,False
Rabia Akçoru_2025-11-19T21:18:00,0,True
Emine Atmaca_2025-11-19T21:18:00,0,False
Nihal Kubilay Pınar_2025-11-19T21:18:00,1,True
Ali Bilge Öztürk_2025-11-19T21:18:00,0,True
"Bakirov, Bulat_2025-11-19T21:18:04",0,False
"Smirnova, Veronica_2025-11-19T21:18:04",0,False
"Kichanov, Sergey_2025-11-19T21:18:04",0,True
"Shaykhutdinova, Eugenia_2025-11-19T21:18:04",0,False
"Murashev, Mikhail_2025-11-19T21:18:04",0,False
"Kozlenko, Denis_2025-11-19T21:18:04",0,False
"Strobl, Markus_2025-11-19T21:18:04",2,True
"de Vahl, Erik_2025-11-19T21:18:04",0,True
"Garcia-Moreno Nisa, Francisca_2025-11-19T21:18:07",0,False
"Casson, Catherine_2025-11-19T21:18:11",1,True
"Skoglund, Pontus_2025-11-19T21:18:13",0,True
"Tozzi, Ginevra_2025-11-19T21:18:26",0,False
"Gorga, Germano_2025-11-19T21:18:26",0,False
"Alapont, Llorenç_2025-11-19T21:18:30",1,True
"Tahkokallio, Jaakko_2025-11-19T21:18:30",1,True
الحجاج، ورود هاتو هادي علي_2025-11-19T21:18:35,0,False
مشعل مفرح ظاهر_2025-11-19T21:18:35,0,False
"Roushannafas, Tina_2025-11-19T21:18:37",0,True
I. V. Palashevskaya_2025-11-19T21:18:45,0,True
"Aubourg, Viviane_2025-11-19T21:18:48",1,True
"Josset, Didier_2025-11-19T21:18:48",1,True
"Simon, Gaël_2025-11-19T21:18:48",1,True
"Sagnes, Sylvie_2025-11-19T21:18:48",1,True
"Fraysse, Patrick_2025-11-19T21:18:48",1,True
"Colombo, Antony_2025-11-19T21:18:49",1,True
"Comte, Florent_2025-11-19T21:18:49",1,True
"Saint-Pierre, Christophe_2025-11-19T21:18:49",1,True
"Millet, Marie_2025-11-19T21:18:49",1,True
"Dubois, Adrien_2025-11-19T21:18:52",1,True
"Bièvre-Perrin, Fabien_2025-11-19T21:18:56",1,True
"Depreux, Philippe_2025-11-19T21:18:58",1,True
"Marcelli, Marina_2025-11-19T21:18:59",1,True
"Evans, Sarah F._2025-11-19T21:18:59",0,False
"Cicone, Chiara_2025-11-19T21:18:59",0,False
"Ahü-Delor, Anne_2025-11-19T21:19:00",1,True
"Louis, Aurore_2025-11-19T21:19:00",1,True
"Paresys, Cécile_2025-11-19T21:19:00",1,True
"Fossurier, Carole_2025-11-19T21:19:00",1,True
"Burgevin, Alexandre_2025-11-19T21:19:00",1,True
"Hanut, Frédéric_2025-11-19T21:19:00",1,True
"Destexhe, Guy_2025-11-19T21:19:00",1,True
"Laforest, Caroline_2025-11-19T21:19:00",1,True
"Polet, Caroline_2025-11-19T21:19:00",1,True
"Beneyto, Josep Pascual_2025-11-19T21:19:03",0,False
"Bocquet-Liénard, Anne_2025-11-19T21:19:29",1,True
"Leclerc, Mathilde_2025-11-19T21:19:29",1,True
"Rohée, Pierre_2025-11-19T21:19:29",0,False
"Tickner, Leïla_2025-11-19T21:19:29",0,False
"Vincent, Jean-Baptiste_2025-11-19T21:19:29",0,False
"Borlenghi, Aldo_2025-11-19T21:19:29",1,True
"Coquidé, Catherine_2025-11-19T21:19:29",1,True
"Roms, Cédric_2025-11-19T21:19:34",1,True
"Scuiller, Christian_2025-11-19T21:19:34",1,True
"Hernandez, Jérôme_2025-11-19T21:19:34",0,True
"Desloges, Jean_2025-11-19T21:19:34",1,True
"L'Engle Williams, Frank_2025-11-19T21:19:36",1,True
"Schmidt, Christopher W_2025-11-19T21:19:36",1,True
"Droke, Jessica L_2025-11-19T21:19:36",0,False
"Karriger, Whitney M_2025-11-19T21:19:36",0,False
"Becam, Gaël_2025-11-19T21:19:36",1,True
"Smith, Fred H_2025-11-19T21:19:36",1,True
"de Lumley, Marie-Antoinette_2025-11-19T21:19:36",1,True
"Gilotte, Sophie_2025-11-19T21:19:39",1,True
"Buttard, Léa_2025-11-19T21:19:39",0,False
"Gutiérrez, Yasmina Cáceres_2025-11-19T21:19:39",0,False
"Herrero, Alberto Llamas_2025-11-19T21:19:39",0,False
"Gil, Alba González_2025-11-19T21:19:39",0,False
"König-Pralong, Catherine_2025-11-19T21:19:49",2,True
"Laurent, Hervé_2025-11-19T21:20:07",1,True
"Franceschini, Mariachiara_2025-11-19T21:20:13",3,True
"Pasieka, Paul P._2025-11-19T21:20:13",1,True
"Godin, Rosalie_2025-11-19T21:20:16",0,False
"Nowik, Witold_2025-11-19T21:20:16",2,True
"Fabris, Tiphaine_2025-11-19T21:20:16",0,False
"Brissaud, Didier_2025-11-19T21:20:16",0,False
"Bouchardon, Dominique_2025-11-19T21:20:16",1,True
"Peron, Michel_2025-11-19T21:20:16",1,True
"Besson, Florian_2025-11-19T21:20:19",1,True
"Ducret, Pauline_2025-11-19T21:20:19",1,True
"Frauciel, Marie_2025-11-19T21:20:20",1,True
"Verdelet, Franck_2025-11-19T21:20:20",0,False
"Cellamare, Dario_2025-11-19T21:20:25",1,True
"Cohen, Zina_2025-11-19T21:20:25",2,True
"Hennings, Till_2025-11-19T21:20:25",1,True
"Hahn, Oliver_2025-11-19T21:20:25",1,True
"Bayon, Germain_2025-11-19T21:20:25",0,True
Claude Chevaleyre_2025-11-19T21:20:29,1,True
"Gelli, Barbara_2025-11-19T21:21:19",1,True
"Mensing, Scott_2025-11-19T21:21:21",0,False
"Salvadori, Barbara_2025-11-19T21:21:25",0,True
"Bampi, Massimiliano_2025-11-19T21:22:01",1,True
"Mattalia, Giulia_2025-11-19T21:22:38",0,True
"Homar, Vesna_2025-11-19T21:22:40",0,False
"Švab, Igor_2025-11-19T21:22:40",1,True
"Stang, Margrethe C._2025-11-19T21:22:40",1,True
"Tillery, Laura_2025-11-19T21:22:40",1,True
"Kollandsrud, Kaja_2025-11-19T21:22:41",1,True
"Fernández García, Aurora_2025-11-19T21:22:43",0,False
"Romero Alba, María Teresa_2025-11-19T21:22:43",0,False
"Zubeldia Santoyo, Fernando_2025-11-19T21:22:43",0,False
"Narbona Cantano, María_2025-11-19T21:22:43",0,False
"Delgado Mediano, Carmen María_2025-11-19T21:22:43",0,False
"Leiva Fernández, Francisca_2025-11-19T21:22:43",0,False
"Sundström, Amica_2025-11-19T21:16:07",2,True
"Neijman, Maria_2025-11-19T21:16:07",1,True
"Jahrehorn, Max_2025-11-19T21:14:17",0,False
"Guarducci, Anna_2025-11-19T21:22:50",1,True
"Mühlenbock, Christian_2025-11-19T21:22:54",1,True
"Lazarides, Anton_2025-11-19T21:22:54",0,False
"Beckman, Anna_2025-11-19T21:22:54",0,False
"Anheim, Étienne_2025-11-19T21:20:21",1,True
"Наконечний, Володимир Михайлович_2025-11-19T21:22:58",0,True
"Кузнецова, Людмила Василівна_2025-11-19T21:22:58",0,False
"Джанов, О._2025-11-19T21:22:59",0,False
"Кузьмінський, І._2025-11-19T21:22:59",0,False
"Rentería Rentería, Alan Roberto_2025-11-19T21:23:00",0,False
"Martínez Ponce, Juan Pablo_2025-11-19T21:23:00",0,False
"Hvinden-Haug, Lars Jacob_2025-11-19T21:23:00",1,True
"Meyer, Regin_2025-11-19T21:23:00",1,True
"Cornejo Valle, Mónica_2025-11-19T21:23:01",1,True
"Martín Andino Martín, Ignacio Borja_2025-11-19T21:23:01",0,True
"Школьна, Ольга_2025-11-19T21:23:01",0,False
"Ковальчук, Остап_2025-11-19T21:23:01",0,False
"Kriletić, Barbara_2025-11-19T21:23:02",0,True
"Ivanušec, Danimirka_2025-11-19T21:23:02",0,False
"Valko Derzhypilska, Anna_2025-11-19T21:23:09",0,False
"Martínez Lorca, Manuela_2025-11-19T21:23:09",0,False
"Criado Álvarez, Juan José_2025-11-19T21:23:09",0,True
"Martínez Lorca, Alberto_2025-11-19T21:23:09",0,False
"Benedictow, Ole Jørgen_2025-11-19T21:24:02",1,True
"Waxenberger, Gaby_2025-11-19T21:26:12",1,True
"Vogt, Helle_2025-11-19T21:27:01",1,True
"Dahan, Gilbert_2025-11-19T21:27:53",1,True
"Daniel, Dane T_2025-11-19T21:27:53",0,False
"Grohse, Ian Peter_2025-11-19T21:28:54",1,True
Valentino Vitale_2025-11-19T21:29:06,0,True
"Ragab, Ahmed_2025-11-19T21:30:00",1,True
"Haselgrove, Colin_2025-11-19T21:30:42",1,True
"Burmeister, Stefan_2025-11-19T21:30:42",1,True
"Gebühr, Michael_2025-11-19T21:30:42",1,True
"Rustoiu, Aurel_2025-11-19T21:31:48",1,True
"Reinhold, Sabine_2025-11-19T21:31:55",1,True
"Mordvintseva, Valentina I._2025-11-19T21:31:55",0,False
"Gimatzidis, Stefanos_2025-11-19T21:31:55",1,True
"Rogers, Adam_2025-11-19T21:32:09",1,True
"Marti, Reto_2025-11-19T21:40:56",1,True
"Zhang, Yuchen_2025-11-19T21:46:03",0,True
"Dai, Wenrui_2025-11-19T21:46:03",0,True
"Li, Yong_2025-11-19T21:46:03",0,True
"Li, Chenglin_2025-11-19T21:46:03",1,True
"Hou, Junhui_2025-11-19T21:46:03",0,True
"Zou, Junni_2025-11-19T21:46:03",0,True
"Xiong, Hongkai_2025-11-19T21:46:03",0,True
"Lombo, Catarina_2025-11-19T21:46:04",0,False
"Castro Silva, Joaquim_2025-11-19T21:46:04",0,False
"Goldstone, Stephen E_2025-11-19T21:46:46",0,False
"Terlizzi, Joseph P_2025-11-19T21:46:46",0,False
"Levine, Rebecca A_2025-11-19T21:46:46",0,False
"Moshier, Erin_2025-11-19T21:46:46",0,False
"Pereira Vera, Barbara_2025-11-19T21:46:46",0,False
"García-Jarabo, E_2025-11-19T21:47:58",0,False
"Ramos-Ramos, L M_2025-11-19T21:47:58",0,False
"Sánchez-Morata, E J_2025-11-19T21:47:58",0,False
"Hernanz-González, Y_2025-11-19T21:47:58",0,False
"Mellado-Romero, M Á_2025-11-19T21:47:58",0,False
"Rico, J Vilá Y_2025-11-19T21:47:58",0,False
"Hölzl, Stefan_2025-11-19T21:48:01",0,True
"Strauss, Harald_2025-11-19T21:48:01",1,True
"Szubska, Magdalena Izabela_2025-11-19T21:48:16",0,False
"Szubski, Michał Jan_2025-11-19T21:48:16",0,True
"Klisz, Marcin_2025-11-19T21:48:16",0,True
"Pilch, Kamil_2025-11-19T21:48:16",0,True
"Wojnar, Joanna_2025-11-19T21:48:16",1,True
"Zin, Ewa_2025-11-19T21:48:16",1,True
"Liu, Kam-biu_2025-11-19T21:48:28",0,True
"Fan, Daidu_2025-11-19T21:48:28",0,True
"Cohen, Marcelo_2025-11-19T21:48:28",1,True
"Lü, Qin-Qin_2025-11-19T21:48:33",0,True
"Chen, Yi-Xiang_2025-11-19T21:48:33",0,False
"Henderson, Julian_2025-11-19T21:48:33",1,True
"Peltola, Sanni_2025-11-19T21:48:33",0,True
"Dobrovolskaya, Maria_2025-11-19T21:48:33",1,True
"Nordqvist, Kerkko_2025-11-19T21:48:33",0,True
"Salmela, Elina_2025-11-19T21:48:33",0,True
"Onkamo, Päivi_2025-11-19T21:48:33",0,False
"Papmehl-Dufay, Ludvig_2025-11-19T21:48:33",0,False
"Berglund, Birgitta_2025-11-19T21:48:33",0,False
"Alrawi, Loey_2025-11-19T21:48:33",0,False
"Kashuba, Natalija_2025-11-19T21:22:42",0,True
"Gilbert, Edmund_2025-11-19T21:48:33",0,False
"Cavalleri, Gianpiero L._2025-11-19T21:48:33",0,False
"Hovig, Eivind_2025-11-19T21:48:33",0,True
"Kockum, Ingrid_2025-11-19T21:48:33",0,False
"Olsson, Tomas_2025-11-19T21:48:33",0,False
"Alfredsson, Lars_2025-11-19T21:48:33",0,False
"Hansen, Thomas F._2025-11-19T21:48:33",0,False
"Werge, Thomas_2025-11-19T21:48:33",0,True
"Bernhardsson, Carolina_2025-11-19T21:48:33",0,False
"Daskalaki, Eva_2025-11-19T21:48:33",0,False
"Gunnarsson, Fredrik_2025-11-19T21:48:33",1,True
"Einarsson, Lars_2025-11-19T21:48:33",1,True
"Victor, Helena_2025-11-19T21:48:33",0,False
"Wiseman, C._2025-11-19T21:48:34",0,True
"Baggaley, P._2025-11-19T21:48:34",0,False
"Jerbic, K._2025-11-19T21:48:34",0,False
"Depaermentier, Margaux L. C._2025-11-19T21:48:38",2,True
"Larsson, Mikael_2025-11-19T21:48:36",1,True
"Kazzazi, Kerstin_2025-11-19T21:48:42",1,True
"Volpi, Vanessa_2025-11-19T21:48:43",1,True
"Chiarantini, Laura_2025-11-19T21:48:43",1,True
"Cicali, Cristina_2025-11-19T21:48:43",1,True
"Mongol, Erdoo_2025-11-19T21:48:43",0,False
"Oboh-Ikuenobe, Francisca_2025-11-19T21:48:43",0,False
"Obrist-Farner, Jonathan_2025-11-19T21:48:43",0,False
"Moreno, J. Enrique_2025-11-19T21:48:43",0,False
"Correa-Metrio, Alex_2025-11-19T21:48:43",0,False
"Krausz, Sophie_2025-11-19T21:48:44",1,True
"Clifford, Catherine E._2025-11-19T21:48:44",2,True
"Faggioli, Massimo_2025-11-19T21:48:44",1,True
"Grumett, David_2025-11-19T21:48:44",1,True
"Merico, Paolomarco_2025-11-19T21:48:46",0,False
"Faccoli, Michela_2025-11-19T21:48:46",0,True
"Cornacchia, Giovanna_2025-11-19T21:48:46",0,True
"Campos-Serra, Andrea_2025-11-19T21:48:47",0,False
"Pérez-Díaz, Lola_2025-11-19T21:48:47",0,False
"Rey-Valcárcel, Cristina_2025-11-19T21:48:47",0,False
"Montmany-Vioque, Sandra_2025-11-19T21:48:47",0,False
"Artiles-Armas, Manuel_2025-11-19T21:48:47",0,False
"Aparicio-Sánchez, Daniel_2025-11-19T21:48:47",0,False
"Tallón-Aguilar, Luís_2025-11-19T21:48:47",0,False
"Gutiérrez-Andreu, Marta_2025-11-19T21:48:47",0,False
"Bernal-Tirapo, Julia_2025-11-19T21:48:47",0,False
"Vera-Mansilla, Cristina_2025-11-19T21:48:47",0,False
"González-Conde, Ricardo_2025-11-19T21:48:47",0,False
"Gómez-Viana, Leticia_2025-11-19T21:48:47",0,False
"Titos-García, Alberto_2025-11-19T21:48:47",0,False
"Aranda-Narvaez, Jose_2025-11-19T21:48:47",0,False
Manuela Aricò_2025-11-19T21:48:47,0,False
Mauro Lo Brutto_2025-11-19T21:48:47,0,True
Antonino Maltese_2025-11-19T21:48:47,0,True
Diego Ronchi_2025-11-19T21:48:48,0,True
Francesco Giuri_2025-11-19T21:48:48,0,True
Antonio Minervino Amodio_2025-11-19T21:48:48,0,True
Andrea Maria Gennaro_2025-11-19T21:48:48,0,False
Riccardo Di Giovannandrea_2025-11-19T21:48:49,0,True
Maria Temide Bergamaschi_2025-11-19T21:48:49,0,True
"Nigamaev, Albert_2025-11-19T21:48:50",0,False
"Kornilova, Irina_2025-11-19T21:48:50",1,True
"Kennedy, Scott_2025-11-19T21:48:50",1,True
"DeVore, David J._2025-11-19T21:48:50",1,True
"Mitusov, A.V._2025-11-19T21:48:50",0,False
"Wendt, Jann_2025-11-19T21:49:14",0,True
"Khrisanov, V.R._2025-11-19T21:48:50",0,False
"Emadodin, I._2025-11-19T21:48:50",0,False
"Velte, Maren_2025-11-19T21:48:51",1,True
"Grigat, Andrea_2025-11-19T21:48:51",1,True
"Toncala, Anita_2025-11-19T21:48:51",0,False
"Bondioli, Luca_2025-11-19T21:32:18",1,True
"Jupiter, Kristofer_2025-11-19T21:48:51",1,True
"Wästfelt, Anders_2025-11-19T21:48:51",3,True
"Gunnoe, Charles_2025-11-19T21:48:51",1,True
"Vassallo, Alberto_2025-11-19T21:48:53",0,True
"Quagliariello, Andrea_2025-11-19T21:48:53",0,True
"Bacci, Giovanni_2025-11-19T21:48:53",0,True
"Faddetta, Teresa_2025-11-19T21:48:53",0,True
"Provenzano, Aldesia_2025-11-19T21:48:53",1,True
"La Barbera, Andrea_2025-11-19T21:48:53",0,True
"Lombardo, Giovanna_2025-11-19T21:48:53",1,True
"Maggini, Valentina_2025-11-19T21:48:53",0,False
"Firenzuoli, Fabio_2025-11-19T21:48:53",1,True
"Zaccaroni, Marco_2025-11-19T21:48:53",0,False
"Gallo, Giuseppe_2025-11-19T21:48:53",1,True
"Aleo Nero, Carla_2025-11-19T21:48:53",1,True
"Baldi, Franco_2025-11-19T21:48:53",0,False
"Fani, Renato_2025-11-19T21:48:53",1,True
"Palumbo Piccionello, Antonio_2025-11-19T21:48:53",0,True
"Pucciarelli, Sandra_2025-11-19T21:48:53",0,False
"Puglia, Anna Maria_2025-11-19T21:48:53",0,False
"Borreggine, Marisa_2025-11-19T21:48:53",0,True
"Latychev, Konstantin_2025-11-19T21:48:53",0,True
"Coulson, Sophie_2025-11-19T21:48:53",0,True
"Powell, Evelyn M_2025-11-19T21:48:53",0,True
"Mitrovica, Jerry X_2025-11-19T21:48:53",1,True
"Milne, Glenn A_2025-11-19T21:48:53",0,True
"Alley, Richard B_2025-11-19T21:48:53",1,True
"Sáez, Adrián J._2025-11-19T21:48:53",1,True
Magnussen_2025-11-19T21:48:53,0,False
"Pedemonti, Bárbara_2025-11-19T21:48:54",0,False
"Ceccomancini, Romina_2025-11-19T21:48:54",0,False
"D’Acunti, Agustina_2025-11-19T21:48:54",0,False
"Stegmann, Jorgelina_2025-11-19T21:48:54",0,False
"Morez, Adeline_2025-11-19T21:22:42",0,True
"Donald, Christina_2025-11-19T21:22:42",0,False
"Boons, Frank_2025-11-19T21:48:55",1,True
"Davis, James_2025-11-19T21:48:55",0,False
"Holmes, Helen_2025-11-19T21:48:55",0,True
"Lee, John S._2025-11-19T21:48:55",1,True
"Wieser, Harald_2025-11-19T21:48:55",1,True
"Helén, Andreas_2025-11-19T21:48:56",0,False
"Eliasson, Anders_2025-11-19T21:48:56",0,True
Madara Rasiņa_2025-11-19T21:48:56,0,False
Ojārs Spārītis_2025-11-19T21:48:56,1,True
Jiřina Přikrylová_2025-11-19T21:48:56,0,False
Martin Racek_2025-11-19T21:48:56,0,False
Ivana Kopecká_2025-11-19T21:48:56,1,True
Eva Svobodová_2025-11-19T21:48:56,0,False
Richard Přikryl_2025-11-19T21:48:56,1,True
Lewis Tomlinson_2025-11-19T21:48:56,0,False
Alex Bliss_2025-11-19T21:48:56,0,False
Dan Brock_2025-11-19T21:48:56,0,False
"Gonçalves, Bárbara Peter_2025-11-19T21:48:58",0,False
"Silva, Eduarda de Souza_2025-11-19T21:48:58",0,False
"Luçardo, Josiane da Cunha_2025-11-19T21:48:58",0,False
"Fernandes, Mayra Pacheco_2025-11-19T21:48:58",0,False
"Grokoski, Kamila Castro_2025-11-19T21:48:58",0,False
"Vaz, Juliana Dos Santos_2025-11-19T21:48:58",0,False
"Valle, Sandra Costa_2025-11-19T21:48:58",0,False
"Konstan, David_2025-11-19T21:48:58",1,True
"Garani, Myrto_2025-11-19T21:48:58",1,True
"Reydams-Schils, Gretchen_2025-11-19T21:48:58",1,True
"Houghton, H. A. G._2025-11-19T21:48:58",1,True
"Henderson-Roche, Emilia_2025-11-19T21:48:59",0,False
Anne Baud_2025-11-19T21:49:06,1,True
Jean-Michel Poisson_2025-11-19T21:49:06,1,True
"La Corte, Daniele_2025-11-19T21:49:10",0,False
"Granado, José_2025-11-19T21:22:54",0,False
"Wright, Elizabeth_2025-11-19T21:22:54",1,True
"Lange, Jürg_2025-11-19T21:49:10",0,False
"Bañuelos, Laura_2025-11-19T21:49:10",0,False
"Schäfer, Marguerita_2025-11-19T21:22:54",1,True
"Ammann, Sandra_2025-11-19T21:49:10",1,True
"Schmid, Debora_2025-11-19T21:49:10",1,True
"Furger, Alex R._2025-11-19T21:49:10",1,True
John Hodgson_2025-11-19T21:49:11,4,True
Iván García Izquierdo_2025-11-19T21:49:11,1,True
"Mitusov, Andrey_2025-11-19T21:49:14",0,True
"Kessler, Matthias_2025-11-19T21:49:14",0,True
"Siem, Hans-Kurt_2025-11-19T21:49:14",0,True
"Califano, A._2025-11-19T21:49:14",0,False
"Zanola, A._2025-11-19T21:49:14",0,True
"Di Terlizzi, I._2025-11-19T21:49:14",0,False
"Baiesi, M._2025-11-19T21:49:14",0,True
"Verney-Carron, Aurélie_2025-11-19T21:49:15",1,True
"Sessegolo, Loryelle_2025-11-19T21:49:15",1,True
"Chabas, Anne_2025-11-19T21:49:15",1,True
"Lombardo, Tiziana_2025-11-19T21:49:15",1,True
"Rossano, Stéphanie_2025-11-19T21:49:15",0,True
"Perez, Anne_2025-11-19T21:49:15",1,True
"Valbi, Valentina_2025-11-19T21:49:15",1,True
"Boutillez, Chloé_2025-11-19T21:49:15",1,True
"Muller, Camille_2025-11-19T21:49:15",1,True
"Vaulot, Cyril_2025-11-19T21:49:15",1,True
"Arbogast, Alan F._2025-11-19T21:49:16",1,True
"Lovis, William A._2025-11-19T21:49:16",2,True
"McKeehan, Kevin G._2025-11-19T21:49:16",0,True
"Monaghan, G. William_2025-11-19T21:49:16",0,True
"Plümper, Thomas_2025-11-19T21:48:42",1,True
"Neumayer, Eric_2025-11-19T21:48:42",1,True
"Honkapohja, Alpo_2025-11-19T21:49:20",2,True
"Tedrus, Gloria M A S_2025-11-19T21:49:22",0,False
"Leandro-Merhi, Vania Aparecida_2025-11-19T21:49:22",0,False
"Rebelo, Rafaella Colicigno_2025-11-19T21:49:22",0,False
"da Silva, Bárbara Nunes_2025-11-19T21:49:22",0,False
"Kavak, Vatan_2025-11-19T21:49:23",1,True
"Pilmane, Mara_2025-11-19T21:49:23",0,False
"Kazoka, Dzintra_2025-11-19T21:49:23",0,True
"Edelmers, Edgars_2025-11-19T21:49:23",0,True
"Satici, Omer_2025-11-19T21:49:23",1,True
"Stolarek, Ireneusz_2025-11-19T21:49:25",1,True
"Zenczak, Michal_2025-11-19T21:49:25",1,True
"Handschuh, Luiza_2025-11-19T21:49:25",1,True
"Marcinkowska-Swojak, Malgorzata_2025-11-19T21:49:25",1,True
"Spinek, Anna_2025-11-19T21:49:25",0,True
"Dębski, Artur_2025-11-19T21:49:25",0,True
"Matla, Marzena_2025-11-19T21:49:25",1,True
"Kóčka-Krenz, Hanna_2025-11-19T21:49:25",1,True
"Figlerowicz, Marek_2025-11-19T21:49:25",1,True
"Metzger, Allyssa_2025-11-19T21:49:25",0,False
"Frink, József Pál_2025-11-19T21:17:23",1,True
"Magyari, Enikő Katalin_2025-11-19T21:17:23",0,False
"Kern, Zoltán_2025-11-19T21:17:23",0,False
"Fonti, Marina V_2025-11-19T21:49:26",0,False
"Kottlow, Sven_2025-11-19T21:49:26",0,False
"Goosse, Hugues_2025-11-19T21:49:26",1,True
"Nievergelt, Daniel_2025-11-19T21:49:26",0,False
"Pellizzari, Elena_2025-11-19T21:49:26",0,False
"Carrer, Marco_2025-11-19T21:49:26",0,True
"von Arx, Georg_2025-11-19T21:49:26",1,True
"Thomas, David Hurst_2025-11-19T21:51:04",1,True
"Rhode, David_2025-11-19T21:51:04",0,False
"Millar, Constance I._2025-11-19T21:51:04",0,False
"Harper, Thomas K._2025-11-19T21:51:04",1,True
"Gogenko, Victoria V._2025-11-19T21:51:06",0,True
"Martínez-Sánchez, Antonio_2026-01-14T21:59:13",1,True
"Gracia, F. Javier_2026-01-14T21:59:14",0,True
"Alonso, Carlos_2026-01-14T21:59:15",0,True
"Mata, Esperanza_2026-01-14T21:59:16",0,False
"Caporizzo, Claudia_2026-01-14T21:59:18",0,True
"Tomić, Marka_2026-01-14T22:03:51",0,True
"Živković, Miloš_2026-01-14T22:03:52",1,True
"Molist, Núria_2026-01-15T09:06:09",0,False
"Principal, Jordi_2026-01-15T09:06:10",0,True
"Padrós, Carles_2026-01-15T09:06:11",0,False
"Boschetti, Cristina_2026-01-15T09:06:21",1,True
"di Siena, Laura_2026-01-15T09:06:22",0,False
"Jacobsen, Jan Kindberg_2026-01-15T09:06:24",1,True
"Mittica, Gloria_2026-01-15T09:06:25",1,True
"Murro, Giovanni_2026-01-15T09:06:26",1,True
"Parisi Presicce, Claudio_2026-01-15T09:06:27",1,True
"Raja, Rubina_2026-01-15T09:06:28",1,True
"Vitti, Massimo_2026-01-15T09:06:29",1,True
"Bartolomei, Maria Cristina_2026-01-15T09:06:31",0,True
"Capacchione, Alessandra_2026-01-15T09:06:32",0,False
"Cassi, Aldo Andrea_2026-01-15T09:06:34",1,True
"Ferrara, Alfio_2026-01-15T09:06:35",0,True
"Forte, Francesca_2026-01-15T09:06:36",0,False
"Parodi, Massimo_2026-01-15T09:06:37",0,False
"Rossini, Marco_2026-01-15T09:06:38",0,True
"Salvestrini, Amalia_2026-01-15T09:06:39",0,True
"Brandsma, Margreet_2025-11-19T21:16:26",1,True
"Grzesik, Ryszard_2025-11-19T21:18:08",1,True
"Taleev, Dokei_2025-11-19T21:18:37",0,False
"Balić, Davor_2025-11-19T21:17:11",0,True
"Marucci, Gianluca_2025-11-19T21:17:11",0,False
"Krajina, Marija_2025-11-19T21:17:11",0,False
"Benić, Miroslav_2025-11-19T21:17:11",1,True
"Mihaljević, Željko_2025-11-19T21:17:11",0,True
"Andreanszky, Tibor_2025-11-19T21:17:11",0,True
"Sukalić, Tomislav_2025-11-19T21:17:11",0,False
"Lukačević, Damir_2025-11-19T21:17:11",0,True
"Miškić, Tihana_2025-11-19T21:17:11",0,True
"Škrivanko, Mario_2025-11-19T21:17:11",0,True
"Larmuseau, Maarten H. D._2025-11-19T21:17:12",1,True
"Domański, Juliusz_2025-12-29T17:49:57",1,True
"Sharpe, Matthew_2025-12-29T17:50:10",1,True
"Irvine, Andrew B._2025-12-29T17:50:48",1,True
"Stettler, Matteo_2025-12-29T17:50:48",0,False
"Bekieszczuk, Krzysztof Jacek_2025-12-29T17:50:48",0,False
"Łapiński, Krzysztof_2025-12-29T17:50:56",1,True
"Orning, Hans Jacob_2025-11-19T21:17:13",1,True
"Ríkharðsdóttir, Sif_2025-11-19T21:17:13",1,True
"Hallebeek, Jan_2025-11-19T21:17:13",1,True
"de Jong, Hylkje_2025-11-19T21:17:13",1,True
"Volpi, F._2025-11-19T21:17:14",0,True
"Fiocco, G._2025-11-19T21:17:14",1,True
"Gargano, M._2025-11-19T21:17:14",1,True
"Albano, M._2025-11-19T21:17:14",0,True
"Calvia, A._2025-11-19T21:17:14",0,False
"Saviotti, F._2025-11-19T21:17:14",0,True
"Delledonne, C._2025-11-19T21:17:14",0,False
"Lee, C._2025-11-19T21:17:14",0,False
"Rovetta, T._2025-11-19T21:17:14",0,False
"Costas-Rodríguez, Marta_2025-11-19T21:17:14",0,True
Evgeniy V. Kruglov_2025-11-19T21:17:14,0,False
Caitlin E. Tems_2025-11-19T21:17:14,0,True
Eric Tappa_2025-11-19T21:17:14,0,True
Vladimir V. Stavitsky_2025-11-19T21:17:14,0,True
Sergey V. Belousov_2025-11-19T21:17:14,0,False
Najafov Shamil N._2025-11-19T21:17:14,0,False
Huseynov Muzaffar M._2025-11-19T21:17:14,0,False
Jalilov Bakhtiyar M._2025-11-19T21:17:14,0,False
Dmitry A. Kozlov_2025-11-19T21:17:15,0,False
Enrique Daza-Pardo_2025-11-19T21:17:15,0,True
Raúl Catalán-Ramos_2025-11-19T21:17:15,0,True
Anton G. Yablokov_2025-11-19T21:17:15,0,False
Vintsas V. Skinkajtis_2025-11-19T21:17:15,0,False
Aleksey V. Derevyanko_2025-11-19T21:17:15,0,False
Kasenalin Aibar Ye_2025-11-19T21:17:15,0,False
Szabolcs Rosta_2025-11-19T21:17:15,0,False
Pánya István_2025-11-19T21:46:16,1,True
Gyöngyi Gulyás_2025-11-19T21:17:15,0,False
Evgenij V. Ruslanov_2025-11-19T21:20:27,0,False
"Maiorov, Alexander Viacheslavovich_2025-11-19T21:18:24",2,True
"Gullbekk, Svein Harald_2025-11-19T21:17:38",1,True
"De Nicola, Bruno_2025-11-19T21:17:20",1,True
"Nehring, Grzegorz_2025-11-19T21:17:24",2,True
"Girard, Solène_2025-11-19T21:17:24",1,True
"Farahani, Alan_2025-11-19T21:17:28",0,False
"Kutner, Melissa_2025-11-19T21:17:28",0,False
"Fatkin, Danielle Steen_2025-11-19T21:17:28",0,False
"Porter, Benjamin W._2025-11-19T21:17:28",1,True
"Lapina, Elizabeth_2025-11-19T21:17:29",1,True
"Sundmark, Stina Fallberg_2025-11-19T21:17:29",1,True
"Aavitsland, Kristin Bliksrud_2025-11-19T21:22:41",1,True
"Curley, Daniel Patrick_2025-11-19T21:17:37",1,True
"Timoney, Martin A._2025-11-19T21:17:37",0,False
"RØhr, Torkil SØrlie_2025-11-19T21:17:37",0,False
"Monnereau, Aurore_2025-11-19T21:17:37",0,True
"Ughi, Alice_2025-11-19T21:17:37",0,True
"Talbot, Helen M._2025-11-19T21:17:37",0,True
"Molinari, Alessandra_2025-11-19T21:17:37",1,True
"Wales, Nathan_2025-11-19T21:17:37",0,True
"Gutgarts, Anna_2025-11-19T21:17:37",1,True
"Ellenblum, Ronnie_2025-11-19T21:17:37",1,True
"Bird, Jessalynn Lea_2025-11-19T21:42:53",2,True
"Engh, Line Cecilie_2025-11-19T21:17:38",1,True
"Jørgensen, Jon Gunnar_2025-11-19T21:17:38",1,True
"Gyuris, Balázs_2025-11-19T21:17:38",0,True
"Kolonskikh, Aleksandr G_2025-11-19T21:17:38",0,False
"Ruslanova, Rida R_2025-11-19T21:17:38",0,False
"Rykun, Marina P_2025-11-19T21:17:38",0,True
"Volkova, Elizaveta V_2025-11-19T21:17:38",0,False
"Chikunova, Irina_2025-11-19T21:17:38",0,True
"Sungatov, Flarit_2025-11-19T21:17:38",0,False
"Zubov, Sergei_2025-11-19T21:17:38",0,False
"Akbari, Ali_2025-11-19T21:17:38",1,True
"Medgyesi, Pál_2025-11-19T21:17:44",0,False
"Szabó, Krisztina Ágnes_2025-11-19T21:17:44",0,False
"Fiorentino, Girolamo_2025-11-19T21:17:44",1,True
"Perna, Roberto_2025-11-19T21:17:44",1,True
Irina M. Gritsevskaya_2025-11-19T21:17:52,0,False
Viacheslav V. Lytvynenko_2025-11-19T21:17:52,3,True
"Eipert, Tim_2025-11-19T21:17:52",0,True
"Moilanen, Ulla_2025-11-19T21:17:53",1,True
"Juhola, Tytti_2025-11-19T21:17:53",0,False
"Pätsi, Sanna_2025-11-19T21:17:53",0,False
"Vanhanen, Santeri_2025-11-19T21:17:53",1,True
"Alenius, Teija_2025-11-19T21:17:53",0,True
"Pochon, Zoé_2025-11-19T21:17:53",0,True
"Sanchez-Pinto, Iban_2025-11-19T21:17:53",0,True
"Solaun, José Luis_2025-11-19T21:17:53",0,False
"Guinet, Benjamin_2025-11-19T21:17:53",1,True
"de Anca Prado, Violeta_2025-11-19T21:17:53",0,True
"Valdiosera, Cristina_2025-11-19T21:17:53",0,True
"Herrasti, Lourdes_2025-11-19T21:17:53",1,True
"Liu, Wei_2025-11-19T21:17:53",1,True
"Mattsson, Magnus_2025-11-19T21:17:53",1,True
"Dunbar, R.I.M._2025-11-19T21:17:53",0,True
"Wallette, Anna_2025-11-19T21:17:53",1,True
"Hartmann, Jan-Peer_2025-11-19T21:17:53",1,True
"Johnston, Andrew James_2025-11-19T21:17:53",1,True
"Emonds, Joseph_2025-11-19T21:17:54",2,True
"Faarlund, Jan Terje_2025-11-19T21:17:54",1,True
"Mozgai, Viktória_2025-11-19T21:17:54",0,True
"Villa, Igor M._2025-11-19T21:17:54",1,True
"Zagorc, Brina_2025-11-19T21:17:54",0,True
"Blanz, Magdalena_2025-11-19T21:17:54",0,True
"Oberreiter, Victoria_2025-11-19T21:17:54",0,True
"Chen, Hao Shan_2025-11-19T21:17:54",0,True
"Visković, Eduard_2025-11-19T21:17:54",0,True
"Ivanova-Bieg, Maria_2025-11-19T21:17:54",2,True
"Speleers, Lien_2025-11-19T21:17:54",0,True
"Vanden Berghe, Ina_2025-11-19T21:17:54",1,True
"Ghesquière, Valérie_2025-11-19T21:17:54",0,False
"Kinnaer, Frank_2025-11-19T21:17:54",0,False
"Meganck, Marc_2025-11-19T21:17:54",1,True
"Preiss, Sidonie_2025-11-19T21:17:54",1,True
"Van Bellingen, Stephan_2025-11-19T21:17:54",0,False
"Timmermans, Julie_2025-11-19T21:17:54",0,False
"Staniewska, Alexandra_2025-11-19T21:17:54",1,True
"Ilgner, Jana_2025-11-19T21:17:54",0,True
"Chivall, David_2025-11-19T21:17:54",0,True
"Roberts, Patrick_2025-11-19T21:17:54",2,True
"García-Moreno, Carlos D._2025-11-19T21:17:54",0,True
"Murciano Calles, José M._2025-11-19T21:17:54",0,True
"Badri, Fatima-Ezzahra_2025-11-19T21:17:54",0,True
"Pelling, Ruth_2025-11-19T21:17:54",1,True
"Stratford, Linda_2025-11-19T21:17:54",1,True
"Dyrness, William_2025-11-19T21:17:54",1,True
"Biehler-Gomez, Lucie_2025-11-19T21:17:55",1,True
"Pera, Elisa_2025-11-19T21:17:55",0,False
"Lucchetti, Valentina_2025-11-19T21:17:55",0,False
"Sisto, Laura_2025-11-19T21:17:55",0,False
"del Bo, Beatrice_2025-11-19T21:17:55",1,True
"Mattia, Mirko_2025-11-19T21:17:55",1,True
"Rodella, Lucrezia_2025-11-19T21:17:55",0,False
"Fedeli, Anna Maria_2025-11-19T21:17:55",1,True
"Porro, Alessandro_2025-11-19T21:17:55",1,True
Jaka Burja_2025-11-19T21:17:55,1,True
Barbara Šetina Batič_2025-11-19T21:17:55,1,True
Natalia Khamaiko_2025-11-19T21:17:55,0,True
Pavlo Gol'din_2025-11-19T21:17:55,0,True
Mykhailo Kublii_2025-11-19T21:17:55,0,True
Yevheniia Yanish_2025-11-19T21:17:55,0,True
"Latella, Donna_2025-11-19T21:17:56",1,True
"Abrams, Barbara_2025-11-19T21:17:56",1,True
"Ruiz-Puerta, Emily J._2025-11-19T21:17:56",0,True
"Jarrett, Greer_2025-11-19T21:17:56",0,True
"McCarthy, Morgan L._2025-11-19T21:17:56",0,True
"Pan, Shyong En_2025-11-19T21:17:56",0,True
"Aiken, Magie_2025-11-19T21:17:56",0,True
"Zampirolo, Giulia_2025-11-19T21:17:56",0,True
"Loonen, Maarten J. J. E._2025-11-19T21:17:56",0,True
"Howse, Lesley R._2025-11-19T21:17:56",0,True
"Szpak, Paul_2025-11-19T21:17:56",0,True
"Rufolo, Scott_2025-11-19T21:17:56",0,True
"Desjardins, Sean P. A._2025-11-19T21:17:56",1,True
"Jung, Sung Gyun_2025-11-19T21:17:56",0,False
"Kim, Hun_2025-11-19T21:17:56",0,False
"Hwang, Kun_2025-11-19T21:17:56",0,False
"Hwang, Young Joong_2025-11-19T21:17:56",0,False
"Gábor Hatvani, István_2025-11-19T21:17:56",0,False
"D’Argenio, Elisa_2025-11-19T21:17:56",1,True
"Ghezzi, Chiara_2025-11-19T21:17:56",1,True
"Dashefsky, Arnold_2025-11-19T21:17:56",1,True
"Sheskin, Ira M._2025-11-19T21:17:56",1,True
"Winter, J. Alan_2025-11-19T21:17:56",1,True
"Singh, Rajeev Kumar_2025-11-19T21:17:56",1,True
"Singh, Shantesh Kumar_2025-11-19T21:17:56",0,True
"Conti, Martina_2025-11-19T21:17:56",0,True
"Keely, Brendan_2025-11-19T21:17:56",0,True
"Avnaim-Katav, Simona_2025-11-19T21:17:56",0,True
"Mischke, Steffen_2025-11-19T21:17:56",1,True
"Porat, Naomi_2025-11-19T21:17:57",1,True
"Edelman-Furstenberg, Yael_2025-11-19T21:17:57",0,True
"Błędowski, Piotr_2025-11-19T21:17:59",1,True
"Kramkowski, Mateusz_2025-11-19T21:17:59",0,True
"Horváth, Eszter_2025-11-19T21:18:01",1,True
"Aradi, László E._2025-11-19T21:18:01",0,True
"Topa, Boglárka_2025-11-19T21:18:01",0,True
Isabell Schmidt_2025-11-19T21:18:01,0,True
Bruno Boemke_2025-11-19T21:18:01,1,True
Claudia Koppmann_2025-11-19T21:18:01,0,True
Hannah Witte_2025-11-19T21:18:01,0,True
Florian Sauer_2025-11-19T21:18:01,0,True
Erich Claßen_2025-11-19T21:18:01,1,True
Jiří Košta_2025-11-19T21:18:01,0,True
Filip Krásný_2025-11-19T21:18:01,0,False
Radek Novák_2025-11-19T21:18:01,0,False
M. V. Silantieva_2025-11-19T21:18:01,0,True
D. S. Gorshenyov_2025-11-19T21:18:01,0,True
Félix Retamero_2025-11-19T21:18:01,1,True
Marcos N. Quesada_2025-11-19T21:18:01,0,False
R. R. Giniyatullin_2025-11-19T21:18:01,0,False
R. Sh Malikov_2025-11-19T21:18:01,0,False
"Rossignoli, Domenico_2025-11-19T21:18:02",0,True
"Trombetta, Federico_2025-11-19T21:18:02",0,True
"Shimunek, Andrew_2025-11-19T21:18:02",1,True
"Shurgaia, Gaga_2025-11-19T21:18:02",1,True
"Nannei, Virna Maria_2025-11-19T21:18:02",0,True
"Roberti, Giulio Mirabella_2025-11-19T21:18:02",0,True
"Gait, John_2025-11-19T21:18:02",0,True
"Bajnok, Katalin_2025-11-19T21:18:02",1,True
"Hugot, Nicolas_2025-11-19T21:18:02",1,True
"Horváth, Friderika_2025-11-19T21:18:02",1,True
"Pépy, Gérard_2025-11-19T21:18:02",0,True
"Ellis, Darren_2025-11-19T21:18:02",1,True
"Len, Adél_2025-11-19T21:18:02",0,True
"Kubina, Krystina_2025-11-19T21:18:03",1,True
"Zagklas, Nikos_2025-11-19T21:18:03",1,True
"De Giorgi, L._2025-11-19T21:18:04",0,False
"Leucci, G._2025-11-19T21:18:04",0,True
"Lazzari, M._2025-11-19T21:18:04",1,True
"Linden, Marcela Almeida_2025-11-19T21:18:04",0,False
"Nascimento Freitas, Renata Germano Borges de Oliveira_2025-11-19T21:18:04",0,True
"Teles, Lidiane Oliveira de Souza_2025-11-19T21:18:04",0,False
"Morcillo, André Moreno_2025-11-19T21:18:04",0,False
"Nogueira, Roberto Jose Negrão_2025-11-19T21:18:04",0,False
"Ingvarsdóttir Olsen, Navarana_2025-11-19T21:18:04",0,False
"Ståhlberg, Sabira_2025-11-19T21:18:04",2,True
"Ravasini, Francesco_2025-11-19T21:18:05",0,True
"de Gennaro, Luciana_2025-11-19T21:18:05",0,False
"Delpino, Chiara_2025-11-19T21:18:05",0,False
"Finocchi, Stefano_2025-11-19T21:18:05",1,True
"Giroldini, Pierluigi_2025-11-19T21:18:05",1,True
"Mei, Oscar_2025-11-19T21:18:05",1,True
"Beck De Lotto, Michael Allen_2025-11-19T21:18:05",0,False
"Cilli, Elisabetta_2025-11-19T21:18:05",1,True
"Hajiesmaeil, Mogge_2025-11-19T21:18:05",0,False
"Pistacchia, Letizia_2025-11-19T21:18:05",0,False
"Risi, Flavia_2025-11-19T21:18:05",0,False
"Giacometti, Chiara_2025-11-19T21:18:05",0,False
"Cruciani, Fulvio_2025-11-19T21:18:05",0,False
"Trombetta, Beniamino_2025-11-19T21:18:05",0,True
"Roux, M._2025-11-19T21:18:05",0,False
"Wierzbicka-Hainaut, E._2025-11-19T21:18:05",0,False
"Barbarin, C._2025-11-19T21:18:05",0,False
"Thompson, Lenore_2025-11-19T21:18:06",0,True
"Lundy, Jasmine_2025-11-19T21:18:06",0,True
"Crichton-Turley, Courtenay-Elle_2025-11-19T21:18:06",0,True
"Grusiecki, Tomasz_2025-11-19T21:18:06",1,True
"Hajduk, Olga M._2025-11-19T21:18:06",1,True
"Akhimie, Patricia_2025-11-19T21:18:06",1,True
"Kaplan, Lindsay_2025-11-19T21:32:20",1,True
"Vinogradova, Olena_2025-11-19T21:18:06",0,False
"Belle, Simon_2025-11-19T21:18:06",0,True
"Dahl, Martin_2025-11-19T21:18:06",1,True
"Palm, Veronica_2025-11-19T21:18:06",1,True
"Jakobsson, Martin_2025-11-19T21:18:06",1,True
"Ledger, Marissa L_2025-11-19T21:18:06",0,True
"Brownlee, Emma_2025-11-19T21:18:07",0,True
"Villajos-Guijarro, María_2025-11-19T21:18:07",0,False
"Ramírez-Martín, Raquel_2025-11-19T21:18:07",0,True
"Mauleón-Ladrero, Coro_2025-11-19T21:18:07",0,False
"Déniz González, Victoria_2025-11-19T21:18:07",0,False
"Forero Torres, Alexander_2025-11-19T21:18:07",0,False
"González-Montalvo, Juan Ignacio_2025-11-19T21:18:07",0,False
"Eseleva, А. А._2025-11-19T21:18:07",0,False
"Norman, Nurul Ain_2025-11-19T21:18:07",0,False
"Ruhullah, Mohammad Eisa_2025-11-19T21:18:07",0,False
"Karakaš Obradov, Marica_2025-11-19T21:18:07",1,True
"Bećir, Ante_2025-11-19T21:18:07",0,True
"Teja Casuso, Ramón_2025-11-19T21:18:08",1,True
"Acerbi, Silvia_2025-11-19T21:18:08",2,True
"LaVoy-Brunette (Ojibwe), Sarah_2025-11-19T21:18:08",0,False
"Bridges, Dusti C._2025-11-19T21:18:08",0,False
"Kotłowska, Anna_2025-11-19T21:18:08",1,True
"Fulford, Michael_2025-11-19T21:18:08",1,True
"Clarke, Amanda_2025-11-19T21:18:08",0,False
"Durham, Emma_2025-11-19T21:18:08",1,True
"Machin, Sara_2025-11-19T21:18:08",0,False
"Pankhurst, Nicholas_2025-11-19T21:18:08",1,True
"Fry, Rob_2025-11-19T21:18:08",1,True
"Thornley, David_2025-11-19T21:18:08",1,True
"Williams-Burrell, Rory_2025-11-19T21:18:08",0,False
"Daczó, Levente_2025-11-19T21:18:08",0,True
"van der Meulen, Jim_2025-11-19T21:18:08",1,True
"Borbély, Noémi_2025-11-19T21:18:09",0,True
"Jakab, Kristóf_2025-11-19T21:18:09",0,False
"Mező, György_2025-11-19T21:18:09",0,True
"Petkes, Zsolt_2025-11-19T21:18:09",1,True
"Szücsi, Frigyes_2025-11-19T21:18:09",0,False
"Líbor, Csilla_2025-11-19T21:18:09",0,True
"Rácz, Piroska_2025-11-19T21:18:09",0,True
"Kiss, Krisztián_2025-11-19T21:18:09",0,True
"Szőke, Béla Miklós_2025-11-19T21:18:09",1,True
"Ould-Braham, Ouahmi_2025-11-19T21:18:38",0,True
"Canales, Nestor Hernandez_2025-11-19T21:18:10",0,False
"Curate, Francisco_2025-11-19T21:18:10",0,False
"Ruiz, Tomás Cordero_2025-11-19T21:18:10",0,False
"Silva, Ana Maria_2025-11-19T21:18:10",1,True
Kristoffer Hillesland_2025-11-19T21:18:10,0,False
Leonhard Jansen_2025-11-19T21:18:10,0,False
"Tsyb, Alexey_2025-11-19T21:18:11",0,True
"Ivannikov, Nikita_2025-11-19T21:18:11",0,False
"Bakhvalova, Olga_2025-11-19T21:18:11",0,False
"Prokopov, I._2025-11-19T21:18:11",0,False
"Slavova, M._2025-11-19T21:18:11",0,False
"Вальчак, С.Б._2025-11-19T21:18:11",2,True
"Фролова, К.А._2025-11-19T21:18:11",2,True
"Rosta, Sz_2025-11-19T21:18:11",0,False
"Gulyás, Gy_2025-11-19T21:18:11",0,False
"Хотылев, А.О._2025-11-19T21:18:11",0,False
"Майоров, А.А._2025-11-19T21:18:11",0,False
"Roslund, Mats_2025-11-19T21:18:11",1,True
"Brinkkemper, Otto_2025-11-19T21:18:11",1,True
"Van Doesburg, Jan_2025-11-19T21:18:11",0,False
"Kars, Mirjam_2025-11-19T21:18:11",1,True
"Speidel, Leo_2025-11-19T21:18:13",0,True
"Booth, Thomas_2025-11-19T21:18:13",3,True
"Anastasiadou, Kyriaki_2025-11-19T21:18:13",0,True
"Barrington, Christopher_2025-11-19T21:18:13",0,True
"Heather, Peter J_2025-11-19T21:31:06",1,True
"Ilves, Kristin_2025-11-19T21:18:13",1,True
"Lugovsky, Denis_2025-11-19T21:18:13",0,True
"Evtykh, Susanna_2025-11-19T21:18:13",0,False
"Raya Fages, Lourdes_2025-11-19T21:18:13",0,False
"Piqueras Yagüe, Pablo_2025-11-19T21:18:13",1,True
"Zadnikov, Stanislav_2025-11-19T21:18:14",0,True
"Shramko, Iryna_2025-11-19T21:18:14",0,True
"Gorbenko, Kyrylo_2025-11-19T21:18:14",0,True
"Bandrivskyi, Mykola_2025-11-19T21:18:14",0,True
"Pavliv, Dmytro_2025-11-19T21:18:14",0,True
"Bruyako, Igor_2025-11-19T21:18:14",0,True
"Grechko, Denys_2025-11-19T21:18:14",0,True
"Okatenko, Vitalii_2025-11-19T21:18:14",0,True
"Toshev, Gennadi_2025-11-19T21:18:14",0,True
"Andrukh, Svitlana_2025-11-19T21:18:14",0,True
"Radziyevska, Vira_2025-11-19T21:18:14",0,True
"Buynov, Yurii_2025-11-19T21:18:14",0,True
"Kotenko, Viktoriia_2025-11-19T21:18:14",1,True
"Smyrnov, Oleksandr_2025-11-19T21:18:14",0,False
"Petrauskas, Oleg_2025-11-19T21:18:14",0,True
"Magomedov, Borys_2025-11-19T21:18:14",0,True
"Didenko, Serhii_2025-11-19T21:18:14",0,True
"Heiko, Anatolii_2025-11-19T21:18:14",0,True
"Reida, Roman_2025-11-19T21:18:14",0,True
"Sapiehin, Serhii_2025-11-19T21:18:14",0,True
"Aksonov, Viktor_2025-11-19T21:18:14",0,True
"Laptiev, Oleksii_2025-11-19T21:18:14",0,True
"Terskyi, Svyatoslav_2025-11-19T21:18:14",0,True
"Skorokhod, Viacheslav_2025-11-19T21:18:14",0,True
"Zhyhola, Vitalii_2025-11-19T21:18:14",0,True
"Sytyi, Yurii_2025-11-19T21:18:14",0,True
"Järve, Mari_2025-11-19T21:18:14",1,True
"Kelly, Monica_2025-11-19T21:18:14",0,True
"Williams, Mia_2025-11-19T21:18:14",0,True
"Gilardet, Alexandre_2025-11-19T21:18:14",0,True
"Macleod, Ruairidh_2025-11-19T21:18:14",0,True
"Kłusek, Marzena_2025-11-19T21:18:16",0,True
"Boroń, Piotr_2025-11-19T21:18:16",1,True
"Imiołczyk, Ewelina_2025-11-19T21:18:16",1,True
"Budziakowski, Mateusz_2025-11-19T21:18:16",1,True
"Poloczek, Adrian_2025-11-19T21:18:16",1,True
"Poloczek-Imielińska, Agata_2025-11-19T21:18:16",0,False
"Jaksik, Marian_2025-11-19T21:18:16",1,True
O. V. Lebedeva_2025-11-19T21:18:16,0,True
M. M. Bessonova_2025-11-19T21:18:16,0,True
Aleksey B. Malyshev_2025-11-19T21:18:17,0,False
Aleksey I. Rakushin_2025-11-19T21:18:17,0,False
"Gutiérrez Durán, Coraima_2025-11-19T21:18:17",0,True
"Selvaggi, Lucio_2025-11-19T21:18:17",0,False
"Pata, Francesco_2025-11-19T21:18:17",0,False
"Pellino, Gianluca_2025-11-19T21:18:17",0,False
"Podda, Mauro_2025-11-19T21:18:17",0,True
"Di Saverio, Salomone_2025-11-19T21:18:17",0,False
"Sperlongano, Pasquale_2025-11-19T21:18:17",0,False
"Selvaggi, Francesco_2025-11-19T21:18:17",1,True
"Nardo, Bruno_2025-11-19T21:18:17",0,True
"Halpin, Áine_2025-11-19T21:18:18",0,True
"Rossi, Conor_2025-11-19T21:18:18",0,True
"Vila, Emmanuelle_2025-11-19T21:18:18",1,True
"Zeeb-Lanz, Andrea_2025-11-19T21:18:18",1,True
"Hemmer, Helmut_2025-11-19T21:18:18",0,False
"Davoudi, Hossein_2025-11-19T21:18:18",1,True
"Amiri, Sarieh_2025-11-19T21:18:18",1,True
"Doost, Sanaz Beizaee_2025-11-19T21:18:18",1,True
"Fathi, Homa_2025-11-19T21:18:18",1,True
"Khazaeli, Roya_2025-11-19T21:18:18",1,True
"Hassanzadeh, Yousef_2025-11-19T21:18:18",0,True
"Sardari, Alireza_2025-11-19T21:18:18",0,False
"Lhuillier, Johanna_2025-11-19T21:18:18",1,True
"Abdolahi, Mostafa_2025-11-19T21:18:18",0,False
"Summers, Geoffrey D._2025-11-19T21:18:18",2,True
"Bahshaliyev, Veli_2025-11-19T21:18:18",0,True
"Berthon, Rémi_2025-11-19T21:18:18",1,True
"Aghaei, Zahra Sadat Pour Seyyed_2025-11-19T21:18:18",0,False
"Ramin, Farah_2025-11-19T21:18:18",0,True
"Jackson, Veronica_2025-11-19T21:18:18",1,True
"James, Hannah F._2025-11-19T21:18:18",0,False
"Provyn, Steven_2025-11-19T21:18:18",0,True
"Snoeck, Thyl_2025-11-19T21:18:18",0,False
"Claeys, Philippe_2025-11-19T21:18:18",0,False
"D'Andrea, William J._2025-11-19T21:18:19",0,False
"Cassiani, Massimo_2025-11-19T21:18:19",0,True
"Evangeliou, Nikolaos_2025-11-19T21:18:19",1,True
"Čavka, Mislav_2025-11-19T21:23:03",1,True
"Gascho, Dominic_2025-11-19T21:17:07",1,True
"Harvey, Laura_2025-11-19T21:17:07",0,False
"Park, Justin G._2025-11-19T21:18:20",0,False
"Danielisová, Alžběta_2025-11-19T21:18:20",1,True
"Kertes, Samuel_2025-11-19T21:18:20",0,True
"Ackerman, Lukáš_2025-11-19T21:18:20",0,True
Ainhoa Alonso-Olazabal_2025-11-19T21:18:22,0,False
Maria Cruz Zuluaga_2025-11-19T21:18:22,0,True
Luis Ángel Ortega_2025-11-19T21:18:22,0,True
"Yuan, Victor_2025-11-19T21:18:22",0,True
"Nyman, Perin Joy Westerhof_2025-11-19T21:18:22",0,True
"García-Romero, Ruth_2025-11-19T21:18:21",0,False
"Cancho Candela, Ramón_2025-11-19T21:18:21",0,False
"Peña Segura, José Luis_2025-11-19T21:18:21",0,False
"Navas-López, Víctor Manuel_2025-11-19T21:18:21",0,False
"Díaz Martín, Juan José_2025-11-19T21:18:21",0,True
"Alonso Curco, Xenia_2025-11-19T21:18:21",0,False
"Arriola, Gema_2025-11-19T21:18:21",0,False
"Barredo Valderrama, Estibaliz_2025-11-19T21:18:21",0,False
"Blanco Martínez, Bárbara_2025-11-19T21:18:21",0,False
"Bodas Pinedo, Andrés_2025-11-19T21:18:21",0,False
"Galicia Poblet, Gonzalo_2025-11-19T21:18:21",0,False
"García Ribes, Ainhoa_2025-11-19T21:18:21",0,False
"García Ron, Adrián_2025-11-19T21:18:21",0,False
"Málaga Diéguez, Ignacio_2025-11-19T21:18:21",0,False
"Rodríguez Martínez, Alejandro_2025-11-19T21:18:21",0,False
"Ruiz García, Cesar_2025-11-19T21:18:21",0,False
"de los Santos, Mariela_2025-11-19T21:18:21",0,False
"Tolín Hernani, Mar_2025-11-19T21:18:21",0,False
"Tutau Gomez, Carlos_2025-11-19T21:18:21",0,False
"Vegas Álvarez, Ana María_2025-11-19T21:18:21",0,False
"Bates, Catherine_2025-11-19T21:18:23",1,True
"Werth, Tiffany Jo_2025-11-19T21:18:23",1,True
"Alcouffe, Alain_2025-11-19T21:18:23",1,True
"Moore, Andrew_2025-11-19T21:18:23",1,True
"John, Alison_2025-11-19T21:18:23",0,False
"Ross, Alan J._2025-11-19T21:18:23",0,False
"Browell, Geoff_2025-11-19T21:18:23",1,True
"Chanin, Eileen_2025-11-19T21:18:23",1,True
"Lee, Juhyeon_2025-11-19T21:18:24",0,True
"Huang, Yilei_2025-11-19T21:18:24",0,False
"Hajnal, Zsuzsanna_2025-11-19T21:18:24",0,False
"Mateovics-László, Orsolya_2025-11-19T21:18:24",0,False
"Mészáros, Boglárka_2025-11-19T21:18:24",0,True
"Miller, Bryan_2025-11-19T21:18:24",1,True
"Samashev, Zainolla_2025-11-19T21:18:24",1,True
"Childebayeva, Ainash_2025-11-19T21:18:24",0,True
"Djansugurova, Leyla_2025-11-19T21:18:24",1,True
"Rogol, Alan D_2025-11-19T21:18:24",1,True
"Cappa, Marco_2025-11-19T21:18:24",1,True
"Peyroteo Stjerna, Rita_2025-11-19T21:18:26",2,True
"Crombé, Philippe_2025-11-19T21:18:26",1,True
"Elliott, Ben_2025-11-19T21:18:26",0,False
"Knutsson, Kjel_2025-11-19T21:18:26",1,True
"De Vito, Giovanni_2025-11-19T21:18:28",1,True
"Del Vecchio, Rocco Loris_2025-11-19T21:18:28",0,False
"Luoni, Alessandro_2025-11-19T21:18:28",0,False
"Spinazze’, Andrea_2025-11-19T21:18:28",0,True
"Cavallo, Domenico Maria_2025-11-19T21:18:28",0,False
"Mainardi, Federico_2025-11-19T21:18:28",0,True
"Maggioni, Ferdinando_2025-11-19T21:18:28",0,True
"Jäckh, Theresa_2025-11-19T21:18:28",1,True
"Ali, Hossameldin_2025-11-19T21:18:28",0,False
"Nolan, Blair_2025-11-19T21:18:29",0,True
"Fritz, Sandra Tornberg_2025-11-19T21:18:29",0,False
"Derudas, Paola_2025-11-19T21:18:29",1,True
"Dininno, Domenica_2025-11-19T21:18:29",0,False
"Tornberg, Anna_2025-11-19T21:18:29",1,True
"Toso, Alice_2025-11-19T21:18:29",1,True
"Casimiro, Silvia_2025-11-19T21:18:29",0,True
"Oxborough, Charlotte_2025-11-19T21:18:29",0,False
"Schifano, Simona_2025-11-19T21:18:29",0,False
"García-Collado, Maite I_2025-11-19T21:18:29",0,False
"Cardoso, Francisca Alves_2025-11-19T21:18:29",1,True
"Soares, Joaquina_2025-11-19T21:18:29",1,True
"Filipe, Vanessa_2025-11-19T21:18:29",0,False
"da Silva Gonçalves, Maria José_2025-11-19T21:18:29",0,False
"Neto, Nuno_2025-11-19T21:18:29",0,False
"Rebelo, Paulo_2025-11-19T21:18:29",1,True
"da Silva, Rodrigo Banha_2025-11-19T21:18:29",0,False
"de Castro Filipe, Anabela Novais_2025-11-19T21:18:29",0,False
"Kokkelmans, Joachim_2025-11-19T21:18:29",0,True
"Vogt, Barbara_2025-11-19T21:18:29",1,True
"Hägglund, Anna-Stina_2025-11-19T21:18:29",1,True
"Dubourg, Ninon_2025-11-19T21:18:29",1,True
"Scalenghe, Sara_2025-11-19T21:18:29",1,True
"Verstraete, Pieter_2025-11-19T21:18:29",1,True
"Niinesalu-Moon, Maris_2025-11-19T21:18:30",0,True
"Mägi, Marika_2025-11-19T21:18:30",1,True
"Oras, Ester_2025-11-19T21:18:30",1,True
"Rodrigues, Simão_2025-11-19T21:18:30",1,True
"Monteiro, Rita_2025-11-19T21:18:30",0,False
"Rovira Gomar, María Luisa_2025-11-19T21:18:30",0,False
"Pascual Beneyto, Josep_2025-11-19T21:18:30",0,False
"Jayawickrama, Janaka_2025-11-19T21:18:31",0,True
"Madhanagopal, Devendraraj_2025-11-19T21:18:31",1,True
"Perry, Alan_2025-11-19T21:18:31",1,True
"Brandt, Emrys_2025-11-19T21:18:31",0,False
"Jones, Mya_2025-11-19T21:18:31",0,False
"G-Gonzᬥz, Susana_2025-11-19T21:18:31",0,False
"Balboa Arregui, Miguel Oscar_2025-11-19T21:18:31",0,False
"Xim鮥z De Embún, Teresa_2025-11-19T21:18:31",0,False
"de Haro Reyes, Bernardo_2025-11-19T21:18:31",0,True
"Palmé, Anna_2025-11-19T21:18:31",0,True
"Fitzgerald, Heli_2025-11-19T21:18:31",0,True
"Göransson, Magnus_2025-11-19T21:18:31",0,True
"Lyytikäinen, Virva_2025-11-19T21:18:31",0,True
"Madsen, Bjarke_2025-11-19T21:18:31",0,True
"Normand, Signe_2025-11-19T21:18:31",1,True
"Thorbjörnsson, Hjörtur_2025-11-19T21:18:31",0,True
"Treier, Urs Albert_2025-11-19T21:18:31",0,True
"Hagenblad, Jenny_2025-11-19T21:18:31",1,True
"Snape, Lisa M._2025-11-19T21:18:31",0,True
"Ricci, Andrea_2025-11-19T21:18:31",0,True
"Lawrence, Dan E._2025-11-19T21:18:31",1,True
"Aliyev, Tevekkül_2025-11-19T21:18:31",1,True
"Helwing, Barbara_2025-11-19T21:18:31",4,True
"Danielewski, Marcin_2025-11-19T21:18:32",1,True
"Fiołna, Sabina_2025-11-19T21:18:32",0,True
"Gromig, Raphael_2025-11-19T21:18:32",1,True
"Guzowski, Piotr_2025-11-19T21:18:32",1,True
"Haghipour, Negar_2025-11-19T21:18:32",0,False
"Kołaczek, Piotr_2025-11-19T21:18:32",1,True
"Niebieszczański, Jakub_2025-11-19T21:18:32",1,True
"Sankiewicz, Paweł_2025-11-19T21:18:32",1,True
"Wagner, Bernd_2025-11-19T21:18:32",0,True
"Carvalhal, Hélder_2025-11-19T21:18:32",1,True
"Lucassen, Jan_2025-11-19T21:18:32",1,True
"Stephenson, Judy Z._2025-11-19T21:18:32",1,True
"de Zwart, Pim_2025-11-19T21:18:32",1,True
"Zeman, Tomáš_2025-11-19T21:18:32",1,True
"Haberfield, George_2025-11-19T21:18:32",0,True
"Zhang, Mengyao_2025-11-19T21:18:32",0,True
"Knowles, Timothy D._2025-11-19T21:18:32",0,True
"Schlütz, Frank_2025-11-19T21:18:32",1,True
"Bittmann, Felix_2025-11-19T21:18:32",1,True
"Jahns, Susanne_2025-11-19T21:18:32",0,False
"Shumilovskikh, Lyudmila_2025-11-19T21:18:32",1,True
"Baumecker, Michael_2025-11-19T21:18:32",0,False
"Belém, Inês_2025-11-19T21:18:34",0,False
"Santana, Jonathan_2025-11-19T21:18:34",0,True
"Del Pino Curbelo, Miguel_2025-11-19T21:18:34",1,True
"Iriarte, Eneko_2025-11-19T21:18:34",0,False
"Morales, Jacob_2025-11-19T21:18:34",0,False
"Caro, José L_2025-11-19T21:18:34",1,True
"Fregel, Rosa_2025-11-19T21:18:34",0,False
"García González, Rebeca_2025-11-19T21:18:34",0,False
"Rodríguez Rodríguez, Amelia_2025-11-19T21:18:34",1,True
"Silva, Raiza Lima_2025-11-19T21:18:34",0,True
"da Silva e Sousa, Francisca Isabelle_2025-11-19T21:18:34",0,True
"Ferreira da Silva, Gabriel Lucas_2025-11-19T21:18:34",0,True
"Almeida, Victória Danielly Rabelo_2025-11-19T21:18:34",0,True
"Silva, Simão Barbosa_2025-11-19T21:18:34",0,True
"Mendes Santos Freire, Mateus_2025-11-19T21:18:34",0,True
"Loiola Ponte de Souza, Marcellus Henrique_2025-11-19T21:18:34",0,True
"Braga, Lucia Libanez Bessa Campelo_2025-11-19T21:18:34",0,True
"Vasileiou, T.K._2025-11-19T21:18:34",0,True
"Vionis, Athanasios K._2025-11-19T21:36:08",1,True
"Becker, Jeannette_2025-11-19T21:18:34",1,True
"Taylor, Bonnie R._2025-11-19T21:18:35",0,True
"Manakhov, A D_2025-11-19T21:18:35",0,False
"Pezhemsky, D V_2025-11-19T21:18:35",0,False
"Gardner, Laura Lynne_2025-11-19T21:18:35",0,True
"Abramovich, William_2025-11-19T21:18:35",0,False
"Romanov, Misha_2025-11-19T21:18:35",0,False
"Almer, Jonathan D_2025-11-19T21:18:35",0,True
"Jacobsen, Steven D_2025-11-19T21:18:35",1,True
"Gonzalez, Gabriela B_2025-11-19T21:18:35",0,True
"Stock, Stuart R_2025-11-19T21:18:35",1,True
"Miano, Daniele_2025-11-19T21:18:35",2,True
"Thornton, John_2025-11-19T21:18:35",0,False
"Inglebert, Hervé_2025-11-19T21:18:35",1,True
"Staub, Martial_2025-11-19T21:18:35",2,True
"Vidal, Silvina Paula_2025-11-19T21:18:35",0,True
"Manakhov, P. D._2025-11-19T21:18:36",0,False
"Strikalov, I. Yu_2025-11-19T21:18:36",0,False
"Štubňa, Ján_2025-11-19T21:18:36",1,True
"Fülöp, Réka_2025-11-19T21:18:36",0,False
"Eleuov, Madyar_2025-11-19T21:18:37",0,False
"Sala, Renato_2025-11-19T21:18:37",1,True
"Deom, Jean-Marc_2025-11-19T21:18:37",0,False
"Moldakhmet, Arkhad_2025-11-19T21:18:37",0,False
"Esen, Syrym_2025-11-19T21:18:37",0,False
"Hartl, Ingrid_2025-11-19T21:18:37",0,False
"Löhr, Nadine_2025-11-19T21:18:37",0,False
"Kaaouas, Nadia_2025-11-19T21:18:38",1,True
"Wiegand, Marvin_2025-11-19T21:18:38",1,True
"Czaja-Szewczak, Barbara_2025-11-19T21:50:54",1,True
"Mahler, Robert_2025-11-19T21:18:40",2,True
"Bendő, Zsolt_2025-11-19T21:18:40",1,True
"Váczi, Tamás_2025-11-19T21:18:40",1,True
"Gledhill, Jonathan_2025-11-19T21:18:42",1,True
"Jobson, Adrian_2025-11-19T21:18:42",1,True
"Sántha, István_2025-11-19T21:18:44",1,True
"Lajtai, László_2025-11-19T21:18:44",0,True
"Allen, Joanne_2025-11-19T21:18:44",1,True
"Dresvina, Juliana_2025-11-19T21:18:44",2,True
"Piron, Willy_2025-11-19T21:18:44",1,True
"Theunissen, Christel_2025-11-19T21:18:44",1,True
"Zurlini, Fabiola_2025-11-19T21:18:45",1,True
Yusupov A.F._2025-11-19T21:18:45,0,True
Ganiev R.T._2025-11-19T21:18:46,0,True
Butsyk P.I._2025-11-19T21:18:46,0,True
Khamzin I.R._2025-11-19T21:18:46,0,True
Margaryan G._2025-11-19T21:18:46,0,False
Harutyunyan A._2025-11-19T21:18:46,0,False
"Orlova, Elizaveta_2025-11-19T21:18:46",1,True
"Batalova, Vlada_2025-11-19T21:18:46",0,True
"Pereskokov, Mikhail_2025-11-19T21:18:46",0,True
"Katsikas, Stefanos_2025-11-19T21:18:46",1,True
"Hall, Jonathan_2025-11-19T21:28:05",2,True
"Dupont, Anthony_2025-11-19T21:18:46",1,True
"Malavasi, Giulio_2025-11-19T21:18:46",1,True
"Matz, Brian_2025-11-19T21:18:46",0,True
"Stucco, Guido_2025-11-19T21:18:46",1,True
"Maltsev, Vladimir V._2025-11-19T21:18:46",0,True
"Plemmons, Alicia M._2025-11-19T21:18:46",0,True
"Bully, Sébastien_2025-11-19T21:18:47",1,True
"Čaušević-Bully, Morana_2025-11-19T21:18:47",1,True
"Viret, Jérémie_2025-11-19T21:18:47",1,True
"Acheré, Vincent_2025-11-19T21:18:47",1,True
"Hérouin, Stéphane_2025-11-19T21:18:47",0,True
"Rivière, Julie_2025-11-19T21:18:47",1,True
Nolwenn Corriou_2025-11-19T21:18:47,1,True
"Girinon, Armelle_2025-11-19T21:18:47",1,True
"Gadrat-Ouerfelli, Christine_2025-11-19T21:18:47",1,True
"Lecroère, Thomas_2025-11-19T21:18:48",1,True
"Sellès, Hervé_2025-11-19T21:18:48",1,True
"Pichon, Isabelle_2025-11-19T21:18:48",0,True
"Livet, Jérôme_2025-11-19T21:18:48",1,True
"Chaudriller, Séverine_2025-11-19T21:18:48",1,True
"Hallavant, Charlotte_2025-11-19T21:18:48",1,True
"Decaix, Alexia_2025-11-19T21:18:48",1,True
"Derreumaux, Marie_2025-11-19T21:18:48",0,False
Catherine Mazauric_2025-11-19T21:18:48,1,True
Anna Proto Pisani_2025-11-19T21:18:48,0,False
"Desbrosse-Degobertière, Stéphanie_2025-11-19T21:18:49",1,True
"Alberti, Géraldine_2025-11-19T21:18:50",1,True
"Plotard, Rémi_2025-11-19T21:19:10",1,True
"Trivellone, Alessia_2025-11-19T21:19:10",2,True
Andreas Lehnertz_2025-11-19T21:19:11,1,True
Eva-Maria Cersovsky_2026-01-27T20:28:09,0,False
"Flammin, Anne_2025-11-19T21:19:40",0,True
"Servais, Anne_2025-11-19T21:19:28",1,True
"Nicolaus, Aurélie_2025-11-19T21:19:28",1,True
"Lalot, Thierry_2025-11-19T21:19:28",1,True
"Collavini, Simone Maria_2025-11-19T21:19:28",1,True
"Gillon, Pierre_2025-11-19T21:19:29",1,True
"Raffestin, Philippe_2025-11-19T21:19:29",0,False
"Boyard, Maureen_2025-11-19T21:19:29",1,True
"Sanzey, Sophie_2025-11-19T21:19:29",1,True
"Zéringer, Léa_2025-11-19T21:19:29",1,True
"Saliou, Simon_2025-11-19T21:19:29",0,False
"Girault, Clémentine_2025-11-19T21:19:30",1,True
"Mousnier-Lompré, Jeanne_2025-11-19T21:19:30",0,False
"Boudartchouk, Jean-Luc_2025-11-19T21:19:34",1,True
"Sapin, Christian_2025-11-19T21:19:39",1,True
"Plagnieux, Philippe_2025-11-19T21:20:17",1,True
"Jang, Kwangchul_2025-11-19T21:20:25",0,False
"Ahn, Youngkyu_2025-11-19T21:20:25",0,False
"Joe, Young Jin_2025-11-19T21:20:25",0,False
"Son, Eun Jin_2025-11-19T21:20:25",0,False
"Kwon, Sae Yun_2025-11-19T21:20:25",0,False
"Kim, Jung-Hyun_2025-11-19T21:20:25",0,False
"Vogt, Christoph_2025-11-19T21:20:25",0,False
"Forwick, Matthias_2025-11-19T21:20:25",1,True
"Byun, Eunji_2025-11-19T21:20:25",0,False
"Nam, Seung-Il_2025-11-19T21:20:25",0,False
Svetlana A. Kirillina_2025-11-19T21:20:25,0,False
Yazgul R. Rakhimova_2025-11-19T21:20:25,0,False
Wilhelm Ákos S._2025-11-19T21:20:25,0,True
Paku Sándor_2025-11-19T21:20:25,0,True
Bokijon Kh Matbabaev_2025-11-19T21:20:26,0,False
Alexander A. Oparin_2025-11-19T21:20:26,0,False
Sergey G. Botalov_2025-11-19T21:20:26,0,True
Korusenko M.A._2025-11-19T21:20:26,0,True
Gerasimov YuV._2025-11-19T21:20:26,0,False
Zdor M.Yu_2025-11-19T21:20:26,0,True
Nikita S. Savelev_2025-11-19T21:20:27,0,True
Ravil G. Kurmanov_2025-11-19T21:20:27,0,False
"Gaspani, Adriano_2025-11-19T21:26:28",0,False
Stefano Spagocci_2025-11-19T21:20:27,0,False
Akhatov Gaziz A._2025-11-19T21:20:27,0,False
Bisembaev Arman A._2025-11-19T21:20:27,0,False
Khavansky Alexey I._2025-11-19T21:20:27,0,False
Esra Eken Güney_2025-11-19T21:20:28,0,False
Burcu Taşcı_2025-11-19T21:20:28,0,True
Dmitry S. Ikonnikov_2025-11-19T21:20:28,0,False
Oleg V. Kalmin_2025-11-19T21:20:28,0,False
Olga A. Kalmina_2025-11-19T21:20:28,0,False
Marta Luciani_2025-11-19T21:20:28,2,True
Ahmed M. Abualhassan_2025-11-19T21:20:28,0,False
Daniel Giddings Vassão_2025-11-19T21:20:28,0,True
Xavier Costa-Badia_2025-11-19T21:20:28,0,True
Marta  Sancho i Planas_2025-11-19T21:20:28,0,True
"Dickson, Morgan_2025-11-19T21:20:31",1,True
"Moghaddassi, Fanny_2025-11-19T21:20:31",1,True
"Chevalier, Pascale_2025-11-19T21:20:31",1,True
"Devillechaise, Aurélie_2025-11-19T21:20:31",1,True
"Gourhand, Cécile_2025-11-19T21:20:31",1,True
"Mérel-Brandenburg, Anne-Bénédicte_2025-11-19T21:20:31",1,True
"Millereux, Arnaud_2025-11-19T21:20:31",0,True
"Nouvel, Blandine_2025-11-19T21:20:31",1,True
"Roger, Amélie_2025-11-19T21:20:31",1,True
"Rousseau, Vincent_2025-11-19T21:20:31",1,True
"Sauvage-Cerisier, Manon_2025-11-19T21:20:31",1,True
"Strzelecki, Damien_2025-11-19T21:20:31",0,False
"Jia, Xiaowen_2025-11-19T21:20:31",0,False
"Tavartkiladze, Nino_2025-11-19T21:20:31",1,True
"Bitadze, Liana_2025-11-19T21:20:31",0,False
"Shengelia, Ramaz_2025-11-19T21:20:31",0,True
"Tushabramishvili, Nikoloz_2025-11-19T21:20:31",1,True
"Aslanishvili, Vladimer_2025-11-19T21:20:31",0,False
"Kandel, Andrew W._2025-11-19T21:20:31",1,True
"Naumann, David_2025-11-19T21:20:31",1,True
"Bianco, Raffaela Angelina_2025-11-19T21:20:31",0,False
"Mötsch, Angela_2025-11-19T21:20:31",1,True
"Prüfer, Kay_2025-11-19T21:20:31",1,True
"Lamnidis, Thiseas C._2025-11-19T21:20:31",1,True
"Stockhammer, Philipp W._2025-11-19T21:20:31",1,True
"Bouiron, Marc_2025-11-19T21:20:32",1,True
"Settipani, Christian_2025-11-19T21:20:32",1,True
"Tranier, Éric_2025-11-19T21:20:32",0,False
"Claustre, Françoise_2025-12-29T17:54:12",1,True
"Lafaurie, Jean_2025-12-29T17:54:13",0,False
"Kotarba, Jérôme_2025-12-29T17:54:13",1,True
"Duchesne, Sylvie_2025-12-29T17:54:13",0,True
"Frangin, Elsa_2025-12-29T17:54:13",0,False
"Keßels, Johannes_2025-11-19T21:20:32",0,True
"Swieder, Anna_2025-11-19T21:20:32",2,True
"Schulte, Philipp_2025-11-19T21:20:32",1,True
"Alper, Götz_2025-11-19T21:20:32",1,True
"Tober, Christopher_2025-11-19T21:20:32",0,False
"Vivanco Pomacanchari, Cirilo_2025-11-19T21:21:14",1,True
"Aramburu Venegas, Dannal_2025-11-19T21:21:14",0,False
"Béghin, Mathieu_2025-11-19T21:21:14",1,True
"Bray, Victoria_2025-11-19T21:21:14",0,False
"McCluskey, Berny_2025-11-19T21:21:14",0,False
"Keefe, Katie_2025-11-19T21:21:14",0,True
"Langley, Kate_2025-11-19T21:21:14",0,True
"Hilmarsdóttir, Sólveig_2025-11-19T21:21:15",0,True
"Chruickshank, Marit_2025-11-19T21:21:15",0,True
"Myrstad, Ragnhild_2025-11-19T21:21:15",1,True
"Franklin, Kate_2025-11-19T21:21:15",1,True
"Babajanyan, Astghik_2025-11-19T21:21:15",0,True
"Picavet, Paul_2025-11-19T21:21:15",1,True
"Goovaerts, Thomas_2025-11-19T21:21:15",0,True
"Leduc, Thierry_2025-11-19T21:21:15",1,True
"Naessens, Fien_2025-11-19T21:21:15",0,True
"Nijland, Timo G._2025-11-19T21:21:15",0,False
"Reniere, Sibrecht_2025-11-19T21:21:15",1,True
"Goemaere, Éric_2025-11-19T21:21:15",0,True
"Klostermann, Paul_2025-11-19T21:21:15",1,True
"Pany-Kucera, Doris_2025-11-19T21:21:15",0,False
"Berner, Margit_2025-11-19T21:21:15",1,True
"Eggers, Sabine_2025-11-19T21:21:15",1,True
"Lewis, Mary_2025-11-19T21:21:15",2,True
"Bonucci, Biancamaria_2025-11-19T21:21:16",0,True
"Barbieri, Rémi_2025-11-19T21:21:16",1,True
Vincent Vilmain_2025-11-19T21:21:17,1,True
Sawsen El Jeljal_2026-01-27T20:28:18,0,False
Mathilde Plais_2026-01-27T20:28:18,0,False
"Duchêne, Stéphanie_2025-11-19T21:21:17",0,True
"Caffy, Ingrid_2025-11-19T21:21:17",0,True
"Bellot-Gurlet, Ludovic_2025-11-19T21:21:17",1,True
"Berné, Damien_2025-11-19T21:21:17",1,True
"Corsino Roche, Pilar_2025-11-19T21:21:18",0,False
"Casanovas-Marsal, Josep-Oriol_2025-11-19T21:21:18",0,False
"García López, Santiago_2025-11-19T21:21:18",0,False
"Vicente Lidón, Raquel_2025-11-19T21:21:18",0,False
"Sierra Moros, Eva_2025-11-19T21:21:18",0,False
"Gallego Montañés, Sonia_2025-11-19T21:21:18",0,False
"Casas Deza, Diego_2025-11-19T21:21:18",0,False
"Vicente Manso, Laura_2025-11-19T21:21:18",0,False
"Lafarga-Molina, Laura_2025-11-19T21:21:18",0,False
"Grumt Suárez, Melanie_2025-11-19T21:21:18",1,True
"Reitzenstein, Markus_2025-11-19T21:21:18",1,True
"Rozhdestvenskikh, E V_2025-11-19T21:21:18",0,True
"Khodyreva, D S_2025-11-19T21:21:18",0,True
"Evteev, A A_2025-11-19T21:21:18",0,True
"Batsukh, Dunburee_2025-11-19T21:21:18",0,True
"Bayarkhuu, Noost_2025-11-19T21:21:18",1,True
"Turbat, Tsagaan_2025-11-19T21:21:18",1,True
"Marić, Miroslav M._2025-11-19T21:21:19",0,True
"Bogosavljević-Petrović, Vera Ž._2025-11-19T21:21:19",0,False
"Arrighetti, Andrea_2025-11-19T21:21:19",1,True
"Castelli, Viviana_2025-11-19T21:21:19",0,False
"Yermokhin, Maxim_2025-11-19T21:21:19",0,True
"Zunde, Māris_2025-11-19T21:21:19",0,False
"Llopis-Roca, Ferran_2025-11-19T21:21:19",0,True
"Suárez-Lledó, Ana_2025-11-19T21:21:19",0,True
"Rebollo-Curbelo, Alexis_2025-11-19T21:21:19",0,True
"Calatayud-Samper, Laura_2025-11-19T21:21:19",0,True
"Urdániz-Fraguas, María Jesús_2025-11-19T21:21:19",0,True
"Márquez-Rodríguez, Francisca_2025-11-19T21:21:19",0,True
"Castellote-Alonso, José_2025-11-19T21:21:19",0,True
"Carrodeguas, Alba_2025-11-19T21:21:19",0,True
"González-Sánchez, José Luis_2025-11-19T21:21:19",0,True
"Malchair, Pierre_2025-11-19T21:21:19",0,True
"Krasnova, Diana_2025-11-19T21:21:19",0,True
"Grinavica, Maria_2025-11-19T21:21:19",0,False
"Ladle, Lilian_2025-11-19T21:21:20",1,True
"Schiffels, Stephan_2025-11-19T21:21:20",1,True
"Kenyon, Robert_2025-11-19T21:21:20",0,False
"Warburton, Keziah_2025-11-19T21:21:20",0,True
"Chobanov, Todor_2025-11-19T21:21:20",0,False
"Stamov, Svetoslav_2025-11-19T21:21:20",0,False
"Regner, Elisabet_2025-11-19T21:21:20",1,True
"Davies, Owen_2025-11-19T21:21:21",1,True
"Houlbrook, Ceri_2025-11-19T21:21:21",1,True
"Dingemans, Theodore_2025-11-19T21:21:21",0,False
"Schoolman, Edward M._2025-11-19T21:32:17",1,True
"Piovesan, Gianluca_2025-11-19T21:21:21",0,True
"Csank, Adam_2025-11-19T21:21:21",0,False
"Cantini, Federico_2025-11-19T21:21:21",1,True
"Palli, Jordan_2025-11-19T21:21:21",0,False
"Zanchetta, Giovani_2025-11-19T21:21:21",0,False
"Bini, Monica_2025-11-19T21:21:21",1,True
"Dunn, Michael_2025-11-19T21:21:23",1,True
"Vandewinkel, Sigi_2025-11-19T21:21:23",0,False
"Tresoldi, Tiago_2025-11-19T21:21:23",0,False
"Niedenthal, Tobias_2025-11-19T21:21:23",0,True
"Baez, Kandace_2025-11-19T21:21:23",0,False
"Iker, Tabitha_2025-11-19T21:21:23",0,False
"Garbe, Leif-Alexander_2025-11-19T21:21:23",0,False
"Schmidt, Sabine_2025-11-19T21:21:23",1,True
"Iratcabal, Vincent_2025-11-19T21:21:23",0,True
"Dubosq, Nicolas_2025-11-19T21:21:23",1,True
"Billy, Isabelle_2025-11-19T21:21:23",0,False
"Ther, Olivier_2025-11-19T21:21:23",1,True
"Deflandre, Bruno_2025-11-19T21:21:23",1,True
"Gmińska-Nowak, Barbara_2025-11-19T21:21:24",0,True
"Raczkowski, Juliusz_2025-11-19T21:21:24",1,True
"Chlebus, Ewa_2025-11-19T21:21:24",0,True
"Krooks, Beatrice_2025-11-19T21:21:24",0,True
"Kivikero, Hanna_2025-11-19T21:21:24",0,True
"Bungenstock, Friederike_2025-11-19T21:21:25",1,True
"Simons, Greg_2025-11-19T21:21:25",1,True
"Glaser, Marina_2025-11-19T21:21:25",0,True
"Krivushin, Ivan_2025-11-19T21:21:25",0,True
"Volosyuk, Olga_2025-11-19T21:21:25",0,False
"Bartolozzi, Giovanni_2025-11-19T21:21:25",1,True
"Corallini, Americo_2025-11-19T21:21:25",0,True
"Fornacelli, Cristina_2025-11-19T21:21:25",0,False
"Gualini, Elisa_2025-11-19T21:21:25",0,True
"Picollo, Marcello_2025-11-19T21:21:25",1,True
"Sulas, Federica_2025-11-19T21:21:25",1,True
"Nicosia, Cristiano_2025-11-19T21:21:25",1,True
"Kristiansen, Søren Munch_2025-11-19T21:21:25",1,True
"Berikashvili, David_2025-11-19T21:21:25",0,True
"Kvakhadze, Levan_2025-11-19T21:21:25",0,True
"Tvaladze, Shota_2025-11-19T21:21:25",0,False
"Kvavadze, Eliso_2025-11-19T21:21:25",0,False
"Mazzei, Barbara_2025-11-19T21:21:26",1,True
"Kroesen, Justin E.A._2025-11-19T21:22:37",1,True
"Wirth, Klaus_2025-11-19T21:22:46",1,True
"Pryor, Alexander_2025-11-19T21:22:54",0,False
"Baker, Gary_2025-11-19T21:16:40",0,True
"Kanne, Katherine_2025-11-19T21:22:54",1,True
"Milton, J_2025-11-19T21:22:54",0,False
"Standish, Christopher_2025-11-19T21:22:54",0,False
"Hambach, Bastian_2025-11-19T21:16:40",0,True
"Chauvey, Lorelei_2025-11-19T21:16:40",0,True
"Schiavinato, Stephanie_2025-11-19T21:16:40",0,True
"Calvière-Tonasso, Laure_2025-11-19T21:16:40",0,True
"Tressières, Gaetan_2025-11-19T21:16:40",0,True
"Wagner, Stefanie_2025-11-19T21:16:40",1,True
"Southon, John_2025-11-19T21:16:40",1,True
"Shapiro, Beth_2025-11-19T21:16:40",1,True
"Koch, Ursula_2025-11-19T21:22:54",1,True
"Göransson, Elisabet_2025-11-19T21:22:59",1,True
"Bengtsson Melin, Pia_2025-11-19T21:22:59",1,True
"Silva, Rosalina De Godoy Dias da_2025-11-19T21:22:59",0,True
"Diniz Lima, Alan_2025-11-19T21:22:59",0,False
"Couto, Nuno_2025-11-19T21:23:00",0,False
"Silva, Adriana_2025-11-19T21:23:00",0,False
"Duarte, Francisca_2025-11-19T21:23:00",0,True
"Cid, Luis_2025-11-19T21:23:00",0,True
"Bento, Teresa_2025-11-19T21:23:00",0,True
"Santos-Rocha, Rita_2025-11-19T21:23:00",1,True
"Brito, Joao Paulo_2025-11-19T21:23:00",0,False
"Vitorino, Anabela_2025-11-19T21:23:00",0,False
"González Gijón, Gracia_2025-11-19T21:23:00",0,False
"Jiménez Ríos, Francisco Javier_2025-11-19T21:23:00",1,True
"Ruiz Garzón, Francisca_2025-11-19T21:23:00",0,False
"Soriano Díaz, Andrés_2025-11-19T21:23:00",0,True
"КОТОВИЧ , Віра_2025-11-19T21:23:00",0,False
"МАЦЬКІВ, Петро_2025-11-19T21:23:00",0,False
"Wajda, Sylwia_2025-11-19T21:23:01",1,True
"Florkiewicz, Iwona_2025-11-19T21:23:01",1,True
"Jansen, Moritz_2025-11-19T21:23:01",0,True
"Marciniak-Maliszewska, Beata_2025-11-19T21:23:01",1,True
"Wołoszyn, Marcin_2025-11-19T21:23:01",0,False
"Ferrari, Manuel_2025-11-19T21:23:02",0,False
"Zilocchi, Barbara_2025-11-19T21:23:02",1,True
"Speecke, Mathijs_2025-11-19T21:23:02",0,False
"Gutjahr, Christoph_2025-11-19T21:23:02",1,True
"Karl, Stephan_2025-11-19T21:23:02",1,True
"Greiner, Christian_2025-11-19T21:23:02",1,True
"Das, S.K._2025-11-19T21:23:02",0,True
"Ekblad, A._2025-11-19T21:23:02",0,True
"Stojanović, Ksenija A._2025-11-19T21:23:02",0,False
"Mikusinska, A._2025-11-19T21:23:02",0,False
"Mitrović, D._2025-11-19T21:23:02",0,False
"Cui, Q-Y._2025-11-19T21:23:02",0,False
"Ciccarelli, Elena_2025-11-19T21:23:03",0,False
"Damiani, Linda_2025-11-19T21:23:03",0,False
"Fusari, Samantha_2025-11-19T21:23:03",0,False
"Grassetti, Emanuela_2025-11-19T21:23:03",0,False
"Iacopini, Sofia_2025-11-19T21:23:03",0,False
"Marziali, Andrea_2025-11-19T21:23:03",0,False
"Pieragostini, Francesco_2025-11-19T21:23:03",0,False
"Tadolti, Matteo_2025-11-19T21:23:03",0,False
"Tomassoni, Roberto_2025-11-19T21:23:03",0,False
"Mišić, Slobodan_2025-11-19T21:23:07",0,True
"Obradović, Marija_2025-11-19T21:23:07",1,True
"Mrkonjić, Zorica_2025-11-19T21:23:08",0,True
"Bojović, Mirjana_2025-11-19T21:23:08",0,False
"Srećkov, Zorana_2025-11-19T21:23:08",0,True
"Vasić, Vesna_2025-11-19T21:23:08",0,False
"Arsić, Jasmina_2025-11-19T21:23:08",0,True
"Stojkov, Svetlana_2025-11-19T21:23:08",0,False
"Gómez Orellana, Luis_2025-11-19T21:23:08",0,False
"Ramil Rego, Pablo_2025-11-19T21:23:08",1,True
"Martins, Manuela_2025-11-19T21:23:08",1,True
"Meireles, José_2025-11-19T21:23:08",0,False
"Ferreiro da Costa, Javier_2025-11-19T21:23:08",0,False
"Rodríguez Guitián, Manuel_2025-11-19T21:23:08",0,False
"Bilogrivic, Goran_2025-11-19T21:23:09",0,True
"Schropp, Franziska_2025-11-19T21:23:12",1,True
"Konrad, Thomas_2025-11-19T21:23:12",1,True
"Revellio, Marie_2025-11-19T21:23:12",1,True
"Reiß, Antonia_2025-11-19T21:23:12",1,True
"Ickerodt, Ulf_2025-11-19T21:23:12",1,True
"Johl, Stefan_2025-11-19T21:23:12",0,False
"Strobel, Michael_2025-11-19T21:23:12",1,True
"Kneis, Peter_2025-11-19T21:23:12",0,False
"Kaube, Olaf_2025-11-19T21:23:12",0,False
"Müller, Gert_2025-11-19T21:23:12",1,True
"Mietkiewska Brynda, Joanna_2025-11-19T21:23:12",1,True
"Makowski, Jerzy_2025-11-19T21:23:12",1,True
"Soler V, Tamara_2025-11-19T21:23:12",0,False
"Cabrera, Osvaldo_2025-11-19T21:23:12",0,False
"Gútierrez-Arias, Ruvistay_2025-11-19T21:23:12",0,False
"Lara, Francisca_2025-11-19T21:23:12",0,False
"Benavides G., María Guacolda_2025-11-19T21:23:12",0,False
"Cascianelli, Dimitri_2025-11-19T21:23:12",1,True
"Ferri, Giovanna_2025-11-19T21:23:12",1,True
"Tomasek, Stefan_2025-11-19T21:23:13",1,True
"Hart, Kiara_2025-11-19T21:23:13",0,False
"Schulte, Franziska_2025-11-19T21:23:13",1,True
"Reul, Christian_2025-11-19T21:23:13",1,True
"Hendriks, Joep_2025-11-19T21:23:13",0,True
"Hvass, Lone_2025-11-19T21:23:04",0,False
"Hvass, Steen_2025-11-19T21:23:04",1,True
"Komluski, Jovan_2025-11-19T21:23:21",0,False
"Filatova, Sofia_2025-11-19T21:23:21",0,False
"Claaßen, Benjamin_2025-11-19T21:23:21",0,False
"Stukenbrock, Eva H._2025-11-19T21:23:21",1,True
"Wittmann, Barbara_2025-11-19T21:23:21",2,True
"Mathis, Elena_2025-11-19T21:23:21",0,False
"Biborski, Marcin_2025-11-19T21:23:22",2,True
"Gołyźniak, Paweł_2025-11-19T21:23:22",0,False
"Zając, Barbara_2025-11-19T21:23:22",1,True
"Fuentes Ortiz, Ángel_2025-11-19T21:18:45",0,True
"Pompanin, Maria Teresa Chicote_2025-11-19T21:23:22",1,True
"Teijeira Pablos, María Dolores_2025-11-19T21:18:45",1,True
"Thibaut, B._2025-11-19T21:48:04",1,True
"Caré, S._2025-11-19T21:48:04",1,True
"Maurin, E._2025-11-19T21:48:04",1,True
"McPartland, John M_2025-11-19T21:48:35",0,True
"O'Sullivan, Saoirse E_2025-11-19T21:48:35",0,True
"Villanueva Blasco, Víctor José_2025-11-19T21:48:47",0,False
"González Amado, Bárbara_2025-11-19T21:48:47",0,False
"Villanueva Silvestre, Verónica_2025-11-19T21:48:47",0,False
"Vázquez-Martínez, Andrea_2025-11-19T21:48:47",0,False
"Isorna Folgar, Manuel_2025-11-19T21:48:47",1,True
"von Scheffer, Clemens_2025-11-19T21:48:53",1,True
"De Vleeschouwer, François_2025-11-19T21:22:56",1,True
"Le Roux, Gaël_2025-11-19T21:22:56",1,True
"Vallejo-Casas, Elena_2026-01-14T21:58:25",0,False
"Sánchez Romero, Margarita_2026-01-14T21:58:26",1,True
"Murillo-Barroso, Mercedes_2026-01-14T21:58:27",0,False
"Parisi, Jordi_2026-01-14T21:58:31",0,False
"Martínez de Lagran, Itziar_2026-01-14T21:58:32",0,False
"Serra-Prat, Mateu_2026-01-14T21:58:33",0,True
"Roca Fontbona, María_2026-01-14T21:58:34",0,False
"Merino, Raquel_2026-01-14T21:58:36",1,True
"de la Torre, M ª Carmen_2026-01-14T21:58:37",0,False
"Campins, Lluis_2026-01-14T21:58:38",0,False
"Yébenes, Juan Carlos_2026-01-14T21:58:39",0,False
"Erkizia-Martikorena, Aintzane_2026-01-14T21:59:32",1,True
"Martinez, Damien_2025-11-19T21:18:50",1,True
"Villaseñor Sebastián, Fernando_2025-11-19T21:23:22",1,True
"Mladenović, Teodora_2025-11-19T21:23:12",0,True
"Mladenović, Mladen_2025-11-19T21:23:12",0,True
"Kajtez, Irina_2025-11-19T21:23:12",0,False
"Matczak, Magdalena D._2026-01-14T22:00:15",0,False
"Dull, Doris_2026-01-14T22:00:16",1,True
"Zischewski, Ulrich L._2026-01-14T22:00:17",1,True
"Saggese, Adrien_2026-01-14T22:00:45",1,True
"Chevassu, Valentin_2026-01-14T22:00:46",1,True
"Grzesnik, Axelle_2026-01-14T22:00:47",0,False
"Dacko, Marion_2026-01-14T22:02:33",1,True
