source,target,weight
69825516c835c41957dfd2c5,69825517c835c41957e0086b,2
69825516c835c41957dfd2c5,69825517c835c41957dffd68,2
69825516c835c41957dfd2c5,69825516c835c41957dfb7aa,1
69825516c835c41957dfd2c5,69825517c835c41957e00222,1
69825516c835c41957dfd2c5,69825516c835c41957dfa965,1
69825516c835c41957dfd2c5,69825516c835c41957dfb443,1
69825516c835c41957dfd2c5,69825517c835c41957e00980,1
69825517c835c41957dff7f8,69825517c835c41957dffa33,2
69825517c835c41957dff7f8,69825516c835c41957dff21b,2
69825517c835c41957dff7f8,69825517c835c41957dffc6e,8
69825517c835c41957dff7f8,69825516c835c41957dfc2e0,1
69825517c835c41957dff7f8,69825517c835c41957e00841,6
69825517c835c41957dff7f8,69825516c835c41957dfd253,2
69825517c835c41957dff7f8,69825516c835c41957dfe803,5
69825517c835c41957dff7f8,69825517c835c41957dff59e,2
69825517c835c41957dff7f8,69825517c835c41957e009fc,3
69825517c835c41957dff7f8,69825517c835c41957e00e87,2
69825517c835c41957dff7f8,69825516c835c41957dfcd3b,2
69825516c835c41957dfe0c7,69825516c835c41957dfa4e0,1
69825516c835c41957dfe0c7,69825516c835c41957dfe0c8,2
69825516c835c41957dfe0c7,69825516c835c41957dfe0c6,2
69825516c835c41957dfe0c7,69825517c835c41957e00540,2
69825516c835c41957dfe0c7,69825516c835c41957dfe0c5,2
69825516c835c41957dfbbf5,69825516c835c41957dfbc10,1
69825516c835c41957dfbbf5,69825516c835c41957dfbc20,1
69825516c835c41957dfbbf5,69825516c835c41957dfbbb2,1
69825516c835c41957dfbbf5,69825516c835c41957dfbc09,1
69825516c835c41957dfbbf5,69825516c835c41957dfbbea,1
69825516c835c41957dfbbf5,69825516c835c41957dfbbf8,1
69825516c835c41957dfbbf5,69825516c835c41957dfbbd4,1
69825516c835c41957dfbbf5,69825516c835c41957dfbbb9,1
69825516c835c41957dfbbf5,69825516c835c41957dfbc2c,1
69825516c835c41957dfbbf5,69825516c835c41957dfbbe4,1
69825516c835c41957dfbbf5,69825516c835c41957dfbbfd,1
69825516c835c41957dfbbf5,69825516c835c41957dfbc0e,1
69825516c835c41957dfbbf5,69825516c835c41957dfbc27,1
69825516c835c41957dfbbf5,69825516c835c41957dfbc23,1
69825516c835c41957dfbbf5,69825516c835c41957dfbc1b,1
69825516c835c41957dfbbf5,69825516c835c41957dfbbba,1
69825516c835c41957dfbbf5,69825516c835c41957dfbc0f,1
69825516c835c41957dfbbf5,69825516c835c41957dfbbb8,1
69825516c835c41957dfbbf5,69825516c835c41957dfbbc3,1
69825516c835c41957dfbbf5,69825516c835c41957dfbbb7,1
69825516c835c41957dfd0fc,69825517c835c41957e019f9,2
69825516c835c41957dfd0fc,69825516c835c41957dfe5e5,1
69825516c835c41957dfd0fc,69825517c835c41957e009b6,3
69825516c835c41957dfd0fc,69825517c835c41957e00a2c,1
69825516c835c41957dfd0fc,69825516c835c41957df9c99,7
69825516c835c41957dfd0fc,69825517c835c41957e01a78,1
69825516c835c41957dfd0fc,69825516c835c41957dfa160,1
69825516c835c41957dfd0fc,69825517c835c41957e00648,2
69825516c835c41957dfd0fc,69825516c835c41957dfc16e,1
69825516c835c41957dfd0fc,69825516c835c41957dfc519,4
69825516c835c41957dfd0fc,69825516c835c41957dfef50,1
69825516c835c41957dfd0fc,69825517c835c41957e012b0,1
69825516c835c41957dfd0fc,69825517c835c41957e01139,1
69825516c835c41957dfd0fc,69825516c835c41957dfe2af,1
69825516c835c41957dfd0fc,69825517c835c41957e010f4,1
69825516c835c41957dfd0fc,69825516c835c41957dfe795,10
69825516c835c41957dfd0fc,69825516c835c41957dfed83,12
69825516c835c41957dfd0fc,69825516c835c41957dfb966,1
69825516c835c41957dfd0fc,69825516c835c41957dfa9e8,1
69825517c835c41957dffe41,69825517c835c41957e0174b,1
69825517c835c41957dffe41,69825516c835c41957dfdb65,1
69825517c835c41957e016c6,69825517c835c41957e016b4,2
69825517c835c41957e016c6,69825517c835c41957e01662,3
69825517c835c41957e016c6,69825517c835c41957e01620,5
69825517c835c41957e016c6,69825517c835c41957e015d3,2
69825517c835c41957e016c6,69825517c835c41957e0157c,1
69825517c835c41957e016c6,69825517c835c41957e01661,1
69825517c835c41957e016c6,69825517c835c41957e015be,3
69825517c835c41957e016c6,69825517c835c41957e015b0,4
69825517c835c41957e016c6,69825517c835c41957e01617,1
69825517c835c41957e016c6,69825517c835c41957e015db,1
69825517c835c41957e016c6,69825517c835c41957e01644,2
69825517c835c41957e016c6,69825517c835c41957e016ba,1
69825517c835c41957e016c6,69825516c835c41957dfefb2,1
69825517c835c41957e016c6,69825517c835c41957e016d1,2
69825517c835c41957e016c6,69825517c835c41957e01645,2
69825517c835c41957e016c6,69825517c835c41957e015f2,1
69825517c835c41957e016c6,69825517c835c41957e01654,1
69825517c835c41957e016c6,69825517c835c41957e016aa,1
69825517c835c41957e016c6,69825517c835c41957e015e2,1
69825517c835c41957e016c6,69825517c835c41957e016b3,1
69825517c835c41957e016c6,69825517c835c41957e01627,1
69825517c835c41957e016c6,69825517c835c41957e0161b,3
69825517c835c41957e016c6,69825517c835c41957e016b7,5
69825517c835c41957e016c6,69825517c835c41957e015cf,1
69825517c835c41957e016c6,69825517c835c41957e0164f,2
69825517c835c41957e016c6,69825517c835c41957e015a4,5
69825517c835c41957e016c6,69825517c835c41957e0161f,3
69825517c835c41957e016c6,69825517c835c41957e0168f,1
69825516c835c41957dff07c,69825516c835c41957dff0dc,1
69825516c835c41957dff07c,69825516c835c41957dff05c,1
69825516c835c41957dff07c,69825516c835c41957dff0b1,1
69825516c835c41957dff07c,69825516c835c41957dff0ba,2
69825516c835c41957dff07c,69825516c835c41957dff05e,1
69825516c835c41957dff07c,69825516c835c41957dff069,1
69825516c835c41957dff07c,69825516c835c41957dff063,1
69825516c835c41957dff07c,69825516c835c41957dff06c,1
69825516c835c41957dff07c,69825516c835c41957dff070,1
69825516c835c41957dff07c,69825516c835c41957dff090,1
69825516c835c41957dff07c,69825516c835c41957dff083,2
69825516c835c41957dff07c,69825516c835c41957dff0cd,1
69825516c835c41957dff07c,69825516c835c41957dff0d0,2
69825516c835c41957dff07c,69825516c835c41957dff0cf,2
69825516c835c41957dff07c,69825516c835c41957dff0d6,1
69825516c835c41957dff07c,69825516c835c41957dff0b3,1
69825516c835c41957dff07c,69825516c835c41957dff055,1
69825516c835c41957dff07c,69825516c835c41957dff0c8,1
69825516c835c41957dff07c,69825516c835c41957dff05f,1
69825516c835c41957dff07c,69825516c835c41957dff071,1
69825516c835c41957dff07c,69825516c835c41957dff0de,1
69825516c835c41957dff07c,69825516c835c41957dff091,1
69825516c835c41957dff07c,69825516c835c41957dff080,1
69825516c835c41957dff07c,69825516c835c41957dff064,1
69825516c835c41957dff07c,69825516c835c41957dff0b2,1
69825516c835c41957dff07c,69825516c835c41957dff082,1
69825516c835c41957dff07c,69825516c835c41957dff09e,1
69825516c835c41957dff07c,69825516c835c41957dff072,1
69825516c835c41957dff07c,69825516c835c41957dff09d,2
69825516c835c41957dff07c,69825516c835c41957dff0db,1
69825516c835c41957dff07c,69825516c835c41957dff086,1
69825516c835c41957dff07c,69825516c835c41957dff077,1
69825516c835c41957dff07c,69825516c835c41957dff0a2,1
69825516c835c41957dff07c,69825516c835c41957dff0d3,2
69825516c835c41957dff07c,69825516c835c41957dff08f,1
69825516c835c41957dff07c,69825516c835c41957dff06f,1
69825516c835c41957dff07c,69825516c835c41957dff0d9,1
69825516c835c41957dff07c,69825516c835c41957dff0d1,1
69825516c835c41957dfa8f3,69825516c835c41957dfce6c,1
69825516c835c41957dfa8f3,69825516c835c41957dfccf0,1
69825516c835c41957dfa8f3,69825516c835c41957dfcd2c,1
69825516c835c41957dfa7e6,69825516c835c41957dfb5bd,1
69825516c835c41957dfa7e6,69825516c835c41957df9e69,1
69825516c835c41957dfa7e6,69825516c835c41957dfa542,1
69825516c835c41957dfca1d,69825516c835c41957dfc943,1
69825516c835c41957dfca1d,69825517c835c41957e00334,1
69825516c835c41957dfa4f4,69825517c835c41957e01261,1
69825516c835c41957dfa4f4,69825516c835c41957dfa3d9,1
69825517c835c41957dffd69,69825516c835c41957dfe0eb,1
69825517c835c41957dffd69,69825517c835c41957dff523,2
69825516c835c41957dff31f,69825517c835c41957dff416,2
69825516c835c41957dff31f,69825516c835c41957dfc939,2
69825516c835c41957dff31f,69825516c835c41957dff3c9,1
69825516c835c41957dff31f,69825517c835c41957e01a80,1
69825516c835c41957dfda96,69825516c835c41957dfba95,1
69825517c835c41957e01088,69825517c835c41957e01197,3
69825516c835c41957df9fab,69825517c835c41957dffa48,1
69825516c835c41957dfa9e8,69825516c835c41957dfe20d,1
69825516c835c41957dfa9e8,69825516c835c41957dfa5a4,4
69825516c835c41957dfa9e8,69825516c835c41957dfab35,1
69825516c835c41957dfa9e8,69825517c835c41957e00a2c,11
69825516c835c41957dfa9e8,69825517c835c41957e00bf1,1
69825516c835c41957dfa9e8,69825516c835c41957dfd8b5,1
69825516c835c41957dfa9e8,69825516c835c41957dfc107,1
69825516c835c41957dfa9e8,69825516c835c41957dfb5b1,3
69825516c835c41957dfa9e8,69825516c835c41957dfe2af,1
69825516c835c41957dfa9e8,69825516c835c41957dfedaa,1
69825516c835c41957dfa9e8,69825516c835c41957dfefc1,1
69825516c835c41957dfa9e8,69825516c835c41957dfd3f8,1
69825516c835c41957dfa9e8,69825516c835c41957dfe795,5
69825516c835c41957dfa9e8,69825517c835c41957e01001,1
69825516c835c41957dfa9e8,69825516c835c41957dfedab,1
69825516c835c41957dfa9e8,69825516c835c41957dff00a,1
69825516c835c41957dfa9e8,69825516c835c41957dfabe1,1
69825516c835c41957dfa9e8,69825516c835c41957dfefed,1
69825516c835c41957dfa9e8,69825516c835c41957dff009,1
69825516c835c41957dfa9e8,69825516c835c41957dfb940,1
69825516c835c41957dfa9e8,69825516c835c41957dfe0e9,1
69825516c835c41957dfa9e8,69825516c835c41957dfa168,2
69825516c835c41957dfa9e8,69825516c835c41957df9c99,8
69825516c835c41957dfa9e8,69825517c835c41957e011ac,2
69825516c835c41957dfa9e8,69825517c835c41957e00ded,1
69825516c835c41957dfa9e8,69825516c835c41957dfa160,12
69825516c835c41957dfa9e8,69825516c835c41957dfd8e7,2
69825516c835c41957dfa9e8,69825517c835c41957e00654,1
69825516c835c41957dfa9e8,69825517c835c41957dff799,1
69825516c835c41957dfa9e8,69825516c835c41957dfef50,1
69825516c835c41957dfa9e8,69825516c835c41957dfd404,1
69825516c835c41957dfa9e8,69825517c835c41957e012b0,1
69825516c835c41957dfa9e8,69825516c835c41957dfb9af,4
69825516c835c41957dfa9e8,69825517c835c41957e01139,4
69825516c835c41957dfa9e8,69825516c835c41957dfa8a4,2
69825516c835c41957dfa9e8,69825516c835c41957dfd3ed,1
69825516c835c41957dfa9e8,69825516c835c41957dfd086,2
69825516c835c41957dfa9e8,69825516c835c41957dfed83,3
69825516c835c41957dfa9e8,69825517c835c41957e00bfc,1
69825516c835c41957dfa9e8,69825516c835c41957dfe0e5,1
69825516c835c41957dfa9e8,69825517c835c41957e0086e,1
69825516c835c41957dfa9e8,69825516c835c41957dfab5b,1
69825516c835c41957dfa9e8,69825516c835c41957dfa813,1
69825516c835c41957dfa9e8,69825517c835c41957e012da,1
69825516c835c41957dfa9e8,69825516c835c41957dfd405,1
69825516c835c41957dfada1,69825516c835c41957dfade7,3
69825516c835c41957dfada1,69825516c835c41957dfadfd,1
69825516c835c41957dfada1,69825516c835c41957dfadfb,1
69825516c835c41957dfada1,69825516c835c41957dfadbd,1
69825516c835c41957dfd2ef,69825517c835c41957dffce6,1
69825516c835c41957dfd2ef,69825516c835c41957dfd304,1
69825516c835c41957dfb9f7,69825516c835c41957dfba5d,1
69825517c835c41957e00476,69825516c835c41957dfe0e1,1
69825517c835c41957e00476,69825517c835c41957e004bc,1
69825517c835c41957e00476,69825517c835c41957dffc04,1
69825517c835c41957e00476,69825517c835c41957e01aa2,1
69825516c835c41957dfa28a,69825516c835c41957df9e7e,2
69825516c835c41957dfa28a,69825516c835c41957df9f97,2
69825516c835c41957dfa28a,69825516c835c41957df9f96,2
69825516c835c41957dfa28a,69825516c835c41957dfa528,1
69825516c835c41957dfedd8,69825517c835c41957e002c4,1
69825516c835c41957dfedd8,69825517c835c41957e011f8,1
69825516c835c41957dfedd8,69825517c835c41957dffae9,1
69825516c835c41957dfedd8,69825517c835c41957e0079b,1
69825516c835c41957dfa3a3,69825516c835c41957dfd5a7,1
69825516c835c41957dfa3a3,69825517c835c41957dff882,2
69825516c835c41957dfa3a3,69825516c835c41957dfdd16,1
69825516c835c41957dfa3a3,69825516c835c41957dfca71,1
69825516c835c41957dfa3a3,69825516c835c41957dfda37,1
69825516c835c41957dfa3a3,69825516c835c41957dfdd11,2
69825516c835c41957dfc06a,69825517c835c41957e004b6,1
69825516c835c41957dfc06a,69825516c835c41957dfa333,1
69825516c835c41957dfc06a,69825517c835c41957dff94f,2
69825516c835c41957dfc06a,69825516c835c41957dfa8d4,1
69825516c835c41957dfdc4e,69825516c835c41957dfb4d7,1
69825516c835c41957dfdc4e,69825516c835c41957dfac61,1
69825516c835c41957dfe402,69825517c835c41957e00d6c,1
69825516c835c41957dfe402,69825516c835c41957dfe3d7,1
69825516c835c41957dfe402,69825516c835c41957dfe3d6,1
69825516c835c41957dfe402,69825516c835c41957dfe420,1
69825516c835c41957dfe402,69825516c835c41957dfe417,1
69825516c835c41957dfe402,69825516c835c41957dfe406,1
69825516c835c41957dfe402,69825516c835c41957dfe3f3,1
69825516c835c41957dfe402,69825516c835c41957dfe3f8,1
69825516c835c41957dfe402,69825516c835c41957dfe3da,1
69825516c835c41957dfe402,69825516c835c41957dfe3ed,1
69825516c835c41957dfe402,69825516c835c41957dfe414,1
69825516c835c41957dfe402,69825516c835c41957dfe40c,1
69825516c835c41957dfe402,69825516c835c41957dfe413,1
69825516c835c41957dfe402,69825516c835c41957dfe3ef,1
69825516c835c41957dfe402,69825516c835c41957dfe3d4,1
69825517c835c41957e004f3,69825517c835c41957e004ea,1
69825516c835c41957dfbc23,69825516c835c41957dfbc10,1
69825516c835c41957dfbc23,69825516c835c41957dfbc20,1
69825516c835c41957dfbc23,69825516c835c41957dfbbb2,1
69825516c835c41957dfbc23,69825516c835c41957dfbc09,1
69825516c835c41957dfbc23,69825516c835c41957dfbbea,1
69825516c835c41957dfbc23,69825516c835c41957dfbbf8,1
69825516c835c41957dfbc23,69825516c835c41957dfbbd4,1
69825516c835c41957dfbc23,69825516c835c41957dfbbb9,1
69825516c835c41957dfbc23,69825516c835c41957dfbc2c,1
69825516c835c41957dfbc23,69825516c835c41957dfbbe4,1
69825516c835c41957dfbc23,69825516c835c41957dfbbfd,1
69825516c835c41957dfbc23,69825516c835c41957dfbc0e,1
69825516c835c41957dfbc23,69825516c835c41957dfbc27,1
69825516c835c41957dfbc23,69825516c835c41957dfbc1b,1
69825516c835c41957dfbc23,69825516c835c41957dfbbba,1
69825516c835c41957dfbc23,69825516c835c41957dfbc0f,1
69825516c835c41957dfbc23,69825516c835c41957dfbbb8,1
69825516c835c41957dfbc23,69825516c835c41957dfbbc3,1
69825516c835c41957dfbc23,69825516c835c41957dfbbb7,1
69825517c835c41957dffd49,69825517c835c41957dffd36,2
69825517c835c41957dffd49,69825517c835c41957dffd58,2
69825517c835c41957dffd49,69825517c835c41957dffd3b,2
69825517c835c41957dffd49,69825517c835c41957dffd60,2
69825517c835c41957dffd49,69825517c835c41957dffd4f,2
69825517c835c41957dffd49,69825517c835c41957dffd3d,2
69825517c835c41957dffd49,69825517c835c41957dffd63,2
69825517c835c41957dffd49,69825517c835c41957e012a7,1
69825517c835c41957dffd49,69825517c835c41957dffd50,2
69825517c835c41957dffd49,69825517c835c41957dffd59,2
69825517c835c41957dffd49,69825517c835c41957dffd5a,2
69825517c835c41957dffd49,69825517c835c41957dffd3e,2
69825517c835c41957dffd49,69825517c835c41957e01276,1
69825517c835c41957dffd49,69825517c835c41957dffd42,2
69825517c835c41957dffd49,69825517c835c41957dffd35,2
69825517c835c41957dffd49,69825517c835c41957dffd43,2
69825517c835c41957dffd49,69825517c835c41957dffd47,2
69825517c835c41957dffd49,69825517c835c41957dffd3c,2
69825517c835c41957dffd49,69825517c835c41957dffd5c,2
69825517c835c41957dffd49,69825517c835c41957dffd54,2
69825517c835c41957dffd49,69825517c835c41957dffd62,2
69825517c835c41957dffd49,69825517c835c41957dffd39,2
69825517c835c41957dffd49,69825517c835c41957dffd64,2
69825517c835c41957dffd49,69825517c835c41957dffd3f,2
69825517c835c41957dffd49,69825517c835c41957dffd53,2
69825517c835c41957dffd49,69825517c835c41957dffd45,2
69825517c835c41957dffd49,69825517c835c41957dffd5e,2
69825517c835c41957dffd49,69825517c835c41957dffd44,2
69825516c835c41957dfe869,69825516c835c41957dfc2e8,1
69825516c835c41957dfe869,69825517c835c41957e01811,1
69825516c835c41957dfe869,69825517c835c41957dff7a3,6
69825516c835c41957dfe869,69825516c835c41957dfd2c1,4
69825516c835c41957dfe869,69825516c835c41957dfbd2b,2
69825516c835c41957dfe869,69825516c835c41957dfa0b1,1
69825516c835c41957dfe869,69825517c835c41957e0069b,7
69825516c835c41957dfe869,69825517c835c41957e01810,1
69825516c835c41957dfe869,69825516c835c41957dfbd2d,2
69825516c835c41957dfe869,69825516c835c41957dfbd25,1
69825516c835c41957dfe869,69825517c835c41957dffa4b,7
69825516c835c41957dfca4a,69825517c835c41957e012aa,1
69825517c835c41957e0034c,69825516c835c41957df9dce,1
69825516c835c41957dfa16c,69825516c835c41957dfa96e,4
69825516c835c41957dfa16c,69825516c835c41957dfd889,1
69825516c835c41957dfa16c,69825517c835c41957e00d49,1
69825516c835c41957dfa16c,69825516c835c41957dfef54,1
69825516c835c41957dfa16c,69825517c835c41957e0088e,1
69825516c835c41957dfa16c,69825516c835c41957dfc16e,3
69825516c835c41957dfa16c,69825516c835c41957dfe123,1
69825516c835c41957dfa16c,69825516c835c41957dfa352,1
69825516c835c41957dfa16c,69825516c835c41957dfd70f,1
69825516c835c41957dfa16c,69825516c835c41957dfdfa6,1
69825516c835c41957dfa16c,69825516c835c41957dfe802,1
69825516c835c41957dfa16c,69825516c835c41957dfdc15,1
69825516c835c41957dfa16c,69825516c835c41957df9f2c,1
69825516c835c41957dfa16c,69825516c835c41957dfbb3a,1
69825516c835c41957dfa16c,69825517c835c41957dff88b,2
69825516c835c41957dfa16c,69825517c835c41957e00628,3
69825516c835c41957dfa16c,69825517c835c41957dffb45,1
69825516c835c41957dfa16c,69825517c835c41957e0042c,1
69825516c835c41957dfca24,69825516c835c41957dfca23,5
69825516c835c41957dfbd25,69825516c835c41957dfc2e8,1
69825516c835c41957dfbd25,69825517c835c41957dff7a3,1
69825516c835c41957dfbd25,69825517c835c41957dffa4b,1
69825516c835c41957dfbd25,69825516c835c41957dfd2c1,1
69825516c835c41957dfbd25,69825517c835c41957e0069b,1
69825516c835c41957dfbd25,69825516c835c41957dfbd2b,1
69825516c835c41957dfbaa4,69825516c835c41957dfba9f,1
69825516c835c41957dfbaa4,69825516c835c41957dfba97,1
69825516c835c41957dfbaa4,69825516c835c41957dfbaa0,1
69825516c835c41957dfbaa4,69825516c835c41957dfbaa1,1
69825516c835c41957dfbaa4,69825516c835c41957dfbaa2,1
69825516c835c41957dfbaa4,69825516c835c41957dfbaa5,1
69825516c835c41957dfbaa4,69825516c835c41957dfba98,1
69825516c835c41957dfbaa4,69825516c835c41957dfba96,1
69825516c835c41957dfbaa4,69825516c835c41957dfbaa3,1
69825516c835c41957dfd2d9,69825516c835c41957dfdc61,1
69825516c835c41957dfd2d9,69825516c835c41957dfa8f6,1
69825516c835c41957dfd2d9,69825517c835c41957e00950,1
69825516c835c41957dfd2d9,69825516c835c41957dfa720,1
69825516c835c41957dfd2d9,69825517c835c41957e01108,1
69825516c835c41957dfd2d9,69825517c835c41957dff930,2
69825516c835c41957dfd2d9,69825516c835c41957dfccad,1
69825516c835c41957dfd2d9,69825516c835c41957dfe801,2
69825516c835c41957dfd2d9,69825517c835c41957e00fc5,1
69825516c835c41957dfd2d9,69825516c835c41957dfa761,1
69825516c835c41957dfd2d9,69825516c835c41957dff27c,1
69825516c835c41957dfd2d9,69825517c835c41957e00bf6,2
69825516c835c41957dfd2d9,69825517c835c41957e00d24,1
69825516c835c41957dfd2d9,69825516c835c41957dfa0e9,1
69825516c835c41957dfd2d9,69825517c835c41957e00726,1
69825516c835c41957dfd2d9,69825516c835c41957dfcd80,1
69825516c835c41957dfd2d9,69825516c835c41957dfa73b,1
69825516c835c41957dfd2d9,69825516c835c41957dfc328,1
69825516c835c41957dfd2d9,69825516c835c41957dfe793,1
69825516c835c41957dfab25,69825516c835c41957dfbc9f,1
69825516c835c41957dfab25,69825516c835c41957dfa548,1
69825516c835c41957dfca70,69825516c835c41957dfda2b,1
69825516c835c41957dfca70,69825517c835c41957e0119f,1
69825516c835c41957dfca70,69825516c835c41957dfa3a9,1
69825516c835c41957dfca70,69825517c835c41957dffca7,1
69825516c835c41957dfca70,69825516c835c41957dfca71,3
69825516c835c41957dfca70,69825517c835c41957e005bf,1
69825516c835c41957dfca70,69825516c835c41957dff357,1
69825516c835c41957dfca70,69825516c835c41957dfca72,3
69825516c835c41957dfca70,69825516c835c41957dfe66e,1
69825516c835c41957dfca70,69825516c835c41957dff3b6,1
69825516c835c41957dfca70,69825516c835c41957dfa122,1
69825516c835c41957dfca70,69825516c835c41957dfe66d,1
69825516c835c41957dfca70,69825516c835c41957dfca6f,3
69825516c835c41957dfca70,69825516c835c41957dfda3e,1
69825516c835c41957dfd21a,69825516c835c41957dfd20f,1
69825516c835c41957dfc16e,69825516c835c41957dfa96e,3
69825516c835c41957dfc16e,69825516c835c41957dfd889,1
69825516c835c41957dfc16e,69825517c835c41957e00d49,1
69825516c835c41957dfc16e,69825516c835c41957df9c99,1
69825516c835c41957dfc16e,69825516c835c41957dfef54,1
69825516c835c41957dfc16e,69825517c835c41957e0088e,1
69825516c835c41957dfc16e,69825516c835c41957dfa352,1
69825516c835c41957dfc16e,69825516c835c41957dfd70f,1
69825516c835c41957dfc16e,69825517c835c41957e00648,1
69825516c835c41957dfc16e,69825516c835c41957dfe123,1
69825516c835c41957dfc16e,69825516c835c41957dfdfa6,1
69825516c835c41957dfc16e,69825516c835c41957dfe802,1
69825516c835c41957dfc16e,69825516c835c41957dfdc15,1
69825516c835c41957dfc16e,69825517c835c41957e010f4,1
69825516c835c41957dfc16e,69825516c835c41957df9f2c,1
69825516c835c41957dfc16e,69825516c835c41957dfbb3a,1
69825516c835c41957dfc16e,69825516c835c41957dfe795,1
69825516c835c41957dfc16e,69825517c835c41957dff88b,2
69825516c835c41957dfc16e,69825517c835c41957e00628,6
69825516c835c41957dfc16e,69825516c835c41957dfed83,1
69825516c835c41957dfc16e,69825517c835c41957dffb45,1
69825516c835c41957dfc16e,69825517c835c41957e0042c,1
69825517c835c41957e00564,69825516c835c41957dfba70,1
69825516c835c41957dfa034,69825517c835c41957e00d4d,1
69825516c835c41957dfa034,69825517c835c41957e00d4e,1
69825517c835c41957e01103,69825516c835c41957dff258,1
69825517c835c41957e01103,69825517c835c41957e01106,1
69825517c835c41957e01103,69825517c835c41957e00b87,1
69825516c835c41957dfd303,69825516c835c41957dfb5bf,2
69825516c835c41957dfd303,69825516c835c41957dfc836,1
69825516c835c41957dfd303,69825516c835c41957dfe4b3,1
69825516c835c41957dfd303,69825517c835c41957e003a7,2
69825516c835c41957dfd303,69825516c835c41957dfd217,1
69825516c835c41957dfd303,69825516c835c41957dfc843,1
69825516c835c41957dfd303,69825516c835c41957dfd243,1
69825516c835c41957dfd303,69825516c835c41957dfc810,2
69825516c835c41957dfd303,69825516c835c41957dfc802,2
69825517c835c41957e01945,69825517c835c41957e01944,2
69825517c835c41957e01945,69825517c835c41957e01946,2
69825517c835c41957e01945,69825517c835c41957e01948,2
69825517c835c41957e01627,69825517c835c41957e016b4,1
69825517c835c41957e01627,69825517c835c41957e01662,1
69825517c835c41957e01627,69825517c835c41957e01620,2
69825517c835c41957e01627,69825517c835c41957e015d3,1
69825517c835c41957e01627,69825517c835c41957e0157c,1
69825517c835c41957e01627,69825517c835c41957e01661,2
69825517c835c41957e01627,69825517c835c41957e015be,2
69825517c835c41957e01627,69825517c835c41957e015b0,1
69825517c835c41957e01627,69825517c835c41957e01617,2
69825517c835c41957e01627,69825517c835c41957e01644,2
69825517c835c41957e01627,69825516c835c41957dfefb2,1
69825517c835c41957e01627,69825517c835c41957e016d1,1
69825517c835c41957e01627,69825517c835c41957e01654,2
69825517c835c41957e01627,69825517c835c41957e016aa,1
69825517c835c41957e01627,69825517c835c41957e0161b,2
69825517c835c41957e01627,69825517c835c41957e016b7,2
69825517c835c41957e01627,69825517c835c41957e0164f,2
69825517c835c41957e01627,69825517c835c41957e015a4,2
69825517c835c41957e01627,69825517c835c41957e0161f,1
69825517c835c41957e01627,69825517c835c41957e0168f,2
69825516c835c41957dfba0a,69825516c835c41957dfbd7b,1
69825516c835c41957dfba0a,69825516c835c41957dfbd86,1
69825516c835c41957dfba0a,69825517c835c41957e007c0,1
69825516c835c41957dfba0a,69825517c835c41957e00e96,1
69825516c835c41957dfba0a,69825516c835c41957dfba0e,1
69825516c835c41957dfba0a,69825516c835c41957dfc205,1
69825516c835c41957dfee68,69825516c835c41957dfc117,1
69825516c835c41957dfee68,69825516c835c41957dfe656,2
69825516c835c41957dfee68,69825517c835c41957dff8c5,2
69825516c835c41957dfee68,69825517c835c41957dff83a,2
69825516c835c41957dfee68,69825516c835c41957df9e61,2
69825517c835c41957dffcbf,69825517c835c41957e00112,2
69825517c835c41957dffcbf,69825516c835c41957dfeef4,1
69825517c835c41957dffcbf,69825517c835c41957e00f9f,1
69825517c835c41957dffcbf,69825517c835c41957e01830,1
69825517c835c41957dffcbf,69825517c835c41957e00bd8,2
69825517c835c41957dffcbf,69825516c835c41957dfcdc6,1
69825517c835c41957dffcbf,69825516c835c41957dfa02f,1
69825516c835c41957dfa533,69825516c835c41957dfa52a,1
69825516c835c41957dfa533,69825516c835c41957df9f79,1
69825516c835c41957dfa533,69825516c835c41957dfa47c,1
69825516c835c41957dfa533,69825516c835c41957dfa1a7,1
69825516c835c41957dfa533,69825516c835c41957dfef25,1
69825516c835c41957dfa533,69825516c835c41957dfcd0a,1
69825516c835c41957dfa533,69825516c835c41957dfa51e,2
69825516c835c41957dfa533,69825516c835c41957dfa3f8,2
69825516c835c41957dfa533,69825516c835c41957dfd1f8,1
69825516c835c41957dfa533,69825516c835c41957dfa4ba,1
69825516c835c41957dfa533,69825516c835c41957dfa465,2
69825516c835c41957dfa533,69825516c835c41957dfa429,2
69825516c835c41957dfa533,69825516c835c41957dfa4bc,3
69825516c835c41957dfa533,69825516c835c41957dfa42e,1
69825516c835c41957dfa533,69825516c835c41957dfa428,1
69825516c835c41957dfa533,69825516c835c41957dfe606,1
69825516c835c41957dfa533,69825516c835c41957dfa522,2
69825516c835c41957dfa533,69825516c835c41957dfa42d,1
69825516c835c41957dfa533,69825517c835c41957e012aa,1
69825516c835c41957dfa4d9,69825516c835c41957dfe2b0,2
69825516c835c41957dfe4a9,69825516c835c41957dfe48e,1
69825516c835c41957dfe4a9,69825517c835c41957e01739,1
69825516c835c41957dfe4a9,69825516c835c41957dfe48d,1
69825516c835c41957dfe4a9,69825516c835c41957dfe1f6,1
69825516c835c41957dfe4a9,69825516c835c41957dfe489,1
69825516c835c41957dfe4a9,69825516c835c41957dfe486,1
69825516c835c41957dfe4a9,69825516c835c41957dfe21b,1
69825516c835c41957dfe4a9,69825516c835c41957dfe21f,1
69825516c835c41957dfe4a9,69825516c835c41957dfe202,1
69825516c835c41957dfdba5,69825516c835c41957dfb4ac,1
69825516c835c41957dfdba5,69825517c835c41957e00841,1
69825516c835c41957dfdba5,69825517c835c41957dff98c,1
69825516c835c41957dfdba5,69825516c835c41957dfe79f,5
69825516c835c41957dfdba5,69825516c835c41957dfd9f1,2
69825516c835c41957dfdba5,69825516c835c41957dfd2d4,2
69825516c835c41957dfdba5,69825517c835c41957dff6fc,3
69825516c835c41957dfdba5,69825517c835c41957e007db,2
69825516c835c41957dfdba5,69825517c835c41957e00f6b,2
69825516c835c41957dfdba5,69825517c835c41957e00ecc,1
69825516c835c41957dfdba5,69825516c835c41957dfe867,2
69825516c835c41957dfdba5,69825516c835c41957dfb79e,1
69825516c835c41957dfdba5,69825517c835c41957dffc6e,1
69825516c835c41957dfdba5,69825517c835c41957e0080a,4
69825516c835c41957dfdba5,69825517c835c41957dffbd6,4
69825516c835c41957dfdba5,69825517c835c41957e01762,1
69825516c835c41957dfdba5,69825516c835c41957dfd30c,1
69825516c835c41957dfdba5,69825516c835c41957dfb96a,1
69825516c835c41957dfdba5,69825517c835c41957e00d49,1
69825516c835c41957dfdba5,69825516c835c41957dfbca7,1
69825516c835c41957dfdba5,69825516c835c41957dfb9be,1
69825516c835c41957dfdba5,69825516c835c41957dfdb63,3
69825516c835c41957dfdba5,69825517c835c41957dff59e,1
69825516c835c41957dfdba5,69825517c835c41957e01286,1
69825516c835c41957dfdba5,69825517c835c41957e00d08,4
69825516c835c41957dfdba5,69825516c835c41957df9e60,2
69825516c835c41957dfdba5,69825516c835c41957dfd3f6,2
69825516c835c41957dfdba5,69825517c835c41957e00bfc,1
69825516c835c41957dfdba5,69825517c835c41957e017f5,2
69825516c835c41957dfdba5,69825517c835c41957dffe16,3
69825516c835c41957dfdba5,69825516c835c41957dfe7c0,1
69825516c835c41957dfdba5,69825517c835c41957e00f6c,4
69825516c835c41957dfdba5,69825516c835c41957dfd025,2
69825516c835c41957dfdba5,69825516c835c41957dfb790,2
69825516c835c41957dfdba5,69825516c835c41957dfccc3,2
69825516c835c41957dfdba5,69825516c835c41957dfdb47,3
69825517c835c41957dffc79,69825517c835c41957dff96a,4
69825517c835c41957dffc79,69825516c835c41957dfe0e9,1
69825517c835c41957dffc79,69825516c835c41957dfedaa,3
69825517c835c41957dffc79,69825517c835c41957dff962,1
69825517c835c41957dffc79,69825517c835c41957dff964,1
69825517c835c41957dffc79,69825517c835c41957dffc78,5
69825517c835c41957dffc79,69825516c835c41957dfe0e5,1
69825517c835c41957dffc79,69825517c835c41957dff963,4
69825517c835c41957dffc79,69825516c835c41957dfd404,1
69825517c835c41957dffc79,69825516c835c41957dfedab,3
69825517c835c41957dffc79,69825516c835c41957dfd405,1
69825516c835c41957dfe569,69825517c835c41957e014b9,2
69825517c835c41957e0178e,69825516c835c41957df9e61,1
69825517c835c41957e0178e,69825517c835c41957dff83a,1
69825517c835c41957e0178e,69825516c835c41957dfe656,1
69825517c835c41957e0178e,69825517c835c41957e00123,5
69825516c835c41957dfb35f,69825516c835c41957dfb2cf,1
69825516c835c41957dfe46d,69825516c835c41957dfc6bf,1
69825516c835c41957dfe46d,69825517c835c41957e012a5,1
69825516c835c41957dfe46d,69825517c835c41957e015fb,1
69825516c835c41957dfe46d,69825516c835c41957dfe481,1
69825516c835c41957dfe46d,69825517c835c41957e00735,1
69825516c835c41957dfe46d,69825516c835c41957dff313,1
69825516c835c41957dfe46d,69825516c835c41957dfe5fd,1
69825516c835c41957dfe46d,69825516c835c41957dff04a,1
69825516c835c41957dfa8ff,69825516c835c41957dfb65a,3
69825516c835c41957dfa8ff,69825516c835c41957dfce77,1
69825516c835c41957dfa8ff,69825517c835c41957dff77d,1
69825517c835c41957e0168e,69825517c835c41957e016aa,1
69825517c835c41957e0168e,69825517c835c41957e015c0,1
69825517c835c41957e0168e,69825517c835c41957e015da,2
69825517c835c41957e0168e,69825517c835c41957e016d5,1
69825517c835c41957e0168e,69825516c835c41957dfa7f4,2
69825517c835c41957e0168e,69825517c835c41957e01600,1
69825517c835c41957e0168e,69825517c835c41957e01690,3
69825517c835c41957e0168e,69825517c835c41957e0169a,1
69825517c835c41957e0168e,69825517c835c41957e01595,1
69825517c835c41957e0168e,69825517c835c41957e01622,1
69825517c835c41957dff686,69825516c835c41957dfb570,1
69825517c835c41957dff686,69825517c835c41957dffa50,2
69825517c835c41957dff686,69825516c835c41957dfaaab,2
69825517c835c41957dff686,69825516c835c41957dfeef1,2
69825517c835c41957dff686,69825517c835c41957e001e1,2
69825516c835c41957dfb7e6,69825517c835c41957e013fe,1
69825516c835c41957dfe467,69825516c835c41957dfc993,1
69825516c835c41957dfe467,69825516c835c41957dff100,1
69825516c835c41957dfd53a,69825516c835c41957dfd71d,1
69825516c835c41957dfe1e3,69825516c835c41957dfe204,1
69825516c835c41957dfe1e3,69825516c835c41957dfba9f,1
69825516c835c41957dfe1e3,69825517c835c41957dffd5d,1
69825516c835c41957dfe1e3,69825516c835c41957dfe1dd,2
69825516c835c41957dfe1e3,69825516c835c41957dfe226,1
69825516c835c41957dfe1e3,69825517c835c41957dffae9,1
69825516c835c41957dfe1e3,69825516c835c41957dfe1dc,2
69825516c835c41957dfe1e3,69825517c835c41957e018a9,1
69825516c835c41957dfe1e3,69825516c835c41957dfe206,1
69825516c835c41957dfe1e3,69825516c835c41957dfe1f4,1
69825516c835c41957dfe1e3,69825517c835c41957dff6be,1
69825517c835c41957e004ad,69825517c835c41957dffe8e,2
69825517c835c41957e004ad,69825516c835c41957dfba79,2
69825517c835c41957e004ad,69825516c835c41957dfab46,2
69825516c835c41957dfcd2c,69825516c835c41957dfce6c,1
69825516c835c41957dfcd2c,69825516c835c41957dfccf0,1
69825516c835c41957dfd214,69825516c835c41957dfd23f,2
69825516c835c41957dfd214,69825516c835c41957dfcfe2,2
69825516c835c41957dfd214,69825516c835c41957dfb9ba,2
69825516c835c41957dfa4cf,69825516c835c41957dfa48b,2
69825517c835c41957dffd43,69825517c835c41957dffd36,2
69825517c835c41957dffd43,69825517c835c41957dffd58,2
69825517c835c41957dffd43,69825517c835c41957dffd3b,2
69825517c835c41957dffd43,69825517c835c41957dffd60,2
69825517c835c41957dffd43,69825517c835c41957dffd4f,2
69825517c835c41957dffd43,69825517c835c41957dffd3d,2
69825517c835c41957dffd43,69825517c835c41957dffd63,2
69825517c835c41957dffd43,69825517c835c41957e012a7,1
69825517c835c41957dffd43,69825517c835c41957dffd50,2
69825517c835c41957dffd43,69825517c835c41957dffd59,2
69825517c835c41957dffd43,69825517c835c41957dffd5a,2
69825517c835c41957dffd43,69825517c835c41957dffd3e,2
69825517c835c41957dffd43,69825517c835c41957e01276,1
69825517c835c41957dffd43,69825517c835c41957dffd42,2
69825517c835c41957dffd43,69825517c835c41957dffd35,2
69825517c835c41957dffd43,69825517c835c41957dffd47,2
69825517c835c41957dffd43,69825517c835c41957dffd3c,2
69825517c835c41957dffd43,69825517c835c41957dffd5c,2
69825517c835c41957dffd43,69825517c835c41957dffd54,2
69825517c835c41957dffd43,69825517c835c41957dffd62,2
69825517c835c41957dffd43,69825517c835c41957dffd39,2
69825517c835c41957dffd43,69825517c835c41957dffd64,2
69825517c835c41957dffd43,69825517c835c41957dffd3f,2
69825517c835c41957dffd43,69825517c835c41957dffd53,2
69825517c835c41957dffd43,69825517c835c41957dffd45,2
69825517c835c41957dffd43,69825517c835c41957dffd5e,2
69825517c835c41957dffd43,69825517c835c41957dffd44,2
69825516c835c41957dfdefa,69825516c835c41957dfde16,1
69825516c835c41957dfdefa,69825516c835c41957dfde9a,1
69825516c835c41957dfdefa,69825516c835c41957dfde05,1
69825516c835c41957dfa838,69825516c835c41957dfd157,2
69825516c835c41957dfa838,69825516c835c41957dfa0ad,1
69825516c835c41957dfa838,69825516c835c41957dfa904,1
69825516c835c41957dfa838,69825516c835c41957dfa333,5
69825516c835c41957dfa838,69825516c835c41957dfd1f9,1
69825516c835c41957dfa838,69825517c835c41957e00bfc,1
69825516c835c41957dfa838,69825517c835c41957e01a9e,1
69825516c835c41957dfa838,69825516c835c41957dfeefa,6
69825516c835c41957dfa838,69825516c835c41957df9f8a,4
69825516c835c41957dfa838,69825516c835c41957df9e4a,2
69825516c835c41957dfa838,69825516c835c41957dfd24f,2
69825516c835c41957dfa838,69825516c835c41957dfb917,3
69825516c835c41957dfc2e8,69825517c835c41957dff7a3,1
69825516c835c41957dfc2e8,69825517c835c41957dffa4b,1
69825516c835c41957dfc2e8,69825516c835c41957dfd2c1,1
69825516c835c41957dfc2e8,69825517c835c41957e0069b,1
69825516c835c41957dfc2e8,69825516c835c41957dfbd2b,1
69825516c835c41957dfefef,69825517c835c41957dff6be,1
69825516c835c41957dfefef,69825516c835c41957dfefba,2
69825517c835c41957e00046,69825517c835c41957e00047,3
69825517c835c41957e00046,69825517c835c41957e00049,3
69825517c835c41957e01603,69825517c835c41957e012aa,1
69825516c835c41957dfe66e,69825516c835c41957dfa540,1
69825516c835c41957dfe66e,69825516c835c41957dfca71,1
69825516c835c41957dfe66e,69825516c835c41957dfe795,1
69825516c835c41957dfe66e,69825516c835c41957dfca72,1
69825516c835c41957dfe66e,69825516c835c41957dff3b6,1
69825516c835c41957dfe66e,69825516c835c41957dfe66d,3
69825516c835c41957dfe66e,69825516c835c41957dfca6f,1
69825516c835c41957df9e4f,69825516c835c41957df9e9d,5
69825516c835c41957df9e4f,69825517c835c41957e00684,4
69825516c835c41957df9e4f,69825516c835c41957dfbd65,1
69825516c835c41957df9e4f,69825516c835c41957dfdc37,1
69825516c835c41957df9e4f,69825517c835c41957dff892,4
69825516c835c41957df9e4f,69825517c835c41957e00396,1
69825516c835c41957df9e4f,69825517c835c41957e009f9,4
69825516c835c41957dfa144,69825517c835c41957e00bf9,4
69825516c835c41957dfa144,69825516c835c41957dfbb85,1
69825516c835c41957dfa144,69825517c835c41957e010db,1
69825516c835c41957dfa144,69825517c835c41957e001f7,1
69825516c835c41957dfa144,69825516c835c41957dfb953,1
69825516c835c41957dfa144,69825516c835c41957dfc990,1
69825516c835c41957dfa144,69825516c835c41957dfd343,2
69825516c835c41957dfa144,69825516c835c41957dff282,1
69825516c835c41957dfa144,69825516c835c41957dfdc39,1
69825516c835c41957dfa144,69825517c835c41957dffe05,1
69825516c835c41957dfa144,69825516c835c41957dfef50,2
69825516c835c41957dfa144,69825516c835c41957dfa95b,19
69825516c835c41957dfa144,69825516c835c41957dfd2dc,1
69825516c835c41957dfa144,69825517c835c41957dffb7c,1
69825516c835c41957dfa144,69825516c835c41957dff286,1
69825516c835c41957dfa144,69825516c835c41957dfa0e9,3
69825516c835c41957dfa144,69825516c835c41957dfe7ff,1
69825516c835c41957dfa144,69825516c835c41957dfc00a,1
69825516c835c41957dfa144,69825517c835c41957e00bfc,1
69825516c835c41957dfa144,69825516c835c41957dfca72,1
69825516c835c41957dfa144,69825517c835c41957dff90d,1
69825516c835c41957dfa144,69825516c835c41957dfd887,1
69825516c835c41957dfa144,69825516c835c41957dfaa86,2
69825516c835c41957dfa144,69825517c835c41957dff931,1
69825516c835c41957dfa144,69825516c835c41957dfd892,1
69825516c835c41957dfa144,69825516c835c41957dfc533,1
69825516c835c41957dfb78f,69825516c835c41957dfdaaa,1
69825516c835c41957dfb78f,69825517c835c41957e01027,2
69825516c835c41957dfa3a6,69825517c835c41957dffaca,1
69825516c835c41957dfa3a6,69825516c835c41957dfa960,1
69825517c835c41957e00197,69825516c835c41957dfbd18,1
69825517c835c41957e00197,69825516c835c41957dfbd1c,1
69825517c835c41957e00197,69825516c835c41957dfbd08,1
69825516c835c41957dfa58d,69825516c835c41957dfa5f7,1
69825516c835c41957dfa58d,69825516c835c41957dfb7df,2
69825517c835c41957e00741,69825516c835c41957df9e4e,1
69825517c835c41957e00741,69825517c835c41957e0077f,1
69825516c835c41957dfe199,69825516c835c41957dfe1b4,1
69825516c835c41957dfe199,69825516c835c41957dfa403,1
69825516c835c41957dfe199,69825516c835c41957dfb5cd,1
69825516c835c41957dfe199,69825516c835c41957dfe193,1
69825516c835c41957dfc0b5,69825516c835c41957dfc0b6,3
69825516c835c41957dfa3bd,69825516c835c41957dfe1f9,1
69825516c835c41957dfa3bd,69825516c835c41957dfe1ff,1
69825516c835c41957dfa3bd,69825516c835c41957dfa47c,1
69825516c835c41957dfa3bd,69825516c835c41957dfc405,1
69825516c835c41957dfa3bd,69825516c835c41957dfe207,1
69825516c835c41957dfa3bd,69825516c835c41957dfe1f8,1
69825516c835c41957dfa3bd,69825516c835c41957dfe1fe,1
69825516c835c41957dfa3bd,69825516c835c41957dfe1fb,1
69825516c835c41957dfa3bd,69825516c835c41957dfc601,7
69825516c835c41957dfd322,69825516c835c41957dfd321,2
69825516c835c41957dfd322,69825516c835c41957dfcf6a,1
69825516c835c41957dfd322,69825516c835c41957dfd1f1,1
69825516c835c41957dfd322,69825516c835c41957dfd323,3
69825516c835c41957dfd322,69825516c835c41957dfd306,2
69825516c835c41957dfaa94,69825516c835c41957dfa384,1
69825517c835c41957dffb7e,69825517c835c41957dffb80,1
69825517c835c41957dffb7e,69825516c835c41957dfeee7,1
69825517c835c41957dffb7e,69825517c835c41957dffb7f,2
69825517c835c41957e00f43,69825517c835c41957e011ff,1
69825517c835c41957e00f43,69825517c835c41957e00f28,1
69825516c835c41957dfd02a,69825517c835c41957e00bfb,1
69825516c835c41957dfd02a,69825517c835c41957dffb7c,1
69825516c835c41957dfb892,69825516c835c41957dfd2dd,1
69825516c835c41957dfb892,69825517c835c41957dffb20,12
69825516c835c41957dfb892,69825516c835c41957dfa40b,1
69825516c835c41957dfb892,69825516c835c41957dfd2db,1
69825516c835c41957dfb892,69825516c835c41957dfbd65,1
69825516c835c41957dfb892,69825516c835c41957dfa168,2
69825516c835c41957dfb892,69825517c835c41957dff891,2
69825516c835c41957dfb892,69825516c835c41957dfd070,1
69825516c835c41957dfb892,69825517c835c41957e01a78,1
69825516c835c41957dfb892,69825516c835c41957dfccad,1
69825516c835c41957dfb892,69825517c835c41957e00f7b,2
69825516c835c41957dfb892,69825516c835c41957dfc131,1
69825516c835c41957dfb892,69825516c835c41957dfc107,1
69825516c835c41957dfb892,69825516c835c41957dfdb50,1
69825516c835c41957dfb892,69825516c835c41957dfa95b,2
69825516c835c41957dfb892,69825517c835c41957e006e6,1
69825516c835c41957dfb892,69825516c835c41957dfaa2f,1
69825516c835c41957dfb892,69825516c835c41957dfbb08,1
69825516c835c41957dfb892,69825517c835c41957dffb7c,3
69825516c835c41957dfb892,69825516c835c41957dfe788,1
69825516c835c41957dfb892,69825516c835c41957dfb7e1,7
69825516c835c41957dfb892,69825517c835c41957e00bf7,6
69825516c835c41957dfb892,69825517c835c41957dff90d,1
69825516c835c41957dfb892,69825516c835c41957dfd04e,1
69825516c835c41957dfb892,69825517c835c41957e00bf9,2
69825516c835c41957dfb892,69825516c835c41957dfd069,1
69825516c835c41957dfb892,69825516c835c41957dfd892,1
69825516c835c41957dfb892,69825517c835c41957e00fd4,34
69825516c835c41957dfa7db,69825516c835c41957dfab5b,2
69825516c835c41957dfa7db,69825516c835c41957df9e8b,1
69825516c835c41957dfa7db,69825516c835c41957dfa737,1
69825516c835c41957dfdbf7,69825516c835c41957dfccbb,1
69825517c835c41957e010c2,69825516c835c41957df9c99,1
69825517c835c41957e010c2,69825516c835c41957dfa375,1
69825517c835c41957e010c2,69825516c835c41957dfa8cf,1
69825517c835c41957e010c2,69825516c835c41957dfa566,2
69825517c835c41957e010c2,69825517c835c41957dff95c,2
69825517c835c41957e015eb,69825517c835c41957dff8e0,1
69825517c835c41957e015eb,69825517c835c41957e01aae,1
69825517c835c41957e015eb,69825516c835c41957dfd788,1
69825517c835c41957e015eb,69825516c835c41957dfbbe8,1
69825517c835c41957e015eb,69825516c835c41957dfa188,1
69825516c835c41957dfdc8f,69825516c835c41957dfd174,1
69825516c835c41957dfdc8f,69825516c835c41957dfb7aa,1
69825516c835c41957dfdc8f,69825516c835c41957dfa0ad,1
69825516c835c41957dfdc8f,69825516c835c41957dfed7c,1
69825516c835c41957dfdc8f,69825517c835c41957e00bfc,1
69825516c835c41957dfdc8f,69825517c835c41957e01a9e,1
69825516c835c41957dfdc8f,69825516c835c41957df9e4a,1
69825516c835c41957dfdc8f,69825517c835c41957dff799,1
69825516c835c41957dfdc8f,69825516c835c41957df9f8a,1
69825516c835c41957dfdf67,69825516c835c41957dfde18,2
69825516c835c41957dfdf67,69825516c835c41957dfde38,2
69825516c835c41957dfdf67,69825517c835c41957dff75a,1
69825516c835c41957dfdf67,69825517c835c41957dff700,2
69825516c835c41957dfca69,69825516c835c41957dfe1f9,1
69825517c835c41957e00115,69825516c835c41957dff24b,1
69825517c835c41957e00115,69825517c835c41957e01261,1
69825517c835c41957e00115,69825516c835c41957dfa3d9,1
69825516c835c41957dfc533,69825516c835c41957dfaddf,1
69825516c835c41957dfc533,69825516c835c41957dfdae1,1
69825516c835c41957dfc533,69825516c835c41957dfba1b,1
69825516c835c41957dfc533,69825516c835c41957dfadc8,1
69825516c835c41957dfc533,69825516c835c41957dfb96a,1
69825516c835c41957dfc533,69825516c835c41957dfbb85,5
69825516c835c41957dfc533,69825517c835c41957e01add,1
69825516c835c41957dfc533,69825517c835c41957e00ded,1
69825516c835c41957dfc533,69825516c835c41957dfb968,1
69825516c835c41957dfc533,69825517c835c41957e00bf9,1
69825516c835c41957dfc533,69825516c835c41957dfaa86,2
69825516c835c41957dfc533,69825516c835c41957dfc98c,1
69825516c835c41957dfb54a,69825517c835c41957e011ac,1
69825516c835c41957dfb54a,69825516c835c41957dfa5a4,1
69825516c835c41957dfb54a,69825516c835c41957dfef0f,1
69825516c835c41957dfb54a,69825516c835c41957dfb9af,1
69825516c835c41957dfacae,69825517c835c41957dffd55,1
69825516c835c41957dfacae,69825516c835c41957dfacd5,1
69825516c835c41957dfacae,69825516c835c41957dfb12d,1
69825516c835c41957dfacae,69825517c835c41957e00656,1
69825517c835c41957dff83a,69825516c835c41957dfc117,1
69825517c835c41957dff83a,69825516c835c41957dfe656,3
69825517c835c41957dff83a,69825517c835c41957dff8c5,2
69825517c835c41957dff83a,69825516c835c41957df9e61,3
69825517c835c41957dff83a,69825517c835c41957e00123,1
69825516c835c41957dfdb63,69825516c835c41957dfd9f1,4
69825516c835c41957dfdb63,69825516c835c41957dfb675,1
69825516c835c41957dfdb63,69825516c835c41957dfe79f,2
69825516c835c41957dfdb63,69825516c835c41957dfd2d4,2
69825516c835c41957dfdb63,69825517c835c41957dff6fc,6
69825516c835c41957dfdb63,69825517c835c41957e007db,1
69825516c835c41957dfdb63,69825517c835c41957e00c9c,1
69825516c835c41957dfdb63,69825517c835c41957e00f6b,3
69825516c835c41957dfdb63,69825516c835c41957dfccbb,1
69825516c835c41957dfdb63,69825517c835c41957e0133f,2
69825516c835c41957dfdb63,69825517c835c41957e0080a,1
69825516c835c41957dfdb63,69825517c835c41957dffbd6,5
69825516c835c41957dfdb63,69825516c835c41957dfd30c,1
69825516c835c41957dfdb63,69825516c835c41957dfc547,1
69825516c835c41957dfdb63,69825516c835c41957dff159,2
69825516c835c41957dfdb63,69825517c835c41957dff82a,1
69825516c835c41957dfdb63,69825517c835c41957dff86b,3
69825516c835c41957dfdb63,69825517c835c41957e01286,2
69825516c835c41957dfdb63,69825517c835c41957e00d08,5
69825516c835c41957dfdb63,69825516c835c41957df9e60,3
69825516c835c41957dfdb63,69825517c835c41957e00c9a,3
69825516c835c41957dfdb63,69825516c835c41957dfd3f6,18
69825516c835c41957dfdb63,69825516c835c41957dfd00e,3
69825516c835c41957dfdb63,69825517c835c41957e017f5,1
69825516c835c41957dfdb63,69825517c835c41957dffe16,2
69825516c835c41957dfdb63,69825517c835c41957e00f6c,8
69825516c835c41957dfdb63,69825516c835c41957dfd025,3
69825516c835c41957dfdb63,69825516c835c41957dfb790,2
69825516c835c41957dfdb63,69825516c835c41957dfccc3,3
69825516c835c41957dfdb63,69825516c835c41957dfdb47,4
69825517c835c41957e01062,69825516c835c41957dfa122,1
69825517c835c41957e01062,69825517c835c41957e01064,2
69825516c835c41957dff082,69825516c835c41957dff0dc,1
69825516c835c41957dff082,69825516c835c41957dff05c,1
69825516c835c41957dff082,69825516c835c41957dff0b1,1
69825516c835c41957dff082,69825516c835c41957dff0ba,1
69825516c835c41957dff082,69825516c835c41957dff05e,1
69825516c835c41957dff082,69825516c835c41957dff069,1
69825516c835c41957dff082,69825516c835c41957dff063,1
69825516c835c41957dff082,69825516c835c41957dff06c,1
69825516c835c41957dff082,69825516c835c41957dff070,1
69825516c835c41957dff082,69825516c835c41957dff090,1
69825516c835c41957dff082,69825516c835c41957dff083,1
69825516c835c41957dff082,69825516c835c41957dff0cd,1
69825516c835c41957dff082,69825516c835c41957dff0d0,1
69825516c835c41957dff082,69825516c835c41957dff0cf,1
69825516c835c41957dff082,69825516c835c41957dff0d6,1
69825516c835c41957dff082,69825516c835c41957dff0b3,1
69825516c835c41957dff082,69825516c835c41957dff055,1
69825516c835c41957dff082,69825516c835c41957dff0c8,1
69825516c835c41957dff082,69825516c835c41957dff05f,1
69825516c835c41957dff082,69825516c835c41957dff071,1
69825516c835c41957dff082,69825516c835c41957dff0de,1
69825516c835c41957dff082,69825516c835c41957dff091,1
69825516c835c41957dff082,69825516c835c41957dff080,1
69825516c835c41957dff082,69825516c835c41957dff064,1
69825516c835c41957dff082,69825516c835c41957dff0b2,1
69825516c835c41957dff082,69825516c835c41957dff09e,1
69825516c835c41957dff082,69825516c835c41957dff072,1
69825516c835c41957dff082,69825516c835c41957dff09d,1
69825516c835c41957dff082,69825516c835c41957dff0db,1
69825516c835c41957dff082,69825516c835c41957dff086,1
69825516c835c41957dff082,69825516c835c41957dff077,1
69825516c835c41957dff082,69825516c835c41957dff0a2,1
69825516c835c41957dff082,69825516c835c41957dff0d3,1
69825516c835c41957dff082,69825516c835c41957dff08f,1
69825516c835c41957dff082,69825516c835c41957dff06f,1
69825516c835c41957dff082,69825516c835c41957dff0d9,1
69825516c835c41957dff082,69825516c835c41957dff0d1,1
69825517c835c41957e00416,69825517c835c41957e00f16,2
69825517c835c41957e00416,69825517c835c41957e011e4,2
69825516c835c41957dfc5cf,69825516c835c41957dfbd7b,1
69825516c835c41957dfc5cf,69825516c835c41957df9e2d,1
69825516c835c41957dfc5cf,69825516c835c41957dfc5a2,1
69825516c835c41957dfc5cf,69825516c835c41957dfc5a1,1
69825516c835c41957dfc5cf,69825517c835c41957e00d4f,1
69825516c835c41957dfc5cf,69825517c835c41957e00348,1
69825516c835c41957dfc5cf,69825516c835c41957dfc207,1
69825516c835c41957dfc5cf,69825517c835c41957e00d4e,1
69825516c835c41957dfc5cf,69825516c835c41957dfc572,1
69825516c835c41957dfc5cf,69825516c835c41957dfc571,1
69825516c835c41957dfc5cf,69825516c835c41957dfc5a3,1
69825516c835c41957dfc5cf,69825517c835c41957e007bf,1
69825516c835c41957dfc5cf,69825516c835c41957dfe76d,1
69825516c835c41957dfc5cf,69825516c835c41957dfaaab,1
69825516c835c41957dfc5cf,69825517c835c41957e01001,1
69825516c835c41957dfc5cf,69825516c835c41957dfba0e,1
69825516c835c41957dfc5cf,69825516c835c41957dfc589,1
69825516c835c41957dfc5cf,69825517c835c41957e00d4d,1
69825516c835c41957dfa46a,69825517c835c41957e00ded,1
69825516c835c41957dfa46a,69825516c835c41957dfb96a,1
69825516c835c41957dfa46a,69825517c835c41957e0104e,1
69825516c835c41957dfa46a,69825516c835c41957df9ff7,1
69825516c835c41957dfad8d,69825516c835c41957dfaddf,1
69825516c835c41957dfad8d,69825516c835c41957dfadc8,1
69825516c835c41957dfad8d,69825516c835c41957dfaa86,1
69825516c835c41957dfad8d,69825516c835c41957dfad66,4
69825516c835c41957dfefa3,69825516c835c41957dff004,7
69825516c835c41957dfefa3,69825516c835c41957dff007,8
69825516c835c41957dfefa3,69825516c835c41957dfef9d,7
69825516c835c41957dfefa3,69825516c835c41957dfefa1,7
69825516c835c41957dfefa3,69825516c835c41957dfefad,7
69825516c835c41957dfefa3,69825516c835c41957dfef9e,6
69825516c835c41957dfefa3,69825516c835c41957dff008,7
69825516c835c41957dfefa3,69825516c835c41957dfeffc,7
69825516c835c41957dfefa3,69825516c835c41957dfefa4,7
69825516c835c41957dfefa3,69825516c835c41957dfef9f,6
69825516c835c41957dfefa3,69825516c835c41957dfefb5,6
69825516c835c41957dfefa3,69825516c835c41957dfeff2,7
69825516c835c41957dfefa3,69825516c835c41957dfefa5,7
69825516c835c41957dfefa3,69825516c835c41957dfefc0,6
69825516c835c41957dfefa3,69825516c835c41957dfefb4,7
69825516c835c41957dfefa3,69825516c835c41957dfefb6,7
69825516c835c41957dfefa3,69825516c835c41957dfefb9,7
69825516c835c41957dfefa3,69825516c835c41957dff006,7
69825516c835c41957dfefa3,69825516c835c41957dfefb1,7
69825516c835c41957dfefa3,69825516c835c41957dfefa2,7
69825516c835c41957dfb720,69825516c835c41957dfd086,1
69825516c835c41957dfb720,69825516c835c41957dfd8b5,1
69825516c835c41957dfb720,69825516c835c41957dfb727,46
69825516c835c41957dfb720,69825516c835c41957dfb6b7,1
69825516c835c41957dfb720,69825516c835c41957dfb72b,40
69825517c835c41957dff4e1,69825517c835c41957dff4d4,1
69825516c835c41957dfb07b,69825516c835c41957dfac74,1
69825516c835c41957dfbc33,69825516c835c41957dfc145,1
69825516c835c41957dfbc33,69825516c835c41957dfb9f8,3
69825516c835c41957dfb367,69825516c835c41957dfb52b,1
69825516c835c41957dfb367,69825516c835c41957dfb527,1
69825516c835c41957dfe803,69825517c835c41957dffa33,3
69825516c835c41957dfe803,69825517c835c41957dffc6e,5
69825516c835c41957dfe803,69825517c835c41957e00841,3
69825516c835c41957dfe803,69825517c835c41957dff59e,1
69825516c835c41957dfe803,69825517c835c41957e0100c,1
69825516c835c41957dfe803,69825517c835c41957e00e90,1
69825516c835c41957dfe803,69825516c835c41957dfeee7,1
69825516c835c41957dfe803,69825516c835c41957dfcd3b,4
69825516c835c41957dfe7d5,69825517c835c41957dffce6,1
69825516c835c41957dfe7d5,69825516c835c41957dfba04,1
69825516c835c41957dfe7d5,69825516c835c41957dfbae2,1
69825516c835c41957dfe7d5,69825516c835c41957dfe034,3
69825516c835c41957dfe7d5,69825516c835c41957dfe01a,2
69825516c835c41957dfe7d5,69825516c835c41957dfd304,1
69825516c835c41957dfe7d5,69825516c835c41957dfd30a,1
69825516c835c41957dfe7d5,69825517c835c41957e010c8,1
69825516c835c41957dfe7d5,69825516c835c41957dfcce8,1
69825516c835c41957dfe7d5,69825516c835c41957dfd0c9,1
69825516c835c41957dfe7d5,69825517c835c41957e0061b,1
69825516c835c41957dfe7d5,69825516c835c41957dfca1e,2
69825516c835c41957dfe7d5,69825516c835c41957dfdaaa,2
69825516c835c41957dfe7d5,69825517c835c41957e00c9e,1
69825516c835c41957dfe7d5,69825516c835c41957dfd0ca,2
69825516c835c41957dfe7d5,69825516c835c41957dfd34d,2
69825516c835c41957dfe7d5,69825516c835c41957dfc99d,1
69825516c835c41957dfe7d5,69825516c835c41957dfd0c8,1
69825516c835c41957dfe7d5,69825516c835c41957dfab42,1
69825516c835c41957dfe7d5,69825516c835c41957dfb813,4
69825516c835c41957dfe7d5,69825516c835c41957dfd2f0,1
69825516c835c41957dfe7d5,69825516c835c41957dfda41,1
69825516c835c41957dfae9b,69825516c835c41957dfb0fd,1
69825517c835c41957dffd54,69825517c835c41957dffd36,2
69825517c835c41957dffd54,69825517c835c41957dffd58,2
69825517c835c41957dffd54,69825517c835c41957dffd3b,2
69825517c835c41957dffd54,69825517c835c41957dffd60,2
69825517c835c41957dffd54,69825517c835c41957dffd4f,2
69825517c835c41957dffd54,69825517c835c41957dffd3d,2
69825517c835c41957dffd54,69825517c835c41957dffd63,2
69825517c835c41957dffd54,69825517c835c41957e012a7,1
69825517c835c41957dffd54,69825517c835c41957dffd50,2
69825517c835c41957dffd54,69825517c835c41957dffd59,2
69825517c835c41957dffd54,69825517c835c41957dffd5a,2
69825517c835c41957dffd54,69825517c835c41957dffd3e,2
69825517c835c41957dffd54,69825517c835c41957e01276,1
69825517c835c41957dffd54,69825517c835c41957dffd42,2
69825517c835c41957dffd54,69825517c835c41957dffd35,2
69825517c835c41957dffd54,69825517c835c41957dffd47,2
69825517c835c41957dffd54,69825517c835c41957dffd3c,2
69825517c835c41957dffd54,69825517c835c41957dffd5c,2
69825517c835c41957dffd54,69825517c835c41957dffd62,2
69825517c835c41957dffd54,69825517c835c41957dffd39,2
69825517c835c41957dffd54,69825517c835c41957dffd64,2
69825517c835c41957dffd54,69825517c835c41957dffd3f,2
69825517c835c41957dffd54,69825517c835c41957dffd53,2
69825517c835c41957dffd54,69825517c835c41957dffd45,2
69825517c835c41957dffd54,69825517c835c41957dffd5e,2
69825517c835c41957dffd54,69825517c835c41957dffd44,3
69825517c835c41957e00d37,69825516c835c41957dfca2b,1
69825517c835c41957e00d37,69825517c835c41957e010d4,3
69825516c835c41957dfca8b,69825516c835c41957dfca8a,3
69825516c835c41957dfb7b3,69825516c835c41957dfd725,1
69825516c835c41957dfb7b3,69825516c835c41957dfd2f7,1
69825516c835c41957dfdb47,69825516c835c41957df9f53,1
69825516c835c41957dfdb47,69825516c835c41957dfb4ac,1
69825516c835c41957dfdb47,69825516c835c41957dfd9f1,2
69825516c835c41957dfdb47,69825516c835c41957dfe79f,4
69825516c835c41957dfdb47,69825517c835c41957dff98c,1
69825516c835c41957dfdb47,69825516c835c41957dfd2d4,2
69825516c835c41957dfdb47,69825517c835c41957dff6fc,3
69825516c835c41957dfdb47,69825517c835c41957e007db,2
69825516c835c41957dfdb47,69825517c835c41957e01286,1
69825516c835c41957dfdb47,69825516c835c41957dfb790,1
69825516c835c41957dfdb47,69825517c835c41957e00f6b,4
69825516c835c41957dfdb47,69825516c835c41957dfa98f,1
69825516c835c41957dfdb47,69825517c835c41957e00d08,6
69825516c835c41957dfdb47,69825516c835c41957dfe794,1
69825516c835c41957dfdb47,69825516c835c41957df9e60,4
69825516c835c41957dfdb47,69825516c835c41957dfe867,1
69825516c835c41957dfdb47,69825517c835c41957e00c9a,1
69825516c835c41957dfdb47,69825516c835c41957dfd3f6,4
69825516c835c41957dfdb47,69825517c835c41957e017f5,1
69825516c835c41957dfdb47,69825517c835c41957dffe16,3
69825516c835c41957dfdb47,69825516c835c41957dfb783,1
69825516c835c41957dfdb47,69825517c835c41957e0080a,3
69825516c835c41957dfdb47,69825517c835c41957e00f6c,6
69825516c835c41957dfdb47,69825516c835c41957dfb7a6,1
69825516c835c41957dfdb47,69825516c835c41957dfd025,3
69825516c835c41957dfdb47,69825517c835c41957dffbd6,6
69825516c835c41957dfdb47,69825516c835c41957dfccc3,1
69825517c835c41957e010ac,69825517c835c41957e009cf,1
69825517c835c41957e010ac,69825516c835c41957dfe5e0,1
69825517c835c41957e010ac,69825517c835c41957e00166,2
69825517c835c41957e010ac,69825516c835c41957dfee73,1
69825516c835c41957dfc53c,69825516c835c41957dfd0c7,1
69825516c835c41957dfc53c,69825516c835c41957dfc91e,1
69825516c835c41957dfc53c,69825517c835c41957e01804,1
69825516c835c41957dfc53c,69825516c835c41957dfc211,1
69825516c835c41957dfc53c,69825517c835c41957e00c9b,1
69825517c835c41957dffb4c,69825517c835c41957dff996,1
69825517c835c41957dffb4c,69825516c835c41957dfedac,1
69825517c835c41957dffb4c,69825516c835c41957dfa55b,1
69825516c835c41957dfe428,69825516c835c41957dfe6d3,1
69825516c835c41957dfe428,69825516c835c41957dfe42a,1
69825516c835c41957dfe428,69825516c835c41957dfe6d4,1
69825516c835c41957dfe428,69825516c835c41957dfe66f,1
69825516c835c41957dfe428,69825516c835c41957dfa81b,1
69825516c835c41957dfe428,69825516c835c41957dfe671,1
69825516c835c41957dfe428,69825516c835c41957dfe4ad,1
69825516c835c41957dfe428,69825516c835c41957dfe789,1
69825516c835c41957dfe428,69825517c835c41957e0106b,1
69825516c835c41957dfe428,69825516c835c41957dfe78c,1
69825516c835c41957dfe428,69825516c835c41957dfe670,1
69825516c835c41957dfe428,69825517c835c41957e0106c,1
69825516c835c41957dfe428,69825516c835c41957dfe429,1
69825516c835c41957dfe5c0,69825516c835c41957dfe45f,2
69825517c835c41957dff995,69825516c835c41957dfc675,1
69825517c835c41957e01942,69825517c835c41957e006bc,1
69825517c835c41957e00f49,69825516c835c41957dfe125,1
69825517c835c41957e010b7,69825516c835c41957dfa7ea,1
69825516c835c41957dfd7db,69825516c835c41957dfa531,1
69825516c835c41957dfd7db,69825517c835c41957dff465,1
69825516c835c41957dfd7db,69825516c835c41957dfe7ff,1
69825516c835c41957dfd7db,69825516c835c41957dfd069,1
69825516c835c41957dfd7db,69825516c835c41957dfd2e0,1
69825516c835c41957dfd7db,69825516c835c41957dfd2dc,1
69825516c835c41957dfa1f6,69825517c835c41957e00f94,1
69825516c835c41957dfe606,69825516c835c41957df9f79,1
69825516c835c41957dfe606,69825516c835c41957dfef25,1
69825516c835c41957dfe606,69825516c835c41957dfcd0a,1
69825516c835c41957dfe606,69825516c835c41957dfa3f8,1
69825516c835c41957dfe606,69825516c835c41957dfa465,1
69825516c835c41957dfa9b0,69825516c835c41957dfac22,1
69825516c835c41957dfe146,69825516c835c41957dfb810,1
69825517c835c41957e00bf7,69825516c835c41957dfd34b,1
69825517c835c41957e00bf7,69825517c835c41957dffb20,5
69825517c835c41957e00bf7,69825516c835c41957dfd2db,1
69825517c835c41957e00bf7,69825516c835c41957dfbd65,1
69825517c835c41957e00bf7,69825517c835c41957e01a80,1
69825517c835c41957e00bf7,69825516c835c41957dfd070,1
69825517c835c41957e00bf7,69825517c835c41957dff930,1
69825517c835c41957e00bf7,69825517c835c41957e01a78,1
69825517c835c41957e00bf7,69825516c835c41957dfccad,1
69825517c835c41957e00bf7,69825517c835c41957dff880,1
69825517c835c41957e00bf7,69825517c835c41957e00fc5,1
69825517c835c41957e00bf7,69825516c835c41957dfdb50,1
69825517c835c41957e00bf7,69825516c835c41957dfb7b2,1
69825517c835c41957e00bf7,69825517c835c41957dffb7c,3
69825517c835c41957e00bf7,69825516c835c41957dfe788,1
69825517c835c41957e00bf7,69825517c835c41957e01349,1
69825517c835c41957e00bf7,69825517c835c41957e007d9,1
69825517c835c41957e00bf7,69825516c835c41957dfb7e1,3
69825517c835c41957e00bf7,69825517c835c41957e00bf9,2
69825517c835c41957e00bf7,69825516c835c41957dfd8b7,2
69825517c835c41957e00bf7,69825517c835c41957e00fd4,6
69825517c835c41957dffd5e,69825517c835c41957dffd36,2
69825517c835c41957dffd5e,69825517c835c41957dffd58,2
69825517c835c41957dffd5e,69825517c835c41957dffd3b,2
69825517c835c41957dffd5e,69825517c835c41957dffd60,2
69825517c835c41957dffd5e,69825517c835c41957e00d49,1
69825517c835c41957dffd5e,69825517c835c41957dffd4f,2
69825517c835c41957dffd5e,69825517c835c41957dffd3d,2
69825517c835c41957dffd5e,69825517c835c41957dffd63,2
69825517c835c41957dffd5e,69825517c835c41957e012a7,1
69825517c835c41957dffd5e,69825517c835c41957dffd50,2
69825517c835c41957dffd5e,69825517c835c41957dffd59,2
69825517c835c41957dffd5e,69825517c835c41957dffd5a,2
69825517c835c41957dffd5e,69825517c835c41957dffd3e,2
69825517c835c41957dffd5e,69825517c835c41957e01276,1
69825517c835c41957dffd5e,69825517c835c41957dffd42,2
69825517c835c41957dffd5e,69825517c835c41957dffd35,2
69825517c835c41957dffd5e,69825517c835c41957dffd47,2
69825517c835c41957dffd5e,69825517c835c41957dffd3c,2
69825517c835c41957dffd5e,69825517c835c41957dffd5c,2
69825517c835c41957dffd5e,69825517c835c41957dffd62,2
69825517c835c41957dffd5e,69825517c835c41957dffd39,2
69825517c835c41957dffd5e,69825517c835c41957dffd64,2
69825517c835c41957dffd5e,69825517c835c41957dffd3f,2
69825517c835c41957dffd5e,69825517c835c41957dffd53,2
69825517c835c41957dffd5e,69825517c835c41957dffd45,2
69825517c835c41957dffd5e,69825517c835c41957dffd44,2
69825517c835c41957e01107,69825516c835c41957dfa3fd,1
69825517c835c41957e01107,69825516c835c41957dff299,1
69825517c835c41957e01107,69825517c835c41957e00da9,1
69825517c835c41957e01107,69825516c835c41957df9e4b,1
69825517c835c41957e01107,69825516c835c41957dfda2d,1
69825517c835c41957e01107,69825516c835c41957dfa57a,1
69825516c835c41957dfa0ae,69825516c835c41957dfef5e,1
69825516c835c41957dfa0ae,69825517c835c41957dff402,2
69825516c835c41957dfa0ae,69825517c835c41957dffdda,1
69825516c835c41957dfa0ae,69825517c835c41957e00eba,2
69825516c835c41957dfa0ae,69825517c835c41957dffca5,1
69825516c835c41957dfc589,69825516c835c41957dfbd7b,1
69825516c835c41957dfc589,69825516c835c41957dfc587,1
69825516c835c41957dfc589,69825516c835c41957dfc5a2,1
69825516c835c41957dfc589,69825516c835c41957dfc5a1,1
69825516c835c41957dfc589,69825517c835c41957e00d4f,1
69825516c835c41957dfc589,69825517c835c41957e00348,1
69825516c835c41957dfc589,69825516c835c41957dfc207,1
69825516c835c41957dfc589,69825517c835c41957e00d4e,1
69825516c835c41957dfc589,69825516c835c41957dfc572,2
69825516c835c41957dfc589,69825516c835c41957dfc571,1
69825516c835c41957dfc589,69825516c835c41957dfc5a3,1
69825516c835c41957dfc589,69825517c835c41957e007bf,1
69825516c835c41957dfc589,69825516c835c41957dfe76d,1
69825516c835c41957dfc589,69825516c835c41957dfba0e,1
69825516c835c41957dfc589,69825517c835c41957e00d4d,1
69825516c835c41957dfc9c0,69825516c835c41957dfc933,8
69825517c835c41957e00a0f,69825516c835c41957dfd036,1
69825517c835c41957e00a0f,69825516c835c41957df9e28,1
69825517c835c41957e00a0f,69825517c835c41957e017fc,1
69825516c835c41957dfb531,69825516c835c41957dfa44f,1
69825516c835c41957dff04a,69825516c835c41957dfc6bf,1
69825516c835c41957dff04a,69825517c835c41957e012a5,1
69825516c835c41957dff04a,69825516c835c41957dfc8da,1
69825516c835c41957dff04a,69825517c835c41957e015fb,1
69825516c835c41957dff04a,69825517c835c41957e012a7,1
69825516c835c41957dff04a,69825516c835c41957dfe481,1
69825516c835c41957dff04a,69825517c835c41957e0129f,1
69825516c835c41957dff04a,69825517c835c41957e00735,1
69825516c835c41957dff04a,69825516c835c41957dff313,1
69825516c835c41957dff04a,69825516c835c41957dfc857,1
69825516c835c41957dff04a,69825516c835c41957dfe5fd,1
69825517c835c41957e0121c,69825517c835c41957e00f1e,1
69825517c835c41957e0121c,69825516c835c41957dfa5a4,1
69825517c835c41957e0121c,69825516c835c41957dfb9af,1
69825516c835c41957dfbd7b,69825516c835c41957dfc5a2,1
69825516c835c41957dfbd7b,69825516c835c41957dfc5a1,1
69825516c835c41957dfbd7b,69825517c835c41957e00d4f,1
69825516c835c41957dfbd7b,69825517c835c41957e00d4d,1
69825516c835c41957dfbd7b,69825516c835c41957dfbd86,1
69825516c835c41957dfbd7b,69825517c835c41957e00348,1
69825516c835c41957dfbd7b,69825516c835c41957dfc207,1
69825516c835c41957dfbd7b,69825517c835c41957e007c0,1
69825516c835c41957dfbd7b,69825517c835c41957e00e96,1
69825516c835c41957dfbd7b,69825517c835c41957e00d4e,1
69825516c835c41957dfbd7b,69825516c835c41957dfc572,1
69825516c835c41957dfbd7b,69825516c835c41957dfc571,1
69825516c835c41957dfbd7b,69825516c835c41957dfc5a3,1
69825516c835c41957dfbd7b,69825517c835c41957e007bf,1
69825516c835c41957dfbd7b,69825516c835c41957dfe76d,1
69825516c835c41957dfbd7b,69825516c835c41957dfba0e,2
69825516c835c41957dfbd7b,69825516c835c41957dfc205,1
69825517c835c41957e013f1,69825516c835c41957dfef52,1
69825517c835c41957e013f1,69825516c835c41957dfb8ef,1
69825516c835c41957dfb11f,69825516c835c41957dfc808,1
69825517c835c41957e00a15,69825516c835c41957dfb5a8,1
69825517c835c41957e00a15,69825516c835c41957dfcf3f,4
69825517c835c41957e01595,69825517c835c41957e016aa,1
69825517c835c41957e01595,69825517c835c41957e015c0,1
69825517c835c41957e01595,69825517c835c41957e016d5,2
69825517c835c41957e01595,69825517c835c41957e015da,1
69825517c835c41957e01595,69825517c835c41957e0169a,1
69825517c835c41957e01595,69825517c835c41957e01600,1
69825517c835c41957e01595,69825516c835c41957dfa7f4,1
69825517c835c41957e01595,69825517c835c41957e01690,1
69825517c835c41957e01595,69825517c835c41957e01622,1
69825516c835c41957dfb4b2,69825516c835c41957dfaaf2,1
69825516c835c41957dfb4b2,69825516c835c41957dfedac,1
69825516c835c41957dfb4b2,69825516c835c41957dfb3a6,3
69825516c835c41957dfd1ac,69825516c835c41957dfd314,2
69825516c835c41957dfd1ac,69825516c835c41957dfd1f3,2
69825516c835c41957dfd1ac,69825516c835c41957dfd336,2
69825516c835c41957dfd1ac,69825516c835c41957dfe78c,1
69825516c835c41957dfd1ac,69825516c835c41957dfd315,2
69825516c835c41957dfd1ac,69825516c835c41957dfd17b,2
69825516c835c41957dfd1ac,69825516c835c41957dfd313,2
69825516c835c41957dfb7ed,69825516c835c41957dfcd4d,1
69825516c835c41957dfb7ed,69825516c835c41957dfba1c,1
69825516c835c41957dfb7ed,69825516c835c41957dfa168,2
69825516c835c41957dfb7ed,69825517c835c41957e0083a,1
69825516c835c41957dfb7ed,69825516c835c41957dfce4e,1
69825516c835c41957dfb7ed,69825516c835c41957dfe141,1
69825516c835c41957dfb7ed,69825517c835c41957e00524,3
69825516c835c41957dfb7ed,69825517c835c41957e0086e,2
69825516c835c41957dfb7ed,69825516c835c41957dfa636,2
69825516c835c41957dfb7ed,69825517c835c41957e00525,2
69825516c835c41957dfb7ed,69825516c835c41957dfe7d1,1
69825516c835c41957dfb7ed,69825516c835c41957dfd19c,3
69825516c835c41957dfa1bb,69825516c835c41957dfb570,2
69825516c835c41957dfa1bb,69825517c835c41957e0126e,5
69825516c835c41957dfd712,69825516c835c41957dfb8d0,1
69825516c835c41957dfbbb0,69825516c835c41957dfbbf6,1
69825516c835c41957dfbbb0,69825516c835c41957dfbc22,1
69825516c835c41957dfbbb0,69825516c835c41957dfbc0d,1
69825516c835c41957dfbbb0,69825516c835c41957dfbbb5,1
69825516c835c41957dfbbb0,69825516c835c41957dfbbe8,1
69825516c835c41957dfbbb0,69825516c835c41957dfbc08,1
69825516c835c41957dfbbb0,69825516c835c41957dfbbf0,1
69825517c835c41957dfffd0,69825517c835c41957dff795,1
69825517c835c41957dfffd0,69825517c835c41957e01501,2
69825517c835c41957dfffd0,69825517c835c41957dff796,1
69825517c835c41957dfffd0,69825517c835c41957e0154b,1
69825517c835c41957dfff2a,69825517c835c41957dffe6f,1
69825517c835c41957dffd35,69825517c835c41957dffd36,2
69825517c835c41957dffd35,69825517c835c41957dffd58,2
69825517c835c41957dffd35,69825517c835c41957dffd3b,2
69825517c835c41957dffd35,69825517c835c41957dffd60,2
69825517c835c41957dffd35,69825517c835c41957dffd4f,2
69825517c835c41957dffd35,69825517c835c41957dffd3d,2
69825517c835c41957dffd35,69825517c835c41957dffd63,2
69825517c835c41957dffd35,69825517c835c41957e012a7,1
69825517c835c41957dffd35,69825517c835c41957dffd50,2
69825517c835c41957dffd35,69825517c835c41957dffd59,2
69825517c835c41957dffd35,69825517c835c41957dffd5a,2
69825517c835c41957dffd35,69825517c835c41957dffd3e,2
69825517c835c41957dffd35,69825517c835c41957e01276,1
69825517c835c41957dffd35,69825517c835c41957dffd42,2
69825517c835c41957dffd35,69825517c835c41957dffd47,2
69825517c835c41957dffd35,69825517c835c41957dffd3c,2
69825517c835c41957dffd35,69825517c835c41957dffd5c,2
69825517c835c41957dffd35,69825517c835c41957dffd62,2
69825517c835c41957dffd35,69825517c835c41957dffd39,2
69825517c835c41957dffd35,69825517c835c41957dffd64,2
69825517c835c41957dffd35,69825517c835c41957dffd3f,2
69825517c835c41957dffd35,69825517c835c41957dffd53,2
69825517c835c41957dffd35,69825517c835c41957dffd45,2
69825517c835c41957dffd35,69825517c835c41957dffd44,2
69825516c835c41957dfa445,69825517c835c41957dffa50,1
69825516c835c41957dfa445,69825517c835c41957dffac6,1
69825516c835c41957dfa445,69825516c835c41957dfeef1,1
69825516c835c41957dfa445,69825516c835c41957dfa3f8,1
69825516c835c41957dfa445,69825517c835c41957e001e1,1
69825516c835c41957dfc114,69825516c835c41957dfb95d,1
69825516c835c41957dfa9c1,69825516c835c41957dfe621,1
69825516c835c41957dfa9c1,69825516c835c41957dfb922,1
69825516c835c41957dfa9c1,69825517c835c41957e004b9,1
69825516c835c41957dfa9c1,69825516c835c41957dfd79f,1
69825516c835c41957dfa9c1,69825516c835c41957dfd4ad,1
69825516c835c41957dfa9c1,69825516c835c41957dfb7ae,1
69825516c835c41957dfa9c1,69825516c835c41957dfe622,1
69825516c835c41957dfa9c1,69825516c835c41957dff04d,3
69825516c835c41957dfa9c1,69825516c835c41957dfe61e,1
69825516c835c41957dfa9c1,69825516c835c41957dfe61a,1
69825516c835c41957dfa0e9,69825516c835c41957dfedb6,1
69825516c835c41957dfa0e9,69825516c835c41957dfd00c,1
69825516c835c41957dfa0e9,69825517c835c41957e00481,1
69825516c835c41957dfa0e9,69825516c835c41957dfb969,1
69825516c835c41957dfa0e9,69825516c835c41957dfbde1,7
69825516c835c41957dfa0e9,69825516c835c41957dfca2b,2
69825516c835c41957dfa0e9,69825516c835c41957dfc990,1
69825516c835c41957dfa0e9,69825516c835c41957dff282,1
69825516c835c41957dfa0e9,69825516c835c41957dfd2e1,1
69825516c835c41957dfa0e9,69825516c835c41957dfc131,2
69825516c835c41957dfa0e9,69825516c835c41957dfaa39,1
69825516c835c41957dfa0e9,69825516c835c41957dfeef0,1
69825516c835c41957dfa0e9,69825516c835c41957dfa95b,1
69825516c835c41957dfa0e9,69825516c835c41957dff355,2
69825516c835c41957dfa0e9,69825517c835c41957dffc2f,1
69825516c835c41957dfa0e9,69825517c835c41957dffac6,1
69825516c835c41957dfa0e9,69825516c835c41957dfa4eb,1
69825516c835c41957dfa0e9,69825516c835c41957dfbf53,1
69825516c835c41957dfa0e9,69825516c835c41957dfe793,1
69825516c835c41957dfa0e9,69825517c835c41957e012b3,1
69825516c835c41957dfa0e9,69825517c835c41957e002a8,2
69825516c835c41957dfa0e9,69825517c835c41957e001e1,2
69825516c835c41957dfa0e9,69825517c835c41957dffca5,1
69825516c835c41957dfa0e9,69825516c835c41957dfa49d,2
69825516c835c41957dfa0e9,69825516c835c41957dfcd49,1
69825516c835c41957dfa0e9,69825517c835c41957dff40f,1
69825516c835c41957dfa0e9,69825517c835c41957e00a30,1
69825516c835c41957dfa0e9,69825516c835c41957dfc98b,1
69825516c835c41957dfa0e9,69825516c835c41957dff3ce,1
69825516c835c41957dfa0e9,69825516c835c41957dfdc39,2
69825516c835c41957dfa0e9,69825516c835c41957dfef59,1
69825516c835c41957dfa0e9,69825516c835c41957dfef50,1
69825516c835c41957dfa0e9,69825516c835c41957dfb9f5,1
69825516c835c41957dfa0e9,69825517c835c41957e0098b,1
69825516c835c41957dfa0e9,69825516c835c41957dfe848,1
69825516c835c41957dfa0e9,69825516c835c41957dfa584,2
69825516c835c41957dfa0e9,69825516c835c41957dff286,1
69825516c835c41957dfa0e9,69825517c835c41957e00bfc,1
69825516c835c41957dfa0e9,69825516c835c41957dfd30e,1
69825516c835c41957dfa0e9,69825517c835c41957e00bf9,1
69825516c835c41957dfdd5e,69825517c835c41957dffce5,2
69825516c835c41957dfd31d,69825516c835c41957dfbef2,1
69825516c835c41957dfd025,69825516c835c41957dfd9f1,1
69825516c835c41957dfd025,69825516c835c41957dfe79f,2
69825516c835c41957dfd025,69825516c835c41957dfd2d4,3
69825516c835c41957dfd025,69825517c835c41957dff6fc,2
69825516c835c41957dfd025,69825517c835c41957dff82a,1
69825516c835c41957dfd025,69825517c835c41957e007db,1
69825516c835c41957dfd025,69825517c835c41957e01286,1
69825516c835c41957dfd025,69825516c835c41957dfb790,1
69825516c835c41957dfd025,69825517c835c41957e00f6b,3
69825516c835c41957dfd025,69825517c835c41957e00d08,3
69825516c835c41957dfd025,69825516c835c41957dfccbb,1
69825516c835c41957dfd025,69825516c835c41957df9e60,3
69825516c835c41957dfd025,69825516c835c41957dfd3f6,3
69825516c835c41957dfd025,69825517c835c41957e017f5,1
69825516c835c41957dfd025,69825517c835c41957dffe16,2
69825516c835c41957dfd025,69825517c835c41957e0080a,1
69825516c835c41957dfd025,69825517c835c41957e00f6c,3
69825516c835c41957dfd025,69825517c835c41957dffbd6,3
69825516c835c41957dfd025,69825516c835c41957dfccc3,1
69825516c835c41957dfd34d,69825516c835c41957dfba04,1
69825516c835c41957dfd34d,69825516c835c41957dfbae2,1
69825516c835c41957dfd34d,69825516c835c41957dfe034,1
69825516c835c41957dfd34d,69825516c835c41957dfe01a,3
69825516c835c41957dfd34d,69825516c835c41957dfd30a,4
69825516c835c41957dfd34d,69825517c835c41957e010c8,1
69825516c835c41957dfd34d,69825516c835c41957dfcce8,2
69825516c835c41957dfd34d,69825516c835c41957dfd0c9,3
69825516c835c41957dfd34d,69825517c835c41957e0061b,1
69825516c835c41957dfd34d,69825516c835c41957dfca1e,5
69825516c835c41957dfd34d,69825516c835c41957dfc8e6,1
69825516c835c41957dfd34d,69825516c835c41957dfdaaa,5
69825516c835c41957dfd34d,69825517c835c41957e00c9e,4
69825516c835c41957dfd34d,69825516c835c41957dfd0ca,4
69825516c835c41957dfd34d,69825516c835c41957dfdbe9,1
69825516c835c41957dfd34d,69825516c835c41957dfc99d,2
69825516c835c41957dfd34d,69825516c835c41957dfab42,1
69825516c835c41957dfd34d,69825516c835c41957dfb813,3
69825516c835c41957dfd34d,69825516c835c41957dfd2f0,1
69825516c835c41957dfd34d,69825516c835c41957dfda41,1
69825517c835c41957dffb6b,69825517c835c41957e0024c,1
69825517c835c41957e00fd4,69825516c835c41957dfd2dd,1
69825517c835c41957e00fd4,69825517c835c41957dffb20,12
69825517c835c41957e00fd4,69825516c835c41957dfa40b,1
69825517c835c41957e00fd4,69825516c835c41957dfd2db,1
69825517c835c41957e00fd4,69825516c835c41957dfbd65,1
69825517c835c41957e00fd4,69825516c835c41957dfa168,2
69825517c835c41957e00fd4,69825517c835c41957dff891,2
69825517c835c41957e00fd4,69825516c835c41957dfd070,1
69825517c835c41957e00fd4,69825517c835c41957e01a78,1
69825517c835c41957e00fd4,69825516c835c41957dfccad,1
69825517c835c41957e00fd4,69825517c835c41957e00f7b,2
69825517c835c41957e00fd4,69825516c835c41957dfc131,1
69825517c835c41957e00fd4,69825516c835c41957dfc107,1
69825517c835c41957e00fd4,69825516c835c41957dfdb50,1
69825517c835c41957e00fd4,69825516c835c41957dfa95b,2
69825517c835c41957e00fd4,69825517c835c41957e006e6,1
69825517c835c41957e00fd4,69825516c835c41957dfaa2f,1
69825517c835c41957e00fd4,69825516c835c41957dfbb08,1
69825517c835c41957e00fd4,69825517c835c41957dffb7c,3
69825517c835c41957e00fd4,69825516c835c41957dfe788,1
69825517c835c41957e00fd4,69825516c835c41957dfb7e1,7
69825517c835c41957e00fd4,69825517c835c41957dff90d,1
69825517c835c41957e00fd4,69825516c835c41957dfd04e,1
69825517c835c41957e00fd4,69825517c835c41957e00bf9,2
69825517c835c41957e00fd4,69825516c835c41957dfd069,1
69825517c835c41957e00fd4,69825516c835c41957dfd892,1
69825516c835c41957dff248,69825516c835c41957dfe48e,1
69825516c835c41957dfb792,69825516c835c41957dfa7ad,1
69825516c835c41957dfb792,69825517c835c41957dff40f,1
69825516c835c41957dfb792,69825516c835c41957dfb793,1
69825516c835c41957dfb792,69825517c835c41957dff402,1
69825516c835c41957dfb792,69825517c835c41957e00a30,1
69825516c835c41957dfb792,69825516c835c41957dff3ce,1
69825516c835c41957dfb792,69825517c835c41957e00eba,1
69825516c835c41957dfb792,69825516c835c41957dfbf53,1
69825516c835c41957dfb792,69825516c835c41957df9d5e,1
69825516c835c41957dfe621,69825516c835c41957dfb922,1
69825516c835c41957dfe621,69825517c835c41957e004b9,1
69825516c835c41957dfe621,69825516c835c41957dfd79f,1
69825516c835c41957dfe621,69825516c835c41957dfd4ad,1
69825516c835c41957dfe621,69825516c835c41957dfb7ae,1
69825516c835c41957dfe621,69825516c835c41957dfe622,1
69825516c835c41957dfe621,69825516c835c41957dff04d,1
69825516c835c41957dfe621,69825516c835c41957dfe61e,1
69825516c835c41957dfe621,69825516c835c41957dfe61a,1
69825516c835c41957dfbc22,69825516c835c41957dfbbf6,1
69825516c835c41957dfbc22,69825516c835c41957dfbc0d,1
69825516c835c41957dfbc22,69825516c835c41957dfbbb5,1
69825516c835c41957dfbc22,69825516c835c41957dfbbe8,1
69825516c835c41957dfbc22,69825516c835c41957dfbc08,1
69825516c835c41957dfbc22,69825516c835c41957dfbbf0,1
69825516c835c41957dfa73a,69825516c835c41957dfac3e,1
69825516c835c41957dfa73a,69825516c835c41957dfe2d0,1
69825516c835c41957dfbd86,69825517c835c41957e007c0,1
69825516c835c41957dfbd86,69825517c835c41957e00e96,1
69825516c835c41957dfbd86,69825516c835c41957dfba0e,1
69825516c835c41957dfbd86,69825516c835c41957dfc205,2
69825516c835c41957dfb76b,69825516c835c41957dfdb9b,1
69825516c835c41957dfb76b,69825516c835c41957dfe788,1
69825516c835c41957dfb76b,69825516c835c41957dfdbbc,1
69825516c835c41957dfb76b,69825517c835c41957e01349,1
69825516c835c41957dfb76b,69825517c835c41957e01384,1
69825516c835c41957dfb76b,69825516c835c41957dfb7b7,1
69825516c835c41957dfc2fb,69825517c835c41957dffd55,1
69825516c835c41957dfc2fb,69825516c835c41957dfb7e4,1
69825516c835c41957dfef56,69825516c835c41957dfbb84,1
69825516c835c41957dfef56,69825516c835c41957dfd2f5,3
69825516c835c41957dfef56,69825516c835c41957dfa1f8,2
69825516c835c41957dfef56,69825516c835c41957dfcc8e,1
69825516c835c41957dfef56,69825516c835c41957dfeeef,1
69825516c835c41957dfef56,69825517c835c41957dff799,1
69825516c835c41957dff083,69825516c835c41957dff0dc,1
69825516c835c41957dff083,69825516c835c41957dff05c,1
69825516c835c41957dff083,69825516c835c41957dff0b1,1
69825516c835c41957dff083,69825516c835c41957dff0ba,2
69825516c835c41957dff083,69825516c835c41957dff05e,1
69825516c835c41957dff083,69825516c835c41957dff069,1
69825516c835c41957dff083,69825516c835c41957dff063,1
69825516c835c41957dff083,69825516c835c41957dff06c,1
69825516c835c41957dff083,69825516c835c41957dff070,1
69825516c835c41957dff083,69825516c835c41957dff090,1
69825516c835c41957dff083,69825516c835c41957dff0cd,1
69825516c835c41957dff083,69825516c835c41957dff0d0,2
69825516c835c41957dff083,69825516c835c41957dff0cf,2
69825516c835c41957dff083,69825516c835c41957dff0d6,1
69825516c835c41957dff083,69825516c835c41957dff0b3,1
69825516c835c41957dff083,69825516c835c41957dff055,1
69825516c835c41957dff083,69825516c835c41957dff0c8,1
69825516c835c41957dff083,69825516c835c41957dff05f,1
69825516c835c41957dff083,69825516c835c41957dff071,1
69825516c835c41957dff083,69825516c835c41957dff0de,1
69825516c835c41957dff083,69825516c835c41957dff091,1
69825516c835c41957dff083,69825516c835c41957dff080,1
69825516c835c41957dff083,69825516c835c41957dff064,1
69825516c835c41957dff083,69825516c835c41957dff0b2,1
69825516c835c41957dff083,69825516c835c41957dff09e,1
69825516c835c41957dff083,69825516c835c41957dff072,1
69825516c835c41957dff083,69825516c835c41957dff09d,2
69825516c835c41957dff083,69825516c835c41957dff0db,1
69825516c835c41957dff083,69825516c835c41957dff086,1
69825516c835c41957dff083,69825516c835c41957dff077,1
69825516c835c41957dff083,69825516c835c41957dff0a2,1
69825516c835c41957dff083,69825516c835c41957dff0d3,2
69825516c835c41957dff083,69825516c835c41957dff08f,1
69825516c835c41957dff083,69825516c835c41957dff06f,1
69825516c835c41957dff083,69825516c835c41957dff0d9,1
69825516c835c41957dff083,69825516c835c41957dff0d1,1
69825516c835c41957dfc478,69825516c835c41957dfb3c3,1
69825516c835c41957dfc478,69825516c835c41957dfb206,1
69825516c835c41957dfb79e,69825516c835c41957dfbca7,1
69825516c835c41957dfb79e,69825516c835c41957dfa37e,1
69825516c835c41957dfb79e,69825517c835c41957e017f5,1
69825516c835c41957dfd21d,69825516c835c41957dfedc4,1
69825516c835c41957dfd21d,69825516c835c41957dfd215,2
69825516c835c41957dfd21d,69825516c835c41957dfa9be,2
69825516c835c41957dfd21d,69825516c835c41957dfb651,2
69825516c835c41957dfd21d,69825517c835c41957e00d1c,1
69825516c835c41957dfba08,69825516c835c41957dfc5e8,1
69825517c835c41957dff565,69825517c835c41957e00b7c,1
69825517c835c41957dff565,69825516c835c41957dfaa7b,1
69825516c835c41957dfcd90,69825516c835c41957dfd3fb,3
69825516c835c41957dfcd90,69825516c835c41957dfac47,1
69825516c835c41957dfbd2b,69825517c835c41957dff7a3,3
69825516c835c41957dfbd2b,69825517c835c41957dffa4b,2
69825516c835c41957dfbd2b,69825516c835c41957dfd2c1,2
69825516c835c41957dfbd2b,69825517c835c41957e0069b,2
69825516c835c41957dfbd2b,69825516c835c41957dfbd2d,1
69825516c835c41957dfaabe,69825516c835c41957dfe871,1
69825516c835c41957dfd071,69825516c835c41957dfd1f0,4
69825516c835c41957dfe00c,69825517c835c41957e009af,1
69825516c835c41957dfe00c,69825516c835c41957dfedee,1
69825516c835c41957dff21b,69825516c835c41957dfc2e0,1
69825516c835c41957dff21b,69825516c835c41957dfd253,2
69825516c835c41957dff21b,69825517c835c41957e009fc,2
69825516c835c41957dff21b,69825517c835c41957e00e87,2
69825517c835c41957e011ac,69825516c835c41957dfee8d,1
69825517c835c41957e011ac,69825516c835c41957dfa5a4,8
69825517c835c41957e011ac,69825516c835c41957df9c99,1
69825517c835c41957e011ac,69825517c835c41957e00a2c,4
69825517c835c41957e011ac,69825516c835c41957dfa375,1
69825517c835c41957e011ac,69825516c835c41957dfd8b5,1
69825517c835c41957e011ac,69825516c835c41957dfa160,2
69825517c835c41957e011ac,69825516c835c41957dfa8cf,1
69825517c835c41957e011ac,69825516c835c41957dfd8e7,3
69825517c835c41957e011ac,69825517c835c41957e010a7,1
69825517c835c41957e011ac,69825516c835c41957dfb9af,9
69825517c835c41957e011ac,69825516c835c41957dfa8a4,5
69825517c835c41957e011ac,69825516c835c41957dfd3f8,1
69825517c835c41957e011ac,69825516c835c41957dfb53e,1
69825517c835c41957e011ac,69825516c835c41957dfe795,1
69825517c835c41957e011ac,69825516c835c41957dfa059,1
69825517c835c41957e011ac,69825516c835c41957dfd086,1
69825517c835c41957e011ac,69825516c835c41957dfed83,1
69825517c835c41957e011ac,69825516c835c41957dfa813,1
69825516c835c41957dfbbd4,69825516c835c41957dfbc10,1
69825516c835c41957dfbbd4,69825516c835c41957dfbc20,1
69825516c835c41957dfbbd4,69825516c835c41957dfbbb2,1
69825516c835c41957dfbbd4,69825516c835c41957dfbc09,1
69825516c835c41957dfbbd4,69825516c835c41957dfbbea,1
69825516c835c41957dfbbd4,69825516c835c41957dfbbf8,1
69825516c835c41957dfbbd4,69825516c835c41957dfbbb9,1
69825516c835c41957dfbbd4,69825516c835c41957dfbc2c,1
69825516c835c41957dfbbd4,69825516c835c41957dfbbe4,1
69825516c835c41957dfbbd4,69825516c835c41957dfbbfd,1
69825516c835c41957dfbbd4,69825516c835c41957dfbc0e,1
69825516c835c41957dfbbd4,69825516c835c41957dfbc27,1
69825516c835c41957dfbbd4,69825516c835c41957dfbc1b,1
69825516c835c41957dfbbd4,69825516c835c41957dfbbba,1
69825516c835c41957dfbbd4,69825516c835c41957dfbc0f,1
69825516c835c41957dfbbd4,69825516c835c41957dfbbb8,1
69825516c835c41957dfbbd4,69825516c835c41957dfbbc3,1
69825516c835c41957dfbbd4,69825516c835c41957dfbbb7,1
69825517c835c41957e00b87,69825517c835c41957e01106,1
69825517c835c41957e00fea,69825516c835c41957df9e5f,1
69825517c835c41957e00fea,69825517c835c41957e00fe3,1
69825517c835c41957e00fea,69825516c835c41957dfc026,1
69825517c835c41957e00fea,69825516c835c41957dfe483,1
69825516c835c41957dff3ce,69825517c835c41957e00dc0,1
69825516c835c41957dff3ce,69825516c835c41957dfcd49,2
69825516c835c41957dff3ce,69825516c835c41957dfb793,1
69825516c835c41957dff3ce,69825517c835c41957dff40f,8
69825516c835c41957dff3ce,69825517c835c41957dff402,2
69825516c835c41957dff3ce,69825517c835c41957e00a30,2
69825516c835c41957dff3ce,69825516c835c41957dfd2e1,1
69825516c835c41957dff3ce,69825517c835c41957e00423,1
69825516c835c41957dff3ce,69825516c835c41957dfef59,1
69825516c835c41957dff3ce,69825516c835c41957dfeef0,1
69825516c835c41957dff3ce,69825516c835c41957dfd2dc,1
69825516c835c41957dff3ce,69825516c835c41957dfa7ad,2
69825516c835c41957dff3ce,69825516c835c41957dfe848,3
69825516c835c41957dff3ce,69825517c835c41957e0098b,2
69825516c835c41957dff3ce,69825517c835c41957dffc2f,2
69825516c835c41957dff3ce,69825516c835c41957dfb7ab,1
69825516c835c41957dff3ce,69825516c835c41957dfe7ff,1
69825516c835c41957dff3ce,69825517c835c41957e01819,1
69825516c835c41957dff3ce,69825516c835c41957dfd30e,2
69825516c835c41957dff3ce,69825516c835c41957dfa4eb,1
69825516c835c41957dff3ce,69825517c835c41957e00eba,2
69825516c835c41957dff3ce,69825516c835c41957dfbf53,8
69825516c835c41957dff3ce,69825517c835c41957e012b3,1
69825516c835c41957dff3ce,69825517c835c41957e00c0a,1
69825516c835c41957dff3ce,69825517c835c41957dffca5,2
69825517c835c41957dff59e,69825517c835c41957dffa33,2
69825517c835c41957dff59e,69825516c835c41957df9f53,1
69825517c835c41957dff59e,69825517c835c41957e00841,2
69825517c835c41957dff59e,69825516c835c41957dfe79f,2
69825517c835c41957dff59e,69825517c835c41957e007db,1
69825517c835c41957dff59e,69825516c835c41957dfe794,1
69825517c835c41957dff59e,69825516c835c41957dfe867,1
69825517c835c41957dff59e,69825517c835c41957dffc6e,3
69825517c835c41957dff59e,69825517c835c41957dffe16,2
69825517c835c41957dff59e,69825517c835c41957e0080a,2
69825517c835c41957dff59e,69825516c835c41957dfcd3b,1
69825517c835c41957dff59e,69825517c835c41957e01762,1
69825517c835c41957dff59e,69825516c835c41957dfd30c,1
69825516c835c41957dfbc0a,69825516c835c41957dfbc0b,1
69825516c835c41957dfbc0a,69825516c835c41957dfbbb4,1
69825516c835c41957dfbc0a,69825516c835c41957dfbbd0,1
69825516c835c41957dfbc0a,69825516c835c41957dfbbe5,1
69825516c835c41957dfbc0a,69825516c835c41957dfbbb3,1
69825516c835c41957dfbc0a,69825516c835c41957dfbbae,1
69825516c835c41957dfbc0a,69825516c835c41957dfbc1a,1
69825516c835c41957dfbc0a,69825516c835c41957dfbbce,1
69825516c835c41957dfbc0a,69825516c835c41957dfbc18,1
69825516c835c41957dfbc0a,69825516c835c41957dfbbec,1
69825516c835c41957dfbc0a,69825516c835c41957dfbc05,1
69825516c835c41957dfbc0a,69825516c835c41957dfbc02,1
69825516c835c41957dfefb2,69825517c835c41957e016b4,1
69825516c835c41957dfefb2,69825517c835c41957e01662,1
69825516c835c41957dfefb2,69825517c835c41957e01620,1
69825516c835c41957dfefb2,69825517c835c41957e015d3,1
69825516c835c41957dfefb2,69825517c835c41957e0157c,1
69825516c835c41957dfefb2,69825517c835c41957e01661,1
69825516c835c41957dfefb2,69825517c835c41957e015be,1
69825516c835c41957dfefb2,69825517c835c41957e015b0,1
69825516c835c41957dfefb2,69825517c835c41957e01617,1
69825516c835c41957dfefb2,69825517c835c41957e01644,1
69825516c835c41957dfefb2,69825516c835c41957dfe3fb,1
69825516c835c41957dfefb2,69825517c835c41957e016d1,1
69825516c835c41957dfefb2,69825517c835c41957e01654,1
69825516c835c41957dfefb2,69825517c835c41957e016aa,1
69825516c835c41957dfefb2,69825517c835c41957e0161b,1
69825516c835c41957dfefb2,69825517c835c41957e016b7,1
69825516c835c41957dfefb2,69825517c835c41957e0164f,1
69825516c835c41957dfefb2,69825517c835c41957e015a4,1
69825516c835c41957dfefb2,69825517c835c41957e0161f,1
69825516c835c41957dfefb2,69825517c835c41957e0168f,1
69825516c835c41957dff24e,69825516c835c41957dfa57a,1
69825516c835c41957dff24e,69825516c835c41957dfd2fd,1
69825516c835c41957dfb3e6,69825516c835c41957dfac5a,1
69825517c835c41957e0119b,69825517c835c41957e00e2c,1
69825516c835c41957dfc98c,69825516c835c41957dfaddf,1
69825516c835c41957dfc98c,69825516c835c41957dfba1a,1
69825516c835c41957dfc98c,69825516c835c41957dfadc8,1
69825516c835c41957dfc98c,69825516c835c41957dfb96a,1
69825516c835c41957dfc98c,69825517c835c41957e009b6,1
69825516c835c41957dfc98c,69825516c835c41957dfb968,1
69825516c835c41957dfc98c,69825516c835c41957dfaa86,1
69825516c835c41957dfccf6,69825516c835c41957dfccb2,4
69825516c835c41957dfccf6,69825516c835c41957dfa333,1
69825516c835c41957dfccf6,69825516c835c41957dfccf4,3
69825516c835c41957dfccf6,69825516c835c41957dfd2d8,5
69825516c835c41957dfbd2c,69825517c835c41957e00ded,1
69825516c835c41957dfbd2c,69825516c835c41957dfc2eb,1
69825516c835c41957dfd302,69825516c835c41957dfcd36,1
69825516c835c41957dfc1fd,69825516c835c41957dff398,1
69825516c835c41957dfa3c5,69825517c835c41957e00dc0,1
69825516c835c41957dfa3c5,69825516c835c41957dfa7ad,1
69825516c835c41957dfa3c5,69825517c835c41957e01922,2
69825516c835c41957dfa3c5,69825516c835c41957dfdc37,2
69825516c835c41957dfa3c5,69825517c835c41957dff6c9,6
69825516c835c41957dfa3c5,69825517c835c41957e01819,2
69825516c835c41957dfa3c5,69825517c835c41957e00423,1
69825516c835c41957dfba47,69825516c835c41957dfba81,2
69825516c835c41957dff29a,69825516c835c41957dfd9e3,1
69825516c835c41957dff29a,69825516c835c41957dfa46d,1
69825516c835c41957dff29a,69825516c835c41957dfa418,1
69825516c835c41957dfc6df,69825516c835c41957dfe670,1
69825516c835c41957dfc37c,69825516c835c41957dfc382,3
69825516c835c41957dfc556,69825517c835c41957e00c9a,1
69825516c835c41957dfc556,69825516c835c41957dfd086,1
69825516c835c41957dfc556,69825516c835c41957dfee4b,1
69825516c835c41957dfc556,69825516c835c41957dfd2e7,4
69825516c835c41957dfc556,69825516c835c41957dfa0d7,1
69825516c835c41957dfe3ed,69825516c835c41957dfe3f8,1
69825516c835c41957dfe3ed,69825516c835c41957dfe3da,1
69825516c835c41957dfe3ed,69825516c835c41957dfe406,1
69825516c835c41957dfe3ed,69825516c835c41957dfe3f3,1
69825516c835c41957dfe3ed,69825516c835c41957dfe414,1
69825516c835c41957dfe3ed,69825516c835c41957dfe3d7,1
69825516c835c41957dfe3ed,69825516c835c41957dfe3d6,1
69825516c835c41957dfe3ed,69825516c835c41957dfe40c,1
69825516c835c41957dfe3ed,69825516c835c41957dfe413,1
69825516c835c41957dfe3ed,69825516c835c41957dfe417,1
69825516c835c41957dfe3ed,69825516c835c41957dfe420,1
69825516c835c41957dfe3ed,69825516c835c41957dfe3ef,1
69825516c835c41957dfe3ed,69825516c835c41957dfe3d4,1
69825517c835c41957dffdb5,69825517c835c41957e0024a,2
69825516c835c41957dfc43d,69825516c835c41957dfd2d7,2
69825516c835c41957dfbae6,69825516c835c41957dfbc40,3
69825516c835c41957dfbae6,69825516c835c41957dfa81e,1
69825517c835c41957e007d9,69825516c835c41957dff2ba,1
69825517c835c41957e007d9,69825517c835c41957e004b6,1
69825517c835c41957e007d9,69825516c835c41957dfd34b,1
69825517c835c41957e007d9,69825516c835c41957dfb7b2,1
69825517c835c41957e007d9,69825516c835c41957dff358,1
69825517c835c41957e007d9,69825517c835c41957e01a80,1
69825517c835c41957e007d9,69825516c835c41957dfd576,1
69825517c835c41957e007d9,69825517c835c41957e01349,1
69825517c835c41957e007d9,69825517c835c41957dff825,1
69825516c835c41957dfb907,69825516c835c41957dfa4f6,1
69825516c835c41957dfb907,69825516c835c41957dfe713,1
69825516c835c41957dfadfd,69825516c835c41957dfadfc,1
69825516c835c41957dfadfd,69825516c835c41957dfade7,1
69825516c835c41957dfadfd,69825516c835c41957dfadfb,1
69825516c835c41957dfadfd,69825516c835c41957dfadbd,1
69825516c835c41957dfc5a1,69825516c835c41957dfc5a2,2
69825516c835c41957dfc5a1,69825517c835c41957e00d4f,1
69825516c835c41957dfc5a1,69825517c835c41957e00348,1
69825516c835c41957dfc5a1,69825516c835c41957dfc207,1
69825516c835c41957dfc5a1,69825517c835c41957e00d4e,1
69825516c835c41957dfc5a1,69825516c835c41957dfc572,1
69825516c835c41957dfc5a1,69825516c835c41957dfc571,1
69825516c835c41957dfc5a1,69825516c835c41957dfc5a3,2
69825516c835c41957dfc5a1,69825517c835c41957e007bf,1
69825516c835c41957dfc5a1,69825516c835c41957dfe76d,2
69825516c835c41957dfc5a1,69825516c835c41957dfba0e,1
69825516c835c41957dfc5a1,69825517c835c41957e00d4d,1
69825516c835c41957df9e2c,69825516c835c41957dfb3f4,1
69825516c835c41957df9e2c,69825517c835c41957e010d3,5
69825516c835c41957dfbc09,69825516c835c41957dfbc10,1
69825516c835c41957dfbc09,69825516c835c41957dfbc20,1
69825516c835c41957dfbc09,69825516c835c41957dfbbb2,1
69825516c835c41957dfbc09,69825516c835c41957dfbbea,1
69825516c835c41957dfbc09,69825516c835c41957dfbbf8,1
69825516c835c41957dfbc09,69825516c835c41957dfbbb9,1
69825516c835c41957dfbc09,69825516c835c41957dfbc2c,1
69825516c835c41957dfbc09,69825516c835c41957dfbbe4,1
69825516c835c41957dfbc09,69825516c835c41957dfbbfd,1
69825516c835c41957dfbc09,69825516c835c41957dfbc0e,1
69825516c835c41957dfbc09,69825516c835c41957dfbc27,1
69825516c835c41957dfbc09,69825516c835c41957dfbc1b,1
69825516c835c41957dfbc09,69825516c835c41957dfbbba,1
69825516c835c41957dfbc09,69825516c835c41957dfbc0f,1
69825516c835c41957dfbc09,69825516c835c41957dfbbb8,1
69825516c835c41957dfbc09,69825516c835c41957dfbbc3,1
69825516c835c41957dfbc09,69825516c835c41957dfbbb7,1
69825516c835c41957dfe422,69825517c835c41957e0174b,1
69825516c835c41957dfe422,69825516c835c41957dfe3db,2
69825516c835c41957dfe422,69825516c835c41957dfe3fe,2
69825516c835c41957dfe422,69825516c835c41957dfe424,2
69825516c835c41957dfe422,69825516c835c41957dfe416,2
69825516c835c41957dfe422,69825516c835c41957dfe405,2
69825516c835c41957dfe422,69825516c835c41957dfe404,2
69825516c835c41957dfe422,69825516c835c41957dfe421,2
69825516c835c41957dfe422,69825516c835c41957dfe3d0,2
69825516c835c41957dfe422,69825516c835c41957dfe3fc,2
69825516c835c41957dfe422,69825516c835c41957dfe3cc,2
69825516c835c41957dfe422,69825516c835c41957dfe3df,2
69825516c835c41957dfe422,69825516c835c41957dfe3ff,2
69825516c835c41957dfe422,69825516c835c41957dfe415,2
69825516c835c41957dfe422,69825516c835c41957dfe3f6,3
69825516c835c41957dfe422,69825516c835c41957dfe3e5,2
69825516c835c41957dfe422,69825516c835c41957dfe4aa,1
69825516c835c41957dfe422,69825516c835c41957dfe3f9,2
69825516c835c41957dfe78d,69825517c835c41957e019f3,2
69825516c835c41957dfe78d,69825516c835c41957dfe78a,2
69825516c835c41957dfe78d,69825516c835c41957dfe019,1
69825516c835c41957dfe78d,69825516c835c41957dff30f,1
69825517c835c41957e00282,69825517c835c41957e00283,2
69825517c835c41957e00d4e,69825516c835c41957dfc5a2,1
69825517c835c41957e00d4e,69825517c835c41957e00d4f,1
69825517c835c41957e00d4e,69825517c835c41957e00348,1
69825517c835c41957e00d4e,69825516c835c41957dfc207,1
69825517c835c41957e00d4e,69825516c835c41957dfc572,1
69825517c835c41957e00d4e,69825516c835c41957dfc571,1
69825517c835c41957e00d4e,69825516c835c41957dfc5a3,1
69825517c835c41957e00d4e,69825517c835c41957e007bf,1
69825517c835c41957e00d4e,69825516c835c41957dfe76d,1
69825517c835c41957e00d4e,69825516c835c41957dfba0e,1
69825517c835c41957e00d4e,69825517c835c41957e00d4d,2
69825516c835c41957dfe4af,69825516c835c41957dfe1f9,1
69825516c835c41957dfe4af,69825516c835c41957dfe1ff,1
69825516c835c41957dfe4af,69825516c835c41957dfc405,1
69825516c835c41957dfe4af,69825516c835c41957dfe497,1
69825516c835c41957dfe4af,69825516c835c41957dfe1f5,1
69825516c835c41957dfe4af,69825516c835c41957dfe207,1
69825516c835c41957dfe4af,69825516c835c41957dfe1f8,1
69825516c835c41957dfe4af,69825516c835c41957dfe1fe,1
69825516c835c41957dfe4af,69825516c835c41957dfe1fb,1
69825516c835c41957dfe474,69825517c835c41957e004ed,1
69825516c835c41957dfa2d2,69825517c835c41957dffc99,1
69825516c835c41957dfb7c5,69825516c835c41957dfa4e0,1
69825516c835c41957dfb7c5,69825516c835c41957dfd0cf,1
69825516c835c41957dfb7c5,69825516c835c41957dfc98a,1
69825516c835c41957dfb7c5,69825516c835c41957dfcc9d,1
69825516c835c41957dfc99d,69825516c835c41957dfd34b,1
69825516c835c41957dfc99d,69825516c835c41957dfba04,1
69825516c835c41957dfc99d,69825516c835c41957dfbae2,1
69825516c835c41957dfc99d,69825516c835c41957dfe034,1
69825516c835c41957dfc99d,69825516c835c41957dfe01a,1
69825516c835c41957dfc99d,69825516c835c41957dfd30a,2
69825516c835c41957dfc99d,69825517c835c41957e010c8,1
69825516c835c41957dfc99d,69825516c835c41957dfcce8,2
69825516c835c41957dfc99d,69825516c835c41957dfd0c9,1
69825516c835c41957dfc99d,69825517c835c41957e0061b,1
69825516c835c41957dfc99d,69825516c835c41957dfca1e,2
69825516c835c41957dfc99d,69825516c835c41957dfc8e6,1
69825516c835c41957dfc99d,69825516c835c41957dfdaaa,2
69825516c835c41957dfc99d,69825517c835c41957e00c9e,1
69825516c835c41957dfc99d,69825516c835c41957dfd0ca,2
69825516c835c41957dfc99d,69825516c835c41957dfab42,2
69825516c835c41957dfc99d,69825516c835c41957dfb813,2
69825516c835c41957dfc99d,69825516c835c41957dfd2f0,1
69825516c835c41957dfc99d,69825516c835c41957dfda41,1
69825516c835c41957dfe414,69825516c835c41957dfe3f8,1
69825516c835c41957dfe414,69825516c835c41957dfe3da,1
69825516c835c41957dfe414,69825516c835c41957dfe406,1
69825516c835c41957dfe414,69825516c835c41957dfe3f3,1
69825516c835c41957dfe414,69825516c835c41957dfe3d7,1
69825516c835c41957dfe414,69825516c835c41957dfe3d6,1
69825516c835c41957dfe414,69825516c835c41957dfe40c,1
69825516c835c41957dfe414,69825516c835c41957dfe413,1
69825516c835c41957dfe414,69825516c835c41957dfe417,1
69825516c835c41957dfe414,69825516c835c41957dfe420,1
69825516c835c41957dfe414,69825516c835c41957dfe3ef,1
69825516c835c41957dfe414,69825516c835c41957dfe3d4,1
69825516c835c41957dfab46,69825517c835c41957dffe8e,2
69825516c835c41957dfab46,69825516c835c41957dfba79,2
69825516c835c41957dfc59d,69825516c835c41957dfda07,1
69825516c835c41957dfae79,69825516c835c41957dfad3d,1
69825516c835c41957dfae79,69825516c835c41957dfacf4,1
69825517c835c41957e01199,69825516c835c41957dfa861,1
69825517c835c41957e01199,69825516c835c41957dfa965,1
69825517c835c41957e01199,69825516c835c41957dfe79f,1
69825517c835c41957e01199,69825517c835c41957e0080a,1
69825517c835c41957e01199,69825516c835c41957dfc522,1
69825517c835c41957e01199,69825517c835c41957e00d2b,1
69825516c835c41957dfdbf1,69825516c835c41957dfa52a,1
69825516c835c41957dfdbf1,69825516c835c41957dfdbf0,2
69825516c835c41957dfdbf1,69825516c835c41957dfa47c,1
69825516c835c41957dfdbf1,69825517c835c41957e019bc,1
69825516c835c41957dfd2e0,69825516c835c41957dfd2df,1
69825516c835c41957dfd2e0,69825517c835c41957dff910,1
69825516c835c41957dfd2e0,69825516c835c41957dfa531,1
69825516c835c41957dfd2e0,69825516c835c41957dfccb0,1
69825516c835c41957dfd2e0,69825516c835c41957dfa333,1
69825516c835c41957dfd2e0,69825517c835c41957e01add,1
69825516c835c41957dfd2e0,69825516c835c41957dfc98b,1
69825516c835c41957dfd2e0,69825517c835c41957dffc5c,1
69825516c835c41957dfd2e0,69825516c835c41957dff145,1
69825516c835c41957dfd2e0,69825517c835c41957dffef9,1
69825516c835c41957dfd2e0,69825516c835c41957dfd2dc,12
69825516c835c41957dfd2e0,69825516c835c41957dfd307,1
69825516c835c41957dfd2e0,69825516c835c41957dfef51,1
69825516c835c41957dfd2e0,69825516c835c41957dfed89,2
69825516c835c41957dfd2e0,69825517c835c41957dff465,2
69825516c835c41957dfd2e0,69825516c835c41957dfe7ff,11
69825516c835c41957dfd2e0,69825516c835c41957dfd308,1
69825516c835c41957dfd2e0,69825516c835c41957dfb7ac,1
69825516c835c41957dfd2e0,69825516c835c41957dfdc35,2
69825516c835c41957dfd2e0,69825516c835c41957dfd069,1
69825517c835c41957dff85d,69825517c835c41957dff7a3,1
69825517c835c41957dff85d,69825516c835c41957dfd2c1,1
69825517c835c41957dff85d,69825517c835c41957e0069b,1
69825517c835c41957dff85d,69825517c835c41957dff991,1
69825517c835c41957dff85d,69825517c835c41957dffa4b,1
69825516c835c41957dfcf3f,69825516c835c41957dfc1b2,1
69825516c835c41957dfd2dd,69825516c835c41957dfa40b,1
69825516c835c41957dfd2dd,69825516c835c41957dfd2db,1
69825516c835c41957dfd2dd,69825516c835c41957dfbd65,1
69825516c835c41957dfd2dd,69825517c835c41957dff891,1
69825516c835c41957dfd2dd,69825516c835c41957dfaa2f,1
69825516c835c41957dfd2dd,69825516c835c41957dfcc8d,1
69825516c835c41957dfd2dd,69825516c835c41957dfdb50,1
69825516c835c41957dfd2dd,69825516c835c41957dfd069,1
69825516c835c41957dfd2dd,69825516c835c41957dfc107,1
69825516c835c41957dfab31,69825516c835c41957dff357,1
69825516c835c41957dfab31,69825517c835c41957e0119f,2
69825516c835c41957dfab31,69825517c835c41957dffca7,1
69825517c835c41957e00d49,69825516c835c41957dfd889,1
69825517c835c41957e00d49,69825516c835c41957dfa7ce,1
69825517c835c41957e00d49,69825516c835c41957dfef54,1
69825517c835c41957e00d49,69825517c835c41957e0088e,4
69825517c835c41957e00d49,69825516c835c41957dfa352,1
69825517c835c41957e00d49,69825516c835c41957dfd70f,1
69825517c835c41957e00d49,69825516c835c41957dfb917,1
69825517c835c41957e00d49,69825516c835c41957dfa95b,1
69825517c835c41957e00d49,69825517c835c41957e00ecc,1
69825517c835c41957e00d49,69825516c835c41957df9f2c,1
69825517c835c41957e00d49,69825516c835c41957dfbb3a,2
69825517c835c41957e00d49,69825517c835c41957dff88b,1
69825517c835c41957e00d49,69825517c835c41957e00628,1
69825517c835c41957e00d49,69825517c835c41957dffbd6,1
69825517c835c41957e00d49,69825517c835c41957e0042c,1
69825517c835c41957e00d49,69825516c835c41957dfa96e,1
69825517c835c41957e00d49,69825516c835c41957dfb96a,1
69825517c835c41957e00d49,69825516c835c41957dfa593,1
69825517c835c41957e00d49,69825517c835c41957dffc7e,1
69825517c835c41957e00d49,69825516c835c41957dfa4d6,1
69825517c835c41957e00d49,69825516c835c41957dfe123,2
69825517c835c41957e00d49,69825516c835c41957dfdfa6,1
69825517c835c41957e00d49,69825516c835c41957dfe802,2
69825517c835c41957e00d49,69825517c835c41957e00d08,1
69825517c835c41957e00d49,69825516c835c41957dfdc15,1
69825517c835c41957e00d49,69825517c835c41957e011b3,1
69825517c835c41957e00d49,69825517c835c41957e00bfc,1
69825517c835c41957e00d49,69825517c835c41957dffb45,1
69825517c835c41957e00d49,69825516c835c41957dfe7c0,1
69825517c835c41957e00d49,69825517c835c41957e00f6c,1
69825517c835c41957e00d49,69825516c835c41957dfccf1,1
69825517c835c41957e00d49,69825516c835c41957dfef53,1
69825517c835c41957e005bf,69825516c835c41957dfda2b,1
69825517c835c41957e005bf,69825517c835c41957e0119f,1
69825517c835c41957e005bf,69825516c835c41957dfa3a9,1
69825517c835c41957e005bf,69825516c835c41957dfca71,1
69825517c835c41957e005bf,69825517c835c41957dffca7,1
69825517c835c41957e005bf,69825516c835c41957dff357,1
69825517c835c41957e005bf,69825516c835c41957dfca72,1
69825517c835c41957e005bf,69825516c835c41957dfa122,1
69825517c835c41957e005bf,69825516c835c41957dfca6f,1
69825517c835c41957e005bf,69825516c835c41957dfda3e,1
69825516c835c41957dfa51e,69825516c835c41957dfa52a,2
69825516c835c41957dfa51e,69825516c835c41957dfe20d,1
69825516c835c41957dfa51e,69825516c835c41957dfa531,2
69825516c835c41957dfa51e,69825516c835c41957dfca68,1
69825516c835c41957dfa51e,69825516c835c41957dfa3f8,1
69825516c835c41957dfa51e,69825516c835c41957dfa465,1
69825516c835c41957dfa51e,69825516c835c41957dfa4bc,1
69825516c835c41957dfa51e,69825516c835c41957dfe1cf,1
69825516c835c41957dfa51e,69825516c835c41957dfa42e,1
69825516c835c41957dfa51e,69825516c835c41957dfa428,1
69825516c835c41957dfa51e,69825516c835c41957dfc54d,1
69825516c835c41957dfa51e,69825516c835c41957dfe1a9,1
69825516c835c41957dfa51e,69825516c835c41957dfa522,1
69825516c835c41957dfa51e,69825516c835c41957dfe1a1,1
69825516c835c41957dfa51e,69825516c835c41957dfa3f7,1
69825516c835c41957dfa51e,69825516c835c41957dfa466,2
69825516c835c41957dfa51e,69825516c835c41957dfa42d,2
69825516c835c41957dfbbfd,69825516c835c41957dfbc10,1
69825516c835c41957dfbbfd,69825516c835c41957dfbc20,1
69825516c835c41957dfbbfd,69825516c835c41957dfbbb2,1
69825516c835c41957dfbbfd,69825516c835c41957dfbbea,1
69825516c835c41957dfbbfd,69825516c835c41957dfbbf8,1
69825516c835c41957dfbbfd,69825516c835c41957dfbbb9,1
69825516c835c41957dfbbfd,69825516c835c41957dfbc2c,1
69825516c835c41957dfbbfd,69825516c835c41957dfbbe4,1
69825516c835c41957dfbbfd,69825516c835c41957dfbc0e,1
69825516c835c41957dfbbfd,69825516c835c41957dfbc27,1
69825516c835c41957dfbbfd,69825516c835c41957dfbc1b,1
69825516c835c41957dfbbfd,69825516c835c41957dfbbba,1
69825516c835c41957dfbbfd,69825516c835c41957dfbc0f,1
69825516c835c41957dfbbfd,69825516c835c41957dfbbb8,1
69825516c835c41957dfbbfd,69825516c835c41957dfbbc3,1
69825516c835c41957dfbbfd,69825516c835c41957dfbbb7,1
69825516c835c41957dfd8e6,69825516c835c41957dfdc59,1
69825516c835c41957dfa560,69825516c835c41957dfb48c,1
69825517c835c41957e0086e,69825516c835c41957dfa168,1
69825517c835c41957e0086e,69825517c835c41957e0083a,2
69825517c835c41957e0086e,69825516c835c41957df9c99,1
69825517c835c41957e0086e,69825517c835c41957e00a2c,2
69825517c835c41957e0086e,69825516c835c41957dfa160,2
69825517c835c41957e0086e,69825516c835c41957dfa636,6
69825517c835c41957e0086e,69825516c835c41957dfd19c,3
69825517c835c41957e0086e,69825517c835c41957e01139,1
69825517c835c41957e0086e,69825516c835c41957dfcd4d,1
69825517c835c41957e0086e,69825516c835c41957dfce4e,2
69825517c835c41957e0086e,69825516c835c41957dfe795,1
69825517c835c41957e0086e,69825516c835c41957dfe141,1
69825517c835c41957e0086e,69825517c835c41957e00524,2
69825517c835c41957e0086e,69825516c835c41957dfd086,1
69825517c835c41957e0086e,69825516c835c41957dfed83,1
69825517c835c41957e0086e,69825516c835c41957dfd04e,1
69825517c835c41957e0086e,69825517c835c41957e00525,1
69825517c835c41957e0086e,69825516c835c41957dfe7d1,1
69825516c835c41957dfa73e,69825516c835c41957dfb7aa,1
69825516c835c41957dfa73e,69825516c835c41957dfb805,1
69825517c835c41957e004ed,69825516c835c41957dfb5cd,1
69825517c835c41957e004ed,69825516c835c41957dfbade,1
69825517c835c41957e004ed,69825516c835c41957dfa403,1
69825517c835c41957e004ed,69825516c835c41957dfba66,1
69825517c835c41957e004ed,69825516c835c41957dfba65,1
69825517c835c41957dffd4b,69825516c835c41957dfe63b,1
69825517c835c41957dffd4b,69825517c835c41957dffd4a,2
69825517c835c41957dffd4b,69825517c835c41957e010db,1
69825517c835c41957dffd4b,69825517c835c41957dffd3a,2
69825517c835c41957dffd4b,69825517c835c41957dffd40,2
69825517c835c41957dffd4b,69825517c835c41957dffd55,2
69825517c835c41957dffd4b,69825517c835c41957dffd4c,2
69825517c835c41957dffd4b,69825517c835c41957dffd4e,2
69825517c835c41957dffd4b,69825517c835c41957dffd5d,2
69825517c835c41957dffd4b,69825516c835c41957dfb521,1
69825517c835c41957dffd4b,69825517c835c41957dffd46,2
69825517c835c41957dffd4b,69825517c835c41957dffd48,2
69825517c835c41957dffd4b,69825517c835c41957dffd5f,2
69825517c835c41957dffd4b,69825517c835c41957dffd52,2
69825517c835c41957dffd4b,69825517c835c41957dffd57,2
69825517c835c41957dffd4b,69825517c835c41957dffd41,2
69825516c835c41957dfb663,69825516c835c41957dfb685,16
69825516c835c41957dfb663,69825516c835c41957dfb6a6,16
69825516c835c41957dfd4ad,69825516c835c41957dfb922,1
69825516c835c41957dfd4ad,69825517c835c41957e004b9,1
69825516c835c41957dfd4ad,69825516c835c41957dfd79f,2
69825516c835c41957dfd4ad,69825516c835c41957dfb7ae,2
69825516c835c41957dfd4ad,69825516c835c41957dfe622,1
69825516c835c41957dfd4ad,69825516c835c41957dff04d,1
69825516c835c41957dfd4ad,69825516c835c41957dfe61e,1
69825516c835c41957dfd4ad,69825516c835c41957dfe61a,1
69825516c835c41957dfa256,69825516c835c41957dfb775,3
69825516c835c41957dfa2dc,69825517c835c41957dffc6f,2
69825516c835c41957dfa2dc,69825516c835c41957dfc131,2
69825516c835c41957dfa2dc,69825516c835c41957dfda3e,1
69825516c835c41957dfa2dc,69825516c835c41957dfda3d,1
69825516c835c41957dfa566,69825516c835c41957dfef4e,1
69825516c835c41957dfa566,69825517c835c41957dff95c,2
69825516c835c41957dfd8e9,69825516c835c41957dfdd93,1
69825516c835c41957dfae99,69825516c835c41957dfa95f,1
69825516c835c41957dfae99,69825516c835c41957dfb5b5,1
69825516c835c41957dfdf02,69825516c835c41957dfde5d,2
69825516c835c41957dfdf02,69825516c835c41957dfa271,2
69825516c835c41957dfdf02,69825516c835c41957dfde43,2
69825516c835c41957dfdf02,69825516c835c41957dfdf01,2
69825516c835c41957dfdf2f,69825516c835c41957dfded0,1
69825516c835c41957dfd2d4,69825516c835c41957dfd046,1
69825516c835c41957dfd2d4,69825516c835c41957dfd9f1,1
69825516c835c41957dfd2d4,69825516c835c41957dfe79f,1
69825516c835c41957dfd2d4,69825517c835c41957dff6fc,2
69825516c835c41957dfd2d4,69825517c835c41957dff82a,1
69825516c835c41957dfd2d4,69825517c835c41957e007db,1
69825516c835c41957dfd2d4,69825517c835c41957e01286,2
69825516c835c41957dfd2d4,69825516c835c41957dfb790,1
69825516c835c41957dfd2d4,69825517c835c41957e00f6b,2
69825516c835c41957dfd2d4,69825517c835c41957e00d08,2
69825516c835c41957dfd2d4,69825516c835c41957dfccbb,1
69825516c835c41957dfd2d4,69825516c835c41957df9e60,2
69825516c835c41957dfd2d4,69825516c835c41957dfd3f6,2
69825516c835c41957dfd2d4,69825517c835c41957e017f5,2
69825516c835c41957dfd2d4,69825517c835c41957dffe16,1
69825516c835c41957dfd2d4,69825517c835c41957e00f6c,2
69825516c835c41957dfd2d4,69825517c835c41957dffbd6,2
69825516c835c41957dfd2d4,69825516c835c41957dfccc3,1
69825516c835c41957dfac69,69825516c835c41957dfb3f3,1
69825516c835c41957dfac69,69825517c835c41957e013f4,1
69825516c835c41957df9dce,69825516c835c41957dfa065,1
69825516c835c41957df9dce,69825516c835c41957dfbd76,1
69825516c835c41957df9dce,69825517c835c41957e00348,1
69825516c835c41957df9dce,69825516c835c41957dfbd7d,1
69825516c835c41957df9dce,69825516c835c41957dfba0c,2
69825516c835c41957df9dce,69825516c835c41957dfa30d,1
69825516c835c41957df9dce,69825516c835c41957dfc575,1
69825516c835c41957df9dce,69825516c835c41957dfab4b,1
69825516c835c41957df9dce,69825516c835c41957dfc5ac,1
69825516c835c41957df9dce,69825516c835c41957dfa78c,1
69825516c835c41957df9dce,69825517c835c41957e007c1,1
69825516c835c41957df9dce,69825516c835c41957dfbd71,1
69825516c835c41957df9dce,69825516c835c41957dfbdcc,2
69825516c835c41957df9dce,69825517c835c41957e007be,1
69825516c835c41957dfe421,69825516c835c41957dfe3db,2
69825516c835c41957dfe421,69825516c835c41957dfe3fe,2
69825516c835c41957dfe421,69825516c835c41957dfe424,2
69825516c835c41957dfe421,69825516c835c41957dfe416,2
69825516c835c41957dfe421,69825516c835c41957dfe405,2
69825516c835c41957dfe421,69825516c835c41957dfe404,2
69825516c835c41957dfe421,69825516c835c41957dfe3d0,2
69825516c835c41957dfe421,69825516c835c41957dfe3fc,2
69825516c835c41957dfe421,69825516c835c41957dfe3cc,2
69825516c835c41957dfe421,69825516c835c41957dfe3df,2
69825516c835c41957dfe421,69825516c835c41957dfe3ff,2
69825516c835c41957dfe421,69825516c835c41957dfe415,2
69825516c835c41957dfe421,69825516c835c41957dfe3f6,2
69825516c835c41957dfe421,69825516c835c41957dfe3e5,2
69825516c835c41957dfe421,69825516c835c41957dfe3f9,2
69825516c835c41957dfdaaa,69825516c835c41957dfba04,1
69825516c835c41957dfdaaa,69825516c835c41957dfbae2,1
69825516c835c41957dfdaaa,69825516c835c41957dfe034,1
69825516c835c41957dfdaaa,69825517c835c41957e01027,1
69825516c835c41957dfdaaa,69825516c835c41957dfe01a,1
69825516c835c41957dfdaaa,69825516c835c41957dfd30a,3
69825516c835c41957dfdaaa,69825517c835c41957e010c8,1
69825516c835c41957dfdaaa,69825516c835c41957dfcce8,2
69825516c835c41957dfdaaa,69825516c835c41957dfd0c9,1
69825516c835c41957dfdaaa,69825517c835c41957e0061b,1
69825516c835c41957dfdaaa,69825516c835c41957dfca1e,5
69825516c835c41957dfdaaa,69825516c835c41957dfc8e6,1
69825516c835c41957dfdaaa,69825517c835c41957e00c9e,2
69825516c835c41957dfdaaa,69825516c835c41957dfd0ca,4
69825516c835c41957dfdaaa,69825516c835c41957dfab42,1
69825516c835c41957dfdaaa,69825516c835c41957dfb813,3
69825516c835c41957dfdaaa,69825516c835c41957dfd2f0,1
69825516c835c41957dfdaaa,69825516c835c41957dfda41,1
69825516c835c41957df9f96,69825516c835c41957df9e7e,4
69825516c835c41957df9f96,69825516c835c41957df9f97,4
69825516c835c41957df9f96,69825516c835c41957dfa528,1
69825516c835c41957dfed7e,69825517c835c41957e0180c,1
69825516c835c41957dfed7e,69825516c835c41957dfdbd8,1
69825516c835c41957dfed7e,69825516c835c41957dfbc54,1
69825516c835c41957dfed7e,69825516c835c41957dfc63c,1
69825516c835c41957dfed7e,69825516c835c41957dfe6de,1
69825516c835c41957dfed7e,69825516c835c41957dfda71,3
69825516c835c41957dfed7e,69825516c835c41957dfc736,1
69825516c835c41957dfaaab,69825517c835c41957e01406,1
69825516c835c41957dfaaab,69825517c835c41957dffa50,2
69825516c835c41957dfaaab,69825516c835c41957dfeef1,2
69825516c835c41957dfaaab,69825517c835c41957e01001,1
69825516c835c41957dfaaab,69825516c835c41957df9e2d,1
69825516c835c41957dfaaab,69825517c835c41957e001e1,2
69825517c835c41957dffac6,69825516c835c41957dfa2ca,1
69825517c835c41957dffac6,69825517c835c41957dff7aa,1
69825517c835c41957dffac6,69825517c835c41957e001e1,4
69825516c835c41957dfcd52,69825516c835c41957dfbbb8,1
69825517c835c41957dffda0,69825517c835c41957e017e5,2
69825516c835c41957dfb2cf,69825516c835c41957dfb3c6,1
69825516c835c41957dfb2cf,69825516c835c41957dfb3c3,1
69825516c835c41957dfb2cf,69825516c835c41957dfb1d4,1
69825516c835c41957dfb2cf,69825516c835c41957dfadcd,1
69825516c835c41957dfb2cf,69825516c835c41957dfb32c,1
69825516c835c41957dfb2cf,69825516c835c41957dfb193,1
69825516c835c41957dfb2cf,69825516c835c41957dfb2c5,1
69825516c835c41957dfb2cf,69825516c835c41957dfb20d,1
69825516c835c41957dfb2cf,69825516c835c41957dfb319,1
69825516c835c41957dfefad,69825516c835c41957dff004,7
69825516c835c41957dfefad,69825516c835c41957dff007,7
69825516c835c41957dfefad,69825516c835c41957dfef9d,7
69825516c835c41957dfefad,69825516c835c41957dfefa1,7
69825516c835c41957dfefad,69825516c835c41957dfef9e,6
69825516c835c41957dfefad,69825516c835c41957dff008,7
69825516c835c41957dfefad,69825516c835c41957dfeffc,7
69825516c835c41957dfefad,69825516c835c41957dfefa4,7
69825516c835c41957dfefad,69825516c835c41957dfef9f,6
69825516c835c41957dfefad,69825516c835c41957dfefb5,6
69825516c835c41957dfefad,69825516c835c41957dfeff2,7
69825516c835c41957dfefad,69825516c835c41957dfefa5,7
69825516c835c41957dfefad,69825516c835c41957dfefc0,6
69825516c835c41957dfefad,69825516c835c41957dfefb4,7
69825516c835c41957dfefad,69825516c835c41957dfefb6,7
69825516c835c41957dfefad,69825516c835c41957dfefb9,7
69825516c835c41957dfefad,69825516c835c41957dff006,7
69825516c835c41957dfefad,69825516c835c41957dfefb1,7
69825516c835c41957dfefad,69825516c835c41957dfefa2,7
69825517c835c41957e018fa,69825516c835c41957dfb48c,1
69825516c835c41957dfa415,69825516c835c41957dfbdb4,2
69825516c835c41957dfc351,69825516c835c41957dfc350,1
69825516c835c41957dfc351,69825516c835c41957dfc34e,1
69825516c835c41957dfc351,69825516c835c41957dfc349,1
69825516c835c41957dfda95,69825516c835c41957dfd157,2
69825516c835c41957dfda95,69825516c835c41957dfc52c,3
69825516c835c41957dfda95,69825516c835c41957dfc48e,2
69825516c835c41957dfda95,69825516c835c41957dfbc48,2
69825516c835c41957dfbbb5,69825516c835c41957dfbbf6,1
69825516c835c41957dfbbb5,69825516c835c41957dfbc0d,1
69825516c835c41957dfbbb5,69825516c835c41957dfbbe8,1
69825516c835c41957dfbbb5,69825516c835c41957dfbc08,1
69825516c835c41957dfbbb5,69825516c835c41957dfbbf0,1
69825516c835c41957dfbbb9,69825516c835c41957dfbc10,1
69825516c835c41957dfbbb9,69825516c835c41957dfbc20,1
69825516c835c41957dfbbb9,69825516c835c41957dfbbb2,1
69825516c835c41957dfbbb9,69825516c835c41957dfbbea,1
69825516c835c41957dfbbb9,69825516c835c41957dfbbf8,1
69825516c835c41957dfbbb9,69825516c835c41957dfbc2c,1
69825516c835c41957dfbbb9,69825516c835c41957dfbbe4,1
69825516c835c41957dfbbb9,69825516c835c41957dfbc0e,1
69825516c835c41957dfbbb9,69825516c835c41957dfbc27,1
69825516c835c41957dfbbb9,69825516c835c41957dfbc1b,1
69825516c835c41957dfbbb9,69825516c835c41957dfbbba,1
69825516c835c41957dfbbb9,69825516c835c41957dfbc0f,1
69825516c835c41957dfbbb9,69825516c835c41957dfbbb8,1
69825516c835c41957dfbbb9,69825516c835c41957dfbbc3,1
69825516c835c41957dfbbb9,69825516c835c41957dfbbb7,1
69825516c835c41957dfe670,69825516c835c41957dfe6d3,3
69825516c835c41957dfe670,69825516c835c41957dfe42a,2
69825516c835c41957dfe670,69825516c835c41957dfe6d4,3
69825516c835c41957dfe670,69825516c835c41957dfe66f,3
69825516c835c41957dfe670,69825516c835c41957dfa81b,1
69825516c835c41957dfe670,69825516c835c41957dfe671,3
69825516c835c41957dfe670,69825516c835c41957dfe789,3
69825516c835c41957dfe670,69825517c835c41957e0106b,3
69825516c835c41957dfe670,69825516c835c41957dfe78c,3
69825516c835c41957dfe670,69825517c835c41957e0106c,3
69825516c835c41957dfe670,69825516c835c41957dfa4bc,1
69825516c835c41957dfe670,69825516c835c41957dfe429,2
69825516c835c41957dfa0d7,69825516c835c41957dfaa6b,1
69825516c835c41957dfa0d7,69825517c835c41957e01001,1
69825516c835c41957dfa0d7,69825516c835c41957dfa81e,2
69825516c835c41957dfa0d7,69825516c835c41957dfee4b,2
69825516c835c41957dfa0d7,69825516c835c41957dfd2e7,1
69825516c835c41957dfa0d7,69825516c835c41957dfd086,1
69825516c835c41957dfbc05,69825516c835c41957dfbc0b,1
69825516c835c41957dfbc05,69825516c835c41957dfbbb4,1
69825516c835c41957dfbc05,69825516c835c41957dfbbd0,1
69825516c835c41957dfbc05,69825516c835c41957dfbbe5,1
69825516c835c41957dfbc05,69825516c835c41957dfbbb3,1
69825516c835c41957dfbc05,69825516c835c41957dfbbae,1
69825516c835c41957dfbc05,69825516c835c41957dfbc1a,1
69825516c835c41957dfbc05,69825516c835c41957dfbbce,1
69825516c835c41957dfbc05,69825516c835c41957dfbc18,1
69825516c835c41957dfbc05,69825516c835c41957dfbbec,1
69825516c835c41957dfbc05,69825516c835c41957dfbc02,1
69825517c835c41957dff9cc,69825517c835c41957dffa15,1
69825517c835c41957dff9cc,69825517c835c41957dffcc5,2
69825517c835c41957dff9cc,69825517c835c41957dff9f6,2
69825517c835c41957e00fd7,69825517c835c41957e00fd8,2
69825517c835c41957e012b0,69825517c835c41957e01744,4
69825517c835c41957e012b0,69825516c835c41957df9c99,1
69825517c835c41957e012b0,69825517c835c41957e00a2c,1
69825517c835c41957e012b0,69825517c835c41957e01753,1
69825517c835c41957e012b0,69825516c835c41957dfa160,1
69825517c835c41957e012b0,69825517c835c41957e01740,3
69825517c835c41957e012b0,69825517c835c41957e012a3,3
69825517c835c41957e012b0,69825517c835c41957e01139,1
69825517c835c41957e012b0,69825516c835c41957dfe2af,1
69825517c835c41957e012b0,69825516c835c41957dfe795,1
69825517c835c41957e012b0,69825516c835c41957dfed83,1
69825517c835c41957e012b0,69825516c835c41957dfd677,1
69825517c835c41957e012b0,69825516c835c41957dfd9dc,1
69825516c835c41957dfe3fd,69825516c835c41957dfa5e1,2
69825516c835c41957dfb116,69825517c835c41957e013f4,2
69825516c835c41957dfe75f,69825516c835c41957dfe758,1
69825516c835c41957dfb122,69825516c835c41957dfa53c,2
69825516c835c41957dfd835,69825516c835c41957dfc37d,1
69825516c835c41957dfe413,69825516c835c41957dfe3d7,1
69825516c835c41957dfe413,69825516c835c41957dfe3d6,1
69825516c835c41957dfe413,69825516c835c41957dfe420,1
69825516c835c41957dfe413,69825516c835c41957dfe417,1
69825516c835c41957dfe413,69825516c835c41957dfe406,1
69825516c835c41957dfe413,69825516c835c41957dfe3f3,1
69825516c835c41957dfe413,69825516c835c41957dfe3f8,1
69825516c835c41957dfe413,69825516c835c41957dfe3da,1
69825516c835c41957dfe413,69825517c835c41957e01001,1
69825516c835c41957dfe413,69825516c835c41957dfe40c,1
69825516c835c41957dfe413,69825516c835c41957dfe3ef,1
69825516c835c41957dfe413,69825516c835c41957dfe3d4,1
69825516c835c41957df9f8a,69825516c835c41957dfd157,1
69825516c835c41957df9f8a,69825516c835c41957dfa0ad,6
69825516c835c41957df9f8a,69825516c835c41957dfa904,1
69825516c835c41957df9f8a,69825516c835c41957dfa333,7
69825516c835c41957df9f8a,69825517c835c41957e01a9e,4
69825516c835c41957df9f8a,69825516c835c41957dfd2dc,1
69825516c835c41957df9f8a,69825516c835c41957dfb917,5
69825516c835c41957df9f8a,69825516c835c41957dfb7aa,1
69825516c835c41957df9f8a,69825517c835c41957e00bfc,5
69825516c835c41957df9f8a,69825516c835c41957dfe7ff,1
69825516c835c41957df9f8a,69825516c835c41957dfeefa,4
69825516c835c41957df9f8a,69825516c835c41957dfe66d,1
69825516c835c41957df9f8a,69825516c835c41957df9e4a,8
69825516c835c41957df9f8a,69825516c835c41957dfd24f,1
69825516c835c41957dfcf61,69825516c835c41957dfcfe6,2
69825516c835c41957df9d68,69825517c835c41957e01231,1
69825516c835c41957df9d68,69825516c835c41957df9d67,1
69825517c835c41957dff6e2,69825516c835c41957dfdf92,1
69825517c835c41957dff6e2,69825516c835c41957dfde86,1
69825517c835c41957dffac8,69825517c835c41957e01899,1
69825517c835c41957dffac8,69825516c835c41957dfb794,1
69825517c835c41957e01261,69825517c835c41957e00fc5,1
69825517c835c41957e01261,69825516c835c41957dfa3d9,1
69825516c835c41957dfa81d,69825516c835c41957dfa356,1
69825516c835c41957dfa81d,69825516c835c41957dfd2fc,1
69825516c835c41957dfa81d,69825516c835c41957dfa4fc,1
69825517c835c41957dffc27,69825517c835c41957dffc28,3
69825516c835c41957dfefae,69825516c835c41957dfefaf,2
69825516c835c41957dfefae,69825516c835c41957dfefbb,2
69825516c835c41957dfefae,69825516c835c41957dfefeb,2
69825516c835c41957dfefae,69825516c835c41957dfeffa,2
69825517c835c41957e00484,69825517c835c41957dff893,1
69825517c835c41957e00484,69825516c835c41957dfb819,1
69825517c835c41957e00484,69825516c835c41957dfb950,1
69825516c835c41957dfbf5d,69825516c835c41957dfbef3,1
69825516c835c41957dfe48e,69825517c835c41957e01739,1
69825516c835c41957dfe48e,69825516c835c41957dfe47d,1
69825516c835c41957dfe48e,69825516c835c41957dfe48d,1
69825516c835c41957dfe48e,69825517c835c41957dffba9,1
69825516c835c41957dfe48e,69825516c835c41957dfe1f6,1
69825516c835c41957dfe48e,69825516c835c41957dfe489,1
69825516c835c41957dfe48e,69825516c835c41957dfe486,1
69825516c835c41957dfe48e,69825517c835c41957dffbaa,1
69825516c835c41957dfe48e,69825516c835c41957dfe21b,1
69825516c835c41957dfe48e,69825516c835c41957dfe21f,1
69825516c835c41957dfe48e,69825516c835c41957dfe202,1
69825516c835c41957dfe415,69825516c835c41957dfe3db,2
69825516c835c41957dfe415,69825516c835c41957dfe3fe,2
69825516c835c41957dfe415,69825516c835c41957dfe424,2
69825516c835c41957dfe415,69825516c835c41957dfe416,2
69825516c835c41957dfe415,69825516c835c41957dfe405,2
69825516c835c41957dfe415,69825516c835c41957dfe404,2
69825516c835c41957dfe415,69825516c835c41957dfe3d0,2
69825516c835c41957dfe415,69825516c835c41957dfe3fc,2
69825516c835c41957dfe415,69825516c835c41957dfe3cc,2
69825516c835c41957dfe415,69825516c835c41957dfe3df,2
69825516c835c41957dfe415,69825516c835c41957dfe3ff,2
69825516c835c41957dfe415,69825516c835c41957dfe3f6,2
69825516c835c41957dfe415,69825516c835c41957dfe3e5,2
69825516c835c41957dfe415,69825516c835c41957dfe3f9,2
69825516c835c41957dfb53e,69825516c835c41957dfa5a4,1
69825516c835c41957dfb53e,69825516c835c41957dfa375,1
69825516c835c41957dfb53e,69825516c835c41957dfa059,1
69825516c835c41957dfb53e,69825516c835c41957dfa8cf,1
69825516c835c41957dfb53e,69825517c835c41957e010a7,1
69825516c835c41957dfb53e,69825516c835c41957dfa813,1
69825516c835c41957dfb53e,69825516c835c41957dfb9af,1
69825516c835c41957dfbb02,69825516c835c41957dfbabb,3
69825517c835c41957dff89b,69825517c835c41957dff899,1
69825516c835c41957dfee65,69825516c835c41957dfe6fa,1
69825516c835c41957dfee65,69825517c835c41957dff80d,1
69825516c835c41957dfe009,69825516c835c41957dfaaee,2
69825516c835c41957dfe488,69825516c835c41957dfe4a4,1
69825516c835c41957dfe488,69825516c835c41957dfe48b,1
69825516c835c41957dfe488,69825516c835c41957dfe4a6,1
69825516c835c41957dfe488,69825516c835c41957dfc5f0,1
69825516c835c41957dfe488,69825516c835c41957dfe47e,1
69825516c835c41957dfe488,69825516c835c41957dfe485,1
69825516c835c41957dfe488,69825516c835c41957dfe49e,1
69825516c835c41957df9d58,69825516c835c41957dfd8f2,1
69825516c835c41957df9d58,69825517c835c41957e017c7,1
69825516c835c41957df9d58,69825517c835c41957e00fdb,3
69825516c835c41957df9d58,69825517c835c41957dffb7c,1
69825516c835c41957dfbc54,69825517c835c41957e0180c,3
69825516c835c41957dfbc54,69825516c835c41957dfdbd8,1
69825516c835c41957dfbc54,69825516c835c41957dfc63c,2
69825516c835c41957dfbc54,69825516c835c41957dfda71,1
69825516c835c41957dfbc54,69825516c835c41957dfc736,3
69825516c835c41957dfd2c1,69825517c835c41957dff7a3,5
69825516c835c41957dfd2c1,69825517c835c41957dffa4b,5
69825516c835c41957dfd2c1,69825517c835c41957dffc6e,1
69825516c835c41957dfd2c1,69825517c835c41957e00841,1
69825516c835c41957dfd2c1,69825517c835c41957e0069b,5
69825516c835c41957dfd2c1,69825517c835c41957e01810,1
69825516c835c41957dfd2c1,69825516c835c41957dfe79f,1
69825516c835c41957dfd2c1,69825517c835c41957dff991,1
69825516c835c41957dfd2c1,69825516c835c41957dfbd2d,2
69825516c835c41957df9ff7,69825516c835c41957dfe4b4,1
69825516c835c41957df9ff7,69825516c835c41957dfb96a,1
69825516c835c41957df9ff7,69825516c835c41957dfe1dd,1
69825516c835c41957df9ff7,69825517c835c41957e00ded,1
69825516c835c41957df9ff7,69825517c835c41957e0104e,1
69825516c835c41957df9ff7,69825516c835c41957dfedb0,1
69825516c835c41957df9ff7,69825516c835c41957dfa4bc,1
69825516c835c41957df9ff7,69825516c835c41957dfefed,1
69825516c835c41957dfd323,69825516c835c41957dfd321,3
69825516c835c41957dfd323,69825516c835c41957dfcf6a,2
69825516c835c41957dfd323,69825516c835c41957dfd1f1,1
69825516c835c41957dfd323,69825516c835c41957dfd306,3
69825516c835c41957dfe1fe,69825516c835c41957dfe1f9,2
69825516c835c41957dfe1fe,69825516c835c41957dfe1ff,2
69825516c835c41957dfe1fe,69825516c835c41957dfc601,1
69825516c835c41957dfe1fe,69825516c835c41957dfc405,2
69825516c835c41957dfe1fe,69825516c835c41957dfe497,1
69825516c835c41957dfe1fe,69825516c835c41957dfe1f5,1
69825516c835c41957dfe1fe,69825516c835c41957dfe207,2
69825516c835c41957dfe1fe,69825516c835c41957dfe1f8,2
69825516c835c41957dfe1fe,69825516c835c41957dfe1fb,2
69825517c835c41957e00165,69825516c835c41957dff0a1,1
69825517c835c41957e00165,69825516c835c41957dfe01c,2
69825517c835c41957e00165,69825517c835c41957dffe08,2
69825517c835c41957e00165,69825517c835c41957e011d2,1
69825517c835c41957e00165,69825516c835c41957dfd1f3,1
69825517c835c41957e00165,69825516c835c41957dfcc8e,1
69825517c835c41957e00165,69825516c835c41957dff286,1
69825517c835c41957e00165,69825517c835c41957e00b24,3
69825517c835c41957e00165,69825516c835c41957dfc990,1
69825517c835c41957e00165,69825516c835c41957dfb784,1
69825517c835c41957e00165,69825517c835c41957e00f7f,1
69825517c835c41957e00165,69825516c835c41957dfd71c,1
69825517c835c41957e00165,69825517c835c41957e006bf,1
69825516c835c41957dfa2be,69825516c835c41957dfe6ff,1
69825516c835c41957dfa2be,69825516c835c41957dff1ab,1
69825516c835c41957dfa2be,69825516c835c41957dfa1c6,1
69825516c835c41957dfba65,69825516c835c41957dfba66,2
69825516c835c41957dfba65,69825516c835c41957dfbade,2
69825517c835c41957dff996,69825517c835c41957e00d87,1
69825517c835c41957dff996,69825516c835c41957dfd9c0,1
69825517c835c41957dff996,69825517c835c41957e00c94,1
69825517c835c41957dffe1d,69825516c835c41957dfbe45,6
69825517c835c41957dffd5d,69825516c835c41957dfe63b,1
69825517c835c41957dffd5d,69825517c835c41957dffd4a,2
69825517c835c41957dffd5d,69825516c835c41957dfe226,1
69825517c835c41957dffd5d,69825517c835c41957dffd3a,2
69825517c835c41957dffd5d,69825516c835c41957dfe1dc,1
69825517c835c41957dffd5d,69825517c835c41957dffd40,2
69825517c835c41957dffd5d,69825517c835c41957e018a9,1
69825517c835c41957dffd5d,69825516c835c41957dfe206,1
69825517c835c41957dffd5d,69825516c835c41957dfe1f4,1
69825517c835c41957dffd5d,69825517c835c41957dffd55,2
69825517c835c41957dffd5d,69825517c835c41957dffd4c,2
69825517c835c41957dffd5d,69825517c835c41957dffd4e,2
69825517c835c41957dffd5d,69825516c835c41957dfba9f,1
69825517c835c41957dffd5d,69825516c835c41957dfe204,1
69825517c835c41957dffd5d,69825516c835c41957dfe1dd,1
69825517c835c41957dffd5d,69825516c835c41957dfb521,1
69825517c835c41957dffd5d,69825517c835c41957dffd46,2
69825517c835c41957dffd5d,69825517c835c41957dffd5f,2
69825517c835c41957dffd5d,69825517c835c41957dffd48,2
69825517c835c41957dffd5d,69825517c835c41957dffd52,2
69825517c835c41957dffd5d,69825517c835c41957dffd57,2
69825517c835c41957dffd5d,69825517c835c41957dff6be,1
69825517c835c41957dffd5d,69825517c835c41957dffd41,2
69825517c835c41957e01946,69825517c835c41957e01944,1
69825517c835c41957e01946,69825517c835c41957e01948,1
69825516c835c41957dfde43,69825516c835c41957dfa271,2
69825516c835c41957dfde43,69825516c835c41957dfde5d,2
69825516c835c41957dfde43,69825516c835c41957dfdf01,2
69825516c835c41957dfefa9,69825517c835c41957e018b1,1
69825517c835c41957e012da,69825516c835c41957dff009,1
69825517c835c41957e012da,69825516c835c41957dfe20d,1
69825517c835c41957e012da,69825516c835c41957dfab35,1
69825517c835c41957e012da,69825516c835c41957df9c99,1
69825517c835c41957e012da,69825516c835c41957dfefc1,1
69825517c835c41957e012da,69825517c835c41957e00a2c,1
69825517c835c41957e012da,69825516c835c41957dfd3ed,1
69825517c835c41957e012da,69825516c835c41957dfe795,1
69825517c835c41957e012da,69825516c835c41957dfa160,1
69825517c835c41957e012da,69825517c835c41957e01139,1
69825517c835c41957e012da,69825516c835c41957dff00a,1
69825517c835c41957e012da,69825516c835c41957dfabe1,1
69825517c835c41957e012da,69825516c835c41957dfefed,1
69825517c835c41957e00d87,69825516c835c41957dfd9a2,1
69825517c835c41957e00d87,69825517c835c41957e00662,1
69825517c835c41957e00d87,69825516c835c41957dff3aa,1
69825517c835c41957e00d87,69825517c835c41957dffaf5,1
69825517c835c41957e00d87,69825516c835c41957dfa577,1
69825517c835c41957e00d87,69825516c835c41957dfd9c0,1
69825517c835c41957e00d87,69825517c835c41957dffcc1,1
69825517c835c41957e00d87,69825517c835c41957e00665,1
69825516c835c41957dfa45e,69825516c835c41957dfad3d,1
69825517c835c41957e007b4,69825516c835c41957dfdcf6,1
69825517c835c41957e007b4,69825516c835c41957dfd743,1
69825517c835c41957e0109f,69825516c835c41957dfbad1,1
69825517c835c41957e0109f,69825516c835c41957dfe01c,1
69825517c835c41957e0109f,69825517c835c41957e00de9,4
69825517c835c41957e0109f,69825516c835c41957dfd71c,1
69825516c835c41957dff24b,69825516c835c41957dfd069,1
69825516c835c41957dfce6c,69825516c835c41957dfccf0,2
69825516c835c41957dfce6c,69825516c835c41957dfb781,1
69825516c835c41957dfce6c,69825516c835c41957dff1df,1
69825517c835c41957dffa15,69825517c835c41957dffcc5,1
69825517c835c41957dffa15,69825517c835c41957dff9f6,1
69825516c835c41957dfdc65,69825516c835c41957dfe4b9,1
69825516c835c41957dfbb3a,69825516c835c41957dfa96e,1
69825516c835c41957dfbb3a,69825516c835c41957dfd889,1
69825516c835c41957dfbb3a,69825516c835c41957dfef54,1
69825516c835c41957dfbb3a,69825517c835c41957e0088e,2
69825516c835c41957dfbb3a,69825516c835c41957dfe123,2
69825516c835c41957dfbb3a,69825516c835c41957dfa352,1
69825516c835c41957dfbb3a,69825516c835c41957dfd70f,1
69825516c835c41957dfbb3a,69825516c835c41957dfdfa6,1
69825516c835c41957dfbb3a,69825516c835c41957dfe802,2
69825516c835c41957dfbb3a,69825516c835c41957dfb917,1
69825516c835c41957dfbb3a,69825516c835c41957dfdc15,1
69825516c835c41957dfbb3a,69825516c835c41957df9f2c,1
69825516c835c41957dfbb3a,69825517c835c41957dff88b,1
69825516c835c41957dfbb3a,69825517c835c41957e00628,1
69825516c835c41957dfbb3a,69825517c835c41957dffb45,1
69825516c835c41957dfbb3a,69825517c835c41957e0042c,1
69825517c835c41957dffd44,69825517c835c41957dffd36,2
69825517c835c41957dffd44,69825517c835c41957dffd58,2
69825517c835c41957dffd44,69825517c835c41957dffd3b,2
69825517c835c41957dffd44,69825517c835c41957dffd60,2
69825517c835c41957dffd44,69825517c835c41957dffd4f,2
69825517c835c41957dffd44,69825517c835c41957dffd3d,2
69825517c835c41957dffd44,69825517c835c41957dffd63,2
69825517c835c41957dffd44,69825517c835c41957e012a7,1
69825517c835c41957dffd44,69825517c835c41957dffd50,2
69825517c835c41957dffd44,69825517c835c41957dffd59,2
69825517c835c41957dffd44,69825517c835c41957dffd5a,2
69825517c835c41957dffd44,69825517c835c41957dffd3e,2
69825517c835c41957dffd44,69825517c835c41957e01276,1
69825517c835c41957dffd44,69825517c835c41957dffd42,2
69825517c835c41957dffd44,69825517c835c41957dffd47,2
69825517c835c41957dffd44,69825517c835c41957dffd3c,2
69825517c835c41957dffd44,69825517c835c41957dffd5c,2
69825517c835c41957dffd44,69825517c835c41957dffd62,2
69825517c835c41957dffd44,69825517c835c41957dffd39,2
69825517c835c41957dffd44,69825517c835c41957dffd64,2
69825517c835c41957dffd44,69825517c835c41957dffd3f,2
69825517c835c41957dffd44,69825517c835c41957dffd53,2
69825517c835c41957dffd44,69825517c835c41957dffd45,2
69825516c835c41957dfb79c,69825516c835c41957dfac3e,1
69825516c835c41957dfb79c,69825516c835c41957dfacd2,1
69825516c835c41957dfb79c,69825516c835c41957dfd7c9,1
69825516c835c41957dfb79c,69825516c835c41957dfb521,1
69825516c835c41957dfb79c,69825516c835c41957dfae12,1
69825517c835c41957dffa7a,69825516c835c41957dfe01b,3
69825516c835c41957dfa8fe,69825516c835c41957dfa71e,1
69825516c835c41957dfde3e,69825516c835c41957dfef4d,1
69825516c835c41957dfa54c,69825516c835c41957dfb96a,1
69825516c835c41957dfa54c,69825516c835c41957dfee49,1
69825516c835c41957dfa54c,69825517c835c41957e00fc7,1
69825516c835c41957dfa54c,69825517c835c41957e01059,1
69825517c835c41957e015be,69825517c835c41957e016b4,1
69825517c835c41957e015be,69825517c835c41957e01662,2
69825517c835c41957e015be,69825517c835c41957e01620,4
69825517c835c41957e015be,69825517c835c41957e015d3,1
69825517c835c41957e015be,69825517c835c41957e0157c,1
69825517c835c41957e015be,69825517c835c41957e01661,2
69825517c835c41957e015be,69825517c835c41957e015b0,3
69825517c835c41957e015be,69825517c835c41957e01617,2
69825517c835c41957e015be,69825517c835c41957e01644,2
69825517c835c41957e015be,69825517c835c41957e016d1,1
69825517c835c41957e015be,69825517c835c41957e01654,2
69825517c835c41957e015be,69825517c835c41957e016aa,1
69825517c835c41957e015be,69825517c835c41957e0161b,2
69825517c835c41957e015be,69825517c835c41957e016b7,4
69825517c835c41957e015be,69825517c835c41957e0164f,2
69825517c835c41957e015be,69825517c835c41957e015a4,4
69825517c835c41957e015be,69825517c835c41957e0161f,1
69825517c835c41957e015be,69825517c835c41957e0168f,2
69825517c835c41957dff687,69825517c835c41957e00f7b,1
69825517c835c41957dff687,69825517c835c41957e0100b,1
69825516c835c41957dfef25,69825516c835c41957df9f79,1
69825516c835c41957dfef25,69825516c835c41957dfcd0a,1
69825516c835c41957dfef25,69825516c835c41957dfa3f8,1
69825516c835c41957dfef25,69825516c835c41957dfa465,1
69825517c835c41957e018a9,69825516c835c41957dfba9f,2
69825517c835c41957e018a9,69825516c835c41957dfe204,1
69825517c835c41957e018a9,69825516c835c41957dfe1dd,1
69825517c835c41957e018a9,69825516c835c41957dfe226,1
69825517c835c41957e018a9,69825516c835c41957dfe1dc,1
69825517c835c41957e018a9,69825517c835c41957dff6be,1
69825517c835c41957e018a9,69825516c835c41957dfe206,1
69825517c835c41957e018a9,69825516c835c41957dfe1f4,1
69825517c835c41957e018a9,69825516c835c41957dfa429,1
69825517c835c41957dff904,69825517c835c41957e01282,7
69825517c835c41957dffd42,69825517c835c41957dffd36,2
69825517c835c41957dffd42,69825517c835c41957dffd58,2
69825517c835c41957dffd42,69825517c835c41957dffd3b,2
69825517c835c41957dffd42,69825517c835c41957dffd60,2
69825517c835c41957dffd42,69825517c835c41957dffd4f,2
69825517c835c41957dffd42,69825517c835c41957dffd3d,2
69825517c835c41957dffd42,69825517c835c41957dffd63,2
69825517c835c41957dffd42,69825517c835c41957e012a7,1
69825517c835c41957dffd42,69825517c835c41957dffd50,2
69825517c835c41957dffd42,69825517c835c41957dffd59,2
69825517c835c41957dffd42,69825517c835c41957dffd5a,2
69825517c835c41957dffd42,69825517c835c41957dffd3e,2
69825517c835c41957dffd42,69825517c835c41957e01276,1
69825517c835c41957dffd42,69825517c835c41957dffd47,2
69825517c835c41957dffd42,69825517c835c41957dffd3c,2
69825517c835c41957dffd42,69825517c835c41957dffd5c,2
69825517c835c41957dffd42,69825517c835c41957dffd62,2
69825517c835c41957dffd42,69825517c835c41957dffd39,2
69825517c835c41957dffd42,69825517c835c41957dffd64,2
69825517c835c41957dffd42,69825517c835c41957dffd3f,2
69825517c835c41957dffd42,69825517c835c41957dffd53,2
69825517c835c41957dffd42,69825517c835c41957dffd45,2
69825516c835c41957dfa9d5,69825516c835c41957dfac05,1
69825517c835c41957e00048,69825516c835c41957dfc4a5,1
69825517c835c41957e00048,69825517c835c41957e00faa,1
69825517c835c41957e00048,69825517c835c41957dffaf5,1
69825516c835c41957dfd118,69825517c835c41957e01820,2
69825516c835c41957dfd118,69825516c835c41957dfcc8b,1
69825516c835c41957dfd118,69825517c835c41957e00927,1
69825516c835c41957dfd118,69825516c835c41957dfbb50,2
69825516c835c41957dfd118,69825516c835c41957dfa4ba,1
69825516c835c41957dfd118,69825517c835c41957e0173a,2
69825516c835c41957dfd118,69825517c835c41957e016fd,1
69825516c835c41957dfccb2,69825516c835c41957dfccf4,2
69825516c835c41957dfccb2,69825516c835c41957dfd2d8,5
69825516c835c41957dfccb2,69825516c835c41957dfa333,1
69825516c835c41957dfccb2,69825516c835c41957dfb81c,1
69825517c835c41957dffd46,69825516c835c41957dfe63b,1
69825517c835c41957dffd46,69825517c835c41957dffd4a,2
69825517c835c41957dffd46,69825517c835c41957dffd3a,2
69825517c835c41957dffd46,69825517c835c41957dffd40,2
69825517c835c41957dffd46,69825517c835c41957dffd55,2
69825517c835c41957dffd46,69825517c835c41957dffd4c,2
69825517c835c41957dffd46,69825517c835c41957dffd4e,2
69825517c835c41957dffd46,69825516c835c41957dfb521,1
69825517c835c41957dffd46,69825517c835c41957dffd48,2
69825517c835c41957dffd46,69825517c835c41957dffd5f,2
69825517c835c41957dffd46,69825517c835c41957dffd52,2
69825517c835c41957dffd46,69825517c835c41957dffd57,2
69825517c835c41957dffd46,69825517c835c41957dffd41,2
69825516c835c41957dfba95,69825516c835c41957dfd11d,1
69825516c835c41957dfba95,69825516c835c41957dfbb44,1
69825516c835c41957dfba95,69825516c835c41957dfc9b6,1
69825516c835c41957dfba95,69825516c835c41957dfb802,1
69825516c835c41957dfc328,69825516c835c41957dfdc61,1
69825516c835c41957dfc328,69825516c835c41957dfa8f6,1
69825516c835c41957dfc328,69825516c835c41957dfa720,1
69825516c835c41957dfc328,69825517c835c41957e00fc5,1
69825516c835c41957dfc328,69825517c835c41957e00bf6,1
69825516c835c41957dfc328,69825517c835c41957e01108,1
69825516c835c41957dfc328,69825517c835c41957dff930,1
69825516c835c41957dfc328,69825516c835c41957dfccad,1
69825516c835c41957dfc328,69825516c835c41957dfcd80,1
69825516c835c41957dfc328,69825516c835c41957dfe801,1
69825516c835c41957dfc328,69825516c835c41957dff27c,1
69825516c835c41957dfc328,69825516c835c41957dfa73b,1
69825516c835c41957dfc328,69825516c835c41957dfe793,1
69825516c835c41957dff3b6,69825516c835c41957dfca71,1
69825516c835c41957dff3b6,69825516c835c41957dfca72,1
69825516c835c41957dff3b6,69825516c835c41957dfe66d,1
69825516c835c41957dff3b6,69825516c835c41957dfca6f,1
69825516c835c41957dff3b6,69825516c835c41957dfa44c,1
69825516c835c41957df9e7e,69825516c835c41957df9f97,4
69825516c835c41957df9e7e,69825516c835c41957dfa528,1
69825516c835c41957dfcdb2,69825517c835c41957e0170d,1
69825516c835c41957dfccc3,69825516c835c41957dfd9f1,2
69825516c835c41957dfccc3,69825517c835c41957dff6fc,1
69825516c835c41957dfccc3,69825517c835c41957e01286,1
69825516c835c41957dfccc3,69825517c835c41957e00d08,1
69825516c835c41957dfccc3,69825517c835c41957e00f6b,1
69825516c835c41957dfccc3,69825516c835c41957df9e60,1
69825516c835c41957dfccc3,69825516c835c41957dfd3f6,1
69825516c835c41957dfccc3,69825517c835c41957e017f5,1
69825516c835c41957dfccc3,69825517c835c41957e00f6c,2
69825516c835c41957dfccc3,69825516c835c41957dfb790,2
69825516c835c41957dfccc3,69825517c835c41957dffbd6,1
69825517c835c41957e016b4,69825517c835c41957e01662,2
69825517c835c41957e016b4,69825517c835c41957e01620,2
69825517c835c41957e016b4,69825517c835c41957e015d3,2
69825517c835c41957e016b4,69825517c835c41957e0157c,1
69825517c835c41957e016b4,69825517c835c41957e01661,1
69825517c835c41957e016b4,69825517c835c41957e015b0,2
69825517c835c41957e016b4,69825517c835c41957e01617,1
69825517c835c41957e016b4,69825517c835c41957e015db,1
69825517c835c41957e016b4,69825517c835c41957e01644,2
69825517c835c41957e016b4,69825517c835c41957e016d1,1
69825517c835c41957e016b4,69825517c835c41957e01645,1
69825517c835c41957e016b4,69825517c835c41957e01654,1
69825517c835c41957e016b4,69825517c835c41957e015e2,1
69825517c835c41957e016b4,69825517c835c41957e016aa,1
69825517c835c41957e016b4,69825517c835c41957e0161b,2
69825517c835c41957e016b4,69825517c835c41957e016b7,2
69825517c835c41957e016b4,69825517c835c41957e015cf,1
69825517c835c41957e016b4,69825517c835c41957e0164f,2
69825517c835c41957e016b4,69825517c835c41957e015a4,2
69825517c835c41957e016b4,69825517c835c41957e0161f,2
69825517c835c41957e016b4,69825517c835c41957e0168f,1
69825516c835c41957dfcc98,69825517c835c41957dffae1,1
69825516c835c41957dfab35,69825516c835c41957dff009,1
69825516c835c41957dfab35,69825516c835c41957dfe20d,1
69825516c835c41957dfab35,69825516c835c41957df9c99,1
69825516c835c41957dfab35,69825516c835c41957dfefc1,1
69825516c835c41957dfab35,69825517c835c41957e00a2c,1
69825516c835c41957dfab35,69825516c835c41957dfd3ed,1
69825516c835c41957dfab35,69825516c835c41957dfe795,1
69825516c835c41957dfab35,69825516c835c41957dfa160,1
69825516c835c41957dfab35,69825517c835c41957e01139,1
69825516c835c41957dfab35,69825516c835c41957dff00a,1
69825516c835c41957dfab35,69825516c835c41957dfabe1,4
69825516c835c41957dfab35,69825516c835c41957dfefed,1
69825516c835c41957dfbc8c,69825516c835c41957dfbd53,2
69825516c835c41957dfa531,69825516c835c41957dfa52a,2
69825516c835c41957dfa531,69825516c835c41957dfa47c,4
69825516c835c41957dfa531,69825516c835c41957dfa3f8,2
69825516c835c41957dfa531,69825516c835c41957dfa465,2
69825516c835c41957dfa531,69825516c835c41957dfa4ba,1
69825516c835c41957dfa531,69825516c835c41957dfa429,3
69825516c835c41957dfa531,69825516c835c41957dfa4bc,3
69825516c835c41957dfa531,69825516c835c41957dfd2dc,1
69825516c835c41957dfa531,69825516c835c41957dfa42e,2
69825516c835c41957dfa531,69825516c835c41957dfa428,1
69825516c835c41957dfa531,69825517c835c41957e0174d,1
69825516c835c41957dfa531,69825517c835c41957dff465,1
69825516c835c41957dfa531,69825516c835c41957dfe7ff,1
69825516c835c41957dfa531,69825517c835c41957dff45e,1
69825516c835c41957dfa531,69825516c835c41957dfa3f7,1
69825516c835c41957dfa531,69825516c835c41957dfd069,1
69825516c835c41957dfa531,69825516c835c41957dfa466,1
69825516c835c41957dfa531,69825516c835c41957dfa42d,2
69825516c835c41957dfa531,69825516c835c41957dfc601,1
69825516c835c41957dfb794,69825517c835c41957e00d08,1
69825516c835c41957dfb794,69825517c835c41957e01899,1
69825516c835c41957dfb794,69825517c835c41957e017f5,1
69825516c835c41957dfb794,69825517c835c41957e00f6c,1
69825516c835c41957dfb794,69825517c835c41957dffbd6,1
69825516c835c41957dfb227,69825516c835c41957dfe1af,1
69825516c835c41957dfe3fe,69825516c835c41957dfe3db,2
69825516c835c41957dfe3fe,69825516c835c41957dfe424,2
69825516c835c41957dfe3fe,69825516c835c41957dfe416,2
69825516c835c41957dfe3fe,69825516c835c41957dfe405,2
69825516c835c41957dfe3fe,69825516c835c41957dfe404,2
69825516c835c41957dfe3fe,69825516c835c41957dfe3d0,2
69825516c835c41957dfe3fe,69825516c835c41957dfe3fc,2
69825516c835c41957dfe3fe,69825516c835c41957dfe3cc,2
69825516c835c41957dfe3fe,69825516c835c41957dfe3df,2
69825516c835c41957dfe3fe,69825516c835c41957dfe3ff,2
69825516c835c41957dfe3fe,69825516c835c41957dfe3f6,2
69825516c835c41957dfe3fe,69825516c835c41957dfe3e5,2
69825516c835c41957dfe3fe,69825516c835c41957dfe3f9,2
69825517c835c41957e0193f,69825516c835c41957dfdcd8,1
69825517c835c41957e0193f,69825516c835c41957dfb088,1
69825517c835c41957e0193f,69825516c835c41957dfb4d7,1
69825517c835c41957e0193f,69825516c835c41957dfb3f3,1
69825517c835c41957e0193f,69825516c835c41957dfac61,1
69825517c835c41957e00480,69825516c835c41957dfc063,1
69825516c835c41957dfb922,69825517c835c41957e004b9,1
69825516c835c41957dfb922,69825516c835c41957dfd79f,1
69825516c835c41957dfb922,69825516c835c41957dfb7ae,1
69825516c835c41957dfb922,69825516c835c41957dfe622,1
69825516c835c41957dfb922,69825516c835c41957dff04d,1
69825516c835c41957dfb922,69825516c835c41957dfe61e,1
69825516c835c41957dfb922,69825516c835c41957dfe61a,1
69825517c835c41957e0067d,69825517c835c41957e00200,5
69825517c835c41957e0067d,69825516c835c41957dfa1f7,2
69825517c835c41957e0067d,69825516c835c41957dfa0b0,2
69825517c835c41957dff79f,69825516c835c41957dfd223,2
69825517c835c41957dff79f,69825516c835c41957dfd23d,2
69825516c835c41957dfd308,69825516c835c41957dfdc35,1
69825516c835c41957dfd308,69825516c835c41957dfd2dc,1
69825516c835c41957dfd308,69825516c835c41957dfe7ff,1
69825516c835c41957dfbc0d,69825516c835c41957dfbbf6,1
69825516c835c41957dfbc0d,69825516c835c41957dfbbe8,1
69825516c835c41957dfbc0d,69825516c835c41957dfbc08,1
69825516c835c41957dfbc0d,69825516c835c41957dfbbf0,1
69825516c835c41957dfa09f,69825517c835c41957e0152f,1
69825516c835c41957dfe0c5,69825516c835c41957dfa4e0,1
69825516c835c41957dfe0c5,69825516c835c41957dfe0c8,2
69825516c835c41957dfe0c5,69825516c835c41957dfe0c6,2
69825516c835c41957dfe0c5,69825517c835c41957e00540,2
69825517c835c41957e0129f,69825517c835c41957e01744,1
69825517c835c41957e0129f,69825517c835c41957e00079,1
69825517c835c41957e0129f,69825516c835c41957dfc8da,11
69825517c835c41957e0129f,69825517c835c41957e012a7,3
69825517c835c41957e0129f,69825517c835c41957e01740,1
69825517c835c41957e0129f,69825516c835c41957dfa3f7,1
69825517c835c41957e0129f,69825516c835c41957dfc857,6
69825517c835c41957e0129f,69825517c835c41957e012a3,1
69825516c835c41957dfd224,69825516c835c41957dfc83e,1
69825516c835c41957dfd34b,69825516c835c41957dfb7b2,1
69825516c835c41957dfd34b,69825517c835c41957e00c9e,1
69825516c835c41957dfd34b,69825517c835c41957e00c9a,2
69825516c835c41957dfd34b,69825517c835c41957e01a80,1
69825516c835c41957dfd34b,69825516c835c41957dfd2f3,2
69825516c835c41957dfd34b,69825516c835c41957dfd0c8,1
69825516c835c41957dfd34b,69825516c835c41957dfab42,1
69825516c835c41957dfdd02,69825516c835c41957dfe6f7,1
69825516c835c41957dfdd02,69825516c835c41957dfdd86,1
69825516c835c41957dfdd02,69825516c835c41957dfee8d,1
69825516c835c41957dfdd02,69825516c835c41957dfa5a4,1
69825516c835c41957dfdd02,69825516c835c41957dfee81,2
69825516c835c41957dfdd02,69825516c835c41957dfdd8c,2
69825516c835c41957dfdd02,69825516c835c41957dfdd60,1
69825516c835c41957dfdd02,69825517c835c41957dff91a,1
69825516c835c41957dfdd02,69825516c835c41957dfb9af,1
69825516c835c41957dfdd02,69825517c835c41957dff86a,2
69825516c835c41957dfdd02,69825516c835c41957dfdd1f,1
69825516c835c41957dfdd02,69825516c835c41957dfb552,1
69825516c835c41957dfdd02,69825516c835c41957dfb62b,1
69825516c835c41957dfdd02,69825516c835c41957dfdd52,1
69825516c835c41957dfdd02,69825516c835c41957dfa821,1
69825516c835c41957dfdd02,69825517c835c41957dff863,1
69825516c835c41957dfdd02,69825517c835c41957e00e31,1
69825517c835c41957e0112f,69825516c835c41957dfa526,2
69825516c835c41957dfb532,69825517c835c41957e00fb5,1
69825517c835c41957e01108,69825516c835c41957dfdc61,2
69825517c835c41957e01108,69825516c835c41957dfa8f6,1
69825517c835c41957e01108,69825516c835c41957dfa720,2
69825517c835c41957e01108,69825517c835c41957e009b6,1
69825517c835c41957e01108,69825516c835c41957dfa12e,1
69825517c835c41957e01108,69825517c835c41957dff930,2
69825517c835c41957e01108,69825516c835c41957df9e4b,1
69825517c835c41957e01108,69825517c835c41957e004bb,1
69825517c835c41957e01108,69825516c835c41957dfccad,1
69825517c835c41957e01108,69825516c835c41957dfe801,1
69825517c835c41957e01108,69825516c835c41957dff27c,1
69825517c835c41957e01108,69825517c835c41957e00fc5,4
69825517c835c41957e01108,69825516c835c41957dfa3fd,1
69825517c835c41957e01108,69825517c835c41957dffb7c,1
69825517c835c41957e01108,69825517c835c41957e00bf6,5
69825517c835c41957e01108,69825516c835c41957dfcd80,1
69825517c835c41957e01108,69825516c835c41957dfa73b,2
69825517c835c41957e01108,69825516c835c41957dfe793,2
69825517c835c41957e01108,69825516c835c41957dfaa2d,1
69825516c835c41957dfc68e,69825516c835c41957dfc68d,1
69825516c835c41957dfc68e,69825516c835c41957dfe21c,1
69825516c835c41957dfadcd,69825516c835c41957dfb3c6,1
69825516c835c41957dfadcd,69825516c835c41957dfb3c3,1
69825516c835c41957dfadcd,69825516c835c41957dfb1d4,1
69825516c835c41957dfadcd,69825516c835c41957dfb32c,1
69825516c835c41957dfadcd,69825516c835c41957dfb4d8,1
69825516c835c41957dfadcd,69825516c835c41957dfb193,1
69825516c835c41957dfadcd,69825516c835c41957dfb2c5,1
69825516c835c41957dfadcd,69825516c835c41957dfb319,1
69825516c835c41957dfadcd,69825516c835c41957dfb20d,1
69825517c835c41957dff87e,69825516c835c41957dfbcb5,2
69825517c835c41957e00e48,69825516c835c41957dfc095,2
69825517c835c41957e01654,69825517c835c41957e01662,1
69825517c835c41957e01654,69825517c835c41957e01620,2
69825517c835c41957e01654,69825517c835c41957e015d3,1
69825517c835c41957e01654,69825517c835c41957e0157c,2
69825517c835c41957e01654,69825517c835c41957e01661,3
69825517c835c41957e01654,69825517c835c41957e015b0,1
69825517c835c41957e01654,69825517c835c41957e01617,3
69825517c835c41957e01654,69825517c835c41957e01644,2
69825517c835c41957e01654,69825517c835c41957e016d1,1
69825517c835c41957e01654,69825517c835c41957e016aa,1
69825517c835c41957e01654,69825517c835c41957e0161b,2
69825517c835c41957e01654,69825517c835c41957e016b7,2
69825517c835c41957e01654,69825517c835c41957e0164f,3
69825517c835c41957e01654,69825517c835c41957e015a4,2
69825517c835c41957e01654,69825517c835c41957e0161f,1
69825517c835c41957e01654,69825517c835c41957e0168f,2
69825517c835c41957e004b6,69825516c835c41957dff2ba,1
69825517c835c41957e004b6,69825516c835c41957dff358,2
69825517c835c41957e004b6,69825516c835c41957dfa333,1
69825517c835c41957e004b6,69825517c835c41957dff94f,1
69825517c835c41957e004b6,69825516c835c41957dfd576,1
69825517c835c41957e004b6,69825517c835c41957e01349,1
69825517c835c41957e004b6,69825517c835c41957dff825,1
69825516c835c41957dfe42a,69825516c835c41957dfe6d3,2
69825516c835c41957dfe42a,69825516c835c41957dfe6d4,2
69825516c835c41957dfe42a,69825516c835c41957dfe66f,2
69825516c835c41957dfe42a,69825516c835c41957dfa81b,1
69825516c835c41957dfe42a,69825516c835c41957dfe671,2
69825516c835c41957dfe42a,69825516c835c41957dfe789,2
69825516c835c41957dfe42a,69825517c835c41957e0106b,2
69825516c835c41957dfe42a,69825516c835c41957dfe78c,2
69825516c835c41957dfe42a,69825517c835c41957e0106c,2
69825516c835c41957dfe42a,69825516c835c41957dfe429,2
69825517c835c41957e017e7,69825516c835c41957dfd81b,1
69825517c835c41957e017e7,69825516c835c41957dfd73f,1
69825517c835c41957e017e7,69825517c835c41957e017e4,1
69825516c835c41957dfac1b,69825516c835c41957dfac27,1
69825516c835c41957dfefb6,69825516c835c41957dff004,7
69825516c835c41957dfefb6,69825516c835c41957dff007,7
69825516c835c41957dfefb6,69825516c835c41957dfef9d,7
69825516c835c41957dfefb6,69825516c835c41957dfefa1,7
69825516c835c41957dfefb6,69825516c835c41957dfef9e,6
69825516c835c41957dfefb6,69825516c835c41957dff008,7
69825516c835c41957dfefb6,69825516c835c41957dfeffc,7
69825516c835c41957dfefb6,69825516c835c41957dfefa4,7
69825516c835c41957dfefb6,69825516c835c41957dfef9f,6
69825516c835c41957dfefb6,69825516c835c41957dfefb5,6
69825516c835c41957dfefb6,69825516c835c41957dfeff2,7
69825516c835c41957dfefb6,69825516c835c41957dfefa5,7
69825516c835c41957dfefb6,69825516c835c41957dfefc0,6
69825516c835c41957dfefb6,69825516c835c41957dfefb4,7
69825516c835c41957dfefb6,69825516c835c41957dfefb9,7
69825516c835c41957dfefb6,69825516c835c41957dff006,7
69825516c835c41957dfefb6,69825516c835c41957dfefb1,7
69825516c835c41957dfefb6,69825516c835c41957dfefa2,7
69825516c835c41957dfa861,69825516c835c41957dfa48c,1
69825516c835c41957dfe489,69825517c835c41957e01739,1
69825516c835c41957dfe489,69825516c835c41957dfe48d,1
69825516c835c41957dfe489,69825516c835c41957dfe1f6,1
69825516c835c41957dfe489,69825516c835c41957dfe486,1
69825516c835c41957dfe489,69825516c835c41957dfe21b,1
69825516c835c41957dfe489,69825516c835c41957dfe21f,1
69825516c835c41957dfe489,69825516c835c41957dfe202,1
69825516c835c41957dfe7f9,69825516c835c41957dff1a6,1
69825517c835c41957e0100b,69825516c835c41957dfccf4,1
69825516c835c41957dfb0f6,69825516c835c41957dfb5bc,1
69825517c835c41957dff7a6,69825517c835c41957dff79a,3
69825517c835c41957dff7a6,69825516c835c41957dfe44e,2
69825516c835c41957dfe072,69825517c835c41957e01085,2
69825516c835c41957dfe072,69825516c835c41957dfac3d,2
69825516c835c41957dfe072,69825517c835c41957e00656,1
69825516c835c41957dfd1e2,69825517c835c41957e0174b,1
69825516c835c41957dfd1e2,69825517c835c41957e012a5,1
69825516c835c41957dfe656,69825516c835c41957dfc117,1
69825516c835c41957dfe656,69825517c835c41957dff8c5,2
69825516c835c41957dfe656,69825516c835c41957df9e61,3
69825516c835c41957dfe656,69825517c835c41957e00123,1
69825516c835c41957dfedb6,69825516c835c41957dfae05,1
69825516c835c41957dfedb6,69825516c835c41957dfad8c,1
69825516c835c41957dfcff9,69825516c835c41957dfd1ed,1
69825516c835c41957dfd3f4,69825516c835c41957dfd101,2
69825516c835c41957dfd3f4,69825517c835c41957e00109,2
69825516c835c41957dfd788,69825517c835c41957dff8e0,2
69825516c835c41957dfd788,69825517c835c41957e01aae,1
69825516c835c41957dfd788,69825516c835c41957dfbbe8,1
69825516c835c41957dfd788,69825516c835c41957dfa188,1
69825516c835c41957dfc8f1,69825516c835c41957dfe7a0,1
69825516c835c41957dfa960,69825517c835c41957dffaca,1
69825516c835c41957dfa960,69825517c835c41957dffb7c,1
69825516c835c41957dfefaa,69825517c835c41957e0177a,1
69825516c835c41957dfefaa,69825516c835c41957dfe20d,1
69825516c835c41957dfefaa,69825517c835c41957e017a4,1
69825516c835c41957dfefaa,69825516c835c41957dfe1cf,1
69825516c835c41957dfa374,69825516c835c41957dfb7e1,2
69825516c835c41957dfe53e,69825516c835c41957dfd7c9,3
69825516c835c41957dfa1f7,69825517c835c41957e00200,2
69825516c835c41957dfa1f7,69825516c835c41957dfa0b0,6
69825516c835c41957dfcacf,69825516c835c41957dfcad0,2
69825516c835c41957dfcacf,69825517c835c41957e006a6,1
69825516c835c41957dfcacf,69825516c835c41957dfb954,1
69825516c835c41957dfcacf,69825517c835c41957e006a5,1
69825516c835c41957dfcacf,69825517c835c41957e01229,1
69825516c835c41957dfcacf,69825516c835c41957dfcace,2
69825516c835c41957dfcacf,69825516c835c41957dfcacd,2
69825516c835c41957dfcacf,69825516c835c41957dfcacb,2
69825516c835c41957dfcacf,69825516c835c41957dfcad1,2
69825516c835c41957dfcacf,69825516c835c41957dfcacc,2
69825516c835c41957dfc5f5,69825516c835c41957dfc587,1
69825516c835c41957dfc5f5,69825516c835c41957dfbd78,1
69825516c835c41957dfccbb,69825516c835c41957dfc547,1
69825516c835c41957dfccbb,69825516c835c41957dfd3f6,1
69825516c835c41957dfccbb,69825516c835c41957dfb675,1
69825516c835c41957dfccbb,69825517c835c41957dff82a,3
69825516c835c41957dfe1dd,69825516c835c41957dfe4b4,1
69825516c835c41957dfe1dd,69825516c835c41957dfe226,1
69825516c835c41957dfe1dd,69825516c835c41957dfe1dc,2
69825516c835c41957dfe1dd,69825516c835c41957dfe206,1
69825516c835c41957dfe1dd,69825516c835c41957dfe1f4,1
69825516c835c41957dfe1dd,69825516c835c41957dfa4bc,1
69825516c835c41957dfe1dd,69825516c835c41957dfe204,1
69825516c835c41957dfe1dd,69825516c835c41957dfba9f,1
69825516c835c41957dfe1dd,69825517c835c41957dffae9,1
69825516c835c41957dfe1dd,69825517c835c41957dff6be,1
69825516c835c41957dfe1dd,69825516c835c41957dfefed,1
69825516c835c41957dfcef3,69825516c835c41957dfee20,1
69825516c835c41957dfcef3,69825516c835c41957dfceed,3
69825516c835c41957dfcef3,69825516c835c41957dfcf23,1
69825516c835c41957dfda6b,69825516c835c41957dfe5e5,1
69825516c835c41957dfda6b,69825516c835c41957dfa749,1
69825516c835c41957dfda6b,69825516c835c41957dfbc30,2
69825517c835c41957e01948,69825517c835c41957e01944,2
69825516c835c41957dfe789,69825516c835c41957dfe6d3,3
69825516c835c41957dfe789,69825516c835c41957dfe6d4,3
69825516c835c41957dfe789,69825516c835c41957dfe66f,3
69825516c835c41957dfe789,69825516c835c41957dfa81b,1
69825516c835c41957dfe789,69825516c835c41957dfe671,3
69825516c835c41957dfe789,69825517c835c41957e0106b,3
69825516c835c41957dfe789,69825516c835c41957dfe78c,3
69825516c835c41957dfe789,69825517c835c41957e0106c,3
69825516c835c41957dfe789,69825516c835c41957dfa4bc,1
69825516c835c41957dfe789,69825516c835c41957dfe429,2
69825517c835c41957e004b1,69825516c835c41957dfd051,1
69825516c835c41957dfd336,69825516c835c41957dfd314,2
69825516c835c41957dfd336,69825516c835c41957dfd1f3,2
69825516c835c41957dfd336,69825516c835c41957dfe78c,1
69825516c835c41957dfd336,69825516c835c41957dfd315,2
69825516c835c41957dfd336,69825516c835c41957dfd17b,2
69825516c835c41957dfd336,69825516c835c41957dfd313,2
69825516c835c41957dfc350,69825516c835c41957dfc30c,1
69825516c835c41957dfc350,69825516c835c41957dfc34e,1
69825516c835c41957dfc350,69825516c835c41957dfc349,1
69825517c835c41957e0083a,69825517c835c41957e00541,2
69825517c835c41957e0083a,69825516c835c41957dfa168,1
69825517c835c41957e0083a,69825517c835c41957e00a2c,1
69825517c835c41957e0083a,69825516c835c41957dfce4e,1
69825517c835c41957e0083a,69825516c835c41957dfa737,1
69825517c835c41957e0083a,69825517c835c41957e00524,1
69825517c835c41957e0083a,69825516c835c41957dfa894,1
69825517c835c41957e0083a,69825516c835c41957dfa160,2
69825517c835c41957e0083a,69825516c835c41957dfa636,2
69825517c835c41957e0083a,69825516c835c41957dfd04e,1
69825517c835c41957e0083a,69825516c835c41957dfa1c2,3
69825517c835c41957e0083a,69825516c835c41957dfd19c,1
69825516c835c41957dfe307,69825516c835c41957dfe29b,4
69825516c835c41957dfe307,69825516c835c41957dfd907,1
69825516c835c41957dfbbf8,69825516c835c41957dfbc10,1
69825516c835c41957dfbbf8,69825516c835c41957dfbc20,1
69825516c835c41957dfbbf8,69825516c835c41957dfbbb2,1
69825516c835c41957dfbbf8,69825516c835c41957dfbbea,1
69825516c835c41957dfbbf8,69825516c835c41957dfbc2c,1
69825516c835c41957dfbbf8,69825516c835c41957dfbbe4,1
69825516c835c41957dfbbf8,69825516c835c41957dfbc0e,1
69825516c835c41957dfbbf8,69825516c835c41957dfbc27,1
69825516c835c41957dfbbf8,69825516c835c41957dfbc1b,1
69825516c835c41957dfbbf8,69825516c835c41957dfbbba,1
69825516c835c41957dfbbf8,69825516c835c41957dfbc0f,1
69825516c835c41957dfbbf8,69825516c835c41957dfbbb8,1
69825516c835c41957dfbbf8,69825516c835c41957dfbbc3,1
69825516c835c41957dfbbf8,69825516c835c41957dfbbb7,1
69825516c835c41957dfee81,69825516c835c41957dfe6f7,1
69825516c835c41957dfee81,69825516c835c41957dfdd86,1
69825516c835c41957dfee81,69825516c835c41957dfee8d,1
69825516c835c41957dfee81,69825516c835c41957dfa5a4,1
69825516c835c41957dfee81,69825516c835c41957dfdd8c,2
69825516c835c41957dfee81,69825516c835c41957dfdd60,1
69825516c835c41957dfee81,69825517c835c41957dff91a,1
69825516c835c41957dfee81,69825516c835c41957dfb9af,1
69825516c835c41957dfee81,69825517c835c41957dff86a,2
69825516c835c41957dfee81,69825516c835c41957dfdd1f,1
69825516c835c41957dfee81,69825516c835c41957dfb552,1
69825516c835c41957dfee81,69825516c835c41957dfb62b,1
69825516c835c41957dfee81,69825516c835c41957dfdd52,1
69825516c835c41957dfee81,69825516c835c41957dfa821,1
69825516c835c41957dfee81,69825517c835c41957dff863,1
69825516c835c41957dfee81,69825517c835c41957e00e31,1
69825516c835c41957dfba2c,69825516c835c41957dfa47c,1
69825516c835c41957dfbfae,69825516c835c41957dfa037,2
69825516c835c41957dfbfae,69825517c835c41957e009d4,2
69825517c835c41957e00e58,69825516c835c41957dfc25e,1
69825516c835c41957dfab40,69825516c835c41957dfdbe6,1
69825516c835c41957dfab40,69825516c835c41957dfa34b,1
69825516c835c41957dfe122,69825516c835c41957dfd157,5
69825516c835c41957dfe122,69825516c835c41957dfd24f,2
69825516c835c41957dfe122,69825516c835c41957df9dc9,1
69825516c835c41957dfe122,69825517c835c41957dffc49,1
69825517c835c41957dff58c,69825516c835c41957dfb443,1
69825517c835c41957dff58c,69825516c835c41957dfd309,1
69825517c835c41957dff58c,69825517c835c41957e00222,2
69825516c835c41957dfa930,69825516c835c41957dfd2f2,1
69825516c835c41957dfa930,69825516c835c41957dfdb06,1
69825516c835c41957dfe4e7,69825516c835c41957dfdb32,2
69825516c835c41957dfefb9,69825516c835c41957dff004,7
69825516c835c41957dfefb9,69825516c835c41957dff007,7
69825516c835c41957dfefb9,69825516c835c41957dfef9d,7
69825516c835c41957dfefb9,69825516c835c41957dfefa1,7
69825516c835c41957dfefb9,69825516c835c41957dfef9e,6
69825516c835c41957dfefb9,69825516c835c41957dff008,7
69825516c835c41957dfefb9,69825516c835c41957dfeffc,7
69825516c835c41957dfefb9,69825516c835c41957dfefa4,7
69825516c835c41957dfefb9,69825516c835c41957dfef9f,6
69825516c835c41957dfefb9,69825516c835c41957dfefb5,6
69825516c835c41957dfefb9,69825516c835c41957dfeff2,7
69825516c835c41957dfefb9,69825516c835c41957dfefa5,7
69825516c835c41957dfefb9,69825516c835c41957dfefc0,6
69825516c835c41957dfefb9,69825516c835c41957dfefb4,7
69825516c835c41957dfefb9,69825516c835c41957dff006,7
69825516c835c41957dfefb9,69825516c835c41957dfefb1,7
69825516c835c41957dfefb9,69825516c835c41957dfefa2,7
69825516c835c41957dfbe82,69825516c835c41957dfd32d,2
69825516c835c41957dfbe82,69825516c835c41957dfdaa8,2
69825516c835c41957dfbe82,69825516c835c41957dfe812,2
69825516c835c41957dfbe82,69825516c835c41957dfa4ef,2
69825516c835c41957dfbe82,69825516c835c41957dfa538,2
69825516c835c41957dfbe82,69825516c835c41957dfccf1,1
69825516c835c41957dfbe82,69825516c835c41957dfc0cb,2
69825517c835c41957e00423,69825517c835c41957e00dc0,2
69825517c835c41957e00423,69825517c835c41957dff40f,1
69825517c835c41957e00423,69825517c835c41957dff402,1
69825517c835c41957e00423,69825517c835c41957dff6c9,1
69825517c835c41957e00423,69825516c835c41957dfd2dc,1
69825517c835c41957e00423,69825516c835c41957dfa7ad,2
69825517c835c41957e00423,69825517c835c41957e01922,1
69825517c835c41957e00423,69825516c835c41957dfe848,1
69825517c835c41957e00423,69825516c835c41957dfe7ff,1
69825517c835c41957e00423,69825517c835c41957e01819,2
69825517c835c41957e00423,69825517c835c41957e00eba,1
69825517c835c41957e00423,69825516c835c41957dfbf53,1
69825517c835c41957e00423,69825517c835c41957dffca5,2
69825516c835c41957dfe47a,69825516c835c41957dfe5c5,1
69825517c835c41957e0140c,69825516c835c41957dfeefa,1
69825517c835c41957e0140c,69825516c835c41957dfa5a4,1
69825517c835c41957e0140c,69825516c835c41957dfb9af,1
69825517c835c41957dffe08,69825516c835c41957dfe01c,1
69825517c835c41957dffe08,69825516c835c41957dfcc8e,1
69825517c835c41957dffe08,69825516c835c41957dff286,1
69825517c835c41957dffe08,69825517c835c41957e00b24,2
69825517c835c41957dffe08,69825516c835c41957dfc990,1
69825517c835c41957dffe08,69825516c835c41957dfb784,1
69825517c835c41957dffe08,69825516c835c41957dfd71c,1
69825517c835c41957dffe08,69825517c835c41957e006bf,1
69825516c835c41957dfb809,69825516c835c41957dfb870,2
69825516c835c41957dfb950,69825517c835c41957dff893,1
69825516c835c41957dfb950,69825516c835c41957dfb819,1
69825517c835c41957dff6a3,69825516c835c41957dfb645,4
69825517c835c41957dff6a3,69825517c835c41957dff968,4
69825517c835c41957dff6a3,69825516c835c41957dfe728,3
69825517c835c41957dff6a3,69825517c835c41957dff96e,4
69825517c835c41957dffd63,69825517c835c41957dffd36,2
69825517c835c41957dffd63,69825517c835c41957dffd58,2
69825517c835c41957dffd63,69825517c835c41957dffd3b,2
69825517c835c41957dffd63,69825517c835c41957dffd60,2
69825517c835c41957dffd63,69825517c835c41957dffd4f,2
69825517c835c41957dffd63,69825517c835c41957dffd3d,2
69825517c835c41957dffd63,69825517c835c41957e012a7,1
69825517c835c41957dffd63,69825517c835c41957dffd50,2
69825517c835c41957dffd63,69825517c835c41957dffd59,2
69825517c835c41957dffd63,69825517c835c41957dffd5a,2
69825517c835c41957dffd63,69825517c835c41957dffd3e,2
69825517c835c41957dffd63,69825517c835c41957e01276,1
69825517c835c41957dffd63,69825517c835c41957dffd47,2
69825517c835c41957dffd63,69825517c835c41957dffd3c,2
69825517c835c41957dffd63,69825517c835c41957dffd5c,2
69825517c835c41957dffd63,69825517c835c41957dffd62,2
69825517c835c41957dffd63,69825517c835c41957dffd39,2
69825517c835c41957dffd63,69825517c835c41957dffd64,2
69825517c835c41957dffd63,69825517c835c41957dffd3f,2
69825517c835c41957dffd63,69825517c835c41957dffd53,2
69825517c835c41957dffd63,69825517c835c41957dffd45,2
69825517c835c41957dffd63,69825517c835c41957e0174c,1
69825516c835c41957dfe191,69825516c835c41957dfc47e,1
69825516c835c41957dfb9d2,69825517c835c41957e01058,1
69825517c835c41957e01276,69825517c835c41957dffd36,1
69825517c835c41957e01276,69825517c835c41957dffd58,1
69825517c835c41957e01276,69825517c835c41957dffd3b,1
69825517c835c41957e01276,69825517c835c41957dffd60,1
69825517c835c41957e01276,69825517c835c41957dffd4f,1
69825517c835c41957e01276,69825517c835c41957dffd3d,1
69825517c835c41957e01276,69825517c835c41957dffd50,1
69825517c835c41957e01276,69825517c835c41957dffd59,1
69825517c835c41957e01276,69825517c835c41957dffd3e,1
69825517c835c41957e01276,69825517c835c41957dffd5a,1
69825517c835c41957e01276,69825517c835c41957dffd47,1
69825517c835c41957e01276,69825517c835c41957dffd3c,1
69825517c835c41957e01276,69825517c835c41957dffd5c,1
69825517c835c41957e01276,69825517c835c41957dffd62,1
69825517c835c41957e01276,69825517c835c41957dffd39,1
69825517c835c41957e01276,69825517c835c41957dffd64,1
69825517c835c41957e01276,69825517c835c41957dffd3f,1
69825517c835c41957e01276,69825517c835c41957dffd53,1
69825517c835c41957e01276,69825517c835c41957dffd45,1
69825516c835c41957dfdedf,69825516c835c41957dfdfe9,1
69825517c835c41957dffd4e,69825516c835c41957dfe63b,1
69825517c835c41957dffd4e,69825517c835c41957dffd4a,2
69825517c835c41957dffd4e,69825517c835c41957dffd3a,2
69825517c835c41957dffd4e,69825517c835c41957dffd40,2
69825517c835c41957dffd4e,69825517c835c41957dffd55,2
69825517c835c41957dffd4e,69825517c835c41957dffd4c,2
69825517c835c41957dffd4e,69825516c835c41957dfe204,1
69825517c835c41957dffd4e,69825516c835c41957dfb521,1
69825517c835c41957dffd4e,69825517c835c41957dffd48,2
69825517c835c41957dffd4e,69825517c835c41957dffd5f,2
69825517c835c41957dffd4e,69825517c835c41957dffd52,2
69825517c835c41957dffd4e,69825517c835c41957dffd57,2
69825517c835c41957dffd4e,69825517c835c41957dffd41,2
69825516c835c41957dfef99,69825516c835c41957dfe200,1
69825516c835c41957dfef99,69825516c835c41957dfe1ed,1
69825516c835c41957dfef99,69825516c835c41957dfe220,1
69825517c835c41957dff471,69825516c835c41957dfd2f1,2
69825517c835c41957dff471,69825517c835c41957e00d2b,2
69825517c835c41957dff471,69825516c835c41957dfc522,2
69825517c835c41957dff471,69825516c835c41957dfcc9d,1
69825516c835c41957dfe5c7,69825516c835c41957dfca6c,1
69825516c835c41957dfe5c7,69825516c835c41957dfca6d,1
69825516c835c41957dfe5c7,69825516c835c41957dfef9f,1
69825516c835c41957dfe5c7,69825517c835c41957e012aa,1
69825516c835c41957dfdc35,69825516c835c41957dfd2df,1
69825516c835c41957dfdc35,69825517c835c41957dff910,1
69825516c835c41957dfdc35,69825516c835c41957dfccb0,1
69825516c835c41957dfdc35,69825516c835c41957dfd307,1
69825516c835c41957dfdc35,69825516c835c41957dfef51,4
69825516c835c41957dfdc35,69825516c835c41957dfed89,1
69825516c835c41957dfdc35,69825516c835c41957dfc98b,1
69825516c835c41957dfdc35,69825516c835c41957dfe7ff,2
69825516c835c41957dfdc35,69825517c835c41957dff465,1
69825516c835c41957dfdc35,69825517c835c41957e00bfa,2
69825516c835c41957dfdc35,69825516c835c41957dff145,1
69825516c835c41957dfdc35,69825516c835c41957dfd2dc,2
69825516c835c41957dff055,69825516c835c41957dff0dc,1
69825516c835c41957dff055,69825516c835c41957dff05c,1
69825516c835c41957dff055,69825516c835c41957dff0b1,1
69825516c835c41957dff055,69825516c835c41957dff0ba,1
69825516c835c41957dff055,69825516c835c41957dff05e,1
69825516c835c41957dff055,69825516c835c41957dff069,1
69825516c835c41957dff055,69825516c835c41957dff063,1
69825516c835c41957dff055,69825516c835c41957dff06c,1
69825516c835c41957dff055,69825516c835c41957dff070,2
69825516c835c41957dff055,69825516c835c41957dff090,1
69825516c835c41957dff055,69825516c835c41957dff0cd,1
69825516c835c41957dff055,69825516c835c41957dff0d0,1
69825516c835c41957dff055,69825516c835c41957dff0cf,1
69825516c835c41957dff055,69825516c835c41957dff0d6,1
69825516c835c41957dff055,69825516c835c41957dff0b3,1
69825516c835c41957dff055,69825516c835c41957dff0c8,1
69825516c835c41957dff055,69825516c835c41957dff05f,1
69825516c835c41957dff055,69825516c835c41957dff071,1
69825516c835c41957dff055,69825516c835c41957dff0de,1
69825516c835c41957dff055,69825516c835c41957dff091,1
69825516c835c41957dff055,69825516c835c41957dff080,1
69825516c835c41957dff055,69825516c835c41957dff064,1
69825516c835c41957dff055,69825516c835c41957dff0b2,1
69825516c835c41957dff055,69825516c835c41957dff09e,1
69825516c835c41957dff055,69825516c835c41957dff072,1
69825516c835c41957dff055,69825516c835c41957dff09d,1
69825516c835c41957dff055,69825516c835c41957dff0db,1
69825516c835c41957dff055,69825516c835c41957dff086,1
69825516c835c41957dff055,69825516c835c41957dff077,1
69825516c835c41957dff055,69825516c835c41957dff0a2,1
69825516c835c41957dff055,69825516c835c41957dff0d3,1
69825516c835c41957dff055,69825516c835c41957dff08f,1
69825516c835c41957dff055,69825516c835c41957dff06f,1
69825516c835c41957dff055,69825516c835c41957dff0d9,1
69825516c835c41957dff055,69825516c835c41957dff0d1,1
69825516c835c41957dfa3bc,69825516c835c41957dfedaf,1
69825516c835c41957dfa3bc,69825516c835c41957dfb23d,2
69825516c835c41957dfa3bc,69825516c835c41957dfeff3,1
69825517c835c41957e01630,69825517c835c41957e015e2,2
69825517c835c41957e01630,69825517c835c41957e01678,1
69825517c835c41957e01630,69825517c835c41957e01600,2
69825517c835c41957e01630,69825517c835c41957e015db,2
69825517c835c41957e01630,69825517c835c41957e0165c,2
69825517c835c41957e01630,69825517c835c41957e0163c,2
69825517c835c41957e01630,69825517c835c41957e0158a,2
69825517c835c41957e007be,69825516c835c41957dfbda6,1
69825517c835c41957e007be,69825517c835c41957e007bf,1
69825517c835c41957e007be,69825516c835c41957dfc575,1
69825517c835c41957e007be,69825516c835c41957dfc5ac,1
69825517c835c41957e007be,69825516c835c41957dfa78c,1
69825517c835c41957e007be,69825516c835c41957dfbd71,2
69825517c835c41957e007be,69825516c835c41957dfbd7d,2
69825517c835c41957e007be,69825516c835c41957dfba0c,2
69825517c835c41957e007be,69825517c835c41957e001f4,1
69825517c835c41957e01809,69825516c835c41957dfc357,1
69825517c835c41957e01809,69825517c835c41957dffdfb,1
69825517c835c41957e01809,69825517c835c41957e01a28,1
69825517c835c41957dffd36,69825517c835c41957dffd58,2
69825517c835c41957dffd36,69825517c835c41957dffd3b,2
69825517c835c41957dffd36,69825517c835c41957dffd60,2
69825517c835c41957dffd36,69825517c835c41957dffd4f,2
69825517c835c41957dffd36,69825517c835c41957dffd3d,2
69825517c835c41957dffd36,69825517c835c41957e012a7,1
69825517c835c41957dffd36,69825517c835c41957dffd50,2
69825517c835c41957dffd36,69825517c835c41957dffd59,2
69825517c835c41957dffd36,69825517c835c41957dffd5a,2
69825517c835c41957dffd36,69825517c835c41957dffd3e,2
69825517c835c41957dffd36,69825517c835c41957dffd47,2
69825517c835c41957dffd36,69825517c835c41957dffd3c,2
69825517c835c41957dffd36,69825517c835c41957dffd5c,2
69825517c835c41957dffd36,69825517c835c41957dffd62,2
69825517c835c41957dffd36,69825517c835c41957dffd39,2
69825517c835c41957dffd36,69825517c835c41957dffd64,2
69825517c835c41957dffd36,69825517c835c41957dffd3f,2
69825517c835c41957dffd36,69825517c835c41957dffd53,2
69825517c835c41957dffd36,69825517c835c41957dffd45,2
69825517c835c41957dffd3b,69825517c835c41957dffd58,2
69825517c835c41957dffd3b,69825517c835c41957dffd60,2
69825517c835c41957dffd3b,69825517c835c41957dffd4f,2
69825517c835c41957dffd3b,69825517c835c41957dffd3d,2
69825517c835c41957dffd3b,69825517c835c41957e012a7,1
69825517c835c41957dffd3b,69825517c835c41957dffd50,2
69825517c835c41957dffd3b,69825517c835c41957dffd59,2
69825517c835c41957dffd3b,69825517c835c41957dffd5a,2
69825517c835c41957dffd3b,69825517c835c41957dffd3e,2
69825517c835c41957dffd3b,69825517c835c41957dffd47,2
69825517c835c41957dffd3b,69825517c835c41957dffd3c,2
69825517c835c41957dffd3b,69825517c835c41957dffd5c,2
69825517c835c41957dffd3b,69825517c835c41957dffd62,2
69825517c835c41957dffd3b,69825517c835c41957dffd39,2
69825517c835c41957dffd3b,69825517c835c41957dffd64,2
69825517c835c41957dffd3b,69825517c835c41957dffd3f,2
69825517c835c41957dffd3b,69825517c835c41957dffd53,2
69825517c835c41957dffd3b,69825517c835c41957dffd45,2
69825516c835c41957dfa168,69825517c835c41957dffb20,3
69825516c835c41957dfa168,69825516c835c41957dfa813,1
69825516c835c41957dfa168,69825516c835c41957dfa5a4,5
69825516c835c41957dfa168,69825517c835c41957e00a2c,2
69825516c835c41957dfa168,69825517c835c41957e00d4a,3
69825516c835c41957dfa168,69825516c835c41957df9e61,3
69825516c835c41957dfa168,69825517c835c41957dff4bf,1
69825516c835c41957dfa168,69825516c835c41957dfa636,1
69825516c835c41957dfa168,69825516c835c41957dfd19c,2
69825516c835c41957dfa168,69825516c835c41957dfb5b1,1
69825516c835c41957dfa168,69825517c835c41957e00f1e,1
69825516c835c41957dfa168,69825516c835c41957df9f2c,1
69825516c835c41957dfa168,69825517c835c41957e00da9,3
69825516c835c41957dfa168,69825517c835c41957e00524,2
69825516c835c41957dfa168,69825516c835c41957dfa73b,1
69825516c835c41957dfa168,69825517c835c41957dff891,1
69825516c835c41957dfa168,69825516c835c41957df9c99,2
69825516c835c41957dfa168,69825517c835c41957e00ded,1
69825516c835c41957dfa168,69825516c835c41957dfa160,1
69825516c835c41957dfa168,69825516c835c41957dfb94b,1
69825516c835c41957dfa168,69825516c835c41957dfb9af,5
69825516c835c41957dfa168,69825516c835c41957dfa8a4,1
69825516c835c41957dfa168,69825517c835c41957dffb7c,1
69825516c835c41957dfa168,69825516c835c41957dfb7e1,2
69825516c835c41957dfa168,69825516c835c41957dfeefa,1
69825516c835c41957dfa168,69825517c835c41957e00bf9,1
69825516c835c41957dfa168,69825517c835c41957e0189b,1
69825516c835c41957dfa679,69825516c835c41957dfa3d9,1
69825516c835c41957dfb3a6,69825516c835c41957dfaaf2,2
69825516c835c41957dfb3a6,69825516c835c41957dfedac,1
69825516c835c41957dfa82c,69825516c835c41957dfdd91,1
69825516c835c41957dfa82c,69825516c835c41957dfbfed,2
69825516c835c41957dfa82c,69825517c835c41957dffc5c,1
69825516c835c41957dfa82c,69825516c835c41957dfee01,1
69825516c835c41957dfa160,69825516c835c41957dfe20d,1
69825516c835c41957dfa160,69825516c835c41957dfa5a4,2
69825516c835c41957dfa160,69825517c835c41957e00a2c,14
69825516c835c41957dfa160,69825517c835c41957e00d4a,1
69825516c835c41957dfa160,69825516c835c41957dfd8b5,1
69825516c835c41957dfa160,69825516c835c41957dfa636,3
69825516c835c41957dfa160,69825516c835c41957dfb915,1
69825516c835c41957dfa160,69825516c835c41957dfc107,1
69825516c835c41957dfa160,69825516c835c41957dfd19c,1
69825516c835c41957dfa160,69825516c835c41957dfb5b1,2
69825516c835c41957dfa160,69825516c835c41957dfe2af,1
69825516c835c41957dfa160,69825516c835c41957dfd3f8,2
69825516c835c41957dfa160,69825516c835c41957dfefc1,1
69825516c835c41957dfa160,69825516c835c41957dfe795,6
69825516c835c41957dfa160,69825517c835c41957e01001,1
69825516c835c41957dfa160,69825516c835c41957dfe793,1
69825516c835c41957dfa160,69825516c835c41957dff00a,1
69825516c835c41957dfa160,69825516c835c41957dfabe1,1
69825516c835c41957dfa160,69825516c835c41957dfefed,1
69825516c835c41957dfa160,69825516c835c41957dfb940,2
69825516c835c41957dfa160,69825516c835c41957dff009,1
69825516c835c41957dfa160,69825516c835c41957dfa593,1
69825516c835c41957dfa160,69825516c835c41957df9c99,9
69825516c835c41957dfa160,69825516c835c41957df9e8b,1
69825516c835c41957dfa160,69825517c835c41957e00ded,1
69825516c835c41957dfa160,69825516c835c41957dfee4b,1
69825516c835c41957dfa160,69825516c835c41957dfd8e7,2
69825516c835c41957dfa160,69825517c835c41957e00654,1
69825516c835c41957dfa160,69825517c835c41957dff799,1
69825516c835c41957dfa160,69825516c835c41957dfef50,1
69825516c835c41957dfa160,69825517c835c41957e01139,4
69825516c835c41957dfa160,69825516c835c41957dfb9af,2
69825516c835c41957dfa160,69825516c835c41957dfa8a4,2
69825516c835c41957dfa160,69825516c835c41957df9e60,1
69825516c835c41957dfa160,69825516c835c41957dfd3ed,1
69825516c835c41957dfa160,69825516c835c41957dfd086,3
69825516c835c41957dfa160,69825516c835c41957dfed83,4
69825516c835c41957dfa160,69825517c835c41957e00bfc,1
69825516c835c41957dfa160,69825516c835c41957dfa122,1
69825516c835c41957dfa160,69825516c835c41957dfab5b,1
69825516c835c41957dfa160,69825516c835c41957dfd2d5,1
69825516c835c41957dfa160,69825516c835c41957dfa1c2,1
69825516c835c41957dfbe9c,69825517c835c41957e009fc,1
69825516c835c41957dfbe9c,69825516c835c41957dfc2e0,1
69825517c835c41957dffa72,69825517c835c41957e00930,1
69825516c835c41957dfc349,69825516c835c41957dfc34e,1
69825516c835c41957dfd2eb,69825516c835c41957dfc1e4,1
69825516c835c41957dfd2eb,69825517c835c41957e01142,1
69825516c835c41957dfc6f6,69825516c835c41957dfb287,1
69825516c835c41957dfc6f6,69825516c835c41957dfd943,1
69825516c835c41957dfe200,69825516c835c41957dff009,1
69825516c835c41957dfe200,69825516c835c41957dfe1ed,3
69825516c835c41957dfe200,69825516c835c41957dfefc1,1
69825516c835c41957dfe200,69825516c835c41957dfe220,1
69825516c835c41957dfe200,69825516c835c41957dff00a,1
69825516c835c41957dfc836,69825516c835c41957dfb5bf,1
69825516c835c41957dfc836,69825517c835c41957e003a7,1
69825516c835c41957dfc836,69825516c835c41957dfd243,2
69825516c835c41957dfc836,69825516c835c41957dfc843,1
69825516c835c41957dfc836,69825516c835c41957dfc810,1
69825516c835c41957dfc836,69825516c835c41957dfc802,1
69825516c835c41957dfcefc,69825516c835c41957dfe492,1
69825517c835c41957e0169a,69825517c835c41957e016aa,1
69825517c835c41957e0169a,69825517c835c41957e015c0,1
69825517c835c41957e0169a,69825517c835c41957e016d5,1
69825517c835c41957e0169a,69825517c835c41957e015da,1
69825517c835c41957e0169a,69825517c835c41957e01600,1
69825517c835c41957e0169a,69825516c835c41957dfa7f4,1
69825517c835c41957e0169a,69825517c835c41957e01690,1
69825517c835c41957e0169a,69825517c835c41957e01622,1
69825516c835c41957dfe685,69825516c835c41957dff151,2
69825516c835c41957dfe685,69825516c835c41957dfd961,1
69825517c835c41957e00bfc,69825516c835c41957dfd157,1
69825517c835c41957e00bfc,69825516c835c41957dfa0ad,4
69825517c835c41957e00bfc,69825517c835c41957e00a2c,1
69825517c835c41957e00bfc,69825517c835c41957e010db,5
69825517c835c41957e00bfc,69825517c835c41957e00d4a,4
69825517c835c41957e00bfc,69825516c835c41957dfa904,1
69825517c835c41957e00bfc,69825516c835c41957dfc990,1
69825517c835c41957e00bfc,69825516c835c41957dfbdfe,1
69825517c835c41957e00bfc,69825516c835c41957dfc107,1
69825517c835c41957e00bfc,69825516c835c41957dfb2c3,1
69825517c835c41957e00bfc,69825516c835c41957dfb917,3
69825517c835c41957e00bfc,69825516c835c41957dfb5b1,2
69825517c835c41957e00bfc,69825517c835c41957e00ecc,1
69825517c835c41957e00bfc,69825516c835c41957dfe795,1
69825517c835c41957e00bfc,69825516c835c41957dfe66d,1
69825517c835c41957e00bfc,69825517c835c41957dffbd6,1
69825517c835c41957e00bfc,69825516c835c41957dfaa86,1
69825517c835c41957e00bfc,69825516c835c41957dfd24f,1
69825517c835c41957e00bfc,69825516c835c41957dfda86,2
69825517c835c41957e00bfc,69825516c835c41957dfb96a,1
69825517c835c41957e00bfc,69825516c835c41957dfa333,2
69825517c835c41957e00bfc,69825517c835c41957e01a9e,5
69825517c835c41957e00bfc,69825516c835c41957dfdc39,1
69825517c835c41957e00bfc,69825517c835c41957e00654,4
69825517c835c41957e00bfc,69825517c835c41957e00d55,3
69825517c835c41957e00bfc,69825517c835c41957dff799,3
69825517c835c41957e00bfc,69825516c835c41957dfef50,6
69825517c835c41957e00bfc,69825517c835c41957e01139,1
69825517c835c41957e00bfc,69825517c835c41957e00d08,1
69825517c835c41957e00bfc,69825516c835c41957dfb137,1
69825517c835c41957e00bfc,69825516c835c41957dfb7aa,1
69825517c835c41957e00bfc,69825516c835c41957dfd051,1
69825517c835c41957e00bfc,69825516c835c41957dff286,1
69825517c835c41957e00bfc,69825516c835c41957dfe7c0,1
69825517c835c41957e00bfc,69825517c835c41957e00f6c,1
69825517c835c41957e00bfc,69825516c835c41957dfba14,1
69825517c835c41957e00bfc,69825516c835c41957dfeefa,2
69825517c835c41957e00bfc,69825516c835c41957df9e4a,5
69825516c835c41957dfc30c,69825516c835c41957dfc356,1
69825516c835c41957dfc30c,69825516c835c41957dfc334,1
69825516c835c41957dfc30c,69825516c835c41957dfc354,1
69825516c835c41957dfc30c,69825516c835c41957dfc352,1
69825516c835c41957dfe40c,69825516c835c41957dfe3f8,1
69825516c835c41957dfe40c,69825516c835c41957dfe3da,1
69825516c835c41957dfe40c,69825516c835c41957dfe406,1
69825516c835c41957dfe40c,69825516c835c41957dfe3f3,1
69825516c835c41957dfe40c,69825516c835c41957dfe3d7,1
69825516c835c41957dfe40c,69825516c835c41957dfe3d6,1
69825516c835c41957dfe40c,69825516c835c41957dfe417,1
69825516c835c41957dfe40c,69825516c835c41957dfe420,1
69825516c835c41957dfe40c,69825516c835c41957dfe3ef,1
69825516c835c41957dfe40c,69825516c835c41957dfe3d4,1
69825517c835c41957e011f8,69825517c835c41957dffae9,1
69825517c835c41957e011f8,69825516c835c41957dfe3f4,1
69825517c835c41957e00c2f,69825516c835c41957dfb954,1
69825516c835c41957dfcd42,69825516c835c41957df9f2c,1
69825516c835c41957dfa065,69825516c835c41957dfbdcc,1
69825516c835c41957dfa065,69825516c835c41957dfba0c,1
69825516c835c41957dfda9b,69825517c835c41957dff96f,2
69825516c835c41957dfda9b,69825516c835c41957dfd23e,2
69825516c835c41957dfda9b,69825516c835c41957dfe0e4,2
69825516c835c41957dfda9b,69825516c835c41957dfd21b,2
69825516c835c41957dfda9b,69825516c835c41957dfd228,2
69825516c835c41957dfda9b,69825516c835c41957dfc829,1
69825516c835c41957dfda9b,69825516c835c41957dfd238,2
69825516c835c41957dfda9b,69825516c835c41957dfe0e7,2
69825516c835c41957dfda9b,69825516c835c41957dfd229,2
69825517c835c41957e00a2c,69825516c835c41957dfa38e,1
69825517c835c41957e00a2c,69825516c835c41957dfe20d,1
69825517c835c41957e00a2c,69825516c835c41957dfa5a4,8
69825517c835c41957e00a2c,69825517c835c41957e00d4a,2
69825517c835c41957e00a2c,69825517c835c41957e00bf1,1
69825517c835c41957e00a2c,69825516c835c41957dfd8b5,1
69825517c835c41957e00a2c,69825516c835c41957df9e61,1
69825517c835c41957e00a2c,69825516c835c41957dfba05,1
69825517c835c41957e00a2c,69825516c835c41957dfa636,2
69825517c835c41957e00a2c,69825516c835c41957dfc107,2
69825517c835c41957e00a2c,69825516c835c41957dfb5b1,1
69825517c835c41957e00a2c,69825516c835c41957dfe2af,1
69825517c835c41957e00a2c,69825516c835c41957dfefc1,1
69825517c835c41957e00a2c,69825516c835c41957dfd3f8,1
69825517c835c41957e00a2c,69825516c835c41957dfce4e,1
69825517c835c41957e00a2c,69825516c835c41957dfe795,6
69825517c835c41957e00a2c,69825517c835c41957e00da9,1
69825517c835c41957e00a2c,69825517c835c41957e01001,1
69825517c835c41957e00a2c,69825516c835c41957dff00a,1
69825517c835c41957e00a2c,69825516c835c41957dfabe1,1
69825517c835c41957e00a2c,69825516c835c41957dfefed,1
69825517c835c41957e00a2c,69825516c835c41957dff009,1
69825517c835c41957e00a2c,69825516c835c41957dfb940,1
69825517c835c41957e00a2c,69825516c835c41957df9c99,9
69825517c835c41957e00a2c,69825516c835c41957df9e8b,1
69825517c835c41957e00a2c,69825517c835c41957e00ded,1
69825517c835c41957e00a2c,69825516c835c41957dfa738,3
69825517c835c41957e00a2c,69825516c835c41957dfb968,1
69825517c835c41957e00a2c,69825516c835c41957dfd8e7,3
69825517c835c41957e00a2c,69825517c835c41957e00654,1
69825517c835c41957e00a2c,69825517c835c41957dff799,1
69825517c835c41957e00a2c,69825516c835c41957dfef50,1
69825517c835c41957e00a2c,69825516c835c41957dfb9af,8
69825517c835c41957e00a2c,69825517c835c41957e01139,4
69825517c835c41957e00a2c,69825516c835c41957dfa8a4,4
69825517c835c41957e00a2c,69825516c835c41957dfd3ed,1
69825517c835c41957e00a2c,69825516c835c41957dfd086,3
69825517c835c41957e00a2c,69825516c835c41957dfed83,4
69825517c835c41957e00a2c,69825516c835c41957dfab5b,1
69825517c835c41957e00a2c,69825516c835c41957dfd04e,1
69825517c835c41957e00cfc,69825517c835c41957e00cff,1
69825516c835c41957dfdd60,69825516c835c41957dfdd86,1
69825516c835c41957dfdd60,69825516c835c41957dfee8d,1
69825516c835c41957dfdd60,69825516c835c41957dfa5a4,1
69825516c835c41957dfdd60,69825516c835c41957dfdd8c,1
69825516c835c41957dfdd60,69825517c835c41957dff91a,1
69825516c835c41957dfdd60,69825516c835c41957dfb9af,1
69825516c835c41957dfdd60,69825517c835c41957dff86a,2
69825516c835c41957dfdd60,69825516c835c41957dfdd1f,1
69825516c835c41957dfdd60,69825516c835c41957dfb552,1
69825516c835c41957dfdd60,69825516c835c41957dfb62b,1
69825516c835c41957dfdd60,69825516c835c41957dfa821,1
69825516c835c41957dfdd60,69825517c835c41957dff863,1
69825516c835c41957dfdd60,69825516c835c41957dfdd52,1
69825516c835c41957dfc736,69825517c835c41957e0180c,4
69825516c835c41957dfc736,69825516c835c41957dfd32d,1
69825516c835c41957dfc736,69825516c835c41957dfdbd8,1
69825516c835c41957dfc736,69825516c835c41957dfc63c,2
69825516c835c41957dfc736,69825516c835c41957dfda71,1
69825516c835c41957dfe583,69825516c835c41957dfad31,2
69825517c835c41957dffd3e,69825517c835c41957dffd58,2
69825517c835c41957dffd3e,69825517c835c41957dffd60,2
69825517c835c41957dffd3e,69825517c835c41957dffd4f,2
69825517c835c41957dffd3e,69825517c835c41957dffd3d,2
69825517c835c41957dffd3e,69825517c835c41957e012a7,1
69825517c835c41957dffd3e,69825517c835c41957dffd50,2
69825517c835c41957dffd3e,69825517c835c41957dffd59,2
69825517c835c41957dffd3e,69825517c835c41957dffd5a,2
69825517c835c41957dffd3e,69825517c835c41957dffd47,2
69825517c835c41957dffd3e,69825517c835c41957dffd3c,2
69825517c835c41957dffd3e,69825517c835c41957dffd5c,2
69825517c835c41957dffd3e,69825517c835c41957dffd62,2
69825517c835c41957dffd3e,69825517c835c41957dffd39,2
69825517c835c41957dffd3e,69825517c835c41957dffd64,2
69825517c835c41957dffd3e,69825517c835c41957dffd3f,2
69825517c835c41957dffd3e,69825517c835c41957dffd53,2
69825517c835c41957dffd3e,69825517c835c41957dffd45,2
69825517c835c41957e0065e,69825516c835c41957dfe848,1
69825517c835c41957e0065e,69825517c835c41957e00a30,1
69825517c835c41957e0065e,69825516c835c41957dfef52,2
69825517c835c41957e0065e,69825516c835c41957dfb8ef,1
69825517c835c41957e0065e,69825517c835c41957e0047e,1
69825516c835c41957df9e9d,69825517c835c41957e00684,5
69825516c835c41957df9e9d,69825516c835c41957dfbd65,1
69825516c835c41957df9e9d,69825516c835c41957dfbac0,1
69825516c835c41957df9e9d,69825517c835c41957dff892,4
69825516c835c41957df9e9d,69825517c835c41957e00396,1
69825516c835c41957df9e9d,69825516c835c41957dfa826,1
69825516c835c41957df9e9d,69825517c835c41957e009f9,5
69825516c835c41957dfb552,69825516c835c41957dfdd86,1
69825516c835c41957dfb552,69825516c835c41957dfee8d,1
69825516c835c41957dfb552,69825516c835c41957dfa5a4,1
69825516c835c41957dfb552,69825516c835c41957dfdcfe,1
69825516c835c41957dfb552,69825516c835c41957dfdd8c,1
69825516c835c41957dfb552,69825517c835c41957dff91a,1
69825516c835c41957dfb552,69825516c835c41957dfb9af,1
69825516c835c41957dfb552,69825517c835c41957dff86a,1
69825516c835c41957dfb552,69825516c835c41957dfdd1f,1
69825516c835c41957dfb552,69825516c835c41957dfb62b,1
69825516c835c41957dfb552,69825516c835c41957dfa821,1
69825516c835c41957dfb552,69825517c835c41957dff863,1
69825516c835c41957dfb552,69825516c835c41957dfdd52,1
69825516c835c41957dfbc30,69825516c835c41957dfe5e5,1
69825516c835c41957dfbc30,69825516c835c41957dfa749,1
69825516c835c41957dfa854,69825516c835c41957dfa553,1
69825516c835c41957dfa854,69825516c835c41957dfa380,1
69825516c835c41957dfa854,69825516c835c41957dfa2f4,1
69825516c835c41957dfa854,69825516c835c41957dfa56f,1
69825516c835c41957df9dda,69825517c835c41957e00437,1
69825516c835c41957dfc4d4,69825516c835c41957dfa4c0,1
69825517c835c41957e01819,69825517c835c41957e00dc0,3
69825517c835c41957e01819,69825517c835c41957dff40f,1
69825517c835c41957e01819,69825517c835c41957dff402,1
69825517c835c41957e01819,69825517c835c41957dff6c9,2
69825517c835c41957e01819,69825516c835c41957dfd2dc,1
69825517c835c41957e01819,69825516c835c41957dfa7ad,2
69825517c835c41957e01819,69825516c835c41957dfe848,1
69825517c835c41957e01819,69825517c835c41957e01922,1
69825517c835c41957e01819,69825517c835c41957e00f9f,1
69825517c835c41957e01819,69825516c835c41957dfe7ff,1
69825517c835c41957e01819,69825517c835c41957e00eba,2
69825517c835c41957e01819,69825516c835c41957dfbf53,1
69825517c835c41957e01819,69825517c835c41957dffca5,1
69825516c835c41957dff1dc,69825516c835c41957dfd174,1
69825516c835c41957df9e6e,69825517c835c41957e00da7,1
69825516c835c41957df9e6e,69825516c835c41957dfdbc0,1
69825516c835c41957dfaaac,69825516c835c41957dfbfda,1
69825516c835c41957dfaaac,69825516c835c41957dfba91,1
69825516c835c41957dfaaac,69825516c835c41957dfac01,2
69825516c835c41957dfaaac,69825516c835c41957dfc357,2
69825517c835c41957dffe67,69825516c835c41957dfd6e0,1
69825516c835c41957dfe221,69825516c835c41957dfe60c,1
69825516c835c41957dfd1a2,69825517c835c41957e00b06,1
69825516c835c41957dfd1a2,69825516c835c41957dfd1a1,1
69825516c835c41957dfda86,69825517c835c41957e010db,3
69825516c835c41957dfda86,69825516c835c41957dfbdfe,1
69825516c835c41957dfda86,69825517c835c41957e00d55,1
69825516c835c41957dfda86,69825516c835c41957dfef50,3
69825516c835c41957dfa851,69825516c835c41957dfa06c,2
69825516c835c41957dfc714,69825516c835c41957dfda45,1
69825516c835c41957dfc714,69825517c835c41957dffd3d,1
69825517c835c41957e00332,69825516c835c41957dfa76e,3
69825517c835c41957e00332,69825516c835c41957dfe7d1,1
69825517c835c41957e00332,69825516c835c41957dfedf8,1
69825517c835c41957e010c8,69825516c835c41957dfd401,2
69825517c835c41957e010c8,69825516c835c41957dfba04,1
69825517c835c41957e010c8,69825516c835c41957dfbae2,1
69825517c835c41957e010c8,69825516c835c41957dfe034,1
69825517c835c41957e010c8,69825516c835c41957dfe01a,1
69825517c835c41957e010c8,69825516c835c41957dfd30a,1
69825517c835c41957e010c8,69825516c835c41957dfcce8,1
69825517c835c41957e010c8,69825516c835c41957dfd0c9,1
69825517c835c41957e010c8,69825517c835c41957e0061b,1
69825517c835c41957e010c8,69825516c835c41957dfca1e,1
69825517c835c41957e010c8,69825516c835c41957dfaaa8,1
69825517c835c41957e010c8,69825517c835c41957e00c9e,1
69825517c835c41957e010c8,69825516c835c41957dfd0ca,1
69825517c835c41957e010c8,69825516c835c41957dfab42,1
69825517c835c41957e010c8,69825516c835c41957dfb813,1
69825517c835c41957e010c8,69825516c835c41957dfd2f0,1
69825517c835c41957e010c8,69825516c835c41957dfda41,1
69825516c835c41957dfdd0f,69825517c835c41957dff96c,1
69825516c835c41957dfdc39,69825516c835c41957dfc4a5,1
69825516c835c41957dfdc39,69825516c835c41957dfa584,1
69825516c835c41957dfdc39,69825516c835c41957dfbde1,1
69825516c835c41957dfdc39,69825516c835c41957dfa904,1
69825516c835c41957dfdc39,69825516c835c41957dff286,1
69825516c835c41957dfdc39,69825516c835c41957dfc990,1
69825516c835c41957dfdc39,69825516c835c41957dfeefa,1
69825516c835c41957dfdc39,69825517c835c41957e00bf9,1
69825516c835c41957dfdc39,69825516c835c41957dfef50,1
69825516c835c41957dfb20d,69825516c835c41957dfb3c6,2
69825516c835c41957dfb20d,69825516c835c41957dfb3c3,1
69825516c835c41957dfb20d,69825516c835c41957dfb344,1
69825516c835c41957dfb20d,69825516c835c41957dfb1d4,2
69825516c835c41957dfb20d,69825516c835c41957dfb32c,2
69825516c835c41957dfb20d,69825516c835c41957dfb193,1
69825516c835c41957dfb20d,69825516c835c41957dfb2c5,1
69825516c835c41957dfb20d,69825516c835c41957dfb258,1
69825516c835c41957dfb20d,69825516c835c41957dfb237,1
69825516c835c41957dfb20d,69825516c835c41957dfb319,1
69825516c835c41957dfb20d,69825516c835c41957dfb30e,1
69825517c835c41957dffbdb,69825516c835c41957dfc4fb,1
69825516c835c41957dfa3b3,69825517c835c41957e00c94,1
69825516c835c41957dfa3b3,69825517c835c41957e00a1c,1
69825516c835c41957dfa3b3,69825516c835c41957dfcdaf,1
69825517c835c41957dffd47,69825517c835c41957dffd58,2
69825517c835c41957dffd47,69825517c835c41957dffd60,2
69825517c835c41957dffd47,69825517c835c41957dffd4f,2
69825517c835c41957dffd47,69825517c835c41957dffd3d,2
69825517c835c41957dffd47,69825517c835c41957e012a7,1
69825517c835c41957dffd47,69825517c835c41957dffd50,2
69825517c835c41957dffd47,69825517c835c41957dffd59,2
69825517c835c41957dffd47,69825517c835c41957dffd5a,2
69825517c835c41957dffd47,69825517c835c41957dffd3c,2
69825517c835c41957dffd47,69825517c835c41957dffd5c,2
69825517c835c41957dffd47,69825517c835c41957dffd62,2
69825517c835c41957dffd47,69825517c835c41957dffd39,2
69825517c835c41957dffd47,69825517c835c41957dffd64,2
69825517c835c41957dffd47,69825517c835c41957dffd3f,2
69825517c835c41957dffd47,69825517c835c41957dffd53,2
69825517c835c41957dffd47,69825517c835c41957dff898,1
69825517c835c41957dffd47,69825517c835c41957dffd45,2
69825517c835c41957e01064,69825516c835c41957dfa122,1
69825517c835c41957e00f16,69825517c835c41957e011e4,2
69825516c835c41957dfa4d0,69825516c835c41957dfb7ac,1
69825516c835c41957dfa740,69825516c835c41957dfd7c9,1
69825516c835c41957dfa740,69825516c835c41957dfac3e,1
69825517c835c41957e017f5,69825516c835c41957dfbca7,1
69825517c835c41957e017f5,69825516c835c41957dfd046,1
69825517c835c41957e017f5,69825516c835c41957dfd9f1,1
69825517c835c41957e017f5,69825517c835c41957dff6fc,1
69825517c835c41957e017f5,69825517c835c41957e01286,2
69825517c835c41957e017f5,69825516c835c41957dfb790,1
69825517c835c41957e017f5,69825517c835c41957e00f6b,1
69825517c835c41957e017f5,69825517c835c41957e00d08,1
69825517c835c41957e017f5,69825516c835c41957df9e60,1
69825517c835c41957e017f5,69825517c835c41957e00c9a,1
69825517c835c41957e017f5,69825516c835c41957dfd3f6,1
69825517c835c41957e017f5,69825516c835c41957dfd197,1
69825517c835c41957e017f5,69825517c835c41957e00f6c,1
69825517c835c41957e017f5,69825517c835c41957dffbd6,1
69825516c835c41957dff357,69825516c835c41957dfda2b,1
69825516c835c41957dff357,69825517c835c41957e0119f,8
69825516c835c41957dff357,69825516c835c41957dfa3a9,1
69825516c835c41957dff357,69825517c835c41957dffca7,8
69825516c835c41957dff357,69825516c835c41957dfca71,1
69825516c835c41957dff357,69825516c835c41957dfca72,1
69825516c835c41957dff357,69825516c835c41957dfa122,1
69825516c835c41957dff357,69825516c835c41957dfca6f,1
69825516c835c41957dff357,69825516c835c41957dfda3e,1
69825516c835c41957dfb727,69825516c835c41957dfd8b5,1
69825516c835c41957dfb727,69825516c835c41957dfb72b,38
69825516c835c41957dfb727,69825516c835c41957dfd086,1
69825516c835c41957dfcbd3,69825516c835c41957dfe719,4
69825516c835c41957dfcbd3,69825516c835c41957dfee1b,4
69825516c835c41957dfcbd3,69825517c835c41957e004bc,2
69825516c835c41957dfcbd3,69825516c835c41957dfa487,4
69825516c835c41957dfcbd3,69825517c835c41957e01aa2,1
69825516c835c41957dfa765,69825516c835c41957dfa7ba,1
69825516c835c41957dfa765,69825516c835c41957dff222,5
69825516c835c41957dfd75f,69825517c835c41957e00c25,1
69825516c835c41957dfd75f,69825516c835c41957dfd75a,2
69825517c835c41957dffbe9,69825517c835c41957dffbfa,1
69825517c835c41957dffbe9,69825516c835c41957dff146,2
69825516c835c41957dfac61,69825516c835c41957dfdcd8,1
69825516c835c41957dfac61,69825516c835c41957dfb088,1
69825516c835c41957dfac61,69825516c835c41957dfb4d7,2
69825516c835c41957dfac61,69825516c835c41957dfb3f3,1
69825516c835c41957dfe66b,69825516c835c41957dfe668,3
69825516c835c41957dfe66b,69825517c835c41957e0174b,1
69825516c835c41957dfe66b,69825516c835c41957dfe66a,3
69825516c835c41957dfe66b,69825516c835c41957dfb8e5,1
69825516c835c41957dfe66b,69825517c835c41957e01959,1
69825516c835c41957dfd401,69825516c835c41957dfa860,1
69825516c835c41957dfd401,69825516c835c41957dfaaa8,1
69825516c835c41957dfd401,69825517c835c41957e010f7,1
69825516c835c41957dfe31d,69825517c835c41957e0170d,1
69825516c835c41957dfb628,69825516c835c41957dfc55b,1
69825517c835c41957dff8d4,69825517c835c41957dff8d5,2
69825517c835c41957dff8d4,69825517c835c41957dff8d6,2
69825517c835c41957e004cd,69825516c835c41957dfb10c,3
69825517c835c41957e004cd,69825517c835c41957e00ca3,2
69825517c835c41957e004cd,69825516c835c41957dfa866,1
69825517c835c41957e01aa2,69825517c835c41957dffc04,9
69825517c835c41957e01aa2,69825517c835c41957e004bc,12
69825517c835c41957e01aa2,69825516c835c41957dfe0e1,8
69825517c835c41957e00c9c,69825516c835c41957dfd3f6,1
69825517c835c41957e00c9c,69825517c835c41957e01286,1
69825517c835c41957e0150c,69825516c835c41957dfc339,1
69825516c835c41957dfe544,69825516c835c41957dfd045,2
69825516c835c41957dfe544,69825517c835c41957e018ba,1
69825517c835c41957dff6e4,69825517c835c41957dff734,2
69825516c835c41957dfa059,69825516c835c41957dfa5a4,1
69825516c835c41957dfa059,69825516c835c41957dfa375,1
69825516c835c41957dfa059,69825516c835c41957dfa8cf,1
69825516c835c41957dfa059,69825517c835c41957e010a7,1
69825516c835c41957dfa059,69825516c835c41957dfa813,1
69825516c835c41957dfa059,69825516c835c41957dfb9af,1
69825517c835c41957dfff4b,69825516c835c41957dfbce3,1
69825517c835c41957e0106b,69825516c835c41957dfe6d3,3
69825517c835c41957e0106b,69825516c835c41957dfe6d4,3
69825517c835c41957e0106b,69825516c835c41957dfe66f,3
69825517c835c41957e0106b,69825516c835c41957dfa81b,1
69825517c835c41957e0106b,69825516c835c41957dfe671,3
69825517c835c41957e0106b,69825516c835c41957dfe78c,3
69825517c835c41957e0106b,69825517c835c41957e0106c,3
69825517c835c41957e0106b,69825516c835c41957dfa4bc,1
69825517c835c41957e0106b,69825516c835c41957dfe429,2
69825517c835c41957e001e1,69825517c835c41957dffa50,3
69825517c835c41957e001e1,69825516c835c41957dfc98b,1
69825517c835c41957e001e1,69825516c835c41957dfeef1,3
69825517c835c41957e001e1,69825516c835c41957dfa2ca,1
69825517c835c41957e001e1,69825517c835c41957dff7aa,1
69825517c835c41957e019a4,69825517c835c41957e010f4,1
69825517c835c41957dffd4a,69825516c835c41957dfe63b,1
69825517c835c41957dffd4a,69825517c835c41957dffd3a,2
69825517c835c41957dffd4a,69825517c835c41957dffd40,2
69825517c835c41957dffd4a,69825517c835c41957dffd55,2
69825517c835c41957dffd4a,69825517c835c41957dffd4c,2
69825517c835c41957dffd4a,69825516c835c41957dfad9e,1
69825517c835c41957dffd4a,69825517c835c41957e0081f,1
69825517c835c41957dffd4a,69825516c835c41957dfb521,1
69825517c835c41957dffd4a,69825517c835c41957dffd5f,2
69825517c835c41957dffd4a,69825517c835c41957dffd48,2
69825517c835c41957dffd4a,69825517c835c41957dffb81,1
69825517c835c41957dffd4a,69825517c835c41957dffd52,2
69825517c835c41957dffd4a,69825517c835c41957dffd57,2
69825517c835c41957dffd4a,69825517c835c41957dffd41,2
69825516c835c41957dfb170,69825517c835c41957e002ab,1
69825516c835c41957dfe4a6,69825516c835c41957dfe4a4,1
69825516c835c41957dfe4a6,69825516c835c41957dfe48b,1
69825516c835c41957dfe4a6,69825516c835c41957dfc5f0,1
69825516c835c41957dfe4a6,69825516c835c41957dfe47e,1
69825516c835c41957dfe4a6,69825516c835c41957dfe485,1
69825516c835c41957dfe4a6,69825516c835c41957dfe49e,1
69825516c835c41957dfe801,69825516c835c41957dfdc61,2
69825516c835c41957dfe801,69825516c835c41957dfa8f6,1
69825516c835c41957dfe801,69825516c835c41957dfa720,1
69825516c835c41957dfe801,69825517c835c41957dff930,3
69825516c835c41957dfe801,69825516c835c41957dfccad,1
69825516c835c41957dfe801,69825517c835c41957e00fc5,2
69825516c835c41957dfe801,69825516c835c41957dff27c,2
69825516c835c41957dfe801,69825517c835c41957e00bf6,3
69825516c835c41957dfe801,69825516c835c41957dfd2fd,1
69825516c835c41957dfe801,69825516c835c41957dfcd80,1
69825516c835c41957dfe801,69825516c835c41957dfa73b,1
69825516c835c41957dfe801,69825516c835c41957dfe793,2
69825516c835c41957dfe801,69825516c835c41957dfb8ef,1
69825516c835c41957dfc037,69825516c835c41957dfc1b1,1
69825516c835c41957dfc037,69825516c835c41957dfa27e,1
69825517c835c41957e00d2b,69825516c835c41957dfa965,1
69825517c835c41957e00d2b,69825516c835c41957dfe79f,1
69825517c835c41957e00d2b,69825517c835c41957e0080a,1
69825517c835c41957e00d2b,69825516c835c41957dfc522,3
69825516c835c41957dfdced,69825516c835c41957dfee8d,1
69825516c835c41957dfdced,69825516c835c41957dfa0d5,1
69825516c835c41957dfdced,69825516c835c41957dfa946,1
69825516c835c41957dfac01,69825516c835c41957dfc357,1
69825516c835c41957dfd04f,69825516c835c41957dfe80b,1
69825516c835c41957dfd04f,69825516c835c41957dfd15a,1
69825516c835c41957dfe01d,69825516c835c41957df9dfe,1
69825516c835c41957dfe01d,69825517c835c41957e01328,1
69825516c835c41957dfbd73,69825516c835c41957dfccb0,1
69825516c835c41957dfbd73,69825516c835c41957dfa4dd,1
69825516c835c41957dfbd73,69825516c835c41957dfe2d0,1
69825516c835c41957dfbd73,69825517c835c41957e00540,1
69825516c835c41957dfbd73,69825516c835c41957dfdbbc,1
69825517c835c41957e00c9a,69825517c835c41957e01027,1
69825517c835c41957e00c9a,69825516c835c41957dfd9f1,1
69825517c835c41957e00c9a,69825516c835c41957dff159,2
69825517c835c41957e00c9a,69825517c835c41957dff86b,2
69825517c835c41957e00c9a,69825517c835c41957e01286,1
69825517c835c41957e00c9a,69825517c835c41957e00d08,1
69825517c835c41957e00c9a,69825517c835c41957e00c9e,1
69825517c835c41957e00c9a,69825517c835c41957e0133f,2
69825517c835c41957e00c9a,69825516c835c41957dfd3f6,3
69825517c835c41957e00c9a,69825516c835c41957dfd00e,2
69825517c835c41957e00c9a,69825516c835c41957dfc90b,1
69825517c835c41957e00c9a,69825516c835c41957dfd2e7,1
69825517c835c41957e00c9a,69825516c835c41957dfd2f3,3
69825517c835c41957e00c9a,69825516c835c41957dfd0c8,1
69825517c835c41957e00c9a,69825517c835c41957dffbd6,1
69825517c835c41957e00c9a,69825516c835c41957dfd30c,1
69825516c835c41957dfa894,69825516c835c41957dfa1c2,1
69825516c835c41957dfa894,69825517c835c41957e00541,1
69825517c835c41957e006c1,69825516c835c41957dfc107,1
69825517c835c41957e006c1,69825517c835c41957e00f7b,2
69825517c835c41957e006c1,69825516c835c41957dfcc8e,1
69825517c835c41957e006c1,69825517c835c41957e00654,1
69825516c835c41957dfca6f,69825516c835c41957dfda2b,1
69825516c835c41957dfca6f,69825517c835c41957e0119f,1
69825516c835c41957dfca6f,69825516c835c41957dfa3a9,1
69825516c835c41957dfca6f,69825517c835c41957dffca7,1
69825516c835c41957dfca6f,69825516c835c41957dfca71,3
69825516c835c41957dfca6f,69825516c835c41957dfca72,3
69825516c835c41957dfca6f,69825516c835c41957dfa122,1
69825516c835c41957dfca6f,69825516c835c41957dfe66d,1
69825516c835c41957dfca6f,69825516c835c41957dfda3e,1
69825516c835c41957dfbbae,69825516c835c41957dfbc0b,1
69825516c835c41957dfbbae,69825516c835c41957dfbbb4,1
69825516c835c41957dfbbae,69825516c835c41957dfbbd0,1
69825516c835c41957dfbbae,69825516c835c41957dfbbe5,1
69825516c835c41957dfbbae,69825516c835c41957dfbbb3,1
69825516c835c41957dfbbae,69825516c835c41957dfbc1a,1
69825516c835c41957dfbbae,69825516c835c41957dfbbce,1
69825516c835c41957dfbbae,69825516c835c41957dfbc18,1
69825516c835c41957dfbbae,69825516c835c41957dfbbec,1
69825516c835c41957dfbbae,69825516c835c41957dfbc02,1
69825517c835c41957e017d0,69825516c835c41957dfe328,2
69825517c835c41957e017d0,69825516c835c41957df9df8,1
69825516c835c41957dfa4df,69825516c835c41957dfa3fe,2
69825516c835c41957dfa4df,69825516c835c41957dfa4e0,1
69825516c835c41957dfa4df,69825516c835c41957dfbe71,2
69825516c835c41957dfc801,69825516c835c41957dfbfd5,1
69825516c835c41957dfc801,69825516c835c41957dfc62e,1
69825516c835c41957dfb3a3,69825516c835c41957dfa95f,1
69825516c835c41957dfe3dd,69825516c835c41957dfe3f4,2
69825517c835c41957e009b6,69825516c835c41957dfaddf,4
69825517c835c41957e009b6,69825516c835c41957dfa8f6,1
69825517c835c41957e009b6,69825516c835c41957dfb96a,3
69825517c835c41957e009b6,69825516c835c41957df9d57,1
69825517c835c41957e009b6,69825516c835c41957dfaa6b,1
69825517c835c41957e009b6,69825516c835c41957dfa904,1
69825517c835c41957e009b6,69825517c835c41957e00ded,3
69825517c835c41957e009b6,69825516c835c41957dfa4d6,1
69825517c835c41957e009b6,69825516c835c41957dfb968,6
69825517c835c41957e009b6,69825516c835c41957dfadc8,5
69825517c835c41957e009b6,69825517c835c41957dffb7c,1
69825517c835c41957e009b6,69825516c835c41957dfaa86,9
69825517c835c41957e009b6,69825516c835c41957dfa0a0,1
69825516c835c41957dfcaa3,69825517c835c41957e012a3,1
69825516c835c41957dfcaa3,69825517c835c41957e01740,1
69825516c835c41957dfcaa3,69825517c835c41957e01744,1
69825516c835c41957dfcaa3,69825516c835c41957dfa5e0,1
69825516c835c41957dfaa5d,69825516c835c41957dfe1b3,1
69825516c835c41957dfaa5d,69825516c835c41957dfe21a,1
69825516c835c41957dff207,69825516c835c41957dfd213,1
69825516c835c41957dfaa39,69825516c835c41957dfbde1,1
69825516c835c41957dfaa39,69825516c835c41957dfe788,1
69825516c835c41957dfaa39,69825517c835c41957e00fc5,1
69825516c835c41957dfaa39,69825516c835c41957dfccad,1
69825516c835c41957dfaa39,69825517c835c41957e0088e,1
69825516c835c41957dfaa39,69825517c835c41957e00bf9,1
69825516c835c41957dfaa39,69825516c835c41957dfe7dc,1
69825516c835c41957dfb72e,69825516c835c41957dfb74c,3
69825516c835c41957df9f2c,69825516c835c41957dfa96e,1
69825516c835c41957df9f2c,69825516c835c41957dfd889,1
69825516c835c41957df9f2c,69825517c835c41957e00ded,1
69825516c835c41957df9f2c,69825516c835c41957dfef54,1
69825516c835c41957df9f2c,69825517c835c41957e0088e,1
69825516c835c41957df9f2c,69825516c835c41957dfe123,1
69825516c835c41957df9f2c,69825516c835c41957dfa352,1
69825516c835c41957df9f2c,69825516c835c41957dfd70f,1
69825516c835c41957df9f2c,69825516c835c41957dfc107,1
69825516c835c41957df9f2c,69825517c835c41957e00654,1
69825516c835c41957df9f2c,69825516c835c41957dfdfa6,1
69825516c835c41957df9f2c,69825517c835c41957dff799,1
69825516c835c41957df9f2c,69825516c835c41957dfe802,1
69825516c835c41957df9f2c,69825516c835c41957dfdc15,1
69825516c835c41957df9f2c,69825517c835c41957dffb7c,1
69825516c835c41957df9f2c,69825517c835c41957dff88b,1
69825516c835c41957df9f2c,69825517c835c41957e00628,1
69825516c835c41957df9f2c,69825516c835c41957dfbdbd,1
69825516c835c41957df9f2c,69825517c835c41957dffb45,1
69825516c835c41957df9f2c,69825517c835c41957e0042c,1
69825516c835c41957dfe788,69825517c835c41957dffb20,1
69825516c835c41957dfe788,69825516c835c41957dfdb9b,1
69825516c835c41957dfe788,69825516c835c41957dfdbbc,1
69825516c835c41957dfe788,69825516c835c41957dfd070,1
69825516c835c41957dfe788,69825517c835c41957e01384,1
69825516c835c41957dfe788,69825516c835c41957dfccad,2
69825516c835c41957dfe788,69825517c835c41957e0088e,1
69825516c835c41957dfe788,69825517c835c41957e00fc5,1
69825516c835c41957dfe788,69825517c835c41957e01349,1
69825516c835c41957dfe788,69825516c835c41957dfb7b7,1
69825516c835c41957dfe788,69825517c835c41957e00bf9,2
69825516c835c41957dfe788,69825516c835c41957dfe7dc,1
69825516c835c41957dfe220,69825516c835c41957dfe1ed,1
69825516c835c41957dfd233,69825516c835c41957dfd216,2
69825516c835c41957dfbaa5,69825516c835c41957dfba9f,1
69825516c835c41957dfbaa5,69825516c835c41957dfba97,1
69825516c835c41957dfbaa5,69825516c835c41957dfbaa0,1
69825516c835c41957dfbaa5,69825516c835c41957dfbaa1,1
69825516c835c41957dfbaa5,69825516c835c41957dfbaa2,1
69825516c835c41957dfbaa5,69825516c835c41957dfba98,1
69825516c835c41957dfbaa5,69825516c835c41957dfba96,1
69825516c835c41957dfbaa5,69825516c835c41957dfbaa3,1
69825517c835c41957e012b3,69825516c835c41957dfcd49,1
69825517c835c41957e012b3,69825517c835c41957dff40f,1
69825517c835c41957e012b3,69825517c835c41957e00a30,1
69825517c835c41957e012b3,69825516c835c41957dfd2e1,1
69825517c835c41957e012b3,69825516c835c41957dfef59,1
69825517c835c41957e012b3,69825516c835c41957dfeef0,1
69825517c835c41957e012b3,69825517c835c41957dffd38,1
69825517c835c41957e012b3,69825516c835c41957dfbde8,1
69825517c835c41957e012b3,69825517c835c41957e0098b,1
69825517c835c41957e012b3,69825516c835c41957dfe848,1
69825517c835c41957e012b3,69825517c835c41957dffc2f,1
69825517c835c41957e012b3,69825516c835c41957dfd2cf,1
69825517c835c41957e012b3,69825516c835c41957dfd30e,1
69825517c835c41957e012b3,69825516c835c41957dfa4eb,2
69825517c835c41957e012b3,69825516c835c41957dfbf53,1
69825517c835c41957e012b3,69825517c835c41957dffca5,1
69825516c835c41957dfc808,69825516c835c41957dfc800,2
69825517c835c41957e01216,69825516c835c41957dfd907,1
69825517c835c41957e01216,69825517c835c41957e003a9,1
69825517c835c41957e01216,69825516c835c41957df9e44,1
69825517c835c41957e01216,69825516c835c41957dfb905,1
69825517c835c41957e01216,69825517c835c41957e006dd,1
69825516c835c41957dfa577,69825516c835c41957dfd9a2,2
69825516c835c41957dfa577,69825517c835c41957e00662,1
69825516c835c41957dfa577,69825516c835c41957dff3aa,2
69825516c835c41957dfa577,69825517c835c41957dffaf5,1
69825516c835c41957dfa577,69825517c835c41957dffcc1,2
69825516c835c41957dfa577,69825517c835c41957e00665,1
69825517c835c41957e006a5,69825516c835c41957dfcad0,1
69825517c835c41957e006a5,69825517c835c41957e006a6,2
69825517c835c41957e006a5,69825516c835c41957dfb954,1
69825517c835c41957e006a5,69825517c835c41957e01229,1
69825517c835c41957e006a5,69825516c835c41957dfcace,1
69825517c835c41957e006a5,69825516c835c41957dfcacd,1
69825517c835c41957e006a5,69825516c835c41957dfcacb,1
69825517c835c41957e006a5,69825516c835c41957dfcad1,1
69825517c835c41957e006a5,69825516c835c41957dfcacc,1
69825516c835c41957dfa738,69825516c835c41957dfa38e,1
69825516c835c41957dfa738,69825516c835c41957dfa5a4,3
69825516c835c41957dfa738,69825517c835c41957e00da9,2
69825516c835c41957dfa738,69825516c835c41957df9e61,1
69825516c835c41957dfa738,69825517c835c41957e01a78,1
69825516c835c41957dfa738,69825516c835c41957dfba05,1
69825516c835c41957dfa738,69825516c835c41957dfb968,1
69825516c835c41957dfa738,69825516c835c41957dfc206,1
69825516c835c41957dfa738,69825516c835c41957dfc107,1
69825516c835c41957dfa738,69825516c835c41957dfb9af,3
69825517c835c41957e0154b,69825517c835c41957e01501,9
69825516c835c41957dfe0e8,69825516c835c41957dfc810,1
69825516c835c41957dfe0e8,69825516c835c41957dfda9e,4
69825516c835c41957dfe0e8,69825516c835c41957dfc84a,1
69825516c835c41957dfe0e8,69825517c835c41957e003a7,3
69825516c835c41957dfaa2e,69825516c835c41957dfaa76,1
69825516c835c41957dfaa2e,69825516c835c41957dfaa2f,3
69825516c835c41957dfaa2e,69825516c835c41957dfaa2b,3
69825516c835c41957dfaa2e,69825516c835c41957dfaa2c,3
69825516c835c41957dfaa2e,69825517c835c41957dff930,1
69825516c835c41957dfaa2e,69825516c835c41957dfcdad,1
69825516c835c41957dfaa2e,69825516c835c41957dfaa2d,3
69825516c835c41957dfd404,69825517c835c41957dff96a,1
69825516c835c41957dfd404,69825516c835c41957dfe0e9,2
69825516c835c41957dfd404,69825516c835c41957dfedaa,2
69825516c835c41957dfd404,69825517c835c41957dff962,1
69825516c835c41957dfd404,69825517c835c41957dff964,1
69825516c835c41957dfd404,69825517c835c41957dffc78,1
69825516c835c41957dfd404,69825516c835c41957dfe0e5,2
69825516c835c41957dfd404,69825517c835c41957dff963,1
69825516c835c41957dfd404,69825516c835c41957dfedab,2
69825516c835c41957dfd404,69825516c835c41957dfd405,5
69825516c835c41957dfc0f3,69825516c835c41957dfae10,1
69825516c835c41957dfe4a8,69825516c835c41957dfe21f,1
69825516c835c41957dfe4a8,69825516c835c41957dfe486,1
69825516c835c41957dfd23e,69825517c835c41957dff96f,2
69825516c835c41957dfd23e,69825516c835c41957dfe0e4,2
69825516c835c41957dfd23e,69825516c835c41957dfd21b,2
69825516c835c41957dfd23e,69825516c835c41957dfd228,2
69825516c835c41957dfd23e,69825516c835c41957dfc829,1
69825516c835c41957dfd23e,69825516c835c41957dfd238,2
69825516c835c41957dfd23e,69825516c835c41957dfe0e7,2
69825516c835c41957dfd23e,69825516c835c41957dfd229,2
69825516c835c41957dff1a5,69825517c835c41957dffe29,1
69825517c835c41957e009ca,69825517c835c41957e01aa4,1
69825517c835c41957e009ca,69825516c835c41957dfda6c,1
69825517c835c41957dff6ad,69825517c835c41957e006c2,1
69825517c835c41957dff6ad,69825517c835c41957dff929,1
69825517c835c41957dff6ad,69825516c835c41957dfa5f9,1
69825517c835c41957dff6ad,69825517c835c41957e0067f,1
69825517c835c41957e00c93,69825516c835c41957dfb6a2,1
69825517c835c41957e01560,69825516c835c41957dfe657,2
69825517c835c41957dff452,69825516c835c41957dfe1f2,1
69825516c835c41957dfa749,69825516c835c41957dfe5e5,1
69825516c835c41957dfa749,69825516c835c41957dfd11f,1
69825517c835c41957e00eba,69825517c835c41957e00dc0,1
69825517c835c41957e00eba,69825517c835c41957dff402,4
69825517c835c41957e00eba,69825517c835c41957dff40f,2
69825517c835c41957e00eba,69825516c835c41957dfb793,1
69825517c835c41957e00eba,69825517c835c41957e00a30,1
69825517c835c41957e00eba,69825516c835c41957dfd2dc,1
69825517c835c41957e00eba,69825516c835c41957dfa7ad,2
69825517c835c41957e00eba,69825516c835c41957dfe848,1
69825517c835c41957e00eba,69825516c835c41957dfe7ff,1
69825517c835c41957e00eba,69825516c835c41957dfbf53,2
69825517c835c41957e00eba,69825517c835c41957dffca5,2
69825516c835c41957dfb797,69825517c835c41957e00dca,1
69825516c835c41957dff354,69825516c835c41957dfcf1f,1
69825516c835c41957dff354,69825516c835c41957dfb7a9,2
69825516c835c41957dff354,69825517c835c41957e003fd,1
69825516c835c41957dfcc8b,69825517c835c41957e01820,2
69825516c835c41957dfcc8b,69825517c835c41957e00927,1
69825516c835c41957dfcc8b,69825516c835c41957dfbb50,2
69825516c835c41957dfcc8b,69825516c835c41957dfb6da,1
69825516c835c41957dfcc8b,69825517c835c41957e0173a,1
69825516c835c41957dfcc8b,69825517c835c41957e016fd,1
69825516c835c41957dff05c,69825516c835c41957dff0dc,1
69825516c835c41957dff05c,69825516c835c41957dff0b1,1
69825516c835c41957dff05c,69825516c835c41957dff0ba,1
69825516c835c41957dff05c,69825516c835c41957dff05e,1
69825516c835c41957dff05c,69825516c835c41957dff069,1
69825516c835c41957dff05c,69825516c835c41957dff063,1
69825516c835c41957dff05c,69825516c835c41957dff06c,1
69825516c835c41957dff05c,69825516c835c41957dff070,1
69825516c835c41957dff05c,69825516c835c41957dff090,1
69825516c835c41957dff05c,69825516c835c41957dff0cd,1
69825516c835c41957dff05c,69825516c835c41957dff0d0,1
69825516c835c41957dff05c,69825516c835c41957dff0cf,1
69825516c835c41957dff05c,69825516c835c41957dff0d6,1
69825516c835c41957dff05c,69825516c835c41957dff0b3,1
69825516c835c41957dff05c,69825516c835c41957dff0c8,1
69825516c835c41957dff05c,69825516c835c41957dff05f,1
69825516c835c41957dff05c,69825516c835c41957dff071,1
69825516c835c41957dff05c,69825516c835c41957dff0de,1
69825516c835c41957dff05c,69825516c835c41957dff091,1
69825516c835c41957dff05c,69825516c835c41957dff080,1
69825516c835c41957dff05c,69825516c835c41957dff064,1
69825516c835c41957dff05c,69825516c835c41957dff0b2,1
69825516c835c41957dff05c,69825516c835c41957dff09e,1
69825516c835c41957dff05c,69825516c835c41957dff072,1
69825516c835c41957dff05c,69825516c835c41957dff09d,1
69825516c835c41957dff05c,69825516c835c41957dff0db,1
69825516c835c41957dff05c,69825516c835c41957dff086,1
69825516c835c41957dff05c,69825516c835c41957dff077,1
69825516c835c41957dff05c,69825516c835c41957dff0a2,1
69825516c835c41957dff05c,69825516c835c41957dff0d3,1
69825516c835c41957dff05c,69825516c835c41957dff08f,1
69825516c835c41957dff05c,69825516c835c41957dff06f,1
69825516c835c41957dff05c,69825516c835c41957dff0d9,1
69825516c835c41957dff05c,69825516c835c41957dff0d1,1
69825516c835c41957dfee49,69825516c835c41957dfb96a,1
69825516c835c41957dfee49,69825516c835c41957dfa4b2,1
69825516c835c41957dfee49,69825517c835c41957e00fc7,3
69825517c835c41957e00481,69825516c835c41957dfd00c,2
69825517c835c41957e00481,69825516c835c41957dfb969,2
69825517c835c41957e00481,69825517c835c41957dffb53,1
69825517c835c41957e00481,69825517c835c41957e00204,1
69825517c835c41957dffbf7,69825517c835c41957dffbfe,3
69825517c835c41957dffbf7,69825517c835c41957dffbee,2
69825516c835c41957dfa720,69825516c835c41957dfdc61,2
69825516c835c41957dfa720,69825516c835c41957dfa8f6,1
69825516c835c41957dfa720,69825517c835c41957e0196a,1
69825516c835c41957dfa720,69825517c835c41957dff930,1
69825516c835c41957dfa720,69825516c835c41957dfa3c2,1
69825516c835c41957dfa720,69825516c835c41957dfccad,1
69825516c835c41957dfa720,69825516c835c41957dff27c,1
69825516c835c41957dfa720,69825517c835c41957e00fc5,5
69825516c835c41957dfa720,69825516c835c41957dfd0a4,1
69825516c835c41957dfa720,69825517c835c41957e00bf6,1
69825516c835c41957dfa720,69825516c835c41957dfa73b,4
69825516c835c41957dfa720,69825516c835c41957dfcd80,1
69825516c835c41957dfa720,69825516c835c41957dfe793,3
69825516c835c41957dfeffc,69825516c835c41957dff004,7
69825516c835c41957dfeffc,69825516c835c41957dff007,7
69825516c835c41957dfeffc,69825516c835c41957dfef9d,7
69825516c835c41957dfeffc,69825516c835c41957dfefa1,7
69825516c835c41957dfeffc,69825516c835c41957dfef9e,6
69825516c835c41957dfeffc,69825516c835c41957dff008,7
69825516c835c41957dfeffc,69825517c835c41957e01534,1
69825516c835c41957dfeffc,69825516c835c41957dfefa4,7
69825516c835c41957dfeffc,69825516c835c41957dfef9f,6
69825516c835c41957dfeffc,69825516c835c41957dfefb5,6
69825516c835c41957dfeffc,69825516c835c41957dfeff2,7
69825516c835c41957dfeffc,69825516c835c41957dfefa5,7
69825516c835c41957dfeffc,69825516c835c41957dfefc0,6
69825516c835c41957dfeffc,69825516c835c41957dfefb4,7
69825516c835c41957dfeffc,69825516c835c41957dff006,7
69825516c835c41957dfeffc,69825516c835c41957dfefb1,7
69825516c835c41957dfeffc,69825516c835c41957dfefa2,7
69825516c835c41957dfba0d,69825516c835c41957dfcd36,1
69825516c835c41957dfd9f1,69825517c835c41957dff6fc,2
69825516c835c41957dfd9f1,69825517c835c41957e01286,1
69825516c835c41957dfd9f1,69825517c835c41957e00d08,1
69825516c835c41957dfd9f1,69825517c835c41957e00f6b,1
69825516c835c41957dfd9f1,69825516c835c41957df9e60,1
69825516c835c41957dfd9f1,69825516c835c41957dfd3f6,3
69825516c835c41957dfd9f1,69825517c835c41957e00f6c,1
69825516c835c41957dfd9f1,69825516c835c41957dfb790,2
69825516c835c41957dfd9f1,69825517c835c41957dffbd6,1
69825516c835c41957dfd2e1,69825516c835c41957dfcd49,1
69825516c835c41957dfd2e1,69825517c835c41957dff40f,1
69825516c835c41957dfd2e1,69825517c835c41957e00a30,1
69825516c835c41957dfd2e1,69825516c835c41957dfef59,2
69825516c835c41957dfd2e1,69825516c835c41957dfeef0,2
69825516c835c41957dfd2e1,69825517c835c41957e0098b,1
69825516c835c41957dfd2e1,69825516c835c41957dfe848,1
69825516c835c41957dfd2e1,69825517c835c41957dffc2f,1
69825516c835c41957dfd2e1,69825516c835c41957dfd30e,2
69825516c835c41957dfd2e1,69825516c835c41957dfa4eb,1
69825516c835c41957dfd2e1,69825516c835c41957dfbf53,1
69825516c835c41957dfd2e1,69825517c835c41957dffca5,1
69825517c835c41957dffb38,69825516c835c41957dfe48d,1
69825517c835c41957dffb38,69825516c835c41957dfe1c8,2
69825516c835c41957dfa074,69825517c835c41957e00bf0,1
69825517c835c41957e002c4,69825516c835c41957dfc53a,1
69825517c835c41957e002c4,69825516c835c41957dff151,1
69825517c835c41957e002c4,69825516c835c41957dfc0ab,1
69825517c835c41957e002c4,69825517c835c41957e0079b,1
69825517c835c41957dff8d6,69825517c835c41957dff8d5,2
69825516c835c41957dfeef0,69825516c835c41957dfcd49,1
69825516c835c41957dfeef0,69825517c835c41957dff40f,1
69825516c835c41957dfeef0,69825517c835c41957e00a30,1
69825516c835c41957dfeef0,69825516c835c41957dfef59,2
69825516c835c41957dfeef0,69825517c835c41957e0098b,1
69825516c835c41957dfeef0,69825516c835c41957dfe848,1
69825516c835c41957dfeef0,69825517c835c41957dffc2f,1
69825516c835c41957dfeef0,69825516c835c41957dfd30e,2
69825516c835c41957dfeef0,69825516c835c41957dfa4eb,1
69825516c835c41957dfeef0,69825516c835c41957dfbf53,1
69825516c835c41957dfeef0,69825517c835c41957dffca5,1
69825516c835c41957dfc841,69825516c835c41957dfc842,2
69825516c835c41957dfee4a,69825517c835c41957e007e3,1
69825516c835c41957dfee4a,69825516c835c41957dfd2e3,1
69825516c835c41957dfee4a,69825516c835c41957dfa53b,1
69825517c835c41957dff830,69825517c835c41957e0077a,1
69825517c835c41957dff830,69825516c835c41957dfdce4,2
69825517c835c41957dff830,69825516c835c41957dfef6d,1
69825517c835c41957e01204,69825517c835c41957e00f2d,2
69825516c835c41957dfa4eb,69825516c835c41957dfcd49,1
69825516c835c41957dfa4eb,69825517c835c41957dff40f,1
69825516c835c41957dfa4eb,69825517c835c41957e00a30,2
69825516c835c41957dfa4eb,69825516c835c41957dfe473,1
69825516c835c41957dfa4eb,69825516c835c41957dfef59,1
69825516c835c41957dfa4eb,69825517c835c41957dff976,1
69825516c835c41957dfa4eb,69825517c835c41957e0098b,1
69825516c835c41957dfa4eb,69825516c835c41957dfe848,1
69825516c835c41957dfa4eb,69825517c835c41957dffc2f,1
69825516c835c41957dfa4eb,69825516c835c41957dfd30e,1
69825516c835c41957dfa4eb,69825516c835c41957dfeefa,1
69825516c835c41957dfa4eb,69825516c835c41957dfbf53,1
69825516c835c41957dfa4eb,69825517c835c41957dff6b0,1
69825516c835c41957dfa4eb,69825517c835c41957dffca5,1
69825516c835c41957dfc810,69825516c835c41957dfb5bf,2
69825516c835c41957dfc810,69825516c835c41957dfe4b3,1
69825516c835c41957dfc810,69825517c835c41957e003a7,3
69825516c835c41957dfc810,69825516c835c41957dfd217,1
69825516c835c41957dfc810,69825516c835c41957dfc84a,2
69825516c835c41957dfc810,69825516c835c41957dfc843,2
69825516c835c41957dfc810,69825516c835c41957dfd243,2
69825516c835c41957dfc810,69825516c835c41957dfc812,1
69825516c835c41957dfc810,69825516c835c41957dfda9e,1
69825516c835c41957dfc810,69825516c835c41957dfc802,3
69825516c835c41957dfefa2,69825516c835c41957dff004,7
69825516c835c41957dfefa2,69825516c835c41957dff007,7
69825516c835c41957dfefa2,69825516c835c41957dfef9d,7
69825516c835c41957dfefa2,69825516c835c41957dfefa1,7
69825516c835c41957dfefa2,69825516c835c41957dfef9e,6
69825516c835c41957dfefa2,69825516c835c41957dff008,7
69825516c835c41957dfefa2,69825516c835c41957dfefa4,7
69825516c835c41957dfefa2,69825516c835c41957dfef9f,6
69825516c835c41957dfefa2,69825516c835c41957dfefb5,6
69825516c835c41957dfefa2,69825516c835c41957dfeff2,7
69825516c835c41957dfefa2,69825516c835c41957dfefa5,7
69825516c835c41957dfefa2,69825516c835c41957dfefc0,6
69825516c835c41957dfefa2,69825516c835c41957dfefb4,7
69825516c835c41957dfefa2,69825516c835c41957dff006,7
69825516c835c41957dfefa2,69825516c835c41957dfefb1,7
69825516c835c41957dfa96e,69825516c835c41957dfd889,1
69825516c835c41957dfa96e,69825516c835c41957dfef54,1
69825516c835c41957dfa96e,69825517c835c41957e0088e,1
69825516c835c41957dfa96e,69825516c835c41957dfe123,1
69825516c835c41957dfa96e,69825516c835c41957dfa352,1
69825516c835c41957dfa96e,69825516c835c41957dfd70f,1
69825516c835c41957dfa96e,69825516c835c41957dfdfa6,1
69825516c835c41957dfa96e,69825516c835c41957dfe802,1
69825516c835c41957dfa96e,69825516c835c41957dfdc15,1
69825516c835c41957dfa96e,69825517c835c41957dff88b,2
69825516c835c41957dfa96e,69825517c835c41957e00628,3
69825516c835c41957dfa96e,69825517c835c41957dffb45,1
69825516c835c41957dfa96e,69825517c835c41957e0042c,1
69825516c835c41957dfb5b5,69825516c835c41957dfa95f,1
69825516c835c41957dfceed,69825516c835c41957dfee20,1
69825516c835c41957dfceed,69825516c835c41957dfcf23,1
69825516c835c41957dfdd44,69825516c835c41957dfdd09,3
69825516c835c41957dfdd44,69825517c835c41957e00cf8,1
69825516c835c41957dfc206,69825517c835c41957e00da9,1
69825516c835c41957dfc206,69825516c835c41957df9e61,1
69825516c835c41957dfc206,69825516c835c41957dfc234,1
69825516c835c41957dfc206,69825516c835c41957dfc238,1
69825516c835c41957dfe204,69825516c835c41957dfba9f,1
69825516c835c41957dfe204,69825516c835c41957dfe226,1
69825516c835c41957dfe204,69825516c835c41957dfe1dc,1
69825516c835c41957dfe204,69825516c835c41957dfe206,1
69825516c835c41957dfe204,69825516c835c41957dfe1f4,1
69825516c835c41957dfe204,69825517c835c41957dff6be,1
69825516c835c41957dfa2ae,69825516c835c41957dfb94b,4
69825516c835c41957dfa2ae,69825516c835c41957dfaaf6,4
69825516c835c41957dfa2ae,69825516c835c41957dfab16,3
69825516c835c41957dfcf23,69825516c835c41957dfccef,1
69825516c835c41957dfba97,69825516c835c41957dfba9f,1
69825516c835c41957dfba97,69825516c835c41957dfbaa0,1
69825516c835c41957dfba97,69825516c835c41957dfbaa1,1
69825516c835c41957dfba97,69825516c835c41957dfbaa2,1
69825516c835c41957dfba97,69825516c835c41957dfba98,1
69825516c835c41957dfba97,69825516c835c41957dfba96,1
69825516c835c41957dfba97,69825516c835c41957dfbaa3,1
69825516c835c41957dfed83,69825517c835c41957e019f9,2
69825516c835c41957dfed83,69825516c835c41957dfa5a4,1
69825516c835c41957dfed83,69825516c835c41957dfe5e5,1
69825516c835c41957dfed83,69825516c835c41957df9c99,11
69825516c835c41957dfed83,69825516c835c41957df9e8b,1
69825516c835c41957dfed83,69825516c835c41957dfd8b5,1
69825516c835c41957dfed83,69825517c835c41957e00ded,1
69825516c835c41957dfed83,69825516c835c41957dfa636,1
69825516c835c41957dfed83,69825517c835c41957e00648,3
69825516c835c41957dfed83,69825516c835c41957dfd8e7,1
69825516c835c41957dfed83,69825516c835c41957dfc519,4
69825516c835c41957dfed83,69825516c835c41957dfef50,1
69825516c835c41957dfed83,69825517c835c41957e01139,2
69825516c835c41957dfed83,69825516c835c41957dfb9af,1
69825516c835c41957dfed83,69825516c835c41957dfe2af,1
69825516c835c41957dfed83,69825516c835c41957dfa8a4,1
69825516c835c41957dfed83,69825517c835c41957e010f4,2
69825516c835c41957dfed83,69825516c835c41957dfe795,15
69825516c835c41957dfed83,69825516c835c41957dfd086,2
69825516c835c41957dfed83,69825516c835c41957dfb966,1
69825516c835c41957dfe3e5,69825516c835c41957dfe3db,2
69825516c835c41957dfe3e5,69825516c835c41957dfe424,2
69825516c835c41957dfe3e5,69825516c835c41957dfe416,2
69825516c835c41957dfe3e5,69825516c835c41957dfe405,2
69825516c835c41957dfe3e5,69825516c835c41957dfe404,2
69825516c835c41957dfe3e5,69825516c835c41957dfe3d0,2
69825516c835c41957dfe3e5,69825516c835c41957dfe3fc,2
69825516c835c41957dfe3e5,69825516c835c41957dfe3cc,2
69825516c835c41957dfe3e5,69825516c835c41957dfe3df,2
69825516c835c41957dfe3e5,69825516c835c41957dfe3ff,2
69825516c835c41957dfe3e5,69825516c835c41957dfe3f6,2
69825516c835c41957dfe3e5,69825516c835c41957dfe3f9,2
69825517c835c41957dffae9,69825517c835c41957dffc99,1
69825517c835c41957dffae9,69825516c835c41957dfe1dc,1
69825516c835c41957dfac91,69825516c835c41957dfb11e,2
69825516c835c41957dfac91,69825516c835c41957dfb2aa,2
69825516c835c41957dfaaf9,69825516c835c41957dfac05,5
69825516c835c41957dff100,69825517c835c41957e00e20,1
69825516c835c41957dfa2cf,69825517c835c41957dffb5f,3
69825516c835c41957dfa2cf,69825516c835c41957dff01f,1
69825516c835c41957dfa2cf,69825516c835c41957dfc131,1
69825516c835c41957dfa2cf,69825516c835c41957dfd0bb,2
69825516c835c41957dfa2cf,69825516c835c41957dfa56f,1
69825516c835c41957dfa2cf,69825516c835c41957dfa559,2
69825516c835c41957dfa548,69825516c835c41957dfbc9f,1
69825516c835c41957dfa3f8,69825516c835c41957df9f79,1
69825516c835c41957dfa3f8,69825516c835c41957dfa47c,1
69825516c835c41957dfa3f8,69825516c835c41957dfcd0a,1
69825516c835c41957dfa3f8,69825516c835c41957dfa465,3
69825516c835c41957dfa3f8,69825516c835c41957dfa4ba,4
69825516c835c41957dfa3f8,69825516c835c41957dfa429,1
69825516c835c41957dfa3f8,69825516c835c41957dfe208,1
69825516c835c41957dfa3f8,69825516c835c41957dfa4bc,2
69825516c835c41957dfa3f8,69825516c835c41957dfc993,2
69825516c835c41957dfa3f8,69825516c835c41957dfa511,1
69825516c835c41957dfa3f8,69825516c835c41957dfa42e,1
69825516c835c41957dfa3f8,69825516c835c41957dfa522,1
69825516c835c41957dfa3f8,69825516c835c41957dfa3f7,2
69825516c835c41957dfa3f8,69825516c835c41957dfa466,2
69825516c835c41957dfa3f8,69825516c835c41957dfa42d,3
69825516c835c41957dfa3f8,69825516c835c41957dfe224,1
69825517c835c41957e00621,69825516c835c41957dfc9f2,1
69825517c835c41957e00621,69825517c835c41957e016c3,1
69825517c835c41957e00621,69825516c835c41957dfa826,1
69825516c835c41957dfe406,69825516c835c41957dfa4e8,1
69825516c835c41957dfe406,69825516c835c41957dfe3d7,1
69825516c835c41957dfe406,69825516c835c41957dfe3d6,1
69825516c835c41957dfe406,69825516c835c41957dfe420,1
69825516c835c41957dfe406,69825516c835c41957dfe417,1
69825516c835c41957dfe406,69825516c835c41957dfe3f3,1
69825516c835c41957dfe406,69825516c835c41957dfe3f8,1
69825516c835c41957dfe406,69825516c835c41957dfe3da,1
69825516c835c41957dfe406,69825516c835c41957dfe3ef,1
69825516c835c41957dfe406,69825516c835c41957dfe3d4,1
69825516c835c41957dfc107,69825516c835c41957dfa38e,1
69825516c835c41957dfc107,69825516c835c41957dfa40b,1
69825516c835c41957dfc107,69825516c835c41957dfa5a4,1
69825516c835c41957dfc107,69825516c835c41957dfd2db,1
69825516c835c41957dfc107,69825516c835c41957dfbd65,1
69825516c835c41957dfc107,69825517c835c41957e00f42,3
69825516c835c41957dfc107,69825517c835c41957dff8a2,1
69825516c835c41957dfc107,69825516c835c41957dfef54,2
69825516c835c41957dfc107,69825516c835c41957dfba05,1
69825516c835c41957dfc107,69825516c835c41957dfd19c,2
69825516c835c41957dfc107,69825516c835c41957dfd8dc,2
69825516c835c41957dfc107,69825516c835c41957dfb5b1,1
69825516c835c41957dfc107,69825516c835c41957dfaa2f,1
69825516c835c41957dfc107,69825516c835c41957dfe795,2
69825516c835c41957dfc107,69825517c835c41957e00524,2
69825516c835c41957dfc107,69825516c835c41957df9e1d,3
69825516c835c41957dfc107,69825516c835c41957dfa81f,2
69825516c835c41957dfc107,69825516c835c41957dfe7d1,1
69825516c835c41957dfc107,69825517c835c41957dff891,1
69825516c835c41957dfc107,69825517c835c41957e00ded,1
69825516c835c41957dfc107,69825517c835c41957e00654,3
69825516c835c41957dfc107,69825517c835c41957e00f7b,1
69825516c835c41957dfc107,69825517c835c41957dff799,2
69825516c835c41957dfc107,69825517c835c41957e00d55,1
69825516c835c41957dfc107,69825516c835c41957dfdb50,1
69825516c835c41957dfc107,69825516c835c41957dfb9af,1
69825516c835c41957dfc107,69825517c835c41957e01139,1
69825516c835c41957dfc107,69825516c835c41957dfcc8e,1
69825516c835c41957dfc107,69825516c835c41957dfd069,1
69825517c835c41957dffd38,69825516c835c41957dfb471,1
69825517c835c41957e0079b,69825516c835c41957dff009,1
69825516c835c41957dfefbb,69825516c835c41957dfefaf,2
69825516c835c41957dfefbb,69825516c835c41957dfeffa,2
69825516c835c41957dfefbb,69825516c835c41957dfefeb,2
69825516c835c41957dfc211,69825516c835c41957dfc91e,1
69825516c835c41957dfc211,69825516c835c41957dfd0c7,1
69825516c835c41957dfc211,69825517c835c41957e00c9b,1
69825517c835c41957e0165c,69825517c835c41957e015e2,2
69825517c835c41957e0165c,69825517c835c41957e01678,1
69825517c835c41957e0165c,69825517c835c41957e0160d,1
69825517c835c41957e0165c,69825517c835c41957e01600,2
69825517c835c41957e0165c,69825517c835c41957e015db,3
69825517c835c41957e0165c,69825517c835c41957e015cf,1
69825517c835c41957e0165c,69825517c835c41957e0163c,2
69825517c835c41957e0165c,69825517c835c41957e0158a,2
69825517c835c41957dffe01,69825517c835c41957e01198,5
69825517c835c41957dffe01,69825517c835c41957e01a28,1
69825517c835c41957dffe01,69825516c835c41957dfe0a1,1
69825517c835c41957dffe01,69825517c835c41957dffdfb,2
69825517c835c41957dffe01,69825517c835c41957e005ec,1
69825517c835c41957dffe01,69825516c835c41957dfd7f7,3
69825516c835c41957dfaa54,69825516c835c41957dfba03,1
69825516c835c41957dfbcb4,69825516c835c41957dfbc63,1
69825516c835c41957dfbfd4,69825516c835c41957dfbfe5,1
69825517c835c41957e009a7,69825517c835c41957e00dff,1
69825516c835c41957dfac32,69825516c835c41957dfb5b9,1
69825516c835c41957dfac32,69825516c835c41957dfac22,1
69825516c835c41957dfa8f6,69825516c835c41957dfdc61,1
69825516c835c41957dfa8f6,69825516c835c41957dfa904,4
69825516c835c41957dfa8f6,69825517c835c41957dff930,1
69825516c835c41957dfa8f6,69825517c835c41957e017c7,1
69825516c835c41957dfa8f6,69825516c835c41957dfccad,1
69825516c835c41957dfa8f6,69825517c835c41957e00fc5,2
69825516c835c41957dfa8f6,69825516c835c41957dff27c,1
69825516c835c41957dfa8f6,69825517c835c41957e00bf6,1
69825516c835c41957dfa8f6,69825516c835c41957dfcd80,1
69825516c835c41957dfa8f6,69825516c835c41957dfa73b,1
69825516c835c41957dfa8f6,69825516c835c41957dfe793,1
69825516c835c41957dfa8f6,69825516c835c41957dfaa86,1
69825516c835c41957dfa92c,69825516c835c41957dfefa4,1
69825516c835c41957dfa92c,69825516c835c41957dfa27d,1
69825516c835c41957dfa92c,69825516c835c41957dfe3f5,1
69825516c835c41957dfa92c,69825516c835c41957dfa343,1
69825516c835c41957dfc0c5,69825517c835c41957e009d3,1
69825516c835c41957dfd228,69825517c835c41957dff96f,2
69825516c835c41957dfd228,69825516c835c41957dfe0e4,2
69825516c835c41957dfd228,69825516c835c41957dfd21b,2
69825516c835c41957dfd228,69825516c835c41957dfc829,1
69825516c835c41957dfd228,69825516c835c41957dfd238,2
69825516c835c41957dfd228,69825516c835c41957dfe0e7,2
69825516c835c41957dfd228,69825516c835c41957dfd229,2
69825516c835c41957dfdb51,69825516c835c41957dfa0bd,1
69825516c835c41957dfc63c,69825517c835c41957e0180c,2
69825516c835c41957dfc63c,69825516c835c41957dfdbd8,1
69825516c835c41957dfc63c,69825516c835c41957dfda71,1
69825517c835c41957dff700,69825516c835c41957dfde18,2
69825517c835c41957dff700,69825516c835c41957dfde38,2
69825517c835c41957dff700,69825517c835c41957dff75a,1
69825516c835c41957dfac85,69825516c835c41957dfacac,2
69825516c835c41957dfac85,69825516c835c41957dfac96,2
69825516c835c41957dfa2c2,69825517c835c41957e00dbb,2
69825516c835c41957dfb9f5,69825516c835c41957dfa49d,2
69825516c835c41957dfb9f5,69825516c835c41957dff355,2
69825516c835c41957dfb9f5,69825516c835c41957dfed84,1
69825516c835c41957dfb9f5,69825516c835c41957dfca2b,1
69825516c835c41957dfb9f5,69825516c835c41957dfa409,1
69825516c835c41957dfb9f5,69825516c835c41957dfc54d,1
69825516c835c41957dfb9f5,69825516c835c41957dfd343,1
69825516c835c41957dfb9f5,69825516c835c41957dfcd9c,1
69825516c835c41957dfb9f5,69825516c835c41957dfe849,1
69825516c835c41957dfb9f5,69825516c835c41957dfe793,1
69825516c835c41957dfb9f5,69825517c835c41957e002a8,1
69825516c835c41957dfb9f5,69825516c835c41957dfa2f0,1
69825516c835c41957dfd2e5,69825517c835c41957e00bfb,2
69825516c835c41957dfd2e5,69825516c835c41957dfd2e6,2
69825516c835c41957dfd2e5,69825516c835c41957dfdc16,2
69825516c835c41957dfe728,69825516c835c41957dfb645,3
69825516c835c41957dfe728,69825517c835c41957dff968,3
69825516c835c41957dfe728,69825517c835c41957dff96e,4
69825516c835c41957dfdbd7,69825516c835c41957dff2c0,1
69825516c835c41957dfdbd7,69825516c835c41957dfd8f2,1
69825516c835c41957dfdbd7,69825516c835c41957dfe019,1
69825516c835c41957dfdbd7,69825516c835c41957dfdbbc,1
69825516c835c41957dfdbd7,69825516c835c41957dfa2f0,1
69825516c835c41957dfdbd7,69825516c835c41957dfd305,1
69825516c835c41957dfce77,69825517c835c41957dff77d,5
69825516c835c41957dfce77,69825516c835c41957dfb65a,1
69825516c835c41957dfb80c,69825516c835c41957dfce9b,1
69825517c835c41957e01286,69825516c835c41957dfd046,1
69825517c835c41957e01286,69825516c835c41957dff159,1
69825517c835c41957e01286,69825517c835c41957dff6fc,2
69825517c835c41957e01286,69825517c835c41957dff86b,2
69825517c835c41957e01286,69825516c835c41957dfb790,1
69825517c835c41957e01286,69825517c835c41957e00f6b,1
69825517c835c41957e01286,69825516c835c41957dfa98f,1
69825517c835c41957e01286,69825517c835c41957e00d08,1
69825517c835c41957e01286,69825516c835c41957df9e60,1
69825517c835c41957e01286,69825517c835c41957e0133f,1
69825517c835c41957e01286,69825516c835c41957dfd3f6,2
69825517c835c41957e01286,69825516c835c41957dfd00e,3
69825517c835c41957e01286,69825517c835c41957e00f6c,3
69825517c835c41957e01286,69825517c835c41957dffbd6,1
69825516c835c41957dfe671,69825516c835c41957dfe6d3,3
69825516c835c41957dfe671,69825516c835c41957dfe6d4,3
69825516c835c41957dfe671,69825516c835c41957dfe66f,3
69825516c835c41957dfe671,69825516c835c41957dfa81b,1
69825516c835c41957dfe671,69825516c835c41957dfe78c,3
69825516c835c41957dfe671,69825517c835c41957e0106c,3
69825516c835c41957dfe671,69825516c835c41957dfa4bc,1
69825516c835c41957dfe671,69825516c835c41957dfe429,2
69825516c835c41957dfd33c,69825516c835c41957dfd33b,2
69825516c835c41957dfd33c,69825516c835c41957dfd342,2
69825516c835c41957dfd33c,69825516c835c41957dfd339,2
69825516c835c41957dff2ad,69825516c835c41957dfccbf,1
69825516c835c41957df9d73,69825516c835c41957dfc985,1
69825516c835c41957df9d73,69825517c835c41957e010d2,3
69825516c835c41957df9d73,69825517c835c41957e002aa,1
69825516c835c41957df9d73,69825517c835c41957e011d2,2
69825517c835c41957e015cf,69825517c835c41957e01620,1
69825517c835c41957e015cf,69825517c835c41957e01662,1
69825517c835c41957e015cf,69825517c835c41957e015d3,1
69825517c835c41957e015cf,69825517c835c41957e015b0,1
69825517c835c41957e015cf,69825517c835c41957e015db,1
69825517c835c41957e015cf,69825517c835c41957e01644,1
69825517c835c41957e015cf,69825517c835c41957e01645,1
69825517c835c41957e015cf,69825517c835c41957e015e2,1
69825517c835c41957e015cf,69825517c835c41957e0161b,1
69825517c835c41957e015cf,69825517c835c41957e016b7,1
69825517c835c41957e015cf,69825517c835c41957e0164f,1
69825517c835c41957e015cf,69825517c835c41957e015a4,1
69825517c835c41957e015cf,69825517c835c41957e0161f,1
69825516c835c41957dfa71e,69825516c835c41957dfa99d,1
69825516c835c41957dfd9e3,69825516c835c41957dfa46d,1
69825516c835c41957dfd9e3,69825516c835c41957dfa28e,1
69825516c835c41957dfd9e3,69825516c835c41957dfa418,1
69825516c835c41957dfba14,69825516c835c41957dfb137,1
69825516c835c41957dfba14,69825516c835c41957dfadc7,1
69825516c835c41957dfba14,69825516c835c41957dfd051,1
69825516c835c41957dfba14,69825516c835c41957dfb2c3,1
69825516c835c41957dfa5c1,69825517c835c41957dff85f,3
69825517c835c41957e016fd,69825517c835c41957e01820,1
69825517c835c41957e016fd,69825516c835c41957dfbb50,1
69825517c835c41957e016fd,69825517c835c41957e0173a,1
69825517c835c41957e016fd,69825517c835c41957e00927,1
69825517c835c41957e001f7,69825516c835c41957df9e61,1
69825517c835c41957e001f7,69825516c835c41957dfb953,1
69825517c835c41957e001f7,69825516c835c41957dfc00a,3
69825516c835c41957dfe44e,69825517c835c41957dff79a,2
69825516c835c41957dfc855,69825517c835c41957dffbfa,2
69825516c835c41957dfc855,69825516c835c41957dfa0df,1
69825516c835c41957dfbfe5,69825516c835c41957dfbfda,1
69825516c835c41957dfe3f3,69825516c835c41957dfe3f8,1
69825516c835c41957dfe3f3,69825516c835c41957dfe3da,1
69825516c835c41957dfe3f3,69825516c835c41957dfe3d7,1
69825516c835c41957dfe3f3,69825516c835c41957dfe3d6,1
69825516c835c41957dfe3f3,69825516c835c41957dfe3ef,1
69825516c835c41957dfe3f3,69825516c835c41957dfe417,1
69825516c835c41957dfe3f3,69825516c835c41957dfe420,1
69825516c835c41957dfe3f3,69825516c835c41957dfe3d4,1
69825516c835c41957dfc7bc,69825516c835c41957dfa384,1
69825516c835c41957dfc7bc,69825516c835c41957dff3d6,1
69825516c835c41957dfc7bc,69825517c835c41957dffaf5,1
69825517c835c41957dffe05,69825517c835c41957e00d77,1
69825517c835c41957dffe05,69825516c835c41957dfd343,2
69825517c835c41957dffe05,69825517c835c41957dffb7c,1
69825516c835c41957dfc131,69825517c835c41957dffb5f,1
69825516c835c41957dfc131,69825516c835c41957dfa95b,1
69825516c835c41957dfc131,69825517c835c41957dffc6f,2
69825516c835c41957dfc131,69825516c835c41957dfda3d,1
69825516c835c41957dfc131,69825517c835c41957dff90d,1
69825516c835c41957dfc131,69825516c835c41957dfd0bb,1
69825516c835c41957dfc131,69825516c835c41957dfda3e,1
69825516c835c41957dfc131,69825516c835c41957dfd892,1
69825516c835c41957dfc131,69825516c835c41957dfa559,1
69825516c835c41957dfc118,69825516c835c41957dfc117,1
69825516c835c41957dfc118,69825516c835c41957dfc11b,1
69825516c835c41957dfba9b,69825517c835c41957dffc6f,1
69825516c835c41957dfaa2b,69825516c835c41957dfaa76,1
69825516c835c41957dfaa2b,69825516c835c41957dfaa2f,3
69825516c835c41957dfaa2b,69825516c835c41957dfaa2c,3
69825516c835c41957dfaa2b,69825517c835c41957dff930,1
69825516c835c41957dfaa2b,69825516c835c41957dfcdad,1
69825516c835c41957dfaa2b,69825516c835c41957dfaa2d,3
69825516c835c41957dfb954,69825516c835c41957dfcad0,1
69825516c835c41957dfb954,69825517c835c41957e006a6,1
69825516c835c41957dfb954,69825517c835c41957e01229,1
69825516c835c41957dfb954,69825516c835c41957dfcace,1
69825516c835c41957dfb954,69825516c835c41957dfcacd,1
69825516c835c41957dfb954,69825516c835c41957dfcacb,1
69825516c835c41957dfb954,69825516c835c41957dfcad1,1
69825516c835c41957dfb954,69825516c835c41957dfcacc,1
69825517c835c41957e010f4,69825516c835c41957dfca20,1
69825517c835c41957e010f4,69825516c835c41957df9c99,2
69825517c835c41957e010f4,69825516c835c41957dfe795,2
69825517c835c41957e010f4,69825517c835c41957e00648,2
69825517c835c41957e0067c,69825516c835c41957dfc063,1
69825517c835c41957e0067c,69825516c835c41957dfb983,1
69825516c835c41957dfed7c,69825517c835c41957dff799,4
69825516c835c41957dfed7c,69825516c835c41957dfd174,2
69825517c835c41957e00a65,69825517c835c41957e00a4d,3
69825517c835c41957e00e05,69825516c835c41957dfa054,1
69825517c835c41957e00e05,69825516c835c41957dfa076,1
69825517c835c41957e00e05,69825517c835c41957e00e3f,1
69825517c835c41957e00e05,69825516c835c41957dfa0a2,1
69825517c835c41957e00e05,69825516c835c41957dfa073,1
69825517c835c41957e00e05,69825517c835c41957e00f20,1
69825517c835c41957e00e05,69825516c835c41957dfa08c,1
69825516c835c41957dfd217,69825516c835c41957dfb5bf,3
69825516c835c41957dfd217,69825516c835c41957dfe4b3,2
69825516c835c41957dfd217,69825517c835c41957e003a7,2
69825516c835c41957dfc354,69825516c835c41957dfc356,1
69825516c835c41957dfc354,69825516c835c41957dfc334,1
69825516c835c41957dfc354,69825516c835c41957dfc352,1
69825516c835c41957dfe78a,69825517c835c41957e019f3,2
69825516c835c41957dfe78a,69825516c835c41957dfe019,1
69825516c835c41957dfe78a,69825516c835c41957dff30f,1
69825516c835c41957dfe78a,69825517c835c41957dffc6d,1
69825517c835c41957dff3ee,69825516c835c41957dfa2f0,1
69825517c835c41957dff3ee,69825517c835c41957dffef9,1
69825516c835c41957dfa384,69825516c835c41957dff3d6,1
69825516c835c41957dfa384,69825517c835c41957dffaf5,1
69825516c835c41957dfd7b7,69825516c835c41957dfd797,4
69825516c835c41957dfa99d,69825516c835c41957dfb813,1
69825516c835c41957dfa99d,69825517c835c41957dff94f,1
69825516c835c41957dfa99d,69825517c835c41957e00d1d,3
69825516c835c41957dfa0c7,69825516c835c41957dfa09a,2
69825516c835c41957dfe21f,69825517c835c41957e01739,1
69825516c835c41957dfe21f,69825516c835c41957dfe48d,1
69825516c835c41957dfe21f,69825516c835c41957dfe1f6,2
69825516c835c41957dfe21f,69825516c835c41957dfe486,2
69825516c835c41957dfe21f,69825516c835c41957dfe21b,2
69825516c835c41957dfe21f,69825516c835c41957dfe202,2
69825517c835c41957dffb80,69825517c835c41957dffb7f,1
69825517c835c41957dffb80,69825517c835c41957e0081f,2
69825517c835c41957dffb80,69825516c835c41957dfe871,1
69825517c835c41957dffb80,69825516c835c41957dfb105,2
69825517c835c41957dffb80,69825516c835c41957dfb0dc,2
69825517c835c41957dffb80,69825516c835c41957dfeee7,1
69825517c835c41957dffb80,69825517c835c41957dffb81,2
69825516c835c41957dfd243,69825516c835c41957dfb5bf,1
69825516c835c41957dfd243,69825517c835c41957e003a7,1
69825516c835c41957dfd243,69825516c835c41957dfc84a,1
69825516c835c41957dfd243,69825516c835c41957dfc843,3
69825516c835c41957dfd243,69825516c835c41957dfc802,1
69825517c835c41957dff96a,69825516c835c41957dfe0e9,1
69825517c835c41957dff96a,69825516c835c41957dfedaa,3
69825517c835c41957dff96a,69825517c835c41957dff962,1
69825517c835c41957dff96a,69825517c835c41957dff964,1
69825517c835c41957dff96a,69825517c835c41957dffc78,4
69825517c835c41957dff96a,69825516c835c41957dfe0e5,1
69825517c835c41957dff96a,69825517c835c41957dff963,4
69825517c835c41957dff96a,69825516c835c41957dfedab,3
69825517c835c41957dff96a,69825516c835c41957dfd405,1
69825517c835c41957e01aae,69825517c835c41957dff8e0,1
69825517c835c41957e01aae,69825516c835c41957dfbbe8,1
69825517c835c41957e01aae,69825516c835c41957dfa188,1
69825516c835c41957dfaaa8,69825517c835c41957e0067f,1
69825516c835c41957dfaaa8,69825517c835c41957e01a80,1
69825516c835c41957dfaaa8,69825517c835c41957e00b59,3
69825517c835c41957e00c9e,69825516c835c41957dfba04,1
69825517c835c41957e00c9e,69825516c835c41957dfbae2,1
69825517c835c41957e00c9e,69825516c835c41957dfe034,1
69825517c835c41957e00c9e,69825516c835c41957dfe01a,2
69825517c835c41957e00c9e,69825516c835c41957dfd30a,3
69825517c835c41957e00c9e,69825516c835c41957dfcce8,1
69825517c835c41957e00c9e,69825516c835c41957dfd0c9,1
69825517c835c41957e00c9e,69825517c835c41957e0061b,1
69825517c835c41957e00c9e,69825516c835c41957dfca1e,2
69825517c835c41957e00c9e,69825516c835c41957dfd0ca,1
69825517c835c41957e00c9e,69825516c835c41957dfdbe9,1
69825517c835c41957e00c9e,69825516c835c41957dfd2f3,1
69825517c835c41957e00c9e,69825516c835c41957dfd0c8,1
69825517c835c41957e00c9e,69825516c835c41957dfab42,1
69825517c835c41957e00c9e,69825516c835c41957dfb813,1
69825517c835c41957e00c9e,69825516c835c41957dfd2f0,1
69825517c835c41957e00c9e,69825516c835c41957dfda41,1
69825516c835c41957dff086,69825516c835c41957dff0dc,1
69825516c835c41957dff086,69825516c835c41957dff0b1,1
69825516c835c41957dff086,69825516c835c41957dff0ba,1
69825516c835c41957dff086,69825516c835c41957dff05e,1
69825516c835c41957dff086,69825516c835c41957dff069,1
69825516c835c41957dff086,69825516c835c41957dff063,1
69825516c835c41957dff086,69825516c835c41957dff06c,1
69825516c835c41957dff086,69825516c835c41957dff070,1
69825516c835c41957dff086,69825516c835c41957dff090,1
69825516c835c41957dff086,69825516c835c41957dff0cd,1
69825516c835c41957dff086,69825516c835c41957dff0d0,1
69825516c835c41957dff086,69825516c835c41957dff0cf,1
69825516c835c41957dff086,69825516c835c41957dff0d6,1
69825516c835c41957dff086,69825516c835c41957dff0b3,1
69825516c835c41957dff086,69825516c835c41957dff0c8,1
69825516c835c41957dff086,69825516c835c41957dff05f,1
69825516c835c41957dff086,69825516c835c41957dff071,1
69825516c835c41957dff086,69825516c835c41957dff0de,1
69825516c835c41957dff086,69825516c835c41957dff091,1
69825516c835c41957dff086,69825516c835c41957dff080,1
69825516c835c41957dff086,69825516c835c41957dff064,1
69825516c835c41957dff086,69825516c835c41957dff0b2,1
69825516c835c41957dff086,69825516c835c41957dff09e,1
69825516c835c41957dff086,69825516c835c41957dff072,1
69825516c835c41957dff086,69825516c835c41957dff09d,1
69825516c835c41957dff086,69825516c835c41957dff0db,1
69825516c835c41957dff086,69825516c835c41957dff077,1
69825516c835c41957dff086,69825516c835c41957dff0a2,1
69825516c835c41957dff086,69825516c835c41957dff0d3,1
69825516c835c41957dff086,69825516c835c41957dff08f,1
69825516c835c41957dff086,69825516c835c41957dff06f,1
69825516c835c41957dff086,69825516c835c41957dff0d9,1
69825516c835c41957dff086,69825516c835c41957dff0d1,1
69825516c835c41957dfb7e1,69825517c835c41957dffb20,3
69825516c835c41957dfb7e1,69825516c835c41957dfd2db,1
69825516c835c41957dfb7e1,69825516c835c41957dfbd65,1
69825516c835c41957dfb7e1,69825517c835c41957dff891,1
69825516c835c41957dfb7e1,69825517c835c41957dff880,1
69825516c835c41957dfb7e1,69825516c835c41957dfc529,1
69825516c835c41957dfb7e1,69825516c835c41957dfdb50,1
69825516c835c41957dfb7e1,69825516c835c41957dfa95b,1
69825516c835c41957dfb7e1,69825516c835c41957dfb5b1,1
69825516c835c41957dfb7e1,69825517c835c41957e006e6,1
69825516c835c41957dfb7e1,69825517c835c41957dffb7c,7
69825516c835c41957dfb7e1,69825517c835c41957e01349,1
69825516c835c41957dfb781,69825516c835c41957dfccf0,1
69825517c835c41957dff6b0,69825516c835c41957dfd82c,1
69825517c835c41957dff6b0,69825516c835c41957df9e4e,1
69825517c835c41957dff6b0,69825516c835c41957dfe815,1
69825517c835c41957dff6b0,69825516c835c41957dfccf8,1
69825517c835c41957e009cf,69825516c835c41957dfee73,3
69825516c835c41957dfe3f9,69825516c835c41957dfe3db,2
69825516c835c41957dfe3f9,69825516c835c41957dfe424,2
69825516c835c41957dfe3f9,69825516c835c41957dfe416,2
69825516c835c41957dfe3f9,69825516c835c41957dfe405,2
69825516c835c41957dfe3f9,69825516c835c41957dfe404,2
69825516c835c41957dfe3f9,69825516c835c41957dfe3d0,2
69825516c835c41957dfe3f9,69825516c835c41957dfe3fc,2
69825516c835c41957dfe3f9,69825516c835c41957dfe3cc,2
69825516c835c41957dfe3f9,69825516c835c41957dfe3df,2
69825516c835c41957dfe3f9,69825516c835c41957dfe3ff,2
69825516c835c41957dfe3f9,69825516c835c41957dfe3f6,2
69825516c835c41957dfb401,69825516c835c41957dfb3f3,1
69825516c835c41957dfb401,69825517c835c41957dff931,1
69825516c835c41957dfb401,69825516c835c41957dfac47,1
69825516c835c41957dfb401,69825516c835c41957dfb4d7,1
69825516c835c41957dfc357,69825517c835c41957e00f7b,1
69825516c835c41957dfc357,69825516c835c41957dfba91,1
69825516c835c41957dfc357,69825517c835c41957e00ded,1
69825516c835c41957dfc357,69825517c835c41957e00f7f,1
69825516c835c41957dfc357,69825517c835c41957e00654,1
69825516c835c41957dfc357,69825517c835c41957dff799,1
69825516c835c41957dfa8d3,69825517c835c41957dffb20,1
69825516c835c41957dfa8d3,69825516c835c41957dfcceb,1
69825516c835c41957dfa8d3,69825517c835c41957dffb7c,1
69825516c835c41957dfdf01,69825516c835c41957dfa271,2
69825516c835c41957dfdf01,69825516c835c41957dfde5d,2
69825516c835c41957dfd8b5,69825516c835c41957dfa8a4,1
69825516c835c41957dfd8b5,69825516c835c41957dfa5a4,1
69825516c835c41957dfd8b5,69825516c835c41957df9c99,1
69825516c835c41957dfd8b5,69825516c835c41957dfd086,1
69825516c835c41957dfd8b5,69825516c835c41957dfe795,1
69825516c835c41957dfd8b5,69825516c835c41957dfd8e7,2
69825516c835c41957dfd8b5,69825516c835c41957dfb9af,1
69825517c835c41957dffd3d,69825517c835c41957dffd58,2
69825517c835c41957dffd3d,69825517c835c41957dffd60,2
69825517c835c41957dffd3d,69825517c835c41957dffd4f,2
69825517c835c41957dffd3d,69825517c835c41957e012a7,1
69825517c835c41957dffd3d,69825517c835c41957dffd50,2
69825517c835c41957dffd3d,69825517c835c41957dffd59,2
69825517c835c41957dffd3d,69825517c835c41957dffd5a,2
69825517c835c41957dffd3d,69825517c835c41957dffd3c,2
69825517c835c41957dffd3d,69825517c835c41957dffd5c,2
69825517c835c41957dffd3d,69825517c835c41957dffd62,2
69825517c835c41957dffd3d,69825516c835c41957dfda45,1
69825517c835c41957dffd3d,69825517c835c41957dffd39,2
69825517c835c41957dffd3d,69825517c835c41957dffd64,2
69825517c835c41957dffd3d,69825517c835c41957dffd3f,2
69825517c835c41957dffd3d,69825517c835c41957dffd53,2
69825517c835c41957dffd3d,69825517c835c41957dffd45,2
69825517c835c41957e01976,69825516c835c41957dfc1f0,1
69825517c835c41957e01976,69825516c835c41957dfcd00,2
69825516c835c41957dfb206,69825516c835c41957dfb3c3,1
69825516c835c41957dfa3fe,69825516c835c41957dfbe71,2
69825516c835c41957dfa3fe,69825516c835c41957dfa4e0,1
69825516c835c41957dfa761,69825517c835c41957e00950,1
69825516c835c41957dfa761,69825517c835c41957e00726,2
69825516c835c41957dfa761,69825517c835c41957e00d24,2
69825516c835c41957dfefc0,69825516c835c41957dff004,6
69825516c835c41957dfefc0,69825516c835c41957dff007,6
69825516c835c41957dfefc0,69825516c835c41957dfef9d,6
69825516c835c41957dfefc0,69825516c835c41957dfefa1,6
69825516c835c41957dfefc0,69825516c835c41957dfef9e,5
69825516c835c41957dfefc0,69825516c835c41957dff008,6
69825516c835c41957dfefc0,69825516c835c41957dfefa4,6
69825516c835c41957dfefc0,69825516c835c41957dfef9f,6
69825516c835c41957dfefc0,69825516c835c41957dfefb5,5
69825516c835c41957dfefc0,69825516c835c41957dfeff2,6
69825516c835c41957dfefc0,69825516c835c41957dfefa5,6
69825516c835c41957dfefc0,69825516c835c41957dfefb4,6
69825516c835c41957dfefc0,69825516c835c41957dff006,6
69825516c835c41957dfefc0,69825516c835c41957dfefb1,6
69825517c835c41957dff4b3,69825517c835c41957e0064a,1
69825517c835c41957dff4b3,69825517c835c41957e00841,1
69825516c835c41957dfdbbf,69825517c835c41957dff929,1
69825517c835c41957dffd5c,69825517c835c41957dffd58,2
69825517c835c41957dffd5c,69825517c835c41957dffd60,2
69825517c835c41957dffd5c,69825517c835c41957dffd4f,2
69825517c835c41957dffd5c,69825517c835c41957e012a7,1
69825517c835c41957dffd5c,69825517c835c41957dffd50,2
69825517c835c41957dffd5c,69825517c835c41957dffd59,2
69825517c835c41957dffd5c,69825517c835c41957dffd5a,2
69825517c835c41957dffd5c,69825517c835c41957dffd3c,2
69825517c835c41957dffd5c,69825517c835c41957dffd62,2
69825517c835c41957dffd5c,69825517c835c41957dffd39,2
69825517c835c41957dffd5c,69825517c835c41957dffd64,2
69825517c835c41957dffd5c,69825517c835c41957dffd3f,2
69825517c835c41957dffd5c,69825517c835c41957dffd53,2
69825517c835c41957dffd5c,69825517c835c41957dffd45,2
69825516c835c41957dfcf7d,69825516c835c41957dfcf81,1
69825516c835c41957dfed89,69825516c835c41957dfd2df,1
69825516c835c41957dfed89,69825517c835c41957dff910,1
69825516c835c41957dfed89,69825516c835c41957dfccb0,1
69825516c835c41957dfed89,69825516c835c41957dfd307,1
69825516c835c41957dfed89,69825516c835c41957dfef51,1
69825516c835c41957dfed89,69825517c835c41957dff465,1
69825516c835c41957dfed89,69825516c835c41957dfc98b,1
69825516c835c41957dfed89,69825516c835c41957dfe7ff,2
69825516c835c41957dfed89,69825516c835c41957dff145,1
69825516c835c41957dfed89,69825516c835c41957dfd2dc,2
69825517c835c41957dffc6e,69825517c835c41957dffa33,2
69825517c835c41957dffc6e,69825516c835c41957dfe867,1
69825517c835c41957dffc6e,69825517c835c41957e00841,8
69825517c835c41957dffc6e,69825516c835c41957dfe79f,1
69825517c835c41957dffc6e,69825517c835c41957dffe16,1
69825517c835c41957dffc6e,69825517c835c41957e0080a,1
69825517c835c41957dffc6e,69825516c835c41957dfeee7,1
69825517c835c41957dffc6e,69825516c835c41957dfcd3b,2
69825517c835c41957dffc6e,69825517c835c41957e01762,1
69825516c835c41957dfc2e0,69825516c835c41957dff0a1,1
69825516c835c41957dfc2e0,69825516c835c41957dfb9cc,2
69825516c835c41957dfc2e0,69825516c835c41957dfd253,2
69825516c835c41957dfc2e0,69825517c835c41957e009fc,7
69825516c835c41957dfc2e0,69825517c835c41957e00e87,6
69825517c835c41957e00726,69825517c835c41957e00950,1
69825517c835c41957e00726,69825517c835c41957e00d24,2
69825516c835c41957dfda6c,69825517c835c41957e01aa4,2
69825516c835c41957dfe202,69825517c835c41957e01739,1
69825516c835c41957dfe202,69825516c835c41957dfe48d,1
69825516c835c41957dfe202,69825516c835c41957dfe1f6,2
69825516c835c41957dfe202,69825516c835c41957dfe21b,2
69825516c835c41957dfe202,69825516c835c41957dfe486,1
69825516c835c41957dfd24f,69825516c835c41957dfd157,9
69825516c835c41957dfd24f,69825516c835c41957dfa904,1
69825516c835c41957dfd24f,69825516c835c41957dfa333,4
69825516c835c41957dfd24f,69825516c835c41957dfd070,2
69825516c835c41957dfd24f,69825516c835c41957df9ca1,4
69825516c835c41957dfd24f,69825516c835c41957dfeefa,7
69825516c835c41957dfd24f,69825517c835c41957dffc49,2
69825516c835c41957dfd24f,69825516c835c41957df9e4a,1
69825516c835c41957dfd24f,69825516c835c41957dfb917,1
69825516c835c41957dfe61e,69825517c835c41957e004b9,1
69825516c835c41957dfe61e,69825516c835c41957dfd79f,1
69825516c835c41957dfe61e,69825516c835c41957dfb7ae,1
69825516c835c41957dfe61e,69825516c835c41957dfe622,2
69825516c835c41957dfe61e,69825516c835c41957dff04d,1
69825516c835c41957dfe61e,69825516c835c41957dfe61a,2
69825517c835c41957dffca5,69825517c835c41957e00dc0,1
69825517c835c41957dffca5,69825516c835c41957dfcd49,1
69825517c835c41957dffca5,69825517c835c41957dff402,2
69825517c835c41957dffca5,69825517c835c41957dff40f,2
69825517c835c41957dffca5,69825517c835c41957e00a30,1
69825517c835c41957dffca5,69825516c835c41957dfef59,1
69825517c835c41957dffca5,69825516c835c41957dfd2dc,1
69825517c835c41957dffca5,69825516c835c41957dfa7ad,1
69825517c835c41957dffca5,69825516c835c41957dfe848,2
69825517c835c41957dffca5,69825517c835c41957e0098b,1
69825517c835c41957dffca5,69825517c835c41957dffc2f,1
69825517c835c41957dffca5,69825516c835c41957dfe7ff,1
69825517c835c41957dffca5,69825516c835c41957dfd30e,1
69825517c835c41957dffca5,69825516c835c41957dfbf53,2
69825516c835c41957dfaaf6,69825516c835c41957dfb94b,2
69825516c835c41957dfaaf6,69825516c835c41957dfab16,2
69825517c835c41957dffe29,69825516c835c41957dfd2fa,1
69825517c835c41957dffe29,69825516c835c41957dfd2d6,1
69825517c835c41957dffe29,69825517c835c41957e00a30,1
69825517c835c41957dffe29,69825516c835c41957dfef52,2
69825517c835c41957dffe29,69825517c835c41957e00fc5,1
69825517c835c41957dffe29,69825517c835c41957e00d01,1
69825517c835c41957dffe29,69825516c835c41957dfe848,1
69825517c835c41957dffe29,69825516c835c41957dfaa76,1
69825517c835c41957dffe29,69825516c835c41957dfef62,1
69825517c835c41957dffe29,69825516c835c41957dfe7ff,1
69825517c835c41957dffe29,69825517c835c41957dff90d,1
69825517c835c41957dffe29,69825516c835c41957dfa586,1
69825517c835c41957dffe29,69825516c835c41957dfb8ef,1
69825517c835c41957dffe29,69825517c835c41957e0047e,1
69825517c835c41957dffe29,69825516c835c41957dfd892,1
69825517c835c41957e012a3,69825517c835c41957e01744,7
69825517c835c41957e012a3,69825516c835c41957dfc8da,1
69825517c835c41957e012a3,69825517c835c41957e012a7,2
69825517c835c41957e012a3,69825517c835c41957e01753,10
69825517c835c41957e012a3,69825517c835c41957e01740,11
69825517c835c41957e012a3,69825516c835c41957dfc857,2
69825516c835c41957dfe139,69825516c835c41957dfe085,1
69825516c835c41957dfe139,69825516c835c41957dfe091,1
69825516c835c41957dfb791,69825516c835c41957dfa568,2
69825516c835c41957dfb791,69825516c835c41957dff253,3
69825516c835c41957dfb791,69825516c835c41957dff2c0,1
69825516c835c41957dfb791,69825516c835c41957dfdbbc,2
69825516c835c41957dfb791,69825516c835c41957dfa77f,1
69825516c835c41957dfb791,69825516c835c41957dfd253,1
69825516c835c41957dfb791,69825516c835c41957dfb78d,1
69825516c835c41957dfb791,69825516c835c41957dfd87c,2
69825516c835c41957dfb791,69825516c835c41957dfb7b7,1
69825516c835c41957dfb791,69825516c835c41957dfd0cf,1
69825516c835c41957dfb791,69825516c835c41957dfd305,1
69825517c835c41957e015e2,69825517c835c41957e01662,1
69825517c835c41957e015e2,69825517c835c41957e01620,1
69825517c835c41957e015e2,69825517c835c41957e01678,1
69825517c835c41957e015e2,69825517c835c41957e015d3,1
69825517c835c41957e015e2,69825517c835c41957e015b0,1
69825517c835c41957e015e2,69825517c835c41957e015db,3
69825517c835c41957e015e2,69825517c835c41957e01644,1
69825517c835c41957e015e2,69825517c835c41957e0158a,2
69825517c835c41957e015e2,69825517c835c41957e01645,1
69825517c835c41957e015e2,69825517c835c41957e01600,2
69825517c835c41957e015e2,69825517c835c41957e0161b,1
69825517c835c41957e015e2,69825517c835c41957e016b7,1
69825517c835c41957e015e2,69825517c835c41957e0164f,1
69825517c835c41957e015e2,69825517c835c41957e015a4,1
69825517c835c41957e015e2,69825517c835c41957e0161f,1
69825517c835c41957e015e2,69825517c835c41957e0163c,2
69825516c835c41957dfa82b,69825516c835c41957dfdb60,1
69825517c835c41957e0174d,69825517c835c41957e0174b,4
69825517c835c41957e0174d,69825517c835c41957e012a5,2
69825517c835c41957e0174d,69825517c835c41957dff45e,1
69825517c835c41957e0174d,69825516c835c41957dfa42d,1
69825517c835c41957e0174d,69825517c835c41957e012aa,1
69825516c835c41957dfe141,69825516c835c41957dfcd4d,2
69825516c835c41957dfe141,69825516c835c41957dfb193,1
69825516c835c41957dfe141,69825516c835c41957dfce4e,1
69825516c835c41957dfe141,69825517c835c41957e00524,1
69825516c835c41957dfe141,69825516c835c41957dfa636,1
69825516c835c41957dfe141,69825517c835c41957e00525,2
69825516c835c41957dfe141,69825516c835c41957dfe7d1,1
69825516c835c41957dfe141,69825516c835c41957dfd19c,2
69825516c835c41957dfe193,69825516c835c41957dfe1b4,1
69825516c835c41957dfe193,69825516c835c41957dfa403,1
69825516c835c41957dfe193,69825516c835c41957dfb5cd,1
69825516c835c41957dfc00a,69825516c835c41957df9e61,1
69825516c835c41957dfc00a,69825516c835c41957dfb953,1
69825517c835c41957e00233,69825517c835c41957e00232,1
69825517c835c41957e00233,69825516c835c41957dfac22,2
69825516c835c41957dfbf0c,69825516c835c41957dfc2a9,1
69825516c835c41957dfbf0c,69825516c835c41957dfc2b1,2
69825517c835c41957dffd45,69825517c835c41957dffd58,3
69825517c835c41957dffd45,69825517c835c41957dffd60,3
69825517c835c41957dffd45,69825517c835c41957dffd4f,2
69825517c835c41957dffd45,69825517c835c41957e012a7,1
69825517c835c41957dffd45,69825517c835c41957dffd50,2
69825517c835c41957dffd45,69825517c835c41957dffd59,2
69825517c835c41957dffd45,69825517c835c41957dffd5a,2
69825517c835c41957dffd45,69825517c835c41957dffd3c,2
69825517c835c41957dffd45,69825517c835c41957dffd62,2
69825517c835c41957dffd45,69825517c835c41957dffd39,2
69825517c835c41957dffd45,69825517c835c41957dffd64,2
69825517c835c41957dffd45,69825517c835c41957dffd3f,2
69825517c835c41957dffd45,69825517c835c41957dffd53,2
69825516c835c41957dfa0a2,69825516c835c41957dfa054,4
69825516c835c41957dfa0a2,69825516c835c41957dfa076,4
69825516c835c41957dfa0a2,69825517c835c41957e00e3f,4
69825516c835c41957dfa0a2,69825516c835c41957dfa073,4
69825516c835c41957dfa0a2,69825517c835c41957e00f20,4
69825516c835c41957dfa0a2,69825516c835c41957dfa08c,4
69825517c835c41957dff967,69825517c835c41957dfff54,2
69825517c835c41957dff967,69825516c835c41957dfbb89,2
69825517c835c41957dff90d,69825517c835c41957e00a30,1
69825517c835c41957dff90d,69825517c835c41957e00d4a,1
69825517c835c41957dff90d,69825516c835c41957dfb5bd,1
69825517c835c41957dff90d,69825516c835c41957dfef52,1
69825517c835c41957dff90d,69825517c835c41957dff931,6
69825517c835c41957dff90d,69825516c835c41957dfa95b,2
69825517c835c41957dff90d,69825516c835c41957dfe848,1
69825517c835c41957dff90d,69825516c835c41957dfaa76,1
69825517c835c41957dff90d,69825517c835c41957dffc89,1
69825517c835c41957dff90d,69825516c835c41957dfef62,1
69825517c835c41957dff90d,69825516c835c41957dfe7ff,1
69825517c835c41957dff90d,69825517c835c41957dffe07,1
69825517c835c41957dff90d,69825517c835c41957e00221,1
69825517c835c41957dff90d,69825516c835c41957dfd892,15
69825517c835c41957e012aa,69825516c835c41957dfa52a,1
69825517c835c41957e012aa,69825517c835c41957e0174b,2
69825517c835c41957e012aa,69825517c835c41957e012a7,1
69825517c835c41957e012aa,69825516c835c41957dfca6c,1
69825517c835c41957e012aa,69825516c835c41957dfe49f,1
69825517c835c41957e012aa,69825516c835c41957dfef9f,1
69825517c835c41957e012aa,69825516c835c41957dfa465,1
69825517c835c41957e012aa,69825516c835c41957dfca6d,1
69825517c835c41957e012aa,69825516c835c41957dfd73f,1
69825517c835c41957e012aa,69825516c835c41957dfc857,1
69825517c835c41957e012aa,69825516c835c41957dfa42e,1
69825517c835c41957e012aa,69825517c835c41957e0174c,3
69825516c835c41957dfb669,69825517c835c41957e004b5,1
69825516c835c41957dfbb85,69825516c835c41957dfdae1,1
69825516c835c41957dfbb85,69825517c835c41957e01add,1
69825516c835c41957dfbb85,69825517c835c41957e00bf9,1
69825516c835c41957dfbb85,69825516c835c41957dfaa86,1
69825517c835c41957e00d4a,69825517c835c41957dffb20,1
69825517c835c41957e00d4a,69825516c835c41957dfb96a,1
69825517c835c41957e00d4a,69825517c835c41957e00fc4,1
69825517c835c41957e00d4a,69825516c835c41957dfa5a4,3
69825517c835c41957e00d4a,69825517c835c41957e01a9e,1
69825517c835c41957e00d4a,69825517c835c41957e00ded,4
69825517c835c41957e00d4a,69825516c835c41957dfb5bd,1
69825517c835c41957e00d4a,69825517c835c41957dff4bf,1
69825517c835c41957e00d4a,69825516c835c41957dfb968,1
69825517c835c41957e00d4a,69825517c835c41957e00654,3
69825517c835c41957e00d4a,69825516c835c41957dfb9af,3
69825517c835c41957e00d4a,69825516c835c41957dfb5b1,3
69825517c835c41957e00d4a,69825516c835c41957dfeefa,1
69825516c835c41957dfe328,69825516c835c41957df9df8,1
69825516c835c41957dfd1ed,69825516c835c41957dfd1ee,1
69825517c835c41957dff91a,69825516c835c41957dfdd86,1
69825517c835c41957dff91a,69825516c835c41957dfee8d,2
69825517c835c41957dff91a,69825516c835c41957dfa5a4,1
69825517c835c41957dff91a,69825516c835c41957dfdd8c,1
69825517c835c41957dff91a,69825516c835c41957dfb9af,1
69825517c835c41957dff91a,69825517c835c41957dff86a,1
69825517c835c41957dff91a,69825516c835c41957dfdd1f,1
69825517c835c41957dff91a,69825516c835c41957dfb62b,1
69825517c835c41957dff91a,69825517c835c41957e00e4e,1
69825517c835c41957dff91a,69825516c835c41957dfa821,1
69825517c835c41957dff91a,69825517c835c41957dff863,1
69825517c835c41957dff91a,69825516c835c41957dfdd52,1
69825516c835c41957dfa0a8,69825516c835c41957dfb584,2
69825517c835c41957dffd5a,69825517c835c41957dffd58,2
69825517c835c41957dffd5a,69825517c835c41957dffd60,2
69825517c835c41957dffd5a,69825517c835c41957dffd4f,2
69825517c835c41957dffd5a,69825517c835c41957e012a7,1
69825517c835c41957dffd5a,69825517c835c41957dffd50,2
69825517c835c41957dffd5a,69825517c835c41957dffd59,2
69825517c835c41957dffd5a,69825517c835c41957dffd3c,2
69825517c835c41957dffd5a,69825517c835c41957dffd62,2
69825517c835c41957dffd5a,69825517c835c41957dffd39,2
69825517c835c41957dffd5a,69825517c835c41957dffd64,2
69825517c835c41957dffd5a,69825517c835c41957dffd3f,2
69825517c835c41957dffd5a,69825517c835c41957dffd53,2
69825516c835c41957dfe3d0,69825516c835c41957dfe3db,2
69825516c835c41957dfe3d0,69825516c835c41957dfe424,2
69825516c835c41957dfe3d0,69825516c835c41957dfe416,2
69825516c835c41957dfe3d0,69825516c835c41957dfe405,2
69825516c835c41957dfe3d0,69825516c835c41957dfe404,2
69825516c835c41957dfe3d0,69825516c835c41957dfe3fc,2
69825516c835c41957dfe3d0,69825516c835c41957dfe3cc,2
69825516c835c41957dfe3d0,69825516c835c41957dfe3df,2
69825516c835c41957dfe3d0,69825516c835c41957dfe3ff,2
69825516c835c41957dfe3d0,69825516c835c41957dfe3f6,2
69825516c835c41957dfeffa,69825516c835c41957dfefaf,2
69825516c835c41957dfeffa,69825516c835c41957dfefeb,2
69825516c835c41957dfacf4,69825516c835c41957dfad3d,1
69825516c835c41957dfccf4,69825516c835c41957dfd2d8,2
69825516c835c41957dfccf4,69825516c835c41957dfa333,1
69825516c835c41957dfadc7,69825516c835c41957dfb5b7,1
69825516c835c41957dfa4b2,69825516c835c41957dff142,1
69825516c835c41957dfa4b2,69825517c835c41957e0080a,1
69825516c835c41957dfa4b2,69825516c835c41957dfa53b,1
69825516c835c41957dfd2e7,69825516c835c41957dfd086,1
69825516c835c41957dfd2e7,69825516c835c41957dfee4b,1
69825517c835c41957e00da7,69825516c835c41957dfdbc0,2
69825516c835c41957dfce83,69825516c835c41957dfe48a,1
69825516c835c41957dfce83,69825516c835c41957dfd3bb,1
69825517c835c41957e01620,69825517c835c41957e01662,3
69825517c835c41957e01620,69825517c835c41957e015d3,2
69825517c835c41957e01620,69825517c835c41957e0157c,1
69825517c835c41957e01620,69825517c835c41957e01661,2
69825517c835c41957e01620,69825517c835c41957e015b0,4
69825517c835c41957e01620,69825517c835c41957e01617,2
69825517c835c41957e01620,69825517c835c41957e015db,1
69825517c835c41957e01620,69825517c835c41957e01644,3
69825517c835c41957e01620,69825517c835c41957e016ba,1
69825517c835c41957e01620,69825517c835c41957e016d1,2
69825517c835c41957e01620,69825517c835c41957e01645,2
69825517c835c41957e01620,69825517c835c41957e015f2,1
69825517c835c41957e01620,69825517c835c41957e016aa,1
69825517c835c41957e01620,69825517c835c41957e016b3,1
69825517c835c41957e01620,69825517c835c41957e0161b,4
69825517c835c41957e01620,69825517c835c41957e016b7,6
69825517c835c41957e01620,69825517c835c41957e0164f,3
69825517c835c41957e01620,69825517c835c41957e015a4,6
69825517c835c41957e01620,69825517c835c41957e0161f,3
69825517c835c41957e01620,69825517c835c41957e0168f,2
69825516c835c41957dfbc10,69825516c835c41957dfbc20,1
69825516c835c41957dfbc10,69825516c835c41957dfbbb2,1
69825516c835c41957dfbc10,69825516c835c41957dfbbea,1
69825516c835c41957dfbc10,69825516c835c41957dfbc2c,1
69825516c835c41957dfbc10,69825516c835c41957dfbbe4,1
69825516c835c41957dfbc10,69825516c835c41957dfbc0e,1
69825516c835c41957dfbc10,69825516c835c41957dfbc27,1
69825516c835c41957dfbc10,69825516c835c41957dfbc1b,1
69825516c835c41957dfbc10,69825516c835c41957dfbbba,1
69825516c835c41957dfbc10,69825516c835c41957dfbc0f,1
69825516c835c41957dfbc10,69825516c835c41957dfbbb8,1
69825516c835c41957dfbc10,69825516c835c41957dfbbc3,1
69825516c835c41957dfbc10,69825516c835c41957dfbbb7,1
69825516c835c41957dff007,69825516c835c41957dff004,7
69825516c835c41957dff007,69825516c835c41957dfef9d,7
69825516c835c41957dff007,69825516c835c41957dfefa1,7
69825516c835c41957dff007,69825516c835c41957dfef9e,6
69825516c835c41957dff007,69825516c835c41957dff008,7
69825516c835c41957dff007,69825516c835c41957dfefa4,7
69825516c835c41957dff007,69825516c835c41957dfef9f,6
69825516c835c41957dff007,69825516c835c41957dfefb5,6
69825516c835c41957dff007,69825516c835c41957dfeff2,7
69825516c835c41957dff007,69825516c835c41957dfefa5,7
69825516c835c41957dff007,69825516c835c41957dfefb4,7
69825516c835c41957dff007,69825516c835c41957dff006,7
69825516c835c41957dff007,69825516c835c41957dfefb1,7
69825516c835c41957dfd32d,69825516c835c41957dfdaa8,2
69825516c835c41957dfd32d,69825516c835c41957dfe812,2
69825516c835c41957dfd32d,69825516c835c41957dfa4ef,2
69825516c835c41957dfd32d,69825516c835c41957dfa538,3
69825516c835c41957dfd32d,69825516c835c41957dfccf1,1
69825516c835c41957dfd32d,69825516c835c41957dfc0cb,2
69825516c835c41957dfe201,69825517c835c41957e0174c,1
69825516c835c41957dfc11b,69825516c835c41957dfc2b6,1
69825516c835c41957dfc11b,69825516c835c41957dfc117,1
69825516c835c41957dfe01a,69825516c835c41957dfba04,1
69825516c835c41957dfe01a,69825516c835c41957dfbae2,1
69825516c835c41957dfe01a,69825516c835c41957dfe034,1
69825516c835c41957dfe01a,69825516c835c41957dfd30a,2
69825516c835c41957dfe01a,69825516c835c41957dfcce8,1
69825516c835c41957dfe01a,69825516c835c41957dfd0c9,1
69825516c835c41957dfe01a,69825517c835c41957e0061b,1
69825516c835c41957dfe01a,69825516c835c41957dfca1e,1
69825516c835c41957dfe01a,69825516c835c41957df9e60,1
69825516c835c41957dfe01a,69825516c835c41957dfd0ca,1
69825516c835c41957dfe01a,69825516c835c41957dfdbe9,1
69825516c835c41957dfe01a,69825516c835c41957dfd0c8,1
69825516c835c41957dfe01a,69825516c835c41957dfab42,1
69825516c835c41957dfe01a,69825516c835c41957dfb813,2
69825516c835c41957dfe01a,69825516c835c41957dfd2f0,2
69825516c835c41957dfe01a,69825516c835c41957dfda41,1
69825516c835c41957dfde05,69825516c835c41957dfde16,1
69825516c835c41957dfde05,69825516c835c41957dfde9a,1
69825516c835c41957dfe66c,69825516c835c41957dfe668,1
69825516c835c41957dfe66c,69825516c835c41957dfe664,1
69825516c835c41957dfe66c,69825516c835c41957dfcf46,1
69825516c835c41957dfe66c,69825516c835c41957dfa3f7,1
69825516c835c41957dfe66c,69825516c835c41957dfcee3,1
69825516c835c41957dfe66c,69825516c835c41957dfe665,2
69825516c835c41957dfe19f,69825516c835c41957dfa014,1
69825516c835c41957dfe19f,69825516c835c41957dfe1af,2
69825516c835c41957dfe19f,69825516c835c41957dfc39e,1
69825516c835c41957dfa255,69825516c835c41957dfd962,1
69825516c835c41957dfa255,69825516c835c41957dfd963,1
69825516c835c41957dfa96d,69825517c835c41957e007d4,4
69825516c835c41957dfcad1,69825516c835c41957dfcad0,2
69825516c835c41957dfcad1,69825517c835c41957e006a6,1
69825516c835c41957dfcad1,69825517c835c41957e01229,1
69825516c835c41957dfcad1,69825516c835c41957dfcace,2
69825516c835c41957dfcad1,69825516c835c41957dfcacd,2
69825516c835c41957dfcad1,69825516c835c41957dfcacb,2
69825516c835c41957dfcad1,69825516c835c41957dfcacc,2
69825516c835c41957dfe669,69825516c835c41957dfe667,4
69825517c835c41957e00204,69825516c835c41957dfb969,1
69825517c835c41957e00204,69825516c835c41957dfd00c,1
69825517c835c41957e00204,69825517c835c41957dffb53,1
69825516c835c41957dfe84a,69825516c835c41957dfb146,1
69825516c835c41957dfe84a,69825516c835c41957dfe84f,1
69825516c835c41957dfa826,69825516c835c41957dfbac0,2
69825516c835c41957dfa826,69825517c835c41957e016c3,1
69825516c835c41957dfa826,69825516c835c41957dfc9f2,1
69825516c835c41957dfa826,69825516c835c41957dfd7d6,1
69825516c835c41957dfd086,69825516c835c41957dfa5a4,1
69825516c835c41957dfd086,69825516c835c41957df9c99,2
69825516c835c41957dfd086,69825516c835c41957dfee4b,4
69825516c835c41957dfd086,69825517c835c41957e00e8a,1
69825516c835c41957dfd086,69825516c835c41957dfd8e7,1
69825516c835c41957dfd086,69825516c835c41957dfb72b,1
69825516c835c41957dfd086,69825516c835c41957dfb9af,1
69825516c835c41957dfd086,69825517c835c41957e01139,1
69825516c835c41957dfd086,69825516c835c41957dfa8a4,1
69825516c835c41957dfd086,69825516c835c41957dfd3f8,3
69825516c835c41957dfd086,69825516c835c41957dfe795,3
69825516c835c41957dfd086,69825516c835c41957dfe793,1
69825516c835c41957dfd086,69825517c835c41957e0042c,1
69825516c835c41957dfe840,69825516c835c41957dfaa98,3
69825516c835c41957dfd04e,69825516c835c41957dfbb08,1
69825516c835c41957dfd04e,69825516c835c41957dfce4e,1
69825516c835c41957dfd04e,69825516c835c41957dfa636,1
69825517c835c41957dffe8e,69825516c835c41957dfba79,2
69825517c835c41957dffa4b,69825517c835c41957e01811,1
69825517c835c41957dffa4b,69825517c835c41957dff7a3,9
69825517c835c41957dffa4b,69825516c835c41957dfa0b1,1
69825517c835c41957dffa4b,69825517c835c41957e0069b,9
69825517c835c41957dffa4b,69825517c835c41957e01810,1
69825517c835c41957dffa4b,69825517c835c41957dff991,4
69825517c835c41957dffa4b,69825516c835c41957dfbd2d,2
69825516c835c41957dfb9b6,69825516c835c41957dfbe1a,1
69825517c835c41957e00424,69825516c835c41957dfa4af,3
69825517c835c41957e00424,69825517c835c41957e0080a,2
69825517c835c41957e00424,69825517c835c41957e0100c,1
69825517c835c41957e00424,69825516c835c41957dfdb95,1
69825517c835c41957e00424,69825516c835c41957dfa004,1
69825516c835c41957dfdc21,69825516c835c41957dfb675,1
69825516c835c41957dfe495,69825517c835c41957e01744,1
69825516c835c41957dfe495,69825516c835c41957dff096,1
69825516c835c41957dfe495,69825516c835c41957dfe49b,1
69825516c835c41957dfd931,69825516c835c41957dfd2c8,1
69825517c835c41957e019db,69825516c835c41957dfcfe7,1
69825517c835c41957e019db,69825516c835c41957dfd019,3
69825517c835c41957e019db,69825517c835c41957e00bf8,1
69825517c835c41957e00faa,69825516c835c41957dfcd41,1
69825517c835c41957e00faa,69825517c835c41957dffaf5,1
69825516c835c41957dfe424,69825516c835c41957dfe3db,2
69825516c835c41957dfe424,69825516c835c41957dfe416,2
69825516c835c41957dfe424,69825516c835c41957dfe405,2
69825516c835c41957dfe424,69825516c835c41957dfe404,2
69825516c835c41957dfe424,69825516c835c41957dfe3fc,2
69825516c835c41957dfe424,69825516c835c41957dfe3cc,2
69825516c835c41957dfe424,69825516c835c41957dfe3df,2
69825516c835c41957dfe424,69825516c835c41957dfe3ff,2
69825516c835c41957dfe424,69825516c835c41957dfe3f6,2
69825517c835c41957e01022,69825516c835c41957dfa3ad,1
69825517c835c41957e01022,69825517c835c41957e01011,2
69825517c835c41957e01022,69825517c835c41957e0101a,1
69825516c835c41957dfe6f8,69825517c835c41957e00986,1
69825516c835c41957dff0ac,69825516c835c41957dfe60a,1
69825516c835c41957dff0ac,69825516c835c41957dfe49a,1
69825516c835c41957dff0ac,69825516c835c41957dfb664,1
69825516c835c41957dff0ac,69825516c835c41957dfe60b,1
69825516c835c41957dff0ac,69825516c835c41957dfd269,1
69825516c835c41957df9e69,69825517c835c41957dff585,1
69825517c835c41957e01287,69825516c835c41957dfe63a,1
69825517c835c41957e01287,69825517c835c41957e0174b,1
69825517c835c41957e0077f,69825516c835c41957df9e4e,1
69825516c835c41957dfda6e,69825516c835c41957dfd19c,1
69825516c835c41957dfdd09,69825517c835c41957e00cf8,1
69825516c835c41957dfa98f,69825517c835c41957e00d08,2
69825516c835c41957dfa98f,69825517c835c41957dff6fc,1
69825516c835c41957dfa98f,69825517c835c41957e00f6c,2
69825516c835c41957dfa98f,69825517c835c41957dffbd6,2
69825516c835c41957dfa98f,69825516c835c41957dfa4bc,1
69825516c835c41957dfe0ec,69825516c835c41957dfd227,1
69825516c835c41957dfefb4,69825516c835c41957dff004,7
69825516c835c41957dfefb4,69825516c835c41957dfef9d,7
69825516c835c41957dfefb4,69825516c835c41957dfefa1,7
69825516c835c41957dfefb4,69825516c835c41957dfef9e,6
69825516c835c41957dfefb4,69825516c835c41957dff008,7
69825516c835c41957dfefb4,69825516c835c41957dfefa4,7
69825516c835c41957dfefb4,69825516c835c41957dfef9f,6
69825516c835c41957dfefb4,69825516c835c41957dfefb5,6
69825516c835c41957dfefb4,69825516c835c41957dfeff2,7
69825516c835c41957dfefb4,69825516c835c41957dfefa5,7
69825516c835c41957dfefb4,69825516c835c41957dff006,7
69825516c835c41957dfefb4,69825516c835c41957dfefb1,7
69825517c835c41957e00540,69825516c835c41957dfa4e0,1
69825517c835c41957e00540,69825516c835c41957dfe0c8,2
69825517c835c41957e00540,69825516c835c41957dfe0c6,2
69825517c835c41957e00540,69825516c835c41957dfccb0,1
69825517c835c41957e00540,69825516c835c41957dfa4dd,1
69825517c835c41957e00540,69825516c835c41957dfe2d0,1
69825517c835c41957e00540,69825516c835c41957dfdbbc,1
69825516c835c41957dfa4ef,69825516c835c41957dfdaa8,2
69825516c835c41957dfa4ef,69825516c835c41957dfe812,2
69825516c835c41957dfa4ef,69825516c835c41957dfa538,2
69825516c835c41957dfa4ef,69825516c835c41957dfccf1,1
69825516c835c41957dfa4ef,69825516c835c41957dfc0cb,2
69825516c835c41957dff0d0,69825516c835c41957dff0dc,1
69825516c835c41957dff0d0,69825516c835c41957dff0b1,1
69825516c835c41957dff0d0,69825516c835c41957dff0ba,2
69825516c835c41957dff0d0,69825516c835c41957dff05e,1
69825516c835c41957dff0d0,69825516c835c41957dff069,1
69825516c835c41957dff0d0,69825516c835c41957dff063,1
69825516c835c41957dff0d0,69825516c835c41957dff06c,1
69825516c835c41957dff0d0,69825516c835c41957dff070,1
69825516c835c41957dff0d0,69825516c835c41957dff090,1
69825516c835c41957dff0d0,69825516c835c41957dff0cd,1
69825516c835c41957dff0d0,69825516c835c41957dff0cf,2
69825516c835c41957dff0d0,69825516c835c41957dff0d6,1
69825516c835c41957dff0d0,69825516c835c41957dff0b3,1
69825516c835c41957dff0d0,69825516c835c41957dff0c8,1
69825516c835c41957dff0d0,69825516c835c41957dff05f,1
69825516c835c41957dff0d0,69825516c835c41957dff071,1
69825516c835c41957dff0d0,69825516c835c41957dff0de,1
69825516c835c41957dff0d0,69825516c835c41957dff091,1
69825516c835c41957dff0d0,69825516c835c41957dff080,1
69825516c835c41957dff0d0,69825516c835c41957dff064,1
69825516c835c41957dff0d0,69825516c835c41957dff0b2,1
69825516c835c41957dff0d0,69825516c835c41957dff09e,1
69825516c835c41957dff0d0,69825516c835c41957dff072,1
69825516c835c41957dff0d0,69825516c835c41957dff09d,2
69825516c835c41957dff0d0,69825516c835c41957dff0db,1
69825516c835c41957dff0d0,69825516c835c41957dff077,1
69825516c835c41957dff0d0,69825516c835c41957dff0a2,1
69825516c835c41957dff0d0,69825516c835c41957dff0d3,2
69825516c835c41957dff0d0,69825516c835c41957dff08f,1
69825516c835c41957dff0d0,69825516c835c41957dff06f,1
69825516c835c41957dff0d0,69825516c835c41957dff0d9,1
69825516c835c41957dff0d0,69825516c835c41957dff0d1,1
69825517c835c41957e0164f,69825517c835c41957e01662,2
69825517c835c41957e0164f,69825517c835c41957e015d3,2
69825517c835c41957e0164f,69825517c835c41957e0157c,2
69825517c835c41957e0164f,69825517c835c41957e01661,3
69825517c835c41957e0164f,69825517c835c41957e015b0,2
69825517c835c41957e0164f,69825517c835c41957e01617,3
69825517c835c41957e0164f,69825517c835c41957e015db,1
69825517c835c41957e0164f,69825517c835c41957e01644,3
69825517c835c41957e0164f,69825517c835c41957e016d1,1
69825517c835c41957e0164f,69825517c835c41957e01645,1
69825517c835c41957e0164f,69825517c835c41957e016aa,1
69825517c835c41957e0164f,69825517c835c41957e0161b,3
69825517c835c41957e0164f,69825517c835c41957e016b7,3
69825517c835c41957e0164f,69825517c835c41957e015a4,3
69825517c835c41957e0164f,69825517c835c41957e0161f,2
69825517c835c41957e0164f,69825517c835c41957e0168f,2
69825517c835c41957e00e71,69825517c835c41957e01753,1
69825517c835c41957e00e71,69825517c835c41957e01744,1
69825517c835c41957dff795,69825517c835c41957e01501,1
69825517c835c41957dff795,69825517c835c41957dff796,4
69825517c835c41957e012a8,69825516c835c41957dfe7b5,1
69825516c835c41957dfe664,69825516c835c41957dfcee3,1
69825516c835c41957dfe664,69825516c835c41957dfe665,3
69825516c835c41957df9f79,69825516c835c41957dfcd0a,2
69825516c835c41957df9f79,69825516c835c41957dfa465,1
69825516c835c41957dfe4b3,69825516c835c41957dfb5bf,2
69825516c835c41957dfe4b3,69825517c835c41957e003a7,2
69825516c835c41957dfe62d,69825516c835c41957dfc1ed,4
69825516c835c41957dfe62d,69825516c835c41957dfc012,2
69825516c835c41957dfe62d,69825516c835c41957dfd9a8,1
69825516c835c41957dfa3e0,69825516c835c41957dfa8f8,1
69825516c835c41957dfa3e0,69825517c835c41957e00fb1,1
69825516c835c41957dfa3e0,69825516c835c41957dfa509,1
69825516c835c41957dfbfd1,69825516c835c41957dfa469,1
69825516c835c41957dfbfd1,69825516c835c41957dfa8d4,2
69825516c835c41957dfbfd1,69825516c835c41957dfedb0,1
69825516c835c41957dfdb60,69825517c835c41957dffb85,1
69825516c835c41957dfbde8,69825516c835c41957dfd2cf,1
69825516c835c41957dfb137,69825516c835c41957dfe80b,1
69825516c835c41957dfb137,69825516c835c41957dfd051,1
69825516c835c41957dfb137,69825516c835c41957dfb4aa,1
69825516c835c41957dfb137,69825516c835c41957dfb2c3,2
69825516c835c41957dfb72d,69825517c835c41957e017f9,3
69825516c835c41957dfd3f6,69825516c835c41957dfb675,1
69825516c835c41957dfd3f6,69825516c835c41957dfe79f,2
69825516c835c41957dfd3f6,69825517c835c41957dff6fc,3
69825516c835c41957dfd3f6,69825517c835c41957e007db,1
69825516c835c41957dfd3f6,69825517c835c41957e00f6b,3
69825516c835c41957dfd3f6,69825517c835c41957e0133f,2
69825516c835c41957dfd3f6,69825517c835c41957e0080a,1
69825516c835c41957dfd3f6,69825517c835c41957dffbd6,5
69825516c835c41957dfd3f6,69825516c835c41957dfd30c,1
69825516c835c41957dfd3f6,69825516c835c41957dfc547,1
69825516c835c41957dfd3f6,69825516c835c41957dff159,2
69825516c835c41957dfd3f6,69825517c835c41957dff82a,1
69825516c835c41957dfd3f6,69825517c835c41957dff86b,3
69825516c835c41957dfd3f6,69825517c835c41957e00d08,5
69825516c835c41957dfd3f6,69825516c835c41957df9e60,3
69825516c835c41957dfd3f6,69825516c835c41957dfd00e,3
69825516c835c41957dfd3f6,69825517c835c41957dffe16,2
69825516c835c41957dfd3f6,69825517c835c41957e00f6c,6
69825516c835c41957dfd3f6,69825516c835c41957dfb790,1
69825516c835c41957dfeda0,69825517c835c41957dffec3,2
69825516c835c41957dfeda0,69825517c835c41957e002a6,1
69825516c835c41957dfeda0,69825517c835c41957e002b3,2
69825516c835c41957dfeda0,69825517c835c41957e0008f,2
69825516c835c41957dff0d3,69825516c835c41957dff0dc,1
69825516c835c41957dff0d3,69825516c835c41957dff0b1,1
69825516c835c41957dff0d3,69825516c835c41957dff0ba,2
69825516c835c41957dff0d3,69825516c835c41957dff05e,1
69825516c835c41957dff0d3,69825516c835c41957dff069,1
69825516c835c41957dff0d3,69825516c835c41957dff063,1
69825516c835c41957dff0d3,69825516c835c41957dff06c,1
69825516c835c41957dff0d3,69825516c835c41957dff070,1
69825516c835c41957dff0d3,69825516c835c41957dff090,1
69825516c835c41957dff0d3,69825516c835c41957dff0cd,1
69825516c835c41957dff0d3,69825516c835c41957dff0cf,2
69825516c835c41957dff0d3,69825516c835c41957dff0d6,1
69825516c835c41957dff0d3,69825516c835c41957dff0b3,1
69825516c835c41957dff0d3,69825516c835c41957dff0c8,1
69825516c835c41957dff0d3,69825516c835c41957dff05f,1
69825516c835c41957dff0d3,69825516c835c41957dff071,1
69825516c835c41957dff0d3,69825516c835c41957dff0de,1
69825516c835c41957dff0d3,69825516c835c41957dff091,1
69825516c835c41957dff0d3,69825516c835c41957dff080,1
69825516c835c41957dff0d3,69825516c835c41957dff064,1
69825516c835c41957dff0d3,69825516c835c41957dff0b2,1
69825516c835c41957dff0d3,69825516c835c41957dff09e,1
69825516c835c41957dff0d3,69825516c835c41957dff072,1
69825516c835c41957dff0d3,69825516c835c41957dff09d,2
69825516c835c41957dff0d3,69825516c835c41957dff0db,1
69825516c835c41957dff0d3,69825516c835c41957dff077,1
69825516c835c41957dff0d3,69825516c835c41957dff0a2,1
69825516c835c41957dff0d3,69825516c835c41957dff08f,1
69825516c835c41957dff0d3,69825516c835c41957dff06f,1
69825516c835c41957dff0d3,69825516c835c41957dff0d9,1
69825516c835c41957dff0d3,69825516c835c41957dff0d1,1
69825516c835c41957dfa41d,69825517c835c41957e01714,1
69825517c835c41957e00e38,69825517c835c41957dffc81,1
69825517c835c41957e00e38,69825517c835c41957e011d3,1
69825516c835c41957dfc205,69825517c835c41957e007c0,1
69825516c835c41957dfc205,69825517c835c41957e00e96,1
69825516c835c41957dfc205,69825516c835c41957dfba0e,1
69825517c835c41957e0008f,69825517c835c41957dffec3,2
69825517c835c41957e0008f,69825517c835c41957e002a6,1
69825517c835c41957e0008f,69825517c835c41957e002b3,2
69825517c835c41957dff9f6,69825517c835c41957dffcc5,2
69825517c835c41957e01678,69825517c835c41957e016af,1
69825517c835c41957e01678,69825517c835c41957e0160d,1
69825517c835c41957e01678,69825517c835c41957e016b3,1
69825517c835c41957e01678,69825517c835c41957e015f2,1
69825517c835c41957e01678,69825517c835c41957e01600,2
69825517c835c41957e01678,69825517c835c41957e015db,1
69825517c835c41957e01678,69825517c835c41957e016ba,1
69825517c835c41957e01678,69825517c835c41957e016d1,1
69825517c835c41957e01678,69825517c835c41957e0163c,1
69825517c835c41957e01678,69825517c835c41957e0158a,1
69825516c835c41957dfef9f,69825516c835c41957dff004,6
69825516c835c41957dfef9f,69825516c835c41957dfef9d,6
69825516c835c41957dfef9f,69825516c835c41957dfefa1,6
69825516c835c41957dfef9f,69825516c835c41957dfef9e,5
69825516c835c41957dfef9f,69825516c835c41957dff008,6
69825516c835c41957dfef9f,69825516c835c41957dfca6c,1
69825516c835c41957dfef9f,69825516c835c41957dfefa4,6
69825516c835c41957dfef9f,69825516c835c41957dfca6d,1
69825516c835c41957dfef9f,69825516c835c41957dfefb5,5
69825516c835c41957dfef9f,69825516c835c41957dfeff2,6
69825516c835c41957dfef9f,69825516c835c41957dfefa5,6
69825516c835c41957dfef9f,69825516c835c41957dff006,6
69825516c835c41957dfef9f,69825516c835c41957dfefb1,6
69825517c835c41957dffdfb,69825517c835c41957e005ec,1
69825517c835c41957dffdfb,69825517c835c41957e00fc3,1
69825517c835c41957dffdfb,69825517c835c41957e01a28,4
69825517c835c41957dffdfb,69825516c835c41957dfe0a1,1
69825517c835c41957dffdfb,69825517c835c41957e01198,2
69825516c835c41957dfd306,69825516c835c41957dfd321,3
69825516c835c41957dfd306,69825516c835c41957dfcf6a,2
69825516c835c41957dfd306,69825516c835c41957dfd1f1,1
69825516c835c41957dfe7cb,69825516c835c41957dfce9b,1
69825516c835c41957dfe7cb,69825516c835c41957dfedac,2
69825516c835c41957dfe7cb,69825516c835c41957dfa55b,1
69825516c835c41957dfc405,69825516c835c41957dfe1f9,2
69825516c835c41957dfc405,69825516c835c41957dfe1ff,2
69825516c835c41957dfc405,69825516c835c41957dfc601,1
69825516c835c41957dfc405,69825516c835c41957dfe497,1
69825516c835c41957dfc405,69825516c835c41957dfe1f5,1
69825516c835c41957dfc405,69825516c835c41957dfe207,2
69825516c835c41957dfc405,69825516c835c41957dfe1f8,2
69825516c835c41957dfc405,69825516c835c41957dfe1fb,2
69825517c835c41957e01501,69825517c835c41957dff796,1
69825516c835c41957dff0d6,69825516c835c41957dff0dc,1
69825516c835c41957dff0d6,69825516c835c41957dff0b1,1
69825516c835c41957dff0d6,69825516c835c41957dff0ba,1
69825516c835c41957dff0d6,69825516c835c41957dff05e,1
69825516c835c41957dff0d6,69825516c835c41957dff069,1
69825516c835c41957dff0d6,69825516c835c41957dff063,1
69825516c835c41957dff0d6,69825516c835c41957dff06c,1
69825516c835c41957dff0d6,69825516c835c41957dff070,1
69825516c835c41957dff0d6,69825516c835c41957dff090,1
69825516c835c41957dff0d6,69825516c835c41957dff0cd,1
69825516c835c41957dff0d6,69825516c835c41957dff0cf,1
69825516c835c41957dff0d6,69825516c835c41957dff0b3,1
69825516c835c41957dff0d6,69825516c835c41957dff0c8,1
69825516c835c41957dff0d6,69825516c835c41957dff05f,1
69825516c835c41957dff0d6,69825516c835c41957dff071,1
69825516c835c41957dff0d6,69825516c835c41957dff0de,1
69825516c835c41957dff0d6,69825516c835c41957dff091,1
69825516c835c41957dff0d6,69825516c835c41957dff080,1
69825516c835c41957dff0d6,69825516c835c41957dff064,1
69825516c835c41957dff0d6,69825516c835c41957dff0b2,1
69825516c835c41957dff0d6,69825516c835c41957dff09e,1
69825516c835c41957dff0d6,69825516c835c41957dff072,1
69825516c835c41957dff0d6,69825516c835c41957dff09d,1
69825516c835c41957dff0d6,69825516c835c41957dff0db,1
69825516c835c41957dff0d6,69825516c835c41957dff077,1
69825516c835c41957dff0d6,69825516c835c41957dff0a2,2
69825516c835c41957dff0d6,69825516c835c41957dff08f,1
69825516c835c41957dff0d6,69825516c835c41957dff06f,2
69825516c835c41957dff0d6,69825516c835c41957dff0d9,2
69825516c835c41957dff0d6,69825516c835c41957dff0d1,1
69825516c835c41957dff0b3,69825516c835c41957dff0dc,1
69825516c835c41957dff0b3,69825516c835c41957dff0b1,1
69825516c835c41957dff0b3,69825516c835c41957dff0ba,1
69825516c835c41957dff0b3,69825516c835c41957dff05e,1
69825516c835c41957dff0b3,69825516c835c41957dff069,1
69825516c835c41957dff0b3,69825516c835c41957dff063,1
69825516c835c41957dff0b3,69825516c835c41957dff06c,1
69825516c835c41957dff0b3,69825516c835c41957dff070,1
69825516c835c41957dff0b3,69825516c835c41957dff090,1
69825516c835c41957dff0b3,69825516c835c41957dff0cd,1
69825516c835c41957dff0b3,69825516c835c41957dff0cf,1
69825516c835c41957dff0b3,69825516c835c41957dff0c8,1
69825516c835c41957dff0b3,69825516c835c41957dff05f,1
69825516c835c41957dff0b3,69825516c835c41957dff071,1
69825516c835c41957dff0b3,69825516c835c41957dff0de,1
69825516c835c41957dff0b3,69825516c835c41957dff091,1
69825516c835c41957dff0b3,69825516c835c41957dff080,1
69825516c835c41957dff0b3,69825516c835c41957dff064,1
69825516c835c41957dff0b3,69825516c835c41957dff0b2,1
69825516c835c41957dff0b3,69825516c835c41957dff09e,1
69825516c835c41957dff0b3,69825516c835c41957dff072,1
69825516c835c41957dff0b3,69825516c835c41957dff09d,1
69825516c835c41957dff0b3,69825516c835c41957dff0db,1
69825516c835c41957dff0b3,69825516c835c41957dff077,1
69825516c835c41957dff0b3,69825516c835c41957dff0a2,1
69825516c835c41957dff0b3,69825516c835c41957dff08f,1
69825516c835c41957dff0b3,69825516c835c41957dff06f,1
69825516c835c41957dff0b3,69825516c835c41957dff0d9,1
69825516c835c41957dff0b3,69825516c835c41957dff0d1,1
69825517c835c41957e01231,69825516c835c41957df9d67,1
69825516c835c41957dfda41,69825516c835c41957dfba04,1
69825516c835c41957dfda41,69825516c835c41957dfbae2,1
69825516c835c41957dfda41,69825516c835c41957dfe034,1
69825516c835c41957dfda41,69825516c835c41957dfd30a,1
69825516c835c41957dfda41,69825516c835c41957dfcce8,1
69825516c835c41957dfda41,69825516c835c41957dfd0c9,1
69825516c835c41957dfda41,69825517c835c41957e0061b,1
69825516c835c41957dfda41,69825516c835c41957dfca1e,1
69825516c835c41957dfda41,69825516c835c41957dfd0ca,1
69825516c835c41957dfda41,69825516c835c41957dfab42,1
69825516c835c41957dfda41,69825516c835c41957dfb813,1
69825516c835c41957dfda41,69825516c835c41957dfd2f0,1
69825516c835c41957dfef9d,69825516c835c41957dff004,7
69825516c835c41957dfef9d,69825516c835c41957dfefa1,7
69825516c835c41957dfef9d,69825516c835c41957dfef9e,6
69825516c835c41957dfef9d,69825516c835c41957dff008,7
69825516c835c41957dfef9d,69825517c835c41957dffd4f,1
69825516c835c41957dfef9d,69825516c835c41957dfefa4,7
69825516c835c41957dfef9d,69825516c835c41957dfde06,1
69825516c835c41957dfef9d,69825516c835c41957dfefb5,6
69825516c835c41957dfef9d,69825516c835c41957dfcec2,1
69825516c835c41957dfef9d,69825516c835c41957dfeff2,7
69825516c835c41957dfef9d,69825516c835c41957dfefa5,7
69825516c835c41957dfef9d,69825516c835c41957dff006,7
69825516c835c41957dfef9d,69825516c835c41957dfefb1,7
69825517c835c41957e016af,69825517c835c41957e0160d,1
69825517c835c41957e016af,69825517c835c41957e016b3,1
69825517c835c41957e016af,69825517c835c41957e01600,1
69825517c835c41957e016af,69825517c835c41957e016ba,1
69825517c835c41957e016af,69825517c835c41957e016d1,1
69825517c835c41957e016af,69825517c835c41957e015f2,1
69825517c835c41957e00950,69825516c835c41957dfdb9b,1
69825517c835c41957e00950,69825517c835c41957e00d24,1
69825516c835c41957dfdb65,69825517c835c41957e0174b,1
69825516c835c41957dfc906,69825516c835c41957dfb3f4,1
69825516c835c41957dfc906,69825517c835c41957dffd3a,1
69825516c835c41957dfb2c5,69825516c835c41957dfb3c6,1
69825516c835c41957dfb2c5,69825516c835c41957dfb522,1
69825516c835c41957dfb2c5,69825516c835c41957dfb263,1
69825516c835c41957dfb2c5,69825516c835c41957dfb3c3,1
69825516c835c41957dfb2c5,69825516c835c41957dfb1d4,1
69825516c835c41957dfb2c5,69825516c835c41957dfb32c,1
69825516c835c41957dfb2c5,69825516c835c41957dfb193,2
69825516c835c41957dfb2c5,69825516c835c41957dfb3e3,1
69825516c835c41957dfb2c5,69825516c835c41957dfb319,1
69825516c835c41957dfb2c5,69825516c835c41957dfb525,1
69825517c835c41957dffbaa,69825516c835c41957dfe47d,1
69825517c835c41957dffbaa,69825517c835c41957dffba9,2
69825517c835c41957e00d1c,69825516c835c41957dfb651,1
69825517c835c41957e00d1c,69825516c835c41957dfd215,1
69825517c835c41957e00d1c,69825516c835c41957dfa9be,1
69825516c835c41957dfe085,69825516c835c41957dfac7c,1
69825516c835c41957dfe085,69825516c835c41957dfe091,3
69825516c835c41957dfa511,69825516c835c41957dfa52a,4
69825516c835c41957dfa511,69825516c835c41957dfa42e,2
69825516c835c41957dfa511,69825516c835c41957dfa428,1
69825516c835c41957dfa511,69825516c835c41957dfe1a0,1
69825516c835c41957dfa511,69825516c835c41957dfa4ba,2
69825516c835c41957dfa511,69825516c835c41957dfa3f7,2
69825516c835c41957dfa511,69825516c835c41957dfa429,1
69825516c835c41957dfa511,69825516c835c41957dfa4bc,3
69825516c835c41957dfa511,69825516c835c41957dfa466,2
69825516c835c41957dfa511,69825516c835c41957dfa42d,1
69825516c835c41957dfd0c7,69825516c835c41957dfc91e,1
69825516c835c41957dfd0c7,69825517c835c41957e00c9b,1
69825517c835c41957e0161b,69825517c835c41957e01662,2
69825517c835c41957e0161b,69825517c835c41957e015d3,2
69825517c835c41957e0161b,69825517c835c41957e0157c,1
69825517c835c41957e0161b,69825517c835c41957e01661,2
69825517c835c41957e0161b,69825517c835c41957e015b0,2
69825517c835c41957e0161b,69825517c835c41957e01617,2
69825517c835c41957e0161b,69825517c835c41957e015db,1
69825517c835c41957e0161b,69825517c835c41957e01644,3
69825517c835c41957e0161b,69825517c835c41957e016ba,1
69825517c835c41957e0161b,69825517c835c41957e016d1,2
69825517c835c41957e0161b,69825517c835c41957e01645,2
69825517c835c41957e0161b,69825517c835c41957e015f2,1
69825517c835c41957e0161b,69825517c835c41957e016aa,1
69825517c835c41957e0161b,69825517c835c41957e016b3,1
69825517c835c41957e0161b,69825517c835c41957e016b7,4
69825517c835c41957e0161b,69825517c835c41957e015a4,4
69825517c835c41957e0161b,69825517c835c41957e0161f,4
69825517c835c41957e0161b,69825517c835c41957e0168f,2
69825516c835c41957dfd743,69825517c835c41957e00bfb,1
69825516c835c41957dfd743,69825516c835c41957dfdcf6,1
69825516c835c41957dfd743,69825517c835c41957e013ee,1
69825517c835c41957e006bc,69825517c835c41957dffc3a,2
69825517c835c41957e006bc,69825517c835c41957dffb4a,1
69825516c835c41957dfd0cf,69825516c835c41957dff253,1
69825516c835c41957dfd0cf,69825516c835c41957dff2c0,1
69825516c835c41957dfd0cf,69825516c835c41957dfdbbc,1
69825516c835c41957dfd0cf,69825516c835c41957dfb78d,1
69825516c835c41957dfd0cf,69825516c835c41957dfb7b7,1
69825516c835c41957dfd0cf,69825516c835c41957dfc98a,1
69825516c835c41957dfd0cf,69825516c835c41957dfd305,1
69825516c835c41957dfa42d,69825516c835c41957dfa52a,1
69825516c835c41957dfa42d,69825516c835c41957dfa47c,1
69825516c835c41957dfa42d,69825516c835c41957dfa4ba,3
69825516c835c41957dfa42d,69825516c835c41957dfa465,1
69825516c835c41957dfa42d,69825516c835c41957dfa429,3
69825516c835c41957dfa42d,69825516c835c41957dfa4bc,3
69825516c835c41957dfa42d,69825516c835c41957dfa42e,1
69825516c835c41957dfa42d,69825516c835c41957dfa428,1
69825516c835c41957dfa42d,69825516c835c41957dfcd56,1
69825516c835c41957dfa42d,69825516c835c41957dfa3f7,1
69825516c835c41957dfa42d,69825516c835c41957dfa466,2
69825517c835c41957e00d4d,69825516c835c41957dfc5a2,1
69825517c835c41957e00d4d,69825517c835c41957e00d4f,1
69825517c835c41957e00d4d,69825517c835c41957e00348,1
69825517c835c41957e00d4d,69825516c835c41957dfc207,1
69825517c835c41957e00d4d,69825516c835c41957dfc572,1
69825517c835c41957e00d4d,69825516c835c41957dfc571,1
69825517c835c41957e00d4d,69825516c835c41957dfc5a3,1
69825517c835c41957e00d4d,69825517c835c41957e007bf,1
69825517c835c41957e00d4d,69825516c835c41957dfe76d,1
69825517c835c41957e00d4d,69825516c835c41957dfba0e,1
69825516c835c41957dfc5a2,69825517c835c41957e00d4f,1
69825516c835c41957dfc5a2,69825517c835c41957e00348,1
69825516c835c41957dfc5a2,69825516c835c41957dfc207,1
69825516c835c41957dfc5a2,69825516c835c41957dfc572,1
69825516c835c41957dfc5a2,69825516c835c41957dfc571,1
69825516c835c41957dfc5a2,69825516c835c41957dfc5a3,1
69825516c835c41957dfc5a2,69825517c835c41957e007bf,1
69825516c835c41957dfc5a2,69825516c835c41957dfe76d,1
69825516c835c41957dfc5a2,69825516c835c41957dfba0e,1
69825517c835c41957dffb7f,69825516c835c41957dfeee7,1
69825516c835c41957dfd5ce,69825517c835c41957e012c6,1
69825516c835c41957dfd5ce,69825516c835c41957dfa5a2,1
69825516c835c41957df9e26,69825516c835c41957dfd742,1
69825516c835c41957dfcce3,69825516c835c41957dff398,1
69825516c835c41957dfcce3,69825516c835c41957dff39e,1
69825516c835c41957dfcce3,69825517c835c41957dff437,1
69825516c835c41957dfcce3,69825516c835c41957dfa4c5,2
69825516c835c41957dfcce3,69825516c835c41957dfd5c6,1
69825516c835c41957dfcce3,69825516c835c41957dfa390,2
69825516c835c41957dfcce3,69825516c835c41957dfa50f,1
69825516c835c41957dfcce3,69825517c835c41957e0132e,2
69825516c835c41957dfe5e5,69825516c835c41957df9c99,1
69825516c835c41957dfe5e5,69825516c835c41957dfe795,1
69825517c835c41957e01a28,69825516c835c41957dfac2c,2
69825517c835c41957e01a28,69825517c835c41957e01198,1
69825517c835c41957e01a27,69825517c835c41957e00dec,2
69825517c835c41957e01a27,69825516c835c41957dfad0f,1
69825517c835c41957e01807,69825517c835c41957e0080a,1
69825517c835c41957e01807,69825517c835c41957e01804,1
69825517c835c41957e01807,69825517c835c41957dffc89,1
69825516c835c41957dfc843,69825516c835c41957dfb5bf,1
69825516c835c41957dfc843,69825517c835c41957e003a7,1
69825516c835c41957dfc843,69825516c835c41957dfc84a,1
69825516c835c41957dfc843,69825516c835c41957dfc802,1
69825517c835c41957dffc5c,69825516c835c41957dfee01,1
69825517c835c41957dffc5c,69825516c835c41957dfe7ff,1
69825517c835c41957dffc5c,69825516c835c41957dfdd91,1
69825517c835c41957dffc5c,69825516c835c41957dfbfed,1
69825517c835c41957dffc5c,69825516c835c41957dfd2dc,1
69825517c835c41957e01990,69825517c835c41957e019ef,1
69825517c835c41957e01990,69825516c835c41957dfb7e4,1
69825516c835c41957dfa4bc,69825516c835c41957dfe6d3,1
69825516c835c41957dfa4bc,69825516c835c41957dfa52a,3
69825516c835c41957dfa4bc,69825516c835c41957dfe4b4,1
69825516c835c41957dfa4bc,69825516c835c41957dfe66f,1
69825516c835c41957dfa4bc,69825516c835c41957dfa47c,2
69825516c835c41957dfa4bc,69825516c835c41957dfa4ba,4
69825516c835c41957dfa4bc,69825516c835c41957dfa465,2
69825516c835c41957dfa4bc,69825516c835c41957dfa429,2
69825516c835c41957dfa4bc,69825517c835c41957e0106c,1
69825516c835c41957dfa4bc,69825516c835c41957dfa42e,4
69825516c835c41957dfa4bc,69825516c835c41957dfa428,3
69825516c835c41957dfa4bc,69825516c835c41957dfe6d4,1
69825516c835c41957dfa4bc,69825516c835c41957dfa522,1
69825516c835c41957dfa4bc,69825516c835c41957dfe78c,1
69825516c835c41957dfa4bc,69825516c835c41957dfa466,3
69825516c835c41957dfa4bc,69825516c835c41957dfefed,1
69825517c835c41957dffe7b,69825516c835c41957dfc0cc,2
69825517c835c41957dffe7b,69825516c835c41957dfbb45,1
69825516c835c41957dfa559,69825516c835c41957dfa553,1
69825516c835c41957dfa559,69825517c835c41957dffb5f,1
69825516c835c41957dfa559,69825516c835c41957dff01f,1
69825516c835c41957dfa559,69825516c835c41957dfd0bb,2
69825516c835c41957dfa559,69825516c835c41957dfa56f,1
69825516c835c41957dfc609,69825516c835c41957dfc5d0,1
69825516c835c41957dfdd1f,69825516c835c41957dfdd86,1
69825516c835c41957dfdd1f,69825516c835c41957dfee8d,1
69825516c835c41957dfdd1f,69825516c835c41957dfa5a4,2
69825516c835c41957dfdd1f,69825516c835c41957dfdd8c,1
69825516c835c41957dfdd1f,69825516c835c41957dfb9af,2
69825516c835c41957dfdd1f,69825517c835c41957dff86a,1
69825516c835c41957dfdd1f,69825516c835c41957dfb62b,1
69825516c835c41957dfdd1f,69825516c835c41957dfa821,1
69825516c835c41957dfdd1f,69825517c835c41957dff863,1
69825516c835c41957dfdd1f,69825516c835c41957dfdd52,1
69825516c835c41957dfa578,69825516c835c41957dfa860,1
69825516c835c41957dfa578,69825516c835c41957dfa3f9,2
69825516c835c41957dfa578,69825516c835c41957dfa4cd,1
69825517c835c41957dff524,69825516c835c41957dfda9a,1
69825517c835c41957dffd62,69825517c835c41957dffd58,2
69825517c835c41957dffd62,69825517c835c41957dffd60,2
69825517c835c41957dffd62,69825517c835c41957dffd4f,2
69825517c835c41957dffd62,69825517c835c41957e012a7,1
69825517c835c41957dffd62,69825517c835c41957dffd50,2
69825517c835c41957dffd62,69825517c835c41957dffd59,2
69825517c835c41957dffd62,69825517c835c41957dffd3c,2
69825517c835c41957dffd62,69825517c835c41957dffd39,2
69825517c835c41957dffd62,69825517c835c41957dffd64,2
69825517c835c41957dffd62,69825517c835c41957dffd3f,2
69825517c835c41957dffd62,69825517c835c41957dffd53,2
69825516c835c41957dfe1a7,69825517c835c41957e001e5,1
69825516c835c41957dfa054,69825516c835c41957dfa076,4
69825516c835c41957dfa054,69825517c835c41957e00e3f,4
69825516c835c41957dfa054,69825516c835c41957dfa073,4
69825516c835c41957dfa054,69825517c835c41957e00f20,4
69825516c835c41957dfa054,69825516c835c41957dfa08c,4
69825516c835c41957dfce4e,69825516c835c41957dfcd4d,1
69825516c835c41957dfce4e,69825517c835c41957e00524,1
69825516c835c41957dfce4e,69825516c835c41957dfa636,2
69825516c835c41957dfce4e,69825517c835c41957e00525,1
69825516c835c41957dfce4e,69825516c835c41957dfe7d1,1
69825516c835c41957dfce4e,69825516c835c41957dfd19c,1
69825516c835c41957dfe7ff,69825517c835c41957e00dc0,1
69825516c835c41957dfe7ff,69825516c835c41957dfd2df,1
69825516c835c41957dfe7ff,69825517c835c41957e019f3,1
69825516c835c41957dfe7ff,69825517c835c41957dff910,1
69825516c835c41957dfe7ff,69825516c835c41957dfc990,1
69825516c835c41957dfe7ff,69825516c835c41957dfd069,1
69825516c835c41957dfe7ff,69825516c835c41957dfef52,1
69825516c835c41957dfe7ff,69825516c835c41957dff145,1
69825516c835c41957dfe7ff,69825517c835c41957dffef9,1
69825516c835c41957dfe7ff,69825516c835c41957dfa7ad,1
69825516c835c41957dfe7ff,69825516c835c41957dfd307,1
69825516c835c41957dfe7ff,69825516c835c41957dfef51,1
69825516c835c41957dfe7ff,69825516c835c41957dfb7ac,1
69825516c835c41957dfe7ff,69825516c835c41957dfbf53,1
69825516c835c41957dfe7ff,69825516c835c41957dfd892,1
69825516c835c41957dfe7ff,69825517c835c41957dff40f,1
69825516c835c41957dfe7ff,69825517c835c41957dff402,1
69825516c835c41957dfe7ff,69825516c835c41957dfccb0,1
69825516c835c41957dfe7ff,69825517c835c41957e00a30,1
69825516c835c41957dfe7ff,69825516c835c41957dfa333,1
69825516c835c41957dfe7ff,69825516c835c41957dfc98b,1
69825516c835c41957dfe7ff,69825517c835c41957e01add,1
69825516c835c41957dfe7ff,69825516c835c41957dfd2dc,19
69825516c835c41957dfe7ff,69825516c835c41957dfe848,2
69825516c835c41957dfe7ff,69825516c835c41957dfaa76,1
69825516c835c41957dfe7ff,69825516c835c41957dfef62,1
69825516c835c41957dfe7ff,69825517c835c41957dff465,2
69825516c835c41957dfe7ff,69825516c835c41957df9e4a,1
69825516c835c41957dfb805,69825516c835c41957dfe848,1
69825516c835c41957dfb805,69825516c835c41957dfb7aa,1
69825516c835c41957dfb805,69825516c835c41957dfd961,1
69825516c835c41957dfb805,69825516c835c41957dfe849,1
69825516c835c41957dfb805,69825516c835c41957dfa2f0,1
69825517c835c41957dffd51,69825517c835c41957dffd37,2
69825517c835c41957dffd51,69825517c835c41957dffd56,2
69825517c835c41957dffd51,69825517c835c41957dffd4d,2
69825516c835c41957dfc145,69825516c835c41957dfb9f8,1
69825516c835c41957dfa49d,69825516c835c41957dff355,4
69825516c835c41957dfa49d,69825516c835c41957dfbde1,1
69825516c835c41957dfa49d,69825516c835c41957dfca2b,2
69825516c835c41957dfa49d,69825516c835c41957dfa409,1
69825516c835c41957dfa49d,69825516c835c41957dfd343,1
69825516c835c41957dfa49d,69825516c835c41957dfe849,1
69825516c835c41957dfa49d,69825516c835c41957dfe793,1
69825516c835c41957dfa49d,69825517c835c41957e002a8,2
69825516c835c41957dfa49d,69825516c835c41957dfa2f0,1
69825517c835c41957e015d3,69825517c835c41957e01662,2
69825517c835c41957e015d3,69825517c835c41957e0157c,1
69825517c835c41957e015d3,69825517c835c41957e01661,1
69825517c835c41957e015d3,69825517c835c41957e015b0,2
69825517c835c41957e015d3,69825517c835c41957e01617,1
69825517c835c41957e015d3,69825517c835c41957e015db,1
69825517c835c41957e015d3,69825517c835c41957e01644,2
69825517c835c41957e015d3,69825517c835c41957e016d1,1
69825517c835c41957e015d3,69825517c835c41957e01645,1
69825517c835c41957e015d3,69825517c835c41957e016aa,1
69825517c835c41957e015d3,69825517c835c41957e016b7,2
69825517c835c41957e015d3,69825517c835c41957e015a4,2
69825517c835c41957e015d3,69825517c835c41957e0161f,2
69825517c835c41957e015d3,69825517c835c41957e0168f,1
69825516c835c41957dfe0e9,69825516c835c41957dfedaa,2
69825516c835c41957dfe0e9,69825517c835c41957dff962,1
69825516c835c41957dfe0e9,69825517c835c41957dff964,1
69825516c835c41957dfe0e9,69825517c835c41957dffc78,1
69825516c835c41957dfe0e9,69825516c835c41957dfe0e5,3
69825516c835c41957dfe0e9,69825517c835c41957dff963,1
69825516c835c41957dfe0e9,69825517c835c41957dff966,1
69825516c835c41957dfe0e9,69825516c835c41957dfedab,2
69825516c835c41957dfe0e9,69825516c835c41957dfd405,2
69825516c835c41957dfee8d,69825516c835c41957dfdd86,1
69825516c835c41957dfee8d,69825516c835c41957dfa5a4,2
69825516c835c41957dfee8d,69825516c835c41957dfdd8c,1
69825516c835c41957dfee8d,69825516c835c41957dfb9af,2
69825516c835c41957dfee8d,69825517c835c41957dff86a,1
69825516c835c41957dfee8d,69825516c835c41957dfb62b,1
69825516c835c41957dfee8d,69825516c835c41957dfa821,1
69825516c835c41957dfee8d,69825517c835c41957dff863,1
69825516c835c41957dfee8d,69825516c835c41957dfdd52,1
69825516c835c41957dfe772,69825517c835c41957e00dc0,1
69825516c835c41957dfe772,69825517c835c41957e00d01,2
69825516c835c41957dfe772,69825516c835c41957dfc00c,1
69825516c835c41957dfa9b6,69825517c835c41957e019ff,1
69825516c835c41957dfa9b6,69825516c835c41957dfbc9f,1
69825516c835c41957dfa4fc,69825516c835c41957dfa48c,1
69825516c835c41957dfa4fc,69825517c835c41957e00a2a,1
69825516c835c41957dfa4fc,69825516c835c41957dff398,1
69825516c835c41957dfa4fc,69825516c835c41957dfd2fc,1
69825516c835c41957dfa4fc,69825516c835c41957dfa356,5
69825516c835c41957dfa4fc,69825516c835c41957dfa390,1
69825516c835c41957dfa4fc,69825517c835c41957dffdfa,1
69825516c835c41957dfa4fc,69825517c835c41957e0132e,1
69825517c835c41957e016aa,69825517c835c41957e01662,1
69825517c835c41957e016aa,69825517c835c41957e01661,1
69825517c835c41957e016aa,69825517c835c41957e016d5,1
69825517c835c41957e016aa,69825517c835c41957e015c0,1
69825517c835c41957e016aa,69825517c835c41957e01690,1
69825517c835c41957e016aa,69825517c835c41957e01644,1
69825517c835c41957e016aa,69825517c835c41957e015da,1
69825517c835c41957e016aa,69825517c835c41957e01622,1
69825517c835c41957e016aa,69825517c835c41957e016b7,1
69825517c835c41957e016aa,69825517c835c41957e015a4,1
69825517c835c41957e016aa,69825517c835c41957e0161f,1
69825517c835c41957e016aa,69825517c835c41957e0157c,1
69825517c835c41957e016aa,69825517c835c41957e015b0,1
69825517c835c41957e016aa,69825517c835c41957e01617,1
69825517c835c41957e016aa,69825517c835c41957e016d1,1
69825517c835c41957e016aa,69825517c835c41957e01600,1
69825517c835c41957e016aa,69825516c835c41957dfa7f4,1
69825517c835c41957e016aa,69825517c835c41957e0168f,1
69825516c835c41957dfd17f,69825517c835c41957e0022c,2
69825516c835c41957dfd17f,69825516c835c41957dfd0cd,3
69825516c835c41957dfbc27,69825516c835c41957dfbc20,1
69825516c835c41957dfbc27,69825516c835c41957dfbbb2,1
69825516c835c41957dfbc27,69825516c835c41957dfbbea,1
69825516c835c41957dfbc27,69825516c835c41957dfbc2c,1
69825516c835c41957dfbc27,69825516c835c41957dfbbe4,1
69825516c835c41957dfbc27,69825516c835c41957dfbc0e,1
69825516c835c41957dfbc27,69825516c835c41957dfbc1b,1
69825516c835c41957dfbc27,69825516c835c41957dfbbba,1
69825516c835c41957dfbc27,69825516c835c41957dfbc0f,1
69825516c835c41957dfbc27,69825516c835c41957dfbbb8,1
69825516c835c41957dfbc27,69825516c835c41957dfbbc3,1
69825516c835c41957dfbc27,69825516c835c41957dfbbb7,1
69825516c835c41957dfdc15,69825516c835c41957dfd889,1
69825516c835c41957dfdc15,69825516c835c41957dfef54,1
69825516c835c41957dfdc15,69825517c835c41957e0088e,1
69825516c835c41957dfdc15,69825516c835c41957dfe123,1
69825516c835c41957dfdc15,69825516c835c41957dfa352,5
69825516c835c41957dfdc15,69825516c835c41957dfd70f,1
69825516c835c41957dfdc15,69825516c835c41957dfdfa6,1
69825516c835c41957dfdc15,69825516c835c41957dfe802,1
69825516c835c41957dfdc15,69825517c835c41957dff88b,1
69825516c835c41957dfdc15,69825517c835c41957e00628,1
69825516c835c41957dfdc15,69825517c835c41957dffb45,1
69825516c835c41957dfdc15,69825517c835c41957e0042c,1
69825517c835c41957e005f7,69825516c835c41957dfa528,1
69825516c835c41957dfaa76,69825516c835c41957dfaa2c,1
69825516c835c41957dfaa76,69825517c835c41957e00a30,1
69825516c835c41957dfaa76,69825517c835c41957dff930,1
69825516c835c41957dfaa76,69825516c835c41957dfef52,1
69825516c835c41957dfaa76,69825516c835c41957dfb917,1
69825516c835c41957dfaa76,69825516c835c41957dfe848,1
69825516c835c41957dfaa76,69825516c835c41957dfaa2f,1
69825516c835c41957dfaa76,69825516c835c41957dfef62,1
69825516c835c41957dfaa76,69825516c835c41957dfeefa,1
69825516c835c41957dfaa76,69825516c835c41957dfaa2d,1
69825516c835c41957dfaa76,69825517c835c41957e0047e,1
69825516c835c41957dfaa76,69825516c835c41957dfd892,1
69825516c835c41957dfd8f2,69825516c835c41957dfa593,1
69825516c835c41957dfd8f2,69825517c835c41957dffb7c,1
69825516c835c41957dfd8f2,69825516c835c41957dff2c0,1
69825516c835c41957dfd8f2,69825516c835c41957dfdbbc,1
69825516c835c41957dfd8f2,69825516c835c41957dfa2f0,1
69825516c835c41957dfd8f2,69825516c835c41957dfd305,1
69825516c835c41957dff0a2,69825516c835c41957dff0dc,1
69825516c835c41957dff0a2,69825516c835c41957dff0b1,1
69825516c835c41957dff0a2,69825516c835c41957dff0ba,1
69825516c835c41957dff0a2,69825516c835c41957dff05e,1
69825516c835c41957dff0a2,69825516c835c41957dff069,1
69825516c835c41957dff0a2,69825516c835c41957dff063,1
69825516c835c41957dff0a2,69825516c835c41957dff06c,1
69825516c835c41957dff0a2,69825516c835c41957dff070,1
69825516c835c41957dff0a2,69825516c835c41957dff090,1
69825516c835c41957dff0a2,69825516c835c41957dff0cd,1
69825516c835c41957dff0a2,69825516c835c41957dff0cf,1
69825516c835c41957dff0a2,69825516c835c41957dff0c8,1
69825516c835c41957dff0a2,69825516c835c41957dff05f,1
69825516c835c41957dff0a2,69825516c835c41957dff071,1
69825516c835c41957dff0a2,69825516c835c41957dff0de,1
69825516c835c41957dff0a2,69825516c835c41957dff091,1
69825516c835c41957dff0a2,69825516c835c41957dff080,1
69825516c835c41957dff0a2,69825516c835c41957dff064,1
69825516c835c41957dff0a2,69825516c835c41957dff0b2,1
69825516c835c41957dff0a2,69825516c835c41957dff09e,1
69825516c835c41957dff0a2,69825516c835c41957dff072,1
69825516c835c41957dff0a2,69825516c835c41957dff09d,1
69825516c835c41957dff0a2,69825516c835c41957dff0db,1
69825516c835c41957dff0a2,69825516c835c41957dff077,1
69825516c835c41957dff0a2,69825516c835c41957dff08f,1
69825516c835c41957dff0a2,69825516c835c41957dff06f,2
69825516c835c41957dff0a2,69825516c835c41957dff0d9,2
69825516c835c41957dff0a2,69825516c835c41957dff0d1,1
69825516c835c41957dfe60b,69825516c835c41957dfe60a,1
69825516c835c41957dfe60b,69825516c835c41957dfe49a,1
69825516c835c41957dfe60b,69825516c835c41957dfb664,1
69825516c835c41957dfe60b,69825516c835c41957dfd269,1
69825516c835c41957dfd223,69825516c835c41957dfd23d,4
69825516c835c41957dfb815,69825516c835c41957dfcd4b,2
69825516c835c41957dfa4c5,69825516c835c41957dff398,1
69825516c835c41957dfa4c5,69825516c835c41957dff39e,1
69825516c835c41957dfa4c5,69825516c835c41957dfd5c6,1
69825516c835c41957dfa4c5,69825516c835c41957dfa390,1
69825516c835c41957dfa4c5,69825516c835c41957dfa50f,1
69825516c835c41957dfa4c5,69825517c835c41957e0132e,2
69825517c835c41957dff45e,69825516c835c41957dfc503,1
69825517c835c41957dff45e,69825517c835c41957e00dba,1
69825517c835c41957dff45e,69825516c835c41957dfdb38,1
69825517c835c41957e00b24,69825516c835c41957dff0a1,1
69825517c835c41957e00b24,69825516c835c41957dfe01c,2
69825517c835c41957e00b24,69825517c835c41957e011d2,1
69825517c835c41957e00b24,69825516c835c41957dfd1f3,1
69825517c835c41957e00b24,69825516c835c41957dfcc8e,1
69825517c835c41957e00b24,69825516c835c41957dff286,1
69825517c835c41957e00b24,69825516c835c41957dfc990,1
69825517c835c41957e00b24,69825516c835c41957dfb784,1
69825517c835c41957e00b24,69825517c835c41957e00f7f,1
69825517c835c41957e00b24,69825516c835c41957dfd71c,1
69825517c835c41957e00b24,69825517c835c41957e006bf,1
69825516c835c41957dfccaf,69825516c835c41957dfb3f4,1
69825516c835c41957dfe1d7,69825516c835c41957dfe210,1
69825516c835c41957dfa495,69825516c835c41957dfd9e2,1
69825516c835c41957dfa495,69825516c835c41957dfd2e2,2
69825516c835c41957dfa495,69825516c835c41957dfe718,1
69825516c835c41957dfb969,69825516c835c41957dfd00c,2
69825516c835c41957dfb969,69825517c835c41957dffb53,1
69825516c835c41957dfe1ed,69825516c835c41957dff009,1
69825516c835c41957dfe1ed,69825516c835c41957dfefc1,1
69825516c835c41957dfe1ed,69825516c835c41957dff00a,1
69825516c835c41957dfe226,69825516c835c41957dfba9f,1
69825516c835c41957dfe226,69825516c835c41957dfe1dc,1
69825516c835c41957dfe226,69825516c835c41957dfe206,1
69825516c835c41957dfe226,69825516c835c41957dfe1f4,1
69825516c835c41957dfe226,69825517c835c41957dff6be,1
69825516c835c41957dfbbea,69825516c835c41957dfbc20,1
69825516c835c41957dfbbea,69825516c835c41957dfbbb2,1
69825516c835c41957dfbbea,69825516c835c41957dfbc2c,1
69825516c835c41957dfbbea,69825516c835c41957dfbbe4,1
69825516c835c41957dfbbea,69825516c835c41957dfbc0e,1
69825516c835c41957dfbbea,69825516c835c41957dfbc1b,1
69825516c835c41957dfbbea,69825516c835c41957dfbbba,1
69825516c835c41957dfbbea,69825516c835c41957dfbc0f,1
69825516c835c41957dfbbea,69825516c835c41957dfbbb8,1
69825516c835c41957dfbbea,69825516c835c41957dfbbc3,1
69825516c835c41957dfbbea,69825516c835c41957dfbbb7,1
69825516c835c41957dfe1f6,69825517c835c41957e01739,1
69825516c835c41957dfe1f6,69825516c835c41957dfe48d,1
69825516c835c41957dfe1f6,69825516c835c41957dfd60b,1
69825516c835c41957dfe1f6,69825516c835c41957dfe21b,2
69825516c835c41957dfe1f6,69825516c835c41957dfe486,1
69825516c835c41957dff05e,69825516c835c41957dff0dc,1
69825516c835c41957dff05e,69825516c835c41957dff0b1,1
69825516c835c41957dff05e,69825516c835c41957dff0ba,1
69825516c835c41957dff05e,69825516c835c41957dff069,1
69825516c835c41957dff05e,69825516c835c41957dff063,1
69825516c835c41957dff05e,69825516c835c41957dff06c,1
69825516c835c41957dff05e,69825516c835c41957dff070,1
69825516c835c41957dff05e,69825516c835c41957dff090,1
69825516c835c41957dff05e,69825516c835c41957dff0cd,1
69825516c835c41957dff05e,69825516c835c41957dff0cf,1
69825516c835c41957dff05e,69825516c835c41957dff0c8,1
69825516c835c41957dff05e,69825516c835c41957dff05f,1
69825516c835c41957dff05e,69825516c835c41957dff071,1
69825516c835c41957dff05e,69825516c835c41957dff0de,1
69825516c835c41957dff05e,69825516c835c41957dff091,1
69825516c835c41957dff05e,69825516c835c41957dff080,1
69825516c835c41957dff05e,69825516c835c41957dff064,1
69825516c835c41957dff05e,69825516c835c41957dff0b2,1
69825516c835c41957dff05e,69825516c835c41957dff09e,1
69825516c835c41957dff05e,69825516c835c41957dff072,1
69825516c835c41957dff05e,69825516c835c41957dff09d,1
69825516c835c41957dff05e,69825516c835c41957dff0db,1
69825516c835c41957dff05e,69825516c835c41957dff077,1
69825516c835c41957dff05e,69825516c835c41957dff08f,1
69825516c835c41957dff05e,69825516c835c41957dff06f,1
69825516c835c41957dff05e,69825516c835c41957dff0d9,1
69825516c835c41957dff05e,69825516c835c41957dff0d1,1
69825516c835c41957dfb784,69825516c835c41957dfe01c,1
69825516c835c41957dfb784,69825516c835c41957dfcc8e,1
69825516c835c41957dfb784,69825516c835c41957dff286,1
69825516c835c41957dfb784,69825516c835c41957dfc990,1
69825516c835c41957dfb784,69825516c835c41957dfd71c,1
69825516c835c41957dfb784,69825517c835c41957e006bf,1
69825517c835c41957e00711,69825517c835c41957e00710,1
69825516c835c41957dfa487,69825516c835c41957dfee1b,3
69825516c835c41957dfa487,69825516c835c41957dfe719,3
69825516c835c41957dfa0df,69825517c835c41957dffbfa,1
69825516c835c41957dfbb84,69825516c835c41957dfd2f5,1
69825516c835c41957dfbb84,69825516c835c41957dfa1f8,1
69825516c835c41957dfbb84,69825516c835c41957dfeeef,1
69825516c835c41957dfbb84,69825517c835c41957dff799,1
69825516c835c41957dfe1ff,69825516c835c41957dfe1f9,2
69825516c835c41957dfe1ff,69825516c835c41957dfc601,1
69825516c835c41957dfe1ff,69825516c835c41957dfe497,1
69825516c835c41957dfe1ff,69825516c835c41957dfe1f5,1
69825516c835c41957dfe1ff,69825516c835c41957dfe207,2
69825516c835c41957dfe1ff,69825516c835c41957dfe1f8,2
69825516c835c41957dfe1ff,69825516c835c41957dfe1fb,2
69825516c835c41957dfba91,69825516c835c41957dfc991,1
69825516c835c41957dfd0cd,69825517c835c41957e0022c,3
69825516c835c41957dfe719,69825516c835c41957dfee1b,4
69825516c835c41957dfe719,69825516c835c41957dfd34c,1
69825516c835c41957dfc503,69825517c835c41957e00dba,1
69825516c835c41957dfc503,69825516c835c41957dfdb38,1
69825516c835c41957dfb940,69825517c835c41957dffb1e,1
69825516c835c41957dfb940,69825516c835c41957df9c99,1
69825516c835c41957dfb940,69825517c835c41957e01001,1
69825516c835c41957dfb940,69825516c835c41957dfb915,6
69825516c835c41957dfb940,69825516c835c41957dfef50,1
69825517c835c41957dff40f,69825517c835c41957e00dc0,1
69825517c835c41957dff40f,69825516c835c41957dfcd49,2
69825517c835c41957dff40f,69825516c835c41957dfb793,1
69825517c835c41957dff40f,69825517c835c41957dff402,2
69825517c835c41957dff40f,69825517c835c41957e00a30,2
69825517c835c41957dff40f,69825516c835c41957dfef59,1
69825517c835c41957dff40f,69825516c835c41957dfd2dc,1
69825517c835c41957dff40f,69825516c835c41957dfa7ad,2
69825517c835c41957dff40f,69825516c835c41957dfe848,3
69825517c835c41957dff40f,69825517c835c41957e0098b,2
69825517c835c41957dff40f,69825517c835c41957dffc2f,2
69825517c835c41957dff40f,69825516c835c41957dfb7ab,1
69825517c835c41957dff40f,69825516c835c41957dfd30e,2
69825517c835c41957dff40f,69825516c835c41957dfbf53,8
69825517c835c41957dff40f,69825517c835c41957e00c0a,1
69825516c835c41957dfa860,69825516c835c41957dfba04,3
69825516c835c41957dfa860,69825516c835c41957dfbae2,3
69825516c835c41957dfa860,69825516c835c41957dfdbc1,1
69825516c835c41957dfa860,69825517c835c41957dffc02,1
69825516c835c41957dfa860,69825516c835c41957dfa3f9,1
69825516c835c41957dfa860,69825516c835c41957dfe4fc,1
69825516c835c41957dfa860,69825516c835c41957dfab42,2
69825516c835c41957dfa860,69825517c835c41957e0061b,3
69825516c835c41957dfb23d,69825516c835c41957dfedaf,1
69825516c835c41957dfb23d,69825516c835c41957dfeff3,1
69825516c835c41957dfdd43,69825516c835c41957dfca20,3
69825517c835c41957e003a9,69825516c835c41957dfd907,1
69825517c835c41957e003a9,69825517c835c41957e006dd,1
69825517c835c41957e012c6,69825516c835c41957dfa5a2,1
69825517c835c41957dff797,69825516c835c41957dfc934,3
69825517c835c41957dff797,69825516c835c41957dfef4f,15
69825517c835c41957e01645,69825517c835c41957e01662,1
69825517c835c41957e01645,69825517c835c41957e015b0,1
69825517c835c41957e01645,69825517c835c41957e015db,1
69825517c835c41957e01645,69825517c835c41957e01644,1
69825517c835c41957e01645,69825517c835c41957e016ba,1
69825517c835c41957e01645,69825517c835c41957e016d1,1
69825517c835c41957e01645,69825517c835c41957e015f2,1
69825517c835c41957e01645,69825517c835c41957e016b3,1
69825517c835c41957e01645,69825517c835c41957e016b7,2
69825517c835c41957e01645,69825517c835c41957e015a4,2
69825517c835c41957e01645,69825517c835c41957e0161f,2
69825516c835c41957dfca6d,69825517c835c41957e0174c,1
69825516c835c41957dfca6d,69825516c835c41957dfca6c,2
69825517c835c41957e00c25,69825516c835c41957dfd75a,1
69825516c835c41957dfe76d,69825517c835c41957e00d4f,1
69825516c835c41957dfe76d,69825517c835c41957e00348,1
69825516c835c41957dfe76d,69825516c835c41957dfc207,1
69825516c835c41957dfe76d,69825516c835c41957dfc572,1
69825516c835c41957dfe76d,69825516c835c41957dfc571,1
69825516c835c41957dfe76d,69825516c835c41957dfc5a3,2
69825516c835c41957dfe76d,69825517c835c41957e007bf,1
69825516c835c41957dfe76d,69825516c835c41957dfba0e,1
69825516c835c41957dfe2d0,69825516c835c41957dfccb0,1
69825516c835c41957dfe2d0,69825516c835c41957dfa4dd,1
69825516c835c41957dfe2d0,69825516c835c41957dfdbbc,1
69825516c835c41957dfe2d0,69825517c835c41957e00222,1
69825516c835c41957dfe2d0,69825516c835c41957dfb443,1
69825516c835c41957dfc061,69825516c835c41957dfd11f,1
69825516c835c41957dfabe7,69825516c835c41957dfed7b,1
69825516c835c41957dfc08b,69825516c835c41957dfc1b2,1
69825517c835c41957e006bd,69825517c835c41957dffc3a,1
69825516c835c41957dfd71e,69825516c835c41957dfa8d4,1
69825517c835c41957dffbee,69825517c835c41957dffbfe,1
69825516c835c41957dfd2df,69825517c835c41957dff910,1
69825516c835c41957dfd2df,69825516c835c41957dfccb0,1
69825516c835c41957dfd2df,69825516c835c41957dfd307,1
69825516c835c41957dfd2df,69825516c835c41957dfef51,1
69825516c835c41957dfd2df,69825517c835c41957dff465,1
69825516c835c41957dfd2df,69825516c835c41957dfc98b,1
69825516c835c41957dfd2df,69825516c835c41957dff145,1
69825516c835c41957dfd2df,69825516c835c41957dfd2dc,1
69825516c835c41957dfa5a4,69825516c835c41957dfa38e,1
69825516c835c41957dfa5a4,69825516c835c41957dfdd86,1
69825516c835c41957dfa5a4,69825516c835c41957df9e61,2
69825516c835c41957dfa5a4,69825516c835c41957dfba05,1
69825516c835c41957dfa5a4,69825517c835c41957dff4bf,1
69825516c835c41957dfa5a4,69825517c835c41957e010a7,1
69825516c835c41957dfa5a4,69825516c835c41957dfb5b1,1
69825516c835c41957dfa5a4,69825517c835c41957e00f1e,1
69825516c835c41957dfa5a4,69825516c835c41957dfd3f8,1
69825516c835c41957dfa5a4,69825517c835c41957e00da9,1
69825516c835c41957dfa5a4,69825516c835c41957dfe795,1
69825516c835c41957dfa5a4,69825517c835c41957dff863,1
69825516c835c41957dfa5a4,69825516c835c41957dfa375,1
69825516c835c41957dfa5a4,69825516c835c41957df9c99,1
69825516c835c41957dfa5a4,69825517c835c41957e00ded,1
69825516c835c41957dfa5a4,69825516c835c41957dfdd8c,1
69825516c835c41957dfa5a4,69825516c835c41957dfa8cf,1
69825516c835c41957dfa5a4,69825516c835c41957dfb968,1
69825516c835c41957dfa5a4,69825516c835c41957dfd8e7,4
69825516c835c41957dfa5a4,69825517c835c41957e0189b,2
69825516c835c41957dfa5a4,69825516c835c41957dfb9af,35
69825516c835c41957dfa5a4,69825517c835c41957dff86a,1
69825516c835c41957dfa5a4,69825516c835c41957dfa8a4,4
69825516c835c41957dfa5a4,69825516c835c41957dfb62b,1
69825516c835c41957dfa5a4,69825516c835c41957dfef0f,1
69825516c835c41957dfa5a4,69825516c835c41957dfa821,1
69825516c835c41957dfa5a4,69825516c835c41957dfa813,4
69825516c835c41957dfa5a4,69825516c835c41957dfdd52,1
69825516c835c41957dfab16,69825516c835c41957dfb94b,2
69825516c835c41957dfeeaa,69825516c835c41957dfcdb0,1
69825516c835c41957dfc987,69825516c835c41957dfd2f2,1
69825516c835c41957dfbdfd,69825516c835c41957dfa53b,1
69825516c835c41957dfe690,69825516c835c41957dfe762,1
69825516c835c41957dfe690,69825516c835c41957dfc592,1
69825516c835c41957dfcc9d,69825516c835c41957dfd2f1,1
69825516c835c41957dfcc9d,69825516c835c41957dfa4e0,1
69825516c835c41957dfcc9d,69825516c835c41957dfc98a,1
69825516c835c41957dfe794,69825516c835c41957df9f53,2
69825516c835c41957dfe794,69825517c835c41957e00d08,1
69825516c835c41957dfe794,69825516c835c41957dfd30c,1
69825516c835c41957dfe794,69825516c835c41957dfe79f,2
69825516c835c41957dfe794,69825516c835c41957dfb783,1
69825516c835c41957dfe794,69825517c835c41957e0080a,2
69825516c835c41957dfe794,69825517c835c41957e00f6c,1
69825516c835c41957dfe794,69825516c835c41957dfb7a6,1
69825516c835c41957dfe794,69825517c835c41957dffbd6,1
69825516c835c41957dfe794,69825517c835c41957dff6fc,1
69825517c835c41957e007c1,69825516c835c41957dfa30d,2
69825517c835c41957e007c1,69825516c835c41957dfbd76,2
69825517c835c41957e007c1,69825516c835c41957dfab4b,1
69825516c835c41957df9f7b,69825517c835c41957e001ff,2
69825516c835c41957df9f7b,69825516c835c41957dff1ac,2
69825516c835c41957dfe78c,69825516c835c41957dfe6d3,3
69825516c835c41957dfe78c,69825516c835c41957dfe66f,3
69825516c835c41957dfe78c,69825516c835c41957dfa81b,1
69825516c835c41957dfe78c,69825516c835c41957dfd1f3,1
69825516c835c41957dfe78c,69825517c835c41957e0106c,3
69825516c835c41957dfe78c,69825516c835c41957dfd17b,1
69825516c835c41957dfe78c,69825516c835c41957dfd313,1
69825516c835c41957dfe78c,69825516c835c41957dfd314,1
69825516c835c41957dfe78c,69825516c835c41957dfe6d4,3
69825516c835c41957dfe78c,69825516c835c41957dfd315,1
69825516c835c41957dfe78c,69825516c835c41957dfe429,2
69825516c835c41957dfb98c,69825517c835c41957e00f41,1
69825516c835c41957dfb98c,69825517c835c41957dff4d0,2
69825517c835c41957e003fd,69825516c835c41957dfcf1f,1
69825516c835c41957dfd5a7,69825516c835c41957dfa4d5,1
69825516c835c41957dfd5a7,69825517c835c41957dff882,1
69825516c835c41957dfd5a7,69825516c835c41957dfdd16,2
69825516c835c41957dfd5a7,69825516c835c41957dfa44e,1
69825516c835c41957dfd5a7,69825516c835c41957dfca71,1
69825516c835c41957dfd5a7,69825516c835c41957dfa4d8,1
69825516c835c41957dfd5a7,69825516c835c41957dfa44d,1
69825516c835c41957dfd5a7,69825516c835c41957dfda37,1
69825516c835c41957dfd5a7,69825516c835c41957dfdd11,1
69825516c835c41957dfd5a7,69825516c835c41957dfa536,1
69825516c835c41957dfd5a7,69825516c835c41957dfa3d6,1
69825517c835c41957dffd60,69825517c835c41957dffd58,3
69825517c835c41957dffd60,69825517c835c41957dffd4f,2
69825517c835c41957dffd60,69825517c835c41957e012a7,1
69825517c835c41957dffd60,69825517c835c41957dffd50,2
69825517c835c41957dffd60,69825517c835c41957dffd59,2
69825517c835c41957dffd60,69825517c835c41957dffd3c,2
69825517c835c41957dffd60,69825517c835c41957dffd39,2
69825517c835c41957dffd60,69825517c835c41957dffd64,2
69825517c835c41957dffd60,69825517c835c41957dffd3f,2
69825517c835c41957dffd60,69825517c835c41957dffd53,2
69825516c835c41957dfaa2c,69825516c835c41957dfaa2f,3
69825516c835c41957dfaa2c,69825517c835c41957dff930,1
69825516c835c41957dfaa2c,69825516c835c41957dfcdad,1
69825516c835c41957dfaa2c,69825516c835c41957dfaa2d,3
69825516c835c41957dfe461,69825516c835c41957dfe487,2
69825516c835c41957dfc207,69825517c835c41957e00d4f,1
69825516c835c41957dfc207,69825517c835c41957e00348,1
69825516c835c41957dfc207,69825517c835c41957e007c0,1
69825516c835c41957dfc207,69825516c835c41957dfc572,1
69825516c835c41957dfc207,69825516c835c41957dfc571,1
69825516c835c41957dfc207,69825516c835c41957dfc5a3,1
69825516c835c41957dfc207,69825517c835c41957e007bf,1
69825516c835c41957dfc207,69825516c835c41957dfba0e,1
69825516c835c41957df9dc9,69825517c835c41957e00fc4,1
69825516c835c41957dfa429,69825516c835c41957dfa52a,1
69825516c835c41957dfa429,69825516c835c41957dfa47c,2
69825516c835c41957dfa429,69825516c835c41957dfa465,1
69825516c835c41957dfa429,69825516c835c41957dfba9f,1
69825516c835c41957dfa429,69825516c835c41957dfa42e,2
69825516c835c41957dfa429,69825516c835c41957dfa428,1
69825516c835c41957dfa429,69825516c835c41957dfcd56,1
69825516c835c41957dfa429,69825516c835c41957dfa522,1
69825516c835c41957dfa429,69825516c835c41957dfa466,2
69825516c835c41957dfbfed,69825516c835c41957dfdd91,1
69825516c835c41957dfbfed,69825516c835c41957dfee01,1
69825516c835c41957dfac1d,69825516c835c41957dfac1e,1
69825516c835c41957dff1ac,69825517c835c41957e001ff,2
69825517c835c41957e01927,69825517c835c41957e01155,1
69825517c835c41957e01927,69825516c835c41957dfb0e9,1
69825516c835c41957dfe871,69825517c835c41957e0081f,1
69825516c835c41957dfe871,69825516c835c41957dfb105,1
69825516c835c41957dfe871,69825516c835c41957dfb0dc,1
69825516c835c41957dfe871,69825517c835c41957dffb81,1
69825516c835c41957dfcf6a,69825516c835c41957dfd321,2
69825516c835c41957dfcf6a,69825516c835c41957dfd1f1,1
69825516c835c41957dfbe7f,69825516c835c41957dfa0a9,1
69825516c835c41957dfbe7f,69825516c835c41957dfefe6,1
69825516c835c41957dfbe7f,69825516c835c41957dfbf6d,1
69825516c835c41957dfbe7f,69825516c835c41957dfbf5e,2
69825516c835c41957dfbe7f,69825516c835c41957dfbf5f,2
69825516c835c41957dfd342,69825516c835c41957dfd33b,2
69825516c835c41957dfd342,69825516c835c41957dfd339,2
69825516c835c41957dfcce8,69825516c835c41957dfba04,1
69825516c835c41957dfcce8,69825516c835c41957dfbae2,1
69825516c835c41957dfcce8,69825516c835c41957dfe034,1
69825516c835c41957dfcce8,69825516c835c41957dfd30a,2
69825516c835c41957dfcce8,69825516c835c41957dfd0c9,1
69825516c835c41957dfcce8,69825517c835c41957e0061b,1
69825516c835c41957dfcce8,69825516c835c41957dfca1e,2
69825516c835c41957dfcce8,69825516c835c41957dfc8e6,1
69825516c835c41957dfcce8,69825516c835c41957dfd0ca,2
69825516c835c41957dfcce8,69825516c835c41957dfab42,1
69825516c835c41957dfcce8,69825516c835c41957dfb813,3
69825516c835c41957dfcce8,69825516c835c41957dfd2f0,1
69825516c835c41957dfe29b,69825516c835c41957dfd907,1
69825517c835c41957e013f4,69825516c835c41957dfb3f3,1
69825516c835c41957dfa2d1,69825517c835c41957e0080a,1
69825516c835c41957dfd21f,69825516c835c41957dfccf1,1
69825516c835c41957dfa40b,69825516c835c41957dfd2db,1
69825516c835c41957dfa40b,69825516c835c41957dfbd65,1
69825516c835c41957dfa40b,69825517c835c41957dff891,1
69825516c835c41957dfa40b,69825516c835c41957dfaa2f,1
69825516c835c41957dfa40b,69825516c835c41957dfdb50,1
69825516c835c41957dfa40b,69825516c835c41957dfd069,1
69825516c835c41957dfa2c1,69825516c835c41957dfb53c,3
69825517c835c41957dff8c8,69825516c835c41957dfee79,2
69825516c835c41957dfd339,69825516c835c41957dfd33b,2
69825516c835c41957dfd889,69825516c835c41957dfef54,1
69825516c835c41957dfd889,69825517c835c41957e0088e,1
69825516c835c41957dfd889,69825516c835c41957dfe123,1
69825516c835c41957dfd889,69825516c835c41957dfa352,1
69825516c835c41957dfd889,69825516c835c41957dfd70f,1
69825516c835c41957dfd889,69825516c835c41957dfdfa6,1
69825516c835c41957dfd889,69825516c835c41957dfe802,1
69825516c835c41957dfd889,69825517c835c41957dff88b,1
69825516c835c41957dfd889,69825517c835c41957e00628,1
69825516c835c41957dfd889,69825517c835c41957dffb45,1
69825516c835c41957dfd889,69825517c835c41957e0042c,1
69825517c835c41957e016d5,69825517c835c41957e015c0,1
69825517c835c41957e016d5,69825517c835c41957e015da,1
69825517c835c41957e016d5,69825517c835c41957e01600,1
69825517c835c41957e016d5,69825516c835c41957dfa7f4,1
69825517c835c41957e016d5,69825517c835c41957e01690,1
69825517c835c41957e016d5,69825517c835c41957e01622,1
69825516c835c41957dfb4ac,69825516c835c41957dfe867,1
69825516c835c41957dfb4ac,69825517c835c41957dff98c,1
69825516c835c41957dfb4ac,69825516c835c41957dfe79f,1
69825516c835c41957dfb4ac,69825517c835c41957dffe16,1
69825516c835c41957dfb4ac,69825517c835c41957e0080a,1
69825516c835c41957dfb4ac,69825517c835c41957e007db,1
69825517c835c41957dffd58,69825517c835c41957dffd4f,2
69825517c835c41957dffd58,69825517c835c41957e012a7,1
69825517c835c41957dffd58,69825517c835c41957dffd50,2
69825517c835c41957dffd58,69825517c835c41957dffd59,2
69825517c835c41957dffd58,69825517c835c41957dffd3c,2
69825517c835c41957dffd58,69825517c835c41957dffd39,2
69825517c835c41957dffd58,69825517c835c41957dffd64,2
69825517c835c41957dffd58,69825517c835c41957dffd3f,2
69825517c835c41957dffd58,69825517c835c41957dffd53,2
69825516c835c41957dfe66a,69825516c835c41957dfe668,4
69825516c835c41957dfe66a,69825517c835c41957e0174b,1
69825516c835c41957dfe66a,69825516c835c41957dfb8e5,1
69825516c835c41957dfe66a,69825517c835c41957e01959,1
69825516c835c41957dfe6a2,69825516c835c41957dfe6a1,1
69825516c835c41957dfac96,69825516c835c41957dfacac,2
69825516c835c41957dfb168,69825516c835c41957dfe50f,1
69825516c835c41957dfb168,69825516c835c41957dfa8a8,1
69825517c835c41957e00e92,69825517c835c41957e006e6,1
69825517c835c41957e004bb,69825516c835c41957dfdb50,2
69825517c835c41957e004bb,69825517c835c41957e00bf6,1
69825516c835c41957dfcdc6,69825517c835c41957e00112,1
69825516c835c41957dfcdc6,69825517c835c41957e00f9f,1
69825516c835c41957dfcdc6,69825517c835c41957e00bd8,1
69825516c835c41957dfcdc6,69825516c835c41957dfa02f,2
69825516c835c41957dfbbe8,69825516c835c41957dfbbf6,1
69825516c835c41957dfbbe8,69825517c835c41957dff8e0,1
69825516c835c41957dfbbe8,69825516c835c41957dfbc08,1
69825516c835c41957dfbbe8,69825516c835c41957dfbbf0,1
69825516c835c41957dfbbe8,69825516c835c41957dfa188,1
69825517c835c41957e019fc,69825516c835c41957dfee25,1
69825516c835c41957dfc571,69825517c835c41957e00d4f,1
69825516c835c41957dfc571,69825517c835c41957e00348,1
69825516c835c41957dfc571,69825516c835c41957dfc572,1
69825516c835c41957dfc571,69825516c835c41957dfc5a3,1
69825516c835c41957dfc571,69825517c835c41957e007bf,1
69825516c835c41957dfc571,69825516c835c41957dfba0e,1
69825516c835c41957dfc592,69825516c835c41957dfbd7d,1
69825516c835c41957dfc592,69825516c835c41957dfbd71,1
69825516c835c41957dfc592,69825516c835c41957dfa78c,1
69825516c835c41957dfccf7,69825517c835c41957e009af,1
69825516c835c41957dfeff2,69825516c835c41957dff004,7
69825516c835c41957dfeff2,69825516c835c41957dfefa1,7
69825516c835c41957dfeff2,69825516c835c41957dfef9e,6
69825516c835c41957dfeff2,69825516c835c41957dff008,7
69825516c835c41957dfeff2,69825516c835c41957dfefa4,7
69825516c835c41957dfeff2,69825516c835c41957dfefb5,6
69825516c835c41957dfeff2,69825516c835c41957dfefa5,7
69825516c835c41957dfeff2,69825516c835c41957dff006,7
69825516c835c41957dfeff2,69825516c835c41957dfefb1,7
69825517c835c41957e01198,69825516c835c41957dfd7f7,1
69825517c835c41957e01198,69825517c835c41957e005ec,4
69825517c835c41957e01198,69825517c835c41957e002f2,1
69825517c835c41957e01198,69825516c835c41957dfe0a1,1
69825517c835c41957dff898,69825517c835c41957e009af,1
69825517c835c41957dff898,69825516c835c41957dfa0dd,1
69825516c835c41957dfcd80,69825516c835c41957dfdc61,1
69825516c835c41957dfcd80,69825517c835c41957dff930,1
69825516c835c41957dfcd80,69825516c835c41957dfccad,1
69825516c835c41957dfcd80,69825517c835c41957e00fc5,1
69825516c835c41957dfcd80,69825516c835c41957dff27c,1
69825516c835c41957dfcd80,69825516c835c41957dfe848,1
69825516c835c41957dfcd80,69825517c835c41957e00bf6,1
69825516c835c41957dfcd80,69825516c835c41957dfa73b,1
69825516c835c41957dfcd80,69825516c835c41957dfe793,1
69825516c835c41957dfae1e,69825516c835c41957dfada6,1
69825516c835c41957dfae1e,69825516c835c41957dfae28,1
69825516c835c41957dfae1e,69825516c835c41957dfaded,1
69825516c835c41957dfd2e6,69825517c835c41957e00bfb,2
69825516c835c41957dfd2e6,69825516c835c41957dfdc16,2
69825517c835c41957dff7aa,69825516c835c41957dfcc8e,1
69825517c835c41957e019b7,69825517c835c41957e019f6,2
69825516c835c41957dff05f,69825516c835c41957dff0dc,1
69825516c835c41957dff05f,69825516c835c41957dff0b1,1
69825516c835c41957dff05f,69825516c835c41957dff0ba,1
69825516c835c41957dff05f,69825516c835c41957dff069,1
69825516c835c41957dff05f,69825516c835c41957dff063,1
69825516c835c41957dff05f,69825516c835c41957dff06c,1
69825516c835c41957dff05f,69825516c835c41957dff070,1
69825516c835c41957dff05f,69825516c835c41957dff090,1
69825516c835c41957dff05f,69825516c835c41957dff0cd,1
69825516c835c41957dff05f,69825516c835c41957dff0cf,1
69825516c835c41957dff05f,69825516c835c41957dff0c8,1
69825516c835c41957dff05f,69825516c835c41957dff071,1
69825516c835c41957dff05f,69825516c835c41957dff0de,1
69825516c835c41957dff05f,69825516c835c41957dff091,1
69825516c835c41957dff05f,69825516c835c41957dff080,1
69825516c835c41957dff05f,69825516c835c41957dff064,1
69825516c835c41957dff05f,69825516c835c41957dff0b2,1
69825516c835c41957dff05f,69825516c835c41957dff09e,1
69825516c835c41957dff05f,69825516c835c41957dff072,1
69825516c835c41957dff05f,69825516c835c41957dff09d,1
69825516c835c41957dff05f,69825516c835c41957dff0db,1
69825516c835c41957dff05f,69825516c835c41957dff077,1
69825516c835c41957dff05f,69825516c835c41957dff08f,1
69825516c835c41957dff05f,69825516c835c41957dff06f,1
69825516c835c41957dff05f,69825516c835c41957dff0d9,1
69825516c835c41957dff05f,69825516c835c41957dff0d1,1
69825516c835c41957dff009,69825516c835c41957dfe20d,1
69825516c835c41957dff009,69825516c835c41957df9c99,1
69825516c835c41957dff009,69825517c835c41957e01139,1
69825516c835c41957dff009,69825516c835c41957dff00a,4
69825516c835c41957dff009,69825516c835c41957dfefbe,2
69825516c835c41957dff009,69825516c835c41957dfefc1,3
69825516c835c41957dff009,69825516c835c41957dfd3ed,1
69825516c835c41957dff009,69825516c835c41957dfe795,1
69825516c835c41957dff009,69825516c835c41957dfabe1,1
69825516c835c41957dff009,69825516c835c41957dfefed,1
69825516c835c41957dfa3ad,69825517c835c41957e01011,1
69825516c835c41957dfa3ad,69825517c835c41957e0101a,1
69825516c835c41957dff0de,69825516c835c41957dff0dc,1
69825516c835c41957dff0de,69825516c835c41957dff0b1,1
69825516c835c41957dff0de,69825516c835c41957dff0ba,1
69825516c835c41957dff0de,69825516c835c41957dff069,1
69825516c835c41957dff0de,69825516c835c41957dff063,1
69825516c835c41957dff0de,69825516c835c41957dff06c,1
69825516c835c41957dff0de,69825516c835c41957dff070,1
69825516c835c41957dff0de,69825516c835c41957dff090,2
69825516c835c41957dff0de,69825516c835c41957dff0cd,1
69825516c835c41957dff0de,69825516c835c41957dff0cf,1
69825516c835c41957dff0de,69825516c835c41957dff0c8,1
69825516c835c41957dff0de,69825516c835c41957dff071,1
69825516c835c41957dff0de,69825516c835c41957dff091,1
69825516c835c41957dff0de,69825516c835c41957dff080,1
69825516c835c41957dff0de,69825516c835c41957dff064,1
69825516c835c41957dff0de,69825516c835c41957dff0b2,1
69825516c835c41957dff0de,69825516c835c41957dff09e,1
69825516c835c41957dff0de,69825516c835c41957dff072,1
69825516c835c41957dff0de,69825516c835c41957dff09d,1
69825516c835c41957dff0de,69825516c835c41957dff0db,1
69825516c835c41957dff0de,69825516c835c41957dff077,1
69825516c835c41957dff0de,69825516c835c41957dff08f,1
69825516c835c41957dff0de,69825516c835c41957dff06f,1
69825516c835c41957dff0de,69825516c835c41957dff0d9,1
69825516c835c41957dff0de,69825516c835c41957dff0d1,1
69825517c835c41957e00ece,69825516c835c41957dfdc61,1
69825517c835c41957e00ece,69825516c835c41957dfd2fa,1
69825517c835c41957e00ece,69825516c835c41957dfd2d6,1
69825517c835c41957e00ece,69825516c835c41957dfa27f,1
69825517c835c41957e00ece,69825516c835c41957dfd2fd,1
69825517c835c41957e00ece,69825516c835c41957dff1fb,1
69825517c835c41957e00ece,69825517c835c41957e00fc5,2
69825517c835c41957e00ece,69825517c835c41957dff799,1
69825517c835c41957e00ece,69825517c835c41957dffca6,1
69825516c835c41957dfc53f,69825516c835c41957dfd67c,1
69825516c835c41957dfdbbb,69825516c835c41957dfe640,1
69825517c835c41957e01010,69825517c835c41957e01015,1
69825516c835c41957dfb767,69825517c835c41957e01804,1
69825516c835c41957dfb767,69825517c835c41957e0173f,2
69825517c835c41957dffba9,69825516c835c41957dfe47d,1
69825516c835c41957dfd0ca,69825516c835c41957dfba04,1
69825516c835c41957dfd0ca,69825516c835c41957dfbae2,1
69825516c835c41957dfd0ca,69825516c835c41957dfe034,1
69825516c835c41957dfd0ca,69825516c835c41957dfd30a,2
69825516c835c41957dfd0ca,69825516c835c41957dfd0c9,1
69825516c835c41957dfd0ca,69825517c835c41957e0061b,1
69825516c835c41957dfd0ca,69825516c835c41957dfca1e,4
69825516c835c41957dfd0ca,69825516c835c41957dfc8e6,1
69825516c835c41957dfd0ca,69825516c835c41957dfab42,1
69825516c835c41957dfd0ca,69825516c835c41957dfb813,3
69825516c835c41957dfd0ca,69825516c835c41957dfd2f0,1
69825516c835c41957dfcc8e,69825516c835c41957dfd2f5,1
69825516c835c41957dfcc8e,69825516c835c41957dfe01c,1
69825516c835c41957dfcc8e,69825516c835c41957dfc990,1
69825516c835c41957dfcc8e,69825517c835c41957e006bf,1
69825516c835c41957dfcc8e,69825517c835c41957e00654,1
69825516c835c41957dfcc8e,69825517c835c41957e00f7b,1
69825516c835c41957dfcc8e,69825516c835c41957dfcf3b,1
69825516c835c41957dfcc8e,69825516c835c41957dff286,1
69825516c835c41957dfcc8e,69825516c835c41957dfd71c,1
69825516c835c41957dfcf1f,69825517c835c41957dffe0b,1
69825517c835c41957dffd41,69825516c835c41957dfe63b,1
69825517c835c41957dffd41,69825517c835c41957dffd3a,2
69825517c835c41957dffd41,69825517c835c41957dffd40,2
69825517c835c41957dffd41,69825517c835c41957dffd55,2
69825517c835c41957dffd41,69825517c835c41957dffd4c,2
69825517c835c41957dffd41,69825516c835c41957dfb521,1
69825517c835c41957dffd41,69825517c835c41957dffd48,2
69825517c835c41957dffd41,69825517c835c41957dffd5f,2
69825517c835c41957dffd41,69825517c835c41957dffd52,2
69825517c835c41957dffd41,69825517c835c41957dffd57,2
69825516c835c41957dfd2f0,69825516c835c41957dfba04,1
69825516c835c41957dfd2f0,69825516c835c41957dfbae2,1
69825516c835c41957dfd2f0,69825516c835c41957dfe034,1
69825516c835c41957dfd2f0,69825516c835c41957dfd30a,1
69825516c835c41957dfd2f0,69825516c835c41957dfd0c9,1
69825516c835c41957dfd2f0,69825517c835c41957e0061b,1
69825516c835c41957dfd2f0,69825516c835c41957dfca1e,1
69825516c835c41957dfd2f0,69825516c835c41957df9e60,1
69825516c835c41957dfd2f0,69825516c835c41957dfab42,1
69825516c835c41957dfd2f0,69825516c835c41957dfb813,5
69825516c835c41957dfa0a0,69825516c835c41957dfef0c,1
69825516c835c41957dfa0a0,69825516c835c41957dfa4d6,1
69825516c835c41957dfa0a0,69825516c835c41957df9d57,1
69825516c835c41957dfc68c,69825517c835c41957e0173d,1
69825516c835c41957dfa52a,69825516c835c41957dfa4e0,1
69825516c835c41957dfa52a,69825516c835c41957dfa47c,1
69825516c835c41957dfa52a,69825517c835c41957e0174b,1
69825516c835c41957dfa52a,69825516c835c41957dfa465,1
69825516c835c41957dfa52a,69825516c835c41957dfa42e,3
69825516c835c41957dfa52a,69825516c835c41957dfa428,2
69825516c835c41957dfa52a,69825516c835c41957dfe477,1
69825516c835c41957dfa52a,69825516c835c41957dfa522,1
69825516c835c41957dfa52a,69825516c835c41957dfa466,3
69825516c835c41957dfaaf7,69825516c835c41957dfdc9f,3
69825516c835c41957dfbbb3,69825516c835c41957dfbc0b,1
69825516c835c41957dfbbb3,69825516c835c41957dfbbb4,1
69825516c835c41957dfbbb3,69825516c835c41957dfbbd0,1
69825516c835c41957dfbbb3,69825516c835c41957dfbbe5,1
69825516c835c41957dfbbb3,69825516c835c41957dfbc1a,1
69825516c835c41957dfbbb3,69825516c835c41957dfbbce,1
69825516c835c41957dfbbb3,69825516c835c41957dfbc18,1
69825516c835c41957dfbbb3,69825516c835c41957dfbbec,1
69825516c835c41957dfbbb3,69825516c835c41957dfbc02,1
69825517c835c41957e001ec,69825516c835c41957dfe4fa,2
69825517c835c41957e001ec,69825517c835c41957e00534,1
69825517c835c41957dff8a2,69825517c835c41957e00f42,3
69825517c835c41957dff8a2,69825517c835c41957e010db,1
69825517c835c41957dff8a2,69825517c835c41957e00524,1
69825517c835c41957dff8a2,69825516c835c41957df9e1d,2
69825517c835c41957dff8a2,69825516c835c41957dfef54,2
69825517c835c41957dff8a2,69825517c835c41957e00d55,1
69825517c835c41957dff8a2,69825516c835c41957dfa81f,1
69825517c835c41957dff8a2,69825516c835c41957dfe7d1,1
69825517c835c41957dff8a2,69825516c835c41957dfd19c,1
69825517c835c41957dff8a2,69825516c835c41957dfd8dc,2
69825516c835c41957dfef54,69825517c835c41957e00f42,3
69825516c835c41957dfef54,69825517c835c41957e010db,1
69825516c835c41957dfef54,69825517c835c41957e0088e,1
69825516c835c41957dfef54,69825516c835c41957dfe123,2
69825516c835c41957dfef54,69825516c835c41957dfa352,1
69825516c835c41957dfef54,69825516c835c41957dfd70f,1
69825516c835c41957dfef54,69825516c835c41957dfd19c,2
69825516c835c41957dfef54,69825516c835c41957dfdfa6,1
69825516c835c41957dfef54,69825516c835c41957dfd8dc,3
69825516c835c41957dfef54,69825517c835c41957e00d55,1
69825516c835c41957dfef54,69825516c835c41957dfe802,1
69825516c835c41957dfef54,69825517c835c41957dff88b,1
69825516c835c41957dfef54,69825517c835c41957e00628,1
69825516c835c41957dfef54,69825517c835c41957e00524,2
69825516c835c41957dfef54,69825516c835c41957df9e1d,2
69825516c835c41957dfef54,69825517c835c41957dffb45,1
69825516c835c41957dfef54,69825516c835c41957dfa81f,2
69825516c835c41957dfef54,69825516c835c41957dfe7d1,1
69825516c835c41957dfef54,69825517c835c41957e0042c,1
69825516c835c41957dfba05,69825516c835c41957dfa38e,2
69825516c835c41957dfba05,69825517c835c41957dffb4a,1
69825516c835c41957dfba05,69825516c835c41957dfb9af,1
69825516c835c41957dfeff3,69825516c835c41957dfedaf,1
69825516c835c41957dfe208,69825516c835c41957dfa4ba,1
69825516c835c41957dfe208,69825516c835c41957dfe224,1
69825516c835c41957dfefa5,69825516c835c41957dff004,7
69825516c835c41957dfefa5,69825516c835c41957dfefa1,7
69825516c835c41957dfefa5,69825516c835c41957dfef9e,6
69825516c835c41957dfefa5,69825516c835c41957dff008,7
69825516c835c41957dfefa5,69825516c835c41957dfefa4,7
69825516c835c41957dfefa5,69825516c835c41957dfefb5,6
69825516c835c41957dfefa5,69825516c835c41957dff006,7
69825516c835c41957dfefa5,69825516c835c41957dfefb1,7
69825516c835c41957dfaaf2,69825516c835c41957dfedac,1
69825516c835c41957dfaaf2,69825516c835c41957dfb402,1
69825516c835c41957dfaaf2,69825516c835c41957dfb2aa,1
69825517c835c41957dff96e,69825516c835c41957dfb645,4
69825517c835c41957dff96e,69825517c835c41957dff968,5
69825516c835c41957dff3ca,69825516c835c41957dfd0bb,1
69825516c835c41957dff3ca,69825517c835c41957dffeab,1
69825516c835c41957dff3ca,69825516c835c41957dfc7ff,1
69825516c835c41957dfac7a,69825516c835c41957dfb4a2,1
69825516c835c41957dfac7a,69825516c835c41957dfac6a,1
69825516c835c41957dfe793,69825516c835c41957dfdc61,8
69825516c835c41957dfe793,69825516c835c41957dfaa2d,1
69825516c835c41957dfe793,69825516c835c41957dfca2b,1
69825516c835c41957dfe793,69825517c835c41957dff930,4
69825516c835c41957dfe793,69825516c835c41957dfccad,1
69825516c835c41957dfe793,69825516c835c41957dff355,1
69825516c835c41957dfe793,69825516c835c41957dfa27f,1
69825516c835c41957dfe793,69825516c835c41957dfd3f8,1
69825516c835c41957dfe793,69825517c835c41957e00bf6,3
69825516c835c41957dfe793,69825516c835c41957dfd2fd,1
69825516c835c41957dfe793,69825516c835c41957dfa73b,2
69825516c835c41957dfe793,69825517c835c41957e002a8,1
69825516c835c41957dfe793,69825516c835c41957dfee4b,1
69825516c835c41957dfe793,69825516c835c41957dff27c,2
69825516c835c41957dfe793,69825517c835c41957e00fc5,9
69825516c835c41957dfe793,69825516c835c41957dfd6eb,1
69825516c835c41957dfe793,69825516c835c41957dfd0a4,1
69825516c835c41957dfe793,69825517c835c41957dffb7c,1
69825516c835c41957dfe793,69825516c835c41957dfb8ef,1
69825516c835c41957dfaa86,69825516c835c41957dfaddf,6
69825516c835c41957dfaa86,69825516c835c41957dfba1b,1
69825516c835c41957dfaa86,69825516c835c41957dfb96a,3
69825516c835c41957dfaa86,69825516c835c41957dfa904,1
69825516c835c41957dfaa86,69825517c835c41957e00ded,3
69825516c835c41957dfaa86,69825516c835c41957dfb968,5
69825516c835c41957dfaa86,69825516c835c41957dfa95b,1
69825516c835c41957dfaa86,69825516c835c41957dfadc8,7
69825516c835c41957dfaa86,69825516c835c41957dfad66,1
69825516c835c41957dfaa86,69825517c835c41957e00bf9,2
69825516c835c41957dfcd3b,69825517c835c41957dffa33,3
69825516c835c41957dfcd3b,69825517c835c41957e00841,2
69825516c835c41957dfa7ca,69825517c835c41957e01349,1
69825516c835c41957dfa7ca,69825517c835c41957dff880,2
69825516c835c41957dfa7ca,69825517c835c41957e0088e,1
69825516c835c41957dfa7ca,69825517c835c41957e00f6e,1
69825516c835c41957dfa7ca,69825517c835c41957e00221,1
69825516c835c41957dfbc0b,69825516c835c41957dfbbb4,1
69825516c835c41957dfbc0b,69825516c835c41957dfbbd0,1
69825516c835c41957dfbc0b,69825516c835c41957dfbbe5,1
69825516c835c41957dfbc0b,69825516c835c41957dfbc1a,1
69825516c835c41957dfbc0b,69825516c835c41957dfbbce,1
69825516c835c41957dfbc0b,69825516c835c41957dfbc18,1
69825516c835c41957dfbc0b,69825516c835c41957dfbbec,1
69825516c835c41957dfbc0b,69825516c835c41957dfbc02,1
69825517c835c41957dff891,69825517c835c41957dffb20,1
69825517c835c41957dff891,69825516c835c41957dfd2db,1
69825517c835c41957dff891,69825516c835c41957dfbd65,1
69825517c835c41957dff891,69825516c835c41957dfaa2f,1
69825517c835c41957dff891,69825516c835c41957dfdb50,1
69825517c835c41957dff891,69825516c835c41957dfd069,1
69825516c835c41957dfe1af,69825516c835c41957dfa014,1
69825516c835c41957dfe1af,69825516c835c41957dfc39e,1
69825516c835c41957dff383,69825517c835c41957e00f7f,1
69825516c835c41957dff383,69825516c835c41957dfb9d5,1
69825517c835c41957e018b1,69825516c835c41957dfa965,1
69825517c835c41957e018b1,69825517c835c41957e00045,1
69825516c835c41957dfa536,69825516c835c41957dfa4d5,1
69825516c835c41957dfa536,69825516c835c41957dfdd16,1
69825516c835c41957dfa536,69825516c835c41957dfa44e,5
69825516c835c41957dfa536,69825516c835c41957dfa4d8,5
69825516c835c41957dfa536,69825516c835c41957dfa44d,5
69825516c835c41957dfa536,69825516c835c41957dfa3d6,4
69825516c835c41957dfa536,69825516c835c41957dfda3e,1
69825517c835c41957e007c0,69825516c835c41957dfc610,2
69825517c835c41957e007c0,69825517c835c41957e00e96,1
69825517c835c41957e007c0,69825516c835c41957dfba0e,1
69825516c835c41957dfcaac,69825516c835c41957dfcaad,2
69825516c835c41957dfcaac,69825516c835c41957dfcaab,2
69825516c835c41957dfcaac,69825516c835c41957dfcaae,2
69825516c835c41957dfd34a,69825516c835c41957dfc9f2,1
69825516c835c41957dfc234,69825516c835c41957df9e61,2
69825516c835c41957dfc234,69825516c835c41957dfc238,1
69825516c835c41957dfc234,69825517c835c41957dff80e,1
69825517c835c41957dfff6d,69825517c835c41957e00bf9,3
69825516c835c41957dfbaa3,69825516c835c41957dfba9f,1
69825516c835c41957dfbaa3,69825516c835c41957dfbaa0,1
69825516c835c41957dfbaa3,69825516c835c41957dfbaa1,1
69825516c835c41957dfbaa3,69825516c835c41957dfbaa2,1
69825516c835c41957dfbaa3,69825516c835c41957dfba98,1
69825516c835c41957dfbaa3,69825516c835c41957dfba96,1
69825516c835c41957dfcad0,69825517c835c41957e006a6,1
69825516c835c41957dfcad0,69825517c835c41957e01229,1
69825516c835c41957dfcad0,69825516c835c41957dfcace,2
69825516c835c41957dfcad0,69825516c835c41957dfcacd,2
69825516c835c41957dfcad0,69825516c835c41957dfcacb,2
69825516c835c41957dfcad0,69825516c835c41957dfcacc,2
69825516c835c41957dfefba,69825517c835c41957dff6be,1
69825516c835c41957dfe3f6,69825517c835c41957e0174b,1
69825516c835c41957dfe3f6,69825516c835c41957dfe3db,2
69825516c835c41957dfe3f6,69825516c835c41957dfe416,2
69825516c835c41957dfe3f6,69825516c835c41957dfe405,2
69825516c835c41957dfe3f6,69825516c835c41957dfe404,2
69825516c835c41957dfe3f6,69825516c835c41957dfe3fc,2
69825516c835c41957dfe3f6,69825516c835c41957dfe3cc,2
69825516c835c41957dfe3f6,69825516c835c41957dfe3df,2
69825516c835c41957dfe3f6,69825516c835c41957dfe3ff,2
69825516c835c41957dfe3f6,69825516c835c41957dfe4aa,1
69825516c835c41957dfe1a0,69825516c835c41957dfe1a5,2
69825516c835c41957dfdbc1,69825516c835c41957dfba04,1
69825516c835c41957dfdbc1,69825516c835c41957dfbae2,1
69825516c835c41957dfdbc1,69825516c835c41957dfab42,1
69825516c835c41957dfdbc1,69825517c835c41957e0061b,1
69825517c835c41957e00e87,69825516c835c41957dfb9cc,2
69825517c835c41957e00e87,69825516c835c41957dfd253,3
69825517c835c41957e00e87,69825517c835c41957e009fc,7
69825516c835c41957dfbbbd,69825516c835c41957dfbbcf,1
69825516c835c41957dfbbbd,69825516c835c41957dfbbc2,1
69825516c835c41957dfbbbd,69825516c835c41957dfbc04,1
69825516c835c41957df9e2d,69825517c835c41957e01001,1
69825516c835c41957dfef53,69825516c835c41957dfa2cd,1
69825516c835c41957dfef53,69825516c835c41957dfa593,1
69825516c835c41957dfef53,69825516c835c41957dfa3d8,1
69825516c835c41957dfef53,69825516c835c41957dfa7ce,1
69825516c835c41957dfef53,69825517c835c41957dffc7e,2
69825516c835c41957dfef53,69825516c835c41957dfccf1,1
69825516c835c41957dfef53,69825517c835c41957e0088e,2
69825516c835c41957dfef53,69825516c835c41957dfa95b,1
69825517c835c41957e006cb,69825517c835c41957e006ca,1
69825517c835c41957e0119f,69825516c835c41957dfda2b,1
69825517c835c41957e0119f,69825516c835c41957dfa3a9,1
69825517c835c41957e0119f,69825517c835c41957dffca7,10
69825517c835c41957e0119f,69825516c835c41957dfca71,1
69825517c835c41957e0119f,69825516c835c41957dfca72,1
69825517c835c41957e0119f,69825516c835c41957dfa122,1
69825517c835c41957e0119f,69825516c835c41957dfda3e,1
69825516c835c41957dfd00c,69825517c835c41957dffb53,1
69825517c835c41957dffd83,69825517c835c41957dffd84,1
69825516c835c41957dfc3b5,69825516c835c41957dfe609,2
69825517c835c41957dffca7,69825516c835c41957dfda2b,1
69825517c835c41957dffca7,69825516c835c41957dfa3a9,1
69825517c835c41957dffca7,69825516c835c41957dfca71,1
69825517c835c41957dffca7,69825516c835c41957dfca72,1
69825517c835c41957dffca7,69825516c835c41957dfa122,1
69825517c835c41957dffca7,69825516c835c41957dfda3e,1
69825516c835c41957dfb4aa,69825516c835c41957dfe80b,1
69825516c835c41957dfb4aa,69825516c835c41957dfb2c3,1
69825516c835c41957dfccad,69825516c835c41957dfdc61,1
69825516c835c41957dfccad,69825517c835c41957dffb20,1
69825516c835c41957dfccad,69825517c835c41957e00bf9,2
69825516c835c41957dfccad,69825516c835c41957dfd070,1
69825516c835c41957dfccad,69825517c835c41957dff930,1
69825516c835c41957dfccad,69825517c835c41957e0088e,1
69825516c835c41957dfccad,69825517c835c41957e00fc5,2
69825516c835c41957dfccad,69825516c835c41957dff27c,1
69825516c835c41957dfccad,69825517c835c41957e00bf6,1
69825516c835c41957dfccad,69825516c835c41957dfd2fd,1
69825516c835c41957dfccad,69825516c835c41957dfa73b,1
69825516c835c41957dfccad,69825516c835c41957dfe7dc,1
69825516c835c41957dfae05,69825516c835c41957dfad8c,5
69825516c835c41957dfaed2,69825516c835c41957dfcc91,1
69825517c835c41957e00d00,69825517c835c41957dffdb9,1
69825517c835c41957e00d00,69825516c835c41957dfa0d5,1
69825517c835c41957e00d00,69825516c835c41957dfa946,1
69825516c835c41957dff253,69825516c835c41957dfa568,2
69825516c835c41957dff253,69825516c835c41957dff2c0,1
69825516c835c41957dff253,69825516c835c41957dfdbbc,1
69825516c835c41957dff253,69825516c835c41957dfa77f,1
69825516c835c41957dff253,69825516c835c41957dfd253,1
69825516c835c41957dff253,69825516c835c41957dfb78d,1
69825516c835c41957dff253,69825516c835c41957dfd87c,2
69825516c835c41957dff253,69825516c835c41957dfb7b7,1
69825516c835c41957dff253,69825516c835c41957dfd305,1
69825517c835c41957e012a5,69825516c835c41957dfc6bf,1
69825517c835c41957e012a5,69825517c835c41957e0174b,4
69825517c835c41957e012a5,69825516c835c41957dfa47c,1
69825517c835c41957e012a5,69825517c835c41957e012a7,1
69825517c835c41957e012a5,69825516c835c41957dfe481,1
69825517c835c41957e012a5,69825516c835c41957dff27f,1
69825517c835c41957e012a5,69825517c835c41957e00735,1
69825517c835c41957e012a5,69825516c835c41957dfe5fd,1
69825517c835c41957e012a5,69825517c835c41957e015fb,1
69825517c835c41957e012a5,69825516c835c41957dfd269,1
69825517c835c41957e012a5,69825516c835c41957dff313,1
69825516c835c41957dfb3e3,69825516c835c41957dfb522,1
69825516c835c41957dfb3e3,69825516c835c41957dfb263,1
69825516c835c41957dfb3e3,69825516c835c41957dfa89e,1
69825516c835c41957dfb3e3,69825516c835c41957dfb193,1
69825516c835c41957dfb3e3,69825516c835c41957dfb525,2
69825516c835c41957dfe4fc,69825516c835c41957dfba04,1
69825516c835c41957dfe4fc,69825516c835c41957dfbae2,1
69825516c835c41957dfe4fc,69825516c835c41957dfab42,2
69825516c835c41957dfe4fc,69825517c835c41957e0061b,1
69825517c835c41957e00f7c,69825517c835c41957e00d0b,2
69825516c835c41957dfb547,69825517c835c41957e0044f,1
69825516c835c41957dfd2fa,69825516c835c41957dfdc61,1
69825516c835c41957dfd2fa,69825516c835c41957dfd2d6,4
69825516c835c41957dfd2fa,69825516c835c41957dfa27f,1
69825516c835c41957dfd2fa,69825516c835c41957dfd2fd,1
69825516c835c41957dfd2fa,69825516c835c41957dff1fb,1
69825516c835c41957dfd2fa,69825516c835c41957dfef52,1
69825516c835c41957dfd2fa,69825517c835c41957e00fc5,2
69825516c835c41957dfd2fa,69825517c835c41957dff799,2
69825516c835c41957dfd2fa,69825516c835c41957dfb8ef,1
69825516c835c41957dfd2fa,69825517c835c41957dffca6,1
69825516c835c41957dfa5f9,69825517c835c41957e006c2,1
69825516c835c41957dfa5f9,69825517c835c41957dff929,1
69825516c835c41957dfa5f9,69825517c835c41957e0067f,1
69825517c835c41957e00d4f,69825517c835c41957e00348,1
69825517c835c41957e00d4f,69825516c835c41957dfc572,1
69825517c835c41957e00d4f,69825516c835c41957dfc5a3,1
69825517c835c41957e00d4f,69825517c835c41957e007bf,1
69825517c835c41957e00d4f,69825516c835c41957dfba0e,1
69825516c835c41957dfb1cd,69825516c835c41957dfe558,1
69825516c835c41957dfb1cd,69825516c835c41957dfb522,1
69825516c835c41957dfb1cd,69825516c835c41957dfd121,1
69825516c835c41957dfb1cd,69825516c835c41957dfd943,1
69825516c835c41957dfb1cd,69825516c835c41957dfb1dc,1
69825516c835c41957dfe5b9,69825516c835c41957dfe5b2,1
69825517c835c41957e01add,69825516c835c41957dfdae1,1
69825517c835c41957e01add,69825517c835c41957dffef9,1
69825517c835c41957e01add,69825516c835c41957dfd2dc,1
69825516c835c41957dfe416,69825516c835c41957dfe3db,2
69825516c835c41957dfe416,69825516c835c41957dfe405,2
69825516c835c41957dfe416,69825516c835c41957dfe404,2
69825516c835c41957dfe416,69825516c835c41957dfe3fc,2
69825516c835c41957dfe416,69825516c835c41957dfe3cc,2
69825516c835c41957dfe416,69825516c835c41957dfe3df,2
69825516c835c41957dfe416,69825516c835c41957dfe3ff,2
69825516c835c41957dfdd8c,69825516c835c41957dfe6f7,1
69825516c835c41957dfdd8c,69825516c835c41957dfdd86,1
69825516c835c41957dfdd8c,69825516c835c41957dfb9af,1
69825516c835c41957dfdd8c,69825517c835c41957dff86a,2
69825516c835c41957dfdd8c,69825516c835c41957dfb62b,1
69825516c835c41957dfdd8c,69825516c835c41957dfdd52,1
69825516c835c41957dfdd8c,69825516c835c41957dfa821,1
69825516c835c41957dfdd8c,69825517c835c41957dff863,1
69825516c835c41957dfdd8c,69825517c835c41957e00e31,1
69825516c835c41957dfc48e,69825516c835c41957dfd157,2
69825516c835c41957dfc48e,69825516c835c41957dfc52c,2
69825516c835c41957dfc48e,69825516c835c41957dfbc48,2
69825516c835c41957dfb0e9,69825517c835c41957e01155,1
69825516c835c41957dfc802,69825516c835c41957dfb5bf,1
69825516c835c41957dfc802,69825517c835c41957e003a7,1
69825516c835c41957dfc802,69825516c835c41957dfc812,1
69825516c835c41957dfd890,69825516c835c41957dfe6a0,1
69825516c835c41957dfd890,69825516c835c41957df9e28,1
69825517c835c41957e011b3,69825516c835c41957dfa593,1
69825516c835c41957dfca72,69825516c835c41957dfda2b,1
69825516c835c41957dfca72,69825516c835c41957dfa3a9,1
69825516c835c41957dfca72,69825516c835c41957dfca71,3
69825516c835c41957dfca72,69825516c835c41957dfda3e,1
69825516c835c41957dfca72,69825516c835c41957dfa122,1
69825516c835c41957dfca72,69825516c835c41957dfe66d,1
69825516c835c41957dfc92c,69825516c835c41957dfc92b,1
69825516c835c41957dfa946,69825517c835c41957dffdb9,1
69825516c835c41957dfa946,69825516c835c41957dfa0d5,2
69825516c835c41957dfb443,69825516c835c41957dfd309,1
69825516c835c41957dfb443,69825517c835c41957dffd68,1
69825516c835c41957dfb443,69825516c835c41957dfa333,1
69825516c835c41957dfb443,69825517c835c41957e00222,14
69825516c835c41957dfb443,69825516c835c41957dfa965,2
69825516c835c41957dfb443,69825517c835c41957e00980,2
69825516c835c41957dfdce4,69825517c835c41957e0077a,1
69825516c835c41957dfdce4,69825516c835c41957dfef6d,1
69825517c835c41957dff931,69825516c835c41957dfa95b,1
69825517c835c41957dff931,69825516c835c41957dfd892,6
69825517c835c41957dff931,69825516c835c41957dfac47,1
69825517c835c41957e0174c,69825517c835c41957e0174b,1
69825517c835c41957e0174c,69825516c835c41957dfca6c,1
69825517c835c41957e0174c,69825516c835c41957dfe49f,1
69825517c835c41957e01662,69825517c835c41957e0157c,1
69825517c835c41957e01662,69825517c835c41957e01661,1
69825517c835c41957e01662,69825517c835c41957e015b0,3
69825517c835c41957e01662,69825517c835c41957e01617,1
69825517c835c41957e01662,69825517c835c41957e015db,1
69825517c835c41957e01662,69825517c835c41957e01644,2
69825517c835c41957e01662,69825517c835c41957e016d1,1
69825517c835c41957e01662,69825517c835c41957e016b7,3
69825517c835c41957e01662,69825517c835c41957e015a4,3
69825517c835c41957e01662,69825517c835c41957e0161f,2
69825517c835c41957e01662,69825517c835c41957e0168f,1
69825516c835c41957dfe4a4,69825516c835c41957dfe48b,1
69825516c835c41957dfe4a4,69825516c835c41957dfc5f0,1
69825516c835c41957dfe4a4,69825516c835c41957dfe47e,1
69825516c835c41957dfe4a4,69825516c835c41957dfe485,1
69825516c835c41957dfe4a4,69825516c835c41957dfe49e,1
69825516c835c41957dfbe41,69825516c835c41957dfbe3e,2
69825516c835c41957df9d57,69825516c835c41957dff2ba,1
69825516c835c41957df9d57,69825517c835c41957e0088e,1
69825516c835c41957df9d57,69825516c835c41957dfe01c,1
69825516c835c41957df9d57,69825516c835c41957dfeef8,1
69825516c835c41957df9d57,69825517c835c41957e0111a,2
69825516c835c41957df9d57,69825516c835c41957dfd253,1
69825516c835c41957df9d57,69825517c835c41957dffc7e,1
69825516c835c41957df9d57,69825516c835c41957dfa4d6,1
69825516c835c41957df9d57,69825517c835c41957e0094a,1
69825516c835c41957df9d57,69825517c835c41957e0112b,3
69825516c835c41957df9d57,69825516c835c41957dfd6eb,1
69825516c835c41957df9d57,69825516c835c41957dfd892,1
69825517c835c41957dff98c,69825516c835c41957dfe867,1
69825517c835c41957dff98c,69825516c835c41957dfe79f,1
69825517c835c41957dff98c,69825517c835c41957dffe16,1
69825517c835c41957dff98c,69825517c835c41957e0080a,1
69825517c835c41957dff98c,69825517c835c41957e007db,1
69825517c835c41957e01223,69825516c835c41957dfee03,6
69825517c835c41957e01223,69825517c835c41957e001ab,6
69825516c835c41957dfa469,69825516c835c41957dfe2a7,2
69825516c835c41957dfa469,69825516c835c41957dfa8d4,2
69825516c835c41957dfa469,69825516c835c41957dfedb0,1
69825516c835c41957dfefeb,69825516c835c41957dfefaf,2
69825516c835c41957dfa4ba,69825516c835c41957dfa47c,3
69825516c835c41957dfa4ba,69825516c835c41957dfbb50,1
69825516c835c41957dfa4ba,69825516c835c41957dfa465,3
69825516c835c41957dfa4ba,69825517c835c41957e01820,1
69825516c835c41957dfa4ba,69825516c835c41957dfa42e,2
69825516c835c41957dfa4ba,69825517c835c41957e00b81,1
69825516c835c41957dfa4ba,69825516c835c41957dfa522,1
69825516c835c41957dfa4ba,69825516c835c41957dfa3f7,1
69825516c835c41957dfa4ba,69825516c835c41957dfa466,1
69825516c835c41957dfa4ba,69825517c835c41957e0173a,1
69825517c835c41957e00e8a,69825516c835c41957dfee4b,1
69825517c835c41957e00e8a,69825516c835c41957dfd3f8,1
69825517c835c41957e00e8a,69825517c835c41957e0042c,1
69825517c835c41957e0004a,69825517c835c41957e00045,1
69825516c835c41957dfab9b,69825516c835c41957dfbe83,1
69825517c835c41957e00109,69825516c835c41957dfd101,4
69825516c835c41957dfaa2f,69825516c835c41957dfd2db,1
69825516c835c41957dfaa2f,69825516c835c41957dfbd65,1
69825516c835c41957dfaa2f,69825517c835c41957dff930,1
69825516c835c41957dfaa2f,69825516c835c41957dfdb50,1
69825516c835c41957dfaa2f,69825516c835c41957dfd069,1
69825516c835c41957dfaa2f,69825516c835c41957dfcdad,1
69825516c835c41957dfaa2f,69825516c835c41957dfaa2d,3
69825517c835c41957e00bf8,69825516c835c41957dfd019,1
69825517c835c41957e00bf8,69825516c835c41957dfd2ec,2
69825517c835c41957dff88b,69825517c835c41957e0088e,1
69825517c835c41957dff88b,69825516c835c41957dfe123,1
69825517c835c41957dff88b,69825516c835c41957dfa352,1
69825517c835c41957dff88b,69825516c835c41957dfd70f,1
69825517c835c41957dff88b,69825516c835c41957dfdfa6,1
69825517c835c41957dff88b,69825516c835c41957dfe802,1
69825517c835c41957dff88b,69825517c835c41957e00628,2
69825517c835c41957dff88b,69825517c835c41957dffb45,1
69825517c835c41957dff88b,69825517c835c41957e0042c,1
69825517c835c41957dffd5f,69825516c835c41957dfe63b,1
69825517c835c41957dffd5f,69825517c835c41957dffd3a,2
69825517c835c41957dffd5f,69825517c835c41957dffd40,2
69825517c835c41957dffd5f,69825517c835c41957dffd55,2
69825517c835c41957dffd5f,69825517c835c41957dffd4c,2
69825517c835c41957dffd5f,69825516c835c41957dfb521,1
69825517c835c41957dffd5f,69825517c835c41957dffd48,2
69825517c835c41957dffd5f,69825517c835c41957dffd52,2
69825517c835c41957dffd5f,69825517c835c41957dffd57,2
69825516c835c41957dfc2b1,69825516c835c41957dfc2a9,1
69825516c835c41957dfc601,69825516c835c41957dfe1f9,1
69825516c835c41957dfc601,69825516c835c41957dfdbf0,1
69825516c835c41957dfc601,69825516c835c41957dfd2db,1
69825516c835c41957dfc601,69825516c835c41957dfa47c,1
69825516c835c41957dfc601,69825516c835c41957dfe207,1
69825516c835c41957dfc601,69825516c835c41957dfe1fb,1
69825516c835c41957dfc601,69825516c835c41957dfc75e,1
69825516c835c41957dfc601,69825516c835c41957dfca90,1
69825516c835c41957dfc601,69825516c835c41957dfa522,1
69825516c835c41957dfc601,69825516c835c41957dfe1f8,1
69825516c835c41957dfc601,69825516c835c41957dfa3f7,1
69825516c835c41957dff3c9,69825516c835c41957dfc939,2
69825516c835c41957dff3c9,69825517c835c41957dff416,2
69825516c835c41957dff3c9,69825517c835c41957e01a80,3
69825516c835c41957dfd2e3,69825517c835c41957e007e3,1
69825516c835c41957dfd2e3,69825516c835c41957dfa53b,1
69825516c835c41957dfb9cc,69825517c835c41957e009fc,2
69825516c835c41957dfca8e,69825516c835c41957dfe63a,1
69825516c835c41957dfca8e,69825516c835c41957dfe63c,1
69825516c835c41957dfca8e,69825516c835c41957dfca8f,2
69825516c835c41957dfca8e,69825516c835c41957dfe63b,1
69825516c835c41957dfe5c6,69825516c835c41957dfa530,1
69825516c835c41957dfe5c6,69825516c835c41957dfe611,1
69825517c835c41957dffd40,69825516c835c41957dfe63b,1
69825517c835c41957dffd40,69825517c835c41957dffd3a,2
69825517c835c41957dffd40,69825517c835c41957dffd55,2
69825517c835c41957dffd40,69825517c835c41957dffd4c,2
69825517c835c41957dffd40,69825516c835c41957dfb521,1
69825517c835c41957dffd40,69825517c835c41957dffd48,2
69825517c835c41957dffd40,69825517c835c41957dffd52,2
69825517c835c41957dffd40,69825517c835c41957dffd57,2
69825516c835c41957dfa965,69825517c835c41957dffd68,1
69825516c835c41957dfa965,69825516c835c41957dfa333,1
69825516c835c41957dfa965,69825517c835c41957e00222,3
69825516c835c41957dfa965,69825516c835c41957dfe79f,1
69825516c835c41957dfa965,69825517c835c41957e0080a,1
69825516c835c41957dfa965,69825516c835c41957dfc522,1
69825516c835c41957dfa965,69825517c835c41957e00980,1
69825516c835c41957dfd00d,69825516c835c41957dfad0f,1
69825516c835c41957dfa014,69825516c835c41957dfc39e,2
69825516c835c41957dfd213,69825516c835c41957dfdb94,1
69825516c835c41957dfd213,69825516c835c41957dfa355,1
69825517c835c41957e0158a,69825517c835c41957e01600,2
69825517c835c41957e0158a,69825517c835c41957e015db,2
69825517c835c41957e0158a,69825517c835c41957e0163c,2
69825516c835c41957dfc505,69825516c835c41957dfa4c0,1
69825516c835c41957dfc505,69825516c835c41957dfc475,1
69825516c835c41957df9e60,69825516c835c41957dfe79f,2
69825516c835c41957df9e60,69825517c835c41957dff6fc,2
69825516c835c41957df9e60,69825517c835c41957e007db,1
69825516c835c41957df9e60,69825516c835c41957dfb790,1
69825516c835c41957df9e60,69825517c835c41957e00f6b,6
69825516c835c41957df9e60,69825517c835c41957e00d08,7
69825516c835c41957df9e60,69825517c835c41957dffe16,2
69825516c835c41957df9e60,69825517c835c41957e0080a,1
69825516c835c41957df9e60,69825517c835c41957e00f6c,8
69825516c835c41957df9e60,69825517c835c41957dffbd6,7
69825517c835c41957dffd3f,69825517c835c41957dffd4f,2
69825517c835c41957dffd3f,69825517c835c41957e012a7,1
69825517c835c41957dffd3f,69825517c835c41957dffd50,2
69825517c835c41957dffd3f,69825517c835c41957dffd59,2
69825517c835c41957dffd3f,69825517c835c41957dffd3c,2
69825517c835c41957dffd3f,69825517c835c41957dffd39,2
69825517c835c41957dffd3f,69825517c835c41957dffd64,2
69825517c835c41957dffd3f,69825517c835c41957dffd53,2
69825516c835c41957dfde38,69825516c835c41957dfde18,2
69825516c835c41957dfde38,69825517c835c41957dff75a,1
69825516c835c41957dfb8e4,69825517c835c41957dffcac,1
69825517c835c41957e0047e,69825516c835c41957dfe848,1
69825517c835c41957e0047e,69825517c835c41957e00a30,1
69825517c835c41957e0047e,69825516c835c41957dfef52,1
69825517c835c41957e0047e,69825517c835c41957e00d01,1
69825516c835c41957dfcc07,69825516c835c41957dfca8f,1
69825516c835c41957dfefa4,69825516c835c41957dff004,7
69825516c835c41957dfefa4,69825516c835c41957dfefa1,7
69825516c835c41957dfefa4,69825516c835c41957dfef9e,6
69825516c835c41957dfefa4,69825516c835c41957dff008,7
69825516c835c41957dfefa4,69825516c835c41957dfefb5,6
69825516c835c41957dfefa4,69825516c835c41957dff006,7
69825516c835c41957dfefa4,69825516c835c41957dfefb1,7
69825516c835c41957dfd2d0,69825516c835c41957dfc59f,6
69825516c835c41957dfd2d0,69825516c835c41957dfedac,1
69825516c835c41957dfd2d0,69825516c835c41957dfc92b,1
69825516c835c41957dfe622,69825517c835c41957e004b9,1
69825516c835c41957dfe622,69825516c835c41957dfd79f,1
69825516c835c41957dfe622,69825516c835c41957dfb7ae,1
69825516c835c41957dfe622,69825516c835c41957dff04d,1
69825516c835c41957dfe622,69825516c835c41957dfe61a,2
69825516c835c41957dfda71,69825517c835c41957e0180c,1
69825516c835c41957dfda71,69825516c835c41957dfdbd8,2
69825516c835c41957dfda71,69825517c835c41957e00127,1
69825516c835c41957dfda71,69825516c835c41957dfb79d,1
69825516c835c41957dfda71,69825516c835c41957dfe6de,1
69825516c835c41957dfd31e,69825516c835c41957dfca1f,3
69825516c835c41957dff06c,69825516c835c41957dff0dc,1
69825516c835c41957dff06c,69825516c835c41957dff0b1,1
69825516c835c41957dff06c,69825516c835c41957dff0ba,1
69825516c835c41957dff06c,69825516c835c41957dff069,2
69825516c835c41957dff06c,69825516c835c41957dff063,1
69825516c835c41957dff06c,69825516c835c41957dff070,1
69825516c835c41957dff06c,69825516c835c41957dff090,1
69825516c835c41957dff06c,69825516c835c41957dff0cd,1
69825516c835c41957dff06c,69825516c835c41957dff0cf,1
69825516c835c41957dff06c,69825516c835c41957dff0c8,1
69825516c835c41957dff06c,69825516c835c41957dff071,1
69825516c835c41957dff06c,69825516c835c41957dff091,1
69825516c835c41957dff06c,69825516c835c41957dff080,1
69825516c835c41957dff06c,69825516c835c41957dff064,1
69825516c835c41957dff06c,69825516c835c41957dff0b2,1
69825516c835c41957dff06c,69825516c835c41957dff09e,1
69825516c835c41957dff06c,69825516c835c41957dff072,2
69825516c835c41957dff06c,69825516c835c41957dff09d,1
69825516c835c41957dff06c,69825516c835c41957dff0db,1
69825516c835c41957dff06c,69825516c835c41957dff077,1
69825516c835c41957dff06c,69825516c835c41957dff08f,1
69825516c835c41957dff06c,69825516c835c41957dff06f,1
69825516c835c41957dff06c,69825516c835c41957dff0d9,1
69825516c835c41957dff06c,69825516c835c41957dff0d1,1
69825516c835c41957dfd407,69825516c835c41957dfd239,2
69825517c835c41957dffef9,69825516c835c41957dfd2dc,1
69825517c835c41957e0010a,69825516c835c41957dfa4d6,1
69825517c835c41957e0010a,69825516c835c41957dfa95b,1
69825516c835c41957dfbbd0,69825516c835c41957dfbbb4,1
69825516c835c41957dfbbd0,69825516c835c41957dfbbe5,1
69825516c835c41957dfbbd0,69825516c835c41957dfbc1a,1
69825516c835c41957dfbbd0,69825516c835c41957dfbbce,1
69825516c835c41957dfbbd0,69825516c835c41957dfbc18,1
69825516c835c41957dfbbd0,69825516c835c41957dfe667,1
69825516c835c41957dfbbd0,69825516c835c41957dfbbec,1
69825516c835c41957dfbbd0,69825516c835c41957dfbc02,1
69825516c835c41957dfd07e,69825516c835c41957dfd07c,2
69825516c835c41957dfd07e,69825517c835c41957dff95a,1
69825517c835c41957e00fa7,69825516c835c41957dfb983,1
69825517c835c41957e006fa,69825516c835c41957dfd50a,2
69825516c835c41957dfe486,69825517c835c41957e01739,1
69825516c835c41957dfe486,69825516c835c41957dfe48d,1
69825516c835c41957dfe486,69825516c835c41957dfe21b,1
69825516c835c41957dfd4ce,69825516c835c41957dfa501,1
69825516c835c41957dfd4ce,69825517c835c41957e00769,1
69825517c835c41957e015a4,69825517c835c41957e0157c,1
69825517c835c41957e015a4,69825517c835c41957e01661,3
69825517c835c41957e015a4,69825517c835c41957e015b0,4
69825517c835c41957e015a4,69825517c835c41957e01617,2
69825517c835c41957e015a4,69825517c835c41957e015db,1
69825517c835c41957e015a4,69825517c835c41957e01644,3
69825517c835c41957e015a4,69825517c835c41957e016ba,1
69825517c835c41957e015a4,69825517c835c41957e016d1,2
69825517c835c41957e015a4,69825517c835c41957e015f2,1
69825517c835c41957e015a4,69825517c835c41957e016b3,1
69825517c835c41957e015a4,69825517c835c41957e016b7,6
69825517c835c41957e015a4,69825517c835c41957e0161f,3
69825517c835c41957e015a4,69825517c835c41957e0168f,2
69825516c835c41957dfae12,69825516c835c41957dfade7,1
69825516c835c41957dfa466,69825516c835c41957dfa47c,2
69825516c835c41957dfa466,69825516c835c41957dfe21a,1
69825516c835c41957dfa466,69825516c835c41957dfe1b3,1
69825516c835c41957dfa466,69825516c835c41957dfa465,1
69825516c835c41957dfa466,69825516c835c41957dfa42e,3
69825516c835c41957dfa466,69825516c835c41957dfa428,2
69825516c835c41957dfa466,69825516c835c41957dfcfc2,1
69825516c835c41957dfa466,69825516c835c41957dfa522,3
69825517c835c41957e0042c,69825516c835c41957dfee4b,1
69825517c835c41957e0042c,69825517c835c41957e0088e,1
69825517c835c41957e0042c,69825516c835c41957dfe123,1
69825517c835c41957e0042c,69825516c835c41957dfa352,1
69825517c835c41957e0042c,69825516c835c41957dfd70f,2
69825517c835c41957e0042c,69825516c835c41957dfdfa6,1
69825517c835c41957e0042c,69825516c835c41957dfe802,1
69825517c835c41957e0042c,69825516c835c41957dfd3f8,1
69825517c835c41957e0042c,69825517c835c41957e00628,1
69825517c835c41957e0042c,69825517c835c41957dffb45,3
69825516c835c41957dfd6af,69825516c835c41957dfbf7b,2
69825516c835c41957dfa4e0,69825516c835c41957dfda2b,1
69825516c835c41957dfa4e0,69825516c835c41957dfe0c8,1
69825516c835c41957dfa4e0,69825516c835c41957dfbe71,1
69825516c835c41957dfa4e0,69825516c835c41957dfe0c6,1
69825516c835c41957dfa4e0,69825516c835c41957dfe019,1
69825516c835c41957dfa4e0,69825516c835c41957dfa48e,1
69825516c835c41957dfa4e0,69825516c835c41957dfc98a,2
69825516c835c41957dfa4e0,69825516c835c41957dfeee7,1
69825516c835c41957dfa4e0,69825516c835c41957dfa44c,1
69825516c835c41957dfa4e0,69825516c835c41957dfa419,1
69825517c835c41957e004ff,69825517c835c41957e00cff,1
69825517c835c41957e004ff,69825517c835c41957e00da4,1
69825517c835c41957e01003,69825517c835c41957e00e2b,2
69825516c835c41957dfe60a,69825516c835c41957dfe49a,1
69825516c835c41957dfe60a,69825516c835c41957dfb664,1
69825516c835c41957dfe60a,69825516c835c41957dfd269,1
69825516c835c41957dfc98b,69825517c835c41957dff910,1
69825516c835c41957dfc98b,69825516c835c41957dfccb0,1
69825516c835c41957dfc98b,69825516c835c41957dfd307,1
69825516c835c41957dfc98b,69825516c835c41957dfef51,1
69825516c835c41957dfc98b,69825517c835c41957dff465,1
69825516c835c41957dfc98b,69825516c835c41957dff145,1
69825516c835c41957dfc98b,69825516c835c41957dfd2dc,1
69825517c835c41957e00654,69825517c835c41957e00ded,2
69825517c835c41957e00654,69825517c835c41957e00f7f,1
69825517c835c41957e00654,69825517c835c41957e00f7b,3
69825517c835c41957e00654,69825517c835c41957dff799,5
69825517c835c41957e00654,69825517c835c41957e01139,1
69825517c835c41957e00654,69825516c835c41957dfb5b1,1
69825517c835c41957e00654,69825516c835c41957dfe795,1
69825516c835c41957dfa568,69825516c835c41957dfa77f,2
69825516c835c41957dfa568,69825516c835c41957dfd253,1
69825516c835c41957dfa568,69825516c835c41957dfd87c,2
69825516c835c41957dfa568,69825517c835c41957e00e90,1
69825516c835c41957dfa568,69825517c835c41957e0100e,1
69825516c835c41957dfc53a,69825517c835c41957e007e7,1
69825516c835c41957dfa7f4,69825517c835c41957e015c0,1
69825516c835c41957dfa7f4,69825517c835c41957e015da,1
69825516c835c41957dfa7f4,69825517c835c41957e01600,1
69825516c835c41957dfa7f4,69825517c835c41957e01690,2
69825516c835c41957dfa7f4,69825517c835c41957e01622,1
69825516c835c41957dfab4b,69825516c835c41957dfbd76,2
69825516c835c41957dfab4b,69825516c835c41957dfa30d,3
69825516c835c41957dfa821,69825516c835c41957dfdd86,1
69825516c835c41957dfa821,69825516c835c41957dfb9af,1
69825516c835c41957dfa821,69825517c835c41957dff86a,1
69825516c835c41957dfa821,69825516c835c41957dfb62b,1
69825516c835c41957dfa821,69825517c835c41957dff863,1
69825516c835c41957dfa821,69825516c835c41957dfdd52,1
69825516c835c41957dfb8ef,69825516c835c41957dfdc61,1
69825516c835c41957dfb8ef,69825516c835c41957dfd2d6,1
69825516c835c41957dfb8ef,69825517c835c41957e00fc5,2
69825516c835c41957dfb8ef,69825517c835c41957e00bf6,1
69825516c835c41957dfb8ef,69825516c835c41957dfd2fd,1
69825516c835c41957dfb8ef,69825517c835c41957dff930,1
69825516c835c41957dfb8ef,69825516c835c41957dfef52,6
69825516c835c41957dfb8ef,69825516c835c41957dff27c,1
69825516c835c41957dfe3d4,69825516c835c41957dfe3f8,1
69825516c835c41957dfe3d4,69825516c835c41957dfe3da,1
69825516c835c41957dfe3d4,69825516c835c41957dfe3d7,1
69825516c835c41957dfe3d4,69825516c835c41957dfe3d6,1
69825516c835c41957dfe3d4,69825516c835c41957dfe417,1
69825516c835c41957dfe3d4,69825516c835c41957dfe420,1
69825516c835c41957dfe3d4,69825516c835c41957dfe3ef,1
69825516c835c41957dfa553,69825516c835c41957dfb8f8,1
69825516c835c41957dfa553,69825516c835c41957dfa380,1
69825516c835c41957dfa553,69825516c835c41957dfa2f4,1
69825516c835c41957dfa553,69825516c835c41957dfa56f,1
69825516c835c41957dfe6d3,69825516c835c41957dfe6d4,3
69825516c835c41957dfe6d3,69825516c835c41957dfe66f,3
69825516c835c41957dfe6d3,69825516c835c41957dfa81b,1
69825516c835c41957dfe6d3,69825517c835c41957e0106c,3
69825516c835c41957dfe6d3,69825516c835c41957dfe429,2
69825516c835c41957dfe4ae,69825516c835c41957dfe496,1
69825517c835c41957e01661,69825517c835c41957e0157c,2
69825517c835c41957e01661,69825517c835c41957e015b0,1
69825517c835c41957e01661,69825517c835c41957e01617,3
69825517c835c41957e01661,69825517c835c41957e01644,2
69825517c835c41957e01661,69825517c835c41957e016d1,1
69825517c835c41957e01661,69825517c835c41957e016b7,2
69825517c835c41957e01661,69825517c835c41957e0161f,1
69825517c835c41957e01661,69825517c835c41957e0168f,2
69825517c835c41957e00f42,69825517c835c41957e010db,1
69825517c835c41957e00f42,69825517c835c41957e00524,2
69825517c835c41957e00f42,69825516c835c41957df9e1d,6
69825517c835c41957e00f42,69825517c835c41957e00d55,1
69825517c835c41957e00f42,69825516c835c41957dfa81f,2
69825517c835c41957e00f42,69825516c835c41957dfe7d1,1
69825517c835c41957e00f42,69825516c835c41957dfd19c,2
69825517c835c41957e00f42,69825516c835c41957dfd8dc,3
69825516c835c41957dff15d,69825516c835c41957dfa70b,2
69825516c835c41957dff15d,69825517c835c41957dffcab,3
69825516c835c41957dff15d,69825517c835c41957e00ca2,2
69825516c835c41957dfe1dc,69825516c835c41957dfba9f,1
69825516c835c41957dfe1dc,69825516c835c41957dfe206,1
69825516c835c41957dfe1dc,69825516c835c41957dfe1f4,1
69825516c835c41957dfe1dc,69825517c835c41957dff6be,1
69825516c835c41957dfe1dc,69825516c835c41957dfe4b5,1
69825516c835c41957dfc942,69825516c835c41957dfbad1,1
69825517c835c41957dffd55,69825516c835c41957dfc93a,1
69825517c835c41957dffd55,69825516c835c41957dfe63b,1
69825517c835c41957dffd55,69825517c835c41957e00656,1
69825517c835c41957dffd55,69825517c835c41957dffd3a,2
69825517c835c41957dffd55,69825517c835c41957dffd4c,2
69825517c835c41957dffd55,69825516c835c41957dfb7e4,1
69825517c835c41957dffd55,69825516c835c41957dfb521,1
69825517c835c41957dffd55,69825517c835c41957dffd48,2
69825517c835c41957dffd55,69825517c835c41957dffd52,2
69825517c835c41957dffd55,69825517c835c41957dffd57,2
69825517c835c41957dffd55,69825516c835c41957dfb12d,2
69825516c835c41957dfbfde,69825516c835c41957dfbfe3,1
69825516c835c41957dfd313,69825516c835c41957dfd314,2
69825516c835c41957dfd313,69825516c835c41957dfd1f3,2
69825516c835c41957dfd313,69825516c835c41957dfd315,2
69825516c835c41957dfd313,69825516c835c41957dfd17b,2
69825516c835c41957dfb525,69825516c835c41957dfb522,1
69825516c835c41957dfb525,69825516c835c41957dfb263,1
69825516c835c41957dfb525,69825516c835c41957dfa89e,1
69825516c835c41957dfb525,69825516c835c41957dfb193,1
69825517c835c41957e0030a,69825516c835c41957dfa5a2,1
69825516c835c41957dfb145,69825516c835c41957dfac10,1
69825517c835c41957e006e6,69825516c835c41957dfedac,1
69825517c835c41957e006e6,69825516c835c41957dfd34c,1
69825517c835c41957e006e6,69825516c835c41957dfa95b,1
69825517c835c41957e003f1,69825516c835c41957dfd7f3,1
69825516c835c41957dfb344,69825516c835c41957dfb3c6,1
69825516c835c41957dfb344,69825516c835c41957dfb1d4,1
69825516c835c41957dfb344,69825516c835c41957dfb32c,1
69825516c835c41957dfb344,69825516c835c41957dfb258,1
69825516c835c41957dfb344,69825516c835c41957dfb237,1
69825516c835c41957dfb344,69825516c835c41957dfb30e,1
69825516c835c41957dfe3ff,69825516c835c41957dfe3db,2
69825516c835c41957dfe3ff,69825516c835c41957dfe405,2
69825516c835c41957dfe3ff,69825516c835c41957dfe404,2
69825516c835c41957dfe3ff,69825516c835c41957dfe3fc,2
69825516c835c41957dfe3ff,69825516c835c41957dfe3cc,2
69825516c835c41957dfe3ff,69825516c835c41957dfe3df,2
69825516c835c41957dfa507,69825516c835c41957dfe2af,1
69825516c835c41957dfd2d3,69825517c835c41957dff45a,1
69825516c835c41957dfa778,69825517c835c41957dffc80,6
69825516c835c41957dfd2a4,69825517c835c41957e014f7,1
69825516c835c41957dfb7a6,69825516c835c41957df9f53,1
69825516c835c41957dfb7a6,69825517c835c41957e00d08,1
69825516c835c41957dfb7a6,69825516c835c41957dfe79f,1
69825516c835c41957dfb7a6,69825516c835c41957dfb783,1
69825516c835c41957dfb7a6,69825517c835c41957e0080a,1
69825516c835c41957dfb7a6,69825517c835c41957e00f6c,1
69825516c835c41957dfb7a6,69825517c835c41957dffbd6,1
69825516c835c41957dfb7a6,69825517c835c41957dff6fc,1
69825517c835c41957e00049,69825517c835c41957e00047,3
69825517c835c41957e00ca2,69825516c835c41957dfa70b,2
69825517c835c41957e00ca2,69825517c835c41957dffcab,2
69825516c835c41957dff00a,69825516c835c41957dfe20d,1
69825516c835c41957dff00a,69825516c835c41957df9c99,1
69825516c835c41957dff00a,69825517c835c41957e01139,1
69825516c835c41957dff00a,69825516c835c41957dfefbe,2
69825516c835c41957dff00a,69825516c835c41957dfefc1,3
69825516c835c41957dff00a,69825516c835c41957dfd3ed,1
69825516c835c41957dff00a,69825516c835c41957dfe795,1
69825516c835c41957dff00a,69825516c835c41957dfabe1,1
69825516c835c41957dff00a,69825516c835c41957dfefed,1
69825516c835c41957dfe7d1,69825517c835c41957e00525,1
69825516c835c41957dfe7d1,69825516c835c41957dfa76e,1
69825516c835c41957dfe7d1,69825516c835c41957dfa636,1
69825516c835c41957dfe7d1,69825517c835c41957e00d55,1
69825516c835c41957dfe7d1,69825516c835c41957dfd19c,2
69825516c835c41957dfe7d1,69825516c835c41957dfd8dc,1
69825516c835c41957dfe7d1,69825516c835c41957dfcd4d,1
69825516c835c41957dfe7d1,69825516c835c41957dfce44,1
69825516c835c41957dfe7d1,69825517c835c41957e00524,2
69825516c835c41957dfe7d1,69825516c835c41957df9e1d,1
69825516c835c41957dfe7d1,69825516c835c41957dfa81f,1
69825516c835c41957dfa368,69825516c835c41957dfa36b,1
69825516c835c41957dfd2f5,69825516c835c41957dfa1f8,2
69825516c835c41957dfd2f5,69825516c835c41957dfeeef,1
69825516c835c41957dfd2f5,69825517c835c41957dff799,1
69825516c835c41957dfefa1,69825516c835c41957dff004,7
69825516c835c41957dfefa1,69825516c835c41957dfef9e,6
69825516c835c41957dfefa1,69825516c835c41957dff008,7
69825516c835c41957dfefa1,69825516c835c41957dfefb5,6
69825516c835c41957dfefa1,69825516c835c41957dff006,7
69825516c835c41957dfefa1,69825516c835c41957dfefb1,7
69825516c835c41957dff39a,69825516c835c41957dfdc61,1
69825516c835c41957dff39a,69825517c835c41957e017c7,1
69825516c835c41957dff39a,69825517c835c41957dff432,1
69825516c835c41957dfa74a,69825516c835c41957dfa310,1
69825516c835c41957df9e4b,69825516c835c41957dfa3fd,2
69825516c835c41957df9e4b,69825517c835c41957dffca8,1
69825516c835c41957df9e4b,69825516c835c41957dff299,2
69825516c835c41957df9e4b,69825517c835c41957e00bf6,1
69825516c835c41957df9e4b,69825516c835c41957dfc4af,1
69825516c835c41957df9e4b,69825516c835c41957dfda2d,2
69825516c835c41957dfb7a0,69825516c835c41957dfc80b,2
69825516c835c41957dfd17b,69825516c835c41957dfd314,2
69825516c835c41957dfd17b,69825516c835c41957dfd1f3,2
69825516c835c41957dfd17b,69825516c835c41957dfd315,2
69825516c835c41957dfd2dc,69825517c835c41957e00dc0,1
69825516c835c41957dfd2dc,69825517c835c41957e019f3,1
69825516c835c41957dfd2dc,69825517c835c41957dff910,1
69825516c835c41957dfd2dc,69825516c835c41957dfc990,1
69825516c835c41957dfd2dc,69825516c835c41957dfd069,1
69825516c835c41957dfd2dc,69825516c835c41957dff145,1
69825516c835c41957dfd2dc,69825516c835c41957dfa7ad,1
69825516c835c41957dfd2dc,69825516c835c41957dfd307,1
69825516c835c41957dfd2dc,69825516c835c41957dfef51,1
69825516c835c41957dfd2dc,69825516c835c41957dfb7ac,1
69825516c835c41957dfd2dc,69825516c835c41957dfbf53,1
69825516c835c41957dfd2dc,69825517c835c41957dff402,1
69825516c835c41957dfd2dc,69825516c835c41957dfccb0,1
69825516c835c41957dfd2dc,69825516c835c41957dfa333,1
69825516c835c41957dfd2dc,69825516c835c41957dfe848,1
69825516c835c41957dfd2dc,69825517c835c41957dff465,2
69825516c835c41957dfd2dc,69825516c835c41957df9e4a,1
69825516c835c41957dfcd4d,69825516c835c41957dfb193,1
69825516c835c41957dfcd4d,69825517c835c41957e00524,1
69825516c835c41957dfcd4d,69825516c835c41957dfa636,1
69825516c835c41957dfcd4d,69825517c835c41957e00525,1
69825516c835c41957dfcd4d,69825516c835c41957dfd19c,1
69825517c835c41957e01139,69825516c835c41957dfe20d,1
69825517c835c41957e01139,69825516c835c41957df9c99,3
69825517c835c41957e01139,69825517c835c41957dff799,1
69825517c835c41957e01139,69825516c835c41957dfb5b1,1
69825517c835c41957e01139,69825516c835c41957dfe2af,1
69825517c835c41957e01139,69825516c835c41957dfefc1,1
69825517c835c41957e01139,69825516c835c41957dfd3ed,1
69825517c835c41957e01139,69825516c835c41957dfe795,4
69825517c835c41957e01139,69825516c835c41957dfabe1,1
69825517c835c41957e01139,69825516c835c41957dfefed,1
69825516c835c41957dfd82c,69825517c835c41957e00715,1
69825516c835c41957dfd82c,69825516c835c41957df9e4e,1
69825516c835c41957dfd82c,69825516c835c41957dfe815,2
69825516c835c41957dfd82c,69825516c835c41957dfccf8,1
69825516c835c41957dfc47c,69825516c835c41957dfe6a5,2
69825517c835c41957e00d08,69825516c835c41957dfe79f,4
69825517c835c41957e00d08,69825517c835c41957dff6fc,3
69825517c835c41957e00d08,69825517c835c41957e007db,1
69825517c835c41957e00d08,69825517c835c41957e00f6b,6
69825517c835c41957e00d08,69825517c835c41957e00ecc,1
69825517c835c41957e00d08,69825517c835c41957e0133f,1
69825517c835c41957e00d08,69825517c835c41957e0080a,3
69825517c835c41957e00d08,69825516c835c41957dfb783,1
69825517c835c41957e00d08,69825517c835c41957dffbd6,22
69825517c835c41957e00d08,69825516c835c41957dfd30c,1
69825517c835c41957e00d08,69825516c835c41957df9f53,1
69825517c835c41957e00d08,69825516c835c41957dfb96a,1
69825517c835c41957e00d08,69825516c835c41957dff159,1
69825517c835c41957e00d08,69825517c835c41957dff86b,1
69825517c835c41957e00d08,69825516c835c41957dfd00e,1
69825517c835c41957e00d08,69825517c835c41957dffe16,2
69825517c835c41957e00d08,69825516c835c41957dfe7c0,1
69825517c835c41957e00d08,69825517c835c41957e00f6c,15
69825517c835c41957e00d08,69825516c835c41957dfb790,1
69825517c835c41957e0160d,69825517c835c41957e016b3,1
69825517c835c41957e0160d,69825517c835c41957e01600,1
69825517c835c41957e0160d,69825517c835c41957e015db,1
69825517c835c41957e0160d,69825517c835c41957e016ba,1
69825517c835c41957e0160d,69825517c835c41957e016d1,1
69825517c835c41957e0160d,69825517c835c41957e015f2,1
69825516c835c41957dfa9ec,69825516c835c41957dfe54e,1
69825516c835c41957dfe3f8,69825516c835c41957dfe3da,1
69825516c835c41957dfe3f8,69825516c835c41957dfe3d7,1
69825516c835c41957dfe3f8,69825516c835c41957dfe3d6,1
69825516c835c41957dfe3f8,69825516c835c41957dfe417,1
69825516c835c41957dfe3f8,69825516c835c41957dfe420,1
69825516c835c41957dfe3f8,69825516c835c41957dfe3ef,1
69825516c835c41957dfe6d6,69825517c835c41957dffd37,1
69825516c835c41957dfe6d6,69825516c835c41957dfe0c6,1
69825516c835c41957dfe6d6,69825516c835c41957dfd7ba,1
69825516c835c41957dfe6d6,69825516c835c41957dfb8fb,1
69825516c835c41957dfe6d6,69825516c835c41957dfa3d8,1
69825516c835c41957dfef0f,69825516c835c41957dfb9af,1
69825516c835c41957dfb7aa,69825517c835c41957e0086b,1
69825516c835c41957dfb7aa,69825517c835c41957dffd68,1
69825516c835c41957dfb7aa,69825516c835c41957dfa0ad,1
69825516c835c41957dfb7aa,69825517c835c41957e01a9e,1
69825516c835c41957dfb7aa,69825516c835c41957df9e4a,1
69825516c835c41957dfc1f0,69825516c835c41957dfcd00,2
69825517c835c41957e0111a,69825516c835c41957dff2ba,1
69825517c835c41957e0111a,69825516c835c41957dfe848,1
69825517c835c41957e0111a,69825517c835c41957dffb7c,1
69825517c835c41957e0111a,69825516c835c41957dfeef8,1
69825517c835c41957e0111a,69825516c835c41957df9e4e,1
69825517c835c41957e0111a,69825517c835c41957dffc7e,1
69825517c835c41957e0111a,69825517c835c41957e0094a,1
69825517c835c41957e0111a,69825516c835c41957dff2f2,1
69825517c835c41957e0111a,69825517c835c41957e0112b,2
69825517c835c41957e0111a,69825516c835c41957dfc0b8,2
69825516c835c41957dfca90,69825516c835c41957dfc75e,1
69825517c835c41957dffb4a,69825517c835c41957dffc3a,1
69825516c835c41957dfa390,69825516c835c41957dfa48c,1
69825516c835c41957dfa390,69825517c835c41957e00a2a,1
69825516c835c41957dfa390,69825516c835c41957dff398,2
69825516c835c41957dfa390,69825516c835c41957dfa356,1
69825516c835c41957dfa390,69825516c835c41957dfd5c6,1
69825516c835c41957dfa390,69825516c835c41957dfa50f,1
69825516c835c41957dfa390,69825517c835c41957dffdfa,1
69825516c835c41957dfa390,69825517c835c41957e0132e,2
69825516c835c41957dfce9d,69825516c835c41957dfc422,1
69825516c835c41957dfeefa,69825516c835c41957dfc4a5,1
69825516c835c41957dfeefa,69825516c835c41957dfd157,5
69825516c835c41957dfeefa,69825517c835c41957dffb20,1
69825516c835c41957dfeefa,69825516c835c41957dfe66f,1
69825516c835c41957dfeefa,69825516c835c41957dfa0ad,1
69825516c835c41957dfeefa,69825517c835c41957e00a30,1
69825516c835c41957dfeefa,69825516c835c41957dfa904,3
69825516c835c41957dfeefa,69825516c835c41957dfd1f9,1
69825516c835c41957dfeefa,69825516c835c41957dfa333,7
69825516c835c41957dfeefa,69825516c835c41957dfd070,2
69825516c835c41957dfeefa,69825517c835c41957e01a9e,1
69825516c835c41957dfeefa,69825516c835c41957dfb917,4
69825516c835c41957dfeefa,69825517c835c41957dff976,2
69825516c835c41957dfeefa,69825516c835c41957df9e4a,2
69825517c835c41957e006a6,69825517c835c41957e01229,1
69825517c835c41957e006a6,69825516c835c41957dfcace,1
69825517c835c41957e006a6,69825516c835c41957dfcacd,1
69825517c835c41957e006a6,69825516c835c41957dfcacb,1
69825517c835c41957e006a6,69825516c835c41957dfcacc,1
69825516c835c41957dfd19e,69825516c835c41957dfd19f,2
69825516c835c41957dfd19e,69825516c835c41957dfd1a0,2
69825516c835c41957dfd19e,69825516c835c41957dfd19d,2
69825516c835c41957dfa530,69825516c835c41957dfe611,1
69825516c835c41957dfa86c,69825516c835c41957dfe3fc,1
69825516c835c41957dfd85e,69825516c835c41957dfe227,1
69825516c835c41957dff063,69825516c835c41957dff0dc,1
69825516c835c41957dff063,69825516c835c41957dff0b1,1
69825516c835c41957dff063,69825516c835c41957dff0ba,1
69825516c835c41957dff063,69825516c835c41957dff069,1
69825516c835c41957dff063,69825516c835c41957dff070,1
69825516c835c41957dff063,69825516c835c41957dff090,1
69825516c835c41957dff063,69825516c835c41957dff0cd,1
69825516c835c41957dff063,69825516c835c41957dff0cf,1
69825516c835c41957dff063,69825516c835c41957dff0c8,1
69825516c835c41957dff063,69825516c835c41957dff071,1
69825516c835c41957dff063,69825516c835c41957dff091,1
69825516c835c41957dff063,69825516c835c41957dff080,1
69825516c835c41957dff063,69825516c835c41957dff064,1
69825516c835c41957dff063,69825516c835c41957dff0b2,1
69825516c835c41957dff063,69825516c835c41957dff09e,1
69825516c835c41957dff063,69825516c835c41957dff072,1
69825516c835c41957dff063,69825516c835c41957dff09d,1
69825516c835c41957dff063,69825516c835c41957dff0db,1
69825516c835c41957dff063,69825516c835c41957dff077,1
69825516c835c41957dff063,69825516c835c41957dff08f,1
69825516c835c41957dff063,69825516c835c41957dff06f,1
69825516c835c41957dff063,69825516c835c41957dff0d9,1
69825516c835c41957dff063,69825516c835c41957dff0d1,1
69825516c835c41957dfa56f,69825517c835c41957dffeab,1
69825516c835c41957dfa56f,69825516c835c41957dff01f,1
69825516c835c41957dfa56f,69825516c835c41957dfa380,1
69825516c835c41957dfa56f,69825516c835c41957dfa2f4,1
69825516c835c41957dfa56f,69825516c835c41957dfd0bb,1
69825517c835c41957e007db,69825516c835c41957dfe79f,2
69825517c835c41957e007db,69825517c835c41957dff6fc,1
69825517c835c41957e007db,69825517c835c41957e00f6b,1
69825517c835c41957e007db,69825516c835c41957dfe867,1
69825517c835c41957e007db,69825517c835c41957dffe16,3
69825517c835c41957e007db,69825517c835c41957e0080a,1
69825517c835c41957e007db,69825517c835c41957e00f6c,1
69825517c835c41957e007db,69825517c835c41957dffbd6,1
69825516c835c41957dfb522,69825516c835c41957dfe558,1
69825516c835c41957dfb522,69825516c835c41957dfd121,1
69825516c835c41957dfb522,69825516c835c41957dfb263,1
69825516c835c41957dfb522,69825516c835c41957dfb193,1
69825516c835c41957dfb522,69825516c835c41957dfb1dc,1
69825516c835c41957dfb522,69825516c835c41957dfb258,1
69825516c835c41957dfedaa,69825517c835c41957dff962,1
69825516c835c41957dfedaa,69825517c835c41957dff964,1
69825516c835c41957dfedaa,69825517c835c41957dffc78,3
69825516c835c41957dfedaa,69825516c835c41957dfe0e5,2
69825516c835c41957dfedaa,69825517c835c41957dff963,3
69825516c835c41957dfedaa,69825516c835c41957dfedab,4
69825516c835c41957dfedaa,69825516c835c41957dfd405,2
69825516c835c41957dfbc04,69825516c835c41957dfbbcf,1
69825516c835c41957dfbc04,69825516c835c41957dfbbc2,1
69825516c835c41957dfa0f8,69825516c835c41957dfba4d,1
69825516c835c41957dfe1f8,69825516c835c41957dfe1f9,2
69825516c835c41957dfe1f8,69825516c835c41957dfe497,1
69825516c835c41957dfe1f8,69825516c835c41957dfe1f5,1
69825516c835c41957dfe1f8,69825516c835c41957dfe207,2
69825516c835c41957dfe1f8,69825516c835c41957dfe1fb,2
69825516c835c41957dfb813,69825516c835c41957dfba04,1
69825516c835c41957dfb813,69825516c835c41957dfbae2,1
69825516c835c41957dfb813,69825516c835c41957dfe034,1
69825516c835c41957dfb813,69825516c835c41957dfd30a,2
69825516c835c41957dfb813,69825516c835c41957dfd0c9,1
69825516c835c41957dfb813,69825516c835c41957dfc8e6,1
69825516c835c41957dfb813,69825516c835c41957dfca1e,3
69825516c835c41957dfb813,69825517c835c41957e0061b,1
69825516c835c41957dfb813,69825516c835c41957dfd0c8,1
69825516c835c41957dfb813,69825517c835c41957e00d1d,1
69825516c835c41957dfb813,69825516c835c41957dfab42,1
69825516c835c41957dfee46,69825516c835c41957dfd576,1
69825516c835c41957dfb8f6,69825517c835c41957dff806,1
69825516c835c41957dfb8f6,69825517c835c41957dffb52,2
69825516c835c41957dfa417,69825516c835c41957dff142,1
69825516c835c41957dfa417,69825517c835c41957e0182f,1
69825516c835c41957dfa417,69825517c835c41957e01840,1
69825516c835c41957dfa417,69825516c835c41957dfa53b,2
69825516c835c41957dfba0c,69825517c835c41957e0034d,1
69825516c835c41957dfba0c,69825516c835c41957dfbda6,1
69825516c835c41957dfba0c,69825517c835c41957e007bf,1
69825516c835c41957dfba0c,69825516c835c41957dfc575,1
69825516c835c41957dfba0c,69825516c835c41957dfc5ac,2
69825516c835c41957dfba0c,69825516c835c41957dfa78c,2
69825516c835c41957dfba0c,69825516c835c41957dfbd71,2
69825516c835c41957dfba0c,69825516c835c41957dfbd7d,3
69825516c835c41957dfba0c,69825516c835c41957dfbdcc,1
69825516c835c41957dfba0c,69825517c835c41957e001f4,1
69825516c835c41957dfe1f4,69825516c835c41957dfba9f,1
69825516c835c41957dfe1f4,69825516c835c41957dfe206,1
69825516c835c41957dfe1f4,69825517c835c41957dff6be,1
69825517c835c41957e016d1,69825517c835c41957e0157c,1
69825517c835c41957e016d1,69825517c835c41957e015b0,1
69825517c835c41957e016d1,69825517c835c41957e01617,1
69825517c835c41957e016d1,69825517c835c41957e01644,1
69825517c835c41957e016d1,69825517c835c41957e016ba,2
69825517c835c41957e016d1,69825517c835c41957e015f2,2
69825517c835c41957e016d1,69825517c835c41957e016b3,2
69825517c835c41957e016d1,69825517c835c41957e01600,1
69825517c835c41957e016d1,69825517c835c41957e016b7,2
69825517c835c41957e016d1,69825517c835c41957e0161f,2
69825517c835c41957e016d1,69825517c835c41957e0168f,1
69825516c835c41957dfc4b0,69825516c835c41957dfd271,1
69825516c835c41957dfb65a,69825517c835c41957dff77d,1
69825516c835c41957dfc90b,69825516c835c41957dfbe1a,2
69825516c835c41957dfc90b,69825516c835c41957dfd2ec,1
69825516c835c41957dfccab,69825517c835c41957dffa33,1
69825517c835c41957dff96b,69825517c835c41957e00a3a,1
69825517c835c41957dff96b,69825517c835c41957dff96c,1
69825517c835c41957e0073b,69825517c835c41957dffb20,1
69825517c835c41957e0073b,69825517c835c41957dffb7c,1
69825517c835c41957e004bc,69825517c835c41957dffc04,10
69825517c835c41957e004bc,69825516c835c41957dfe0e1,8
69825516c835c41957dfa3aa,69825516c835c41957dfa4d6,1
69825516c835c41957dfda2b,69825516c835c41957dfa3a9,1
69825516c835c41957dfda2b,69825516c835c41957dfe019,1
69825516c835c41957dfda2b,69825516c835c41957dfa48e,1
69825516c835c41957dfda2b,69825516c835c41957dfca71,1
69825516c835c41957dfda2b,69825516c835c41957dfa122,1
69825516c835c41957dfda2b,69825516c835c41957dfda3e,1
69825516c835c41957dfd19f,69825516c835c41957dfd1a0,4
69825516c835c41957dfd19f,69825516c835c41957dfd19d,4
69825516c835c41957dfe21c,69825516c835c41957dfc68d,1
69825516c835c41957dfc012,69825516c835c41957dfc1ed,2
69825516c835c41957dfc012,69825516c835c41957dfd9a8,1
69825516c835c41957dfbfd8,69825516c835c41957dfbfd7,1
69825516c835c41957dfbfd8,69825516c835c41957dfbfcf,1
69825516c835c41957dfd907,69825517c835c41957e006dd,1
69825517c835c41957dffc0c,69825517c835c41957dffc0b,2
69825516c835c41957dfa465,69825516c835c41957dff3af,1
69825516c835c41957dfa465,69825516c835c41957dfa47c,2
69825516c835c41957dfa465,69825516c835c41957dfd85b,1
69825516c835c41957dfa465,69825516c835c41957dfcd0a,1
69825516c835c41957dfa465,69825516c835c41957dfa42e,5
69825516c835c41957dfa465,69825516c835c41957dfa428,2
69825516c835c41957dfa465,69825516c835c41957dfcd56,1
69825516c835c41957dfa465,69825516c835c41957dfa522,1
69825516c835c41957dfa465,69825516c835c41957dfa3f7,2
69825516c835c41957dfa465,69825516c835c41957dfe494,1
69825517c835c41957e0051c,69825516c835c41957dfa4e9,3
69825516c835c41957dff070,69825516c835c41957dff0dc,1
69825516c835c41957dff070,69825516c835c41957dff0b1,1
69825516c835c41957dff070,69825516c835c41957dff0ba,1
69825516c835c41957dff070,69825516c835c41957dff069,1
69825516c835c41957dff070,69825516c835c41957dff090,1
69825516c835c41957dff070,69825516c835c41957dff0cd,1
69825516c835c41957dff070,69825516c835c41957dff0cf,1
69825516c835c41957dff070,69825516c835c41957dff0c8,1
69825516c835c41957dff070,69825516c835c41957dff071,1
69825516c835c41957dff070,69825516c835c41957dff091,1
69825516c835c41957dff070,69825516c835c41957dff080,1
69825516c835c41957dff070,69825516c835c41957dff064,1
69825516c835c41957dff070,69825516c835c41957dff0b2,1
69825516c835c41957dff070,69825516c835c41957dff09e,1
69825516c835c41957dff070,69825516c835c41957dff072,1
69825516c835c41957dff070,69825516c835c41957dff09d,1
69825516c835c41957dff070,69825516c835c41957dff0db,1
69825516c835c41957dff070,69825516c835c41957dff077,1
69825516c835c41957dff070,69825516c835c41957dff08f,1
69825516c835c41957dff070,69825516c835c41957dff06f,1
69825516c835c41957dff070,69825516c835c41957dff0d9,1
69825516c835c41957dff070,69825516c835c41957dff0d1,1
69825517c835c41957e00662,69825516c835c41957dfd9a2,1
69825517c835c41957e00662,69825516c835c41957dff3aa,1
69825517c835c41957e00662,69825517c835c41957dffaf5,1
69825517c835c41957e00662,69825517c835c41957dffcc1,1
69825517c835c41957e00662,69825517c835c41957e00665,2
69825516c835c41957dfbbc2,69825516c835c41957dfbbcf,1
69825516c835c41957dfd321,69825516c835c41957dfd1f1,1
69825516c835c41957dfd34c,69825516c835c41957dfedac,1
69825516c835c41957dfc1e4,69825516c835c41957dfa444,1
69825516c835c41957dfc1e4,69825516c835c41957dfa120,1
69825516c835c41957dfbfd7,69825516c835c41957dfbfcf,1
69825516c835c41957dfe66d,69825516c835c41957dfb917,1
69825516c835c41957dfe66d,69825516c835c41957dfa540,1
69825516c835c41957dfe66d,69825516c835c41957dfca71,1
69825516c835c41957dfe66d,69825517c835c41957e01a9e,1
69825516c835c41957dfe66d,69825516c835c41957df9e4a,1
69825517c835c41957e0161f,69825517c835c41957e0157c,1
69825517c835c41957e0161f,69825517c835c41957e015b0,2
69825517c835c41957e0161f,69825517c835c41957e01617,1
69825517c835c41957e0161f,69825517c835c41957e015db,1
69825517c835c41957e0161f,69825517c835c41957e01644,2
69825517c835c41957e0161f,69825517c835c41957e016ba,1
69825517c835c41957e0161f,69825517c835c41957e015f2,1
69825517c835c41957e0161f,69825517c835c41957e016b3,1
69825517c835c41957e0161f,69825517c835c41957e016b7,3
69825517c835c41957e0161f,69825517c835c41957e0168f,1
69825516c835c41957dfd036,69825516c835c41957df9e28,1
69825516c835c41957dfd036,69825517c835c41957e017fc,2
69825516c835c41957dfe61a,69825517c835c41957e004b9,1
69825516c835c41957dfe61a,69825516c835c41957dfd79f,1
69825516c835c41957dfe61a,69825516c835c41957dfb7ae,1
69825516c835c41957dfe61a,69825516c835c41957dff04d,1
69825517c835c41957e014e4,69825517c835c41957e00ded,1
69825517c835c41957e014e4,69825516c835c41957dfa1f8,1
69825516c835c41957dfe4b4,69825516c835c41957dfa3f7,1
69825516c835c41957dfe4b4,69825516c835c41957dfe4b5,1
69825516c835c41957dfe4b4,69825516c835c41957dfefed,1
69825516c835c41957dfe66f,69825516c835c41957dfe6d4,3
69825516c835c41957dfe66f,69825516c835c41957dfa81b,1
69825516c835c41957dfe66f,69825517c835c41957e0106c,3
69825516c835c41957dfe66f,69825516c835c41957dfe429,2
69825517c835c41957dfff54,69825516c835c41957dfbb89,2
69825517c835c41957e01a9e,69825517c835c41957e00bfb,1
69825517c835c41957e01a9e,69825516c835c41957dfa0ad,3
69825517c835c41957e01a9e,69825516c835c41957dfe80b,1
69825517c835c41957e01a9e,69825516c835c41957dfa904,1
69825517c835c41957e01a9e,69825516c835c41957dfa333,2
69825517c835c41957e01a9e,69825516c835c41957df9e4a,4
69825517c835c41957e01a9e,69825516c835c41957dfb917,3
69825516c835c41957df9f8b,69825516c835c41957dfa952,2
69825516c835c41957dfc4af,69825516c835c41957dfda2d,1
69825516c835c41957dfc4af,69825516c835c41957dff299,1
69825516c835c41957dfe4b5,69825516c835c41957dfa3f7,1
69825517c835c41957e001f4,69825516c835c41957dfbda6,1
69825517c835c41957e001f4,69825517c835c41957e007bf,1
69825517c835c41957e001f4,69825517c835c41957e00e96,1
69825517c835c41957e01820,69825517c835c41957e00927,1
69825517c835c41957e01820,69825516c835c41957dfbb50,3
69825517c835c41957e01820,69825516c835c41957dfb6da,1
69825517c835c41957e01820,69825517c835c41957e0173a,2
69825516c835c41957dfed7d,69825517c835c41957e00812,3
69825517c835c41957dff892,69825517c835c41957e00684,5
69825517c835c41957dff892,69825516c835c41957dfbd65,1
69825517c835c41957dff892,69825517c835c41957e002d1,1
69825517c835c41957dff892,69825517c835c41957e00396,2
69825517c835c41957dff892,69825517c835c41957e009f9,5
69825516c835c41957dfccc2,69825517c835c41957e01810,1
69825516c835c41957dfccc2,69825516c835c41957dfcead,1
69825516c835c41957dfccc2,69825516c835c41957dfbad1,1
69825516c835c41957dfa33b,69825516c835c41957dfbfd5,1
69825516c835c41957dfcdad,69825516c835c41957dfaa2d,1
69825516c835c41957dfd986,69825516c835c41957dfd2e2,1
69825516c835c41957dff358,69825516c835c41957dff2ba,1
69825516c835c41957dff358,69825517c835c41957e01349,1
69825516c835c41957dff358,69825516c835c41957dfd576,1
69825516c835c41957dff358,69825517c835c41957dff825,1
69825516c835c41957dfa55b,69825516c835c41957dff38f,1
69825516c835c41957dfa55b,69825516c835c41957dfedac,1
69825516c835c41957dfa3d8,69825516c835c41957dfa2cd,1
69825516c835c41957dfa3d8,69825516c835c41957dfb8fb,1
69825516c835c41957dfda37,69825517c835c41957dff882,1
69825516c835c41957dfda37,69825516c835c41957dfdd16,1
69825516c835c41957dfda37,69825516c835c41957dfca71,1
69825516c835c41957dfda37,69825516c835c41957dfdd11,1
69825517c835c41957dff75a,69825516c835c41957dfde18,1
69825516c835c41957dfa7ce,69825516c835c41957dfa95b,1
69825516c835c41957dfa7ce,69825517c835c41957dffb4b,2
69825516c835c41957dfa7ce,69825516c835c41957dfccf1,1
69825516c835c41957dfa7ce,69825517c835c41957dffc7e,1
69825516c835c41957dfa7ce,69825517c835c41957e0088e,1
69825516c835c41957dfa7ce,69825516c835c41957dfb9d5,1
69825517c835c41957dff966,69825516c835c41957dfe0e5,1
69825516c835c41957dfb10c,69825517c835c41957e00ca3,2
69825516c835c41957dfb10c,69825516c835c41957dfa866,1
69825516c835c41957dfde06,69825517c835c41957dffd4f,1
69825516c835c41957dfde06,69825516c835c41957dfcec2,1
69825516c835c41957dfc8e6,69825516c835c41957dfd30a,1
69825516c835c41957dfc8e6,69825516c835c41957dfca1e,1
69825516c835c41957dfc117,69825517c835c41957dff8c5,1
69825516c835c41957dfc117,69825516c835c41957df9e61,1
69825516c835c41957dfa0a9,69825516c835c41957dfefe6,1
69825516c835c41957dfa0a9,69825516c835c41957dfbf6d,1
69825516c835c41957dfa0a9,69825516c835c41957dfbf5e,1
69825516c835c41957dfa0a9,69825516c835c41957dfbf5f,1
69825516c835c41957dfbf6d,69825516c835c41957dfefe6,1
69825516c835c41957dfbf6d,69825516c835c41957dfbf5e,1
69825516c835c41957dfbf6d,69825516c835c41957dfbf5f,1
69825516c835c41957dfe3f5,69825516c835c41957dfa27d,1
69825516c835c41957dfe3f5,69825516c835c41957dfa343,1
69825516c835c41957dfbe1a,69825516c835c41957dfd2ec,3
69825516c835c41957dfdb95,69825516c835c41957dfa4af,1
69825516c835c41957dfdb95,69825517c835c41957dffc02,1
69825516c835c41957dfdb95,69825517c835c41957e0080a,1
69825516c835c41957dfdb95,69825516c835c41957dfa004,1
69825516c835c41957dfed7b,69825517c835c41957e00e8e,2
69825516c835c41957dfc9fe,69825516c835c41957dfe3be,2
69825516c835c41957dfcf7f,69825516c835c41957dfcf7e,1
69825516c835c41957dfcf7f,69825516c835c41957dfcf80,1
69825517c835c41957dffec3,69825517c835c41957e002a6,1
69825517c835c41957dffec3,69825517c835c41957e002b3,2
69825516c835c41957dfdd16,69825516c835c41957dfa4d5,1
69825516c835c41957dfdd16,69825517c835c41957dff882,1
69825516c835c41957dfdd16,69825516c835c41957dfa44e,1
69825516c835c41957dfdd16,69825516c835c41957dfca71,1
69825516c835c41957dfdd16,69825516c835c41957dfa4d8,1
69825516c835c41957dfdd16,69825516c835c41957dfa44d,1
69825516c835c41957dfdd16,69825516c835c41957dfdd11,1
69825516c835c41957dfdd16,69825516c835c41957dfa3d6,1
69825516c835c41957dfd30a,69825516c835c41957dfba04,1
69825516c835c41957dfd30a,69825516c835c41957dfbae2,1
69825516c835c41957dfd30a,69825516c835c41957dfe034,1
69825516c835c41957dfd30a,69825516c835c41957dfd0c9,1
69825516c835c41957dfd30a,69825517c835c41957e0061b,1
69825516c835c41957dfd30a,69825516c835c41957dfca1e,4
69825516c835c41957dfd30a,69825516c835c41957dfdbe9,1
69825516c835c41957dfd30a,69825516c835c41957dfab42,1
69825516c835c41957dfca65,69825516c835c41957dfca66,1
69825516c835c41957dfca65,69825516c835c41957dfca68,1
69825516c835c41957dfca65,69825516c835c41957dfca67,1
69825516c835c41957dfca65,69825516c835c41957dfca64,1
69825516c835c41957dfd5c6,69825516c835c41957dff398,1
69825516c835c41957dfd5c6,69825516c835c41957dfa50f,1
69825516c835c41957dfd5c6,69825517c835c41957e0132e,1
69825516c835c41957dfdb50,69825516c835c41957dfd2db,2
69825516c835c41957dfdb50,69825516c835c41957dfbd65,2
69825516c835c41957dfdb50,69825517c835c41957dff880,1
69825516c835c41957dfdb50,69825517c835c41957e01349,2
69825516c835c41957dfdb50,69825516c835c41957dfd069,1
69825517c835c41957e01600,69825517c835c41957e015c0,1
69825517c835c41957e01600,69825517c835c41957e01690,1
69825517c835c41957e01600,69825517c835c41957e015db,2
69825517c835c41957e01600,69825517c835c41957e016ba,1
69825517c835c41957e01600,69825517c835c41957e015f2,1
69825517c835c41957e01600,69825517c835c41957e015da,1
69825517c835c41957e01600,69825517c835c41957e016b3,1
69825517c835c41957e01600,69825517c835c41957e01622,1
69825517c835c41957e01600,69825517c835c41957e0163c,2
69825516c835c41957dfb521,69825516c835c41957dfe63b,1
69825516c835c41957dfb521,69825517c835c41957dffd3a,1
69825516c835c41957dfb521,69825517c835c41957dffd4c,1
69825516c835c41957dfb521,69825517c835c41957dffd48,1
69825516c835c41957dfb521,69825517c835c41957dffd52,1
69825516c835c41957dfb521,69825517c835c41957dffd57,1
69825516c835c41957dfb088,69825516c835c41957dfdcd8,1
69825516c835c41957dfb088,69825516c835c41957dfb4d7,1
69825516c835c41957dfb088,69825516c835c41957dfe79f,1
69825516c835c41957dfb088,69825517c835c41957e0080a,1
69825516c835c41957dfb088,69825516c835c41957dfb3f3,1
69825516c835c41957dfe1c8,69825516c835c41957dfe48d,1
69825516c835c41957dfb790,69825517c835c41957dff6fc,1
69825516c835c41957dfb790,69825517c835c41957e00f6b,1
69825516c835c41957dfb790,69825517c835c41957e00f6c,1
69825516c835c41957dfb790,69825517c835c41957dffbd6,1
69825516c835c41957dfa2f4,69825516c835c41957dfa380,1
69825516c835c41957dfc00c,69825517c835c41957e00dc0,1
69825516c835c41957dfc00c,69825516c835c41957dfb953,1
69825516c835c41957dfba0e,69825517c835c41957e00348,1
69825516c835c41957dfba0e,69825517c835c41957e00e96,1
69825516c835c41957dfba0e,69825516c835c41957dfc572,1
69825516c835c41957dfba0e,69825516c835c41957dfc5a3,1
69825516c835c41957dfba0e,69825517c835c41957e007bf,1
69825516c835c41957dfef4f,69825516c835c41957dfc934,3
69825517c835c41957e0057d,69825516c835c41957dfaa6e,1
69825517c835c41957e0132e,69825516c835c41957dfa48c,1
69825517c835c41957e0132e,69825517c835c41957e00a2a,1
69825517c835c41957e0132e,69825516c835c41957dff398,2
69825517c835c41957e0132e,69825516c835c41957dff39e,1
69825517c835c41957e0132e,69825516c835c41957dfa356,1
69825517c835c41957e0132e,69825516c835c41957dfa50f,1
69825517c835c41957e0132e,69825517c835c41957dffdfa,1
69825516c835c41957dfa004,69825516c835c41957dfa4af,1
69825516c835c41957dfa004,69825517c835c41957e0080a,1
69825516c835c41957dfcd37,69825517c835c41957e00dec,1
69825516c835c41957dfd79f,69825517c835c41957e004b9,1
69825516c835c41957dfd79f,69825516c835c41957dfb7ae,3
69825516c835c41957dfd79f,69825516c835c41957dff04d,1
69825516c835c41957dfb193,69825516c835c41957dfb319,1
69825516c835c41957dfb193,69825516c835c41957dfb263,1
69825516c835c41957dfb193,69825516c835c41957dfb3c3,1
69825516c835c41957dfb193,69825516c835c41957dfb3c6,1
69825516c835c41957dfb193,69825516c835c41957dfb1d4,1
69825516c835c41957dfb193,69825516c835c41957dfb32c,1
69825517c835c41957e0199a,69825516c835c41957df9e61,1
69825517c835c41957e0199a,69825517c835c41957e019f9,1
69825516c835c41957dfc990,69825516c835c41957dfe01c,1
69825516c835c41957dfc990,69825517c835c41957e006bf,1
69825516c835c41957dfc990,69825516c835c41957dfef50,1
69825516c835c41957dfc990,69825516c835c41957dff286,2
69825516c835c41957dfc990,69825516c835c41957dfd71c,1
69825517c835c41957e00e3f,69825516c835c41957dfa076,4
69825517c835c41957e00e3f,69825516c835c41957dfa073,4
69825517c835c41957e00e3f,69825517c835c41957e00f20,4
69825517c835c41957e00e3f,69825516c835c41957dfa08c,4
69825516c835c41957df9e61,69825516c835c41957dfa496,1
69825516c835c41957df9e61,69825517c835c41957e019f9,1
69825516c835c41957df9e61,69825517c835c41957dff80e,3
69825516c835c41957df9e61,69825517c835c41957dff8c5,3
69825516c835c41957df9e61,69825517c835c41957dffc3a,1
69825516c835c41957df9e61,69825517c835c41957e00ded,1
69825516c835c41957df9e61,69825516c835c41957dfb9af,2
69825516c835c41957df9e61,69825517c835c41957e00da9,3
69825516c835c41957df9e61,69825517c835c41957e00123,1
69825516c835c41957dfb319,69825516c835c41957dfb3c6,1
69825516c835c41957dfb319,69825516c835c41957dfb3c3,1
69825516c835c41957dfb319,69825516c835c41957dfb1d4,1
69825516c835c41957dfb319,69825516c835c41957dfb32c,1
69825516c835c41957dfa95b,69825517c835c41957e010db,1
69825516c835c41957dfa95b,69825517c835c41957dffc7e,1
69825516c835c41957dfa95b,69825516c835c41957dfa4d6,1
69825516c835c41957dfa95b,69825517c835c41957e0088e,1
69825516c835c41957dfa95b,69825516c835c41957dfef50,1
69825516c835c41957dfa95b,69825516c835c41957dfccf1,1
69825516c835c41957dfa95b,69825517c835c41957e00bf9,7
69825516c835c41957dfa95b,69825516c835c41957dfd892,2
69825516c835c41957dfc939,69825517c835c41957dff416,3
69825516c835c41957dfc939,69825517c835c41957e01a80,2
69825516c835c41957dfeef1,69825517c835c41957dffa50,4
69825517c835c41957e009fc,69825516c835c41957dfd253,3
69825516c835c41957dfc985,69825517c835c41957e010d2,1
69825516c835c41957dfc985,69825517c835c41957e011d2,1
69825516c835c41957dfc985,69825517c835c41957e002aa,2
69825516c835c41957dfc985,69825516c835c41957dfc991,1
69825516c835c41957dfcee3,69825516c835c41957dfe665,1
69825516c835c41957dfbc48,69825516c835c41957dfd157,2
69825516c835c41957dfbc48,69825516c835c41957dfc52c,2
69825516c835c41957dfbdcc,69825517c835c41957e00348,1
69825517c835c41957e00223,69825517c835c41957e00e2c,1
69825517c835c41957e00d54,69825516c835c41957dfaae0,1
69825516c835c41957dfa8d4,69825516c835c41957dfe6b7,1
69825516c835c41957dfa8d4,69825517c835c41957dff94f,1
69825516c835c41957dfa8d4,69825516c835c41957dfe2a7,1
69825516c835c41957dfa8d4,69825516c835c41957dfedb0,1
69825516c835c41957dfccb0,69825517c835c41957dff910,1
69825516c835c41957dfccb0,69825516c835c41957dfa4dd,1
69825516c835c41957dfccb0,69825516c835c41957dfdbbc,1
69825516c835c41957dfccb0,69825516c835c41957dff145,1
69825516c835c41957dfccb0,69825516c835c41957dfd307,1
69825516c835c41957dfccb0,69825516c835c41957dfef51,1
69825516c835c41957dfccb0,69825517c835c41957dff465,1
69825516c835c41957dfe2a7,69825517c835c41957e00ded,1
69825516c835c41957dfe2a7,69825517c835c41957e0086b,1
69825516c835c41957dfb77a,69825516c835c41957dfedd0,2
69825516c835c41957dff09d,69825516c835c41957dff0dc,1
69825516c835c41957dff09d,69825516c835c41957dff0b1,1
69825516c835c41957dff09d,69825516c835c41957dff0ba,2
69825516c835c41957dff09d,69825516c835c41957dff069,1
69825516c835c41957dff09d,69825516c835c41957dff090,1
69825516c835c41957dff09d,69825516c835c41957dff0cd,1
69825516c835c41957dff09d,69825516c835c41957dff0cf,2
69825516c835c41957dff09d,69825516c835c41957dff0c8,1
69825516c835c41957dff09d,69825516c835c41957dff071,1
69825516c835c41957dff09d,69825516c835c41957dff091,1
69825516c835c41957dff09d,69825516c835c41957dff080,1
69825516c835c41957dff09d,69825516c835c41957dff064,1
69825516c835c41957dff09d,69825516c835c41957dff0b2,1
69825516c835c41957dff09d,69825516c835c41957dff09e,1
69825516c835c41957dff09d,69825516c835c41957dff072,1
69825516c835c41957dff09d,69825516c835c41957dff0db,1
69825516c835c41957dff09d,69825516c835c41957dff077,1
69825516c835c41957dff09d,69825516c835c41957dff08f,1
69825516c835c41957dff09d,69825516c835c41957dff06f,1
69825516c835c41957dff09d,69825516c835c41957dff0d9,1
69825516c835c41957dff09d,69825516c835c41957dff0d1,1
69825516c835c41957dfd229,69825517c835c41957dff96f,2
69825516c835c41957dfd229,69825516c835c41957dfe0e4,2
69825516c835c41957dfd229,69825516c835c41957dfd21b,2
69825516c835c41957dfd229,69825516c835c41957dfc829,1
69825516c835c41957dfd229,69825516c835c41957dfd238,2
69825516c835c41957dfd229,69825516c835c41957dfe0e7,2
69825516c835c41957dfd73f,69825516c835c41957dfd81b,1
69825516c835c41957dfd73f,69825517c835c41957e017e4,1
69825517c835c41957e00af0,69825516c835c41957dfe558,1
69825516c835c41957dfa3fd,69825517c835c41957dffb5f,1
69825516c835c41957dfa3fd,69825516c835c41957dff299,1
69825516c835c41957dfa3fd,69825517c835c41957e00bf6,1
69825516c835c41957dfa3fd,69825516c835c41957dfda2d,1
69825516c835c41957dfa53b,69825516c835c41957dff142,2
69825516c835c41957dfa53b,69825517c835c41957e007e3,1
69825516c835c41957dfa53b,69825517c835c41957e0080a,1
69825516c835c41957dfd0a4,69825516c835c41957dfdc61,1
69825516c835c41957dfd0a4,69825517c835c41957dffb20,1
69825516c835c41957dfd0a4,69825516c835c41957dfa73b,1
69825516c835c41957dfd0a4,69825517c835c41957e00fc5,1
69825517c835c41957e01015,69825516c835c41957dfaa6e,1
69825516c835c41957dfd30e,69825516c835c41957dfcd49,1
69825516c835c41957dfd30e,69825517c835c41957e00a30,1
69825516c835c41957dfd30e,69825516c835c41957dfef59,2
69825516c835c41957dfd30e,69825517c835c41957e0098b,1
69825516c835c41957dfd30e,69825516c835c41957dfe848,1
69825516c835c41957dfd30e,69825517c835c41957dffc2f,2
69825516c835c41957dfd30e,69825516c835c41957dfbf53,2
69825516c835c41957dfb819,69825517c835c41957dff893,3
69825516c835c41957dfb17c,69825516c835c41957dfa0c6,1
69825516c835c41957dfb17c,69825516c835c41957dfa9b8,1
69825516c835c41957dfd65a,69825517c835c41957e00dd7,1
69825516c835c41957dfd65a,69825516c835c41957dfe1f5,1
69825516c835c41957dfb5cd,69825516c835c41957dfa403,2
69825516c835c41957dfb5cd,69825516c835c41957dfe1b4,1
69825516c835c41957dfd157,69825516c835c41957dfa333,3
69825516c835c41957dfd157,69825516c835c41957dfd070,1
69825516c835c41957dfd157,69825516c835c41957df9e4a,1
69825516c835c41957dfd157,69825516c835c41957df9ca1,1
69825516c835c41957dfd157,69825517c835c41957dffc49,2
69825516c835c41957dfd157,69825516c835c41957dfc52c,2
69825516c835c41957dfa27d,69825516c835c41957dfa343,2
69825516c835c41957dfd767,69825516c835c41957dfc2de,1
69825517c835c41957e00222,69825516c835c41957dfd309,1
69825517c835c41957e00222,69825517c835c41957dffd68,1
69825517c835c41957e00222,69825516c835c41957dfa333,1
69825517c835c41957e00222,69825517c835c41957e00980,2
69825517c835c41957dff4bf,69825517c835c41957e00f1e,1
69825517c835c41957dff4bf,69825516c835c41957dfa813,1
69825517c835c41957dff4bf,69825517c835c41957e0189b,1
69825517c835c41957dff4bf,69825516c835c41957dfb9af,1
69825516c835c41957dfb572,69825517c835c41957e0113e,1
69825516c835c41957dfe417,69825516c835c41957dfe3da,1
69825516c835c41957dfe417,69825516c835c41957dfe3d7,1
69825516c835c41957dfe417,69825516c835c41957dfe3d6,1
69825516c835c41957dfe417,69825516c835c41957dfe420,1
69825516c835c41957dfe417,69825516c835c41957dfe3ef,1
69825516c835c41957dfa352,69825517c835c41957e0088e,1
69825516c835c41957dfa352,69825516c835c41957dfe123,1
69825516c835c41957dfa352,69825516c835c41957dfd70f,1
69825516c835c41957dfa352,69825516c835c41957dfdfa6,1
69825516c835c41957dfa352,69825516c835c41957dfe802,1
69825516c835c41957dfa352,69825517c835c41957e00628,1
69825516c835c41957dfa352,69825517c835c41957dffb45,1
69825516c835c41957dfa0d5,69825517c835c41957dffdb9,1
69825516c835c41957dfeea1,69825516c835c41957dfc255,1
69825516c835c41957dfb7ab,69825517c835c41957e0098b,1
69825516c835c41957dfb7ab,69825516c835c41957dfcd49,1
69825516c835c41957dfb7ab,69825516c835c41957dfe848,1
69825516c835c41957dfb7ab,69825517c835c41957dffc2f,1
69825516c835c41957dfb7ab,69825516c835c41957dfbf53,1
69825516c835c41957dfb7ab,69825517c835c41957e00c0a,1
69825516c835c41957dfd3f8,69825516c835c41957dfa8a4,1
69825516c835c41957dfd3f8,69825516c835c41957dfee4b,2
69825516c835c41957dfd3f8,69825516c835c41957dfd8e7,1
69825516c835c41957dfd3f8,69825516c835c41957dfb9af,1
69825517c835c41957e016b7,69825517c835c41957e0157c,1
69825517c835c41957e016b7,69825517c835c41957e015b0,4
69825517c835c41957e016b7,69825517c835c41957e01617,2
69825517c835c41957e016b7,69825517c835c41957e015db,1
69825517c835c41957e016b7,69825517c835c41957e01644,3
69825517c835c41957e016b7,69825517c835c41957e016ba,1
69825517c835c41957e016b7,69825517c835c41957e015f2,1
69825517c835c41957e016b7,69825517c835c41957e016b3,1
69825517c835c41957e016b7,69825517c835c41957e0168f,2
69825517c835c41957dffd39,69825517c835c41957dffd4f,2
69825517c835c41957dffd39,69825517c835c41957e012a7,1
69825517c835c41957dffd39,69825517c835c41957dffd50,2
69825517c835c41957dffd39,69825517c835c41957dffd59,2
69825517c835c41957dffd39,69825517c835c41957dffd3c,2
69825517c835c41957dffd39,69825517c835c41957dffd64,2
69825517c835c41957dffd39,69825517c835c41957dffd53,2
69825516c835c41957dfb105,69825517c835c41957e0081f,2
69825516c835c41957dfb105,69825516c835c41957dfb0dc,2
69825516c835c41957dfb105,69825517c835c41957dffb81,2
69825517c835c41957e00534,69825516c835c41957dfe4fa,1
69825516c835c41957dfa271,69825516c835c41957dfde5d,2
69825516c835c41957dff341,69825516c835c41957dfa4d5,1
69825516c835c41957dff341,69825517c835c41957e0112b,1
69825516c835c41957dff071,69825516c835c41957dff0dc,1
69825516c835c41957dff071,69825516c835c41957dff0b1,1
69825516c835c41957dff071,69825516c835c41957dff0ba,1
69825516c835c41957dff071,69825516c835c41957dff069,1
69825516c835c41957dff071,69825516c835c41957dff090,1
69825516c835c41957dff071,69825516c835c41957dff0cd,1
69825516c835c41957dff071,69825516c835c41957dff0cf,1
69825516c835c41957dff071,69825516c835c41957dff0c8,1
69825516c835c41957dff071,69825516c835c41957dff091,1
69825516c835c41957dff071,69825516c835c41957dff080,1
69825516c835c41957dff071,69825516c835c41957dff064,1
69825516c835c41957dff071,69825516c835c41957dff0b2,2
69825516c835c41957dff071,69825516c835c41957dff09e,1
69825516c835c41957dff071,69825516c835c41957dff072,1
69825516c835c41957dff071,69825516c835c41957dff0db,1
69825516c835c41957dff071,69825516c835c41957dff077,1
69825516c835c41957dff071,69825516c835c41957dff08f,1
69825516c835c41957dff071,69825516c835c41957dff06f,1
69825516c835c41957dff071,69825516c835c41957dff0d9,1
69825516c835c41957dff071,69825516c835c41957dff0d1,1
69825517c835c41957e00665,69825516c835c41957dfd9a2,1
69825517c835c41957e00665,69825516c835c41957dff3aa,1
69825517c835c41957e00665,69825517c835c41957dffaf5,1
69825517c835c41957e00665,69825517c835c41957dffcc1,1
69825516c835c41957dfeddb,69825516c835c41957dfba96,2
69825516c835c41957dff258,69825516c835c41957dfd11d,1
69825517c835c41957dff86b,69825517c835c41957e0133f,2
69825517c835c41957dff86b,69825516c835c41957dfd00e,4
69825517c835c41957dff86b,69825516c835c41957dff159,2
69825517c835c41957dff86b,69825517c835c41957dffbd6,1
69825517c835c41957dff86b,69825516c835c41957dfd30c,1
69825516c835c41957dfa02f,69825517c835c41957e00112,1
69825516c835c41957dfa02f,69825517c835c41957e00f9f,1
69825516c835c41957dfa02f,69825517c835c41957e00bd8,1
69825517c835c41957e01739,69825516c835c41957dfe48d,1
69825517c835c41957e01739,69825516c835c41957dfe21b,1
69825516c835c41957dfedf8,69825516c835c41957dfa76e,1
69825516c835c41957dfa122,69825516c835c41957dfa593,1
69825516c835c41957dfa122,69825516c835c41957dfa3a9,1
69825516c835c41957dfa122,69825516c835c41957dfca71,1
69825516c835c41957dfa122,69825516c835c41957dfda3e,1
69825517c835c41957e00396,69825517c835c41957e00684,2
69825517c835c41957e00396,69825517c835c41957e002d1,2
69825517c835c41957e00396,69825517c835c41957e009f9,2
69825516c835c41957dfc92b,69825516c835c41957dfc59f,1
69825516c835c41957dfc92b,69825516c835c41957dfedac,1
69825516c835c41957dff008,69825516c835c41957dff004,7
69825516c835c41957dff008,69825516c835c41957dfef9e,6
69825516c835c41957dff008,69825516c835c41957dfefb5,6
69825516c835c41957dff008,69825516c835c41957dff006,7
69825516c835c41957dff008,69825516c835c41957dfefb1,7
69825517c835c41957e00732,69825517c835c41957e00e20,1
69825517c835c41957e00d77,69825516c835c41957dfd343,1
69825516c835c41957dfd85b,69825516c835c41957dff3af,1
69825516c835c41957dfd85b,69825516c835c41957dfc506,2
69825516c835c41957dfe206,69825516c835c41957dfba9f,1
69825516c835c41957dfe206,69825517c835c41957dff6be,1
69825517c835c41957dffd59,69825517c835c41957dffd4f,2
69825517c835c41957dffd59,69825517c835c41957e012a7,1
69825517c835c41957dffd59,69825517c835c41957dffd50,2
69825517c835c41957dffd59,69825517c835c41957dffd3c,2
69825517c835c41957dffd59,69825517c835c41957dffd64,2
69825517c835c41957dffd59,69825517c835c41957dffd53,2
69825516c835c41957dfa24f,69825516c835c41957dfa1f8,1
69825516c835c41957dfd70f,69825516c835c41957dfd070,1
69825516c835c41957dfd70f,69825517c835c41957e0088e,1
69825516c835c41957dfd70f,69825516c835c41957dfe123,1
69825516c835c41957dfd70f,69825517c835c41957e00232,1
69825516c835c41957dfd70f,69825516c835c41957dfdfa6,1
69825516c835c41957dfd70f,69825516c835c41957dfe802,1
69825516c835c41957dfd70f,69825517c835c41957e004c9,1
69825516c835c41957dfd70f,69825517c835c41957e00628,1
69825516c835c41957dfd70f,69825517c835c41957dffb45,3
69825517c835c41957e017a4,69825517c835c41957e0177a,2
69825517c835c41957e017a4,69825516c835c41957dfe20d,1
69825517c835c41957e017a4,69825516c835c41957dfe1cf,1
69825516c835c41957dfa7ad,69825517c835c41957e00dc0,2
69825516c835c41957dfa7ad,69825516c835c41957dfb793,3
69825516c835c41957dfa7ad,69825517c835c41957dff402,2
69825516c835c41957dfa7ad,69825517c835c41957e00a30,1
69825516c835c41957dfa7ad,69825517c835c41957dff6c9,1
69825516c835c41957dfa7ad,69825517c835c41957e01922,1
69825516c835c41957dfa7ad,69825516c835c41957dfe848,1
69825516c835c41957dfa7ad,69825516c835c41957dfbf53,2
69825517c835c41957dffd68,69825517c835c41957e0086b,1
69825517c835c41957dffd68,69825517c835c41957e00980,1
69825516c835c41957dfe795,69825516c835c41957dfe20d,1
69825516c835c41957dfe795,69825516c835c41957dfc080,1
69825516c835c41957dfe795,69825516c835c41957dfa636,1
69825516c835c41957dfe795,69825517c835c41957e00648,3
69825516c835c41957dfe795,69825516c835c41957dfb5b1,1
69825516c835c41957dfe795,69825516c835c41957dfe2af,1
69825516c835c41957dfe795,69825516c835c41957dfefc1,1
69825516c835c41957dfe795,69825516c835c41957dfb966,1
69825516c835c41957dfe795,69825516c835c41957dfabe1,1
69825516c835c41957dfe795,69825516c835c41957dfefed,1
69825516c835c41957dfe795,69825517c835c41957e019f9,1
69825516c835c41957dfe795,69825516c835c41957df9c99,13
69825516c835c41957dfe795,69825516c835c41957df9e8b,1
69825516c835c41957dfe795,69825517c835c41957e00ded,1
69825516c835c41957dfe795,69825516c835c41957dfd8e7,1
69825516c835c41957dfe795,69825516c835c41957dfc519,3
69825516c835c41957dfe795,69825517c835c41957dff799,1
69825516c835c41957dfe795,69825516c835c41957dfef50,1
69825516c835c41957dfe795,69825516c835c41957dfb9af,1
69825516c835c41957dfe795,69825516c835c41957dfa8a4,1
69825516c835c41957dfe795,69825516c835c41957dfa0c6,1
69825516c835c41957dfe795,69825516c835c41957dfd3ed,1
69825516c835c41957dfbc0f,69825516c835c41957dfbc20,1
69825516c835c41957dfbc0f,69825516c835c41957dfbbb2,1
69825516c835c41957dfbc0f,69825516c835c41957dfbc2c,1
69825516c835c41957dfbc0f,69825516c835c41957dfbbe4,1
69825516c835c41957dfbc0f,69825516c835c41957dfbc0e,1
69825516c835c41957dfbc0f,69825516c835c41957dfbc1b,1
69825516c835c41957dfbc0f,69825516c835c41957dfbbba,1
69825516c835c41957dfbc0f,69825516c835c41957dfbbb8,1
69825516c835c41957dfbc0f,69825516c835c41957dfbbc3,1
69825516c835c41957dfbc0f,69825516c835c41957dfbbb7,1
69825516c835c41957dff0cf,69825516c835c41957dff0dc,1
69825516c835c41957dff0cf,69825516c835c41957dff0b1,1
69825516c835c41957dff0cf,69825516c835c41957dff0ba,2
69825516c835c41957dff0cf,69825516c835c41957dff069,1
69825516c835c41957dff0cf,69825516c835c41957dff090,1
69825516c835c41957dff0cf,69825516c835c41957dff0cd,1
69825516c835c41957dff0cf,69825516c835c41957dff0c8,1
69825516c835c41957dff0cf,69825516c835c41957dff091,1
69825516c835c41957dff0cf,69825516c835c41957dff080,1
69825516c835c41957dff0cf,69825516c835c41957dff064,1
69825516c835c41957dff0cf,69825516c835c41957dff0b2,1
69825516c835c41957dff0cf,69825516c835c41957dff09e,1
69825516c835c41957dff0cf,69825516c835c41957dff072,1
69825516c835c41957dff0cf,69825516c835c41957dff0db,1
69825516c835c41957dff0cf,69825516c835c41957dff077,1
69825516c835c41957dff0cf,69825516c835c41957dff08f,1
69825516c835c41957dff0cf,69825516c835c41957dff06f,1
69825516c835c41957dff0cf,69825516c835c41957dff0d9,1
69825516c835c41957dff0cf,69825516c835c41957dff0d1,1
69825516c835c41957dfdd11,69825517c835c41957dff882,2
69825516c835c41957dfdd11,69825516c835c41957dfca71,1
69825517c835c41957dffb81,69825516c835c41957dfad9e,1
69825517c835c41957dffb81,69825517c835c41957e0081f,3
69825517c835c41957dffb81,69825516c835c41957dfb0dc,2
69825516c835c41957dfd19d,69825516c835c41957dfd1a0,4
69825516c835c41957dfbbb8,69825516c835c41957dfbc20,1
69825516c835c41957dfbbb8,69825516c835c41957dfbbb2,1
69825516c835c41957dfbbb8,69825516c835c41957dfbc2c,1
69825516c835c41957dfbbb8,69825516c835c41957dfbbe4,1
69825516c835c41957dfbbb8,69825516c835c41957dfbc0e,1
69825516c835c41957dfbbb8,69825516c835c41957dfbc1b,1
69825516c835c41957dfbbb8,69825516c835c41957dfbbba,1
69825516c835c41957dfbbb8,69825516c835c41957dfbbc3,1
69825516c835c41957dfbbb8,69825516c835c41957dfbbb7,1
69825516c835c41957dff0c8,69825516c835c41957dff0dc,1
69825516c835c41957dff0c8,69825516c835c41957dff0b1,1
69825516c835c41957dff0c8,69825516c835c41957dff0ba,1
69825516c835c41957dff0c8,69825516c835c41957dff069,1
69825516c835c41957dff0c8,69825516c835c41957dff090,1
69825516c835c41957dff0c8,69825516c835c41957dff0cd,1
69825516c835c41957dff0c8,69825516c835c41957dff091,1
69825516c835c41957dff0c8,69825516c835c41957dff080,1
69825516c835c41957dff0c8,69825516c835c41957dff064,1
69825516c835c41957dff0c8,69825516c835c41957dff0b2,1
69825516c835c41957dff0c8,69825516c835c41957dff09e,1
69825516c835c41957dff0c8,69825516c835c41957dff072,1
69825516c835c41957dff0c8,69825516c835c41957dff0db,1
69825516c835c41957dff0c8,69825516c835c41957dff077,1
69825516c835c41957dff0c8,69825516c835c41957dff08f,1
69825516c835c41957dff0c8,69825516c835c41957dff06f,1
69825516c835c41957dff0c8,69825516c835c41957dff0d9,1
69825516c835c41957dff0c8,69825516c835c41957dff0d1,1
69825516c835c41957dfd963,69825516c835c41957dfd962,2
69825516c835c41957dff064,69825516c835c41957dff0dc,1
69825516c835c41957dff064,69825516c835c41957dff0b1,1
69825516c835c41957dff064,69825516c835c41957dff0ba,1
69825516c835c41957dff064,69825516c835c41957dff069,1
69825516c835c41957dff064,69825516c835c41957dff090,1
69825516c835c41957dff064,69825516c835c41957dff0cd,1
69825516c835c41957dff064,69825516c835c41957dff091,1
69825516c835c41957dff064,69825516c835c41957dff080,1
69825516c835c41957dff064,69825516c835c41957dff0b2,1
69825516c835c41957dff064,69825516c835c41957dff09e,1
69825516c835c41957dff064,69825516c835c41957dff072,1
69825516c835c41957dff064,69825516c835c41957dff0db,1
69825516c835c41957dff064,69825516c835c41957dff077,1
69825516c835c41957dff064,69825516c835c41957dff08f,1
69825516c835c41957dff064,69825516c835c41957dff06f,1
69825516c835c41957dff064,69825516c835c41957dff0d9,1
69825516c835c41957dff064,69825516c835c41957dff0d1,1
69825517c835c41957e010d3,69825516c835c41957dfb3f4,1
69825516c835c41957dfc91c,69825517c835c41957e00fc5,1
69825516c835c41957dfc91c,69825517c835c41957dffb7c,1
69825516c835c41957dfdfa6,69825517c835c41957e0088e,2
69825516c835c41957dfdfa6,69825516c835c41957dfe123,2
69825516c835c41957dfdfa6,69825516c835c41957dfe802,2
69825516c835c41957dfdfa6,69825517c835c41957e00628,1
69825516c835c41957dfdfa6,69825517c835c41957dffb45,1
69825517c835c41957e00fc5,69825516c835c41957dfdc61,8
69825517c835c41957e00fc5,69825516c835c41957dfba1a,2
69825517c835c41957e00fc5,69825516c835c41957dfa904,1
69825517c835c41957e00fc5,69825517c835c41957dff930,4
69825517c835c41957e00fc5,69825516c835c41957dfef52,1
69825517c835c41957e00fc5,69825517c835c41957e0088e,1
69825517c835c41957e00fc5,69825517c835c41957dffca6,1
69825517c835c41957e00fc5,69825516c835c41957dfa27f,2
69825517c835c41957e00fc5,69825517c835c41957e00bf6,4
69825517c835c41957e00fc5,69825516c835c41957dfd2fd,2
69825517c835c41957e00fc5,69825516c835c41957dfa73b,4
69825517c835c41957e00fc5,69825516c835c41957dfcc8d,1
69825517c835c41957e00fc5,69825516c835c41957dfe7dc,1
69825517c835c41957e00fc5,69825516c835c41957dfd2d6,2
69825517c835c41957e00fc5,69825516c835c41957dfa3c2,1
69825517c835c41957e00fc5,69825517c835c41957e00ded,2
69825517c835c41957e00fc5,69825516c835c41957dff27c,2
69825517c835c41957e00fc5,69825517c835c41957dff799,1
69825517c835c41957e00fc5,69825516c835c41957dfd6eb,1
69825517c835c41957e00fc5,69825517c835c41957dffb7c,3
69825517c835c41957e00fc5,69825516c835c41957dff1fb,1
69825517c835c41957e00fc5,69825517c835c41957e00bf9,2
69825516c835c41957dfe49e,69825516c835c41957dfe48b,1
69825516c835c41957dfe49e,69825516c835c41957dfc5f0,1
69825516c835c41957dfe49e,69825516c835c41957dfe47e,1
69825516c835c41957dfe49e,69825516c835c41957dfe485,1
69825516c835c41957dfc857,69825517c835c41957e01744,2
69825516c835c41957dfc857,69825516c835c41957dfc8da,8
69825516c835c41957dfc857,69825517c835c41957e012a7,8
69825516c835c41957dfc857,69825517c835c41957e01753,1
69825516c835c41957dfc857,69825517c835c41957e01740,2
69825516c835c41957df9f97,69825516c835c41957dfa528,1
69825516c835c41957dfb30e,69825516c835c41957dfb3c6,1
69825516c835c41957dfb30e,69825516c835c41957dfb1d4,1
69825516c835c41957dfb30e,69825516c835c41957dfb32c,1
69825516c835c41957dfb30e,69825516c835c41957dfb258,1
69825516c835c41957dfb30e,69825516c835c41957dfb237,1
69825516c835c41957dfaad5,69825516c835c41957dfaa91,1
69825516c835c41957dff269,69825517c835c41957e00bf9,1
69825517c835c41957dffd53,69825517c835c41957dffd4f,2
69825517c835c41957dffd53,69825517c835c41957e012a7,1
69825517c835c41957dffd53,69825517c835c41957dffd50,2
69825517c835c41957dffd53,69825517c835c41957dffd3c,2
69825517c835c41957dffd53,69825517c835c41957dffd64,2
69825516c835c41957dff06f,69825516c835c41957dff0dc,1
69825516c835c41957dff06f,69825516c835c41957dff0b1,1
69825516c835c41957dff06f,69825516c835c41957dff0ba,1
69825516c835c41957dff06f,69825516c835c41957dff069,1
69825516c835c41957dff06f,69825516c835c41957dff090,1
69825516c835c41957dff06f,69825516c835c41957dff0cd,1
69825516c835c41957dff06f,69825516c835c41957dff091,1
69825516c835c41957dff06f,69825516c835c41957dff080,1
69825516c835c41957dff06f,69825516c835c41957dff0b2,1
69825516c835c41957dff06f,69825516c835c41957dff09e,1
69825516c835c41957dff06f,69825516c835c41957dff072,1
69825516c835c41957dff06f,69825516c835c41957dff0db,1
69825516c835c41957dff06f,69825516c835c41957dff077,1
69825516c835c41957dff06f,69825516c835c41957dff08f,1
69825516c835c41957dff06f,69825516c835c41957dff0d9,2
69825516c835c41957dff06f,69825516c835c41957dff0d1,1
69825516c835c41957dfa3f9,69825516c835c41957dfa4cd,1
69825516c835c41957dfb3f3,69825516c835c41957dfdcd8,1
69825516c835c41957dfb3f3,69825516c835c41957dfb4d7,2
69825516c835c41957dfe1b6,69825516c835c41957dfb675,1
69825516c835c41957dfadfb,69825516c835c41957dfade7,1
69825516c835c41957dfadfb,69825516c835c41957dfadbd,1
69825516c835c41957dfc93a,69825516c835c41957dfb12d,1
69825516c835c41957dfae26,69825516c835c41957dfad7d,3
69825516c835c41957dfc6bf,69825517c835c41957e015fb,1
69825516c835c41957dfc6bf,69825516c835c41957dfe481,1
69825516c835c41957dfc6bf,69825517c835c41957e00735,1
69825516c835c41957dfc6bf,69825516c835c41957dff313,1
69825516c835c41957dfc6bf,69825516c835c41957dfe5fd,1
69825516c835c41957dfbde1,69825516c835c41957dfa584,2
69825516c835c41957dfbde1,69825516c835c41957dff355,1
69825516c835c41957dfbde1,69825516c835c41957dfca2b,1
69825516c835c41957dfbde1,69825517c835c41957e002a8,1
69825516c835c41957dfbde1,69825517c835c41957e00bf9,1
69825516c835c41957dff0ba,69825516c835c41957dff0dc,1
69825516c835c41957dff0ba,69825516c835c41957dff0b1,1
69825516c835c41957dff0ba,69825516c835c41957dff069,1
69825516c835c41957dff0ba,69825516c835c41957dff090,1
69825516c835c41957dff0ba,69825516c835c41957dff0cd,1
69825516c835c41957dff0ba,69825516c835c41957dff091,1
69825516c835c41957dff0ba,69825516c835c41957dff080,1
69825516c835c41957dff0ba,69825516c835c41957dff0b2,1
69825516c835c41957dff0ba,69825516c835c41957dff09e,1
69825516c835c41957dff0ba,69825516c835c41957dff072,1
69825516c835c41957dff0ba,69825516c835c41957dff0db,1
69825516c835c41957dff0ba,69825516c835c41957dff077,1
69825516c835c41957dff0ba,69825516c835c41957dff08f,1
69825516c835c41957dff0ba,69825516c835c41957dff0d9,1
69825516c835c41957dff0ba,69825516c835c41957dff0d1,1
69825516c835c41957dfe091,69825516c835c41957dfac7c,1
69825516c835c41957dfd30d,69825516c835c41957dfc945,1
69825516c835c41957dfd19c,69825517c835c41957e00525,2
69825516c835c41957dfd19c,69825516c835c41957dfc909,1
69825516c835c41957dfd19c,69825516c835c41957dfa636,3
69825516c835c41957dfd19c,69825517c835c41957e00d55,1
69825516c835c41957dfd19c,69825516c835c41957dfd8dc,2
69825516c835c41957dfd19c,69825517c835c41957e00524,8
69825516c835c41957dfd19c,69825516c835c41957df9e1d,2
69825516c835c41957dfd19c,69825516c835c41957dfa81f,2
69825517c835c41957dffd3c,69825517c835c41957dffd4f,2
69825517c835c41957dffd3c,69825517c835c41957e012a7,1
69825517c835c41957dffd3c,69825517c835c41957dffd50,2
69825517c835c41957dffd3c,69825517c835c41957dffd64,2
69825517c835c41957e00200,69825516c835c41957dfa0b0,2
69825516c835c41957dfe3df,69825516c835c41957dfe3db,2
69825516c835c41957dfe3df,69825516c835c41957dfe405,2
69825516c835c41957dfe3df,69825516c835c41957dfe404,2
69825516c835c41957dfe3df,69825516c835c41957dfe3fc,2
69825516c835c41957dfe3df,69825516c835c41957dfe3cc,2
69825516c835c41957dfa5a0,69825516c835c41957df9d7b,11
69825517c835c41957e015fb,69825516c835c41957dfe481,1
69825517c835c41957e015fb,69825517c835c41957e00735,1
69825517c835c41957e015fb,69825516c835c41957dff313,1
69825517c835c41957e015fb,69825516c835c41957dfe5fd,1
69825517c835c41957e00fc7,69825516c835c41957dfb96a,1
69825516c835c41957dfb258,69825516c835c41957dfb3c6,1
69825516c835c41957dfb258,69825516c835c41957dfb1d4,1
69825516c835c41957dfb258,69825516c835c41957dfb32c,1
69825516c835c41957dfb258,69825516c835c41957dfb237,1
69825516c835c41957dfb527,69825516c835c41957dfb52b,1
69825516c835c41957dfd03a,69825517c835c41957dffd61,1
69825516c835c41957dfb4a2,69825516c835c41957dfac6a,1
69825516c835c41957dfc417,69825516c835c41957dfd26a,1
69825517c835c41957dffc49,69825516c835c41957df9ca1,1
69825516c835c41957dfd9dc,69825516c835c41957dfd677,1
69825516c835c41957dff313,69825516c835c41957dfe481,1
69825516c835c41957dff313,69825517c835c41957e00735,1
69825516c835c41957dff313,69825516c835c41957dfe5fd,1
69825516c835c41957dfcdaf,69825517c835c41957e00c94,1
69825516c835c41957dfb3f4,69825516c835c41957dfb3d2,1
69825516c835c41957dfb3f4,69825517c835c41957dffd3a,1
69825516c835c41957dfb3f4,69825516c835c41957dfb4f5,1
69825516c835c41957dfba1b,69825516c835c41957dfaddf,1
69825516c835c41957dfba1b,69825516c835c41957dfadc8,1
69825516c835c41957dfba1b,69825516c835c41957dfb96a,1
69825516c835c41957dfba1b,69825517c835c41957e00ded,1
69825516c835c41957dfba1b,69825516c835c41957dfb968,1
69825516c835c41957dfc587,69825516c835c41957dfc572,1
69825516c835c41957dfc920,69825516c835c41957dfaadb,4
69825517c835c41957e0174b,69825517c835c41957e01744,1
69825517c835c41957e0174b,69825516c835c41957dfe668,1
69825517c835c41957e0174b,69825516c835c41957dfe49f,1
69825517c835c41957e0174b,69825516c835c41957dfe63a,1
69825517c835c41957e0174b,69825516c835c41957dfe4aa,1
69825517c835c41957e016c3,69825516c835c41957dfc9f2,1
69825516c835c41957dfac3d,69825517c835c41957e01085,2
69825516c835c41957dfac3d,69825517c835c41957e00656,1
69825516c835c41957dfcace,69825517c835c41957e01229,1
69825516c835c41957dfcace,69825516c835c41957dfcacd,2
69825516c835c41957dfcace,69825516c835c41957dfcacb,2
69825516c835c41957dfcace,69825516c835c41957dfcacc,2
69825516c835c41957dfb645,69825517c835c41957dff968,5
69825517c835c41957dffaf5,69825516c835c41957dfd9a2,1
69825517c835c41957dffaf5,69825516c835c41957dff3d6,1
69825517c835c41957dffaf5,69825516c835c41957dff3aa,1
69825517c835c41957dffaf5,69825517c835c41957dffcc1,1
69825516c835c41957dfed84,69825516c835c41957dfcd9c,1
69825516c835c41957dfed84,69825516c835c41957dfc54d,1
69825516c835c41957dfed84,69825516c835c41957dfce9e,1
69825516c835c41957dfce9b,69825516c835c41957dfedac,1
69825516c835c41957dfcdb1,69825516c835c41957dff305,1
69825517c835c41957dffcbd,69825516c835c41957dfdd15,1
69825516c835c41957dff286,69825516c835c41957dfe01c,1
69825516c835c41957dff286,69825517c835c41957e006bf,1
69825516c835c41957dff286,69825516c835c41957dfef50,1
69825516c835c41957dff286,69825517c835c41957e00da9,1
69825516c835c41957dff286,69825516c835c41957dfd71c,1
69825517c835c41957dffb4b,69825516c835c41957dfb9d5,1
69825517c835c41957e0173a,69825517c835c41957e00927,1
69825517c835c41957e0173a,69825516c835c41957dfbb50,2
69825516c835c41957dfdb38,69825517c835c41957e00dba,1
69825516c835c41957dfa813,69825517c835c41957e00f1e,1
69825516c835c41957dfa813,69825517c835c41957e0189b,2
69825516c835c41957dfa813,69825516c835c41957dfa375,1
69825516c835c41957dfa813,69825516c835c41957dfa8cf,1
69825516c835c41957dfa813,69825517c835c41957e010a7,1
69825516c835c41957dfa813,69825516c835c41957dfb9af,4
69825516c835c41957dff142,69825517c835c41957e0080a,1
69825517c835c41957e00656,69825517c835c41957e01085,1
69825517c835c41957e00656,69825516c835c41957dfb12d,1
69825516c835c41957dfdf68,69825516c835c41957dfdf87,3
69825516c835c41957dfd1f3,69825516c835c41957dff0a1,1
69825516c835c41957dfd1f3,69825516c835c41957dfd314,2
69825516c835c41957dfd1f3,69825516c835c41957dfe01c,1
69825516c835c41957dfd1f3,69825517c835c41957e011d2,1
69825516c835c41957dfd1f3,69825517c835c41957e00f7f,1
69825516c835c41957dfd1f3,69825516c835c41957dfd315,2
69825516c835c41957dfa81b,69825516c835c41957dfe6d4,1
69825516c835c41957dfa81b,69825517c835c41957e0106c,1
69825516c835c41957dfa81b,69825516c835c41957dfb972,1
69825516c835c41957dfa81b,69825516c835c41957dfe429,1
69825517c835c41957e01753,69825517c835c41957e01744,5
69825517c835c41957e01753,69825517c835c41957e012a7,1
69825517c835c41957e01753,69825517c835c41957e01740,7
69825516c835c41957dfbdfe,69825517c835c41957e010db,1
69825516c835c41957dfbdfe,69825516c835c41957dfef50,1
69825516c835c41957dfa40a,69825516c835c41957dfb8f8,1
69825517c835c41957e00b59,69825516c835c41957dfb798,1
69825517c835c41957e00b59,69825516c835c41957dfa7dc,1
69825516c835c41957dfc572,69825517c835c41957e00348,1
69825516c835c41957dfc572,69825516c835c41957dfc5a3,1
69825516c835c41957dfc572,69825517c835c41957e007bf,1
69825516c835c41957dff27f,69825516c835c41957dfa47c,1
69825516c835c41957dff27f,69825516c835c41957dfd269,1
69825516c835c41957dff27f,69825517c835c41957e012a7,1
69825516c835c41957dfc0cb,69825516c835c41957dfdaa8,2
69825516c835c41957dfc0cb,69825516c835c41957dfe812,2
69825516c835c41957dfc0cb,69825516c835c41957dfa538,2
69825516c835c41957dfc0cb,69825516c835c41957dfccf1,1
69825516c835c41957dfd88a,69825516c835c41957dfd2db,1
69825516c835c41957dfd88a,69825517c835c41957e0088e,1
69825516c835c41957dff090,69825516c835c41957dff0dc,1
69825516c835c41957dff090,69825516c835c41957dff0b1,1
69825516c835c41957dff090,69825516c835c41957dff069,1
69825516c835c41957dff090,69825516c835c41957dff0cd,1
69825516c835c41957dff090,69825516c835c41957dff091,1
69825516c835c41957dff090,69825516c835c41957dff080,1
69825516c835c41957dff090,69825516c835c41957dff0b2,1
69825516c835c41957dff090,69825516c835c41957dff09e,1
69825516c835c41957dff090,69825516c835c41957dff072,1
69825516c835c41957dff090,69825516c835c41957dff0db,1
69825516c835c41957dff090,69825516c835c41957dff077,1
69825516c835c41957dff090,69825516c835c41957dff08f,1
69825516c835c41957dff090,69825516c835c41957dff0d9,1
69825516c835c41957dff090,69825516c835c41957dff0d1,1
69825517c835c41957e00127,69825516c835c41957dfdbd8,1
69825517c835c41957e00127,69825516c835c41957dfb79d,2
69825517c835c41957e0080a,69825516c835c41957dfa4af,2
69825517c835c41957e0080a,69825517c835c41957e00841,1
69825517c835c41957e0080a,69825516c835c41957dfe79f,18
69825517c835c41957e0080a,69825517c835c41957dff6fc,1
69825517c835c41957e0080a,69825517c835c41957e00f6b,1
69825517c835c41957e0080a,69825516c835c41957dfe867,5
69825517c835c41957e0080a,69825516c835c41957dfb783,1
69825517c835c41957e0080a,69825517c835c41957dffbd6,3
69825517c835c41957e0080a,69825517c835c41957e01762,1
69825517c835c41957e0080a,69825516c835c41957dfd30c,4
69825517c835c41957e0080a,69825516c835c41957df9f53,2
69825517c835c41957e0080a,69825516c835c41957dfb9be,1
69825517c835c41957e0080a,69825517c835c41957e01804,1
69825517c835c41957e0080a,69825517c835c41957dffc89,1
69825517c835c41957e0080a,69825517c835c41957dffe16,3
69825517c835c41957e0080a,69825517c835c41957dff447,1
69825517c835c41957e0080a,69825517c835c41957e00f6c,4
69825517c835c41957e0080a,69825516c835c41957dfc522,1
69825517c835c41957dff4d0,69825517c835c41957e00f41,1
69825517c835c41957e00221,69825517c835c41957dff880,1
69825517c835c41957e00221,69825517c835c41957e00f6e,2
69825517c835c41957e00221,69825516c835c41957dfd892,1
69825516c835c41957dfa48c,69825517c835c41957e00a2a,1
69825516c835c41957dfa48c,69825516c835c41957dff398,1
69825516c835c41957dfa48c,69825516c835c41957dfa356,1
69825516c835c41957dfa48c,69825517c835c41957dffdfa,1
69825516c835c41957dfc0db,69825516c835c41957dfe497,1
69825516c835c41957dfb81a,69825516c835c41957dfa78c,1
69825516c835c41957dfcdb0,69825516c835c41957dfbfef,1
69825516c835c41957dfe0e7,69825517c835c41957dff96f,2
69825516c835c41957dfe0e7,69825516c835c41957dfe0e4,2
69825516c835c41957dfe0e7,69825516c835c41957dfd21b,2
69825516c835c41957dfe0e7,69825516c835c41957dfc829,1
69825516c835c41957dfe0e7,69825516c835c41957dfd238,2
69825516c835c41957dff159,69825517c835c41957e0133f,2
69825516c835c41957dff159,69825516c835c41957dfd00e,2
69825516c835c41957dff159,69825517c835c41957dffbd6,1
69825516c835c41957dff159,69825516c835c41957dfd30c,1
69825517c835c41957e00f7f,69825516c835c41957dff0a1,1
69825517c835c41957e00f7f,69825516c835c41957dfe01c,1
69825517c835c41957e00f7f,69825517c835c41957e011d2,1
69825517c835c41957e00f7f,69825517c835c41957e00ded,1
69825517c835c41957e00f7f,69825517c835c41957e00f7b,1
69825517c835c41957e00f7f,69825517c835c41957dff799,1
69825516c835c41957dfc7b9,69825516c835c41957dfdb27,7
69825516c835c41957dfc7b9,69825516c835c41957dfc506,1
69825517c835c41957dff799,69825516c835c41957dfdc61,1
69825517c835c41957dff799,69825516c835c41957dfeeef,1
69825517c835c41957dff799,69825517c835c41957dffca6,1
69825517c835c41957dff799,69825516c835c41957dfb5b1,1
69825517c835c41957dff799,69825516c835c41957dfa1f8,1
69825517c835c41957dff799,69825516c835c41957dfa27f,1
69825517c835c41957dff799,69825516c835c41957dfd2fd,1
69825517c835c41957dff799,69825516c835c41957dfd2d6,2
69825517c835c41957dff799,69825517c835c41957e00ded,2
69825517c835c41957dff799,69825517c835c41957e00f7b,2
69825517c835c41957dff799,69825516c835c41957dfd174,3
69825517c835c41957dff799,69825516c835c41957dff1fb,1
69825516c835c41957dfe802,69825517c835c41957e0088e,3
69825516c835c41957dfe802,69825516c835c41957dfe123,4
69825516c835c41957dfe802,69825516c835c41957dfb917,1
69825516c835c41957dfe802,69825517c835c41957e00628,1
69825516c835c41957dfe802,69825517c835c41957dffb45,1
69825516c835c41957dfb1a5,69825516c835c41957dfb184,1
69825516c835c41957dfbc0e,69825516c835c41957dfbc20,1
69825516c835c41957dfbc0e,69825516c835c41957dfbbb2,1
69825516c835c41957dfbc0e,69825516c835c41957dfbc2c,1
69825516c835c41957dfbc0e,69825516c835c41957dfbbe4,1
69825516c835c41957dfbc0e,69825516c835c41957dfbc1b,1
69825516c835c41957dfbc0e,69825516c835c41957dfbbba,1
69825516c835c41957dfbc0e,69825516c835c41957dfbbc3,1
69825516c835c41957dfbc0e,69825516c835c41957dfbbb7,1
69825516c835c41957dfd00e,69825517c835c41957e0133f,2
69825516c835c41957dfd00e,69825517c835c41957dffbd6,1
69825516c835c41957dfd00e,69825516c835c41957dfd30c,1
69825516c835c41957dfade7,69825516c835c41957dfb3d2,1
69825516c835c41957dfade7,69825516c835c41957dfac5a,1
69825516c835c41957dfade7,69825516c835c41957dfadbd,1
69825516c835c41957dfc413,69825517c835c41957dff89e,2
69825516c835c41957dfc413,69825517c835c41957e00525,1
69825516c835c41957dfc413,69825516c835c41957dfba1c,2
69825516c835c41957dfc413,69825516c835c41957dfce44,1
69825516c835c41957dfbbec,69825516c835c41957dfbbb4,1
69825516c835c41957dfbbec,69825516c835c41957dfbbe5,1
69825516c835c41957dfbbec,69825516c835c41957dfbc1a,1
69825516c835c41957dfbbec,69825516c835c41957dfbbce,1
69825516c835c41957dfbbec,69825516c835c41957dfbc18,1
69825516c835c41957dfbbec,69825516c835c41957dfbc02,1
69825516c835c41957dfa3f7,69825516c835c41957dfe668,1
69825516c835c41957dfa3f7,69825516c835c41957dfe665,1
69825516c835c41957dfa3f7,69825516c835c41957dfa42e,3
69825516c835c41957dfa3f7,69825516c835c41957dfc8da,1
69825516c835c41957dfa3f7,69825516c835c41957dfa522,2
69825516c835c41957dfa3f7,69825517c835c41957dff9c2,1
69825517c835c41957e009f3,69825516c835c41957dfa4e8,1
69825517c835c41957dff6f9,69825517c835c41957dff6fa,4
69825516c835c41957dfe483,69825517c835c41957e00fe3,1
69825516c835c41957dfe483,69825516c835c41957dfc026,1
69825516c835c41957dfe483,69825516c835c41957dfe491,1
69825516c835c41957dfaa2d,69825516c835c41957dfdc61,1
69825516c835c41957dfaa2d,69825517c835c41957e00bf6,1
69825516c835c41957dfaa2d,69825517c835c41957dff930,2
69825516c835c41957dfdc61,69825516c835c41957dfd2d6,1
69825516c835c41957dfdc61,69825517c835c41957dff930,4
69825516c835c41957dfdc61,69825517c835c41957e017c7,1
69825516c835c41957dfdc61,69825516c835c41957dff27c,2
69825516c835c41957dfdc61,69825516c835c41957dfd6eb,1
69825516c835c41957dfdc61,69825517c835c41957dffca6,1
69825516c835c41957dfdc61,69825517c835c41957dff432,1
69825516c835c41957dfdc61,69825517c835c41957dffb7c,1
69825516c835c41957dfdc61,69825516c835c41957dfa27f,2
69825516c835c41957dfdc61,69825517c835c41957e00bf6,3
69825516c835c41957dfdc61,69825516c835c41957dfd2fd,2
69825516c835c41957dfdc61,69825516c835c41957dff1fb,1
69825516c835c41957dfdc61,69825516c835c41957dfa73b,2
69825517c835c41957e004b9,69825516c835c41957dfb7ae,1
69825517c835c41957e004b9,69825516c835c41957dff04d,1
69825516c835c41957dff0b1,69825516c835c41957dff0dc,1
69825516c835c41957dff0b1,69825516c835c41957dff069,1
69825516c835c41957dff0b1,69825516c835c41957dff0cd,1
69825516c835c41957dff0b1,69825516c835c41957dff091,1
69825516c835c41957dff0b1,69825516c835c41957dff080,1
69825516c835c41957dff0b1,69825516c835c41957dff0b2,1
69825516c835c41957dff0b1,69825516c835c41957dff09e,1
69825516c835c41957dff0b1,69825516c835c41957dff072,1
69825516c835c41957dff0b1,69825516c835c41957dff0db,1
69825516c835c41957dff0b1,69825516c835c41957dff077,1
69825516c835c41957dff0b1,69825516c835c41957dff08f,1
69825516c835c41957dff0b1,69825516c835c41957dff0d9,1
69825516c835c41957dff0b1,69825516c835c41957dff0d1,1
69825516c835c41957dfa77f,69825516c835c41957dfd87c,1
69825516c835c41957dfb0dc,69825517c835c41957e0081f,2
69825517c835c41957dff95a,69825516c835c41957dfd07c,1
69825516c835c41957dfb9d6,69825516c835c41957dfb5b1,1
69825516c835c41957dfba66,69825516c835c41957dfbade,2
69825516c835c41957dfb917,69825516c835c41957dfa0ad,2
69825516c835c41957dfb917,69825516c835c41957dfa904,1
69825516c835c41957dfb917,69825516c835c41957dfa333,3
69825516c835c41957dfb917,69825516c835c41957dfd070,1
69825516c835c41957dfb917,69825517c835c41957e01a78,1
69825516c835c41957dfb917,69825517c835c41957e0088e,1
69825516c835c41957dfb917,69825516c835c41957dfe123,1
69825516c835c41957dfb917,69825516c835c41957df9e4a,4
69825516c835c41957dfbad1,69825517c835c41957e00de9,1
69825516c835c41957dfd307,69825517c835c41957dff910,1
69825516c835c41957dfd307,69825516c835c41957dfef51,1
69825516c835c41957dfd307,69825517c835c41957dff465,1
69825516c835c41957dfd307,69825516c835c41957dff145,2
69825517c835c41957dff825,69825516c835c41957dff2ba,1
69825517c835c41957dff825,69825517c835c41957e01349,1
69825517c835c41957dff825,69825516c835c41957dfd576,1
69825516c835c41957dfbd71,69825517c835c41957e0034d,1
69825516c835c41957dfbd71,69825516c835c41957dfc575,1
69825516c835c41957dfbd71,69825516c835c41957dfc5ac,1
69825516c835c41957dfbd71,69825516c835c41957dfa78c,2
69825516c835c41957dfbd71,69825516c835c41957dfbd7d,5
69825516c835c41957dfbbf0,69825516c835c41957dfbbf6,1
69825516c835c41957dfbbf0,69825516c835c41957dfbc08,1
69825516c835c41957dfcacd,69825517c835c41957e01229,1
69825516c835c41957dfcacd,69825516c835c41957dfcacb,2
69825516c835c41957dfcacd,69825516c835c41957dfcacc,2
69825516c835c41957df9c99,69825516c835c41957dfe20d,1
69825516c835c41957df9c99,69825516c835c41957dfa636,1
69825516c835c41957df9c99,69825517c835c41957e00648,3
69825516c835c41957df9c99,69825516c835c41957dfe2af,1
69825516c835c41957df9c99,69825516c835c41957dfefc1,1
69825516c835c41957df9c99,69825517c835c41957e01001,1
69825516c835c41957df9c99,69825516c835c41957dfabe1,1
69825516c835c41957df9c99,69825516c835c41957dfefed,1
69825516c835c41957df9c99,69825516c835c41957dfa375,1
69825516c835c41957df9c99,69825516c835c41957df9e8b,1
69825516c835c41957df9c99,69825517c835c41957e00ded,1
69825516c835c41957df9c99,69825516c835c41957dfa8cf,1
69825516c835c41957df9c99,69825516c835c41957dfd8e7,1
69825516c835c41957df9c99,69825516c835c41957dfc519,1
69825516c835c41957df9c99,69825516c835c41957dfef50,2
69825516c835c41957df9c99,69825516c835c41957dfb9af,1
69825516c835c41957df9c99,69825516c835c41957dfa8a4,2
69825516c835c41957df9c99,69825516c835c41957dfd3ed,1
69825516c835c41957dfb4d7,69825516c835c41957dfdcd8,1
69825516c835c41957dfbc18,69825516c835c41957dfbbb4,1
69825516c835c41957dfbc18,69825516c835c41957dfbbe5,1
69825516c835c41957dfbc18,69825516c835c41957dfbc1a,1
69825516c835c41957dfbc18,69825516c835c41957dfbbce,1
69825516c835c41957dfbc18,69825516c835c41957dfbc02,1
69825517c835c41957dffd50,69825517c835c41957dffd4f,2
69825517c835c41957dffd50,69825517c835c41957e012a7,1
69825517c835c41957dffd50,69825517c835c41957dffd64,2
69825517c835c41957dffcc1,69825516c835c41957dfd9a2,2
69825517c835c41957dffcc1,69825516c835c41957dff3aa,2
69825516c835c41957dfc381,69825516c835c41957dfc32c,1
69825516c835c41957dfc5a3,69825517c835c41957e00348,1
69825516c835c41957dfc5a3,69825517c835c41957e007bf,1
69825516c835c41957dfa542,69825516c835c41957dfb5bd,1
69825516c835c41957dfb98b,69825516c835c41957dfb989,1
69825516c835c41957dfd87c,69825516c835c41957dfd253,1
69825516c835c41957dfd87c,69825517c835c41957e01121,1
69825516c835c41957dfd87c,69825516c835c41957dfc0b8,1
69825517c835c41957e00bf9,69825517c835c41957dffb20,2
69825517c835c41957e00bf9,69825516c835c41957dfd070,1
69825517c835c41957e00bf9,69825517c835c41957e0088e,1
69825517c835c41957e00bf9,69825516c835c41957dfe7dc,2
69825517c835c41957e006bf,69825516c835c41957dfe01c,1
69825517c835c41957e006bf,69825516c835c41957dfd71c,1
69825516c835c41957dfe01c,69825516c835c41957dff0a1,1
69825516c835c41957dfe01c,69825517c835c41957e011d2,1
69825516c835c41957dfe01c,69825517c835c41957e00de9,1
69825516c835c41957dfe01c,69825516c835c41957dfd71c,4
69825516c835c41957dfe20d,69825517c835c41957e0177a,1
69825516c835c41957dfe20d,69825516c835c41957dfe1cf,2
69825516c835c41957dfe20d,69825516c835c41957dfefc1,1
69825516c835c41957dfe20d,69825516c835c41957dfe1a9,1
69825516c835c41957dfe20d,69825516c835c41957dfd3ed,1
69825516c835c41957dfe20d,69825516c835c41957dfabe1,1
69825516c835c41957dfe20d,69825516c835c41957dfefed,1
69825516c835c41957dfbae2,69825516c835c41957dfba04,5
69825516c835c41957dfbae2,69825516c835c41957dfe034,1
69825516c835c41957dfbae2,69825516c835c41957dfd0c9,1
69825516c835c41957dfbae2,69825517c835c41957e0061b,5
69825516c835c41957dfbae2,69825516c835c41957dfca1e,1
69825516c835c41957dfbae2,69825516c835c41957dfab42,3
69825516c835c41957dfb664,69825516c835c41957dfe49a,1
69825516c835c41957dfb664,69825516c835c41957dfd269,1
69825516c835c41957dfa866,69825517c835c41957e00ca3,1
69825517c835c41957e00e0f,69825517c835c41957dff6e9,1
69825516c835c41957dfca1e,69825516c835c41957dfba04,1
69825516c835c41957dfca1e,69825516c835c41957dfe034,1
69825516c835c41957dfca1e,69825516c835c41957dfd0c9,1
69825516c835c41957dfca1e,69825517c835c41957e0061b,1
69825516c835c41957dfca1e,69825516c835c41957dfab42,1
69825517c835c41957e01740,69825517c835c41957e01744,10
69825517c835c41957e01740,69825516c835c41957dfc8da,1
69825517c835c41957e01740,69825517c835c41957e012a7,2
69825516c835c41957dff398,69825517c835c41957e00a2a,1
69825516c835c41957dff398,69825516c835c41957dfb90f,1
69825516c835c41957dff398,69825516c835c41957dfa356,1
69825516c835c41957dff398,69825516c835c41957dfa50f,1
69825516c835c41957dff398,69825517c835c41957dffdfa,1
69825516c835c41957dff355,69825516c835c41957dfca2b,2
69825516c835c41957dff355,69825516c835c41957dfa409,1
69825516c835c41957dff355,69825516c835c41957dfd343,1
69825516c835c41957dff355,69825516c835c41957dfe849,1
69825516c835c41957dff355,69825517c835c41957e002a8,2
69825516c835c41957dff355,69825516c835c41957dfa2f0,1
69825516c835c41957dfb8e5,69825516c835c41957dfe668,1
69825516c835c41957dfb8e5,69825517c835c41957e01959,2
69825516c835c41957dfbbba,69825516c835c41957dfbc20,1
69825516c835c41957dfbbba,69825516c835c41957dfbbb2,1
69825516c835c41957dfbbba,69825516c835c41957dfbc2c,1
69825516c835c41957dfbbba,69825516c835c41957dfbbe4,1
69825516c835c41957dfbbba,69825516c835c41957dfbc1b,1
69825516c835c41957dfbbba,69825516c835c41957dfbbc3,1
69825516c835c41957dfbbba,69825516c835c41957dfbbb7,1
69825517c835c41957dffd64,69825517c835c41957dffd4f,2
69825517c835c41957dffd64,69825517c835c41957e012a7,1
69825517c835c41957dff416,69825517c835c41957e01a80,2
69825516c835c41957dfa81f,69825517c835c41957e00524,2
69825516c835c41957dfa81f,69825516c835c41957df9e1d,2
69825516c835c41957dfa81f,69825517c835c41957e00d55,1
69825516c835c41957dfa81f,69825516c835c41957dfd8dc,2
69825517c835c41957e0163c,69825517c835c41957e015db,2
69825516c835c41957dfb6a6,69825516c835c41957dfb685,16
69825517c835c41957e01328,69825516c835c41957df9dfe,1
69825516c835c41957dfba1c,69825516c835c41957dfce44,1
69825516c835c41957dfba1c,69825517c835c41957dff89e,2
69825516c835c41957dfba1c,69825517c835c41957e00525,2
69825516c835c41957dfe668,69825517c835c41957e01959,1
69825516c835c41957dfe668,69825516c835c41957dfe665,1
69825517c835c41957e002a6,69825517c835c41957e002b3,1
69825516c835c41957dfa47c,69825517c835c41957e012a7,1
69825516c835c41957dfa47c,69825516c835c41957dfa42e,3
69825516c835c41957dfa47c,69825516c835c41957dfa428,3
69825516c835c41957dfa47c,69825516c835c41957dfa522,1
69825516c835c41957dfa47c,69825516c835c41957dfd269,1
69825517c835c41957e00fdb,69825517c835c41957e017c7,1
69825516c835c41957dfe3d7,69825516c835c41957dfe3da,1
69825516c835c41957dfe3d7,69825516c835c41957dfe3d6,1
69825516c835c41957dfe3d7,69825516c835c41957dfe420,1
69825516c835c41957dfe3d7,69825516c835c41957dfe3ef,1
69825517c835c41957dffca9,69825517c835c41957dffcaa,2
69825516c835c41957dfa451,69825517c835c41957e00ec3,1
69825516c835c41957dfb62b,69825516c835c41957dfdd86,1
69825516c835c41957dfb62b,69825516c835c41957dfb9af,1
69825516c835c41957dfb62b,69825517c835c41957dff86a,1
69825516c835c41957dfb62b,69825517c835c41957e00f1e,2
69825516c835c41957dfb62b,69825517c835c41957dff863,1
69825516c835c41957dfb62b,69825516c835c41957dfdd52,1
69825516c835c41957dfb7f0,69825516c835c41957dfb7c3,1
69825516c835c41957dfe63c,69825516c835c41957dfe63b,4
69825516c835c41957dfe63c,69825516c835c41957dfe63a,4
69825516c835c41957dfe63c,69825516c835c41957dfca8f,1
69825516c835c41957dfe63c,69825516c835c41957dfc475,1
69825516c835c41957dff077,69825516c835c41957dff0dc,1
69825516c835c41957dff077,69825516c835c41957dff069,1
69825516c835c41957dff077,69825516c835c41957dff0cd,1
69825516c835c41957dff077,69825516c835c41957dff091,1
69825516c835c41957dff077,69825516c835c41957dff080,1
69825516c835c41957dff077,69825516c835c41957dff0b2,1
69825516c835c41957dff077,69825516c835c41957dff09e,1
69825516c835c41957dff077,69825516c835c41957dff072,1
69825516c835c41957dff077,69825516c835c41957dff0db,1
69825516c835c41957dff077,69825516c835c41957dff08f,1
69825516c835c41957dff077,69825516c835c41957dff0d9,1
69825516c835c41957dff077,69825516c835c41957dff0d1,1
69825516c835c41957dfb78e,69825516c835c41957dfc0c7,1
69825517c835c41957dff447,69825516c835c41957dfd30c,1
69825517c835c41957dff8e0,69825516c835c41957dfa188,1
69825516c835c41957dfbaa2,69825516c835c41957dfba9f,1
69825516c835c41957dfbaa2,69825516c835c41957dfbaa0,1
69825516c835c41957dfbaa2,69825516c835c41957dfbaa1,2
69825516c835c41957dfbaa2,69825516c835c41957dfba98,1
69825516c835c41957dfbaa2,69825516c835c41957dfba96,1
69825516c835c41957dfbf5e,69825516c835c41957dfefe6,1
69825516c835c41957dfbf5e,69825516c835c41957dfbf5f,2
69825517c835c41957dffd56,69825517c835c41957dffd37,2
69825517c835c41957dffd56,69825517c835c41957dffd4d,2
69825517c835c41957e00ecc,69825516c835c41957dfb96a,1
69825517c835c41957e00ecc,69825516c835c41957dfe7c0,2
69825517c835c41957e00ecc,69825517c835c41957e00f6c,1
69825517c835c41957e00ecc,69825516c835c41957dfa450,1
69825517c835c41957e00ecc,69825517c835c41957dffbd6,1
69825517c835c41957e01622,69825517c835c41957e015c0,3
69825517c835c41957e01622,69825517c835c41957e015da,2
69825517c835c41957e01622,69825517c835c41957e01690,1
69825517c835c41957e0133f,69825517c835c41957dffbd6,1
69825517c835c41957e0133f,69825516c835c41957dfd30c,1
69825516c835c41957dfc91e,69825517c835c41957e00c9b,1
69825516c835c41957dfc983,69825516c835c41957dfa501,1
69825516c835c41957dfc983,69825517c835c41957e017fe,2
69825516c835c41957dfa44d,69825516c835c41957dfa4d5,1
69825516c835c41957dfa44d,69825516c835c41957dfa44e,5
69825516c835c41957dfa44d,69825516c835c41957dfa4d8,5
69825516c835c41957dfa44d,69825516c835c41957dfa3d6,4
69825516c835c41957dfa44d,69825516c835c41957dfda3e,1
69825517c835c41957dffc02,69825517c835c41957e01027,1
69825517c835c41957e00628,69825517c835c41957e0088e,1
69825517c835c41957e00628,69825516c835c41957dfe123,1
69825517c835c41957e00628,69825517c835c41957dffb45,1
69825517c835c41957dff80d,69825516c835c41957dfabf0,1
69825516c835c41957dff006,69825516c835c41957dff004,7
69825516c835c41957dff006,69825516c835c41957dfef9e,6
69825516c835c41957dff006,69825516c835c41957dfefb5,6
69825516c835c41957dff006,69825516c835c41957dfefb1,7
69825516c835c41957dfb651,69825516c835c41957dfd215,2
69825516c835c41957dfb651,69825516c835c41957dfa9be,1
69825516c835c41957dfe0e1,69825517c835c41957dffc04,7
69825516c835c41957dfd30c,69825516c835c41957df9f53,1
69825516c835c41957dfd30c,69825516c835c41957dfb9be,1
69825516c835c41957dfd30c,69825516c835c41957dfe79f,2
69825516c835c41957dfd30c,69825517c835c41957dffbd6,1
69825516c835c41957dfd2fc,69825516c835c41957dfa356,1
69825517c835c41957e0112b,69825516c835c41957dff2ba,1
69825517c835c41957e0112b,69825516c835c41957dfeef8,1
69825517c835c41957e0112b,69825517c835c41957dffc7e,1
69825517c835c41957e0112b,69825517c835c41957e0094a,1
69825517c835c41957e0112b,69825517c835c41957e0088e,1
69825517c835c41957e0157c,69825517c835c41957e015b0,1
69825517c835c41957e0157c,69825517c835c41957e01617,2
69825517c835c41957e0157c,69825517c835c41957e01644,1
69825517c835c41957e0157c,69825517c835c41957e0168f,1
69825516c835c41957dff299,69825516c835c41957dfda2d,2
69825516c835c41957dfdbbc,69825516c835c41957dfdb9b,1
69825516c835c41957dfdbbc,69825516c835c41957dff2c0,2
69825516c835c41957dfdbbc,69825516c835c41957dfa4dd,1
69825516c835c41957dfdbbc,69825517c835c41957e01384,1
69825516c835c41957dfdbbc,69825517c835c41957e01349,1
69825516c835c41957dfdbbc,69825516c835c41957dfb78d,1
69825516c835c41957dfdbbc,69825516c835c41957dfb7b7,2
69825516c835c41957dfdbbc,69825516c835c41957dfa2f0,1
69825516c835c41957dfdbbc,69825516c835c41957dfd305,2
69825516c835c41957dfbaa1,69825516c835c41957dfba9f,1
69825516c835c41957dfbaa1,69825516c835c41957dfbaa0,1
69825516c835c41957dfbaa1,69825516c835c41957dfba98,1
69825516c835c41957dfbaa1,69825516c835c41957dfba96,1
69825517c835c41957dffd3a,69825516c835c41957dfe63b,1
69825517c835c41957dffd3a,69825517c835c41957dffd4c,2
69825517c835c41957dffd3a,69825517c835c41957dffd48,2
69825517c835c41957dffd3a,69825517c835c41957dffd52,2
69825517c835c41957dffd3a,69825517c835c41957dffd57,2
69825516c835c41957df9e28,69825517c835c41957e017fc,1
69825516c835c41957df9e28,69825516c835c41957dfe6a0,1
69825516c835c41957dfa8cf,69825516c835c41957dfa375,3
69825516c835c41957dfa8cf,69825517c835c41957e010a7,1
69825516c835c41957dfa8cf,69825516c835c41957dfb9af,1
69825516c835c41957dfe48a,69825516c835c41957dfd3bb,1
69825516c835c41957dfee03,69825517c835c41957e001ab,6
69825517c835c41957e00d55,69825517c835c41957e010db,3
69825517c835c41957e00d55,69825517c835c41957e00524,1
69825517c835c41957e00d55,69825516c835c41957df9e1d,1
69825517c835c41957e00d55,69825516c835c41957dfef50,3
69825517c835c41957e00d55,69825516c835c41957dfd8dc,1
69825516c835c41957dfb9af,69825516c835c41957dfa38e,1
69825516c835c41957dfb9af,69825516c835c41957dfdd86,1
69825516c835c41957dfb9af,69825517c835c41957e010a7,1
69825516c835c41957dfb9af,69825516c835c41957dfb5b1,1
69825516c835c41957dfb9af,69825517c835c41957e00f1e,1
69825516c835c41957dfb9af,69825517c835c41957e00da9,1
69825516c835c41957dfb9af,69825517c835c41957dff863,1
69825516c835c41957dfb9af,69825516c835c41957dfa375,1
69825516c835c41957dfb9af,69825517c835c41957e00ded,1
69825516c835c41957dfb9af,69825516c835c41957dfb968,1
69825516c835c41957dfb9af,69825516c835c41957dfd8e7,4
69825516c835c41957dfb9af,69825517c835c41957e0189b,2
69825516c835c41957dfb9af,69825517c835c41957dff86a,1
69825516c835c41957dfb9af,69825516c835c41957dfa8a4,4
69825516c835c41957dfb9af,69825516c835c41957dfdd52,1
69825516c835c41957dff0db,69825516c835c41957dff0dc,1
69825516c835c41957dff0db,69825516c835c41957dff069,1
69825516c835c41957dff0db,69825516c835c41957dff0cd,1
69825516c835c41957dff0db,69825516c835c41957dff091,1
69825516c835c41957dff0db,69825516c835c41957dff080,1
69825516c835c41957dff0db,69825516c835c41957dff0b2,1
69825516c835c41957dff0db,69825516c835c41957dff09e,1
69825516c835c41957dff0db,69825516c835c41957dff072,1
69825516c835c41957dff0db,69825516c835c41957dff08f,1
69825516c835c41957dff0db,69825516c835c41957dff0d9,1
69825516c835c41957dff0db,69825516c835c41957dff0d1,1
69825516c835c41957dfbc40,69825516c835c41957dfa81e,1
69825516c835c41957dff1fb,69825517c835c41957dffb1e,1
69825516c835c41957dff1fb,69825517c835c41957dffb7c,1
69825516c835c41957dff1fb,69825516c835c41957dfd2d6,1
69825516c835c41957dff1fb,69825516c835c41957dfa27f,1
69825516c835c41957dff1fb,69825516c835c41957dfd2fd,1
69825516c835c41957dff1fb,69825517c835c41957dffca6,1
69825517c835c41957dff991,69825517c835c41957dff7a3,3
69825517c835c41957dff991,69825517c835c41957e0069b,3
69825517c835c41957dff991,69825516c835c41957dfc991,1
69825516c835c41957dfd2d5,69825516c835c41957dfa2f0,1
69825516c835c41957dfd2d5,69825517c835c41957e0015f,1
69825516c835c41957dfab41,69825516c835c41957dfaa63,1
69825516c835c41957dfbbc3,69825516c835c41957dfbc20,1
69825516c835c41957dfbbc3,69825516c835c41957dfbbb2,1
69825516c835c41957dfbbc3,69825516c835c41957dfbc2c,1
69825516c835c41957dfbbc3,69825516c835c41957dfbbe4,1
69825516c835c41957dfbbc3,69825517c835c41957e00735,1
69825516c835c41957dfbbc3,69825516c835c41957dfbc1b,1
69825516c835c41957dfbbc3,69825516c835c41957dfbbb7,1
69825516c835c41957dfa7dc,69825516c835c41957dfb798,2
69825517c835c41957e00841,69825517c835c41957dffa33,1
69825517c835c41957e00841,69825516c835c41957dfe867,1
69825517c835c41957e00841,69825516c835c41957dfe79f,1
69825517c835c41957e00841,69825517c835c41957dffe16,1
69825517c835c41957e00841,69825517c835c41957e01762,1
69825517c835c41957dffe8d,69825516c835c41957dff252,2
69825516c835c41957dfb798,69825517c835c41957e01762,1
69825516c835c41957dfb798,69825516c835c41957dfdb06,1
69825517c835c41957dff96f,69825516c835c41957dfe0e4,2
69825517c835c41957dff96f,69825516c835c41957dfd21b,2
69825517c835c41957dff96f,69825516c835c41957dfc829,1
69825517c835c41957dff96f,69825516c835c41957dfd238,2
69825516c835c41957dfe0e4,69825516c835c41957dfd21b,2
69825516c835c41957dfe0e4,69825516c835c41957dfc829,1
69825516c835c41957dfe0e4,69825516c835c41957dfd238,2
69825516c835c41957dfe78b,69825516c835c41957dfe748,1
69825516c835c41957dfe84c,69825516c835c41957dfa188,1
69825516c835c41957dfc063,69825516c835c41957dfb983,1
69825516c835c41957dfc026,69825517c835c41957e00fe3,1
69825516c835c41957dfa2f0,69825516c835c41957dfa38e,1
69825516c835c41957dfa2f0,69825516c835c41957dff2c0,1
69825516c835c41957dfa2f0,69825516c835c41957dfa409,1
69825516c835c41957dfa2f0,69825516c835c41957dfd343,1
69825516c835c41957dfa2f0,69825516c835c41957dfe849,2
69825516c835c41957dfa2f0,69825516c835c41957dfe848,1
69825516c835c41957dfa2f0,69825516c835c41957dfd961,1
69825516c835c41957dfa2f0,69825516c835c41957dfd305,1
69825516c835c41957dfd7f7,69825517c835c41957e005ec,1
69825516c835c41957dfd7f7,69825516c835c41957dfe0a1,1
69825516c835c41957dfd9a2,69825516c835c41957dff3aa,2
69825517c835c41957e015b0,69825517c835c41957e01617,1
69825517c835c41957e015b0,69825517c835c41957e015db,1
69825517c835c41957e015b0,69825517c835c41957e01644,2
69825517c835c41957e015b0,69825517c835c41957e0168f,1
69825517c835c41957e01274,69825516c835c41957dfe6a0,1
69825517c835c41957e01274,69825516c835c41957dfd070,2
69825517c835c41957e01274,69825517c835c41957dff930,1
69825516c835c41957dfef50,69825517c835c41957e010db,7
69825516c835c41957dfef50,69825516c835c41957dfd1f9,1
69825516c835c41957dfef50,69825517c835c41957e01001,2
69825517c835c41957e00a3a,69825517c835c41957dff96c,1
69825516c835c41957dfb5bf,69825517c835c41957e003a7,3
69825516c835c41957dfa6d5,69825516c835c41957dfc6be,1
69825516c835c41957dfa6d5,69825516c835c41957dfa120,1
69825516c835c41957dfef5e,69825517c835c41957dffdda,1
69825516c835c41957dfaa75,69825516c835c41957dfcd4c,2
69825516c835c41957dfaa7b,69825517c835c41957e00b7c,2
69825516c835c41957dfb11e,69825516c835c41957dfc8ab,1
69825516c835c41957dfb11e,69825516c835c41957dfb2aa,1
69825517c835c41957dffd57,69825516c835c41957dfe63b,1
69825517c835c41957dffd57,69825517c835c41957dffd4c,2
69825517c835c41957dffd57,69825517c835c41957dffd48,2
69825517c835c41957dffd57,69825517c835c41957dffd52,2
69825516c835c41957dfbfef,69825516c835c41957dfe7bd,1
69825516c835c41957dfbfef,69825517c835c41957e00d53,1
69825517c835c41957e00d53,69825516c835c41957dfdb9b,4
69825517c835c41957e00d53,69825517c835c41957e01349,3
69825517c835c41957e019ff,69825516c835c41957dfee78,1
69825517c835c41957e019ff,69825516c835c41957dfbc9f,1
69825516c835c41957dfb1dc,69825516c835c41957dfe558,1
69825516c835c41957dfb1dc,69825516c835c41957dfd121,1
69825516c835c41957dfb675,69825516c835c41957dfc547,1
69825516c835c41957dfb675,69825517c835c41957dff82a,1
69825516c835c41957dfa4a6,69825516c835c41957dfc97a,1
69825516c835c41957dfb5b1,69825517c835c41957e00dba,1
69825517c835c41957e00f1e,69825517c835c41957e0189b,1
69825516c835c41957dfb7b2,69825517c835c41957e01a80,1
69825516c835c41957dfefc1,69825516c835c41957dfefbe,1
69825516c835c41957dfefc1,69825516c835c41957dfd3ed,1
69825516c835c41957dfefc1,69825516c835c41957dfabe1,1
69825516c835c41957dfefc1,69825516c835c41957dfefed,1
69825516c835c41957dfa037,69825517c835c41957e009d4,2
69825516c835c41957dfd9a8,69825516c835c41957dfdb04,1
69825516c835c41957dfd9a8,69825516c835c41957dfc1ed,2
69825517c835c41957e01899,69825516c835c41957dfb983,1
69825517c835c41957dffd4f,69825516c835c41957dfcec2,1
69825517c835c41957dffd4f,69825517c835c41957e012a7,1
69825516c835c41957dfd343,69825517c835c41957dffb5f,1
69825516c835c41957dfd343,69825517c835c41957dffb7c,1
69825516c835c41957dfd343,69825516c835c41957dfa409,1
69825516c835c41957dfd343,69825516c835c41957dfe849,1
69825517c835c41957dffc6f,69825516c835c41957dfda3d,1
69825517c835c41957dffc6f,69825516c835c41957dfda3e,1
69825517c835c41957e00ded,69825516c835c41957dfa1f8,1
69825517c835c41957e00ded,69825517c835c41957e00da9,1
69825517c835c41957e00ded,69825517c835c41957e0104e,1
69825517c835c41957e00ded,69825516c835c41957dfaddf,2
69825517c835c41957e00ded,69825516c835c41957dfb96a,6
69825517c835c41957e00ded,69825517c835c41957dffc7e,1
69825517c835c41957e00ded,69825516c835c41957dfb968,6
69825517c835c41957e00ded,69825517c835c41957e00f7b,1
69825517c835c41957e00ded,69825516c835c41957dfadc8,2
69825516c835c41957df9e8b,69825516c835c41957dfa737,1
69825516c835c41957df9e8b,69825516c835c41957dfa636,1
69825517c835c41957dffc7e,69825516c835c41957dff2ba,1
69825517c835c41957dffc7e,69825516c835c41957dfeef8,1
69825517c835c41957dffc7e,69825516c835c41957dfccf1,1
69825517c835c41957dffc7e,69825517c835c41957e0094a,1
69825517c835c41957dffc7e,69825517c835c41957e0088e,1
69825517c835c41957e002d1,69825517c835c41957e00684,1
69825517c835c41957e002d1,69825517c835c41957e009f9,1
69825516c835c41957dfa444,69825516c835c41957dfa120,2
69825516c835c41957dfe812,69825516c835c41957dfdaa8,2
69825516c835c41957dfe812,69825516c835c41957dfa538,2
69825516c835c41957dfe812,69825516c835c41957dfccf1,1
69825517c835c41957dff82a,69825516c835c41957dfc547,1
69825517c835c41957e009f9,69825517c835c41957e00684,9
69825517c835c41957e009f9,69825516c835c41957dfbd65,1
69825517c835c41957dffcac,69825516c835c41957dfe6ff,1
69825516c835c41957dfe60e,69825516c835c41957dfe605,1
69825516c835c41957dfd051,69825516c835c41957dfb2c3,1
69825516c835c41957dfc522,69825516c835c41957dfe79f,1
69825516c835c41957dfd069,69825516c835c41957dfd2db,1
69825516c835c41957dfd069,69825516c835c41957dfbd65,1
69825516c835c41957dfd069,69825517c835c41957dff465,1
69825517c835c41957e00bee,69825517c835c41957dff557,3
69825517c835c41957e015c0,69825517c835c41957e015da,2
69825517c835c41957e015c0,69825517c835c41957e01690,1
69825516c835c41957dfada6,69825516c835c41957dfae28,2
69825516c835c41957dfe21a,69825516c835c41957dfe1b3,3
69825516c835c41957dfa70b,69825517c835c41957dffcab,2
69825516c835c41957df9e4e,69825516c835c41957dfe815,1
69825516c835c41957df9e4e,69825516c835c41957dfccf8,1
69825516c835c41957dfc04e,69825516c835c41957dfee63,1
69825516c835c41957dfb905,69825516c835c41957df9e44,1
69825516c835c41957dfb935,69825516c835c41957dfb506,1
69825516c835c41957dfb1d4,69825516c835c41957dfb3c6,2
69825516c835c41957dfb1d4,69825516c835c41957dfb3c3,1
69825516c835c41957dfb1d4,69825516c835c41957dfb32c,2
69825516c835c41957dfb1d4,69825516c835c41957dfb237,1
69825516c835c41957dfe47f,69825516c835c41957dfe4a5,1
69825516c835c41957dfc5ac,69825516c835c41957dfc575,1
69825516c835c41957dfc5ac,69825516c835c41957dfa78c,2
69825516c835c41957dfc5ac,69825516c835c41957dfbd7d,2
69825516c835c41957dfa811,69825516c835c41957dfb506,1
69825517c835c41957e0069b,69825517c835c41957e01811,1
69825517c835c41957e0069b,69825517c835c41957dff7a3,8
69825517c835c41957e0069b,69825516c835c41957dfa0b1,1
69825517c835c41957e0069b,69825517c835c41957e01810,1
69825517c835c41957e0069b,69825516c835c41957dfbd2d,2
69825517c835c41957e00d6f,69825517c835c41957e00f13,2
69825516c835c41957dfbf5f,69825516c835c41957dfefe6,1
69825516c835c41957dfca66,69825516c835c41957dfca68,1
69825516c835c41957dfca66,69825516c835c41957dfca67,1
69825516c835c41957dfca66,69825516c835c41957dfca64,1
69825517c835c41957e019f9,69825516c835c41957dfc519,1
69825516c835c41957dfedac,69825516c835c41957dfc59f,1
69825516c835c41957dfbac0,69825516c835c41957dfd7d6,1
69825517c835c41957e01a78,69825517c835c41957dffb20,1
69825516c835c41957dfd8e7,69825516c835c41957dfa8a4,3
69825516c835c41957dfba96,69825516c835c41957dfba9f,1
69825516c835c41957dfba96,69825516c835c41957dfbaa0,1
69825516c835c41957dfba96,69825516c835c41957dfba98,1
69825517c835c41957e0034d,69825516c835c41957dfbd7d,1
69825516c835c41957dfe3fc,69825516c835c41957dfe3db,2
69825516c835c41957dfe3fc,69825516c835c41957dfe405,2
69825516c835c41957dfe3fc,69825516c835c41957dfe404,2
69825516c835c41957dfe3fc,69825516c835c41957dfe3cc,2
69825516c835c41957dfee01,69825516c835c41957dfdd91,1
69825517c835c41957e006c2,69825517c835c41957e0067f,1
69825517c835c41957e006c2,69825517c835c41957dff929,1
69825516c835c41957dfca67,69825516c835c41957dfca68,1
69825516c835c41957dfca67,69825516c835c41957dfca64,1
69825516c835c41957dfd2f3,69825516c835c41957dfd0c8,1
69825517c835c41957dff963,69825517c835c41957dff962,1
69825517c835c41957dff963,69825517c835c41957dff964,1
69825517c835c41957dff963,69825517c835c41957dffc78,4
69825517c835c41957dff963,69825516c835c41957dfe0e5,1
69825517c835c41957dff963,69825516c835c41957dfedab,3
69825517c835c41957dff963,69825516c835c41957dfd405,1
69825516c835c41957dfaa7f,69825516c835c41957dfba3f,2
69825516c835c41957dfe713,69825516c835c41957dfa4f6,1
69825516c835c41957dfe713,69825516c835c41957dfd11d,1
69825516c835c41957dfe713,69825516c835c41957dfb78d,1
69825516c835c41957dfe713,69825516c835c41957dfb802,2
69825516c835c41957dff004,69825516c835c41957dfef9e,6
69825516c835c41957dff004,69825516c835c41957dfefb5,6
69825516c835c41957dff004,69825516c835c41957dfefb1,7
69825516c835c41957dfc0b8,69825517c835c41957e01121,1
69825516c835c41957dfc0b8,69825516c835c41957dff2f2,1
69825517c835c41957e019f3,69825516c835c41957dfe019,1
69825517c835c41957e019f3,69825516c835c41957dff30f,1
69825516c835c41957dfb67a,69825516c835c41957dfb729,1
69825516c835c41957dfb67a,69825516c835c41957dfe748,1
69825516c835c41957dfa636,69825517c835c41957e00524,2
69825516c835c41957dfa636,69825517c835c41957e00525,1
69825516c835c41957dfe1fb,69825516c835c41957dfe1f9,2
69825516c835c41957dfe1fb,69825516c835c41957dfe497,1
69825516c835c41957dfe1fb,69825516c835c41957dfe1f5,1
69825516c835c41957dfe1fb,69825516c835c41957dfe207,2
69825517c835c41957e00980,69825516c835c41957dfa333,1
69825517c835c41957e019ba,69825517c835c41957e01a80,3
69825517c835c41957dff962,69825517c835c41957dff964,2
69825517c835c41957dff962,69825517c835c41957dffc78,1
69825517c835c41957dff962,69825516c835c41957dfe0e5,1
69825517c835c41957dff962,69825516c835c41957dfedab,1
69825517c835c41957dff962,69825516c835c41957dfd405,1
69825516c835c41957dff0cd,69825516c835c41957dff0dc,1
69825516c835c41957dff0cd,69825516c835c41957dff069,1
69825516c835c41957dff0cd,69825516c835c41957dff091,1
69825516c835c41957dff0cd,69825516c835c41957dff080,1
69825516c835c41957dff0cd,69825516c835c41957dff0b2,1
69825516c835c41957dff0cd,69825516c835c41957dff09e,1
69825516c835c41957dff0cd,69825516c835c41957dff072,1
69825516c835c41957dff0cd,69825516c835c41957dff08f,1
69825516c835c41957dff0cd,69825516c835c41957dff0d9,1
69825516c835c41957dff0cd,69825516c835c41957dff0d1,2
69825516c835c41957dfe21b,69825516c835c41957dfe48d,1
69825516c835c41957dfcea2,69825517c835c41957dff6a0,2
69825516c835c41957dfcf80,69825516c835c41957dfcf7e,1
69825516c835c41957dfbc20,69825516c835c41957dfbbb2,1
69825516c835c41957dfbc20,69825516c835c41957dfbc2c,1
69825516c835c41957dfbc20,69825516c835c41957dfbbe4,1
69825516c835c41957dfbc20,69825516c835c41957dfbc1b,1
69825516c835c41957dfbc20,69825516c835c41957dfbbb7,1
69825516c835c41957dfad0f,69825517c835c41957e00dec,1
69825517c835c41957e00a97,69825516c835c41957dfc0e1,1
69825516c835c41957dfc8ab,69825516c835c41957dfc504,1
69825516c835c41957dfa333,69825517c835c41957e00bfb,1
69825516c835c41957dfa333,69825516c835c41957dfa0ad,1
69825516c835c41957dfa333,69825516c835c41957dfe80b,1
69825516c835c41957dfa333,69825516c835c41957dfa904,2
69825516c835c41957dfa333,69825516c835c41957dfd070,2
69825516c835c41957dfa333,69825517c835c41957e00a2a,1
69825516c835c41957dfa333,69825516c835c41957dfd2d8,1
69825516c835c41957dfa333,69825517c835c41957dff94f,1
69825516c835c41957dfa333,69825516c835c41957df9e4a,3
69825516c835c41957dfd070,69825517c835c41957dffb20,1
69825516c835c41957dfd070,69825517c835c41957dff930,2
69825516c835c41957dfd070,69825517c835c41957e00bf6,1
69825516c835c41957dfd070,69825516c835c41957dfe6a0,2
69825517c835c41957e015db,69825517c835c41957e01644,1
69825516c835c41957dfb3c3,69825516c835c41957dfb3c6,1
69825516c835c41957dfb3c3,69825516c835c41957dfb32c,1
69825516c835c41957dfd3fb,69825516c835c41957dfac47,1
69825516c835c41957dfd2d8,69825516c835c41957dfb81c,1
69825516c835c41957dfd7c9,69825516c835c41957dfac3e,2
69825516c835c41957dfd7c9,69825516c835c41957dfacd2,1
69825516c835c41957dfdbd8,69825517c835c41957e0180c,1
69825516c835c41957dfdbd8,69825516c835c41957dfb79d,1
69825516c835c41957dfa0c6,69825516c835c41957dfc080,1
69825517c835c41957dffc89,69825517c835c41957e01804,1
69825517c835c41957dffc89,69825516c835c41957dfd892,1
69825516c835c41957dfa1c2,69825517c835c41957e00541,2
69825516c835c41957dfa1c2,69825516c835c41957dfa737,1
69825516c835c41957dfd405,69825517c835c41957dff964,1
69825516c835c41957dfd405,69825517c835c41957dffc78,1
69825516c835c41957dfd405,69825516c835c41957dfe0e5,2
69825516c835c41957dfd405,69825516c835c41957dfedab,2
69825516c835c41957dfe0c8,69825516c835c41957dfe0c6,2
69825516c835c41957dfa418,69825516c835c41957dfa46d,2
69825516c835c41957dfa418,69825516c835c41957dfb779,1
69825516c835c41957dfa737,69825517c835c41957e00541,1
69825517c835c41957dffca6,69825516c835c41957dfd2d6,1
69825517c835c41957dffca6,69825516c835c41957dfa27f,1
69825517c835c41957dffca6,69825516c835c41957dfd2fd,1
69825517c835c41957dff976,69825517c835c41957e00a30,1
69825517c835c41957e0077a,69825516c835c41957dfef6d,1
69825516c835c41957dfc9f2,69825516c835c41957dfd301,1
69825516c835c41957dfcd9c,69825516c835c41957dff23c,3
69825516c835c41957dfcd9c,69825516c835c41957dfc54d,1
69825516c835c41957dfcd9c,69825516c835c41957dfe849,1
69825516c835c41957dfe815,69825517c835c41957e00715,1
69825516c835c41957dfe815,69825516c835c41957dfccf8,1
69825516c835c41957dfba98,69825516c835c41957dfba9f,1
69825516c835c41957dfba98,69825516c835c41957dfbaa0,1
69825517c835c41957e00e31,69825517c835c41957dff86a,1
69825517c835c41957e00e31,69825516c835c41957dfe6f7,2
69825517c835c41957e00e31,69825516c835c41957dfdd86,1
69825517c835c41957e00e31,69825516c835c41957dfdd52,1
69825517c835c41957e00e31,69825517c835c41957e00f2c,1
69825517c835c41957e00e31,69825517c835c41957dff863,1
69825516c835c41957dfbbb2,69825516c835c41957dfbc2c,1
69825516c835c41957dfbbb2,69825516c835c41957dfbbe4,1
69825516c835c41957dfbbb2,69825516c835c41957dfbc1b,1
69825516c835c41957dfbbb2,69825516c835c41957dfbbb7,1
69825517c835c41957dff6c9,69825517c835c41957e00dc0,1
69825517c835c41957dff6c9,69825517c835c41957e01922,1
69825517c835c41957dff6c9,69825516c835c41957dfdc37,3
69825516c835c41957dfc6c4,69825516c835c41957dfe477,1
69825516c835c41957dfc6c4,69825516c835c41957dfc5f0,1
69825516c835c41957dfc943,69825517c835c41957e00334,1
69825516c835c41957dfe848,69825517c835c41957e00dc0,1
69825516c835c41957dfe848,69825516c835c41957dfef52,2
69825516c835c41957dfe848,69825517c835c41957dffc2f,4
69825516c835c41957dfe848,69825516c835c41957dfbf53,3
69825516c835c41957dfe848,69825517c835c41957e00c0a,1
69825516c835c41957dfe848,69825516c835c41957dfd892,1
69825516c835c41957dfe848,69825516c835c41957dfcd49,3
69825516c835c41957dfe848,69825517c835c41957dff402,1
69825516c835c41957dfe848,69825517c835c41957e00a30,3
69825516c835c41957dfe848,69825516c835c41957dfe849,1
69825516c835c41957dfe848,69825516c835c41957dfef59,2
69825516c835c41957dfe848,69825517c835c41957e0098b,2
69825516c835c41957dfe848,69825516c835c41957dfef62,1
69825516c835c41957dfe848,69825516c835c41957dfd961,1
69825517c835c41957e016b3,69825517c835c41957e016ba,2
69825517c835c41957e016b3,69825517c835c41957e015f2,2
69825516c835c41957dfbaa0,69825516c835c41957dfba9f,1
69825516c835c41957dfe09d,69825516c835c41957dfe188,1
69825516c835c41957dfd576,69825516c835c41957dff2ba,1
69825516c835c41957dfd576,69825517c835c41957e01349,1
69825516c835c41957dfad66,69825516c835c41957dfaddf,1
69825516c835c41957dfad66,69825516c835c41957dfadc8,1
69825516c835c41957dff0dc,69825516c835c41957dff069,1
69825516c835c41957dff0dc,69825516c835c41957dff091,1
69825516c835c41957dff0dc,69825516c835c41957dff080,1
69825516c835c41957dff0dc,69825516c835c41957dff0b2,1
69825516c835c41957dff0dc,69825516c835c41957dff09e,1
69825516c835c41957dff0dc,69825516c835c41957dff072,1
69825516c835c41957dff0dc,69825516c835c41957dff08f,2
69825516c835c41957dff0dc,69825516c835c41957dff0d9,1
69825516c835c41957dff0dc,69825516c835c41957dff0d1,1
69825517c835c41957e011d2,69825516c835c41957dff0a1,1
69825517c835c41957e011d2,69825517c835c41957e010d2,3
69825517c835c41957e011d2,69825517c835c41957e002aa,1
69825516c835c41957dfa3a9,69825516c835c41957dfca71,1
69825516c835c41957dfa3a9,69825516c835c41957dfda3e,1
69825517c835c41957e01229,69825516c835c41957dfcacb,1
69825517c835c41957e01229,69825516c835c41957dfcacc,1
69825516c835c41957dfa81e,69825516c835c41957dfee4b,1
69825516c835c41957dfe47e,69825516c835c41957dfe48b,1
69825516c835c41957dfe47e,69825516c835c41957dfc5f0,1
69825516c835c41957dfe47e,69825516c835c41957dfe485,1
69825517c835c41957dff6fc,69825516c835c41957df9f53,1
69825517c835c41957dff6fc,69825516c835c41957dfe79f,2
69825517c835c41957dff6fc,69825517c835c41957e00f6b,2
69825517c835c41957dff6fc,69825517c835c41957dffe16,1
69825517c835c41957dff6fc,69825516c835c41957dfb783,1
69825517c835c41957dff6fc,69825517c835c41957e00f6c,5
69825517c835c41957dff6fc,69825517c835c41957dffbd6,3
69825516c835c41957dfc1a4,69825516c835c41957dfa0b7,2
69825516c835c41957dfb2c3,69825516c835c41957dfe80b,1
69825517c835c41957e0061b,69825516c835c41957dfba04,4
69825517c835c41957e0061b,69825516c835c41957dfe034,1
69825517c835c41957e0061b,69825516c835c41957dfd0c9,1
69825517c835c41957e0061b,69825516c835c41957dfab42,3
69825516c835c41957dfb78d,69825516c835c41957dfd305,1
69825516c835c41957dfb78d,69825516c835c41957dff2c0,1
69825516c835c41957dfb78d,69825516c835c41957dfb7b7,2
69825516c835c41957dfb78d,69825516c835c41957dfb802,1
69825516c835c41957dfa46d,69825516c835c41957dfb779,1
69825516c835c41957dfd81b,69825517c835c41957e017e4,1
69825516c835c41957dfe7dc,69825517c835c41957e0088e,1
69825516c835c41957dfb6de,69825516c835c41957dfa954,1
69825516c835c41957dfa509,69825516c835c41957dfa8f8,1
69825516c835c41957dfa509,69825517c835c41957e00fb1,1
69825516c835c41957dfd121,69825516c835c41957dfe558,1
69825516c835c41957dfe3d6,69825516c835c41957dfe3da,1
69825516c835c41957dfe3d6,69825516c835c41957dfe420,1
69825516c835c41957dfe3d6,69825516c835c41957dfe3ef,1
69825517c835c41957e0106c,69825516c835c41957dfe6d4,3
69825517c835c41957e0106c,69825516c835c41957dfe429,2
69825516c835c41957dfc352,69825516c835c41957dfc356,1
69825516c835c41957dfc352,69825516c835c41957dfc334,1
69825517c835c41957e00f20,69825516c835c41957dfa076,4
69825517c835c41957e00f20,69825516c835c41957dfa073,4
69825517c835c41957e00f20,69825516c835c41957dfa08c,4
69825516c835c41957dfc1ed,69825516c835c41957dfee19,3
69825517c835c41957e007bf,69825517c835c41957e00348,1
69825517c835c41957e007bf,69825516c835c41957dfbda6,1
69825517c835c41957dffd48,69825516c835c41957dfe63b,1
69825517c835c41957dffd48,69825517c835c41957dffd4c,2
69825517c835c41957dffd48,69825517c835c41957dffd52,2
69825517c835c41957dff465,69825517c835c41957dff910,1
69825517c835c41957dff465,69825516c835c41957dff145,1
69825517c835c41957dff465,69825516c835c41957dfef51,1
69825516c835c41957dfd238,69825516c835c41957dfd21b,2
69825516c835c41957dfd238,69825516c835c41957dfc829,1
69825517c835c41957dffe16,69825516c835c41957dfe79f,4
69825517c835c41957dffe16,69825517c835c41957e00f6b,2
69825517c835c41957dffe16,69825516c835c41957dfe867,2
69825517c835c41957dffe16,69825517c835c41957e00f6c,2
69825517c835c41957dffe16,69825517c835c41957dffbd6,2
69825517c835c41957dffe16,69825517c835c41957e01762,1
69825516c835c41957dfbc08,69825516c835c41957dfbbf6,1
69825516c835c41957dfa3d6,69825516c835c41957dfa4d5,1
69825516c835c41957dfa3d6,69825516c835c41957dfa44e,4
69825516c835c41957dfa3d6,69825516c835c41957dfa4d8,4
69825517c835c41957e004ca,69825517c835c41957dff53b,1
69825516c835c41957dfedab,69825517c835c41957dff964,1
69825516c835c41957dfedab,69825517c835c41957dffc78,3
69825516c835c41957dfedab,69825516c835c41957dfe0e5,2
69825517c835c41957e00bfb,69825517c835c41957e004c9,1
69825517c835c41957e00bfb,69825517c835c41957dffb7c,1
69825517c835c41957e00bfb,69825516c835c41957dfe80b,5
69825517c835c41957e00bfb,69825517c835c41957e00bfa,1
69825517c835c41957e00bfb,69825517c835c41957e013ee,1
69825517c835c41957e00bfb,69825516c835c41957dfdc16,2
69825516c835c41957dfbd08,69825516c835c41957dfbd18,1
69825516c835c41957dfbd08,69825516c835c41957dfbd1c,1
69825517c835c41957dff910,69825516c835c41957dfef51,1
69825517c835c41957dff910,69825516c835c41957dff145,1
69825516c835c41957dfb793,69825517c835c41957dff402,1
69825516c835c41957dfb793,69825517c835c41957e00a30,1
69825516c835c41957dfb793,69825516c835c41957dfbf53,1
69825516c835c41957dfca71,69825516c835c41957dfda3e,1
69825516c835c41957dfca71,69825517c835c41957dff882,1
69825516c835c41957dfe79f,69825517c835c41957e00f6b,2
69825516c835c41957dfe79f,69825516c835c41957dfe867,2
69825516c835c41957dfe79f,69825516c835c41957dfb783,1
69825516c835c41957dfe79f,69825517c835c41957dffbd6,4
69825516c835c41957dfe79f,69825517c835c41957e01762,1
69825516c835c41957dfe79f,69825516c835c41957df9f53,2
69825516c835c41957dfe79f,69825516c835c41957dfb9be,1
69825516c835c41957dfe79f,69825517c835c41957e00f6c,4
69825516c835c41957dfef52,69825516c835c41957dfd2d6,1
69825516c835c41957dfef52,69825517c835c41957e00a30,2
69825516c835c41957dfef52,69825516c835c41957dfef62,1
69825516c835c41957dfef52,69825516c835c41957dfd892,1
69825516c835c41957dfe481,69825517c835c41957e00735,1
69825516c835c41957dfe481,69825516c835c41957dfe5fd,1
69825516c835c41957dfda3e,69825516c835c41957dfa44e,1
69825516c835c41957dfda3e,69825516c835c41957dfda3d,1
69825516c835c41957dfda3e,69825516c835c41957dfa4d8,1
69825516c835c41957dfb966,69825516c835c41957dfc519,1
69825516c835c41957dfdd74,69825517c835c41957e010a7,1
69825516c835c41957dfcc8d,69825516c835c41957dfba1a,1
69825516c835c41957dfe485,69825516c835c41957dfe48b,1
69825516c835c41957dfe485,69825516c835c41957dfc5f0,1
69825517c835c41957e002a8,69825516c835c41957dfa540,1
69825517c835c41957e002a8,69825516c835c41957dfca2b,2
69825516c835c41957dfefed,69825516c835c41957dfd3ed,1
69825516c835c41957dfefed,69825516c835c41957dfabe1,1
69825517c835c41957dffb52,69825517c835c41957dff806,1
69825517c835c41957e00684,69825516c835c41957dfbd65,1
69825517c835c41957e0177a,69825516c835c41957dfe1cf,1
69825516c835c41957dfc569,69825516c835c41957dfc461,2
69825516c835c41957dfc356,69825516c835c41957dfc334,1
69825516c835c41957dfd23f,69825516c835c41957dfcfe2,3
69825516c835c41957dfd23f,69825516c835c41957dfb9ba,2
69825516c835c41957dfbc2c,69825516c835c41957dfbbe4,1
69825516c835c41957dfbc2c,69825516c835c41957dfbc1b,1
69825516c835c41957dfbc2c,69825516c835c41957dfbbb7,1
69825516c835c41957dfa4d6,69825516c835c41957dfa593,1
69825516c835c41957dfa4d6,69825517c835c41957e0088e,1
69825516c835c41957dfe1cf,69825516c835c41957dfe1a9,1
69825516c835c41957dfe718,69825516c835c41957dfd9e2,1
69825516c835c41957dfe718,69825516c835c41957dfd2e2,1
69825517c835c41957dff90f,69825516c835c41957dfd895,2
69825516c835c41957dfb32c,69825516c835c41957dfb3c6,2
69825516c835c41957dfb32c,69825516c835c41957dfb237,1
69825516c835c41957dfe7c0,69825516c835c41957dfb96a,1
69825516c835c41957dfe7c0,69825517c835c41957e00f6c,1
69825516c835c41957dfe7c0,69825517c835c41957dffbd6,1
69825516c835c41957dfb7b7,69825516c835c41957dff2c0,1
69825516c835c41957dfb7b7,69825516c835c41957dfdb9b,1
69825516c835c41957dfb7b7,69825517c835c41957e01349,1
69825516c835c41957dfb7b7,69825517c835c41957e01384,3
69825516c835c41957dfb7b7,69825517c835c41957e01702,1
69825516c835c41957dfb7b7,69825516c835c41957dfd305,1
69825516c835c41957dfcf1c,69825516c835c41957dfcd4f,1
69825516c835c41957dfe6ff,69825516c835c41957dff1ab,1
69825516c835c41957dfd2db,69825516c835c41957dfbd65,2
69825516c835c41957dfd2db,69825517c835c41957dff880,1
69825516c835c41957dfd2db,69825517c835c41957e0088e,1
69825516c835c41957dfd2db,69825517c835c41957e01349,1
69825516c835c41957dfa4af,69825517c835c41957e0100c,1
69825516c835c41957dfca2b,69825517c835c41957e010d4,1
69825516c835c41957dfbb50,69825517c835c41957e00927,1
69825516c835c41957dfbb50,69825516c835c41957dfb6da,1
69825516c835c41957dfe1f5,69825516c835c41957dfe1f9,1
69825516c835c41957dfe1f5,69825516c835c41957dfe497,1
69825516c835c41957dfe1f5,69825516c835c41957dfe207,1
69825517c835c41957e001d1,69825516c835c41957dfd8dc,1
69825516c835c41957dff1e0,69825516c835c41957dfef0b,31
69825517c835c41957e00c9b,69825517c835c41957e01804,1
69825516c835c41957dfd0a5,69825516c835c41957dfe11e,2
69825516c835c41957dfb915,69825517c835c41957dffb1e,1
69825516c835c41957dfe3cc,69825516c835c41957dfe3db,2
69825516c835c41957dfe3cc,69825516c835c41957dfe405,2
69825516c835c41957dfe3cc,69825516c835c41957dfe404,2
69825516c835c41957dfa4d8,69825516c835c41957dfa4d5,1
69825516c835c41957dfa4d8,69825516c835c41957dfa44e,5
69825516c835c41957df9e1d,69825517c835c41957e00524,2
69825516c835c41957df9e1d,69825516c835c41957dfd8dc,2
69825517c835c41957e00b06,69825516c835c41957dfd1a1,3
69825516c835c41957dfe6de,69825516c835c41957dfe7bd,1
69825516c835c41957dfbf53,69825517c835c41957e00dc0,1
69825516c835c41957dfbf53,69825516c835c41957dfcd49,2
69825516c835c41957dfbf53,69825517c835c41957dff402,2
69825516c835c41957dfbf53,69825517c835c41957e00a30,2
69825516c835c41957dfbf53,69825516c835c41957dfef59,1
69825516c835c41957dfbf53,69825517c835c41957e0098b,2
69825516c835c41957dfbf53,69825517c835c41957dffc2f,2
69825516c835c41957dfbf53,69825517c835c41957e00c0a,1
69825517c835c41957e01744,69825516c835c41957dfc8da,1
69825517c835c41957e01744,69825517c835c41957e012a7,2
69825517c835c41957e01744,69825516c835c41957dff096,1
69825516c835c41957dfbd76,69825516c835c41957dfa30d,3
69825517c835c41957e0101a,69825517c835c41957e01011,1
69825517c835c41957e01384,69825516c835c41957dfdb9b,1
69825517c835c41957e01384,69825517c835c41957e01349,1
69825517c835c41957e01384,69825517c835c41957e01702,1
69825516c835c41957dff09e,69825516c835c41957dff069,1
69825516c835c41957dff09e,69825516c835c41957dff091,1
69825516c835c41957dff09e,69825516c835c41957dff080,1
69825516c835c41957dff09e,69825516c835c41957dff0b2,1
69825516c835c41957dff09e,69825516c835c41957dff072,1
69825516c835c41957dff09e,69825516c835c41957dff08f,1
69825516c835c41957dff09e,69825516c835c41957dff0d9,1
69825516c835c41957dff09e,69825516c835c41957dff0d1,1
69825517c835c41957e00bfa,69825516c835c41957dfe80b,1
69825516c835c41957dfacd2,69825516c835c41957dfac3e,2
69825517c835c41957e0152f,69825516c835c41957dfa9ea,1
69825516c835c41957dfa27e,69825516c835c41957dfc1b1,1
69825516c835c41957dfd2f2,69825516c835c41957dfdb06,1
69825516c835c41957dfbbe4,69825516c835c41957dfbc1b,1
69825516c835c41957dfbbe4,69825516c835c41957dfbbb7,1
69825517c835c41957e0067f,69825517c835c41957dff929,1
69825516c835c41957dfd71c,69825517c835c41957e00de9,1
69825517c835c41957e0104e,69825516c835c41957dfb96a,1
69825517c835c41957e005ec,69825517c835c41957e002f2,1
69825517c835c41957e005ec,69825516c835c41957dfe0a1,1
69825516c835c41957dfe3ef,69825516c835c41957dfe3da,1
69825516c835c41957dfe3ef,69825516c835c41957dfe420,1
69825516c835c41957dfa08c,69825516c835c41957dfa076,4
69825516c835c41957dfa08c,69825516c835c41957dfa073,4
69825517c835c41957dffc81,69825517c835c41957e011d3,1
69825516c835c41957dfa375,69825517c835c41957e010a7,1
69825516c835c41957dfb8fb,69825516c835c41957dfe019,1
69825517c835c41957e017c7,69825517c835c41957dff432,1
69825517c835c41957e00f7b,69825517c835c41957dffb20,2
69825517c835c41957dff86a,69825516c835c41957dfe6f7,1
69825517c835c41957dff86a,69825516c835c41957dfdd86,1
69825517c835c41957dff86a,69825516c835c41957dfdd52,1
69825517c835c41957dff86a,69825517c835c41957dff863,1
69825516c835c41957dfd314,69825516c835c41957dfd315,2
69825516c835c41957dfa428,69825516c835c41957dfa42e,3
69825516c835c41957dfa428,69825516c835c41957dfa522,5
69825516c835c41957dfde9a,69825516c835c41957dfde16,2
69825516c835c41957dfa366,69825516c835c41957dfee9e,1
69825517c835c41957e00f9f,69825517c835c41957e00dc0,1
69825517c835c41957e00f9f,69825517c835c41957e00112,1
69825517c835c41957e00f9f,69825517c835c41957e00bd8,1
69825517c835c41957e00bd8,69825517c835c41957e00112,2
69825517c835c41957e00bd8,69825516c835c41957dfeef4,1
69825517c835c41957e00bd8,69825517c835c41957e01830,1
69825516c835c41957dfaacd,69825516c835c41957dfaa6b,1
69825516c835c41957dff04d,69825516c835c41957dfb7ae,1
69825516c835c41957dfd305,69825516c835c41957dff2c0,3
69825517c835c41957dffb20,69825516c835c41957dfb94b,1
69825517c835c41957dffb20,69825517c835c41957dffb7c,7
69825517c835c41957dffb20,69825516c835c41957dfc0d2,1
69825516c835c41957dfabe0,69825516c835c41957dfbdfb,1
69825516c835c41957dfca68,69825516c835c41957dfc54d,1
69825516c835c41957dfca68,69825516c835c41957dfca64,1
69825517c835c41957e0088e,69825516c835c41957dfa593,2
69825517c835c41957e0088e,69825516c835c41957dfe123,3
69825517c835c41957e0088e,69825517c835c41957dffb7c,2
69825517c835c41957e0088e,69825517c835c41957e01349,1
69825517c835c41957e0088e,69825517c835c41957dffb45,1
69825517c835c41957e0088e,69825516c835c41957dfccf1,1
69825517c835c41957e015f2,69825517c835c41957e016ba,2
69825516c835c41957dfba9f,69825517c835c41957dff6be,1
69825517c835c41957e00da9,69825516c835c41957dfa496,1
69825516c835c41957dfa78c,69825516c835c41957dfc575,1
69825516c835c41957dfa78c,69825516c835c41957dfbd7d,3
69825517c835c41957e00c94,69825516c835c41957dfe7b2,2
69825516c835c41957dfbbb7,69825516c835c41957dfbc1b,1
69825516c835c41957dfeef4,69825517c835c41957e00112,1
69825516c835c41957dfeef4,69825517c835c41957e01830,1
69825516c835c41957dfa593,69825516c835c41957dfa409,1
69825516c835c41957dff091,69825516c835c41957dff069,1
69825516c835c41957dff091,69825516c835c41957dff080,1
69825516c835c41957dff091,69825516c835c41957dff0b2,1
69825516c835c41957dff091,69825516c835c41957dff072,1
69825516c835c41957dff091,69825516c835c41957dff08f,1
69825516c835c41957dff091,69825516c835c41957dff0d9,1
69825516c835c41957dff091,69825516c835c41957dff0d1,1
69825516c835c41957dff080,69825516c835c41957dff069,1
69825516c835c41957dff080,69825516c835c41957dff0b2,1
69825516c835c41957dff080,69825516c835c41957dff072,1
69825516c835c41957dff080,69825516c835c41957dff08f,1
69825516c835c41957dff080,69825516c835c41957dff0d9,1
69825516c835c41957dff080,69825516c835c41957dff0d1,1
69825517c835c41957dff7a3,69825517c835c41957e01811,1
69825517c835c41957dff7a3,69825516c835c41957dfa0b1,1
69825517c835c41957dff7a3,69825517c835c41957e01810,1
69825517c835c41957dff7a3,69825516c835c41957dfbd2d,2
69825516c835c41957dfe3db,69825516c835c41957dfe405,2
69825516c835c41957dfe3db,69825516c835c41957dfe404,2
69825517c835c41957e01830,69825517c835c41957e00112,1
69825517c835c41957e012a7,69825516c835c41957dfd269,1
69825517c835c41957e012a7,69825516c835c41957dfc8da,3
69825517c835c41957dffae1,69825516c835c41957dfb972,1
69825516c835c41957dfbd1c,69825516c835c41957dfbd18,1
69825516c835c41957dff01f,69825516c835c41957dfd0bb,1
69825516c835c41957dfbbce,69825516c835c41957dfbbb4,1
69825516c835c41957dfbbce,69825516c835c41957dfbbe5,1
69825516c835c41957dfbbce,69825516c835c41957dfbc1a,1
69825516c835c41957dfbbce,69825516c835c41957dfbc02,1
69825517c835c41957dffb45,69825516c835c41957dfe123,1
69825516c835c41957dfd3f5,69825516c835c41957dfe4c9,2
69825517c835c41957dffc78,69825517c835c41957dff964,1
69825517c835c41957dffc78,69825516c835c41957dfe0e5,1
69825517c835c41957dffeab,69825516c835c41957dfc7ff,1
69825517c835c41957dffeab,69825516c835c41957dfd0bb,1
69825516c835c41957dfdb9b,69825516c835c41957dfe019,1
69825516c835c41957dfdb9b,69825517c835c41957e01349,3
69825516c835c41957dfeeef,69825516c835c41957dfa1f8,1
69825516c835c41957dfb66d,69825517c835c41957e016e7,1
69825516c835c41957dfa27f,69825516c835c41957dfd2d6,1
69825516c835c41957dfa27f,69825516c835c41957dfd2fd,1
69825516c835c41957dfa040,69825516c835c41957dfa261,4
69825517c835c41957dffd52,69825516c835c41957dfe63b,1
69825517c835c41957dffd52,69825517c835c41957dffd4c,2
69825516c835c41957dfe429,69825516c835c41957dfe6d4,2
69825517c835c41957e011c0,69825517c835c41957e011c8,2
69825516c835c41957dff0b2,69825516c835c41957dff069,1
69825516c835c41957dff0b2,69825516c835c41957dff072,1
69825516c835c41957dff0b2,69825516c835c41957dff08f,1
69825516c835c41957dff0b2,69825516c835c41957dff0d9,1
69825516c835c41957dff0b2,69825516c835c41957dff0d1,1
69825516c835c41957dfc5f0,69825516c835c41957dfe48b,1
69825516c835c41957dfb139,69825516c835c41957dfac59,1
69825516c835c41957dfe63a,69825516c835c41957dfe63b,4
69825516c835c41957dfe63a,69825516c835c41957dfca8f,1
69825516c835c41957dfe63a,69825516c835c41957dfc475,1
69825516c835c41957dfc9bf,69825516c835c41957dfca2c,10
69825516c835c41957dff08f,69825516c835c41957dff069,1
69825516c835c41957dff08f,69825516c835c41957dff072,1
69825516c835c41957dff08f,69825516c835c41957dff0d9,1
69825516c835c41957dff08f,69825516c835c41957dff0d1,1
69825516c835c41957dfccf1,69825516c835c41957dfdaa8,1
69825516c835c41957dfccf1,69825516c835c41957dfa538,1
69825516c835c41957dfa8d0,69825517c835c41957e00885,1
69825516c835c41957dfa8d0,69825516c835c41957dfa8ce,1
69825516c835c41957dfbd65,69825517c835c41957dff880,1
69825516c835c41957dfbd65,69825517c835c41957e01349,1
69825516c835c41957dfbd65,69825516c835c41957dfbdbd,1
69825517c835c41957dff964,69825516c835c41957dfe0e5,1
69825517c835c41957e01690,69825517c835c41957e015da,2
69825516c835c41957dfbd7d,69825516c835c41957dfc575,1
69825516c835c41957dfd2fd,69825516c835c41957dfd2d6,1
69825516c835c41957dfd2fd,69825517c835c41957dff930,1
69825516c835c41957dfd2fd,69825516c835c41957dff27c,1
69825516c835c41957dfd2fd,69825517c835c41957e00bf6,1
69825516c835c41957dfdb27,69825516c835c41957dfc506,1
69825517c835c41957e00f72,69825517c835c41957e00f73,2
69825516c835c41957dfacda,69825516c835c41957dfacd8,2
69825516c835c41957dfa409,69825516c835c41957dfe849,1
69825516c835c41957dfe849,69825516c835c41957dff23c,1
69825516c835c41957dfe849,69825516c835c41957dfd961,1
69825516c835c41957dfe404,69825516c835c41957dfe405,2
69825517c835c41957e004c9,69825516c835c41957dfe80b,1
69825517c835c41957e004c9,69825517c835c41957e00232,1
69825516c835c41957dfe3da,69825516c835c41957dfe420,1
69825516c835c41957dfd3ed,69825516c835c41957dfabe1,1
69825516c835c41957dfc97a,69825517c835c41957e019c1,1
69825516c835c41957dfc84a,69825517c835c41957e003a7,2
69825516c835c41957dfc84a,69825516c835c41957dfda9e,1
69825516c835c41957dff0d9,69825516c835c41957dff069,1
69825516c835c41957dff0d9,69825516c835c41957dff072,1
69825516c835c41957dff0d9,69825516c835c41957dff0d1,1
69825516c835c41957dfc0d2,69825517c835c41957dffb7c,1
69825516c835c41957dfb802,69825516c835c41957dfd11d,1
69825516c835c41957dfe1f9,69825516c835c41957dfe497,1
69825516c835c41957dfe1f9,69825516c835c41957dfe207,2
69825516c835c41957dfb237,69825516c835c41957dfb3c6,1
69825516c835c41957dfe5fd,69825517c835c41957e00735,1
69825516c835c41957dfdc84,69825517c835c41957e01349,1
69825516c835c41957dfbbb4,69825516c835c41957dfbbe5,1
69825516c835c41957dfbbb4,69825516c835c41957dfbc1a,1
69825516c835c41957dfbbb4,69825516c835c41957dfbc02,1
69825516c835c41957dfa4d5,69825516c835c41957dfa44e,1
69825516c835c41957dfd019,69825516c835c41957dfcfe7,1
69825516c835c41957dfa8a8,69825516c835c41957dfe50f,1
69825516c835c41957dfd304,69825517c835c41957dffce6,3
69825516c835c41957dfd304,69825516c835c41957dfe034,1
69825516c835c41957dfca8f,69825516c835c41957dfe63b,1
69825516c835c41957dfe42c,69825516c835c41957dfe4fb,8
69825517c835c41957e00a2a,69825516c835c41957dfa356,1
69825517c835c41957e00a2a,69825517c835c41957dffdfa,1
69825517c835c41957e01804,69825517c835c41957e0173f,1
69825517c835c41957e00f6c,69825517c835c41957e00f6b,8
69825517c835c41957e00f6c,69825516c835c41957dfb783,1
69825517c835c41957e00f6c,69825517c835c41957dffbd6,15
69825517c835c41957e00f6c,69825516c835c41957df9f53,1
69825517c835c41957e00f6c,69825516c835c41957dfb96a,1
69825516c835c41957dfdd86,69825516c835c41957dfe6f7,1
69825516c835c41957dfdd86,69825517c835c41957e00f2c,1
69825516c835c41957dfdd86,69825516c835c41957dfdd52,2
69825516c835c41957dfdd86,69825517c835c41957dff863,2
69825516c835c41957dfe497,69825516c835c41957dfe207,1
69825516c835c41957dfbc1a,69825516c835c41957dfbbe5,1
69825516c835c41957dfbc1a,69825516c835c41957dfbc02,1
69825517c835c41957dff930,69825516c835c41957dff27c,2
69825517c835c41957dff930,69825517c835c41957e00bf6,6
69825517c835c41957dff930,69825516c835c41957dfe6a0,1
69825517c835c41957dff930,69825516c835c41957dfa73b,1
69825516c835c41957dfa9be,69825516c835c41957dfd215,2
69825516c835c41957dff0e6,69825516c835c41957dfad9e,1
69825517c835c41957e018ad,69825517c835c41957e018ae,1
69825517c835c41957e00f6b,69825517c835c41957dffbd6,6
69825516c835c41957dfd9e2,69825516c835c41957dfd2e2,1
69825517c835c41957e00bf6,69825516c835c41957dff27c,2
69825517c835c41957e00bf6,69825516c835c41957dfa73b,1
69825516c835c41957dfd269,69825516c835c41957dfe49a,1
69825516c835c41957dfd0bb,69825517c835c41957dffb5f,1
69825516c835c41957dfd0bb,69825516c835c41957dfc7ff,1
69825516c835c41957dfdb06,69825517c835c41957e01762,1
69825517c835c41957dff402,69825517c835c41957e00dc0,1
69825517c835c41957dff402,69825517c835c41957e00a30,1
69825516c835c41957dfe80b,69825517c835c41957e00232,1
69825516c835c41957dfc0ab,69825516c835c41957dff151,1
69825516c835c41957dff072,69825516c835c41957dff069,2
69825516c835c41957dff072,69825516c835c41957dff0d1,1
69825516c835c41957dfbc02,69825516c835c41957dfbbe5,1
69825517c835c41957dffdfa,69825516c835c41957dfa356,1
69825516c835c41957dfad9e,69825517c835c41957e0081f,1
69825517c835c41957e0098b,69825516c835c41957dfcd49,2
69825517c835c41957e0098b,69825517c835c41957e00a30,1
69825517c835c41957e0098b,69825516c835c41957dfef59,1
69825517c835c41957e0098b,69825517c835c41957dffc2f,2
69825517c835c41957e0098b,69825517c835c41957e00c0a,1
69825516c835c41957dfd943,69825516c835c41957dfb287,1
69825517c835c41957dffb7c,69825516c835c41957dfb94b,1
69825517c835c41957dffb7c,69825516c835c41957dfd6eb,1
69825517c835c41957dffb7c,69825516c835c41957dfbdbd,1
69825517c835c41957dffd4d,69825517c835c41957dffd37,2
69825516c835c41957dfce44,69825517c835c41957dff89e,1
69825516c835c41957dfa403,69825516c835c41957dfe1b4,1
69825516c835c41957dfc4a5,69825516c835c41957dfa904,1
69825517c835c41957e00885,69825516c835c41957dfa8ce,2
69825517c835c41957e00079,69825516c835c41957dfc8da,1
69825516c835c41957dfdf92,69825516c835c41957dfde86,1
69825516c835c41957dfe034,69825517c835c41957dffce6,1
69825516c835c41957dfe034,69825516c835c41957dfba04,1
69825516c835c41957dfe034,69825516c835c41957dfd0c9,1
69825516c835c41957dfe034,69825516c835c41957dfab42,1
69825517c835c41957e00f2c,69825516c835c41957dfe6f7,1
69825517c835c41957e00f2c,69825517c835c41957dff863,1
69825517c835c41957e00f2c,69825516c835c41957dfdd52,1
69825516c835c41957dfadcc,69825516c835c41957dfad7e,2
69825516c835c41957dfbb45,69825516c835c41957dfc0cc,1
69825516c835c41957dff145,69825516c835c41957dfef51,1
69825516c835c41957dfe867,69825517c835c41957e01762,1
69825517c835c41957e01098,69825516c835c41957dfa867,1
69825516c835c41957dfa522,69825516c835c41957dfa42e,1
69825517c835c41957e00525,69825517c835c41957e00524,1
69825517c835c41957e00525,69825517c835c41957dff89e,1
69825516c835c41957dfb9ba,69825516c835c41957dfcfe2,2
69825516c835c41957dfd892,69825517c835c41957e00a30,1
69825516c835c41957dfd892,69825516c835c41957dfef62,1
69825516c835c41957dfaddf,69825516c835c41957dfadc8,7
69825516c835c41957dfaddf,69825516c835c41957dfb96a,3
69825516c835c41957dfaddf,69825516c835c41957dfb968,3
69825516c835c41957dfba04,69825516c835c41957dfd0c9,1
69825516c835c41957dfba04,69825516c835c41957dfab42,3
69825517c835c41957e0182f,69825517c835c41957e01840,2
69825517c835c41957e01922,69825517c835c41957e00dc0,1
69825516c835c41957dff151,69825516c835c41957dfd961,1
69825516c835c41957dfe63b,69825516c835c41957dfc475,1
69825516c835c41957dfe63b,69825517c835c41957dffd4c,1
69825517c835c41957e00f6e,69825517c835c41957dff880,1
69825516c835c41957dfcaab,69825516c835c41957dfcaad,2
69825516c835c41957dfcaab,69825516c835c41957dfcaae,2
69825516c835c41957dff069,69825516c835c41957dff0d1,1
69825516c835c41957dfb6b7,69825516c835c41957dfb72b,1
69825516c835c41957dfdaa8,69825516c835c41957dfa538,2
69825516c835c41957dfa904,69825516c835c41957dfa0ad,1
69825516c835c41957dfa904,69825516c835c41957df9e4a,1
69825516c835c41957dfa73b,69825516c835c41957dfa3c2,1
69825516c835c41957dfa73b,69825516c835c41957dff27c,1
69825517c835c41957dffbd6,69825516c835c41957dfb783,1
69825517c835c41957dffbd6,69825516c835c41957df9f53,1
69825517c835c41957dffbd6,69825516c835c41957dfb96a,1
69825517c835c41957e01027,69825516c835c41957dff3af,1
69825516c835c41957dfc519,69825517c835c41957e00648,1
69825516c835c41957dfa48e,69825516c835c41957dfe019,1
69825517c835c41957e002aa,69825517c835c41957e010d2,1
69825517c835c41957e002aa,69825516c835c41957dfc991,1
69825517c835c41957e01810,69825516c835c41957dfcead,1
69825517c835c41957e0094a,69825516c835c41957dff2ba,1
69825517c835c41957e0094a,69825516c835c41957dfeef8,1
69825516c835c41957dfa8f8,69825517c835c41957e00fb1,1
69825516c835c41957dfd1f9,69825516c835c41957dfc445,5
69825517c835c41957e010db,69825516c835c41957dfd8dc,1
69825517c835c41957dff494,69825516c835c41957dfe019,1
69825516c835c41957dfd8dc,69825517c835c41957e00524,2
69825516c835c41957dfef55,69825517c835c41957e00301,3
69825516c835c41957dfef55,69825516c835c41957dfc29c,2
69825517c835c41957e01001,69825517c835c41957e01811,1
69825517c835c41957e00c0a,69825516c835c41957dfcd49,1
69825517c835c41957e00c0a,69825517c835c41957dffc2f,1
69825517c835c41957e00a30,69825517c835c41957dffc2f,1
69825517c835c41957e00a30,69825516c835c41957dfcd49,1
69825517c835c41957e00a30,69825516c835c41957dfef59,1
69825517c835c41957e00a30,69825516c835c41957dfef62,1
69825516c835c41957dfa076,69825516c835c41957dfa073,4
69825516c835c41957dfadc8,69825516c835c41957dfb96a,3
69825516c835c41957dfadc8,69825516c835c41957dfb968,4
69825517c835c41957e003a7,69825516c835c41957dfda9e,2
69825517c835c41957e0051b,69825516c835c41957df9e4a,1
69825516c835c41957dfcacb,69825516c835c41957dfcacc,2
69825516c835c41957dfab42,69825516c835c41957dfd0c9,1
69825516c835c41957dfbaea,69825516c835c41957dfbaeb,2
69825516c835c41957dff2ba,69825516c835c41957dfeef8,1
69825516c835c41957dff2ba,69825517c835c41957e01349,2
69825517c835c41957e011ff,69825517c835c41957e00f28,1
69825517c835c41957e00e90,69825517c835c41957e0100e,5
69825517c835c41957e00e90,69825517c835c41957e0100c,1
69825516c835c41957df9e4a,69825516c835c41957dfa0ad,3
69825516c835c41957dfdd52,69825516c835c41957dfe6f7,1
69825516c835c41957dfdd52,69825517c835c41957dff863,2
69825516c835c41957dfcaad,69825516c835c41957dfcaae,2
69825517c835c41957e01644,69825517c835c41957e01617,2
69825517c835c41957e01644,69825517c835c41957e0168f,2
69825516c835c41957dfc829,69825516c835c41957dfd21b,1
69825516c835c41957dfb783,69825516c835c41957df9f53,1
69825516c835c41957dfbdbd,69825517c835c41957e01762,1
69825517c835c41957dff863,69825516c835c41957dfe6f7,1
69825516c835c41957dfb96a,69825516c835c41957dfb968,7
69825517c835c41957e0168f,69825517c835c41957e01617,2
69825516c835c41957dfef9e,69825516c835c41957dfefb5,5
69825516c835c41957dfef9e,69825516c835c41957dfefb1,6
69825517c835c41957dff880,69825517c835c41957e01349,1
69825517c835c41957e00769,69825516c835c41957dfa501,1
69825516c835c41957dfef59,69825516c835c41957dfcd49,1
69825516c835c41957dfef59,69825517c835c41957dffc2f,2
69825516c835c41957dfefb1,69825516c835c41957dfefb5,6
69825516c835c41957dfa419,69825516c835c41957dfa44c,1
69825517c835c41957e0170d,69825517c835c41957e00e46,1
69825517c835c41957dffc2f,69825516c835c41957dfcd49,3
69825516c835c41957dfc98f,69825516c835c41957dfb174,1
69825516c835c41957dff146,69825517c835c41957dffbfa,1
