Source,Target,Type,Weight,year
"Popovic, Vladislav_2025-11-19T21:24:06",69825516c835c41957dfc6f6,Undirected,1,1975
"Bosković, D._2025-11-19T21:24:06",69825516c835c41957dfc6f6,Undirected,1,1975
"Duval, Noël_2025-11-19T21:24:06",69825516c835c41957dfc6f6,Undirected,1,1975
"Gros, Pierre_2025-11-19T21:24:06",69825516c835c41957dfc6f6,Undirected,1,1975
"Knific, Timotej_2025-11-19T21:15:42",69825516c835c41957dfc5ac,Undirected,1,1976
"Knific Lunder, Dragica_2025-11-19T21:17:57",69825516c835c41957dfc5ac,Undirected,1,1976
"Cigman, Gloria_2025-11-19T21:30:57",69825516c835c41957dfe4a4,Undirected,1,1976
"Rickard, Peter_2025-11-19T21:30:57",69825516c835c41957dfe4a4,Undirected,1,1976
"Deyermond, Alan D._2025-11-19T21:22:21",69825516c835c41957dfe4a4,Undirected,1,1976
"KING, PETER_2025-11-19T21:23:36",69825516c835c41957dfe4a4,Undirected,1,1976
"Blamires, David_2025-11-19T21:30:57",69825516c835c41957dfe4a4,Undirected,1,1976
"Lapidge, Michael_2025-11-19T21:21:26",69825516c835c41957dfe4a4,Undirected,1,1976
"Brewer, Derek_2025-11-19T21:30:57",69825516c835c41957dfe4a4,Undirected,1,1976
"Polak, Emil J._2025-11-19T21:15:46",69825516c835c41957dfe606,Undirected,1,1976
"Bachrach, Bernard S._2025-11-19T21:16:14",69825516c835c41957dfe606,Undirected,1,1976
"Martin, R L_2025-11-19T21:26:18",69825516c835c41957dfd1f8,Undirected,1,1977
"Clout, Hugh_2025-11-19T21:17:34",69825516c835c41957dfd1f8,Undirected,1,1977
"Carlstein, T_2025-11-19T21:26:18",69825516c835c41957dfd1f8,Undirected,1,1977
"Short, J R_2025-11-19T21:26:18",69825516c835c41957dfd1f8,Undirected,1,1977
"Unwin, D J_2025-11-19T21:26:18",69825516c835c41957dfd1f8,Undirected,1,1977
"Plessis-Fraissard, M_2025-11-19T21:26:18",69825516c835c41957dfd1f8,Undirected,1,1977
"Hall, R. A._2025-11-19T21:26:46",69825516c835c41957dfd7ba,Undirected,1,1978
"Farrar, R. A._2025-11-19T21:27:45",69825516c835c41957dfd7ba,Undirected,1,1978
"Klingelhofer, A. G. S._2025-11-19T21:27:45",69825516c835c41957dfd7ba,Undirected,1,1978
"Leigh, D._2025-11-19T21:27:45",69825516c835c41957dfd7ba,Undirected,1,1978
"Pessin, Mark_2025-11-19T21:28:48",69825516c835c41957dfdb65,Undirected,1,1978
"Brown, Elizabeth A. R._2025-11-19T21:39:48",69825516c835c41957dfdb65,Undirected,1,1978
"Clark, William W._2025-11-19T21:28:48",69825516c835c41957dfdb65,Undirected,1,1978
"Gerson, Paula_2025-11-19T21:28:48",69825516c835c41957dfdb65,Undirected,1,1978
"Dirlam, Barbara R._2025-11-19T21:28:48",69825516c835c41957dfdb65,Undirected,1,1978
"Cothren, Michael_2025-11-19T21:28:48",69825516c835c41957dfdb65,Undirected,1,1978
"Papanicolaou, Linda Morey_2025-11-19T21:28:48",69825516c835c41957dfdb65,Undirected,1,1978
"Baker, Alan R.H._2025-11-19T21:24:34",69825516c835c41957dfe467,Undirected,1,1978
"Sawyer, Peter Hayes_2025-11-19T21:18:41",69825516c835c41957dfe467,Undirected,1,1978
"Berkhout, Carl T._2025-11-19T21:31:56",69825517c835c41957e01603,Undirected,1,1979
"Biddle, Martin_2025-11-19T21:24:03",69825517c835c41957e01603,Undirected,1,1979
"BROWN, T. J._2025-11-19T21:50:23",69825517c835c41957e01603,Undirected,1,1979
"CLAYTON, PETER A._2025-11-19T21:50:23",69825517c835c41957e01603,Undirected,1,1979
"Keynes, Simon_2025-11-19T21:16:18",69825517c835c41957e01603,Undirected,1,1979
"DE LA BARRA ARROYO, LUIS_2025-11-19T21:21:53",69825516c835c41957dfbc10,Undirected,1,1980
University of Minnesota_2025-11-19T21:21:50,69825516c835c41957dfbc10,Undirected,1,1980
"Rogers, J_2025-11-19T21:21:36",69825516c835c41957dfba9b,Undirected,1,1981
"Watt, Iain_2025-11-19T21:39:07",69825516c835c41957dfba9b,Undirected,1,1981
"Dieppe, P_2025-11-19T21:21:36",69825516c835c41957dfba9b,Undirected,1,1981
"Fraser, Derek_2025-11-19T21:24:10",69825516c835c41957dfc75e,Undirected,1,1981
"Clark, Peter_2025-11-19T21:17:18",69825516c835c41957dfc75e,Undirected,1,1981
"Macfarlane, Alan_2025-11-19T21:24:10",69825516c835c41957dfc75e,Undirected,1,1981
"Powell, Edward_2025-11-19T21:31:40",69825516c835c41957dfe5fd,Undirected,1,1981
"Given, James Buchanan_2025-11-19T21:31:40",69825516c835c41957dfe5fd,Undirected,1,1981
"Hanawalt, Barbara A._2025-11-19T21:23:35",69825516c835c41957dfe5fd,Undirected,1,1981
"Rosenwein, Barbara H._2025-11-19T21:18:42",69825516c835c41957dfe60a,Undirected,1,1981
"Goff, Jacques Le_2025-11-19T21:31:40",69825516c835c41957dfe60a,Undirected,1,1981
"Goldhammer, Arthur_2025-11-19T21:31:40",69825516c835c41957dfe60a,Undirected,1,1981
"Rosenwein, Barbara H._2025-11-19T21:18:42",69825516c835c41957dfe60b,Undirected,1,1982
"Leyser, K. J._2025-11-19T21:31:41",69825516c835c41957dfe60b,Undirected,1,1982
Charles S. F. Burnett_2025-11-19T21:25:32,69825516c835c41957dfcec2,Undirected,1,1983
"Stoklund, Marie_2025-11-19T21:25:32",69825516c835c41957dfcec2,Undirected,1,1983
"Février, Paul-Albert_2025-11-19T21:19:03",69825516c835c41957dfb344,Undirected,1,1984
"Camps, Gabriel_2025-11-19T21:46:33",69825516c835c41957dfb344,Undirected,1,1984
"Knific, Timotej_2025-11-19T21:15:42",69825516c835c41957dfc575,Undirected,1,1984
"Svoljšak, Drago_2025-11-19T21:23:48",69825516c835c41957dfc575,Undirected,1,1984
"Desanges, Jehan_2025-11-19T21:19:41",69825516c835c41957dfb258,Undirected,1,1985
"Camps, Gabriel_2025-11-19T21:46:33",69825516c835c41957dfb258,Undirected,1,1985
"Lassère, Jean-Marie_2025-11-19T21:19:55",69825516c835c41957dfb35f,Undirected,1,1985
"Gast, M._2025-11-19T21:19:55",69825516c835c41957dfb35f,Undirected,1,1985
"Bourgeot, A._2025-11-19T21:20:02",69825516c835c41957dfb35f,Undirected,1,1985
"Frank, Roberta_2025-11-19T21:26:25",69825516c835c41957dfe49f,Undirected,1,1985
"Clover, Carol J._2025-11-19T21:30:57",69825516c835c41957dfe49f,Undirected,1,1985
"Shaw, Frank_2025-11-19T21:30:58",69825516c835c41957dfe4aa,Undirected,1,1985
"Palmer, Nigel F._2025-11-19T21:30:37",69825516c835c41957dfe4aa,Undirected,1,1985
"Wickham, Chris_2025-11-19T21:21:19",69825516c835c41957dfe1dc,Undirected,1,1986
"Davies, Wendy_2025-11-19T21:14:16",69825516c835c41957dfe1dc,Undirected,1,1986
"Fouracre, Paul_2025-11-19T21:14:16",69825516c835c41957dfe1dc,Undirected,1,1986
"Fouracre, Paul_2025-11-19T21:14:16",69825516c835c41957dfe1e3,Undirected,1,1986
"Davies, Wendy_2025-11-19T21:14:16",69825516c835c41957dfe1e3,Undirected,1,1986
"Hanawalt, Barbara A._2025-11-19T21:23:35",69825516c835c41957dfe46d,Undirected,1,1987
"Platis, Graham_2025-11-19T21:30:52",69825516c835c41957dfe46d,Undirected,1,1987
"Hanawalt, Barbara A._2025-11-19T21:23:35",69825516c835c41957dff04a,Undirected,1,1987
"Stuard, Susan Mosher_2025-11-19T21:24:21",69825516c835c41957dff04a,Undirected,1,1987
"Marchello-Nizia, Christiane_2026-01-14T22:05:03",69825517c835c41957e019a4,Undirected,1,1987
"Lett, Didier_2026-01-14T22:05:04",69825517c835c41957e019a4,Undirected,1,1987
"Beaussart, François-Jérôme_2026-01-14T22:05:05",69825517c835c41957e019a4,Undirected,1,1987
"Gallo, Michele_2025-11-19T21:48:53",69825517c835c41957e019a4,Undirected,1,1987
"McGovern, Thomas H._2025-11-19T21:17:26",69825516c835c41957dfb76b,Undirected,1,1988
"Bigelow, Gerald_2025-11-19T21:20:50",69825516c835c41957dfb76b,Undirected,1,1988
"Amorosi, Thomas_2025-11-19T21:20:50",69825516c835c41957dfb76b,Undirected,1,1988
"Russell, Daniel_2025-11-19T21:20:50",69825516c835c41957dfb76b,Undirected,1,1988
"Ericson, Per G. P._2025-11-19T21:27:39",69825516c835c41957dfd743,Undirected,1,1988
"Iregren, Elisabeth_2025-11-19T21:27:39",69825516c835c41957dfd743,Undirected,1,1988
"Vretemark, Maria_2025-11-19T21:27:39",69825516c835c41957dfd743,Undirected,1,1988
"Trousset, Pol_2025-11-19T21:19:42",69825516c835c41957dfe558,Undirected,1,1988
"Peyras, Jean_2025-11-19T21:46:43",69825516c835c41957dfe558,Undirected,1,1988
"Golvin, Lucien_2025-11-19T21:42:10",69825516c835c41957dfb206,Undirected,1,1989
"Leveau, Philippe_2025-11-19T21:18:17",69825516c835c41957dfb206,Undirected,1,1989
"Samuel, Alan E._2025-11-19T21:31:35",69825516c835c41957dfe5c7,Undirected,1,1989
"Hexter, Ralph J._2025-11-19T21:24:27",69825516c835c41957dfe5c7,Undirected,1,1989
"Campbell, Ewan_2025-11-19T21:15:49",69825516c835c41957dff299,Undirected,1,1989
"Lane, Alan_2025-11-19T21:15:49",69825516c835c41957dff299,Undirected,1,1989
"Cowie, Robert_2025-11-19T21:25:59",69825516c835c41957dff3ca,Undirected,1,1989
"Whytehead, Robert_2025-11-19T21:36:09",69825516c835c41957dff3ca,Undirected,1,1989
"Gast, M._2025-11-19T21:19:55",69825516c835c41957dfb2cf,Undirected,1,1990
"Chaker, Salem_2025-11-19T21:19:03",69825516c835c41957dfb2cf,Undirected,1,1990
"Leveau, Philippe_2025-11-19T21:18:17",69825516c835c41957dfb3c3,Undirected,1,1990
"Morizot, P._2025-11-19T21:19:53",69825516c835c41957dfb3c3,Undirected,1,1990
"Morizot, J._2025-11-19T21:20:06",69825516c835c41957dfb3c3,Undirected,1,1990
"Chamla, M.-C._2025-11-19T21:20:06",69825516c835c41957dfb3c3,Undirected,1,1990
"Demoulin, F._2025-11-19T21:20:06",69825516c835c41957dfb3c3,Undirected,1,1990
"Adjali, S._2025-11-19T21:20:06",69825516c835c41957dfb3c3,Undirected,1,1990
"Chaker, Salem_2025-11-19T21:19:03",69825516c835c41957dfb3c3,Undirected,1,1990
"Suppan, Steven Robert_2025-11-19T21:21:54",69825516c835c41957dfbc1b,Undirected,1,1990
University of Minnesota_2025-11-19T21:21:50,69825516c835c41957dfbc1b,Undirected,1,1990
"Nowakowski, Wojciech_2025-11-19T21:24:05",69825516c835c41957dfc6df,Undirected,1,1990
"Bartkiewicz, Katarzyna_2025-11-19T21:24:05",69825516c835c41957dfc6df,Undirected,1,1990
"Astill, Grenville_2025-11-19T21:17:30",69825516c835c41957dfe473,Undirected,1,1990
"Grant, Annie_2025-11-19T21:30:53",69825516c835c41957dfe473,Undirected,1,1990
"FRANK, Daniel H._2025-11-19T21:21:45",69825516c835c41957dfe497,Undirected,1,1990
"Davidson, Herbert Alan_2025-11-19T21:22:48",69825516c835c41957dfe497,Undirected,1,1990
"Pattison, David_2025-11-19T21:26:36",69825516c835c41957dfe4a6,Undirected,1,1990
"Deyermond, Alan D._2025-11-19T21:22:21",69825516c835c41957dfe4a6,Undirected,1,1990
"Wild, John Peter_2025-11-19T21:30:58",69825516c835c41957dfe4ad,Undirected,1,1990
"Barrett, Catherine Jean_2025-11-19T21:31:17",69825516c835c41957dfe4ad,Undirected,1,1990
"Fitzpatrick, Andrew P._2025-11-19T21:30:42",69825516c835c41957dfe4ad,Undirected,1,1990
"MacInnes, L._2025-11-19T21:30:58",69825516c835c41957dfe4ad,Undirected,1,1990
"Bachrach, Bernard S._2025-11-19T21:16:14",69825516c835c41957dfef25,Undirected,1,1990
"Aris, Rutherford_2025-11-19T21:34:25",69825516c835c41957dfef25,Undirected,1,1990
"Gómez, Maricarmen_2025-11-19T21:50:53",69825517c835c41957e017e4,Undirected,1,1990
"Haggh, Barbara_2025-11-19T21:15:45",69825517c835c41957e017e4,Undirected,1,1990
"Baumann, Dorothea_2025-11-19T21:50:53",69825517c835c41957e017e7,Undirected,1,1990
"Haggh, Barbara_2025-11-19T21:15:45",69825517c835c41957e017e7,Undirected,1,1990
"Trousset, Pol_2025-11-19T21:19:42",69825516c835c41957dfb1dc,Undirected,1,1991
"Paskoff, R._2025-11-19T21:19:44",69825516c835c41957dfb1dc,Undirected,1,1991
"White, Donna Rae_2025-11-19T21:21:55",69825516c835c41957dfbc2c,Undirected,1,1991
University of Minnesota_2025-11-19T21:21:50,69825516c835c41957dfbc2c,Undirected,1,1991
"Józsa, László_2025-11-19T21:21:29",69825516c835c41957dfce44,Undirected,1,1991
"Pap, Ildikó._2025-11-19T21:25:26",69825516c835c41957dfce44,Undirected,1,1991
"Maurin, Louis_2025-11-19T21:46:32",69825517c835c41957e00af0,Undirected,1,1991
"Peyras, Jean_2025-11-19T21:46:43",69825517c835c41957e00af0,Undirected,1,1991
"Horner, Shari Lynn_2025-11-19T21:21:53",69825516c835c41957dfbc09,Undirected,1,1992
University of Minnesota_2025-11-19T21:21:50,69825516c835c41957dfbc09,Undirected,1,1992
"Taayke, Ernst_2025-11-19T21:22:37",69825516c835c41957dfbfd4,Undirected,1,1992
"Knol, Egge_2025-11-19T21:16:20",69825516c835c41957dfbfd4,Undirected,1,1992
"Pálfi, György_2025-11-19T21:17:44",69825516c835c41957dfcd4d,Undirected,1,1992
"Borreani, Marc_2025-11-19T21:25:15",69825516c835c41957dfcd4d,Undirected,1,1992
"Brun, Jean-Pierre_2025-11-19T21:19:41",69825516c835c41957dfcd4d,Undirected,1,1992
"Berato, Jacques_2025-11-19T21:25:15",69825516c835c41957dfcd4d,Undirected,1,1992
"Pálfi, György_2025-11-19T21:17:44",69825516c835c41957dfce4e,Undirected,1,1992
"Marcsik, Antónia_2025-11-19T21:17:44",69825516c835c41957dfce4e,Undirected,1,1992
"Kovács, József_2025-11-19T21:25:27",69825516c835c41957dfce4e,Undirected,1,1992
"Sawyer, Birgit_2025-11-19T21:35:04",69825516c835c41957dff100,Undirected,1,1992
"Sawyer, Peter Hayes_2025-11-19T21:18:41",69825516c835c41957dff100,Undirected,1,1992
"Hanawalt, Barbara A._2025-11-19T21:23:35",69825516c835c41957dff313,Undirected,1,1992
"McRee, Ben R._2025-11-19T21:35:50",69825516c835c41957dff313,Undirected,1,1992
"Rösch, Manfred_2025-11-19T21:20:52",69825517c835c41957e01809,Undirected,1,1992
"Jacomet, Stefanie_2025-11-19T21:39:42",69825517c835c41957e01809,Undirected,1,1992
"Karg, Sabine_2025-11-19T21:50:55",69825517c835c41957e01809,Undirected,1,1992
"Lancel, S._2025-11-19T21:19:49",69825516c835c41957dfb287,Undirected,1,1993
"Picard, G.-Ch_2025-11-19T21:19:52",69825516c835c41957dfb287,Undirected,1,1993
"Duval, Noël_2025-11-19T21:24:06",69825516c835c41957dfb287,Undirected,1,1993
"Scott, Barbara Gail_2025-11-19T21:21:52",69825516c835c41957dfbbe4,Undirected,1,1993
University of Minnesota_2025-11-19T21:21:50,69825516c835c41957dfbbe4,Undirected,1,1993
"Poos, L.R._2025-11-19T21:24:34",69825516c835c41957dfc993,Undirected,1,1993
"Winchester, Angus J.L._2025-11-19T21:24:34",69825516c835c41957dfc993,Undirected,1,1993
"de Vries, Jan_2025-11-19T21:24:34",69825516c835c41957dfc993,Undirected,1,1993
"Andrews, J.H._2025-11-19T21:24:34",69825516c835c41957dfc993,Undirected,1,1993
"Revill, George_2025-11-19T21:24:34",69825516c835c41957dfc993,Undirected,1,1993
"Cosgrove, Denis_2025-11-19T21:24:34",69825516c835c41957dfc993,Undirected,1,1993
"Musgrave, Peter_2025-11-19T21:24:34",69825516c835c41957dfc993,Undirected,1,1993
"Baker, Alan R.H._2025-11-19T21:24:34",69825516c835c41957dfc993,Undirected,1,1993
"Hinde, P.R.Andrew_2025-11-19T21:24:34",69825516c835c41957dfc993,Undirected,1,1993
"Mathewson, Kent_2025-11-19T21:24:34",69825516c835c41957dfc993,Undirected,1,1993
"Galloway, J.H._2025-11-19T21:24:35",69825516c835c41957dfc993,Undirected,1,1993
"Allen, John Logan_2025-11-19T21:24:35",69825516c835c41957dfc993,Undirected,1,1993
"Meinig, D.W._2025-11-19T21:24:35",69825516c835c41957dfc993,Undirected,1,1993
"Sanger, Chesley W._2025-11-19T21:24:35",69825516c835c41957dfc993,Undirected,1,1993
"Skelcher, Bradley_2025-11-19T21:24:35",69825516c835c41957dfc993,Undirected,1,1993
"Ley, David_2025-11-19T21:24:35",69825516c835c41957dfc993,Undirected,1,1993
"Hall, Peter_2025-11-19T21:24:35",69825516c835c41957dfc993,Undirected,1,1993
"Eltis, David_2025-11-19T21:17:20",69825516c835c41957dfc993,Undirected,1,1993
"El-Solii, Camillia Fawzi_2025-11-19T21:24:35",69825516c835c41957dfc993,Undirected,1,1993
"McEwan, Cheryl_2025-11-19T21:24:35",69825516c835c41957dfc993,Undirected,1,1993
"Osborne, Brian S._2025-11-19T21:24:35",69825516c835c41957dfc993,Undirected,1,1993
"Wigen, Kären_2025-11-19T21:24:35",69825516c835c41957dfc993,Undirected,1,1993
"Campbell, Ewan_2025-11-19T21:15:49",69825516c835c41957dfda2d,Undirected,1,1993
"Lane, Alan_2025-11-19T21:15:49",69825516c835c41957dfda2d,Undirected,1,1993
"Evans, J._2025-11-19T21:28:33",69825516c835c41957dfda2d,Undirected,1,1993
"Henderson, Jane_2025-11-19T21:28:33",69825516c835c41957dfda2d,Undirected,1,1993
"Milles, A._2025-11-19T21:28:33",69825516c835c41957dfda2d,Undirected,1,1993
"Noodle, B._2025-11-19T21:28:33",69825516c835c41957dfda2d,Undirected,1,1993
"Rouse, A._2025-11-19T21:28:33",69825516c835c41957dfda2d,Undirected,1,1993
"Dierkens, Alain_2025-11-19T21:19:01",69825516c835c41957dff0e6,Undirected,1,1993
"Misonne, Daniel_2025-11-19T21:35:02",69825516c835c41957dff0e6,Undirected,1,1993
"Sansterre, Jean-Marie_2025-11-19T21:35:02",69825516c835c41957dff0e6,Undirected,1,1993
"Fairweather, Alan D._2025-11-19T21:35:31",69825516c835c41957dff258,Undirected,1,1993
"Ralston, Ian B.M._2025-11-19T21:35:31",69825516c835c41957dff258,Undirected,1,1993
"Bonde, Niels_2025-11-19T21:22:22",69825517c835c41957dff447,Undirected,1,1993
"Christensen, Arne Emil_2025-11-19T21:16:17",69825517c835c41957dff447,Undirected,1,1993
"Iregren, Elisabeth_2025-11-19T21:27:39",69825517c835c41957e013ee,Undirected,1,1993
"Isberg, P.-E._2025-11-19T21:42:43",69825517c835c41957e013ee,Undirected,1,1993
"Besamusca, Bart_2025-11-19T21:18:15",69825516c835c41957dfa92c,Undirected,1,1994
"Brandsma, Frank_2025-11-19T21:16:14",69825516c835c41957dfa92c,Undirected,1,1994
"Meid, Volker_2025-11-19T21:20:44",69825516c835c41957dfb72b,Undirected,1,1994
"Stollmann, Rainer_2025-11-19T21:20:47",69825516c835c41957dfb72b,Undirected,1,1994
"Schafroth, Heinz F._2025-11-19T21:20:47",69825516c835c41957dfb72b,Undirected,1,1994
"Bachmaier, Helmut_2025-11-19T21:20:45",69825516c835c41957dfb72b,Undirected,1,1994
"Schmitz, Matthias_2025-11-19T21:20:46",69825516c835c41957dfb72b,Undirected,1,1994
"Lutz, Bernd_2025-11-19T21:20:47",69825516c835c41957dfb72b,Undirected,1,1994
"Meid, Marianne_2025-11-19T21:20:47",69825516c835c41957dfb72b,Undirected,1,1994
"Emmerich, Wolfgang_2025-11-19T21:20:47",69825516c835c41957dfb72b,Undirected,1,1994
"Schwab, Hans-Rüdiger_2025-11-19T21:20:44",69825516c835c41957dfb72b,Undirected,1,1994
"Heidtmann, Horst_2025-11-19T21:20:47",69825516c835c41957dfb72b,Undirected,1,1994
"Ohde, Horst_2025-11-19T21:20:47",69825516c835c41957dfb72b,Undirected,1,1994
"Kretschmer, Ernst_2025-11-19T21:20:47",69825516c835c41957dfb72b,Undirected,1,1994
"Möhrmann, Renate_2025-11-19T21:20:43",69825516c835c41957dfb72b,Undirected,1,1994
"Dietz, Ludwig_2025-11-19T21:20:47",69825516c835c41957dfb72b,Undirected,1,1994
"Schmähling, Walter_2025-11-19T21:20:47",69825516c835c41957dfb72b,Undirected,1,1994
"Wetzel, Heinz_2025-11-19T21:20:47",69825516c835c41957dfb72b,Undirected,1,1994
"Modick, Klaus_2025-11-19T21:20:43",69825516c835c41957dfb72b,Undirected,1,1994
"Stark, Michael_2025-11-19T21:20:47",69825516c835c41957dfb72b,Undirected,1,1994
"Walther, Elisabeth_2025-11-19T21:20:47",69825516c835c41957dfb72b,Undirected,1,1994
"Müller, Wolfgang_2025-11-19T21:20:47",69825516c835c41957dfb72b,Undirected,1,1994
"Kreidt, Dietrich_2025-11-19T21:20:47",69825516c835c41957dfb72b,Undirected,1,1994
"Blamberger, Günter_2025-11-19T21:20:46",69825516c835c41957dfb72b,Undirected,1,1994
"Wehdeking, Volker_2025-11-19T21:20:47",69825516c835c41957dfb72b,Undirected,1,1994
"Liebl-Kopitzki, Waltraut_2025-11-19T21:20:47",69825516c835c41957dfb72b,Undirected,1,1994
"Stein, Peter G._2025-11-19T21:31:51",69825516c835c41957dfb72b,Undirected,1,1994
"Beutin, Wolfgang_2025-11-19T21:20:47",69825516c835c41957dfb72b,Undirected,1,1994
"Knopf, Jan_2025-11-19T21:20:42",69825516c835c41957dfb72b,Undirected,1,1994
"Habersetzer, Karl-Heinz_2025-11-19T21:20:47",69825516c835c41957dfb72b,Undirected,1,1994
"Vaßen, Florian_2025-11-19T21:20:47",69825516c835c41957dfb72b,Undirected,1,1994
"Vollhardt, Friedrich_2025-11-19T21:20:47",69825516c835c41957dfb72b,Undirected,1,1994
"Bauer, Stefan_2025-11-19T21:20:47",69825516c835c41957dfb72b,Undirected,1,1994
"Williams, Rhys W._2025-11-19T21:20:47",69825516c835c41957dfb72b,Undirected,1,1994
"Hilzinger, Sonja_2025-11-19T21:20:47",69825516c835c41957dfb72b,Undirected,1,1994
"Hauschild, Jan-Christoph_2025-11-19T21:20:47",69825516c835c41957dfb72b,Undirected,1,1994
"Hoben, Josef_2025-11-19T21:20:44",69825516c835c41957dfb72b,Undirected,1,1994
"Stephan, Inge_2025-11-19T21:20:47",69825516c835c41957dfb72b,Undirected,1,1994
"Schweikert, Uwe_2025-11-19T21:20:47",69825516c835c41957dfb72b,Undirected,1,1994
"Zeidler, Lothar_2025-11-19T21:20:47",69825516c835c41957dfb72b,Undirected,1,1994
"Mende, Dirk_2025-11-19T21:20:47",69825516c835c41957dfb72b,Undirected,1,1994
"Hotz, Karl_2025-11-19T21:20:47",69825516c835c41957dfb72b,Undirected,1,1994
"Schönert, Jörg_2025-11-19T21:20:43",69825516c835c41957dfb72b,Undirected,1,1994
"Grimm, Gunter E._2025-11-19T21:20:47",69825516c835c41957dfb72b,Undirected,1,1994
"Viering, Jürgen_2025-11-19T21:20:48",69825516c835c41957dfb72b,Undirected,1,1994
"Wagner, Hans-Ulrich_2025-11-19T21:20:48",69825516c835c41957dfb72b,Undirected,1,1994
"Weißenborn, Birgit_2025-11-19T21:20:48",69825516c835c41957dfb72b,Undirected,1,1994
"Schneider, Ronald_2025-11-19T21:20:48",69825516c835c41957dfb72b,Undirected,1,1994
"Beutin, Heidi_2025-11-19T21:20:48",69825516c835c41957dfb72b,Undirected,1,1994
"Jansen, Hans_2025-11-19T21:20:48",69825516c835c41957dfb72b,Undirected,1,1994
"Müller-Hanpft, Susanne_2025-11-19T21:20:48",69825516c835c41957dfb72b,Undirected,1,1994
"Anz, Thomas_2025-11-19T21:20:48",69825516c835c41957dfb72b,Undirected,1,1994
"Kirchner, Helena_2025-11-19T21:22:16",69825516c835c41957dfbde8,Undirected,1,1994
"Navarro, Carmen_2025-11-19T21:22:16",69825516c835c41957dfbde8,Undirected,1,1994
"Redknap, Mark_2025-11-19T21:23:40",69825516c835c41957dfc4af,Undirected,1,1994
"Lane, Alan_2025-11-19T21:15:49",69825516c835c41957dfc4af,Undirected,1,1994
"Ciglenečki, Slavko_2025-11-19T21:23:47",69825516c835c41957dfc587,Undirected,1,1994
"Javor Briški, Marija_2025-11-19T21:18:30",69825516c835c41957dfc587,Undirected,1,1994
"Incirlioğlu, Emine                       Onaran_2025-11-19T21:17:17",69825516c835c41957dfc601,Undirected,1,1994
"Crecelius, Daniel_2025-11-19T21:17:17",69825516c835c41957dfc601,Undirected,1,1994
"Auld, Sylvia_2025-11-19T21:17:17",69825516c835c41957dfc601,Undirected,1,1994
"Woolley, Linda_2025-11-19T21:17:17",69825516c835c41957dfc601,Undirected,1,1994
"Yapp, M. E._2025-11-19T21:17:17",69825516c835c41957dfc601,Undirected,1,1994
"Goddard, Hugh_2025-11-19T21:17:17",69825516c835c41957dfc601,Undirected,1,1994
"Thomas, David_2025-11-19T21:17:17",69825516c835c41957dfc601,Undirected,1,1994
"Borthwick, Bruce_2025-11-19T21:17:17",69825516c835c41957dfc601,Undirected,1,1994
"Fuccaro, Nelida_2025-11-19T21:17:17",69825516c835c41957dfc601,Undirected,1,1994
"Gerami, Shahin_2025-11-19T21:17:17",69825516c835c41957dfc601,Undirected,1,1994
"Karanasou, Floresca_2025-11-19T21:17:17",69825516c835c41957dfc601,Undirected,1,1994
"Newman, Andrew_2025-11-19T21:23:54",69825516c835c41957dfc601,Undirected,1,1994
"Hopwood, Derek_2025-11-19T21:17:17",69825516c835c41957dfc601,Undirected,1,1994
"Cronin, Stephanie_2025-11-19T21:17:15",69825516c835c41957dfc601,Undirected,1,1994
"Abaza, Mona_2025-11-19T21:17:18",69825516c835c41957dfc601,Undirected,1,1994
"Clark, Peter_2025-11-19T21:17:18",69825516c835c41957dfc601,Undirected,1,1994
"Sidahmed, Abdel Salam_2025-11-19T21:23:54",69825516c835c41957dfc601,Undirected,1,1994
"Kumaraswamy, P. R._2025-11-19T21:17:18",69825516c835c41957dfc601,Undirected,1,1994
"Nielsen, Jens N._2025-11-19T21:26:31",69825516c835c41957dfc601,Undirected,1,1994
"Dawletschin-Linder, Camilla_2025-11-19T21:23:54",69825516c835c41957dfc601,Undirected,1,1994
"Choueiri, Youssef_2025-11-19T21:17:18",69825516c835c41957dfc601,Undirected,1,1994
"Hinchcliffe, Peter_2025-11-19T21:17:18",69825516c835c41957dfc601,Undirected,1,1994
"Stanley, Bruce_2025-11-19T21:17:18",69825516c835c41957dfc601,Undirected,1,1994
"Balfour-Paul, Glen_2025-11-19T21:23:54",69825516c835c41957dfc601,Undirected,1,1994
"Rathmell, Andrew_2025-11-19T21:17:18",69825516c835c41957dfc601,Undirected,1,1994
"Murphy, Emma_2025-11-19T21:23:54",69825516c835c41957dfc601,Undirected,1,1994
"Lalor, Paul_2025-11-19T21:17:18",69825516c835c41957dfc601,Undirected,1,1994
"Stork, Joe_2025-11-19T21:17:18",69825516c835c41957dfc601,Undirected,1,1994
"Davies, Cameron_2025-11-19T21:17:18",69825516c835c41957dfc601,Undirected,1,1994
"Nonneman, Gerd_2025-11-19T21:17:18",69825516c835c41957dfc601,Undirected,1,1994
"Ehteshami, Anoushiravan_2025-11-19T21:17:18",69825516c835c41957dfc601,Undirected,1,1994
"Halliday, Fred_2025-11-19T21:17:18",69825516c835c41957dfc601,Undirected,1,1994
"Mahdi, Kamil_2025-11-19T21:17:18",69825516c835c41957dfc601,Undirected,1,1994
"Ghilès, Francis_2025-11-19T21:17:18",69825516c835c41957dfc601,Undirected,1,1994
"Watson, Janet_2025-11-19T21:23:54",69825516c835c41957dfc601,Undirected,1,1994
"Kilpatrick, Hilary_2025-11-19T21:17:18",69825516c835c41957dfc601,Undirected,1,1994
"Gully, Adrian_2025-11-19T21:17:18",69825516c835c41957dfc601,Undirected,1,1994
"Leaman, Oliver_2025-11-19T21:17:18",69825516c835c41957dfc601,Undirected,1,1994
"Woodward, Peter_2025-11-19T21:17:18",69825516c835c41957dfc601,Undirected,1,1994
"Waines, David_2025-11-19T21:17:18",69825516c835c41957dfc601,Undirected,1,1994
"Mojaddedi, Jawid_2025-11-19T21:23:54",69825516c835c41957dfc601,Undirected,1,1994
"Dutton, Yasin_2025-11-19T21:17:18",69825516c835c41957dfc601,Undirected,1,1994
"Netton, Ian Richard_2025-11-19T21:23:54",69825516c835c41957dfc601,Undirected,1,1994
"Wring, James F._2025-11-19T21:25:16",69825516c835c41957dfcd56,Undirected,1,1994
"Guzman, Gregory G._2025-11-19T21:25:16",69825516c835c41957dfcd56,Undirected,1,1994
"Goldschmidt, Arthur_2025-11-19T21:25:16",69825516c835c41957dfcd56,Undirected,1,1994
"Harris, Brice_2025-11-19T21:25:16",69825516c835c41957dfcd56,Undirected,1,1994
"Collins, Robert O._2025-11-19T21:17:25",69825516c835c41957dfcd56,Undirected,1,1994
"Mullins, William H._2025-11-19T21:25:16",69825516c835c41957dfcd56,Undirected,1,1994
"Glasco, Laurence A._2025-11-19T21:25:16",69825516c835c41957dfcd56,Undirected,1,1994
"Andrew, John A._2025-11-19T21:25:16",69825516c835c41957dfcd56,Undirected,1,1994
"Millard, Andre_2025-11-19T21:25:16",69825516c835c41957dfcd56,Undirected,1,1994
"Fairchild, Jack_2025-11-19T21:25:16",69825516c835c41957dfcd56,Undirected,1,1994
"Salmond, John A._2025-11-19T21:25:16",69825516c835c41957dfcd56,Undirected,1,1994
"Jonas, Manfred_2025-11-19T21:17:22",69825516c835c41957dfcd56,Undirected,1,1994
"Hauptman, Laurence M._2025-11-19T21:25:16",69825516c835c41957dfcd56,Undirected,1,1994
"Scherzer, Kenneth A._2025-11-19T21:25:16",69825516c835c41957dfcd56,Undirected,1,1994
"Leon, David_2025-11-19T21:25:16",69825516c835c41957dfcd56,Undirected,1,1994
"Tillson, Albert H._2025-11-19T21:25:16",69825516c835c41957dfcd56,Undirected,1,1994
"Casdorph, Paul D._2025-11-19T21:25:16",69825516c835c41957dfcd56,Undirected,1,1994
"Klunder, Willard Carl_2025-11-19T21:25:16",69825516c835c41957dfcd56,Undirected,1,1994
"Armstrong, Thom M._2025-11-19T21:25:16",69825516c835c41957dfcd56,Undirected,1,1994
"Hartsfield, Larry_2025-11-19T21:25:16",69825516c835c41957dfcd56,Undirected,1,1994
"Story, Ronald_2025-11-19T21:25:16",69825516c835c41957dfcd56,Undirected,1,1994
"Konek, Carol Wolfe_2025-11-19T21:25:16",69825516c835c41957dfcd56,Undirected,1,1994
"Chesson, Michael B._2025-11-19T21:25:16",69825516c835c41957dfcd56,Undirected,1,1994
"Carlson, Paul H._2025-11-19T21:25:16",69825516c835c41957dfcd56,Undirected,1,1994
"Holloran, Peter C._2025-11-19T21:25:16",69825516c835c41957dfcd56,Undirected,1,1994
"Pfeffer, Paula F._2025-11-19T21:25:16",69825516c835c41957dfcd56,Undirected,1,1994
"Ballard, Michael B._2025-11-19T21:25:16",69825516c835c41957dfcd56,Undirected,1,1994
"Rutland, Robert Allen_2025-11-19T21:25:16",69825516c835c41957dfcd56,Undirected,1,1994
"Larson, John Lauritz_2025-11-19T21:25:16",69825516c835c41957dfcd56,Undirected,1,1994
"Geib, George W._2025-11-19T21:25:16",69825516c835c41957dfcd56,Undirected,1,1994
"Bailey, Jackson H._2025-11-19T21:25:16",69825516c835c41957dfcd56,Undirected,1,1994
"Knee, Stuart_2025-11-19T21:25:16",69825516c835c41957dfcd56,Undirected,1,1994
"Wheeler, Arthur_2025-11-19T21:25:16",69825516c835c41957dfcd56,Undirected,1,1994
"Johnston, Charles M._2025-11-19T21:25:16",69825516c835c41957dfcd56,Undirected,1,1994
"Pugh, Martin_2025-11-19T21:25:16",69825516c835c41957dfcd56,Undirected,1,1994
"Covert, James T._2025-11-19T21:25:16",69825516c835c41957dfcd56,Undirected,1,1994
"Startt, James D._2025-11-19T21:25:16",69825516c835c41957dfcd56,Undirected,1,1994
"Levin, Carule_2025-11-19T21:25:16",69825516c835c41957dfcd56,Undirected,1,1994
"Bornstein, Daniel_2025-11-19T21:25:16",69825516c835c41957dfcd56,Undirected,1,1994
"Sprunger, Keith L._2025-11-19T21:25:16",69825516c835c41957dfcd56,Undirected,1,1994
"Long, John W._2025-11-19T21:25:16",69825516c835c41957dfcd56,Undirected,1,1994
"Fissel, Mark Charles_2025-11-19T21:25:16",69825516c835c41957dfcd56,Undirected,1,1994
"Coogan, John W._2025-11-19T21:25:16",69825516c835c41957dfcd56,Undirected,1,1994
"Adams, Thomas M._2025-11-19T21:25:16",69825516c835c41957dfcd56,Undirected,1,1994
"Gueldry, Michel_2025-11-19T21:25:16",69825516c835c41957dfcd56,Undirected,1,1994
"Weisser, Henry_2025-11-19T21:25:16",69825516c835c41957dfcd56,Undirected,1,1994
"Murray, Bruce K._2025-11-19T21:25:16",69825516c835c41957dfcd56,Undirected,1,1994
"Ewan, Elizabeth_2025-11-19T21:25:16",69825516c835c41957dfcd56,Undirected,1,1994
"Lincoln, W. Bruce_2025-11-19T21:25:16",69825516c835c41957dfcd56,Undirected,1,1994
"Robison, William B._2025-11-19T21:20:38",69825516c835c41957dfcd56,Undirected,1,1994
"Hamerow, H. F._2025-11-19T21:35:34",69825516c835c41957dfda2b,Undirected,1,1994
"Hollevoet, Y._2025-11-19T21:28:33",69825516c835c41957dfda2b,Undirected,1,1994
"VINCE, ALAN_2025-11-19T21:17:27",69825516c835c41957dfda2b,Undirected,1,1994
"Lynch, Joseph H._2025-11-19T21:30:54",69825516c835c41957dfe481,Undirected,1,1994
"Hanawalt, Barbara A._2025-11-19T21:23:35",69825516c835c41957dfe481,Undirected,1,1994
"Brown, Elizabeth A. R._2025-11-19T21:39:48",69825517c835c41957dffe41,Undirected,1,1994
"Regalado, Nancy Freeman_2025-11-19T21:39:48",69825517c835c41957dffe41,Undirected,1,1994
"Hanawalt, Barbara A._2025-11-19T21:23:35",69825517c835c41957e015fb,Undirected,1,1994
"Camerano, Alessandra_2025-11-19T21:50:22",69825517c835c41957e015fb,Undirected,1,1994
"Lindbladh, Matts_2025-11-19T21:20:50",69825516c835c41957dfb767,Undirected,1,1995
"Bradshaw, Richard H.W._2025-11-19T21:24:14",69825516c835c41957dfb767,Undirected,1,1995
"Ekenman, I_2025-11-19T21:21:45",69825516c835c41957dfbb44,Undirected,1,1995
"Eriksson, S A_2025-11-19T21:21:45",69825516c835c41957dfbb44,Undirected,1,1995
"Lindgren, J U_2025-11-19T21:21:45",69825516c835c41957dfbb44,Undirected,1,1995
"Pleterski, Andrej_2025-11-19T21:21:28",69825516c835c41957dfc571,Undirected,1,1995
"Kenda, Albina_2025-11-19T21:23:48",69825516c835c41957dfc571,Undirected,1,1995
"Walker, Sue Sheridan_2025-11-19T21:24:03",69825516c835c41957dfc6bf,Undirected,1,1995
"Hanawalt, Barbara A._2025-11-19T21:23:35",69825516c835c41957dfc6bf,Undirected,1,1995
"Richards, Julian D._2025-11-19T21:17:17",69825516c835c41957dfda37,Undirected,1,1995
"Jecock, Marcus_2025-11-19T21:28:34",69825516c835c41957dfda37,Undirected,1,1995
"Richmond, Lizzie_2025-11-19T21:28:34",69825516c835c41957dfda37,Undirected,1,1995
"Tuck, Catherine_2025-11-19T21:28:34",69825516c835c41957dfda37,Undirected,1,1995
"Wood, Ian N._2025-11-19T21:17:29",69825516c835c41957dfe1dd,Undirected,1,1995
"Davies, Wendy_2025-11-19T21:14:16",69825516c835c41957dfe1dd,Undirected,1,1995
"Fouracre, Paul_2025-11-19T21:14:16",69825516c835c41957dfe1dd,Undirected,1,1995
"DELOGU, Paolo_2025-11-19T21:21:47",69825516c835c41957dfe220,Undirected,1,1995
"McKitterick, Rosamond_2025-11-19T21:15:31",69825516c835c41957dfe220,Undirected,1,1995
"Lagerås, Per_2025-11-19T21:20:52",69825517c835c41957e01807,Undirected,1,1995
"Jansson, Kristina_2025-11-19T21:50:55",69825517c835c41957e01807,Undirected,1,1995
"Vestbö, Aadel_2025-11-19T21:50:55",69825517c835c41957e01807,Undirected,1,1995
"Wyss, Michaël_2025-11-19T21:18:52",69825516c835c41957dfacae,Undirected,1,1996
"Dubois, Claude_2025-11-19T21:18:52",69825516c835c41957dfacae,Undirected,1,1996
"Erlande‑Brandenburg, Alain_2025-11-19T21:18:52",69825516c835c41957dfacae,Undirected,1,1996
"Favreau, Robert_2025-11-19T21:18:52",69825516c835c41957dfacae,Undirected,1,1996
"Gasparri, Françoise_2025-11-19T21:18:52",69825516c835c41957dfacae,Undirected,1,1996
"Périn, Patrick_2025-11-19T21:18:52",69825516c835c41957dfacae,Undirected,1,1996
"Stoclet, Alain_2025-11-19T21:18:52",69825516c835c41957dfacae,Undirected,1,1996
"Mayer, Jannie_2025-11-19T21:18:54",69825516c835c41957dfacd5,Undirected,1,1996
"Wyss, Michaël_2025-11-19T21:18:52",69825516c835c41957dfacd5,Undirected,1,1996
"Camps, Gabriel_2025-11-19T21:46:33",69825516c835c41957dfb1d4,Undirected,1,1996
"Chaker, Salem_2025-11-19T21:19:03",69825516c835c41957dfb1d4,Undirected,1,1996
"Monastiri, T._2025-11-19T21:19:58",69825516c835c41957dfb30e,Undirected,1,1996
"Camps, Gabriel_2025-11-19T21:46:33",69825516c835c41957dfb30e,Undirected,1,1996
"Ghalia, T._2025-11-19T21:19:58",69825516c835c41957dfb30e,Undirected,1,1996
"Sraïeb, N._2025-11-19T21:19:58",69825516c835c41957dfb30e,Undirected,1,1996
"Camps, Gabriel_2025-11-19T21:46:33",69825516c835c41957dfb3c6,Undirected,1,1996
"Peyron, M._2025-11-19T21:20:06",69825516c835c41957dfb3c6,Undirected,1,1996
"Chaker, Salem_2025-11-19T21:19:03",69825516c835c41957dfb3c6,Undirected,1,1996
"Danneberg, Lutz_2025-11-19T21:20:43",69825516c835c41957dfb6b7,Undirected,1,1996
"Schönert, Jörg_2025-11-19T21:20:43",69825516c835c41957dfb6b7,Undirected,1,1996
"Lazda-Cazers, Rasma Ilga_2025-11-19T21:21:53",69825516c835c41957dfbc0e,Undirected,1,1996
University of Minnesota_2025-11-19T21:21:50,69825516c835c41957dfbc0e,Undirected,1,1996
"Pleterski, Andrej_2025-11-19T21:21:28",69825516c835c41957dfc572,Undirected,1,1996
"Javor Briški, Marija_2025-11-19T21:18:30",69825516c835c41957dfc572,Undirected,1,1996
"Millar, Fergus_2025-11-19T21:17:25",69825516c835c41957dfe494,Undirected,1,1996
"Mayerson, Philip_2025-11-19T21:30:56",69825516c835c41957dfe494,Undirected,1,1996
"Jochens, Jenny_2025-11-19T21:24:26",69825517c835c41957e00732,Undirected,1,1996
"Grundy, Stephan_2025-11-19T21:42:52",69825517c835c41957e00732,Undirected,1,1996
"Russell-White, Christopher J_2025-11-19T21:48:54",69825517c835c41957e01106,Undirected,1,1996
"Ford, Barbara A_2025-11-19T21:48:54",69825517c835c41957e01106,Undirected,1,1996
"Graham, Catriona M M_2025-11-19T21:48:54",69825517c835c41957e01106,Undirected,1,1996
"Hall, Derek W_2025-11-19T21:46:57",69825517c835c41957e01106,Undirected,1,1996
"Holmes, Nicholas McQ_2025-11-19T21:48:54",69825517c835c41957e01106,Undirected,1,1996
"Stevenson, Sylvia_2025-11-19T21:48:54",69825517c835c41957e01106,Undirected,1,1996
"חן, יצחק_2025-11-19T21:50:46",69825517c835c41957e0177a,Undirected,1,1996
"Hen, Yitzhak_2025-11-19T21:18:19",69825517c835c41957e0177a,Undirected,1,1996
"Fouracre, Paul_2025-11-19T21:14:16",69825517c835c41957e018a9,Undirected,1,1996
"Gerberding, Richard A._2025-11-19T21:17:22",69825517c835c41957e018a9,Undirected,1,1996
"Gearey, B.R_2025-11-19T21:24:34",69825516c835c41957dfa4e0,Undirected,1,1997
"West, S._2025-11-19T21:17:30",69825516c835c41957dfa4e0,Undirected,1,1997
"Charman, Dan J._2025-11-19T21:25:07",69825516c835c41957dfa4e0,Undirected,1,1997
"Gerrard, C. M._2025-11-19T21:17:30",69825516c835c41957dfa4e0,Undirected,1,1997
"Youngs, S. M._2025-11-19T21:17:30",69825516c835c41957dfa4e0,Undirected,1,1997
"Williams, David_2025-11-19T21:17:30",69825516c835c41957dfa4e0,Undirected,1,1997
"VINCE, ALAN_2025-11-19T21:17:27",69825516c835c41957dfa4e0,Undirected,1,1997
"McNeill, T. E._2025-11-19T21:17:30",69825516c835c41957dfa4e0,Undirected,1,1997
"Pringle, M._2025-11-19T21:17:30",69825516c835c41957dfa4e0,Undirected,1,1997
"Stocker, David_2025-11-19T21:17:20",69825516c835c41957dfa4e0,Undirected,1,1997
"Babb, Linda_2025-11-19T21:17:30",69825516c835c41957dfa4e0,Undirected,1,1997
"Allen, Michael J._2025-11-19T21:17:30",69825516c835c41957dfa4e0,Undirected,1,1997
"Pettitt, P. B._2025-11-19T21:17:30",69825516c835c41957dfa4e0,Undirected,1,1997
"Charman, Dan J._2025-11-19T21:25:07",69825516c835c41957dfb7c5,Undirected,1,1997
"Grattan, J.P._2025-11-19T21:20:55",69825516c835c41957dfb7c5,Undirected,1,1997
"Cherburkin, A.K._2025-11-19T21:20:55",69825516c835c41957dfb7c5,Undirected,1,1997
"Pleterski, Andrej_2025-11-19T21:21:28",69825516c835c41957dfc589,Undirected,1,1997
"Javor Briški, Marija_2025-11-19T21:18:30",69825516c835c41957dfc589,Undirected,1,1997
"Heinemeier, Jan_2025-11-19T21:24:31",69825516c835c41957dfc939,Undirected,1,1997
"Jungner, Högne_2025-11-19T21:24:31",69825516c835c41957dfc939,Undirected,1,1997
"Lindroos, Alf_2025-11-19T21:24:31",69825516c835c41957dfc939,Undirected,1,1997
"Ringbom, Åsa_2025-11-19T21:18:42",69825516c835c41957dfc939,Undirected,1,1997
"von Konow, Thorborg_2025-11-19T21:24:31",69825516c835c41957dfc939,Undirected,1,1997
"Rud, Niels_2025-11-19T21:24:31",69825516c835c41957dfc939,Undirected,1,1997
"Colson, I.B._2025-11-19T21:24:34",69825516c835c41957dfc98c,Undirected,1,1997
"Richards, Martin B._2025-11-19T21:21:20",69825516c835c41957dfc98c,Undirected,1,1997
"Bailey, J.F._2025-11-19T21:24:34",69825516c835c41957dfc98c,Undirected,1,1997
"Sykes, B.C._2025-11-19T21:24:34",69825516c835c41957dfc98c,Undirected,1,1997
"Hedges, R.E.M._2025-11-19T21:24:34",69825516c835c41957dfc98c,Undirected,1,1997
"Trousset, Pol_2025-11-19T21:19:42",69825516c835c41957dfd121,Undirected,1,1997
"Despois, Jean_2025-11-19T21:26:06",69825516c835c41957dfd121,Undirected,1,1997
"Bernus, Edmond_2025-11-19T21:26:06",69825516c835c41957dfd121,Undirected,1,1997
"Gauthier, Yves_2025-11-19T21:26:06",69825516c835c41957dfd121,Undirected,1,1997
"Gauthier, Christine_2025-11-19T21:26:06",69825516c835c41957dfd121,Undirected,1,1997
"Taylor, Barry_2025-11-19T21:30:54",69825516c835c41957dfe47e,Undirected,1,1997
"Whinnom, Keith_2025-11-19T21:30:54",69825516c835c41957dfe47e,Undirected,1,1997
"Deyermond, Alan D._2025-11-19T21:22:21",69825516c835c41957dfe47e,Undirected,1,1997
"Hunter, W. F._2025-11-19T21:30:54",69825516c835c41957dfe47e,Undirected,1,1997
"Snow, Joseph T._2025-11-19T21:25:55",69825516c835c41957dfe47e,Undirected,1,1997
"Nirenberg, David_2025-11-19T21:24:54",69825516c835c41957dfe495,Undirected,1,1997
"Roth, Norman Dennis_2025-11-19T21:21:56",69825516c835c41957dfe495,Undirected,1,1997
"Karras, Ruth Mazo_2025-11-19T21:23:58",69825516c835c41957dfe63a,Undirected,1,1997
"Schleissner, Margaret_2025-11-19T21:23:37",69825516c835c41957dfe63a,Undirected,1,1997
"Jones, Nancy A._2025-11-19T21:20:33",69825516c835c41957dfe63a,Undirected,1,1997
"Stanbury, Sarah_2025-11-19T21:25:38",69825516c835c41957dfe63a,Undirected,1,1997
"Newman, Barbara_2025-11-19T21:14:16",69825516c835c41957dfe63a,Undirected,1,1997
"Karras, Ruth Mazo_2025-11-19T21:23:58",69825516c835c41957dfe63b,Undirected,1,1997
"Schleissner, Margaret_2025-11-19T21:23:37",69825516c835c41957dfe63b,Undirected,1,1997
"Jones, Nancy A._2025-11-19T21:20:33",69825516c835c41957dfe63b,Undirected,1,1997
"Stanbury, Sarah_2025-11-19T21:25:38",69825516c835c41957dfe63b,Undirected,1,1997
"Effros, Bonnie_2025-11-19T21:20:24",69825516c835c41957dfe63b,Undirected,1,1997
"Karras, Ruth Mazo_2025-11-19T21:23:58",69825516c835c41957dfe63c,Undirected,1,1997
"Schleissner, Margaret_2025-11-19T21:23:37",69825516c835c41957dfe63c,Undirected,1,1997
"Jones, Nancy A._2025-11-19T21:20:33",69825516c835c41957dfe63c,Undirected,1,1997
"Stanbury, Sarah_2025-11-19T21:25:38",69825516c835c41957dfe63c,Undirected,1,1997
"Stjerna, Kirsi_2025-11-19T21:31:44",69825516c835c41957dfe63c,Undirected,1,1997
"Allen, J. R. L._2025-11-19T21:36:03",69825516c835c41957dff38f,Undirected,1,1997
"Rippon, S. J._2025-11-19T21:17:35",69825516c835c41957dff38f,Undirected,1,1997
"Coleman, Russel J_2025-11-19T21:48:54",69825517c835c41957e01103,Undirected,1,1997
"Cheer, Peter_2025-11-19T21:48:54",69825517c835c41957e01103,Undirected,1,1997
"Cox, Adrian_2025-11-19T21:48:54",69825517c835c41957e01103,Undirected,1,1997
"Holmes, Nicholas McQ_2025-11-19T21:48:54",69825517c835c41957e01103,Undirected,1,1997
"Smith, Catherine_2025-11-19T21:46:57",69825517c835c41957e01103,Undirected,1,1997
"Fairweather, Alan D._2025-11-19T21:35:31",69825517c835c41957e01103,Undirected,1,1997
"Crone, Anne_2025-11-19T21:17:09",69825516c835c41957dfa2d1,Undirected,1,1998
"Fawcett, Richard_2025-11-19T21:17:09",69825516c835c41957dfa2d1,Undirected,1,1998
"Camps, Gabriel_2025-11-19T21:46:33",69825516c835c41957dfb237,Undirected,1,1998
"Martel, A._2025-11-19T21:19:49",69825516c835c41957dfb237,Undirected,1,1998
"Marvin, William Perry_2025-11-19T21:21:52",69825516c835c41957dfbbf5,Undirected,1,1998
University of Minnesota_2025-11-19T21:21:50,69825516c835c41957dfbbf5,Undirected,1,1998
"Cowie, Robert_2025-11-19T21:25:59",69825516c835c41957dfd0bb,Undirected,1,1998
"Pipe, Alan_2025-11-19T21:16:40",69825516c835c41957dfd0bb,Undirected,1,1998
"Clark, John_2025-11-19T21:25:59",69825516c835c41957dfd0bb,Undirected,1,1998
"Pearce, Jacqueline_2025-11-19T21:17:35",69825516c835c41957dfd0bb,Undirected,1,1998
"Pálfi, György_2025-11-19T21:17:44",69825516c835c41957dfe141,Undirected,1,1998
"Dutour, Olivier_2025-11-19T21:25:15",69825516c835c41957dfe141,Undirected,1,1998
"Brun, Jean-Pierre_2025-11-19T21:19:41",69825516c835c41957dfe141,Undirected,1,1998
"Balty-Guesdon, Marie-Genevieve_2025-11-19T21:30:57",69825516c835c41957dfe49b,Undirected,1,1998
"Roth, Norman Dennis_2025-11-19T21:21:56",69825516c835c41957dfe49b,Undirected,1,1998
"Wood, Ian N._2025-11-19T21:17:29",69825516c835c41957dfe4b4,Undirected,1,1998
"Murray, Alexander Callander_2025-11-19T21:17:20",69825516c835c41957dfe4b4,Undirected,1,1998
"Wickham, Chris_2025-11-19T21:21:19",69825516c835c41957dfe4b5,Undirected,1,1998
"Murray, Alexander Callander_2025-11-19T21:17:20",69825516c835c41957dfe4b5,Undirected,1,1998
"Taavitsainen, Jussi-Pekka_2025-11-19T21:21:14",69825517c835c41957e013f1,Undirected,1,1998
"Simola, Heikki_2025-11-19T21:49:49",69825517c835c41957e013f1,Undirected,1,1998
"Grönlund, Elisabeth_2025-11-19T21:49:49",69825517c835c41957e013f1,Undirected,1,1998
"Lindbladh, Matts_2025-11-19T21:20:50",69825517c835c41957e0173f,Undirected,1,1998
"Bradshaw, Richard H.W._2025-11-19T21:24:14",69825517c835c41957e0173f,Undirected,1,1998
"Barry, Terry_2025-11-19T21:17:17",69825516c835c41957dfa3b3,Undirected,1,1999
"Kelly, Mary C._2025-11-19T21:17:17",69825516c835c41957dfa3b3,Undirected,1,1999
"Bell, Jonathan_2025-11-19T21:17:17",69825516c835c41957dfa3b3,Undirected,1,1999
"McGurk, John_2025-11-19T21:17:17",69825516c835c41957dfa3b3,Undirected,1,1999
"Barnard, Toby_2025-11-19T21:17:17",69825516c835c41957dfa3b3,Undirected,1,1999
"Garnham, Neal_2025-11-19T21:17:17",69825516c835c41957dfa3b3,Undirected,1,1999
"Gibson, Matthew_2025-11-19T21:17:17",69825516c835c41957dfa3b3,Undirected,1,1999
"Gahan, Daniel J._2025-11-19T21:17:17",69825516c835c41957dfa3b3,Undirected,1,1999
"McNally, Paddy_2025-11-19T21:17:17",69825516c835c41957dfa3b3,Undirected,1,1999
"Murray, Russell_2025-11-19T21:17:17",69825516c835c41957dfa3b3,Undirected,1,1999
"Kinealy, Christine_2025-11-19T21:17:17",69825516c835c41957dfa3b3,Undirected,1,1999
"Molloy, Frank_2025-11-19T21:17:17",69825516c835c41957dfa3b3,Undirected,1,1999
"Hart, Peter_2025-11-19T21:17:17",69825516c835c41957dfa3b3,Undirected,1,1999
"Fitzpatrick, David_2025-11-19T21:17:17",69825516c835c41957dfa3b3,Undirected,1,1999
"Storey, David_2025-11-19T21:17:17",69825516c835c41957dfa3b3,Undirected,1,1999
"Purdie, Bob_2025-11-19T21:17:17",69825516c835c41957dfa3b3,Undirected,1,1999
"Shaw, John_2025-11-19T21:17:17",69825516c835c41957dfa3b3,Undirected,1,1999
"Orser, Charles E._2025-11-19T21:17:17",69825516c835c41957dfa3b3,Undirected,1,1999
"Hannan, Robbie_2025-11-19T21:17:17",69825516c835c41957dfa3b3,Undirected,1,1999
"Curtin, Nancy J._2025-11-19T21:17:17",69825516c835c41957dfa3b3,Undirected,1,1999
"Connolly, Claire_2025-11-19T21:17:17",69825516c835c41957dfa3b3,Undirected,1,1999
"Steel, Jayne_2025-11-19T21:17:17",69825516c835c41957dfa3b3,Undirected,1,1999
"Moore‐Gilbert, Bart_2025-11-19T21:17:17",69825516c835c41957dfa3b3,Undirected,1,1999
"O'Loughlin, Thomas_2025-11-19T21:17:17",69825516c835c41957dfa3b3,Undirected,1,1999
"Lanters, Josfi_2025-11-19T21:17:17",69825516c835c41957dfa3b3,Undirected,1,1999
"Ferris, Sarah_2025-11-19T21:17:17",69825516c835c41957dfa3b3,Undirected,1,1999
"Hadfield, Andrew_2025-11-19T21:17:17",69825516c835c41957dfa3b3,Undirected,1,1999
"Hadley, Tessa_2025-11-19T21:17:17",69825516c835c41957dfa3b3,Undirected,1,1999
"Richards, Shaun_2025-11-19T21:17:17",69825516c835c41957dfa3b3,Undirected,1,1999
"Ward, Margaret_2025-11-19T21:17:17",69825516c835c41957dfa3b3,Undirected,1,1999
"Taylor, Tim_2025-11-19T21:17:17",69825516c835c41957dfa3b3,Undirected,1,1999
"Beja, Morris_2025-11-19T21:17:17",69825516c835c41957dfa3b3,Undirected,1,1999
"Maley, Willy_2025-11-19T21:17:17",69825516c835c41957dfa3b3,Undirected,1,1999
"Bryden, Mary_2025-11-19T21:17:17",69825516c835c41957dfa3b3,Undirected,1,1999
"Campbell, Matthew_2025-11-19T21:17:17",69825516c835c41957dfa3b3,Undirected,1,1999
"Smith, Stan_2025-11-19T21:17:17",69825516c835c41957dfa3b3,Undirected,1,1999
"Doan, James E._2025-11-19T21:17:17",69825516c835c41957dfa3b3,Undirected,1,1999
"Regan, Stephen_2025-11-19T21:17:17",69825516c835c41957dfa3b3,Undirected,1,1999
"Harrington, John_2025-11-19T21:17:17",69825516c835c41957dfa3b3,Undirected,1,1999
"Mahony, Christina                       Hunt_2025-11-19T21:17:17",69825516c835c41957dfa3b3,Undirected,1,1999
"Quinn, Justin_2025-11-19T21:17:17",69825516c835c41957dfa3b3,Undirected,1,1999
"Day, Helen_2025-11-19T21:17:17",69825516c835c41957dfa3b3,Undirected,1,1999
"Ballesteros‐González, Antonio_2025-11-19T21:17:17",69825516c835c41957dfa3b3,Undirected,1,1999
"Harper, Catherine_2025-11-19T21:17:17",69825516c835c41957dfa3b3,Undirected,1,1999
"Neve, Brian_2025-11-19T21:17:17",69825516c835c41957dfa3b3,Undirected,1,1999
"Yenişehirlioğu, Filiz_2025-11-19T21:17:18",69825516c835c41957dfa3bd,Undirected,1,1999
"Petry, Carl F._2025-11-19T21:17:18",69825516c835c41957dfa3bd,Undirected,1,1999
"Faroqhi, Suraiya_2025-11-19T21:20:36",69825516c835c41957dfa3bd,Undirected,1,1999
"Imber, Colin_2025-11-19T21:17:18",69825516c835c41957dfa3bd,Undirected,1,1999
"Incirlioğlu, Emine                       Onaran_2025-11-19T21:17:17",69825516c835c41957dfa3bd,Undirected,1,1999
"Watson, Janet C.E._2025-11-19T21:17:18",69825516c835c41957dfa3bd,Undirected,1,1999
"Wilson, Rodney_2025-11-19T21:17:18",69825516c835c41957dfa3bd,Undirected,1,1999
"Halliday, Fred_2025-11-19T21:17:18",69825516c835c41957dfa3bd,Undirected,1,1999
"Fuccaro, Nelida_2025-11-19T21:17:17",69825516c835c41957dfa3bd,Undirected,1,1999
"Buaben, Jabal M._2025-11-19T21:17:18",69825516c835c41957dfa3bd,Undirected,1,1999
"Chatty, Dawn_2025-11-19T21:17:18",69825516c835c41957dfa3bd,Undirected,1,1999
"Leaman, Oliver_2025-11-19T21:17:18",69825516c835c41957dfa3bd,Undirected,1,1999
"Waines, David_2025-11-19T21:17:18",69825516c835c41957dfa3bd,Undirected,1,1999
"Dutton, Yasin_2025-11-19T21:17:18",69825516c835c41957dfa3bd,Undirected,1,1999
"Vikør, Knut S._2025-11-19T21:17:18",69825516c835c41957dfa3bd,Undirected,1,1999
"Kilpatrick, Hilary_2025-11-19T21:17:18",69825516c835c41957dfa3bd,Undirected,1,1999
"Scarce, Jennifer M._2025-11-19T21:17:18",69825516c835c41957dfa3bd,Undirected,1,1999
"Ulmschneider, Katharina_2025-11-19T21:17:23",69825516c835c41957dfa44c,Undirected,1,1999
"Youngs, S. M._2025-11-19T21:17:30",69825516c835c41957dfa44c,Undirected,1,1999
"Ansari, Sarah_2025-11-19T21:17:28",69825516c835c41957dfa4ba,Undirected,1,1999
"Birley, A.R._2025-11-19T21:30:03",69825516c835c41957dfa4ba,Undirected,1,1999
"Treadgold, Warren_2025-11-19T21:17:25",69825516c835c41957dfa4ba,Undirected,1,1999
"Hattendorf, John B._2025-11-19T21:17:23",69825516c835c41957dfa4ba,Undirected,1,1999
"Jackson, Peter_2025-11-19T21:17:28",69825516c835c41957dfa4ba,Undirected,1,1999
"Munro, John H._2025-11-19T21:17:22",69825516c835c41957dfa4ba,Undirected,1,1999
"Cowdrey, H. E. J._2025-11-19T21:17:28",69825516c835c41957dfa4ba,Undirected,1,1999
"Mayhew, Nicholas_2025-11-19T21:17:28",69825516c835c41957dfa4ba,Undirected,1,1999
"Knoll, Paul W._2025-11-19T21:17:28",69825516c835c41957dfa4ba,Undirected,1,1999
"Juricek, John T._2025-11-19T21:17:28",69825516c835c41957dfa4ba,Undirected,1,1999
"van Zanden, Jan Luiten_2025-11-19T21:17:28",69825516c835c41957dfa4ba,Undirected,1,1999
"Baugh, Daniel A._2025-11-19T21:17:20",69825516c835c41957dfa4ba,Undirected,1,1999
"Hudson, Hugh D._2025-11-19T21:17:28",69825516c835c41957dfa4ba,Undirected,1,1999
"Kumar, Ann_2025-11-19T21:17:28",69825516c835c41957dfa4ba,Undirected,1,1999
"Snow, Dean R._2025-11-19T21:17:28",69825516c835c41957dfa4ba,Undirected,1,1999
"Chapman, S. D._2025-11-19T21:17:28",69825516c835c41957dfa4ba,Undirected,1,1999
"Greene, Jack P._2025-11-19T21:17:25",69825516c835c41957dfa4ba,Undirected,1,1999
"Menard, Russell R._2025-11-19T21:17:28",69825516c835c41957dfa4ba,Undirected,1,1999
"Goldfrank, David M._2025-11-19T21:17:28",69825516c835c41957dfa4ba,Undirected,1,1999
"Finkel, Caroline_2025-11-19T21:17:28",69825516c835c41957dfa4ba,Undirected,1,1999
"Black, Jeremy_2025-11-19T21:17:23",69825516c835c41957dfa4ba,Undirected,1,1999
"Williams, Glyndwr_2025-11-19T21:17:20",69825516c835c41957dfa4ba,Undirected,1,1999
"Kathirithamby-Wells, J._2025-11-19T21:17:28",69825516c835c41957dfa4ba,Undirected,1,1999
"Spence, Peter_2025-11-19T21:17:28",69825516c835c41957dfa4ba,Undirected,1,1999
"Clarke, John_2025-11-19T21:17:22",69825516c835c41957dfa4ba,Undirected,1,1999
"Rowe, Michael_2025-11-19T21:17:28",69825516c835c41957dfa4ba,Undirected,1,1999
"Connelly, Owen_2025-11-19T21:17:28",69825516c835c41957dfa4ba,Undirected,1,1999
"Sked, Alan_2025-11-19T21:17:28",69825516c835c41957dfa4ba,Undirected,1,1999
"Fairbairn, Brett_2025-11-19T21:17:28",69825516c835c41957dfa4ba,Undirected,1,1999
"Gerolymatos, Andre_2025-11-19T21:17:28",69825516c835c41957dfa4ba,Undirected,1,1999
"Hammerton, A. James_2025-11-19T21:17:28",69825516c835c41957dfa4ba,Undirected,1,1999
"Burnett, D. Graham_2025-11-19T21:17:28",69825516c835c41957dfa4ba,Undirected,1,1999
"Marsh, Peter T._2025-11-19T21:17:28",69825516c835c41957dfa4ba,Undirected,1,1999
"Duff, John B._2025-11-19T21:17:28",69825516c835c41957dfa4ba,Undirected,1,1999
"O'Day, Alan_2025-11-19T21:17:28",69825516c835c41957dfa4ba,Undirected,1,1999
"Sack, James J._2025-11-19T21:17:28",69825516c835c41957dfa4ba,Undirected,1,1999
"Hamilton, C. I._2025-11-19T21:17:28",69825516c835c41957dfa4ba,Undirected,1,1999
"Kennedy, Dane_2025-11-19T21:17:28",69825516c835c41957dfa4ba,Undirected,1,1999
"Boyd, Carl_2025-11-19T21:17:28",69825516c835c41957dfa4ba,Undirected,1,1999
"Jensen, Geoffrey_2025-11-19T21:17:28",69825516c835c41957dfa4ba,Undirected,1,1999
"Salmon, Patrick_2025-11-19T21:17:28",69825516c835c41957dfa4ba,Undirected,1,1999
"Matsusaka, Yoshihisa Tak_2025-11-19T21:17:28",69825516c835c41957dfa4ba,Undirected,1,1999
"Fair, John D._2025-11-19T21:17:28",69825516c835c41957dfa4ba,Undirected,1,1999
"Goda, Norman J. W._2025-11-19T21:17:20",69825516c835c41957dfa4ba,Undirected,1,1999
"Landy, Marcia_2025-11-19T21:17:28",69825516c835c41957dfa4ba,Undirected,1,1999
"Kent, Peter C._2025-11-19T21:17:20",69825516c835c41957dfa4ba,Undirected,1,1999
"Smith, David_2025-11-19T21:17:28",69825516c835c41957dfa4ba,Undirected,1,1999
"Feingold, Henry L._2025-11-19T21:17:28",69825516c835c41957dfa4ba,Undirected,1,1999
"Barnouw, N. David J._2025-11-19T21:17:28",69825516c835c41957dfa4ba,Undirected,1,1999
"Adamthwaite, Anthony_2025-11-19T21:17:20",69825516c835c41957dfa4ba,Undirected,1,1999
"Perdue, Peter C._2025-11-19T21:17:22",69825516c835c41957dfa51e,Undirected,1,1999
"Burstein, Stanley_2025-11-19T21:17:33",69825516c835c41957dfa51e,Undirected,1,1999
"McCoy, W. J._2025-11-19T21:17:33",69825516c835c41957dfa51e,Undirected,1,1999
"Braund, David_2025-11-19T21:17:33",69825516c835c41957dfa51e,Undirected,1,1999
"Haldon, John_2025-11-19T21:17:33",69825516c835c41957dfa51e,Undirected,1,1999
"Casey, P. J._2025-11-19T21:17:33",69825516c835c41957dfa51e,Undirected,1,1999
"Morillo, Stephen_2025-11-19T21:17:33",69825516c835c41957dfa51e,Undirected,1,1999
"Innes, Matthew_2025-11-19T21:17:33",69825516c835c41957dfa51e,Undirected,1,1999
"Morgan, Kenneth O._2025-11-19T21:22:23",69825516c835c41957dfa51e,Undirected,1,1999
"Scammell, G. V._2025-11-19T21:17:33",69825516c835c41957dfa51e,Undirected,1,1999
"Parker, Geoffrey_2025-11-19T21:17:33",69825516c835c41957dfa51e,Undirected,1,1999
"Lockhart, Paul Douglas_2025-11-19T21:17:25",69825516c835c41957dfa51e,Undirected,1,1999
"MacGaffey, Wyatt_2025-11-19T21:17:33",69825516c835c41957dfa51e,Undirected,1,1999
"Burnard, Trevor_2025-11-19T21:17:33",69825516c835c41957dfa51e,Undirected,1,1999
"Samson, Jane_2025-11-19T21:17:33",69825516c835c41957dfa51e,Undirected,1,1999
"Lynn, John A._2025-11-19T21:17:33",69825516c835c41957dfa51e,Undirected,1,1999
"Levy, Avigdor_2025-11-19T21:17:33",69825516c835c41957dfa51e,Undirected,1,1999
"Smith, F. B._2025-11-19T21:17:33",69825516c835c41957dfa51e,Undirected,1,1999
"Severn, John K._2025-11-19T21:17:33",69825516c835c41957dfa51e,Undirected,1,1999
"McLaren, Martha_2025-11-19T21:17:33",69825516c835c41957dfa51e,Undirected,1,1999
"Israel, Milton_2025-11-19T21:17:33",69825516c835c41957dfa51e,Undirected,1,1999
"Youngs, Tim_2025-11-19T21:17:33",69825516c835c41957dfa51e,Undirected,1,1999
"Beeler, John_2025-11-19T21:17:33",69825516c835c41957dfa51e,Undirected,1,1999
"Kennedy, Paul_2025-11-19T21:17:33",69825516c835c41957dfa51e,Undirected,1,1999
"MacKenzie, David_2025-11-19T21:17:33",69825516c835c41957dfa51e,Undirected,1,1999
"Owen, Roger_2025-11-19T21:17:33",69825516c835c41957dfa51e,Undirected,1,1999
"Malmborg, Mikael af_2025-11-19T21:17:33",69825516c835c41957dfa51e,Undirected,1,1999
"Barany, George_2025-11-19T21:17:33",69825516c835c41957dfa51e,Undirected,1,1999
"Sumida, Jon Tetsuro_2025-11-19T21:17:33",69825516c835c41957dfa51e,Undirected,1,1999
"Nish, Ian_2025-11-19T21:17:29",69825516c835c41957dfa51e,Undirected,1,1999
"Schenk, Catherine R._2025-11-19T21:17:23",69825516c835c41957dfa51e,Undirected,1,1999
"Stueck, William_2025-11-19T21:17:33",69825516c835c41957dfa51e,Undirected,1,1999
"Keiger, J. F. V._2025-11-19T21:17:33",69825516c835c41957dfa51e,Undirected,1,1999
"Kitchen, Martin_2025-11-19T21:17:33",69825516c835c41957dfa51e,Undirected,1,1999
"Fromkin, David_2025-11-19T21:17:33",69825516c835c41957dfa51e,Undirected,1,1999
"Herwig, Holger H._2025-11-19T21:17:20",69825516c835c41957dfa51e,Undirected,1,1999
"Halpern, Paul G._2025-11-19T21:17:33",69825516c835c41957dfa51e,Undirected,1,1999
"Garnett, Sherman W._2025-11-19T21:17:33",69825516c835c41957dfa51e,Undirected,1,1999
"Saul, Norman E._2025-11-19T21:17:33",69825516c835c41957dfa51e,Undirected,1,1999
"Graves, Pamela M._2025-11-19T21:17:33",69825516c835c41957dfa51e,Undirected,1,1999
"Smith, Robert Freeman_2025-11-19T21:17:33",69825516c835c41957dfa51e,Undirected,1,1999
"Marks, Sally_2025-11-19T21:17:33",69825516c835c41957dfa51e,Undirected,1,1999
"Gardner, Lloyd C._2025-11-19T21:17:33",69825516c835c41957dfa51e,Undirected,1,1999
"Millett, Allan R._2025-11-19T21:17:33",69825516c835c41957dfa51e,Undirected,1,1999
"Kofas, Jon V._2025-11-19T21:17:33",69825516c835c41957dfa51e,Undirected,1,1999
"Carver, Michael_2025-11-19T21:17:33",69825516c835c41957dfa51e,Undirected,1,1999
"Eckes, Alfred E._2025-11-19T21:17:22",69825516c835c41957dfa51e,Undirected,1,1999
"Stone, Glyn A._2025-11-19T21:17:33",69825516c835c41957dfa51e,Undirected,1,1999
"Lamb, Margaret_2025-11-19T21:17:20",69825516c835c41957dfa51e,Undirected,1,1999
"Saul, Samir_2025-11-19T21:17:33",69825516c835c41957dfa51e,Undirected,1,1999
"MacHugh, D. E._2025-11-19T21:23:45",69825516c835c41957dfbb85,Undirected,1,1999
"Troy, C S_2025-11-19T21:21:48",69825516c835c41957dfbb85,Undirected,1,1999
"McCormick, Finbar_2025-11-19T21:25:19",69825516c835c41957dfbb85,Undirected,1,1999
"Olsaker, I._2025-11-19T21:23:45",69825516c835c41957dfbb85,Undirected,1,1999
"Eythórsdóttir, E_2025-11-19T21:21:48",69825516c835c41957dfbb85,Undirected,1,1999
"Bradley, Daniel G._2025-11-19T21:16:49",69825516c835c41957dfbb85,Undirected,1,1999
"Słupecki, Leszek Paweł._2025-11-19T21:23:50",69825516c835c41957dfc5a1,Undirected,1,1999
"Zaroff, Roman_2025-11-19T21:23:50",69825516c835c41957dfc5a1,Undirected,1,1999
"Pleterski, Andrej_2025-11-19T21:21:28",69825516c835c41957dfc5a1,Undirected,1,1999
"Zaroff, Roman_2025-11-19T21:23:50",69825516c835c41957dfc5a2,Undirected,1,1999
"Pleterski, Andrej_2025-11-19T21:21:28",69825516c835c41957dfc5a2,Undirected,1,1999
"Słupecki, Leszek Paweł._2025-11-19T21:23:50",69825516c835c41957dfc5a3,Undirected,1,1999
"Pleterski, Andrej_2025-11-19T21:21:28",69825516c835c41957dfc5a3,Undirected,1,1999
"Brännvall, Maja-Lena_2025-11-19T21:24:09",69825516c835c41957dfc736,Undirected,1,1999
"Bindler, Richard_2025-11-19T21:23:56",69825516c835c41957dfc736,Undirected,1,1999
"Renberg, Ingemar_2025-11-19T21:23:56",69825516c835c41957dfc736,Undirected,1,1999
"Emteryd, Ove_2025-11-19T21:24:09",69825516c835c41957dfc736,Undirected,1,1999
"Bartnicki, Jerzy_2025-11-19T21:24:09",69825516c835c41957dfc736,Undirected,1,1999
"Billström, Kjell_2025-11-19T21:24:09",69825516c835c41957dfc736,Undirected,1,1999
"Barrett, James H._2025-11-19T21:24:34",69825516c835c41957dfc98b,Undirected,1,1999
"Nicholson, Rebecca A._2025-11-19T21:24:34",69825516c835c41957dfc98b,Undirected,1,1999
"Cerón-Carrasco, Ruby_2025-11-19T21:24:34",69825516c835c41957dfc98b,Undirected,1,1999
"Gebhardt, Anne_2025-11-19T21:25:08",69825516c835c41957dfccaf,Undirected,1,1999
"Langohr, Roger_2025-11-19T21:25:08",69825516c835c41957dfccaf,Undirected,1,1999
"Peters, Edward_2025-11-19T21:17:26",69825516c835c41957dfd269,Undirected,1,1999
"Rosenwein, Barbara H._2025-11-19T21:18:42",69825516c835c41957dfd269,Undirected,1,1999
"Wogan-Browne, Jocelyn_2025-11-19T21:16:59",69825516c835c41957dfd677,Undirected,1,1999
"Henneau, Marie-Élisabeth_2025-11-19T21:27:28",69825516c835c41957dfd677,Undirected,1,1999
"Manzi, Giorgio_2025-11-19T21:17:55",69825516c835c41957dfda6b,Undirected,1,1999
"Salvadei, Loretana_2025-11-19T21:25:06",69825516c835c41957dfda6b,Undirected,1,1999
"Vienna, Alessandro_2025-11-19T21:25:06",69825516c835c41957dfda6b,Undirected,1,1999
"Passarello, Pietro_2025-11-19T21:25:06",69825516c835c41957dfda6b,Undirected,1,1999
"McCabe, Ina Baghdiantz_2025-11-19T21:28:55",69825516c835c41957dfdbf0,Undirected,1,1999
"Newman, Andrew_2025-11-19T21:23:54",69825516c835c41957dfdbf0,Undirected,1,1999
"Poonawala, Ismail_2025-11-19T21:28:55",69825516c835c41957dfdbf0,Undirected,1,1999
"Kalinock, Sabine_2025-11-19T21:28:55",69825516c835c41957dfdbf0,Undirected,1,1999
"Haar, Johan G. J. ter_2025-11-19T21:28:55",69825516c835c41957dfdbf0,Undirected,1,1999
"Graf, David_2025-11-19T21:28:55",69825516c835c41957dfdbf0,Undirected,1,1999
"Waghmar, Burzine_2025-11-19T21:28:55",69825516c835c41957dfdbf0,Undirected,1,1999
"Shahbazi, A. Sh_2025-11-19T21:28:55",69825516c835c41957dfdbf0,Undirected,1,1999
"Morony, Michael_2025-11-19T21:28:55",69825516c835c41957dfdbf0,Undirected,1,1999
"Masuya, Tomoko_2025-11-19T21:28:55",69825516c835c41957dfdbf0,Undirected,1,1999
"Ettehadieh, Mansoureh_2025-11-19T21:28:55",69825516c835c41957dfdbf0,Undirected,1,1999
"Mahdavi, Shireen_2025-11-19T21:28:55",69825516c835c41957dfdbf0,Undirected,1,1999
"Ringer, Monica_2025-11-19T21:28:55",69825516c835c41957dfdbf0,Undirected,1,1999
"Pancaroğlu, Oya_2025-11-19T21:28:55",69825516c835c41957dfdbf0,Undirected,1,1999
"Jackson, Peter_2025-11-19T21:17:28",69825516c835c41957dfe208,Undirected,1,1999
"Abulafia, David_2025-11-19T21:17:20",69825516c835c41957dfe208,Undirected,1,1999
"Bagge, Sverre_2025-11-19T21:17:28",69825516c835c41957dfe224,Undirected,1,1999
"Abulafia, David_2025-11-19T21:17:20",69825516c835c41957dfe224,Undirected,1,1999
"Barton, Simon_2025-11-19T21:17:31",69825516c835c41957dfe488,Undirected,1,1999
"Deyermond, Alan D._2025-11-19T21:22:21",69825516c835c41957dfe488,Undirected,1,1999
"Funes, Leonardo_2025-11-19T21:30:56",69825516c835c41957dfe488,Undirected,1,1999
"Cortes, Marta Haro_2025-11-19T21:30:56",69825516c835c41957dfe488,Undirected,1,1999
"Firestone, Reuven_2025-11-19T21:30:58",69825516c835c41957dfe4af,Undirected,1,1999
"FRANK, Daniel H._2025-11-19T21:21:45",69825516c835c41957dfe4af,Undirected,1,1999
"Słupecki, Leszek Paweł._2025-11-19T21:23:50",69825516c835c41957dfe76d,Undirected,1,1999
"Pleterski, Andrej_2025-11-19T21:21:28",69825516c835c41957dfe76d,Undirected,1,1999
"Peters, Edward_2025-11-19T21:17:26",69825516c835c41957dff27f,Undirected,1,1999
"Simons, Walter P._2025-11-19T21:35:35",69825516c835c41957dff27f,Undirected,1,1999
"Hanawalt, Barbara A._2025-11-19T21:23:35",69825517c835c41957e00735,Undirected,1,1999
"Dronzek, Anna_2025-11-19T21:21:50",69825517c835c41957e00735,Undirected,1,1999
"Engelhardt, Bernd_2025-11-19T21:50:44",69825517c835c41957e01762,Undirected,1,1999
"Herzig, Franz_2025-11-19T21:22:22",69825517c835c41957e01762,Undirected,1,1999
"KOBYLINSKI, Zbigniew_2025-11-19T21:21:46",69825517c835c41957e01762,Undirected,1,1999
"Krasnodębski, Dariusz_2025-11-19T21:22:12",69825517c835c41957e01762,Undirected,1,1999
"Kupryjanowicz, Mirosława_2025-11-19T21:20:52",69825517c835c41957e01762,Undirected,1,1999
"Michniewicz, Maria_2025-11-19T21:50:44",69825517c835c41957e01762,Undirected,1,1999
"James, Tom Beaumont_2025-11-19T21:17:09",69825516c835c41957dfa2d2,Undirected,1,2000
"Roberts, Edward_2025-11-19T21:17:09",69825516c835c41957dfa2d2,Undirected,1,2000
"Bachrach, Bernard S._2025-11-19T21:16:14",69825516c835c41957dfa3f8,Undirected,1,2000
"Golden, Peter B._2025-11-19T21:17:20",69825516c835c41957dfa3f8,Undirected,1,2000
"Spellberg, D. A._2025-11-19T21:17:20",69825516c835c41957dfa3f8,Undirected,1,2000
"Deng, Gang_2025-11-19T21:17:20",69825516c835c41957dfa3f8,Undirected,1,2000
"Abulafia, David_2025-11-19T21:17:20",69825516c835c41957dfa3f8,Undirected,1,2000
"Modelski, George_2025-11-19T21:17:20",69825516c835c41957dfa3f8,Undirected,1,2000
"Galloway, J.H._2025-11-19T21:24:35",69825516c835c41957dfa3f8,Undirected,1,2000
"Horton, Mark_2025-11-19T21:17:20",69825516c835c41957dfa3f8,Undirected,1,2000
"Schroeder, Paul W._2025-11-19T21:17:20",69825516c835c41957dfa3f8,Undirected,1,2000
"Pierson, Peter_2025-11-19T21:17:20",69825516c835c41957dfa3f8,Undirected,1,2000
"Kutcher, Norman_2025-11-19T21:17:20",69825516c835c41957dfa3f8,Undirected,1,2000
"Schweizer, K. W._2025-11-19T21:17:20",69825516c835c41957dfa3f8,Undirected,1,2000
"Wilton, Andrew_2025-11-19T21:17:20",69825516c835c41957dfa3f8,Undirected,1,2000
"Anderson, Matthew S._2025-11-19T21:17:34",69825516c835c41957dfa3f8,Undirected,1,2000
"Baugh, Daniel A._2025-11-19T21:17:20",69825516c835c41957dfa3f8,Undirected,1,2000
"Crimmin, P. K._2025-11-19T21:17:20",69825516c835c41957dfa3f8,Undirected,1,2000
"Anna, Timothy E._2025-11-19T21:17:20",69825516c835c41957dfa3f8,Undirected,1,2000
"Eltis, David_2025-11-19T21:17:20",69825516c835c41957dfa3f8,Undirected,1,2000
"Lambi, Ivo N._2025-11-19T21:17:20",69825516c835c41957dfa3f8,Undirected,1,2000
"Sondhaus, Lawrence_2025-11-19T21:17:20",69825516c835c41957dfa3f8,Undirected,1,2000
"Williams, Glyndwr_2025-11-19T21:17:20",69825516c835c41957dfa3f8,Undirected,1,2000
"Kent, Peter C._2025-11-19T21:17:20",69825516c835c41957dfa3f8,Undirected,1,2000
"Cell, John W._2025-11-19T21:17:20",69825516c835c41957dfa3f8,Undirected,1,2000
"Headrick, Daniel R._2025-11-19T21:17:20",69825516c835c41957dfa3f8,Undirected,1,2000
"Ramusack, Barbara N._2025-11-19T21:17:20",69825516c835c41957dfa3f8,Undirected,1,2000
"Loeb, Lori_2025-11-19T21:17:20",69825516c835c41957dfa3f8,Undirected,1,2000
"Chamberlain, Muriel E._2025-11-19T21:17:20",69825516c835c41957dfa3f8,Undirected,1,2000
"Martel, Gordon_2025-11-19T21:17:20",69825516c835c41957dfa3f8,Undirected,1,2000
"Voisey, Paul_2025-11-19T21:17:20",69825516c835c41957dfa3f8,Undirected,1,2000
"Maddox, Robert James_2025-11-19T21:17:20",69825516c835c41957dfa3f8,Undirected,1,2000
"Watson, Janet S. K._2025-11-19T21:17:20",69825516c835c41957dfa3f8,Undirected,1,2000
"Herwig, Holger H._2025-11-19T21:17:20",69825516c835c41957dfa3f8,Undirected,1,2000
"Wilson, Keith_2025-11-19T21:17:20",69825516c835c41957dfa3f8,Undirected,1,2000
"Stansky, Peter_2025-11-19T21:17:20",69825516c835c41957dfa3f8,Undirected,1,2000
"Smith, Woodruff D._2025-11-19T21:17:20",69825516c835c41957dfa3f8,Undirected,1,2000
"Stehlin, Stewart A._2025-11-19T21:17:20",69825516c835c41957dfa3f8,Undirected,1,2000
"Westrate, Bruce_2025-11-19T21:17:20",69825516c835c41957dfa3f8,Undirected,1,2000
"McFadden, David W._2025-11-19T21:17:20",69825516c835c41957dfa3f8,Undirected,1,2000
"Mouré, Kenneth_2025-11-19T21:17:20",69825516c835c41957dfa3f8,Undirected,1,2000
"Scates, Bruce_2025-11-19T21:17:20",69825516c835c41957dfa3f8,Undirected,1,2000
"Addington, Larry H._2025-11-19T21:17:20",69825516c835c41957dfa3f8,Undirected,1,2000
"Vance, Michael E._2025-11-19T21:17:20",69825516c835c41957dfa3f8,Undirected,1,2000
"Shorrock, William I._2025-11-19T21:17:20",69825516c835c41957dfa3f8,Undirected,1,2000
"Davidann, Jon_2025-11-19T21:17:20",69825516c835c41957dfa3f8,Undirected,1,2000
"Wynot, Edward D._2025-11-19T21:17:20",69825516c835c41957dfa3f8,Undirected,1,2000
"De Grand, Alexander_2025-11-19T21:17:20",69825516c835c41957dfa3f8,Undirected,1,2000
"Goda, Norman J. W._2025-11-19T21:17:20",69825516c835c41957dfa3f8,Undirected,1,2000
"Loureiro, Pedro_2025-11-19T21:17:20",69825516c835c41957dfa3f8,Undirected,1,2000
"Fahrmeir, Andreas_2025-11-19T21:17:20",69825516c835c41957dfa3f8,Undirected,1,2000
"Young, John W._2025-11-19T21:17:20",69825516c835c41957dfa3f8,Undirected,1,2000
"Burnard, Trevor_2025-11-19T21:17:33",69825516c835c41957dfa533,Undirected,1,2000
"Pryce, Huw_2025-11-19T21:17:34",69825516c835c41957dfa533,Undirected,1,2000
"Gervers, Michael_2025-11-19T21:16:56",69825516c835c41957dfa533,Undirected,1,2000
"Muhlberger, Steven_2025-11-19T21:17:34",69825516c835c41957dfa533,Undirected,1,2000
"Bachrach, Bernard S._2025-11-19T21:16:14",69825516c835c41957dfa533,Undirected,1,2000
"Contreni, John J._2025-11-19T21:17:23",69825516c835c41957dfa533,Undirected,1,2000
"Botticini, Maristella_2025-11-19T21:17:34",69825516c835c41957dfa533,Undirected,1,2000
"Thomson, J. A. F._2025-11-19T21:17:34",69825516c835c41957dfa533,Undirected,1,2000
"Tracy, James_2025-11-19T21:17:34",69825516c835c41957dfa533,Undirected,1,2000
"Alsop, J. D._2025-11-19T21:17:34",69825516c835c41957dfa533,Undirected,1,2000
"Alpers, Edward A._2025-11-19T21:17:34",69825516c835c41957dfa533,Undirected,1,2000
"Bleser, Nicholas J._2025-11-19T21:17:34",69825516c835c41957dfa533,Undirected,1,2000
"Boyer, Richard E._2025-11-19T21:17:29",69825516c835c41957dfa533,Undirected,1,2000
"Lynn, John A._2025-11-19T21:17:33",69825516c835c41957dfa533,Undirected,1,2000
"Hall, Anthony J._2025-11-19T21:17:34",69825516c835c41957dfa533,Undirected,1,2000
"Kaplan, Lawrence S._2025-11-19T21:17:34",69825516c835c41957dfa533,Undirected,1,2000
"Blair, Hilary K._2025-11-19T21:17:34",69825516c835c41957dfa533,Undirected,1,2000
"Cormack, William S._2025-11-19T21:17:22",69825516c835c41957dfa533,Undirected,1,2000
"Finn, Margot C._2025-11-19T21:17:34",69825516c835c41957dfa533,Undirected,1,2000
"Coppa, Frank J._2025-11-19T21:17:33",69825516c835c41957dfa533,Undirected,1,2000
"McCord, Norman_2025-11-19T21:17:34",69825516c835c41957dfa533,Undirected,1,2000
"Murray, Scott W._2025-11-19T21:17:34",69825516c835c41957dfa533,Undirected,1,2000
"Crampton, Richard_2025-11-19T21:17:22",69825516c835c41957dfa533,Undirected,1,2000
"Langley, Lester D._2025-11-19T21:17:22",69825516c835c41957dfa533,Undirected,1,2000
"Rydell, Robert W._2025-11-19T21:17:34",69825516c835c41957dfa533,Undirected,1,2000
"Rinke, Stefan_2025-11-19T21:17:34",69825516c835c41957dfa533,Undirected,1,2000
"Marples, David R._2025-11-19T21:17:34",69825516c835c41957dfa533,Undirected,1,2000
"Lambert, Andrew_2025-11-19T21:17:34",69825516c835c41957dfa533,Undirected,1,2000
"Scully, Eileen P._2025-11-19T21:17:34",69825516c835c41957dfa533,Undirected,1,2000
"Savours, Ann_2025-11-19T21:17:34",69825516c835c41957dfa533,Undirected,1,2000
"Keene, Donald_2025-11-19T21:17:34",69825516c835c41957dfa533,Undirected,1,2000
"Banac, Ivo_2025-11-19T21:17:34",69825516c835c41957dfa533,Undirected,1,2000
"Howe, Anthony_2025-11-19T21:17:34",69825516c835c41957dfa533,Undirected,1,2000
"Clout, Hugh_2025-11-19T21:17:34",69825516c835c41957dfa533,Undirected,1,2000
"Dutton, D. J._2025-11-19T21:17:34",69825516c835c41957dfa533,Undirected,1,2000
"Foglesong, David S._2025-11-19T21:17:29",69825516c835c41957dfa533,Undirected,1,2000
"Dickinson, Fred_2025-11-19T21:17:34",69825516c835c41957dfa533,Undirected,1,2000
"Dirlik, Arif_2025-11-19T21:17:34",69825516c835c41957dfa533,Undirected,1,2000
"Carlton, David_2025-11-19T21:17:34",69825516c835c41957dfa533,Undirected,1,2000
"McKercher, B. J. C._2025-11-19T21:17:34",69825516c835c41957dfa533,Undirected,1,2000
"Gelvin, James L._2025-11-19T21:17:34",69825516c835c41957dfa533,Undirected,1,2000
"Moore, Robin J._2025-11-19T21:17:34",69825516c835c41957dfa533,Undirected,1,2000
"Ovendale, Ritchie_2025-11-19T21:17:22",69825516c835c41957dfa533,Undirected,1,2000
"Smyth, Denis_2025-11-19T21:17:34",69825516c835c41957dfa533,Undirected,1,2000
"Kent, Peter C._2025-11-19T21:17:20",69825516c835c41957dfa533,Undirected,1,2000
"Burns, Malve S._2025-11-19T21:17:34",69825516c835c41957dfa533,Undirected,1,2000
"Szabo, Stephen F._2025-11-19T21:17:34",69825516c835c41957dfa533,Undirected,1,2000
"Bonnifay, M._2025-11-19T21:28:19",69825516c835c41957dfb1cd,Undirected,1,2000
"Trousset, Pol_2025-11-19T21:19:42",69825516c835c41957dfb1cd,Undirected,1,2000
"Smrčka, Václav_2025-11-19T21:21:01",69825516c835c41957dfbb08,Undirected,1,2000
"Jambor, J_2025-11-19T21:21:42",69825516c835c41957dfbb08,Undirected,1,2000
"Petrie, Mary Barbara_2025-11-19T21:21:52",69825516c835c41957dfbbea,Undirected,1,2000
University of Minnesota_2025-11-19T21:21:50,69825516c835c41957dfbbea,Undirected,1,2000
"Nord, Anders G._2025-11-19T21:17:30",69825516c835c41957dfc0cb,Undirected,1,2000
"Tronner, Kate_2025-11-19T21:17:30",69825516c835c41957dfc0cb,Undirected,1,2000
"Grundberg, Leif_2025-11-19T21:22:14",69825516c835c41957dfc328,Undirected,1,2000
"Götherström, Anders_2025-11-19T21:17:53",69825516c835c41957dfc328,Undirected,1,2000
"Hårding, Barbro_2025-11-19T21:22:14",69825516c835c41957dfc328,Undirected,1,2000
"Andrieu-Ponel, Val_2025-11-19T21:23:37",69825516c835c41957dfc478,Undirected,1,2000
"Ponel, Philippe_2025-11-19T21:23:37",69825516c835c41957dfc478,Undirected,1,2000
"de Beaulieu, Jacques-Louis_2025-11-19T21:23:37",69825516c835c41957dfc478,Undirected,1,2000
"Bruneton, H_2025-11-19T21:23:37",69825516c835c41957dfc478,Undirected,1,2000
"Leveau, Philippe_2025-11-19T21:18:17",69825516c835c41957dfc478,Undirected,1,2000
"Macháček, Jiří_2025-11-19T21:15:48",69825516c835c41957dfc5cf,Undirected,1,2000
"Pleterski, Andrej_2025-11-19T21:21:28",69825516c835c41957dfc5cf,Undirected,1,2000
"Cantor, Norman F._2025-11-19T21:24:03",69825516c835c41957dfc6c4,Undirected,1,2000
Michael Clanchy_2025-11-19T21:32:25,69825516c835c41957dfc6c4,Undirected,1,2000
"Gearey, B.R_2025-11-19T21:24:34",69825516c835c41957dfc98a,Undirected,1,2000
"Charman, Dan J._2025-11-19T21:25:07",69825516c835c41957dfc98a,Undirected,1,2000
"Kent, M._2025-11-19T21:26:01",69825516c835c41957dfc98a,Undirected,1,2000
"Gillingham, John_2025-11-19T21:17:25",69825516c835c41957dfcfc2,Undirected,1,2000
"Griffiths, Ralph A._2025-11-19T21:24:49",69825516c835c41957dfcfc2,Undirected,1,2000
"Ashmore, P._2025-11-19T21:26:01",69825516c835c41957dfd0cf,Undirected,1,2000
"Brayshay, B. A._2025-11-19T21:26:01",69825516c835c41957dfd0cf,Undirected,1,2000
"Edwards, Kevin J._2025-11-19T21:20:52",69825516c835c41957dfd0cf,Undirected,1,2000
"Grattan, J.P._2025-11-19T21:20:55",69825516c835c41957dfd0cf,Undirected,1,2000
"Kent, M._2025-11-19T21:26:01",69825516c835c41957dfd0cf,Undirected,1,2000
"Pratt, K. E._2025-11-19T21:26:01",69825516c835c41957dfd0cf,Undirected,1,2000
"Weaver, R. E._2025-11-19T21:26:01",69825516c835c41957dfd0cf,Undirected,1,2000
"Mottahedeh, Negar_2025-11-19T21:28:55",69825516c835c41957dfdbf1,Undirected,1,2000
"Haar, Johan G. J. ter_2025-11-19T21:28:55",69825516c835c41957dfdbf1,Undirected,1,2000
"Ziai, Hossein_2025-11-19T21:28:55",69825516c835c41957dfdbf1,Undirected,1,2000
"Poonawala, Ismail_2025-11-19T21:28:55",69825516c835c41957dfdbf1,Undirected,1,2000
"Walker, Paul_2025-11-19T21:28:55",69825516c835c41957dfdbf1,Undirected,1,2000
"Gilsenan, Michael_2025-11-19T21:28:55",69825516c835c41957dfdbf1,Undirected,1,2000
"Bubriski, Kevin_2025-11-19T21:28:55",69825516c835c41957dfdbf1,Undirected,1,2000
"Davidson, Olga_2025-11-19T21:28:55",69825516c835c41957dfdbf1,Undirected,1,2000
"Karimi-Hakkak, Ahmad_2025-11-19T21:28:55",69825516c835c41957dfdbf1,Undirected,1,2000
"Rahimieh, Nasrin_2025-11-19T21:28:55",69825516c835c41957dfdbf1,Undirected,1,2000
"Avery, Peter_2025-11-19T21:28:55",69825516c835c41957dfdbf1,Undirected,1,2000
"Blair, Sheila_2025-11-19T21:25:35",69825516c835c41957dfdbf1,Undirected,1,2000
"Sims, Eleanor_2025-11-19T21:28:55",69825516c835c41957dfdbf1,Undirected,1,2000
"Beeman, William_2025-11-19T21:28:55",69825516c835c41957dfdbf1,Undirected,1,2000
"Melville, Charles_2025-11-19T21:28:55",69825516c835c41957dfdbf1,Undirected,1,2000
"Daryaee, Touraj_2025-11-19T21:27:17",69825516c835c41957dfdbf1,Undirected,1,2000
"Keddie, Nikki_2025-11-19T21:28:55",69825516c835c41957dfdbf1,Undirected,1,2000
"Biran, Michal_2025-11-19T21:24:00",69825516c835c41957dfdbf1,Undirected,1,2000
"Dale, Stephen Frederic_2025-11-19T21:28:55",69825516c835c41957dfdbf1,Undirected,1,2000
"Herzig, Edmund_2025-11-19T21:28:55",69825516c835c41957dfdbf1,Undirected,1,2000
"Balaghi, Shiva_2025-11-19T21:28:55",69825516c835c41957dfdbf1,Undirected,1,2000
"Haag-Higuchi, Roxane_2025-11-19T21:28:55",69825516c835c41957dfdbf1,Undirected,1,2000
"Mirfendereski, Guive_2025-11-19T21:28:55",69825516c835c41957dfdbf1,Undirected,1,2000
"Arkun, Aram_2025-11-19T21:28:55",69825516c835c41957dfdbf1,Undirected,1,2000
"Rejali, Darius_2025-11-19T21:28:55",69825516c835c41957dfdbf1,Undirected,1,2000
"Akhavi, Shahrough_2025-11-19T21:28:55",69825516c835c41957dfdbf1,Undirected,1,2000
"Ehsani, Kaveh_2025-11-19T21:28:55",69825516c835c41957dfdbf1,Undirected,1,2000
"Hen, Yitzhak_2025-11-19T21:18:19",69825516c835c41957dfe1cf,Undirected,1,2000
"Innes, Matthew_2025-11-19T21:17:33",69825516c835c41957dfe1cf,Undirected,1,2000
"Pohl, Walter_2025-11-19T21:15:24",69825516c835c41957dfe20d,Undirected,1,2000
"Hen, Yitzhak_2025-11-19T21:18:19",69825516c835c41957dfe20d,Undirected,1,2000
"Innes, Matthew_2025-11-19T21:17:33",69825516c835c41957dfe20d,Undirected,1,2000
"Gornall, John_2025-11-19T21:30:56",69825516c835c41957dfe48b,Undirected,1,2000
"Deyermond, Alan D._2025-11-19T21:22:21",69825516c835c41957dfe48b,Undirected,1,2000
"Bisson, Thomas N._2025-11-19T21:26:42",69825517c835c41957dff45e,Undirected,1,2000
"Cooper, Alan_2025-11-19T21:23:38",69825517c835c41957dff45e,Undirected,1,2000
"Kazanski, Michel_2025-11-19T21:18:48",69825517c835c41957e00656,Undirected,1,2000
"Périn, Patrick_2025-11-19T21:18:52",69825517c835c41957e00656,Undirected,1,2000
"Meyvaert, Paul_2025-11-19T21:35:47",69825517c835c41957e012a5,Undirected,1,2000
"Rigg, A.G._2025-11-19T21:26:16",69825517c835c41957e012a5,Undirected,1,2000
"Rouse, R. H._2025-11-19T21:49:28",69825517c835c41957e012a5,Undirected,1,2000
"Hankins, James_2025-11-19T21:49:28",69825517c835c41957e012a5,Undirected,1,2000
"Mahoney, Edward P._2025-11-19T21:49:28",69825517c835c41957e012a5,Undirected,1,2000
"Somerville, Robert_2025-11-19T21:36:01",69825517c835c41957e012a5,Undirected,1,2000
"Courtenay, William J._2025-11-19T21:26:44",69825517c835c41957e012a5,Undirected,1,2000
"Constable, Giles_2025-11-19T21:24:58",69825517c835c41957e012a5,Undirected,1,2000
"Hanawalt, Barbara A._2025-11-19T21:23:35",69825517c835c41957e012a5,Undirected,1,2000
"Peters, Edward_2025-11-19T21:17:26",69825517c835c41957e012a5,Undirected,1,2000
"Renberg, Ingemar_2025-11-19T21:23:56",69825517c835c41957e0180c,Undirected,1,2000
"Brännvall, Maja-Lena_2025-11-19T21:24:09",69825517c835c41957e0180c,Undirected,1,2000
"Bindler, Richard_2025-11-19T21:23:56",69825517c835c41957e0180c,Undirected,1,2000
"Emteryd, Ove_2025-11-19T21:24:09",69825517c835c41957e0180c,Undirected,1,2000
"Eckstein, Arthur M._2025-11-19T21:17:22",69825516c835c41957dfa531,Undirected,1,2001
"Bisson, Thomas N._2025-11-19T21:26:42",69825516c835c41957dfa531,Undirected,1,2001
"Brundage, James A._2025-11-19T21:17:22",69825516c835c41957dfa531,Undirected,1,2001
"Wills, John E._2025-11-19T21:17:22",69825516c835c41957dfa531,Undirected,1,2001
"Butterwick, Richard J._2025-11-19T21:17:34",69825516c835c41957dfa531,Undirected,1,2001
"Lesaffer, Randall_2025-11-19T21:17:34",69825516c835c41957dfa531,Undirected,1,2001
"Levere, Trevor H._2025-11-19T21:17:34",69825516c835c41957dfa531,Undirected,1,2001
"Zacek, Natalie_2025-11-19T21:17:34",69825516c835c41957dfa531,Undirected,1,2001
"Woodfine, Philip_2025-11-19T21:17:34",69825516c835c41957dfa531,Undirected,1,2001
"Hinderaker, Eric_2025-11-19T21:17:34",69825516c835c41957dfa531,Undirected,1,2001
"Cookson, J. E._2025-11-19T21:17:34",69825516c835c41957dfa531,Undirected,1,2001
"Frost, Alan_2025-11-19T21:17:20",69825516c835c41957dfa531,Undirected,1,2001
"Crecelius, Daniel_2025-11-19T21:17:17",69825516c835c41957dfa531,Undirected,1,2001
"Ahmad, Feroz_2025-11-19T21:17:34",69825516c835c41957dfa531,Undirected,1,2001
"Berkowitz, M._2025-11-19T21:17:34",69825516c835c41957dfa531,Undirected,1,2001
"Anderson, Matthew S._2025-11-19T21:17:34",69825516c835c41957dfa531,Undirected,1,2001
"Hodges, Graham Russell_2025-11-19T21:17:34",69825516c835c41957dfa531,Undirected,1,2001
"Herwig, Holger H._2025-11-19T21:17:20",69825516c835c41957dfa531,Undirected,1,2001
"Saab, Ann Pottinger_2025-11-19T21:17:29",69825516c835c41957dfa531,Undirected,1,2001
"Goldfrank, David M._2025-11-19T21:17:28",69825516c835c41957dfa531,Undirected,1,2001
"Fieldhouse, D. K._2025-11-19T21:17:34",69825516c835c41957dfa531,Undirected,1,2001
"Nish, Ian_2025-11-19T21:17:29",69825516c835c41957dfa531,Undirected,1,2001
"Ryan, David_2025-11-19T21:17:26",69825516c835c41957dfa531,Undirected,1,2001
"Moore, Clive_2025-11-19T21:17:34",69825516c835c41957dfa531,Undirected,1,2001
"Ramirez, Francisco O._2025-11-19T21:17:34",69825516c835c41957dfa531,Undirected,1,2001
"Neilson, Keith_2025-11-19T21:17:23",69825516c835c41957dfa531,Undirected,1,2001
"Richards, Michael_2025-11-19T21:17:34",69825516c835c41957dfa531,Undirected,1,2001
"Cullather, Nicholas B._2025-11-19T21:17:34",69825516c835c41957dfa531,Undirected,1,2001
"Searing, James_2025-11-19T21:17:34",69825516c835c41957dfa531,Undirected,1,2001
"Evans, Raymond_2025-11-19T21:17:34",69825516c835c41957dfa531,Undirected,1,2001
"Montgomerie, Deborah_2025-11-19T21:17:34",69825516c835c41957dfa531,Undirected,1,2001
"Rhodes, Benjamin D._2025-11-19T21:17:34",69825516c835c41957dfa531,Undirected,1,2001
"Rees, E. A._2025-11-19T21:17:34",69825516c835c41957dfa531,Undirected,1,2001
"Searle, Alaric_2025-11-19T21:17:34",69825516c835c41957dfa531,Undirected,1,2001
"Drea, Edward J._2025-11-19T21:17:34",69825516c835c41957dfa531,Undirected,1,2001
"Glaser, Elisabeth_2025-11-19T21:17:34",69825516c835c41957dfa531,Undirected,1,2001
"Hauner, Milan_2025-11-19T21:17:34",69825516c835c41957dfa531,Undirected,1,2001
"Reynolds, David_2025-11-19T21:17:34",69825516c835c41957dfa531,Undirected,1,2001
"Thomas, Martin_2025-11-19T21:17:34",69825516c835c41957dfa531,Undirected,1,2001
"Callahan, Raymond A._2025-11-19T21:17:22",69825516c835c41957dfa531,Undirected,1,2001
"Bell, Coral_2025-11-19T21:17:34",69825516c835c41957dfa531,Undirected,1,2001
"Hutchinson, John F._2025-11-19T21:17:34",69825516c835c41957dfa531,Undirected,1,2001
"Shennan, Andrew_2025-11-19T21:17:34",69825516c835c41957dfa531,Undirected,1,2001
"Duus, Peter_2025-11-19T21:17:22",69825516c835c41957dfa531,Undirected,1,2001
"Berghahn, V. R._2025-11-19T21:17:34",69825516c835c41957dfa531,Undirected,1,2001
"Jarausch, Konrad H._2025-11-19T21:17:34",69825516c835c41957dfa531,Undirected,1,2001
"Lukes, Igor_2025-11-19T21:17:33",69825516c835c41957dfa531,Undirected,1,2001
"Ruas, Marie-Pierre_2025-11-19T21:18:48",69825516c835c41957dfacd2,Undirected,1,2001
"Pradat, Bénédicte_2025-11-19T21:18:48",69825516c835c41957dfacd2,Undirected,1,2001
"Marguerie, Dominique_2025-11-19T21:18:54",69825516c835c41957dfacd2,Undirected,1,2001
"Chaker, Salem_2025-11-19T21:19:03",69825516c835c41957dfb20d,Undirected,1,2001
"Camps, Gabriel_2025-11-19T21:46:33",69825516c835c41957dfb20d,Undirected,1,2001
"Poulsen, L W_2025-11-19T21:21:48",69825516c835c41957dfbb84,Undirected,1,2001
"Qvesel, D_2025-11-19T21:21:48",69825516c835c41957dfbb84,Undirected,1,2001
"Brixen, K_2025-11-19T21:21:48",69825516c835c41957dfbb84,Undirected,1,2001
"Vesterby, A_2025-11-19T21:21:48",69825516c835c41957dfbb84,Undirected,1,2001
"Boldsen, Jesper L._2025-11-19T21:17:00",69825516c835c41957dfbb84,Undirected,1,2001
"Burkholder, Kristen Marie_2025-11-19T21:21:50",69825516c835c41957dfbbb7,Undirected,1,2001
University of Minnesota_2025-11-19T21:21:50,69825516c835c41957dfbbb7,Undirected,1,2001
"Dronzek, Anna_2025-11-19T21:21:50",69825516c835c41957dfbbc3,Undirected,1,2001
University of Minnesota_2025-11-19T21:21:50,69825516c835c41957dfbbc3,Undirected,1,2001
"Steuer, Susan Marie Burns_2025-11-19T21:21:53",69825516c835c41957dfbc0f,Undirected,1,2001
University of Minnesota_2025-11-19T21:21:50,69825516c835c41957dfbc0f,Undirected,1,2001
"Salvadei, Loretana_2025-11-19T21:25:06",69825516c835c41957dfbc30,Undirected,1,2001
"Ricci, F_2025-11-19T21:21:55",69825516c835c41957dfbc30,Undirected,1,2001
"Manzi, Giorgio_2025-11-19T21:17:55",69825516c835c41957dfbc30,Undirected,1,2001
"Malyarchuk, Boris A._2025-11-19T21:23:38",69825516c835c41957dfbc48,Undirected,1,2001
"Derenko, Miroslava V._2025-11-19T21:23:38",69825516c835c41957dfbc48,Undirected,1,2001
"Renberg, Ingemar_2025-11-19T21:23:56",69825516c835c41957dfbc54,Undirected,1,2001
"Bindler, Richard_2025-11-19T21:23:56",69825516c835c41957dfbc54,Undirected,1,2001
"Bradshaw, E_2025-11-19T21:21:57",69825516c835c41957dfbc54,Undirected,1,2001
"Emteryd, Ove_2025-11-19T21:24:09",69825516c835c41957dfbc54,Undirected,1,2001
"McGowan, S_2025-11-19T21:21:57",69825516c835c41957dfbc54,Undirected,1,2001
"Cowie, Robert_2025-11-19T21:25:59",69825516c835c41957dfc7ff,Undirected,1,2001
"Douglas-Cowie, E._2025-11-19T21:24:17",69825516c835c41957dfc7ff,Undirected,1,2001
"Tsapatsoulis, N._2025-11-19T21:24:17",69825516c835c41957dfc7ff,Undirected,1,2001
"Votsis, G._2025-11-19T21:24:17",69825516c835c41957dfc7ff,Undirected,1,2001
"Kollias, S._2025-11-19T21:24:17",69825516c835c41957dfc7ff,Undirected,1,2001
"Taylor, John G._2025-11-19T21:24:17",69825516c835c41957dfc7ff,Undirected,1,2001
"Breuer, Guido_2025-11-19T21:27:48",69825516c835c41957dfd7f7,Undirected,1,2001
"Rehazek, André._2025-11-19T21:27:48",69825516c835c41957dfd7f7,Undirected,1,2001
"Stopp, Barbara_2025-11-19T21:21:36",69825516c835c41957dfd7f7,Undirected,1,2001
"FRANK, Daniel H._2025-11-19T21:21:45",69825516c835c41957dfe1f5,Undirected,1,2001
"de Lange, Nicholas_2025-11-19T21:27:26",69825516c835c41957dfe1f5,Undirected,1,2001
"Wright, David Curtis_2025-11-19T21:17:33",69825516c835c41957dfe477,Undirected,1,2001
"Cantor, Norman F._2025-11-19T21:24:03",69825516c835c41957dfe477,Undirected,1,2001
"Greenia, George D._2025-11-19T21:30:55",69825516c835c41957dfe485,Undirected,1,2001
"Deyermond, Alan D._2025-11-19T21:22:21",69825516c835c41957dfe485,Undirected,1,2001
"Hyland, Paul_2025-11-19T21:32:12",69825516c835c41957dfe7b2,Undirected,1,2001
"Richardson, R. C._2025-11-19T21:32:12",69825516c835c41957dfe7b2,Undirected,1,2001
"Truax, Elizabeth_2025-11-19T21:32:12",69825516c835c41957dfe7b2,Undirected,1,2001
"Simkin, Stevie_2025-11-19T21:32:12",69825516c835c41957dfe7b2,Undirected,1,2001
"McLuskie, Kate_2025-11-19T21:32:12",69825516c835c41957dfe7b2,Undirected,1,2001
"Lamont, William_2025-11-19T21:32:12",69825516c835c41957dfe7b2,Undirected,1,2001
"Ridden, Geoffrey M._2025-11-19T21:32:12",69825516c835c41957dfe7b2,Undirected,1,2001
"Lindley, Keith_2025-11-19T21:32:12",69825516c835c41957dfe7b2,Undirected,1,2001
"Thirsk, Joan_2025-11-19T21:32:12",69825516c835c41957dfe7b2,Undirected,1,2001
"Marshall, Alan_2025-11-19T21:32:12",69825516c835c41957dfe7b2,Undirected,1,2001
"Gregory, Jeremy_2025-11-19T21:32:12",69825516c835c41957dfe7b2,Undirected,1,2001
"Speck, W. A._2025-11-19T21:32:12",69825516c835c41957dfe7b2,Undirected,1,2001
"Hill, Bridget_2025-11-19T21:32:12",69825516c835c41957dfe7b2,Undirected,1,2001
"Collins, Irene_2025-11-19T21:32:12",69825516c835c41957dfe7b2,Undirected,1,2001
"Schibeci, Lynn_2025-11-19T21:32:12",69825516c835c41957dfe7b2,Undirected,1,2001
"Rodgers, Terence_2025-11-19T21:32:12",69825516c835c41957dfe7b2,Undirected,1,2001
"Yeager, Myron D._2025-11-19T21:32:12",69825516c835c41957dfe7b2,Undirected,1,2001
"Bibber, Joyce K._2025-11-19T21:32:12",69825516c835c41957dfe7b2,Undirected,1,2001
"Joannou, Mary_2025-11-19T21:32:12",69825516c835c41957dfe7b2,Undirected,1,2001
"Davies, Jude_2025-11-19T21:32:12",69825516c835c41957dfe7b2,Undirected,1,2001
"Poole, Robert_2025-11-19T21:32:12",69825516c835c41957dfe7b2,Undirected,1,2001
"Jardine, M. J._2025-11-19T21:32:12",69825516c835c41957dfe7b2,Undirected,1,2001
"Watson, David_2025-11-19T21:32:12",69825516c835c41957dfe7b2,Undirected,1,2001
"Blackmore, Lyn_2025-11-19T21:17:36",69825517c835c41957dffeab,Undirected,1,2001
"Cowie, Robert_2025-11-19T21:25:59",69825517c835c41957dffeab,Undirected,1,2001
"חן, יצחק_2025-11-19T21:50:46",69825517c835c41957e017a4,Undirected,1,2001
"Hen, Yitzhak_2025-11-19T21:18:19",69825517c835c41957e017a4,Undirected,1,2001
"Gronkiewicz, Stanisław_2025-11-19T21:50:54",69825517c835c41957e017fc,Undirected,1,2001
"Kornafel, Danuta_2025-11-19T21:50:54",69825517c835c41957e017fc,Undirected,1,2001
"Kwiatkowska, Barbara_2025-11-19T21:15:48",69825517c835c41957e017fc,Undirected,1,2001
"Nowakowski, Dariusz_2025-11-19T21:25:51",69825517c835c41957e017fc,Undirected,1,2001
"Rives, J. B._2025-11-19T21:17:22",69825516c835c41957dfa42d,Undirected,1,2002
"Evans, John Karl_2025-11-19T21:17:22",69825516c835c41957dfa42d,Undirected,1,2002
"Collins, Roger_2025-11-19T21:17:22",69825516c835c41957dfa42d,Undirected,1,2002
"Mavronatis, Lenos_2025-11-19T21:17:22",69825516c835c41957dfa42d,Undirected,1,2002
"Hoffmann, Richard C._2025-11-19T21:17:22",69825516c835c41957dfa42d,Undirected,1,2002
"Brundage, James A._2025-11-19T21:17:22",69825516c835c41957dfa42d,Undirected,1,2002
"Disney, Anthony_2025-11-19T21:17:22",69825516c835c41957dfa42d,Undirected,1,2002
"Gardner, Julian_2025-11-19T21:17:22",69825516c835c41957dfa42d,Undirected,1,2002
"Munro, John H._2025-11-19T21:17:22",69825516c835c41957dfa42d,Undirected,1,2002
"Carlton, Charles_2025-11-19T21:17:22",69825516c835c41957dfa42d,Undirected,1,2002
"Ingrao, Charles_2025-11-19T21:17:22",69825516c835c41957dfa42d,Undirected,1,2002
"Kooi, Christine_2025-11-19T21:17:22",69825516c835c41957dfa42d,Undirected,1,2002
"Rodriguez-Salgado, M.J._2025-11-19T21:17:22",69825516c835c41957dfa42d,Undirected,1,2002
"Inikori, Joseph E._2025-11-19T21:17:22",69825516c835c41957dfa42d,Undirected,1,2002
"Behrendt, Stephen D._2025-11-19T21:17:22",69825516c835c41957dfa42d,Undirected,1,2002
"Ranum, Orest_2025-11-19T21:17:22",69825516c835c41957dfa42d,Undirected,1,2002
"Norling, Bernard_2025-11-19T21:17:22",69825516c835c41957dfa42d,Undirected,1,2002
"Gates, David_2025-11-19T21:17:22",69825516c835c41957dfa42d,Undirected,1,2002
"Crapol, Edward P._2025-11-19T21:17:22",69825516c835c41957dfa42d,Undirected,1,2002
"Sunderland, Willard_2025-11-19T21:17:22",69825516c835c41957dfa42d,Undirected,1,2002
"Simms, Brendan_2025-11-19T21:17:22",69825516c835c41957dfa42d,Undirected,1,2002
"Clarke, John_2025-11-19T21:17:22",69825516c835c41957dfa42d,Undirected,1,2002
"Bandyopadhyay, Sekhar_2025-11-19T21:17:22",69825516c835c41957dfa42d,Undirected,1,2002
"Tarling, Nicholas_2025-11-19T21:17:22",69825516c835c41957dfa42d,Undirected,1,2002
"Hevia, James L._2025-11-19T21:17:22",69825516c835c41957dfa42d,Undirected,1,2002
"Brock, Peter_2025-11-19T21:17:22",69825516c835c41957dfa42d,Undirected,1,2002
"Barclay, Paul_2025-11-19T21:17:22",69825516c835c41957dfa42d,Undirected,1,2002
"Smith, Woodruff D._2025-11-19T21:17:20",69825516c835c41957dfa42d,Undirected,1,2002
"Schaller, Michael_2025-11-19T21:17:20",69825516c835c41957dfa42d,Undirected,1,2002
"Beckett, Ian F. W._2025-11-19T21:17:22",69825516c835c41957dfa42d,Undirected,1,2002
"Foster, Anne L._2025-11-19T21:17:22",69825516c835c41957dfa42d,Undirected,1,2002
"Dosal, Paul J._2025-11-19T21:17:22",69825516c835c41957dfa42d,Undirected,1,2002
"Barnhart, Michael A._2025-11-19T21:17:22",69825516c835c41957dfa42d,Undirected,1,2002
"Harkness, David_2025-11-19T21:17:22",69825516c835c41957dfa42d,Undirected,1,2002
"Herwig, Holger H._2025-11-19T21:17:20",69825516c835c41957dfa42d,Undirected,1,2002
"Ambrosius, Lloyd E._2025-11-19T21:17:22",69825516c835c41957dfa42d,Undirected,1,2002
"Croizier, Ralph_2025-11-19T21:17:22",69825516c835c41957dfa42d,Undirected,1,2002
"Boughton, James M._2025-11-19T21:17:22",69825516c835c41957dfa42d,Undirected,1,2002
"Maiolo, Joseph A._2025-11-19T21:17:22",69825516c835c41957dfa42d,Undirected,1,2002
"Megargee, Geoffrey P._2025-11-19T21:17:22",69825516c835c41957dfa42d,Undirected,1,2002
"Bennett, Todd_2025-11-19T21:17:22",69825516c835c41957dfa42d,Undirected,1,2002
"Goda, Norman J. W._2025-11-19T21:17:20",69825516c835c41957dfa42d,Undirected,1,2002
"Crampton, Richard_2025-11-19T21:17:22",69825516c835c41957dfa42d,Undirected,1,2002
"Claasen, Adam_2025-11-19T21:17:22",69825516c835c41957dfa42d,Undirected,1,2002
"Flint, John_2025-11-19T21:17:22",69825516c835c41957dfa42d,Undirected,1,2002
"Eckes, Alfred E._2025-11-19T21:17:22",69825516c835c41957dfa42d,Undirected,1,2002
"Jonas, Manfred_2025-11-19T21:17:22",69825516c835c41957dfa42d,Undirected,1,2002
"Matsumura, Janice_2025-11-19T21:17:22",69825516c835c41957dfa42d,Undirected,1,2002
"Petersen, Tore Tingvold_2025-11-19T21:17:22",69825516c835c41957dfa42d,Undirected,1,2002
"Webber, Mark_2025-11-19T21:17:22",69825516c835c41957dfa42d,Undirected,1,2002
"Millar, Fergus_2025-11-19T21:17:25",69825516c835c41957dfa465,Undirected,1,2002
"Lightfoot, C. S._2025-11-19T21:17:25",69825516c835c41957dfa465,Undirected,1,2002
"Contreni, John J._2025-11-19T21:17:23",69825516c835c41957dfa465,Undirected,1,2002
"Moore, John C._2025-11-19T21:17:25",69825516c835c41957dfa465,Undirected,1,2002
"Bachrach, Bernard S._2025-11-19T21:16:14",69825516c835c41957dfa465,Undirected,1,2002
"Bulliet, Richard W._2025-11-19T21:17:25",69825516c835c41957dfa465,Undirected,1,2002
"Kagan, Richard L._2025-11-19T21:17:25",69825516c835c41957dfa465,Undirected,1,2002
"Hattendorf, John B._2025-11-19T21:17:23",69825516c835c41957dfa465,Undirected,1,2002
"Black, Jeremy_2025-11-19T21:17:23",69825516c835c41957dfa465,Undirected,1,2002
"Wills, John E._2025-11-19T21:17:22",69825516c835c41957dfa465,Undirected,1,2002
"Headley, John M._2025-11-19T21:17:25",69825516c835c41957dfa465,Undirected,1,2002
"McCall, Daniel F._2025-11-19T21:17:25",69825516c835c41957dfa465,Undirected,1,2002
"Lockhart, Paul Douglas_2025-11-19T21:17:25",69825516c835c41957dfa465,Undirected,1,2002
"Trigger, Bruce G._2025-11-19T21:17:25",69825516c835c41957dfa465,Undirected,1,2002
"Betts, Jonathan_2025-11-19T21:17:25",69825516c835c41957dfa465,Undirected,1,2002
"Anderson, Matthew S._2025-11-19T21:17:34",69825516c835c41957dfa465,Undirected,1,2002
"Howe, K. R._2025-11-19T21:17:25",69825516c835c41957dfa465,Undirected,1,2002
"Greene, Jack P._2025-11-19T21:17:25",69825516c835c41957dfa465,Undirected,1,2002
"Frey, Marsha L._2025-11-19T21:17:25",69825516c835c41957dfa465,Undirected,1,2002
"Angelow, Jürgen_2025-11-19T21:17:25",69825516c835c41957dfa465,Undirected,1,2002
"Karsh, Efraim_2025-11-19T21:17:25",69825516c835c41957dfa465,Undirected,1,2002
"Brantlinger, Patrick_2025-11-19T21:17:25",69825516c835c41957dfa465,Undirected,1,2002
"Federico, Giovanni_2025-11-19T21:17:25",69825516c835c41957dfa465,Undirected,1,2002
"Höbelt, Lothar_2025-11-19T21:17:22",69825516c835c41957dfa465,Undirected,1,2002
"Collins, Robert O._2025-11-19T21:17:25",69825516c835c41957dfa465,Undirected,1,2002
"Stewart, Gordon T._2025-11-19T21:17:25",69825516c835c41957dfa465,Undirected,1,2002
"Varona-Lacey, Gladys M._2025-11-19T21:17:25",69825516c835c41957dfa465,Undirected,1,2002
"Hughes, Matthew_2025-11-19T21:17:25",69825516c835c41957dfa465,Undirected,1,2002
"Mango, Andrew_2025-11-19T21:17:25",69825516c835c41957dfa465,Undirected,1,2002
"De Grand, Alexander_2025-11-19T21:17:20",69825516c835c41957dfa465,Undirected,1,2002
"Balfour, Sebastian_2025-11-19T21:17:25",69825516c835c41957dfa465,Undirected,1,2002
"Macintyre, Stuart_2025-11-19T21:17:25",69825516c835c41957dfa465,Undirected,1,2002
"Bennett, G. H._2025-11-19T21:17:25",69825516c835c41957dfa465,Undirected,1,2002
"Frank, Willard C._2025-11-19T21:17:25",69825516c835c41957dfa465,Undirected,1,2002
"Ambrosius, Lloyd E._2025-11-19T21:17:22",69825516c835c41957dfa465,Undirected,1,2002
"Hudson, David_2025-11-19T21:17:25",69825516c835c41957dfa465,Undirected,1,2002
"Harris, J. P._2025-11-19T21:17:25",69825516c835c41957dfa465,Undirected,1,2002
"Lungu, Dov B._2025-11-19T21:17:25",69825516c835c41957dfa465,Undirected,1,2002
"Henderson, Timothy J._2025-11-19T21:17:25",69825516c835c41957dfa465,Undirected,1,2002
"Dingman, Roger_2025-11-19T21:17:25",69825516c835c41957dfa465,Undirected,1,2002
"Biskupski, M. P._2025-11-19T21:17:25",69825516c835c41957dfa465,Undirected,1,2002
"Armstrong, John A._2025-11-19T21:17:25",69825516c835c41957dfa465,Undirected,1,2002
"Taylor, Philip M._2025-11-19T21:17:20",69825516c835c41957dfa465,Undirected,1,2002
"Soley, Lawrence C._2025-11-19T21:17:25",69825516c835c41957dfa465,Undirected,1,2002
"Cohen, Michael J._2025-11-19T21:17:25",69825516c835c41957dfa465,Undirected,1,2002
"Rosenfeld, Gavriel D._2025-11-19T21:17:25",69825516c835c41957dfa465,Undirected,1,2002
"Moore, Bob_2025-11-19T21:17:25",69825516c835c41957dfa465,Undirected,1,2002
"Hellman, Stephen_2025-11-19T21:17:25",69825516c835c41957dfa465,Undirected,1,2002
"Knight, Robert_2025-11-19T21:17:25",69825516c835c41957dfa465,Undirected,1,2002
"Ninkovich, Frank_2025-11-19T21:17:22",69825516c835c41957dfa465,Undirected,1,2002
"Adams, Jonathan_2025-11-19T21:17:20",69825516c835c41957dfa578,Undirected,1,2002
"Rönnby, Johan_2025-11-19T21:17:20",69825516c835c41957dfa578,Undirected,1,2002
"Rosenwein, Barbara H._2025-11-19T21:18:42",69825516c835c41957dfb664,Undirected,1,2002
"Haufe, Hendrikje_2025-11-19T21:20:39",69825516c835c41957dfb664,Undirected,1,2002
"Segerström, Ulf_2025-11-19T21:20:53",69825516c835c41957dfb79d,Undirected,1,2002
"Emanuelsson, Marie_2025-11-19T21:20:53",69825516c835c41957dfb79d,Undirected,1,2002
"Yan, Z._2025-11-19T21:21:01",69825516c835c41957dfb81c,Undirected,1,2002
"Jones, P. D._2025-11-19T21:21:01",69825516c835c41957dfb81c,Undirected,1,2002
"Davies, T. D._2025-11-19T21:21:01",69825516c835c41957dfb81c,Undirected,1,2002
"Moberg, A._2025-11-19T21:21:01",69825516c835c41957dfb81c,Undirected,1,2002
"Bergström, H._2025-11-19T21:21:01",69825516c835c41957dfb81c,Undirected,1,2002
"Camuffo, Dario_2025-11-19T21:20:50",69825516c835c41957dfb81c,Undirected,1,2002
"Cocheo, C._2025-11-19T21:21:01",69825516c835c41957dfb81c,Undirected,1,2002
"Maugeri, M._2025-11-19T21:21:01",69825516c835c41957dfb81c,Undirected,1,2002
"Demarée, G. R._2025-11-19T21:21:01",69825516c835c41957dfb81c,Undirected,1,2002
"Verhoeve, T._2025-11-19T21:21:01",69825516c835c41957dfb81c,Undirected,1,2002
"Thoen, Erik_2025-11-19T21:25:08",69825516c835c41957dfb81c,Undirected,1,2002
"Barriendos, M._2025-11-19T21:21:01",69825516c835c41957dfb81c,Undirected,1,2002
"Rodríguez, R._2025-11-19T21:21:01",69825516c835c41957dfb81c,Undirected,1,2002
"Martín-Vide, J._2025-11-19T21:21:01",69825516c835c41957dfb81c,Undirected,1,2002
"Yang, C._2025-11-19T21:21:01",69825516c835c41957dfb81c,Undirected,1,2002
"Azar, Henry A_2025-11-19T21:21:30",69825516c835c41957dfba2c,Undirected,1,2002
"McVaugh, Michael Rogers_2025-11-19T21:26:29",69825516c835c41957dfba2c,Undirected,1,2002
"Shatzmiller, Joseph_2025-11-19T21:17:26",69825516c835c41957dfba2c,Undirected,1,2002
"Procida, Mary A._2025-11-19T21:21:36",69825516c835c41957dfba98,Undirected,1,2002
Manchester University Press_2025-11-19T21:21:36,69825516c835c41957dfba98,Undirected,1,2002
"Ciglenečki, Slavko_2025-11-19T21:23:47",69825516c835c41957dfc5f5,Undirected,1,2002
"Strmčnik-Gulič, Mira_2025-11-19T21:22:10",69825516c835c41957dfc5f5,Undirected,1,2002
"Bindler, Richard_2025-11-19T21:23:56",69825516c835c41957dfc63c,Undirected,1,2002
"Korsman, Tom_2025-11-19T21:23:56",69825516c835c41957dfc63c,Undirected,1,2002
"Renberg, Ingemar_2025-11-19T21:23:56",69825516c835c41957dfc63c,Undirected,1,2002
"Högberg, Peter_2025-11-19T21:23:56",69825516c835c41957dfc63c,Undirected,1,2002
"Duceppe-Lamarre, François_2025-11-19T21:18:51",69825516c835c41957dfc906,Undirected,1,2002
"Lepetz, Sébastien_2025-11-19T21:24:29",69825516c835c41957dfc906,Undirected,1,2002
"YVINEC, Jean-Hervé_2025-11-19T21:20:10",69825516c835c41957dfc906,Undirected,1,2002
"Masson, Muriel_2025-11-19T21:26:12",69825516c835c41957dfc909,Undirected,1,2002
"Brun, M_2025-11-19T21:24:29",69825516c835c41957dfc909,Undirected,1,2002
"Bourgeois, M.L_2025-11-19T21:24:29",69825516c835c41957dfc909,Undirected,1,2002
"Calligaro, Thomas_2025-11-19T21:19:37",69825516c835c41957dfc93a,Undirected,1,2002
"Colinart, S._2025-11-19T21:24:31",69825516c835c41957dfc93a,Undirected,1,2002
"Poirot, J.-P._2025-11-19T21:24:31",69825516c835c41957dfc93a,Undirected,1,2002
"Sudres, C._2025-11-19T21:24:31",69825516c835c41957dfc93a,Undirected,1,2002
"Smith, C. I._2025-11-19T21:25:11",69825516c835c41957dfccf1,Undirected,1,2002
"Nielsen-Marsh, C. M._2025-11-19T21:25:11",69825516c835c41957dfccf1,Undirected,1,2002
"Jans, M. M. E._2025-11-19T21:25:11",69825516c835c41957dfccf1,Undirected,1,2002
"Arthur, P._2025-11-19T21:25:11",69825516c835c41957dfccf1,Undirected,1,2002
"Nord, Anders G._2025-11-19T21:17:30",69825516c835c41957dfccf1,Undirected,1,2002
"Collins, Matthew J._2025-11-19T21:24:59",69825516c835c41957dfccf1,Undirected,1,2002
"Weber, J._2025-11-19T21:25:38",69825516c835c41957dfcf3b,Undirected,1,2002
"Czarnetzki, Alfred_2025-11-19T21:25:06",69825516c835c41957dfcf3b,Undirected,1,2002
"Creighton, Oliver H._2025-11-19T21:17:09",69825516c835c41957dfda3e,Undirected,1,2002
"Christie, Neil_2025-11-19T21:17:11",69825516c835c41957dfda3e,Undirected,1,2002
"O'Sullivan, Deirdre_2025-11-19T21:17:10",69825516c835c41957dfda3e,Undirected,1,2002
"Hamerow, H. F._2025-11-19T21:35:34",69825516c835c41957dfda3e,Undirected,1,2002
Charles S. F. Burnett_2025-11-19T21:25:32,69825516c835c41957dfde06,Undirected,1,2002
"Hollander, W.J._2025-11-19T21:29:18",69825516c835c41957dfde06,Undirected,1,2002
"Bazelmans, Jos_2025-11-19T21:22:37",69825516c835c41957dfe6b7,Undirected,1,2002
"Gerrets, Danny_2025-11-19T21:22:37",69825516c835c41957dfe6b7,Undirected,1,2002
"Pol, Arent_2025-11-19T21:18:11",69825516c835c41957dfe6b7,Undirected,1,2002
"Götherström, Anders_2025-11-19T21:17:53",69825516c835c41957dff27c,Undirected,1,2002
"Stenbäck, Niklas_2025-11-19T21:35:35",69825516c835c41957dff27c,Undirected,1,2002
"Storå, Jan_2025-11-19T21:17:07",69825516c835c41957dff27c,Undirected,1,2002
"Emanuelsson, Marie_2025-11-19T21:20:53",69825517c835c41957e00127,Undirected,1,2002
"Segerström, Ulf_2025-11-19T21:20:53",69825517c835c41957e00127,Undirected,1,2002
"Federici-Schenardi, Maruska_2025-11-19T21:40:58",69825517c835c41957e001d1,Undirected,1,2002
"Fellner, Robert_2025-11-19T21:26:48",69825517c835c41957e001d1,Undirected,1,2002
"Ramallo, Sebastián_2025-11-19T21:29:46",69825517c835c41957e00476,Undirected,1,2002
Jaime Vizcaíno Sánchez_2025-11-19T21:41:54,69825517c835c41957e00476,Undirected,1,2002
"Bernstein, Alan E._2025-11-19T21:24:37",69825517c835c41957e0174d,Undirected,1,2002
"Constable, Giles_2025-11-19T21:24:58",69825517c835c41957e0174d,Undirected,1,2002
"Courtenay, William J._2025-11-19T21:26:44",69825517c835c41957e0174d,Undirected,1,2002
"Bak, János M._2025-11-19T21:24:23",69825517c835c41957e0174d,Undirected,1,2002
"Dobrowolski, Pawel_2025-11-19T21:50:43",69825517c835c41957e0174d,Undirected,1,2002
"Hoffmann, Richard C._2025-11-19T21:17:22",69825517c835c41957e0174d,Undirected,1,2002
"Grant, Edward_2025-11-19T21:50:43",69825517c835c41957e0174d,Undirected,1,2002
"Colish, Marcia L._2025-11-19T21:24:37",69825517c835c41957e0174d,Undirected,1,2002
"Lyon, Bryce D._2025-11-19T21:36:01",69825517c835c41957e0174d,Undirected,1,2002
"Nicholas, David_2025-11-19T21:17:22",69825517c835c41957e0174d,Undirected,1,2002
"Prevenier, Walter_2025-11-19T21:26:56",69825517c835c41957e0174d,Undirected,1,2002
"Guenée, Bernard_2025-11-19T21:49:34",69825517c835c41957e0174d,Undirected,1,2002
"Mundy, John Hine_2025-11-19T21:50:43",69825517c835c41957e0174d,Undirected,1,2002
"Bisson, Thomas N._2025-11-19T21:26:42",69825517c835c41957e0174d,Undirected,1,2002
"PEACEY, ALLAN_2025-11-19T21:17:27",69825516c835c41957dfa48e,Undirected,1,2003
"VINCE, ALAN_2025-11-19T21:17:27",69825516c835c41957dfa48e,Undirected,1,2003
"McInerney, Jeremy_2025-11-19T21:17:33",69825516c835c41957dfa522,Undirected,1,2003
"Burton, Paul J._2025-11-19T21:17:33",69825516c835c41957dfa522,Undirected,1,2003
"Gruen, Erich S._2025-11-19T21:17:33",69825516c835c41957dfa522,Undirected,1,2003
"Agnew, John A._2025-11-19T21:17:33",69825516c835c41957dfa522,Undirected,1,2003
"Nauert, Charles G._2025-11-19T21:17:33",69825516c835c41957dfa522,Undirected,1,2003
"Burnard, Trevor_2025-11-19T21:17:33",69825516c835c41957dfa522,Undirected,1,2003
"Koenigsberger, H. G._2025-11-19T21:17:33",69825516c835c41957dfa522,Undirected,1,2003
"Keller, Eva_2025-11-19T21:17:33",69825516c835c41957dfa522,Undirected,1,2003
"Kishlansky, Mark A._2025-11-19T21:17:22",69825516c835c41957dfa522,Undirected,1,2003
"Fattah, Hala_2025-11-19T21:17:33",69825516c835c41957dfa522,Undirected,1,2003
"Okenfuss, Max J._2025-11-19T21:17:33",69825516c835c41957dfa522,Undirected,1,2003
"Clark, J. C. D._2025-11-19T21:17:20",69825516c835c41957dfa522,Undirected,1,2003
"Streissler, Monika_2025-11-19T21:17:33",69825516c835c41957dfa522,Undirected,1,2003
"Hochedlinger, Michael_2025-11-19T21:17:33",69825516c835c41957dfa522,Undirected,1,2003
"Brogan, Hugh_2025-11-19T21:17:33",69825516c835c41957dfa522,Undirected,1,2003
"Connelly, Owen_2025-11-19T21:17:28",69825516c835c41957dfa522,Undirected,1,2003
"Coppa, Frank J._2025-11-19T21:17:33",69825516c835c41957dfa522,Undirected,1,2003
"Bolton, Geoffrey_2025-11-19T21:17:33",69825516c835c41957dfa522,Undirected,1,2003
"Bassett, Judith_2025-11-19T21:17:33",69825516c835c41957dfa522,Undirected,1,2003
"Fisher, Michael H._2025-11-19T21:17:33",69825516c835c41957dfa522,Undirected,1,2003
"Carson, Penny_2025-11-19T21:17:33",69825516c835c41957dfa522,Undirected,1,2003
"Atkinson, Alan_2025-11-19T21:17:33",69825516c835c41957dfa522,Undirected,1,2003
"Lindner, Stephan H._2025-11-19T21:17:33",69825516c835c41957dfa522,Undirected,1,2003
"Posada-Carbó, Eduardo_2025-11-19T21:17:33",69825516c835c41957dfa522,Undirected,1,2003
"Palmer, Steven_2025-11-19T21:17:33",69825516c835c41957dfa522,Undirected,1,2003
"Höbelt, Lothar_2025-11-19T21:17:22",69825516c835c41957dfa522,Undirected,1,2003
"Potter, Pitman B._2025-11-19T21:17:33",69825516c835c41957dfa522,Undirected,1,2003
"Green, E. H. H._2025-11-19T21:17:33",69825516c835c41957dfa522,Undirected,1,2003
"Beattie, Peter M._2025-11-19T21:17:33",69825516c835c41957dfa522,Undirected,1,2003
"Miller, James Edward_2025-11-19T21:17:33",69825516c835c41957dfa522,Undirected,1,2003
"Nasson, Bill_2025-11-19T21:17:33",69825516c835c41957dfa522,Undirected,1,2003
"Strachan, Hew_2025-11-19T21:17:22",69825516c835c41957dfa522,Undirected,1,2003
"Park, Soon-Won_2025-11-19T21:17:33",69825516c835c41957dfa522,Undirected,1,2003
"Swainger, Jonathan_2025-11-19T21:17:33",69825516c835c41957dfa522,Undirected,1,2003
"Day, David_2025-11-19T21:17:22",69825516c835c41957dfa522,Undirected,1,2003
"Hopwood, Derek_2025-11-19T21:17:17",69825516c835c41957dfa522,Undirected,1,2003
"Elleman, Bruce A._2025-11-19T21:17:33",69825516c835c41957dfa522,Undirected,1,2003
"Winter, Jay_2025-11-19T21:17:22",69825516c835c41957dfa522,Undirected,1,2003
"Werrell, Kenneth P._2025-11-19T21:17:33",69825516c835c41957dfa522,Undirected,1,2003
"Mouré, Kenneth_2025-11-19T21:17:20",69825516c835c41957dfa522,Undirected,1,2003
"Bacon, Edwin_2025-11-19T21:17:33",69825516c835c41957dfa522,Undirected,1,2003
"Akenson, Donald Harman_2025-11-19T21:17:33",69825516c835c41957dfa522,Undirected,1,2003
"Fry, Joseph A._2025-11-19T21:17:33",69825516c835c41957dfa522,Undirected,1,2003
"Gransow, Bettina_2025-11-19T21:17:33",69825516c835c41957dfa522,Undirected,1,2003
"Turner, Henry Ashby_2025-11-19T21:17:22",69825516c835c41957dfa522,Undirected,1,2003
"Meissner, Christopher M._2025-11-19T21:17:33",69825516c835c41957dfa522,Undirected,1,2003
"Calvert, Peter_2025-11-19T21:17:33",69825516c835c41957dfa522,Undirected,1,2003
"Zeiler, Thomas W._2025-11-19T21:17:33",69825516c835c41957dfa522,Undirected,1,2003
"Hess, Sigurd_2025-11-19T21:17:33",69825516c835c41957dfa522,Undirected,1,2003
"Lampe, John R._2025-11-19T21:17:33",69825516c835c41957dfa522,Undirected,1,2003
"Kovalev, Roman Konstantinovich_2025-11-19T21:21:50",69825516c835c41957dfbbb8,Undirected,1,2003
University of Minnesota_2025-11-19T21:21:50,69825516c835c41957dfbbb8,Undirected,1,2003
"Malyarchuk, Boris A._2025-11-19T21:23:38",69825516c835c41957dfc52c,Undirected,1,2003
"Grzybowski, Tomasz_2025-11-19T21:22:39",69825516c835c41957dfc52c,Undirected,1,2003
"Derenko, Miroslava V._2025-11-19T21:23:38",69825516c835c41957dfc52c,Undirected,1,2003
"Czarny, J._2025-11-19T21:23:45",69825516c835c41957dfc52c,Undirected,1,2003
"Drobnič, K._2025-11-19T21:23:45",69825516c835c41957dfc52c,Undirected,1,2003
"Miścicka-Śliwka, D._2025-11-19T21:23:45",69825516c835c41957dfc52c,Undirected,1,2003
"Edwards, Ceiridwen Jane_2025-11-19T21:21:20",69825516c835c41957dfc533,Undirected,1,2003
"Connellan, J._2025-11-19T21:23:45",69825516c835c41957dfc533,Undirected,1,2003
"Wallace, Patrick F._2025-11-19T21:25:39",69825516c835c41957dfc533,Undirected,1,2003
"Park, S. D. E._2025-11-19T21:23:45",69825516c835c41957dfc533,Undirected,1,2003
"McCormick, Finbar_2025-11-19T21:25:19",69825516c835c41957dfc533,Undirected,1,2003
"Olsaker, I._2025-11-19T21:23:45",69825516c835c41957dfc533,Undirected,1,2003
"Eythórsdóttir, E_2025-11-19T21:21:48",69825516c835c41957dfc533,Undirected,1,2003
"MacHugh, D. E._2025-11-19T21:23:45",69825516c835c41957dfc533,Undirected,1,2003
"Bailey, J.F._2025-11-19T21:24:34",69825516c835c41957dfc533,Undirected,1,2003
"Bradley, Daniel G._2025-11-19T21:16:49",69825516c835c41957dfc533,Undirected,1,2003
"Zolitschka, Bernd_2025-11-19T21:21:39",69825516c835c41957dfc942,Undirected,1,2003
"Behre, Karl-Ernst_2025-11-19T21:24:31",69825516c835c41957dfc942,Undirected,1,2003
"Schneider, Jürgen_2025-11-19T21:24:31",69825516c835c41957dfc942,Undirected,1,2003
"Lück, E._2025-11-19T21:25:11",69825516c835c41957dfcceb,Undirected,1,2003
"Callmer, Johan_2025-11-19T21:14:19",69825516c835c41957dfcceb,Undirected,1,2003
"Skånberg, T._2025-11-19T21:25:11",69825516c835c41957dfcceb,Undirected,1,2003
"Segol, Marla_2025-11-19T21:24:43",69825516c835c41957dfcee3,Undirected,1,2003
"ﺳﻴﺠﻮﻝ, ﻣﺎﺭﻻ_2025-11-19T21:25:34",69825516c835c41957dfcee3,Undirected,1,2003
"Duval, Noël_2025-11-19T21:24:06",69825516c835c41957dfd943,Undirected,1,2003
"Bourgeois, A._2025-11-19T21:28:19",69825516c835c41957dfd943,Undirected,1,2003
"Slim, L._2025-11-19T21:28:19",69825516c835c41957dfd943,Undirected,1,2003
"Bonnifay, M._2025-11-19T21:28:19",69825516c835c41957dfd943,Undirected,1,2003
"Kazanski, Michel_2025-11-19T21:18:48",69825516c835c41957dfe072,Undirected,1,2003
"Mastykova, Anna_2025-11-19T21:18:48",69825516c835c41957dfe072,Undirected,1,2003
"Hüster-Plogmann, Heide_2025-11-19T21:39:42",69825516c835c41957dfe0a1,Undirected,1,2003
"Stopp, Barbara_2025-11-19T21:21:36",69825516c835c41957dfe0a1,Undirected,1,2003
"Feldman, Seymour_2025-11-19T21:29:59",69825516c835c41957dfe1f8,Undirected,1,2003
"FRANK, Daniel H._2025-11-19T21:21:45",69825516c835c41957dfe1f8,Undirected,1,2003
"Leaman, Oliver_2025-11-19T21:17:18",69825516c835c41957dfe1f8,Undirected,1,2003
"Shatz, David_2025-11-19T21:29:59",69825516c835c41957dfe1f9,Undirected,1,2003
"FRANK, Daniel H._2025-11-19T21:21:45",69825516c835c41957dfe1f9,Undirected,1,2003
"Leaman, Oliver_2025-11-19T21:17:18",69825516c835c41957dfe1f9,Undirected,1,2003
"Leaman, Oliver_2025-11-19T21:17:18",69825516c835c41957dfe1fb,Undirected,1,2003
"FRANK, Daniel H._2025-11-19T21:21:45",69825516c835c41957dfe1fb,Undirected,1,2003
"Kraemer, Joel L._2025-11-19T21:29:59",69825516c835c41957dfe1fe,Undirected,1,2003
"FRANK, Daniel H._2025-11-19T21:21:45",69825516c835c41957dfe1fe,Undirected,1,2003
"Leaman, Oliver_2025-11-19T21:17:18",69825516c835c41957dfe1fe,Undirected,1,2003
"FRANK, Daniel H._2025-11-19T21:21:45",69825516c835c41957dfe1ff,Undirected,1,2003
"Leaman, Oliver_2025-11-19T21:17:18",69825516c835c41957dfe1ff,Undirected,1,2003
"Lorberbaum, Menachem_2025-11-19T21:29:59",69825516c835c41957dfe207,Undirected,1,2003
"FRANK, Daniel H._2025-11-19T21:21:45",69825516c835c41957dfe207,Undirected,1,2003
"Leaman, Oliver_2025-11-19T21:17:18",69825516c835c41957dfe207,Undirected,1,2003
"McInnis, Judy B._2025-11-19T21:30:57",69825516c835c41957dfe49e,Undirected,1,2003
"Deyermond, Alan D._2025-11-19T21:22:21",69825516c835c41957dfe49e,Undirected,1,2003
"Wheeler, Bonnie_2025-11-19T21:21:13",69825516c835c41957dfe66a,Undirected,1,2003
"Poor, Sara S._2025-11-19T21:17:26",69825516c835c41957dfe66a,Undirected,1,2003
"Matter, E. Ann_2025-11-19T21:28:05",69825516c835c41957dfe66a,Undirected,1,2003
"Clark Bartlett, Anne_2025-11-19T21:31:47",69825516c835c41957dfe66a,Undirected,1,2003
"Giffney, Noreen_2025-11-19T21:21:44",69825516c835c41957dfe66a,Undirected,1,2003
"Wiethaus, Ulrike_2025-11-19T21:24:27",69825516c835c41957dfe66b,Undirected,1,2003
"Wheeler, Bonnie_2025-11-19T21:21:13",69825516c835c41957dfe66b,Undirected,1,2003
"Poor, Sara S._2025-11-19T21:17:26",69825516c835c41957dfe66b,Undirected,1,2003
"Matter, E. Ann_2025-11-19T21:28:05",69825516c835c41957dfe66b,Undirected,1,2003
"Boro, Joyce_2025-11-19T21:31:48",69825516c835c41957dfe66b,Undirected,1,2003
"Taylor, Gary_2025-11-19T21:36:13",69825517c835c41957dff3ee,Undirected,1,2003
"Allen, Carol_2025-11-19T21:36:13",69825517c835c41957dff3ee,Undirected,1,2003
"Bayley, Justine_2025-11-19T21:16:17",69825517c835c41957dff3ee,Undirected,1,2003
"Cowgill, Jane_2025-11-19T21:36:13",69825517c835c41957dff3ee,Undirected,1,2003
"Fryer, Val_2025-11-19T21:36:13",69825517c835c41957dff3ee,Undirected,1,2003
"Palmer, Carol_2025-11-19T21:17:10",69825517c835c41957dff3ee,Undirected,1,2003
"Precious, Barbara_2025-11-19T21:36:13",69825517c835c41957dff3ee,Undirected,1,2003
"Rackham, James_2025-11-19T21:36:13",69825517c835c41957dff3ee,Undirected,1,2003
"Roper, Tessa_2025-11-19T21:36:13",69825517c835c41957dff3ee,Undirected,1,2003
"Young, Jane_2025-11-19T21:36:13",69825517c835c41957dff3ee,Undirected,1,2003
"Schlumbaum, Angela_2025-11-19T21:22:54",69825517c835c41957dffe01,Undirected,1,2003
"Stopp, Barbara_2025-11-19T21:21:36",69825517c835c41957dffe01,Undirected,1,2003
"Breuer, Guido_2025-11-19T21:27:48",69825517c835c41957dffe01,Undirected,1,2003
"Rehazek, André._2025-11-19T21:27:48",69825517c835c41957dffe01,Undirected,1,2003
"Blatter, Robert_2025-11-19T21:27:49",69825517c835c41957dffe01,Undirected,1,2003
"Turgay, Meral_2025-11-19T21:27:49",69825517c835c41957dffe01,Undirected,1,2003
"Schibler, Jörg_2025-11-19T21:22:54",69825517c835c41957dffe01,Undirected,1,2003
"Döhle, Hans-Jürgen_2025-11-19T21:37:57",69825517c835c41957dffe07,Undirected,1,2003
"Kunz, Brigitta_2025-11-19T21:39:43",69825517c835c41957dffe07,Undirected,1,2003
"Sawyer, Birgit_2025-11-19T21:35:04",69825517c835c41957e00e20,Undirected,1,2003
"Jochens, Jenny_2025-11-19T21:24:26",69825517c835c41957e00e20,Undirected,1,2003
"Emmerson, Richard K._2025-11-19T21:24:21",69825517c835c41957e0129f,Undirected,1,2003
"Shailor, Barbara A._2025-11-19T21:24:21",69825517c835c41957e0129f,Undirected,1,2003
"Stuard, Susan Mosher_2025-11-19T21:24:21",69825517c835c41957e0129f,Undirected,1,2003
"Heffernan, Thomas J._2025-11-19T21:24:27",69825517c835c41957e0129f,Undirected,1,2003
"McGinn, Bernard_2025-11-19T21:24:27",69825517c835c41957e0129f,Undirected,1,2003
"Spiegel, Gabrielle M._2025-11-19T21:49:28",69825517c835c41957e0129f,Undirected,1,2003
"Hamburger, Jeffrey F._2025-11-19T21:24:27",69825517c835c41957e0129f,Undirected,1,2003
"Lynch, Kathryn L._2025-11-19T21:24:27",69825517c835c41957e0129f,Undirected,1,2003
"Dutton, Paul Edward_2025-11-19T21:15:40",69825517c835c41957e0129f,Undirected,1,2003
"Kupfer, Marcia A._2025-11-19T21:40:35",69825517c835c41957e0129f,Undirected,1,2003
"Woods, Marjorie Curry_2025-11-19T21:49:28",69825517c835c41957e0129f,Undirected,1,2003
"Klausner, David N._2025-11-19T21:24:21",69825517c835c41957e0129f,Undirected,1,2003
"van Deusen, Nancy_2025-11-19T21:24:27",69825517c835c41957e0129f,Undirected,1,2003
"Jordan, William Chester_2025-11-19T21:24:21",69825517c835c41957e0129f,Undirected,1,2003
"Ziegler, Vickie_2025-11-19T21:24:21",69825517c835c41957e0129f,Undirected,1,2003
"Wright, Roger_2025-11-19T21:19:57",69825517c835c41957e01534,Undirected,1,2003
"Lucken, Christopher_2025-11-19T21:20:14",69825517c835c41957e01534,Undirected,1,2003
"Speed, Greg_2025-11-19T21:17:09",69825516c835c41957dfa2cd,Undirected,1,2004
"Rogers, Penelope Walton_2025-11-19T21:49:17",69825516c835c41957dfa2cd,Undirected,1,2004
"Holum, Kenneth G._2025-11-19T21:17:20",69825516c835c41957dfa3f7,Undirected,1,2004
"Murray, Alexander Callander_2025-11-19T21:17:20",69825516c835c41957dfa3f7,Undirected,1,2004
"Lifshitz, Felice_2025-11-19T21:17:20",69825516c835c41957dfa3f7,Undirected,1,2004
"Morgan, David O._2025-11-19T21:17:20",69825516c835c41957dfa3f7,Undirected,1,2004
"Kugeler, Heidrun_2025-11-19T21:17:20",69825516c835c41957dfa3f7,Undirected,1,2004
"Kupfer, Marcia A._2025-11-19T21:40:35",69825516c835c41957dfa3f7,Undirected,1,2004
"Williams, Patrick_2025-11-19T21:17:20",69825516c835c41957dfa3f7,Undirected,1,2004
"Bregel, Yuri_2025-11-19T21:17:20",69825516c835c41957dfa3f7,Undirected,1,2004
"Breuilly, John_2025-11-19T21:17:20",69825516c835c41957dfa3f7,Undirected,1,2004
"Brook, Timothy_2025-11-19T21:17:20",69825516c835c41957dfa3f7,Undirected,1,2004
"Gosse, Dave_2025-11-19T21:17:20",69825516c835c41957dfa3f7,Undirected,1,2004
"Harrison, Mark_2025-11-19T21:17:20",69825516c835c41957dfa3f7,Undirected,1,2004
"Berkovitz, Jay R._2025-11-19T21:17:20",69825516c835c41957dfa3f7,Undirected,1,2004
"Clark, J. C. D._2025-11-19T21:17:20",69825516c835c41957dfa3f7,Undirected,1,2004
"Bowen, H. V._2025-11-19T21:17:20",69825516c835c41957dfa3f7,Undirected,1,2004
"Wilson, Peter H._2025-11-19T21:17:20",69825516c835c41957dfa3f7,Undirected,1,2004
"Roberts, David Andrew_2025-11-19T21:17:20",69825516c835c41957dfa3f7,Undirected,1,2004
"Jackson, Ashley_2025-11-19T21:17:20",69825516c835c41957dfa3f7,Undirected,1,2004
"Deák, István_2025-11-19T21:17:20",69825516c835c41957dfa3f7,Undirected,1,2004
"Moggridge, D. E._2025-11-19T21:17:20",69825516c835c41957dfa3f7,Undirected,1,2004
"Reid, Donald Malcolm_2025-11-19T21:17:20",69825516c835c41957dfa3f7,Undirected,1,2004
"Canuel, Mark_2025-11-19T21:17:20",69825516c835c41957dfa3f7,Undirected,1,2004
"Frost, Alan_2025-11-19T21:17:20",69825516c835c41957dfa3f7,Undirected,1,2004
"Childs, Matt D._2025-11-19T21:17:20",69825516c835c41957dfa3f7,Undirected,1,2004
"Anna, Timothy E._2025-11-19T21:17:20",69825516c835c41957dfa3f7,Undirected,1,2004
"Salvucci, Richard J._2025-11-19T21:17:20",69825516c835c41957dfa3f7,Undirected,1,2004
"Lamb, Margaret_2025-11-19T21:17:20",69825516c835c41957dfa3f7,Undirected,1,2004
"Clavin, Patricia_2025-11-19T21:17:20",69825516c835c41957dfa3f7,Undirected,1,2004
"Osterhammel, Jürgen_2025-11-19T21:17:20",69825516c835c41957dfa3f7,Undirected,1,2004
"Munch-Petersen, Thomas_2025-11-19T21:17:20",69825516c835c41957dfa3f7,Undirected,1,2004
"Gökay, Bülent_2025-11-19T21:17:20",69825516c835c41957dfa3f7,Undirected,1,2004
"Birn, Anne-Emanuelle_2025-11-19T21:17:20",69825516c835c41957dfa3f7,Undirected,1,2004
"Eley, Geoff_2025-11-19T21:17:20",69825516c835c41957dfa3f7,Undirected,1,2004
"Stone, David R._2025-11-19T21:17:20",69825516c835c41957dfa3f7,Undirected,1,2004
"MacKenzie, John M._2025-11-19T21:17:20",69825516c835c41957dfa3f7,Undirected,1,2004
"Taylor, Philip M._2025-11-19T21:17:20",69825516c835c41957dfa3f7,Undirected,1,2004
"Hopwood, Derek_2025-11-19T21:17:17",69825516c835c41957dfa3f7,Undirected,1,2004
"Cassels, Allan_2025-11-19T21:17:23",69825516c835c41957dfa3f7,Undirected,1,2004
"De Grand, Alexander_2025-11-19T21:17:20",69825516c835c41957dfa3f7,Undirected,1,2004
"Paret, Peter_2025-11-19T21:17:20",69825516c835c41957dfa3f7,Undirected,1,2004
"Adamthwaite, Anthony_2025-11-19T21:17:20",69825516c835c41957dfa3f7,Undirected,1,2004
"Schaller, Michael_2025-11-19T21:17:20",69825516c835c41957dfa3f7,Undirected,1,2004
"Straczek, J. H._2025-11-19T21:17:20",69825516c835c41957dfa3f7,Undirected,1,2004
"Noakes, Lucy_2025-11-19T21:17:20",69825516c835c41957dfa3f7,Undirected,1,2004
"Kurlick, Bruce_2025-11-19T21:17:20",69825516c835c41957dfa3f7,Undirected,1,2004
"Edmondson, C. Earl_2025-11-19T21:17:20",69825516c835c41957dfa3f7,Undirected,1,2004
"Bartlett, Beatrice S._2025-11-19T21:17:20",69825516c835c41957dfa3f7,Undirected,1,2004
"Jankowski, James_2025-11-19T21:17:20",69825516c835c41957dfa3f7,Undirected,1,2004
"Wirsing, Robert G._2025-11-19T21:17:20",69825516c835c41957dfa3f7,Undirected,1,2004
"Penrose, Sandra_2025-11-19T21:17:20",69825516c835c41957dfa3f7,Undirected,1,2004
"Adams, Robert McC_2025-11-19T21:17:22",69825516c835c41957dfa428,Undirected,1,2004
"Strachan, Hew_2025-11-19T21:17:22",69825516c835c41957dfa428,Undirected,1,2004
"Sheldon, R. M._2025-11-19T21:17:22",69825516c835c41957dfa428,Undirected,1,2004
"Laracy, Hugh_2025-11-19T21:17:22",69825516c835c41957dfa428,Undirected,1,2004
"Eckstein, Arthur M._2025-11-19T21:17:22",69825516c835c41957dfa428,Undirected,1,2004
"Chibnall, Marjorie_2025-11-19T21:17:22",69825516c835c41957dfa428,Undirected,1,2004
"Collins, Roger_2025-11-19T21:17:22",69825516c835c41957dfa428,Undirected,1,2004
"Fernández-Armesto, Felipe_2025-11-19T21:17:22",69825516c835c41957dfa428,Undirected,1,2004
"Norris, John_2025-11-19T21:17:22",69825516c835c41957dfa428,Undirected,1,2004
"Perdue, Peter C._2025-11-19T21:17:22",69825516c835c41957dfa428,Undirected,1,2004
"Burkholder, Mark A._2025-11-19T21:17:22",69825516c835c41957dfa428,Undirected,1,2004
"Murrin, John M._2025-11-19T21:17:22",69825516c835c41957dfa428,Undirected,1,2004
"Burrows, Simon_2025-11-19T21:17:22",69825516c835c41957dfa428,Undirected,1,2004
"Webb, Paul_2025-11-19T21:17:22",69825516c835c41957dfa428,Undirected,1,2004
"Denoon, Donald_2025-11-19T21:17:22",69825516c835c41957dfa428,Undirected,1,2004
"Fox, James J._2025-11-19T21:17:22",69825516c835c41957dfa428,Undirected,1,2004
"Huffman, James L._2025-11-19T21:17:22",69825516c835c41957dfa428,Undirected,1,2004
"Greenhalgh, Elizabeth_2025-11-19T21:17:22",69825516c835c41957dfa428,Undirected,1,2004
"Höbelt, Lothar_2025-11-19T21:17:22",69825516c835c41957dfa428,Undirected,1,2004
"Hsu, Madeline Y._2025-11-19T21:17:22",69825516c835c41957dfa428,Undirected,1,2004
"Martin, Phyllis M._2025-11-19T21:17:22",69825516c835c41957dfa428,Undirected,1,2004
"Mahajan, Sneh_2025-11-19T21:17:22",69825516c835c41957dfa428,Undirected,1,2004
"Goetschel, Laurent_2025-11-19T21:17:22",69825516c835c41957dfa428,Undirected,1,2004
"Bond, Brian_2025-11-19T21:17:22",69825516c835c41957dfa428,Undirected,1,2004
"Winter, Jay_2025-11-19T21:17:22",69825516c835c41957dfa428,Undirected,1,2004
"Day, David_2025-11-19T21:17:22",69825516c835c41957dfa428,Undirected,1,2004
"Millen, Raymond_2025-11-19T21:17:22",69825516c835c41957dfa428,Undirected,1,2004
"Carabot, Philip_2025-11-19T21:17:22",69825516c835c41957dfa428,Undirected,1,2004
"Turner, Henry Ashby_2025-11-19T21:17:22",69825516c835c41957dfa428,Undirected,1,2004
"Morton, Desmond_2025-11-19T21:17:22",69825516c835c41957dfa428,Undirected,1,2004
"Ninkovich, Frank_2025-11-19T21:17:22",69825516c835c41957dfa428,Undirected,1,2004
"Cull, Nicholas J._2025-11-19T21:17:22",69825516c835c41957dfa428,Undirected,1,2004
"Lee, Sabine_2025-11-19T21:17:22",69825516c835c41957dfa428,Undirected,1,2004
"Carapico, Sheila_2025-11-19T21:17:22",69825516c835c41957dfa428,Undirected,1,2004
"Ovendale, Ritchie_2025-11-19T21:17:22",69825516c835c41957dfa428,Undirected,1,2004
"Share, Michael_2025-11-19T21:17:22",69825516c835c41957dfa428,Undirected,1,2004
"Carmichael, Cathie_2025-11-19T21:17:22",69825516c835c41957dfa428,Undirected,1,2004
"English, Robert D._2025-11-19T21:17:22",69825516c835c41957dfa428,Undirected,1,2004
"Lebow, Richard Ned_2025-11-19T21:17:22",69825516c835c41957dfa428,Undirected,1,2004
"McLeod, Mark W._2025-11-19T21:17:22",69825516c835c41957dfa428,Undirected,1,2004
"Krepon, Michael_2025-11-19T21:17:22",69825516c835c41957dfa428,Undirected,1,2004
"Owram, Doug_2025-11-19T21:17:22",69825516c835c41957dfa428,Undirected,1,2004
"Smith, Peter J._2025-11-19T21:17:22",69825516c835c41957dfa428,Undirected,1,2004
"Spruyt, Hendrik_2025-11-19T21:17:22",69825516c835c41957dfa428,Undirected,1,2004
"Karsten, Peter_2025-11-19T21:17:22",69825516c835c41957dfa428,Undirected,1,2004
"Simpson, Bradley R._2025-11-19T21:17:22",69825516c835c41957dfa428,Undirected,1,2004
"Mayers, David_2025-11-19T21:17:22",69825516c835c41957dfa428,Undirected,1,2004
"Zhai, Qiang_2025-11-19T21:17:22",69825516c835c41957dfa428,Undirected,1,2004
"Sluglett, Peter_2025-11-19T21:17:22",69825516c835c41957dfa428,Undirected,1,2004
"Ray, James Lee_2025-11-19T21:17:22",69825516c835c41957dfa428,Undirected,1,2004
"Hirt, Paul W._2025-11-19T21:17:33",69825516c835c41957dfa52a,Undirected,1,2004
"Higham, Robin_2025-11-19T21:17:33",69825516c835c41957dfa52a,Undirected,1,2004
"Heckel, Waldemar_2025-11-19T21:17:33",69825516c835c41957dfa52a,Undirected,1,2004
"Dien, Albert E._2025-11-19T21:17:33",69825516c835c41957dfa52a,Undirected,1,2004
"Contreni, John J._2025-11-19T21:17:23",69825516c835c41957dfa52a,Undirected,1,2004
"Tarling, Nicholas_2025-11-19T21:17:22",69825516c835c41957dfa52a,Undirected,1,2004
"Van Young, Eric_2025-11-19T21:17:32",69825516c835c41957dfa52a,Undirected,1,2004
"Williams, David_2025-11-19T21:17:30",69825516c835c41957dfa52a,Undirected,1,2004
"Laursen, John Christian_2025-11-19T21:17:33",69825516c835c41957dfa52a,Undirected,1,2004
"Maier, Christoph T._2025-11-19T21:17:33",69825516c835c41957dfa52a,Undirected,1,2004
"Powell, James M._2025-11-19T21:17:33",69825516c835c41957dfa52a,Undirected,1,2004
"Brett, Michael_2025-11-19T21:17:33",69825516c835c41957dfa52a,Undirected,1,2004
"Williams, Michael_2025-11-19T21:17:33",69825516c835c41957dfa52a,Undirected,1,2004
"Dale, Stephen Frederic_2025-11-19T21:28:55",69825516c835c41957dfa52a,Undirected,1,2004
"Eckstein, Arthur M._2025-11-19T21:17:22",69825516c835c41957dfa52a,Undirected,1,2004
"Altman, Ida_2025-11-19T21:17:33",69825516c835c41957dfa52a,Undirected,1,2004
"Steele, Ian K._2025-11-19T21:17:33",69825516c835c41957dfa52a,Undirected,1,2004
"Wilson, Jon E._2025-11-19T21:17:33",69825516c835c41957dfa52a,Undirected,1,2004
"Dickson, P. G. M._2025-11-19T21:17:33",69825516c835c41957dfa52a,Undirected,1,2004
"Dickinson, H. T._2025-11-19T21:17:33",69825516c835c41957dfa52a,Undirected,1,2004
"Szostack, Rick_2025-11-19T21:17:33",69825516c835c41957dfa52a,Undirected,1,2004
"Reid, Donald_2025-11-19T21:17:23",69825516c835c41957dfa52a,Undirected,1,2004
"Dwyer, Philip G._2025-11-19T21:17:32",69825516c835c41957dfa52a,Undirected,1,2004
"Metcalf, Thomas R._2025-11-19T21:17:33",69825516c835c41957dfa52a,Undirected,1,2004
"Rothenberg, Gunther E._2025-11-19T21:17:33",69825516c835c41957dfa52a,Undirected,1,2004
"Smith, Helmut Walser_2025-11-19T21:17:33",69825516c835c41957dfa52a,Undirected,1,2004
"Klein, Martin_2025-11-19T21:17:22",69825516c835c41957dfa52a,Undirected,1,2004
"Wetzel, David_2025-11-19T21:17:33",69825516c835c41957dfa52a,Undirected,1,2004
"Wright, David Curtis_2025-11-19T21:17:33",69825516c835c41957dfa52a,Undirected,1,2004
"Legassick, Martin_2025-11-19T21:17:25",69825516c835c41957dfa52a,Undirected,1,2004
"Yockelson, Mitchell_2025-11-19T21:17:33",69825516c835c41957dfa52a,Undirected,1,2004
"Saul, Norman E._2025-11-19T21:17:33",69825516c835c41957dfa52a,Undirected,1,2004
"Strachan, Hew_2025-11-19T21:17:22",69825516c835c41957dfa52a,Undirected,1,2004
"Bryder, Linda_2025-11-19T21:17:25",69825516c835c41957dfa52a,Undirected,1,2004
"Reilly, James A._2025-11-19T21:17:33",69825516c835c41957dfa52a,Undirected,1,2004
"Lukes, Igor_2025-11-19T21:17:33",69825516c835c41957dfa52a,Undirected,1,2004
"Gorodetsky, Gabriel_2025-11-19T21:17:33",69825516c835c41957dfa52a,Undirected,1,2004
"Schenk, Catherine R._2025-11-19T21:17:23",69825516c835c41957dfa52a,Undirected,1,2004
"Allen, William Sheridan_2025-11-19T21:17:33",69825516c835c41957dfa52a,Undirected,1,2004
"Jeffries, John W._2025-11-19T21:17:33",69825516c835c41957dfa52a,Undirected,1,2004
"Dutton, David_2025-11-19T21:17:33",69825516c835c41957dfa52a,Undirected,1,2004
"Till, Geoffrey_2025-11-19T21:17:33",69825516c835c41957dfa52a,Undirected,1,2004
"Herzstein, Robert Edwin_2025-11-19T21:17:33",69825516c835c41957dfa52a,Undirected,1,2004
"Borstelmann, Thomas_2025-11-19T21:17:33",69825516c835c41957dfa52a,Undirected,1,2004
"Herspring, Dale R._2025-11-19T21:17:33",69825516c835c41957dfa52a,Undirected,1,2004
"Lambelet, Jean-Christian_2025-11-19T21:17:33",69825516c835c41957dfa52a,Undirected,1,2004
"Cohen, Warren I._2025-11-19T21:17:33",69825516c835c41957dfa52a,Undirected,1,2004
"Grey, Jeffrey_2025-11-19T21:17:33",69825516c835c41957dfa52a,Undirected,1,2004
"Preston, Andrew_2025-11-19T21:17:29",69825516c835c41957dfa52a,Undirected,1,2004
"Camps, Gabriel_2025-11-19T21:46:33",69825516c835c41957dfb32c,Undirected,1,2004
"Chaker, Salem_2025-11-19T21:19:03",69825516c835c41957dfb32c,Undirected,1,2004
"Meid, Volker_2025-11-19T21:20:44",69825516c835c41957dfb720,Undirected,1,2004
"Stollmann, Rainer_2025-11-19T21:20:47",69825516c835c41957dfb720,Undirected,1,2004
"Schafroth, Heinz F._2025-11-19T21:20:47",69825516c835c41957dfb720,Undirected,1,2004
"Reck, Alexander_2025-11-19T21:20:47",69825516c835c41957dfb720,Undirected,1,2004
"Bachmaier, Helmut_2025-11-19T21:20:45",69825516c835c41957dfb720,Undirected,1,2004
"Schmitz, Matthias_2025-11-19T21:20:46",69825516c835c41957dfb720,Undirected,1,2004
"Lutz, Bernd_2025-11-19T21:20:47",69825516c835c41957dfb720,Undirected,1,2004
"Meid, Marianne_2025-11-19T21:20:47",69825516c835c41957dfb720,Undirected,1,2004
"Schwab, Hans-Rüdiger_2025-11-19T21:20:44",69825516c835c41957dfb720,Undirected,1,2004
"Conter, Claude D._2025-11-19T21:20:47",69825516c835c41957dfb720,Undirected,1,2004
"Emmerich, Wolfgang_2025-11-19T21:20:47",69825516c835c41957dfb720,Undirected,1,2004
"Heidtmann, Horst_2025-11-19T21:20:47",69825516c835c41957dfb720,Undirected,1,2004
"Ohde, Horst_2025-11-19T21:20:47",69825516c835c41957dfb720,Undirected,1,2004
"Kretschmer, Ernst_2025-11-19T21:20:47",69825516c835c41957dfb720,Undirected,1,2004
"Möhrmann, Renate_2025-11-19T21:20:43",69825516c835c41957dfb720,Undirected,1,2004
"Dietz, Ludwig_2025-11-19T21:20:47",69825516c835c41957dfb720,Undirected,1,2004
"Hagestedt, Lutz_2025-11-19T21:20:47",69825516c835c41957dfb720,Undirected,1,2004
"Schmähling, Walter_2025-11-19T21:20:47",69825516c835c41957dfb720,Undirected,1,2004
"Hotz, Karl_2025-11-19T21:20:47",69825516c835c41957dfb720,Undirected,1,2004
"Beiküfner, Uta_2025-11-19T21:20:47",69825516c835c41957dfb720,Undirected,1,2004
"Stark, Michael_2025-11-19T21:20:47",69825516c835c41957dfb720,Undirected,1,2004
"Walther, Elisabeth_2025-11-19T21:20:47",69825516c835c41957dfb720,Undirected,1,2004
"Müller, Wolfgang_2025-11-19T21:20:47",69825516c835c41957dfb720,Undirected,1,2004
"Bauer, Michael_2025-11-19T21:20:47",69825516c835c41957dfb720,Undirected,1,2004
"Kreidt, Dietrich_2025-11-19T21:20:47",69825516c835c41957dfb720,Undirected,1,2004
"Blamberger, Günter_2025-11-19T21:20:46",69825516c835c41957dfb720,Undirected,1,2004
"Wehdeking, Volker_2025-11-19T21:20:47",69825516c835c41957dfb720,Undirected,1,2004
"Liebl-Kopitzki, Waltraut_2025-11-19T21:20:47",69825516c835c41957dfb720,Undirected,1,2004
"Stein, Peter G._2025-11-19T21:31:51",69825516c835c41957dfb720,Undirected,1,2004
"Beutin, Wolfgang_2025-11-19T21:20:47",69825516c835c41957dfb720,Undirected,1,2004
"Töteberg, Michael_2025-11-19T21:20:47",69825516c835c41957dfb720,Undirected,1,2004
"Knopf, Jan_2025-11-19T21:20:42",69825516c835c41957dfb720,Undirected,1,2004
"Rohrwasser, Michael_2025-11-19T21:20:47",69825516c835c41957dfb720,Undirected,1,2004
"Habersetzer, Karl-Heinz_2025-11-19T21:20:47",69825516c835c41957dfb720,Undirected,1,2004
"Vaßen, Florian_2025-11-19T21:20:47",69825516c835c41957dfb720,Undirected,1,2004
"Vollhardt, Friedrich_2025-11-19T21:20:47",69825516c835c41957dfb720,Undirected,1,2004
"Bauer, Stefan_2025-11-19T21:20:47",69825516c835c41957dfb720,Undirected,1,2004
"Williams, Rhys W._2025-11-19T21:20:47",69825516c835c41957dfb720,Undirected,1,2004
"Hollmer, Heide_2025-11-19T21:20:47",69825516c835c41957dfb720,Undirected,1,2004
"Hilzinger, Sonja_2025-11-19T21:20:47",69825516c835c41957dfb720,Undirected,1,2004
"Hauschild, Jan-Christoph_2025-11-19T21:20:47",69825516c835c41957dfb720,Undirected,1,2004
"Hoben, Josef_2025-11-19T21:20:44",69825516c835c41957dfb720,Undirected,1,2004
"Stephan, Inge_2025-11-19T21:20:47",69825516c835c41957dfb720,Undirected,1,2004
"Schweikert, Uwe_2025-11-19T21:20:47",69825516c835c41957dfb720,Undirected,1,2004
"Zeidler, Lothar_2025-11-19T21:20:47",69825516c835c41957dfb720,Undirected,1,2004
"Jeßing, Benedikt_2025-11-19T21:20:47",69825516c835c41957dfb720,Undirected,1,2004
"Mende, Dirk_2025-11-19T21:20:47",69825516c835c41957dfb720,Undirected,1,2004
"Schönert, Jörg_2025-11-19T21:20:43",69825516c835c41957dfb720,Undirected,1,2004
"Grimm, Gunter E._2025-11-19T21:20:47",69825516c835c41957dfb720,Undirected,1,2004
"Drancourt, Michel_2025-11-19T21:21:28",69825516c835c41957dfba14,Undirected,1,2004
"Roux, Véronique_2025-11-19T21:21:28",69825516c835c41957dfba14,Undirected,1,2004
"Dang, La Vu_2025-11-19T21:21:28",69825516c835c41957dfba14,Undirected,1,2004
"Tran-Hung, Lam_2025-11-19T21:21:28",69825516c835c41957dfba14,Undirected,1,2004
"Castex, Dominique_2025-11-19T21:19:37",69825516c835c41957dfba14,Undirected,1,2004
"Ogata, Hiroyuki_2025-11-19T21:21:28",69825516c835c41957dfba14,Undirected,1,2004
"Fournier, Pierre-Edouard_2025-11-19T21:21:28",69825516c835c41957dfba14,Undirected,1,2004
"Crubézy, Eric_2025-11-19T21:21:28",69825516c835c41957dfba14,Undirected,1,2004
"Raoult, Didier_2025-11-19T21:21:28",69825516c835c41957dfba14,Undirected,1,2004
"Good, Jonathan David Arthur_2025-11-19T21:21:54",69825516c835c41957dfbc20,Undirected,1,2004
University of Minnesota_2025-11-19T21:21:50,69825516c835c41957dfbc20,Undirected,1,2004
"Emmerson, Richard K._2025-11-19T21:24:21",69825516c835c41957dfc8da,Undirected,1,2004
"Shailor, Barbara A._2025-11-19T21:24:21",69825516c835c41957dfc8da,Undirected,1,2004
"Stuard, Susan Mosher_2025-11-19T21:24:21",69825516c835c41957dfc8da,Undirected,1,2004
"McGinn, Bernard_2025-11-19T21:24:27",69825516c835c41957dfc8da,Undirected,1,2004
"BOUCHARD, Constance Brittain_2025-11-19T21:21:46",69825516c835c41957dfc8da,Undirected,1,2004
"Hamburger, Jeffrey F._2025-11-19T21:24:27",69825516c835c41957dfc8da,Undirected,1,2004
"Lynch, Kathryn L._2025-11-19T21:24:27",69825516c835c41957dfc8da,Undirected,1,2004
"Dutton, Paul_2025-11-19T21:24:27",69825516c835c41957dfc8da,Undirected,1,2004
"Holsinger, Bruce W._2025-11-19T21:24:21",69825516c835c41957dfc8da,Undirected,1,2004
"Kupfer, Marcia A._2025-11-19T21:40:35",69825516c835c41957dfc8da,Undirected,1,2004
"Klausner, David N._2025-11-19T21:24:21",69825516c835c41957dfc8da,Undirected,1,2004
"van Deusen, Nancy_2025-11-19T21:24:27",69825516c835c41957dfc8da,Undirected,1,2004
"Jordan, William Chester_2025-11-19T21:24:21",69825516c835c41957dfc8da,Undirected,1,2004
"Ziegler, Vickie_2025-11-19T21:24:21",69825516c835c41957dfc8da,Undirected,1,2004
"Hallgrímsson, Benedikt_2025-11-19T21:25:06",69825516c835c41957dfcc8d,Undirected,1,2004
"O’Donnabhain, Barra_2025-11-19T21:26:32",69825516c835c41957dfcc8d,Undirected,1,2004
"Walters, G. Bragi_2025-11-19T21:25:06",69825516c835c41957dfcc8d,Undirected,1,2004
"Cooper, David M.L._2025-11-19T21:25:06",69825516c835c41957dfcc8d,Undirected,1,2004
"Guđbjartsson, Daníel_2025-11-19T21:25:06",69825516c835c41957dfcc8d,Undirected,1,2004
"Stefánsson, Kari_2025-11-19T21:25:06",69825516c835c41957dfcc8d,Undirected,1,2004
"Lücke, Andreas_2025-11-19T21:21:39",69825516c835c41957dfccc2,Undirected,1,2004
"Sirocko, Frank_2025-11-19T21:18:28",69825516c835c41957dfccc2,Undirected,1,2004
"Rigg, A.G._2025-11-19T21:26:16",69825516c835c41957dfd1e2,Undirected,1,2004
"Adams, Anthony_2025-11-19T21:26:16",69825516c835c41957dfd1e2,Undirected,1,2004
"Watson, Nicholas_2025-11-19T21:16:59",69825516c835c41957dfd9dc,Undirected,1,2004
"Wogan-Browne, Jocelyn_2025-11-19T21:16:59",69825516c835c41957dfd9dc,Undirected,1,2004
University of Exeter_2025-11-19T21:28:34,69825516c835c41957dfda3d,Undirected,1,2004
"Creighton, Oliver H._2025-11-19T21:17:09",69825516c835c41957dfda3d,Undirected,1,2004
"Higham, R.A_2025-11-19T21:28:34",69825516c835c41957dfda3d,Undirected,1,2004
"Billoin, David_2025-11-19T21:18:50",69825516c835c41957dfdcd8,Undirected,1,2004
"Pilet-Lemière, Jacqueline_2025-11-19T21:29:05",69825516c835c41957dfdcd8,Undirected,1,2004
"Mazimann, Jean-Pierre_2025-11-19T21:29:05",69825516c835c41957dfdcd8,Undirected,1,2004
"Wheeler, Bonnie_2025-11-19T21:21:13",69825516c835c41957dfe668,Undirected,1,2004
"Poor, Sara S._2025-11-19T21:17:26",69825516c835c41957dfe668,Undirected,1,2004
"Matter, E. Ann_2025-11-19T21:28:05",69825516c835c41957dfe668,Undirected,1,2004
"Clark Bartlett, Anne_2025-11-19T21:31:47",69825516c835c41957dfe668,Undirected,1,2004
"Lifshitz, Felice_2025-11-19T21:17:20",69825516c835c41957dfe668,Undirected,1,2004
"Pinter, Farkas_2025-11-19T21:33:59",69825516c835c41957dfedf8,Undirected,1,2004
"Szakmany, Gyorgy_2025-11-19T21:33:59",69825516c835c41957dfedf8,Undirected,1,2004
"Demény, Attila_2025-11-19T21:17:56",69825516c835c41957dfedf8,Undirected,1,2004
"Toth, Maria_2025-11-19T21:33:59",69825516c835c41957dfedf8,Undirected,1,2004
"Mauquoy, Dmitri_2025-11-19T21:35:31",69825516c835c41957dff24e,Undirected,1,2004
"Blaauw, Maarten_2025-11-19T21:35:31",69825516c835c41957dff24e,Undirected,1,2004
"van Geel, Bas_2025-11-19T21:35:31",69825516c835c41957dff24e,Undirected,1,2004
"Borromei, Ana_2025-11-19T21:35:31",69825516c835c41957dff24e,Undirected,1,2004
"Quattrocchio, Mirta_2025-11-19T21:35:31",69825516c835c41957dff24e,Undirected,1,2004
"Chambers, Frank M._2025-11-19T21:17:36",69825516c835c41957dff24e,Undirected,1,2004
"Possnert, Göran_2025-11-19T21:17:07",69825516c835c41957dff24e,Undirected,1,2004
"Borić, Dušan_2025-11-19T21:35:36",69825516c835c41957dff286,Undirected,1,2004
"Grupe, Gisela_2025-11-19T21:20:51",69825516c835c41957dff286,Undirected,1,2004
"Peters, Joris_2025-11-19T21:16:39",69825516c835c41957dff286,Undirected,1,2004
"Mikić, Živko_2025-11-19T21:35:36",69825516c835c41957dff286,Undirected,1,2004
"Barrett, James H._2025-11-19T21:24:34",69825517c835c41957dff465,Undirected,1,2004
"Richards, Michael_2025-11-19T21:17:34",69825517c835c41957dff465,Undirected,1,2004
"Ford, Steve_2025-11-19T21:40:03",69825517c835c41957dffef9,Undirected,1,2004
"Hamilton-Dyer, Sheila_2025-11-19T21:26:32",69825517c835c41957dffef9,Undirected,1,2004
"Powell, Nicola_2025-11-19T21:40:03",69825517c835c41957dffef9,Undirected,1,2004
"Precious, Barbara_2025-11-19T21:36:13",69825517c835c41957dffef9,Undirected,1,2004
"Galli, A._2026-01-14T22:06:23",69825517c835c41957e019ba,Undirected,1,2004
"Martini, M._2026-01-14T22:06:26",69825517c835c41957e019ba,Undirected,1,2004
"Montanari, C._2026-01-14T22:06:27",69825517c835c41957e019ba,Undirected,1,2004
"Sibilia, E._2026-01-14T22:06:28",69825517c835c41957e019ba,Undirected,1,2004
"LeDonne, John P._2025-11-19T21:17:22",69825516c835c41957dfa429,Undirected,1,2005
"Gerberding, Richard A._2025-11-19T21:17:22",69825516c835c41957dfa429,Undirected,1,2005
"Morris, Richard_2025-11-19T21:17:22",69825516c835c41957dfa429,Undirected,1,2005
"Hall, Bert S._2025-11-19T21:17:22",69825516c835c41957dfa429,Undirected,1,2005
"Greene, Molly_2025-11-19T21:17:22",69825516c835c41957dfa429,Undirected,1,2005
"Kaegi, Walter E._2025-11-19T21:17:22",69825516c835c41957dfa429,Undirected,1,2005
"Tyerman, Christopher_2025-11-19T21:17:22",69825516c835c41957dfa429,Undirected,1,2005
"Shepard, Jonathan_2025-11-19T21:17:22",69825516c835c41957dfa429,Undirected,1,2005
"Barber, Michael D._2025-11-19T21:17:22",69825516c835c41957dfa429,Undirected,1,2005
"Subrahmanyam, Sanjay_2025-11-19T21:17:22",69825516c835c41957dfa429,Undirected,1,2005
"Howard, Allen M._2025-11-19T21:17:22",69825516c835c41957dfa429,Undirected,1,2005
"Langley, Lester D._2025-11-19T21:17:22",69825516c835c41957dfa429,Undirected,1,2005
"Klein, Martin_2025-11-19T21:17:22",69825516c835c41957dfa429,Undirected,1,2005
"Russell-Wood, A. J. R._2025-11-19T21:17:22",69825516c835c41957dfa429,Undirected,1,2005
"Wellenreuther, Hermann_2025-11-19T21:17:22",69825516c835c41957dfa429,Undirected,1,2005
"Lenman, Bruce P._2025-11-19T21:17:22",69825516c835c41957dfa429,Undirected,1,2005
"Kishlansky, Mark A._2025-11-19T21:17:22",69825516c835c41957dfa429,Undirected,1,2005
"Codignola, Luca_2025-11-19T21:17:22",69825516c835c41957dfa429,Undirected,1,2005
"Szabo, Franz A. J._2025-11-19T21:17:22",69825516c835c41957dfa429,Undirected,1,2005
"Hughes, Lindsey_2025-11-19T21:17:22",69825516c835c41957dfa429,Undirected,1,2005
"Webb, Paul_2025-11-19T21:17:22",69825516c835c41957dfa429,Undirected,1,2005
"Jacob, Margaret C._2025-11-19T21:17:22",69825516c835c41957dfa429,Undirected,1,2005
"Ridington, Robin_2025-11-19T21:17:22",69825516c835c41957dfa429,Undirected,1,2005
"Gould, Eliga H._2025-11-19T21:17:22",69825516c835c41957dfa429,Undirected,1,2005
"Cormack, William S._2025-11-19T21:17:22",69825516c835c41957dfa429,Undirected,1,2005
"Callahan, Raymond A._2025-11-19T21:17:22",69825516c835c41957dfa429,Undirected,1,2005
"Diacon, Todd A._2025-11-19T21:17:22",69825516c835c41957dfa429,Undirected,1,2005
"Wills, John E._2025-11-19T21:17:22",69825516c835c41957dfa429,Undirected,1,2005
"Reinerman, Alan J._2025-11-19T21:17:22",69825516c835c41957dfa429,Undirected,1,2005
"Darwin, John_2025-11-19T21:17:22",69825516c835c41957dfa429,Undirected,1,2005
"Cole, Terrence M._2025-11-19T21:17:22",69825516c835c41957dfa429,Undirected,1,2005
"Kenefick, William_2025-11-19T21:17:22",69825516c835c41957dfa429,Undirected,1,2005
"Notehelfer, F. G._2025-11-19T21:17:22",69825516c835c41957dfa429,Undirected,1,2005
"Rock, Kenneth W._2025-11-19T21:17:22",69825516c835c41957dfa429,Undirected,1,2005
"Barrett, James R._2025-11-19T21:17:22",69825516c835c41957dfa429,Undirected,1,2005
"Headrick, Daniel R._2025-11-19T21:17:20",69825516c835c41957dfa429,Undirected,1,2005
"Karau, Mark D._2025-11-19T21:17:22",69825516c835c41957dfa429,Undirected,1,2005
"Haywood, Geoff_2025-11-19T21:17:22",69825516c835c41957dfa429,Undirected,1,2005
"Crane, Conrad C._2025-11-19T21:17:22",69825516c835c41957dfa429,Undirected,1,2005
"Duus, Peter_2025-11-19T21:17:22",69825516c835c41957dfa429,Undirected,1,2005
"Reimers, David M._2025-11-19T21:17:22",69825516c835c41957dfa429,Undirected,1,2005
"Anscombe, Frederick F._2025-11-19T21:17:22",69825516c835c41957dfa429,Undirected,1,2005
"McLean, David_2025-11-19T21:17:22",69825516c835c41957dfa429,Undirected,1,2005
"Bell, Christopher M._2025-11-19T21:17:22",69825516c835c41957dfa429,Undirected,1,2005
"Maiolo, Joseph A._2025-11-19T21:17:22",69825516c835c41957dfa429,Undirected,1,2005
"Conklin, Alice L._2025-11-19T21:17:22",69825516c835c41957dfa429,Undirected,1,2005
"Petersen, Tore Tingvold_2025-11-19T21:17:22",69825516c835c41957dfa429,Undirected,1,2005
"Sheinin, David_2025-11-19T21:17:22",69825516c835c41957dfa429,Undirected,1,2005
"Hahn, Peter L._2025-11-19T21:17:22",69825516c835c41957dfa429,Undirected,1,2005
"Jonas, Manfred_2025-11-19T21:17:22",69825516c835c41957dfa429,Undirected,1,2005
"Wells, Peter S._2025-11-19T21:17:29",69825516c835c41957dfa4bc,Undirected,1,2005
"Talbert, Richard J. A._2025-11-19T21:17:29",69825516c835c41957dfa4bc,Undirected,1,2005
"Foss, Clive_2025-11-19T21:17:29",69825516c835c41957dfa4bc,Undirected,1,2005
"Rice, Geoffrey W._2025-11-19T21:17:29",69825516c835c41957dfa4bc,Undirected,1,2005
"Tarling, Nicholas_2025-11-19T21:17:22",69825516c835c41957dfa4bc,Undirected,1,2005
"Wood, Ian N._2025-11-19T21:17:29",69825516c835c41957dfa4bc,Undirected,1,2005
"Goldfrank, David M._2025-11-19T21:17:28",69825516c835c41957dfa4bc,Undirected,1,2005
"Cosmo, Nicola Di_2025-11-19T21:17:29",69825516c835c41957dfa4bc,Undirected,1,2005
"Roider, Karl A._2025-11-19T21:17:29",69825516c835c41957dfa4bc,Undirected,1,2005
"Love, Ronald S._2025-11-19T21:17:29",69825516c835c41957dfa4bc,Undirected,1,2005
"Nish, Ian_2025-11-19T21:17:29",69825516c835c41957dfa4bc,Undirected,1,2005
"Mettam, Roger_2025-11-19T21:17:29",69825516c835c41957dfa4bc,Undirected,1,2005
"LeDonne, John P._2025-11-19T21:17:22",69825516c835c41957dfa4bc,Undirected,1,2005
"Boyer, Richard E._2025-11-19T21:17:29",69825516c835c41957dfa4bc,Undirected,1,2005
"Parrott, David_2025-11-19T21:17:29",69825516c835c41957dfa4bc,Undirected,1,2005
"Davis, Richard C._2025-11-19T21:17:29",69825516c835c41957dfa4bc,Undirected,1,2005
"Thompson, Andrew C._2025-11-19T21:17:29",69825516c835c41957dfa4bc,Undirected,1,2005
"Campbell, Ian C._2025-11-19T21:17:29",69825516c835c41957dfa4bc,Undirected,1,2005
"Kennedy, Dane_2025-11-19T21:17:28",69825516c835c41957dfa4bc,Undirected,1,2005
"Tone, John Lawrence_2025-11-19T21:17:29",69825516c835c41957dfa4bc,Undirected,1,2005
"Watts, Sheldon_2025-11-19T21:17:29",69825516c835c41957dfa4bc,Undirected,1,2005
"Hampson, Norman_2025-11-19T21:17:29",69825516c835c41957dfa4bc,Undirected,1,2005
"Williams, Glyndwr_2025-11-19T21:17:20",69825516c835c41957dfa4bc,Undirected,1,2005
"Langley, Lester D._2025-11-19T21:17:22",69825516c835c41957dfa4bc,Undirected,1,2005
"Saab, Ann Pottinger_2025-11-19T21:17:29",69825516c835c41957dfa4bc,Undirected,1,2005
"Blanke, Richard_2025-11-19T21:17:29",69825516c835c41957dfa4bc,Undirected,1,2005
"Bryder, Linda_2025-11-19T21:17:25",69825516c835c41957dfa4bc,Undirected,1,2005
"Brands, H. W._2025-11-19T21:17:29",69825516c835c41957dfa4bc,Undirected,1,2005
"Bosworth, R. J. B._2025-11-19T21:17:25",69825516c835c41957dfa4bc,Undirected,1,2005
"Rossabi, Morris_2025-11-19T21:17:29",69825516c835c41957dfa4bc,Undirected,1,2005
"Maitre, H. Joachim_2025-11-19T21:17:29",69825516c835c41957dfa4bc,Undirected,1,2005
"Kwan, Daniel Y. K._2025-11-19T21:17:29",69825516c835c41957dfa4bc,Undirected,1,2005
"Crapol, Edward P._2025-11-19T21:17:22",69825516c835c41957dfa4bc,Undirected,1,2005
"Foglesong, David S._2025-11-19T21:17:29",69825516c835c41957dfa4bc,Undirected,1,2005
"Höbelt, Lothar_2025-11-19T21:17:22",69825516c835c41957dfa4bc,Undirected,1,2005
"Morton, Desmond_2025-11-19T21:17:22",69825516c835c41957dfa4bc,Undirected,1,2005
"Coble, Parks M._2025-11-19T21:17:29",69825516c835c41957dfa4bc,Undirected,1,2005
"Kovrig, Bennett_2025-11-19T21:17:23",69825516c835c41957dfa4bc,Undirected,1,2005
"Ion, A. Hamish_2025-11-19T21:17:29",69825516c835c41957dfa4bc,Undirected,1,2005
"Doerries, Reinhard R._2025-11-19T21:17:29",69825516c835c41957dfa4bc,Undirected,1,2005
"Jankowski, Paul_2025-11-19T21:17:29",69825516c835c41957dfa4bc,Undirected,1,2005
"Goda, Norman J. W._2025-11-19T21:17:20",69825516c835c41957dfa4bc,Undirected,1,2005
"Granieri, Ronald J._2025-11-19T21:17:25",69825516c835c41957dfa4bc,Undirected,1,2005
"Chatterjee, Kumkum_2025-11-19T21:17:29",69825516c835c41957dfa4bc,Undirected,1,2005
"Ninkovich, Frank_2025-11-19T21:17:22",69825516c835c41957dfa4bc,Undirected,1,2005
"Wainwright, A. Martin_2025-11-19T21:17:29",69825516c835c41957dfa4bc,Undirected,1,2005
"Ashton, Nigel J._2025-11-19T21:17:29",69825516c835c41957dfa4bc,Undirected,1,2005
"Muirhead, Bruce_2025-11-19T21:17:29",69825516c835c41957dfa4bc,Undirected,1,2005
"Duiker, William J._2025-11-19T21:17:29",69825516c835c41957dfa4bc,Undirected,1,2005
"Preston, Andrew_2025-11-19T21:17:29",69825516c835c41957dfa4bc,Undirected,1,2005
"Dumolyn, Jan_2025-11-19T21:17:16",69825516c835c41957dfa4c5,Undirected,1,2005
"Haemers, Jelle_2025-11-19T21:17:29",69825516c835c41957dfa4c5,Undirected,1,2005
"Killock, Douglas_2025-11-19T21:17:35",69825516c835c41957dfa553,Undirected,1,2005
"Meddens, Frank M._2025-11-19T21:21:14",69825516c835c41957dfa553,Undirected,1,2005
"Armitage, Philip_2025-11-19T21:17:35",69825516c835c41957dfa553,Undirected,1,2005
"Egan, Geoff_2025-11-19T21:17:35",69825516c835c41957dfa553,Undirected,1,2005
"Gaimster, David_2025-11-19T21:17:35",69825516c835c41957dfa553,Undirected,1,2005
"Jarrett, Chris_2025-11-19T21:17:35",69825516c835c41957dfa553,Undirected,1,2005
"Keys, Lynne_2025-11-19T21:17:35",69825516c835c41957dfa553,Undirected,1,2005
"Phillpotts, Chris_2025-11-19T21:17:35",69825516c835c41957dfa553,Undirected,1,2005
"Sabel, Ken_2025-11-19T21:17:35",69825516c835c41957dfa553,Undirected,1,2005
"Tyson, Rachel_2025-11-19T21:17:35",69825516c835c41957dfa553,Undirected,1,2005
"Willmott, Hugh_2025-11-19T21:16:30",69825516c835c41957dfa553,Undirected,1,2005
"Byock, Jesse L._2025-11-19T21:27:57",69825516c835c41957dfa568,Undirected,1,2005
"Walker, Phillip_2025-11-19T21:17:36",69825516c835c41957dfa568,Undirected,1,2005
"Erlandson, Jon M._2025-11-19T21:17:57",69825516c835c41957dfa568,Undirected,1,2005
"Holck, Per_2025-11-19T21:17:36",69825516c835c41957dfa568,Undirected,1,2005
"Zori, Davide_2025-11-19T21:15:54",69825516c835c41957dfa568,Undirected,1,2005
"Guđmundsson, Magnús_2025-11-19T21:17:36",69825516c835c41957dfa568,Undirected,1,2005
"Tveskov, Mark_2025-11-19T21:17:36",69825516c835c41957dfa568,Undirected,1,2005
"Arge, Símun V._2025-11-19T21:20:52",69825516c835c41957dfb78d,Undirected,1,2005
"Sveinbjarnardóttir, Guðrún_2025-11-19T21:20:52",69825516c835c41957dfb78d,Undirected,1,2005
"Edwards, Kevin J._2025-11-19T21:20:52",69825516c835c41957dfb78d,Undirected,1,2005
"Buckland, Paul C._2025-11-19T21:20:52",69825516c835c41957dfb78d,Undirected,1,2005
"Montgomery, Janet A._2025-11-19T21:28:49",69825516c835c41957dfb9f5,Undirected,1,2005
"Evans, Jane A._2025-11-19T21:16:39",69825516c835c41957dfb9f5,Undirected,1,2005
"Powlesland, Dominic_2025-11-19T21:21:27",69825516c835c41957dfb9f5,Undirected,1,2005
"Roberts, Charlotte A_2025-11-19T21:21:27",69825516c835c41957dfb9f5,Undirected,1,2005
"Pinhasi, Ron_2025-11-19T21:17:38",69825516c835c41957dfba05,Undirected,1,2005
"Teschler-Nicola, Maria_2025-11-19T21:38:44",69825516c835c41957dfba05,Undirected,1,2005
"Knaus, A_2025-11-19T21:21:28",69825516c835c41957dfba05,Undirected,1,2005
"Shaw, Philip A._2025-11-19T21:25:10",69825516c835c41957dfba05,Undirected,1,2005
"Goodacre, S_2025-11-19T21:21:29",69825516c835c41957dfba1a,Undirected,1,2005
"Helgason, Agnar_2025-11-19T21:48:33",69825516c835c41957dfba1a,Undirected,1,2005
"Nicholson, J_2025-11-19T21:21:29",69825516c835c41957dfba1a,Undirected,1,2005
"Southam, L_2025-11-19T21:21:29",69825516c835c41957dfba1a,Undirected,1,2005
"Ferguson, L_2025-11-19T21:21:29",69825516c835c41957dfba1a,Undirected,1,2005
"Hickey, E_2025-11-19T21:21:29",69825516c835c41957dfba1a,Undirected,1,2005
"Vega, E_2025-11-19T21:21:29",69825516c835c41957dfba1a,Undirected,1,2005
"Stefánsson, Kari_2025-11-19T21:25:06",69825516c835c41957dfba1a,Undirected,1,2005
"Ward, Renée_2025-11-19T21:21:18",69825516c835c41957dfba1a,Undirected,1,2005
"Sykes, B.C._2025-11-19T21:24:34",69825516c835c41957dfba1a,Undirected,1,2005
"McEvoy, B_2025-11-19T21:21:29",69825516c835c41957dfba1b,Undirected,1,2005
"Edwards, Ceiridwen Jane_2025-11-19T21:21:20",69825516c835c41957dfba1b,Undirected,1,2005
"Farkas, L. Gyula_2025-11-19T21:42:09",69825516c835c41957dfba1c,Undirected,1,2005
"Paja, László_2025-11-19T21:20:58",69825516c835c41957dfba1c,Undirected,1,2005
"Józsa, László_2025-11-19T21:21:29",69825516c835c41957dfba1c,Undirected,1,2005
"Ryan, Michael Alan_2025-11-19T21:21:50",69825516c835c41957dfbbb2,Undirected,1,2005
University of Minnesota_2025-11-19T21:21:50,69825516c835c41957dfbbb2,Undirected,1,2005
"FRANK, Daniel H._2025-11-19T21:21:45",69825516c835c41957dfc405,Undirected,1,2005
"Leaman, Oliver_2025-11-19T21:17:18",69825516c835c41957dfc405,Undirected,1,2005
"Fehr, Karl Thomas_2025-11-19T21:25:07",69825516c835c41957dfccab,Undirected,1,2005
"Pohl, Jean_2025-11-19T21:25:07",69825516c835c41957dfccab,Undirected,1,2005
"Mayer, Werner_2025-11-19T21:25:07",69825516c835c41957dfccab,Undirected,1,2005
"Fassbinder, Jörg W.E._2025-11-19T21:38:23",69825516c835c41957dfccab,Undirected,1,2005
"Geiss, Erwin_2025-11-19T21:25:07",69825516c835c41957dfccab,Undirected,1,2005
"Kerscher, Hermann_2025-11-19T21:25:07",69825516c835c41957dfccab,Undirected,1,2005
"Simpson, Ian A._2025-11-19T21:25:08",69825516c835c41957dfccb0,Undirected,1,2005
"Barrett, James H._2025-11-19T21:24:34",69825516c835c41957dfccb0,Undirected,1,2005
"Milek, Karen B._2025-11-19T21:25:08",69825516c835c41957dfccb0,Undirected,1,2005
"Helama, Samuli_2025-11-19T21:20:40",69825516c835c41957dfccbb,Undirected,1,2005
"Lindholm, Markus_2025-11-19T21:28:55",69825516c835c41957dfccbb,Undirected,1,2005
"TIMONEN, MAURI_2025-11-19T21:25:50",69825516c835c41957dfccbb,Undirected,1,2005
"Eronen, M._2025-11-19T21:25:08",69825516c835c41957dfccbb,Undirected,1,2005
"Dumolyn, Jan_2025-11-19T21:17:16",69825516c835c41957dfd5c6,Undirected,1,2005
"Lecuppre-Desjardin, Élodie_2025-11-19T21:18:58",69825516c835c41957dfd5c6,Undirected,1,2005
"Richards, Michael_2025-11-19T21:17:34",69825516c835c41957dfd7db,Undirected,1,2005
"Fuller, B. T._2025-11-19T21:27:47",69825516c835c41957dfd7db,Undirected,1,2005
"Molleson, T. I._2025-11-19T21:27:47",69825516c835c41957dfd7db,Undirected,1,2005
"Van Dam, Raymond_2025-11-19T21:29:58",69825516c835c41957dfe1f4,Undirected,1,2005
"Fouracre, Paul_2025-11-19T21:14:16",69825516c835c41957dfe1f4,Undirected,1,2005
"Halsall, Guy_2025-11-19T21:18:13",69825516c835c41957dfe204,Undirected,1,2005
"Fouracre, Paul_2025-11-19T21:14:16",69825516c835c41957dfe204,Undirected,1,2005
"MOORHEAD, John_2025-11-19T21:21:45",69825516c835c41957dfe206,Undirected,1,2005
"Fouracre, Paul_2025-11-19T21:14:16",69825516c835c41957dfe206,Undirected,1,2005
"Barbero, Alessandro_2025-11-19T21:39:35",69825516c835c41957dfe226,Undirected,1,2005
"Loring, M. I._2025-11-19T21:30:00",69825516c835c41957dfe226,Undirected,1,2005
"Fouracre, Paul_2025-11-19T21:14:16",69825516c835c41957dfe226,Undirected,1,2005
"Schlumbaum, Angela_2025-11-19T21:22:54",69825517c835c41957dffdfb,Undirected,1,2005
"Reddé, M._2025-11-19T21:39:42",69825517c835c41957dffdfb,Undirected,1,2005
"Jacomet, Stefanie_2025-11-19T21:39:42",69825517c835c41957dffdfb,Undirected,1,2005
"Schibler, Jörg_2025-11-19T21:22:54",69825517c835c41957dffdfb,Undirected,1,2005
"Schwarz, Peter-Andrew_2025-11-19T21:39:42",69825517c835c41957dffdfb,Undirected,1,2005
"Ginella, Francesca_2025-11-19T21:23:00",69825517c835c41957dffdfb,Undirected,1,2005
"Hüster-Plogmann, Heide_2025-11-19T21:39:42",69825517c835c41957dffdfb,Undirected,1,2005
"Vandorpe, Patricia_2025-11-19T21:39:42",69825517c835c41957dffdfb,Undirected,1,2005
"Wick, Lucia_2025-11-19T21:39:42",69825517c835c41957dffdfb,Undirected,1,2005
"Tesch, Sten_2025-11-19T21:23:56",69825517c835c41957e00715,Undirected,1,2005
"Wikström, Anders_2025-11-19T21:22:14",69825517c835c41957e00715,Undirected,1,2005
"Haneca, Kristof_2025-11-19T21:18:18",69825517c835c41957e00d2b,Undirected,1,2005
"De Boodt, Ria_2025-11-19T21:47:46",69825517c835c41957e00d2b,Undirected,1,2005
"Herremans, Valérie_2025-11-19T21:47:46",69825517c835c41957e00d2b,Undirected,1,2005
"De Pauw, Hilde_2025-11-19T21:47:46",69825517c835c41957e00d2b,Undirected,1,2005
"Acker, Joris_2025-11-19T21:23:45",69825517c835c41957e00d2b,Undirected,1,2005
"Van de Velde, Carl_2025-11-19T21:47:46",69825517c835c41957e00d2b,Undirected,1,2005
"Beeckman, Hans_2025-11-19T21:23:45",69825517c835c41957e00d2b,Undirected,1,2005
"Teeuwen, Mariken_2025-11-19T21:30:26",69825517c835c41957e01276,Undirected,1,2005
"Coulson, Frank-T._2025-11-19T21:41:56",69825517c835c41957e01276,Undirected,1,2005
"Newman, Barbara_2025-11-19T21:14:16",69825517c835c41957e01287,Undirected,1,2005
"Minet-Mahy, Virginie_2025-11-19T21:49:27",69825517c835c41957e01287,Undirected,1,2005
"Pohl, Walter_2025-11-19T21:15:24",69825517c835c41957e012da,Undirected,1,2005
"Beaupré, Nicolas_2025-11-19T21:49:32",69825517c835c41957e012da,Undirected,1,2005
"Linderholm, Hans W._2025-11-19T21:20:55",69825517c835c41957e0133f,Undirected,1,2005
"Gunnarson, Björn E_2025-11-19T21:47:34",69825517c835c41957e0133f,Undirected,1,2005
"Seitz, Gabriele_2025-11-19T21:18:48",69825517c835c41957e01a28,Undirected,1,2005
"Schwarz, Peter-Andrew_2025-11-19T21:39:42",69825517c835c41957e01a28,Undirected,1,2005
"Schucany, Caty_2026-01-15T08:58:33",69825517c835c41957e01a28,Undirected,1,2005
"Schibler, Jörg_2025-11-19T21:22:54",69825517c835c41957e01a28,Undirected,1,2005
"Jacomet, Stefanie_2025-11-19T21:39:42",69825517c835c41957e01a28,Undirected,1,2005
"Nuber, Hans Ulrich_2025-11-19T21:18:48",69825517c835c41957e01a28,Undirected,1,2005
"Reddé, M._2025-11-19T21:39:42",69825517c835c41957e01a28,Undirected,1,2005
"Pinhasi, Ron_2025-11-19T21:17:38",69825516c835c41957dfa38e,Undirected,1,2006
"Shaw, Philip A._2025-11-19T21:25:10",69825516c835c41957dfa38e,Undirected,1,2006
"WHITE, BEATRICE_2025-11-19T21:24:25",69825516c835c41957dfa38e,Undirected,1,2006
"Ogden, Alan R_2025-11-19T21:17:10",69825516c835c41957dfa38e,Undirected,1,2006
"Dickason, Olive Patricia_2025-11-19T21:17:26",69825516c835c41957dfa47c,Undirected,1,2006
"Cartledge, Paul_2025-11-19T21:17:26",69825516c835c41957dfa47c,Undirected,1,2006
"Shatzmiller, Joseph_2025-11-19T21:17:26",69825516c835c41957dfa47c,Undirected,1,2006
"Treadgold, Warren_2025-11-19T21:17:25",69825516c835c41957dfa47c,Undirected,1,2006
"Peters, Edward_2025-11-19T21:17:26",69825516c835c41957dfa47c,Undirected,1,2006
"Menache, Sophia_2025-11-19T21:17:26",69825516c835c41957dfa47c,Undirected,1,2006
"Stephenson, Paul_2025-11-19T21:17:26",69825516c835c41957dfa47c,Undirected,1,2006
"Aerts, Erik_2025-11-19T21:17:26",69825516c835c41957dfa47c,Undirected,1,2006
"Herzog, Tamar_2025-11-19T21:17:26",69825516c835c41957dfa47c,Undirected,1,2006
"Goldfrank, David M._2025-11-19T21:17:28",69825516c835c41957dfa47c,Undirected,1,2006
"Dale, Stephen Frederic_2025-11-19T21:28:55",69825516c835c41957dfa47c,Undirected,1,2006
"De Silva, Chandra R._2025-11-19T21:17:26",69825516c835c41957dfa47c,Undirected,1,2006
"Peers, Douglas M._2025-11-19T21:17:26",69825516c835c41957dfa47c,Undirected,1,2006
"Cayton, Andrew_2025-11-19T21:17:23",69825516c835c41957dfa47c,Undirected,1,2006
"Stater, Victor_2025-11-19T21:17:26",69825516c835c41957dfa47c,Undirected,1,2006
"Kumar, Krishan_2025-11-19T21:17:26",69825516c835c41957dfa47c,Undirected,1,2006
"Randrianja, Solofo_2025-11-19T21:17:26",69825516c835c41957dfa47c,Undirected,1,2006
"Wills, John E._2025-11-19T21:17:22",69825516c835c41957dfa47c,Undirected,1,2006
"Berend, Ivan T._2025-11-19T21:17:26",69825516c835c41957dfa47c,Undirected,1,2006
"Höbelt, Lothar_2025-11-19T21:17:22",69825516c835c41957dfa47c,Undirected,1,2006
"Kent, Peter C._2025-11-19T21:17:20",69825516c835c41957dfa47c,Undirected,1,2006
"Schwarz, Bill_2025-11-19T21:17:26",69825516c835c41957dfa47c,Undirected,1,2006
"Grimshaw, Patricia_2025-11-19T21:17:26",69825516c835c41957dfa47c,Undirected,1,2006
"Dickinson, Frederick R._2025-11-19T21:17:25",69825516c835c41957dfa47c,Undirected,1,2006
"Wooley, Wesley T._2025-11-19T21:17:26",69825516c835c41957dfa47c,Undirected,1,2006
"Ellwood, D. W._2025-11-19T21:17:23",69825516c835c41957dfa47c,Undirected,1,2006
"Kerr, Ian J._2025-11-19T21:17:26",69825516c835c41957dfa47c,Undirected,1,2006
"Kennedy, Greg_2025-11-19T21:17:26",69825516c835c41957dfa47c,Undirected,1,2006
"Craft, Stephen G._2025-11-19T21:17:26",69825516c835c41957dfa47c,Undirected,1,2006
"Miller, Rory_2025-11-19T21:17:26",69825516c835c41957dfa47c,Undirected,1,2006
"Eksteins, Modris_2025-11-19T21:17:26",69825516c835c41957dfa47c,Undirected,1,2006
"Imlay, Talbot_2025-11-19T21:17:26",69825516c835c41957dfa47c,Undirected,1,2006
"Mitter, Rana_2025-11-19T21:17:26",69825516c835c41957dfa47c,Undirected,1,2006
"Laracy, Hugh_2025-11-19T21:17:22",69825516c835c41957dfa47c,Undirected,1,2006
"Atkin, Nicholas_2025-11-19T21:17:26",69825516c835c41957dfa47c,Undirected,1,2006
"Callahan, Raymond A._2025-11-19T21:17:22",69825516c835c41957dfa47c,Undirected,1,2006
"Weingartner, James J._2025-11-19T21:17:26",69825516c835c41957dfa47c,Undirected,1,2006
"Wrigley, Chris_2025-11-19T21:17:26",69825516c835c41957dfa47c,Undirected,1,2006
"Krepon, Michael_2025-11-19T21:17:22",69825516c835c41957dfa47c,Undirected,1,2006
"Biddle, Tami Davis_2025-11-19T21:17:26",69825516c835c41957dfa47c,Undirected,1,2006
"Barnhart, Michael A._2025-11-19T21:17:22",69825516c835c41957dfa47c,Undirected,1,2006
"Halliday, Fred_2025-11-19T21:17:18",69825516c835c41957dfa47c,Undirected,1,2006
"Schwartz, Thomas Alan_2025-11-19T21:17:26",69825516c835c41957dfa47c,Undirected,1,2006
"Lowe, Peter_2025-11-19T21:17:26",69825516c835c41957dfa47c,Undirected,1,2006
"Singh, Anita Inder_2025-11-19T21:17:26",69825516c835c41957dfa47c,Undirected,1,2006
"Jalal, Ayesha_2025-11-19T21:17:26",69825516c835c41957dfa47c,Undirected,1,2006
"Plummer, Brenda Gayle_2025-11-19T21:17:26",69825516c835c41957dfa47c,Undirected,1,2006
"Quandt, William B._2025-11-19T21:17:26",69825516c835c41957dfa47c,Undirected,1,2006
"Redwood, John_2025-11-19T21:17:26",69825516c835c41957dfa47c,Undirected,1,2006
"Ryan, David_2025-11-19T21:17:26",69825516c835c41957dfa47c,Undirected,1,2006
"Tanner, Norman P._2025-11-19T21:23:36",69825516c835c41957dfa4c0,Undirected,1,2006
"Watson, Sethina_2025-11-19T21:17:29",69825516c835c41957dfa4c0,Undirected,1,2006
"Rippon, S. J._2025-11-19T21:17:35",69825516c835c41957dfa55b,Undirected,1,2006
"Fyfe, R. M._2025-11-19T21:17:35",69825516c835c41957dfa55b,Undirected,1,2006
"Brown, Antony G_2025-11-19T21:33:53",69825516c835c41957dfa55b,Undirected,1,2006
"Telfer, Alison_2025-11-19T21:17:36",69825516c835c41957dfa56f,Undirected,1,2006
"Blackmore, Lyn_2025-11-19T21:17:36",69825516c835c41957dfa56f,Undirected,1,2006
"Jackson, Caroline_2025-11-19T21:17:36",69825516c835c41957dfa56f,Undirected,1,2006
"Pearce, Jacqueline_2025-11-19T21:17:35",69825516c835c41957dfa56f,Undirected,1,2006
"Whittingham, Lucy_2025-11-19T21:17:36",69825516c835c41957dfa56f,Undirected,1,2006
"Willmott, Hugh_2025-11-19T21:16:30",69825516c835c41957dfa56f,Undirected,1,2006
"Töpf, A L_2025-11-19T21:18:27",69825516c835c41957dfaa39,Undirected,1,2006
"GILBERT, M. THOMAS P._2025-11-19T21:25:08",69825516c835c41957dfaa39,Undirected,1,2006
"Dumbacher, J P_2025-11-19T21:18:27",69825516c835c41957dfaa39,Undirected,1,2006
"Hoelzel, A. Rus_2025-11-19T21:16:39",69825516c835c41957dfaa39,Undirected,1,2006
"Kanz, Fabian_2025-11-19T21:18:03",69825516c835c41957dfb972,Undirected,1,2006
"Grossschmidt, Karl_2025-11-19T21:21:20",69825516c835c41957dfb972,Undirected,1,2006
"Malyarchuk, Boris A._2025-11-19T21:23:38",69825516c835c41957dfc48e,Undirected,1,2006
"Perkova, Maria A._2025-11-19T21:23:38",69825516c835c41957dfc48e,Undirected,1,2006
"Derenko, Miroslava V._2025-11-19T21:23:38",69825516c835c41957dfc48e,Undirected,1,2006
"Sip, Miroslav_2025-11-19T21:23:38",69825516c835c41957dfc48e,Undirected,1,2006
"Haneca, Kristof_2025-11-19T21:18:18",69825516c835c41957dfc522,Undirected,1,2006
"Boeren, Ilse_2025-11-19T21:23:45",69825516c835c41957dfc522,Undirected,1,2006
"Acker, Joris_2025-11-19T21:23:45",69825516c835c41957dfc522,Undirected,1,2006
"Beeckman, Hans_2025-11-19T21:23:45",69825516c835c41957dfc522,Undirected,1,2006
"Korjenkov, Andrey_2025-11-19T21:23:45",69825516c835c41957dfc529,Undirected,1,2006
"Arrowsmith, J._2025-11-19T21:23:45",69825516c835c41957dfc529,Undirected,1,2006
"Crosby, Christopher_2025-11-19T21:23:45",69825516c835c41957dfc529,Undirected,1,2006
"Mamyrov, Ernes_2025-11-19T21:23:45",69825516c835c41957dfc529,Undirected,1,2006
"Orlova, Lyubov_2025-11-19T21:23:45",69825516c835c41957dfc529,Undirected,1,2006
"Povolotskaya, Irina_2025-11-19T21:23:45",69825516c835c41957dfc529,Undirected,1,2006
"Kubatbek, Tabaldiev_2025-11-19T21:20:57",69825516c835c41957dfc529,Undirected,1,2006
"Emmerson, Richard K._2025-11-19T21:24:21",69825516c835c41957dfc857,Undirected,1,2006
"Shailor, Barbara A._2025-11-19T21:24:21",69825516c835c41957dfc857,Undirected,1,2006
"Stuard, Susan Mosher_2025-11-19T21:24:21",69825516c835c41957dfc857,Undirected,1,2006
"Mahrt, William_2025-11-19T21:24:21",69825516c835c41957dfc857,Undirected,1,2006
"Caviness, Madeline H._2025-11-19T21:22:57",69825516c835c41957dfc857,Undirected,1,2006
"Boynton, Susan_2025-11-19T21:24:09",69825516c835c41957dfc857,Undirected,1,2006
"BOUCHARD, Constance Brittain_2025-11-19T21:21:46",69825516c835c41957dfc857,Undirected,1,2006
"Dale, Thomas E. A._2025-11-19T21:24:21",69825516c835c41957dfc857,Undirected,1,2006
"Symes, Carol_2025-11-19T21:23:13",69825516c835c41957dfc857,Undirected,1,2006
"Holsinger, Bruce W._2025-11-19T21:24:21",69825516c835c41957dfc857,Undirected,1,2006
"Klausner, David N._2025-11-19T21:24:21",69825516c835c41957dfc857,Undirected,1,2006
"Bjork, Robert E._2025-11-19T21:24:21",69825516c835c41957dfc857,Undirected,1,2006
"Jordan, William Chester_2025-11-19T21:24:21",69825516c835c41957dfc857,Undirected,1,2006
"Ziegler, Vickie_2025-11-19T21:24:21",69825516c835c41957dfc857,Undirected,1,2006
"ANDERUNG, CECILIA_2025-11-19T21:25:18",69825516c835c41957dfcd80,Undirected,1,2006
"BAUBLIENE, JURGITA_2025-11-19T21:25:18",69825516c835c41957dfcd80,Undirected,1,2006
"DAUGNORA, LINAS_2025-11-19T21:25:18",69825516c835c41957dfcd80,Undirected,1,2006
"Götherström, Anders_2025-11-19T21:17:53",69825516c835c41957dfcd80,Undirected,1,2006
"Jöns, Hauke_2025-11-19T21:18:04",69825516c835c41957dfd7d6,Undirected,1,2006
"Bleile, Ralf_2025-11-19T21:27:47",69825516c835c41957dfd7d6,Undirected,1,2006
"Micyk, Paweł._2025-11-19T21:28:03",69825516c835c41957dfd8b7,Undirected,1,2006
"Witkowska, Barbara_2025-11-19T21:28:03",69825516c835c41957dfd8b7,Undirected,1,2006
"Włodarczak, Piotr_2025-11-19T21:28:03",69825516c835c41957dfd8b7,Undirected,1,2006
"Abels, Richard P._2025-11-19T21:31:53",69825516c835c41957dfe21a,Undirected,1,2006
"Rogers, Clifford J._2025-11-19T21:17:09",69825516c835c41957dfe21a,Undirected,1,2006
"DeVries, Kelly_2025-11-19T21:18:28",69825516c835c41957dfe21a,Undirected,1,2006
"France, John_2025-11-19T21:16:09",69825516c835c41957dfe21a,Undirected,1,2006
"Rosenwein, Barbara H._2025-11-19T21:18:42",69825516c835c41957dfe49a,Undirected,1,2006
"Debiès, Marie-Hélène_2025-11-19T21:30:57",69825516c835c41957dfe49a,Undirected,1,2006
"Dejois, Catalina_2025-11-19T21:30:57",69825516c835c41957dfe49a,Undirected,1,2006
"von Steinsdorff, Katja_2025-11-19T21:42:43",69825517c835c41957e006bf,Undirected,1,2006
"Grupe, Gisela_2025-11-19T21:20:51",69825517c835c41957e006bf,Undirected,1,2006
"Alzualde, Ainhoa_2026-01-14T22:02:37",69825517c835c41957e0196a,Undirected,1,2006
"Izagirre, Neskuts_2026-01-14T22:02:39",69825517c835c41957e0196a,Undirected,1,2006
"Alonso, Santos_2026-01-14T22:02:40",69825517c835c41957e0196a,Undirected,1,2006
"Alonso, Antonio_2026-01-14T22:02:41",69825517c835c41957e0196a,Undirected,1,2006
"Albarrán, Cristina_2026-01-14T22:02:43",69825517c835c41957e0196a,Undirected,1,2006
"Azkarate, Agustín_2025-11-19T21:17:53",69825517c835c41957e0196a,Undirected,1,2006
"de la Rúa, Concepción_2026-01-14T22:02:44",69825517c835c41957e0196a,Undirected,1,2006
"Drake, H. A._2025-11-19T21:15:31",69825516c835c41957dfa42e,Undirected,1,2007
"Contreni, John J._2025-11-19T21:17:23",69825516c835c41957dfa42e,Undirected,1,2007
"Reed, Clyde G._2025-11-19T21:17:23",69825516c835c41957dfa42e,Undirected,1,2007
"Black, Jeremy_2025-11-19T21:17:23",69825516c835c41957dfa42e,Undirected,1,2007
"Howard, Deborah_2025-11-19T21:17:23",69825516c835c41957dfa42e,Undirected,1,2007
"Ryrie, Alec_2025-11-19T21:17:23",69825516c835c41957dfa42e,Undirected,1,2007
"Cayton, Andrew_2025-11-19T21:17:23",69825516c835c41957dfa42e,Undirected,1,2007
"Brower, Daniel_2025-11-19T21:17:23",69825516c835c41957dfa42e,Undirected,1,2007
"Frost, Alan_2025-11-19T21:17:20",69825516c835c41957dfa42e,Undirected,1,2007
"Roberts, David Andrew_2025-11-19T21:17:20",69825516c835c41957dfa42e,Undirected,1,2007
"Hattendorf, John B._2025-11-19T21:17:23",69825516c835c41957dfa42e,Undirected,1,2007
"Ripsman, Norrin M._2025-11-19T21:17:23",69825516c835c41957dfa42e,Undirected,1,2007
"Irschick, Eugene F._2025-11-19T21:17:23",69825516c835c41957dfa42e,Undirected,1,2007
"Quanch, Max_2025-11-19T21:17:23",69825516c835c41957dfa42e,Undirected,1,2007
"Russell-Wood, A. J. R._2025-11-19T21:17:22",69825516c835c41957dfa42e,Undirected,1,2007
"Stuart, Reginald C._2025-11-19T21:17:23",69825516c835c41957dfa42e,Undirected,1,2007
"Mitchell, Nancy_2025-11-19T21:17:23",69825516c835c41957dfa42e,Undirected,1,2007
"Ginio, Ruth_2025-11-19T21:17:23",69825516c835c41957dfa42e,Undirected,1,2007
"Bächtiger, Andre_2025-11-19T21:17:23",69825516c835c41957dfa42e,Undirected,1,2007
"Bridge, F. R._2025-11-19T21:17:23",69825516c835c41957dfa42e,Undirected,1,2007
"Cassels, Allan_2025-11-19T21:17:23",69825516c835c41957dfa42e,Undirected,1,2007
"Ninkovich, Frank_2025-11-19T21:17:22",69825516c835c41957dfa42e,Undirected,1,2007
"Höbelt, Lothar_2025-11-19T21:17:22",69825516c835c41957dfa42e,Undirected,1,2007
"Peleggi, Maurizio_2025-11-19T21:17:23",69825516c835c41957dfa42e,Undirected,1,2007
"Reid, Donald_2025-11-19T21:17:23",69825516c835c41957dfa42e,Undirected,1,2007
"Crozier, Andrew J._2025-11-19T21:17:23",69825516c835c41957dfa42e,Undirected,1,2007
"Adelson, Roger_2025-11-19T21:17:23",69825516c835c41957dfa42e,Undirected,1,2007
"Copp, Terry_2025-11-19T21:17:23",69825516c835c41957dfa42e,Undirected,1,2007
"Neilson, Keith_2025-11-19T21:17:23",69825516c835c41957dfa42e,Undirected,1,2007
"Goldey, D. B._2025-11-19T21:17:23",69825516c835c41957dfa42e,Undirected,1,2007
"Unterberger, Betty Miller_2025-11-19T21:17:23",69825516c835c41957dfa42e,Undirected,1,2007
"McFadden, David W._2025-11-19T21:17:20",69825516c835c41957dfa42e,Undirected,1,2007
"Egerton, George_2025-11-19T21:17:23",69825516c835c41957dfa42e,Undirected,1,2007
"Thompson, Neville_2025-11-19T21:17:23",69825516c835c41957dfa42e,Undirected,1,2007
"Charmley, John_2025-11-19T21:17:23",69825516c835c41957dfa42e,Undirected,1,2007
"Salmon, Trevor C._2025-11-19T21:17:23",69825516c835c41957dfa42e,Undirected,1,2007
"Seidman, Michael_2025-11-19T21:17:23",69825516c835c41957dfa42e,Undirected,1,2007
"Beckett, Ian F. W._2025-11-19T21:17:22",69825516c835c41957dfa42e,Undirected,1,2007
"Morton, Desmond_2025-11-19T21:17:22",69825516c835c41957dfa42e,Undirected,1,2007
"Bischof, Günter_2025-11-19T21:17:23",69825516c835c41957dfa42e,Undirected,1,2007
"Stokes, Lawrence D._2025-11-19T21:17:23",69825516c835c41957dfa42e,Undirected,1,2007
"Ellwood, D. W._2025-11-19T21:17:23",69825516c835c41957dfa42e,Undirected,1,2007
"Hopkins, Michael F._2025-11-19T21:17:23",69825516c835c41957dfa42e,Undirected,1,2007
"Lucas, Scott_2025-11-19T21:17:23",69825516c835c41957dfa42e,Undirected,1,2007
"Schenk, Catherine R._2025-11-19T21:17:23",69825516c835c41957dfa42e,Undirected,1,2007
"Kovrig, Bennett_2025-11-19T21:17:23",69825516c835c41957dfa42e,Undirected,1,2007
"Silberstein, Laurence J._2025-11-19T21:17:23",69825516c835c41957dfa42e,Undirected,1,2007
"Dumper, Michael_2025-11-19T21:17:23",69825516c835c41957dfa42e,Undirected,1,2007
"Mart, Michelle_2025-11-19T21:17:23",69825516c835c41957dfa42e,Undirected,1,2007
"Darwin, John_2025-11-19T21:17:22",69825516c835c41957dfa42e,Undirected,1,2007
"Housley, Rupert A._2025-11-19T21:17:36",69825516c835c41957dfa57a,Undirected,1,2007
"Straker, Vanessa_2025-11-19T21:17:36",69825516c835c41957dfa57a,Undirected,1,2007
"Chambers, Frank M._2025-11-19T21:17:36",69825516c835c41957dfa57a,Undirected,1,2007
"Lageard, Jonathan G. A._2025-11-19T21:17:36",69825516c835c41957dfa57a,Undirected,1,2007
"Graham, Nicholas E._2025-11-19T21:20:52",69825516c835c41957dfb794,Undirected,1,2007
"Hughes, Malcolm K._2025-11-19T21:20:52",69825516c835c41957dfb794,Undirected,1,2007
"Ammann, Caspar M._2025-11-19T21:20:52",69825516c835c41957dfb794,Undirected,1,2007
"Cobb, Kim M._2025-11-19T21:20:52",69825516c835c41957dfb794,Undirected,1,2007
"Hoerling, Martin P._2025-11-19T21:20:52",69825516c835c41957dfb794,Undirected,1,2007
"Kennett, Douglas J._2025-11-19T21:20:52",69825516c835c41957dfb794,Undirected,1,2007
"Kennett, James P._2025-11-19T21:20:52",69825516c835c41957dfb794,Undirected,1,2007
"Rein, Bert_2025-11-19T21:18:28",69825516c835c41957dfb794,Undirected,1,2007
"Stott, Lowell_2025-11-19T21:20:52",69825516c835c41957dfb794,Undirected,1,2007
"Wigand, Peter E._2025-11-19T21:20:52",69825516c835c41957dfb794,Undirected,1,2007
"Xu, Taiyi_2025-11-19T21:20:52",69825516c835c41957dfb794,Undirected,1,2007
"Dugmore, Andrew J._2025-11-19T21:20:54",69825516c835c41957dfb7b7,Undirected,1,2007
"Borthwick, Douglas M._2025-11-19T21:20:54",69825516c835c41957dfb7b7,Undirected,1,2007
"Church, Mike J._2025-11-19T21:20:54",69825516c835c41957dfb7b7,Undirected,1,2007
"Dawson, Alastair_2025-11-19T21:20:54",69825516c835c41957dfb7b7,Undirected,1,2007
"Edwards, Kevin J._2025-11-19T21:20:52",69825516c835c41957dfb7b7,Undirected,1,2007
"Keller, Christian_2025-11-19T21:20:54",69825516c835c41957dfb7b7,Undirected,1,2007
"Mayewski, Paul_2025-11-19T21:20:54",69825516c835c41957dfb7b7,Undirected,1,2007
"McGovern, Thomas H._2025-11-19T21:17:26",69825516c835c41957dfb7b7,Undirected,1,2007
"Mairs, Kerry-Anne_2025-11-19T21:20:54",69825516c835c41957dfb7b7,Undirected,1,2007
"Sveinbjarnardóttir, Guðrún_2025-11-19T21:20:52",69825516c835c41957dfb7b7,Undirected,1,2007
"Børglum, Anders D_2025-11-19T21:21:19",69825516c835c41957dfb966,Undirected,1,2007
"Vernesi, Cristiano_2025-11-19T21:21:19",69825516c835c41957dfb966,Undirected,1,2007
"Jensen, Peter K A_2025-11-19T21:21:19",69825516c835c41957dfb966,Undirected,1,2007
"Madsen, Bo_2025-11-19T21:21:19",69825516c835c41957dfb966,Undirected,1,2007
"Haagerup, Annette_2025-11-19T21:21:19",69825516c835c41957dfb966,Undirected,1,2007
"Barbujani, Guido_2025-11-19T21:21:19",69825516c835c41957dfb966,Undirected,1,2007
"Stark, Robert_2025-11-19T21:21:53",69825516c835c41957dfbbf8,Undirected,1,2007
University of Minnesota_2025-11-19T21:21:50,69825516c835c41957dfbbf8,Undirected,1,2007
"Lohse, Stephanie Kristin_2025-11-19T21:21:53",69825516c835c41957dfbbfd,Undirected,1,2007
University of Minnesota_2025-11-19T21:21:50,69825516c835c41957dfbbfd,Undirected,1,2007
"Mueller, Alexander Williams_2025-11-19T21:21:54",69825516c835c41957dfbc23,Undirected,1,2007
University of Minnesota_2025-11-19T21:21:50,69825516c835c41957dfbc23,Undirected,1,2007
"Groenendijk, Henny A._2025-11-19T21:22:38",69825516c835c41957dfbfe5,Undirected,1,2007
"Knol, Egge_2025-11-19T21:16:20",69825516c835c41957dfbfe5,Undirected,1,2007
"Wilhelmson, Helene_2025-11-19T21:22:38",69825516c835c41957dfc0d2,Undirected,1,2007
"Grabe, Magnus_2025-11-19T21:22:47",69825516c835c41957dfc0d2,Undirected,1,2007
"Tanner, Norman P._2025-11-19T21:23:36",69825516c835c41957dfc4d4,Undirected,1,2007
"McGuire, Brian Patrick_2025-11-19T21:17:27",69825516c835c41957dfc4d4,Undirected,1,2007
"Brooks, Nicholas_2025-11-19T21:30:30",69825516c835c41957dfc503,Undirected,1,2007
"Cooper, Alan_2025-11-19T21:23:38",69825516c835c41957dfc503,Undirected,1,2007
"Rommens, Tom_2025-11-19T21:23:50",69825516c835c41957dfc59f,Undirected,1,2007
"Verstraeten, Gert_2025-11-19T21:23:50",69825516c835c41957dfc59f,Undirected,1,2007
"Peeters, Iris_2025-11-19T21:23:50",69825516c835c41957dfc59f,Undirected,1,2007
"Poesen, Jean_2025-11-19T21:23:50",69825516c835c41957dfc59f,Undirected,1,2007
"Govers, Gerard_2025-11-19T21:23:50",69825516c835c41957dfc59f,Undirected,1,2007
"Van Rompaey, Anton_2025-11-19T21:23:50",69825516c835c41957dfc59f,Undirected,1,2007
"Mauz, Barbara_2025-11-19T21:23:50",69825516c835c41957dfc59f,Undirected,1,2007
"Packman, Susan_2025-11-19T21:23:50",69825516c835c41957dfc59f,Undirected,1,2007
"Lang, Andreas_2025-11-19T21:23:50",69825516c835c41957dfc59f,Undirected,1,2007
"Frank, David_2025-11-19T21:20:52",69825516c835c41957dfccc3,Undirected,1,2007
"Esper, Jan_2025-11-19T21:15:51",69825516c835c41957dfccc3,Undirected,1,2007
"Cook, Edward R._2025-11-19T21:22:42",69825516c835c41957dfccc3,Undirected,1,2007
"Bachrach, Bernard S._2025-11-19T21:16:14",69825516c835c41957dfcd0a,Undirected,1,2007
"Bachrach, D._2025-11-19T21:25:12",69825516c835c41957dfcd0a,Undirected,1,2007
"Kovalev, Roman Konstantinovich_2025-11-19T21:21:50",69825516c835c41957dfcd52,Undirected,1,2007
"Kaelin, Alexis C._2025-11-19T21:25:16",69825516c835c41957dfcd52,Undirected,1,2007
"Milner, Nicky_2025-11-19T21:26:32",69825516c835c41957dfd2df,Undirected,1,2007
"Barrett, James H._2025-11-19T21:24:34",69825516c835c41957dfd2df,Undirected,1,2007
"Welsh, Jon_2025-11-19T21:26:32",69825516c835c41957dfd2df,Undirected,1,2007
"Haggh, Barbara_2025-11-19T21:15:45",69825516c835c41957dfd73f,Undirected,1,2007
"Huglo, Michel_2025-11-19T21:26:16",69825516c835c41957dfd73f,Undirected,1,2007
"Erlendsson, Egill_2025-11-19T21:20:52",69825516c835c41957dfdbbc,Undirected,1,2007
"Vickers, Kim_2025-11-19T21:28:50",69825516c835c41957dfdbbc,Undirected,1,2007
"McGovern, Thomas H._2025-11-19T21:17:26",69825516c835c41957dfdbbc,Undirected,1,2007
"Milek, Karen B._2025-11-19T21:25:08",69825516c835c41957dfdbbc,Undirected,1,2007
"Edwards, Kevin J._2025-11-19T21:20:52",69825516c835c41957dfdbbc,Undirected,1,2007
"Cook, Gordon_2025-11-19T21:17:10",69825516c835c41957dfdbbc,Undirected,1,2007
"Best, Jo_2025-11-19T21:25:58",69825516c835c41957dfdbd7,Undirected,1,2007
"Gent, Tim_2025-11-19T21:25:58",69825516c835c41957dfdbd7,Undirected,1,2007
"Cook, Gordon_2025-11-19T21:17:10",69825516c835c41957dfdbd7,Undirected,1,2007
"Friendship-Taylor, D. E._2025-11-19T21:28:54",69825516c835c41957dfdbd7,Undirected,1,2007
"Marshall, P. D._2025-11-19T21:25:58",69825516c835c41957dfdbd7,Undirected,1,2007
"Punti, I._2025-11-19T21:25:58",69825516c835c41957dfdbd7,Undirected,1,2007
"Quinnell, H._2025-11-19T21:25:58",69825516c835c41957dfdbd7,Undirected,1,2007
"Taylor, R._2025-11-19T21:25:58",69825516c835c41957dfdbd7,Undirected,1,2007
"Tyers, Ian_2025-11-19T21:29:38",69825516c835c41957dfdbd7,Undirected,1,2007
"Payne, Stanley G._2025-11-19T21:17:32",69825516c835c41957dfe1a0,Undirected,1,2007
"Corfis, Ivy A._2025-11-19T21:29:55",69825516c835c41957dfe1a0,Undirected,1,2007
"Harris-Northall, Ray_2025-11-19T21:29:55",69825516c835c41957dfe1a0,Undirected,1,2007
Charles S. F. Burnett_2025-11-19T21:25:32,69825516c835c41957dfef9d,Undirected,1,2007
"Kittel, Harald_2025-11-19T21:34:34",69825516c835c41957dfef9d,Undirected,1,2007
"Frank, Armin Paul_2025-11-19T21:34:34",69825516c835c41957dfef9d,Undirected,1,2007
"Greiner, Norbert_2025-11-19T21:34:34",69825516c835c41957dfef9d,Undirected,1,2007
"Hermans, Theo_2025-11-19T21:34:34",69825516c835c41957dfef9d,Undirected,1,2007
"Koller, Werner_2025-11-19T21:34:34",69825516c835c41957dfef9d,Undirected,1,2007
"Lambert, José_2025-11-19T21:34:34",69825516c835c41957dfef9d,Undirected,1,2007
"Paul, Fritz_2025-11-19T21:34:34",69825516c835c41957dfef9d,Undirected,1,2007
"Valls, Helen_2025-11-19T21:34:34",69825516c835c41957dfef9e,Undirected,1,2007
"Frank, Armin Paul_2025-11-19T21:34:34",69825516c835c41957dfef9e,Undirected,1,2007
"Greiner, Norbert_2025-11-19T21:34:34",69825516c835c41957dfef9e,Undirected,1,2007
"Hermans, Theo_2025-11-19T21:34:34",69825516c835c41957dfef9e,Undirected,1,2007
"Koller, Werner_2025-11-19T21:34:34",69825516c835c41957dfef9e,Undirected,1,2007
"Lambert, José_2025-11-19T21:34:34",69825516c835c41957dfef9e,Undirected,1,2007
"Paul, Fritz_2025-11-19T21:34:34",69825516c835c41957dfef9e,Undirected,1,2007
"Hexter, Ralph J._2025-11-19T21:24:27",69825516c835c41957dfef9f,Undirected,1,2007
"Kittel, Harald_2025-11-19T21:34:34",69825516c835c41957dfef9f,Undirected,1,2007
"Greiner, Norbert_2025-11-19T21:34:34",69825516c835c41957dfef9f,Undirected,1,2007
"Hermans, Theo_2025-11-19T21:34:34",69825516c835c41957dfef9f,Undirected,1,2007
"Koller, Werner_2025-11-19T21:34:34",69825516c835c41957dfef9f,Undirected,1,2007
"Lambert, José_2025-11-19T21:34:34",69825516c835c41957dfef9f,Undirected,1,2007
"Paul, Fritz_2025-11-19T21:34:34",69825516c835c41957dfef9f,Undirected,1,2007
"Lamberton, Robert_2025-11-19T21:34:34",69825516c835c41957dfefa1,Undirected,1,2007
"Kittel, Harald_2025-11-19T21:34:34",69825516c835c41957dfefa1,Undirected,1,2007
"Frank, Armin Paul_2025-11-19T21:34:34",69825516c835c41957dfefa1,Undirected,1,2007
"Greiner, Norbert_2025-11-19T21:34:34",69825516c835c41957dfefa1,Undirected,1,2007
"Hermans, Theo_2025-11-19T21:34:34",69825516c835c41957dfefa1,Undirected,1,2007
"Koller, Werner_2025-11-19T21:34:34",69825516c835c41957dfefa1,Undirected,1,2007
"Lambert, José_2025-11-19T21:34:34",69825516c835c41957dfefa1,Undirected,1,2007
"Paul, Fritz_2025-11-19T21:34:34",69825516c835c41957dfefa1,Undirected,1,2007
"Bose, Mishtooni_2025-11-19T21:34:34",69825516c835c41957dfefa2,Undirected,1,2007
"Kittel, Harald_2025-11-19T21:34:34",69825516c835c41957dfefa2,Undirected,1,2007
"Frank, Armin Paul_2025-11-19T21:34:34",69825516c835c41957dfefa2,Undirected,1,2007
"Greiner, Norbert_2025-11-19T21:34:34",69825516c835c41957dfefa2,Undirected,1,2007
"Hermans, Theo_2025-11-19T21:34:34",69825516c835c41957dfefa2,Undirected,1,2007
"Koller, Werner_2025-11-19T21:34:34",69825516c835c41957dfefa2,Undirected,1,2007
"Lambert, José_2025-11-19T21:34:34",69825516c835c41957dfefa2,Undirected,1,2007
"Paul, Fritz_2025-11-19T21:34:34",69825516c835c41957dfefa2,Undirected,1,2007
"Grubmüller, Klaus_2025-11-19T21:34:34",69825516c835c41957dfefa3,Undirected,1,2007
"Kittel, Harald_2025-11-19T21:34:34",69825516c835c41957dfefa3,Undirected,1,2007
"Frank, Armin Paul_2025-11-19T21:34:34",69825516c835c41957dfefa3,Undirected,1,2007
"Greiner, Norbert_2025-11-19T21:34:34",69825516c835c41957dfefa3,Undirected,1,2007
"Hermans, Theo_2025-11-19T21:34:34",69825516c835c41957dfefa3,Undirected,1,2007
"Koller, Werner_2025-11-19T21:34:34",69825516c835c41957dfefa3,Undirected,1,2007
"Lambert, José_2025-11-19T21:34:34",69825516c835c41957dfefa3,Undirected,1,2007
"Paul, Fritz_2025-11-19T21:34:34",69825516c835c41957dfefa3,Undirected,1,2007
"Besamusca, Bart_2025-11-19T21:18:15",69825516c835c41957dfefa4,Undirected,1,2007
"Kittel, Harald_2025-11-19T21:34:34",69825516c835c41957dfefa4,Undirected,1,2007
"Frank, Armin Paul_2025-11-19T21:34:34",69825516c835c41957dfefa4,Undirected,1,2007
"Greiner, Norbert_2025-11-19T21:34:34",69825516c835c41957dfefa4,Undirected,1,2007
"Hermans, Theo_2025-11-19T21:34:34",69825516c835c41957dfefa4,Undirected,1,2007
"Koller, Werner_2025-11-19T21:34:34",69825516c835c41957dfefa4,Undirected,1,2007
"Lambert, José_2025-11-19T21:34:34",69825516c835c41957dfefa4,Undirected,1,2007
"Paul, Fritz_2025-11-19T21:34:34",69825516c835c41957dfefa4,Undirected,1,2007
"Benson, C. David_2025-11-19T21:34:34",69825516c835c41957dfefa5,Undirected,1,2007
"Kittel, Harald_2025-11-19T21:34:34",69825516c835c41957dfefa5,Undirected,1,2007
"Frank, Armin Paul_2025-11-19T21:34:34",69825516c835c41957dfefa5,Undirected,1,2007
"Greiner, Norbert_2025-11-19T21:34:34",69825516c835c41957dfefa5,Undirected,1,2007
"Hermans, Theo_2025-11-19T21:34:34",69825516c835c41957dfefa5,Undirected,1,2007
"Koller, Werner_2025-11-19T21:34:34",69825516c835c41957dfefa5,Undirected,1,2007
"Lambert, José_2025-11-19T21:34:34",69825516c835c41957dfefa5,Undirected,1,2007
"Paul, Fritz_2025-11-19T21:34:34",69825516c835c41957dfefa5,Undirected,1,2007
"Stevenson, Jane_2025-11-19T21:24:51",69825516c835c41957dfefad,Undirected,1,2007
"Kittel, Harald_2025-11-19T21:34:34",69825516c835c41957dfefad,Undirected,1,2007
"Frank, Armin Paul_2025-11-19T21:34:34",69825516c835c41957dfefad,Undirected,1,2007
"Greiner, Norbert_2025-11-19T21:34:34",69825516c835c41957dfefad,Undirected,1,2007
"Hermans, Theo_2025-11-19T21:34:34",69825516c835c41957dfefad,Undirected,1,2007
"Koller, Werner_2025-11-19T21:34:34",69825516c835c41957dfefad,Undirected,1,2007
"Lambert, José_2025-11-19T21:34:34",69825516c835c41957dfefad,Undirected,1,2007
"Paul, Fritz_2025-11-19T21:34:34",69825516c835c41957dfefad,Undirected,1,2007
"Whatley, E. Gordon_2025-11-19T21:34:35",69825516c835c41957dfefb1,Undirected,1,2007
"Kittel, Harald_2025-11-19T21:34:34",69825516c835c41957dfefb1,Undirected,1,2007
"Frank, Armin Paul_2025-11-19T21:34:34",69825516c835c41957dfefb1,Undirected,1,2007
"Greiner, Norbert_2025-11-19T21:34:34",69825516c835c41957dfefb1,Undirected,1,2007
"Hermans, Theo_2025-11-19T21:34:34",69825516c835c41957dfefb1,Undirected,1,2007
"Koller, Werner_2025-11-19T21:34:34",69825516c835c41957dfefb1,Undirected,1,2007
"Lambert, José_2025-11-19T21:34:34",69825516c835c41957dfefb1,Undirected,1,2007
"Paul, Fritz_2025-11-19T21:34:34",69825516c835c41957dfefb1,Undirected,1,2007
"Huot, Sylvia_2025-11-19T21:34:35",69825516c835c41957dfefb4,Undirected,1,2007
"Kittel, Harald_2025-11-19T21:34:34",69825516c835c41957dfefb4,Undirected,1,2007
"Frank, Armin Paul_2025-11-19T21:34:34",69825516c835c41957dfefb4,Undirected,1,2007
"Greiner, Norbert_2025-11-19T21:34:34",69825516c835c41957dfefb4,Undirected,1,2007
"Hermans, Theo_2025-11-19T21:34:34",69825516c835c41957dfefb4,Undirected,1,2007
"Koller, Werner_2025-11-19T21:34:34",69825516c835c41957dfefb4,Undirected,1,2007
"Lambert, José_2025-11-19T21:34:34",69825516c835c41957dfefb4,Undirected,1,2007
"Paul, Fritz_2025-11-19T21:34:34",69825516c835c41957dfefb4,Undirected,1,2007
"Leeming, K._2025-11-19T21:34:35",69825516c835c41957dfefb5,Undirected,1,2007
"Kittel, Harald_2025-11-19T21:34:34",69825516c835c41957dfefb5,Undirected,1,2007
"Frank, Armin Paul_2025-11-19T21:34:34",69825516c835c41957dfefb5,Undirected,1,2007
"Hermans, Theo_2025-11-19T21:34:34",69825516c835c41957dfefb5,Undirected,1,2007
"Koller, Werner_2025-11-19T21:34:34",69825516c835c41957dfefb5,Undirected,1,2007
"Lambert, José_2025-11-19T21:34:34",69825516c835c41957dfefb5,Undirected,1,2007
"Paul, Fritz_2025-11-19T21:34:34",69825516c835c41957dfefb5,Undirected,1,2007
"Weitemeier, Bernd_2025-11-19T21:34:36",69825516c835c41957dfefb6,Undirected,1,2007
"Kittel, Harald_2025-11-19T21:34:34",69825516c835c41957dfefb6,Undirected,1,2007
"Frank, Armin Paul_2025-11-19T21:34:34",69825516c835c41957dfefb6,Undirected,1,2007
"Greiner, Norbert_2025-11-19T21:34:34",69825516c835c41957dfefb6,Undirected,1,2007
"Hermans, Theo_2025-11-19T21:34:34",69825516c835c41957dfefb6,Undirected,1,2007
"Koller, Werner_2025-11-19T21:34:34",69825516c835c41957dfefb6,Undirected,1,2007
"Lambert, José_2025-11-19T21:34:34",69825516c835c41957dfefb6,Undirected,1,2007
"Paul, Fritz_2025-11-19T21:34:34",69825516c835c41957dfefb6,Undirected,1,2007
"DiMarco, Vincent_2025-11-19T21:34:36",69825516c835c41957dfefb9,Undirected,1,2007
"Kittel, Harald_2025-11-19T21:34:34",69825516c835c41957dfefb9,Undirected,1,2007
"Frank, Armin Paul_2025-11-19T21:34:34",69825516c835c41957dfefb9,Undirected,1,2007
"Greiner, Norbert_2025-11-19T21:34:34",69825516c835c41957dfefb9,Undirected,1,2007
"Hermans, Theo_2025-11-19T21:34:34",69825516c835c41957dfefb9,Undirected,1,2007
"Koller, Werner_2025-11-19T21:34:34",69825516c835c41957dfefb9,Undirected,1,2007
"Lambert, José_2025-11-19T21:34:34",69825516c835c41957dfefb9,Undirected,1,2007
"Paul, Fritz_2025-11-19T21:34:34",69825516c835c41957dfefb9,Undirected,1,2007
"Wheatley, Edward_2025-11-19T21:28:46",69825516c835c41957dfefc0,Undirected,1,2007
"Kittel, Harald_2025-11-19T21:34:34",69825516c835c41957dfefc0,Undirected,1,2007
"Greiner, Norbert_2025-11-19T21:34:34",69825516c835c41957dfefc0,Undirected,1,2007
"Hermans, Theo_2025-11-19T21:34:34",69825516c835c41957dfefc0,Undirected,1,2007
"Koller, Werner_2025-11-19T21:34:34",69825516c835c41957dfefc0,Undirected,1,2007
"Lambert, José_2025-11-19T21:34:34",69825516c835c41957dfefc0,Undirected,1,2007
"Paul, Fritz_2025-11-19T21:34:34",69825516c835c41957dfefc0,Undirected,1,2007
"Cropp, Glynnis M._2025-11-19T21:34:40",69825516c835c41957dfeff2,Undirected,1,2007
"Kittel, Harald_2025-11-19T21:34:34",69825516c835c41957dfeff2,Undirected,1,2007
"Frank, Armin Paul_2025-11-19T21:34:34",69825516c835c41957dfeff2,Undirected,1,2007
"Greiner, Norbert_2025-11-19T21:34:34",69825516c835c41957dfeff2,Undirected,1,2007
"Hermans, Theo_2025-11-19T21:34:34",69825516c835c41957dfeff2,Undirected,1,2007
"Koller, Werner_2025-11-19T21:34:34",69825516c835c41957dfeff2,Undirected,1,2007
"Lambert, José_2025-11-19T21:34:34",69825516c835c41957dfeff2,Undirected,1,2007
"Paul, Fritz_2025-11-19T21:34:34",69825516c835c41957dfeff2,Undirected,1,2007
"Wright, Roger_2025-11-19T21:19:57",69825516c835c41957dfeffc,Undirected,1,2007
"Kittel, Harald_2025-11-19T21:34:34",69825516c835c41957dfeffc,Undirected,1,2007
"Frank, Armin Paul_2025-11-19T21:34:34",69825516c835c41957dfeffc,Undirected,1,2007
"Greiner, Norbert_2025-11-19T21:34:34",69825516c835c41957dfeffc,Undirected,1,2007
"Hermans, Theo_2025-11-19T21:34:34",69825516c835c41957dfeffc,Undirected,1,2007
"Koller, Werner_2025-11-19T21:34:34",69825516c835c41957dfeffc,Undirected,1,2007
"Lambert, José_2025-11-19T21:34:34",69825516c835c41957dfeffc,Undirected,1,2007
"Paul, Fritz_2025-11-19T21:34:34",69825516c835c41957dfeffc,Undirected,1,2007
"Kittel, Harald_2025-11-19T21:34:34",69825516c835c41957dff004,Undirected,1,2007
"Frank, Armin Paul_2025-11-19T21:34:34",69825516c835c41957dff004,Undirected,1,2007
"Greiner, Norbert_2025-11-19T21:34:34",69825516c835c41957dff004,Undirected,1,2007
"Hermans, Theo_2025-11-19T21:34:34",69825516c835c41957dff004,Undirected,1,2007
"Koller, Werner_2025-11-19T21:34:34",69825516c835c41957dff004,Undirected,1,2007
"Lambert, José_2025-11-19T21:34:34",69825516c835c41957dff004,Undirected,1,2007
"Paul, Fritz_2025-11-19T21:34:34",69825516c835c41957dff004,Undirected,1,2007
"Pistor-Hatam, Anja_2025-11-19T21:28:55",69825516c835c41957dff006,Undirected,1,2007
"Kittel, Harald_2025-11-19T21:34:34",69825516c835c41957dff006,Undirected,1,2007
"Frank, Armin Paul_2025-11-19T21:34:34",69825516c835c41957dff006,Undirected,1,2007
"Greiner, Norbert_2025-11-19T21:34:34",69825516c835c41957dff006,Undirected,1,2007
"Hermans, Theo_2025-11-19T21:34:34",69825516c835c41957dff006,Undirected,1,2007
"Koller, Werner_2025-11-19T21:34:34",69825516c835c41957dff006,Undirected,1,2007
"Lambert, José_2025-11-19T21:34:34",69825516c835c41957dff006,Undirected,1,2007
"Paul, Fritz_2025-11-19T21:34:34",69825516c835c41957dff006,Undirected,1,2007
"Grubmüller, Klaus_2025-11-19T21:34:34",69825516c835c41957dff007,Undirected,1,2007
"Kittel, Harald_2025-11-19T21:34:34",69825516c835c41957dff007,Undirected,1,2007
"Frank, Armin Paul_2025-11-19T21:34:34",69825516c835c41957dff007,Undirected,1,2007
"Greiner, Norbert_2025-11-19T21:34:34",69825516c835c41957dff007,Undirected,1,2007
"Hermans, Theo_2025-11-19T21:34:34",69825516c835c41957dff007,Undirected,1,2007
"Koller, Werner_2025-11-19T21:34:34",69825516c835c41957dff007,Undirected,1,2007
"Lambert, José_2025-11-19T21:34:34",69825516c835c41957dff007,Undirected,1,2007
"Paul, Fritz_2025-11-19T21:34:34",69825516c835c41957dff007,Undirected,1,2007
"Sargent, Michael G._2025-11-19T21:34:41",69825516c835c41957dff008,Undirected,1,2007
"Kittel, Harald_2025-11-19T21:34:34",69825516c835c41957dff008,Undirected,1,2007
"Frank, Armin Paul_2025-11-19T21:34:34",69825516c835c41957dff008,Undirected,1,2007
"Greiner, Norbert_2025-11-19T21:34:34",69825516c835c41957dff008,Undirected,1,2007
"Hermans, Theo_2025-11-19T21:34:34",69825516c835c41957dff008,Undirected,1,2007
"Koller, Werner_2025-11-19T21:34:34",69825516c835c41957dff008,Undirected,1,2007
"Lambert, José_2025-11-19T21:34:34",69825516c835c41957dff008,Undirected,1,2007
"Paul, Fritz_2025-11-19T21:34:34",69825516c835c41957dff008,Undirected,1,2007
"Lindroos, Alf_2025-11-19T21:24:31",69825516c835c41957dff31f,Undirected,1,2007
"Heinemeier, Jan_2025-11-19T21:24:31",69825516c835c41957dff31f,Undirected,1,2007
"Braskén, Mats_2025-11-19T21:35:51",69825516c835c41957dff31f,Undirected,1,2007
"Sveinbjörnsdóttir, Ámy_2025-11-19T21:35:51",69825516c835c41957dff31f,Undirected,1,2007
"Virkkunen, K._2025-11-19T21:36:06",69825516c835c41957dff3af,Undirected,1,2007
"Moore, John C._2025-11-19T21:17:25",69825516c835c41957dff3af,Undirected,1,2007
"Isaksson, E._2025-11-19T21:36:06",69825516c835c41957dff3af,Undirected,1,2007
"Pohjola, V._2025-11-19T21:36:06",69825516c835c41957dff3af,Undirected,1,2007
"Perämäki, P._2025-11-19T21:36:06",69825516c835c41957dff3af,Undirected,1,2007
"Grinsted, A._2025-11-19T21:36:06",69825516c835c41957dff3af,Undirected,1,2007
"Kekonen, T._2025-11-19T21:36:06",69825516c835c41957dff3af,Undirected,1,2007
"Szarmach, Paul E._2025-11-19T21:24:41",69825517c835c41957e012a7,Undirected,1,2007
"Shailor, Barbara A._2025-11-19T21:24:21",69825517c835c41957e012a7,Undirected,1,2007
"Stuard, Susan Mosher_2025-11-19T21:24:21",69825517c835c41957e012a7,Undirected,1,2007
"Ferrante, Joan M._2025-11-19T21:49:29",69825517c835c41957e012a7,Undirected,1,2007
"Mahrt, William_2025-11-19T21:24:21",69825517c835c41957e012a7,Undirected,1,2007
"Peters, Edward_2025-11-19T21:17:26",69825517c835c41957e012a7,Undirected,1,2007
"Babcock, Robert G._2025-11-19T21:16:11",69825517c835c41957e012a7,Undirected,1,2007
"Boynton, Susan_2025-11-19T21:24:09",69825517c835c41957e012a7,Undirected,1,2007
"Clopper, Lawrence M._2025-11-19T21:20:32",69825517c835c41957e012a7,Undirected,1,2007
"Biggs, Frederick M._2025-11-19T21:49:29",69825517c835c41957e012a7,Undirected,1,2007
"Dale, Thomas E. A._2025-11-19T21:24:21",69825517c835c41957e012a7,Undirected,1,2007
"Symes, Carol_2025-11-19T21:23:13",69825517c835c41957e012a7,Undirected,1,2007
"Goodmann, Thomas_2025-11-19T21:49:29",69825517c835c41957e012a7,Undirected,1,2007
"Bjork, Robert E._2025-11-19T21:24:21",69825517c835c41957e012a7,Undirected,1,2007
"Jordan, William Chester_2025-11-19T21:24:21",69825517c835c41957e012a7,Undirected,1,2007
"Weigert, Laura_2025-11-19T21:49:29",69825517c835c41957e012a7,Undirected,1,2007
"Graham, Timothy_2025-11-19T21:46:48",69825517c835c41957e012a7,Undirected,1,2007
"De Clercq, Wim_2025-11-19T21:17:14",69825517c835c41957e0132e,Undirected,1,2007
"Dumolyn, Jan_2025-11-19T21:17:16",69825517c835c41957e0132e,Undirected,1,2007
"Haemers, Jelle_2025-11-19T21:17:29",69825517c835c41957e0132e,Undirected,1,2007
"Dugmore, Andrew J._2025-11-19T21:20:54",69825517c835c41957e01384,Undirected,1,2007
"Keller, Christian_2025-11-19T21:20:54",69825517c835c41957e01384,Undirected,1,2007
"McGovern, Thomas H._2025-11-19T21:17:26",69825517c835c41957e01384,Undirected,1,2007
"Franklin, Carmela Vircillo_2025-11-19T21:50:43",69825517c835c41957e0174b,Undirected,1,2007
"Meyvaert, Paul_2025-11-19T21:35:47",69825517c835c41957e0174b,Undirected,1,2007
"Ziolkowski, Jan M._2025-11-19T21:35:38",69825517c835c41957e0174b,Undirected,1,2007
"Constable, Giles_2025-11-19T21:24:58",69825517c835c41957e0174b,Undirected,1,2007
"Grant, Edward_2025-11-19T21:50:43",69825517c835c41957e0174b,Undirected,1,2007
"Murdoch, John E._2025-11-19T21:50:43",69825517c835c41957e0174b,Undirected,1,2007
"Hanning, Robert W._2025-11-19T21:42:35",69825517c835c41957e0174b,Undirected,1,2007
"Middleton, Anne_2025-11-19T21:50:43",69825517c835c41957e0174b,Undirected,1,2007
"Frank, Roberta_2025-11-19T21:26:25",69825517c835c41957e0174b,Undirected,1,2007
"Benson, Larry D._2025-11-19T21:50:43",69825517c835c41957e0174b,Undirected,1,2007
"Kolve, V. A._2025-11-19T21:49:29",69825517c835c41957e0174b,Undirected,1,2007
"Rigg, A.G._2025-11-19T21:26:16",69825517c835c41957e0174b,Undirected,1,2007
"Bynum, Caroline Walker_2025-11-19T21:23:41",69825517c835c41957e0174b,Undirected,1,2007
"Newman, Barbara_2025-11-19T21:14:16",69825517c835c41957e0174b,Undirected,1,2007
"Little, Lester K._2025-11-19T21:50:43",69825517c835c41957e0174b,Undirected,1,2007
"Chazelle, Celia_2025-11-19T21:18:30",69825517c835c41957e0174b,Undirected,1,2007
"O'Donnell, James J._2025-11-19T21:50:43",69825517c835c41957e0174b,Undirected,1,2007
"Matter, E. Ann_2025-11-19T21:28:05",69825517c835c41957e0174b,Undirected,1,2007
"Reynolds, Susan_2025-11-19T21:14:16",69825517c835c41957e0174b,Undirected,1,2007
"Waldman, Thomas G._2025-11-19T21:50:43",69825517c835c41957e0174b,Undirected,1,2007
"Brown, Elizabeth A. R._2025-11-19T21:39:48",69825517c835c41957e0174b,Undirected,1,2007
"Groos, Arthur_2025-11-19T21:50:43",69825517c835c41957e0174b,Undirected,1,2007
"Palmer, Nigel F._2025-11-19T21:30:37",69825517c835c41957e0174b,Undirected,1,2007
"Curschmann, Michael_2025-11-19T21:27:24",69825517c835c41957e0174b,Undirected,1,2007
"Mazour-Matusevich, Yelena_2025-11-19T21:50:43",69825517c835c41957e0174b,Undirected,1,2007
"Bak, János M._2025-11-19T21:24:23",69825517c835c41957e0174b,Undirected,1,2007
"Courtenay, William J._2025-11-19T21:26:44",69825517c835c41957e0174b,Undirected,1,2007
"Powell, James M._2025-11-19T21:17:33",69825517c835c41957e0174b,Undirected,1,2007
"Gandel, Philippe_2025-11-19T21:18:50",69825516c835c41957dfb4d7,Undirected,1,2008
"Billoin, David_2025-11-19T21:18:50",69825516c835c41957dfb4d7,Undirected,1,2008
"Humbert, Sylviane_2025-11-19T21:20:10",69825516c835c41957dfb4d7,Undirected,1,2008
"Esper, Jan_2025-11-19T21:15:51",69825516c835c41957dfb790,Undirected,1,2008
"Frank, David_2025-11-19T21:20:52",69825516c835c41957dfb790,Undirected,1,2008
"Sherman, Heidi Michelle_2025-11-19T21:21:50",69825516c835c41957dfbbb9,Undirected,1,2008
University of Minnesota_2025-11-19T21:21:50,69825516c835c41957dfbbb9,Undirected,1,2008
"Sizer, Michael Alan_2025-11-19T21:21:50",69825516c835c41957dfbbba,Undirected,1,2008
University of Minnesota_2025-11-19T21:21:50,69825516c835c41957dfbbba,Undirected,1,2008
"Gasterland-Gustafsson, Gretchen_2025-11-19T21:21:51",69825516c835c41957dfbbd4,Undirected,1,2008
University of Minnesota_2025-11-19T21:21:50,69825516c835c41957dfbbd4,Undirected,1,2008
"Pakis, Valentine Anthony_2025-11-19T21:21:54",69825516c835c41957dfbc27,Undirected,1,2008
University of Minnesota_2025-11-19T21:21:50,69825516c835c41957dfbc27,Undirected,1,2008
"Józsa, László_2025-11-19T21:21:29",69825516c835c41957dfc413,Undirected,1,2008
"Farkas, L. Gyula_2025-11-19T21:42:09",69825516c835c41957dfc413,Undirected,1,2008
"Schleissner, Margaret_2025-11-19T21:23:37",69825516c835c41957dfc475,Undirected,1,2008
"Bowers, Barbara S._2025-11-19T21:23:37",69825516c835c41957dfc475,Undirected,1,2008
"Bowden, Georgina R._2025-11-19T21:23:39",69825516c835c41957dfc4a5,Undirected,1,2008
"Balaresque, Patricia_2025-11-19T21:23:39",69825516c835c41957dfc4a5,Undirected,1,2008
"King, Turi E._2025-11-19T21:23:39",69825516c835c41957dfc4a5,Undirected,1,2008
"Hansen, Ziff_2025-11-19T21:23:39",69825516c835c41957dfc4a5,Undirected,1,2008
"Lee, Andrew C._2025-11-19T21:23:39",69825516c835c41957dfc4a5,Undirected,1,2008
"Pergl-Wilson, Giles_2025-11-19T21:23:39",69825516c835c41957dfc4a5,Undirected,1,2008
"Hurley, Emma_2025-11-19T21:23:39",69825516c835c41957dfc4a5,Undirected,1,2008
"Roberts, Stephen J._2025-11-19T21:23:39",69825516c835c41957dfc4a5,Undirected,1,2008
"Waite, Patrick_2025-11-19T21:23:39",69825516c835c41957dfc4a5,Undirected,1,2008
"Jesch, Judith_2025-11-19T21:16:14",69825516c835c41957dfc4a5,Undirected,1,2008
"Jones, Abigail L._2025-11-19T21:23:39",69825516c835c41957dfc4a5,Undirected,1,2008
"Thomas, Mark G._2025-11-19T21:18:14",69825516c835c41957dfc4a5,Undirected,1,2008
"Harding, Stephen E._2025-11-19T21:23:39",69825516c835c41957dfc4a5,Undirected,1,2008
"Jobling, Mark A._2025-11-19T21:23:39",69825516c835c41957dfc4a5,Undirected,1,2008
"Williams, Ann_2025-11-19T21:23:43",69825516c835c41957dfc504,Undirected,1,2008
"Bates, David_2025-11-19T21:23:43",69825516c835c41957dfc504,Undirected,1,2008
"Crick, Julia_2025-11-19T21:23:43",69825516c835c41957dfc504,Undirected,1,2008
"Hamilton, Sarah_2025-11-19T21:23:43",69825516c835c41957dfc504,Undirected,1,2008
"Berndt, Guido M._2025-11-19T21:24:05",69825516c835c41957dfc53a,Undirected,1,2008
"Steinacher, Roland_2025-11-19T21:20:48",69825516c835c41957dfc53a,Undirected,1,2008
"Berglund, Bjèorn E._2025-11-19T21:27:50",69825516c835c41957dfc53c,Undirected,1,2008
"Gaillard, Marie-José_2025-11-19T21:18:02",69825516c835c41957dfc53c,Undirected,1,2008
"Björkman, Leif_2025-11-19T21:20:52",69825516c835c41957dfc53c,Undirected,1,2008
"Persson, Thomas_2025-11-19T21:23:46",69825516c835c41957dfc53c,Undirected,1,2008
"Helama, Samuli_2025-11-19T21:20:40",69825516c835c41957dfc547,Undirected,1,2008
"Vartiainen, Matti_2025-11-19T21:23:46",69825516c835c41957dfc547,Undirected,1,2008
"Kolstrèom, Taneli_2025-11-19T21:23:46",69825516c835c41957dfc547,Undirected,1,2008
"Peltola, Heli_2025-11-19T21:23:46",69825516c835c41957dfc547,Undirected,1,2008
"Merilèainen, Jouko_2025-11-19T21:23:46",69825516c835c41957dfc547,Undirected,1,2008
"England, Ann_2025-11-19T21:23:46",69825516c835c41957dfc54d,Undirected,1,2008
"Eastwood, Warren_2025-11-19T21:23:46",69825516c835c41957dfc54d,Undirected,1,2008
"Roberts, Charlotte A_2025-11-19T21:21:27",69825516c835c41957dfc54d,Undirected,1,2008
"Turner, Rebecca_2025-11-19T21:23:46",69825516c835c41957dfc54d,Undirected,1,2008
"Haldon, John_2025-11-19T21:17:33",69825516c835c41957dfc54d,Undirected,1,2008
"Toškan, Borut_2025-11-19T21:23:54",69825516c835c41957dfc610,Undirected,1,2008
"Dirjec, Janez_2025-11-19T21:23:54",69825516c835c41957dfc610,Undirected,1,2008
"Mojsisch, Burkhard_2025-11-19T21:24:07",69825516c835c41957dfc714,Undirected,1,2008
"Pluta, Olaf_2025-11-19T21:24:07",69825516c835c41957dfc714,Undirected,1,2008
"Rehn, Rudolf_2025-11-19T21:24:07",69825516c835c41957dfc714,Undirected,1,2008
"Wöhler, Hans-Ulrich_2025-11-19T21:24:07",69825516c835c41957dfc714,Undirected,1,2008
"Turner-Walker, Gordon_2025-11-19T21:22:38",69825516c835c41957dfc91c,Undirected,1,2008
"Peacock, Elizabeth E._2025-11-19T21:24:30",69825516c835c41957dfc91c,Undirected,1,2008
"de Moor, J.J.W._2025-11-19T21:24:30",69825516c835c41957dfc92b,Undirected,1,2008
"Verstraeten, Gert_2025-11-19T21:23:50",69825516c835c41957dfc92b,Undirected,1,2008
"de Moor, J.J.W._2025-11-19T21:24:30",69825516c835c41957dfc92c,Undirected,1,2008
"Kasse, C._2025-11-19T21:24:30",69825516c835c41957dfc92c,Undirected,1,2008
"van Balen, R._2025-11-19T21:24:30",69825516c835c41957dfc92c,Undirected,1,2008
"Vandenberghe, J._2025-11-19T21:24:30",69825516c835c41957dfc92c,Undirected,1,2008
"Wallinga, J._2025-11-19T21:24:30",69825516c835c41957dfc92c,Undirected,1,2008
"Seidenkrantz, M. -S._2025-11-19T21:18:38",69825516c835c41957dfc99d,Undirected,1,2008
"Roncaglia, Lucia_2025-11-19T21:24:35",69825516c835c41957dfc99d,Undirected,1,2008
"Fischel, Andrea_2025-11-19T21:24:35",69825516c835c41957dfc99d,Undirected,1,2008
"Heilmann-Clausen, Claus_2025-11-19T21:24:35",69825516c835c41957dfc99d,Undirected,1,2008
"Kuijpers, Antoon_2025-11-19T21:21:00",69825516c835c41957dfc99d,Undirected,1,2008
"Moros, Matthias_2025-11-19T21:21:00",69825516c835c41957dfc99d,Undirected,1,2008
"Wittwer-Backofen, Ursula_2025-11-19T21:25:06",69825516c835c41957dfcc8e,Undirected,1,2008
"Buckberry, Jo_2025-11-19T21:25:06",69825516c835c41957dfcc8e,Undirected,1,2008
"Czarnetzki, Alfred_2025-11-19T21:25:06",69825516c835c41957dfcc8e,Undirected,1,2008
"Doppler, Stefanie_2025-11-19T21:25:06",69825516c835c41957dfcc8e,Undirected,1,2008
"Grupe, Gisela_2025-11-19T21:20:51",69825516c835c41957dfcc8e,Undirected,1,2008
"Hotz, Gerhard_2025-11-19T21:25:06",69825516c835c41957dfcc8e,Undirected,1,2008
"Kemkes, Ariane_2025-11-19T21:25:06",69825516c835c41957dfcc8e,Undirected,1,2008
"Larsen, Clark Spencer_2025-11-19T21:25:06",69825516c835c41957dfcc8e,Undirected,1,2008
"Prince, Debbie_2025-11-19T21:25:06",69825516c835c41957dfcc8e,Undirected,1,2008
"Wahl, Joachim_2025-11-19T21:22:49",69825516c835c41957dfcc8e,Undirected,1,2008
"Fabig, Alexander_2025-11-19T21:25:06",69825516c835c41957dfcc8e,Undirected,1,2008
"Weise, Svenja_2025-11-19T21:25:06",69825516c835c41957dfcc8e,Undirected,1,2008
"Simpson, David_2025-11-19T21:25:08",69825516c835c41957dfccb2,Undirected,1,2008
"Lehouck, Alexander_2025-11-19T21:17:12",69825516c835c41957dfccb2,Undirected,1,2008
"Meirvenne, Marc Van_2025-11-19T21:25:08",69825516c835c41957dfccb2,Undirected,1,2008
"Bourgeois, Jean_2025-11-19T21:25:08",69825516c835c41957dfccb2,Undirected,1,2008
"Thoen, Erik_2025-11-19T21:25:08",69825516c835c41957dfccb2,Undirected,1,2008
"Vervloet, Jelier_2025-11-19T21:25:08",69825516c835c41957dfccb2,Undirected,1,2008
"Barrett, James H._2025-11-19T21:24:34",69825516c835c41957dfd2e0,Undirected,1,2008
"Johnstone, Cluny_2025-11-19T21:26:32",69825516c835c41957dfd2e0,Undirected,1,2008
"Harland, Jennifer F._2025-11-19T21:33:50",69825516c835c41957dfd2e0,Undirected,1,2008
"Van Neer, Wim_2025-11-19T21:26:32",69825516c835c41957dfd2e0,Undirected,1,2008
"Ervynck, Anton_2025-11-19T21:17:12",69825516c835c41957dfd2e0,Undirected,1,2008
"Hufthammer, A.K._2025-11-19T21:26:32",69825516c835c41957dfd2e0,Undirected,1,2008
"Amundsen, Colin_2025-11-19T21:26:32",69825516c835c41957dfd2e0,Undirected,1,2008
"Locker, Alison_2025-11-19T21:26:32",69825516c835c41957dfd2e0,Undirected,1,2008
"Hamilton-Dyer, Sheila_2025-11-19T21:26:32",69825516c835c41957dfd2e0,Undirected,1,2008
"Jonsson, Leif_2025-11-19T21:20:53",69825516c835c41957dfd2e0,Undirected,1,2008
"Roberts, Callum_2025-11-19T21:26:32",69825516c835c41957dfd2e0,Undirected,1,2008
"Richards, Michael_2025-11-19T21:17:34",69825516c835c41957dfd2e0,Undirected,1,2008
"Olsson, Monika_2025-11-19T21:26:32",69825516c835c41957dfd2e3,Undirected,1,2008
"Isaksson, Sven_2025-11-19T21:17:34",69825516c835c41957dfd2e3,Undirected,1,2008
"Garipzanov, Ildar H._2025-11-19T21:17:20",69825516c835c41957dfe2af,Undirected,1,2008
"Geary, Patrick J._2025-11-19T21:15:24",69825516c835c41957dfe2af,Undirected,1,2008
"Urbańczyk, Przemysław_2025-11-19T21:17:31",69825516c835c41957dfe2af,Undirected,1,2008
"Lifshitz, Felice_2025-11-19T21:17:20",69825516c835c41957dfe665,Undirected,1,2008
"Bleeke, Marion_2025-11-19T21:31:47",69825516c835c41957dfe665,Undirected,1,2008
"Moore, Megan_2025-11-19T21:31:47",69825516c835c41957dfe665,Undirected,1,2008
"Thibodeaux, Jennifer D._2025-11-19T21:16:16",69825516c835c41957dfe665,Undirected,1,2008
"Segol, Marla_2025-11-19T21:24:43",69825516c835c41957dfe665,Undirected,1,2008
"Keene, Katie_2025-11-19T21:31:47",69825516c835c41957dfe665,Undirected,1,2008
"Shadis, Miriam_2025-11-19T21:31:48",69825516c835c41957dfe66c,Undirected,1,2008
"Lifshitz, Felice_2025-11-19T21:17:20",69825516c835c41957dfe66c,Undirected,1,2008
"Segol, Marla_2025-11-19T21:24:43",69825516c835c41957dfe66c,Undirected,1,2008
"Bergmann, Emilie L._2025-11-19T21:31:48",69825516c835c41957dfe66c,Undirected,1,2008
"Gaspari, Andrej_2025-11-19T21:23:47",69825516c835c41957dfe690,Undirected,1,2008
"Nadbath, Barbara_2025-11-19T21:23:54",69825516c835c41957dfe690,Undirected,1,2008
"Nabergoj, Tomaž._2025-11-19T21:23:49",69825516c835c41957dfe690,Undirected,1,2008
"Hall, R. A._2025-11-19T21:26:46",69825516c835c41957dfe6d6,Undirected,1,2008
"Kendall, Toby_2025-11-19T21:31:55",69825516c835c41957dfe6d6,Undirected,1,2008
"Briden, Colin_2025-11-19T21:31:55",69825516c835c41957dfe6d6,Undirected,1,2008
"Bailey, Richard_2025-11-19T21:31:55",69825516c835c41957dfe6d6,Undirected,1,2008
"Hawkes, Jane_2025-11-19T21:15:57",69825516c835c41957dfe6d6,Undirected,1,2008
"McClain, Aleksandra_2025-11-19T21:27:25",69825516c835c41957dfe6d6,Undirected,1,2008
"Marks, Richard_2025-11-19T21:31:55",69825516c835c41957dfe6d6,Undirected,1,2008
"Rogers, Nicola_2025-11-19T21:17:19",69825516c835c41957dfe6d6,Undirected,1,2008
"Ottaway, Patrick_2025-11-19T21:28:06",69825516c835c41957dfe6d6,Undirected,1,2008
"Nadbath, Barbara_2025-11-19T21:23:54",69825516c835c41957dfe762,Undirected,1,2008
"Rutar, Gašper_2025-11-19T21:32:07",69825516c835c41957dfe762,Undirected,1,2008
"Ettel, Peter_2025-11-19T21:25:31",69825516c835c41957dfeee7,Undirected,1,2008
"Flambard, Hericher A-M_2025-11-19T21:34:20",69825516c835c41957dfeee7,Undirected,1,2008
"McNeill, T. E._2025-11-19T21:17:30",69825516c835c41957dfeee7,Undirected,1,2008
"Oram, Richard_2025-11-19T21:34:20",69825516c835c41957dfeee7,Undirected,1,2008
"Valk, Heiki_2025-11-19T21:17:30",69825517c835c41957dff976,Undirected,1,2008
"Malve, Martin_2025-11-19T21:34:22",69825517c835c41957dff976,Undirected,1,2008
Landesamt für Archäologie_2025-11-19T21:38:07,69825517c835c41957dff98c,Undirected,1,2008
"TEGEL, Willy_2025-11-19T21:20:19",69825517c835c41957dff98c,Undirected,1,2008
"Hakelberg, Dietrich_2025-11-19T21:38:07",69825517c835c41957dff98c,Undirected,1,2008
"Hofmann, Maria Ines_2025-11-19T21:23:33",69825517c835c41957e0042c,Undirected,1,2008
"Böni, Thomas_2025-11-19T21:23:33",69825517c835c41957e0042c,Undirected,1,2008
"Alt, Kurt W._2025-11-19T21:26:48",69825517c835c41957e0042c,Undirected,1,2008
"Woitek, Ulrich_2025-11-19T21:23:33",69825517c835c41957e0042c,Undirected,1,2008
"Rühli, Frank J._2025-11-19T21:16:09",69825517c835c41957e0042c,Undirected,1,2008
"Rundkvist, Martin_2025-11-19T21:15:49",69825517c835c41957e0077f,Undirected,1,2008
"Williams, Howard_2025-11-19T21:17:10",69825517c835c41957e0077f,Undirected,1,2008
"Vretemark, Maria_2025-11-19T21:27:39",69825517c835c41957e007b4,Undirected,1,2008
"Axelsson, Tony_2025-11-19T21:43:05",69825517c835c41957e007b4,Undirected,1,2008
"Hjulström, Björn_2025-11-19T21:43:09",69825517c835c41957e007e3,Undirected,1,2008
"Isaksson, Sven_2025-11-19T21:17:34",69825517c835c41957e007e3,Undirected,1,2008
"Karlsson, Christina_2025-11-19T21:43:09",69825517c835c41957e007e3,Undirected,1,2008
"Lüth, Friedrich_2025-11-19T21:50:35",69825517c835c41957e016c3,Undirected,1,2008
"Messal, Sebastian_2025-11-19T21:18:04",69825517c835c41957e016c3,Undirected,1,2008
"Bryder, Linda_2025-11-19T21:17:25",69825516c835c41957dfa466,Undirected,1,2009
"Reed, Clyde G._2025-11-19T21:17:23",69825516c835c41957dfa466,Undirected,1,2009
"Treadgold, Warren_2025-11-19T21:17:25",69825516c835c41957dfa466,Undirected,1,2009
"Little, Donald P._2025-11-19T21:17:25",69825516c835c41957dfa466,Undirected,1,2009
"France, John_2025-11-19T21:16:09",69825516c835c41957dfa466,Undirected,1,2009
"Agnew, John A._2025-11-19T21:17:33",69825516c835c41957dfa466,Undirected,1,2009
"Hostetler, Laura_2025-11-19T21:17:25",69825516c835c41957dfa466,Undirected,1,2009
"Segal, Ethan Isaac_2025-11-19T21:17:54",69825516c835c41957dfa466,Undirected,1,2009
"Quataert, Jean H._2025-11-19T21:17:25",69825516c835c41957dfa466,Undirected,1,2009
"Ruiz, Teofilo F._2025-11-19T21:14:16",69825516c835c41957dfa466,Undirected,1,2009
"Wolfart, Johannes C._2025-11-19T21:17:25",69825516c835c41957dfa466,Undirected,1,2009
"Bergmann, Peter_2025-11-19T21:17:25",69825516c835c41957dfa466,Undirected,1,2009
"Kishlansky, Mark A._2025-11-19T21:17:22",69825516c835c41957dfa466,Undirected,1,2009
"Bauer, Ralph_2025-11-19T21:17:25",69825516c835c41957dfa466,Undirected,1,2009
"Elman, Benjamin A._2025-11-19T21:17:25",69825516c835c41957dfa466,Undirected,1,2009
"Vance, Michael E._2025-11-19T21:17:20",69825516c835c41957dfa466,Undirected,1,2009
"Christopher, Emma_2025-11-19T21:17:25",69825516c835c41957dfa466,Undirected,1,2009
"Goode, James F._2025-11-19T21:17:25",69825516c835c41957dfa466,Undirected,1,2009
"Perdue, Peter C._2025-11-19T21:17:22",69825516c835c41957dfa466,Undirected,1,2009
"Ford, Caroline_2025-11-19T21:17:25",69825516c835c41957dfa466,Undirected,1,2009
"Kundrus, Birthe_2025-11-19T21:17:25",69825516c835c41957dfa466,Undirected,1,2009
"Seed, Patricia_2025-11-19T21:17:25",69825516c835c41957dfa466,Undirected,1,2009
"Gould, Eliga H._2025-11-19T21:17:22",69825516c835c41957dfa466,Undirected,1,2009
"Crews, Robert D._2025-11-19T21:17:25",69825516c835c41957dfa466,Undirected,1,2009
"Smith, Geoffrey S._2025-11-19T21:17:25",69825516c835c41957dfa466,Undirected,1,2009
"Legassick, Martin_2025-11-19T21:17:25",69825516c835c41957dfa466,Undirected,1,2009
"Unterberger, Betty Miller_2025-11-19T21:17:23",69825516c835c41957dfa466,Undirected,1,2009
"Bowman, Timothy_2025-11-19T21:17:25",69825516c835c41957dfa466,Undirected,1,2009
"Berger, Stefan_2025-11-19T21:17:25",69825516c835c41957dfa466,Undirected,1,2009
"Naranch, Bradley_2025-11-19T21:17:25",69825516c835c41957dfa466,Undirected,1,2009
"Dickinson, Frederick R._2025-11-19T21:17:25",69825516c835c41957dfa466,Undirected,1,2009
"Herwig, Holger H._2025-11-19T21:17:20",69825516c835c41957dfa466,Undirected,1,2009
"Winter, Jay_2025-11-19T21:17:22",69825516c835c41957dfa466,Undirected,1,2009
"Shaw, Amy_2025-11-19T21:17:25",69825516c835c41957dfa466,Undirected,1,2009
"Ambrosius, Lloyd E._2025-11-19T21:17:22",69825516c835c41957dfa466,Undirected,1,2009
"Chabal, Patrick_2025-11-19T21:17:25",69825516c835c41957dfa466,Undirected,1,2009
"Bosworth, R. J. B._2025-11-19T21:17:25",69825516c835c41957dfa466,Undirected,1,2009
"Addison, Paul_2025-11-19T21:17:25",69825516c835c41957dfa466,Undirected,1,2009
"Quiney, Linda J._2025-11-19T21:17:25",69825516c835c41957dfa466,Undirected,1,2009
"Gillingham, John_2025-11-19T21:17:25",69825516c835c41957dfa466,Undirected,1,2009
"Olesen, Thorsten B._2025-11-19T21:17:25",69825516c835c41957dfa466,Undirected,1,2009
"McMahon, Robert J._2025-11-19T21:17:25",69825516c835c41957dfa466,Undirected,1,2009
"Midford, Paul_2025-11-19T21:17:25",69825516c835c41957dfa466,Undirected,1,2009
"Reid, Donald_2025-11-19T21:17:23",69825516c835c41957dfa466,Undirected,1,2009
"Wolff, Larry_2025-11-19T21:17:25",69825516c835c41957dfa466,Undirected,1,2009
"Mawdsley, Evan_2025-11-19T21:17:25",69825516c835c41957dfa466,Undirected,1,2009
"Bradley, Mark Philip_2025-11-19T21:17:25",69825516c835c41957dfa466,Undirected,1,2009
"Levine, Steven I._2025-11-19T21:17:25",69825516c835c41957dfa466,Undirected,1,2009
"Granieri, Ronald J._2025-11-19T21:17:25",69825516c835c41957dfa466,Undirected,1,2009
"Hirschler, Konrad_2025-11-19T21:17:18",69825516c835c41957dfa511,Undirected,1,2009
"Smith, Jonathan Riley_2025-11-19T21:17:32",69825516c835c41957dfa511,Undirected,1,2009
"Israel, Jonathan_2025-11-19T21:17:32",69825516c835c41957dfa511,Undirected,1,2009
"Van Young, Eric_2025-11-19T21:17:32",69825516c835c41957dfa511,Undirected,1,2009
"Rodger, N. A. M._2025-11-19T21:17:32",69825516c835c41957dfa511,Undirected,1,2009
"Payne, Stanley G._2025-11-19T21:17:32",69825516c835c41957dfa511,Undirected,1,2009
"Dwyer, Philip G._2025-11-19T21:17:32",69825516c835c41957dfa511,Undirected,1,2009
"Burkholder, Mark A._2025-11-19T21:17:22",69825516c835c41957dfa511,Undirected,1,2009
"Adamthwaite, Anthony_2025-11-19T21:17:20",69825516c835c41957dfa511,Undirected,1,2009
"Preston, Andrew_2025-11-19T21:17:29",69825516c835c41957dfa511,Undirected,1,2009
"Harris, Bob_2025-11-19T21:17:32",69825516c835c41957dfa511,Undirected,1,2009
"Brands, H. W._2025-11-19T21:17:29",69825516c835c41957dfa511,Undirected,1,2009
"Nelles, H. V._2025-11-19T21:17:32",69825516c835c41957dfa511,Undirected,1,2009
"Bridge, F. R._2025-11-19T21:17:23",69825516c835c41957dfa511,Undirected,1,2009
"Adas, Michael_2025-11-19T21:17:32",69825516c835c41957dfa511,Undirected,1,2009
"Reid, Donald Malcolm_2025-11-19T21:17:20",69825516c835c41957dfa511,Undirected,1,2009
"Obst, Michael A._2025-11-19T21:17:32",69825516c835c41957dfa511,Undirected,1,2009
"Beer, Bettina_2025-11-19T21:17:32",69825516c835c41957dfa511,Undirected,1,2009
"Wendt, Reinhard_2025-11-19T21:17:32",69825516c835c41957dfa511,Undirected,1,2009
"Dobson, Alan_2025-11-19T21:17:32",69825516c835c41957dfa511,Undirected,1,2009
"Iriye, Akira_2025-11-19T21:17:32",69825516c835c41957dfa511,Undirected,1,2009
"Geyer, Michael_2025-11-19T21:17:32",69825516c835c41957dfa511,Undirected,1,2009
"rennan, Patrick H._2025-11-19T21:17:32",69825516c835c41957dfa511,Undirected,1,2009
"Simkins, Peter_2025-11-19T21:17:32",69825516c835c41957dfa511,Undirected,1,2009
"Krüger, Peter_2025-11-19T21:17:32",69825516c835c41957dfa511,Undirected,1,2009
"Westermann, Edward B._2025-11-19T21:17:32",69825516c835c41957dfa511,Undirected,1,2009
"Higonnet, Patrice_2025-11-19T21:17:32",69825516c835c41957dfa511,Undirected,1,2009
"Snyder, Timothy_2025-11-19T21:17:32",69825516c835c41957dfa511,Undirected,1,2009
"Weinberg, Gerhard L._2025-11-19T21:17:32",69825516c835c41957dfa511,Undirected,1,2009
"Goda, Norman J. W._2025-11-19T21:17:20",69825516c835c41957dfa511,Undirected,1,2009
"Reid, Donald_2025-11-19T21:17:23",69825516c835c41957dfa511,Undirected,1,2009
"Murphy, Philip_2025-11-19T21:17:32",69825516c835c41957dfa511,Undirected,1,2009
"Gienow-Hecht, Jessica C. E._2025-11-19T21:17:32",69825516c835c41957dfa511,Undirected,1,2009
"Stephanson, Anders_2025-11-19T21:17:32",69825516c835c41957dfa511,Undirected,1,2009
"McLean, David_2025-11-19T21:17:22",69825516c835c41957dfa511,Undirected,1,2009
"Domínguez, Jorge I._2025-11-19T21:17:32",69825516c835c41957dfa511,Undirected,1,2009
"Gieseke, Jens_2025-11-19T21:17:32",69825516c835c41957dfa511,Undirected,1,2009
"Lemire, Beverly_2025-11-19T21:17:32",69825516c835c41957dfa511,Undirected,1,2009
"Dessein, Bart_2025-11-19T21:17:32",69825516c835c41957dfa511,Undirected,1,2009
"Popp, Roland_2025-11-19T21:17:32",69825516c835c41957dfa511,Undirected,1,2009
"Nadel, Alan_2025-11-19T21:17:32",69825516c835c41957dfa511,Undirected,1,2009
"Kent, John_2025-11-19T21:17:32",69825516c835c41957dfa511,Undirected,1,2009
"Holland, Robert_2025-11-19T21:17:32",69825516c835c41957dfa511,Undirected,1,2009
"Quester, George H._2025-11-19T21:17:32",69825516c835c41957dfa511,Undirected,1,2009
"Asmus, Ronald D._2025-11-19T21:17:32",69825516c835c41957dfa511,Undirected,1,2009
"Waring, Stephen P._2025-11-19T21:17:32",69825516c835c41957dfa511,Undirected,1,2009
"Adelman, Jeremy_2025-11-19T21:17:32",69825516c835c41957dfa511,Undirected,1,2009
"Silverstone, Scott A._2025-11-19T21:17:32",69825516c835c41957dfa511,Undirected,1,2009
"Matthew, Richard_2025-11-19T21:17:32",69825516c835c41957dfa511,Undirected,1,2009
"Olesen, Thorsten B._2025-11-19T21:17:25",69825516c835c41957dfa511,Undirected,1,2009
"Carpentier, Vincent_2025-11-19T21:18:35",69825516c835c41957dfb402,Undirected,1,2009
"Giazzon, David_2025-11-19T21:20:11",69825516c835c41957dfb402,Undirected,1,2009
"Marcigny, Cyril_2025-11-19T21:20:11",69825516c835c41957dfb402,Undirected,1,2009
"Ghesquière, Emmanuel_2025-11-19T21:20:11",69825516c835c41957dfb402,Undirected,1,2009
"Ouerfelli, Mohamed_2025-11-19T21:19:03",69825516c835c41957dfb4d8,Undirected,1,2009
"Voguet, Elise_2025-11-19T21:20:21",69825516c835c41957dfb4d8,Undirected,1,2009
"McLaughlin, Mary Martin_2025-11-19T21:21:13",69825516c835c41957dfb8e5,Undirected,1,2009
"Wheeler, Bonnie_2025-11-19T21:21:13",69825516c835c41957dfb8e5,Undirected,1,2009
"MOOR, Tine de_2025-11-19T21:21:46",69825516c835c41957dfbb50,Undirected,1,2009
"van Zanden, Jan Luiten_2025-11-19T21:17:28",69825516c835c41957dfbb50,Undirected,1,2009
"Zuijderduijn, Jaco_2025-11-19T21:18:28",69825516c835c41957dfbb50,Undirected,1,2009
"Capelli, Cristian_2025-11-19T21:23:35",69825516c835c41957dfc445,Undirected,1,2009
"Onofri, Valerio_2025-11-19T21:23:35",69825516c835c41957dfc445,Undirected,1,2009
"Brisighelli, Francesca_2025-11-19T21:23:35",69825516c835c41957dfc445,Undirected,1,2009
"Boschi, Ilaria_2025-11-19T21:23:35",69825516c835c41957dfc445,Undirected,1,2009
"Scarnicci, Francesca_2025-11-19T21:23:35",69825516c835c41957dfc445,Undirected,1,2009
"Masullo, Mara_2025-11-19T21:23:35",69825516c835c41957dfc445,Undirected,1,2009
"Ferri, Gianmarco_2025-11-19T21:23:35",69825516c835c41957dfc445,Undirected,1,2009
"Tofanelli, Sergio_2025-11-19T21:23:35",69825516c835c41957dfc445,Undirected,1,2009
"Tagliabracci, Adriano_2025-11-19T21:23:35",69825516c835c41957dfc445,Undirected,1,2009
"Gusmao, Leonor_2025-11-19T21:23:35",69825516c835c41957dfc445,Undirected,1,2009
"Amorim, Antonio_2025-11-19T21:23:35",69825516c835c41957dfc445,Undirected,1,2009
"Gatto, Francesco_2025-11-19T21:23:35",69825516c835c41957dfc445,Undirected,1,2009
"Kirin, Mirna_2025-11-19T21:23:35",69825516c835c41957dfc445,Undirected,1,2009
"Merlitti, Davide_2025-11-19T21:23:35",69825516c835c41957dfc445,Undirected,1,2009
"Brion, Maria_2025-11-19T21:23:35",69825516c835c41957dfc445,Undirected,1,2009
"Verea, Alejandro Blanco_2025-11-19T21:23:35",69825516c835c41957dfc445,Undirected,1,2009
"Romano, Valentino_2025-11-19T21:23:35",69825516c835c41957dfc445,Undirected,1,2009
"Cali, Francesco_2025-11-19T21:23:35",69825516c835c41957dfc445,Undirected,1,2009
"Pascali, Vincenzo_2025-11-19T21:23:35",69825516c835c41957dfc445,Undirected,1,2009
"Watson, Sethina_2025-11-19T21:17:29",69825516c835c41957dfc505,Undirected,1,2009
"Bowers, Barbara S._2025-11-19T21:23:37",69825516c835c41957dfc505,Undirected,1,2009
"Grim, Ronald_2025-11-19T21:23:43",69825516c835c41957dfc506,Undirected,1,2009
"Bendall, Sarah_2025-11-19T21:23:43",69825516c835c41957dfc506,Undirected,1,2009
"Hiatt, Alfred_2025-11-19T21:22:15",69825516c835c41957dfc506,Undirected,1,2009
"Kline, Naomi_2025-11-19T21:23:43",69825516c835c41957dfc506,Undirected,1,2009
"Burlinson, Christopher_2025-11-19T21:23:43",69825516c835c41957dfc506,Undirected,1,2009
"Le-Guilcher, Lucy_2025-11-19T21:23:43",69825516c835c41957dfc506,Undirected,1,2009
"Baron, Nick_2025-11-19T21:23:43",69825516c835c41957dfc506,Undirected,1,2009
"Cook, Karen_2025-11-19T21:23:43",69825516c835c41957dfc506,Undirected,1,2009
"Hebert, John_2025-11-19T21:23:43",69825516c835c41957dfc506,Undirected,1,2009
"Lois, Carla_2025-11-19T21:23:43",69825516c835c41957dfc506,Undirected,1,2009
"Bederman, Sanford_2025-11-19T21:23:43",69825516c835c41957dfc506,Undirected,1,2009
"Nebenzahl, Kenneth_2025-11-19T21:23:43",69825516c835c41957dfc506,Undirected,1,2009
"Walker, James_2025-11-19T21:23:43",69825516c835c41957dfc506,Undirected,1,2009
"Seaver, Kirsten_2025-11-19T21:23:43",69825516c835c41957dfc506,Undirected,1,2009
"Burroughs, Charles_2025-11-19T21:23:43",69825516c835c41957dfc506,Undirected,1,2009
"Reinhartz, Dennis_2025-11-19T21:23:43",69825516c835c41957dfc506,Undirected,1,2009
"Guimaraes, Silvia_2025-11-19T21:23:44",69825516c835c41957dfc519,Undirected,1,2009
"Ghirotto, Silvia_2025-11-19T21:23:44",69825516c835c41957dfc519,Undirected,1,2009
"Benazzo, Andrea_2025-11-19T21:23:44",69825516c835c41957dfc519,Undirected,1,2009
"Milani, Lucio_2025-11-19T21:23:44",69825516c835c41957dfc519,Undirected,1,2009
"Lari, Martina_2025-11-19T21:15:24",69825516c835c41957dfc519,Undirected,1,2009
"Pilli, Elena_2025-11-19T21:23:44",69825516c835c41957dfc519,Undirected,1,2009
"Pecchioli, Elena_2025-11-19T21:23:44",69825516c835c41957dfc519,Undirected,1,2009
"Mallegni, Francesco_2025-11-19T21:23:44",69825516c835c41957dfc519,Undirected,1,2009
"Lippi, Barbara_2025-11-19T21:23:44",69825516c835c41957dfc519,Undirected,1,2009
"Bertoldi, Francesca_2025-11-19T21:23:44",69825516c835c41957dfc519,Undirected,1,2009
"Gelichi, Sauro_2025-11-19T21:18:54",69825516c835c41957dfc519,Undirected,1,2009
"Belle, Elise M S_2025-11-19T21:23:44",69825516c835c41957dfc519,Undirected,1,2009
"Barbujani, Guido_2025-11-19T21:21:19",69825516c835c41957dfc519,Undirected,1,2009
"Wanamaker, Alan D_2025-11-19T21:47:34",69825516c835c41957dfc556,Undirected,1,2009
"Kreutz, Karl_2025-11-19T21:23:47",69825516c835c41957dfc556,Undirected,1,2009
"Schöne, Bernd R_2025-11-19T21:16:37",69825516c835c41957dfc556,Undirected,1,2009
"Maasch, Kirk_2025-11-19T21:23:47",69825516c835c41957dfc556,Undirected,1,2009
"Pershing, Andrew_2025-11-19T21:23:47",69825516c835c41957dfc556,Undirected,1,2009
"Borns, Harold_2025-11-19T21:23:47",69825516c835c41957dfc556,Undirected,1,2009
"Introne, Douglas S._2025-11-19T21:26:32",69825516c835c41957dfc556,Undirected,1,2009
"Feindel, Scott_2025-11-19T21:23:47",69825516c835c41957dfc556,Undirected,1,2009
"Nabergoj, Tomaž._2025-11-19T21:23:49",69825516c835c41957dfc592,Undirected,1,2009
"Lauko, Tomaž._2025-11-19T21:17:57",69825516c835c41957dfc592,Undirected,1,2009
Michael Clanchy_2025-11-19T21:32:25,69825516c835c41957dfc5f0,Undirected,1,2009
"Deyermond, Alan D._2025-11-19T21:22:21",69825516c835c41957dfc5f0,Undirected,1,2009
"Kuijpers, Antoon_2025-11-19T21:21:00",69825516c835c41957dfc8e6,Undirected,1,2009
B A Malmgren_2025-11-19T21:24:27,69825516c835c41957dfc8e6,Undirected,1,2009
S R Troelstra_2025-11-19T21:24:27,69825516c835c41957dfc8e6,Undirected,1,2009
"Hellman, Sofie_2025-11-19T21:24:30",69825516c835c41957dfc91e,Undirected,1,2009
"Gaillard, Marie-José_2025-11-19T21:18:02",69825516c835c41957dfc91e,Undirected,1,2009
"Grupe, Gisela_2025-11-19T21:20:51",69825516c835c41957dfc990,Undirected,1,2009
"Heinrich, Dirk_2025-11-19T21:18:34",69825516c835c41957dfc990,Undirected,1,2009
"Peters, Joris_2025-11-19T21:16:39",69825516c835c41957dfc990,Undirected,1,2009
"Verschuren, Dirk_2025-11-19T21:25:07",69825516c835c41957dfcc9d,Undirected,1,2009
"Charman, Dan J._2025-11-19T21:25:07",69825516c835c41957dfcc9d,Undirected,1,2009
"Simpson, David_2025-11-19T21:25:08",69825516c835c41957dfccf6,Undirected,1,2009
"Meirvenne, Marc Van_2025-11-19T21:25:08",69825516c835c41957dfccf6,Undirected,1,2009
"Saey, Timothy_2025-11-19T21:25:11",69825516c835c41957dfccf6,Undirected,1,2009
"Vermeersch, Hans_2025-11-19T21:25:11",69825516c835c41957dfccf6,Undirected,1,2009
"Bourgeois, Jean_2025-11-19T21:25:08",69825516c835c41957dfccf6,Undirected,1,2009
"Lehouck, Alexander_2025-11-19T21:17:12",69825516c835c41957dfccf6,Undirected,1,2009
"Cockx, Liesbet_2025-11-19T21:25:11",69825516c835c41957dfccf6,Undirected,1,2009
"Vitharana, Udayakantha W. A._2025-11-19T21:25:11",69825516c835c41957dfccf6,Undirected,1,2009
"Kuczkowski, Andrzej_2025-11-19T21:16:25",69825516c835c41957dfcdc6,Undirected,1,2009
"Kajkowski, Kamil_2025-11-19T21:16:25",69825516c835c41957dfcdc6,Undirected,1,2009
"Smrčka, Václav_2025-11-19T21:21:01",69825516c835c41957dfd04e,Undirected,1,2009
"Marcsik, Antónia_2025-11-19T21:17:44",69825516c835c41957dfd04e,Undirected,1,2009
"Markéta, Svenssonová_2025-11-19T21:25:53",69825516c835c41957dfd04e,Undirected,1,2009
"Verstraeten, Gert_2025-11-19T21:23:50",69825516c835c41957dfd2d0,Undirected,1,2009
"Rommens, Tom_2025-11-19T21:23:50",69825516c835c41957dfd2d0,Undirected,1,2009
"Peeters, Iris_2025-11-19T21:23:50",69825516c835c41957dfd2d0,Undirected,1,2009
"Poesen, Jean_2025-11-19T21:23:50",69825516c835c41957dfd2d0,Undirected,1,2009
"Govers, Gerard_2025-11-19T21:23:50",69825516c835c41957dfd2d0,Undirected,1,2009
"Lang, Andreas_2025-11-19T21:23:50",69825516c835c41957dfd2d0,Undirected,1,2009
"Simpson, David_2025-11-19T21:25:08",69825516c835c41957dfd2d8,Undirected,1,2009
"Lehouck, Alexander_2025-11-19T21:17:12",69825516c835c41957dfd2d8,Undirected,1,2009
"Verdonck, Lieven_2025-11-19T21:26:31",69825516c835c41957dfd2d8,Undirected,1,2009
"Vermeersch, Hans_2025-11-19T21:25:11",69825516c835c41957dfd2d8,Undirected,1,2009
"Meirvenne, Marc Van_2025-11-19T21:25:08",69825516c835c41957dfd2d8,Undirected,1,2009
"Bourgeois, Jean_2025-11-19T21:25:08",69825516c835c41957dfd2d8,Undirected,1,2009
"Thoen, Erik_2025-11-19T21:25:08",69825516c835c41957dfd2d8,Undirected,1,2009
"Docter, Roald_2025-11-19T21:26:31",69825516c835c41957dfd2d8,Undirected,1,2009
"Rubini, Mauro_2025-11-19T21:26:32",69825516c835c41957dfd2e6,Undirected,1,2009
"Zaio, Paola_2025-11-19T21:26:32",69825516c835c41957dfd2e6,Undirected,1,2009
"Storå, Jan_2025-11-19T21:17:07",69825516c835c41957dfd2fd,Undirected,1,2009
"Possnert, Göran_2025-11-19T21:17:07",69825516c835c41957dfd2fd,Undirected,1,2009
"Linderholm, Anna_2025-11-19T21:17:07",69825516c835c41957dfd2fd,Undirected,1,2009
"Anna, Kjellström._2025-11-19T21:17:05",69825516c835c41957dfd2fd,Undirected,1,2009
"Stančikaitė, Miglė_2025-11-19T21:24:38",69825516c835c41957dfd301,Undirected,1,2009
"Šinkūnas, Petras_2025-11-19T21:26:34",69825516c835c41957dfd301,Undirected,1,2009
"Risberg, Jan_2025-11-19T21:26:34",69825516c835c41957dfd301,Undirected,1,2009
"Šeirienė, Vaida_2025-11-19T21:26:34",69825516c835c41957dfd301,Undirected,1,2009
"Blažauskas, Nerijus_2025-11-19T21:26:34",69825516c835c41957dfd301,Undirected,1,2009
"Jarockis, Romas_2025-11-19T21:26:34",69825516c835c41957dfd301,Undirected,1,2009
"Karlsson, Sven_2025-11-19T21:26:34",69825516c835c41957dfd301,Undirected,1,2009
"Miller, Urve_2025-11-19T21:26:34",69825516c835c41957dfd301,Undirected,1,2009
"Richards, Julian D._2025-11-19T21:17:17",69825516c835c41957dfdd16,Undirected,1,2009
"Naylor, John_2025-11-19T21:15:51",69825516c835c41957dfdd16,Undirected,1,2009
Caroline Holas-Clark_2025-11-19T21:29:08,69825516c835c41957dfdd16,Undirected,1,2009
"Fleith, Barbara_2025-11-19T21:27:44",69825516c835c41957dfe3cc,Undirected,1,2009
"Wetzel, René_2025-11-19T21:30:32",69825516c835c41957dfe3cc,Undirected,1,2009
"Wetzel, René_2025-11-19T21:30:32",69825516c835c41957dfe3d0,Undirected,1,2009
"Fleith, Barbara_2025-11-19T21:27:44",69825516c835c41957dfe3d0,Undirected,1,2009
"Thali, Johanna_2025-11-19T21:30:34",69825516c835c41957dfe3db,Undirected,1,2009
"Fleith, Barbara_2025-11-19T21:27:44",69825516c835c41957dfe3db,Undirected,1,2009
"Wetzel, René_2025-11-19T21:30:32",69825516c835c41957dfe3db,Undirected,1,2009
"Wünsche, Gregor_2025-11-19T21:29:44",69825516c835c41957dfe3df,Undirected,1,2009
"Fleith, Barbara_2025-11-19T21:27:44",69825516c835c41957dfe3df,Undirected,1,2009
"Wetzel, René_2025-11-19T21:30:32",69825516c835c41957dfe3df,Undirected,1,2009
"Drittenbass, Catherine_2025-11-19T21:30:35",69825516c835c41957dfe3e5,Undirected,1,2009
"Fleith, Barbara_2025-11-19T21:27:44",69825516c835c41957dfe3e5,Undirected,1,2009
"Wetzel, René_2025-11-19T21:30:32",69825516c835c41957dfe3e5,Undirected,1,2009
"Palmer, Nigel F._2025-11-19T21:30:37",69825516c835c41957dfe3f6,Undirected,1,2009
"Rückert, Peter_2025-11-19T21:30:37",69825516c835c41957dfe3f6,Undirected,1,2009
"Fleith, Barbara_2025-11-19T21:27:44",69825516c835c41957dfe3f6,Undirected,1,2009
"Wetzel, René_2025-11-19T21:30:32",69825516c835c41957dfe3f6,Undirected,1,2009
"Heinzer, Felix_2025-11-19T21:28:43",69825516c835c41957dfe3f9,Undirected,1,2009
"Fleith, Barbara_2025-11-19T21:27:44",69825516c835c41957dfe3f9,Undirected,1,2009
"Wetzel, René_2025-11-19T21:30:32",69825516c835c41957dfe3f9,Undirected,1,2009
"Bondarko, Nikolay A._2025-11-19T21:39:52",69825516c835c41957dfe3fc,Undirected,1,2009
"Fleith, Barbara_2025-11-19T21:27:44",69825516c835c41957dfe3fc,Undirected,1,2009
"Wetzel, René_2025-11-19T21:30:32",69825516c835c41957dfe3fc,Undirected,1,2009
"Bihrer, Andreas_2025-11-19T21:22:55",69825516c835c41957dfe3fe,Undirected,1,2009
"Fleith, Barbara_2025-11-19T21:27:44",69825516c835c41957dfe3fe,Undirected,1,2009
"Wetzel, René_2025-11-19T21:30:32",69825516c835c41957dfe3fe,Undirected,1,2009
"Winston-Allen, Anne_2025-11-19T21:18:05",69825516c835c41957dfe3ff,Undirected,1,2009
"Fleith, Barbara_2025-11-19T21:27:44",69825516c835c41957dfe3ff,Undirected,1,2009
"Wetzel, René_2025-11-19T21:30:32",69825516c835c41957dfe3ff,Undirected,1,2009
"Fasching, Richard F._2025-11-19T21:30:38",69825516c835c41957dfe404,Undirected,1,2009
"Fleith, Barbara_2025-11-19T21:27:44",69825516c835c41957dfe404,Undirected,1,2009
"Wetzel, René_2025-11-19T21:30:32",69825516c835c41957dfe404,Undirected,1,2009
"Fleith, Barbara_2025-11-19T21:27:44",69825516c835c41957dfe405,Undirected,1,2009
"Wetzel, René_2025-11-19T21:30:32",69825516c835c41957dfe405,Undirected,1,2009
"Gay-Canton, Réjane_2025-11-19T21:30:40",69825516c835c41957dfe415,Undirected,1,2009
"Fleith, Barbara_2025-11-19T21:27:44",69825516c835c41957dfe415,Undirected,1,2009
"Wetzel, René_2025-11-19T21:30:32",69825516c835c41957dfe415,Undirected,1,2009
"Fleith, Barbara_2025-11-19T21:27:44",69825516c835c41957dfe416,Undirected,1,2009
"Wetzel, René_2025-11-19T21:30:32",69825516c835c41957dfe416,Undirected,1,2009
"Schneider-Lastin, Wolfram_2025-11-19T21:30:42",69825516c835c41957dfe421,Undirected,1,2009
"Fleith, Barbara_2025-11-19T21:27:44",69825516c835c41957dfe421,Undirected,1,2009
"Wetzel, René_2025-11-19T21:30:32",69825516c835c41957dfe421,Undirected,1,2009
"Palmer, Nigel F._2025-11-19T21:30:37",69825516c835c41957dfe422,Undirected,1,2009
"Fleith, Barbara_2025-11-19T21:27:44",69825516c835c41957dfe422,Undirected,1,2009
"Wetzel, René_2025-11-19T21:30:32",69825516c835c41957dfe422,Undirected,1,2009
"Nemes, Balázs J._2025-11-19T21:30:42",69825516c835c41957dfe424,Undirected,1,2009
"Fleith, Barbara_2025-11-19T21:27:44",69825516c835c41957dfe424,Undirected,1,2009
"Wetzel, René_2025-11-19T21:30:32",69825516c835c41957dfe424,Undirected,1,2009
"Segol, Marla_2025-11-19T21:24:43",69825516c835c41957dfe664,Undirected,1,2009
"Mitchell-Smith, Ilan_2025-11-19T21:31:47",69825516c835c41957dfe664,Undirected,1,2009
"Thibodeaux, Jennifer D._2025-11-19T21:16:16",69825516c835c41957dfe664,Undirected,1,2009
"Moore, Megan_2025-11-19T21:31:47",69825516c835c41957dfe664,Undirected,1,2009
"Dressler, Rachel_2025-11-19T21:31:47",69825516c835c41957dfe664,Undirected,1,2009
"Robb, Candace_2025-11-19T21:31:47",69825516c835c41957dfe664,Undirected,1,2009
"Pomeroy, Emma_2025-11-19T21:35:21",69825516c835c41957dff1dc,Undirected,1,2009
"Zakrzewski, Sonia R._2025-11-19T21:35:21",69825516c835c41957dff1dc,Undirected,1,2009
"Helama, Samuli_2025-11-19T21:20:40",69825517c835c41957dff82a,Undirected,1,2009
N. G. Makarenko_2025-11-19T21:37:39,69825517c835c41957dff82a,Undirected,1,2009
L. M. Karimova_2025-11-19T21:37:39,69825517c835c41957dff82a,Undirected,1,2009
O. A. Kruglun_2025-11-19T21:37:39,69825517c835c41957dff82a,Undirected,1,2009
"TIMONEN, MAURI_2025-11-19T21:25:50",69825517c835c41957dff82a,Undirected,1,2009
"Holopainen, J._2025-11-27T19:23:43",69825517c835c41957dff82a,Undirected,1,2009
"Meriläinen, J._2025-11-27T19:23:43",69825517c835c41957dff82a,Undirected,1,2009
"Eronen, M._2025-11-19T21:25:08",69825517c835c41957dff82a,Undirected,1,2009
"Eger, Christoph_2025-11-19T21:28:53",69825517c835c41957dff929,Undirected,1,2009
"Biermann, Felix_2025-11-19T21:17:41",69825517c835c41957dff929,Undirected,1,2009
"Donecker, Stefan_2025-11-19T21:43:10",69825517c835c41957e007e7,Undirected,1,2009
"Steinacher, Roland_2025-11-19T21:20:48",69825517c835c41957e007e7,Undirected,1,2009
"Parker, Christopher_2025-11-19T21:47:33",69825517c835c41957e00c94,Undirected,1,2009
"Farnell, Gary_2025-11-19T21:47:33",69825517c835c41957e00c94,Undirected,1,2009
"Yorke, Barbara_2025-11-19T21:24:40",69825517c835c41957e00c94,Undirected,1,2009
"Hicks, Michael_2025-11-19T21:47:33",69825517c835c41957e00c94,Undirected,1,2009
"Hadfield, Andrew_2025-11-19T21:17:17",69825517c835c41957e00c94,Undirected,1,2009
"Lowe, Ben_2025-11-19T21:47:33",69825517c835c41957e00c94,Undirected,1,2009
"Thirsk, Joan_2025-11-19T21:32:12",69825517c835c41957e00c94,Undirected,1,2009
"Parry, Graham_2025-11-19T21:47:33",69825517c835c41957e00c94,Undirected,1,2009
"Gregory, Jeremy_2025-11-19T21:32:12",69825517c835c41957e00c94,Undirected,1,2009
"Jarvis, Robin_2025-11-19T21:47:33",69825517c835c41957e00c94,Undirected,1,2009
"Sweet, Rosemary_2025-11-19T21:47:33",69825517c835c41957e00c94,Undirected,1,2009
"Sumpter, Caroline_2025-11-19T21:47:33",69825517c835c41957e00c94,Undirected,1,2009
"Hill, Jeffrey_2025-11-19T21:47:33",69825517c835c41957e00c94,Undirected,1,2009
"Parrinder, Patrick_2025-11-19T21:47:33",69825517c835c41957e00c94,Undirected,1,2009
"Perry, Carolyn_2025-11-19T21:47:33",69825517c835c41957e00c94,Undirected,1,2009
"Bergonzi, Bernard_2025-11-19T21:47:33",69825517c835c41957e00c94,Undirected,1,2009
"Jardine, Michael_2025-11-19T21:47:33",69825517c835c41957e00c94,Undirected,1,2009
"Armit, Ian_2025-11-19T21:24:45",69825517c835c41957e01107,Undirected,1,2009
"Campbell, Ewan_2025-11-19T21:15:49",69825517c835c41957e01107,Undirected,1,2009
"Dunwell, Andrew_2025-11-19T21:48:54",69825517c835c41957e01107,Undirected,1,2009
"Housley, Rupert A._2025-11-19T21:17:36",69825517c835c41957e01107,Undirected,1,2009
"Hunter, Fraser_2025-11-19T21:17:10",69825517c835c41957e01107,Undirected,1,2009
"Jackson, Adam_2025-11-19T21:48:54",69825517c835c41957e01107,Undirected,1,2009
"Johnson, Melanie_2025-11-19T21:48:54",69825517c835c41957e01107,Undirected,1,2009
"McLaren, Dawn_2025-11-19T21:48:54",69825517c835c41957e01107,Undirected,1,2009
"Miller, Jennifer_2025-11-19T21:48:54",69825517c835c41957e01107,Undirected,1,2009
"Murdoch, K R_2025-11-19T21:48:54",69825517c835c41957e01107,Undirected,1,2009
"Thoms, Jennifer_2025-11-19T21:48:54",69825517c835c41957e01107,Undirected,1,2009
"Warren, Graeme_2025-11-19T21:48:54",69825517c835c41957e01107,Undirected,1,2009
"Braby, Alan_2025-11-19T21:48:54",69825517c835c41957e01107,Undirected,1,2009
"Evenden, Craig_2025-11-19T21:48:54",69825517c835c41957e01107,Undirected,1,2009
"Mulqueeny, Libby_2025-11-19T21:48:54",69825517c835c41957e01107,Undirected,1,2009
"Whitelaw, Leeanne_2025-11-19T21:48:54",69825517c835c41957e01107,Undirected,1,2009
"Gjerland, Berit_2025-11-19T21:50:38",69825517c835c41957e01702,Undirected,1,2009
"Keller, Christian_2025-11-19T21:20:54",69825517c835c41957e01702,Undirected,1,2009
"Trouet, Valerie_2025-11-19T21:20:53",69825517c835c41957e017f5,Undirected,1,2009
"Esper, Jan_2025-11-19T21:15:51",69825517c835c41957e017f5,Undirected,1,2009
"Graham, Nicholas E._2025-11-19T21:20:52",69825517c835c41957e017f5,Undirected,1,2009
"Baker, Andy_2025-11-19T21:26:12",69825517c835c41957e017f5,Undirected,1,2009
"Scourse, James D._2025-11-19T21:50:54",69825517c835c41957e017f5,Undirected,1,2009
"Frank, David C._2025-11-19T21:25:40",69825517c835c41957e017f5,Undirected,1,2009
"McLaughlin, Mary Martin_2025-11-19T21:21:13",69825517c835c41957e01959,Undirected,1,2009
"Wheeler, Bonnie_2025-11-19T21:21:13",69825517c835c41957e01959,Undirected,1,2009
"Mata, Ignacio F_2026-01-14T22:04:20",69825517c835c41957e0199a,Undirected,1,2009
"Hutter, Carolyn M_2026-01-14T22:04:21",69825517c835c41957e0199a,Undirected,1,2009
"González-Fernández, María C_2026-01-14T22:04:22",69825517c835c41957e0199a,Undirected,1,2009
"M. de Pancorbo, Marian_2025-11-19T21:15:52",69825517c835c41957e0199a,Undirected,1,2009
"Lezcano, Elena_2026-01-14T22:04:35",69825517c835c41957e0199a,Undirected,1,2009
"Huerta, Cecilia_2026-01-14T22:04:36",69825517c835c41957e0199a,Undirected,1,2009
"Blazquez, Marta_2026-01-14T22:04:40",69825517c835c41957e0199a,Undirected,1,2009
"Ribacoba, Renee_2026-01-14T22:04:42",69825517c835c41957e0199a,Undirected,1,2009
"Guisasola, Luis M_2026-01-14T22:04:43",69825517c835c41957e0199a,Undirected,1,2009
"Salvador, Carlos_2026-01-14T22:04:44",69825517c835c41957e0199a,Undirected,1,2009
"Gómez-Esteban, Juan C_2026-01-14T22:04:45",69825517c835c41957e0199a,Undirected,1,2009
"Zarranz, Juan J_2026-01-14T22:04:46",69825517c835c41957e0199a,Undirected,1,2009
"Infante, Jon_2026-01-14T22:04:47",69825517c835c41957e0199a,Undirected,1,2009
"Jankovic, Joseph_2026-01-14T22:04:48",69825517c835c41957e0199a,Undirected,1,2009
"Deng, Hao_2026-01-14T22:04:49",69825517c835c41957e0199a,Undirected,1,2009
"Edwards, Karen L_2026-01-14T22:04:50",69825517c835c41957e0199a,Undirected,1,2009
"Alvarez, Victoria_2026-01-14T22:04:51",69825517c835c41957e0199a,Undirected,1,2009
"Zabetian, Cyrus P_2026-01-14T22:04:52",69825517c835c41957e0199a,Undirected,1,2009
"Knüsel, Christopher J._2025-11-19T21:28:49",69825516c835c41957dfa2f0,Undirected,1,2010
"Batt, Catherine M._2025-11-19T21:26:31",69825516c835c41957dfa2f0,Undirected,1,2010
"Cook, Gordon_2025-11-19T21:17:10",69825516c835c41957dfa2f0,Undirected,1,2010
"Montgomery, Janet A._2025-11-19T21:28:49",69825516c835c41957dfa2f0,Undirected,1,2010
"Müldner, Gundula_2025-11-19T21:17:10",69825516c835c41957dfa2f0,Undirected,1,2010
"Ogden, Alan R_2025-11-19T21:17:10",69825516c835c41957dfa2f0,Undirected,1,2010
"Palmer, Carol_2025-11-19T21:17:10",69825516c835c41957dfa2f0,Undirected,1,2010
"Stern, Ben_2025-11-19T21:17:10",69825516c835c41957dfa2f0,Undirected,1,2010
"Todd, John M._2025-11-19T21:17:10",69825516c835c41957dfa2f0,Undirected,1,2010
"Wilson, Andrew S._2025-11-19T21:28:49",69825516c835c41957dfa2f0,Undirected,1,2010
"Bailiff, Ian K._2025-11-19T21:18:31",69825516c835c41957dfa384,Undirected,1,2010
"Blain, S._2025-11-19T21:17:16",69825516c835c41957dfa384,Undirected,1,2010
"Graves, C. P._2025-11-19T21:17:16",69825516c835c41957dfa384,Undirected,1,2010
"Gurling, T._2025-11-19T21:17:16",69825516c835c41957dfa384,Undirected,1,2010
"SEMPLE, SARAH_2025-11-19T21:23:46",69825516c835c41957dfa384,Undirected,1,2010
"Lehmkuhl, Frank_2025-11-19T21:17:34",69825516c835c41957dfa542,Undirected,1,2010
"Loibl, David_2025-11-19T21:17:34",69825516c835c41957dfa542,Undirected,1,2010
"Borchardt, Holger_2025-11-19T21:17:34",69825516c835c41957dfa542,Undirected,1,2010
"Watson, Sadie_2025-11-19T21:17:35",69825516c835c41957dfa559,Undirected,1,2010
"Pearce, Jacqueline_2025-11-19T21:17:35",69825516c835c41957dfa559,Undirected,1,2010
"Davis, Anne_2025-11-19T21:17:35",69825516c835c41957dfa559,Undirected,1,2010
"Egan, Geoff_2025-11-19T21:17:35",69825516c835c41957dfa559,Undirected,1,2010
"Pipe, Alan_2025-11-19T21:16:40",69825516c835c41957dfa559,Undirected,1,2010
"Andersson, Eva_2025-11-19T21:17:46",69825516c835c41957dfa679,Undirected,1,2010
"Gleba, Margarita_2025-11-19T21:17:46",69825516c835c41957dfa679,Undirected,1,2010
"Mannering, Ulla_2025-11-19T21:17:46",69825516c835c41957dfa679,Undirected,1,2010
"Vedeler, Marianne_2025-11-19T21:17:19",69825516c835c41957dfa679,Undirected,1,2010
"Téreygeol, Florian_2025-11-19T21:19:36",69825516c835c41957dfb11e,Undirected,1,2010
"Foy, E._2025-11-19T21:19:36",69825516c835c41957dfb11e,Undirected,1,2010
"MariottI, Jean-François_2025-11-19T21:18:51",69825516c835c41957dfb11e,Undirected,1,2010
"Dumont, Annie_2025-11-19T21:18:51",69825516c835c41957dfb11e,Undirected,1,2010
"Laporte, Jean-Pierre_2025-11-19T21:19:41",69825516c835c41957dfb263,Undirected,1,2010
"M'charek, Ahmed_2025-11-19T21:46:38",69825516c835c41957dfb263,Undirected,1,2010
"Billoin, David_2025-11-19T21:18:50",69825516c835c41957dfb3f3,Undirected,1,2010
"GASTON, Christophe_2025-11-19T21:20:10",69825516c835c41957dfb3f3,Undirected,1,2010
"Humbert, Sylviane_2025-11-19T21:20:10",69825516c835c41957dfb3f3,Undirected,1,2010
"Lamy, Valérie_2025-11-19T21:20:10",69825516c835c41957dfb3f3,Undirected,1,2010
"Bannier, Jean-Christophe Le_2025-11-19T21:20:10",69825516c835c41957dfb3f3,Undirected,1,2010
"Putelat, Olivier_2025-11-19T21:18:50",69825516c835c41957dfb3f3,Undirected,1,2010
"Meid, Volker_2025-11-19T21:20:44",69825516c835c41957dfb727,Undirected,1,2010
"Stollmann, Rainer_2025-11-19T21:20:47",69825516c835c41957dfb727,Undirected,1,2010
"Schafroth, Heinz F._2025-11-19T21:20:47",69825516c835c41957dfb727,Undirected,1,2010
"Reck, Alexander_2025-11-19T21:20:47",69825516c835c41957dfb727,Undirected,1,2010
"Bachmaier, Helmut_2025-11-19T21:20:45",69825516c835c41957dfb727,Undirected,1,2010
"Schmitz, Matthias_2025-11-19T21:20:46",69825516c835c41957dfb727,Undirected,1,2010
"Lutz, Bernd_2025-11-19T21:20:47",69825516c835c41957dfb727,Undirected,1,2010
"Meid, Marianne_2025-11-19T21:20:47",69825516c835c41957dfb727,Undirected,1,2010
"Schwab, Hans-Rüdiger_2025-11-19T21:20:44",69825516c835c41957dfb727,Undirected,1,2010
"Conter, Claude D._2025-11-19T21:20:47",69825516c835c41957dfb727,Undirected,1,2010
"Emmerich, Wolfgang_2025-11-19T21:20:47",69825516c835c41957dfb727,Undirected,1,2010
"Heidtmann, Horst_2025-11-19T21:20:47",69825516c835c41957dfb727,Undirected,1,2010
"Ohde, Horst_2025-11-19T21:20:47",69825516c835c41957dfb727,Undirected,1,2010
"Kretschmer, Ernst_2025-11-19T21:20:47",69825516c835c41957dfb727,Undirected,1,2010
"Möhrmann, Renate_2025-11-19T21:20:43",69825516c835c41957dfb727,Undirected,1,2010
"Dietz, Ludwig_2025-11-19T21:20:47",69825516c835c41957dfb727,Undirected,1,2010
"Hagestedt, Lutz_2025-11-19T21:20:47",69825516c835c41957dfb727,Undirected,1,2010
"Köhnen, Ralph_2025-11-19T21:20:47",69825516c835c41957dfb727,Undirected,1,2010
"Schmähling, Walter_2025-11-19T21:20:47",69825516c835c41957dfb727,Undirected,1,2010
"Hotz, Karl_2025-11-19T21:20:47",69825516c835c41957dfb727,Undirected,1,2010
"Wetzel, Heinz_2025-11-19T21:20:47",69825516c835c41957dfb727,Undirected,1,2010
"Beiküfner, Uta_2025-11-19T21:20:47",69825516c835c41957dfb727,Undirected,1,2010
"Stark, Michael_2025-11-19T21:20:47",69825516c835c41957dfb727,Undirected,1,2010
"Walther, Elisabeth_2025-11-19T21:20:47",69825516c835c41957dfb727,Undirected,1,2010
"Pethes, Nicolas_2025-11-19T21:20:47",69825516c835c41957dfb727,Undirected,1,2010
"Müller, Wolfgang_2025-11-19T21:20:47",69825516c835c41957dfb727,Undirected,1,2010
"Knoche, Susanne_2025-11-19T21:20:47",69825516c835c41957dfb727,Undirected,1,2010
"Bauer, Michael_2025-11-19T21:20:47",69825516c835c41957dfb727,Undirected,1,2010
"Kreidt, Dietrich_2025-11-19T21:20:47",69825516c835c41957dfb727,Undirected,1,2010
"Blamberger, Günter_2025-11-19T21:20:46",69825516c835c41957dfb727,Undirected,1,2010
"Wehdeking, Volker_2025-11-19T21:20:47",69825516c835c41957dfb727,Undirected,1,2010
"Liebl-Kopitzki, Waltraut_2025-11-19T21:20:47",69825516c835c41957dfb727,Undirected,1,2010
"Stein, Peter G._2025-11-19T21:31:51",69825516c835c41957dfb727,Undirected,1,2010
"Beutin, Wolfgang_2025-11-19T21:20:47",69825516c835c41957dfb727,Undirected,1,2010
"Töteberg, Michael_2025-11-19T21:20:47",69825516c835c41957dfb727,Undirected,1,2010
"Knopf, Jan_2025-11-19T21:20:42",69825516c835c41957dfb727,Undirected,1,2010
"Rohrwasser, Michael_2025-11-19T21:20:47",69825516c835c41957dfb727,Undirected,1,2010
"Habersetzer, Karl-Heinz_2025-11-19T21:20:47",69825516c835c41957dfb727,Undirected,1,2010
"Vaßen, Florian_2025-11-19T21:20:47",69825516c835c41957dfb727,Undirected,1,2010
"Vollhardt, Friedrich_2025-11-19T21:20:47",69825516c835c41957dfb727,Undirected,1,2010
"Bauer, Stefan_2025-11-19T21:20:47",69825516c835c41957dfb727,Undirected,1,2010
"Williams, Rhys W._2025-11-19T21:20:47",69825516c835c41957dfb727,Undirected,1,2010
"Hollmer, Heide_2025-11-19T21:20:47",69825516c835c41957dfb727,Undirected,1,2010
"Hilzinger, Sonja_2025-11-19T21:20:47",69825516c835c41957dfb727,Undirected,1,2010
"Hauschild, Jan-Christoph_2025-11-19T21:20:47",69825516c835c41957dfb727,Undirected,1,2010
"Hoben, Josef_2025-11-19T21:20:44",69825516c835c41957dfb727,Undirected,1,2010
"Stephan, Inge_2025-11-19T21:20:47",69825516c835c41957dfb727,Undirected,1,2010
"Schweikert, Uwe_2025-11-19T21:20:47",69825516c835c41957dfb727,Undirected,1,2010
"Zeidler, Lothar_2025-11-19T21:20:47",69825516c835c41957dfb727,Undirected,1,2010
"Jeßing, Benedikt_2025-11-19T21:20:47",69825516c835c41957dfb727,Undirected,1,2010
"Olsen, Jesper_2025-11-19T21:20:54",69825516c835c41957dfb7b2,Undirected,1,2010
"Noe-Nygaard, Nanna_2025-11-19T21:20:54",69825516c835c41957dfb7b2,Undirected,1,2010
"Wolfe, Brent B._2025-11-19T21:20:54",69825516c835c41957dfb7b2,Undirected,1,2010
"Trouet, Valerie_2025-11-19T21:20:53",69825516c835c41957dfbca7,Undirected,1,2010
"Taylor, Alan H._2025-11-19T21:22:00",69825516c835c41957dfbca7,Undirected,1,2010
"Wahl, Eugene R._2025-11-19T21:22:00",69825516c835c41957dfbca7,Undirected,1,2010
"Skinner, Carl N._2025-11-19T21:22:00",69825516c835c41957dfbca7,Undirected,1,2010
"Stephens, Scott L._2025-11-19T21:22:00",69825516c835c41957dfbca7,Undirected,1,2010
"Meier, Thomas_2025-11-19T21:22:17",69825516c835c41957dfbdfe,Undirected,1,2010
"Haberstroh, Jochen_2025-11-19T21:18:25",69825516c835c41957dfbdfe,Undirected,1,2010
"Wührer, Barbara_2025-11-19T21:22:17",69825516c835c41957dfbdfe,Undirected,1,2010
"Dreibrodt, Stefan_2025-11-19T21:24:34",69825516c835c41957dfc985,Undirected,1,2010
"Lubos, C._2025-11-19T21:24:34",69825516c835c41957dfc985,Undirected,1,2010
"Terhorst, B._2025-11-19T21:24:34",69825516c835c41957dfc985,Undirected,1,2010
"Damm, B._2025-11-19T21:24:34",69825516c835c41957dfc985,Undirected,1,2010
"Bork, Hans-Rudolf_2025-11-19T21:15:35",69825516c835c41957dfc985,Undirected,1,2010
"Nelle, Oliver_2025-11-19T21:24:34",69825516c835c41957dfc991,Undirected,1,2010
"Dreibrodt, Stefan_2025-11-19T21:24:34",69825516c835c41957dfc991,Undirected,1,2010
"Dannath, Yasmin_2025-11-19T21:21:36",69825516c835c41957dfc991,Undirected,1,2010
"Macphail, Richard I._2025-11-19T21:17:37",69825516c835c41957dfc9b6,Undirected,1,2010
"Goldberg, Paul_2025-11-19T21:24:36",69825516c835c41957dfc9b6,Undirected,1,2010
"Noble, Thomas F. X._2025-11-19T21:24:20",69825516c835c41957dfca4a,Undirected,1,2010
"Larson, Atria_2025-12-29T17:57:55",69825516c835c41957dfca4a,Undirected,1,2010
Chad Meister_2025-11-19T21:24:43,69825516c835c41957dfca69,Undirected,1,2010
"Shatz, David_2025-11-19T21:29:59",69825516c835c41957dfca69,Undirected,1,2010
"Meinl, A_2025-11-19T21:25:07",69825516c835c41957dfcc98,Undirected,1,2010
"Rottensteiner, GM_2025-11-19T21:25:07",69825516c835c41957dfcc98,Undirected,1,2010
"Huber, CD_2025-11-19T21:25:07",69825516c835c41957dfcc98,Undirected,1,2010
"Tangl, Stefan_2025-11-19T21:21:41",69825516c835c41957dfcc98,Undirected,1,2010
"Watzak, G_2025-11-19T21:25:07",69825516c835c41957dfcc98,Undirected,1,2010
"Watzek, G_2025-11-19T21:25:07",69825516c835c41957dfcc98,Undirected,1,2010
"LIRA, JAIME_2025-11-19T21:25:07",69825516c835c41957dfccad,Undirected,1,2010
"Linderholm, Anna_2025-11-19T21:17:07",69825516c835c41957dfccad,Undirected,1,2010
"OLARIA, CARMEN_2025-11-19T21:25:08",69825516c835c41957dfccad,Undirected,1,2010
"BRANDSTRÖM DURLING, MIKAEL_2025-11-19T21:25:08",69825516c835c41957dfccad,Undirected,1,2010
"GILBERT, M. THOMAS P._2025-11-19T21:25:08",69825516c835c41957dfccad,Undirected,1,2010
"ELLEGREN, HANS_2025-11-19T21:25:08",69825516c835c41957dfccad,Undirected,1,2010
"Willerslev, Eske_2025-11-19T21:17:06",69825516c835c41957dfccad,Undirected,1,2010
"ARSUAGA, JUAN LUIS_2025-11-19T21:25:08",69825516c835c41957dfccad,Undirected,1,2010
"Götherström, Anders_2025-11-19T21:17:53",69825516c835c41957dfccad,Undirected,1,2010
"Pluskowski, Aleksander G._2025-11-19T21:16:39",69825516c835c41957dfcd49,Undirected,1,2010
"SEETAH, KRISH_2025-11-19T21:17:25",69825516c835c41957dfcd49,Undirected,1,2010
"MALTBY, MARK_2025-11-19T21:17:25",69825516c835c41957dfcd49,Undirected,1,2010
"Krawczyk, Diana W._2025-11-19T21:24:40",69825516c835c41957dfd0ca,Undirected,1,2010
"Witkowski, Andrzej_2025-11-19T21:21:00",69825516c835c41957dfd0ca,Undirected,1,2010
"Moros, Matthias_2025-11-19T21:21:00",69825516c835c41957dfd0ca,Undirected,1,2010
"Kuijpers, Antoon_2025-11-19T21:21:00",69825516c835c41957dfd0ca,Undirected,1,2010
"MOOR, Tine de_2025-11-19T21:21:46",69825516c835c41957dfd118,Undirected,1,2010
"van Zanden, Jan Luiten_2025-11-19T21:17:28",69825516c835c41957dfd118,Undirected,1,2010
"Derese, Cilia_2025-11-19T21:26:35",69825516c835c41957dfd309,Undirected,1,2010
"Vandenberghe, Dimitri_2025-11-19T21:26:35",69825516c835c41957dfd309,Undirected,1,2010
"Eggermont, Nele_2025-11-19T21:26:35",69825516c835c41957dfd309,Undirected,1,2010
"Bastiaens, Jan_2025-11-19T21:26:35",69825516c835c41957dfd309,Undirected,1,2010
"Annaert, Rica_2025-11-19T21:20:14",69825516c835c41957dfd309,Undirected,1,2010
"Van den haute, Peter_2025-11-19T21:26:35",69825516c835c41957dfd309,Undirected,1,2010
"Papageorgopoulou, Christina_2025-11-19T21:27:37",69825516c835c41957dfd70f,Undirected,1,2010
"Rentsch, Katharina_2025-11-19T21:27:37",69825516c835c41957dfd70f,Undirected,1,2010
"Raghavan, Maanasa_2025-11-19T21:17:06",69825516c835c41957dfd70f,Undirected,1,2010
"Hofmann, Maria Ines_2025-11-19T21:23:33",69825516c835c41957dfd70f,Undirected,1,2010
"Colacicco, Giovanni_2025-11-19T21:27:37",69825516c835c41957dfd70f,Undirected,1,2010
"Gallien, Véronique_2025-11-19T21:27:37",69825516c835c41957dfd70f,Undirected,1,2010
"Bianucci, Raffaella_2025-11-19T21:27:37",69825516c835c41957dfd70f,Undirected,1,2010
"Rühli, Frank J._2025-11-19T21:16:09",69825516c835c41957dfd70f,Undirected,1,2010
"Wolinski, Mary_2025-11-19T21:27:51",69825516c835c41957dfd81b,Undirected,1,2010
"Haggh, Barbara_2025-11-19T21:15:45",69825516c835c41957dfd81b,Undirected,1,2010
"Conley, Tom_2025-11-19T21:24:07",69825516c835c41957dfd85b,Undirected,1,2010
"Lugli, Emanuele_2025-11-19T21:24:07",69825516c835c41957dfd85b,Undirected,1,2010
"Pérez, Sandra Sáenz-López_2025-11-19T21:24:07",69825516c835c41957dfd85b,Undirected,1,2010
"McKitterick, David_2025-11-19T21:24:07",69825516c835c41957dfd85b,Undirected,1,2010
"Hebert, John_2025-11-19T21:23:43",69825516c835c41957dfd85b,Undirected,1,2010
"Moore, John C._2025-11-19T21:17:25",69825516c835c41957dfd85b,Undirected,1,2010
"Licini, Patrizia_2025-11-19T21:17:52",69825516c835c41957dfd85b,Undirected,1,2010
"Schwartz, Seymour_2025-11-19T21:27:55",69825516c835c41957dfd85b,Undirected,1,2010
"Grim, Ronald_2025-11-19T21:23:43",69825516c835c41957dfd85b,Undirected,1,2010
"Belyea, Barbara_2025-11-19T21:24:07",69825516c835c41957dfd85b,Undirected,1,2010
"Garver, Joseph_2025-11-19T21:24:07",69825516c835c41957dfd85b,Undirected,1,2010
"Saliba, George_2025-11-19T21:24:07",69825516c835c41957dfd85b,Undirected,1,2010
"Hutchinson, Gillian_2025-11-19T21:24:07",69825516c835c41957dfd85b,Undirected,1,2010
"Broecke, Marcel van den_2025-11-19T21:24:07",69825516c835c41957dfd85b,Undirected,1,2010
"Wärmländer, Sebastian K.T.S._2025-11-19T21:14:17",69825516c835c41957dfd87c,Undirected,1,2010
"Zori, Davide_2025-11-19T21:15:54",69825516c835c41957dfd87c,Undirected,1,2010
"Byock, Jesse L._2025-11-19T21:27:57",69825516c835c41957dfd87c,Undirected,1,2010
"Scott, David A._2025-11-19T21:26:34",69825516c835c41957dfd87c,Undirected,1,2010
"Rühli, Frank J._2025-11-19T21:16:09",69825516c835c41957dfd889,Undirected,1,2010
"Blümich, Bernhard_2025-11-19T21:27:59",69825516c835c41957dfd889,Undirected,1,2010
"Henneberg, Maciej_2025-11-19T21:27:59",69825516c835c41957dfd889,Undirected,1,2010
"Melchior, Linea_2025-11-19T21:27:59",69825516c835c41957dfd88a,Undirected,1,2010
"Lynnerup, Niels_2025-11-19T21:26:31",69825516c835c41957dfd88a,Undirected,1,2010
"Frank, David_2025-11-19T21:20:52",69825516c835c41957dfd9f1,Undirected,1,2010
"Esper, Jan_2025-11-19T21:15:51",69825516c835c41957dfd9f1,Undirected,1,2010
"Zorita, Eduardo_2025-11-19T21:26:48",69825516c835c41957dfd9f1,Undirected,1,2010
"Wilson, Rob_2025-11-19T21:26:48",69825516c835c41957dfd9f1,Undirected,1,2010
"Cooper, Alan_2025-11-19T21:23:38",69825516c835c41957dfdb38,Undirected,1,2010
"Kulash, Damian J._2025-11-19T21:28:46",69825516c835c41957dfdb38,Undirected,1,2010
"GAILLARD de SÉMAINVILLE, Henri_2025-11-19T21:20:11",69825516c835c41957dfdc4e,Undirected,1,2010
"Gandel, Philippe_2025-11-19T21:18:50",69825516c835c41957dfdc4e,Undirected,1,2010
"Sverdrup, Carl_2025-11-19T21:29:56",69825516c835c41957dfe1b3,Undirected,1,2010
"Rogers, Clifford J._2025-11-19T21:17:09",69825516c835c41957dfe1b3,Undirected,1,2010
"DeVries, Kelly_2025-11-19T21:18:28",69825516c835c41957dfe1b3,Undirected,1,2010
"France, John_2025-11-19T21:16:09",69825516c835c41957dfe1b3,Undirected,1,2010
"Krivonogov, Sergey K_2025-11-19T21:35:33",69825516c835c41957dff269,Undirected,1,2010
"Kuzmin, Yaroslav V._2025-11-19T21:47:13",69825516c835c41957dff269,Undirected,1,2010
"Burr, George S_2025-11-19T21:35:33",69825516c835c41957dff269,Undirected,1,2010
"Gusskov, Sergei A_2025-11-19T21:35:33",69825516c835c41957dff269,Undirected,1,2010
"Khazin, Leonid B_2025-11-19T21:35:33",69825516c835c41957dff269,Undirected,1,2010
"Zhakov, Eugeny Y_2025-11-19T21:35:33",69825516c835c41957dff269,Undirected,1,2010
"Nurgizarinov, Aijaryk N_2025-11-19T21:35:33",69825516c835c41957dff269,Undirected,1,2010
"Kurmanbaev, Rakhat Kh_2025-11-19T21:35:33",69825516c835c41957dff269,Undirected,1,2010
"Kenshinbay, Temirbolat I_2025-11-19T21:35:33",69825516c835c41957dff269,Undirected,1,2010
"Török, Béla_2025-11-19T21:17:36",69825517c835c41957dff95c,Undirected,1,2010
"Kovács, Árpád_2025-11-19T21:17:36",69825517c835c41957dff95c,Undirected,1,2010
"Hofmann, Maria Ines_2025-11-19T21:23:33",69825517c835c41957dffb45,Undirected,1,2010
"Papageorgopoulou, Christina_2025-11-19T21:27:37",69825517c835c41957dffb45,Undirected,1,2010
"Böni, Thomas_2025-11-19T21:23:33",69825517c835c41957dffb45,Undirected,1,2010
"Rühli, Frank J._2025-11-19T21:16:09",69825517c835c41957dffb45,Undirected,1,2010
"Pluskowski, Aleksander G._2025-11-19T21:16:39",69825517c835c41957e0098b,Undirected,1,2010
"Ioniță, A._2025-11-19T21:46:11",69825517c835c41957e0098b,Undirected,1,2010
"SEETAH, KRISH_2025-11-19T21:17:25",69825517c835c41957e0098b,Undirected,1,2010
"MOOR, Tine de_2025-11-19T21:21:46",69825517c835c41957e0173a,Undirected,1,2010
"van Zanden, Jan Luiten_2025-11-19T21:17:28",69825517c835c41957e0173a,Undirected,1,2010
"Chen, Huei-Fen_2025-11-19T21:25:50",69825517c835c41957e019db,Undirected,1,2010
"Song, Sheng-Rong_2026-01-14T22:07:17",69825517c835c41957e019db,Undirected,1,2010
"Lee, Teh-Quei_2025-11-19T21:25:47",69825517c835c41957e019db,Undirected,1,2010
"Löwemark, Ludvig_2025-11-19T21:25:50",69825517c835c41957e019db,Undirected,1,2010
"Chi, Zhenqing_2026-01-14T22:07:18",69825517c835c41957e019db,Undirected,1,2010
"Wang, Yong_2026-01-14T22:07:19",69825517c835c41957e019db,Undirected,1,2010
"Hong, Eason_2026-01-14T22:07:20",69825517c835c41957e019db,Undirected,1,2010
"Morris, James_2025-11-19T21:17:09",69825516c835c41957dfa2ca,Undirected,1,2011
"Jervis, Ben_2025-11-19T21:17:09",69825516c835c41957dfa2ca,Undirected,1,2011
"Hadley, Dawn M._2025-11-19T21:24:34",69825516c835c41957dfa540,Undirected,1,2011
"Hemer, K. A._2025-11-19T21:17:34",69825516c835c41957dfa540,Undirected,1,2011
"Sykes, Naomi Jane_2025-11-19T21:38:06",69825516c835c41957dfa584,Undirected,1,2011
"Carden, Ruth F._2025-11-19T21:16:39",69825516c835c41957dfa584,Undirected,1,2011
"Biermann, Felix_2025-11-19T21:17:41",69825516c835c41957dfa5f9,Undirected,1,2011
"Nowakowski, Dominik_2025-11-19T21:17:41",69825516c835c41957dfa5f9,Undirected,1,2011
"Kieseler, Andreas_2025-11-19T21:17:41",69825516c835c41957dfa5f9,Undirected,1,2011
"Seitz, Gabriele_2025-11-19T21:18:48",69825516c835c41957dfac2c,Undirected,1,2011
"Nuber, Hans Ulrich_2025-11-19T21:18:48",69825516c835c41957dfac2c,Undirected,1,2011
"Zagermann, Marcus_2025-11-19T21:18:48",69825516c835c41957dfac2c,Undirected,1,2011
"Deshayes, Gilles_2025-11-19T21:19:01",69825516c835c41957dfade7,Undirected,1,2011
"Berranger, Marion_2025-11-19T21:19:04",69825516c835c41957dfade7,Undirected,1,2011
"Cambou, David_2025-11-19T21:19:04",69825516c835c41957dfade7,Undirected,1,2011
"Cormier, Sébastien_2025-11-19T21:19:04",69825516c835c41957dfade7,Undirected,1,2011
"Niel, Cécile_2025-11-19T21:19:04",69825516c835c41957dfade7,Undirected,1,2011
"Théolas, Delphine_2025-11-19T21:19:01",69825516c835c41957dfade7,Undirected,1,2011
"Truc, Marie-Cécile_2025-11-19T21:18:49",69825516c835c41957dfade7,Undirected,1,2011
"Warmé, Nicolas_2025-11-19T21:19:04",69825516c835c41957dfade7,Undirected,1,2011
"Lequoy, Marie-Clotilde_2025-11-19T21:19:01",69825516c835c41957dfade7,Undirected,1,2011
"Blakemore, Michael_2025-11-19T21:24:14",69825516c835c41957dfc7b9,Undirected,1,2011
"Ehrenberg, Ralph E._2025-11-19T21:24:14",69825516c835c41957dfc7b9,Undirected,1,2011
"Karrow, Robert W._2025-11-19T21:24:14",69825516c835c41957dfc7b9,Undirected,1,2011
"Billion, Philipp_2025-11-19T21:24:14",69825516c835c41957dfc7b9,Undirected,1,2011
"Hernando, Agustín_2025-11-19T21:24:14",69825516c835c41957dfc7b9,Undirected,1,2011
"de Meer, Sjoerd_2025-11-19T21:24:14",69825516c835c41957dfc7b9,Undirected,1,2011
"Ehrensvärd, Ulla_2025-11-19T21:24:14",69825516c835c41957dfc7b9,Undirected,1,2011
"Burroughs, Charles_2025-11-19T21:23:43",69825516c835c41957dfc7b9,Undirected,1,2011
"Mokre, Jan_2025-11-19T21:24:14",69825516c835c41957dfc7b9,Undirected,1,2011
"Federzoni, Laura_2025-11-19T21:24:14",69825516c835c41957dfc7b9,Undirected,1,2011
"Harvey, P. D. A._2025-11-19T21:24:07",69825516c835c41957dfc7b9,Undirected,1,2011
"Theunissen, Yolanda_2025-11-19T21:24:14",69825516c835c41957dfc7b9,Undirected,1,2011
"Campbell, Brian_2025-11-19T21:24:14",69825516c835c41957dfc7b9,Undirected,1,2011
"Braun, Lindsay Frederick_2025-11-19T21:24:14",69825516c835c41957dfc7b9,Undirected,1,2011
"SEMPLE, SARAH_2025-11-19T21:23:46",69825516c835c41957dfc7bc,Undirected,1,2011
"BRUNDLE, LISA_2025-11-19T21:24:14",69825516c835c41957dfc7bc,Undirected,1,2011
"Leroy, S._2025-11-19T21:24:25",69825516c835c41957dfc8ab,Undirected,1,2011
"Simon, R._2025-11-19T21:24:25",69825516c835c41957dfc8ab,Undirected,1,2011
"Bertrand, L._2025-11-19T21:24:25",69825516c835c41957dfc8ab,Undirected,1,2011
"Williams, Ann_2025-11-19T21:23:43",69825516c835c41957dfc8ab,Undirected,1,2011
"Foy, E._2025-11-19T21:19:36",69825516c835c41957dfc8ab,Undirected,1,2011
"Hinton, David A._2025-11-19T21:47:54",69825516c835c41957dfca6f,Undirected,1,2011
"Crawford, Sally_2025-11-19T21:16:45",69825516c835c41957dfca6f,Undirected,1,2011
"Hamerow, H. F._2025-11-19T21:35:34",69825516c835c41957dfca6f,Undirected,1,2011
"Hills, Catherine_2025-11-19T21:21:41",69825516c835c41957dfca6f,Undirected,1,2011
"Hinton, David A._2025-11-19T21:47:54",69825516c835c41957dfca70,Undirected,1,2011
"Crawford, Sally_2025-11-19T21:16:45",69825516c835c41957dfca70,Undirected,1,2011
"Hamerow, H. F._2025-11-19T21:35:34",69825516c835c41957dfca70,Undirected,1,2011
"Esmonde Cleary, A. S._2025-11-19T21:22:07",69825516c835c41957dfca70,Undirected,1,2011
"Hinton, David A._2025-11-19T21:47:54",69825516c835c41957dfca71,Undirected,1,2011
"Crawford, Sally_2025-11-19T21:16:45",69825516c835c41957dfca71,Undirected,1,2011
"Hamerow, H. F._2025-11-19T21:35:34",69825516c835c41957dfca71,Undirected,1,2011
"Richards, Julian D._2025-11-19T21:17:17",69825516c835c41957dfca71,Undirected,1,2011
"Hinton, David A._2025-11-19T21:47:54",69825516c835c41957dfca72,Undirected,1,2011
"Crawford, Sally_2025-11-19T21:16:45",69825516c835c41957dfca72,Undirected,1,2011
"Hamerow, H. F._2025-11-19T21:35:34",69825516c835c41957dfca72,Undirected,1,2011
"Griffiths, David_2025-11-19T21:16:49",69825516c835c41957dfca72,Undirected,1,2011
"Mummey, Kevin_2025-11-19T21:25:01",69825516c835c41957dfcc07,Undirected,1,2011
"Reyerson, Kathryn_2025-11-19T21:25:01",69825516c835c41957dfcc07,Undirected,1,2011
"Verhoeven, Geert_2025-11-19T21:25:11",69825516c835c41957dfccf7,Undirected,1,2011
"Doneus, Michael_2025-11-19T21:25:11",69825516c835c41957dfccf7,Undirected,1,2011
"Barrett, James H._2025-11-19T21:24:34",69825516c835c41957dfd2dc,Undirected,1,2011
"Orton, David C._2025-11-19T21:32:17",69825516c835c41957dfd2dc,Undirected,1,2011
"Johnstone, Cluny_2025-11-19T21:26:32",69825516c835c41957dfd2dc,Undirected,1,2011
"Harland, Jennifer F._2025-11-19T21:33:50",69825516c835c41957dfd2dc,Undirected,1,2011
"Van Neer, Wim_2025-11-19T21:26:32",69825516c835c41957dfd2dc,Undirected,1,2011
"Ervynck, Anton_2025-11-19T21:17:12",69825516c835c41957dfd2dc,Undirected,1,2011
"Roberts, Callum_2025-11-19T21:26:32",69825516c835c41957dfd2dc,Undirected,1,2011
"Locker, Alison_2025-11-19T21:26:32",69825516c835c41957dfd2dc,Undirected,1,2011
"Amundsen, Colin_2025-11-19T21:26:32",69825516c835c41957dfd2dc,Undirected,1,2011
"Enghoff, Inge Bødker_2025-11-19T21:26:32",69825516c835c41957dfd2dc,Undirected,1,2011
"Hamilton-Dyer, Sheila_2025-11-19T21:26:32",69825516c835c41957dfd2dc,Undirected,1,2011
"Heinrich, Dirk_2025-11-19T21:18:34",69825516c835c41957dfd2dc,Undirected,1,2011
"Hufthammer, A.K._2025-11-19T21:26:32",69825516c835c41957dfd2dc,Undirected,1,2011
"Jones, Andrew K. G._2025-11-19T21:32:17",69825516c835c41957dfd2dc,Undirected,1,2011
"Jonsson, Leif_2025-11-19T21:20:53",69825516c835c41957dfd2dc,Undirected,1,2011
"Makowiecki, Daniel_2025-11-19T21:17:59",69825516c835c41957dfd2dc,Undirected,1,2011
"Pope, Peter_2025-11-19T21:26:32",69825516c835c41957dfd2dc,Undirected,1,2011
"O'Connell, Tamsin C._2025-11-19T21:16:14",69825516c835c41957dfd2dc,Undirected,1,2011
"de Roo, Tessa_2025-11-19T21:26:32",69825516c835c41957dfd2dc,Undirected,1,2011
"Richards, Michael_2025-11-19T21:17:34",69825516c835c41957dfd2dc,Undirected,1,2011
"Brown, Alex_2025-11-19T21:26:32",69825516c835c41957dfd2e1,Undirected,1,2011
"Pluskowski, Aleksander G._2025-11-19T21:16:39",69825516c835c41957dfd2e1,Undirected,1,2011
"Rubini, Mauro_2025-11-19T21:26:32",69825516c835c41957dfd2e5,Undirected,1,2011
"Zaio, Paola_2025-11-19T21:26:32",69825516c835c41957dfd2e5,Undirected,1,2011
"Wanamaker, Alan D_2025-11-19T21:47:34",69825516c835c41957dfd2e7,Undirected,1,2011
"Kreutz, Karl_2025-11-19T21:23:47",69825516c835c41957dfd2e7,Undirected,1,2011
"Schöne, Bernd R_2025-11-19T21:16:37",69825516c835c41957dfd2e7,Undirected,1,2011
"Introne, Douglas S._2025-11-19T21:26:32",69825516c835c41957dfd2e7,Undirected,1,2011
"Harland, Rex_2025-11-19T21:26:33",69825516c835c41957dfd2ef,Undirected,1,2011
"Nordberg, Kjell_2025-11-19T21:26:33",69825516c835c41957dfd2ef,Undirected,1,2011
"Ran, Lihua_2025-11-19T21:26:33",69825516c835c41957dfd2f3,Undirected,1,2011
"Jiang, Hui_2025-11-19T21:26:33",69825516c835c41957dfd2f3,Undirected,1,2011
"Knudsen, Karen Luise_2025-11-19T21:26:00",69825516c835c41957dfd2f3,Undirected,1,2011
"Eiríksson, Jón_2025-11-19T21:26:33",69825516c835c41957dfd2f3,Undirected,1,2011
"Polovodova, I._2025-11-19T21:26:34",69825516c835c41957dfd304,Undirected,1,2011
"Nordberg, Kjell_2025-11-19T21:26:33",69825516c835c41957dfd304,Undirected,1,2011
"Filipsson, H.L._2025-11-19T21:26:34",69825516c835c41957dfd304,Undirected,1,2011
"Hufthammer, A.K._2025-11-19T21:26:32",69825516c835c41957dfd308,Undirected,1,2011
"Bratbak, O.F._2025-11-19T21:26:35",69825516c835c41957dfd308,Undirected,1,2011
"Indrelid, S._2025-11-19T21:26:35",69825516c835c41957dfd308,Undirected,1,2011
"Perner, Kerstin_2025-11-19T21:26:39",69825516c835c41957dfd30a,Undirected,1,2011
"Moros, Matthias_2025-11-19T21:21:00",69825516c835c41957dfd30a,Undirected,1,2011
"Lloyd, Jeremy M._2025-11-19T21:26:39",69825516c835c41957dfd30a,Undirected,1,2011
"Kuijpers, Antoon_2025-11-19T21:21:00",69825516c835c41957dfd30a,Undirected,1,2011
"Telford, R.J._2025-11-19T21:26:35",69825516c835c41957dfd30a,Undirected,1,2011
"Harff, Jan_2025-11-19T21:24:40",69825516c835c41957dfd30a,Undirected,1,2011
"Poulsen, Bjørn_2025-11-19T21:17:33",69825516c835c41957dfd576,Undirected,1,2011
"Sindbaek, Søren Michael_2025-11-19T21:23:40",69825516c835c41957dfd576,Undirected,1,2011
"Richards, Julian D._2025-11-19T21:17:17",69825516c835c41957dfd5a7,Undirected,1,2011
"Naylor, John_2025-11-19T21:15:51",69825516c835c41957dfd5a7,Undirected,1,2011
"Reynolds, Andrew_2025-11-19T21:17:29",69825516c835c41957dfd9c0,Undirected,1,2011
"Langlands, Alexander_2025-11-19T21:28:26",69825516c835c41957dfd9c0,Undirected,1,2011
"Ehrenberg, Ralph E._2025-11-19T21:24:14",69825516c835c41957dfdb27,Undirected,1,2011
"Karrow, Robert W._2025-11-19T21:24:14",69825516c835c41957dfdb27,Undirected,1,2011
"Mangani, G._2025-11-19T21:28:46",69825516c835c41957dfdb27,Undirected,1,2011
"Donkin, Lucy_2025-11-19T21:17:00",69825516c835c41957dfdb27,Undirected,1,2011
"Billion, Philipp_2025-11-19T21:24:14",69825516c835c41957dfdb27,Undirected,1,2011
"Hernando, Agustín_2025-11-19T21:24:14",69825516c835c41957dfdb27,Undirected,1,2011
"de Meer, Sjoerd_2025-11-19T21:24:14",69825516c835c41957dfdb27,Undirected,1,2011
"Ehrensvärd, Ulla_2025-11-19T21:24:14",69825516c835c41957dfdb27,Undirected,1,2011
"Burroughs, Charles_2025-11-19T21:23:43",69825516c835c41957dfdb27,Undirected,1,2011
"Büntgen, Ulf_2025-11-19T21:15:51",69825516c835c41957dfdba5,Undirected,1,2011
"TEGEL, Willy_2025-11-19T21:20:19",69825516c835c41957dfdba5,Undirected,1,2011
"Nicolussi, Kurt_2025-11-19T21:22:22",69825516c835c41957dfdba5,Undirected,1,2011
"McCormick, Michael_2025-11-19T21:21:20",69825516c835c41957dfdba5,Undirected,1,2011
"Frank, David_2025-11-19T21:20:52",69825516c835c41957dfdba5,Undirected,1,2011
"Trouet, Valerie_2025-11-19T21:20:53",69825516c835c41957dfdba5,Undirected,1,2011
"Kaplan, Jed O_2025-11-19T21:28:51",69825516c835c41957dfdba5,Undirected,1,2011
"Herzig, Franz_2025-11-19T21:22:22",69825516c835c41957dfdba5,Undirected,1,2011
"Heussner, Karl-Uwe_2025-11-19T21:21:24",69825516c835c41957dfdba5,Undirected,1,2011
"Wanner, Heinz_2025-11-19T21:28:51",69825516c835c41957dfdba5,Undirected,1,2011
"Luterbacher, Jürg_2025-11-19T21:28:51",69825516c835c41957dfdba5,Undirected,1,2011
"Esper, Jan_2025-11-19T21:15:51",69825516c835c41957dfdba5,Undirected,1,2011
"Bindler, Richard_2025-11-19T21:23:56",69825516c835c41957dfdbd8,Undirected,1,2011
"Segerström, Ulf_2025-11-19T21:20:53",69825516c835c41957dfdbd8,Undirected,1,2011
"Berg, Anna_2025-11-19T21:26:31",69825516c835c41957dfdbd8,Undirected,1,2011
"Hansson, Sophia_2025-11-19T21:26:31",69825516c835c41957dfdbd8,Undirected,1,2011
"Holmström, Harald_2025-11-19T21:26:31",69825516c835c41957dfdbd8,Undirected,1,2011
"Lindholm, Markus_2025-11-19T21:28:55",69825516c835c41957dfdbf7,Undirected,1,2011
"Jalkanen, Risto_2025-11-19T21:28:55",69825516c835c41957dfdbf7,Undirected,1,2011
"Baker, Katherine_2025-11-19T21:29:38",69825516c835c41957dfe019,Undirected,1,2011
"Baker, Steve_2025-11-19T21:29:38",69825516c835c41957dfe019,Undirected,1,2011
"Symonds, James_2025-11-19T21:29:38",69825516c835c41957dfe019,Undirected,1,2011
"Cumberpatch, Chris_2025-11-19T21:21:14",69825516c835c41957dfe019,Undirected,1,2011
"Harvey, Linzi_2025-11-19T21:29:38",69825516c835c41957dfe019,Undirected,1,2011
"Marshall, Peter_2025-11-19T21:29:38",69825516c835c41957dfe019,Undirected,1,2011
"Mackenzie, Roderick_2025-11-19T21:29:38",69825516c835c41957dfe019,Undirected,1,2011
"Simmons, Ellen_2025-11-19T21:29:38",69825516c835c41957dfe019,Undirected,1,2011
"Swales, Diana Mahoney_2025-11-19T21:29:38",69825516c835c41957dfe019,Undirected,1,2011
"Tyers, Ian_2025-11-19T21:29:38",69825516c835c41957dfe019,Undirected,1,2011
"Viner-Daniels, Sarah_2025-11-19T21:28:50",69825516c835c41957dfe019,Undirected,1,2011
"VINCE, ALAN_2025-11-19T21:17:27",69825516c835c41957dfe019,Undirected,1,2011
"White, Susie_2025-11-19T21:29:38",69825516c835c41957dfe019,Undirected,1,2011
"Ettahiri, Ahmed S._2025-11-19T21:20:52",69825516c835c41957dfe53e,Undirected,1,2011
"Fili, Abdallah_2025-11-19T21:20:52",69825516c835c41957dfe53e,Undirected,1,2011
"Van Staëvel, Jean-Pierre_2025-11-19T21:20:52",69825516c835c41957dfe53e,Undirected,1,2011
"Orton, David C._2025-11-19T21:32:17",69825516c835c41957dfe7ff,Undirected,1,2011
"Makowiecki, Daniel_2025-11-19T21:17:59",69825516c835c41957dfe7ff,Undirected,1,2011
"de Roo, Tessa_2025-11-19T21:26:32",69825516c835c41957dfe7ff,Undirected,1,2011
"Johnstone, Cluny_2025-11-19T21:26:32",69825516c835c41957dfe7ff,Undirected,1,2011
"Harland, Jennifer F._2025-11-19T21:33:50",69825516c835c41957dfe7ff,Undirected,1,2011
"Jonsson, Leif_2025-11-19T21:20:53",69825516c835c41957dfe7ff,Undirected,1,2011
"Heinrich, Dirk_2025-11-19T21:18:34",69825516c835c41957dfe7ff,Undirected,1,2011
"Enghoff, Inge Bødker_2025-11-19T21:26:32",69825516c835c41957dfe7ff,Undirected,1,2011
"Lõugas, Lembi_2025-11-19T21:18:30",69825516c835c41957dfe7ff,Undirected,1,2011
"Van Neer, Wim_2025-11-19T21:26:32",69825516c835c41957dfe7ff,Undirected,1,2011
"Ervynck, Anton_2025-11-19T21:17:12",69825516c835c41957dfe7ff,Undirected,1,2011
"Hufthammer, A.K._2025-11-19T21:26:32",69825516c835c41957dfe7ff,Undirected,1,2011
"Amundsen, Colin_2025-11-19T21:26:32",69825516c835c41957dfe7ff,Undirected,1,2011
"Jones, Andrew K. G._2025-11-19T21:32:17",69825516c835c41957dfe7ff,Undirected,1,2011
"Locker, Alison_2025-11-19T21:26:32",69825516c835c41957dfe7ff,Undirected,1,2011
"Hamilton-Dyer, Sheila_2025-11-19T21:26:32",69825516c835c41957dfe7ff,Undirected,1,2011
"Pope, Peter_2025-11-19T21:26:32",69825516c835c41957dfe7ff,Undirected,1,2011
"MacKenzie, Brian R._2025-11-19T21:32:17",69825516c835c41957dfe7ff,Undirected,1,2011
"Richards, Michael_2025-11-19T21:17:34",69825516c835c41957dfe7ff,Undirected,1,2011
"O'Connell, Tamsin C._2025-11-19T21:16:14",69825516c835c41957dfe7ff,Undirected,1,2011
"Barrett, James H._2025-11-19T21:24:34",69825516c835c41957dfe7ff,Undirected,1,2011
"Thrush, Simon_2025-11-19T21:32:17",69825516c835c41957dfe7ff,Undirected,1,2011
"Telldahl, Ylva_2025-11-19T21:26:33",69825516c835c41957dfe801,Undirected,1,2011
"Svensson, Emma M._2025-11-19T21:26:31",69825516c835c41957dfe801,Undirected,1,2011
"Götherström, Anders_2025-11-19T21:17:53",69825516c835c41957dfe801,Undirected,1,2011
"Storå, Jan_2025-11-19T21:17:07",69825516c835c41957dfe801,Undirected,1,2011
"Laudet, Vincent_2025-11-19T21:32:18",69825516c835c41957dfe801,Undirected,1,2011
"Nord, Anders G._2025-11-19T21:17:30",69825516c835c41957dfe812,Undirected,1,2011
"Tronner, Kate_2025-11-19T21:17:30",69825516c835c41957dfe812,Undirected,1,2011
"Viberg, Andreas_2025-11-19T21:15:49",69825516c835c41957dfe815,Undirected,1,2011
"Wikström, Anders_2025-11-19T21:22:14",69825516c835c41957dfe815,Undirected,1,2011
"Ulmschneider, Katharina_2025-11-19T21:17:23",69825516c835c41957dff3b6,Undirected,1,2011
"Crawford, Sally_2025-11-19T21:16:45",69825516c835c41957dff3b6,Undirected,1,2011
"Ameje, James_2025-11-19T21:36:31",69825517c835c41957dff4b3,Undirected,1,2011
"Liesegang, G._2025-11-19T21:36:31",69825517c835c41957dff4b3,Undirected,1,2011
"Gronenborn, Detlef_2025-11-19T21:36:31",69825517c835c41957dff4b3,Undirected,1,2011
"Patscher, Stefan_2025-11-19T21:36:31",69825517c835c41957dff4b3,Undirected,1,2011
"Nortmann, Margarete_2025-11-19T21:36:31",69825517c835c41957dff4b3,Undirected,1,2011
"Haase, Claus-Peter_2025-11-19T21:36:31",69825517c835c41957dff4b3,Undirected,1,2011
"Fenn, Thomas R._2025-11-19T21:36:31",69825517c835c41957dff4b3,Undirected,1,2011
"Adderley, W. Paul_2025-11-19T21:36:31",69825517c835c41957dff4b3,Undirected,1,2011
"Hamburger, Jeffrey F._2025-11-19T21:24:27",69825517c835c41957e00079,Undirected,1,2011
"Marti, Susan_2025-11-19T21:40:31",69825517c835c41957e00079,Undirected,1,2011
"Massey, Drew_2025-11-19T21:40:31",69825517c835c41957e00079,Undirected,1,2011
"Friðriksson, Adolf_2025-11-19T21:40:49",69825517c835c41957e0015f,Undirected,1,2011
"Vésteinsson, Orri_2025-11-19T21:18:34",69825517c835c41957e0015f,Undirected,1,2011
"Lasserre, Marina_2025-11-19T21:19:35",69825517c835c41957e013f4,Undirected,1,2011
"VIGREUX, Thomas_2025-11-19T21:49:49",69825517c835c41957e013f4,Undirected,1,2011
"BASOGE, Florian_2025-11-19T21:49:49",69825517c835c41957e013f4,Undirected,1,2011
"Logel, Thierry_2025-11-19T21:19:35",69825517c835c41957e013f4,Undirected,1,2011
"Putelat, Olivier_2025-11-19T21:18:50",69825517c835c41957e013f4,Undirected,1,2011
"SCHNEIDER, Nathalie_2025-11-19T21:49:49",69825517c835c41957e013f4,Undirected,1,2011
"MICHLER, Mathieu_2025-11-19T21:49:49",69825517c835c41957e013f4,Undirected,1,2011
"JODRY, Florent_2025-11-19T21:49:49",69825517c835c41957e013f4,Undirected,1,2011
"BOËS, Xavier_2025-11-19T21:49:49",69825517c835c41957e013f4,Undirected,1,2011
"Bachrach, Bernard S._2025-11-19T21:16:14",69825516c835c41957df9f79,Undirected,1,2012
"Bachrach, D._2025-11-19T21:25:12",69825516c835c41957df9f79,Undirected,1,2012
"Riddler, Ian_2025-11-19T21:17:17",69825516c835c41957dfa3aa,Undirected,1,2012
"Trzaska-Nartowski, Nicola_2025-11-19T21:17:17",69825516c835c41957dfa3aa,Undirected,1,2012
"Soulat, Jean_2025-11-19T21:17:17",69825516c835c41957dfa3aa,Undirected,1,2012
"Morawiec, Jakub_2025-11-19T21:17:31",69825516c835c41957dfa507,Undirected,1,2012
"Urbańczyk, Przemysław_2025-11-19T21:17:31",69825516c835c41957dfa507,Undirected,1,2012
"Nord, Anders G._2025-11-19T21:17:30",69825516c835c41957dfa538,Undirected,1,2012
"Tronner, Kate_2025-11-19T21:17:30",69825516c835c41957dfa538,Undirected,1,2012
"Olausson, Karin Björling_2025-11-19T21:17:34",69825516c835c41957dfa538,Undirected,1,2012
"Deshayes, Gilles_2025-11-19T21:19:01",69825516c835c41957dfada1,Undirected,1,2012
"Lepeuple, Bruno_2025-11-19T21:19:01",69825516c835c41957dfada1,Undirected,1,2012
"Théolas, Delphine_2025-11-19T21:19:01",69825516c835c41957dfada1,Undirected,1,2012
"Lequoy, Marie-Clotilde_2025-11-19T21:19:01",69825516c835c41957dfada1,Undirected,1,2012
"Painchault, Aude_2025-11-19T21:19:02",69825516c835c41957dfadbd,Undirected,1,2012
"Lequoy, Marie-Clotilde_2025-11-19T21:19:01",69825516c835c41957dfadbd,Undirected,1,2012
"Carré, Florence_2025-11-19T21:19:05",69825516c835c41957dfadfd,Undirected,1,2012
"Lequoy, Marie-Clotilde_2025-11-19T21:19:01",69825516c835c41957dfadfd,Undirected,1,2012
"Kacki, Sacha_2025-11-19T21:19:37",69825516c835c41957dfb137,Undirected,1,2012
"Castex, Dominique_2025-11-19T21:19:37",69825516c835c41957dfb137,Undirected,1,2012
"Ghaki, Mansour_2025-11-19T21:18:09",69825516c835c41957dfb3e3,Undirected,1,2012
"Laporte, Jean-Pierre_2025-11-19T21:19:41",69825516c835c41957dfb3e3,Undirected,1,2012
"Dupuis, Xavier_2025-11-19T21:20:09",69825516c835c41957dfb3e3,Undirected,1,2012
"Hemker, Christiane_2025-11-19T21:21:45",69825516c835c41957dfbd25,Undirected,1,2012
"Lentzsch, Susann_2025-11-19T21:22:06",69825516c835c41957dfbd25,Undirected,1,2012
"Copard, K._2025-11-19T21:24:29",69825516c835c41957dfc90b,Undirected,1,2012
"Colin, Christophe_2025-11-19T21:22:18",69825516c835c41957dfc90b,Undirected,1,2012
"Henderson, G.M._2025-11-19T21:24:29",69825516c835c41957dfc90b,Undirected,1,2012
"Scholten, J._2025-11-19T21:24:29",69825516c835c41957dfc90b,Undirected,1,2012
"Douville, Eric_2025-11-19T21:22:18",69825516c835c41957dfc90b,Undirected,1,2012
"Sicre, Marie-Alexandrine_2025-11-19T21:47:34",69825516c835c41957dfc90b,Undirected,1,2012
"Riedel, Frank_2025-11-19T21:24:34",69825516c835c41957dfc987,Undirected,1,2012
"Erhardt, Sebastian_2025-11-19T21:24:34",69825516c835c41957dfc987,Undirected,1,2012
"Chauke, Chrispen_2025-11-19T21:24:34",69825516c835c41957dfc987,Undirected,1,2012
"Kossler, Annette_2025-11-19T21:24:34",69825516c835c41957dfc987,Undirected,1,2012
"Shemang, Elisha_2025-11-19T21:24:34",69825516c835c41957dfc987,Undirected,1,2012
"Tarasov, Pavel_2025-11-19T21:24:34",69825516c835c41957dfc987,Undirected,1,2012
"Lamb, Angela L._2025-11-19T21:16:39",69825516c835c41957dfca2b,Undirected,1,2012
"Melikian, Melissa_2025-11-19T21:24:41",69825516c835c41957dfca2b,Undirected,1,2012
"Ives, Rachel_2025-11-19T21:24:41",69825516c835c41957dfca2b,Undirected,1,2012
"Evans, Jane A._2025-11-19T21:16:39",69825516c835c41957dfca2b,Undirected,1,2012
"Johnson, Scott Fitzgerald_2025-11-19T21:29:37",69825516c835c41957dfca64,Undirected,1,2012
"Maas, Michael_2025-11-19T21:24:12",69825516c835c41957dfca64,Undirected,1,2012
"Johnson, Scott Fitzgerald_2025-11-19T21:29:37",69825516c835c41957dfca65,Undirected,1,2012
Philip Wood_2025-11-19T21:24:43,69825516c835c41957dfca65,Undirected,1,2012
"Johnson, Scott Fitzgerald_2025-11-19T21:29:37",69825516c835c41957dfca66,Undirected,1,2012
"Horden, Peregrine_2025-11-19T21:34:57",69825516c835c41957dfca66,Undirected,1,2012
"Johnson, Scott Fitzgerald_2025-11-19T21:29:37",69825516c835c41957dfca67,Undirected,1,2012
"Mathisen, Ralph W._2025-11-19T21:22:27",69825516c835c41957dfca67,Undirected,1,2012
"Johnson, Scott Fitzgerald_2025-11-19T21:29:37",69825516c835c41957dfca68,Undirected,1,2012
"Haldon, John_2025-11-19T21:17:33",69825516c835c41957dfca68,Undirected,1,2012
"Hexter, Ralph J._2025-11-19T21:24:27",69825516c835c41957dfca6c,Undirected,1,2012
"Townsend, David_2025-11-19T21:50:43",69825516c835c41957dfca6c,Undirected,1,2012
"Friis-Jensen, Karsten_2025-11-19T21:34:32",69825516c835c41957dfca6c,Undirected,1,2012
"Hexter, Ralph J._2025-11-19T21:24:27",69825516c835c41957dfca6d,Undirected,1,2012
"Townsend, David_2025-11-19T21:50:43",69825516c835c41957dfca6d,Undirected,1,2012
"Murdoch, Brian_2025-11-19T21:17:17",69825516c835c41957dfca6d,Undirected,1,2012
"Nevalainen, Terttu_2025-11-19T21:17:40",69825516c835c41957dfcaa3,Undirected,1,2012
Elizabeth Closs Traugott_2025-11-19T21:24:46,69825516c835c41957dfcaa3,Undirected,1,2012
"Machan, Tim William_2025-11-19T21:17:39",69825516c835c41957dfcaa3,Undirected,1,2012
"Braekevelt, Jonas_2025-11-19T21:17:16",69825516c835c41957dfcce3,Undirected,1,2012
"Buylaert, Frederik_2025-11-19T21:25:10",69825516c835c41957dfcce3,Undirected,1,2012
"Dumolyn, Jan_2025-11-19T21:17:16",69825516c835c41957dfcce3,Undirected,1,2012
"Haemers, Jelle_2025-11-19T21:17:29",69825516c835c41957dfcce3,Undirected,1,2012
"Ribeiro, Sofia_2025-11-19T21:21:00",69825516c835c41957dfcce8,Undirected,1,2012
"Moros, Matthias_2025-11-19T21:21:00",69825516c835c41957dfcce8,Undirected,1,2012
"ELLEGAARD, MARIANNE_2025-11-19T21:25:11",69825516c835c41957dfcce8,Undirected,1,2012
"Kuijpers, Antoon_2025-11-19T21:21:00",69825516c835c41957dfcce8,Undirected,1,2012
"Saey, Timothy_2025-11-19T21:25:11",69825516c835c41957dfccf4,Undirected,1,2012
"De Smedt, Philippe_2025-11-19T21:25:11",69825516c835c41957dfccf4,Undirected,1,2012
"Meerschman, Eef_2025-11-19T21:25:11",69825516c835c41957dfccf4,Undirected,1,2012
"Islam, Mohammad Monirul_2025-11-19T21:25:11",69825516c835c41957dfccf4,Undirected,1,2012
"Meeuws, Fun_2025-11-19T21:25:11",69825516c835c41957dfccf4,Undirected,1,2012
"Van De Vijver, Ellen_2025-11-19T21:25:11",69825516c835c41957dfccf4,Undirected,1,2012
"Lehouck, Alexander_2025-11-19T21:17:12",69825516c835c41957dfccf4,Undirected,1,2012
"Meirvenne, Marc Van_2025-11-19T21:25:08",69825516c835c41957dfccf4,Undirected,1,2012
"Gustafsson, Ny Björn_2025-11-19T21:25:11",69825516c835c41957dfccf8,Undirected,1,2012
"Viberg, Andreas_2025-11-19T21:15:49",69825516c835c41957dfccf8,Undirected,1,2012
"Leitholdt, Eva_2025-11-19T21:25:15",69825516c835c41957dfcd3b,Undirected,1,2012
"Zielhofer, Christoph_2025-11-19T21:25:15",69825516c835c41957dfcd3b,Undirected,1,2012
"Berg-Hobohm, Stefanie_2025-11-19T21:25:15",69825516c835c41957dfcd3b,Undirected,1,2012
"Schnabl, Katharina_2025-11-19T21:25:15",69825516c835c41957dfcd3b,Undirected,1,2012
"Kopecky-Hermanns, Britta_2025-11-19T21:25:15",69825516c835c41957dfcd3b,Undirected,1,2012
"Bussmann, Jens_2025-11-19T21:25:15",69825516c835c41957dfcd3b,Undirected,1,2012
"Härtling, Joachim W._2025-11-19T21:25:15",69825516c835c41957dfcd3b,Undirected,1,2012
"Reicherter, Klaus_2025-11-19T21:25:15",69825516c835c41957dfcd3b,Undirected,1,2012
"Unger, Katrin_2025-11-19T21:25:15",69825516c835c41957dfcd3b,Undirected,1,2012
"Gowland, Rebecca_2025-11-19T21:48:32",69825516c835c41957dfcd41,Undirected,1,2012
"Western, A.G._2025-11-19T21:25:15",69825516c835c41957dfcd41,Undirected,1,2012
"Morozova, Irina_2025-11-19T21:16:08",69825516c835c41957dfcd42,Undirected,1,2012
"Evsyukov, Alexey_2025-11-19T21:25:15",69825516c835c41957dfcd42,Undirected,1,2012
"Kon'kov, Andrey_2025-11-19T21:25:15",69825516c835c41957dfcd42,Undirected,1,2012
"Grosheva, Alexandra_2025-11-19T21:25:15",69825516c835c41957dfcd42,Undirected,1,2012
"Zhukova, Olga_2025-11-19T21:25:15",69825516c835c41957dfcd42,Undirected,1,2012
"Rychkov, Sergey_2025-11-19T21:25:15",69825516c835c41957dfcd42,Undirected,1,2012
"López-Blanco, Charo_2025-11-19T21:26:00",69825516c835c41957dfd0c7,Undirected,1,2012
"Gaillard, Marie-José_2025-11-19T21:18:02",69825516c835c41957dfd0c7,Undirected,1,2012
"Miracle, María Rosa_2025-11-19T21:26:00",69825516c835c41957dfd0c7,Undirected,1,2012
"Vicente, Eduardo_2025-11-19T21:26:00",69825516c835c41957dfd0c7,Undirected,1,2012
"Erbs-Hansen, Dorthe Reng_2025-11-19T21:26:00",69825516c835c41957dfd0c8,Undirected,1,2012
"Knudsen, Karen Luise_2025-11-19T21:26:00",69825516c835c41957dfd0c8,Undirected,1,2012
"Gary, Anthony Cavedo_2025-11-19T21:26:00",69825516c835c41957dfd0c8,Undirected,1,2012
"Gyllencreutz, Richard_2025-11-19T21:26:00",69825516c835c41957dfd0c8,Undirected,1,2012
"Jansen, Eystein_2025-11-19T21:21:00",69825516c835c41957dfd0c8,Undirected,1,2012
"Esper, Jan_2025-11-19T21:15:51",69825516c835c41957dfd2d4,Undirected,1,2012
"Büntgen, Ulf_2025-11-19T21:15:51",69825516c835c41957dfd2d4,Undirected,1,2012
"TIMONEN, MAURI_2025-11-19T21:25:50",69825516c835c41957dfd2d4,Undirected,1,2012
"Frank, David C._2025-11-19T21:25:40",69825516c835c41957dfd2d4,Undirected,1,2012
"Davis, Simon J.M._2025-11-19T21:26:31",69825516c835c41957dfd2d9,Undirected,1,2012
"Svensson, Emma M._2025-11-19T21:26:31",69825516c835c41957dfd2d9,Undirected,1,2012
"Albarella, Umberto_2025-11-19T21:17:56",69825516c835c41957dfd2d9,Undirected,1,2012
"Detry, Cleia_2025-11-19T21:16:39",69825516c835c41957dfd2d9,Undirected,1,2012
"Götherström, Anders_2025-11-19T21:17:53",69825516c835c41957dfd2d9,Undirected,1,2012
"Pires, Ana Elisabete_2025-11-19T21:26:31",69825516c835c41957dfd2d9,Undirected,1,2012
"Ginja, Catarina_2025-11-19T21:26:31",69825516c835c41957dfd2d9,Undirected,1,2012
"Price, Theron Douglas_2025-11-19T21:22:09",69825516c835c41957dfd2db,Undirected,1,2012
"Nielsen, Jens N._2025-11-19T21:26:31",69825516c835c41957dfd2db,Undirected,1,2012
"Frei, Karin Margarita_2025-11-19T21:22:09",69825516c835c41957dfd2db,Undirected,1,2012
"Lynnerup, Niels_2025-11-19T21:26:31",69825516c835c41957dfd2db,Undirected,1,2012
"Knudson, Kelly J._2025-11-19T21:26:32",69825516c835c41957dfd2dd,Undirected,1,2012
"O’Donnabhain, Barra_2025-11-19T21:26:32",69825516c835c41957dfd2dd,Undirected,1,2012
"Carver, Charisse_2025-11-19T21:26:32",69825516c835c41957dfd2dd,Undirected,1,2012
"Cleland, Robin_2025-11-19T21:26:32",69825516c835c41957dfd2dd,Undirected,1,2012
"Price, Theron Douglas_2025-11-19T21:22:09",69825516c835c41957dfd2dd,Undirected,1,2012
"Lougheed, Bryan C._2025-11-19T21:21:00",69825516c835c41957dfd2f0,Undirected,1,2012
"Snowball, Ian_2025-11-19T21:21:00",69825516c835c41957dfd2f0,Undirected,1,2012
"Moros, Matthias_2025-11-19T21:21:00",69825516c835c41957dfd2f0,Undirected,1,2012
"Kabel, Karoline_2025-11-19T21:21:00",69825516c835c41957dfd2f0,Undirected,1,2012
"Muscheler, Raimund_2025-11-19T21:26:33",69825516c835c41957dfd2f0,Undirected,1,2012
"Virtasalo, Joonas J._2025-11-19T21:21:00",69825516c835c41957dfd2f0,Undirected,1,2012
"Wacker, Lukas_2025-11-19T21:15:51",69825516c835c41957dfd2f0,Undirected,1,2012
"Cagno, S._2025-11-19T21:26:34",69825516c835c41957dfd2fc,Undirected,1,2012
"Favaretto, L._2025-11-19T21:26:34",69825516c835c41957dfd2fc,Undirected,1,2012
"Mendera, M._2025-11-19T21:26:34",69825516c835c41957dfd2fc,Undirected,1,2012
"Izmer, A._2025-11-19T21:26:34",69825516c835c41957dfd2fc,Undirected,1,2012
"Vanhaecke, Frank_2025-11-19T21:17:14",69825516c835c41957dfd2fc,Undirected,1,2012
"Janssens, K._2025-11-19T21:26:34",69825516c835c41957dfd2fc,Undirected,1,2012
"Surge, Donna_2025-11-19T21:26:35",69825516c835c41957dfd307,Undirected,1,2012
"Barrett, James H._2025-11-19T21:24:34",69825516c835c41957dfd307,Undirected,1,2012
"Baker, John_2025-11-19T21:17:31",69825516c835c41957dfd9a2,Undirected,1,2012
"Brookes, Stuart_2025-11-19T21:17:31",69825516c835c41957dfd9a2,Undirected,1,2012
"Svanberg, Ingvar_2025-11-19T21:18:04",69825516c835c41957dfdd91,Undirected,1,2012
Sigurður Ægisson_2025-11-19T21:29:13,69825516c835c41957dfdd91,Undirected,1,2012
"Herrick, Samantha Kahn_2025-11-19T21:29:55",69825516c835c41957dfe1a1,Undirected,1,2012
"Morillo, Stephen_2025-11-19T21:17:33",69825516c835c41957dfe1a1,Undirected,1,2012
"Domínguez, Frank A._2025-11-19T21:15:45",69825516c835c41957dfe1a5,Undirected,1,2012
"Corfis, Ivy A._2025-11-19T21:29:55",69825516c835c41957dfe1a5,Undirected,1,2012
"Harris-Northall, Ray_2025-11-19T21:29:55",69825516c835c41957dfe1a5,Undirected,1,2012
"Insley, Charles_2025-11-19T21:25:07",69825516c835c41957dfe1a9,Undirected,1,2012
"Brown, Warren_2025-11-19T21:17:23",69825516c835c41957dfe1a9,Undirected,1,2012
"Costambeys, Marios_2025-11-19T21:24:05",69825516c835c41957dfe1a9,Undirected,1,2012
"Innes, Matthew_2025-11-19T21:17:33",69825516c835c41957dfe1a9,Undirected,1,2012
"Kosto, Adam J._2025-11-19T21:24:51",69825516c835c41957dfe1a9,Undirected,1,2012
"Jones, E P_2025-11-19T21:32:09",69825516c835c41957dfe788,Undirected,1,2012
"McGovern, Thomas H._2025-11-19T21:17:26",69825516c835c41957dfe788,Undirected,1,2012
"GILBERT, M. THOMAS P._2025-11-19T21:25:08",69825516c835c41957dfe788,Undirected,1,2012
"Willerslev, Eske_2025-11-19T21:17:06",69825516c835c41957dfe788,Undirected,1,2012
"Searle, J B_2025-11-19T21:32:09",69825516c835c41957dfe788,Undirected,1,2012
"Löfgren, Sylvia Sandelin_2025-11-19T21:34:05",69825516c835c41957dfee4a,Undirected,1,2012
"Isaksson, Sven_2025-11-19T21:17:34",69825516c835c41957dfee4a,Undirected,1,2012
"Maurer, Anne-France_2025-11-19T21:16:37",69825516c835c41957dfee4b,Undirected,1,2012
"Galer, Stephen J G_2025-11-19T21:34:05",69825516c835c41957dfee4b,Undirected,1,2012
"Knipper, Corina_2025-11-19T21:16:50",69825516c835c41957dfee4b,Undirected,1,2012
"Beierlein, Lars_2025-11-19T21:34:05",69825516c835c41957dfee4b,Undirected,1,2012
"Nunn, Elizabeth V_2025-11-19T21:34:05",69825516c835c41957dfee4b,Undirected,1,2012
"Peters, Daniel_2025-11-19T21:25:56",69825516c835c41957dfee4b,Undirected,1,2012
"Tütken, Thomas_2025-11-19T21:34:05",69825516c835c41957dfee4b,Undirected,1,2012
"Alt, Kurt W._2025-11-19T21:26:48",69825516c835c41957dfee4b,Undirected,1,2012
"Schöne, Bernd R_2025-11-19T21:16:37",69825516c835c41957dfee4b,Undirected,1,2012
"Arbin, Staffan von_2025-11-19T21:19:38",69825516c835c41957dff142,Undirected,1,2012
"Daly, Aoife_2025-11-19T21:17:09",69825516c835c41957dff142,Undirected,1,2012
"Brettell, Rhea C._2025-11-19T21:39:34",69825516c835c41957dff355,Undirected,1,2012
"Evans, Jane A._2025-11-19T21:16:39",69825516c835c41957dff355,Undirected,1,2012
"MARZINZIK, SONJA_2025-11-19T21:17:36",69825516c835c41957dff355,Undirected,1,2012
"Lamb, Angela L._2025-11-19T21:16:39",69825516c835c41957dff355,Undirected,1,2012
"Montgomery, Janet A._2025-11-19T21:28:49",69825516c835c41957dff355,Undirected,1,2012
"Gräslund, Bo_2025-11-19T21:36:20",69825517c835c41957dff432,Undirected,1,2012
"Price, Neil_2025-11-19T21:17:08",69825517c835c41957dff432,Undirected,1,2012
"Annaert, Rica_2025-11-19T21:20:14",69825517c835c41957dff58c,Undirected,1,2012
"Boudin, Mathieu_2025-11-19T21:20:14",69825517c835c41957dff58c,Undirected,1,2012
"Flambard, Hericher A-M_2025-11-19T21:34:20",69825517c835c41957dffb7e,Undirected,1,2012
"Robert, Pierre-Philippe_2025-11-19T21:19:35",69825517c835c41957dffb7e,Undirected,1,2012
"Flambard, Hericher A-M_2025-11-19T21:34:20",69825517c835c41957dffb80,Undirected,1,2012
"Normand, Éric_2025-11-19T21:18:33",69825517c835c41957dffb80,Undirected,1,2012
"Champagne, Alain_2025-11-19T21:19:29",69825517c835c41957dffb80,Undirected,1,2012
"Becker, Cornelia_2025-11-19T21:20:59",69825517c835c41957dffe08,Undirected,1,2012
"Grupe, Gisela_2025-11-19T21:20:51",69825517c835c41957dffe08,Undirected,1,2012
"Pálfi, György_2025-11-19T21:17:44",69825517c835c41957e00524,Undirected,1,2012
"Zink, Albert_2025-11-19T21:15:36",69825517c835c41957e00524,Undirected,1,2012
"Maixner, Frank_2025-11-19T21:15:36",69825517c835c41957e00524,Undirected,1,2012
"Pósa, Annamária_2025-11-19T21:26:12",69825517c835c41957e00524,Undirected,1,2012
"Lovász, Gabriella_2025-11-19T21:26:12",69825517c835c41957e00524,Undirected,1,2012
"Wicker, Erika_2025-11-19T21:26:12",69825517c835c41957e00524,Undirected,1,2012
"Bereczki, Zsolt_2025-11-19T21:16:51",69825517c835c41957e00524,Undirected,1,2012
"Molnár, Erika_2025-11-19T21:16:51",69825517c835c41957e00524,Undirected,1,2012
"Paja, László_2025-11-19T21:20:58",69825517c835c41957e00525,Undirected,1,2012
"Coqueugniot, Hélène_2025-11-19T21:42:09",69825517c835c41957e00525,Undirected,1,2012
"Dutour, Olivier_2025-11-19T21:25:15",69825517c835c41957e00525,Undirected,1,2012
"Farkas, L. Gyula_2025-11-19T21:42:09",69825517c835c41957e00525,Undirected,1,2012
"Palkó, András._2025-11-19T21:42:09",69825517c835c41957e00525,Undirected,1,2012
"Pálfi, György_2025-11-19T21:17:44",69825517c835c41957e00525,Undirected,1,2012
"Messal, Sebastian_2025-11-19T21:18:04",69825517c835c41957e00621,Undirected,1,2012
"Rogalski, Bartlomiej_2025-11-19T21:42:29",69825517c835c41957e00621,Undirected,1,2012
"Holst, Mads Kähler_2025-11-19T21:46:21",69825517c835c41957e009f3,Undirected,1,2012
Mads Dengsø Jessen_2025-11-19T21:17:59,69825517c835c41957e009f3,Undirected,1,2012
"Andersen, Steen Wulff_2025-11-19T21:46:21",69825517c835c41957e009f3,Undirected,1,2012
"Pedersen, Anne_2025-11-19T21:17:30",69825517c835c41957e009f3,Undirected,1,2012
"Tolan, John V._2025-11-19T21:24:30",69825517c835c41957e00dd7,Undirected,1,2012
"Veinstein, Gilles_2025-11-19T21:48:00",69825517c835c41957e00dd7,Undirected,1,2012
"Laurens, Henry_2025-11-19T21:48:00",69825517c835c41957e00dd7,Undirected,1,2012
"Todd, Jane Marie_2025-11-19T21:48:00",69825517c835c41957e00dd7,Undirected,1,2012
"van Zanden, Jan Luiten_2025-11-19T21:17:28",69825517c835c41957e01820,Undirected,1,2012
"Zuijderduijn, Jaco_2025-11-19T21:18:28",69825517c835c41957e01820,Undirected,1,2012
"MOOR, Tine de_2025-11-19T21:21:46",69825517c835c41957e01820,Undirected,1,2012
"Daryaee, Touraj_2025-11-19T21:27:17",69825517c835c41957e019bc,Undirected,1,2012
A. Shapur Shahbazi_2026-01-14T22:06:37,69825517c835c41957e019bc,Undirected,1,2012
"Murray, Emily_2026-01-15T09:07:34",69825517c835c41957e01add,Undirected,1,2012
"McCormick, Finbar_2025-11-19T21:25:19",69825517c835c41957e01add,Undirected,1,2012
"Newman, Conor_2026-01-15T09:07:35",69825517c835c41957e01add,Undirected,1,2012
"Hamilton-Dyer, Sheila_2025-11-19T21:26:32",69825517c835c41957e01add,Undirected,1,2012
"Plunkett, Gill_2026-01-15T09:07:36",69825517c835c41957e01add,Undirected,1,2012
"Pearce, Jacqueline_2025-11-19T21:17:35",69825516c835c41957dfa2cf,Undirected,1,2013
"RUTH, TAYLOR_2025-11-19T21:17:09",69825516c835c41957dfa2cf,Undirected,1,2013
"IAN M., BETTS_2025-11-19T21:17:09",69825516c835c41957dfa2cf,Undirected,1,2013
"Pipe, Alan_2025-11-19T21:16:40",69825516c835c41957dfa2cf,Undirected,1,2013
"BETH, RICHARDSON_2025-11-19T21:17:09",69825516c835c41957dfa2cf,Undirected,1,2013
"Stewart, Karen_2025-11-19T21:38:46",69825516c835c41957dfa2cf,Undirected,1,2013
"Willmott, Hugh_2025-11-19T21:16:30",69825516c835c41957dfa2f4,Undirected,1,2013
"Bryson, Alan_2025-11-19T21:16:30",69825516c835c41957dfa2f4,Undirected,1,2013
"Richards, Julian D._2025-11-19T21:17:17",69825516c835c41957dfa3a3,Undirected,1,2013
"Ashby, Steve_2025-11-19T21:17:17",69825516c835c41957dfa3a3,Undirected,1,2013
"Austin, Tony_2025-11-19T21:17:17",69825516c835c41957dfa3a3,Undirected,1,2013
"HALDENBY, DAVE_2025-11-19T21:37:46",69825516c835c41957dfa3a3,Undirected,1,2013
"Hummler, Madeleine_2025-11-19T21:17:17",69825516c835c41957dfa3a3,Undirected,1,2013
"Jelley, Elizabeth_2025-11-19T21:17:17",69825516c835c41957dfa3a3,Undirected,1,2013
"Richardson, Jane_2025-11-19T21:17:17",69825516c835c41957dfa3a3,Undirected,1,2013
"Roskams, Steve_2025-11-19T21:17:17",69825516c835c41957dfa3a3,Undirected,1,2013
"Niven, Kieron_2025-11-19T21:17:17",69825516c835c41957dfa3a3,Undirected,1,2013
"Christie, Neil_2025-11-19T21:17:11",69825516c835c41957dfa44d,Undirected,1,2013
"Naylor, John_2025-11-19T21:15:51",69825516c835c41957dfa44d,Undirected,1,2013
"Vitali, Tiziana_2025-11-19T21:17:19",69825516c835c41957dfa44d,Undirected,1,2013
"CARRAGÁIN, TÓMAS Ó_2025-11-19T21:17:30",69825516c835c41957dfa44d,Undirected,1,2013
"Gleeson, Patrick_2025-11-19T21:17:19",69825516c835c41957dfa44d,Undirected,1,2013
"McManus, Ellen_2025-11-19T21:17:27",69825516c835c41957dfa49d,Undirected,1,2013
"Montgomery, Janet A._2025-11-19T21:28:49",69825516c835c41957dfa49d,Undirected,1,2013
"Evans, Jane A._2025-11-19T21:16:39",69825516c835c41957dfa49d,Undirected,1,2013
"Lamb, Angela L._2025-11-19T21:16:39",69825516c835c41957dfa49d,Undirected,1,2013
"Brettell, Rhea C._2025-11-19T21:39:34",69825516c835c41957dfa49d,Undirected,1,2013
"Jelsma, Johan_2025-11-19T21:17:27",69825516c835c41957dfa49d,Undirected,1,2013
"Le Borgne, Véronique_2025-11-19T21:19:05",69825516c835c41957dfadfb,Undirected,1,2013
"Le Borgne, Jean-Noël_2025-11-19T21:19:05",69825516c835c41957dfadfb,Undirected,1,2013
"Dumondelle, Gilles_2025-11-19T21:19:05",69825516c835c41957dfadfb,Undirected,1,2013
"Lequoy, Marie-Clotilde_2025-11-19T21:19:01",69825516c835c41957dfadfb,Undirected,1,2013
"Bührer-Thierry, Geneviève_2025-11-19T21:18:59",69825516c835c41957dfb17c,Undirected,1,2013
"Jégou, Laurent_2025-11-19T21:19:40",69825516c835c41957dfb17c,Undirected,1,2013
"Laporte, Jean-Pierre_2025-11-19T21:19:41",69825516c835c41957dfb193,Undirected,1,2013
"Oulebsir, Rachid_2025-11-19T21:19:41",69825516c835c41957dfb193,Undirected,1,2013
"Oumsed, Tahar Hamadache_2025-11-19T21:19:41",69825516c835c41957dfb193,Undirected,1,2013
"Chaker, Salem_2025-11-19T21:19:03",69825516c835c41957dfb193,Undirected,1,2013
"Brun, Jean-Pierre_2025-11-19T21:19:41",69825516c835c41957dfb193,Undirected,1,2013
"Laporte, Jean-Pierre_2025-11-19T21:19:41",69825516c835c41957dfb2c5,Undirected,1,2013
"Chaker, Salem_2025-11-19T21:19:03",69825516c835c41957dfb2c5,Undirected,1,2013
"Roubet, Colette_2025-11-19T21:19:55",69825516c835c41957dfb2c5,Undirected,1,2013
"Vignet-Zunz, Jacques_2025-11-19T21:19:55",69825516c835c41957dfb2c5,Undirected,1,2013
"Abrous, Dahbia_2025-11-19T21:19:59",69825516c835c41957dfb319,Undirected,1,2013
"Chaker, Salem_2025-11-19T21:19:03",69825516c835c41957dfb319,Undirected,1,2013
"Werlé, Maxime_2025-11-19T21:20:19",69825516c835c41957dfb4ac,Undirected,1,2013
"Seiller, Maurice_2025-11-19T21:20:19",69825516c835c41957dfb4ac,Undirected,1,2013
"TEGEL, Willy_2025-11-19T21:20:19",69825516c835c41957dfb4ac,Undirected,1,2013
"Matyasovszky, István_2025-11-19T21:20:53",69825516c835c41957dfb7a6,Undirected,1,2013
"Ljungqvist, Fredrik Charpentier_2025-11-19T21:16:11",69825516c835c41957dfb7a6,Undirected,1,2013
"Bläuer, Auli_2025-11-19T21:21:14",69825516c835c41957dfb8ef,Undirected,1,2013
"Iso-Touru, Terhi_2025-11-19T21:21:14",69825516c835c41957dfb8ef,Undirected,1,2013
"Nyström, Veronica_2025-11-19T21:21:14",69825516c835c41957dfb8ef,Undirected,1,2013
"Harjula, Janne_2025-11-19T21:21:14",69825516c835c41957dfb8ef,Undirected,1,2013
"Taavitsainen, Jussi-Pekka_2025-11-19T21:21:14",69825516c835c41957dfb8ef,Undirected,1,2013
"Storå, Jan_2025-11-19T21:17:07",69825516c835c41957dfb8ef,Undirected,1,2013
"Lidén, Kerstin_2025-11-19T21:21:14",69825516c835c41957dfb8ef,Undirected,1,2013
"Kantanen, Juha_2025-11-19T21:21:14",69825516c835c41957dfb8ef,Undirected,1,2013
"Swanson, Robert Norman_2025-11-19T21:23:38",69825516c835c41957dfba97,Undirected,1,2013
Manchester University Press_2025-11-19T21:21:36,69825516c835c41957dfba97,Undirected,1,2013
"Fouracre, Paul_2025-11-19T21:14:16",69825516c835c41957dfba9f,Undirected,1,2013
"Gerberding, Richard A._2025-11-19T21:17:22",69825516c835c41957dfba9f,Undirected,1,2013
Manchester University Press_2025-11-19T21:21:36,69825516c835c41957dfba9f,Undirected,1,2013
"Falcando, Ugo_2025-11-19T21:21:37",69825516c835c41957dfbaa1,Undirected,1,2013
"Loud, G.                       A._2025-11-19T21:17:08",69825516c835c41957dfbaa1,Undirected,1,2013
"Wiedemann, Thomas_2025-11-19T21:21:37",69825516c835c41957dfbaa1,Undirected,1,2013
Manchester University Press_2025-11-19T21:21:36,69825516c835c41957dfbaa1,Undirected,1,2013
"Warner, David A_2025-11-19T21:24:32",69825516c835c41957dfbaa3,Undirected,1,2013
Manchester University Press_2025-11-19T21:21:36,69825516c835c41957dfbaa3,Undirected,1,2013
"Van Houts, Elisabeth M. C._2025-11-19T21:21:37",69825516c835c41957dfbaa5,Undirected,1,2013
Manchester University Press_2025-11-19T21:21:36,69825516c835c41957dfbaa5,Undirected,1,2013
"Buko, Andrzej_2025-11-19T21:21:32",69825516c835c41957dfbd65,Undirected,1,2013
"Kara, Michał_2025-11-19T21:22:09",69825516c835c41957dfbd65,Undirected,1,2013
"Price, Theron Douglas_2025-11-19T21:22:09",69825516c835c41957dfbd65,Undirected,1,2013
"Duczko, Władysław_2025-11-19T21:15:50",69825516c835c41957dfbd65,Undirected,1,2013
"Frei, Karin Margarita_2025-11-19T21:22:09",69825516c835c41957dfbd65,Undirected,1,2013
"Sobkowiak-Tabaka, Iwona_2025-11-19T21:22:09",69825516c835c41957dfbd65,Undirected,1,2013
"Bugarski, Ivan_2025-11-19T21:22:39",69825516c835c41957dfc117,Undirected,1,2013
"Miladinović-Radmilović, Nataša_2025-11-19T21:15:52",69825516c835c41957dfc117,Undirected,1,2013
"Popadić, Ivana_2025-11-19T21:22:50",69825516c835c41957dfc117,Undirected,1,2013
"Marjanović, Marko_2025-11-19T21:22:50",69825516c835c41957dfc117,Undirected,1,2013
"Stančikaitė, Miglė_2025-11-19T21:24:38",69825516c835c41957dfc9f2,Undirected,1,2013
"Bliujiené, Audroné._2025-11-19T21:43:04",69825516c835c41957dfc9f2,Undirected,1,2013
"Kisielienė, Dalia_2025-11-19T21:24:38",69825516c835c41957dfc9f2,Undirected,1,2013
"Mažeika, Jonas_2025-11-19T21:24:38",69825516c835c41957dfc9f2,Undirected,1,2013
"Taraškevičius, Ričardas_2025-11-19T21:24:38",69825516c835c41957dfc9f2,Undirected,1,2013
"Messal, Sebastian_2025-11-19T21:18:04",69825516c835c41957dfc9f2,Undirected,1,2013
"Szwarczewski, Piotr_2025-11-19T21:24:38",69825516c835c41957dfc9f2,Undirected,1,2013
"Kusiak, Jarosław_2025-11-19T21:24:38",69825516c835c41957dfc9f2,Undirected,1,2013
"Stakėnienė, Rimutė_2025-11-19T21:24:38",69825516c835c41957dfc9f2,Undirected,1,2013
"Krawczyk, Diana W._2025-11-19T21:24:40",69825516c835c41957dfca1e,Undirected,1,2013
"Witkowski, Andrzej_2025-11-19T21:21:00",69825516c835c41957dfca1e,Undirected,1,2013
"Lloyd, Jeremy M._2025-11-19T21:26:39",69825516c835c41957dfca1e,Undirected,1,2013
"Moros, Matthias_2025-11-19T21:21:00",69825516c835c41957dfca1e,Undirected,1,2013
"Harff, Jan_2025-11-19T21:24:40",69825516c835c41957dfca1e,Undirected,1,2013
"Kuijpers, Antoon_2025-11-19T21:21:00",69825516c835c41957dfca1e,Undirected,1,2013
"Forgia, Vincenza_2025-11-19T21:24:40",69825516c835c41957dfca20,Undirected,1,2013
"Martín, Patricia_2025-11-19T21:24:40",69825516c835c41957dfca20,Undirected,1,2013
"López-García, Juan Manuel_2025-11-19T21:24:40",69825516c835c41957dfca20,Undirected,1,2013
"Ollé, Andreu_2025-11-19T21:24:40",69825516c835c41957dfca20,Undirected,1,2013
"Vergès, Josep Maria_2025-11-19T21:24:40",69825516c835c41957dfca20,Undirected,1,2013
"Allué, Ethel_2025-11-19T21:24:40",69825516c835c41957dfca20,Undirected,1,2013
"Angelucci, Diego E._2025-11-19T21:24:40",69825516c835c41957dfca20,Undirected,1,2013
"Arnone, Massimo_2025-11-19T21:24:40",69825516c835c41957dfca20,Undirected,1,2013
"Blain, Hugues-Alexandre_2025-11-19T21:24:40",69825516c835c41957dfca20,Undirected,1,2013
"Burjachs, Francesc_2025-11-19T21:24:40",69825516c835c41957dfca20,Undirected,1,2013
"Expósito, Isabel_2025-11-19T21:24:40",69825516c835c41957dfca20,Undirected,1,2013
"Messina, Andrea_2025-11-19T21:24:40",69825516c835c41957dfca20,Undirected,1,2013
"Picornell, Llorenç_2025-11-19T21:24:40",69825516c835c41957dfca20,Undirected,1,2013
"Rodríguez, Anna_2025-11-19T21:24:40",69825516c835c41957dfca20,Undirected,1,2013
"Scopelliti, Giuseppa_2025-11-19T21:24:40",69825516c835c41957dfca20,Undirected,1,2013
"Sineo, Luca_2025-11-19T21:24:40",69825516c835c41957dfca20,Undirected,1,2013
"Virruso, Giovanni_2025-11-19T21:24:40",69825516c835c41957dfca20,Undirected,1,2013
"Alessi, Enrico_2025-11-19T21:24:40",69825516c835c41957dfca20,Undirected,1,2013
"Di Simone, Giovanni_2025-11-19T21:24:40",69825516c835c41957dfca20,Undirected,1,2013
"Morales, Juan Ignacio_2025-11-19T21:24:40",69825516c835c41957dfca20,Undirected,1,2013
"Belvedere, Oscar_2025-11-19T21:24:40",69825516c835c41957dfca20,Undirected,1,2013
"Bennett, Judith M._2025-11-19T21:23:40",69825516c835c41957dfca8e,Undirected,1,2013
"Karras, Ruth Mazo_2025-11-19T21:23:58",69825516c835c41957dfca8e,Undirected,1,2013
"McKee, Sally_2025-11-19T21:36:23",69825516c835c41957dfca8e,Undirected,1,2013
"Bennett, Judith M._2025-11-19T21:23:40",69825516c835c41957dfca8f,Undirected,1,2013
"Karras, Ruth Mazo_2025-11-19T21:23:58",69825516c835c41957dfca8f,Undirected,1,2013
"Reyerson, Kathryn_2025-11-19T21:25:01",69825516c835c41957dfca8f,Undirected,1,2013
"Clark, Peter_2025-11-19T21:17:18",69825516c835c41957dfca90,Undirected,1,2013
"Valérian, Dominique_2025-11-19T21:18:49",69825516c835c41957dfca90,Undirected,1,2013
"Zuijderduijn, Jaco_2025-11-19T21:18:28",69825516c835c41957dfcc8b,Undirected,1,2013
"MOOR, Tine de_2025-11-19T21:21:46",69825516c835c41957dfcc8b,Undirected,1,2013
"Groves, S.E._2025-11-19T21:25:19",69825516c835c41957dfcd9c,Undirected,1,2013
"Roberts, Charlotte A_2025-11-19T21:21:27",69825516c835c41957dfcd9c,Undirected,1,2013
"Lucy, Sam_2025-11-19T21:27:57",69825516c835c41957dfcd9c,Undirected,1,2013
"Pearson, G._2025-11-19T21:25:19",69825516c835c41957dfcd9c,Undirected,1,2013
"Gröcke, Darren R._2025-11-19T21:32:23",69825516c835c41957dfcd9c,Undirected,1,2013
"Nowell, G M_2025-11-19T21:35:29",69825516c835c41957dfcd9c,Undirected,1,2013
"Macpherson, C.G._2025-11-19T21:25:19",69825516c835c41957dfcd9c,Undirected,1,2013
"Young, G._2025-11-19T21:25:19",69825516c835c41957dfcd9c,Undirected,1,2013
"Stutz, Liv Nilsson_2025-11-19T21:18:26",69825516c835c41957dfcdad,Undirected,1,2013
Sarah Tarlow_2025-11-19T21:25:19,69825516c835c41957dfcdad,Undirected,1,2013
"Hadfield, Andrew_2025-11-19T21:17:17",69825516c835c41957dfcdaf,Undirected,1,2013
Caroline Erskine_2025-11-19T21:25:20,69825516c835c41957dfcdaf,Undirected,1,2013
"Mitchell, Peter_2025-11-19T21:34:13",69825516c835c41957dfcdb0,Undirected,1,2013
"Lane, Paul J_2025-11-19T21:22:38",69825516c835c41957dfcdb0,Undirected,1,2013
Farès Moussa_2025-11-19T21:25:20,69825516c835c41957dfcdb0,Undirected,1,2013
"Fleming-Farrell, Dara_2025-11-19T21:25:30",69825516c835c41957dfce9b,Undirected,1,2013
"Michailidis, Konstantinos_2025-11-19T21:25:30",69825516c835c41957dfce9b,Undirected,1,2013
"Karantanas, Apostolos_2025-11-19T21:25:30",69825516c835c41957dfce9b,Undirected,1,2013
"Roberts, C Neil_2025-11-19T21:33:53",69825516c835c41957dfce9b,Undirected,1,2013
"Kranioti, Elena F_2025-11-19T21:25:30",69825516c835c41957dfce9b,Undirected,1,2013
"Woodacre, Elena_2025-11-19T21:18:04",69825516c835c41957dfcf46,Undirected,1,2013
"Shadis, Miriam_2025-11-19T21:31:48",69825516c835c41957dfcf46,Undirected,1,2013
"Bandiera, A._2025-11-19T21:26:20",69825516c835c41957dfd21f,Undirected,1,2013
"Arthur, P._2025-11-19T21:25:11",69825516c835c41957dfd21f,Undirected,1,2013
"Imperiale, M. Leo_2025-11-19T21:26:20",69825516c835c41957dfd21f,Undirected,1,2013
"Frigione, M._2025-11-19T21:26:20",69825516c835c41957dfd21f,Undirected,1,2013
"Montagna, F._2025-11-19T21:26:20",69825516c835c41957dfd21f,Undirected,1,2013
"Maffezzoli, A._2025-11-19T21:26:20",69825516c835c41957dfd21f,Undirected,1,2013
"Signore, G. M._2025-11-19T21:26:20",69825516c835c41957dfd21f,Undirected,1,2013
"Economou, Christos_2025-11-19T21:26:31",69825516c835c41957dfd2d6,Undirected,1,2013
"Lidén, Kerstin_2025-11-19T21:21:14",69825516c835c41957dfd2d6,Undirected,1,2013
"Panagopoulos, Ioannis_2025-11-19T21:26:31",69825516c835c41957dfd2d6,Undirected,1,2013
"Anna, Kjellström._2025-11-19T21:17:05",69825516c835c41957dfd2d6,Undirected,1,2013
"De Cort, Gijs_2025-11-19T21:26:33",69825516c835c41957dfd2f1,Undirected,1,2013
"Bessems, Ilse_2025-11-19T21:26:33",69825516c835c41957dfd2f1,Undirected,1,2013
"Keppens, Edward_2025-11-19T21:26:33",69825516c835c41957dfd2f1,Undirected,1,2013
"Mees, Florias_2025-11-19T21:26:33",69825516c835c41957dfd2f1,Undirected,1,2013
"Cumming, Brian_2025-11-19T21:26:33",69825516c835c41957dfd2f1,Undirected,1,2013
"Verschuren, Dirk_2025-11-19T21:25:07",69825516c835c41957dfd2f1,Undirected,1,2013
"Mackay, Anson W._2025-11-19T21:26:33",69825516c835c41957dfd2f2,Undirected,1,2013
"Bezrukova, Elena V._2025-11-19T21:26:33",69825516c835c41957dfd2f2,Undirected,1,2013
"Boyle, John F._2025-11-19T21:26:33",69825516c835c41957dfd2f2,Undirected,1,2013
"Holmes, Jonathan A._2025-11-19T21:26:33",69825516c835c41957dfd2f2,Undirected,1,2013
"Panizzo, Virginia N._2025-11-19T21:26:33",69825516c835c41957dfd2f2,Undirected,1,2013
"Piotrowska, Natalia_2025-11-19T21:18:16",69825516c835c41957dfd2f2,Undirected,1,2013
"Shchetnikov, Alexander_2025-11-19T21:26:33",69825516c835c41957dfd2f2,Undirected,1,2013
"Shilland, Ewan M._2025-11-19T21:26:33",69825516c835c41957dfd2f2,Undirected,1,2013
"Tarasov, Pavel_2025-11-19T21:24:34",69825516c835c41957dfd2f2,Undirected,1,2013
"White, Dustin_2025-11-19T21:26:33",69825516c835c41957dfd2f2,Undirected,1,2013
"Economou, Christos_2025-11-19T21:26:31",69825516c835c41957dfd2fa,Undirected,1,2013
"Lidén, Kerstin_2025-11-19T21:21:14",69825516c835c41957dfd2fa,Undirected,1,2013
"Panagopoulos, Ioannis_2025-11-19T21:26:31",69825516c835c41957dfd2fa,Undirected,1,2013
"Anna, Kjellström._2025-11-19T21:17:05",69825516c835c41957dfd2fa,Undirected,1,2013
"Jonson, Charlotte Hedenstierna_2025-11-19T21:22:38",69825516c835c41957dfd6eb,Undirected,1,2013
"Holmquist, Lena_2025-11-19T21:15:34",69825516c835c41957dfd6eb,Undirected,1,2013
"Olausson, Michael_2025-11-19T21:27:35",69825516c835c41957dfd6eb,Undirected,1,2013
Akhmetgalin Farid A._2025-11-19T21:20:27,69825516c835c41957dfdcfe,Undirected,1,2013
"Gribov, Nikolay_2025-12-29T18:08:49",69825516c835c41957dfdcfe,Undirected,1,2013
"Bugrov, Dmitriy G_2025-11-19T21:17:38",69825516c835c41957dfdd1f,Undirected,1,2013
"Sitdikov, Ayrat G._2025-11-19T21:20:37",69825516c835c41957dfdd1f,Undirected,1,2013
"López-García, Juan Manuel_2025-11-19T21:24:40",69825516c835c41957dfdd43,Undirected,1,2013
"Blain, Hugues-Alexandre_2025-11-19T21:24:40",69825516c835c41957dfdd43,Undirected,1,2013
ENRICO PAGANO_2025-11-19T21:29:10,69825516c835c41957dfdd43,Undirected,1,2013
"Ollé, Andreu_2025-11-19T21:24:40",69825516c835c41957dfdd43,Undirected,1,2013
JOSEP MARIA VERGÈS_2025-11-19T21:29:10,69825516c835c41957dfdd43,Undirected,1,2013
"Rohrbach, Lena_2025-11-19T21:30:34",69825516c835c41957dfe3d4,Undirected,1,2013
"Teichert, Matthias_2025-11-19T21:30:33",69825516c835c41957dfe3d4,Undirected,1,2013
"Kupferschmied, Irene Ruth_2025-11-19T21:30:34",69825516c835c41957dfe3d6,Undirected,1,2013
"Teichert, Matthias_2025-11-19T21:30:33",69825516c835c41957dfe3d6,Undirected,1,2013
"Grimm, Oliver_2025-11-19T21:17:39",69825516c835c41957dfe3d7,Undirected,1,2013
"Teichert, Matthias_2025-11-19T21:30:33",69825516c835c41957dfe3d7,Undirected,1,2013
"Michaelsen, Peter_2025-11-19T21:30:34",69825516c835c41957dfe3da,Undirected,1,2013
"Teichert, Matthias_2025-11-19T21:30:33",69825516c835c41957dfe3da,Undirected,1,2013
"Niehues, Jan_2025-11-19T21:30:36",69825516c835c41957dfe3ed,Undirected,1,2013
"Teichert, Matthias_2025-11-19T21:30:33",69825516c835c41957dfe3ed,Undirected,1,2013
"Schädler, Ulrich_2025-11-19T21:30:36",69825516c835c41957dfe3ef,Undirected,1,2013
"Teichert, Matthias_2025-11-19T21:30:33",69825516c835c41957dfe3ef,Undirected,1,2013
"Stylegar, Frans-Arne_2025-11-19T21:30:37",69825516c835c41957dfe3f3,Undirected,1,2013
"Teichert, Matthias_2025-11-19T21:30:33",69825516c835c41957dfe3f3,Undirected,1,2013
"Hall, Mark A._2025-11-19T21:30:37",69825516c835c41957dfe3f8,Undirected,1,2013
"Teichert, Matthias_2025-11-19T21:30:33",69825516c835c41957dfe3f8,Undirected,1,2013
"Hansen, Victor_2025-11-19T21:30:38",69825516c835c41957dfe402,Undirected,1,2013
"Teichert, Matthias_2025-11-19T21:30:33",69825516c835c41957dfe402,Undirected,1,2013
"Oehrl, Sigmund_2025-11-19T21:17:30",69825516c835c41957dfe406,Undirected,1,2013
"Teichert, Matthias_2025-11-19T21:30:33",69825516c835c41957dfe406,Undirected,1,2013
"Krüger, Jana_2025-11-19T21:17:39",69825516c835c41957dfe40c,Undirected,1,2013
"Teichert, Matthias_2025-11-19T21:30:33",69825516c835c41957dfe40c,Undirected,1,2013
"Nedoma, Robert_2025-11-19T21:30:40",69825516c835c41957dfe413,Undirected,1,2013
"Teichert, Matthias_2025-11-19T21:30:33",69825516c835c41957dfe413,Undirected,1,2013
"Ridder, Iris_2025-11-19T21:30:40",69825516c835c41957dfe414,Undirected,1,2013
"Teichert, Matthias_2025-11-19T21:30:33",69825516c835c41957dfe414,Undirected,1,2013
"Wetzler, Sixt_2025-11-19T21:30:40",69825516c835c41957dfe417,Undirected,1,2013
"Teichert, Matthias_2025-11-19T21:30:33",69825516c835c41957dfe417,Undirected,1,2013
"Penke, Niels_2025-11-19T21:30:41",69825516c835c41957dfe420,Undirected,1,2013
"Teichert, Matthias_2025-11-19T21:30:33",69825516c835c41957dfe420,Undirected,1,2013
"Rębała, Krzysztof_2025-11-19T21:34:28",69825516c835c41957dfef4e,Undirected,1,2013
"Martínez-Cruz, Begoña_2025-11-19T21:34:28",69825516c835c41957dfef4e,Undirected,1,2013
"Tönjes, Anke_2025-11-19T21:34:28",69825516c835c41957dfef4e,Undirected,1,2013
"Kovács, Péter_2025-11-19T21:17:36",69825516c835c41957dfef4e,Undirected,1,2013
"Stumvoll, Michael_2025-11-19T21:34:28",69825516c835c41957dfef4e,Undirected,1,2013
"Lindner, Iris_2025-11-19T21:34:28",69825516c835c41957dfef4e,Undirected,1,2013
"Büttner, Andreas_2025-11-19T21:22:17",69825516c835c41957dfef4e,Undirected,1,2013
"Wichmann, H-Erich_2025-11-19T21:34:28",69825516c835c41957dfef4e,Undirected,1,2013
"Siváková, Daniela_2025-11-19T21:34:28",69825516c835c41957dfef4e,Undirected,1,2013
"Soták, Miroslav_2025-11-19T21:34:28",69825516c835c41957dfef4e,Undirected,1,2013
"Quintana-Murci, Lluís_2025-11-19T21:34:28",69825516c835c41957dfef4e,Undirected,1,2013
"Szczerkowska, Zofia_2025-11-19T21:34:28",69825516c835c41957dfef4e,Undirected,1,2013
"Comas, David_2025-11-19T21:34:28",69825516c835c41957dfef4e,Undirected,1,2013
"Millard, A R_2025-11-19T21:35:29",69825516c835c41957dff23c,Undirected,1,2013
"Nowell, G M_2025-11-19T21:35:29",69825516c835c41957dff23c,Undirected,1,2013
"Gröcke, Darren R._2025-11-19T21:32:23",69825516c835c41957dff23c,Undirected,1,2013
"Macpherson, C.G._2025-11-19T21:25:19",69825516c835c41957dff23c,Undirected,1,2013
"Pearson, D G_2025-11-19T21:35:29",69825516c835c41957dff23c,Undirected,1,2013
"Evans, D H_2025-11-19T21:35:29",69825516c835c41957dff23c,Undirected,1,2013
"Zori, Davide_2025-11-19T21:15:54",69825516c835c41957dff253,Undirected,1,2013
"Byock, Jesse L._2025-11-19T21:27:57",69825516c835c41957dff253,Undirected,1,2013
"Martin, Steve_2025-11-19T21:35:31",69825516c835c41957dff253,Undirected,1,2013
"Wake, Thomas_2025-11-19T21:35:31",69825516c835c41957dff253,Undirected,1,2013
"Edwards, Kevin J._2025-11-19T21:20:52",69825516c835c41957dff253,Undirected,1,2013
"Edwards, Kevin J._2025-11-19T21:20:52",69825516c835c41957dff2c0,Undirected,1,2013
"Cook, Gordon_2025-11-19T21:17:10",69825516c835c41957dff2c0,Undirected,1,2013
"Nyegaard, Georg_2025-11-19T21:35:42",69825516c835c41957dff2c0,Undirected,1,2013
"Schofield, J. Edward_2025-11-19T21:26:34",69825516c835c41957dff2c0,Undirected,1,2013
"Haemers, Jelle_2025-11-19T21:17:29",69825516c835c41957dff39e,Undirected,1,2013
"SENNEFELT, KARIN_2025-11-19T21:36:04",69825516c835c41957dff39e,Undirected,1,2013
"MISKELL, LOUISE_2025-11-19T21:36:04",69825516c835c41957dff39e,Undirected,1,2013
"Baker, John_2025-11-19T21:17:31",69825516c835c41957dff3aa,Undirected,1,2013
"Brookes, Stuart_2025-11-19T21:17:31",69825516c835c41957dff3aa,Undirected,1,2013
"SEMPLE, SARAH_2025-11-19T21:23:46",69825516c835c41957dff3d6,Undirected,1,2013
"Sanmark, Alexandra_2025-11-19T21:17:10",69825516c835c41957dff3d6,Undirected,1,2013
"Hubau, Wannes_2025-11-19T21:36:26",69825517c835c41957dff471,Undirected,1,2013
"Van den Bulcke, Jan_2025-11-19T21:36:26",69825517c835c41957dff471,Undirected,1,2013
"Kitin, Peter_2025-11-19T21:36:26",69825517c835c41957dff471,Undirected,1,2013
"Mees, Florias_2025-11-19T21:26:33",69825517c835c41957dff471,Undirected,1,2013
"Baert, Geert_2025-11-19T21:36:26",69825517c835c41957dff471,Undirected,1,2013
"Verschuren, Dirk_2025-11-19T21:25:07",69825517c835c41957dff471,Undirected,1,2013
"Nsenga, Laurent_2025-11-19T21:36:26",69825517c835c41957dff471,Undirected,1,2013
"Acker, Joris_2025-11-19T21:23:45",69825517c835c41957dff471,Undirected,1,2013
"Beeckman, Hans_2025-11-19T21:23:45",69825517c835c41957dff471,Undirected,1,2013
"Clark, Jeffery J_2025-11-19T21:36:47",69825517c835c41957dff585,Undirected,1,2013
"Peeples, Matthew A._2025-11-19T21:15:53",69825517c835c41957dff585,Undirected,1,2013
"Huntley, Deborah L_2025-11-19T21:36:47",69825517c835c41957dff585,Undirected,1,2013
"Borck, Lewis_2025-11-19T21:36:47",69825517c835c41957dff585,Undirected,1,2013
"Clauset, Aaron_2025-11-19T21:36:47",69825517c835c41957dff585,Undirected,1,2013
"Shackley, M Steven_2025-11-19T21:36:47",69825517c835c41957dff585,Undirected,1,2013
"Schuenemann, Verena J._2025-11-19T21:16:09",69825517c835c41957dff799,Undirected,1,2013
"Singh, Pushpendra_2025-11-19T21:37:28",69825517c835c41957dff799,Undirected,1,2013
"Mendum, Tom A_2025-11-19T21:33:49",69825517c835c41957dff799,Undirected,1,2013
"Krause-Kyora, Ben_2025-11-19T21:23:21",69825517c835c41957dff799,Undirected,1,2013
"Jäger, Günter_2025-11-19T21:37:28",69825517c835c41957dff799,Undirected,1,2013
"Bos, Kirsten I._2025-11-19T21:47:13",69825517c835c41957dff799,Undirected,1,2013
"Herbig, Alexander_2025-11-19T21:37:28",69825517c835c41957dff799,Undirected,1,2013
"Economou, Christos_2025-11-19T21:26:31",69825517c835c41957dff799,Undirected,1,2013
"Benjak, Andrej_2025-11-19T21:37:28",69825517c835c41957dff799,Undirected,1,2013
"Busso, Philippe_2025-11-19T21:37:28",69825517c835c41957dff799,Undirected,1,2013
"Nebel, Almut_2025-11-19T21:37:28",69825517c835c41957dff799,Undirected,1,2013
"Boldsen, Jesper L._2025-11-19T21:17:00",69825517c835c41957dff799,Undirected,1,2013
"Wu, Huihai_2025-11-19T21:33:49",69825517c835c41957dff799,Undirected,1,2013
"Stewart, Graham R_2025-11-19T21:26:10",69825517c835c41957dff799,Undirected,1,2013
"Taylor, G Michael_2025-11-19T21:26:10",69825517c835c41957dff799,Undirected,1,2013
"Bauer, Peter_2025-11-19T21:37:28",69825517c835c41957dff799,Undirected,1,2013
"Lee, Oona Y-C_2025-11-19T21:26:10",69825517c835c41957dff799,Undirected,1,2013
"Wu, Houdini H T_2025-11-19T21:26:10",69825517c835c41957dff799,Undirected,1,2013
"Minnikin, David E_2025-11-19T21:26:10",69825517c835c41957dff799,Undirected,1,2013
"Besra, Gurdyal S_2025-11-19T21:26:10",69825517c835c41957dff799,Undirected,1,2013
"Tucker, Katie_2025-11-19T21:37:28",69825517c835c41957dff799,Undirected,1,2013
"Roffey, Simon_2025-11-19T21:37:28",69825517c835c41957dff799,Undirected,1,2013
"Sow, Samba O_2025-11-19T21:37:28",69825517c835c41957dff799,Undirected,1,2013
"Cole, Stewart T_2025-11-19T21:37:28",69825517c835c41957dff799,Undirected,1,2013
"Nieselt, Kay_2025-11-19T21:37:28",69825517c835c41957dff799,Undirected,1,2013
"Krause, Johannes_2025-11-19T21:16:50",69825517c835c41957dff799,Undirected,1,2013
"Anna, Kjellström._2025-11-19T21:17:05",69825517c835c41957dff799,Undirected,1,2013
"Haydock, Hannah_2025-11-19T21:37:29",69825517c835c41957dff7aa,Undirected,1,2013
"Clarke, Leon_2025-11-19T21:37:29",69825517c835c41957dff7aa,Undirected,1,2013
"CRAIG-ATKINS, ELIZABETH_2025-11-19T21:25:07",69825517c835c41957dff7aa,Undirected,1,2013
"Howcroft, Rachel_2025-11-19T21:37:29",69825517c835c41957dff7aa,Undirected,1,2013
"Buckberry, Jo_2025-11-19T21:25:06",69825517c835c41957dff7aa,Undirected,1,2013
"Stolz, Christian_2025-11-19T21:21:25",69825517c835c41957dff85d,Undirected,1,2013
"Grunert, Jörg_2025-11-19T21:37:43",69825517c835c41957dff85d,Undirected,1,2013
"Fülling, Alexander_2025-11-19T21:23:23",69825517c835c41957dff85d,Undirected,1,2013
Khuzin Fayaz Sh_2025-11-19T21:29:06,69825517c835c41957dff863,Undirected,1,2013
Vladimirov Georgi V._2025-11-19T21:37:44,69825517c835c41957dff863,Undirected,1,2013
"Sitdikov, Ayrat G._2025-11-19T21:20:37",69825517c835c41957dff863,Undirected,1,2013
"Józsa, László_2025-11-19T21:21:29",69825517c835c41957dff89e,Undirected,1,2013
"Farkas, L. Gyula_2025-11-19T21:42:09",69825517c835c41957dff89e,Undirected,1,2013
"Flambard, Hericher A-M_2025-11-19T21:34:20",69825517c835c41957dffb7f,Undirected,1,2013
"Robert, Pierre-Philippe_2025-11-19T21:19:35",69825517c835c41957dffb7f,Undirected,1,2013
"Gardeła, Leszek_2025-11-19T21:16:10",69825517c835c41957dffcbf,Undirected,1,2013
"Kajkowski, Kamil_2025-11-19T21:16:25",69825517c835c41957dffcbf,Undirected,1,2013
"Baker, John_2025-11-19T21:17:31",69825517c835c41957dffcc1,Undirected,1,2013
"Brookes, Stuart_2025-11-19T21:17:31",69825517c835c41957dffcc1,Undirected,1,2013
"Руденко, Константин_2025-11-19T21:39:37",69825517c835c41957dffdb9,Undirected,1,2013
"Шутова, Надежда_2025-11-19T21:39:37",69825517c835c41957dffdb9,Undirected,1,2013
"Grupe, Gisela_2025-11-19T21:20:51",69825517c835c41957e00165,Undirected,1,2013
"Carnap-Bornheim, Claus von_2025-11-19T21:40:50",69825517c835c41957e00165,Undirected,1,2013
"Becker, Cornelia_2025-11-19T21:20:59",69825517c835c41957e00165,Undirected,1,2013
"Dreibrodt, Stefan_2025-11-19T21:24:34",69825517c835c41957e002aa,Undirected,1,2013
"Bork, Hans-Rudolf_2025-11-19T21:15:35",69825517c835c41957e002aa,Undirected,1,2013
"Stępiński, Janusz_2025-11-19T21:41:18",69825517c835c41957e002d1,Undirected,1,2013
Grzegorz  Żabiński_2025-11-19T21:20:27,69825517c835c41957e002d1,Undirected,1,2013
"Strzyż, Piotr_2025-11-19T21:41:18",69825517c835c41957e002d1,Undirected,1,2013
"Pleterski, Andrej_2025-11-19T21:21:28",69825517c835c41957e00348,Undirected,1,2013
"Osredkar, Meta_2025-11-19T21:15:42",69825517c835c41957e00348,Undirected,1,2013
"Maury, Marie_2025-11-19T21:20:17",69825517c835c41957e004b1,Undirected,1,2013
"Seguin, Guillaume_2025-11-19T21:20:17",69825517c835c41957e004b1,Undirected,1,2013
"Doyen, Jean-Marc_2025-11-19T21:20:17",69825517c835c41957e004b1,Undirected,1,2013
"Bessou, Maryelle_2025-11-19T21:20:17",69825517c835c41957e004b1,Undirected,1,2013
"Bodoriková, Silvia_2025-11-19T21:42:42",69825517c835c41957e006bd,Undirected,1,2013
"Tibenská, Kristína Domonkošová_2025-11-19T21:42:42",69825517c835c41957e006bd,Undirected,1,2013
"Katina, Stanislav_2025-11-19T21:39:02",69825517c835c41957e006bd,Undirected,1,2013
"Uhrová, Petra_2025-11-19T21:42:42",69825517c835c41957e006bd,Undirected,1,2013
"Dörnhöferová, Michaela_2025-11-19T21:42:42",69825517c835c41957e006bd,Undirected,1,2013
"Takács, Michal_2025-11-19T21:42:42",69825517c835c41957e006bd,Undirected,1,2013
"Urminský, Jozef_2025-11-19T21:42:42",69825517c835c41957e006bd,Undirected,1,2013
"Valk, Heiki_2025-11-19T21:17:30",69825517c835c41957e00a30,Undirected,1,2013
"Pluskowski, Aleksander G._2025-11-19T21:16:39",69825517c835c41957e00a30,Undirected,1,2013
"Brown, Alexander Douglas_2025-11-19T21:46:27",69825517c835c41957e00a30,Undirected,1,2013
"Rannamäe, Eve_2025-11-19T21:32:23",69825517c835c41957e00a30,Undirected,1,2013
"Badura, Monika_2025-11-19T21:17:59",69825517c835c41957e00a30,Undirected,1,2013
"Lõugas, Lembi_2025-11-19T21:18:30",69825517c835c41957e00a30,Undirected,1,2013
"Grupe, Gisela_2025-11-19T21:20:51",69825517c835c41957e00b24,Undirected,1,2013
"Carnap-Bornheim, Claus von_2025-11-19T21:40:50",69825517c835c41957e00b24,Undirected,1,2013
"Becker, Cornelia_2025-11-19T21:20:59",69825517c835c41957e00b24,Undirected,1,2013
"Cunningham, Laura K_2025-11-19T21:47:34",69825517c835c41957e00c9a,Undirected,1,2013
"Austin, William EN_2025-11-19T21:47:34",69825517c835c41957e00c9a,Undirected,1,2013
"Knudsen, Karen Luise_2025-11-19T21:26:00",69825517c835c41957e00c9a,Undirected,1,2013
"Eiríksson, Jón_2025-11-19T21:26:33",69825517c835c41957e00c9a,Undirected,1,2013
"Scourse, James D._2025-11-19T21:50:54",69825517c835c41957e00c9a,Undirected,1,2013
"Wanamaker, Alan D_2025-11-19T21:47:34",69825517c835c41957e00c9a,Undirected,1,2013
"Butler, Paul G_2025-11-19T21:47:34",69825517c835c41957e00c9a,Undirected,1,2013
"Cage, Alix G_2025-11-19T21:47:34",69825517c835c41957e00c9a,Undirected,1,2013
"Richter, Thomas_2025-11-19T21:47:34",69825517c835c41957e00c9a,Undirected,1,2013
"Husum, Katrine_2025-11-19T21:47:34",69825517c835c41957e00c9a,Undirected,1,2013
"Hald, Morten_2025-11-19T21:47:34",69825517c835c41957e00c9a,Undirected,1,2013
"Andersson, Carin_2025-11-19T21:47:34",69825517c835c41957e00c9a,Undirected,1,2013
"Zorita, Eduardo_2025-11-19T21:26:48",69825517c835c41957e00c9a,Undirected,1,2013
"Linderholm, Hans W._2025-11-19T21:20:55",69825517c835c41957e00c9a,Undirected,1,2013
"Gunnarson, Björn E_2025-11-19T21:47:34",69825517c835c41957e00c9a,Undirected,1,2013
"Sicre, Marie-Alexandrine_2025-11-19T21:47:34",69825517c835c41957e00c9a,Undirected,1,2013
"Sejrup, Hans Petter_2025-11-19T21:47:34",69825517c835c41957e00c9a,Undirected,1,2013
"Jiang, Hui_2025-11-19T21:26:33",69825517c835c41957e00c9a,Undirected,1,2013
"Wilson, Rob JS_2025-11-19T21:47:34",69825517c835c41957e00c9a,Undirected,1,2013
"Augustsson, Anna_2025-11-19T21:47:34",69825517c835c41957e00c9b,Undirected,1,2013
"Gaillard, Marie-José_2025-11-19T21:18:02",69825517c835c41957e00c9b,Undirected,1,2013
"Peltola, Pasi_2025-11-19T21:47:34",69825517c835c41957e00c9b,Undirected,1,2013
"Mazier, Florence_2025-11-19T21:20:52",69825517c835c41957e00c9b,Undirected,1,2013
"Bergbäck, Bo_2025-11-19T21:47:34",69825517c835c41957e00c9b,Undirected,1,2013
"Saarinen, Timo_2025-11-19T21:47:34",69825517c835c41957e00c9b,Undirected,1,2013
"Melvin, Thomas M_2025-11-19T21:47:34",69825517c835c41957e00c9c,Undirected,1,2013
"Grudd, Håkan_2025-11-19T21:47:34",69825517c835c41957e00c9c,Undirected,1,2013
"Briffa, Keith R._2025-11-19T21:26:48",69825517c835c41957e00c9c,Undirected,1,2013
"Perner, Kerstin_2025-11-19T21:26:39",69825517c835c41957e00c9e,Undirected,1,2013
"Moros, Matthias_2025-11-19T21:21:00",69825517c835c41957e00c9e,Undirected,1,2013
"Jennings, Anne E._2025-11-19T21:26:39",69825517c835c41957e00c9e,Undirected,1,2013
"Lloyd, Jeremy M._2025-11-19T21:26:39",69825517c835c41957e00c9e,Undirected,1,2013
"Knudsen, Karen Luise_2025-11-19T21:26:00",69825517c835c41957e00c9e,Undirected,1,2013
БУГАРЧЕВ АЛЕКСЕЙ ИГОРЕВИЧ_2025-11-19T21:47:43,69825517c835c41957e00d00,Undirected,1,2013
"Руденко, Константин_2025-11-19T21:39:37",69825517c835c41957e00d00,Undirected,1,2013
"Batey, Colleen E._2025-11-19T21:47:53",69825517c835c41957e00d77,Undirected,1,2013
"Paterson, Caroline_2025-11-19T21:47:53",69825517c835c41957e00d77,Undirected,1,2013
"Reynolds, Andrew_2025-11-19T21:17:29",69825517c835c41957e00d87,Undirected,1,2013
"Brookes, Stuart_2025-11-19T21:17:31",69825517c835c41957e00d87,Undirected,1,2013
"Kajkowski, Kamil_2025-11-19T21:16:25",69825517c835c41957e00f9f,Undirected,1,2013
"Szczepanik, Paweł_2025-11-19T21:47:58",69825517c835c41957e00f9f,Undirected,1,2013
"Huglo, Michel_2025-11-19T21:26:16",69825517c835c41957e012aa,Undirected,1,2013
"Atkinson, Charles M._2025-11-19T21:49:29",69825517c835c41957e012aa,Undirected,1,2013
"Boynton, Susan_2025-11-19T21:24:09",69825517c835c41957e012aa,Undirected,1,2013
"Contreni, John J._2025-11-19T21:17:23",69825517c835c41957e012aa,Undirected,1,2013
"Colish, Marcia L._2025-11-19T21:24:37",69825517c835c41957e012aa,Undirected,1,2013
"Noble, Thomas F. X._2025-11-19T21:24:20",69825517c835c41957e012aa,Undirected,1,2013
"Van Engen, John_2025-11-19T21:49:29",69825517c835c41957e012aa,Undirected,1,2013
"Cole, Peter_2025-11-19T21:49:29",69825517c835c41957e012aa,Undirected,1,2013
"Hexter, Ralph J._2025-11-19T21:24:27",69825517c835c41957e012aa,Undirected,1,2013
"Frank, Roberta_2025-11-19T21:26:25",69825517c835c41957e012aa,Undirected,1,2013
"Kolve, V. A._2025-11-19T21:49:29",69825517c835c41957e012aa,Undirected,1,2013
"Wenzel, Siegfried_2025-11-19T21:25:24",69825517c835c41957e012aa,Undirected,1,2013
"Pearsall, Derek_2025-11-19T21:49:29",69825517c835c41957e012aa,Undirected,1,2013
"Berkhout, Carl T._2025-11-19T21:31:56",69825517c835c41957e012aa,Undirected,1,2013
"Robinson, Fred C._2025-11-19T21:35:35",69825517c835c41957e012aa,Undirected,1,2013
"Pemán, Miguel Laborda_2025-11-19T21:50:38",69825517c835c41957e016fd,Undirected,1,2013
"MOOR, Tine de_2025-11-19T21:21:46",69825517c835c41957e016fd,Undirected,1,2013
"Lyman, Eugene W._2025-11-19T21:49:28",69825517c835c41957e01753,Undirected,1,2013
"Partner, Nancy F._2025-11-19T21:24:58",69825517c835c41957e01753,Undirected,1,2013
"Elliott, Dyan H._2025-11-19T21:50:43",69825517c835c41957e01753,Undirected,1,2013
"Smith, Kathryn Ann_2025-11-19T21:49:28",69825517c835c41957e01753,Undirected,1,2013
"Summit, Jennifer_2025-11-19T21:50:43",69825517c835c41957e01753,Undirected,1,2013
"Kruger, Steven F._2025-11-19T21:41:46",69825517c835c41957e01753,Undirected,1,2013
"Squatriti, Paolo_2025-11-19T21:27:09",69825517c835c41957e01753,Undirected,1,2013
"Lipton, Sara_2025-11-19T21:50:43",69825517c835c41957e01753,Undirected,1,2013
"Kaye, Joel_2025-11-19T21:49:28",69825517c835c41957e01753,Undirected,1,2013
"Kinney, Dale_2025-11-19T21:16:17",69825517c835c41957e01753,Undirected,1,2013
"McGrady, Deborah_2025-11-19T21:50:43",69825517c835c41957e01753,Undirected,1,2013
"Bjork, Robert E._2025-11-19T21:24:21",69825517c835c41957e01753,Undirected,1,2013
"Green, Richard Firth_2025-11-19T21:50:43",69825517c835c41957e01753,Undirected,1,2013
"Murray, James M._2025-11-19T21:39:48",69825517c835c41957e01753,Undirected,1,2013
"Kopár, Lilla_2025-11-19T21:30:13",69825517c835c41957e01753,Undirected,1,2013
"Klaassen, Frank_2025-11-19T21:18:35",69825517c835c41957e01753,Undirected,1,2013
"Herbig, Christoph_2025-11-19T21:21:45",69825517c835c41957e01810,Undirected,1,2013
"Sirocko, Frank_2025-11-19T21:18:28",69825517c835c41957e01810,Undirected,1,2013
"Lefebvre, Arnaud_2025-11-19T21:42:42",69825517c835c41957e01942,Undirected,1,2013
"Mondy, Magaly_2026-01-14T22:01:18",69825517c835c41957e01942,Undirected,1,2013
Hubert Cabart_2026-01-14T22:01:19,69825517c835c41957e01942,Undirected,1,2013
"Decanter, Franck_2026-01-14T22:01:20",69825517c835c41957e01942,Undirected,1,2013
"Feller, Marc_2026-01-14T22:01:21",69825517c835c41957e01942,Undirected,1,2013
"CURTIS-SUMMERS, SHIRLEY_2025-11-19T21:17:21",69825516c835c41957dfa409,Undirected,1,2014
"Montgomery, Janet A._2025-11-19T21:28:49",69825516c835c41957dfa409,Undirected,1,2014
"Carver, Martin O. H._2025-11-19T21:18:43",69825516c835c41957dfa409,Undirected,1,2014
"LANE, KEVIN_2025-11-19T21:17:21",69825516c835c41957dfa40a,Undirected,1,2014
"FINLAYSON, CLIVE_2025-11-19T21:17:21",69825516c835c41957dfa40a,Undirected,1,2014
"VAGELPOHL, UWE_2025-11-19T21:17:21",69825516c835c41957dfa40a,Undirected,1,2014
"JOSÉ GILES GUZMÁN, FRANCISCO_2025-11-19T21:17:21",69825516c835c41957dfa40a,Undirected,1,2014
"GILES PACHECO, FRANCISCO_2025-11-19T21:17:21",69825516c835c41957dfa40a,Undirected,1,2014
"SYMONDS, LEIGH_2025-11-19T21:17:21",69825516c835c41957dfa40b,Undirected,1,2014
"Price, Theron Douglas_2025-11-19T21:22:09",69825516c835c41957dfa40b,Undirected,1,2014
"KEENLEYSIDE, ANNE_2025-11-19T21:17:21",69825516c835c41957dfa40b,Undirected,1,2014
"BURTON, JAMES_2025-11-19T21:17:21",69825516c835c41957dfa40b,Undirected,1,2014
"Behr, Charlotte_2025-11-19T21:17:09",69825516c835c41957dfa46a,Undirected,1,2014
"PESTELL, TIM_2025-11-19T21:17:25",69825516c835c41957dfa46a,Undirected,1,2014
"Hines, John_2025-11-19T21:16:21",69825516c835c41957dfa46a,Undirected,1,2014
"Wickler, Stephen_2025-11-19T21:17:26",69825516c835c41957dfa4f6,Undirected,1,2014
"Narmo, Lars                       Erik_2025-11-19T21:17:31",69825516c835c41957dfa4f6,Undirected,1,2014
"Christie, Neil_2025-11-19T21:17:11",69825516c835c41957dfa536,Undirected,1,2014
"Naylor, John_2025-11-19T21:15:51",69825516c835c41957dfa536,Undirected,1,2014
"Vitali, Tiziana_2025-11-19T21:17:19",69825516c835c41957dfa536,Undirected,1,2014
"Gleeson, Patrick_2025-11-19T21:17:19",69825516c835c41957dfa536,Undirected,1,2014
"CARRAGÁIN, TÓMAS Ó_2025-11-19T21:17:30",69825516c835c41957dfa536,Undirected,1,2014
"Dumont, Annie_2025-11-19T21:18:51",69825516c835c41957dfb2aa,Undirected,1,2014
"Foucher, Marion_2025-11-19T21:18:35",69825516c835c41957dfb2aa,Undirected,1,2014
"Steinmann, Ronan_2025-11-19T21:19:54",69825516c835c41957dfb2aa,Undirected,1,2014
"Lavier, Catherine_2025-11-19T21:19:54",69825516c835c41957dfb2aa,Undirected,1,2014
"Moyat, Philippe_2025-11-19T21:18:51",69825516c835c41957dfb2aa,Undirected,1,2014
"Garcia, Jean-Pierre_2025-11-19T21:19:32",69825516c835c41957dfb2aa,Undirected,1,2014
"Wacnik, Agnieszka_2025-11-19T21:18:01",69825516c835c41957dfb798,Undirected,1,2014
"Kupryjanowicz, Mirosława_2025-11-19T21:20:52",69825516c835c41957dfb798,Undirected,1,2014
"Mueller-Bieniek, Aldona_2025-11-19T21:20:52",69825516c835c41957dfb798,Undirected,1,2014
"Karczewski, Maciej_2025-11-19T21:18:01",69825516c835c41957dfb798,Undirected,1,2014
"Cywa, Katarzyna_2025-11-19T21:18:01",69825516c835c41957dfb798,Undirected,1,2014
"Kotilainen, Aarno T._2025-11-19T21:21:00",69825516c835c41957dfb813,Undirected,1,2014
"Arppe, Laura_2025-11-19T21:18:20",69825516c835c41957dfb813,Undirected,1,2014
"Dobosz, Slawomir_2025-11-19T21:21:00",69825516c835c41957dfb813,Undirected,1,2014
"Jansen, Eystein_2025-11-19T21:21:00",69825516c835c41957dfb813,Undirected,1,2014
"Kabel, Karoline_2025-11-19T21:21:00",69825516c835c41957dfb813,Undirected,1,2014
"Karhu, Juha_2025-11-19T21:21:00",69825516c835c41957dfb813,Undirected,1,2014
"Kotilainen, Mia M._2025-11-19T21:21:00",69825516c835c41957dfb813,Undirected,1,2014
"Kuijpers, Antoon_2025-11-19T21:21:00",69825516c835c41957dfb813,Undirected,1,2014
"Lougheed, Bryan C._2025-11-19T21:21:00",69825516c835c41957dfb813,Undirected,1,2014
"Meier, H. E. Markus_2025-11-19T21:21:00",69825516c835c41957dfb813,Undirected,1,2014
"Moros, Matthias_2025-11-19T21:21:00",69825516c835c41957dfb813,Undirected,1,2014
"Neumann, Thomas_2025-11-19T21:21:00",69825516c835c41957dfb813,Undirected,1,2014
"Porsche, Christian_2025-11-19T21:21:00",69825516c835c41957dfb813,Undirected,1,2014
"Poulsen, Niels_2025-11-19T21:21:00",69825516c835c41957dfb813,Undirected,1,2014
"Rasmussen, Peter_2025-11-19T21:21:00",69825516c835c41957dfb813,Undirected,1,2014
"Ribeiro, Sofia_2025-11-19T21:21:00",69825516c835c41957dfb813,Undirected,1,2014
"Risebrobakken, Bjørg_2025-11-19T21:21:00",69825516c835c41957dfb813,Undirected,1,2014
"Ryabchuk, Daria_2025-11-19T21:21:00",69825516c835c41957dfb813,Undirected,1,2014
"Schimanke, Semjon_2025-11-19T21:21:00",69825516c835c41957dfb813,Undirected,1,2014
"Snowball, Ian_2025-11-19T21:21:00",69825516c835c41957dfb813,Undirected,1,2014
"Spiridonov, Mikhail_2025-11-19T21:21:00",69825516c835c41957dfb813,Undirected,1,2014
"Virtasalo, Joonas J._2025-11-19T21:21:00",69825516c835c41957dfb813,Undirected,1,2014
"Weckström, Kaarina_2025-11-19T21:21:00",69825516c835c41957dfb813,Undirected,1,2014
"Witkowski, Andrzej_2025-11-19T21:21:00",69825516c835c41957dfb813,Undirected,1,2014
"Zhamoida, Vladimir_2025-11-19T21:21:00",69825516c835c41957dfb813,Undirected,1,2014
"Brown, Andrew_2025-11-19T21:15:48",69825516c835c41957dfba96,Undirected,1,2014
"Small, Graeme_2025-11-19T21:21:36",69825516c835c41957dfba96,Undirected,1,2014
Manchester University Press_2025-11-19T21:21:36,69825516c835c41957dfba96,Undirected,1,2014
"Loud, G.                       A._2025-11-19T21:17:08",69825516c835c41957dfbaa2,Undirected,1,2014
Manchester University Press_2025-11-19T21:21:36,69825516c835c41957dfbaa2,Undirected,1,2014
"Groenendijk, Henny A._2025-11-19T21:22:38",69825516c835c41957dfbfda,Undirected,1,2014
"König, Sonja_2025-11-19T21:18:32",69825516c835c41957dfbfda,Undirected,1,2014
"López-Sáez, José Antonio_2025-11-19T21:17:26",69825516c835c41957dfcbd3,Undirected,1,2014
"Abel-Schaad, Daniel_2025-11-19T21:24:58",69825516c835c41957dfcbd3,Undirected,1,2014
"Pérez-Díaz, Sebastián_2025-11-19T21:24:58",69825516c835c41957dfcbd3,Undirected,1,2014
"Blanco-González, Antonio_2025-11-19T21:17:26",69825516c835c41957dfcbd3,Undirected,1,2014
"Alba-Sánchez, Francisca_2025-11-19T21:24:58",69825516c835c41957dfcbd3,Undirected,1,2014
"Dorado, Miriam_2025-11-19T21:24:58",69825516c835c41957dfcbd3,Undirected,1,2014
"Ruiz-Zapata, Blanca_2025-11-19T21:24:58",69825516c835c41957dfcbd3,Undirected,1,2014
"Gil-García, María José_2025-11-19T21:24:58",69825516c835c41957dfcbd3,Undirected,1,2014
"Gómez-González, Clemencia_2025-11-19T21:24:58",69825516c835c41957dfcbd3,Undirected,1,2014
"Franco-Múgica, Fátima_2025-11-19T21:24:58",69825516c835c41957dfcbd3,Undirected,1,2014
"Deguilloux, Marie-France_2025-11-19T21:18:49",69825516c835c41957dfcd90,Undirected,1,2014
"Pemonge, Marie-Hélène_2025-11-19T21:26:48",69825516c835c41957dfcd90,Undirected,1,2014
"Mendisco, Fanny_2025-11-19T21:26:48",69825516c835c41957dfcd90,Undirected,1,2014
"Thibon, D._2025-11-19T21:25:18",69825516c835c41957dfcd90,Undirected,1,2014
"Cartron, Isabelle_2025-11-19T21:27:28",69825516c835c41957dfcd90,Undirected,1,2014
"Rando, Carolyn_2025-11-19T21:25:30",69825516c835c41957dfce9e,Undirected,1,2014
"Hillson, Simon_2025-11-19T21:25:30",69825516c835c41957dfce9e,Undirected,1,2014
"Antoine, Daniel_2025-11-19T21:22:47",69825516c835c41957dfce9e,Undirected,1,2014
"Musa Bandowe, Benjamin A._2025-11-19T21:25:31",69825516c835c41957dfcead,Undirected,1,2014
"Srinivasan, Prakash_2025-11-19T21:25:31",69825516c835c41957dfcead,Undirected,1,2014
"Seelge, Martin_2025-11-19T21:25:31",69825516c835c41957dfcead,Undirected,1,2014
"Sirocko, Frank_2025-11-19T21:18:28",69825516c835c41957dfcead,Undirected,1,2014
"Wilcke, Wolfgang_2025-11-19T21:25:31",69825516c835c41957dfcead,Undirected,1,2014
"Liew, Ping-Mei_2025-11-19T21:25:47",69825516c835c41957dfcfe7,Undirected,1,2014
"Wu, Meng-Huan_2025-11-19T21:25:47",69825516c835c41957dfcfe7,Undirected,1,2014
"Lee, Cheng-Yi_2025-11-19T21:25:47",69825516c835c41957dfcfe7,Undirected,1,2014
"Chang, Chiou-Lian_2025-11-19T21:25:47",69825516c835c41957dfcfe7,Undirected,1,2014
"Lee, Teh-Quei_2025-11-19T21:25:47",69825516c835c41957dfcfe7,Undirected,1,2014
"Kovács, Gy_2025-11-19T21:25:49",69825516c835c41957dfd00c,Undirected,1,2014
"Bartosiewicz, László._2025-11-19T21:27:39",69825516c835c41957dfd00c,Undirected,1,2014
"Éder, K._2025-11-19T21:25:49",69825516c835c41957dfd00c,Undirected,1,2014
"Gál, Erika_2025-11-19T21:16:39",69825516c835c41957dfd00c,Undirected,1,2014
"Miklós, Zs_2025-11-19T21:25:49",69825516c835c41957dfd00c,Undirected,1,2014
"Rózsás, M._2025-11-19T21:25:49",69825516c835c41957dfd00c,Undirected,1,2014
"J, A._2025-11-19T21:25:49",69825516c835c41957dfd00c,Undirected,1,2014
"Zatykó, Cs_2025-11-19T21:25:49",69825516c835c41957dfd00c,Undirected,1,2014
"Linderholm, Hans W._2025-11-19T21:20:55",69825516c835c41957dfd00e,Undirected,1,2014
"Zhang, Peng_2025-11-19T21:25:49",69825516c835c41957dfd00e,Undirected,1,2014
"Gunnarson, Björn E_2025-11-19T21:47:34",69825516c835c41957dfd00e,Undirected,1,2014
"Björklund, Jesper_2025-11-19T21:49:26",69825516c835c41957dfd00e,Undirected,1,2014
"Farahat, Emad_2025-11-19T21:25:49",69825516c835c41957dfd00e,Undirected,1,2014
"Fuentes, Mauricio_2025-11-19T21:25:49",69825516c835c41957dfd00e,Undirected,1,2014
"Rocha, Eva_2025-11-19T21:25:49",69825516c835c41957dfd00e,Undirected,1,2014
"Salo, Riikka_2025-11-19T21:25:49",69825516c835c41957dfd00e,Undirected,1,2014
"Seftigen, Kristina_2025-11-19T21:25:49",69825516c835c41957dfd00e,Undirected,1,2014
"Stridbeck, Petter_2025-11-19T21:25:49",69825516c835c41957dfd00e,Undirected,1,2014
"Liu, Yu_2025-11-19T21:20:55",69825516c835c41957dfd00e,Undirected,1,2014
"Yang, Tien-Nan_2025-11-19T21:25:50",69825516c835c41957dfd019,Undirected,1,2014
"Lee, Teh-Quei_2025-11-19T21:25:47",69825516c835c41957dfd019,Undirected,1,2014
"Lee, Meng-Yang_2025-11-19T21:25:50",69825516c835c41957dfd019,Undirected,1,2014
"Huh, Chih-An_2025-11-19T21:25:50",69825516c835c41957dfd019,Undirected,1,2014
"Meyers, Philip A._2025-11-19T21:25:50",69825516c835c41957dfd019,Undirected,1,2014
"Löwemark, Ludvig_2025-11-19T21:25:50",69825516c835c41957dfd019,Undirected,1,2014
"Wang, Liang-Chi_2025-11-19T21:25:50",69825516c835c41957dfd019,Undirected,1,2014
"Kao, Wen-Yuan_2025-11-19T21:25:50",69825516c835c41957dfd019,Undirected,1,2014
"Wei, Kuo-Yen_2025-11-19T21:25:50",69825516c835c41957dfd019,Undirected,1,2014
"Chen, Rou-Fei_2025-11-19T21:25:50",69825516c835c41957dfd019,Undirected,1,2014
"Chen, Huei-Fen_2025-11-19T21:25:50",69825516c835c41957dfd019,Undirected,1,2014
"Chen, Su-Hwa_2025-11-19T21:25:50",69825516c835c41957dfd019,Undirected,1,2014
"Wu, Jiunn-Tzong_2025-11-19T21:25:50",69825516c835c41957dfd019,Undirected,1,2014
"Shiau, Liang-Jian_2025-11-19T21:25:50",69825516c835c41957dfd019,Undirected,1,2014
"Chen, Yue-Gau_2025-11-19T21:25:50",69825516c835c41957dfd019,Undirected,1,2014
"Hsieh, Yu-Chung_2025-11-19T21:25:50",69825516c835c41957dfd019,Undirected,1,2014
"Esper, Jan_2025-11-19T21:15:51",69825516c835c41957dfd025,Undirected,1,2014
"DÜTHORN, ELISABETH_2025-11-19T21:25:50",69825516c835c41957dfd025,Undirected,1,2014
"Krusic, Paul J._2025-11-19T21:15:51",69825516c835c41957dfd025,Undirected,1,2014
"TIMONEN, MAURI_2025-11-19T21:25:50",69825516c835c41957dfd025,Undirected,1,2014
"Büntgen, Ulf_2025-11-19T21:15:51",69825516c835c41957dfd025,Undirected,1,2014
"Arcini, Caroline A._2025-11-19T21:47:13",69825516c835c41957dfd02a,Undirected,1,2014
"Ahlström, Torbjörn_2025-11-19T21:25:51",69825516c835c41957dfd02a,Undirected,1,2014
"Tagesson, Göran_2025-11-19T21:25:51",69825516c835c41957dfd02a,Undirected,1,2014
"Kwiatkowska, Barbara_2025-11-19T21:15:48",69825516c835c41957dfd036,Undirected,1,2014
"Szczurowski, Jacek_2025-11-19T21:25:51",69825516c835c41957dfd036,Undirected,1,2014
"Nowakowski, Dariusz_2025-11-19T21:25:51",69825516c835c41957dfd036,Undirected,1,2014
"Kress, A._2025-11-19T21:25:52",69825516c835c41957dfd046,Undirected,1,2014
"Hangartner, S._2025-11-19T21:25:52",69825516c835c41957dfd046,Undirected,1,2014
"Bntgen, U._2025-11-19T21:25:52",69825516c835c41957dfd046,Undirected,1,2014
"Frank, David C._2025-11-19T21:25:40",69825516c835c41957dfd046,Undirected,1,2014
"Leuenberger, M._2025-11-19T21:25:52",69825516c835c41957dfd046,Undirected,1,2014
"Siegwolf, R. T._2025-11-19T21:25:52",69825516c835c41957dfd046,Undirected,1,2014
"Saurer, M._2025-11-19T21:25:52",69825516c835c41957dfd046,Undirected,1,2014
"Jensen, Annie_2025-11-19T21:25:53",69825516c835c41957dfd04f,Undirected,1,2014
"Karottki, Dorina Gabriela_2025-11-19T21:25:53",69825516c835c41957dfd04f,Undirected,1,2014
"Christensen, Jannie Marie_2025-11-19T21:25:53",69825516c835c41957dfd04f,Undirected,1,2014
"Bønløkke, Jakob Hjort_2025-11-19T21:25:53",69825516c835c41957dfd04f,Undirected,1,2014
"Sigsgaard, Torben_2025-11-19T21:25:53",69825516c835c41957dfd04f,Undirected,1,2014
"Glasius, Marianne_2025-11-19T21:25:53",69825516c835c41957dfd04f,Undirected,1,2014
"Loft, Steffen_2025-11-19T21:25:53",69825516c835c41957dfd04f,Undirected,1,2014
"Møller, Peter_2025-11-19T21:25:53",69825516c835c41957dfd04f,Undirected,1,2014
"Bauduer, F._2025-11-19T21:25:53",69825516c835c41957dfd051,Undirected,1,2014
"Bessou, Maryelle_2025-11-19T21:20:17",69825516c835c41957dfd051,Undirected,1,2014
"Guyomarc'h, P._2025-11-19T21:25:53",69825516c835c41957dfd051,Undirected,1,2014
"Mercier, C._2025-11-19T21:25:53",69825516c835c41957dfd051,Undirected,1,2014
"Castex, Dominique_2025-11-19T21:19:37",69825516c835c41957dfd051,Undirected,1,2014
"Naumann, Elise_2025-11-19T21:25:54",69825516c835c41957dfd069,Undirected,1,2014
"Price, Theron Douglas_2025-11-19T21:22:09",69825516c835c41957dfd069,Undirected,1,2014
"Richards, Michael_2025-11-19T21:17:34",69825516c835c41957dfd069,Undirected,1,2014
"Juras, Anna_2025-11-19T21:17:06",69825516c835c41957dfd070,Undirected,1,2014
"Dabert, Miroslawa_2025-11-19T21:17:06",69825516c835c41957dfd070,Undirected,1,2014
"Kushniarevich, Alena_2025-11-19T21:17:06",69825516c835c41957dfd070,Undirected,1,2014
"Malmström, Helena_2025-11-19T21:25:55",69825516c835c41957dfd070,Undirected,1,2014
"Raghavan, Maanasa_2025-11-19T21:17:06",69825516c835c41957dfd070,Undirected,1,2014
"Kosicki, Jakub Z_2025-11-19T21:25:55",69825516c835c41957dfd070,Undirected,1,2014
"Metspalu, Ene_2025-11-19T21:17:06",69825516c835c41957dfd070,Undirected,1,2014
"Willerslev, Eske_2025-11-19T21:17:06",69825516c835c41957dfd070,Undirected,1,2014
"Piontek, Janusz_2025-11-19T21:17:06",69825516c835c41957dfd070,Undirected,1,2014
"Alt, Kurt W._2025-11-19T21:26:48",69825516c835c41957dfd086,Undirected,1,2014
"Knipper, Corina_2025-11-19T21:16:50",69825516c835c41957dfd086,Undirected,1,2014
"Peters, Daniel_2025-11-19T21:25:56",69825516c835c41957dfd086,Undirected,1,2014
"Müller, Wolfgang_2025-11-19T21:20:47",69825516c835c41957dfd086,Undirected,1,2014
"Nicklisch, Nicole_2025-11-19T21:25:56",69825516c835c41957dfd086,Undirected,1,2014
"Müller, Christiane_2025-11-19T21:25:56",69825516c835c41957dfd086,Undirected,1,2014
"Karimnia, Sarah_2025-11-19T21:25:56",69825516c835c41957dfd086,Undirected,1,2014
"Brandt, Guido_2025-11-19T21:25:56",69825516c835c41957dfd086,Undirected,1,2014
"Roth, Christina_2025-11-19T21:25:56",69825516c835c41957dfd086,Undirected,1,2014
"Rosner, Martin_2025-11-19T21:25:56",69825516c835c41957dfd086,Undirected,1,2014
"Mende, Balázs Gusztáv_2025-11-19T21:15:24",69825516c835c41957dfd086,Undirected,1,2014
"Schöne, Bernd R_2025-11-19T21:16:37",69825516c835c41957dfd086,Undirected,1,2014
"Vida, Tivadar_2025-11-19T21:15:24",69825516c835c41957dfd086,Undirected,1,2014
"von Freeden, Uta_2025-11-19T21:25:56",69825516c835c41957dfd086,Undirected,1,2014
"Ouellet-Bernier, Marie-Michèle_2025-11-19T21:26:00",69825516c835c41957dfd0c9,Undirected,1,2014
"de Vernal, Anne_2025-11-19T21:26:00",69825516c835c41957dfd0c9,Undirected,1,2014
"Moros, Matthias_2025-11-19T21:21:00",69825516c835c41957dfd0c9,Undirected,1,2014
"Puy, Arnald_2025-11-19T21:26:31",69825516c835c41957dfd2cf,Undirected,1,2014
"Balbo, Andrea L._2025-11-19T21:26:31",69825516c835c41957dfd2cf,Undirected,1,2014
"Virgili, Antoni_2025-11-19T21:17:18",69825516c835c41957dfd2cf,Undirected,1,2014
"Kirchner, Helena_2025-11-19T21:22:16",69825516c835c41957dfd2cf,Undirected,1,2014
"Tolan, John V._2025-11-19T21:24:30",69825516c835c41957dfd65a,Undirected,1,2014
"de Lange, Nicholas_2025-11-19T21:27:26",69825516c835c41957dfd65a,Undirected,1,2014
"Groenewoudt, Bert J._2025-11-19T21:30:18",69825516c835c41957dfd71e,Undirected,1,2014
"van Beek, Roy_2025-11-19T21:27:37",69825516c835c41957dfd71e,Undirected,1,2014
"Groothedde, Michel_2025-11-19T21:27:37",69825516c835c41957dfd71e,Undirected,1,2014
"Böhm, O._2025-11-19T21:21:44",69825516c835c41957dfdc21,Undirected,1,2014
"Jacobeit, J._2025-11-19T21:21:44",69825516c835c41957dfdc21,Undirected,1,2014
"Glaser, Rüdiger_2025-11-19T21:20:40",69825516c835c41957dfdc21,Undirected,1,2014
"Wetzel, K.-F._2025-11-19T21:21:44",69825516c835c41957dfdc21,Undirected,1,2014
Kazakov Evgeniy P._2025-11-19T21:16:37,69825516c835c41957dfdced,Undirected,1,2014
Izmaylov Iskander L._2025-11-19T21:29:06,69825516c835c41957dfdced,Undirected,1,2014
"Sitdikov, Ayrat G._2025-11-19T21:20:37",69825516c835c41957dfdd02,Undirected,1,2014
Shakirov Zufar G._2025-11-19T21:29:07,69825516c835c41957dfdd02,Undirected,1,2014
Khuzin Fayaz Sh_2025-11-19T21:29:06,69825516c835c41957dfdd52,Undirected,1,2014
"Sitdikov, Ayrat G._2025-11-19T21:20:37",69825516c835c41957dfdd52,Undirected,1,2014
Khuzin Fayaz Sh_2025-11-19T21:29:06,69825516c835c41957dfdd86,Undirected,1,2014
"Sitdikov, Ayrat G._2025-11-19T21:20:37",69825516c835c41957dfdd86,Undirected,1,2014
Aydarova Galina N._2025-11-19T21:29:13,69825516c835c41957dfdd86,Undirected,1,2014
Zabirova Farida M._2025-11-19T21:29:13,69825516c835c41957dfdd86,Undirected,1,2014
Nugmanova Gul’chachak G._2025-11-19T21:29:13,69825516c835c41957dfdd86,Undirected,1,2014
Khabibulin Marat M._2025-11-19T21:29:13,69825516c835c41957dfdd86,Undirected,1,2014
"Sitdikov, Ayrat G._2025-11-19T21:20:37",69825516c835c41957dfdd8c,Undirected,1,2014
Shakirov Zufar G._2025-11-19T21:29:07,69825516c835c41957dfdd8c,Undirected,1,2014
"Krüttli, Annina_2025-11-19T21:25:31",69825516c835c41957dfe802,Undirected,1,2014
"Bouwman, Abigail S_2025-11-19T21:45:52",69825516c835c41957dfe802,Undirected,1,2014
"Akgül, Gülfirde_2025-11-19T21:25:31",69825516c835c41957dfe802,Undirected,1,2014
"Della Casa, Philippe_2025-11-19T21:25:31",69825516c835c41957dfe802,Undirected,1,2014
"Rühli, Frank J._2025-11-19T21:16:09",69825516c835c41957dfe802,Undirected,1,2014
"Warinner, Christina_2025-11-19T21:21:16",69825516c835c41957dfe802,Undirected,1,2014
"Gilbert, Tom_2025-11-19T21:32:18",69825516c835c41957dfe802,Undirected,1,2014
"Zielhofer, Christoph_2025-11-19T21:25:15",69825516c835c41957dfe803,Undirected,1,2014
"Leitholdt, Eva_2025-11-19T21:25:15",69825516c835c41957dfe803,Undirected,1,2014
"Werther, Lukas_2025-11-19T21:32:18",69825516c835c41957dfe803,Undirected,1,2014
"Stele, Andreas_2025-11-19T21:32:18",69825516c835c41957dfe803,Undirected,1,2014
"Bussmann, Jens_2025-11-19T21:25:15",69825516c835c41957dfe803,Undirected,1,2014
"Linzen, Sven_2025-11-19T21:32:18",69825516c835c41957dfe803,Undirected,1,2014
"Schneider, Michael_2025-11-19T21:32:18",69825516c835c41957dfe803,Undirected,1,2014
"Meyer, Cornelius_2025-11-19T21:32:18",69825516c835c41957dfe803,Undirected,1,2014
"Berg-Hobohm, Stefanie_2025-11-19T21:25:15",69825516c835c41957dfe803,Undirected,1,2014
"Ettel, Peter_2025-11-19T21:25:31",69825516c835c41957dfe803,Undirected,1,2014
"Hart, John P._2025-11-19T21:32:18",69825516c835c41957dfe803,Undirected,1,2014
"Brown, Andrew_2025-11-19T21:15:48",69825516c835c41957dfeddb,Undirected,1,2014
"Small, Graeme_2025-11-19T21:21:36",69825516c835c41957dfeddb,Undirected,1,2014
"Svanberg, Ingvar_2025-11-19T21:18:04",69825516c835c41957dfee01,Undirected,1,2014
"Cios, Stanisław_2025-12-29T18:14:09",69825516c835c41957dfee01,Undirected,1,2014
"Surge, Donna_2025-11-19T21:26:35",69825516c835c41957dff145,Undirected,1,2014
"Barrett, James H._2025-11-19T21:24:34",69825516c835c41957dff145,Undirected,1,2014
"Price, Neil_2025-11-19T21:17:08",69825516c835c41957dff39a,Undirected,1,2014
"Mortimer, Paul_2025-11-19T21:36:04",69825516c835c41957dff39a,Undirected,1,2014
"Pluskowski, Aleksander G._2025-11-19T21:16:39",69825517c835c41957dff40f,Undirected,1,2014
"Sawicki, Zbigniew_2025-11-19T21:22:31",69825517c835c41957dff40f,Undirected,1,2014
"Shillito, Lisa-Marie_2025-11-19T21:22:31",69825517c835c41957dff40f,Undirected,1,2014
"Badura, Monika_2025-11-19T21:17:59",69825517c835c41957dff40f,Undirected,1,2014
"Makowiecki, Daniel_2025-11-19T21:17:59",69825517c835c41957dff40f,Undirected,1,2014
"Zabilska-Kunek, Miroslawa_2025-11-19T21:22:31",69825517c835c41957dff40f,Undirected,1,2014
"SEETAH, KRISH_2025-11-19T21:17:25",69825517c835c41957dff40f,Undirected,1,2014
"Brown, Alexander_2025-11-19T21:22:31",69825517c835c41957dff40f,Undirected,1,2014
"Ringbom, Åsa_2025-11-19T21:18:42",69825517c835c41957dff416,Undirected,1,2014
"Lindroos, Alf_2025-11-19T21:24:31",69825517c835c41957dff416,Undirected,1,2014
"Heinemeier, Jan_2025-11-19T21:24:31",69825517c835c41957dff416,Undirected,1,2014
Hannah Brown_2025-11-19T21:37:39,69825517c835c41957dff825,Undirected,1,2014
Helen Goodchild_2025-11-19T21:37:39,69825517c835c41957dff825,Undirected,1,2014
"Sindbaek, Søren Michael_2025-11-19T21:23:40",69825517c835c41957dff825,Undirected,1,2014
"von Holstein, Isabella C. C._2025-11-19T21:32:18",69825517c835c41957dffc7e,Undirected,1,2014
"Ashby, Steven P._2025-11-19T21:24:59",69825517c835c41957dffc7e,Undirected,1,2014
"Doorn, Nienke L. van_2025-11-19T21:39:08",69825517c835c41957dffc7e,Undirected,1,2014
"Sachs, Stacie M._2025-11-19T21:24:59",69825517c835c41957dffc7e,Undirected,1,2014
"Buckley, Michael_2025-11-19T21:24:59",69825517c835c41957dffc7e,Undirected,1,2014
"Meiri, Meirav_2025-11-19T21:24:59",69825517c835c41957dffc7e,Undirected,1,2014
"Barnes, Ian_2025-11-19T21:24:59",69825517c835c41957dffc7e,Undirected,1,2014
"Brundle, Anne_2025-11-19T21:24:59",69825517c835c41957dffc7e,Undirected,1,2014
"Collins, Matthew J._2025-11-19T21:24:59",69825517c835c41957dffc7e,Undirected,1,2014
"Đukić, Ksenija_2025-11-19T21:15:52",69825517c835c41957e00123,Undirected,1,2014
"Milenkovic, Petar_2025-11-19T21:26:03",69825517c835c41957e00123,Undirected,1,2014
"Milovanovic, Petar_2025-11-19T21:26:03",69825517c835c41957e00123,Undirected,1,2014
"Dakic, Milos_2025-11-19T21:26:03",69825517c835c41957e00123,Undirected,1,2014
"Djuric, Marija_2025-11-19T21:26:03",69825517c835c41957e00123,Undirected,1,2014
"Belak, Mateja_2025-11-19T21:41:01",69825517c835c41957e001f4,Undirected,1,2014
"Maver, Andreja_2025-11-19T21:21:28",69825517c835c41957e001f4,Undirected,1,2014
"Hemer, K. A._2025-11-19T21:17:34",69825517c835c41957e002a8,Undirected,1,2014
"Evans, Jane A._2025-11-19T21:16:39",69825517c835c41957e002a8,Undirected,1,2014
"Chenery, C. A._2025-11-19T21:41:15",69825517c835c41957e002a8,Undirected,1,2014
"Lamb, Angela L._2025-11-19T21:16:39",69825517c835c41957e002a8,Undirected,1,2014
"Brunner, Stefanie_2025-11-19T21:41:21",69825517c835c41957e002f2,Undirected,1,2014
"Deschler-Erb, Sabine_2025-11-19T21:22:54",69825517c835c41957e002f2,Undirected,1,2014
"Mlekuž, Dimitrij_2025-11-19T21:15:42",69825517c835c41957e0034c,Undirected,1,2014
"Pergar, Mitja_2025-11-19T21:41:28",69825517c835c41957e0034c,Undirected,1,2014
"Draksler, Matej_2025-11-19T21:41:28",69825517c835c41957e0034d,Undirected,1,2014
"Murgelj, Ida_2025-11-19T21:21:28",69825517c835c41957e0034d,Undirected,1,2014
"Kay, Gemma L._2025-11-19T21:42:02",69825517c835c41957e004c9,Undirected,1,2014
"Sergeant, Martin J._2025-11-19T21:42:02",69825517c835c41957e004c9,Undirected,1,2014
"Giuffra, Valentina_2025-11-19T21:42:02",69825517c835c41957e004c9,Undirected,1,2014
"Bandiera, Pasquale_2025-11-19T21:42:02",69825517c835c41957e004c9,Undirected,1,2014
"Milanese, Marco_2025-11-19T21:42:02",69825517c835c41957e004c9,Undirected,1,2014
"Bramanti, Barbara_2025-11-19T21:32:19",69825517c835c41957e004c9,Undirected,1,2014
"Bianucci, Raffaella_2025-11-19T21:27:37",69825517c835c41957e004c9,Undirected,1,2014
"Pallen, Mark J._2025-11-19T21:42:02",69825517c835c41957e004c9,Undirected,1,2014
"Sekelj Ivančan, Tajana_2025-11-19T21:17:11",69825517c835c41957e007c1,Undirected,1,2014
"Mušič, Branko_2025-11-19T21:15:42",69825517c835c41957e007c1,Undirected,1,2014
"Warinner, Christina_2025-11-19T21:21:16",69825517c835c41957e0088e,Undirected,1,2014
"Hendy, Jessica_2025-11-19T21:15:34",69825517c835c41957e0088e,Undirected,1,2014
"Speller, Camilla F._2025-11-19T21:17:37",69825517c835c41957e0088e,Undirected,1,2014
"Cappellini, Enrico_2025-11-19T21:22:38",69825517c835c41957e0088e,Undirected,1,2014
"Fischer, R_2025-11-19T21:45:52",69825517c835c41957e0088e,Undirected,1,2014
"Trachsel, C_2025-11-19T21:45:52",69825517c835c41957e0088e,Undirected,1,2014
"Arneborg, Jette_2025-11-19T21:17:26",69825517c835c41957e0088e,Undirected,1,2014
"Lynnerup, Niels_2025-11-19T21:26:31",69825517c835c41957e0088e,Undirected,1,2014
"Craig, Oliver E._2025-11-19T21:17:37",69825517c835c41957e0088e,Undirected,1,2014
"Swallow, D M_2025-11-19T21:45:52",69825517c835c41957e0088e,Undirected,1,2014
"Fotakis, Anna K_2025-11-19T21:22:38",69825517c835c41957e0088e,Undirected,1,2014
"Christensen, Rosa Jersie_2025-11-19T21:45:52",69825517c835c41957e0088e,Undirected,1,2014
"Olsen, J V_2025-11-19T21:45:52",69825517c835c41957e0088e,Undirected,1,2014
"Liebert, A_2025-11-19T21:45:52",69825517c835c41957e0088e,Undirected,1,2014
"Montalva, N_2025-11-19T21:45:52",69825517c835c41957e0088e,Undirected,1,2014
"Fiddyment, S_2025-11-19T21:45:52",69825517c835c41957e0088e,Undirected,1,2014
"Charlton, S_2025-11-19T21:45:52",69825517c835c41957e0088e,Undirected,1,2014
"Mackie, M_2025-11-19T21:45:52",69825517c835c41957e0088e,Undirected,1,2014
"Canci, A_2025-11-19T21:45:52",69825517c835c41957e0088e,Undirected,1,2014
"Bouwman, Abigail S_2025-11-19T21:45:52",69825517c835c41957e0088e,Undirected,1,2014
"Rühli, Frank J._2025-11-19T21:16:09",69825517c835c41957e0088e,Undirected,1,2014
"GILBERT, M. THOMAS P._2025-11-19T21:25:08",69825517c835c41957e0088e,Undirected,1,2014
"Collins, Matthew J._2025-11-19T21:24:59",69825517c835c41957e0088e,Undirected,1,2014
"Gardeła, Leszek_2025-11-19T21:16:10",69825517c835c41957e00bd8,Undirected,1,2014
"Kajkowski, Kamil_2025-11-19T21:16:25",69825517c835c41957e00bd8,Undirected,1,2014
"Davis, Lisa Fagin_2025-11-19T21:16:59",69825517c835c41957e012a3,Undirected,1,2014
"Lyman, Eugene W._2025-11-19T21:49:28",69825517c835c41957e012a3,Undirected,1,2014
"Spence, Sarah_2025-11-19T21:25:00",69825517c835c41957e012a3,Undirected,1,2014
"Partner, Nancy F._2025-11-19T21:24:58",69825517c835c41957e012a3,Undirected,1,2014
"Bjork, Robert E._2025-11-19T21:24:21",69825517c835c41957e012a3,Undirected,1,2014
"Smith, Kathryn Ann_2025-11-19T21:49:28",69825517c835c41957e012a3,Undirected,1,2014
"Elliott, Dyan H._2025-11-19T21:50:43",69825517c835c41957e012a3,Undirected,1,2014
"Kruger, Steven F._2025-11-19T21:41:46",69825517c835c41957e012a3,Undirected,1,2014
"Shailor, Barbara A._2025-11-19T21:24:21",69825517c835c41957e012a3,Undirected,1,2014
"Squatriti, Paolo_2025-11-19T21:27:09",69825517c835c41957e012a3,Undirected,1,2014
"Kinney, Dale_2025-11-19T21:16:17",69825517c835c41957e012a3,Undirected,1,2014
"Machan, Tim William_2025-11-19T21:17:39",69825517c835c41957e012a3,Undirected,1,2014
"Kaye, Joel_2025-11-19T21:49:28",69825517c835c41957e012a3,Undirected,1,2014
"Murray, James M._2025-11-19T21:39:48",69825517c835c41957e012a3,Undirected,1,2014
"Đukić, Ksenija_2025-11-19T21:15:52",69825517c835c41957e0178e,Undirected,1,2014
"Milenkovic, Petar_2025-11-19T21:26:03",69825517c835c41957e0178e,Undirected,1,2014
"Milovanovic, Petar_2025-11-19T21:26:03",69825517c835c41957e0178e,Undirected,1,2014
"Dakic, Milos_2025-11-19T21:26:03",69825517c835c41957e0178e,Undirected,1,2014
"Djuric, Marija_2025-11-19T21:26:03",69825517c835c41957e0178e,Undirected,1,2014
"Brandsma, Frank_2025-11-19T21:16:14",69825516c835c41957dfa27d,Undirected,1,2015
"Larrington, Carolyne_2025-11-19T21:16:51",69825516c835c41957dfa27d,Undirected,1,2015
"Saunders, Corinne_2025-11-19T21:17:05",69825516c835c41957dfa27d,Undirected,1,2015
"De Clercq, Wim_2025-11-19T21:17:14",69825516c835c41957dfa390,Undirected,1,2015
"Braekevelt, Jonas_2025-11-19T21:17:16",69825516c835c41957dfa390,Undirected,1,2015
"Coll Conesa, Jaume_2025-11-19T21:17:16",69825516c835c41957dfa390,Undirected,1,2015
"Kaçar, Hilmi_2025-11-19T21:17:16",69825516c835c41957dfa390,Undirected,1,2015
"Vicente Lerma, Josep_2025-11-19T21:17:16",69825516c835c41957dfa390,Undirected,1,2015
"Dumolyn, Jan_2025-11-19T21:17:16",69825516c835c41957dfa390,Undirected,1,2015
"Brennan, Naomi_2025-11-19T21:17:17",69825516c835c41957dfa3a9,Undirected,1,2015
"Hamerow, H. F._2025-11-19T21:35:34",69825516c835c41957dfa3a9,Undirected,1,2015
"Naylor, John_2025-11-19T21:15:51",69825516c835c41957dfa3d6,Undirected,1,2015
"Vitali, Tiziana_2025-11-19T21:17:19",69825516c835c41957dfa3d6,Undirected,1,2015
"Gleeson, Patrick_2025-11-19T21:17:19",69825516c835c41957dfa3d6,Undirected,1,2015
"CARRAGÁIN, TÓMAS Ó_2025-11-19T21:17:30",69825516c835c41957dfa3d6,Undirected,1,2015
"Rogers, Nicola_2025-11-19T21:17:19",69825516c835c41957dfa3d8,Undirected,1,2015
"Panter, Ian_2025-11-19T21:17:19",69825516c835c41957dfa3d8,Undirected,1,2015
"Rogers, Penelope Walton_2025-11-19T21:49:17",69825516c835c41957dfa3d8,Undirected,1,2015
"Blanco-González, Antonio_2025-11-19T21:17:26",69825516c835c41957dfa487,Undirected,1,2015
"López-Sáez, José Antonio_2025-11-19T21:17:26",69825516c835c41957dfa487,Undirected,1,2015
"Alba, Francisca_2025-11-19T21:17:26",69825516c835c41957dfa487,Undirected,1,2015
"Abel-Schaad, Daniel_2025-11-19T21:24:58",69825516c835c41957dfa487,Undirected,1,2015
"Pérez-Díaz, Sebastián_2025-11-19T21:24:58",69825516c835c41957dfa487,Undirected,1,2015
"Stirling, Lindsey_2025-11-19T21:17:30",69825516c835c41957dfa4dd,Undirected,1,2015
"Milek, Karen B._2025-11-19T21:25:08",69825516c835c41957dfa4dd,Undirected,1,2015
"Baker, John_2025-11-19T21:17:31",69825516c835c41957dfa577,Undirected,1,2015
"Brookes, Stuart_2025-11-19T21:17:31",69825516c835c41957dfa577,Undirected,1,2015
"Smith, Michèle Hayeur_2025-11-19T21:16:43",69825516c835c41957dfa7ca,Undirected,1,2015
"Arneborg, Jette_2025-11-19T21:17:26",69825516c835c41957dfa7ca,Undirected,1,2015
"Smith, Kevin P._2025-11-19T21:26:27",69825516c835c41957dfa7ca,Undirected,1,2015
"DeVries, Kelly_2025-11-19T21:18:28",69825516c835c41957dfaa5d,Undirected,1,2015
"Tracy, Larissa_2025-11-19T21:18:28",69825516c835c41957dfaa5d,Undirected,1,2015
"Crubézy, Eric_2025-11-19T21:21:28",69825516c835c41957dfadc7,Undirected,1,2015
"Catafau, Aymat_2025-11-19T21:19:06",69825516c835c41957dfadc7,Undirected,1,2015
"Laporte, Jean-Pierre_2025-11-19T21:19:41",69825516c835c41957dfb522,Undirected,1,2015
"Seba, N. Aïn_2025-11-19T21:20:24",69825516c835c41957dfb522,Undirected,1,2015
"Alexandropoulos, Jacques_2025-11-19T21:19:35",69825516c835c41957dfb522,Undirected,1,2015
"Desanges, Jehan_2025-11-19T21:19:41",69825516c835c41957dfb522,Undirected,1,2015
"Hachid, Malika_2025-11-19T21:19:55",69825516c835c41957dfb522,Undirected,1,2015
"Trousset, Pol_2025-11-19T21:19:42",69825516c835c41957dfb522,Undirected,1,2015
"Ghaki, Mansour_2025-11-19T21:18:09",69825516c835c41957dfb525,Undirected,1,2015
"Laporte, Jean-Pierre_2025-11-19T21:19:41",69825516c835c41957dfb525,Undirected,1,2015
"Niedźwiedź, Tadeusz_2025-11-19T21:20:40",69825516c835c41957dfb675,Undirected,1,2015
"Glaser, Rüdiger_2025-11-19T21:20:40",69825516c835c41957dfb675,Undirected,1,2015
"Hansson, Daniel_2025-11-19T21:20:40",69825516c835c41957dfb675,Undirected,1,2015
"Helama, Samuli_2025-11-19T21:20:40",69825516c835c41957dfb675,Undirected,1,2015
"Klimenko, Vladimir_2025-11-19T21:20:40",69825516c835c41957dfb675,Undirected,1,2015
"Łupikasza, Ewa_2025-11-19T21:20:40",69825516c835c41957dfb675,Undirected,1,2015
"Małarzewski, Łukasz_2025-11-19T21:20:40",69825516c835c41957dfb675,Undirected,1,2015
"Nordli, Øyvind_2025-11-19T21:20:40",69825516c835c41957dfb675,Undirected,1,2015
"Przybylak, Rajmund_2025-11-19T21:20:40",69825516c835c41957dfb675,Undirected,1,2015
"Riemann, Dirk_2025-11-19T21:20:40",69825516c835c41957dfb675,Undirected,1,2015
"Solomina, Olga_2025-11-19T21:20:40",69825516c835c41957dfb675,Undirected,1,2015
"Taricco, C._2025-11-19T21:20:51",69825516c835c41957dfb783,Undirected,1,2015
"Mancuso, S._2025-11-19T21:20:51",69825516c835c41957dfb783,Undirected,1,2015
"Ljungqvist, Fredrik Charpentier_2025-11-19T21:16:11",69825516c835c41957dfb783,Undirected,1,2015
"Alessio, S._2025-11-19T21:20:51",69825516c835c41957dfb783,Undirected,1,2015
"Ghil, M._2025-11-19T21:20:51",69825516c835c41957dfb783,Undirected,1,2015
"Schleussner, C.-F._2025-11-19T21:20:52",69825516c835c41957dfb78f,Undirected,1,2015
"Divine, D. V._2025-11-19T21:20:52",69825516c835c41957dfb78f,Undirected,1,2015
"Donges, J. F._2025-11-19T21:20:52",69825516c835c41957dfb78f,Undirected,1,2015
"Miettinen, A._2025-11-19T21:20:52",69825516c835c41957dfb78f,Undirected,1,2015
"Donner, R. V._2025-11-19T21:20:52",69825516c835c41957dfb78f,Undirected,1,2015
"Badura, Monika_2025-11-19T21:17:59",69825516c835c41957dfb792,Undirected,1,2015
"Możejko, Beata_2025-11-19T21:20:52",69825516c835c41957dfb792,Undirected,1,2015
"Święta-Musznicka, Joanna_2025-11-19T21:15:34",69825516c835c41957dfb792,Undirected,1,2015
"Latałowa, Małgorzata_2025-11-19T21:20:52",69825516c835c41957dfb792,Undirected,1,2015
"Cardini, Andrea_2025-11-19T21:20:53",69825516c835c41957dfb7ab,Undirected,1,2015
"SEETAH, KRISH_2025-11-19T21:17:25",69825516c835c41957dfb7ab,Undirected,1,2015
"Barker, Graeme_2025-11-19T21:20:53",69825516c835c41957dfb7ab,Undirected,1,2015
"McCarthy, Thomas John Henry_2025-11-19T21:21:37",69825516c835c41957dfbaa4,Undirected,1,2015
Manchester University Press_2025-11-19T21:21:36,69825516c835c41957dfbaa4,Undirected,1,2015
"Marković, Nemanja D._2025-11-19T21:21:19",69825516c835c41957dfc00c,Undirected,1,2015
"Janeczek, Maciej_2025-11-19T21:22:25",69825516c835c41957dfc00c,Undirected,1,2015
"Marinković, Darko_2025-11-19T21:22:25",69825516c835c41957dfc00c,Undirected,1,2015
"Stevanović, Oliver_2025-11-19T21:22:25",69825516c835c41957dfc00c,Undirected,1,2015
"Krstić, Nikola_2025-11-19T21:22:25",69825516c835c41957dfc00c,Undirected,1,2015
"Petrujkić, Katarina_2025-11-19T21:22:25",69825516c835c41957dfc00c,Undirected,1,2015
"Trailović, Ružica_2025-11-19T21:22:25",69825516c835c41957dfc00c,Undirected,1,2015
"Krzewińska, Maja_2025-11-19T21:17:53",69825516c835c41957dfd0a4,Undirected,1,2015
"Bjørnstad, Gro_2025-11-19T21:25:58",69825516c835c41957dfd0a4,Undirected,1,2015
"Olason, Pall Isolfur_2025-11-19T21:25:58",69825516c835c41957dfd0a4,Undirected,1,2015
"Bill, Jan_2025-11-19T21:25:58",69825516c835c41957dfd0a4,Undirected,1,2015
"Hagelberg, Erika_2025-11-19T21:25:58",69825516c835c41957dfd0a4,Undirected,1,2015
"Vai, Stefania_2025-11-19T21:15:24",69825516c835c41957dfd0fc,Undirected,1,2015
"Ghirotto, Silvia_2025-11-19T21:23:44",69825516c835c41957dfd0fc,Undirected,1,2015
"Pilli, Elena_2025-11-19T21:23:44",69825516c835c41957dfd0fc,Undirected,1,2015
"Tassi, Francesca_2025-11-19T21:26:04",69825516c835c41957dfd0fc,Undirected,1,2015
"Lari, Martina_2025-11-19T21:15:24",69825516c835c41957dfd0fc,Undirected,1,2015
"Rizzi, Ermanno_2025-11-19T21:26:04",69825516c835c41957dfd0fc,Undirected,1,2015
"Matas-Lalueza, Laura_2025-11-19T21:26:04",69825516c835c41957dfd0fc,Undirected,1,2015
"Ramirez, Oscar_2025-11-19T21:26:04",69825516c835c41957dfd0fc,Undirected,1,2015
"Lalueza-Fox, Carles_2025-11-19T21:26:04",69825516c835c41957dfd0fc,Undirected,1,2015
"Achilli, Alessandro_2025-11-19T21:26:04",69825516c835c41957dfd0fc,Undirected,1,2015
"Olivieri, Anna_2025-11-19T21:26:04",69825516c835c41957dfd0fc,Undirected,1,2015
"Torroni, Antonio_2025-11-19T21:26:04",69825516c835c41957dfd0fc,Undirected,1,2015
"Lancioni, Hovirag_2025-11-19T21:26:04",69825516c835c41957dfd0fc,Undirected,1,2015
"Giostra, Caterina_2025-11-19T21:15:24",69825516c835c41957dfd0fc,Undirected,1,2015
"Bedini, Elena_2025-11-19T21:26:04",69825516c835c41957dfd0fc,Undirected,1,2015
"Baricco, Luisella Pejrani_2025-11-19T21:32:10",69825516c835c41957dfd0fc,Undirected,1,2015
"Matullo, Giuseppe_2025-11-19T21:26:04",69825516c835c41957dfd0fc,Undirected,1,2015
"Di Gaetano, Cornelia_2025-11-19T21:26:04",69825516c835c41957dfd0fc,Undirected,1,2015
"Piazza, Alberto_2025-11-19T21:26:04",69825516c835c41957dfd0fc,Undirected,1,2015
"Veeramah, Krishna R._2025-11-19T21:15:24",69825516c835c41957dfd0fc,Undirected,1,2015
"Geary, Patrick J._2025-11-19T21:15:24",69825516c835c41957dfd0fc,Undirected,1,2015
"Caramelli, David_2025-11-19T21:15:24",69825516c835c41957dfd0fc,Undirected,1,2015
"Barbujani, Guido_2025-11-19T21:21:19",69825516c835c41957dfd0fc,Undirected,1,2015
"Khorasani, Sara_2025-11-19T21:26:06",69825516c835c41957dfd11d,Undirected,1,2015
"Panagiotakopulu, Eva_2025-11-19T21:20:59",69825516c835c41957dfd11d,Undirected,1,2015
"Engelmark, Roger_2025-11-19T21:21:36",69825516c835c41957dfd11d,Undirected,1,2015
"Ralston, Ian B.M._2025-11-19T21:35:31",69825516c835c41957dfd11d,Undirected,1,2015
"Sguazza, E_2025-11-19T21:26:06",69825516c835c41957dfd11f,Undirected,1,2015
"Mazzucchi, A_2025-11-19T21:26:06",69825516c835c41957dfd11f,Undirected,1,2015
"Fortunati, Maria_2025-11-19T21:22:43",69825516c835c41957dfd11f,Undirected,1,2015
"Cattaneo, Cristina_2025-11-19T21:17:55",69825516c835c41957dfd11f,Undirected,1,2015
"Yunusbayev, Bayazit_2025-11-19T21:26:09",69825516c835c41957dfd157,Undirected,1,2015
"Metspalu, Mait_2025-11-19T21:18:05",69825516c835c41957dfd157,Undirected,1,2015
"Metspalu, Ene_2025-11-19T21:17:06",69825516c835c41957dfd157,Undirected,1,2015
"Valeev, Albert_2025-11-19T21:26:09",69825516c835c41957dfd157,Undirected,1,2015
"Litvinov, Sergei_2025-11-19T21:26:09",69825516c835c41957dfd157,Undirected,1,2015
"Valiev, Ruslan_2025-11-19T21:26:09",69825516c835c41957dfd157,Undirected,1,2015
"Akhmetova, Vita_2025-11-19T21:26:09",69825516c835c41957dfd157,Undirected,1,2015
"Balanovska, Elena_2025-11-19T21:15:24",69825516c835c41957dfd157,Undirected,1,2015
"Balanovsky, Oleg_2025-11-19T21:26:09",69825516c835c41957dfd157,Undirected,1,2015
"Turdikulova, Shahlo_2025-11-19T21:26:09",69825516c835c41957dfd157,Undirected,1,2015
"Dalimova, Dilbar_2025-11-19T21:26:09",69825516c835c41957dfd157,Undirected,1,2015
"Nymadawa, Pagbajabyn_2025-11-19T21:26:09",69825516c835c41957dfd157,Undirected,1,2015
"Bahmanimehr, Ardeshir_2025-11-19T21:26:09",69825516c835c41957dfd157,Undirected,1,2015
"Sahakyan, Hovhannes_2025-11-19T21:26:09",69825516c835c41957dfd157,Undirected,1,2015
"Tambets, Kristiina_2025-11-19T21:17:12",69825516c835c41957dfd157,Undirected,1,2015
"Fedorova, Sardana_2025-11-19T21:26:09",69825516c835c41957dfd157,Undirected,1,2015
"Barashkov, Nikolay_2025-11-19T21:26:09",69825516c835c41957dfd157,Undirected,1,2015
"Khidiyatova, Irina_2025-11-19T21:26:09",69825516c835c41957dfd157,Undirected,1,2015
"Mihailov, Evelin_2025-11-19T21:26:09",69825516c835c41957dfd157,Undirected,1,2015
"Khusainova, Rita_2025-11-19T21:26:09",69825516c835c41957dfd157,Undirected,1,2015
"Damba, Larisa_2025-11-19T21:26:09",69825516c835c41957dfd157,Undirected,1,2015
"Derenko, Miroslava V._2025-11-19T21:23:38",69825516c835c41957dfd157,Undirected,1,2015
"Malyarchuk, Boris A._2025-11-19T21:23:38",69825516c835c41957dfd157,Undirected,1,2015
"Osipova, Ludmila_2025-11-19T21:26:09",69825516c835c41957dfd157,Undirected,1,2015
"Voevoda, Mikhail_2025-11-19T21:26:09",69825516c835c41957dfd157,Undirected,1,2015
"Yepiskoposyan, Levon_2025-11-19T21:26:09",69825516c835c41957dfd157,Undirected,1,2015
"Kivisild, Toomas_2025-11-19T21:15:49",69825516c835c41957dfd157,Undirected,1,2015
"Khusnutdinova, Elza K_2025-11-19T21:29:49",69825516c835c41957dfd157,Undirected,1,2015
"Villems, Richard_2025-11-19T21:26:09",69825516c835c41957dfd157,Undirected,1,2015
"Christensen, Jannie Marie_2025-11-19T21:25:53",69825516c835c41957dfd15a,Undirected,1,2015
"Ryhl-Svendsen, M_2025-11-19T21:26:09",69825516c835c41957dfd15a,Undirected,1,2015
"Taylor, G Michael_2025-11-19T21:26:10",69825516c835c41957dfd174,Undirected,1,2015
"Zakrzewski, Sonia R._2025-11-19T21:35:21",69825516c835c41957dfd174,Undirected,1,2015
"Pike, Alistair W G_2025-11-19T21:26:10",69825516c835c41957dfd174,Undirected,1,2015
"Wu, Houdini H T_2025-11-19T21:26:10",69825516c835c41957dfd174,Undirected,1,2015
"Minnikin, David E_2025-11-19T21:26:10",69825516c835c41957dfd174,Undirected,1,2015
"Baker, Andy_2025-11-19T21:26:12",69825516c835c41957dfd197,Undirected,1,2015
"Kelly, Bryce F J_2025-11-19T21:26:12",69825516c835c41957dfd197,Undirected,1,2015
"Mariethoz, Gregoire_2025-11-19T21:26:12",69825516c835c41957dfd197,Undirected,1,2015
"Pósa, Annamária_2025-11-19T21:26:12",69825516c835c41957dfd19c,Undirected,1,2015
"Maixner, Frank_2025-11-19T21:15:36",69825516c835c41957dfd19c,Undirected,1,2015
"Sola, Christophe_2025-11-19T21:26:12",69825516c835c41957dfd19c,Undirected,1,2015
"Bereczki, Zsolt_2025-11-19T21:16:51",69825516c835c41957dfd19c,Undirected,1,2015
"Molnár, Erika_2025-11-19T21:16:51",69825516c835c41957dfd19c,Undirected,1,2015
"Masson, Muriel_2025-11-19T21:26:12",69825516c835c41957dfd19c,Undirected,1,2015
"Lovász, Gabriella_2025-11-19T21:26:12",69825516c835c41957dfd19c,Undirected,1,2015
"Spekker, Olga_2025-11-19T21:16:50",69825516c835c41957dfd19c,Undirected,1,2015
"Wicker, Erika_2025-11-19T21:26:12",69825516c835c41957dfd19c,Undirected,1,2015
"Perrin, Pascale_2025-11-19T21:26:12",69825516c835c41957dfd19c,Undirected,1,2015
"Dutour, Olivier_2025-11-19T21:25:15",69825516c835c41957dfd19c,Undirected,1,2015
"Zink, Albert_2025-11-19T21:15:36",69825516c835c41957dfd19c,Undirected,1,2015
"Pálfi, György_2025-11-19T21:17:44",69825516c835c41957dfd19c,Undirected,1,2015
"Busby, George B.J._2025-11-19T21:26:18",69825516c835c41957dfd1f9,Undirected,1,2015
"Hellenthal, Garrett_2025-11-19T21:26:18",69825516c835c41957dfd1f9,Undirected,1,2015
"Montinaro, Francesco_2025-11-19T21:18:05",69825516c835c41957dfd1f9,Undirected,1,2015
"Tofanelli, Sergio_2025-11-19T21:23:35",69825516c835c41957dfd1f9,Undirected,1,2015
"Bulayeva, Kazima_2025-11-19T21:26:18",69825516c835c41957dfd1f9,Undirected,1,2015
"Rudan, Igor_2025-11-19T21:26:18",69825516c835c41957dfd1f9,Undirected,1,2015
"Zemunik, Tatijana_2025-11-19T21:26:18",69825516c835c41957dfd1f9,Undirected,1,2015
"Hayward, Caroline_2025-11-19T21:26:18",69825516c835c41957dfd1f9,Undirected,1,2015
"Toncheva, Draga_2025-11-19T21:26:18",69825516c835c41957dfd1f9,Undirected,1,2015
"Karachanak-Yankova, Sena_2025-11-19T21:26:18",69825516c835c41957dfd1f9,Undirected,1,2015
"Nesheva, Desislava_2025-11-19T21:26:18",69825516c835c41957dfd1f9,Undirected,1,2015
"Anagnostou, Paolo_2025-11-19T21:26:18",69825516c835c41957dfd1f9,Undirected,1,2015
"Cali, Francesco_2025-11-19T21:23:35",69825516c835c41957dfd1f9,Undirected,1,2015
"Brisighelli, Francesca_2025-11-19T21:23:35",69825516c835c41957dfd1f9,Undirected,1,2015
"Romano, Valentino_2025-11-19T21:23:35",69825516c835c41957dfd1f9,Undirected,1,2015
"Lefranc, Gerard_2025-11-19T21:26:18",69825516c835c41957dfd1f9,Undirected,1,2015
"Buresi, Catherine_2025-11-19T21:26:18",69825516c835c41957dfd1f9,Undirected,1,2015
"Ben Chibani, Jemni_2025-11-19T21:26:18",69825516c835c41957dfd1f9,Undirected,1,2015
"Haj-Khelil, Amel_2025-11-19T21:26:18",69825516c835c41957dfd1f9,Undirected,1,2015
"Denden, Sabri_2025-11-19T21:26:18",69825516c835c41957dfd1f9,Undirected,1,2015
"Ploski, Rafal_2025-11-19T21:26:18",69825516c835c41957dfd1f9,Undirected,1,2015
"Krajewski, Pawel_2025-11-19T21:26:18",69825516c835c41957dfd1f9,Undirected,1,2015
"Hervig, Tor_2025-11-19T21:26:18",69825516c835c41957dfd1f9,Undirected,1,2015
"Moen, Torolf_2025-11-19T21:26:18",69825516c835c41957dfd1f9,Undirected,1,2015
"Herrera, Rene J._2025-11-19T21:26:18",69825516c835c41957dfd1f9,Undirected,1,2015
"Wilson, James F._2025-11-19T21:26:18",69825516c835c41957dfd1f9,Undirected,1,2015
"Myers, Simon_2025-11-19T21:26:18",69825516c835c41957dfd1f9,Undirected,1,2015
"Capelli, Cristian_2025-11-19T21:23:35",69825516c835c41957dfd1f9,Undirected,1,2015
"Kushniarevich, Alena_2025-11-19T21:17:06",69825516c835c41957dfd24f,Undirected,1,2015
"Utevska, Olga_2025-11-19T21:18:14",69825516c835c41957dfd24f,Undirected,1,2015
"Chuhryaeva, Marina_2025-11-19T21:26:24",69825516c835c41957dfd24f,Undirected,1,2015
"Agdzhoyan, Anastasia_2025-11-19T21:15:24",69825516c835c41957dfd24f,Undirected,1,2015
"Dibirova, Khadizhat_2025-11-19T21:26:24",69825516c835c41957dfd24f,Undirected,1,2015
"Uktveryte, Ingrida_2025-11-19T21:26:24",69825516c835c41957dfd24f,Undirected,1,2015
"Möls, Märt_2025-11-19T21:26:24",69825516c835c41957dfd24f,Undirected,1,2015
"Mulahasanovic, Lejla_2025-11-19T21:26:24",69825516c835c41957dfd24f,Undirected,1,2015
"Pshenichnov, Andrey_2025-11-19T21:26:24",69825516c835c41957dfd24f,Undirected,1,2015
"Frolova, Svetlana_2025-11-19T21:26:24",69825516c835c41957dfd24f,Undirected,1,2015
"Shanko, Andrey_2025-11-19T21:26:24",69825516c835c41957dfd24f,Undirected,1,2015
"Metspalu, Ene_2025-11-19T21:17:06",69825516c835c41957dfd24f,Undirected,1,2015
"Reidla, Maere_2025-11-19T21:26:24",69825516c835c41957dfd24f,Undirected,1,2015
"Tambets, Kristiina_2025-11-19T21:17:12",69825516c835c41957dfd24f,Undirected,1,2015
"Tamm, Erika_2025-11-19T21:26:24",69825516c835c41957dfd24f,Undirected,1,2015
"Koshel, Sergey_2025-11-19T21:15:24",69825516c835c41957dfd24f,Undirected,1,2015
"Zaporozhchenko, Valery_2025-11-19T21:26:24",69825516c835c41957dfd24f,Undirected,1,2015
"Atramentova, Lubov_2025-11-19T21:26:24",69825516c835c41957dfd24f,Undirected,1,2015
"Kučinskas, Vaidutis_2025-11-19T21:26:24",69825516c835c41957dfd24f,Undirected,1,2015
"Davydenko, Oleg_2025-11-19T21:26:24",69825516c835c41957dfd24f,Undirected,1,2015
"Goncharova, Olga_2025-11-19T21:26:24",69825516c835c41957dfd24f,Undirected,1,2015
"Evseeva, Irina_2025-11-19T21:26:24",69825516c835c41957dfd24f,Undirected,1,2015
"Churnosov, Michail_2025-11-19T21:26:24",69825516c835c41957dfd24f,Undirected,1,2015
"Pocheshkhova, Elvira_2025-11-19T21:15:24",69825516c835c41957dfd24f,Undirected,1,2015
"Yunusbayev, Bayazit_2025-11-19T21:26:09",69825516c835c41957dfd24f,Undirected,1,2015
"Khusnutdinova, Elza K_2025-11-19T21:29:49",69825516c835c41957dfd24f,Undirected,1,2015
"Marjanović, Damir_2025-11-19T21:26:24",69825516c835c41957dfd24f,Undirected,1,2015
"Rudan, Pavao_2025-11-19T21:26:24",69825516c835c41957dfd24f,Undirected,1,2015
"Rootsi, Siiri_2025-11-19T21:26:24",69825516c835c41957dfd24f,Undirected,1,2015
"Yankovsky, Nick_2025-11-19T21:26:24",69825516c835c41957dfd24f,Undirected,1,2015
"Endicott, Phillip_2025-11-19T21:26:24",69825516c835c41957dfd24f,Undirected,1,2015
"Kassian, Alexei_2025-11-19T21:26:24",69825516c835c41957dfd24f,Undirected,1,2015
"Dybo, Anna_2025-11-19T21:26:24",69825516c835c41957dfd24f,Undirected,1,2015
"Tyler-Smith, Chris_2025-11-19T21:26:24",69825516c835c41957dfd24f,Undirected,1,2015
"Balanovska, Elena_2025-11-19T21:15:24",69825516c835c41957dfd24f,Undirected,1,2015
"Metspalu, Mait_2025-11-19T21:18:05",69825516c835c41957dfd24f,Undirected,1,2015
"Kivisild, Toomas_2025-11-19T21:15:49",69825516c835c41957dfd24f,Undirected,1,2015
"Villems, Richard_2025-11-19T21:26:09",69825516c835c41957dfd24f,Undirected,1,2015
"Balanovsky, Oleg_2025-11-19T21:26:09",69825516c835c41957dfd24f,Undirected,1,2015
Genographic Consortium_2025-11-19T21:26:24,69825516c835c41957dfd24f,Undirected,1,2015
"Wunderlich, Tina_2025-11-19T21:26:24",69825516c835c41957dfd253,Undirected,1,2015
"Wilken, Dennis_2025-11-19T21:23:12",69825516c835c41957dfd253,Undirected,1,2015
"Andersen, Jasmin_2025-11-19T21:26:24",69825516c835c41957dfd253,Undirected,1,2015
"Rabbel, Wolfgang_2025-11-19T21:23:12",69825516c835c41957dfd253,Undirected,1,2015
"Kalmring, Sven_2025-11-19T21:15:34",69825516c835c41957dfd253,Undirected,1,2015
"Byock, Jesse L._2025-11-19T21:27:57",69825516c835c41957dfd253,Undirected,1,2015
"Tolksdorf, Johann Friedrich_2025-11-19T21:21:45",69825516c835c41957dfd2c1,Undirected,1,2015
"Elburg, Rengert_2025-11-19T21:26:30",69825516c835c41957dfd2c1,Undirected,1,2015
"Schröder, Frank_2025-11-19T21:21:45",69825516c835c41957dfd2c1,Undirected,1,2015
"Knapp, Hannes_2025-11-19T21:26:30",69825516c835c41957dfd2c1,Undirected,1,2015
"Herbig, Christoph_2025-11-19T21:21:45",69825516c835c41957dfd2c1,Undirected,1,2015
"Westphal, Thorsten_2025-11-19T21:26:30",69825516c835c41957dfd2c1,Undirected,1,2015
"Schneider, Birgit_2025-11-19T21:26:30",69825516c835c41957dfd2c1,Undirected,1,2015
"Fülling, Alexander_2025-11-19T21:23:23",69825516c835c41957dfd2c1,Undirected,1,2015
"Hemker, Christiane_2025-11-19T21:21:45",69825516c835c41957dfd2c1,Undirected,1,2015
"Veselka, Barbara_2025-11-19T21:18:18",69825516c835c41957dfd2c5,Undirected,1,2015
"Hoogland, Menno L.P._2025-11-19T21:26:30",69825516c835c41957dfd2c5,Undirected,1,2015
"Waters-Rist, Andrea L_2025-11-19T21:39:32",69825516c835c41957dfd2c5,Undirected,1,2015
"Batt, Catherine M._2025-11-19T21:26:31",69825516c835c41957dfd2d5,Undirected,1,2015
"Bunbury, Magdalena M E_2025-11-19T21:16:50",69825516c835c41957dfd2d5,Undirected,1,2015
"Vésteinsson, Orri_2025-11-19T21:18:34",69825516c835c41957dfd2d5,Undirected,1,2015
"Labuhn, Inga_2025-11-19T21:26:33",69825516c835c41957dfd2ec,Undirected,1,2015
"Genty, Dominique_2025-11-19T21:26:33",69825516c835c41957dfd2ec,Undirected,1,2015
"Bourdin, Clément_2025-11-19T21:26:33",69825516c835c41957dfd2ec,Undirected,1,2015
"Blamart, Dominique_2025-11-19T21:22:18",69825516c835c41957dfd2ec,Undirected,1,2015
"Douville, Eric_2025-11-19T21:22:18",69825516c835c41957dfd2ec,Undirected,1,2015
"Ruan, Jiaoyang_2025-11-19T21:26:33",69825516c835c41957dfd2ec,Undirected,1,2015
"Cheng, Hai_2025-11-19T21:26:33",69825516c835c41957dfd2ec,Undirected,1,2015
"Edwards, R. Lawrence_2025-11-19T21:26:33",69825516c835c41957dfd2ec,Undirected,1,2015
"Pons-Branchu, Edwige_2025-11-19T21:22:18",69825516c835c41957dfd2ec,Undirected,1,2015
"Pierre, Monique_2025-11-19T21:26:33",69825516c835c41957dfd2ec,Undirected,1,2015
"Milner, George R._2025-11-19T21:17:00",69825516c835c41957dfd2f5,Undirected,1,2015
"Boldsen, Jesper L._2025-11-19T21:17:00",69825516c835c41957dfd2f5,Undirected,1,2015
"Weise, Svenja_2025-11-19T21:25:06",69825516c835c41957dfd2f5,Undirected,1,2015
"Lauritsen, J.M._2025-11-19T21:26:33",69825516c835c41957dfd2f5,Undirected,1,2015
"Freund, U.H._2025-11-19T21:26:33",69825516c835c41957dfd2f5,Undirected,1,2015
"Blockley, Simon P.E._2025-11-19T21:26:34",69825516c835c41957dfd305,Undirected,1,2015
"Edwards, Kevin J._2025-11-19T21:20:52",69825516c835c41957dfd305,Undirected,1,2015
"Schofield, J. Edward_2025-11-19T21:26:34",69825516c835c41957dfd305,Undirected,1,2015
"Pyne-O'Donnell, Sean D.F._2025-11-19T21:26:34",69825516c835c41957dfd305,Undirected,1,2015
"Jensen, Britta J.L._2025-11-19T21:26:34",69825516c835c41957dfd305,Undirected,1,2015
"Matthews, Ian P._2025-11-19T21:26:34",69825516c835c41957dfd305,Undirected,1,2015
"Cook, Gordon_2025-11-19T21:17:10",69825516c835c41957dfd305,Undirected,1,2015
"Wallace, Kristi L._2025-11-19T21:26:34",69825516c835c41957dfd305,Undirected,1,2015
"Froese, Duane_2025-11-19T21:26:34",69825516c835c41957dfd305,Undirected,1,2015
"Seim, Andrea_2025-11-19T21:16:11",69825516c835c41957dfd30c,Undirected,1,2015
"Linscott, Kristina_2025-11-19T21:26:35",69825516c835c41957dfd30c,Undirected,1,2015
"Heussner, Karl-Uwe_2025-11-19T21:21:24",69825516c835c41957dfd30c,Undirected,1,2015
"Bonde, Niels_2025-11-19T21:22:22",69825516c835c41957dfd30c,Undirected,1,2015
"Baittinger, Claudia_2025-11-19T21:22:22",69825516c835c41957dfd30c,Undirected,1,2015
"Stornes, Jan Michael_2025-11-19T21:26:35",69825516c835c41957dfd30c,Undirected,1,2015
"Bartholin, Thomas S._2025-11-19T21:26:35",69825516c835c41957dfd30c,Undirected,1,2015
"Linderholm, Hans W._2025-11-19T21:20:55",69825516c835c41957dfd30c,Undirected,1,2015
"Brown, Alex_2025-11-19T21:26:32",69825516c835c41957dfd30e,Undirected,1,2015
"BANERJEA, ROWENA_2025-11-19T21:17:25",69825516c835c41957dfd30e,Undirected,1,2015
"Wynne, Amanda Dawn_2025-11-19T21:26:35",69825516c835c41957dfd30e,Undirected,1,2015
"Stivrins, Normunds_2025-11-19T21:26:35",69825516c835c41957dfd30e,Undirected,1,2015
"Jarzebowski, Marc_2025-11-19T21:26:35",69825516c835c41957dfd30e,Undirected,1,2015
"Shillito, Lisa-Marie_2025-11-19T21:22:31",69825516c835c41957dfd30e,Undirected,1,2015
"Pluskowski, Aleksander G._2025-11-19T21:16:39",69825516c835c41957dfd30e,Undirected,1,2015
"Nord, Anders G._2025-11-19T21:17:30",69825516c835c41957dfd32d,Undirected,1,2015
"Billström, Kjell_2025-11-19T21:24:09",69825516c835c41957dfd32d,Undirected,1,2015
"Tronner, Kate_2025-11-19T21:17:30",69825516c835c41957dfd32d,Undirected,1,2015
"Olausson, Karin Björling_2025-11-19T21:17:34",69825516c835c41957dfd32d,Undirected,1,2015
"Gilanyi, Attila_2025-11-19T21:26:49",69825516c835c41957dfd404,Undirected,1,2015
"Bálint, Marianna_2025-11-19T21:18:24",69825516c835c41957dfd404,Undirected,1,2015
"Hajdu, Robert_2025-11-19T21:26:49",69825516c835c41957dfd404,Undirected,1,2015
"Tarsoly, Sandor_2025-11-19T21:26:49",69825516c835c41957dfd404,Undirected,1,2015
"Erdos, Imre_2025-11-19T21:26:49",69825516c835c41957dfd404,Undirected,1,2015
"Gilanyi, Attila_2025-11-19T21:26:49",69825516c835c41957dfd405,Undirected,1,2015
"Bálint, Marianna_2025-11-19T21:18:24",69825516c835c41957dfd405,Undirected,1,2015
"Hajdu, Robert_2025-11-19T21:26:49",69825516c835c41957dfd405,Undirected,1,2015
"Tarsoly, Sandor_2025-11-19T21:26:49",69825516c835c41957dfd405,Undirected,1,2015
"Erdos, Imre_2025-11-19T21:26:49",69825516c835c41957dfd405,Undirected,1,2015
"Hedman, Sven-Donald_2025-11-19T21:42:13",69825516c835c41957dfdcf6,Undirected,1,2015
"Olsen, Bjørnar_2025-11-19T21:27:22",69825516c835c41957dfdcf6,Undirected,1,2015
"Vretemark, Maria_2025-11-19T21:27:39",69825516c835c41957dfdcf6,Undirected,1,2015
"Broome, Richard_2025-11-19T21:21:15",69825516c835c41957dfe1ed,Undirected,1,2015
"Gantner, Clemens_2025-11-19T21:23:00",69825516c835c41957dfe1ed,Undirected,1,2015
"McKitterick, Rosamond_2025-11-19T21:15:31",69825516c835c41957dfe1ed,Undirected,1,2015
"Meeder, Sven_2025-11-19T21:29:58",69825516c835c41957dfe1ed,Undirected,1,2015
"Flierman, Robert_2025-11-19T21:16:21",69825516c835c41957dfe200,Undirected,1,2015
"Gantner, Clemens_2025-11-19T21:23:00",69825516c835c41957dfe200,Undirected,1,2015
"McKitterick, Rosamond_2025-11-19T21:15:31",69825516c835c41957dfe200,Undirected,1,2015
"Meeder, Sven_2025-11-19T21:29:58",69825516c835c41957dfe200,Undirected,1,2015
"Lauwerier, Roel_2025-11-19T21:17:25",69825516c835c41957dfe2a7,Undirected,1,2015
"De Kort, Jan Willem_2025-11-19T21:17:25",69825516c835c41957dfe2a7,Undirected,1,2015
"Altena, Eveline_2025-11-19T21:30:06",69825516c835c41957dfe2a7,Undirected,1,2015
"Kootker, Lisette M._2025-11-19T21:45:49",69825516c835c41957dfe2a7,Undirected,1,2015
"Panhuysen, Raphaël_2025-11-19T21:30:06",69825516c835c41957dfe2a7,Undirected,1,2015
"van der Jagt, Inge_2025-11-19T21:30:06",69825516c835c41957dfe2a7,Undirected,1,2015
"Woodbridge, Jessie_2025-11-19T21:32:14",69825516c835c41957dfe7cb,Undirected,1,2015
"Roberts, C Neil_2025-11-19T21:33:53",69825516c835c41957dfe7cb,Undirected,1,2015
"Fyfe, R. M._2025-11-19T21:17:35",69825516c835c41957dfe7cb,Undirected,1,2015
"Miladinović-Radmilović, Nataša_2025-11-19T21:15:52",69825516c835c41957dfee68,Undirected,1,2015
"Vulović, Dragana_2025-11-19T21:15:52",69825516c835c41957dfee68,Undirected,1,2015
"Niemi, Marianna_2025-11-19T21:21:14",69825516c835c41957dfef52,Undirected,1,2015
"Bläuer, Auli_2025-11-19T21:21:14",69825516c835c41957dfef52,Undirected,1,2015
"Iso-Touru, Terhi_2025-11-19T21:21:14",69825516c835c41957dfef52,Undirected,1,2015
"Harjula, Janne_2025-11-19T21:21:14",69825516c835c41957dfef52,Undirected,1,2015
"Nyström, Veronica_2025-11-19T21:21:14",69825516c835c41957dfef52,Undirected,1,2015
"Rannamäe, Eve_2025-11-19T21:32:23",69825516c835c41957dfef52,Undirected,1,2015
"Lõugas, Lembi_2025-11-19T21:18:30",69825516c835c41957dfef52,Undirected,1,2015
"Sajantila, Antti_2025-11-19T21:34:29",69825516c835c41957dfef52,Undirected,1,2015
"Lidén, Kerstin_2025-11-19T21:21:14",69825516c835c41957dfef52,Undirected,1,2015
"Taavitsainen, Jussi-Pekka_2025-11-19T21:21:14",69825516c835c41957dfef52,Undirected,1,2015
"Yao, Yong-Gang_2025-11-19T21:34:29",69825516c835c41957dfef52,Undirected,1,2015
"Boldsen, Jesper L._2025-11-19T21:17:00",69825516c835c41957dfef56,Undirected,1,2015
"Milner, George R._2025-11-19T21:17:00",69825516c835c41957dfef56,Undirected,1,2015
"Weise, Svenja_2025-11-19T21:25:06",69825516c835c41957dfef56,Undirected,1,2015
"Ashby, Steven P._2025-11-19T21:24:59",69825516c835c41957dff2ba,Undirected,1,2015
"Coutu, Ashley N._2025-11-19T21:17:26",69825516c835c41957dff2ba,Undirected,1,2015
"Sindbaek, Søren Michael_2025-11-19T21:23:40",69825516c835c41957dff2ba,Undirected,1,2015
"Sawicki, Zbigniew_2025-11-19T21:22:31",69825516c835c41957dff3ce,Undirected,1,2015
"Pluskowski, Aleksander G._2025-11-19T21:16:39",69825516c835c41957dff3ce,Undirected,1,2015
"Brown, Alexander_2025-11-19T21:22:31",69825516c835c41957dff3ce,Undirected,1,2015
"Badura, Monika_2025-11-19T21:17:59",69825516c835c41957dff3ce,Undirected,1,2015
"Makowiecki, Daniel_2025-11-19T21:17:59",69825516c835c41957dff3ce,Undirected,1,2015
"Shillito, Lisa-Marie_2025-11-19T21:22:31",69825516c835c41957dff3ce,Undirected,1,2015
"Zabilska-Kunek, Miroslawa_2025-11-19T21:22:31",69825516c835c41957dff3ce,Undirected,1,2015
"SEETAH, KRISH_2025-11-19T21:17:25",69825516c835c41957dff3ce,Undirected,1,2015
"Buylaert, Frederik_2025-11-19T21:25:10",69825517c835c41957dff437,Undirected,1,2015
"RAMANDT, ANDY_2025-11-19T21:36:20",69825517c835c41957dff437,Undirected,1,2015
"Sitdikov, Ayrat G._2025-11-19T21:20:37",69825517c835c41957dff86a,Undirected,1,2015
Shakirov Zufar G._2025-11-19T21:29:07,69825517c835c41957dff86a,Undirected,1,2015
Karimov Ildar R._2025-11-19T21:29:11,69825517c835c41957dff86a,Undirected,1,2015
"Ludwig, Arne_2025-11-19T21:27:59",69825517c835c41957dff931,Undirected,1,2015
"Reissmann, Monika_2025-11-19T21:27:59",69825517c835c41957dff931,Undirected,1,2015
"Benecke, Norbert_2025-11-19T21:18:18",69825517c835c41957dff931,Undirected,1,2015
"Bellone, Rebecca_2025-11-19T21:38:00",69825517c835c41957dff931,Undirected,1,2015
"Sandoval-Castellanos, Edson_2025-11-19T21:16:49",69825517c835c41957dff931,Undirected,1,2015
"Cieslak, Michael_2025-11-19T21:38:00",69825517c835c41957dff931,Undirected,1,2015
"Fortes, Gloria G._2025-11-19T21:38:00",69825517c835c41957dff931,Undirected,1,2015
"Morales-Muniz, Arturo_2025-11-19T21:27:59",69825517c835c41957dff931,Undirected,1,2015
"Hofreiter, Michael_2025-11-19T21:27:59",69825517c835c41957dff931,Undirected,1,2015
"Pruvost, Mélanie_2025-11-19T21:18:49",69825517c835c41957dff931,Undirected,1,2015
"Bitenc, Polona_2025-11-19T21:22:09",69825517c835c41957e007be,Undirected,1,2015
"Knific, Timotej_2025-11-19T21:15:42",69825517c835c41957e007be,Undirected,1,2015
"Maver, Andreja_2025-11-19T21:21:28",69825517c835c41957e007be,Undirected,1,2015
"Pleterski, Andrej_2025-11-19T21:21:28",69825517c835c41957e007bf,Undirected,1,2015
"Maver, Andreja_2025-11-19T21:21:28",69825517c835c41957e007bf,Undirected,1,2015
"Porenta, Sašo._2025-11-19T21:43:06",69825517c835c41957e007c0,Undirected,1,2015
"Štular, Benjamin_2025-11-19T21:21:28",69825517c835c41957e007c0,Undirected,1,2015
"Toškan, Borut_2025-11-19T21:23:54",69825517c835c41957e007c0,Undirected,1,2015
"Mileusnić, Zrinka_2025-11-19T21:43:06",69825517c835c41957e007c0,Undirected,1,2015
"Dirjec, Janez_2025-11-19T21:23:54",69825517c835c41957e007c0,Undirected,1,2015
"Stone, Sunčan Patrick_2025-11-19T21:23:02",69825517c835c41957e007c0,Undirected,1,2015
"Frei, Karin Margarita_2025-11-19T21:22:09",69825517c835c41957e01349,Undirected,1,2015
"Coutu, Ashley N._2025-11-19T21:17:26",69825517c835c41957e01349,Undirected,1,2015
"Smiarowski, Konrad_2025-11-19T21:17:26",69825517c835c41957e01349,Undirected,1,2015
"Harrison, Ramona_2025-11-19T21:17:26",69825517c835c41957e01349,Undirected,1,2015
"Madsen, Christian K._2025-11-19T21:17:26",69825517c835c41957e01349,Undirected,1,2015
"Arneborg, Jette_2025-11-19T21:17:26",69825517c835c41957e01349,Undirected,1,2015
"Frei, Robert_2025-11-19T21:17:26",69825517c835c41957e01349,Undirected,1,2015
"Guðmundsson, Gardar_2025-11-19T21:17:26",69825517c835c41957e01349,Undirected,1,2015
"Sindbaek, Søren Michael_2025-11-19T21:23:40",69825517c835c41957e01349,Undirected,1,2015
"Woollett, James_2025-11-19T21:17:26",69825517c835c41957e01349,Undirected,1,2015
"Hartman, Steven_2025-11-19T21:17:26",69825517c835c41957e01349,Undirected,1,2015
"Hicks, Megan_2025-11-19T21:17:26",69825517c835c41957e01349,Undirected,1,2015
"McGovern, Thomas H._2025-11-19T21:17:26",69825517c835c41957e01349,Undirected,1,2015
"Davis, Lisa Fagin_2025-11-19T21:16:59",69825517c835c41957e01740,Undirected,1,2015
"Spence, Sarah_2025-11-19T21:25:00",69825517c835c41957e01740,Undirected,1,2015
"Lyman, Eugene W._2025-11-19T21:49:28",69825517c835c41957e01740,Undirected,1,2015
"Partner, Nancy F._2025-11-19T21:24:58",69825517c835c41957e01740,Undirected,1,2015
"Bjork, Robert E._2025-11-19T21:24:21",69825517c835c41957e01740,Undirected,1,2015
"Carr, Annemarie Weyl_2025-11-19T21:50:42",69825517c835c41957e01740,Undirected,1,2015
"Smith, Kathryn Ann_2025-11-19T21:49:28",69825517c835c41957e01740,Undirected,1,2015
"Lillich, Meredith_2025-11-19T21:50:42",69825517c835c41957e01740,Undirected,1,2015
"Shailor, Barbara A._2025-11-19T21:24:21",69825517c835c41957e01740,Undirected,1,2015
"Kruger, Steven F._2025-11-19T21:41:46",69825517c835c41957e01740,Undirected,1,2015
"Hult, David F._2025-11-19T21:50:42",69825517c835c41957e01740,Undirected,1,2015
"Machan, Tim William_2025-11-19T21:17:39",69825517c835c41957e01740,Undirected,1,2015
"Kinney, Dale_2025-11-19T21:16:17",69825517c835c41957e01740,Undirected,1,2015
"Murray, James M._2025-11-19T21:39:48",69825517c835c41957e01740,Undirected,1,2015
"Toscano, Fabrizio_2025-11-19T21:17:14",69825516c835c41957dfa352,Undirected,1,2016
"Spani, Giovanni_2025-11-19T21:17:14",69825516c835c41957dfa352,Undirected,1,2016
"Papio, Michael_2025-11-19T21:17:14",69825516c835c41957dfa352,Undirected,1,2016
"Rühli, Frank J._2025-11-19T21:16:09",69825516c835c41957dfa352,Undirected,1,2016
"Galassi, Francesco M_2025-11-19T21:17:14",69825516c835c41957dfa352,Undirected,1,2016
"De Kort, Jan Willem_2025-11-19T21:17:25",69825516c835c41957dfa469,Undirected,1,2016
"Lauwerier, Roel_2025-11-19T21:17:25",69825516c835c41957dfa469,Undirected,1,2016
"Van Os, Bertil_2025-11-19T21:17:25",69825516c835c41957dfa469,Undirected,1,2016
"Van Rooijen, Cees_2025-11-19T21:17:25",69825516c835c41957dfa469,Undirected,1,2016
"Scull, Christopher_2025-11-19T21:17:29",69825516c835c41957dfa4d5,Undirected,1,2016
"Naylor, John_2025-11-19T21:15:51",69825516c835c41957dfa4d5,Undirected,1,2016
"Nikulina, Elena A._2025-11-19T21:17:37",69825516c835c41957dfa586,Undirected,1,2016
"Schmölcke, Ulrich_2025-11-19T21:15:30",69825516c835c41957dfa586,Undirected,1,2016
"Galand, Lionel_2025-11-19T21:18:09",69825516c835c41957dfa89e,Undirected,1,2016
"Ghaki, Mansour_2025-11-19T21:18:09",69825516c835c41957dfa89e,Undirected,1,2016
"Boukous, Ahmed_2025-11-19T21:18:09",69825516c835c41957dfa89e,Undirected,1,2016
"Pollard, Edward_2025-11-19T21:17:17",69825516c835c41957dfa960,Undirected,1,2016
"Gibson, Julie_2025-11-19T21:18:18",69825516c835c41957dfa960,Undirected,1,2016
"Littlewood, Mark_2025-11-19T21:18:18",69825516c835c41957dfa960,Undirected,1,2016
"Cartier-Mamie, Émilie_2025-11-19T21:18:50",69825516c835c41957dfac69,Undirected,1,2016
"Putelat, Olivier_2025-11-19T21:18:50",69825516c835c41957dfac69,Undirected,1,2016
"Moyat, Philippe_2025-11-19T21:18:51",69825516c835c41957dfac91,Undirected,1,2016
"Dumont, Annie_2025-11-19T21:18:51",69825516c835c41957dfac91,Undirected,1,2016
"MariottI, Jean-François_2025-11-19T21:18:51",69825516c835c41957dfac91,Undirected,1,2016
"Wiethold, Julian_2025-11-19T21:18:51",69825516c835c41957dfac91,Undirected,1,2016
"Wawrzyniak, Mathieu_2025-11-19T21:19:05",69825516c835c41957dfadfc,Undirected,1,2016
"Larratte, Maxime_2025-11-19T21:19:05",69825516c835c41957dfadfc,Undirected,1,2016
"Bolo, Nathalie_2025-11-19T21:19:05",69825516c835c41957dfadfc,Undirected,1,2016
"Carré, Florence_2025-11-19T21:19:05",69825516c835c41957dfadfc,Undirected,1,2016
"Kühnisch, Jan_2025-11-19T21:20:51",69825516c835c41957dfb784,Undirected,1,2016
"Lauenstein, Anne_2025-11-19T21:20:51",69825516c835c41957dfb784,Undirected,1,2016
"Pitchika, Vinay_2025-11-19T21:20:51",69825516c835c41957dfb784,Undirected,1,2016
"McGlynn, George_2025-11-19T21:20:51",69825516c835c41957dfb784,Undirected,1,2016
"Staskiewicz, Anja_2025-11-19T21:20:51",69825516c835c41957dfb784,Undirected,1,2016
"Hickel, Reinhard_2025-11-19T21:20:51",69825516c835c41957dfb784,Undirected,1,2016
"Grupe, Gisela_2025-11-19T21:20:51",69825516c835c41957dfb784,Undirected,1,2016
"Olsen, Karyn C._2025-11-19T21:21:44",69825516c835c41957dfbb3a,Undirected,1,2016
"White, Christine D._2025-11-19T21:21:44",69825516c835c41957dfbb3a,Undirected,1,2016
"Longstaffe, Fred J._2025-11-19T21:21:44",69825516c835c41957dfbb3a,Undirected,1,2016
"Rühli, Frank J._2025-11-19T21:16:09",69825516c835c41957dfbb3a,Undirected,1,2016
"Warinner, Christina_2025-11-19T21:21:16",69825516c835c41957dfbb3a,Undirected,1,2016
"Salazar-García, Domingo C._2025-11-19T21:21:44",69825516c835c41957dfbb3a,Undirected,1,2016
"Hemker, Christiane_2025-11-19T21:21:45",69825516c835c41957dfbd2b,Undirected,1,2016
"Schröder, Frank_2025-11-19T21:21:45",69825516c835c41957dfbd2b,Undirected,1,2016
"Hönig, Heide_2025-11-19T21:22:06",69825516c835c41957dfbd2b,Undirected,1,2016
"Wicke, Jörg_2025-11-19T21:22:07",69825516c835c41957dfbd2c,Undirected,1,2016
"Krabath, Stefan_2025-11-19T21:22:07",69825516c835c41957dfbd2c,Undirected,1,2016
"Tolksdorf, Johann Friedrich_2025-11-19T21:21:45",69825516c835c41957dfbd2d,Undirected,1,2016
"Schröder, Frank_2025-11-19T21:21:45",69825516c835c41957dfbd2d,Undirected,1,2016
"Bugarski, Ivan_2025-11-19T21:22:39",69825516c835c41957dfc11b,Undirected,1,2016
"Radišić, Milica_2025-11-19T21:22:50",69825516c835c41957dfc11b,Undirected,1,2016
"Mainland, Ingrid_2025-11-19T21:16:49",69825516c835c41957dfd343,Undirected,1,2016
"Ewens, Vicki_2025-11-19T21:26:38",69825516c835c41957dfd343,Undirected,1,2016
"Davis, Geoffrey_2025-11-19T21:26:38",69825516c835c41957dfd343,Undirected,1,2016
"Montgomery, Janet A._2025-11-19T21:28:49",69825516c835c41957dfd343,Undirected,1,2016
"Batey, Colleen E._2025-11-19T21:47:53",69825516c835c41957dfd343,Undirected,1,2016
"Card, Nick_2025-11-19T21:16:49",69825516c835c41957dfd343,Undirected,1,2016
"Downes, Jane_2025-11-19T21:26:38",69825516c835c41957dfd343,Undirected,1,2016
"Edvardsson, Johannes_2025-11-19T21:26:39",69825516c835c41957dfd34a,Undirected,1,2016
"Corona, Christophe_2025-11-19T21:18:20",69825516c835c41957dfd34a,Undirected,1,2016
"Mažeika, Jonas_2025-11-19T21:24:38",69825516c835c41957dfd34a,Undirected,1,2016
"Pukienė, Rutile_2025-11-19T21:26:39",69825516c835c41957dfd34a,Undirected,1,2016
"Sha, Longbin_2025-11-19T21:26:39",69825516c835c41957dfd34b,Undirected,1,2016
"Jiang, Hui_2025-11-19T21:26:33",69825516c835c41957dfd34b,Undirected,1,2016
"Seidenkrantz, M. -S._2025-11-19T21:18:38",69825516c835c41957dfd34b,Undirected,1,2016
"Zhang, Xu_2025-11-19T21:26:39",69825516c835c41957dfd34b,Undirected,1,2016
"Knudsen, Mads Faurschou_2025-11-19T21:26:39",69825516c835c41957dfd34b,Undirected,1,2016
"Olsen, Jesper_2025-11-19T21:20:54",69825516c835c41957dfd34b,Undirected,1,2016
"Knudsen, Karen Luise_2025-11-19T21:26:00",69825516c835c41957dfd34b,Undirected,1,2016
"Zhang, Weiguo_2025-11-19T21:26:39",69825516c835c41957dfd34b,Undirected,1,2016
"Vanniere, Boris_2025-11-19T21:33:53",69825516c835c41957dfd34c,Undirected,1,2016
"Blarquez, Olivier_2025-11-19T21:32:00",69825516c835c41957dfd34c,Undirected,1,2016
"Rius, D._2025-11-19T21:26:39",69825516c835c41957dfd34c,Undirected,1,2016
"Doyen, E._2025-11-19T21:26:39",69825516c835c41957dfd34c,Undirected,1,2016
"Brücher, T._2025-11-19T21:26:39",69825516c835c41957dfd34c,Undirected,1,2016
"Colombaroli, D._2025-11-19T21:26:39",69825516c835c41957dfd34c,Undirected,1,2016
"Connor, S._2025-11-19T21:26:39",69825516c835c41957dfd34c,Undirected,1,2016
"Feurdean, A._2025-11-19T21:26:39",69825516c835c41957dfd34c,Undirected,1,2016
"Hickler, T._2025-11-19T21:26:39",69825516c835c41957dfd34c,Undirected,1,2016
"Lemmen, C._2025-11-19T21:26:39",69825516c835c41957dfd34c,Undirected,1,2016
"Leys, B._2025-11-19T21:26:39",69825516c835c41957dfd34c,Undirected,1,2016
"Massa, C._2025-11-19T21:26:39",69825516c835c41957dfd34c,Undirected,1,2016
"Olofsson, J._2025-11-19T21:26:39",69825516c835c41957dfd34c,Undirected,1,2016
"Moros, Matthias_2025-11-19T21:21:00",69825516c835c41957dfd34d,Undirected,1,2016
"Lloyd, Jeremy M._2025-11-19T21:26:39",69825516c835c41957dfd34d,Undirected,1,2016
"Perner, Kerstin_2025-11-19T21:26:39",69825516c835c41957dfd34d,Undirected,1,2016
"Krawczyk, Diana W._2025-11-19T21:24:40",69825516c835c41957dfd34d,Undirected,1,2016
"Blanz, Thomas_2025-11-19T21:26:39",69825516c835c41957dfd34d,Undirected,1,2016
"de Vernal, Anne_2025-11-19T21:26:00",69825516c835c41957dfd34d,Undirected,1,2016
"Ouellet-Bernier, Marie-Michèle_2025-11-19T21:26:00",69825516c835c41957dfd34d,Undirected,1,2016
"Kuijpers, Antoon_2025-11-19T21:21:00",69825516c835c41957dfd34d,Undirected,1,2016
"Jennings, Anne E._2025-11-19T21:26:39",69825516c835c41957dfd34d,Undirected,1,2016
"Witkowski, Andrzej_2025-11-19T21:21:00",69825516c835c41957dfd34d,Undirected,1,2016
"Pohl, Walter_2025-11-19T21:15:24",69825516c835c41957dfd3ed,Undirected,1,2016
"Dörler, Philipp_2025-11-19T21:26:47",69825516c835c41957dfd3ed,Undirected,1,2016
"Wilson, Rob_2025-11-19T21:26:48",69825516c835c41957dfd3f6,Undirected,1,2016
"Briffa, Keith R._2025-11-19T21:26:48",69825516c835c41957dfd3f6,Undirected,1,2016
"Büntgen, Ulf_2025-11-19T21:15:51",69825516c835c41957dfd3f6,Undirected,1,2016
"Cook, Edward_2025-11-19T21:26:48",69825516c835c41957dfd3f6,Undirected,1,2016
"Davi, Nicole_2025-11-19T21:22:42",69825516c835c41957dfd3f6,Undirected,1,2016
"Esper, Jan_2025-11-19T21:15:51",69825516c835c41957dfd3f6,Undirected,1,2016
"Frank, Dave_2025-11-19T21:26:48",69825516c835c41957dfd3f6,Undirected,1,2016
"Gunnarson, Björn E_2025-11-19T21:47:34",69825516c835c41957dfd3f6,Undirected,1,2016
"Hegerl, Gabi_2025-11-19T21:26:48",69825516c835c41957dfd3f6,Undirected,1,2016
"Helama, Samuli_2025-11-19T21:20:40",69825516c835c41957dfd3f6,Undirected,1,2016
"Klesse, Stefan_2025-11-19T21:26:48",69825516c835c41957dfd3f6,Undirected,1,2016
"Krusic, Paul J._2025-11-19T21:15:51",69825516c835c41957dfd3f6,Undirected,1,2016
"Linderholm, Hans W._2025-11-19T21:20:55",69825516c835c41957dfd3f6,Undirected,1,2016
"Myglan, Vladimir S._2025-11-19T21:22:42",69825516c835c41957dfd3f6,Undirected,1,2016
"Osborn, Timothy J._2025-11-19T21:26:48",69825516c835c41957dfd3f6,Undirected,1,2016
"Rydval, Miloš_2025-11-19T21:26:48",69825516c835c41957dfd3f6,Undirected,1,2016
"Schurer, Andrew_2025-11-19T21:26:48",69825516c835c41957dfd3f6,Undirected,1,2016
"Wiles, Greg_2025-11-19T21:22:42",69825516c835c41957dfd3f6,Undirected,1,2016
"Zhang, Peng_2025-11-19T21:25:49",69825516c835c41957dfd3f6,Undirected,1,2016
"Zorita, Eduardo_2025-11-19T21:26:48",69825516c835c41957dfd3f6,Undirected,1,2016
"Knipper, Corina_2025-11-19T21:16:50",69825516c835c41957dfd3f8,Undirected,1,2016
"Fragata, Matthias_2025-11-19T21:26:48",69825516c835c41957dfd3f8,Undirected,1,2016
"Nicklisch, Nicole_2025-11-19T21:25:56",69825516c835c41957dfd3f8,Undirected,1,2016
"Siebert, Angelina_2025-11-19T21:26:48",69825516c835c41957dfd3f8,Undirected,1,2016
"Szécsényi-Nagy, Anna_2025-11-19T21:16:50",69825516c835c41957dfd3f8,Undirected,1,2016
"Hubensack, Vera_2025-11-19T21:26:48",69825516c835c41957dfd3f8,Undirected,1,2016
"Metzner-Nebelsick, Carola_2025-11-19T21:26:48",69825516c835c41957dfd3f8,Undirected,1,2016
"Meller, Harald_2025-11-19T21:26:48",69825516c835c41957dfd3f8,Undirected,1,2016
"Alt, Kurt W._2025-11-19T21:26:48",69825516c835c41957dfd3f8,Undirected,1,2016
"Gleize, Yves_2025-11-19T21:26:48",69825516c835c41957dfd3fb,Undirected,1,2016
"Mendisco, Fanny_2025-11-19T21:26:48",69825516c835c41957dfd3fb,Undirected,1,2016
"Pemonge, Marie-Hélène_2025-11-19T21:26:48",69825516c835c41957dfd3fb,Undirected,1,2016
"Hubert, Christophe_2025-11-19T21:26:48",69825516c835c41957dfd3fb,Undirected,1,2016
"Groppi, Alexis_2025-11-19T21:26:48",69825516c835c41957dfd3fb,Undirected,1,2016
"Houix, Bertrand_2025-11-19T21:26:48",69825516c835c41957dfd3fb,Undirected,1,2016
"Deguilloux, Marie-France_2025-11-19T21:18:49",69825516c835c41957dfd3fb,Undirected,1,2016
"Breuil, Jean-Yves_2025-11-19T21:26:48",69825516c835c41957dfd3fb,Undirected,1,2016
"Weiberg, Erika_2025-11-19T21:26:48",69825516c835c41957dfd401,Undirected,1,2016
"Unkel, Ingmar_2025-11-19T21:22:56",69825516c835c41957dfd401,Undirected,1,2016
"Kouli, Katerina_2025-11-19T21:26:48",69825516c835c41957dfd401,Undirected,1,2016
"Izdebski, Adam_2025-11-19T21:18:32",69825516c835c41957dfd401,Undirected,1,2016
"Katrantsiotis, Christos_2025-11-19T21:18:06",69825516c835c41957dfd401,Undirected,1,2016
"Andwinge, Maria_2025-11-19T21:26:48",69825516c835c41957dfd401,Undirected,1,2016
"Baika, Kalliopi_2025-11-19T21:26:48",69825516c835c41957dfd401,Undirected,1,2016
"Boyd, Meighan_2025-11-19T21:26:48",69825516c835c41957dfd401,Undirected,1,2016
"Heymann, Christian_2025-11-19T21:26:48",69825516c835c41957dfd401,Undirected,1,2016
"Göhring, Andrea_2025-11-19T21:27:37",69825516c835c41957dfd71c,Undirected,1,2016
"Mauder, Markus_2025-11-19T21:27:37",69825516c835c41957dfd71c,Undirected,1,2016
"Kröger, Peer_2025-11-19T21:27:37",69825516c835c41957dfd71c,Undirected,1,2016
"Grupe, Gisela_2025-11-19T21:20:51",69825516c835c41957dfd71c,Undirected,1,2016
"Ruas, Marie-Pierre_2025-11-19T21:18:48",69825516c835c41957dfd7c9,Undirected,1,2016
"Ros, Jérôme_2025-11-19T21:17:54",69825516c835c41957dfd7c9,Undirected,1,2016
"Terral, Jean-Frédéric_2025-11-19T21:27:46",69825516c835c41957dfd7c9,Undirected,1,2016
"Ivorra, Sarah_2025-11-19T21:27:46",69825516c835c41957dfd7c9,Undirected,1,2016
"Andrianarinosy, Hélène_2025-11-19T21:27:46",69825516c835c41957dfd7c9,Undirected,1,2016
"Ettahiri, Ahmed S._2025-11-19T21:20:52",69825516c835c41957dfd7c9,Undirected,1,2016
"Fili, Abdallah_2025-11-19T21:20:52",69825516c835c41957dfd7c9,Undirected,1,2016
"Van Staëvel, Jean-Pierre_2025-11-19T21:20:52",69825516c835c41957dfd7c9,Undirected,1,2016
"Viberg, Andreas_2025-11-19T21:15:49",69825516c835c41957dfd82c,Undirected,1,2016
"Schultzén, Joakim_2025-11-19T21:26:33",69825516c835c41957dfd82c,Undirected,1,2016
"Wikström, Anders_2025-11-19T21:22:14",69825516c835c41957dfd82c,Undirected,1,2016
"Grimstead, Deanna N._2025-11-19T21:27:58",69825516c835c41957dfd887,Undirected,1,2016
"Quade, Jay_2025-11-19T21:27:58",69825516c835c41957dfd887,Undirected,1,2016
"Stiner, Mary C._2025-11-19T21:16:49",69825516c835c41957dfd887,Undirected,1,2016
"Kozieł, S_2025-11-19T21:27:59",69825516c835c41957dfd890,Undirected,1,2016
"Pawlyta, J_2025-11-19T21:27:59",69825516c835c41957dfd890,Undirected,1,2016
"Szostek, Krzysztof_2025-11-19T21:15:48",69825516c835c41957dfd890,Undirected,1,2016
"Wutke, Saskia_2025-11-19T21:27:59",69825516c835c41957dfd892,Undirected,1,2016
"Andersson, Leif_2025-11-19T21:27:59",69825516c835c41957dfd892,Undirected,1,2016
"Benecke, Norbert_2025-11-19T21:18:18",69825516c835c41957dfd892,Undirected,1,2016
"Sandoval-Castellanos, Edson_2025-11-19T21:16:49",69825516c835c41957dfd892,Undirected,1,2016
"Gonzalez, Javier_2025-11-19T21:27:59",69825516c835c41957dfd892,Undirected,1,2016
"Hallsson, Jón Hallsteinn_2025-11-19T21:27:59",69825516c835c41957dfd892,Undirected,1,2016
"Lõugas, Lembi_2025-11-19T21:18:30",69825516c835c41957dfd892,Undirected,1,2016
"Magnell, Ola_2025-11-19T21:15:30",69825516c835c41957dfd892,Undirected,1,2016
"Morales-Muniz, Arturo_2025-11-19T21:27:59",69825516c835c41957dfd892,Undirected,1,2016
"Orlando, Ludovic_2025-11-19T21:16:40",69825516c835c41957dfd892,Undirected,1,2016
"Pálsdóttir, Albína Hulda_2025-11-19T21:27:59",69825516c835c41957dfd892,Undirected,1,2016
"Reissmann, Monika_2025-11-19T21:27:59",69825516c835c41957dfd892,Undirected,1,2016
"Muñoz-Rodríguez, Mariana B._2025-11-19T21:27:59",69825516c835c41957dfd892,Undirected,1,2016
"Ruttkay, Matej_2025-11-19T21:27:59",69825516c835c41957dfd892,Undirected,1,2016
"Trinks, Alexandra_2025-11-19T21:27:59",69825516c835c41957dfd892,Undirected,1,2016
"Hofreiter, Michael_2025-11-19T21:27:59",69825516c835c41957dfd892,Undirected,1,2016
"Ludwig, Arne_2025-11-19T21:27:59",69825516c835c41957dfd892,Undirected,1,2016
"Csákyová, V_2025-11-19T21:28:03",69825516c835c41957dfd8b5,Undirected,1,2016
"Mende, Balázs Gusztáv_2025-11-19T21:15:24",69825516c835c41957dfd8b5,Undirected,1,2016
"Csősz, Aranka_2025-11-19T21:28:08",69825516c835c41957dfd8b5,Undirected,1,2016
"Fusek, G_2025-11-19T21:28:03",69825516c835c41957dfd8b5,Undirected,1,2016
"Makovický, P_2025-11-19T21:28:03",69825516c835c41957dfd8b5,Undirected,1,2016
"Bauer, Michael_2025-11-19T21:20:47",69825516c835c41957dfd8b5,Undirected,1,2016
"Bauerová, M_2025-11-19T21:28:03",69825516c835c41957dfd8b5,Undirected,1,2016
"Cooper, Christine_2025-11-19T21:26:48",69825516c835c41957dfd8dc,Undirected,1,2016
"Fellner, Robert_2025-11-19T21:26:48",69825516c835c41957dfd8dc,Undirected,1,2016
"Heubi, Olivier_2025-11-19T21:26:48",69825516c835c41957dfd8dc,Undirected,1,2016
"Maixner, Frank_2025-11-19T21:15:36",69825516c835c41957dfd8dc,Undirected,1,2016
"Zink, Albert_2025-11-19T21:15:36",69825516c835c41957dfd8dc,Undirected,1,2016
"Lösch, Sandra_2025-11-19T21:15:36",69825516c835c41957dfd8dc,Undirected,1,2016
"Csősz, Aranka_2025-11-19T21:28:08",69825516c835c41957dfd8e7,Undirected,1,2016
"Szécsényi-Nagy, Anna_2025-11-19T21:16:50",69825516c835c41957dfd8e7,Undirected,1,2016
"Csáky, Veronika_2025-11-19T21:17:38",69825516c835c41957dfd8e7,Undirected,1,2016
"Langó, Péter_2025-11-19T21:17:38",69825516c835c41957dfd8e7,Undirected,1,2016
"Bódis, Viktória_2025-11-19T21:28:08",69825516c835c41957dfd8e7,Undirected,1,2016
"Köhler, Kitti_2025-11-19T21:28:08",69825516c835c41957dfd8e7,Undirected,1,2016
"Tömöry, Gyöngyvér_2025-11-19T21:28:08",69825516c835c41957dfd8e7,Undirected,1,2016
"Nagy, Melinda_2025-11-19T21:28:08",69825516c835c41957dfd8e7,Undirected,1,2016
"Mende, Balázs Gusztáv_2025-11-19T21:15:24",69825516c835c41957dfd8e7,Undirected,1,2016
"Sayle, Kerry L._2025-11-19T21:28:11",69825516c835c41957dfd8f2,Undirected,1,2016
"Hamilton, W. Derek_2025-11-19T21:28:11",69825516c835c41957dfd8f2,Undirected,1,2016
"Gestsdóttir, Hildur_2025-11-19T21:15:34",69825516c835c41957dfd8f2,Undirected,1,2016
"Cook, Gordon_2025-11-19T21:17:10",69825516c835c41957dfd8f2,Undirected,1,2016
"Baldoni, Marica_2025-11-19T21:28:21",69825516c835c41957dfd961,Undirected,1,2016
"Nardi, Alessandra_2025-11-19T21:28:21",69825516c835c41957dfd961,Undirected,1,2016
"Müldner, Gundula_2025-11-19T21:17:10",69825516c835c41957dfd961,Undirected,1,2016
"Lelli, Roberta_2025-11-19T21:28:21",69825516c835c41957dfd961,Undirected,1,2016
"Gnes, Micaela_2025-11-19T21:28:21",69825516c835c41957dfd961,Undirected,1,2016
"Ferraresi, Francesca_2025-11-19T21:28:21",69825516c835c41957dfd961,Undirected,1,2016
"Meloni, Valentina_2025-11-19T21:28:21",69825516c835c41957dfd961,Undirected,1,2016
"Greco, Simone_2025-11-19T21:28:21",69825516c835c41957dfd961,Undirected,1,2016
"Manenti, Guglielmo_2025-11-19T21:28:21",69825516c835c41957dfd961,Undirected,1,2016
"Angle, Micaela_2025-11-19T21:28:21",69825516c835c41957dfd961,Undirected,1,2016
"Baumbach, Manuel_2025-11-19T21:28:34",69825516c835c41957dfda45,Undirected,1,2016
"Pluta, Olaf_2025-11-19T21:24:07",69825516c835c41957dfda45,Undirected,1,2016
"Winkler, Norbert_2025-11-19T21:28:34",69825516c835c41957dfda45,Undirected,1,2016
"Refrégier, Guislaine_2025-11-19T21:28:37",69825516c835c41957dfda6e,Undirected,1,2016
"Abadia, Edgar_2025-11-19T21:28:37",69825516c835c41957dfda6e,Undirected,1,2016
"Matsumoto, Tomoshige_2025-11-19T21:28:37",69825516c835c41957dfda6e,Undirected,1,2016
"Ano, Hiromi_2025-11-19T21:28:37",69825516c835c41957dfda6e,Undirected,1,2016
"Takashima, Tetsuya_2025-11-19T21:28:37",69825516c835c41957dfda6e,Undirected,1,2016
"Aktas, Elif_2025-11-19T21:28:37",69825516c835c41957dfda6e,Undirected,1,2016
"Cömert, Füsun_2025-11-19T21:28:37",69825516c835c41957dfda6e,Undirected,1,2016
"Panaiotov, Stefan_2025-11-19T21:28:37",69825516c835c41957dfda6e,Undirected,1,2016
"Phelan, Jody_2025-11-19T21:28:37",69825516c835c41957dfda6e,Undirected,1,2016
"Coll, Francesc_2025-11-19T21:28:37",69825516c835c41957dfda6e,Undirected,1,2016
"McNerney, Ruth_2025-11-19T21:28:37",69825516c835c41957dfda6e,Undirected,1,2016
"Pain, Arnab_2025-11-19T21:28:37",69825516c835c41957dfda6e,Undirected,1,2016
"Clark, Taane G_2025-11-19T21:28:37",69825516c835c41957dfda6e,Undirected,1,2016
"Sola, Christophe_2025-11-19T21:26:12",69825516c835c41957dfda6e,Undirected,1,2016
"Allios, Dominique_2025-11-19T21:28:39",69825516c835c41957dfda96,Undirected,1,2016
"Guermeur, Nominoë_2025-11-19T21:28:39",69825516c835c41957dfda96,Undirected,1,2016
"Cocoual, Antoine_2025-11-19T21:28:39",69825516c835c41957dfda96,Undirected,1,2016
"Linderholm, Johan_2025-11-19T21:21:36",69825516c835c41957dfda96,Undirected,1,2016
"Sciuto, Claudia_2025-11-19T21:28:39",69825516c835c41957dfda96,Undirected,1,2016
"Geladi, Paul_2025-11-19T21:28:39",69825516c835c41957dfda96,Undirected,1,2016
"Bendoula, Ryad_2025-11-19T21:28:39",69825516c835c41957dfda96,Undirected,1,2016
"Moura, Daniel_2025-11-19T21:28:39",69825516c835c41957dfda96,Undirected,1,2016
"Jay, Sylvain_2025-11-19T21:28:39",69825516c835c41957dfda96,Undirected,1,2016
"Gardel, Marie-Elise_2025-11-19T21:28:39",69825516c835c41957dfda96,Undirected,1,2016
"HALDENBY, DAVE_2025-11-19T21:37:46",69825516c835c41957dfdd11,Undirected,1,2016
"Richards, Julian D._2025-11-19T21:17:17",69825516c835c41957dfdd11,Undirected,1,2016
"Sitdikov, Ayrat G._2025-11-19T21:20:37",69825516c835c41957dfdd60,Undirected,1,2016
Karimov Ildar R._2025-11-19T21:29:11,69825516c835c41957dfdd60,Undirected,1,2016
Tatyana B. Nikitina_2025-11-19T21:20:27,69825516c835c41957dfdd74,Undirected,1,2016
Vorobeva Elena E._2025-11-19T21:29:12,69825516c835c41957dfdd74,Undirected,1,2016
Fedulov Mikhail I._2025-11-19T21:29:12,69825516c835c41957dfdd74,Undirected,1,2016
"Bouwman, Abigail S_2025-11-19T21:45:52",69825516c835c41957dfdfa6,Undirected,1,2016
"Bodiba, Molebogeng K._2025-11-19T21:29:34",69825516c835c41957dfdfa6,Undirected,1,2016
"Ohrstrom, Lena_2025-11-19T21:29:34",69825516c835c41957dfdfa6,Undirected,1,2016
"Mosothwane, Morongwa N._2025-11-19T21:29:34",69825516c835c41957dfdfa6,Undirected,1,2016
"Steyn, Maryna_2025-11-19T21:29:34",69825516c835c41957dfdfa6,Undirected,1,2016
"Rühli, Frank J._2025-11-19T21:16:09",69825516c835c41957dfdfa6,Undirected,1,2016
"Helmholz, Richard H._2025-11-19T21:29:59",69825516c835c41957dfe201,Undirected,1,2016
"Cranmer, Frank_2025-11-19T21:29:59",69825516c835c41957dfe201,Undirected,1,2016
"Hill, Mark_2025-11-19T21:29:59",69825516c835c41957dfe201,Undirected,1,2016
"Kenny, Celia_2025-11-19T21:29:59",69825516c835c41957dfe201,Undirected,1,2016
"Sandberg, Russell_2025-11-19T21:29:59",69825516c835c41957dfe201,Undirected,1,2016
"Wouters, Barbora_2025-11-19T21:30:08",69825516c835c41957dfe2d0,Undirected,1,2016
"Milek, Karen B._2025-11-19T21:25:08",69825516c835c41957dfe2d0,Undirected,1,2016
"Devos, Yannick_2025-11-19T21:17:54",69825516c835c41957dfe2d0,Undirected,1,2016
"Tys, Dries_2025-11-19T21:20:14",69825516c835c41957dfe2d0,Undirected,1,2016
"Esders, Stefan_2025-11-19T21:27:23",69825516c835c41957dfedd8,Undirected,1,2016
"PATZOLD, STEFFEN_2025-11-19T21:25:30",69825516c835c41957dfedd8,Undirected,1,2016
"von Holstein, Isabella C. C._2025-11-19T21:32:18",69825516c835c41957dfef53,Undirected,1,2016
"Rogers, Penelope Walton_2025-11-19T21:49:17",69825516c835c41957dfef53,Undirected,1,2016
"Craig, Oliver E._2025-11-19T21:17:37",69825516c835c41957dfef53,Undirected,1,2016
"Penkman, Kirsty E. H._2025-11-19T21:32:18",69825516c835c41957dfef53,Undirected,1,2016
"Newton, Jason_2025-11-19T21:32:18",69825516c835c41957dfef53,Undirected,1,2016
"Collins, Matthew J._2025-11-19T21:24:59",69825516c835c41957dfef53,Undirected,1,2016
"Lozano, Sergi_2025-11-19T21:32:18",69825516c835c41957dfef53,Undirected,1,2016
"Bernal-Casasola, Darío_2025-11-19T21:35:36",69825516c835c41957dff282,Undirected,1,2016
"Gardeisen, Armelle_2025-11-19T21:35:36",69825516c835c41957dff282,Undirected,1,2016
"Morgenstern, Peggy_2025-11-19T21:35:36",69825516c835c41957dff282,Undirected,1,2016
"Horwitz, Liora Kolska_2025-11-19T21:16:49",69825516c835c41957dff282,Undirected,1,2016
"Piqués, Gäel_2025-11-19T21:35:36",69825516c835c41957dff282,Undirected,1,2016
"Theodoropoulou, Tatiana_2025-11-19T21:35:36",69825516c835c41957dff282,Undirected,1,2016
"Wilkens, Barbara_2025-11-19T21:16:39",69825516c835c41957dff282,Undirected,1,2016
"Fallgren, Jan-Henrik_2025-11-19T21:35:47",69825516c835c41957dff2f2,Undirected,1,2016
"Ljungkvist, John_2025-11-19T21:14:17",69825516c835c41957dff2f2,Undirected,1,2016
"Scull, Christopher_2025-11-19T21:17:29",69825516c835c41957dff341,Undirected,1,2016
"Minter, Faye_2025-11-19T21:35:54",69825516c835c41957dff341,Undirected,1,2016
"Plouviez, Judith_2025-11-19T21:35:54",69825516c835c41957dff341,Undirected,1,2016
"McDonnell, Gerry_2025-11-19T21:36:28",69825517c835c41957dff494,Undirected,1,2016
"Merkel, John_2025-11-19T21:36:28",69825517c835c41957dff494,Undirected,1,2016
"Marshall, Peter_2025-11-19T21:29:38",69825517c835c41957dff494,Undirected,1,2016
"Premužić, Zrinka_2025-11-19T21:15:52",69825517c835c41957dff80e,Undirected,1,2016
"Rajić Šikanjić, Petra_2025-11-19T21:15:52",69825517c835c41957dff80e,Undirected,1,2016
"Rapan Papeša, Anita_2025-11-19T21:15:52",69825517c835c41957dff80e,Undirected,1,2016
"Miladinović-Radmilović, Nataša_2025-11-19T21:15:52",69825517c835c41957dff83a,Undirected,1,2016
"Vulović, Dragana_2025-11-19T21:15:52",69825517c835c41957dff83a,Undirected,1,2016
"Đukić, Ksenija_2025-11-19T21:15:52",69825517c835c41957dff83a,Undirected,1,2016
"Zhang, Peng_2025-11-19T21:25:49",69825517c835c41957dff86b,Undirected,1,2016
"Linderholm, Hans W._2025-11-19T21:20:55",69825517c835c41957dff86b,Undirected,1,2016
"Gunnarson, Björn E_2025-11-19T21:47:34",69825517c835c41957dff86b,Undirected,1,2016
"Björklund, Jesper_2025-11-19T21:49:26",69825517c835c41957dff86b,Undirected,1,2016
"Chen, D._2025-11-27T19:23:43",69825517c835c41957dff86b,Undirected,1,2016
"TEGEL, Willy_2025-11-19T21:20:19",69825517c835c41957e007db,Undirected,1,2016
"Muigg, Bernhard_2025-11-19T21:26:46",69825517c835c41957e007db,Undirected,1,2016
"Büntgen, Ulf_2025-11-19T21:15:51",69825517c835c41957e007db,Undirected,1,2016
"Pleterski, Andrej_2025-11-19T21:21:28",69825517c835c41957e00d4d,Undirected,1,2016
"Schnabl, Bojan-Ilija_2025-11-19T21:16:25",69825517c835c41957e00d4d,Undirected,1,2016
"Pleterski, Andrej_2025-11-19T21:21:28",69825517c835c41957e00d4e,Undirected,1,2016
"Schnabl, Bojan-Ilija_2025-11-19T21:16:25",69825517c835c41957e00d4e,Undirected,1,2016
"Gorskij, Anton Anatolʹevič._2025-11-19T21:47:50",69825517c835c41957e00d4f,Undirected,1,2016
"Pleterski, Andrej_2025-11-19T21:21:28",69825517c835c41957e00d4f,Undirected,1,2016
"Puzanov, V. V._2025-11-19T21:47:50",69825517c835c41957e00d4f,Undirected,1,2016
"Šuvalov, P. V._2025-11-19T21:47:50",69825517c835c41957e00d4f,Undirected,1,2016
"Andrič, Maja_2025-11-19T21:48:13",69825517c835c41957e00e92,Undirected,1,2016
"Ogrinc, Nives_2025-11-19T21:48:13",69825517c835c41957e00e92,Undirected,1,2016
"Rapuc, William_2025-11-19T21:48:13",69825517c835c41957e00e92,Undirected,1,2016
"Sabatier, Pierre_2025-11-19T21:48:13",69825517c835c41957e00e92,Undirected,1,2016
"Arnaud, Fabien_2025-11-19T21:48:13",69825517c835c41957e00e92,Undirected,1,2016
"Develle, Anne-Lise_2025-11-19T21:42:46",69825517c835c41957e00e92,Undirected,1,2016
"Crouzet, Christian_2025-11-19T21:48:13",69825517c835c41957e00e92,Undirected,1,2016
"Šmuc, Andrej_2025-11-19T21:48:13",69825517c835c41957e00e92,Undirected,1,2016
"Chapron, Emmanuel_2025-11-19T21:48:13",69825517c835c41957e00e92,Undirected,1,2016
"Wilhelm, Bruno_2025-11-19T21:48:13",69825517c835c41957e00e92,Undirected,1,2016
"Demory, François_2025-11-19T21:48:13",69825517c835c41957e00e92,Undirected,1,2016
"Reyss, Jean-Louis_2025-11-19T21:48:13",69825517c835c41957e00e92,Undirected,1,2016
"Régnier, Edouard_2025-11-19T21:48:13",69825517c835c41957e00e92,Undirected,1,2016
"Grafenstein, Ulrich von_2025-11-19T21:48:13",69825517c835c41957e00e92,Undirected,1,2016
"Daut, Gerhard_2025-11-19T21:48:13",69825517c835c41957e00e92,Undirected,1,2016
"Štular, Benjamin_2025-11-19T21:21:28",69825517c835c41957e00e96,Undirected,1,2016
"Belak, Mateja_2025-11-19T21:41:01",69825517c835c41957e00e96,Undirected,1,2016
"Bär, Barbara_2025-11-19T21:48:33",69825517c835c41957e00fc3,Undirected,1,2016
"Mauvilly, Michel_2025-11-19T21:48:33",69825517c835c41957e00fc3,Undirected,1,2016
"Vandorpe, Patricia_2025-11-19T21:39:42",69825517c835c41957e00fc3,Undirected,1,2016
"Davis, Lisa Fagin_2025-11-19T21:16:59",69825517c835c41957e01744,Undirected,1,2016
"Spence, Sarah_2025-11-19T21:25:00",69825517c835c41957e01744,Undirected,1,2016
"Lyman, Eugene W._2025-11-19T21:49:28",69825517c835c41957e01744,Undirected,1,2016
"Partner, Nancy F._2025-11-19T21:24:58",69825517c835c41957e01744,Undirected,1,2016
"Carr, Annemarie Weyl_2025-11-19T21:50:42",69825517c835c41957e01744,Undirected,1,2016
"Kaeuper, Richard W._2025-11-19T21:24:04",69825517c835c41957e01744,Undirected,1,2016
"Bjork, Robert E._2025-11-19T21:24:21",69825517c835c41957e01744,Undirected,1,2016
"Lillich, Meredith_2025-11-19T21:50:42",69825517c835c41957e01744,Undirected,1,2016
"Nirenberg, David_2025-11-19T21:24:54",69825517c835c41957e01744,Undirected,1,2016
"Shailor, Barbara A._2025-11-19T21:24:21",69825517c835c41957e01744,Undirected,1,2016
"Hult, David F._2025-11-19T21:50:42",69825517c835c41957e01744,Undirected,1,2016
"Bynum, Caroline Walker_2025-11-19T21:23:41",69825517c835c41957e01744,Undirected,1,2016
"Machan, Tim William_2025-11-19T21:17:39",69825517c835c41957e01744,Undirected,1,2016
"Kopár, Lilla_2025-11-19T21:30:13",69825517c835c41957e01744,Undirected,1,2016
"Klaassen, Frank_2025-11-19T21:18:35",69825517c835c41957e01744,Undirected,1,2016
"Lester, Anne E._2025-11-19T21:49:29",69825517c835c41957e01744,Undirected,1,2016
"Burman, Tom_2025-11-19T21:50:42",69825517c835c41957e01744,Undirected,1,2016
"Adamo, Phil_2025-11-19T21:50:42",69825517c835c41957e01744,Undirected,1,2016
"Chudziak, Wojciech_2025-11-19T21:17:18",69825517c835c41957e01819,Undirected,1,2016
"Weinkauf, Marcin_2025-11-19T21:50:56",69825517c835c41957e01819,Undirected,1,2016
"Siemianowska, Ewelina_2025-11-19T21:50:56",69825517c835c41957e01819,Undirected,1,2016
"Bojarski, Jacek_2025-11-19T21:17:18",69825517c835c41957e01819,Undirected,1,2016
"Kowalewska, Barbara_2025-11-19T21:50:56",69825517c835c41957e01819,Undirected,1,2016
"Szczepanik, Paweł_2025-11-19T21:47:58",69825517c835c41957e01819,Undirected,1,2016
"Abramów, Joanna_2025-11-19T21:50:56",69825517c835c41957e01819,Undirected,1,2016
"Bienias, Dorota_2025-11-19T21:48:16",69825517c835c41957e01819,Undirected,1,2016
"Makowiecki, Daniel_2025-11-19T21:17:59",69825517c835c41957e01819,Undirected,1,2016
"Juan Ares, Jorge de_2026-01-14T22:04:05",69825517c835c41957e019ef,Undirected,1,2016
"Cáceres Gutiérrez, Yasmina_2026-01-14T22:11:04",69825517c835c41957e019ef,Undirected,1,2016
"Karo, Špela_2025-11-19T21:15:42",69825516c835c41957df9dce,Undirected,1,2017
"Knific, Timotej_2025-11-19T21:15:42",69825516c835c41957df9dce,Undirected,1,2017
"Mlekuž, Dimitrij_2025-11-19T21:15:42",69825516c835c41957df9dce,Undirected,1,2017
"Mušič, Branko_2025-11-19T21:15:42",69825516c835c41957df9dce,Undirected,1,2017
"Lavrič, Maja_2025-11-19T21:15:42",69825516c835c41957df9dce,Undirected,1,2017
"Osredkar, Meta_2025-11-19T21:15:42",69825516c835c41957df9dce,Undirected,1,2017
"Kajkowski, Kamil_2025-11-19T21:16:25",69825516c835c41957dfa02f,Undirected,1,2017
"Kuczkowski, Andrzej_2025-11-19T21:16:25",69825516c835c41957dfa02f,Undirected,1,2017
"Schnabl, Bojan-Ilija_2025-11-19T21:16:25",69825516c835c41957dfa034,Undirected,1,2017
"Sturm-Schnabl, Katja_2025-11-19T21:16:25",69825516c835c41957dfa034,Undirected,1,2017
"Quendolo, Alessandra_2025-11-19T21:16:38",69825516c835c41957dfa0dd,Undirected,1,2017
"Villa, Luca_2025-11-19T21:16:38",69825516c835c41957dfa0dd,Undirected,1,2017
"Badan, Nicola_2025-11-19T21:16:38",69825516c835c41957dfa0dd,Undirected,1,2017
"Forsom, Eva_2025-11-19T21:17:03",69825516c835c41957dfa24f,Undirected,1,2017
"Boel, Lene Warner Thorup_2025-11-19T21:17:03",69825516c835c41957dfa24f,Undirected,1,2017
"Jaque, Bo_2025-11-19T21:17:03",69825516c835c41957dfa24f,Undirected,1,2017
"Mollerup, Lene_2025-11-19T21:17:00",69825516c835c41957dfa24f,Undirected,1,2017
"Zachrisson, Torun_2025-11-19T21:17:05",69825516c835c41957dfa27f,Undirected,1,2017
"Ljung, Cecilia_2025-11-19T21:17:05",69825516c835c41957dfa27f,Undirected,1,2017
"Anna, Kjellström._2025-11-19T21:17:05",69825516c835c41957dfa27f,Undirected,1,2017
"Mušič, Branko_2025-11-19T21:15:42",69825516c835c41957dfa30d,Undirected,1,2017
"Sekelj Ivančan, Tajana_2025-11-19T21:17:11",69825516c835c41957dfa30d,Undirected,1,2017
"Borojević Šoštarić, Sibila_2025-11-19T21:17:11",69825516c835c41957dfa30d,Undirected,1,2017
"Medarič, Igor_2025-11-19T21:17:11",69825516c835c41957dfa30d,Undirected,1,2017
"Horn, Barbara_2025-11-19T21:17:11",69825516c835c41957dfa30d,Undirected,1,2017
"Ružičić, Stanko_2025-11-19T21:17:11",69825516c835c41957dfa30d,Undirected,1,2017
"Brenko, Tomislav_2025-11-19T21:17:11",69825516c835c41957dfa30d,Undirected,1,2017
"Pollard, Edward_2025-11-19T21:17:17",69825516c835c41957dfa3a6,Undirected,1,2017
"Kinyera, Okeny Charles_2025-11-19T21:17:17",69825516c835c41957dfa3a6,Undirected,1,2017
"Płoszaj, Tomasz_2025-11-19T21:17:18",69825516c835c41957dfa3c5,Undirected,1,2017
"Jędrychowska-Dańska, Krystyna_2025-11-19T21:17:18",69825516c835c41957dfa3c5,Undirected,1,2017
"Masłowska, Alicja_2025-11-19T21:17:18",69825516c835c41957dfa3c5,Undirected,1,2017
"Kozłowski, Tomasz_2025-11-19T21:17:18",69825516c835c41957dfa3c5,Undirected,1,2017
"Chudziak, Wojciech_2025-11-19T21:17:18",69825516c835c41957dfa3c5,Undirected,1,2017
"Bojarski, Jacek_2025-11-19T21:17:18",69825516c835c41957dfa3c5,Undirected,1,2017
"Robaszkiewicz, Agnieszka_2025-11-19T21:17:18",69825516c835c41957dfa3c5,Undirected,1,2017
"Witas, Henryk W._2025-11-19T21:17:18",69825516c835c41957dfa3c5,Undirected,1,2017
"Blinkhorn, Paul_2025-11-19T21:17:24",69825516c835c41957dfa445,Undirected,1,2017
"Cramp, Lucy_2025-11-19T21:17:24",69825516c835c41957dfa445,Undirected,1,2017
"Prior, Stuart_2025-11-19T21:17:24",69825516c835c41957dfa445,Undirected,1,2017
"Glass, Emily_2025-11-19T21:17:24",69825516c835c41957dfa445,Undirected,1,2017
"Horton, Mark_2025-11-19T21:17:20",69825516c835c41957dfa445,Undirected,1,2017
"Christie, Neil_2025-11-19T21:17:11",69825516c835c41957dfa44e,Undirected,1,2017
"Naylor, John_2025-11-19T21:15:51",69825516c835c41957dfa44e,Undirected,1,2017
"Vitali, Tiziana_2025-11-19T21:17:19",69825516c835c41957dfa44e,Undirected,1,2017
"Gleeson, Patrick_2025-11-19T21:17:19",69825516c835c41957dfa44e,Undirected,1,2017
"CARRAGÁIN, TÓMAS Ó_2025-11-19T21:17:30",69825516c835c41957dfa44e,Undirected,1,2017
"Everson, Paul_2025-11-19T21:17:20",69825516c835c41957dfa4df,Undirected,1,2017
"Stocker, David_2025-11-19T21:17:20",69825516c835c41957dfa4df,Undirected,1,2017
"Thomas, Gabor_2025-11-19T21:17:30",69825516c835c41957dfa4eb,Undirected,1,2017
"Pluskowski, Aleksander G._2025-11-19T21:16:39",69825516c835c41957dfa4eb,Undirected,1,2017
"Gilchrist, Roberta_2025-11-19T21:17:30",69825516c835c41957dfa4eb,Undirected,1,2017
"García-Contreras, Guillermo_2025-11-19T21:49:29",69825516c835c41957dfa4eb,Undirected,1,2017
"Andrén, Anders_2025-11-19T21:17:30",69825516c835c41957dfa4eb,Undirected,1,2017
"Augenti, Andrea_2025-11-19T21:17:30",69825516c835c41957dfa4eb,Undirected,1,2017
"Astill, Grenville_2025-11-19T21:17:30",69825516c835c41957dfa4eb,Undirected,1,2017
"Staecker, Jörn_2025-11-19T21:17:30",69825516c835c41957dfa4eb,Undirected,1,2017
"Valk, Heiki_2025-11-19T21:17:30",69825516c835c41957dfa4eb,Undirected,1,2017
"Török, Béla_2025-11-19T21:17:36",69825516c835c41957dfa566,Undirected,1,2017
"Benke, Márton_2025-11-19T21:17:36",69825516c835c41957dfa566,Undirected,1,2017
"Mertinger, Valéria_2025-11-19T21:17:36",69825516c835c41957dfa566,Undirected,1,2017
"Barkóczy, Péter_2025-11-19T21:17:36",69825516c835c41957dfa566,Undirected,1,2017
"Kovács, Árpád_2025-11-19T21:17:36",69825516c835c41957dfa566,Undirected,1,2017
"Hoppál, Krisztina_2025-11-19T21:17:36",69825516c835c41957dfa566,Undirected,1,2017
"Kovács, Péter_2025-11-19T21:17:36",69825516c835c41957dfa566,Undirected,1,2017
"Jöns, Hauke_2025-11-19T21:18:04",69825516c835c41957dfa826,Undirected,1,2017
"Karle, Martina_2025-11-19T21:18:04",69825516c835c41957dfa826,Undirected,1,2017
"Kowalska, Anna Bogumiła_2025-11-19T21:21:38",69825516c835c41957dfa826,Undirected,1,2017
"Messal, Sebastian_2025-11-19T21:18:04",69825516c835c41957dfa826,Undirected,1,2017
"Bourgeois, Luc_2025-11-19T21:18:56",69825516c835c41957dfad9e,Undirected,1,2017
"Dierkens, Alain_2025-11-19T21:19:01",69825516c835c41957dfad9e,Undirected,1,2017
"Beauchamp, Axel_2025-11-19T21:18:35",69825516c835c41957dfb3a6,Undirected,1,2017
"Lespez, Laurent_2025-11-19T21:20:05",69825516c835c41957dfb3a6,Undirected,1,2017
"Rollet, Anne-Julia_2025-11-19T21:20:05",69825516c835c41957dfb3a6,Undirected,1,2017
"Germain-Vallée, Cécile_2025-11-19T21:18:35",69825516c835c41957dfb3a6,Undirected,1,2017
"Delahaye, Daniel_2025-11-19T21:20:05",69825516c835c41957dfb3a6,Undirected,1,2017
"Lloret, Sonia Gutiérrez_2025-11-19T21:39:28",69825516c835c41957dfb471,Undirected,1,2017
"Lefebvre, Bastien_2025-11-19T21:20:16",69825516c835c41957dfb471,Undirected,1,2017
"Moret, Pierre_2025-11-19T21:20:16",69825516c835c41957dfb471,Undirected,1,2017
"Kacki, Sacha_2025-11-19T21:19:37",69825516c835c41957dfb4aa,Undirected,1,2017
"Capron, François_2025-11-19T21:20:19",69825516c835c41957dfb4aa,Undirected,1,2017
"Beauchamp, Axel_2025-11-19T21:18:35",69825516c835c41957dfb4b2,Undirected,1,2017
"Lespez, Laurent_2025-11-19T21:20:05",69825516c835c41957dfb4b2,Undirected,1,2017
"Delahaye, Daniel_2025-11-19T21:20:05",69825516c835c41957dfb4b2,Undirected,1,2017
"Jeandemange, Sébastien_2025-11-19T21:20:22",69825516c835c41957dfb4f5,Undirected,1,2017
"Masquilier, Amaury_2025-11-19T21:19:39",69825516c835c41957dfb4f5,Undirected,1,2017
"Franz, Thierry_2025-11-19T21:20:22",69825516c835c41957dfb4f5,Undirected,1,2017
"Prouteau, Rachel_2025-11-19T21:18:48",69825516c835c41957dfb4f5,Undirected,1,2017
"Lyon, Jonathan Reed_2025-11-19T21:21:37",69825516c835c41957dfbaa0,Undirected,1,2017
Manchester University Press_2025-11-19T21:21:36,69825516c835c41957dfbaa0,Undirected,1,2017
"Sawicki, Zbigniew_2025-11-19T21:22:31",69825516c835c41957dfbf53,Undirected,1,2017
"Pluskowski, Aleksander G._2025-11-19T21:16:39",69825516c835c41957dfbf53,Undirected,1,2017
"Brown, Alexander_2025-11-19T21:22:31",69825516c835c41957dfbf53,Undirected,1,2017
"Badura, Monika_2025-11-19T21:17:59",69825516c835c41957dfbf53,Undirected,1,2017
"Makowiecki, Daniel_2025-11-19T21:17:59",69825516c835c41957dfbf53,Undirected,1,2017
"Shillito, Lisa-Marie_2025-11-19T21:22:31",69825516c835c41957dfbf53,Undirected,1,2017
"Zabilska-Kunek, Miroslawa_2025-11-19T21:22:31",69825516c835c41957dfbf53,Undirected,1,2017
"SEETAH, KRISH_2025-11-19T21:17:25",69825516c835c41957dfbf53,Undirected,1,2017
"Nicolay, Johan_2025-11-19T21:18:11",69825516c835c41957dfbfd1,Undirected,1,2017
"van Oortmerssen, Gert_2025-11-19T21:22:37",69825516c835c41957dfbfd1,Undirected,1,2017
"Van Os, Bertil_2025-11-19T21:17:25",69825516c835c41957dfbfd1,Undirected,1,2017
"Nobles, Gary_2025-11-19T21:22:37",69825516c835c41957dfbfd1,Undirected,1,2017
"Armstrong, Chelsey Geralda_2025-11-19T21:22:38",69825516c835c41957dfbfef,Undirected,1,2017
"Parmakelis, Aristeidis_2025-11-19T21:22:38",69825516c835c41957dfbfef,Undirected,1,2017
"Shoemaker, Anna C_2025-11-19T21:22:38",69825516c835c41957dfbfef,Undirected,1,2017
"McKechnie, Iain_2025-11-19T21:22:38",69825516c835c41957dfbfef,Undirected,1,2017
"Ekblom, Anneli_2025-11-19T21:22:38",69825516c835c41957dfbfef,Undirected,1,2017
"Szabó, Péter_2025-11-19T21:22:38",69825516c835c41957dfbfef,Undirected,1,2017
"Lane, Paul J_2025-11-19T21:22:38",69825516c835c41957dfbfef,Undirected,1,2017
"McAlvay, Alex C_2025-11-19T21:22:38",69825516c835c41957dfbfef,Undirected,1,2017
"Boles, Oliver J_2025-11-19T21:22:38",69825516c835c41957dfbfef,Undirected,1,2017
"Walshaw, Sarah_2025-11-19T21:22:38",69825516c835c41957dfbfef,Undirected,1,2017
"Petek, Nik_2025-11-19T21:22:38",69825516c835c41957dfbfef,Undirected,1,2017
"Gibbons, Kevin S_2025-11-19T21:22:38",69825516c835c41957dfbfef,Undirected,1,2017
"Quintana Morales, Erendira_2025-11-19T21:22:38",69825516c835c41957dfbfef,Undirected,1,2017
"Anderson, Eugene N._2025-11-19T21:20:37",69825516c835c41957dfbfef,Undirected,1,2017
"Ibragimow, Aleksandra_2025-11-19T21:22:38",69825516c835c41957dfbfef,Undirected,1,2017
"Podruczny, Grzegorz_2025-11-19T21:22:38",69825516c835c41957dfbfef,Undirected,1,2017
"Vamosi, Jana C_2025-11-19T21:22:38",69825516c835c41957dfbfef,Undirected,1,2017
"Marks-Block, Tony_2025-11-19T21:22:38",69825516c835c41957dfbfef,Undirected,1,2017
"LeCompte, Joyce K_2025-11-19T21:22:38",69825516c835c41957dfbfef,Undirected,1,2017
"Awâsis, Sākihitowin_2025-11-19T21:22:38",69825516c835c41957dfbfef,Undirected,1,2017
"Nabess, Carly_2025-11-19T21:22:38",69825516c835c41957dfbfef,Undirected,1,2017
"Sinclair, Paul_2025-11-19T21:22:38",69825516c835c41957dfbfef,Undirected,1,2017
"Crumley, Carole L_2025-11-19T21:22:38",69825516c835c41957dfbfef,Undirected,1,2017
"Jensen, Jørn B._2025-11-19T21:28:34",69825516c835c41957dfda41,Undirected,1,2017
"Moros, Matthias_2025-11-19T21:21:00",69825516c835c41957dfda41,Undirected,1,2017
"Endler, Rudolf_2025-11-19T21:28:34",69825516c835c41957dfda41,Undirected,1,2017
"Bindler, Richard_2025-11-19T21:23:56",69825516c835c41957dfda71,Undirected,1,2017
"Karlsson, Jon_2025-11-19T21:28:37",69825516c835c41957dfda71,Undirected,1,2017
"Rydberg, Johan_2025-11-19T21:28:37",69825516c835c41957dfda71,Undirected,1,2017
"Berg Nilsson, Lena_2025-11-19T21:28:37",69825516c835c41957dfda71,Undirected,1,2017
"Biester, Harald_2025-11-19T21:28:37",69825516c835c41957dfda71,Undirected,1,2017
"Segerström, Ulf_2025-11-19T21:20:53",69825516c835c41957dfda71,Undirected,1,2017
"Rott, Andreas_2025-11-19T21:28:38",69825516c835c41957dfda86,Undirected,1,2017
"Scholz, Ulrike_2025-11-19T21:28:38",69825516c835c41957dfda86,Undirected,1,2017
"von Heyking, Kristin_2025-11-19T21:28:38",69825516c835c41957dfda86,Undirected,1,2017
"Immler, Franziska_2025-11-19T21:28:38",69825516c835c41957dfda86,Undirected,1,2017
"Haberstroh, Jochen_2025-11-19T21:18:25",69825516c835c41957dfda86,Undirected,1,2017
"Harbeck, Michaela_2025-11-19T21:28:38",69825516c835c41957dfda86,Undirected,1,2017
"Davidović, Slobodan_2025-11-19T21:22:39",69825516c835c41957dfda95,Undirected,1,2017
"Malyarchuk, Boris A._2025-11-19T21:23:38",69825516c835c41957dfda95,Undirected,1,2017
"Derenko, Miroslava V._2025-11-19T21:23:38",69825516c835c41957dfda95,Undirected,1,2017
"Topalović, Vladanka_2025-11-19T21:22:39",69825516c835c41957dfda95,Undirected,1,2017
"Litvinov, Andrey_2025-11-19T21:22:39",69825516c835c41957dfda95,Undirected,1,2017
"Skonieczna, Katarzyna_2025-11-19T21:22:39",69825516c835c41957dfda95,Undirected,1,2017
"Rogalla, Urszula_2025-11-19T21:22:39",69825516c835c41957dfda95,Undirected,1,2017
"Grzybowski, Tomasz_2025-11-19T21:22:39",69825516c835c41957dfda95,Undirected,1,2017
"Stevanović, Milena_2025-11-19T21:22:39",69825516c835c41957dfda95,Undirected,1,2017
"Kovacevic-Grujicic, Natasa_2025-11-19T21:28:39",69825516c835c41957dfda95,Undirected,1,2017
"Nord, Anders G._2025-11-19T21:17:30",69825516c835c41957dfdaa8,Undirected,1,2017
"Tronner, Kate_2025-11-19T21:17:30",69825516c835c41957dfdaa8,Undirected,1,2017
"Zerpe, Birgitta Strandberg_2025-11-19T21:28:40",69825516c835c41957dfdaa8,Undirected,1,2017
"Krawczyk, Diana W._2025-11-19T21:24:40",69825516c835c41957dfdaaa,Undirected,1,2017
"Witkowski, Andrzej_2025-11-19T21:21:00",69825516c835c41957dfdaaa,Undirected,1,2017
"Moros, Matthias_2025-11-19T21:21:00",69825516c835c41957dfdaaa,Undirected,1,2017
"Lloyd, Jeremy M._2025-11-19T21:26:39",69825516c835c41957dfdaaa,Undirected,1,2017
"Høyer, J. L._2025-11-19T21:28:40",69825516c835c41957dfdaaa,Undirected,1,2017
"Miettinen, A._2025-11-19T21:20:52",69825516c835c41957dfdaaa,Undirected,1,2017
"Kuijpers, Antoon_2025-11-19T21:21:00",69825516c835c41957dfdaaa,Undirected,1,2017
"McCormick, Finbar_2025-11-19T21:25:19",69825516c835c41957dfdae1,Undirected,1,2017
"Kastholm, Ole_2025-11-19T21:28:42",69825516c835c41957dfdae1,Undirected,1,2017
"Szal, Marta_2025-11-19T21:28:44",69825516c835c41957dfdb06,Undirected,1,2017
"Kupryjanowicz, Mirosława_2025-11-19T21:20:52",69825516c835c41957dfdb06,Undirected,1,2017
"Tylmann, Wojciech_2025-11-19T21:28:44",69825516c835c41957dfdb06,Undirected,1,2017
"Piotrowska, Natalia_2025-11-19T21:18:16",69825516c835c41957dfdb06,Undirected,1,2017
"Büntgen, Ulf_2025-11-19T21:15:51",69825516c835c41957dfdb47,Undirected,1,2017
"Krusic, Paul J._2025-11-19T21:15:51",69825516c835c41957dfdb47,Undirected,1,2017
"Verstege, Anne_2025-11-19T21:28:47",69825516c835c41957dfdb47,Undirected,1,2017
"Sangüesa-Barreda, Gabriel_2025-11-19T21:28:47",69825516c835c41957dfdb47,Undirected,1,2017
"Wagner, Sebastian_2025-11-19T21:28:47",69825516c835c41957dfdb47,Undirected,1,2017
"Camarero, J. Julio_2025-11-19T21:28:47",69825516c835c41957dfdb47,Undirected,1,2017
"Ljungqvist, Fredrik Charpentier_2025-11-19T21:16:11",69825516c835c41957dfdb47,Undirected,1,2017
"Zorita, Eduardo_2025-11-19T21:26:48",69825516c835c41957dfdb47,Undirected,1,2017
"Oppenheimer, Clive_2025-11-19T21:18:20",69825516c835c41957dfdb47,Undirected,1,2017
"Konter, Oliver_2025-11-19T21:28:47",69825516c835c41957dfdb47,Undirected,1,2017
"TEGEL, Willy_2025-11-19T21:20:19",69825516c835c41957dfdb47,Undirected,1,2017
"Gärtner, Holger_2025-11-19T21:28:47",69825516c835c41957dfdb47,Undirected,1,2017
"Cherubini, Paolo_2025-11-19T21:28:47",69825516c835c41957dfdb47,Undirected,1,2017
"Reinig, Frederick_2025-11-19T21:15:51",69825516c835c41957dfdb47,Undirected,1,2017
"Esper, Jan_2025-11-19T21:15:51",69825516c835c41957dfdb47,Undirected,1,2017
"Price, Theron Douglas_2025-11-19T21:22:09",69825516c835c41957dfdb50,Undirected,1,2017
"Frei, Robert_2025-11-19T21:17:26",69825516c835c41957dfdb50,Undirected,1,2017
"Bäckström, Ylva_2025-11-19T21:18:30",69825516c835c41957dfdb50,Undirected,1,2017
"Frei, Karin Margarita_2025-11-19T21:22:09",69825516c835c41957dfdb50,Undirected,1,2017
"Ingvarsson-Sundström, Anne_2025-11-19T21:18:30",69825516c835c41957dfdb50,Undirected,1,2017
"Anchukaitis, Kevin J._2025-11-19T21:28:48",69825516c835c41957dfdb63,Undirected,1,2017
"Wilson, Rob_2025-11-19T21:26:48",69825516c835c41957dfdb63,Undirected,1,2017
"Briffa, Keith R._2025-11-19T21:26:48",69825516c835c41957dfdb63,Undirected,1,2017
"Büntgen, Ulf_2025-11-19T21:15:51",69825516c835c41957dfdb63,Undirected,1,2017
"Cook, Edward R._2025-11-19T21:22:42",69825516c835c41957dfdb63,Undirected,1,2017
"D'Arrigo, Rosanne_2025-11-19T21:22:42",69825516c835c41957dfdb63,Undirected,1,2017
"Davi, Nicole_2025-11-19T21:22:42",69825516c835c41957dfdb63,Undirected,1,2017
"Esper, Jan_2025-11-19T21:15:51",69825516c835c41957dfdb63,Undirected,1,2017
"Frank, David_2025-11-19T21:20:52",69825516c835c41957dfdb63,Undirected,1,2017
"Gunnarson, Björn E_2025-11-19T21:47:34",69825516c835c41957dfdb63,Undirected,1,2017
"Hegerl, Gabi_2025-11-19T21:26:48",69825516c835c41957dfdb63,Undirected,1,2017
"Helama, Samuli_2025-11-19T21:20:40",69825516c835c41957dfdb63,Undirected,1,2017
"Klesse, Stefan_2025-11-19T21:26:48",69825516c835c41957dfdb63,Undirected,1,2017
"Krusic, Paul J._2025-11-19T21:15:51",69825516c835c41957dfdb63,Undirected,1,2017
"Linderholm, Hans W._2025-11-19T21:20:55",69825516c835c41957dfdb63,Undirected,1,2017
"Myglan, Vladimir S._2025-11-19T21:22:42",69825516c835c41957dfdb63,Undirected,1,2017
"Osborn, Timothy J._2025-11-19T21:26:48",69825516c835c41957dfdb63,Undirected,1,2017
"Zhang, Peng_2025-11-19T21:25:49",69825516c835c41957dfdb63,Undirected,1,2017
"Rydval, Miloš_2025-11-19T21:26:48",69825516c835c41957dfdb63,Undirected,1,2017
"Schneider, Lea_2025-11-19T21:26:48",69825516c835c41957dfdb63,Undirected,1,2017
"Schurer, Andrew_2025-11-19T21:26:48",69825516c835c41957dfdb63,Undirected,1,2017
"Wiles, Greg_2025-11-19T21:22:42",69825516c835c41957dfdb63,Undirected,1,2017
"Zorita, Eduardo_2025-11-19T21:26:48",69825516c835c41957dfdb63,Undirected,1,2017
"Edwards, Thomas W.D._2025-11-19T21:28:50",69825516c835c41957dfdb95,Undirected,1,2017
"Hammarlund, Dan_2025-11-19T21:16:08",69825516c835c41957dfdb95,Undirected,1,2017
"Newton, Brandi W._2025-11-19T21:28:50",69825516c835c41957dfdb95,Undirected,1,2017
"Sjolte, Jesper_2025-11-19T21:28:50",69825516c835c41957dfdb95,Undirected,1,2017
"Linderson, Hans_2025-11-19T21:16:23",69825516c835c41957dfdb95,Undirected,1,2017
"Sturm, Christophe_2025-11-19T21:28:50",69825516c835c41957dfdb95,Undirected,1,2017
"St Amour, Natalie A._2025-11-19T21:28:50",69825516c835c41957dfdb95,Undirected,1,2017
"Bailey, Joscelyn N.-L._2025-11-19T21:28:50",69825516c835c41957dfdb95,Undirected,1,2017
"Nilsson, Anders L._2025-11-19T21:28:50",69825516c835c41957dfdb95,Undirected,1,2017
"Rizzetto, Mauro_2025-11-19T21:28:50",69825516c835c41957dfdb9b,Undirected,1,2017
"Russ, Hannah_2025-11-19T21:28:50",69825516c835c41957dfdb9b,Undirected,1,2017
"Viner-Daniels, Sarah_2025-11-19T21:28:50",69825516c835c41957dfdb9b,Undirected,1,2017
"Brewington, Seth_2025-11-19T21:28:50",69825516c835c41957dfdb9b,Undirected,1,2017
"Hicks, Megan_2025-11-19T21:17:26",69825516c835c41957dfdb9b,Undirected,1,2017
"Feeley, Frank J._2025-11-19T21:28:50",69825516c835c41957dfdb9b,Undirected,1,2017
"Dupont-Hébert, Céline_2025-11-19T21:28:50",69825516c835c41957dfdb9b,Undirected,1,2017
"Prehal, Brenda_2025-11-19T21:28:50",69825516c835c41957dfdb9b,Undirected,1,2017
"Hambrecht, George_2025-11-19T21:20:40",69825516c835c41957dfdb9b,Undirected,1,2017
"Woollett, James_2025-11-19T21:17:26",69825516c835c41957dfdb9b,Undirected,1,2017
"McGovern, Thomas H._2025-11-19T21:17:26",69825516c835c41957dfdb9b,Undirected,1,2017
"Eger, Christoph_2025-11-19T21:28:53",69825516c835c41957dfdbbf,Undirected,1,2017
"Kalaitzoglou, Georg_2025-11-19T21:28:53",69825516c835c41957dfdbbf,Undirected,1,2017
"Højen Sørensen, Annette_2025-11-19T21:28:53",69825516c835c41957dfdbbf,Undirected,1,2017
"van Helmond, Niels A.G.M._2025-11-19T21:28:53",69825516c835c41957dfdbc1,Undirected,1,2017
"Obrochta, Stephen P._2025-11-19T21:28:53",69825516c835c41957dfdbc1,Undirected,1,2017
"Andrén, Thomas_2025-11-19T21:18:06",69825516c835c41957dfdbc1,Undirected,1,2017
"Slomp, Caroline P._2025-11-19T21:28:53",69825516c835c41957dfdbc1,Undirected,1,2017
"Kolling, Henriette M._2025-11-19T21:28:54",69825516c835c41957dfdbe9,Undirected,1,2017
"Fahl, Kirsten_2025-11-19T21:28:54",69825516c835c41957dfdbe9,Undirected,1,2017
"Perner, Kerstin_2025-11-19T21:26:39",69825516c835c41957dfdbe9,Undirected,1,2017
"Galassi, Francesco M_2025-11-19T21:17:14",69825516c835c41957dfdc15,Undirected,1,2017
"Toscano, Fabrizio_2025-11-19T21:17:14",69825516c835c41957dfdc15,Undirected,1,2017
"Spani, Giovanni_2025-11-19T21:17:14",69825516c835c41957dfdc15,Undirected,1,2017
"Papio, Michael_2025-11-19T21:17:14",69825516c835c41957dfdc15,Undirected,1,2017
"Rühli, Frank J._2025-11-19T21:16:09",69825516c835c41957dfdc15,Undirected,1,2017
"Rubini, Mauro_2025-11-19T21:26:32",69825516c835c41957dfdc16,Undirected,1,2017
"Zaio, Paola_2025-11-19T21:26:32",69825516c835c41957dfdc16,Undirected,1,2017
"Spigelman, Mark_2025-11-19T21:28:56",69825516c835c41957dfdc16,Undirected,1,2017
"Donoghue, Helen D_2025-11-19T21:28:56",69825516c835c41957dfdc16,Undirected,1,2017
"Star, Bastiaan_2025-11-19T21:28:58",69825516c835c41957dfdc35,Undirected,1,2017
"Boessenkool, Sanne_2025-11-19T21:28:58",69825516c835c41957dfdc35,Undirected,1,2017
"Gondek, Agata T._2025-11-19T21:34:28",69825516c835c41957dfdc35,Undirected,1,2017
"Hufthammer, A.K._2025-11-19T21:26:32",69825516c835c41957dfdc35,Undirected,1,2017
"Knutsen, Halvor_2025-11-19T21:28:58",69825516c835c41957dfdc35,Undirected,1,2017
"Nistelberger, Heidi M_2025-11-19T21:28:58",69825516c835c41957dfdc35,Undirected,1,2017
"Dierking, Jan_2025-11-19T21:28:58",69825516c835c41957dfdc35,Undirected,1,2017
"Petereit, Christoph_2025-11-19T21:28:58",69825516c835c41957dfdc35,Undirected,1,2017
"Jakobsen, Kjetill S_2025-11-19T21:28:58",69825516c835c41957dfdc35,Undirected,1,2017
"Jentoft, Sissel_2025-11-19T21:28:58",69825516c835c41957dfdc35,Undirected,1,2017
"Barrett, James H._2025-11-19T21:24:34",69825516c835c41957dfdc35,Undirected,1,2017
"Płoszaj, Tomasz_2025-11-19T21:17:18",69825516c835c41957dfdc37,Undirected,1,2017
"Jędrychowska-Dańska, Krystyna_2025-11-19T21:17:18",69825516c835c41957dfdc37,Undirected,1,2017
"Drozd-Lipińska, Alicja_2025-11-19T21:28:58",69825516c835c41957dfdc37,Undirected,1,2017
"Janowski, Andrzej_2025-11-19T21:15:50",69825516c835c41957dfdc37,Undirected,1,2017
"Loog, Liisa_2025-11-19T21:28:58",69825516c835c41957dfdc39,Undirected,1,2017
"Thomas, Mark G._2025-11-19T21:18:14",69825516c835c41957dfdc39,Undirected,1,2017
"Barnett, Ross_2025-11-19T21:28:58",69825516c835c41957dfdc39,Undirected,1,2017
"Allen, Richard_2025-11-19T21:17:22",69825516c835c41957dfdc39,Undirected,1,2017
"Sykes, Naomi Jane_2025-11-19T21:38:06",69825516c835c41957dfdc39,Undirected,1,2017
"Paxinos, Ptolemaios D._2025-11-19T21:28:58",69825516c835c41957dfdc39,Undirected,1,2017
"Lebrasseur, Ophélie_2025-11-19T21:28:58",69825516c835c41957dfdc39,Undirected,1,2017
"Peters, Joris_2025-11-19T21:16:39",69825516c835c41957dfdc39,Undirected,1,2017
"Manica, Andrea_2025-11-19T21:28:58",69825516c835c41957dfdc39,Undirected,1,2017
"Larson, Greger_2025-11-19T21:28:58",69825516c835c41957dfdc39,Undirected,1,2017
"Eriksson, Anders_2025-11-19T21:28:58",69825516c835c41957dfdc39,Undirected,1,2017
"Jonson, Charlotte Hedenstierna_2025-11-19T21:22:38",69825516c835c41957dfdc61,Undirected,1,2017
"Zachrisson, Torun_2025-11-19T21:17:05",69825516c835c41957dfdc61,Undirected,1,2017
"Krzewińska, Maja_2025-11-19T21:17:53",69825516c835c41957dfdc61,Undirected,1,2017
"Sobrado, Veronica_2025-11-19T21:18:24",69825516c835c41957dfdc61,Undirected,1,2017
"Price, Neil_2025-11-19T21:17:08",69825516c835c41957dfdc61,Undirected,1,2017
"Günther, Torsten_2025-11-19T21:18:24",69825516c835c41957dfdc61,Undirected,1,2017
"Jakobsson, Mattias_2025-11-19T21:18:24",69825516c835c41957dfdc61,Undirected,1,2017
"Götherström, Anders_2025-11-19T21:17:53",69825516c835c41957dfdc61,Undirected,1,2017
"Storå, Jan_2025-11-19T21:17:07",69825516c835c41957dfdc61,Undirected,1,2017
"Anna, Kjellström._2025-11-19T21:17:05",69825516c835c41957dfdc61,Undirected,1,2017
"Hartman, Steven_2025-11-19T21:17:26",69825516c835c41957dfdc84,Undirected,1,2017
"Ogilvie, A.E.J._2025-11-19T21:29:01",69825516c835c41957dfdc84,Undirected,1,2017
"Ingimundarson, Jón Haukur_2025-11-19T21:29:01",69825516c835c41957dfdc84,Undirected,1,2017
"Inskip, Sarah A._2025-11-19T21:16:14",69825516c835c41957dfdc8f,Undirected,1,2017
"Taylor, G Michael_2025-11-19T21:26:10",69825516c835c41957dfdc8f,Undirected,1,2017
"Filzwieser, Roland_2025-11-19T21:29:37",69825516c835c41957dfe00c,Undirected,1,2017
"Olesen, Lis Helles_2025-11-19T21:29:37",69825516c835c41957dfe00c,Undirected,1,2017
"Neubauer, Wolfgang_2025-11-19T21:29:37",69825516c835c41957dfe00c,Undirected,1,2017
"Trinks, Immo_2025-11-19T21:29:37",69825516c835c41957dfe00c,Undirected,1,2017
"Mauritsen, Esben Schlosser_2025-11-19T21:29:37",69825516c835c41957dfe00c,Undirected,1,2017
"Schneidhofer, Petra_2025-11-19T21:29:37",69825516c835c41957dfe00c,Undirected,1,2017
"Nau, Erich_2025-11-19T21:29:37",69825516c835c41957dfe00c,Undirected,1,2017
"Gabler, Manuel_2025-11-19T21:29:37",69825516c835c41957dfe00c,Undirected,1,2017
"Gilanyi, Attila_2025-11-19T21:26:49",69825516c835c41957dfe0e5,Undirected,1,2017
"Bujdoso, Gyongyi_2025-11-19T21:29:46",69825516c835c41957dfe0e5,Undirected,1,2017
"Bálint, Marianna_2025-11-19T21:18:24",69825516c835c41957dfe0e5,Undirected,1,2017
"Gilanyi, Attila_2025-11-19T21:26:49",69825516c835c41957dfe0e9,Undirected,1,2017
"Bujdoso, Gyongyi_2025-11-19T21:29:46",69825516c835c41957dfe0e9,Undirected,1,2017
"Bálint, Marianna_2025-11-19T21:18:24",69825516c835c41957dfe0e9,Undirected,1,2017
"Triska, Petr_2025-11-19T21:29:49",69825516c835c41957dfe122,Undirected,1,2017
"Chekanov, Nikolay_2025-11-19T21:29:49",69825516c835c41957dfe122,Undirected,1,2017
"Stepanov, Vadim_2025-11-19T21:29:49",69825516c835c41957dfe122,Undirected,1,2017
"Khusnutdinova, Elza K_2025-11-19T21:29:49",69825516c835c41957dfe122,Undirected,1,2017
"Kumar, Ganesh Prasad Arun_2025-11-19T21:29:49",69825516c835c41957dfe122,Undirected,1,2017
"Babalyan, Konstantin_2025-11-19T21:29:49",69825516c835c41957dfe122,Undirected,1,2017
"Boulygina, Eugenia_2025-11-19T21:29:49",69825516c835c41957dfe122,Undirected,1,2017
"Kharkov, Vladimir_2025-11-19T21:29:49",69825516c835c41957dfe122,Undirected,1,2017
"Gubina, Marina_2025-11-19T21:29:49",69825516c835c41957dfe122,Undirected,1,2017
"Khidiyatova, Irina_2025-11-19T21:26:09",69825516c835c41957dfe122,Undirected,1,2017
"Khitrinskaya, Irina_2025-11-19T21:29:49",69825516c835c41957dfe122,Undirected,1,2017
"Khrameeva, Ekaterina E_2025-11-19T21:29:49",69825516c835c41957dfe122,Undirected,1,2017
"Khusainova, Rita_2025-11-19T21:26:09",69825516c835c41957dfe122,Undirected,1,2017
"Konovalova, Natalia_2025-11-19T21:29:49",69825516c835c41957dfe122,Undirected,1,2017
"Litvinov, Sergei_2025-11-19T21:26:09",69825516c835c41957dfe122,Undirected,1,2017
"Marusin, Andrey_2025-11-19T21:29:49",69825516c835c41957dfe122,Undirected,1,2017
"Mazur, Alexandr M_2025-11-19T21:29:49",69825516c835c41957dfe122,Undirected,1,2017
"Puzyrev, Valery_2025-11-19T21:29:49",69825516c835c41957dfe122,Undirected,1,2017
"Ivanoshchuk, Dinara_2025-11-19T21:29:49",69825516c835c41957dfe122,Undirected,1,2017
"Spiridonova, Maria_2025-11-19T21:29:49",69825516c835c41957dfe122,Undirected,1,2017
"Teslyuk, Anton_2025-11-19T21:29:49",69825516c835c41957dfe122,Undirected,1,2017
"Tsygankova, Svetlana_2025-11-19T21:29:49",69825516c835c41957dfe122,Undirected,1,2017
"Triska, Martin_2025-11-19T21:29:49",69825516c835c41957dfe122,Undirected,1,2017
"Trofimova, Natalya_2025-11-19T21:29:49",69825516c835c41957dfe122,Undirected,1,2017
"Vajda, Edward_2025-11-19T21:29:49",69825516c835c41957dfe122,Undirected,1,2017
"Balanovsky, Oleg_2025-11-19T21:26:09",69825516c835c41957dfe122,Undirected,1,2017
"Baranova, Ancha_2025-11-19T21:29:49",69825516c835c41957dfe122,Undirected,1,2017
"Skryabin, Konstantin_2025-11-19T21:29:49",69825516c835c41957dfe122,Undirected,1,2017
"Tatarinova, Tatiana V_2025-11-19T21:29:49",69825516c835c41957dfe122,Undirected,1,2017
"Prokhortchouk, E B_2025-11-19T21:15:42",69825516c835c41957dfe122,Undirected,1,2017
"Bouwman, Abigail S_2025-11-19T21:45:52",69825516c835c41957dfe123,Undirected,1,2017
"Shved, Natallia_2025-11-19T21:15:36",69825516c835c41957dfe123,Undirected,1,2017
"Akgül, Gülfirde_2025-11-19T21:25:31",69825516c835c41957dfe123,Undirected,1,2017
"Rühli, Frank J._2025-11-19T21:16:09",69825516c835c41957dfe123,Undirected,1,2017
"Warinner, Christina_2025-11-19T21:21:16",69825516c835c41957dfe123,Undirected,1,2017
"Müller, Barbara_2025-11-19T21:17:41",69825516c835c41957dfe3dd,Undirected,1,2017
"Heil, Uta_2025-11-19T21:30:35",69825516c835c41957dfe3dd,Undirected,1,2017
"Ulrich, Jörg_2025-11-19T21:30:35",69825516c835c41957dfe3dd,Undirected,1,2017
"Meier, Mischa_2025-11-19T21:29:02",69825516c835c41957dfe3f4,Undirected,1,2017
"Heil, Uta_2025-11-19T21:30:35",69825516c835c41957dfe3f4,Undirected,1,2017
"Ulrich, Jörg_2025-11-19T21:30:35",69825516c835c41957dfe3f4,Undirected,1,2017
"Brandsma, Frank_2025-11-19T21:16:14",69825516c835c41957dfe3f5,Undirected,1,2017
"Tether, Leah_2025-11-19T21:30:37",69825516c835c41957dfe3f5,Undirected,1,2017
"McFadyen, Johnny_2025-11-19T21:30:37",69825516c835c41957dfe3f5,Undirected,1,2017
"Đukić, Ksenija_2025-11-19T21:15:52",69825516c835c41957dfe656,Undirected,1,2017
"Vulović, Dragana_2025-11-19T21:15:52",69825516c835c41957dfe656,Undirected,1,2017
"Miladinović-Radmilović, Nataša_2025-11-19T21:15:52",69825516c835c41957dfe656,Undirected,1,2017
"Poshekhonova, Olga E_2025-11-19T21:17:38",69825516c835c41957dfef0f,Undirected,1,2017
Sleptsova A.V._2025-11-19T21:20:26,69825516c835c41957dfef0f,Undirected,1,2017
"Alterauge, Amelie_2025-11-19T21:15:36",69825516c835c41957dfef54,Undirected,1,2017
"Kellinghaus, Manuel_2025-11-19T21:15:36",69825516c835c41957dfef54,Undirected,1,2017
"Jackowski, Christian_2025-11-19T21:15:36",69825516c835c41957dfef54,Undirected,1,2017
"Shved, Natallia_2025-11-19T21:15:36",69825516c835c41957dfef54,Undirected,1,2017
"Rühli, Frank J._2025-11-19T21:16:09",69825516c835c41957dfef54,Undirected,1,2017
"Maixner, Frank_2025-11-19T21:15:36",69825516c835c41957dfef54,Undirected,1,2017
"Zink, Albert_2025-11-19T21:15:36",69825516c835c41957dfef54,Undirected,1,2017
"Rosendahl, Wilfried_2025-11-19T21:15:36",69825516c835c41957dfef54,Undirected,1,2017
"Lösch, Sandra_2025-11-19T21:15:36",69825516c835c41957dfef54,Undirected,1,2017
"Hoon Shin, Dong_2025-11-19T21:32:18",69825516c835c41957dfef54,Undirected,1,2017
"Jóźwiak, Sławomir_2025-11-19T21:16:33",69825516c835c41957dfef5e,Undirected,1,2017
"Trupinda, Janusz_2025-11-19T21:29:49",69825516c835c41957dfef5e,Undirected,1,2017
"Kissane, Alan_2025-11-19T21:16:13",69825516c835c41957dfefa9,Undirected,1,2017
"Mackman, Jonathan_2025-11-19T21:34:35",69825516c835c41957dfefa9,Undirected,1,2017
"Cool, Hilary_2025-11-19T21:34:43",69825516c835c41957dff01f,Undirected,1,2017
"Ellis, Blanche_2025-11-19T21:34:43",69825516c835c41957dff01f,Undirected,1,2017
"Pearce, Jacqueline_2025-11-19T21:17:35",69825516c835c41957dff01f,Undirected,1,2017
"Zeepvat, Robert_2025-11-19T21:34:43",69825516c835c41957dff01f,Undirected,1,2017
"Nirenberg, David_2025-11-19T21:24:54",69825516c835c41957dff096,Undirected,1,2017
"Vose, Robin_2025-11-19T21:34:49",69825516c835c41957dff096,Undirected,1,2017
"Blankenfeldt, Ruth_2025-11-19T21:23:12",69825516c835c41957dff0a1,Undirected,1,2017
"Carnap-Bornheim, Claus von_2025-11-19T21:40:50",69825516c835c41957dff0a1,Undirected,1,2017
"De Clercq, Wim_2025-11-19T21:17:14",69825516c835c41957dff398,Undirected,1,2017
"Dreesen, Roland_2025-11-19T21:21:15",69825516c835c41957dff398,Undirected,1,2017
"Dumolyn, Jan_2025-11-19T21:17:16",69825516c835c41957dff398,Undirected,1,2017
"Leloup, Ward_2025-11-19T21:23:02",69825516c835c41957dff398,Undirected,1,2017
"Trachet, Jan_2025-11-19T21:36:04",69825516c835c41957dff398,Undirected,1,2017
"Bäckström, Ylva_2025-11-19T21:18:30",69825517c835c41957e004bb,Undirected,1,2017
"Mispelaere, Jan_2025-11-19T21:18:30",69825517c835c41957e004bb,Undirected,1,2017
"Ingvarsson-Sundström, Anne_2025-11-19T21:18:30",69825517c835c41957e004bb,Undirected,1,2017
"Fjellström, Markus_2025-11-19T21:18:30",69825517c835c41957e004bb,Undirected,1,2017
"Britton, Kate_2025-11-19T21:18:30",69825517c835c41957e004bb,Undirected,1,2017
"Kalová, Kateřina_2025-11-19T21:28:50",69825517c835c41957e01406,Undirected,1,2017
"Přichystalová, Renáta_2025-11-19T21:18:32",69825517c835c41957e01406,Undirected,1,2017
"Boberová, Kateřina_2025-11-19T21:28:50",69825517c835c41957e01406,Undirected,1,2017
"Pavlůsková, Alena_2025-11-19T21:28:50",69825517c835c41957e01406,Undirected,1,2017
"Raffield, Ben_2025-11-19T21:16:08",69825517c835c41957e017c7,Undirected,1,2017
"Price, Neil_2025-11-19T21:17:08",69825517c835c41957e017c7,Undirected,1,2017
"Collard, Mark_2025-11-19T21:15:34",69825517c835c41957e017c7,Undirected,1,2017
"Smith, Kay Douglas_2025-11-19T21:17:21",69825517c835c41957e0182f,Undirected,1,2017
"Brown, Ruth R._2025-11-19T21:50:57",69825517c835c41957e0182f,Undirected,1,2017
"Billoin, David_2025-11-19T21:18:50",69825517c835c41957e0193f,Undirected,1,2017
"Cramatte, Cédric_2026-01-14T22:01:00",69825517c835c41957e0193f,Undirected,1,2017
"Juan Ares, Jorge de_2026-01-14T22:04:05",69825517c835c41957e01990,Undirected,1,2017
"Schibille, Nadine_2025-11-19T21:20:57",69825517c835c41957e01990,Undirected,1,2017
"Symonds, James_2025-11-19T21:29:38",69825517c835c41957e019f3,Undirected,1,2017
"Herva, Vesa-Pekka_2025-11-19T21:29:50",69825517c835c41957e019f3,Undirected,1,2017
"Pope, Peter_2025-11-19T21:26:32",69825517c835c41957e019f3,Undirected,1,2017
"Solé-Morata, Neus_2026-01-15T08:56:24",69825517c835c41957e019f9,Undirected,1,2017
"Villaescusa, Patricia_2026-01-15T08:56:25",69825517c835c41957e019f9,Undirected,1,2017
"García-Fernández, Carla_2026-01-15T08:56:26",69825517c835c41957e019f9,Undirected,1,2017
"Font-Porterias, Neus_2026-01-15T08:56:28",69825517c835c41957e019f9,Undirected,1,2017
"Illescas, María José_2026-01-15T08:56:29",69825517c835c41957e019f9,Undirected,1,2017
"Valverde, Laura_2026-01-15T08:56:30",69825517c835c41957e019f9,Undirected,1,2017
"Tassi, Francesca_2025-11-19T21:26:04",69825517c835c41957e019f9,Undirected,1,2017
"Ghirotto, Silvia_2025-11-19T21:23:44",69825517c835c41957e019f9,Undirected,1,2017
"Férec, Claude_2026-01-15T08:56:31",69825517c835c41957e019f9,Undirected,1,2017
"Rouault, Karen_2026-01-15T08:56:32",69825517c835c41957e019f9,Undirected,1,2017
"Jiménez-Moreno, Susana_2026-01-15T08:56:33",69825517c835c41957e019f9,Undirected,1,2017
"Martínez-Jarreta, Begoña_2026-01-15T08:56:34",69825517c835c41957e019f9,Undirected,1,2017
"Pinheiro, Maria Fátima_2026-01-15T08:56:36",69825517c835c41957e019f9,Undirected,1,2017
"Zarrabeitia, María T_2026-01-15T08:56:37",69825517c835c41957e019f9,Undirected,1,2017
"Carracedo, Ángel_2026-01-15T08:56:38",69825517c835c41957e019f9,Undirected,1,2017
"M. de Pancorbo, Marian_2025-11-19T21:15:52",69825517c835c41957e019f9,Undirected,1,2017
"Calafell, Francesc_2026-01-15T08:56:49",69825517c835c41957e019f9,Undirected,1,2017
"Gervers, Michael_2025-11-19T21:16:56",69825516c835c41957dfa1a7,Undirected,1,2018
"Tilahun, Gelila_2025-11-19T21:16:56",69825516c835c41957dfa1a7,Undirected,1,2018
"Khoshraftar, Shima_2025-11-19T21:16:56",69825516c835c41957dfa1a7,Undirected,1,2018
"Mitchell, Roderick A._2025-11-19T21:16:56",69825516c835c41957dfa1a7,Undirected,1,2018
"Vedeler, Marianne_2025-11-19T21:17:19",69825516c835c41957dfa3d9,Undirected,1,2018
"Kristoffersen, Elna Siv_2025-11-19T21:17:19",69825516c835c41957dfa3d9,Undirected,1,2018
"Røstad, Ingunn Marit_2025-11-19T21:17:19",69825516c835c41957dfa3d9,Undirected,1,2018
"Christie, Neil_2025-11-19T21:17:11",69825516c835c41957dfa4d8,Undirected,1,2018
"Naylor, John_2025-11-19T21:15:51",69825516c835c41957dfa4d8,Undirected,1,2018
"Vitali, Tiziana_2025-11-19T21:17:19",69825516c835c41957dfa4d8,Undirected,1,2018
"Gleeson, Patrick_2025-11-19T21:17:19",69825516c835c41957dfa4d8,Undirected,1,2018
"CARRAGÁIN, TÓMAS Ó_2025-11-19T21:17:30",69825516c835c41957dfa4d8,Undirected,1,2018
"Nord, Anders G._2025-11-19T21:17:30",69825516c835c41957dfa4ef,Undirected,1,2018
"Tronner, Kate_2025-11-19T21:17:30",69825516c835c41957dfa4ef,Undirected,1,2018
"PEDERSEN, UNN_2025-11-19T21:17:31",69825516c835c41957dfa4f4,Undirected,1,2018
"Kristoffersen, Elna Siv_2025-11-19T21:17:19",69825516c835c41957dfa4f4,Undirected,1,2018
"Knific, Timotej_2025-11-19T21:15:42",69825516c835c41957dfa78c,Undirected,1,2018
"Šmit, Žiga_2025-11-19T21:17:57",69825516c835c41957dfa78c,Undirected,1,2018
"Knific Lunder, Dragica_2025-11-19T21:17:57",69825516c835c41957dfa78c,Undirected,1,2018
"Lauko, Tomaž._2025-11-19T21:17:57",69825516c835c41957dfa78c,Undirected,1,2018
"Vrečič, Tomislav_2025-11-19T21:17:57",69825516c835c41957dfa78c,Undirected,1,2018
"Brandt, Luise Ørsted_2025-11-19T21:38:44",69825516c835c41957dfa7ce,Undirected,1,2018
"Haase, Kirstine_2025-11-19T21:21:25",69825516c835c41957dfa7ce,Undirected,1,2018
"Collins, Matthew J._2025-11-19T21:24:59",69825516c835c41957dfa7ce,Undirected,1,2018
"Curto, Ana_2025-11-19T21:18:04",69825516c835c41957dfa81e,Undirected,1,2018
"Mahoney, Patrick_2025-11-19T21:18:04",69825516c835c41957dfa81e,Undirected,1,2018
"Fahy, Geraldine_2025-11-19T21:18:04",69825516c835c41957dfa81e,Undirected,1,2018
"Maurer, Anne-France_2025-11-19T21:16:37",69825516c835c41957dfa81e,Undirected,1,2018
"Barrocas-Dias, Cristina_2025-11-19T21:21:00",69825516c835c41957dfa81e,Undirected,1,2018
"Fernandes, Teresa_2025-11-19T21:18:04",69825516c835c41957dfa81e,Undirected,1,2018
"Oppenheimer, Clive_2025-11-19T21:18:20",69825516c835c41957dfa98f,Undirected,1,2018
"Orchard, Andy_2025-11-19T21:18:20",69825516c835c41957dfa98f,Undirected,1,2018
"Stoffel, Markus_2025-11-19T21:18:20",69825516c835c41957dfa98f,Undirected,1,2018
"Newfield, Timothy P._2025-11-19T21:18:20",69825516c835c41957dfa98f,Undirected,1,2018
"Guillet, Sébastien_2025-11-19T21:18:20",69825516c835c41957dfa98f,Undirected,1,2018
"Sigl, Michael_2025-11-19T21:18:20",69825516c835c41957dfa98f,Undirected,1,2018
"Cosmo, Nicola Di_2025-11-19T21:17:29",69825516c835c41957dfa98f,Undirected,1,2018
"Mandon, Fabrice_2025-11-19T21:18:33",69825516c835c41957dfaabe,Undirected,1,2018
"Linlaud, Mathieu_2025-11-19T21:18:33",69825516c835c41957dfaabe,Undirected,1,2018
"Mušič, Branko_2025-11-19T21:15:42",69825516c835c41957dfab4b,Undirected,1,2018
"Tkalčec, Tatjana_2025-11-19T21:18:38",69825516c835c41957dfab4b,Undirected,1,2018
"Horn, Barbara_2025-11-19T21:17:11",69825516c835c41957dfab4b,Undirected,1,2018
"Medarič, Igor_2025-11-19T21:17:11",69825516c835c41957dfab4b,Undirected,1,2018
"Basar, Petra_2025-11-19T21:18:38",69825516c835c41957dfab4b,Undirected,1,2018
"Dupont, Hélène_2025-11-19T21:19:06",69825516c835c41957dfae12,Undirected,1,2018
"Lefebvre, Raphaëlle_2025-11-19T21:19:06",69825516c835c41957dfae12,Undirected,1,2018
"Niel, Cécile_2025-11-19T21:19:04",69825516c835c41957dfae12,Undirected,1,2018
"Broine, Éric_2025-11-19T21:19:06",69825516c835c41957dfae12,Undirected,1,2018
"Bougault, Denis_2025-11-19T21:19:06",69825516c835c41957dfae12,Undirected,1,2018
"Bazin, Gwenaëlle_2025-11-19T21:19:06",69825516c835c41957dfae12,Undirected,1,2018
"Briggs, Chris_2025-11-19T21:20:41",69825516c835c41957dfb6da,Undirected,1,2018
"Zuijderduijn, Jaco_2025-11-19T21:18:28",69825516c835c41957dfb6da,Undirected,1,2018
"Riddell, Scott_2025-11-19T21:20:52",69825516c835c41957dfb791,Undirected,1,2018
"Erlendsson, Egill_2025-11-19T21:20:52",69825516c835c41957dfb791,Undirected,1,2018
"Gísladóttir, Guðrún_2025-11-19T21:20:52",69825516c835c41957dfb791,Undirected,1,2018
"Edwards, Kevin J._2025-11-19T21:20:52",69825516c835c41957dfb791,Undirected,1,2018
"Byock, Jesse L._2025-11-19T21:27:57",69825516c835c41957dfb791,Undirected,1,2018
"Zori, Davide_2025-11-19T21:15:54",69825516c835c41957dfb791,Undirected,1,2018
"Badura, Monika_2025-11-19T21:17:59",69825516c835c41957dfb793,Undirected,1,2018
"Noryśkiewicz, Agnieszka M._2025-11-19T21:17:59",69825516c835c41957dfb793,Undirected,1,2018
"Kaźmierczak, Ryszard_2025-11-19T21:17:59",69825516c835c41957dfb793,Undirected,1,2018
"Corbineau, Rémi_2025-11-19T21:20:53",69825516c835c41957dfb79c,Undirected,1,2018
"Ruas, Marie-Pierre_2025-11-19T21:18:48",69825516c835c41957dfb79c,Undirected,1,2018
"Barbier-Pain, Delphine_2025-11-19T21:20:53",69825516c835c41957dfb79c,Undirected,1,2018
"Fornaciari, Gino_2025-11-19T21:20:53",69825516c835c41957dfb79c,Undirected,1,2018
"Dupont, Hélène_2025-11-19T21:19:06",69825516c835c41957dfb79c,Undirected,1,2018
"Colleter, Rozenn_2025-11-19T21:20:24",69825516c835c41957dfb79c,Undirected,1,2018
"Maltin, Emma_2025-11-19T21:17:29",69825516c835c41957dfb7ac,Undirected,1,2018
"Jonsson, Leif_2025-11-19T21:20:53",69825516c835c41957dfb7ac,Undirected,1,2018
"de Barros Damgaard, Peter_2025-11-19T21:21:08",69825516c835c41957dfb7e1,Undirected,1,2018
"Marchi, Nina_2025-11-19T21:20:57",69825516c835c41957dfb7e1,Undirected,1,2018
"Rasmussen, Simon_2025-11-19T21:20:57",69825516c835c41957dfb7e1,Undirected,1,2018
"Peyrot, Michaël_2025-11-19T21:20:57",69825516c835c41957dfb7e1,Undirected,1,2018
"Renaud, Gabriel_2025-11-19T21:20:57",69825516c835c41957dfb7e1,Undirected,1,2018
"Korneliussen, Thorfinn_2025-11-19T21:20:57",69825516c835c41957dfb7e1,Undirected,1,2018
"Moreno-Mayar, J. Víctor_2025-11-19T21:20:57",69825516c835c41957dfb7e1,Undirected,1,2018
"Pedersen, Mikkel Winther_2025-11-19T21:20:57",69825516c835c41957dfb7e1,Undirected,1,2018
"Goldberg, Amy_2025-11-19T21:20:57",69825516c835c41957dfb7e1,Undirected,1,2018
"Usmanova, Emma_2025-11-19T21:20:57",69825516c835c41957dfb7e1,Undirected,1,2018
"Baimukhanov, Nurbol_2025-11-19T21:20:57",69825516c835c41957dfb7e1,Undirected,1,2018
"Loman, Valeriy_2025-11-19T21:20:57",69825516c835c41957dfb7e1,Undirected,1,2018
"Pedersen, Anders Gorm_2025-11-19T21:20:57",69825516c835c41957dfb7e1,Undirected,1,2018
"Nielsen, Kasper_2025-11-19T21:20:57",69825516c835c41957dfb7e1,Undirected,1,2018
"Afanasiev, Gennady_2025-11-19T21:20:57",69825516c835c41957dfb7e1,Undirected,1,2018
"Akmatov, Kunbolot_2025-11-19T21:20:57",69825516c835c41957dfb7e1,Undirected,1,2018
"Aldashev, Almaz_2025-11-19T21:20:57",69825516c835c41957dfb7e1,Undirected,1,2018
"Alpaslan, Ashyk_2025-11-19T21:20:57",69825516c835c41957dfb7e1,Undirected,1,2018
"Baimbetov, Gabit_2025-11-19T21:20:57",69825516c835c41957dfb7e1,Undirected,1,2018
"Bazaliiskii, Vladimir I._2025-11-19T21:20:57",69825516c835c41957dfb7e1,Undirected,1,2018
"Beisenov, Arman_2025-11-19T21:20:57",69825516c835c41957dfb7e1,Undirected,1,2018
"Boldbaatar, Bazartseren_2025-11-19T21:20:57",69825516c835c41957dfb7e1,Undirected,1,2018
"Boldgiv, Bazartseren_2025-11-19T21:18:18",69825516c835c41957dfb7e1,Undirected,1,2018
"Dorzhu, Choduraa_2025-11-19T21:20:57",69825516c835c41957dfb7e1,Undirected,1,2018
"Ellingvåg, Sturla_2025-11-19T21:20:31",69825516c835c41957dfb7e1,Undirected,1,2018
"Erdenebaatar, Diimaajav_2025-11-19T21:20:57",69825516c835c41957dfb7e1,Undirected,1,2018
"Dajani, Rana_2025-11-19T21:20:57",69825516c835c41957dfb7e1,Undirected,1,2018
Dmitriev Yevgeny A._2025-11-19T21:17:15,69825516c835c41957dfb7e1,Undirected,1,2018
"Evdokimov, Valeriy_2025-11-19T21:20:57",69825516c835c41957dfb7e1,Undirected,1,2018
"Frei, Karin Margarita_2025-11-19T21:22:09",69825516c835c41957dfb7e1,Undirected,1,2018
"Gromov, Andrey_2025-11-19T21:20:57",69825516c835c41957dfb7e1,Undirected,1,2018
"Goryachev, Alexander_2025-11-19T21:20:57",69825516c835c41957dfb7e1,Undirected,1,2018
"Hakonarson, Hakon_2025-11-19T21:20:57",69825516c835c41957dfb7e1,Undirected,1,2018
"Hegay, Tatyana_2025-11-19T21:20:57",69825516c835c41957dfb7e1,Undirected,1,2018
"Khachatryan, Zaruhi_2025-11-19T21:20:57",69825516c835c41957dfb7e1,Undirected,1,2018
"Khaskhanov, Ruslan_2025-11-19T21:20:57",69825516c835c41957dfb7e1,Undirected,1,2018
"Kitov, Egor P._2025-11-19T21:16:51",69825516c835c41957dfb7e1,Undirected,1,2018
"Kolbina, Alina_2025-11-19T21:20:57",69825516c835c41957dfb7e1,Undirected,1,2018
"Kubatbek, Tabaldiev_2025-11-19T21:20:57",69825516c835c41957dfb7e1,Undirected,1,2018
Kukushkin Alexey I._2025-11-19T21:17:15,69825516c835c41957dfb7e1,Undirected,1,2018
"Kukushkin, Igor_2025-11-19T21:20:57",69825516c835c41957dfb7e1,Undirected,1,2018
"Lau, Nina_2025-11-19T21:20:57",69825516c835c41957dfb7e1,Undirected,1,2018
"Margaryan, Ashot_2025-11-19T21:20:57",69825516c835c41957dfb7e1,Undirected,1,2018
"Merkyte, Inga_2025-11-19T21:20:57",69825516c835c41957dfb7e1,Undirected,1,2018
"Mertz, Ilya V._2025-11-19T21:20:57",69825516c835c41957dfb7e1,Undirected,1,2018
"Mertz, Viktor K._2025-11-19T21:20:57",69825516c835c41957dfb7e1,Undirected,1,2018
"Mijiddorj, Enkhbayar_2025-11-19T21:20:57",69825516c835c41957dfb7e1,Undirected,1,2018
"Moiseyev, Vyacheslav_2025-11-19T21:16:51",69825516c835c41957dfb7e1,Undirected,1,2018
"Mukhtarova, Gulmira_2025-11-19T21:20:57",69825516c835c41957dfb7e1,Undirected,1,2018
"Bereczki, Zsolt_2025-11-19T21:16:51",69825516c835c41957dfb7ed,Undirected,1,2018
"Bencsik, Attila_2025-11-19T21:20:58",69825516c835c41957dfb7ed,Undirected,1,2018
"Székely, György_2025-11-19T21:18:43",69825516c835c41957dfb7ed,Undirected,1,2018
"Paja, László_2025-11-19T21:20:58",69825516c835c41957dfb7ed,Undirected,1,2018
"Molnár, Erika_2025-11-19T21:16:51",69825516c835c41957dfb7ed,Undirected,1,2018
"Fogl, Ágnes_2025-11-19T21:20:58",69825516c835c41957dfb7ed,Undirected,1,2018
"Galbács, Gábor_2025-11-19T21:20:58",69825516c835c41957dfb7ed,Undirected,1,2018
"Pálfi, György_2025-11-19T21:17:44",69825516c835c41957dfb7ed,Undirected,1,2018
"Buckland, Paul C._2025-11-19T21:20:52",69825516c835c41957dfb802,Undirected,1,2018
"Buckland, Philip I._2025-11-19T21:20:59",69825516c835c41957dfb802,Undirected,1,2018
"Panagiotakopulu, Eva_2025-11-19T21:20:59",69825516c835c41957dfb802,Undirected,1,2018
"Mühlemann, Barbara_2025-11-19T21:21:01",69825516c835c41957dfb892,Undirected,1,2018
"Jones, Terry C_2025-11-19T21:31:39",69825516c835c41957dfb892,Undirected,1,2018
"de Barros Damgaard, Peter_2025-11-19T21:21:08",69825516c835c41957dfb892,Undirected,1,2018
"Allentoft, Morten E._2025-11-19T21:21:01",69825516c835c41957dfb892,Undirected,1,2018
"Shevnina, Irina_2025-11-19T21:21:01",69825516c835c41957dfb892,Undirected,1,2018
"Logvin, Andrey_2025-11-19T21:21:01",69825516c835c41957dfb892,Undirected,1,2018
"Usmanova, Emma_2025-11-19T21:20:57",69825516c835c41957dfb892,Undirected,1,2018
"Panyushkina, Irina P._2025-11-19T21:21:01",69825516c835c41957dfb892,Undirected,1,2018
"Boldgiv, Bazartseren_2025-11-19T21:18:18",69825516c835c41957dfb892,Undirected,1,2018
"Bazartseren, Tsevel_2025-11-19T21:21:01",69825516c835c41957dfb892,Undirected,1,2018
"Tashbaeva, Kadicha_2025-11-19T21:21:01",69825516c835c41957dfb892,Undirected,1,2018
"Merz, Victor_2025-11-19T21:21:01",69825516c835c41957dfb892,Undirected,1,2018
"Lau, Nina_2025-11-19T21:20:57",69825516c835c41957dfb892,Undirected,1,2018
"Smrčka, Václav_2025-11-19T21:21:01",69825516c835c41957dfb892,Undirected,1,2018
"Voyakin, Dmitry_2025-11-19T21:21:01",69825516c835c41957dfb892,Undirected,1,2018
"Kitov, Egor P._2025-11-19T21:16:51",69825516c835c41957dfb892,Undirected,1,2018
"Epimakhov, Andrey_2025-11-19T21:21:01",69825516c835c41957dfb892,Undirected,1,2018
"Pokutta, Dalia_2025-11-19T21:21:01",69825516c835c41957dfb892,Undirected,1,2018
"Vicze, Magdolna_2025-11-19T21:21:01",69825516c835c41957dfb892,Undirected,1,2018
"Price, Theron Douglas_2025-11-19T21:22:09",69825516c835c41957dfb892,Undirected,1,2018
"Moiseyev, Vyacheslav_2025-11-19T21:16:51",69825516c835c41957dfb892,Undirected,1,2018
"Hansen, Anders Johannes_2025-11-19T21:38:41",69825516c835c41957dfb892,Undirected,1,2018
"Orlando, Ludovic_2025-11-19T21:16:40",69825516c835c41957dfb892,Undirected,1,2018
"Rasmussen, Simon_2025-11-19T21:20:57",69825516c835c41957dfb892,Undirected,1,2018
"Sikora, Martin_2025-11-19T21:21:01",69825516c835c41957dfb892,Undirected,1,2018
"Vinner, Lasse_2025-11-19T21:21:01",69825516c835c41957dfb892,Undirected,1,2018
"Osterhaus, Albert D. M. E._2025-11-19T21:21:01",69825516c835c41957dfb892,Undirected,1,2018
"Smith, Derek J._2025-11-19T21:21:01",69825516c835c41957dfb892,Undirected,1,2018
"Glebe, Dieter_2025-11-19T21:21:01",69825516c835c41957dfb892,Undirected,1,2018
"Fouchier, Ron A. M._2025-11-19T21:21:01",69825516c835c41957dfb892,Undirected,1,2018
"Drosten, Christian_2025-11-19T21:21:01",69825516c835c41957dfb892,Undirected,1,2018
"Sjögren, Karl-Göran_2025-11-19T21:21:01",69825516c835c41957dfb892,Undirected,1,2018
"Kristiansen, Kristian_2025-11-19T21:21:01",69825516c835c41957dfb892,Undirected,1,2018
"Willerslev, Eske_2025-11-19T21:17:06",69825516c835c41957dfb892,Undirected,1,2018
"Štular, Benjamin_2025-11-19T21:21:28",69825516c835c41957dfba0e,Undirected,1,2018
"Pleterski, Andrej_2025-11-19T21:21:28",69825516c835c41957dfba0e,Undirected,1,2018
"Jöns, Hauke_2025-11-19T21:18:04",69825516c835c41957dfbac0,Undirected,1,2018
"Kowalska, Anna Bogumiła_2025-11-19T21:21:38",69825516c835c41957dfbac0,Undirected,1,2018
"Beglane, Fiona_2025-11-19T21:16:39",69825516c835c41957dfbde1,Undirected,1,2018
"Baker, Karis H._2025-11-19T21:16:39",69825516c835c41957dfbde1,Undirected,1,2018
"Carden, Ruth F._2025-11-19T21:16:39",69825516c835c41957dfbde1,Undirected,1,2018
"Hoelzel, A. Rus_2025-11-19T21:16:39",69825516c835c41957dfbde1,Undirected,1,2018
"Lamb, Angela L._2025-11-19T21:16:39",69825516c835c41957dfbde1,Undirected,1,2018
"Fhionnghaile, Rita Mhig_2025-11-19T21:22:15",69825516c835c41957dfbde1,Undirected,1,2018
"Miller, Holly_2025-11-19T21:16:39",69825516c835c41957dfbde1,Undirected,1,2018
"Sykes, Naomi Jane_2025-11-19T21:38:06",69825516c835c41957dfbde1,Undirected,1,2018
"O'Sullivan, Niall_2025-11-19T21:22:49",69825516c835c41957dfc107,Undirected,1,2018
"Posth, Cosimo_2025-11-19T21:22:49",69825516c835c41957dfc107,Undirected,1,2018
"Coia, Valentina_2025-11-19T21:15:47",69825516c835c41957dfc107,Undirected,1,2018
"Schuenemann, Verena J._2025-11-19T21:16:09",69825516c835c41957dfc107,Undirected,1,2018
"Price, Theron Douglas_2025-11-19T21:22:09",69825516c835c41957dfc107,Undirected,1,2018
"Wahl, Joachim_2025-11-19T21:22:49",69825516c835c41957dfc107,Undirected,1,2018
"Pinhasi, Ron_2025-11-19T21:17:38",69825516c835c41957dfc107,Undirected,1,2018
"Zink, Albert_2025-11-19T21:15:36",69825516c835c41957dfc107,Undirected,1,2018
"Krause, Johannes_2025-11-19T21:16:50",69825516c835c41957dfc107,Undirected,1,2018
"Maixner, Frank_2025-11-19T21:15:36",69825516c835c41957dfc107,Undirected,1,2018
"Ivanišević, Vujadin_2025-11-19T21:22:50",69825516c835c41957dfc118,Undirected,1,2018
"Bugarski, Ivan_2025-11-19T21:22:39",69825516c835c41957dfc118,Undirected,1,2018
"Perner, Kerstin_2025-11-19T21:26:39",69825516c835c41957dfe01a,Undirected,1,2018
"Moros, Matthias_2025-11-19T21:21:00",69825516c835c41957dfe01a,Undirected,1,2018
"De Deckker, Patrick_2025-11-19T21:29:38",69825516c835c41957dfe01a,Undirected,1,2018
"Blanz, Thomas_2025-11-19T21:26:39",69825516c835c41957dfe01a,Undirected,1,2018
"Wacker, Lukas_2025-11-19T21:15:51",69825516c835c41957dfe01a,Undirected,1,2018
"Telford, Richard_2025-11-19T21:29:38",69825516c835c41957dfe01a,Undirected,1,2018
"Siegel, Herbert_2025-11-19T21:29:38",69825516c835c41957dfe01a,Undirected,1,2018
"Schneider, Ralph_2025-11-19T21:26:39",69825516c835c41957dfe01a,Undirected,1,2018
"Jansen, Eystein_2025-11-19T21:21:00",69825516c835c41957dfe01a,Undirected,1,2018
"Göhring, Andrea_2025-11-19T21:27:37",69825516c835c41957dfe01c,Undirected,1,2018
"Mauder, Markus_2025-11-19T21:27:37",69825516c835c41957dfe01c,Undirected,1,2018
"Vohberger, Marina_2025-11-19T21:29:38",69825516c835c41957dfe01c,Undirected,1,2018
"Nehlich, Olaf_2025-11-19T21:29:38",69825516c835c41957dfe01c,Undirected,1,2018
"Carnap-Bornheim, Claus von_2025-11-19T21:40:50",69825516c835c41957dfe01c,Undirected,1,2018
"Hilberg, Volker_2025-11-19T21:15:34",69825516c835c41957dfe01c,Undirected,1,2018
"Kröger, Peer_2025-11-19T21:27:37",69825516c835c41957dfe01c,Undirected,1,2018
"Grupe, Gisela_2025-11-19T21:20:51",69825516c835c41957dfe01c,Undirected,1,2018
"Binczewska, Anna_2025-11-19T21:29:39",69825516c835c41957dfe034,Undirected,1,2018
"Moros, Matthias_2025-11-19T21:21:00",69825516c835c41957dfe034,Undirected,1,2018
"Polovodova, I._2025-11-19T21:26:34",69825516c835c41957dfe034,Undirected,1,2018
"Sławińska, Joanna_2025-11-19T21:29:39",69825516c835c41957dfe034,Undirected,1,2018
"Bąk, Małgorzata_2025-11-19T21:29:39",69825516c835c41957dfe034,Undirected,1,2018
"Gerrard, C. M._2025-11-19T21:17:30",69825516c835c41957dfe0c5,Undirected,1,2018
"Gutiérrez, Alejandra_2025-11-19T21:29:45",69825516c835c41957dfe0c5,Undirected,1,2018
"Gerrard, C. M._2025-11-19T21:17:30",69825516c835c41957dfe0c6,Undirected,1,2018
"Gutiérrez, Alejandra_2025-11-19T21:29:45",69825516c835c41957dfe0c6,Undirected,1,2018
"Giles, Kate_2025-11-19T21:29:45",69825516c835c41957dfe0c6,Undirected,1,2018
"McClain, Aleksandra_2025-11-19T21:27:25",69825516c835c41957dfe0c6,Undirected,1,2018
"Gerrard, C. M._2025-11-19T21:17:30",69825516c835c41957dfe0c7,Undirected,1,2018
"Gutiérrez, Alejandra_2025-11-19T21:29:45",69825516c835c41957dfe0c7,Undirected,1,2018
"Draper, Simon A._2025-11-19T21:29:45",69825516c835c41957dfe0c7,Undirected,1,2018
"Gerrard, C. M._2025-11-19T21:17:30",69825516c835c41957dfe0c8,Undirected,1,2018
"Gutiérrez, Alejandra_2025-11-19T21:29:45",69825516c835c41957dfe0c8,Undirected,1,2018
"Richardson, Amanda_2025-11-19T21:27:55",69825516c835c41957dfe0c8,Undirected,1,2018
"Torres, Trinidad_2025-11-19T21:29:46",69825516c835c41957dfe0e1,Undirected,1,2018
"Ramallo, Sebastián_2025-11-19T21:29:46",69825516c835c41957dfe0e1,Undirected,1,2018
"Sánchez-Palencia, Yolanda_2025-11-19T21:29:46",69825516c835c41957dfe0e1,Undirected,1,2018
"Ros, Milagros_2025-11-19T21:29:46",69825516c835c41957dfe0e1,Undirected,1,2018
"Ortiz, José E._2025-11-19T21:38:58",69825516c835c41957dfe0e1,Undirected,1,2018
"Navarro, Francisca_2025-11-19T21:29:46",69825516c835c41957dfe0e1,Undirected,1,2018
"Cerezo, Felipe_2025-11-19T21:29:46",69825516c835c41957dfe0e1,Undirected,1,2018
"Rodríguez-Estrella, Tomás_2026-01-15T09:05:32",69825516c835c41957dfe0e1,Undirected,1,2018
"Manteca, Ignacio_2025-11-19T21:29:46",69825516c835c41957dfe0e1,Undirected,1,2018
"Opała-Owczarek, Magdalena_2025-11-19T21:29:56",69825516c835c41957dfe1b6,Undirected,1,2018
"Owczarek, Piotr_2025-11-19T21:29:56",69825516c835c41957dfe1b6,Undirected,1,2018
"Rahmonov, Oimahmad_2025-11-19T21:29:56",69825516c835c41957dfe1b6,Undirected,1,2018
"Niedźwiedź, Tadeusz_2025-11-19T21:20:40",69825516c835c41957dfe1b6,Undirected,1,2018
"Warnock, Jonathan P._2025-11-19T21:31:10",69825516c835c41957dfe4fc,Undirected,1,2018
"Bauersachs, Thorsten_2025-11-19T21:31:10",69825516c835c41957dfe4fc,Undirected,1,2018
"Kotthoff, Ulrich_2025-11-19T21:31:10",69825516c835c41957dfe4fc,Undirected,1,2018
"Brandt, Hauke-Tom_2025-11-19T21:31:10",69825516c835c41957dfe4fc,Undirected,1,2018
"Andrén, Elinor_2025-11-19T21:18:06",69825516c835c41957dfe4fc,Undirected,1,2018
"Micarelli, Ileana_2025-11-19T21:31:38",69825516c835c41957dfe5e5,Undirected,1,2018
"Paine, Robert_2025-11-19T21:31:38",69825516c835c41957dfe5e5,Undirected,1,2018
"Giostra, Caterina_2025-11-19T21:15:24",69825516c835c41957dfe5e5,Undirected,1,2018
"Tafuri, Mary Anne_2025-11-19T21:31:38",69825516c835c41957dfe5e5,Undirected,1,2018
"Profico, Antonio_2025-11-19T21:31:38",69825516c835c41957dfe5e5,Undirected,1,2018
"Boggioni, Marco_2025-11-19T21:31:38",69825516c835c41957dfe5e5,Undirected,1,2018
"Di Vincenzo, Fabio_2025-11-19T21:31:38",69825516c835c41957dfe5e5,Undirected,1,2018
"Massani, Danilo_2025-11-19T21:31:38",69825516c835c41957dfe5e5,Undirected,1,2018
"Papini, Andrea_2025-11-19T21:31:38",69825516c835c41957dfe5e5,Undirected,1,2018
"Manzi, Giorgio_2025-11-19T21:17:55",69825516c835c41957dfe5e5,Undirected,1,2018
"Crawford, Sally_2025-11-19T21:16:45",69825516c835c41957dfe66d,Undirected,1,2018
"Hadley, Dawn M._2025-11-19T21:24:34",69825516c835c41957dfe66d,Undirected,1,2018
"Shepherd, Gillian_2025-11-19T21:31:48",69825516c835c41957dfe66d,Undirected,1,2018
"Cessford, Craig_2025-11-19T21:15:49",69825516c835c41957dfe66d,Undirected,1,2018
"Crawford, Sally_2025-11-19T21:16:45",69825516c835c41957dfe66e,Undirected,1,2018
"Hadley, Dawn M._2025-11-19T21:24:34",69825516c835c41957dfe66e,Undirected,1,2018
"Shepherd, Gillian_2025-11-19T21:31:48",69825516c835c41957dfe66e,Undirected,1,2018
"Hakenbeck, Susanne_2025-11-19T21:31:48",69825516c835c41957dfe66e,Undirected,1,2018
"Gismondi, Angelo_2025-11-19T21:31:50",69825516c835c41957dfe685,Undirected,1,2018
"D'Agostino, Alessia_2025-11-19T21:31:50",69825516c835c41957dfe685,Undirected,1,2018
"Canuti, Lorena_2025-11-19T21:31:50",69825516c835c41957dfe685,Undirected,1,2018
"Di Marco, Gabriele_2025-11-19T21:31:50",69825516c835c41957dfe685,Undirected,1,2018
"Martínez-Labarga, Cristina_2025-11-19T21:28:21",69825516c835c41957dfe685,Undirected,1,2018
"Angle, Micaela_2025-11-19T21:28:21",69825516c835c41957dfe685,Undirected,1,2018
"Rickards, Olga_2025-11-19T21:28:21",69825516c835c41957dfe685,Undirected,1,2018
"Canini, Antonella_2025-11-19T21:31:50",69825516c835c41957dfe685,Undirected,1,2018
Barbara Mnich_2025-11-19T21:31:51,69825516c835c41957dfe6a0,Undirected,1,2018
Anna Elżbieta Spinek_2025-11-19T21:31:51,69825516c835c41957dfe6a0,Undirected,1,2018
Maciej Chyleński_2025-11-19T21:31:51,69825516c835c41957dfe6a0,Undirected,1,2018
Aleksandra Sommerfeld_2025-11-19T21:31:51,69825516c835c41957dfe6a0,Undirected,1,2018
"Dabert, Miroslawa_2025-11-19T21:17:06",69825516c835c41957dfe6a0,Undirected,1,2018
"Juras, Anna_2025-11-19T21:17:06",69825516c835c41957dfe6a0,Undirected,1,2018
"Szostek, Krzysztof_2025-11-19T21:15:48",69825516c835c41957dfe6a0,Undirected,1,2018
"Norström, Elin_2025-11-19T21:31:56",69825516c835c41957dfe6de,Undirected,1,2018
"Bringensparr, Caroline_2025-11-19T21:31:56",69825516c835c41957dfe6de,Undirected,1,2018
"Fitchett, Jennifer M_2025-11-19T21:31:56",69825516c835c41957dfe6de,Undirected,1,2018
"Grab, Stefan W_2025-11-19T21:31:56",69825516c835c41957dfe6de,Undirected,1,2018
"Rydberg, Johan_2025-11-19T21:28:37",69825516c835c41957dfe6de,Undirected,1,2018
"Kylander, Malin_2025-11-19T21:31:56",69825516c835c41957dfe6de,Undirected,1,2018
Shakirov Zufar G._2025-11-19T21:29:07,69825516c835c41957dfe6f7,Undirected,1,2018
Khuzin Fayaz Sh_2025-11-19T21:29:06,69825516c835c41957dfe6f7,Undirected,1,2018
"Panagiotakopulu, Eva_2025-11-19T21:20:59",69825516c835c41957dfe713,Undirected,1,2018
"Buckland, Paul C._2025-11-19T21:20:52",69825516c835c41957dfe713,Undirected,1,2018
"Wickler, Stephen_2025-11-19T21:17:26",69825516c835c41957dfe713,Undirected,1,2018
"López-Sáez, José Antonio_2025-11-19T21:17:26",69825516c835c41957dfe719,Undirected,1,2018
"Vargas, Grettel_2025-11-19T21:32:00",69825516c835c41957dfe719,Undirected,1,2018
"Ruiz-Fernández, Jesús_2025-11-19T21:32:00",69825516c835c41957dfe719,Undirected,1,2018
"Blarquez, Olivier_2025-11-19T21:32:00",69825516c835c41957dfe719,Undirected,1,2018
"Alba-Sánchez, Francisca_2025-11-19T21:24:58",69825516c835c41957dfe719,Undirected,1,2018
"Oliva, Marc_2025-11-19T21:32:00",69825516c835c41957dfe719,Undirected,1,2018
"Pérez-Díaz, Sebastián_2025-11-19T21:24:58",69825516c835c41957dfe719,Undirected,1,2018
"Robles-López, Sandra_2025-11-19T21:32:00",69825516c835c41957dfe719,Undirected,1,2018
"Abel-Schaad, Daniel_2025-11-19T21:24:58",69825516c835c41957dfe719,Undirected,1,2018
"Symonds, James_2025-11-19T21:29:38",69825516c835c41957dfe78a,Undirected,1,2018
"Herva, Vesa-Pekka_2025-11-19T21:29:50",69825516c835c41957dfe78a,Undirected,1,2018
"Nurmi, Risto_2025-11-19T21:32:09",69825516c835c41957dfe78a,Undirected,1,2018
"Symonds, James_2025-11-19T21:29:38",69825516c835c41957dfe78d,Undirected,1,2018
"Herva, Vesa-Pekka_2025-11-19T21:29:50",69825516c835c41957dfe78d,Undirected,1,2018
"Naum, Magdalena_2025-11-19T21:17:09",69825516c835c41957dfe78d,Undirected,1,2018
"Nordin, Jonas Monié_2025-11-19T21:47:05",69825516c835c41957dfe78d,Undirected,1,2018
"Ojala, Carl-Gösta_2025-11-19T21:32:09",69825516c835c41957dfe78d,Undirected,1,2018
"Krzewińska, Maja_2025-11-19T21:17:53",69825516c835c41957dfe793,Undirected,1,2018
"Günther, Torsten_2025-11-19T21:18:24",69825516c835c41957dfe793,Undirected,1,2018
"Jonson, Charlotte Hedenstierna_2025-11-19T21:22:38",69825516c835c41957dfe793,Undirected,1,2018
"Zachrisson, Torun_2025-11-19T21:17:05",69825516c835c41957dfe793,Undirected,1,2018
"Omrak, Ayca_2025-11-19T21:18:24",69825516c835c41957dfe793,Undirected,1,2018
"Yaka, Reyhan_2025-11-19T21:17:53",69825516c835c41957dfe793,Undirected,1,2018
"Kilinc, Gulsah Merve_2025-11-19T21:18:24",69825516c835c41957dfe793,Undirected,1,2018
"Somel, Mehmet_2025-11-19T21:18:24",69825516c835c41957dfe793,Undirected,1,2018
"Sobrado, Veronica_2025-11-19T21:18:24",69825516c835c41957dfe793,Undirected,1,2018
"Evans, Jane A._2025-11-19T21:16:39",69825516c835c41957dfe793,Undirected,1,2018
"Knipper, Corina_2025-11-19T21:16:50",69825516c835c41957dfe793,Undirected,1,2018
"Jakobsson, Mattias_2025-11-19T21:18:24",69825516c835c41957dfe793,Undirected,1,2018
"Storå, Jan_2025-11-19T21:17:07",69825516c835c41957dfe793,Undirected,1,2018
"Götherström, Anders_2025-11-19T21:17:53",69825516c835c41957dfe793,Undirected,1,2018
"Ljungqvist, Fredrik Charpentier_2025-11-19T21:16:11",69825516c835c41957dfe794,Undirected,1,2018
"Seim, Andrea_2025-11-19T21:16:11",69825516c835c41957dfe794,Undirected,1,2018
"Amorim, Carlos Eduardo G_2025-11-19T21:32:10",69825516c835c41957dfe795,Undirected,1,2018
"Vai, Stefania_2025-11-19T21:15:24",69825516c835c41957dfe795,Undirected,1,2018
"Posth, Cosimo_2025-11-19T21:22:49",69825516c835c41957dfe795,Undirected,1,2018
"Modi, Alessandra_2025-11-19T21:15:24",69825516c835c41957dfe795,Undirected,1,2018
"Koncz, István_2025-11-19T21:15:24",69825516c835c41957dfe795,Undirected,1,2018
"Hakenbeck, Susanne_2025-11-19T21:31:48",69825516c835c41957dfe795,Undirected,1,2018
"La Rocca, Maria Cristina_2025-11-19T21:22:44",69825516c835c41957dfe795,Undirected,1,2018
"Mende, Balázs Gusztáv_2025-11-19T21:15:24",69825516c835c41957dfe795,Undirected,1,2018
"Bobo, Dean_2025-11-19T21:32:10",69825516c835c41957dfe795,Undirected,1,2018
"Pohl, Walter_2025-11-19T21:15:24",69825516c835c41957dfe795,Undirected,1,2018
"Baricco, Luisella Pejrani_2025-11-19T21:32:10",69825516c835c41957dfe795,Undirected,1,2018
"Bedini, Elena_2025-11-19T21:26:04",69825516c835c41957dfe795,Undirected,1,2018
"Francalacci, Paolo_2025-11-19T21:15:24",69825516c835c41957dfe795,Undirected,1,2018
"Giostra, Caterina_2025-11-19T21:15:24",69825516c835c41957dfe795,Undirected,1,2018
"Vida, Tivadar_2025-11-19T21:15:24",69825516c835c41957dfe795,Undirected,1,2018
"Winger, Daniel_2025-11-19T21:32:10",69825516c835c41957dfe795,Undirected,1,2018
"von Freeden, Uta_2025-11-19T21:25:56",69825516c835c41957dfe795,Undirected,1,2018
"Ghirotto, Silvia_2025-11-19T21:23:44",69825516c835c41957dfe795,Undirected,1,2018
"Lari, Martina_2025-11-19T21:15:24",69825516c835c41957dfe795,Undirected,1,2018
"Barbujani, Guido_2025-11-19T21:21:19",69825516c835c41957dfe795,Undirected,1,2018
"Krause, Johannes_2025-11-19T21:16:50",69825516c835c41957dfe795,Undirected,1,2018
"Caramelli, David_2025-11-19T21:15:24",69825516c835c41957dfe795,Undirected,1,2018
"Geary, Patrick J._2025-11-19T21:15:24",69825516c835c41957dfe795,Undirected,1,2018
"Veeramah, Krishna R._2025-11-19T21:15:24",69825516c835c41957dfe795,Undirected,1,2018
"Ljungqvist, Fredrik Charpentier_2025-11-19T21:16:11",69825516c835c41957dfe79f,Undirected,1,2018
"TEGEL, Willy_2025-11-19T21:20:19",69825516c835c41957dfe79f,Undirected,1,2018
"Krusic, Paul J._2025-11-19T21:15:51",69825516c835c41957dfe79f,Undirected,1,2018
"Seim, Andrea_2025-11-19T21:16:11",69825516c835c41957dfe79f,Undirected,1,2018
"Gschwind, Friederike M._2025-11-19T21:22:22",69825516c835c41957dfe79f,Undirected,1,2018
"Haneca, Kristof_2025-11-19T21:18:18",69825516c835c41957dfe79f,Undirected,1,2018
"Herzig, Franz_2025-11-19T21:22:22",69825516c835c41957dfe79f,Undirected,1,2018
"Heussner, Karl-Uwe_2025-11-19T21:21:24",69825516c835c41957dfe79f,Undirected,1,2018
"Hofmann, Jutta_2025-11-19T21:22:22",69825516c835c41957dfe79f,Undirected,1,2018
"Houbrechts, David_2025-11-19T21:22:22",69825516c835c41957dfe79f,Undirected,1,2018
"Kontic, Raymond_2025-11-19T21:22:22",69825516c835c41957dfe79f,Undirected,1,2018
"Kyncl, Tomáš_2025-11-19T21:32:11",69825516c835c41957dfe79f,Undirected,1,2018
"Leuschner, Hanns Hubert_2025-11-19T21:22:22",69825516c835c41957dfe79f,Undirected,1,2018
"Nicolussi, Kurt_2025-11-19T21:22:22",69825516c835c41957dfe79f,Undirected,1,2018
"Perrault, Christophe_2025-11-19T21:19:30",69825516c835c41957dfe79f,Undirected,1,2018
"Pfeifer, Klaus_2025-11-19T21:22:22",69825516c835c41957dfe79f,Undirected,1,2018
"Schmidhalter, Martin_2025-11-19T21:22:22",69825516c835c41957dfe79f,Undirected,1,2018
"Seifert, Mathias_2025-11-19T21:22:22",69825516c835c41957dfe79f,Undirected,1,2018
"Walder, Felix_2025-11-19T21:32:11",69825516c835c41957dfe79f,Undirected,1,2018
"Westphal, Thorsten_2025-11-19T21:26:30",69825516c835c41957dfe79f,Undirected,1,2018
"Büntgen, Ulf_2025-11-19T21:15:51",69825516c835c41957dfe79f,Undirected,1,2018
"Norström, Elin_2025-11-19T21:31:56",69825516c835c41957dfe7bd,Undirected,1,2018
"Norén, Gabriel_2025-11-19T21:32:13",69825516c835c41957dfe7bd,Undirected,1,2018
"Smittenberg, Rienk H._2025-11-19T21:32:13",69825516c835c41957dfe7bd,Undirected,1,2018
"Massuanganhe, Elidio A._2025-11-19T21:32:13",69825516c835c41957dfe7bd,Undirected,1,2018
"Ekblom, Anneli_2025-11-19T21:22:38",69825516c835c41957dfe7bd,Undirected,1,2018
"Henning, Joachim_2025-11-19T21:27:02",69825516c835c41957dfe7c0,Undirected,1,2018
"McCormick, Michael_2025-11-19T21:21:20",69825516c835c41957dfe7c0,Undirected,1,2018
"Neparáczki, Endre_2025-11-19T21:32:14",69825516c835c41957dfe7d1,Undirected,1,2018
"Maróti, Zoltán_2025-11-19T21:32:14",69825516c835c41957dfe7d1,Undirected,1,2018
"Kalmár, Tibor_2025-11-19T21:32:14",69825516c835c41957dfe7d1,Undirected,1,2018
"Kocsy, Klaudia_2025-11-19T21:32:14",69825516c835c41957dfe7d1,Undirected,1,2018
"Maár, Kitti_2025-11-19T21:32:14",69825516c835c41957dfe7d1,Undirected,1,2018
"Bihari, Péter_2025-11-19T21:32:14",69825516c835c41957dfe7d1,Undirected,1,2018
"Nagy, István_2025-11-19T21:32:14",69825516c835c41957dfe7d1,Undirected,1,2018
"Fóthi, Erzsébet_2025-11-19T21:17:56",69825516c835c41957dfe7d1,Undirected,1,2018
"Pap, Ildikó._2025-11-19T21:25:26",69825516c835c41957dfe7d1,Undirected,1,2018
"Kustár, Ágnes_2025-11-19T21:32:14",69825516c835c41957dfe7d1,Undirected,1,2018
"Pálfi, György_2025-11-19T21:17:44",69825516c835c41957dfe7d1,Undirected,1,2018
"Raskó, István_2025-11-19T21:32:14",69825516c835c41957dfe7d1,Undirected,1,2018
"Zink, Albert_2025-11-19T21:15:36",69825516c835c41957dfe7d1,Undirected,1,2018
"Török, Tibor_2025-11-19T21:32:14",69825516c835c41957dfe7d1,Undirected,1,2018
"Binczewska, Anna_2025-11-19T21:29:39",69825516c835c41957dfe7d5,Undirected,1,2018
"Risebrobakken, Bjørg_2025-11-19T21:21:00",69825516c835c41957dfe7d5,Undirected,1,2018
"Polovodova, I._2025-11-19T21:26:34",69825516c835c41957dfe7d5,Undirected,1,2018
"Moros, Matthias_2025-11-19T21:21:00",69825516c835c41957dfe7d5,Undirected,1,2018
"Tisserand, A._2025-11-27T19:23:42",69825516c835c41957dfe7d5,Undirected,1,2018
"Jansen, Eystein_2025-11-19T21:21:00",69825516c835c41957dfe7d5,Undirected,1,2018
"Witkowski, Andrzej_2025-11-19T21:21:00",69825516c835c41957dfe7d5,Undirected,1,2018
"Bro-Jørgensen, Maiken Hemme_2025-11-19T21:18:30",69825516c835c41957dfe7dc,Undirected,1,2018
"Carøe, Christian_2025-11-19T21:32:15",69825516c835c41957dfe7dc,Undirected,1,2018
"Vieira, Filipe G._2025-11-19T21:32:15",69825516c835c41957dfe7dc,Undirected,1,2018
"Nestor, Sofia_2025-11-19T21:32:15",69825516c835c41957dfe7dc,Undirected,1,2018
"Hallström, Ann_2025-11-19T21:32:15",69825516c835c41957dfe7dc,Undirected,1,2018
"Gregersen, Kristian M._2025-11-19T21:32:15",69825516c835c41957dfe7dc,Undirected,1,2018
"Etting, Vivian_2025-11-19T21:32:15",69825516c835c41957dfe7dc,Undirected,1,2018
"GILBERT, M. THOMAS P._2025-11-19T21:25:08",69825516c835c41957dfe7dc,Undirected,1,2018
"Sinding, Mikkel-Holger S._2025-11-19T21:32:15",69825516c835c41957dfe7dc,Undirected,1,2018
"Namouchi, Amine_2025-11-19T21:32:19",69825516c835c41957dfe80b,Undirected,1,2018
"Guellil, Meriam_2025-11-19T21:17:12",69825516c835c41957dfe80b,Undirected,1,2018
"Kersten, Oliver_2025-11-19T21:32:19",69825516c835c41957dfe80b,Undirected,1,2018
"Hänsch, Stephanie_2025-11-19T21:32:19",69825516c835c41957dfe80b,Undirected,1,2018
"Ottoni, Claudio_2025-11-19T21:32:19",69825516c835c41957dfe80b,Undirected,1,2018
"Schmid, Boris V_2025-11-19T21:32:19",69825516c835c41957dfe80b,Undirected,1,2018
"Pacciani, Elsa_2025-11-19T21:32:19",69825516c835c41957dfe80b,Undirected,1,2018
"Quaglia, Luisa_2025-11-19T21:32:19",69825516c835c41957dfe80b,Undirected,1,2018
"Vermunt, Marco_2025-11-19T21:32:19",69825516c835c41957dfe80b,Undirected,1,2018
"Bauer, Egil L_2025-11-19T21:32:19",69825516c835c41957dfe80b,Undirected,1,2018
"Derrick, Michael_2025-11-19T21:32:19",69825516c835c41957dfe80b,Undirected,1,2018
"Jensen, Annie_2025-11-19T21:25:53",69825516c835c41957dfe80b,Undirected,1,2018
"Kacki, Sacha_2025-11-19T21:19:37",69825516c835c41957dfe80b,Undirected,1,2018
"Cohn, Jr, Samuel K._2025-11-19T21:43:18",69825516c835c41957dfe80b,Undirected,1,2018
"Stenseth, Nils C_2025-11-19T21:32:19",69825516c835c41957dfe80b,Undirected,1,2018
"Bramanti, Barbara_2025-11-19T21:32:19",69825516c835c41957dfe80b,Undirected,1,2018
"Mandon, Fabrice_2025-11-19T21:18:33",69825516c835c41957dfe871,Undirected,1,2018
"Normand, Éric_2025-11-19T21:18:33",69825516c835c41957dfe871,Undirected,1,2018
"Taylor, G Michael_2025-11-19T21:26:10",69825516c835c41957dfed7c,Undirected,1,2018
"Murphy, Eileen M_2025-11-19T21:33:49",69825516c835c41957dfed7c,Undirected,1,2018
"Mendum, Tom A_2025-11-19T21:33:49",69825516c835c41957dfed7c,Undirected,1,2018
"Pike, Alistair W G_2025-11-19T21:26:10",69825516c835c41957dfed7c,Undirected,1,2018
"Linscott, Bethan_2025-11-19T21:33:49",69825516c835c41957dfed7c,Undirected,1,2018
"Wu, Huihai_2025-11-19T21:33:49",69825516c835c41957dfed7c,Undirected,1,2018
"O'Grady, Justin_2025-11-19T21:33:49",69825516c835c41957dfed7c,Undirected,1,2018
"Richardson, Hollian_2025-11-19T21:33:49",69825516c835c41957dfed7c,Undirected,1,2018
"O'Donovan, Edmond_2025-11-19T21:33:49",69825516c835c41957dfed7c,Undirected,1,2018
"Troy, Carmelita_2025-11-19T21:33:49",69825516c835c41957dfed7c,Undirected,1,2018
"Stewart, Graham R_2025-11-19T21:26:10",69825516c835c41957dfed7c,Undirected,1,2018
"Critch, Aaron J._2025-11-19T21:33:50",69825516c835c41957dfed89,Undirected,1,2018
"Harland, Jennifer F._2025-11-19T21:33:50",69825516c835c41957dfed89,Undirected,1,2018
"Barrett, James H._2025-11-19T21:24:34",69825516c835c41957dfed89,Undirected,1,2018
"Gilanyi, Attila_2025-11-19T21:26:49",69825516c835c41957dfedaa,Undirected,1,2018
"Racz, Anna_2025-11-19T21:33:53",69825516c835c41957dfedaa,Undirected,1,2018
"Bálint, Marianna_2025-11-19T21:18:24",69825516c835c41957dfedaa,Undirected,1,2018
"Chmielewska, Katarzyna_2025-11-19T21:33:53",69825516c835c41957dfedaa,Undirected,1,2018
"Gilanyi, Attila_2025-11-19T21:26:49",69825516c835c41957dfedab,Undirected,1,2018
"Racz, Anna_2025-11-19T21:33:53",69825516c835c41957dfedab,Undirected,1,2018
"Bálint, Marianna_2025-11-19T21:18:24",69825516c835c41957dfedab,Undirected,1,2018
"Chmielewska, Katarzyna_2025-11-19T21:33:53",69825516c835c41957dfedab,Undirected,1,2018
"Roxburgh, Marcus_2025-11-19T21:23:10",69825516c835c41957dfedb0,Undirected,1,2018
"IJssennagger, Nelleke L._2025-11-19T21:23:10",69825516c835c41957dfedb0,Undirected,1,2018
"Huisman, Hans_2025-11-19T21:23:10",69825516c835c41957dfedb0,Undirected,1,2018
"Van Os, Bertil_2025-11-19T21:17:25",69825516c835c41957dfedb0,Undirected,1,2018
"Sitdikov, Ayrat G._2025-11-19T21:20:37",69825516c835c41957dfee81,Undirected,1,2018
Shakirov Zufar G._2025-11-19T21:29:07,69825516c835c41957dfee81,Undirected,1,2018
"Sitdikov, Ayrat G._2025-11-19T21:20:37",69825516c835c41957dfee8d,Undirected,1,2018
"Botalov, Sergei Gennad'evich_2025-11-19T21:23:23",69825516c835c41957dfee8d,Undirected,1,2018
Izmaylov Iskander L._2025-11-19T21:29:06,69825516c835c41957dfee8d,Undirected,1,2018
Krasilnikov Pavel V._2025-11-19T21:34:11,69825516c835c41957dfee8d,Undirected,1,2018
"Dewar, Genevieve_2025-11-19T21:34:13",69825516c835c41957dfeeaa,Undirected,1,2018
"Badenhorst, Shaw_2025-11-19T21:34:13",69825516c835c41957dfeeaa,Undirected,1,2018
"Arthur, Charles_2025-11-19T21:34:13",69825516c835c41957dfeeaa,Undirected,1,2018
"Mitchell, Peter_2025-11-19T21:34:13",69825516c835c41957dfeeaa,Undirected,1,2018
"Gardeła, Leszek_2025-11-19T21:16:10",69825516c835c41957dfeef4,Undirected,1,2018
"Odebäck, Kerstin_2025-11-19T21:16:10",69825516c835c41957dfeef4,Undirected,1,2018
"Ruiter, Keith_2025-11-19T21:34:22",69825516c835c41957dfeef8,Undirected,1,2018
"Ashby, Steven P._2025-11-19T21:24:59",69825516c835c41957dfeef8,Undirected,1,2018
"Veeramah, Krishna R._2025-11-19T21:15:24",69825516c835c41957dfef50,Undirected,1,2018
"Rott, Andreas_2025-11-19T21:28:38",69825516c835c41957dfef50,Undirected,1,2018
"Groß, Melanie_2025-11-19T21:34:28",69825516c835c41957dfef50,Undirected,1,2018
"van Dorp, Lucy_2025-11-19T21:34:28",69825516c835c41957dfef50,Undirected,1,2018
"López, Saioa_2025-11-19T21:34:28",69825516c835c41957dfef50,Undirected,1,2018
"Kirsanow, Karola_2025-11-19T21:34:28",69825516c835c41957dfef50,Undirected,1,2018
"Sell, Christian_2025-11-19T21:34:28",69825516c835c41957dfef50,Undirected,1,2018
"Blöcher, Jens_2025-11-19T21:34:28",69825516c835c41957dfef50,Undirected,1,2018
"Wegmann, Daniel_2025-11-19T21:34:28",69825516c835c41957dfef50,Undirected,1,2018
"Link, Vivian_2025-11-19T21:34:28",69825516c835c41957dfef50,Undirected,1,2018
"Hofmanová, Zuzana_2025-11-19T21:15:24",69825516c835c41957dfef50,Undirected,1,2018
"Peters, Joris_2025-11-19T21:16:39",69825516c835c41957dfef50,Undirected,1,2018
"Trautmann, Bernd_2025-11-19T21:34:28",69825516c835c41957dfef50,Undirected,1,2018
"Gairhos, Anja_2025-11-19T21:34:28",69825516c835c41957dfef50,Undirected,1,2018
"Haberstroh, Jochen_2025-11-19T21:18:25",69825516c835c41957dfef50,Undirected,1,2018
"Päffgen, Bernd_2025-11-19T21:34:28",69825516c835c41957dfef50,Undirected,1,2018
"Hellenthal, Garrett_2025-11-19T21:26:18",69825516c835c41957dfef50,Undirected,1,2018
"Haas-Gebhard, Brigitte_2025-11-19T21:34:28",69825516c835c41957dfef50,Undirected,1,2018
"Harbeck, Michaela_2025-11-19T21:28:38",69825516c835c41957dfef50,Undirected,1,2018
"Burger, Joachim_2025-11-19T21:16:49",69825516c835c41957dfef50,Undirected,1,2018
"Star, Bastiaan_2025-11-19T21:28:58",69825516c835c41957dfef51,Undirected,1,2018
"Barrett, James H._2025-11-19T21:24:34",69825516c835c41957dfef51,Undirected,1,2018
"Gondek, Agata T._2025-11-19T21:34:28",69825516c835c41957dfef51,Undirected,1,2018
"Boessenkool, Sanne_2025-11-19T21:28:58",69825516c835c41957dfef51,Undirected,1,2018
"McKitterick, Rosamond_2025-11-19T21:15:31",69825516c835c41957dfef99,Undirected,1,2018
"Ward, Graeme_2025-11-19T21:17:40",69825516c835c41957dfef99,Undirected,1,2018
"Hen, Yitzhak_2025-11-19T21:18:19",69825516c835c41957dfefaa,Undirected,1,2018
"Heydemann, Gerda_2025-11-19T21:27:12",69825516c835c41957dfefaa,Undirected,1,2018
"Ivanovici, Vladimir_2025-11-19T21:34:36",69825516c835c41957dfefba,Undirected,1,2018
"Ganz, David_2025-11-19T21:34:36",69825516c835c41957dfefba,Undirected,1,2018
"Schellewald, Barbara Maria_2025-11-19T21:16:27",69825516c835c41957dfefba,Undirected,1,2018
"Bjornlie, M. Shane_2025-11-19T21:28:11",69825516c835c41957dfefbe,Undirected,1,2018
"Grifoni, Cinzia_2025-11-19T21:34:36",69825516c835c41957dfefbe,Undirected,1,2018
"Pollheimer-Mohaupt, Marianne_2025-11-19T21:34:36",69825516c835c41957dfefbe,Undirected,1,2018
"Kreiner, Jamie_2025-11-19T21:34:36",69825516c835c41957dfefc1,Undirected,1,2018
"Pohl, Walter_2025-11-19T21:15:24",69825516c835c41957dfefc1,Undirected,1,2018
"Gantner, Clemens_2025-11-19T21:23:00",69825516c835c41957dfefc1,Undirected,1,2018
"Pollheimer-Mohaupt, Marianne_2025-11-19T21:34:36",69825516c835c41957dfefc1,Undirected,1,2018
"Wood, Ian N._2025-11-19T21:17:29",69825516c835c41957dfefed,Undirected,1,2018
"Pohl, Walter_2025-11-19T21:15:24",69825516c835c41957dfefed,Undirected,1,2018
"Ganz, David_2025-11-19T21:34:36",69825516c835c41957dfefef,Undirected,1,2018
"Schellewald, Barbara Maria_2025-11-19T21:16:27",69825516c835c41957dfefef,Undirected,1,2018
"Reimitz, Helmut_2025-11-19T21:18:06",69825516c835c41957dff009,Undirected,1,2018
"Pohl, Walter_2025-11-19T21:15:24",69825516c835c41957dff009,Undirected,1,2018
"Gantner, Clemens_2025-11-19T21:23:00",69825516c835c41957dff009,Undirected,1,2018
"Grifoni, Cinzia_2025-11-19T21:34:36",69825516c835c41957dff009,Undirected,1,2018
"Pollheimer-Mohaupt, Marianne_2025-11-19T21:34:36",69825516c835c41957dff009,Undirected,1,2018
"Arce, Javier_2025-11-19T21:34:42",69825516c835c41957dff00a,Undirected,1,2018
"Pohl, Walter_2025-11-19T21:15:24",69825516c835c41957dff00a,Undirected,1,2018
"Gantner, Clemens_2025-11-19T21:23:00",69825516c835c41957dff00a,Undirected,1,2018
"Grifoni, Cinzia_2025-11-19T21:34:36",69825516c835c41957dff00a,Undirected,1,2018
"Pollheimer-Mohaupt, Marianne_2025-11-19T21:34:36",69825516c835c41957dff00a,Undirected,1,2018
"Herva, Vesa-Pekka_2025-11-19T21:29:50",69825516c835c41957dff30f,Undirected,1,2018
"Ikäheimo, Janne_2025-11-19T21:35:50",69825516c835c41957dff30f,Undirected,1,2018
"Enbuske, Matti_2025-11-19T21:35:50",69825516c835c41957dff30f,Undirected,1,2018
"Okkonen, Jari_2025-11-19T21:35:50",69825516c835c41957dff30f,Undirected,1,2018
"Rose, Helene Agerskov_2025-11-19T21:36:01",69825516c835c41957dff383,Undirected,1,2018
"Meadows, John_2025-11-19T21:36:01",69825516c835c41957dff383,Undirected,1,2018
"Bjerregaard, Mikael Manøe_2025-11-19T21:21:25",69825516c835c41957dff383,Undirected,1,2018
"Lindroos, Alf_2025-11-19T21:24:31",69825516c835c41957dff3c9,Undirected,1,2018
"Ringbom, Åsa_2025-11-19T21:18:42",69825516c835c41957dff3c9,Undirected,1,2018
"Hodgins, Greg_2025-11-19T21:36:09",69825516c835c41957dff3c9,Undirected,1,2018
"Sonck-Koota, Pia_2025-11-19T21:36:09",69825516c835c41957dff3c9,Undirected,1,2018
"Sjöberg, Pia_2025-11-19T21:36:09",69825516c835c41957dff3c9,Undirected,1,2018
"Lancaster, Lynne_2025-11-19T21:36:09",69825516c835c41957dff3c9,Undirected,1,2018
"Kaisti, Riikka_2025-11-19T21:36:09",69825516c835c41957dff3c9,Undirected,1,2018
"Brock, Fiona_2025-11-19T21:36:09",69825516c835c41957dff3c9,Undirected,1,2018
"Ranta, Heikki_2025-11-19T21:36:09",69825516c835c41957dff3c9,Undirected,1,2018
"Caroselli, Marta_2025-11-19T21:36:09",69825516c835c41957dff3c9,Undirected,1,2018
"Lugli, Stefano_2025-11-19T21:36:09",69825516c835c41957dff3c9,Undirected,1,2018
"Esper, Jan_2025-11-19T21:15:51",69825517c835c41957dff6fc,Undirected,1,2018
"George, Scott St_2025-11-19T21:37:14",69825517c835c41957dff6fc,Undirected,1,2018
"Anchukaitis, Kevin J._2025-11-19T21:28:48",69825517c835c41957dff6fc,Undirected,1,2018
"D'Arrigo, Rosanne_2025-11-19T21:22:42",69825517c835c41957dff6fc,Undirected,1,2018
"Ljungqvist, Fredrik Charpentier_2025-11-19T21:16:11",69825517c835c41957dff6fc,Undirected,1,2018
"Luterbacher, Jürg_2025-11-19T21:28:51",69825517c835c41957dff6fc,Undirected,1,2018
"Schneider, Lea_2025-11-19T21:26:48",69825517c835c41957dff6fc,Undirected,1,2018
"Stoffel, Markus_2025-11-19T21:18:20",69825517c835c41957dff6fc,Undirected,1,2018
"Wilson, Rob_2025-11-19T21:26:48",69825517c835c41957dff6fc,Undirected,1,2018
"Büntgen, Ulf_2025-11-19T21:15:51",69825517c835c41957dff6fc,Undirected,1,2018
"Richards, Julian D._2025-11-19T21:17:17",69825517c835c41957dff882,Undirected,1,2018
"HALDENBY, DAVE_2025-11-19T21:37:46",69825517c835c41957dff882,Undirected,1,2018
"Pluskowski, Aleksander G._2025-11-19T21:16:39",69825517c835c41957dffc2f,Undirected,1,2018
"SEETAH, KRISH_2025-11-19T21:17:25",69825517c835c41957dffc2f,Undirected,1,2018
"MALTBY, MARK_2025-11-19T21:17:25",69825517c835c41957dffc2f,Undirected,1,2018
"BANERJEA, ROWENA_2025-11-19T21:17:25",69825517c835c41957dffc2f,Undirected,1,2018
"BLACK, STUART_2025-11-19T21:17:25",69825517c835c41957dffc2f,Undirected,1,2018
"KALNIŅŠ, GUNDARS_2025-11-19T21:17:25",69825517c835c41957dffc2f,Undirected,1,2018
"Polovodova, I._2025-11-19T21:26:34",69825517c835c41957dffce6,Undirected,1,2018
"Filipsson, H.L._2025-11-19T21:26:34",69825517c835c41957dffce6,Undirected,1,2018
"Nordberg, Kjell_2025-11-19T21:26:33",69825517c835c41957dffce6,Undirected,1,2018
"Mainland, Ingrid_2025-11-19T21:16:49",69825517c835c41957dffe05,Undirected,1,2018
"Batey, Colleen E._2025-11-19T21:47:53",69825517c835c41957dffe05,Undirected,1,2018
"Vytlačil, Zdeněk_2025-11-19T21:42:42",69825517c835c41957e006bc,Undirected,1,2018
"Kaupová, Sylva_2025-11-19T21:42:42",69825517c835c41957e006bc,Undirected,1,2018
"Lefebvre, Arnaud_2025-11-19T21:42:42",69825517c835c41957e006bc,Undirected,1,2018
"Velemínský, Petr_2025-11-19T21:38:44",69825517c835c41957e006bc,Undirected,1,2018
"Brůžek, Jaroslav_2025-11-19T21:39:02",69825517c835c41957e006bc,Undirected,1,2018
"Jasch-Boley, Isabelle_2025-11-19T21:48:28",69825517c835c41957e006c1,Undirected,1,2018
"Langer, Antje_2025-11-19T21:42:43",69825517c835c41957e006c1,Undirected,1,2018
"Boley, Moritz_2025-11-19T21:42:43",69825517c835c41957e006c1,Undirected,1,2018
"Mumm, Rebekka_2025-11-19T21:42:43",69825517c835c41957e006c1,Undirected,1,2018
"Riesenberg, Martin_2025-11-19T21:42:43",69825517c835c41957e006c1,Undirected,1,2018
"Mann, Robert_2025-11-19T21:42:43",69825517c835c41957e006c1,Undirected,1,2018
"Wahl, Joachim_2025-11-19T21:22:49",69825517c835c41957e006c1,Undirected,1,2018
"Mühlemann, Barbara_2025-11-19T21:21:01",69825517c835c41957e00fd4,Undirected,1,2018
"Jones, Terry C_2025-11-19T21:31:39",69825517c835c41957e00fd4,Undirected,1,2018
"de Barros Damgaard, Peter_2025-11-19T21:21:08",69825517c835c41957e00fd4,Undirected,1,2018
"Allentoft, Morten E._2025-11-19T21:21:01",69825517c835c41957e00fd4,Undirected,1,2018
"Shevnina, Irina_2025-11-19T21:21:01",69825517c835c41957e00fd4,Undirected,1,2018
"Logvin, Andrey_2025-11-19T21:21:01",69825517c835c41957e00fd4,Undirected,1,2018
"Usmanova, Emma_2025-11-19T21:20:57",69825517c835c41957e00fd4,Undirected,1,2018
"Panyushkina, Irina P._2025-11-19T21:21:01",69825517c835c41957e00fd4,Undirected,1,2018
"Boldgiv, Bazartseren_2025-11-19T21:18:18",69825517c835c41957e00fd4,Undirected,1,2018
"Bazartseren, Tsevel_2025-11-19T21:21:01",69825517c835c41957e00fd4,Undirected,1,2018
"Tashbaeva, Kadicha_2025-11-19T21:21:01",69825517c835c41957e00fd4,Undirected,1,2018
"Merz, Victor_2025-11-19T21:21:01",69825517c835c41957e00fd4,Undirected,1,2018
"Lau, Nina_2025-11-19T21:20:57",69825517c835c41957e00fd4,Undirected,1,2018
"Smrčka, Václav_2025-11-19T21:21:01",69825517c835c41957e00fd4,Undirected,1,2018
"Voyakin, Dmitry_2025-11-19T21:21:01",69825517c835c41957e00fd4,Undirected,1,2018
"Kitov, Egor P._2025-11-19T21:16:51",69825517c835c41957e00fd4,Undirected,1,2018
"Epimakhov, Andrey_2025-11-19T21:21:01",69825517c835c41957e00fd4,Undirected,1,2018
"Pokutta, Dalia_2025-11-19T21:21:01",69825517c835c41957e00fd4,Undirected,1,2018
"Vicze, Magdolna_2025-11-19T21:21:01",69825517c835c41957e00fd4,Undirected,1,2018
"Price, Theron Douglas_2025-11-19T21:22:09",69825517c835c41957e00fd4,Undirected,1,2018
"Moiseyev, Vyacheslav_2025-11-19T21:16:51",69825517c835c41957e00fd4,Undirected,1,2018
"Hansen, Anders Johannes_2025-11-19T21:38:41",69825517c835c41957e00fd4,Undirected,1,2018
"Orlando, Ludovic_2025-11-19T21:16:40",69825517c835c41957e00fd4,Undirected,1,2018
"Rasmussen, Simon_2025-11-19T21:20:57",69825517c835c41957e00fd4,Undirected,1,2018
"Sikora, Martin_2025-11-19T21:21:01",69825517c835c41957e00fd4,Undirected,1,2018
"Vinner, Lasse_2025-11-19T21:21:01",69825517c835c41957e00fd4,Undirected,1,2018
"Osterhaus, Albert D. M. E._2025-11-19T21:21:01",69825517c835c41957e00fd4,Undirected,1,2018
"Smith, Derek J._2025-11-19T21:21:01",69825517c835c41957e00fd4,Undirected,1,2018
"Glebe, Dieter_2025-11-19T21:21:01",69825517c835c41957e00fd4,Undirected,1,2018
"Fouchier, Ron A. M._2025-11-19T21:21:01",69825517c835c41957e00fd4,Undirected,1,2018
"Drosten, Christian_2025-11-19T21:21:01",69825517c835c41957e00fd4,Undirected,1,2018
"Sjögren, Karl-Göran_2025-11-19T21:21:01",69825517c835c41957e00fd4,Undirected,1,2018
"Kristiansen, Kristian_2025-11-19T21:21:01",69825517c835c41957e00fd4,Undirected,1,2018
"Willerslev, Eske_2025-11-19T21:17:06",69825517c835c41957e00fd4,Undirected,1,2018
"Török, Béla_2025-11-19T21:17:36",69825517c835c41957e010c2,Undirected,1,2018
"Gallina, Zsolt_2025-11-19T21:15:24",69825517c835c41957e010c2,Undirected,1,2018
"Kovács, Árpád_2025-11-19T21:17:36",69825517c835c41957e010c2,Undirected,1,2018
Ferenc Kristály_2025-11-19T21:48:49,69825517c835c41957e010c2,Undirected,1,2018
"Hájková, Petra_2025-11-19T21:20:52",69825517c835c41957e01811,Undirected,1,2018
"Jamrichová, Eva_2025-11-19T21:20:52",69825517c835c41957e01811,Undirected,1,2018
"Petr, Libor_2025-11-19T21:20:52",69825517c835c41957e01811,Undirected,1,2018
"Dudová, Lydie_2025-11-19T21:20:52",69825517c835c41957e01811,Undirected,1,2018
"Roleček, Jan_2025-11-19T21:20:52",69825517c835c41957e01811,Undirected,1,2018
"Gálová, Andrea_2025-11-19T21:20:52",69825517c835c41957e01811,Undirected,1,2018
"Dresler, Petr_2025-11-19T21:20:52",69825517c835c41957e01811,Undirected,1,2018
"Novák, Jan_2025-11-19T21:20:52",69825517c835c41957e01811,Undirected,1,2018
"Hájek, Michal_2025-11-19T21:20:52",69825517c835c41957e01811,Undirected,1,2018
"Smith, Kay Douglas_2025-11-19T21:17:21",69825517c835c41957e01840,Undirected,1,2018
"Brown, Ruth R._2025-11-19T21:50:57",69825517c835c41957e01840,Undirected,1,2018
"Büttner, Stéphane_2025-11-19T21:18:47",69825516c835c41957dfa9b0,Undirected,1,2019
Sylvain Aumard_2025-11-19T21:18:21,69825516c835c41957dfa9b0,Undirected,1,2019
Jean-François Goret_2025-11-19T21:18:21,69825516c835c41957dfa9b0,Undirected,1,2019
"Andrén, Elinor_2025-11-19T21:18:06",69825516c835c41957dfab42,Undirected,1,2019
"Wienholz, D._2025-11-19T21:18:38",69825516c835c41957dfab42,Undirected,1,2019
"Kotthoff, Ulrich_2025-11-19T21:31:10",69825516c835c41957dfab42,Undirected,1,2019
"Moros, Matthias_2025-11-19T21:21:00",69825516c835c41957dfab42,Undirected,1,2019
"Fanget, A. -S._2025-11-19T21:18:38",69825516c835c41957dfab42,Undirected,1,2019
"Seidenkrantz, M. -S._2025-11-19T21:18:38",69825516c835c41957dfab42,Undirected,1,2019
"Andrén, Thomas_2025-11-19T21:18:06",69825516c835c41957dfab42,Undirected,1,2019
"Lasserre, Marina_2025-11-19T21:19:35",69825516c835c41957dfb116,Undirected,1,2019
"Logel, Thierry_2025-11-19T21:19:35",69825516c835c41957dfb116,Undirected,1,2019
"Calligaro, Thomas_2025-11-19T21:19:37",69825516c835c41957dfb12d,Undirected,1,2019
"Périn, Patrick_2025-11-19T21:18:52",69825516c835c41957dfb12d,Undirected,1,2019
"Médard, Fabienne_2025-11-19T21:18:49",69825516c835c41957dfb3e6,Undirected,1,2019
"Ridacker, Cyprien_2025-11-19T21:20:09",69825516c835c41957dfb3e6,Undirected,1,2019
"Fischbach, Thomas_2025-11-19T21:18:49",69825516c835c41957dfb3e6,Undirected,1,2019
"Cuisin, Jacques_2025-11-19T21:20:09",69825516c835c41957dfb3e6,Undirected,1,2019
"Kopf, Stephan_2025-11-19T21:20:09",69825516c835c41957dfb3e6,Undirected,1,2019
"Leroy, Marc_2025-11-19T21:20:07",69825516c835c41957dfb3f4,Undirected,1,2019
"PRÉVOT, Marilyne_2025-11-19T21:20:10",69825516c835c41957dfb3f4,Undirected,1,2019
"MERLUZZO, Paul_2025-11-19T21:20:10",69825516c835c41957dfb3f4,Undirected,1,2019
"Disser, Alexandre_2025-11-19T21:15:48",69825516c835c41957dfb3f4,Undirected,1,2019
"DUFRAISSE, Alexa_2025-11-19T21:20:10",69825516c835c41957dfb3f4,Undirected,1,2019
"Gebhardt, Anne_2025-11-19T21:25:08",69825516c835c41957dfb3f4,Undirected,1,2019
"Guillaume, Jacques_2025-11-19T21:18:50",69825516c835c41957dfb3f4,Undirected,1,2019
"JOUANIN, Gaëtan_2025-11-19T21:20:10",69825516c835c41957dfb3f4,Undirected,1,2019
"CARLIER, Cécile LE_2025-11-19T21:20:10",69825516c835c41957dfb3f4,Undirected,1,2019
"MARQUE, Romain_2025-11-19T21:20:10",69825516c835c41957dfb3f4,Undirected,1,2019
"Prouteau, Rachel_2025-11-19T21:18:48",69825516c835c41957dfb3f4,Undirected,1,2019
"YVINEC, Jean-Hervé_2025-11-19T21:20:10",69825516c835c41957dfb3f4,Undirected,1,2019
"Ershova, Ekaterina G._2025-11-19T21:20:37",69825516c835c41957dfb62b,Undirected,1,2019
"Ponomarenko, Elena V._2025-11-19T21:20:37",69825516c835c41957dfb62b,Undirected,1,2019
"Blinnikov, Mikhail S._2025-11-19T21:20:37",69825516c835c41957dfb62b,Undirected,1,2019
"Sitdikov, Ayrat G._2025-11-19T21:20:37",69825516c835c41957dfb62b,Undirected,1,2019
"Xu, Guobao_2025-11-19T21:20:53",69825516c835c41957dfb79e,Undirected,1,2019
"Liu, Xiaohong_2025-11-19T21:20:53",69825516c835c41957dfb79e,Undirected,1,2019
"Zhang, Qiong_2025-11-19T21:20:53",69825516c835c41957dfb79e,Undirected,1,2019
"Zhang, Qiang_2025-11-19T21:17:15",69825516c835c41957dfb79e,Undirected,1,2019
"Hudson, Amy_2025-11-19T21:20:53",69825516c835c41957dfb79e,Undirected,1,2019
"Trouet, Valerie_2025-11-19T21:20:53",69825516c835c41957dfb79e,Undirected,1,2019
"Inskip, Sarah A._2025-11-19T21:16:14",69825516c835c41957dfb7aa,Undirected,1,2019
"Carroll, Gina_2025-11-19T21:20:53",69825516c835c41957dfb7aa,Undirected,1,2019
"Waters-Rist, Andrea L_2025-11-19T21:39:32",69825516c835c41957dfb7aa,Undirected,1,2019
"López-Costas, Olalla_2025-11-19T21:17:54",69825516c835c41957dfb7aa,Undirected,1,2019
"Neri, Elisabetta_2025-11-19T21:20:57",69825516c835c41957dfb7e4,Undirected,1,2019
"Gratuze, Bernard_2025-11-19T21:20:57",69825516c835c41957dfb7e4,Undirected,1,2019
"Schibille, Nadine_2025-11-19T21:20:57",69825516c835c41957dfb7e4,Undirected,1,2019
"López-Costas, Olalla_2025-11-19T21:17:54",69825516c835c41957dfb805,Undirected,1,2019
"Müldner, Gundula_2025-11-19T21:17:10",69825516c835c41957dfb805,Undirected,1,2019
"Alaica, Aleksa K._2025-11-19T21:21:00",69825516c835c41957dfb80c,Undirected,1,2019
"Schalburg-Clayton, Jessica_2025-11-19T21:21:00",69825516c835c41957dfb80c,Undirected,1,2019
"Dalton, Alan_2025-11-19T21:21:00",69825516c835c41957dfb80c,Undirected,1,2019
"Kranioti, Elena F_2025-11-19T21:25:30",69825516c835c41957dfb80c,Undirected,1,2019
"Graziani Echávarri, Glenda_2025-11-19T21:21:00",69825516c835c41957dfb80c,Undirected,1,2019
"Pickard, Catriona_2025-11-19T21:21:00",69825516c835c41957dfb80c,Undirected,1,2019
"Topić, Nikolina_2025-11-19T21:21:01",69825516c835c41957dfb81a,Undirected,1,2019
"Radović, Iva Bogdanović_2025-11-19T21:21:01",69825516c835c41957dfb81a,Undirected,1,2019
"Fazinić, Stjepko_2025-11-19T21:21:01",69825516c835c41957dfb81a,Undirected,1,2019
"Šmit, Žiga_2025-11-19T21:17:57",69825516c835c41957dfb81a,Undirected,1,2019
"Sijarić, Mirsad_2025-11-19T21:21:01",69825516c835c41957dfb81a,Undirected,1,2019
"Gudelj, Ljubomir_2025-11-19T21:21:01",69825516c835c41957dfb81a,Undirected,1,2019
"Burić, Tonči_2025-11-19T21:21:01",69825516c835c41957dfb81a,Undirected,1,2019
"Norbäck Ivarsson, Lena_2025-11-19T21:21:27",69825516c835c41957dfba04,Undirected,1,2019
"Andrén, Thomas_2025-11-19T21:18:06",69825516c835c41957dfba04,Undirected,1,2019
"Moros, Matthias_2025-11-19T21:21:00",69825516c835c41957dfba04,Undirected,1,2019
"Andersen, Thorbjörn Joest_2025-11-19T21:21:27",69825516c835c41957dfba04,Undirected,1,2019
"Lönn, Mikael_2025-11-19T21:18:06",69825516c835c41957dfba04,Undirected,1,2019
"Andrén, Elinor_2025-11-19T21:18:06",69825516c835c41957dfba04,Undirected,1,2019
"Achino, Katia Francesca_2025-11-19T21:21:28",69825516c835c41957dfba0a,Undirected,1,2019
"Štular, Benjamin_2025-11-19T21:21:28",69825516c835c41957dfba0a,Undirected,1,2019
"Rihter, Jernej_2025-11-19T21:21:28",69825516c835c41957dfba0a,Undirected,1,2019
"Rihter, Janja_2025-11-19T21:21:28",69825516c835c41957dfba0a,Undirected,1,2019
"Karo, Špela_2025-11-19T21:15:42",69825516c835c41957dfba0c,Undirected,1,2019
"Knific, Timotej_2025-11-19T21:15:42",69825516c835c41957dfba0c,Undirected,1,2019
"Murgelj, Ida_2025-11-19T21:21:28",69825516c835c41957dfba0c,Undirected,1,2019
"Knific Lunder, Dragica_2025-11-19T21:17:57",69825516c835c41957dfba0c,Undirected,1,2019
"Maver, Andreja_2025-11-19T21:21:28",69825516c835c41957dfba0c,Undirected,1,2019
"Dannath, Yasmin_2025-11-19T21:21:36",69825516c835c41957dfba91,Undirected,1,2019
"Friedland, Sarah Nelly_2025-11-19T21:21:36",69825516c835c41957dfba91,Undirected,1,2019
"Kirleis, Wiebke_2025-11-19T21:18:32",69825516c835c41957dfba91,Undirected,1,2019
"Linderholm, Johan_2025-11-19T21:21:36",69825516c835c41957dfba95,Undirected,1,2019
"Macphail, Richard I._2025-11-19T21:17:37",69825516c835c41957dfba95,Undirected,1,2019
"Buckland, Philip I._2025-11-19T21:20:59",69825516c835c41957dfba95,Undirected,1,2019
"Östman, Sofi_2025-11-19T21:21:36",69825516c835c41957dfba95,Undirected,1,2019
"Eriksson, S A_2025-11-19T21:21:45",69825516c835c41957dfba95,Undirected,1,2019
"Wallin, Jan-Erik_2025-11-19T21:20:49",69825516c835c41957dfba95,Undirected,1,2019
"Engelmark, Roger_2025-11-19T21:21:36",69825516c835c41957dfba95,Undirected,1,2019
Miljöarkeologiska laboratoriet_2025-11-19T21:21:36,69825516c835c41957dfba95,Undirected,1,2019
"Zolitschka, Bernd_2025-11-19T21:21:39",69825516c835c41957dfbad1,Undirected,1,2019
"Fey, Michael_2025-11-19T21:21:39",69825516c835c41957dfbad1,Undirected,1,2019
"Janssen, Stephanie_2025-11-19T21:21:39",69825516c835c41957dfbad1,Undirected,1,2019
"Maidana, Nora I._2025-11-19T21:21:39",69825516c835c41957dfbad1,Undirected,1,2019
"Mayr, Christoph_2025-11-19T21:21:39",69825516c835c41957dfbad1,Undirected,1,2019
"Wulf, Sabine_2025-11-19T21:21:39",69825516c835c41957dfbad1,Undirected,1,2019
"Haberzettl, Torsten_2025-11-19T21:21:39",69825516c835c41957dfbad1,Undirected,1,2019
"Corbella, Hugo_2025-11-19T21:21:39",69825516c835c41957dfbad1,Undirected,1,2019
"Lücke, Andreas_2025-11-19T21:21:39",69825516c835c41957dfbad1,Undirected,1,2019
"Ohlendorf, Christian_2025-11-19T21:21:39",69825516c835c41957dfbad1,Undirected,1,2019
"Schäbitz, Frank_2025-11-19T21:21:39",69825516c835c41957dfbad1,Undirected,1,2019
"Colin, Christophe_2025-11-19T21:22:18",69825516c835c41957dfbe1a,Undirected,1,2019
"Tisnérat-Laborde, Nadine_2025-11-19T21:22:18",69825516c835c41957dfbe1a,Undirected,1,2019
"Mienis, Furu_2025-11-19T21:22:18",69825516c835c41957dfbe1a,Undirected,1,2019
"Collart, Tim_2025-11-19T21:22:18",69825516c835c41957dfbe1a,Undirected,1,2019
"Pons-Branchu, Edwige_2025-11-19T21:22:18",69825516c835c41957dfbe1a,Undirected,1,2019
"Dubois-Dauphin, Quentin_2025-11-19T21:22:18",69825516c835c41957dfbe1a,Undirected,1,2019
"Frank, Norbert_2025-11-19T21:22:18",69825516c835c41957dfbe1a,Undirected,1,2019
"Dapoigny, Arnaud_2025-11-19T21:22:18",69825516c835c41957dfbe1a,Undirected,1,2019
"Ayache, Mohamed_2025-11-19T21:22:18",69825516c835c41957dfbe1a,Undirected,1,2019
"Swingedouw, Didier_2025-11-19T21:22:18",69825516c835c41957dfbe1a,Undirected,1,2019
"Dutay, Jean-Claude_2025-11-19T21:22:18",69825516c835c41957dfbe1a,Undirected,1,2019
"Eynaud, Frédérique_2025-11-19T21:21:23",69825516c835c41957dfbe1a,Undirected,1,2019
"Debret, Maxime_2025-11-19T21:22:18",69825516c835c41957dfbe1a,Undirected,1,2019
"Blamart, Dominique_2025-11-19T21:22:18",69825516c835c41957dfbe1a,Undirected,1,2019
"Douville, Eric_2025-11-19T21:22:18",69825516c835c41957dfbe1a,Undirected,1,2019
"Heeren, Stijn_2025-11-19T21:18:11",69825516c835c41957dfc06a,Undirected,1,2019
"Deckers, Pieterjan_2025-11-19T21:16:25",69825516c835c41957dfc06a,Undirected,1,2019
"Janeczek, Maciej_2025-11-19T21:22:25",69825516c835c41957dfe772,Undirected,1,2019
"Skalec, Aleksandra_2025-11-19T21:32:08",69825516c835c41957dfe772,Undirected,1,2019
"Ciaputa, Rafał_2025-11-19T21:32:08",69825516c835c41957dfe772,Undirected,1,2019
"Chrószcz, Aleksander_2025-11-19T21:32:08",69825516c835c41957dfe772,Undirected,1,2019
"Grieco, Valeria_2025-11-19T21:32:08",69825516c835c41957dfe772,Undirected,1,2019
"Rozwadowski, Grzegorz_2025-11-19T21:32:08",69825516c835c41957dfe772,Undirected,1,2019
"Poradowski, Dominik_2025-11-19T21:32:08",69825516c835c41957dfe772,Undirected,1,2019
"Spychalski, Przemysław_2025-11-19T21:32:08",69825516c835c41957dfe772,Undirected,1,2019
"Pluskowski, Aleksander G._2025-11-19T21:16:39",69825516c835c41957dfe848,Undirected,1,2019
"Makowiecki, Daniel_2025-11-19T21:17:59",69825516c835c41957dfe848,Undirected,1,2019
"MALTBY, MARK_2025-11-19T21:17:25",69825516c835c41957dfe848,Undirected,1,2019
"Rannamäe, Eve_2025-11-19T21:32:23",69825516c835c41957dfe848,Undirected,1,2019
"Lõugas, Lembi_2025-11-19T21:18:30",69825516c835c41957dfe848,Undirected,1,2019
"Maldre, Liina_2025-11-19T21:18:30",69825516c835c41957dfe848,Undirected,1,2019
"DAUGNORA, LINAS_2025-11-19T21:25:18",69825516c835c41957dfe848,Undirected,1,2019
"BLACK, STUART_2025-11-19T21:17:25",69825516c835c41957dfe848,Undirected,1,2019
"Müldner, Gundula_2025-11-19T21:17:10",69825516c835c41957dfe848,Undirected,1,2019
"SEETAH, KRISH_2025-11-19T21:17:25",69825516c835c41957dfe848,Undirected,1,2019
"Halldórsdóttir, Hrafnhildur Helga_2025-11-19T21:32:23",69825516c835c41957dfe849,Undirected,1,2019
"Rogers, Bryony_2025-11-19T21:32:23",69825516c835c41957dfe849,Undirected,1,2019
"DiRenno, Frank_2025-11-19T21:32:23",69825516c835c41957dfe849,Undirected,1,2019
"Müldner, Gundula_2025-11-19T21:17:10",69825516c835c41957dfe849,Undirected,1,2019
"Gröcke, Darren R._2025-11-19T21:32:23",69825516c835c41957dfe849,Undirected,1,2019
"Barnicle, Ellen_2025-11-19T21:32:23",69825516c835c41957dfe849,Undirected,1,2019
"Chidimuro, Blessing_2025-11-19T21:32:23",69825516c835c41957dfe849,Undirected,1,2019
"Evans, Malcolm_2025-11-19T21:32:23",69825516c835c41957dfe849,Undirected,1,2019
"Morley, Ruth_2025-11-19T21:32:23",69825516c835c41957dfe849,Undirected,1,2019
"Neff, Monica_2025-11-19T21:32:23",69825516c835c41957dfe849,Undirected,1,2019
"Sharp, Cassidy_2025-11-19T21:32:23",69825516c835c41957dfe849,Undirected,1,2019
"Simpson, Ashleigh_2025-11-19T21:32:23",69825516c835c41957dfe849,Undirected,1,2019
"Boucher, Andy_2025-11-19T21:32:23",69825516c835c41957dfe849,Undirected,1,2019
"Montgomery, Janet A._2025-11-19T21:28:49",69825516c835c41957dfe849,Undirected,1,2019
"Rzepecki, Andreas_2025-11-19T21:22:22",69825516c835c41957dfe867,Undirected,1,2019
"Neyses-Eiden, Mechthild_2025-11-19T21:22:22",69825516c835c41957dfe867,Undirected,1,2019
"Frank, Thomas_2025-11-19T21:22:22",69825516c835c41957dfe867,Undirected,1,2019
"Diethelm, Barbara_2025-11-19T21:32:25",69825516c835c41957dfe867,Undirected,1,2019
"Herzig, Franz_2025-11-19T21:22:22",69825516c835c41957dfe867,Undirected,1,2019
"TEGEL, Willy_2025-11-19T21:20:19",69825516c835c41957dfe867,Undirected,1,2019
"Tolksdorf, Johann Friedrich_2025-11-19T21:21:45",69825516c835c41957dfe869,Undirected,1,2019
"Schubert, Matthias_2025-11-19T21:21:45",69825516c835c41957dfe869,Undirected,1,2019
"Schröder, Frank_2025-11-19T21:21:45",69825516c835c41957dfe869,Undirected,1,2019
"Petr, Libor_2025-11-19T21:20:52",69825516c835c41957dfe869,Undirected,1,2019
"Herbig, Christoph_2025-11-19T21:21:45",69825516c835c41957dfe869,Undirected,1,2019
"Kočár, Petr_2025-11-19T21:16:34",69825516c835c41957dfe869,Undirected,1,2019
"Bertuch, Mathias_2025-11-19T21:21:45",69825516c835c41957dfe869,Undirected,1,2019
"Hemker, Christiane_2025-11-19T21:21:45",69825516c835c41957dfe869,Undirected,1,2019
"Myrstener, Erik_2025-11-19T21:33:50",69825516c835c41957dfed7e,Undirected,1,2019
"Biester, Harald_2025-11-19T21:28:37",69825516c835c41957dfed7e,Undirected,1,2019
"Bigler, Christian_2025-11-19T21:33:50",69825516c835c41957dfed7e,Undirected,1,2019
"Lidberg, William_2025-11-19T21:33:50",69825516c835c41957dfed7e,Undirected,1,2019
"Meyer-Jacob, Carsten_2025-11-19T21:33:50",69825516c835c41957dfed7e,Undirected,1,2019
"Rydberg, Johan_2025-11-19T21:28:37",69825516c835c41957dfed7e,Undirected,1,2019
"Bindler, Richard_2025-11-19T21:23:56",69825516c835c41957dfed7e,Undirected,1,2019
"Vai, Stefania_2025-11-19T21:15:24",69825516c835c41957dfed83,Undirected,1,2019
"Brunelli, Andrea_2025-11-19T21:33:50",69825516c835c41957dfed83,Undirected,1,2019
"Modi, Alessandra_2025-11-19T21:15:24",69825516c835c41957dfed83,Undirected,1,2019
"Tassi, Francesca_2025-11-19T21:26:04",69825516c835c41957dfed83,Undirected,1,2019
"Vergata, Chiara_2025-11-19T21:33:50",69825516c835c41957dfed83,Undirected,1,2019
"Pilli, Elena_2025-11-19T21:23:44",69825516c835c41957dfed83,Undirected,1,2019
"Lari, Martina_2025-11-19T21:15:24",69825516c835c41957dfed83,Undirected,1,2019
"Susca, Roberta Rosa_2025-11-19T21:33:50",69825516c835c41957dfed83,Undirected,1,2019
"Giostra, Caterina_2025-11-19T21:15:24",69825516c835c41957dfed83,Undirected,1,2019
"Baricco, Luisella Pejrani_2025-11-19T21:32:10",69825516c835c41957dfed83,Undirected,1,2019
"Bedini, Elena_2025-11-19T21:26:04",69825516c835c41957dfed83,Undirected,1,2019
"Koncz, István_2025-11-19T21:15:24",69825516c835c41957dfed83,Undirected,1,2019
"Vida, Tivadar_2025-11-19T21:15:24",69825516c835c41957dfed83,Undirected,1,2019
"Mende, Balázs Gusztáv_2025-11-19T21:15:24",69825516c835c41957dfed83,Undirected,1,2019
"Winger, Daniel_2025-11-19T21:32:10",69825516c835c41957dfed83,Undirected,1,2019
"Loskotová, Zuzana_2025-11-19T21:33:50",69825516c835c41957dfed83,Undirected,1,2019
"Veeramah, Krishna R._2025-11-19T21:15:24",69825516c835c41957dfed83,Undirected,1,2019
"Geary, Patrick J._2025-11-19T21:15:24",69825516c835c41957dfed83,Undirected,1,2019
"Barbujani, Guido_2025-11-19T21:21:19",69825516c835c41957dfed83,Undirected,1,2019
"Caramelli, David_2025-11-19T21:15:24",69825516c835c41957dfed83,Undirected,1,2019
"Ghirotto, Silvia_2025-11-19T21:23:44",69825516c835c41957dfed83,Undirected,1,2019
"Davies-Barrett, Anna M_2025-11-19T21:33:50",69825516c835c41957dfed84,Undirected,1,2019
"Antoine, Daniel_2025-11-19T21:22:47",69825516c835c41957dfed84,Undirected,1,2019
"Roberts, Charlotte A_2025-11-19T21:21:27",69825516c835c41957dfed84,Undirected,1,2019
"Walsh, Kevin_2025-11-19T21:33:53",69825516c835c41957dfedac,Undirected,1,2019
"Berger, Jean-François_2025-11-19T21:33:53",69825516c835c41957dfedac,Undirected,1,2019
"Roberts, C Neil_2025-11-19T21:33:53",69825516c835c41957dfedac,Undirected,1,2019
"Vanniere, Boris_2025-11-19T21:33:53",69825516c835c41957dfedac,Undirected,1,2019
"Ghilardi, Matthieu_2025-11-19T21:33:53",69825516c835c41957dfedac,Undirected,1,2019
"Brown, Antony G_2025-11-19T21:33:53",69825516c835c41957dfedac,Undirected,1,2019
"Woodbridge, Jessie_2025-11-19T21:32:14",69825516c835c41957dfedac,Undirected,1,2019
"Lespez, Laurent_2025-11-19T21:20:05",69825516c835c41957dfedac,Undirected,1,2019
"Estrany, Joan_2025-11-19T21:33:53",69825516c835c41957dfedac,Undirected,1,2019
"Glais, Arthur_2025-11-19T21:18:35",69825516c835c41957dfedac,Undirected,1,2019
"Palmisano, Alessio_2025-11-19T21:33:53",69825516c835c41957dfedac,Undirected,1,2019
"Finné, Martin_2025-11-19T21:26:48",69825516c835c41957dfedac,Undirected,1,2019
"Verstraeten, Gert_2025-11-19T21:23:50",69825516c835c41957dfedac,Undirected,1,2019
"Pigière, Fabienne_2025-11-19T21:16:39",69825516c835c41957dfedb6,Undirected,1,2019
"Goffette, Quentin_2025-11-19T21:19:00",69825516c835c41957dfedb6,Undirected,1,2019
"Gustavsen, Lars_2025-11-19T21:33:59",69825516c835c41957dfedee,Undirected,1,2019
"Kristiansen, Monica_2025-11-19T21:33:59",69825516c835c41957dfedee,Undirected,1,2019
"Nau, Erich_2025-11-19T21:29:37",69825516c835c41957dfedee,Undirected,1,2019
"Tafjord, Bernt Egil_2025-11-19T21:33:59",69825516c835c41957dfedee,Undirected,1,2019
"Alba-Sánchez, Francisca_2025-11-19T21:24:58",69825516c835c41957dfee1b,Undirected,1,2019
"López-Sáez, José Antonio_2025-11-19T21:17:26",69825516c835c41957dfee1b,Undirected,1,2019
"Abel-Schaad, Daniel_2025-11-19T21:24:58",69825516c835c41957dfee1b,Undirected,1,2019
"Sabariego Ruiz, Silvia_2025-11-19T21:34:02",69825516c835c41957dfee1b,Undirected,1,2019
"Pérez-Díaz, Sebastián_2025-11-19T21:24:58",69825516c835c41957dfee1b,Undirected,1,2019
"González-Hernández, Antonio_2025-11-19T21:34:02",69825516c835c41957dfee1b,Undirected,1,2019
"Linares, Juan Carlos_2025-11-19T21:34:02",69825516c835c41957dfee1b,Undirected,1,2019
"Poulsen, Bjørn_2025-11-19T21:17:33",69825516c835c41957dfee46,Undirected,1,2019
"Gundersen, Olav E._2025-11-19T21:34:05",69825516c835c41957dfee46,Undirected,1,2019
"Claggett, Daniel_2025-11-19T21:34:05",69825516c835c41957dfee49,Undirected,1,2019
"McCarthy, John_2025-11-19T21:34:05",69825516c835c41957dfee49,Undirected,1,2019
"Murray, William_2025-11-19T21:34:05",69825516c835c41957dfee49,Undirected,1,2019
"Sebo, Erin_2025-11-19T21:17:35",69825516c835c41957dfee49,Undirected,1,2019
"Jouttijärvi, Arne_2025-11-19T21:17:28",69825516c835c41957dfee49,Undirected,1,2019
"Hüls, Matthias_2025-11-19T21:34:05",69825516c835c41957dfee49,Undirected,1,2019
"Benjamin, Jonathan_2025-11-19T21:34:05",69825516c835c41957dfee49,Undirected,1,2019
"Klunk, Jennifer_2025-11-19T21:34:21",69825516c835c41957dfeeef,Undirected,1,2019
"Duggan, Ana T._2025-11-19T21:34:21",69825516c835c41957dfeeef,Undirected,1,2019
"Redfern, Rebecca_2025-11-19T21:34:21",69825516c835c41957dfeeef,Undirected,1,2019
"Gamble, Julia A_2025-11-19T21:36:49",69825516c835c41957dfeeef,Undirected,1,2019
"Boldsen, Jesper L._2025-11-19T21:17:00",69825516c835c41957dfeeef,Undirected,1,2019
"Golding, G. Brian_2025-11-19T21:34:21",69825516c835c41957dfeeef,Undirected,1,2019
"Walter, Brittany S._2025-11-19T21:34:21",69825516c835c41957dfeeef,Undirected,1,2019
"Eaton, Katherine_2025-11-19T21:34:21",69825516c835c41957dfeeef,Undirected,1,2019
"Stangroom, Julianna_2025-11-19T21:34:21",69825516c835c41957dfeeef,Undirected,1,2019
"Rouillard, Jean-Marie_2025-11-19T21:34:21",69825516c835c41957dfeeef,Undirected,1,2019
"Devault, Alison_2025-11-19T21:34:21",69825516c835c41957dfeeef,Undirected,1,2019
"DeWitte, Sharon N._2025-11-19T21:34:21",69825516c835c41957dfeeef,Undirected,1,2019
"Poinar, Hendrik N._2025-11-19T21:34:21",69825516c835c41957dfeeef,Undirected,1,2019
"Brown, Alex_2025-11-19T21:26:32",69825516c835c41957dfeef0,Undirected,1,2019
"Poska, Anneli_2025-11-19T21:34:21",69825516c835c41957dfeef0,Undirected,1,2019
"Pluskowski, Aleksander G._2025-11-19T21:16:39",69825516c835c41957dfeef0,Undirected,1,2019
"Dunne, Julie_2025-11-19T21:18:32",69825516c835c41957dfeef1,Undirected,1,2019
"Chapman, A._2025-11-19T21:34:21",69825516c835c41957dfeef1,Undirected,1,2019
"Blinkhorn, Paul_2025-11-19T21:17:24",69825516c835c41957dfeef1,Undirected,1,2019
"Evershed, Richard P._2025-11-19T21:18:32",69825516c835c41957dfeef1,Undirected,1,2019
"Saag, Lehti_2025-11-19T21:17:12",69825516c835c41957dfeefa,Undirected,1,2019
"Laneman, Margot_2025-11-19T21:34:22",69825516c835c41957dfeefa,Undirected,1,2019
"Varul, Liivi_2025-11-19T21:34:22",69825516c835c41957dfeefa,Undirected,1,2019
"Malve, Martin_2025-11-19T21:34:22",69825516c835c41957dfeefa,Undirected,1,2019
"Valk, Heiki_2025-11-19T21:17:30",69825516c835c41957dfeefa,Undirected,1,2019
"Razzak, Maria A._2025-11-19T21:34:22",69825516c835c41957dfeefa,Undirected,1,2019
"Shirobokov, Ivan G._2025-11-19T21:34:22",69825516c835c41957dfeefa,Undirected,1,2019
"Khartanovich, Valeri I._2025-11-19T21:16:51",69825516c835c41957dfeefa,Undirected,1,2019
"Mikhaylova, Elena R._2025-11-19T21:34:22",69825516c835c41957dfeefa,Undirected,1,2019
"Kushniarevich, Alena_2025-11-19T21:17:06",69825516c835c41957dfeefa,Undirected,1,2019
"Scheib, Christiana L_2025-11-19T21:21:16",69825516c835c41957dfeefa,Undirected,1,2019
"Solnik, Anu_2025-11-19T21:16:14",69825516c835c41957dfeefa,Undirected,1,2019
"Reisberg, Tuuli_2025-11-19T21:34:22",69825516c835c41957dfeefa,Undirected,1,2019
"Parik, Jüri_2025-11-19T21:34:22",69825516c835c41957dfeefa,Undirected,1,2019
"Saag, Lauri_2025-11-19T21:34:22",69825516c835c41957dfeefa,Undirected,1,2019
"Metspalu, Ene_2025-11-19T21:17:06",69825516c835c41957dfeefa,Undirected,1,2019
"Rootsi, Siiri_2025-11-19T21:26:24",69825516c835c41957dfeefa,Undirected,1,2019
"Montinaro, Francesco_2025-11-19T21:18:05",69825516c835c41957dfeefa,Undirected,1,2019
"Remm, Maido_2025-11-19T21:34:22",69825516c835c41957dfeefa,Undirected,1,2019
"Mägi, Reedik_2025-11-19T21:34:22",69825516c835c41957dfeefa,Undirected,1,2019
"D'Atanasio, Eugenia_2025-11-19T21:16:14",69825516c835c41957dfeefa,Undirected,1,2019
"Crema, Enrico Ryunosuke_2025-11-19T21:34:22",69825516c835c41957dfeefa,Undirected,1,2019
"Díez-del-Molino, David_2025-11-19T21:34:22",69825516c835c41957dfeefa,Undirected,1,2019
"Thomas, Mark G._2025-11-19T21:18:14",69825516c835c41957dfeefa,Undirected,1,2019
"Kriiska, Aivar_2025-11-19T21:18:30",69825516c835c41957dfeefa,Undirected,1,2019
"Kivisild, Toomas_2025-11-19T21:15:49",69825516c835c41957dfeefa,Undirected,1,2019
"Villems, Richard_2025-11-19T21:26:09",69825516c835c41957dfeefa,Undirected,1,2019
"Lang, Valter_2025-11-19T21:31:48",69825516c835c41957dfeefa,Undirected,1,2019
"Metspalu, Mait_2025-11-19T21:18:05",69825516c835c41957dfeefa,Undirected,1,2019
"Tambets, Kristiina_2025-11-19T21:17:12",69825516c835c41957dfeefa,Undirected,1,2019
"Hansen, Gitte_2025-11-19T21:34:23",69825516c835c41957dfef0c,Undirected,1,2019
"Røed, Knut H._2025-11-19T21:34:23",69825516c835c41957dfef0c,Undirected,1,2019
"Babos, Heidi B._2025-11-19T21:34:29",69825516c835c41957dfef59,Undirected,1,2019
"BLACK, STUART_2025-11-19T21:17:25",69825516c835c41957dfef59,Undirected,1,2019
"Pluskowski, Aleksander G._2025-11-19T21:16:39",69825516c835c41957dfef59,Undirected,1,2019
"Brown, Alex_2025-11-19T21:26:32",69825516c835c41957dfef59,Undirected,1,2019
"Rohrssen, Megan_2025-11-19T21:34:29",69825516c835c41957dfef59,Undirected,1,2019
"Chappaz, Anthony_2025-11-19T21:34:29",69825516c835c41957dfef59,Undirected,1,2019
"Aguraiuja-Lätti, Ülle_2025-11-19T21:34:30",69825516c835c41957dfef62,Undirected,1,2019
"Lõugas, Lembi_2025-11-19T21:18:30",69825516c835c41957dfef62,Undirected,1,2019
"Farmer, Sharon_2025-11-19T21:21:23",69825516c835c41957dff0ac,Undirected,1,2019
"Rosenwein, Barbara H._2025-11-19T21:18:42",69825516c835c41957dff0ac,Undirected,1,2019
"Festa, G_2025-11-19T21:35:10",69825516c835c41957dff151,Undirected,1,2019
"Andreani, C_2025-11-19T21:35:10",69825516c835c41957dff151,Undirected,1,2019
"Baldoni, Marica_2025-11-19T21:28:21",69825516c835c41957dff151,Undirected,1,2019
"Cipollari, V_2025-11-19T21:35:10",69825516c835c41957dff151,Undirected,1,2019
"Martínez-Labarga, Cristina_2025-11-19T21:28:21",69825516c835c41957dff151,Undirected,1,2019
"Martini, F_2025-11-19T21:35:10",69825516c835c41957dff151,Undirected,1,2019
"Rickards, Olga_2025-11-19T21:28:21",69825516c835c41957dff151,Undirected,1,2019
"Rolfo, M F_2025-11-19T21:35:10",69825516c835c41957dff151,Undirected,1,2019
"Sarti, Laury_2025-11-19T21:17:29",69825516c835c41957dff151,Undirected,1,2019
"Volante, N_2025-11-19T21:35:10",69825516c835c41957dff151,Undirected,1,2019
"Senesi, R_2025-11-19T21:35:10",69825516c835c41957dff151,Undirected,1,2019
"Stasolla, F R_2025-11-19T21:35:10",69825516c835c41957dff151,Undirected,1,2019
"Parker, S F_2025-11-19T21:35:10",69825516c835c41957dff151,Undirected,1,2019
"Vassalo, A R_2025-11-19T21:35:10",69825516c835c41957dff151,Undirected,1,2019
"Mamede, A P_2025-11-19T21:35:10",69825516c835c41957dff151,Undirected,1,2019
"Batista de Carvalho, L A E_2025-11-19T21:35:10",69825516c835c41957dff151,Undirected,1,2019
"Marques, M P M_2025-11-19T21:35:10",69825516c835c41957dff151,Undirected,1,2019
"Linderholm, Hans W._2025-11-19T21:20:55",69825516c835c41957dff159,Undirected,1,2019
"Gunnarson, Björn E_2025-11-19T21:47:34",69825516c835c41957dff159,Undirected,1,2019
Fjellström_2025-11-19T21:35:16,69825516c835c41957dff1a5,Undirected,1,2019
"Eriksson, Gunilla_2025-11-19T21:39:46",69825516c835c41957dff1a5,Undirected,1,2019
Lidén_2025-11-19T21:35:16,69825516c835c41957dff1a5,Undirected,1,2019
Svestad_2025-11-19T21:35:16,69825516c835c41957dff1a5,Undirected,1,2019
"Strobl, Christina_2025-11-19T21:35:24",69825516c835c41957dff1fb,Undirected,1,2019
"Zimmermann, Bettina_2025-11-19T21:35:24",69825516c835c41957dff1fb,Undirected,1,2019
"Allen, Marie_2025-11-19T21:22:38",69825516c835c41957dff1fb,Undirected,1,2019
"Anna, Kjellström._2025-11-19T21:17:05",69825516c835c41957dff1fb,Undirected,1,2019
"Wilken, Dennis_2025-11-19T21:23:12",69825516c835c41957dff21b,Undirected,1,2019
"Wunderlich, Tina_2025-11-19T21:26:24",69825516c835c41957dff21b,Undirected,1,2019
"Schulte-Kortnack, Detlef_2025-11-19T21:35:26",69825516c835c41957dff21b,Undirected,1,2019
"Nakoinz, Oliver_2025-11-19T21:35:26",69825516c835c41957dff21b,Undirected,1,2019
"Enzmann, Jonas_2025-11-19T21:35:26",69825516c835c41957dff21b,Undirected,1,2019
"Jürgens, Fritz_2025-11-19T21:35:26",69825516c835c41957dff21b,Undirected,1,2019
"Wilkes, Feiko_2025-11-19T21:35:26",69825516c835c41957dff21b,Undirected,1,2019
"Naumann, Elise_2025-11-19T21:25:54",69825516c835c41957dff24b,Undirected,1,2019
"Glørstad, Zanette Tsigaridas_2025-11-19T21:27:42",69825516c835c41957dff24b,Undirected,1,2019
"Breiby, M. P._2025-11-19T21:35:30",69825516c835c41957dff24b,Undirected,1,2019
"Mills, R. D._2025-11-19T21:35:30",69825516c835c41957dff24b,Undirected,1,2019
"Fullagar, P. D._2025-11-19T21:35:30",69825516c835c41957dff24b,Undirected,1,2019
"Hamerow, H. F._2025-11-19T21:35:34",69825516c835c41957dff357,Undirected,1,2019
"Bogaard, Amy_2025-11-19T21:35:57",69825516c835c41957dff357,Undirected,1,2019
"Charles, Mike_2025-11-19T21:35:57",69825516c835c41957dff357,Undirected,1,2019
"Ramsey, Christopher Bronk_2025-11-19T21:39:11",69825516c835c41957dff357,Undirected,1,2019
"Thomas, Richard_2025-11-19T21:35:57",69825516c835c41957dff357,Undirected,1,2019
"Forster, Emily_2025-11-19T21:35:57",69825516c835c41957dff357,Undirected,1,2019
"Holmes, Matilda_2025-11-19T21:17:32",69825516c835c41957dff357,Undirected,1,2019
"McKerracher, Mark_2025-11-19T21:18:37",69825516c835c41957dff357,Undirected,1,2019
"Stroud, Elizabeth_2025-11-19T21:35:57",69825516c835c41957dff357,Undirected,1,2019
"Croix, Sarah_2025-11-19T21:16:01",69825516c835c41957dff358,Undirected,1,2019
"Neiß (Neiss), Michael_2025-11-19T21:17:05",69825516c835c41957dff358,Undirected,1,2019
"Sindbaek, Søren Michael_2025-11-19T21:23:40",69825516c835c41957dff358,Undirected,1,2019
"Wiewióra, Marcin_2025-11-19T21:16:23",69825517c835c41957dff402,Undirected,1,2019
"Wasik, Bogusz_2025-11-19T21:36:15",69825517c835c41957dff402,Undirected,1,2019
"Molewski, Paweł_2025-11-19T21:16:33",69825517c835c41957dff402,Undirected,1,2019
"Badura, Monika_2025-11-19T21:17:59",69825517c835c41957dff402,Undirected,1,2019
"Maciejewska, Karolina_2025-11-19T21:36:15",69825517c835c41957dff402,Undirected,1,2019
"Makowiecki, Daniel_2025-11-19T21:17:59",69825517c835c41957dff402,Undirected,1,2019
"Moszczyński, Paweł_2025-11-19T21:36:15",69825517c835c41957dff402,Undirected,1,2019
"Misiewicz, Krzysztof_2025-11-19T21:36:15",69825517c835c41957dff402,Undirected,1,2019
"Małkowski, Wiesław_2025-11-19T21:36:15",69825517c835c41957dff402,Undirected,1,2019
"Tyszkowski, Sebastian_2025-11-19T21:36:15",69825517c835c41957dff402,Undirected,1,2019
"Kochkina, Anna F._2025-11-19T21:47:49",69825517c835c41957dff4bf,Undirected,1,2019
Vyazov Leonid A._2025-11-19T21:36:32,69825517c835c41957dff4bf,Undirected,1,2019
"Biermann, Felix_2025-11-19T21:17:41",69825517c835c41957dff6ad,Undirected,1,2019
"Herrmann, Christofer_2025-11-19T21:37:08",69825517c835c41957dff6ad,Undirected,1,2019
"Koperkiewicz, Arkadiusz_2025-11-19T21:37:08",69825517c835c41957dff6ad,Undirected,1,2019
"Ubis, Edvinas_2025-11-19T21:37:08",69825517c835c41957dff6ad,Undirected,1,2019
"Smith, Michèle Hayeur_2025-11-19T21:16:43",69825517c835c41957dff880,Undirected,1,2019
"Smith, Kevin P._2025-11-19T21:26:27",69825517c835c41957dff880,Undirected,1,2019
"Frei, Karin Margarita_2025-11-19T21:22:09",69825517c835c41957dff880,Undirected,1,2019
"Price, Theron Douglas_2025-11-19T21:22:09",69825517c835c41957dff891,Undirected,1,2019
"Moiseyev, Vyacheslav_2025-11-19T21:16:51",69825517c835c41957dff891,Undirected,1,2019
"Grigoreva, Natalia_2025-11-19T21:37:47",69825517c835c41957dff891,Undirected,1,2019
"Miśta-Jakubowska, Ewelina_2025-11-19T21:15:50",69825517c835c41957dff892,Undirected,1,2019
"Czech-Błońska, Renata_2025-11-19T21:15:50",69825517c835c41957dff892,Undirected,1,2019
"Duczko, Władysław_2025-11-19T21:15:50",69825517c835c41957dff892,Undirected,1,2019
"Gójska, Aneta_2025-11-19T21:15:50",69825517c835c41957dff892,Undirected,1,2019
"Kalbarczyk, Paweł_2025-11-19T21:37:47",69825517c835c41957dff892,Undirected,1,2019
Grzegorz  Żabiński_2025-11-19T21:20:27,69825517c835c41957dff892,Undirected,1,2019
"Trela, Krystian_2025-11-19T21:37:47",69825517c835c41957dff892,Undirected,1,2019
"Vulović, Dragana_2025-11-19T21:15:52",69825517c835c41957dff8c5,Undirected,1,2019
"Miladinović-Radmilović, Nataša_2025-11-19T21:15:52",69825517c835c41957dff8c5,Undirected,1,2019
"Mikić, Ilija_2025-11-19T21:15:52",69825517c835c41957dff8c5,Undirected,1,2019
"Malmström, Helena_2025-11-19T21:25:55",69825517c835c41957dff930,Undirected,1,2019
"Günther, Torsten_2025-11-19T21:18:24",69825517c835c41957dff930,Undirected,1,2019
"Svensson, Emma M._2025-11-19T21:26:31",69825517c835c41957dff930,Undirected,1,2019
"Juras, Anna_2025-11-19T21:17:06",69825517c835c41957dff930,Undirected,1,2019
"Fraser, Magdalena_2025-11-19T21:38:00",69825517c835c41957dff930,Undirected,1,2019
"Munters, Arielle R._2025-11-19T21:38:00",69825517c835c41957dff930,Undirected,1,2019
"Pospieszny, Łukasz_2025-11-19T21:38:00",69825517c835c41957dff930,Undirected,1,2019
"Tõrv, Mari_2025-11-19T21:18:26",69825517c835c41957dff930,Undirected,1,2019
"Lindström, Jonathan_2025-11-19T21:38:00",69825517c835c41957dff930,Undirected,1,2019
"Götherström, Anders_2025-11-19T21:17:53",69825517c835c41957dff930,Undirected,1,2019
"Storå, Jan_2025-11-19T21:17:07",69825517c835c41957dff930,Undirected,1,2019
"Jakobsson, Mattias_2025-11-19T21:18:24",69825517c835c41957dff930,Undirected,1,2019
"Dergham, Modar_2025-11-19T21:38:04",69825517c835c41957dff962,Undirected,1,2019
"Gilanyi, Attila_2025-11-19T21:26:49",69825517c835c41957dff962,Undirected,1,2019
"Racz, Anna_2025-11-19T21:33:53",69825517c835c41957dff963,Undirected,1,2019
"Gilanyi, Attila_2025-11-19T21:26:49",69825517c835c41957dff963,Undirected,1,2019
"Bolya, Anna Maria_2025-11-19T21:38:04",69825517c835c41957dff963,Undirected,1,2019
"Chmielewska, Katarzyna_2025-11-19T21:33:53",69825517c835c41957dff963,Undirected,1,2019
"Dergham, Modar_2025-11-19T21:38:04",69825517c835c41957dff964,Undirected,1,2019
"Gilanyi, Attila_2025-11-19T21:26:49",69825517c835c41957dff964,Undirected,1,2019
"Bujdoso, Gyongyi_2025-11-19T21:29:46",69825517c835c41957dff966,Undirected,1,2019
"Boros, Kata_2025-11-19T21:38:05",69825517c835c41957dff966,Undirected,1,2019
"Novac, Cornelia Mihaela_2025-11-19T21:38:05",69825517c835c41957dff966,Undirected,1,2019
"Novac, Ovidiu Constantin_2025-11-19T21:38:05",69825517c835c41957dff966,Undirected,1,2019
"Gilanyi, Attila_2025-11-19T21:26:49",69825517c835c41957dff96a,Undirected,1,2019
"Racz, Anna_2025-11-19T21:33:53",69825517c835c41957dff96a,Undirected,1,2019
"Bolya, Anna Maria_2025-11-19T21:38:04",69825517c835c41957dff96a,Undirected,1,2019
"Chmielewska, Katarzyna_2025-11-19T21:33:53",69825517c835c41957dff96a,Undirected,1,2019
"Carroll, Jayne_2025-11-19T21:26:57",69825517c835c41957dff996,Undirected,1,2019
"Reynolds, Andrew_2025-11-19T21:17:29",69825517c835c41957dff996,Undirected,1,2019
"Yorke, Barbara_2025-11-19T21:24:40",69825517c835c41957dff996,Undirected,1,2019
Carlos Marichal_2025-11-19T21:38:11,69825517c835c41957dff9c2,Undirected,1,2019
Guillermina del Valle Pavón_2025-11-19T21:38:11,69825517c835c41957dff9c2,Undirected,1,2019
Javier Kraselsky_2025-11-19T21:38:11,69825517c835c41957dff9c2,Undirected,1,2019
"Salvucci, Richard J._2025-11-19T21:17:20",69825517c835c41957dff9c2,Undirected,1,2019
Antonio García de León_2025-11-19T21:38:11,69825517c835c41957dff9c2,Undirected,1,2019
"Cubitt, Rachel S._2025-11-19T21:38:46",69825517c835c41957dffb5f,Undirected,1,2019
"Hartle, Robert_2025-11-19T21:38:46",69825517c835c41957dffb5f,Undirected,1,2019
"Marshall, Michael_2025-11-19T21:38:46",69825517c835c41957dffb5f,Undirected,1,2019
"BETH, RICHARDSON_2025-11-19T21:17:09",69825517c835c41957dffb5f,Undirected,1,2019
"Allison, Enid P._2025-11-19T21:17:20",69825517c835c41957dffb5f,Undirected,1,2019
"Bankhead, Gary_2025-11-19T21:38:46",69825517c835c41957dffb5f,Undirected,1,2019
"Bowsher, Julian_2025-11-19T21:38:46",69825517c835c41957dffb5f,Undirected,1,2019
"Ewens, Vicki_2025-11-19T21:26:38",69825517c835c41957dffb5f,Undirected,1,2019
"Jeffries, Nigel_2025-11-19T21:38:46",69825517c835c41957dffb5f,Undirected,1,2019
"Pipe, Alan_2025-11-19T21:16:40",69825517c835c41957dffb5f,Undirected,1,2019
"Pritchard, Frances_2025-11-19T21:24:38",69825517c835c41957dffb5f,Undirected,1,2019
"Stewart, Karen_2025-11-19T21:38:46",69825517c835c41957dffb5f,Undirected,1,2019
"Bourgeois, Luc_2025-11-19T21:18:56",69825517c835c41957dffb81,Undirected,1,2019
"Normand, Éric_2025-11-19T21:18:33",69825517c835c41957dffb81,Undirected,1,2019
"Champagne, Alain_2025-11-19T21:19:29",69825517c835c41957dffb81,Undirected,1,2019
"Clavel, Benoît_2025-11-19T21:19:33",69825517c835c41957dffb81,Undirected,1,2019
"Duda, Michalina_2025-11-19T21:30:39",69825517c835c41957dffdda,Undirected,1,2019
"Jóźwiak, Sławomir_2025-11-19T21:16:33",69825517c835c41957dffdda,Undirected,1,2019
"Roche, Kevin_2025-11-19T21:41:05",69825517c835c41957e00232,Undirected,1,2019
"Pacciani, Elsa_2025-11-19T21:32:19",69825517c835c41957e00232,Undirected,1,2019
"Bianucci, Raffaella_2025-11-19T21:27:37",69825517c835c41957e00232,Undirected,1,2019
"Bailly, Matthieu Le_2025-11-19T21:41:05",69825517c835c41957e00232,Undirected,1,2019
"Dufour, Benjamin_2025-11-19T21:41:05",69825517c835c41957e00233,Undirected,1,2019
"Portat, Émilie_2025-11-19T21:18:47",69825517c835c41957e00233,Undirected,1,2019
"Bazin, Bruno_2025-11-19T21:18:47",69825517c835c41957e00233,Undirected,1,2019
"Bailly, Matthieu Le_2025-11-19T21:41:05",69825517c835c41957e00233,Undirected,1,2019
"Gemmill, E._2025-11-19T21:46:56",69825517c835c41957e00b81,Undirected,1,2019
"Mayhew, Nicholas_2025-11-19T21:17:28",69825517c835c41957e00b81,Undirected,1,2019
"Hall, Derek W_2025-11-19T21:46:57",69825517c835c41957e00b87,Undirected,1,2019
"Smith, Catherine_2025-11-19T21:46:57",69825517c835c41957e00b87,Undirected,1,2019
"Sánchez-Quinto, Federico_2025-11-19T21:47:12",69825517c835c41957e00bf6,Undirected,1,2019
"Malmström, Helena_2025-11-19T21:25:55",69825517c835c41957e00bf6,Undirected,1,2019
"Fraser, Magdalena_2025-11-19T21:38:00",69825517c835c41957e00bf6,Undirected,1,2019
"Girdland-Flink, Linus_2025-11-19T21:22:42",69825517c835c41957e00bf6,Undirected,1,2019
"Svensson, Emma M._2025-11-19T21:26:31",69825517c835c41957e00bf6,Undirected,1,2019
"Simões, Luciana G._2025-11-19T21:18:26",69825517c835c41957e00bf6,Undirected,1,2019
"George, Robert_2025-11-19T21:47:12",69825517c835c41957e00bf6,Undirected,1,2019
"Hollfelder, Nina_2025-11-19T21:47:12",69825517c835c41957e00bf6,Undirected,1,2019
"Burenhult, Göran_2025-11-19T21:47:12",69825517c835c41957e00bf6,Undirected,1,2019
"Noble, Gordon_2025-11-19T21:15:49",69825517c835c41957e00bf6,Undirected,1,2019
"Britton, Kate_2025-11-19T21:18:30",69825517c835c41957e00bf6,Undirected,1,2019
"Talamo, Sahra_2025-11-19T21:22:42",69825517c835c41957e00bf6,Undirected,1,2019
"Curtis, Neil_2025-11-19T21:47:12",69825517c835c41957e00bf6,Undirected,1,2019
"Brzobohata, Hana_2025-11-19T21:47:12",69825517c835c41957e00bf6,Undirected,1,2019
"Sumberova, Radka_2025-11-19T21:47:12",69825517c835c41957e00bf6,Undirected,1,2019
"Götherström, Anders_2025-11-19T21:17:53",69825517c835c41957e00bf6,Undirected,1,2019
"Storå, Jan_2025-11-19T21:17:07",69825517c835c41957e00bf6,Undirected,1,2019
"Jakobsson, Mattias_2025-11-19T21:18:24",69825517c835c41957e00bf6,Undirected,1,2019
"Schroeder, Hannes_2025-11-19T21:38:41",69825517c835c41957e00bf7,Undirected,1,2019
"Margaryan, Ashot_2025-11-19T21:20:57",69825517c835c41957e00bf7,Undirected,1,2019
"Szmyt, Marzena_2025-11-19T21:47:13",69825517c835c41957e00bf7,Undirected,1,2019
"Theulot, Bertrand_2025-11-19T21:47:13",69825517c835c41957e00bf7,Undirected,1,2019
"Włodarczak, Piotr_2025-11-19T21:28:03",69825517c835c41957e00bf7,Undirected,1,2019
"Rasmussen, Simon_2025-11-19T21:20:57",69825517c835c41957e00bf7,Undirected,1,2019
"Gopalakrishnan, Shyam_2025-11-19T21:47:13",69825517c835c41957e00bf7,Undirected,1,2019
"Szczepanek, Anita_2025-11-19T21:47:13",69825517c835c41957e00bf7,Undirected,1,2019
"Konopka, Tomasz_2025-11-19T21:47:13",69825517c835c41957e00bf7,Undirected,1,2019
"Jensen, Theis Z. T._2025-11-19T21:47:13",69825517c835c41957e00bf7,Undirected,1,2019
"Witkowska, Barbara_2025-11-19T21:28:03",69825517c835c41957e00bf7,Undirected,1,2019
"Wilk, Stanisław_2025-11-19T21:47:13",69825517c835c41957e00bf7,Undirected,1,2019
"Przybyła, Marcin M._2025-11-19T21:47:13",69825517c835c41957e00bf7,Undirected,1,2019
"Pospieszny, Łukasz_2025-11-19T21:38:00",69825517c835c41957e00bf7,Undirected,1,2019
"Sjögren, Karl-Göran_2025-11-19T21:21:01",69825517c835c41957e00bf7,Undirected,1,2019
"Belka, Zdzislaw_2025-11-19T21:47:13",69825517c835c41957e00bf7,Undirected,1,2019
"Olsen, Jesper_2025-11-19T21:20:54",69825517c835c41957e00bf7,Undirected,1,2019
"Kristiansen, Kristian_2025-11-19T21:21:01",69825517c835c41957e00bf7,Undirected,1,2019
"Willerslev, Eske_2025-11-19T21:17:06",69825517c835c41957e00bf7,Undirected,1,2019
"Frei, Karin Margarita_2025-11-19T21:22:09",69825517c835c41957e00bf7,Undirected,1,2019
"Sikora, Martin_2025-11-19T21:21:01",69825517c835c41957e00bf7,Undirected,1,2019
"Johannsen, Niels N._2025-11-19T21:47:13",69825517c835c41957e00bf7,Undirected,1,2019
"Allentoft, Morten E._2025-11-19T21:21:01",69825517c835c41957e00bf7,Undirected,1,2019
"Tan, Liangcheng_2025-11-19T21:47:13",69825517c835c41957e00bf8,Undirected,1,2019
"Shen, Chuan-Chou_2025-11-19T21:47:13",69825517c835c41957e00bf8,Undirected,1,2019
"Löwemark, Ludvig_2025-11-19T21:25:50",69825517c835c41957e00bf8,Undirected,1,2019
"Chawchai, Sakonvan_2025-11-19T21:47:13",69825517c835c41957e00bf8,Undirected,1,2019
"Edwards, R. Lawrence_2025-11-19T21:26:33",69825517c835c41957e00bf8,Undirected,1,2019
"Cai, Yanjun_2025-11-19T21:47:13",69825517c835c41957e00bf8,Undirected,1,2019
"Breitenbach, Sebastian F. M._2025-11-19T21:47:13",69825517c835c41957e00bf8,Undirected,1,2019
"Cheng, Hai_2025-11-19T21:26:33",69825517c835c41957e00bf8,Undirected,1,2019
"Chou, Yu-Chen_2025-11-19T21:47:13",69825517c835c41957e00bf8,Undirected,1,2019
"Duerrast, Helmut_2025-11-19T21:47:13",69825517c835c41957e00bf8,Undirected,1,2019
"Partin, Judson W._2025-11-19T21:47:13",69825517c835c41957e00bf8,Undirected,1,2019
"Cai, Wenju_2025-11-19T21:47:13",69825517c835c41957e00bf8,Undirected,1,2019
"Chabangborn, Akkaneewut_2025-11-19T21:47:13",69825517c835c41957e00bf8,Undirected,1,2019
"Gao, Yongli_2025-11-19T21:47:13",69825517c835c41957e00bf8,Undirected,1,2019
"Kwiecien, Ola_2025-11-19T21:47:13",69825517c835c41957e00bf8,Undirected,1,2019
"Wu, Chung-Che_2025-11-19T21:47:13",69825517c835c41957e00bf8,Undirected,1,2019
"Shi, Zhengguo_2025-11-19T21:47:13",69825517c835c41957e00bf8,Undirected,1,2019
"Hsu, Huang-Hsiung_2025-11-19T21:47:13",69825517c835c41957e00bf8,Undirected,1,2019
"Wohlfarth, Barbara_2025-11-19T21:47:13",69825517c835c41957e00bf8,Undirected,1,2019
"Keller, Marcel_2025-11-19T21:47:13",69825517c835c41957e00bfc,Undirected,1,2019
"Spyrou, Maria A_2025-11-19T21:41:26",69825517c835c41957e00bfc,Undirected,1,2019
"Scheib, Christiana L_2025-11-19T21:21:16",69825517c835c41957e00bfc,Undirected,1,2019
"Neumann, Gunnar U._2025-11-19T21:20:31",69825517c835c41957e00bfc,Undirected,1,2019
"Kröpelin, Andreas_2025-11-19T21:47:13",69825517c835c41957e00bfc,Undirected,1,2019
"Haas-Gebhard, Brigitte_2025-11-19T21:34:28",69825517c835c41957e00bfc,Undirected,1,2019
"Päffgen, Bernd_2025-11-19T21:34:28",69825517c835c41957e00bfc,Undirected,1,2019
"Haberstroh, Jochen_2025-11-19T21:18:25",69825517c835c41957e00bfc,Undirected,1,2019
"Ribera I Lacomba, Albert_2025-11-19T21:18:30",69825517c835c41957e00bfc,Undirected,1,2019
"Raynaud, Claude_2025-11-19T21:19:37",69825517c835c41957e00bfc,Undirected,1,2019
"Cessford, Craig_2025-11-19T21:15:49",69825517c835c41957e00bfc,Undirected,1,2019
"Durand, Raphaël_2025-11-19T21:47:13",69825517c835c41957e00bfc,Undirected,1,2019
"Stadler, Peter_2025-11-19T21:30:04",69825517c835c41957e00bfc,Undirected,1,2019
"Nägele, Kathrin_2025-11-19T21:47:13",69825517c835c41957e00bfc,Undirected,1,2019
"Bates, Jessica S._2025-11-19T21:47:13",69825517c835c41957e00bfc,Undirected,1,2019
"Trautmann, Bernd_2025-11-19T21:34:28",69825517c835c41957e00bfc,Undirected,1,2019
"Inskip, Sarah A._2025-11-19T21:16:14",69825517c835c41957e00bfc,Undirected,1,2019
"Peters, Joris_2025-11-19T21:16:39",69825517c835c41957e00bfc,Undirected,1,2019
"Robb, John E._2025-11-19T21:16:14",69825517c835c41957e00bfc,Undirected,1,2019
"Kivisild, Toomas_2025-11-19T21:15:49",69825517c835c41957e00bfc,Undirected,1,2019
"Castex, Dominique_2025-11-19T21:19:37",69825517c835c41957e00bfc,Undirected,1,2019
"McCormick, Michael_2025-11-19T21:21:20",69825517c835c41957e00bfc,Undirected,1,2019
"Bos, Kirsten I._2025-11-19T21:47:13",69825517c835c41957e00bfc,Undirected,1,2019
"Harbeck, Michaela_2025-11-19T21:28:38",69825517c835c41957e00bfc,Undirected,1,2019
"Herbig, Alexander_2025-11-19T21:37:28",69825517c835c41957e00bfc,Undirected,1,2019
"Krause, Johannes_2025-11-19T21:16:50",69825517c835c41957e00bfc,Undirected,1,2019
"Radini, Anita_2025-11-19T21:49:12",69825517c835c41957e00d49,Undirected,1,2019
"Tromp, M._2025-11-19T21:47:49",69825517c835c41957e00d49,Undirected,1,2019
"Beach, Alison I._2025-11-19T21:27:26",69825517c835c41957e00d49,Undirected,1,2019
"Tong, E._2025-11-19T21:47:49",69825517c835c41957e00d49,Undirected,1,2019
"Speller, Camilla F._2025-11-19T21:17:37",69825517c835c41957e00d49,Undirected,1,2019
"McCormick, Michael_2025-11-19T21:21:20",69825517c835c41957e00d49,Undirected,1,2019
"Dudgeon, J. V._2025-11-19T21:47:49",69825517c835c41957e00d49,Undirected,1,2019
"Collins, Matthew J._2025-11-19T21:24:59",69825517c835c41957e00d49,Undirected,1,2019
"Rühli, Frank J._2025-11-19T21:16:09",69825517c835c41957e00d49,Undirected,1,2019
"Kröger, R._2025-11-19T21:47:49",69825517c835c41957e00d49,Undirected,1,2019
"Warinner, Christina_2025-11-19T21:21:16",69825517c835c41957e00d49,Undirected,1,2019
Khuzin Fayaz Sh_2025-11-19T21:29:06,69825517c835c41957e00e31,Undirected,1,2019
Shakirov Zufar G._2025-11-19T21:29:07,69825517c835c41957e00e31,Undirected,1,2019
"Henning, Joachim_2025-11-19T21:27:02",69825517c835c41957e00ecc,Undirected,1,2019
"McCormick, Michael_2025-11-19T21:21:20",69825517c835c41957e00ecc,Undirected,1,2019
"Enciso, Lauro Olmo_2025-11-19T21:48:17",69825517c835c41957e00ecc,Undirected,1,2019
"Rassmann, Knut_2025-11-19T21:48:17",69825517c835c41957e00ecc,Undirected,1,2019
"Eyub, Eyub Fikrit_2025-11-19T21:48:17",69825517c835c41957e00ecc,Undirected,1,2019
"Alfsdotter, Clara_2025-11-19T21:48:17",69825517c835c41957e00ece,Undirected,1,2019
"Anna, Kjellström._2025-11-19T21:17:05",69825517c835c41957e00ece,Undirected,1,2019
"Davis, Lisa Fagin_2025-11-19T21:16:59",69825517c835c41957e012b0,Undirected,1,2019
"Spence, Sarah_2025-11-19T21:25:00",69825517c835c41957e012b0,Undirected,1,2019
"Lyman, Eugene W._2025-11-19T21:49:28",69825517c835c41957e012b0,Undirected,1,2019
"Lester, Anne E._2025-11-19T21:49:29",69825517c835c41957e012b0,Undirected,1,2019
"Geary, Patrick J._2025-11-19T21:15:24",69825517c835c41957e012b0,Undirected,1,2019
"Bjerke, Jillian_2025-11-19T21:49:29",69825517c835c41957e012b0,Undirected,1,2019
"Krolikoski, Courtney_2025-11-19T21:49:29",69825517c835c41957e012b0,Undirected,1,2019
"Powell, Austin_2025-11-19T21:49:29",69825517c835c41957e012b0,Undirected,1,2019
"Richards, Emerson_2025-11-19T21:49:29",69825517c835c41957e012b0,Undirected,1,2019
"Whitaker, Natalie_2025-11-19T21:41:44",69825517c835c41957e012b0,Undirected,1,2019
"Chelis, Theodore_2025-11-19T21:49:29",69825517c835c41957e012b0,Undirected,1,2019
"Dumitrescu, Irina A._2025-11-19T21:27:32",69825517c835c41957e012b0,Undirected,1,2019
"Hobbins, Daniel_2025-11-19T21:49:29",69825517c835c41957e012b0,Undirected,1,2019
"Meyer-Lee, Robert J._2025-11-19T21:49:29",69825517c835c41957e012b0,Undirected,1,2019
"Hahn, Cynthia_2025-11-19T21:49:29",69825517c835c41957e012b0,Undirected,1,2019
"Knox, Leslie_2025-11-19T21:49:29",69825517c835c41957e012b0,Undirected,1,2019
"Stanton, Anne Rudloff_2025-11-19T21:49:29",69825517c835c41957e012b0,Undirected,1,2019
"Haggh-Huglo, Barbara_2025-11-19T21:15:24",69825517c835c41957e012b0,Undirected,1,2019
"Gibson, Gail McMurray_2025-11-19T21:49:29",69825517c835c41957e012b0,Undirected,1,2019
"Baswell, Christopher_2025-11-19T21:49:29",69825517c835c41957e012b0,Undirected,1,2019
"Reilly, Lisa A._2025-11-19T21:22:00",69825517c835c41957e012b0,Undirected,1,2019
"Beebe, Kathryne_2025-11-19T21:49:29",69825517c835c41957e012b0,Undirected,1,2019
"Bogdanović, Jelena_2025-11-19T21:49:29",69825517c835c41957e012b0,Undirected,1,2019
"Evans, Ruth_2025-11-19T21:48:40",69825517c835c41957e012b0,Undirected,1,2019
"Minnis, A. J._2025-11-19T21:16:14",69825517c835c41957e012b0,Undirected,1,2019
"Wogan-Browne, Jocelyn_2025-11-19T21:16:59",69825517c835c41957e012b0,Undirected,1,2019
"Pearsall, Derek_2025-11-19T21:49:29",69825517c835c41957e0174c,Undirected,1,2019
"Wenzel, Siegfried_2025-11-19T21:25:24",69825517c835c41957e0174c,Undirected,1,2019
"Edwards, A. S. G._2025-11-19T21:16:59",69825517c835c41957e0174c,Undirected,1,2019
"Ruff, Carin_2025-11-19T21:37:56",69825517c835c41957e0174c,Undirected,1,2019
"Bruun, Greti Dinkova_2025-11-19T21:50:43",69825517c835c41957e0174c,Undirected,1,2019
"Townsend, David_2025-11-19T21:50:43",69825517c835c41957e0174c,Undirected,1,2019
"Goffart, Walter A._2025-11-19T21:27:51",69825517c835c41957e0174c,Undirected,1,2019
"Healey, Antonette diPaolo_2025-11-19T21:30:13",69825517c835c41957e0174c,Undirected,1,2019
"Frank, Roberta_2025-11-19T21:26:25",69825517c835c41957e0174c,Undirected,1,2019
"Helmholz, Richard H._2025-11-19T21:29:59",69825517c835c41957e0174c,Undirected,1,2019
"HYAMS, Paul R._2025-11-19T21:50:13",69825517c835c41957e0174c,Undirected,1,2019
"Pennington, Ken_2025-11-19T21:24:21",69825517c835c41957e0174c,Undirected,1,2019
"Fredh, Erik Daniel_2025-11-19T21:20:52",69825517c835c41957e01804,Undirected,1,2019
"Lagerås, Per_2025-11-19T21:20:52",69825517c835c41957e01804,Undirected,1,2019
"Mazier, Florence_2025-11-19T21:20:52",69825517c835c41957e01804,Undirected,1,2019
"Björkman, Leif_2025-11-19T21:20:52",69825517c835c41957e01804,Undirected,1,2019
"Lindbladh, Matts_2025-11-19T21:20:50",69825517c835c41957e01804,Undirected,1,2019
"Broström, Anna_2025-11-19T21:20:52",69825517c835c41957e01804,Undirected,1,2019
"Gardeła, Leszek_2025-11-19T21:16:10",69825517c835c41957e01830,Undirected,1,2019
"Tomasgard, Hanne Maria_2025-11-19T21:50:57",69825517c835c41957e01830,Undirected,1,2019
"Ormrod, W. Mark_2025-11-19T21:40:27",69825517c835c41957e018b1,Undirected,1,2019
"Lambert, Bart_2025-11-19T21:18:18",69825517c835c41957e018b1,Undirected,1,2019
"Mackman, Jonathan_2025-11-19T21:34:35",69825517c835c41957e018b1,Undirected,1,2019
"Morozova, Irina_2025-11-19T21:16:08",69825516c835c41957df9f2c,Undirected,1,2020
"Kasianov, Artem_2025-11-19T21:16:09",69825516c835c41957df9f2c,Undirected,1,2020
"Bruskin, Sergey_2025-11-19T21:16:09",69825516c835c41957df9f2c,Undirected,1,2020
"Neukamm, Judith_2025-11-19T21:16:09",69825516c835c41957df9f2c,Undirected,1,2020
"Molak, Martyna_2025-11-19T21:16:09",69825516c835c41957df9f2c,Undirected,1,2020
"Batieva, Elena_2025-11-19T21:16:09",69825516c835c41957df9f2c,Undirected,1,2020
"Pudło, Aleksandra_2025-11-19T21:16:09",69825516c835c41957df9f2c,Undirected,1,2020
"Rühli, Frank J._2025-11-19T21:16:09",69825516c835c41957df9f2c,Undirected,1,2020
"Schuenemann, Verena J._2025-11-19T21:16:09",69825516c835c41957df9f2c,Undirected,1,2020
"Xu, Li_2025-11-19T21:17:15",69825516c835c41957dfa37e,Undirected,1,2020
"Chen, Hao_2025-11-19T21:17:15",69825516c835c41957dfa37e,Undirected,1,2020
"Hu, Hao_2025-11-19T21:17:15",69825516c835c41957dfa37e,Undirected,1,2020
"Hu, Kaifeng_2025-11-19T21:17:15",69825516c835c41957dfa37e,Undirected,1,2020
"Zhang, Qiang_2025-11-19T21:17:15",69825516c835c41957dfa37e,Undirected,1,2020
"Jin, Yan_2025-11-19T21:17:15",69825516c835c41957dfa37e,Undirected,1,2020
"Fu, Qingsheng_2025-11-19T21:17:15",69825516c835c41957dfa37e,Undirected,1,2020
"Jiang, Yangfan_2025-11-19T21:17:15",69825516c835c41957dfa37e,Undirected,1,2020
"Qian, Long_2025-11-19T21:17:15",69825516c835c41957dfa37e,Undirected,1,2020
"Wu, Longchao_2025-11-19T21:17:15",69825516c835c41957dfa37e,Undirected,1,2020
"Huang, Xiaoxu_2025-11-19T21:17:15",69825516c835c41957dfa37e,Undirected,1,2020
"Xia, Yabin_2025-11-19T21:17:15",69825516c835c41957dfa37e,Undirected,1,2020
"Willmott, Hugh_2025-11-19T21:16:30",69825516c835c41957dfa380,Undirected,1,2020
"Daubney, Adam_2025-11-19T21:17:15",69825516c835c41957dfa380,Undirected,1,2020
"Petrulevich, Alexandra_2025-11-19T21:17:29",69825516c835c41957dfa4cd,Undirected,1,2020
"Backman, Agnieszka_2025-11-19T21:17:29",69825516c835c41957dfa4cd,Undirected,1,2020
"Adams, Jonathan_2025-11-19T21:17:20",69825516c835c41957dfa4cd,Undirected,1,2020
"Firth, Matthew_2025-11-19T21:17:35",69825516c835c41957dfa54c,Undirected,1,2020
"Sebo, Erin_2025-11-19T21:17:35",69825516c835c41957dfa54c,Undirected,1,2020
"Nevalainen, Terttu_2025-11-19T21:17:40",69825516c835c41957dfa5e0,Undirected,1,2020
"Säily, Tanja_2025-11-19T21:17:40",69825516c835c41957dfa5e0,Undirected,1,2020
"Vartiainen, Turo_2025-11-19T21:17:40",69825516c835c41957dfa5e0,Undirected,1,2020
"Liimatta, Aatu_2025-11-19T21:17:40",69825516c835c41957dfa5e0,Undirected,1,2020
"Lijffijt, Jefrey_2025-11-19T21:17:40",69825516c835c41957dfa5e0,Undirected,1,2020
"Dalle, Sarah_2025-11-19T21:20:14",69825516c835c41957dfb443,Undirected,1,2020
"Sabaux, Charlotte_2025-11-19T21:20:14",69825516c835c41957dfb443,Undirected,1,2020
"De Mulder, Guy_2025-11-19T21:20:14",69825516c835c41957dfb443,Undirected,1,2020
"Annaert, Rica_2025-11-19T21:20:14",69825516c835c41957dfb443,Undirected,1,2020
"Hlad, Marta_2025-11-19T21:20:14",69825516c835c41957dfb443,Undirected,1,2020
"Kontopoulos, Ioannis_2025-11-19T21:20:14",69825516c835c41957dfb443,Undirected,1,2020
"Veselka, Barbara_2025-11-19T21:18:18",69825516c835c41957dfb443,Undirected,1,2020
"Tys, Dries_2025-11-19T21:20:14",69825516c835c41957dfb443,Undirected,1,2020
"Capuzzo, Giacomo_2025-11-19T21:20:14",69825516c835c41957dfb443,Undirected,1,2020
"Sengeløv, Amanda_2025-11-19T21:18:18",69825516c835c41957dfb443,Undirected,1,2020
"Vercauteren, Martine_2025-11-19T21:20:14",69825516c835c41957dfb443,Undirected,1,2020
"Snoeck, Christophe_2025-11-19T21:17:12",69825516c835c41957dfb443,Undirected,1,2020
"Salesse, Kevin_2025-11-19T21:20:14",69825516c835c41957dfb443,Undirected,1,2020
"Warmenbol, Eugène_2025-11-19T21:20:14",69825516c835c41957dfb443,Undirected,1,2020
"Andrén, Elinor_2025-11-19T21:18:06",69825516c835c41957dfbae2,Undirected,1,2020
"van Wirdum, Falkje_2025-11-19T21:18:38",69825516c835c41957dfbae2,Undirected,1,2020
"Norbäck Ivarsson, Lena_2025-11-19T21:21:27",69825516c835c41957dfbae2,Undirected,1,2020
"Lönn, Mikael_2025-11-19T21:18:06",69825516c835c41957dfbae2,Undirected,1,2020
"Moros, Matthias_2025-11-19T21:21:00",69825516c835c41957dfbae2,Undirected,1,2020
"Andrén, Thomas_2025-11-19T21:18:06",69825516c835c41957dfbae2,Undirected,1,2020
"Aris, Christopher_2025-11-19T21:21:40",69825516c835c41957dfbae6,Undirected,1,2020
"Mahoney, Patrick_2025-11-19T21:18:04",69825516c835c41957dfbae6,Undirected,1,2020
"Deter, Chris_2025-11-19T21:21:40",69825516c835c41957dfbae6,Undirected,1,2020
"Aris, Christopher_2025-11-19T21:21:40",69825516c835c41957dfbc40,Undirected,1,2020
"Mahoney, Patrick_2025-11-19T21:18:04",69825516c835c41957dfbc40,Undirected,1,2020
"O'Hara, Mackie C_2025-11-19T21:21:56",69825516c835c41957dfbc40,Undirected,1,2020
"Deter, Chris_2025-11-19T21:21:40",69825516c835c41957dfbc40,Undirected,1,2020
"Bitenc, Polona_2025-11-19T21:22:09",69825516c835c41957dfbd71,Undirected,1,2020
"Knific, Timotej_2025-11-19T21:15:42",69825516c835c41957dfbd71,Undirected,1,2020
"Murgelj, Ida_2025-11-19T21:21:28",69825516c835c41957dfbd71,Undirected,1,2020
"Bitenc, Vida_2025-11-19T21:22:09",69825516c835c41957dfbd71,Undirected,1,2020
"Lauko, Tomaž._2025-11-19T21:17:57",69825516c835c41957dfbd71,Undirected,1,2020
"Prijatelj, Agni_2025-11-19T21:22:09",69825516c835c41957dfbd73,Undirected,1,2020
"Milek, Karen B._2025-11-19T21:25:08",69825516c835c41957dfbd73,Undirected,1,2020
"Mušič, Branko_2025-11-19T21:15:42",69825516c835c41957dfbd76,Undirected,1,2020
"Sekelj Ivančan, Tajana_2025-11-19T21:17:11",69825516c835c41957dfbd76,Undirected,1,2020
"Horn, Barbara_2025-11-19T21:17:11",69825516c835c41957dfbd76,Undirected,1,2020
"Modrijan, Zvezdana_2025-11-19T21:22:10",69825516c835c41957dfbd78,Undirected,1,2020
"Strmčnik-Gulič, Mira_2025-11-19T21:22:10",69825516c835c41957dfbd78,Undirected,1,2020
"Lubšina Tušek, Marija_2025-11-19T21:22:10",69825516c835c41957dfbd78,Undirected,1,2020
"Kajzer Cafnik, Mihela_2025-11-19T21:22:10",69825516c835c41957dfbd78,Undirected,1,2020
"Vomer-Gojkovič, Mojca_2025-11-19T21:22:10",69825516c835c41957dfbd78,Undirected,1,2020
"Žontar, Bogo_2025-11-19T21:22:10",69825516c835c41957dfbd78,Undirected,1,2020
"Korošec, Tamara_2025-11-19T21:22:10",69825516c835c41957dfbd78,Undirected,1,2020
"Sužnik, Maja_2025-11-19T21:22:10",69825516c835c41957dfbd78,Undirected,1,2020
"Štular, Benjamin_2025-11-19T21:21:28",69825516c835c41957dfbd7b,Undirected,1,2020
"Pleterski, Andrej_2025-11-19T21:21:28",69825516c835c41957dfbd7b,Undirected,1,2020
"Bitenc, Polona_2025-11-19T21:22:09",69825516c835c41957dfbd7d,Undirected,1,2020
"Knific, Timotej_2025-11-19T21:15:42",69825516c835c41957dfbd7d,Undirected,1,2020
"Hanc, Justin_2025-11-19T21:22:10",69825516c835c41957dfbd7d,Undirected,1,2020
"Lauko, Tomaž._2025-11-19T21:17:57",69825516c835c41957dfbd7d,Undirected,1,2020
"Bitenc, Vida_2025-11-19T21:22:09",69825516c835c41957dfbd7d,Undirected,1,2020
"Murgelj, Ida_2025-11-19T21:21:28",69825516c835c41957dfbd7d,Undirected,1,2020
"Knific Lunder, Dragica_2025-11-19T21:17:57",69825516c835c41957dfbd7d,Undirected,1,2020
"Štular, Benjamin_2025-11-19T21:21:28",69825516c835c41957dfbd86,Undirected,1,2020
"Lozić, Edisa_2025-11-19T21:22:10",69825516c835c41957dfbd86,Undirected,1,2020
"Buko, Andrzej_2025-11-19T21:21:32",69825516c835c41957dfbdbd,Undirected,1,2020
"Bogdanowicz, Wiesław_2025-11-19T21:22:12",69825516c835c41957dfbdbd,Undirected,1,2020
"Molak, Martyna_2025-11-19T21:16:09",69825516c835c41957dfbdbd,Undirected,1,2020
"Skrzyńska, Katarzyna_2025-11-19T21:22:12",69825516c835c41957dfbdbd,Undirected,1,2020
"Krasnodębski, Dariusz_2025-11-19T21:22:12",69825516c835c41957dfbdbd,Undirected,1,2020
"Brorsson, Torbjörn_2025-11-19T21:17:34",69825516c835c41957dfbdfd,Undirected,1,2020
"Jeffery, Sonia_2025-11-19T21:22:16",69825516c835c41957dfbdfd,Undirected,1,2020
"Petković, Sofija_2025-11-19T21:15:52",69825516c835c41957dfc00a,Undirected,1,2020
"Gojković, Dragica_2025-11-19T21:22:24",69825516c835c41957dfc00a,Undirected,1,2020
"Bulatović, Jelena B._2025-11-19T21:21:19",69825516c835c41957dfc00a,Undirected,1,2020
"Fortunati, Maria_2025-11-19T21:22:43",69825516c835c41957dfc061,Undirected,1,2020
"Negrelli, Claudio_2025-11-19T21:22:43",69825516c835c41957dfc061,Undirected,1,2020
"Mazzitelli, Daniela_2025-11-19T21:22:43",69825516c835c41957dfc061,Undirected,1,2020
"Barbiera, Irene_2025-11-19T21:19:38",69825516c835c41957dfc063,Undirected,1,2020
"Pazienza, Annamaria_2025-11-19T21:14:54",69825516c835c41957dfc063,Undirected,1,2020
"Borri, Francesco_2025-11-19T21:22:43",69825516c835c41957dfc063,Undirected,1,2020
ديفدسن، هربرت أ._2025-11-19T21:22:48,69825516c835c41957dfc0db,Undirected,1,2020
"Davidson, Herbert Alan_2025-11-19T21:22:48",69825516c835c41957dfc0db,Undirected,1,2020
"El Bousklaoui, Said_2025-11-19T21:22:48",69825516c835c41957dfc0db,Undirected,1,2020
البوسكلاوي، سعيد_2025-11-19T21:22:48,69825516c835c41957dfc0db,Undirected,1,2020
"James, Simon_2025-11-19T21:25:58",69825516c835c41957dfd17b,Undirected,1,2020
"Krmnicek, Stefan_2025-11-19T21:26:11",69825516c835c41957dfd17b,Undirected,1,2020
"Theune, Claudia_2025-11-19T21:26:11",69825516c835c41957dfd17b,Undirected,1,2020
"James, Simon_2025-11-19T21:25:58",69825516c835c41957dfd1ac,Undirected,1,2020
"Krmnicek, Stefan_2025-11-19T21:26:11",69825516c835c41957dfd1ac,Undirected,1,2020
"Sievers, Susanne_2025-11-19T21:26:14",69825516c835c41957dfd1ac,Undirected,1,2020
"James, Simon_2025-11-19T21:25:58",69825516c835c41957dfd1f3,Undirected,1,2020
"Krmnicek, Stefan_2025-11-19T21:26:11",69825516c835c41957dfd1f3,Undirected,1,2020
"Carnap-Bornheim, Claus von_2025-11-19T21:40:50",69825516c835c41957dfd1f3,Undirected,1,2020
"James, Simon_2025-11-19T21:25:58",69825516c835c41957dfd313,Undirected,1,2020
"Krmnicek, Stefan_2025-11-19T21:26:11",69825516c835c41957dfd313,Undirected,1,2020
"Fehr, Hubert_2025-11-19T21:26:35",69825516c835c41957dfd313,Undirected,1,2020
"James, Simon_2025-11-19T21:25:58",69825516c835c41957dfd314,Undirected,1,2020
"Krmnicek, Stefan_2025-11-19T21:26:11",69825516c835c41957dfd314,Undirected,1,2020
"Kemkes, Martin_2025-11-19T21:26:36",69825516c835c41957dfd314,Undirected,1,2020
"James, Simon_2025-11-19T21:25:58",69825516c835c41957dfd315,Undirected,1,2020
"Krmnicek, Stefan_2025-11-19T21:26:11",69825516c835c41957dfd315,Undirected,1,2020
"Wolters, Reinhard_2025-11-19T21:26:36",69825516c835c41957dfd315,Undirected,1,2020
"James, Simon_2025-11-19T21:25:58",69825516c835c41957dfd336,Undirected,1,2020
"Krmnicek, Stefan_2025-11-19T21:26:11",69825516c835c41957dfd336,Undirected,1,2020
"Meyer, Michael_2025-11-19T21:26:37",69825516c835c41957dfd336,Undirected,1,2020
"Muigg, Bernhard_2025-11-19T21:26:46",69825517c835c41957dff59e,Undirected,1,2020
"Seim, Andrea_2025-11-19T21:16:11",69825517c835c41957dff59e,Undirected,1,2020
"Herzig, Franz_2025-11-19T21:22:22",69825517c835c41957dff59e,Undirected,1,2020
"Schmidt, Johannes_2025-11-19T21:36:49",69825517c835c41957dff59e,Undirected,1,2020
"Zielhofer, Christoph_2025-11-19T21:25:15",69825517c835c41957dff59e,Undirected,1,2020
"Stacey, Rebecca J._2025-11-19T21:37:05",69825517c835c41957dff686,Undirected,1,2020
"Dunne, Julie_2025-11-19T21:18:32",69825517c835c41957dff686,Undirected,1,2020
"Brunning, Sue_2025-11-19T21:16:20",69825517c835c41957dff686,Undirected,1,2020
"Devièse, Thibaut_2025-11-19T21:37:05",69825517c835c41957dff686,Undirected,1,2020
"Mortimer, Richard_2025-11-19T21:37:05",69825517c835c41957dff686,Undirected,1,2020
"Ladd, Stuart_2025-11-19T21:37:05",69825517c835c41957dff686,Undirected,1,2020
"Parfitt, Keith_2025-11-19T21:37:05",69825517c835c41957dff686,Undirected,1,2020
"Evershed, Richard P._2025-11-19T21:18:32",69825517c835c41957dff686,Undirected,1,2020
"Bull, Ian_2025-11-19T21:37:05",69825517c835c41957dff686,Undirected,1,2020
"Kempf, Michael_2025-11-19T21:31:47",69825517c835c41957dff687,Undirected,1,2020
"Brather-Walter, Susanne_2025-11-19T21:15:51",69825517c835c41957dff687,Undirected,1,2020
"Viberg, Andreas_2025-11-19T21:15:49",69825517c835c41957dff6b0,Undirected,1,2020
"Gustafsson, Christer_2025-11-19T21:37:08",69825517c835c41957dff6b0,Undirected,1,2020
"Andrén, Anders_2025-11-19T21:17:30",69825517c835c41957dff6b0,Undirected,1,2020
"Fouracre, Paul_2025-11-19T21:14:16",69825517c835c41957dff6be,Undirected,1,2020
"Ganz, David_2025-11-19T21:34:36",69825517c835c41957dff6be,Undirected,1,2020
"Płoszaj, Tomasz_2025-11-19T21:17:18",69825517c835c41957dff6c9,Undirected,1,2020
"Jędrychowska-Dańska, Krystyna_2025-11-19T21:17:18",69825517c835c41957dff6c9,Undirected,1,2020
"Zamerska, Alicja_2025-11-19T21:28:58",69825517c835c41957dff6c9,Undirected,1,2020
"Lewandowska, Magda_2025-11-19T21:37:11",69825517c835c41957dff6c9,Undirected,1,2020
"Bojarski, Jacek_2025-11-19T21:17:18",69825517c835c41957dff6c9,Undirected,1,2020
"Chudziak, Wojciech_2025-11-19T21:17:18",69825517c835c41957dff6c9,Undirected,1,2020
"Drozd-Lipińska, Alicja_2025-11-19T21:28:58",69825517c835c41957dff6c9,Undirected,1,2020
"Robaszkiewicz, Agnieszka_2025-11-19T21:17:18",69825517c835c41957dff6c9,Undirected,1,2020
"Witas, Henryk W._2025-11-19T21:17:18",69825517c835c41957dff6c9,Undirected,1,2020
"Tolksdorf, Johann Friedrich_2025-11-19T21:21:45",69825517c835c41957dff7a3,Undirected,1,2020
"Schröder, Frank_2025-11-19T21:21:45",69825517c835c41957dff7a3,Undirected,1,2020
"Petr, Libor_2025-11-19T21:20:52",69825517c835c41957dff7a3,Undirected,1,2020
"Herbig, Christoph_2025-11-19T21:21:45",69825517c835c41957dff7a3,Undirected,1,2020
"Kaiser, Knut_2025-11-19T21:23:23",69825517c835c41957dff7a3,Undirected,1,2020
"Kočár, Petr_2025-11-19T21:16:34",69825517c835c41957dff7a3,Undirected,1,2020
"Fülling, Alexander_2025-11-19T21:23:23",69825517c835c41957dff7a3,Undirected,1,2020
"Heinrich, Susann_2025-11-19T21:23:23",69825517c835c41957dff7a3,Undirected,1,2020
"Hönig, Heide_2025-11-19T21:22:06",69825517c835c41957dff7a3,Undirected,1,2020
"Hemker, Christiane_2025-11-19T21:21:45",69825517c835c41957dff7a3,Undirected,1,2020
"Rabiger-Völlmer, Johannes_2025-11-19T21:37:35",69825517c835c41957dff7f8,Undirected,1,2020
"Schmidt, Johannes_2025-11-19T21:36:49",69825517c835c41957dff7f8,Undirected,1,2020
"Linzen, Sven_2025-11-19T21:32:18",69825517c835c41957dff7f8,Undirected,1,2020
"Schneider, Michael_2025-11-19T21:32:18",69825517c835c41957dff7f8,Undirected,1,2020
"Werban, Ulrike_2025-11-19T21:37:35",69825517c835c41957dff7f8,Undirected,1,2020
"Dietrich, Peter_2025-11-19T21:37:35",69825517c835c41957dff7f8,Undirected,1,2020
"Wilken, Dennis_2025-11-19T21:23:12",69825517c835c41957dff7f8,Undirected,1,2020
"Wunderlich, Tina_2025-11-19T21:26:24",69825517c835c41957dff7f8,Undirected,1,2020
"Fediuk, Annika_2025-11-19T21:37:35",69825517c835c41957dff7f8,Undirected,1,2020
"Berg-Hobohm, Stefanie_2025-11-19T21:25:15",69825517c835c41957dff7f8,Undirected,1,2020
"Werther, Lukas_2025-11-19T21:32:18",69825517c835c41957dff7f8,Undirected,1,2020
"Zielhofer, Christoph_2025-11-19T21:25:15",69825517c835c41957dff7f8,Undirected,1,2020
"Schmutz, Beat_2025-11-19T21:37:47",69825517c835c41957dff88b,Undirected,1,2020
"Schuetz, Frederik_2025-11-19T21:37:47",69825517c835c41957dff88b,Undirected,1,2020
"Alkadhi, Hatem_2025-11-19T21:37:47",69825517c835c41957dff88b,Undirected,1,2020
"Rühli, Frank J._2025-11-19T21:16:09",69825517c835c41957dff88b,Undirected,1,2020
"Eppenberger, Patrick_2025-11-19T21:16:51",69825517c835c41957dff88b,Undirected,1,2020
"Cavallo, Guglielmo_2025-11-19T21:39:29",69825517c835c41957dff898,Undirected,1,2020
"Aceto, M._2025-11-19T21:37:48",69825517c835c41957dff898,Undirected,1,2020
"Emmenegger, R._2025-11-19T21:37:48",69825517c835c41957dff898,Undirected,1,2020
"Keller, A.T._2025-11-19T21:37:48",69825517c835c41957dff898,Undirected,1,2020
"Lenz, R._2025-11-19T21:37:48",69825517c835c41957dff898,Undirected,1,2020
"Villa, Luca_2025-11-19T21:16:38",69825517c835c41957dff898,Undirected,1,2020
"Wörz, S._2025-11-19T21:37:48",69825517c835c41957dff898,Undirected,1,2020
"Cassitti, P._2025-11-19T21:37:48",69825517c835c41957dff898,Undirected,1,2020
"Paladin, Alice_2025-11-19T21:15:47",69825517c835c41957dff8a2,Undirected,1,2020
"Moghaddam, Negahnaz_2025-11-19T21:37:49",69825517c835c41957dff8a2,Undirected,1,2020
"Stawinoga, Agnieszka Elzbieta_2025-11-19T21:37:49",69825517c835c41957dff8a2,Undirected,1,2020
"Siebke, Inga_2025-11-19T21:37:49",69825517c835c41957dff8a2,Undirected,1,2020
"Depellegrin, Valentina_2025-11-19T21:37:49",69825517c835c41957dff8a2,Undirected,1,2020
"Tecchiati, Umberto_2025-11-19T21:37:49",69825517c835c41957dff8a2,Undirected,1,2020
"Lösch, Sandra_2025-11-19T21:15:36",69825517c835c41957dff8a2,Undirected,1,2020
"Zink, Albert_2025-11-19T21:15:36",69825517c835c41957dff8a2,Undirected,1,2020
"Wutke, Saskia_2025-11-19T21:27:59",69825517c835c41957dff90d,Undirected,1,2020
"Benecke, Norbert_2025-11-19T21:18:18",69825517c835c41957dff90d,Undirected,1,2020
"Sandoval-Castellanos, Edson_2025-11-19T21:16:49",69825517c835c41957dff90d,Undirected,1,2020
"Döhle, Hans-Jürgen_2025-11-19T21:37:57",69825517c835c41957dff90d,Undirected,1,2020
"Friederich, Susanne_2025-11-19T21:20:32",69825517c835c41957dff90d,Undirected,1,2020
"Gonzalez, Javier_2025-11-19T21:27:59",69825517c835c41957dff90d,Undirected,1,2020
"Hallsson, Jón Hallsteinn_2025-11-19T21:27:59",69825517c835c41957dff90d,Undirected,1,2020
"Hofreiter, Michael_2025-11-19T21:27:59",69825517c835c41957dff90d,Undirected,1,2020
"Lõugas, Lembi_2025-11-19T21:18:30",69825517c835c41957dff90d,Undirected,1,2020
"Magnell, Ola_2025-11-19T21:15:30",69825517c835c41957dff90d,Undirected,1,2020
"Morales-Muniz, Arturo_2025-11-19T21:27:59",69825517c835c41957dff90d,Undirected,1,2020
"Orlando, Ludovic_2025-11-19T21:16:40",69825517c835c41957dff90d,Undirected,1,2020
"Pálsdóttir, Albína Hulda_2025-11-19T21:27:59",69825517c835c41957dff90d,Undirected,1,2020
"Reissmann, Monika_2025-11-19T21:27:59",69825517c835c41957dff90d,Undirected,1,2020
"Ruttkay, Matej_2025-11-19T21:27:59",69825517c835c41957dff90d,Undirected,1,2020
"Trinks, Alexandra_2025-11-19T21:27:59",69825517c835c41957dff90d,Undirected,1,2020
"Ludwig, Arne_2025-11-19T21:27:59",69825517c835c41957dff90d,Undirected,1,2020
"Pilø, Lars_2025-11-19T21:37:57",69825517c835c41957dff910,Undirected,1,2020
"Finstad, Espen_2025-11-19T21:37:57",69825517c835c41957dff910,Undirected,1,2020
"Barrett, James H._2025-11-19T21:24:34",69825517c835c41957dff910,Undirected,1,2020
"Sitdikov, Ayrat G._2025-11-19T21:20:37",69825517c835c41957dff91a,Undirected,1,2020
Bilikto A. Bazarov_2025-11-19T21:48:08,69825517c835c41957dff91a,Undirected,1,2020
Gombozhapov Alexandr D._2025-11-19T21:37:58,69825517c835c41957dff91a,Undirected,1,2020
Nolev Evgeniy V._2025-11-19T21:37:58,69825517c835c41957dff91a,Undirected,1,2020
Krasilnikov Pavel V._2025-11-19T21:34:11,69825517c835c41957dff91a,Undirected,1,2020
"Dobat, Andres Siegfried_2025-11-19T21:17:10",69825517c835c41957dff94f,Undirected,1,2020
"Deckers, Pieterjan_2025-11-19T21:16:25",69825517c835c41957dff94f,Undirected,1,2020
"Heeren, Stijn_2025-11-19T21:18:11",69825517c835c41957dff94f,Undirected,1,2020
"Lewis, Michael_2025-11-19T21:17:11",69825517c835c41957dff94f,Undirected,1,2020
"Thomas, Suzie_2025-11-19T21:38:03",69825517c835c41957dff94f,Undirected,1,2020
"Wessman, Anna_2025-11-19T21:18:20",69825517c835c41957dff94f,Undirected,1,2020
"Kaiser, Knut_2025-11-19T21:23:23",69825517c835c41957dff991,Undirected,1,2020
"Schneider, Thomas_2025-11-19T21:20:40",69825517c835c41957dff991,Undirected,1,2020
"Küster, Mathias_2025-11-19T21:38:08",69825517c835c41957dff991,Undirected,1,2020
"Dietze, Elisabeth_2025-11-19T21:38:08",69825517c835c41957dff991,Undirected,1,2020
"Fülling, Alexander_2025-11-19T21:23:23",69825517c835c41957dff991,Undirected,1,2020
"Heinrich, Susann_2025-11-19T21:23:23",69825517c835c41957dff991,Undirected,1,2020
"Kappler, Christoph_2025-11-19T21:38:08",69825517c835c41957dff991,Undirected,1,2020
"Nelle, Oliver_2025-11-19T21:24:34",69825517c835c41957dff991,Undirected,1,2020
"Schult, Manuela_2025-11-19T21:38:08",69825517c835c41957dff991,Undirected,1,2020
"Theuerkauf, Martin_2025-11-19T21:23:23",69825517c835c41957dff991,Undirected,1,2020
"Vogel, Sebastian_2025-11-19T21:38:08",69825517c835c41957dff991,Undirected,1,2020
"de Boer, Anna Maartje_2025-11-19T21:38:08",69825517c835c41957dff991,Undirected,1,2020
"Börner, Andreas_2025-11-19T21:38:08",69825517c835c41957dff991,Undirected,1,2020
"Preusser, Frank_2025-11-19T21:38:08",69825517c835c41957dff991,Undirected,1,2020
"Schwabe, Matthias_2025-11-19T21:38:08",69825517c835c41957dff991,Undirected,1,2020
"Ulrich, Jens_2025-11-19T21:38:08",69825517c835c41957dff991,Undirected,1,2020
"Wirner, Michael_2025-11-19T21:38:08",69825517c835c41957dff991,Undirected,1,2020
"Bens, Oliver_2025-11-19T21:38:08",69825517c835c41957dff991,Undirected,1,2020
"Stele, Andreas_2025-11-19T21:32:18",69825517c835c41957dffa33,Undirected,1,2020
"Fassbinder, Jörg W.E._2025-11-19T21:38:23",69825517c835c41957dffa33,Undirected,1,2020
"Härtling, Joachim W._2025-11-19T21:25:15",69825517c835c41957dffa33,Undirected,1,2020
"Bussmann, Jens_2025-11-19T21:25:15",69825517c835c41957dffa33,Undirected,1,2020
"Schmidt, Johannes_2025-11-19T21:36:49",69825517c835c41957dffa33,Undirected,1,2020
"Zielhofer, Christoph_2025-11-19T21:25:15",69825517c835c41957dffa33,Undirected,1,2020
"Tolksdorf, Johann Friedrich_2025-11-19T21:21:45",69825517c835c41957dffa4b,Undirected,1,2020
"Kaiser, Knut_2025-11-19T21:23:23",69825517c835c41957dffa4b,Undirected,1,2020
"Petr, Libor_2025-11-19T21:20:52",69825517c835c41957dffa4b,Undirected,1,2020
"Herbig, Christoph_2025-11-19T21:21:45",69825517c835c41957dffa4b,Undirected,1,2020
"Kočár, Petr_2025-11-19T21:16:34",69825517c835c41957dffa4b,Undirected,1,2020
"Heinrich, Susann_2025-11-19T21:23:23",69825517c835c41957dffa4b,Undirected,1,2020
"Wilke, Franziska D. H._2025-11-19T21:23:23",69825517c835c41957dffa4b,Undirected,1,2020
"Theuerkauf, Martin_2025-11-19T21:23:23",69825517c835c41957dffa4b,Undirected,1,2020
"Fülling, Alexander_2025-11-19T21:23:23",69825517c835c41957dffa4b,Undirected,1,2020
"Schubert, Matthias_2025-11-19T21:21:45",69825517c835c41957dffa4b,Undirected,1,2020
"Schröder, Frank_2025-11-19T21:21:45",69825517c835c41957dffa4b,Undirected,1,2020
"Křivánek, Roman_2025-11-19T21:23:23",69825517c835c41957dffa4b,Undirected,1,2020
"Schulz, Lars_2025-11-19T21:23:23",69825517c835c41957dffa4b,Undirected,1,2020
"Bonhage, Alexander_2025-11-19T21:23:23",69825517c835c41957dffa4b,Undirected,1,2020
"Hemker, Christiane_2025-11-19T21:21:45",69825517c835c41957dffa4b,Undirected,1,2020
"Dunne, Julie_2025-11-19T21:18:32",69825517c835c41957dffa50,Undirected,1,2020
"Chapman, A._2025-11-19T21:34:21",69825517c835c41957dffa50,Undirected,1,2020
"Blinkhorn, Paul_2025-11-19T21:17:24",69825517c835c41957dffa50,Undirected,1,2020
"Evershed, Richard P._2025-11-19T21:18:32",69825517c835c41957dffa50,Undirected,1,2020
"CRAIG-ATKINS, ELIZABETH_2025-11-19T21:25:07",69825517c835c41957dffac6,Undirected,1,2020
"Jervis, Ben_2025-11-19T21:17:09",69825517c835c41957dffac6,Undirected,1,2020
"Cramp, Lucy_2025-11-19T21:17:24",69825517c835c41957dffac6,Undirected,1,2020
"Hammann, Simon_2025-11-19T21:38:34",69825517c835c41957dffac6,Undirected,1,2020
"Nederbragt, Alexandra J_2025-11-19T21:38:34",69825517c835c41957dffac6,Undirected,1,2020
"Nicholson, Elizabeth_2025-11-19T21:38:34",69825517c835c41957dffac6,Undirected,1,2020
"Taylor, Allie Rae_2025-11-19T21:38:34",69825517c835c41957dffac6,Undirected,1,2020
"Whelton, Helen_2025-11-19T21:38:34",69825517c835c41957dffac6,Undirected,1,2020
"Madgwick, Richard_2025-11-19T21:16:39",69825517c835c41957dffac6,Undirected,1,2020
"Jazwa, Christopher S._2025-11-19T21:38:34",69825517c835c41957dffac8,Undirected,1,2020
"Joslin, Terry L._2025-11-19T21:38:34",69825517c835c41957dffac8,Undirected,1,2020
"Kennett, Douglas J._2025-11-19T21:20:52",69825517c835c41957dffac8,Undirected,1,2020
"Bertl, Kristina_2025-11-19T21:21:41",69825517c835c41957dffae1,Undirected,1,2020
"Tangl, Stefan_2025-11-19T21:21:41",69825517c835c41957dffae1,Undirected,1,2020
"Rybaczek, Tina_2025-11-19T21:21:41",69825517c835c41957dffae1,Undirected,1,2020
"Berger, Barbara_2025-11-19T21:21:41",69825517c835c41957dffae1,Undirected,1,2020
"Traindl-Prohazka, Martina_2025-11-19T21:21:41",69825517c835c41957dffae1,Undirected,1,2020
"Schuller-Götzburg, Peter_2025-11-19T21:21:41",69825517c835c41957dffae1,Undirected,1,2020
"Grossschmidt, Karl_2025-11-19T21:21:20",69825517c835c41957dffae1,Undirected,1,2020
"Zeller, Bernhard_2025-11-19T21:23:13",69825517c835c41957dffae9,Undirected,1,2020
"WEST, CHARLES_2025-11-19T21:25:17",69825517c835c41957dffae9,Undirected,1,2020
"Tinti, Francesca_2025-11-19T21:22:11",69825517c835c41957dffae9,Undirected,1,2020
"Stoffella, Marco_2025-11-19T21:22:57",69825517c835c41957dffae9,Undirected,1,2020
"Schroeder, Nicolas_2025-11-19T21:15:51",69825517c835c41957dffae9,Undirected,1,2020
"van Rhijn, Carine_2025-11-19T21:29:39",69825517c835c41957dffae9,Undirected,1,2020
"PATZOLD, STEFFEN_2025-11-19T21:25:30",69825517c835c41957dffae9,Undirected,1,2020
"Kohl, Thomas_2025-11-19T21:38:36",69825517c835c41957dffae9,Undirected,1,2020
"Davies, Wendy_2025-11-19T21:14:16",69825517c835c41957dffae9,Undirected,1,2020
"Czock, Miriam_2025-11-19T21:38:36",69825517c835c41957dffae9,Undirected,1,2020
"Harrington, Sue_2025-11-19T21:38:37",69825517c835c41957dffaf5,Undirected,1,2020
"Brookes, Stuart_2025-11-19T21:17:31",69825517c835c41957dffaf5,Undirected,1,2020
"SEMPLE, SARAH_2025-11-19T21:23:46",69825517c835c41957dffaf5,Undirected,1,2020
"Millard, Andrew_2025-11-19T21:38:37",69825517c835c41957dffaf5,Undirected,1,2020
"Tobias, Bendeguz_2025-11-19T21:21:15",69825517c835c41957dffb1e,Undirected,1,2020
"Waldner, Thomas Koch_2025-11-19T21:38:40",69825517c835c41957dffb1e,Undirected,1,2020
"Strobl, Christina_2025-11-19T21:35:24",69825517c835c41957dffb1e,Undirected,1,2020
"Niederstätter, Harald_2025-11-19T21:38:40",69825517c835c41957dffb1e,Undirected,1,2020
"Musalek, Christina_2025-11-19T21:38:40",69825517c835c41957dffb1e,Undirected,1,2020
"Saliari, Konstantina_2025-11-19T21:38:40",69825517c835c41957dffb1e,Undirected,1,2020
"Töchterle, Ulrike_2025-11-19T21:38:40",69825517c835c41957dffb1e,Undirected,1,2020
"Parson, Walther_2025-11-19T21:35:24",69825517c835c41957dffb1e,Undirected,1,2020
"Mühlemann, Barbara_2025-11-19T21:21:01",69825517c835c41957dffb20,Undirected,1,2020
"Vinner, Lasse_2025-11-19T21:21:01",69825517c835c41957dffb20,Undirected,1,2020
"Margaryan, Ashot_2025-11-19T21:20:57",69825517c835c41957dffb20,Undirected,1,2020
"Wilhelmson, Helene_2025-11-19T21:22:38",69825517c835c41957dffb20,Undirected,1,2020
"de la Fuente Castro, Constanza_2025-11-19T21:38:41",69825517c835c41957dffb20,Undirected,1,2020
"Allentoft, Morten E._2025-11-19T21:21:01",69825517c835c41957dffb20,Undirected,1,2020
"de Barros Damgaard, Peter_2025-11-19T21:21:08",69825517c835c41957dffb20,Undirected,1,2020
"Hansen, Anders Johannes_2025-11-19T21:38:41",69825517c835c41957dffb20,Undirected,1,2020
"Holtsmark Nielsen, Sofie_2025-11-19T21:38:41",69825517c835c41957dffb20,Undirected,1,2020
"Strand, Lisa Mariann_2025-11-19T21:38:41",69825517c835c41957dffb20,Undirected,1,2020
"Bill, Jan_2025-11-19T21:25:58",69825517c835c41957dffb20,Undirected,1,2020
"Buzhilova, A P_2025-11-19T21:21:18",69825517c835c41957dffb20,Undirected,1,2020
"Pushkina, Tamara_2025-11-19T21:38:41",69825517c835c41957dffb20,Undirected,1,2020
"Falys, Ceri_2025-11-19T21:22:38",69825517c835c41957dffb20,Undirected,1,2020
"Khartanovich, Valeri I._2025-11-19T21:16:51",69825517c835c41957dffb20,Undirected,1,2020
"Moiseyev, Vyacheslav_2025-11-19T21:16:51",69825517c835c41957dffb20,Undirected,1,2020
"Jørkov, Marie Louise Schjellerup_2025-11-19T21:38:41",69825517c835c41957dffb20,Undirected,1,2020
"Østergaard Sørensen, Palle_2025-11-19T21:38:41",69825517c835c41957dffb20,Undirected,1,2020
"Magnusson, Yvonne_2025-11-19T21:38:41",69825517c835c41957dffb20,Undirected,1,2020
"Gustin, Ingrid_2025-11-19T21:18:11",69825517c835c41957dffb20,Undirected,1,2020
"Schroeder, Hannes_2025-11-19T21:38:41",69825517c835c41957dffb20,Undirected,1,2020
"Sutter, Gerd_2025-11-19T21:38:41",69825517c835c41957dffb20,Undirected,1,2020
"Smith, Geoffrey L_2025-11-19T21:38:41",69825517c835c41957dffb20,Undirected,1,2020
"Drosten, Christian_2025-11-19T21:21:01",69825517c835c41957dffb20,Undirected,1,2020
"Fouchier, Ron A. M._2025-11-19T21:21:01",69825517c835c41957dffb20,Undirected,1,2020
"Smith, Derek J._2025-11-19T21:21:01",69825517c835c41957dffb20,Undirected,1,2020
"Willerslev, Eske_2025-11-19T21:17:06",69825517c835c41957dffb20,Undirected,1,2020
"Jones, Terry C_2025-11-19T21:31:39",69825517c835c41957dffb20,Undirected,1,2020
"Sikora, Martin_2025-11-19T21:21:01",69825517c835c41957dffb20,Undirected,1,2020
"Drtikolová Kaupová, Sylva_2025-11-19T21:38:44",69825517c835c41957dffb4a,Undirected,1,2020
"Schamall, Doris_2025-11-19T21:38:44",69825517c835c41957dffb4a,Undirected,1,2020
"Cvrček, Jan_2025-11-19T21:38:44",69825517c835c41957dffb4a,Undirected,1,2020
"Půtová, Lenka_2025-11-19T21:38:44",69825517c835c41957dffb4a,Undirected,1,2020
"Velemínský, Petr_2025-11-19T21:38:44",69825517c835c41957dffb4a,Undirected,1,2020
"Teschler-Nicola, Maria_2025-11-19T21:38:44",69825517c835c41957dffb4a,Undirected,1,2020
"Brandt, Luise Ørsted_2025-11-19T21:38:44",69825517c835c41957dffb4b,Undirected,1,2020
"Ebsen, Jannie Amsgaard_2025-11-19T21:38:44",69825517c835c41957dffb4b,Undirected,1,2020
"Haase, Kirstine_2025-11-19T21:21:25",69825517c835c41957dffb4b,Undirected,1,2020
"Pears, B._2025-11-19T21:38:44",69825517c835c41957dffb4c,Undirected,1,2020
"Brown, Antony G_2025-11-19T21:33:53",69825517c835c41957dffb4c,Undirected,1,2020
"Carroll, Jayne_2025-11-19T21:26:57",69825517c835c41957dffb4c,Undirected,1,2020
"Toms, P._2025-11-19T21:38:44",69825517c835c41957dffb4c,Undirected,1,2020
"Wood, J._2025-11-19T21:38:44",69825517c835c41957dffb4c,Undirected,1,2020
"Jones, R._2025-11-19T21:38:44",69825517c835c41957dffb4c,Undirected,1,2020
"Daróczi-Szabó, Márta_2025-11-19T21:38:45",69825517c835c41957dffb53,Undirected,1,2020
"Kovács, Zsófia Eszter_2025-11-19T21:38:45",69825517c835c41957dffb53,Undirected,1,2020
"Raczky, Pál_2025-11-19T21:38:45",69825517c835c41957dffb53,Undirected,1,2020
"Bartosiewicz, László._2025-11-19T21:27:39",69825517c835c41957dffb53,Undirected,1,2020
"Margaryan, Ashot_2025-11-19T21:20:57",69825517c835c41957dffb7c,Undirected,1,2020
"Lawson, Daniel J_2025-11-19T21:22:38",69825517c835c41957dffb7c,Undirected,1,2020
"Sikora, Martin_2025-11-19T21:21:01",69825517c835c41957dffb7c,Undirected,1,2020
"Racimo, Fernando_2025-11-19T21:22:38",69825517c835c41957dffb7c,Undirected,1,2020
"Rasmussen, Simon_2025-11-19T21:20:57",69825517c835c41957dffb7c,Undirected,1,2020
"Moltke, Ida_2025-11-19T21:22:38",69825517c835c41957dffb7c,Undirected,1,2020
"Cassidy, Lara M_2025-11-19T21:22:38",69825517c835c41957dffb7c,Undirected,1,2020
"Jørsboe, Emil_2025-11-19T21:22:38",69825517c835c41957dffb7c,Undirected,1,2020
"Ingason, Andrés_2025-11-19T21:22:38",69825517c835c41957dffb7c,Undirected,1,2020
"Pedersen, Mikkel Winther_2025-11-19T21:20:57",69825517c835c41957dffb7c,Undirected,1,2020
"Korneliussen, Thorfinn_2025-11-19T21:20:57",69825517c835c41957dffb7c,Undirected,1,2020
"Wilhelmson, Helene_2025-11-19T21:22:38",69825517c835c41957dffb7c,Undirected,1,2020
"Buś, Magdalena M_2025-11-19T21:22:38",69825517c835c41957dffb7c,Undirected,1,2020
"de Barros Damgaard, Peter_2025-11-19T21:21:08",69825517c835c41957dffb7c,Undirected,1,2020
"Martiniano, Rui_2025-11-19T21:22:38",69825517c835c41957dffb7c,Undirected,1,2020
"Renaud, Gabriel_2025-11-19T21:20:57",69825517c835c41957dffb7c,Undirected,1,2020
"Bhérer, Claude_2025-11-19T21:22:38",69825517c835c41957dffb7c,Undirected,1,2020
"Moreno-Mayar, J. Víctor_2025-11-19T21:20:57",69825517c835c41957dffb7c,Undirected,1,2020
"Fotakis, Anna K_2025-11-19T21:22:38",69825517c835c41957dffb7c,Undirected,1,2020
"Allen, Marie_2025-11-19T21:22:38",69825517c835c41957dffb7c,Undirected,1,2020
"Allmäe, Raili_2025-11-19T21:22:38",69825517c835c41957dffb7c,Undirected,1,2020
"Molak, Martyna_2025-11-19T21:16:09",69825517c835c41957dffb7c,Undirected,1,2020
"Cappellini, Enrico_2025-11-19T21:22:38",69825517c835c41957dffb7c,Undirected,1,2020
"Scorrano, Gabriele_2025-11-19T21:22:38",69825517c835c41957dffb7c,Undirected,1,2020
"McColl, Hugh_2025-11-19T21:22:38",69825517c835c41957dffb7c,Undirected,1,2020
"Buzhilova, A P_2025-11-19T21:21:18",69825517c835c41957dffb7c,Undirected,1,2020
"Fox, Allison_2025-11-19T21:22:38",69825517c835c41957dffb7c,Undirected,1,2020
"Albrechtsen, Anders_2025-11-19T21:22:38",69825517c835c41957dffb7c,Undirected,1,2020
"Schütz, Berit_2025-11-19T21:22:38",69825517c835c41957dffb7c,Undirected,1,2020
"Skar, Birgitte_2025-11-19T21:22:38",69825517c835c41957dffb7c,Undirected,1,2020
"Arcini, Caroline A._2025-11-19T21:47:13",69825517c835c41957dffb7c,Undirected,1,2020
"Falys, Ceri_2025-11-19T21:22:38",69825517c835c41957dffb7c,Undirected,1,2020
"Jonson, Charlotte Hedenstierna_2025-11-19T21:22:38",69825517c835c41957dffb7c,Undirected,1,2020
"Błaszczyk, Dariusz_2025-11-19T21:22:38",69825517c835c41957dffb7c,Undirected,1,2020
"Pezhemsky, Denis_2025-11-19T21:22:38",69825517c835c41957dffb7c,Undirected,1,2020
"Turner-Walker, Gordon_2025-11-19T21:22:38",69825517c835c41957dffb7c,Undirected,1,2020
"Gestsdóttir, Hildur_2025-11-19T21:15:34",69825517c835c41957dffb7c,Undirected,1,2020
"Lundstrøm, Inge_2025-11-19T21:22:38",69825517c835c41957dffb7c,Undirected,1,2020
"Gustin, Ingrid_2025-11-19T21:18:11",69825517c835c41957dffb7c,Undirected,1,2020
"Mainland, Ingrid_2025-11-19T21:16:49",69825517c835c41957dffb7c,Undirected,1,2020
"Potekhina, Inna_2025-11-19T21:22:38",69825517c835c41957dffb7c,Undirected,1,2020
"Muntoni, Italo M_2025-11-19T21:22:38",69825517c835c41957dffb7c,Undirected,1,2020
"Cheng, Jade_2025-11-19T21:22:38",69825517c835c41957dffb7c,Undirected,1,2020
"Stenderup, Jesper_2025-11-19T21:22:38",69825517c835c41957dffb7c,Undirected,1,2020
"Ma, Jilong_2025-11-19T21:22:38",69825517c835c41957dffb7c,Undirected,1,2020
"Gibson, Julie_2025-11-19T21:18:18",69825517c835c41957dffb7c,Undirected,1,2020
"Peets, Jüri_2025-11-19T21:22:38",69825517c835c41957dffb7c,Undirected,1,2020
"Gustafsson, Jörgen_2025-11-19T21:22:38",69825517c835c41957dffb7c,Undirected,1,2020
"Iversen, Katrine H_2025-11-19T21:22:38",69825517c835c41957dffb7c,Undirected,1,2020
"Simpson, Linzi_2025-11-19T21:38:48",69825517c835c41957dffb7c,Undirected,1,2020
"Büntgen, Ulf_2025-11-19T21:15:51",69825517c835c41957dffbd6,Undirected,1,2020
"Arseneault, Dominique_2025-11-19T21:22:42",69825517c835c41957dffbd6,Undirected,1,2020
"Boucher, Étienne_2025-11-19T21:38:55",69825517c835c41957dffbd6,Undirected,1,2020
"Churakova (Sidorova), Olga V._2025-11-19T21:38:55",69825517c835c41957dffbd6,Undirected,1,2020
"Gennaretti, Fabio_2025-11-19T21:38:55",69825517c835c41957dffbd6,Undirected,1,2020
"Crivellaro, Alan_2025-11-19T21:15:51",69825517c835c41957dffbd6,Undirected,1,2020
"Hughes, Malcolm K._2025-11-19T21:20:52",69825517c835c41957dffbd6,Undirected,1,2020
"Kirdyanov, Alexander V._2025-11-19T21:15:51",69825517c835c41957dffbd6,Undirected,1,2020
"Klippel, Lara_2025-11-19T21:38:55",69825517c835c41957dffbd6,Undirected,1,2020
"Krusic, Paul J._2025-11-19T21:15:51",69825517c835c41957dffbd6,Undirected,1,2020
"Linderholm, Hans W._2025-11-19T21:20:55",69825517c835c41957dffbd6,Undirected,1,2020
"Ljungqvist, Fredrik Charpentier_2025-11-19T21:16:11",69825517c835c41957dffbd6,Undirected,1,2020
"Ludescher, Josef_2025-11-19T21:38:55",69825517c835c41957dffbd6,Undirected,1,2020
"McCormick, Michael_2025-11-19T21:21:20",69825517c835c41957dffbd6,Undirected,1,2020
"Myglan, Vladimir S._2025-11-19T21:22:42",69825517c835c41957dffbd6,Undirected,1,2020
"Nicolussi, Kurt_2025-11-19T21:22:22",69825517c835c41957dffbd6,Undirected,1,2020
"Piermattei, Alma_2025-11-19T21:15:51",69825517c835c41957dffbd6,Undirected,1,2020
"Oppenheimer, Clive_2025-11-19T21:18:20",69825517c835c41957dffbd6,Undirected,1,2020
"Reinig, Frederick_2025-11-19T21:15:51",69825517c835c41957dffbd6,Undirected,1,2020
"Sigl, Michael_2025-11-19T21:18:20",69825517c835c41957dffbd6,Undirected,1,2020
"Vaganov, Eugene A._2025-11-19T21:38:55",69825517c835c41957dffbd6,Undirected,1,2020
"Esper, Jan_2025-11-19T21:15:51",69825517c835c41957dffbd6,Undirected,1,2020
"Yang, Bingjie_2025-11-19T21:16:08",69825517c835c41957dffc02,Undirected,1,2020
"Nielsen, Anne Birgitte_2025-11-19T21:16:08",69825517c835c41957dffc02,Undirected,1,2020
"Ljung, Karl_2025-11-19T21:16:08",69825517c835c41957dffc02,Undirected,1,2020
"Fahlgren, Elise_2025-11-19T21:16:08",69825517c835c41957dffc02,Undirected,1,2020
"Hormes, Anne_2025-11-19T21:16:08",69825517c835c41957dffc02,Undirected,1,2020
"Hammarlund, Dan_2025-11-19T21:16:08",69825517c835c41957dffc02,Undirected,1,2020
"Ortiz, José E._2025-11-19T21:38:58",69825517c835c41957dffc04,Undirected,1,2020
"Torres, Trinidad_2025-11-19T21:29:46",69825517c835c41957dffc04,Undirected,1,2020
"Sánchez-Palencia, Yolanda_2025-11-19T21:29:46",69825517c835c41957dffc04,Undirected,1,2020
"Ros, Milagros_2025-11-19T21:29:46",69825517c835c41957dffc04,Undirected,1,2020
"Navarro, Francisca_2025-11-19T21:29:46",69825517c835c41957dffc04,Undirected,1,2020
"López-Cilla, Ignacio_2025-11-19T21:38:58",69825517c835c41957dffc04,Undirected,1,2020
"Galán, Luis A._2025-11-19T21:38:58",69825517c835c41957dffc04,Undirected,1,2020
"Ramallo, Sebastián_2025-11-19T21:29:46",69825517c835c41957dffc04,Undirected,1,2020
"Rodríguez-Estrella, Tomás_2026-01-15T09:05:32",69825517c835c41957dffc04,Undirected,1,2020
"Blázquez, Ana_2025-11-19T21:38:58",69825517c835c41957dffc04,Undirected,1,2020
"Šefčáková, Alena_2025-11-19T21:15:52",69825517c835c41957dffc3a,Undirected,1,2020
"Thurzo, Milan_2025-11-19T21:39:02",69825517c835c41957dffc3a,Undirected,1,2020
"Katina, Stanislav_2025-11-19T21:39:02",69825517c835c41957dffc3a,Undirected,1,2020
"Velemínská, Jana_2025-11-19T21:39:02",69825517c835c41957dffc3a,Undirected,1,2020
"Brůžek, Jaroslav_2025-11-19T21:39:02",69825517c835c41957dffc3a,Undirected,1,2020
"Velemínský, Petr_2025-11-19T21:38:44",69825517c835c41957dffc3a,Undirected,1,2020
"Zhabagin, Maxat_2025-11-19T21:39:03",69825517c835c41957dffc49,Undirected,1,2020
"Sabitov, Zhaxylyk_2025-11-19T21:39:03",69825517c835c41957dffc49,Undirected,1,2020
"Tarlykov, Pavel_2025-11-19T21:39:03",69825517c835c41957dffc49,Undirected,1,2020
"Tazhigulova, Inkar_2025-11-19T21:39:03",69825517c835c41957dffc49,Undirected,1,2020
"Junissova, Zukhra_2025-11-19T21:39:03",69825517c835c41957dffc49,Undirected,1,2020
"Yerezhepov, Dauren_2025-11-19T21:39:03",69825517c835c41957dffc49,Undirected,1,2020
"Akilzhanov, Rakhmetolla_2025-11-19T21:39:03",69825517c835c41957dffc49,Undirected,1,2020
"Zholdybayeva, Elena_2025-11-19T21:39:03",69825517c835c41957dffc49,Undirected,1,2020
"Wei, Lan-Hai_2025-11-19T21:39:03",69825517c835c41957dffc49,Undirected,1,2020
"Akilzhanova, Ainur_2025-11-19T21:39:03",69825517c835c41957dffc49,Undirected,1,2020
"Balanovsky, Oleg_2025-11-19T21:26:09",69825517c835c41957dffc49,Undirected,1,2020
"Balanovska, Elena_2025-11-19T21:15:24",69825517c835c41957dffc49,Undirected,1,2020
"Svanberg, Ingvar_2025-11-19T21:18:04",69825517c835c41957dffc5c,Undirected,1,2020
"Locker, Alison_2025-11-19T21:26:32",69825517c835c41957dffc5c,Undirected,1,2020
"Nurmi, Risto_2025-11-19T21:32:09",69825517c835c41957dffc6d,Undirected,1,2020
"Kuusela, Jari-Matti_2025-11-19T21:39:07",69825517c835c41957dffc6d,Undirected,1,2020
"Hakamäki, Ville_2025-11-19T21:39:07",69825517c835c41957dffc6d,Undirected,1,2020
"Schmidt, Johannes_2025-11-19T21:36:49",69825517c835c41957dffc6e,Undirected,1,2020
"Werther, Lukas_2025-11-19T21:32:18",69825517c835c41957dffc6e,Undirected,1,2020
"Rabiger-Völlmer, Johannes_2025-11-19T21:37:35",69825517c835c41957dffc6e,Undirected,1,2020
"Herzig, Franz_2025-11-19T21:22:22",69825517c835c41957dffc6e,Undirected,1,2020
"Schneider, Birgit_2025-11-19T21:26:30",69825517c835c41957dffc6e,Undirected,1,2020
"Werban, Ulrike_2025-11-19T21:37:35",69825517c835c41957dffc6e,Undirected,1,2020
"Dietrich, Peter_2025-11-19T21:37:35",69825517c835c41957dffc6e,Undirected,1,2020
"Berg-Hobohm, Stefanie_2025-11-19T21:25:15",69825517c835c41957dffc6e,Undirected,1,2020
"Linzen, Sven_2025-11-19T21:32:18",69825517c835c41957dffc6e,Undirected,1,2020
"Ettel, Peter_2025-11-19T21:25:31",69825517c835c41957dffc6e,Undirected,1,2020
"Zielhofer, Christoph_2025-11-19T21:25:15",69825517c835c41957dffc6e,Undirected,1,2020
"Creighton, Oliver H._2025-11-19T21:17:09",69825517c835c41957dffc6f,Undirected,1,2020
"Evis, Laura_2025-11-19T21:39:07",69825517c835c41957dffc6f,Undirected,1,2020
"Kingdom, Mandy_2025-11-19T21:39:07",69825517c835c41957dffc6f,Undirected,1,2020
"McKenzie, Catriona J_2025-11-19T21:39:07",69825517c835c41957dffc6f,Undirected,1,2020
"Watt, Iain_2025-11-19T21:39:07",69825517c835c41957dffc6f,Undirected,1,2020
"Outram, Alan K._2025-11-19T21:17:09",69825517c835c41957dffc6f,Undirected,1,2020
"Gilanyi, Attila_2025-11-19T21:26:49",69825517c835c41957dffc78,Undirected,1,2020
"Racz, Anna_2025-11-19T21:33:53",69825517c835c41957dffc78,Undirected,1,2020
"Bolya, Anna Maria_2025-11-19T21:38:04",69825517c835c41957dffc78,Undirected,1,2020
"Decsei, Janos_2025-11-19T21:39:08",69825517c835c41957dffc78,Undirected,1,2020
"Chmielewska, Katarzyna_2025-11-19T21:33:53",69825517c835c41957dffc78,Undirected,1,2020
"Racz, Anna_2025-11-19T21:33:53",69825517c835c41957dffc79,Undirected,1,2020
"Gilanyi, Attila_2025-11-19T21:26:49",69825517c835c41957dffc79,Undirected,1,2020
"Bolya, Anna Maria_2025-11-19T21:38:04",69825517c835c41957dffc79,Undirected,1,2020
"Decsei, Janos_2025-11-19T21:39:08",69825517c835c41957dffc79,Undirected,1,2020
"Chmielewska, Katarzyna_2025-11-19T21:33:53",69825517c835c41957dffc79,Undirected,1,2020
"Lagerås, Per_2025-11-19T21:20:52",69825517c835c41957dffc89,Undirected,1,2020
"Magnell, Ola_2025-11-19T21:15:30",69825517c835c41957dffc89,Undirected,1,2020
"Roberts, Edward_2025-11-19T21:17:09",69825517c835c41957dffc99,Undirected,1,2020
"Tinti, Francesca_2025-11-19T21:22:11",69825517c835c41957dffc99,Undirected,1,2020
"Ahlin Sundman, Elin_2025-11-19T21:17:21",69825517c835c41957dffca6,Undirected,1,2020
"Anna, Kjellström._2025-11-19T21:17:05",69825517c835c41957dffca6,Undirected,1,2020
"Hamerow, H. F._2025-11-19T21:35:34",69825517c835c41957dffca7,Undirected,1,2020
"Bogaard, Amy_2025-11-19T21:35:57",69825517c835c41957dffca7,Undirected,1,2020
"Charles, Michael_2025-11-19T21:39:11",69825517c835c41957dffca7,Undirected,1,2020
"Forster, Emily_2025-11-19T21:35:57",69825517c835c41957dffca7,Undirected,1,2020
"Holmes, Matilda_2025-11-19T21:17:32",69825517c835c41957dffca7,Undirected,1,2020
"McKerracher, Mark_2025-11-19T21:18:37",69825517c835c41957dffca7,Undirected,1,2020
"Neil, Samantha_2025-11-19T21:35:57",69825517c835c41957dffca7,Undirected,1,2020
"Ramsey, Christopher Bronk_2025-11-19T21:39:11",69825517c835c41957dffca7,Undirected,1,2020
"Stroud, Elizabeth_2025-11-19T21:35:57",69825517c835c41957dffca7,Undirected,1,2020
"Thomas, Richard_2025-11-19T21:35:57",69825517c835c41957dffca7,Undirected,1,2020
"Seaman, Andy_2025-11-19T21:15:49",69825517c835c41957dffca8,Undirected,1,2020
"Thomas, Leo Sucharyna_2025-11-19T21:39:11",69825517c835c41957dffca8,Undirected,1,2020
"Coulson, Frank-T._2025-11-19T21:41:56",69825517c835c41957dffd35,Undirected,1,2020
"Babcock, Robert G._2025-11-19T21:16:11",69825517c835c41957dffd35,Undirected,1,2020
"Pátková, Hana_2025-11-19T21:39:28",69825517c835c41957dffd35,Undirected,1,2020
"Coulson, Frank-T._2025-11-19T21:41:56",69825517c835c41957dffd36,Undirected,1,2020
"Babcock, Robert G._2025-11-19T21:16:11",69825517c835c41957dffd36,Undirected,1,2020
"Beit-Arié, Malachi_2025-11-19T21:39:28",69825517c835c41957dffd36,Undirected,1,2020
"Parker, Joanne_2025-11-19T21:39:28",69825517c835c41957dffd37,Undirected,1,2020
"Wagner, Corinna_2025-11-19T21:39:28",69825517c835c41957dffd37,Undirected,1,2020
"Hawkes, Jane_2025-11-19T21:15:57",69825517c835c41957dffd37,Undirected,1,2020
"Coulson, Frank-T._2025-11-19T21:41:56",69825517c835c41957dffd39,Undirected,1,2020
"Babcock, Robert G._2025-11-19T21:16:11",69825517c835c41957dffd39,Undirected,1,2020
"Stones, Alison_2025-11-19T21:24:05",69825517c835c41957dffd39,Undirected,1,2020
"Effros, Bonnie_2025-11-19T21:20:24",69825517c835c41957dffd3a,Undirected,1,2020
"Moreira, Isabel_2025-11-19T21:18:29",69825517c835c41957dffd3a,Undirected,1,2020
"YVINEC, Jean-Hervé_2025-11-19T21:20:10",69825517c835c41957dffd3a,Undirected,1,2020
"Barme, Maude_2025-11-19T21:39:28",69825517c835c41957dffd3a,Undirected,1,2020
"Coulson, Frank-T._2025-11-19T21:41:56",69825517c835c41957dffd3b,Undirected,1,2020
"Babcock, Robert G._2025-11-19T21:16:11",69825517c835c41957dffd3b,Undirected,1,2020
"Fianu, Kouky_2025-11-19T21:39:28",69825517c835c41957dffd3b,Undirected,1,2020
"Coulson, Frank-T._2025-11-19T21:41:56",69825517c835c41957dffd3c,Undirected,1,2020
"Babcock, Robert G._2025-11-19T21:16:11",69825517c835c41957dffd3c,Undirected,1,2020
"Coulson, Frank-T._2025-11-19T21:41:56",69825517c835c41957dffd3d,Undirected,1,2020
"Babcock, Robert G._2025-11-19T21:16:11",69825517c835c41957dffd3d,Undirected,1,2020
"Pluta, Olaf_2025-11-19T21:24:07",69825517c835c41957dffd3d,Undirected,1,2020
"Coulson, Frank-T._2025-11-19T21:41:56",69825517c835c41957dffd3e,Undirected,1,2020
"Babcock, Robert G._2025-11-19T21:16:11",69825517c835c41957dffd3e,Undirected,1,2020
"Gumbert, J. P._2025-11-19T21:39:29",69825517c835c41957dffd3e,Undirected,1,2020
"Coulson, Frank-T._2025-11-19T21:41:56",69825517c835c41957dffd3f,Undirected,1,2020
"Babcock, Robert G._2025-11-19T21:16:11",69825517c835c41957dffd3f,Undirected,1,2020
"Reynhout, Lucien_2025-11-19T21:39:29",69825517c835c41957dffd3f,Undirected,1,2020
"Effros, Bonnie_2025-11-19T21:20:24",69825517c835c41957dffd40,Undirected,1,2020
"Moreira, Isabel_2025-11-19T21:18:29",69825517c835c41957dffd40,Undirected,1,2020
"Loseby, S. T._2025-11-19T21:39:29",69825517c835c41957dffd40,Undirected,1,2020
"Effros, Bonnie_2025-11-19T21:20:24",69825517c835c41957dffd41,Undirected,1,2020
"Moreira, Isabel_2025-11-19T21:18:29",69825517c835c41957dffd41,Undirected,1,2020
"Coon, Lynda L._2025-11-19T21:35:57",69825517c835c41957dffd41,Undirected,1,2020
"Coulson, Frank-T._2025-11-19T21:41:56",69825517c835c41957dffd42,Undirected,1,2020
"Babcock, Robert G._2025-11-19T21:16:11",69825517c835c41957dffd42,Undirected,1,2020
"Hamesse, Jacqueline_2025-11-19T21:39:29",69825517c835c41957dffd42,Undirected,1,2020
"Coulson, Frank-T._2025-11-19T21:41:56",69825517c835c41957dffd43,Undirected,1,2020
"Babcock, Robert G._2025-11-19T21:16:11",69825517c835c41957dffd43,Undirected,1,2020
"Nebbiai, Donatella_2025-11-19T21:39:29",69825517c835c41957dffd43,Undirected,1,2020
"Coulson, Frank-T._2025-11-19T21:41:56",69825517c835c41957dffd44,Undirected,1,2020
"Babcock, Robert G._2025-11-19T21:16:11",69825517c835c41957dffd44,Undirected,1,2020
"Guyotjeannin, Olivier_2025-11-19T21:39:29",69825517c835c41957dffd44,Undirected,1,2020
"Coulson, Frank-T._2025-11-19T21:41:56",69825517c835c41957dffd45,Undirected,1,2020
"Babcock, Robert G._2025-11-19T21:16:11",69825517c835c41957dffd45,Undirected,1,2020
"De Robertis, Teresa_2025-11-19T21:39:29",69825517c835c41957dffd45,Undirected,1,2020
"Effros, Bonnie_2025-11-19T21:20:24",69825517c835c41957dffd46,Undirected,1,2020
"Moreira, Isabel_2025-11-19T21:18:29",69825517c835c41957dffd46,Undirected,1,2020
"Handley, Mark A._2025-11-19T21:39:04",69825517c835c41957dffd46,Undirected,1,2020
"Coulson, Frank-T._2025-11-19T21:41:56",69825517c835c41957dffd47,Undirected,1,2020
"Babcock, Robert G._2025-11-19T21:16:11",69825517c835c41957dffd47,Undirected,1,2020
"Cavallo, Guglielmo_2025-11-19T21:39:29",69825517c835c41957dffd47,Undirected,1,2020
"Effros, Bonnie_2025-11-19T21:20:24",69825517c835c41957dffd48,Undirected,1,2020
"Moreira, Isabel_2025-11-19T21:18:29",69825517c835c41957dffd48,Undirected,1,2020
"Coulson, Frank-T._2025-11-19T21:41:56",69825517c835c41957dffd49,Undirected,1,2020
"Babcock, Robert G._2025-11-19T21:16:11",69825517c835c41957dffd49,Undirected,1,2020
"Berschin, Walter_2025-11-19T21:24:10",69825517c835c41957dffd49,Undirected,1,2020
"Effros, Bonnie_2025-11-19T21:20:24",69825517c835c41957dffd4a,Undirected,1,2020
"Moreira, Isabel_2025-11-19T21:18:29",69825517c835c41957dffd4a,Undirected,1,2020
"Bourgeois, Luc_2025-11-19T21:18:56",69825517c835c41957dffd4a,Undirected,1,2020
"Effros, Bonnie_2025-11-19T21:20:24",69825517c835c41957dffd4b,Undirected,1,2020
"Moreira, Isabel_2025-11-19T21:18:29",69825517c835c41957dffd4b,Undirected,1,2020
"Czermak, Andrea_2025-11-19T21:39:29",69825517c835c41957dffd4b,Undirected,1,2020
"Effros, Bonnie_2025-11-19T21:20:24",69825517c835c41957dffd4c,Undirected,1,2020
"Moreira, Isabel_2025-11-19T21:18:29",69825517c835c41957dffd4c,Undirected,1,2020
"Parker, Joanne_2025-11-19T21:39:28",69825517c835c41957dffd4d,Undirected,1,2020
"Wagner, Corinna_2025-11-19T21:39:28",69825517c835c41957dffd4d,Undirected,1,2020
"Saunders, Clare Broome_2025-11-19T21:21:09",69825517c835c41957dffd4d,Undirected,1,2020
"Effros, Bonnie_2025-11-19T21:20:24",69825517c835c41957dffd4e,Undirected,1,2020
"Moreira, Isabel_2025-11-19T21:18:29",69825517c835c41957dffd4e,Undirected,1,2020
"Halsall, Guy_2025-11-19T21:18:13",69825517c835c41957dffd4e,Undirected,1,2020
"Coulson, Frank-T._2025-11-19T21:41:56",69825517c835c41957dffd4f,Undirected,1,2020
"Babcock, Robert G._2025-11-19T21:16:11",69825517c835c41957dffd4f,Undirected,1,2020
Charles S. F. Burnett_2025-11-19T21:25:32,69825517c835c41957dffd4f,Undirected,1,2020
"Coulson, Frank-T._2025-11-19T21:41:56",69825517c835c41957dffd50,Undirected,1,2020
"Babcock, Robert G._2025-11-19T21:16:11",69825517c835c41957dffd50,Undirected,1,2020
"Smith, Lesley_2025-11-19T21:24:12",69825517c835c41957dffd50,Undirected,1,2020
"Parker, Joanne_2025-11-19T21:39:28",69825517c835c41957dffd51,Undirected,1,2020
"Wagner, Corinna_2025-11-19T21:39:28",69825517c835c41957dffd51,Undirected,1,2020
"Toswell, M. J._2025-11-19T21:27:15",69825517c835c41957dffd51,Undirected,1,2020
"Effros, Bonnie_2025-11-19T21:20:24",69825517c835c41957dffd52,Undirected,1,2020
"Moreira, Isabel_2025-11-19T21:18:29",69825517c835c41957dffd52,Undirected,1,2020
"Uhalde, Kevin_2025-11-19T21:15:52",69825517c835c41957dffd52,Undirected,1,2020
"Coulson, Frank-T._2025-11-19T21:41:56",69825517c835c41957dffd53,Undirected,1,2020
"Babcock, Robert G._2025-11-19T21:16:11",69825517c835c41957dffd53,Undirected,1,2020
"Ornato, Ezio_2025-11-19T21:39:30",69825517c835c41957dffd53,Undirected,1,2020
"Coulson, Frank-T._2025-11-19T21:41:56",69825517c835c41957dffd54,Undirected,1,2020
"Babcock, Robert G._2025-11-19T21:16:11",69825517c835c41957dffd54,Undirected,1,2020
"Guyotjeannin, Olivier_2025-11-19T21:39:29",69825517c835c41957dffd54,Undirected,1,2020
"Effros, Bonnie_2025-11-19T21:20:24",69825517c835c41957dffd55,Undirected,1,2020
"Moreira, Isabel_2025-11-19T21:18:29",69825517c835c41957dffd55,Undirected,1,2020
"Pion, Constantin_2025-11-19T21:39:30",69825517c835c41957dffd55,Undirected,1,2020
"Gratuze, Bernard_2025-11-19T21:20:57",69825517c835c41957dffd55,Undirected,1,2020
"Périn, Patrick_2025-11-19T21:18:52",69825517c835c41957dffd55,Undirected,1,2020
"Calligaro, Thomas_2025-11-19T21:19:37",69825517c835c41957dffd55,Undirected,1,2020
"Parker, Joanne_2025-11-19T21:39:28",69825517c835c41957dffd56,Undirected,1,2020
"Wagner, Corinna_2025-11-19T21:39:28",69825517c835c41957dffd56,Undirected,1,2020
"Lynch, Jack_2025-11-19T21:39:30",69825517c835c41957dffd56,Undirected,1,2020
"Effros, Bonnie_2025-11-19T21:20:24",69825517c835c41957dffd57,Undirected,1,2020
"Moreira, Isabel_2025-11-19T21:18:29",69825517c835c41957dffd57,Undirected,1,2020
"Graceffa, Agnès_2025-11-19T21:19:34",69825517c835c41957dffd57,Undirected,1,2020
"Coulson, Frank-T._2025-11-19T21:41:56",69825517c835c41957dffd58,Undirected,1,2020
"Babcock, Robert G._2025-11-19T21:16:11",69825517c835c41957dffd58,Undirected,1,2020
"De Robertis, Teresa_2025-11-19T21:39:29",69825517c835c41957dffd58,Undirected,1,2020
"Coulson, Frank-T._2025-11-19T21:41:56",69825517c835c41957dffd59,Undirected,1,2020
"Babcock, Robert G._2025-11-19T21:16:11",69825517c835c41957dffd59,Undirected,1,2020
"Grotans, Anna A._2025-11-19T21:39:31",69825517c835c41957dffd59,Undirected,1,2020
"Coulson, Frank-T._2025-11-19T21:41:56",69825517c835c41957dffd5a,Undirected,1,2020
"Babcock, Robert G._2025-11-19T21:16:11",69825517c835c41957dffd5a,Undirected,1,2020
"Hays, Gregory_2025-11-19T21:16:11",69825517c835c41957dffd5a,Undirected,1,2020
"Coulson, Frank-T._2025-11-19T21:41:56",69825517c835c41957dffd5c,Undirected,1,2020
"Babcock, Robert G._2025-11-19T21:16:11",69825517c835c41957dffd5c,Undirected,1,2020
"Saenger, Paul_2025-11-19T21:26:42",69825517c835c41957dffd5c,Undirected,1,2020
"Effros, Bonnie_2025-11-19T21:20:24",69825517c835c41957dffd5d,Undirected,1,2020
"Moreira, Isabel_2025-11-19T21:18:29",69825517c835c41957dffd5d,Undirected,1,2020
"Fouracre, Paul_2025-11-19T21:14:16",69825517c835c41957dffd5d,Undirected,1,2020
"Coulson, Frank-T._2025-11-19T21:41:56",69825517c835c41957dffd5e,Undirected,1,2020
"Babcock, Robert G._2025-11-19T21:16:11",69825517c835c41957dffd5e,Undirected,1,2020
"Beach, Alison I._2025-11-19T21:27:26",69825517c835c41957dffd5e,Undirected,1,2020
"Effros, Bonnie_2025-11-19T21:20:24",69825517c835c41957dffd5f,Undirected,1,2020
"Moreira, Isabel_2025-11-19T21:18:29",69825517c835c41957dffd5f,Undirected,1,2020
"Diem, Albrecht_2025-11-19T21:27:12",69825517c835c41957dffd5f,Undirected,1,2020
"Coulson, Frank-T._2025-11-19T21:41:56",69825517c835c41957dffd60,Undirected,1,2020
"Babcock, Robert G._2025-11-19T21:16:11",69825517c835c41957dffd60,Undirected,1,2020
"De Robertis, Teresa_2025-11-19T21:39:29",69825517c835c41957dffd60,Undirected,1,2020
"Coulson, Frank-T._2025-11-19T21:41:56",69825517c835c41957dffd62,Undirected,1,2020
"Babcock, Robert G._2025-11-19T21:16:11",69825517c835c41957dffd62,Undirected,1,2020
"Dutschke, Consuelo W._2025-11-19T21:39:31",69825517c835c41957dffd62,Undirected,1,2020
"Coulson, Frank-T._2025-11-19T21:41:56",69825517c835c41957dffd63,Undirected,1,2020
"Babcock, Robert G._2025-11-19T21:16:11",69825517c835c41957dffd63,Undirected,1,2020
"Bruun, Greti Dinkova_2025-11-19T21:50:43",69825517c835c41957dffd63,Undirected,1,2020
"Coulson, Frank-T._2025-11-19T21:41:56",69825517c835c41957dffd64,Undirected,1,2020
"Babcock, Robert G._2025-11-19T21:16:11",69825517c835c41957dffd64,Undirected,1,2020
"Šedivý, Juraj_2025-11-19T21:39:31",69825517c835c41957dffd64,Undirected,1,2020
"Verbrugghe, Gerben_2025-11-19T21:39:42",69825517c835c41957dffdfa,Undirected,1,2020
"De Clercq, Wim_2025-11-19T21:17:14",69825517c835c41957dffdfa,Undirected,1,2020
"Van Eetvelde, Veerle_2025-11-19T21:39:42",69825517c835c41957dffdfa,Undirected,1,2020
"Muigg, Bernhard_2025-11-19T21:26:46",69825517c835c41957dffe16,Undirected,1,2020
"Skiadaresis, Georgios_2025-11-19T21:39:44",69825517c835c41957dffe16,Undirected,1,2020
"TEGEL, Willy_2025-11-19T21:20:19",69825517c835c41957dffe16,Undirected,1,2020
"Herzig, Franz_2025-11-19T21:22:22",69825517c835c41957dffe16,Undirected,1,2020
"Krusic, Paul J._2025-11-19T21:15:51",69825517c835c41957dffe16,Undirected,1,2020
"Schmidt, Uwe E._2025-11-19T21:39:44",69825517c835c41957dffe16,Undirected,1,2020
"Büntgen, Ulf_2025-11-19T21:15:51",69825517c835c41957dffe16,Undirected,1,2020
"Story, Joanna_2025-11-19T21:35:01",69825517c835c41957e00045,Undirected,1,2020
"Ormrod, W. Mark_2025-11-19T21:40:27",69825517c835c41957e00045,Undirected,1,2020
"Tyler, Elizabeth M._2025-11-19T21:26:57",69825517c835c41957e00045,Undirected,1,2020
"Jobling, Mark A._2025-11-19T21:23:39",69825517c835c41957e00048,Undirected,1,2020
"Millard, Andrew_2025-11-19T21:38:37",69825517c835c41957e00048,Undirected,1,2020
"Tyler, Elizabeth M._2025-11-19T21:26:57",69825517c835c41957e0004a,Undirected,1,2020
"Younge, George_2025-11-19T21:40:28",69825517c835c41957e0004a,Undirected,1,2020
"Petković, Sofija_2025-11-19T21:15:52",69825517c835c41957e001f7,Undirected,1,2020
"Gojković, Dragica_2025-11-19T21:22:24",69825517c835c41957e001f7,Undirected,1,2020
"Bulatović, Jelena B._2025-11-19T21:21:19",69825517c835c41957e001f7,Undirected,1,2020
"Capuzzo, Giacomo_2025-11-19T21:20:14",69825517c835c41957e00222,Undirected,1,2020
"Snoeck, Christophe_2025-11-19T21:17:12",69825517c835c41957e00222,Undirected,1,2020
"Boudin, Mathieu_2025-11-19T21:20:14",69825517c835c41957e00222,Undirected,1,2020
"Dalle, Sarah_2025-11-19T21:20:14",69825517c835c41957e00222,Undirected,1,2020
"Annaert, Rica_2025-11-19T21:20:14",69825517c835c41957e00222,Undirected,1,2020
"Hlad, Marta_2025-11-19T21:20:14",69825517c835c41957e00222,Undirected,1,2020
"Kontopoulos, Ioannis_2025-11-19T21:20:14",69825517c835c41957e00222,Undirected,1,2020
"Sabaux, Charlotte_2025-11-19T21:20:14",69825517c835c41957e00222,Undirected,1,2020
"Salesse, Kevin_2025-11-19T21:20:14",69825517c835c41957e00222,Undirected,1,2020
"Sengeløv, Amanda_2025-11-19T21:18:18",69825517c835c41957e00222,Undirected,1,2020
"Stamataki, Elisavet_2025-11-19T21:18:18",69825517c835c41957e00222,Undirected,1,2020
"Veselka, Barbara_2025-11-19T21:18:18",69825517c835c41957e00222,Undirected,1,2020
"Warmenbol, Eugène_2025-11-19T21:20:14",69825517c835c41957e00222,Undirected,1,2020
"De Mulder, Guy_2025-11-19T21:20:14",69825517c835c41957e00222,Undirected,1,2020
"Tys, Dries_2025-11-19T21:20:14",69825517c835c41957e00222,Undirected,1,2020
"Vercauteren, Martine_2025-11-19T21:20:14",69825517c835c41957e00222,Undirected,1,2020
"Ehrlich, Freydis_2025-11-19T21:18:30",69825517c835c41957e0047e,Undirected,1,2020
"Piličiauskienė, Giedrė_2025-11-19T21:39:46",69825517c835c41957e0047e,Undirected,1,2020
Miglė  Urbonaitė-Ubė_2025-11-19T21:41:55,69825517c835c41957e0047e,Undirected,1,2020
"Rannamäe, Eve_2025-11-19T21:32:23",69825517c835c41957e0047e,Undirected,1,2020
"Barbiera, Irene_2025-11-19T21:19:38",69825517c835c41957e00480,Undirected,1,2020
"Albert, Nicole G._2025-11-19T21:41:55",69825517c835c41957e00480,Undirected,1,2020
"Bourgeois, Luc_2025-11-19T21:18:56",69825517c835c41957e0081f,Undirected,1,2020
"Normand, Éric_2025-11-19T21:18:33",69825517c835c41957e0081f,Undirected,1,2020
"Champagne, Alain_2025-11-19T21:19:29",69825517c835c41957e0081f,Undirected,1,2020
"Savelyev, Alexander_2025-11-19T21:47:12",69825517c835c41957e00bf1,Undirected,1,2020
"Jeong, Choongwon_2025-11-19T21:18:24",69825517c835c41957e00bf1,Undirected,1,2020
"Guellil, Meriam_2025-11-19T21:17:12",69825517c835c41957e00bfb,Undirected,1,2020
"Kersten, Oliver_2025-11-19T21:32:19",69825517c835c41957e00bfb,Undirected,1,2020
"Namouchi, Amine_2025-11-19T21:32:19",69825517c835c41957e00bfb,Undirected,1,2020
"Luciani, Stefania_2025-11-19T21:47:13",69825517c835c41957e00bfb,Undirected,1,2020
"Marota, Isolina_2025-11-19T21:47:13",69825517c835c41957e00bfb,Undirected,1,2020
"Arcini, Caroline A._2025-11-19T21:47:13",69825517c835c41957e00bfb,Undirected,1,2020
"Iregren, Elisabeth_2025-11-19T21:27:39",69825517c835c41957e00bfb,Undirected,1,2020
"Lindemann, Robert A._2025-11-19T21:47:13",69825517c835c41957e00bfb,Undirected,1,2020
"Warfvinge, Gunnar_2025-11-19T21:47:13",69825517c835c41957e00bfb,Undirected,1,2020
"Bakanidze, Lela_2025-11-19T21:47:13",69825517c835c41957e00bfb,Undirected,1,2020
"Bitadze, Lia_2025-11-19T21:47:13",69825517c835c41957e00bfb,Undirected,1,2020
"Rubini, Mauro_2025-11-19T21:26:32",69825517c835c41957e00bfb,Undirected,1,2020
"Zaio, Paola_2025-11-19T21:26:32",69825517c835c41957e00bfb,Undirected,1,2020
"Zaio, Monica_2025-11-19T21:47:13",69825517c835c41957e00bfb,Undirected,1,2020
"Neri, Damiano_2025-11-19T21:47:13",69825517c835c41957e00bfb,Undirected,1,2020
"Stenseth, Nils C_2025-11-19T21:32:19",69825517c835c41957e00bfb,Undirected,1,2020
"Bramanti, Barbara_2025-11-19T21:32:19",69825517c835c41957e00bfb,Undirected,1,2020
"Kendall, Ellen J._2025-11-19T21:48:32",69825517c835c41957e00faa,Undirected,1,2020
"Millard, Andrew_2025-11-19T21:38:37",69825517c835c41957e00faa,Undirected,1,2020
"Beaumont, Julia_2025-11-19T21:48:32",69825517c835c41957e00faa,Undirected,1,2020
"Gowland, Rebecca_2025-11-19T21:48:32",69825517c835c41957e00faa,Undirected,1,2020
"Gorton, Marise_2025-11-19T21:48:32",69825517c835c41957e00faa,Undirected,1,2020
"Gledhill, Andrew_2025-11-19T21:48:32",69825517c835c41957e00faa,Undirected,1,2020
"Leggett, Sam_2025-11-19T21:16:45",69825517c835c41957e01062,Undirected,1,2020
"Lambert, Tom_2025-11-19T21:48:43",69825517c835c41957e01062,Undirected,1,2020
"Lambert, Tom_2025-11-19T21:48:43",69825517c835c41957e01064,Undirected,1,2020
"Leggett, Sam_2025-11-19T21:16:45",69825517c835c41957e01064,Undirected,1,2020
"Csáky, Veronika_2025-11-19T21:17:38",69825517c835c41957e011ac,Undirected,1,2020
"Gerber, Dániel_2025-11-19T21:18:03",69825517c835c41957e011ac,Undirected,1,2020
"Szeifert, Bea_2025-11-19T21:17:38",69825517c835c41957e011ac,Undirected,1,2020
"Egyed, Balázs_2025-11-19T21:18:03",69825517c835c41957e011ac,Undirected,1,2020
"Stégmár, Balázs_2025-11-19T21:18:03",69825517c835c41957e011ac,Undirected,1,2020
"Botalov, Sergei Gennad'evich_2025-11-19T21:23:23",69825517c835c41957e011ac,Undirected,1,2020
"Grudochko, Ivan Valer'evich_2025-11-19T21:23:23",69825517c835c41957e011ac,Undirected,1,2020
"Matveeva, Natalia Petrovna_2025-11-19T21:18:03",69825517c835c41957e011ac,Undirected,1,2020
"Zelenkov, Alexander Sergejevich_2025-11-19T21:18:03",69825517c835c41957e011ac,Undirected,1,2020
"Sleptsova, Anastasiia Viktorovna_2025-11-19T21:18:03",69825517c835c41957e011ac,Undirected,1,2020
"Goldina, Rimma Dmitrievna_2025-11-19T21:18:03",69825517c835c41957e011ac,Undirected,1,2020
"Danich, Andrey Vasilevich_2025-11-19T21:18:03",69825517c835c41957e011ac,Undirected,1,2020
"Mende, Balázs Gusztáv_2025-11-19T21:15:24",69825517c835c41957e011ac,Undirected,1,2020
"Türk, Attila_2025-11-19T21:17:38",69825517c835c41957e011ac,Undirected,1,2020
"Szécsényi-Nagy, Anna_2025-11-19T21:16:50",69825517c835c41957e011ac,Undirected,1,2020
"Haggrén, Georg_2025-11-19T21:21:33",69825517c835c41957e014e4,Undirected,1,2020
"Whatley, Stuart_2025-11-19T21:50:05",69825517c835c41957e014e4,Undirected,1,2020
"Dahlstrøm, Hanna_2025-11-19T21:17:00",69825517c835c41957e014e4,Undirected,1,2020
"Ferrando-Bernal, Manuel_2026-01-15T09:01:10",69825517c835c41957e01a78,Undirected,1,2020
"Morcillo-Suarez, Carlos_2026-01-15T09:01:11",69825517c835c41957e01a78,Undirected,1,2020
"de-Dios, Toni_2025-11-19T21:21:16",69825517c835c41957e01a78,Undirected,1,2020
"Gelabert, Pere_2025-11-19T21:17:54",69825517c835c41957e01a78,Undirected,1,2020
"Civit, Sergi_2026-01-15T09:01:12",69825517c835c41957e01a78,Undirected,1,2020
"Díaz-Carvajal, Antonia_2026-01-15T09:01:14",69825517c835c41957e01a78,Undirected,1,2020
"Ollich-Castanyer, Imma_2026-01-15T09:01:15",69825517c835c41957e01a78,Undirected,1,2020
"Allentoft, Morten E._2025-11-19T21:21:01",69825517c835c41957e01a78,Undirected,1,2020
"Valverde, Sergi_2026-01-15T09:01:22",69825517c835c41957e01a78,Undirected,1,2020
"Lalueza-Fox, Carles_2025-11-19T21:26:04",69825517c835c41957e01a78,Undirected,1,2020
"Tirelli, G_2026-01-15T09:01:31",69825517c835c41957e01a80,Undirected,1,2020
"Lugli, S_2026-01-15T09:01:32",69825517c835c41957e01a80,Undirected,1,2020
"Galli, A._2026-01-14T22:06:23",69825517c835c41957e01a80,Undirected,1,2020
"Hajdas, Irka_2025-11-19T21:18:32",69825517c835c41957e01a80,Undirected,1,2020
"Lindroos, Alf_2025-11-19T21:24:31",69825517c835c41957e01a80,Undirected,1,2020
"Martini, M._2026-01-14T22:06:26",69825517c835c41957e01a80,Undirected,1,2020
"Maspero, F_2026-01-15T09:03:05",69825517c835c41957e01a80,Undirected,1,2020
"Olsen, Jesper_2025-11-19T21:20:54",69825517c835c41957e01a80,Undirected,1,2020
"Ringbom, Åsa_2025-11-19T21:18:42",69825517c835c41957e01a80,Undirected,1,2020
"Sibilia, E._2026-01-14T22:06:28",69825517c835c41957e01a80,Undirected,1,2020
"Caroselli, Marta_2025-11-19T21:36:09",69825517c835c41957e01a80,Undirected,1,2020
"Silvestri, E_2026-01-15T09:03:40",69825517c835c41957e01a80,Undirected,1,2020
"Panzeri, L_2026-01-15T09:03:40",69825517c835c41957e01a80,Undirected,1,2020
"IJssennagger, Nelleke L._2025-11-19T21:23:10",69825516c835c41957df9ff7,Undirected,1,2021
"Hines, John_2025-11-19T21:16:21",69825516c835c41957df9ff7,Undirected,1,2021
"Wood, Ian N._2025-11-19T21:17:29",69825516c835c41957df9ff7,Undirected,1,2021
"Croom, Alexandra_2025-11-19T21:17:22",69825516c835c41957dfa419,Undirected,1,2021
"Youngs, S. M._2025-11-19T21:17:30",69825516c835c41957dfa419,Undirected,1,2021
"Daly, Aoife_2025-11-19T21:17:09",69825516c835c41957dfa4b2,Undirected,1,2021
"Jouttijärvi, Arne_2025-11-19T21:17:28",69825516c835c41957dfa4b2,Undirected,1,2021
"Meldgaard Sass Jensen, Lars_2025-11-19T21:17:28",69825516c835c41957dfa4b2,Undirected,1,2021
"Nicolajsen, Tom_2025-11-19T21:17:28",69825516c835c41957dfa4b2,Undirected,1,2021
"Ravn, Morten_2025-11-19T21:17:28",69825516c835c41957dfa4b2,Undirected,1,2021
"Pedersen, Anne_2025-11-19T21:17:30",69825516c835c41957dfa4e8,Undirected,1,2021
"Oehrl, Sigmund_2025-11-19T21:17:30",69825516c835c41957dfa4e8,Undirected,1,2021
"Bas, Marlon_2025-11-19T21:18:03",69825516c835c41957dfa81b,Undirected,1,2021
"Waltenberger, Lukas_2025-11-19T21:18:03",69825516c835c41957dfa81b,Undirected,1,2021
"Kurzmann, Christoph_2025-11-19T21:18:03",69825516c835c41957dfa81b,Undirected,1,2021
"Heimel, Patrick_2025-11-19T21:18:03",69825516c835c41957dfa81b,Undirected,1,2021
"Rebay‐Salisbury, Katharina_2025-11-19T21:18:03",69825516c835c41957dfa81b,Undirected,1,2021
"Kanz, Fabian_2025-11-19T21:18:03",69825516c835c41957dfa81b,Undirected,1,2021
"Van Ham-Meert, Alicia_2025-11-19T21:18:03",69825516c835c41957dfa81d,Undirected,1,2021
"Bolea-Fernandez, Eduardo_2025-11-19T21:18:03",69825516c835c41957dfa81d,Undirected,1,2021
"Belza, Joke_2025-11-19T21:18:03",69825516c835c41957dfa81d,Undirected,1,2021
"Bevan, Dan_2025-11-19T21:18:03",69825516c835c41957dfa81d,Undirected,1,2021
"Jochum, Klaus Peter_2025-11-19T21:18:03",69825516c835c41957dfa81d,Undirected,1,2021
"Neuray, Brigitte_2025-11-19T21:18:03",69825516c835c41957dfa81d,Undirected,1,2021
"Stoll, Brigitte_2025-11-19T21:18:03",69825516c835c41957dfa81d,Undirected,1,2021
"Vanhaecke, Frank_2025-11-19T21:17:14",69825516c835c41957dfa81d,Undirected,1,2021
"Van Wersch, Line_2025-11-19T21:18:03",69825516c835c41957dfa81d,Undirected,1,2021
"Jégou, Laurent_2025-11-19T21:19:40",69825516c835c41957dfa9b8,Undirected,1,2021
"Lamassé, Stéphane_2025-11-19T21:19:47",69825516c835c41957dfa9b8,Undirected,1,2021
"Blanc-Bijon, Véronique_2025-11-19T21:19:03",69825516c835c41957dfadcd,Undirected,1,2021
"Bracco, Jean-Pierre_2025-11-19T21:19:03",69825516c835c41957dfadcd,Undirected,1,2021
"Carre, Marie-Brigitte_2025-11-19T21:19:03",69825516c835c41957dfadcd,Undirected,1,2021
"Chaker, Salem_2025-11-19T21:19:03",69825516c835c41957dfadcd,Undirected,1,2021
"Lafon, Xavier_2025-11-19T21:19:03",69825516c835c41957dfadcd,Undirected,1,2021
"Ouerfelli, Mohamed_2025-11-19T21:19:03",69825516c835c41957dfadcd,Undirected,1,2021
"Normand, Éric_2025-11-19T21:18:33",69825516c835c41957dfb0dc,Undirected,1,2021
"Champagne, Alain_2025-11-19T21:19:29",69825516c835c41957dfb0dc,Undirected,1,2021
"Champagne, Alain_2025-11-19T21:19:29",69825516c835c41957dfb105,Undirected,1,2021
"Normand, Éric_2025-11-19T21:18:33",69825516c835c41957dfb105,Undirected,1,2021
"Castex, Dominique_2025-11-19T21:19:37",69825516c835c41957dfb2c3,Undirected,1,2021
"Kacki, Sacha_2025-11-19T21:19:37",69825516c835c41957dfb2c3,Undirected,1,2021
"Berden, Tina_2025-11-19T21:22:11",69825516c835c41957dfbda6,Undirected,1,2021
"Pavlin, Primož_2025-11-19T21:22:11",69825516c835c41957dfbda6,Undirected,1,2021
"Maver, Andreja_2025-11-19T21:21:28",69825516c835c41957dfbda6,Undirected,1,2021
"Karo, Špela_2025-11-19T21:15:42",69825516c835c41957dfbdcc,Undirected,1,2021
"Osredkar, Meta_2025-11-19T21:15:42",69825516c835c41957dfbdcc,Undirected,1,2021
"Kovačič, Nuša._2025-11-19T21:22:13",69825516c835c41957dfbdcc,Undirected,1,2021
"Lindič, Bojan_2025-11-19T21:22:13",69825516c835c41957dfbdcc,Undirected,1,2021
"Caramelli, David_2025-11-19T21:15:24",69825516c835c41957dfc16e,Undirected,1,2021
"Schmid, Sarah Rebecca_2025-11-19T21:22:56",69825516c835c41957dfc16e,Undirected,1,2021
"Habicht, Michael_2025-11-19T21:22:56",69825516c835c41957dfc16e,Undirected,1,2021
"Eppenberger, Patrick_2025-11-19T21:16:51",69825516c835c41957dfc16e,Undirected,1,2021
"Seiler, Roger_2025-11-19T21:16:51",69825516c835c41957dfc16e,Undirected,1,2021
"Steineck, Raji_2025-11-19T21:22:56",69825516c835c41957dfc16e,Undirected,1,2021
"Rühli, Frank J._2025-11-19T21:16:09",69825516c835c41957dfc16e,Undirected,1,2021
"Novak, Mario_2025-11-19T21:17:54",69825516c835c41957dfc234,Undirected,1,2021
"Bedić, Željka_2025-11-19T21:15:52",69825516c835c41957dfc234,Undirected,1,2021
"Los, Dženi_2025-11-19T21:23:04",69825516c835c41957dfc234,Undirected,1,2021
"Premužić, Zrinka_2025-11-19T21:15:52",69825516c835c41957dfc234,Undirected,1,2021
"Nađ, Miroslav_2025-11-19T21:23:04",69825516c835c41957dfc238,Undirected,1,2021
"Pleše, Tajana_2025-11-19T21:23:04",69825516c835c41957dfc238,Undirected,1,2021
"Novak, Mario_2025-11-19T21:17:54",69825516c835c41957dfc238,Undirected,1,2021
"Franjić, Ana_2025-11-19T21:23:04",69825516c835c41957dfc238,Undirected,1,2021
"Ichumbaki, Elgidius B._2025-11-19T21:38:34",69825517c835c41957dffaca,Undirected,1,2021
"Pollard, Edward_2025-11-19T21:17:17",69825517c835c41957dffaca,Undirected,1,2021
"Walker, Bethany J._2025-11-19T21:39:28",69825517c835c41957dffd38,Undirected,1,2021
"Insoll, Timothy_2025-11-19T21:18:37",69825517c835c41957dffd38,Undirected,1,2021
"Fenwick, Corisande_2025-11-19T21:18:37",69825517c835c41957dffd38,Undirected,1,2021
"Cressier, Patrice_2025-11-19T21:39:28",69825517c835c41957dffd38,Undirected,1,2021
"Lloret, Sonia Gutiérrez_2025-11-19T21:39:28",69825517c835c41957dffd38,Undirected,1,2021
"Veselka, Barbara_2025-11-19T21:18:18",69825517c835c41957dffd68,Undirected,1,2021
"Brickley, Megan B_2025-11-19T21:39:32",69825517c835c41957dffd68,Undirected,1,2021
"Waters-Rist, Andrea L_2025-11-19T21:39:32",69825517c835c41957dffd68,Undirected,1,2021
"Glykou, Aikaterini_2025-11-19T21:39:46",69825517c835c41957dffe29,Undirected,1,2021
"Lõugas, Lembi_2025-11-19T21:18:30",69825517c835c41957dffe29,Undirected,1,2021
"Piličiauskienė, Giedrė_2025-11-19T21:39:46",69825517c835c41957dffe29,Undirected,1,2021
"Schmölcke, Ulrich_2025-11-19T21:15:30",69825517c835c41957dffe29,Undirected,1,2021
"Eriksson, Gunilla_2025-11-19T21:39:46",69825517c835c41957dffe29,Undirected,1,2021
"Lidén, Kerstin_2025-11-19T21:21:14",69825517c835c41957dffe29,Undirected,1,2021
"Nomokonova, Tatiana_2025-11-19T21:40:12",69825517c835c41957dfff6d,Undirected,1,2021
"Losey, Robert J._2025-11-19T21:40:12",69825517c835c41957dfff6d,Undirected,1,2021
"Fedorova, Natalia V._2025-11-19T21:40:12",69825517c835c41957dfff6d,Undirected,1,2021
"Gusev, Andrei V._2025-11-19T21:40:12",69825517c835c41957dfff6d,Undirected,1,2021
"Arzyutov, Dmitry V._2025-11-19T21:40:12",69825517c835c41957dfff6d,Undirected,1,2021
"van den Hurk, Youri_2025-11-19T21:17:29",69825517c835c41957e0010a,Undirected,1,2021
"Rielly, Kevin_2025-11-19T21:23:10",69825517c835c41957e0010a,Undirected,1,2021
"Buckley, Mike_2025-11-19T21:23:10",69825517c835c41957e0010a,Undirected,1,2021
"Gardeła, Leszek_2025-11-19T21:16:10",69825517c835c41957e00112,Undirected,1,2021
"Kajkowski, Kamil_2025-11-19T21:16:25",69825517c835c41957e00112,Undirected,1,2021
"Glørstad, Zanette Tsigaridas_2025-11-19T21:27:42",69825517c835c41957e00115,Undirected,1,2021
"Røstad, Ingunn Marit_2025-11-19T21:17:19",69825517c835c41957e00115,Undirected,1,2021
"Dunne, Julie_2025-11-19T21:18:32",69825517c835c41957e001e1,Undirected,1,2021
"Biddulph, E._2025-11-19T21:40:59",69825517c835c41957e001e1,Undirected,1,2021
"Manix, P._2025-11-19T21:40:59",69825517c835c41957e001e1,Undirected,1,2021
"Gillard, T._2025-11-19T21:40:59",69825517c835c41957e001e1,Undirected,1,2021
"Whelton, Helen_2025-11-19T21:38:34",69825517c835c41957e001e1,Undirected,1,2021
"Teague, S._2025-11-19T21:40:59",69825517c835c41957e001e1,Undirected,1,2021
"Champness, C._2025-11-19T21:40:59",69825517c835c41957e001e1,Undirected,1,2021
"Broderick, L. G._2025-11-19T21:40:59",69825517c835c41957e001e1,Undirected,1,2021
"Nicholson, Rebecca A._2025-11-19T21:24:34",69825517c835c41957e001e1,Undirected,1,2021
"Blinkhorn, Paul_2025-11-19T21:17:24",69825517c835c41957e001e1,Undirected,1,2021
"CRAIG-ATKINS, ELIZABETH_2025-11-19T21:25:07",69825517c835c41957e001e1,Undirected,1,2021
"Jervis, Ben_2025-11-19T21:17:09",69825517c835c41957e001e1,Undirected,1,2021
"Madgwick, Richard_2025-11-19T21:16:39",69825517c835c41957e001e1,Undirected,1,2021
"Hodos, T._2025-11-19T21:40:59",69825517c835c41957e001e1,Undirected,1,2021
"Cramp, L. J. E._2025-11-19T21:40:59",69825517c835c41957e001e1,Undirected,1,2021
"Evershed, Richard P._2025-11-19T21:18:32",69825517c835c41957e001e1,Undirected,1,2021
"Bartosiewicz, László._2025-11-19T21:27:39",69825517c835c41957e00204,Undirected,1,2021
"Choyke, Alice M._2025-11-19T21:41:02",69825517c835c41957e00204,Undirected,1,2021
"Smith, Kevin P._2025-11-19T21:26:27",69825517c835c41957e00221,Undirected,1,2021
"Ólafsson, Guðmundur_2025-11-19T21:41:04",69825517c835c41957e00221,Undirected,1,2021
"Pálsdóttir, Albína Hulda_2025-11-19T21:27:59",69825517c835c41957e00221,Undirected,1,2021
"Sarti, Laury_2025-11-19T21:17:29",69825517c835c41957e002c4,Undirected,1,2021
"Bennett, Ellora_2025-11-19T21:41:17",69825517c835c41957e002c4,Undirected,1,2021
"Berndt, Guido M._2025-11-19T21:24:05",69825517c835c41957e002c4,Undirected,1,2021
"Esders, Stefan_2025-11-19T21:27:23",69825517c835c41957e002c4,Undirected,1,2021
"Gugora, Ariana_2025-11-19T21:17:56",69825517c835c41957e00332,Undirected,1,2021
"Dupras, Tosha L._2025-11-19T21:41:26",69825517c835c41957e00332,Undirected,1,2021
"Fóthi, Erzsébet_2025-11-19T21:17:56",69825517c835c41957e00332,Undirected,1,2021
"Demény, Attila_2025-11-19T21:17:56",69825517c835c41957e00332,Undirected,1,2021
Grzegorz  Żabiński_2025-11-19T21:20:27,69825517c835c41957e00396,Undirected,1,2021
"Strzyż, Piotr_2025-11-19T21:41:18",69825517c835c41957e00396,Undirected,1,2021
"Goryczka, Tomasz_2025-11-19T21:41:35",69825517c835c41957e00396,Undirected,1,2021
"Aniołek, Krzysztof_2025-11-19T21:41:35",69825517c835c41957e00396,Undirected,1,2021
"Miśta-Jakubowska, Ewelina_2025-11-19T21:15:50",69825517c835c41957e00396,Undirected,1,2021
"Makowiecki, Daniel_2025-11-19T21:17:59",69825517c835c41957e00423,Undirected,1,2021
"Chudziak, Wojciech_2025-11-19T21:17:18",69825517c835c41957e00423,Undirected,1,2021
"Wiejacka, Martyna_2025-11-19T21:39:11",69825517c835c41957e00423,Undirected,1,2021
"Hansson, Anton_2025-11-19T21:17:28",69825517c835c41957e00424,Undirected,1,2021
"Linderson, Hans_2025-11-19T21:16:23",69825517c835c41957e00424,Undirected,1,2021
"Foley, Brendan_2025-11-19T21:17:28",69825517c835c41957e00424,Undirected,1,2021
"Bartosiewicz, László._2025-11-19T21:27:39",69825517c835c41957e00481,Undirected,1,2021
"Gál, Erika_2025-11-19T21:16:39",69825517c835c41957e00481,Undirected,1,2021
"Deckers, Pieterjan_2025-11-19T21:16:25",69825517c835c41957e004b6,Undirected,1,2021
"Croix, Sarah_2025-11-19T21:16:01",69825517c835c41957e004b6,Undirected,1,2021
"Sindbaek, Søren Michael_2025-11-19T21:23:40",69825517c835c41957e004b6,Undirected,1,2021
"Ortiz, José E._2025-11-19T21:38:58",69825517c835c41957e004bc,Undirected,1,2021
"Torres, Trinidad_2025-11-19T21:29:46",69825517c835c41957e004bc,Undirected,1,2021
"López-Cilla, Ignacio_2025-11-19T21:38:58",69825517c835c41957e004bc,Undirected,1,2021
"Galán, Luis A._2025-11-19T21:38:58",69825517c835c41957e004bc,Undirected,1,2021
"Sánchez-Palencia, Yolanda_2025-11-19T21:29:46",69825517c835c41957e004bc,Undirected,1,2021
"Ros, Milagros_2025-11-19T21:29:46",69825517c835c41957e004bc,Undirected,1,2021
"Manteca, Ignacio_2025-11-19T21:29:46",69825517c835c41957e004bc,Undirected,1,2021
"Ramallo, Sebastián_2025-11-19T21:29:46",69825517c835c41957e004bc,Undirected,1,2021
"Navarro, Francisca_2025-11-19T21:29:46",69825517c835c41957e004bc,Undirected,1,2021
"Rodríguez-Estrella, Tomás_2026-01-15T09:05:32",69825517c835c41957e004bc,Undirected,1,2021
"Blázquez, Ana_2025-11-19T21:38:58",69825517c835c41957e004bc,Undirected,1,2021
"Borrego, Ángeles G._2025-11-19T21:42:01",69825517c835c41957e004bc,Undirected,1,2021
"Ruiz-Zapata, Blanca_2025-11-19T21:24:58",69825517c835c41957e004bc,Undirected,1,2021
"Gil-García, María José_2025-11-19T21:24:58",69825517c835c41957e004bc,Undirected,1,2021
"Heine, Erwin_2025-11-19T21:42:01",69825517c835c41957e004bc,Undirected,1,2021
"Mikulski, Richard N R_2025-11-19T21:42:08",69825517c835c41957e0051b,Undirected,1,2021
"Schutkowski, Holger_2025-11-19T21:42:08",69825517c835c41957e0051b,Undirected,1,2021
"Smith, Martin J_2025-11-19T21:42:08",69825517c835c41957e0051b,Undirected,1,2021
"Doumet-Serhal, Claude_2025-11-19T21:42:08",69825517c835c41957e0051b,Undirected,1,2021
"Mitchell, Piers D._2025-11-19T21:15:49",69825517c835c41957e0051b,Undirected,1,2021
"Gerrard, C. M._2025-11-19T21:17:30",69825517c835c41957e00540,Undirected,1,2021
"Forlin, Paolo_2025-11-19T21:42:11",69825517c835c41957e00540,Undirected,1,2021
"Froude, Melanie_2025-11-19T21:42:11",69825517c835c41957e00540,Undirected,1,2021
"Petley, David_2025-11-19T21:42:11",69825517c835c41957e00540,Undirected,1,2021
"Gutiérrez, Alejandra_2025-11-19T21:29:45",69825517c835c41957e00540,Undirected,1,2021
"Treasure, Edward_2025-11-19T21:42:11",69825517c835c41957e00540,Undirected,1,2021
"Milek, Karen B._2025-11-19T21:25:08",69825517c835c41957e00540,Undirected,1,2021
"Oliveira, N'zinga_2025-11-19T21:42:11",69825517c835c41957e00540,Undirected,1,2021
"Szenthe, Gergely_2025-11-19T21:17:54",69825517c835c41957e00541,Undirected,1,2021
"Gáll, Erwin_2025-11-19T21:18:08",69825517c835c41957e00541,Undirected,1,2021
"Hamerow, H. F._2025-11-19T21:35:34",69825517c835c41957e005bf,Undirected,1,2021
"Shortland, Andrew_2025-11-19T21:42:22",69825517c835c41957e005bf,Undirected,1,2021
"Cameron, Esther_2025-11-19T21:42:22",69825517c835c41957e005bf,Undirected,1,2021
"Grau-Sologestoa, Idoia_2025-11-19T21:42:25",69825517c835c41957e005ec,Undirected,1,2021
"Ginella, Francesca_2025-11-19T21:23:00",69825517c835c41957e005ec,Undirected,1,2021
"Marti-Grädel, Elisabeth_2025-11-19T21:22:54",69825517c835c41957e005ec,Undirected,1,2021
"Stopp, Barbara_2025-11-19T21:21:36",69825517c835c41957e005ec,Undirected,1,2021
"Deschler-Erb, Sabine_2025-11-19T21:22:54",69825517c835c41957e005ec,Undirected,1,2021
"Schmid, Sarah Rebecca_2025-11-19T21:22:56",69825517c835c41957e00628,Undirected,1,2021
"Habicht, Michael_2025-11-19T21:22:56",69825517c835c41957e00628,Undirected,1,2021
"Eppenberger, Patrick_2025-11-19T21:16:51",69825517c835c41957e00628,Undirected,1,2021
"Seiler, Roger_2025-11-19T21:16:51",69825517c835c41957e00628,Undirected,1,2021
"Steineck, Raji_2025-11-19T21:22:56",69825517c835c41957e00628,Undirected,1,2021
"Rühli, Frank J._2025-11-19T21:16:09",69825517c835c41957e00628,Undirected,1,2021
"Iadarola, Barbara_2025-11-19T21:42:32",69825517c835c41957e00648,Undirected,1,2021
"Lavezzari, Denise_2025-11-19T21:42:32",69825517c835c41957e00648,Undirected,1,2021
"Modi, Alessandra_2025-11-19T21:15:24",69825517c835c41957e00648,Undirected,1,2021
"Degli Esposti, Chiara_2025-11-19T21:42:32",69825517c835c41957e00648,Undirected,1,2021
"Beltrami, Cristina_2025-11-19T21:42:32",69825517c835c41957e00648,Undirected,1,2021
"Rossato, Marzia_2025-11-19T21:42:32",69825517c835c41957e00648,Undirected,1,2021
"Zaro, Valentina_2025-11-19T21:42:32",69825517c835c41957e00648,Undirected,1,2021
"Napione, Ettore_2025-11-19T21:42:32",69825517c835c41957e00648,Undirected,1,2021
"Latella, Leonardo_2025-11-19T21:42:32",69825517c835c41957e00648,Undirected,1,2021
"Lari, Martina_2025-11-19T21:15:24",69825517c835c41957e00648,Undirected,1,2021
"Caramelli, David_2025-11-19T21:15:24",69825517c835c41957e00648,Undirected,1,2021
"Salviati, Alessandro_2025-11-19T21:42:32",69825517c835c41957e00648,Undirected,1,2021
"Delledonne, Massimo_2025-11-19T21:42:32",69825517c835c41957e00648,Undirected,1,2021
"Esiana, Benneth O I_2025-11-19T21:42:32",69825517c835c41957e0064a,Undirected,1,2021
"Coates, Christopher J_2025-11-19T21:42:32",69825517c835c41957e0064a,Undirected,1,2021
"Adderley, W. Paul_2025-11-19T21:36:31",69825517c835c41957e0064a,Undirected,1,2021
"Berns, Anne E_2025-11-19T21:42:32",69825517c835c41957e0064a,Undirected,1,2021
"Bol, Roland_2025-11-19T21:42:32",69825517c835c41957e0064a,Undirected,1,2021
"Immel, Alexander_2025-11-19T21:41:26",69825517c835c41957e00654,Undirected,1,2021
"Key, Felix M._2025-11-19T21:47:49",69825517c835c41957e00654,Undirected,1,2021
"Szolek, András_2025-11-19T21:41:26",69825517c835c41957e00654,Undirected,1,2021
"Barquera, Rodrigo_2025-11-19T21:41:26",69825517c835c41957e00654,Undirected,1,2021
"Robinson, Madeline K_2025-11-19T21:41:26",69825517c835c41957e00654,Undirected,1,2021
"Harrison, Genelle F_2025-11-19T21:41:26",69825517c835c41957e00654,Undirected,1,2021
"Palmer, William H_2025-11-19T21:41:26",69825517c835c41957e00654,Undirected,1,2021
"Spyrou, Maria A_2025-11-19T21:41:26",69825517c835c41957e00654,Undirected,1,2021
"Susat, Julian_2025-11-19T21:41:26",69825517c835c41957e00654,Undirected,1,2021
"Krause-Kyora, Ben_2025-11-19T21:23:21",69825517c835c41957e00654,Undirected,1,2021
"Bos, Kirsten I._2025-11-19T21:47:13",69825517c835c41957e00654,Undirected,1,2021
"Forrest, Stephen_2025-11-19T21:41:26",69825517c835c41957e00654,Undirected,1,2021
"Hernández-Zaragoza, Diana I_2025-11-19T21:41:26",69825517c835c41957e00654,Undirected,1,2021
"Sauter, Jürgen_2025-11-19T21:41:26",69825517c835c41957e00654,Undirected,1,2021
"Solloch, Ute_2025-11-19T21:41:26",69825517c835c41957e00654,Undirected,1,2021
"Schmidt, Alexander H_2025-11-19T21:41:26",69825517c835c41957e00654,Undirected,1,2021
"Schuenemann, Verena J._2025-11-19T21:16:09",69825517c835c41957e00654,Undirected,1,2021
"Reiter, Ella_2025-11-19T21:41:26",69825517c835c41957e00654,Undirected,1,2021
"Kairies, Madita S_2025-11-19T21:41:26",69825517c835c41957e00654,Undirected,1,2021
"Weiß, Rainer_2025-11-19T21:41:26",69825517c835c41957e00654,Undirected,1,2021
"Arnold, Susanne_2025-11-19T21:41:26",69825517c835c41957e00654,Undirected,1,2021
"Wahl, Joachim_2025-11-19T21:22:49",69825517c835c41957e00654,Undirected,1,2021
"Hollenbach, Jill A_2025-11-19T21:41:26",69825517c835c41957e00654,Undirected,1,2021
"Kohlbacher, Oliver_2025-11-19T21:41:26",69825517c835c41957e00654,Undirected,1,2021
"Herbig, Alexander_2025-11-19T21:37:28",69825517c835c41957e00654,Undirected,1,2021
"Norman, Paul J_2025-11-19T21:41:26",69825517c835c41957e00654,Undirected,1,2021
"Krause, Johannes_2025-11-19T21:16:50",69825517c835c41957e00654,Undirected,1,2021
"Mileson, Stephen_2025-11-19T21:28:35",69825517c835c41957e00662,Undirected,1,2021
"Brookes, Stuart_2025-11-19T21:17:31",69825517c835c41957e00662,Undirected,1,2021
"Mileson, Stephen_2025-11-19T21:28:35",69825517c835c41957e00665,Undirected,1,2021
"Brookes, Stuart_2025-11-19T21:17:31",69825517c835c41957e00665,Undirected,1,2021
"Pazienza, Annamaria_2025-11-19T21:14:54",69825517c835c41957e0067c,Undirected,1,2021
"West-Harling, Veronica Ortenberg_2025-11-19T21:18:56",69825517c835c41957e0067c,Undirected,1,2021
"Jankowiak, Marek_2025-11-19T21:18:32",69825517c835c41957e0067f,Undirected,1,2021
"Biermann, Felix_2025-11-19T21:17:41",69825517c835c41957e0067f,Undirected,1,2021
"Miśta-Jakubowska, Ewelina_2025-11-19T21:15:50",69825517c835c41957e00684,Undirected,1,2021
"Czech-Błońska, Renata_2025-11-19T21:15:50",69825517c835c41957e00684,Undirected,1,2021
"Duczko, Władysław_2025-11-19T21:15:50",69825517c835c41957e00684,Undirected,1,2021
"Gójska, Aneta_2025-11-19T21:15:50",69825517c835c41957e00684,Undirected,1,2021
Grzegorz  Żabiński_2025-11-19T21:20:27,69825517c835c41957e00684,Undirected,1,2021
"Ciepielewski, Paweł_2025-11-19T21:46:22",69825517c835c41957e00684,Undirected,1,2021
"Diduszko, Ryszard_2025-11-19T21:46:22",69825517c835c41957e00684,Undirected,1,2021
"Kosińska, Anna_2025-11-19T21:46:22",69825517c835c41957e00684,Undirected,1,2021
"Brojanowska, Agnieszka_2025-11-19T21:15:59",69825517c835c41957e00684,Undirected,1,2021
"Kaiser, Knut_2025-11-19T21:23:23",69825517c835c41957e0069b,Undirected,1,2021
"Tolksdorf, Johann Friedrich_2025-11-19T21:21:45",69825517c835c41957e0069b,Undirected,1,2021
"de Boer, Anna Maartje_2025-11-19T21:38:08",69825517c835c41957e0069b,Undirected,1,2021
"Herbig, Christoph_2025-11-19T21:21:45",69825517c835c41957e0069b,Undirected,1,2021
"Hieke, Falk_2025-11-19T21:42:40",69825517c835c41957e0069b,Undirected,1,2021
"Kasprzak, Marek_2025-11-19T21:42:40",69825517c835c41957e0069b,Undirected,1,2021
"Kočár, Petr_2025-11-19T21:16:34",69825517c835c41957e0069b,Undirected,1,2021
"Petr, Libor_2025-11-19T21:20:52",69825517c835c41957e0069b,Undirected,1,2021
"Schubert, Matthias_2025-11-19T21:21:45",69825517c835c41957e0069b,Undirected,1,2021
"Schröder, Frank_2025-11-19T21:21:45",69825517c835c41957e0069b,Undirected,1,2021
"Fülling, Alexander_2025-11-19T21:23:23",69825517c835c41957e0069b,Undirected,1,2021
"Hemker, Christiane_2025-11-19T21:21:45",69825517c835c41957e0069b,Undirected,1,2021
"Jungklaus, Bettina_2025-11-19T21:42:43",69825517c835c41957e006c2,Undirected,1,2021
"Biermann, Felix_2025-11-19T21:17:41",69825517c835c41957e006c2,Undirected,1,2021
"Dugerdil, Lucas_2025-11-19T21:42:46",69825517c835c41957e006e6,Undirected,1,2021
"Ménot, Guillemette_2025-11-19T21:42:46",69825517c835c41957e006e6,Undirected,1,2021
"Peyron, Odile_2025-11-19T21:42:46",69825517c835c41957e006e6,Undirected,1,2021
"Jouffroy-Bapicot, Isabelle_2025-11-19T21:42:46",69825517c835c41957e006e6,Undirected,1,2021
"Ansanay-Alex, Salomé_2025-11-19T21:42:46",69825517c835c41957e006e6,Undirected,1,2021
"Antheaume, Ingrid_2025-11-19T21:42:46",69825517c835c41957e006e6,Undirected,1,2021
"Behling, Hermann_2025-11-19T21:42:46",69825517c835c41957e006e6,Undirected,1,2021
"Boldgiv, Bazartseren_2025-11-19T21:18:18",69825517c835c41957e006e6,Undirected,1,2021
"Develle, Anne-Lise_2025-11-19T21:42:46",69825517c835c41957e006e6,Undirected,1,2021
"Grossi, Vincent_2025-11-19T21:42:46",69825517c835c41957e006e6,Undirected,1,2021
"Magail, Jérôme_2025-11-19T21:42:46",69825517c835c41957e006e6,Undirected,1,2021
"Makou, Matthew_2025-11-19T21:42:46",69825517c835c41957e006e6,Undirected,1,2021
"Robles, Mary_2025-11-19T21:42:46",69825517c835c41957e006e6,Undirected,1,2021
"Unkelbach, Julia_2025-11-19T21:42:46",69825517c835c41957e006e6,Undirected,1,2021
"Vanniere, Boris_2025-11-19T21:33:53",69825517c835c41957e006e6,Undirected,1,2021
"Joannin, Sébastien_2025-11-19T21:42:46",69825517c835c41957e006e6,Undirected,1,2021
"Manisse, Pierre-Damien_2025-11-19T21:42:53",69825517c835c41957e0073b,Undirected,1,2021
"Anderson, Sue_2025-11-19T21:29:02",69825517c835c41957e0073b,Undirected,1,2021
"Falys, Ceri_2025-11-19T21:22:38",69825517c835c41957e0073b,Undirected,1,2021
"McKenna, Rosalind_2025-11-19T21:42:53",69825517c835c41957e0073b,Undirected,1,2021
"Milbank, Danielle_2025-11-19T21:42:53",69825517c835c41957e0073b,Undirected,1,2021
"Rundkvist, Martin_2025-11-19T21:15:49",69825517c835c41957e00741,Undirected,1,2021
"Green, Magnus_2025-11-19T21:31:17",69825517c835c41957e00741,Undirected,1,2021
"Esders, Stefan_2025-11-19T21:27:23",69825517c835c41957e0079b,Undirected,1,2021
"Reimitz, Helmut_2025-11-19T21:18:06",69825517c835c41957e0079b,Undirected,1,2021
"Philippsen, Bente_2025-11-19T21:43:08",69825517c835c41957e007d9,Undirected,1,2021
"Feveile, Claus_2025-11-19T21:43:08",69825517c835c41957e007d9,Undirected,1,2021
"Olsen, Jesper_2025-11-19T21:20:54",69825517c835c41957e007d9,Undirected,1,2021
"Sindbaek, Søren Michael_2025-11-19T21:23:40",69825517c835c41957e007d9,Undirected,1,2021
"Tang, Harriet J. Evans_2025-11-19T21:17:37",69825517c835c41957e0094a,Undirected,1,2021
"Ashby, Steven P._2025-11-19T21:24:59",69825517c835c41957e0094a,Undirected,1,2021
"Veselka, Barbara_2025-11-19T21:18:18",69825517c835c41957e00980,Undirected,1,2021
"Snoeck, Christophe_2025-11-19T21:17:12",69825517c835c41957e00980,Undirected,1,2021
Jona Schlegel_2025-11-19T21:46:13,69825517c835c41957e009af,Undirected,1,2021
"Verhoeven, Geert_2025-11-19T21:25:11",69825517c835c41957e009af,Undirected,1,2021
"Cassitti, P._2025-11-19T21:37:48",69825517c835c41957e009af,Undirected,1,2021
Alois Hinterleitner_2025-11-19T21:46:13,69825517c835c41957e009af,Undirected,1,2021
Klaus Löcker_2025-11-19T21:46:13,69825517c835c41957e009af,Undirected,1,2021
Hannes Schiel_2025-11-19T21:46:13,69825517c835c41957e009af,Undirected,1,2021
Christoph Walser_2025-11-19T21:46:13,69825517c835c41957e009af,Undirected,1,2021
Thomas Reitmaier_2025-11-19T21:46:13,69825517c835c41957e009af,Undirected,1,2021
"Neubauer, Wolfgang_2025-11-19T21:29:37",69825517c835c41957e009af,Undirected,1,2021
"Silva, Marina_2025-11-19T21:18:13",69825517c835c41957e009b6,Undirected,1,2021
"Oteo-Garcia, Gonzalo_2025-11-19T21:18:30",69825517c835c41957e009b6,Undirected,1,2021
"Martiniano, Rui_2025-11-19T21:22:38",69825517c835c41957e009b6,Undirected,1,2021
João Guimarães_2025-11-19T21:46:14,69825517c835c41957e009b6,Undirected,1,2021
Matthew von Tersch_2025-11-19T21:46:14,69825517c835c41957e009b6,Undirected,1,2021
Ali Madour_2025-11-19T21:46:14,69825517c835c41957e009b6,Undirected,1,2021
Tarek Shoeib_2025-11-19T21:46:14,69825517c835c41957e009b6,Undirected,1,2021
"Fichera, Alessandro_2025-11-19T21:18:30",69825517c835c41957e009b6,Undirected,1,2021
"Justeau, Pierre_2025-11-19T21:18:30",69825517c835c41957e009b6,Undirected,1,2021
"Foody, M George B_2025-11-19T21:18:30",69825517c835c41957e009b6,Undirected,1,2021
"McGrath, Krista_2025-11-19T21:15:34",69825517c835c41957e009b6,Undirected,1,2021
Amparo Barrachina_2025-11-19T21:46:14,69825517c835c41957e009b6,Undirected,1,2021
Vicente Palomar_2025-11-19T21:46:14,69825517c835c41957e009b6,Undirected,1,2021
"Dulias, Katharina_2025-11-19T21:21:20",69825517c835c41957e009b6,Undirected,1,2021
"Yau, Bobby_2025-11-19T21:18:30",69825517c835c41957e009b6,Undirected,1,2021
"Gandini, Francesca_2025-11-19T21:18:30",69825517c835c41957e009b6,Undirected,1,2021
Douglas J. Clarke_2025-11-19T21:46:14,69825517c835c41957e009b6,Undirected,1,2021
Alexandra Rosa_2025-11-19T21:46:14,69825517c835c41957e009b6,Undirected,1,2021
António Brehm_2025-11-19T21:46:14,69825517c835c41957e009b6,Undirected,1,2021
Antònia Flaquer_2025-11-19T21:46:14,69825517c835c41957e009b6,Undirected,1,2021
Teresa Rito_2025-11-19T21:46:14,69825517c835c41957e009b6,Undirected,1,2021
"Olivieri, Anna_2025-11-19T21:26:04",69825517c835c41957e009b6,Undirected,1,2021
"Achilli, Alessandro_2025-11-19T21:26:04",69825517c835c41957e009b6,Undirected,1,2021
"Torroni, Antonio_2025-11-19T21:26:04",69825517c835c41957e009b6,Undirected,1,2021
Alberto Gómez-Carballa_2025-11-19T21:46:14,69825517c835c41957e009b6,Undirected,1,2021
Antonio Salas_2025-11-19T21:46:14,69825517c835c41957e009b6,Undirected,1,2021
Jaroslaw Bryk_2025-11-19T21:46:14,69825517c835c41957e009b6,Undirected,1,2021
"Ditchfield, Peter W._2025-11-19T21:21:20",69825517c835c41957e009b6,Undirected,1,2021
"Alexander, Michelle_2025-11-19T21:18:29",69825517c835c41957e009b6,Undirected,1,2021
"Pala, Maria_2025-11-19T21:18:30",69825517c835c41957e009b6,Undirected,1,2021
Pedro A. Soares_2025-11-19T21:46:14,69825517c835c41957e009b6,Undirected,1,2021
Ceiridwen J. Edwards_2025-11-19T21:20:28,69825517c835c41957e009b6,Undirected,1,2021
"Richards, Martin B._2025-11-19T21:21:20",69825517c835c41957e009b6,Undirected,1,2021
"Deschepper, Ewoud_2025-11-19T21:17:12",69825517c835c41957e00a2a,Undirected,1,2021
"De Clercq, Wim_2025-11-19T21:17:14",69825517c835c41957e00a2a,Undirected,1,2021
"Feuerborn, Tatiana R._2025-11-19T21:47:13",69825517c835c41957e00bf9,Undirected,1,2021
"Carmagnini, Alberto_2025-11-19T21:47:13",69825517c835c41957e00bf9,Undirected,1,2021
"Losey, Robert J._2025-11-19T21:40:12",69825517c835c41957e00bf9,Undirected,1,2021
"Nomokonova, Tatiana_2025-11-19T21:40:12",69825517c835c41957e00bf9,Undirected,1,2021
"Askeyev, Arthur O._2025-11-19T21:18:18",69825517c835c41957e00bf9,Undirected,1,2021
"Askeyev, Igor V._2025-11-19T21:18:18",69825517c835c41957e00bf9,Undirected,1,2021
"Askeyev, Oleg V._2025-11-19T21:18:18",69825517c835c41957e00bf9,Undirected,1,2021
"Antipina, Ekaterina E._2025-11-19T21:47:13",69825517c835c41957e00bf9,Undirected,1,2021
"Appelt, Martin_2025-11-19T21:47:13",69825517c835c41957e00bf9,Undirected,1,2021
"Bachura, Olga P._2025-11-19T21:47:13",69825517c835c41957e00bf9,Undirected,1,2021
"Beglane, Fiona_2025-11-19T21:16:39",69825517c835c41957e00bf9,Undirected,1,2021
"Bradley, Daniel G._2025-11-19T21:16:49",69825517c835c41957e00bf9,Undirected,1,2021
"Daly, Kevin G._2025-11-19T21:16:49",69825517c835c41957e00bf9,Undirected,1,2021
"Gopalakrishnan, Shyam_2025-11-19T21:47:13",69825517c835c41957e00bf9,Undirected,1,2021
"Murphy Gregersen, Kristian_2025-11-19T21:47:13",69825517c835c41957e00bf9,Undirected,1,2021
"Guo, Chunxue_2025-11-19T21:47:13",69825517c835c41957e00bf9,Undirected,1,2021
"Gusev, Andrei V._2025-11-19T21:40:12",69825517c835c41957e00bf9,Undirected,1,2021
"Jones, Carleton_2025-11-19T21:47:13",69825517c835c41957e00bf9,Undirected,1,2021
"Kosintsev, Pavel A._2025-11-19T21:47:13",69825517c835c41957e00bf9,Undirected,1,2021
"Kuzmin, Yaroslav V._2025-11-19T21:47:13",69825517c835c41957e00bf9,Undirected,1,2021
"Mattiangeli, Valeria_2025-11-19T21:16:49",69825517c835c41957e00bf9,Undirected,1,2021
"Perri, Angela R._2025-11-19T21:47:13",69825517c835c41957e00bf9,Undirected,1,2021
"Plekhanov, Andrei V._2025-11-19T21:47:13",69825517c835c41957e00bf9,Undirected,1,2021
"Ramos-Madrigal, Jazmín_2025-11-19T21:47:13",69825517c835c41957e00bf9,Undirected,1,2021
"Schmidt, Anne Lisbeth_2025-11-19T21:47:13",69825517c835c41957e00bf9,Undirected,1,2021
"Shaymuratova, Dilyara N._2025-11-19T21:18:18",69825517c835c41957e00bf9,Undirected,1,2021
"Smith, Oliver_2025-11-19T21:47:13",69825517c835c41957e00bf9,Undirected,1,2021
"Yavorskaya, Lilia V._2025-11-19T21:47:13",69825517c835c41957e00bf9,Undirected,1,2021
"Zhang, Guojie_2025-11-19T21:47:13",69825517c835c41957e00bf9,Undirected,1,2021
"Willerslev, Eske_2025-11-19T21:17:06",69825517c835c41957e00bf9,Undirected,1,2021
"Meldgaard, Morten_2025-11-19T21:47:13",69825517c835c41957e00bf9,Undirected,1,2021
"GILBERT, M. THOMAS P._2025-11-19T21:25:08",69825517c835c41957e00bf9,Undirected,1,2021
"Larson, Greger_2025-11-19T21:28:58",69825517c835c41957e00bf9,Undirected,1,2021
"Dalén, Love_2025-11-19T21:47:13",69825517c835c41957e00bf9,Undirected,1,2021
"Hansen, Anders Johannes_2025-11-19T21:38:41",69825517c835c41957e00bf9,Undirected,1,2021
"Sinding, Mikkel-Holger S._2025-11-19T21:32:15",69825517c835c41957e00bf9,Undirected,1,2021
"Frantz, Laurent_2025-11-19T21:16:49",69825517c835c41957e00bf9,Undirected,1,2021
"Kocher, Arthur_2025-11-19T21:47:49",69825517c835c41957e00d4a,Undirected,1,2021
"Papac, Luka_2025-11-19T21:47:49",69825517c835c41957e00d4a,Undirected,1,2021
"Barquera, Rodrigo_2025-11-19T21:41:26",69825517c835c41957e00d4a,Undirected,1,2021
"Key, Felix M._2025-11-19T21:47:49",69825517c835c41957e00d4a,Undirected,1,2021
"Spyrou, Maria A_2025-11-19T21:41:26",69825517c835c41957e00d4a,Undirected,1,2021
"Hübler, Ron_2025-11-19T21:47:49",69825517c835c41957e00d4a,Undirected,1,2021
"Rohrlach, Adam B._2025-11-19T21:47:49",69825517c835c41957e00d4a,Undirected,1,2021
"Aron, Franziska_2025-11-19T21:47:49",69825517c835c41957e00d4a,Undirected,1,2021
"Stahl, Raphaela_2025-11-19T21:47:49",69825517c835c41957e00d4a,Undirected,1,2021
"Wissgott, Antje_2025-11-19T21:47:49",69825517c835c41957e00d4a,Undirected,1,2021
"van Bömmel, Florian_2025-11-19T21:47:49",69825517c835c41957e00d4a,Undirected,1,2021
"Pfefferkorn, Maria_2025-11-19T21:47:49",69825517c835c41957e00d4a,Undirected,1,2021
"Mittnik, Alissa_2025-11-19T21:47:49",69825517c835c41957e00d4a,Undirected,1,2021
"Villalba-Mouco, Vanessa_2025-11-19T21:47:49",69825517c835c41957e00d4a,Undirected,1,2021
"Neumann, Gunnar U._2025-11-19T21:20:31",69825517c835c41957e00d4a,Undirected,1,2021
"Rivollat, Maïté_2025-11-19T21:47:49",69825517c835c41957e00d4a,Undirected,1,2021
"van de Loosdrecht, Marieke S._2025-11-19T21:47:49",69825517c835c41957e00d4a,Undirected,1,2021
"Majander, Kerttu_2025-11-19T21:47:49",69825517c835c41957e00d4a,Undirected,1,2021
"Tukhbatova, Rezeda I._2025-11-19T21:47:49",69825517c835c41957e00d4a,Undirected,1,2021
"Musralina, Lyazzat_2025-11-19T21:47:49",69825517c835c41957e00d4a,Undirected,1,2021
"Ghalichi, Ayshin_2025-11-19T21:20:31",69825517c835c41957e00d4a,Undirected,1,2021
"Penske, Sandra_2025-11-19T21:47:49",69825517c835c41957e00d4a,Undirected,1,2021
"Sabin, Susanna_2025-11-19T21:47:49",69825517c835c41957e00d4a,Undirected,1,2021
"Michel, Megan_2025-11-19T21:47:49",69825517c835c41957e00d4a,Undirected,1,2021
"Gretzinger, Joscha_2025-11-19T21:21:20",69825517c835c41957e00d4a,Undirected,1,2021
"Nelson, Elizabeth A._2025-11-19T21:47:49",69825517c835c41957e00d4a,Undirected,1,2021
"Ferraz, Tiago_2025-11-19T21:47:49",69825517c835c41957e00d4a,Undirected,1,2021
"Nägele, Kathrin_2025-11-19T21:47:13",69825517c835c41957e00d4a,Undirected,1,2021
"Parker, Cody_2025-11-19T21:47:49",69825517c835c41957e00d4a,Undirected,1,2021
"Keller, Marcel_2025-11-19T21:47:13",69825517c835c41957e00d4a,Undirected,1,2021
"Guevara, Evelyn K._2025-11-19T21:47:49",69825517c835c41957e00d4a,Undirected,1,2021
"Feldman, Michal_2025-11-19T21:47:49",69825517c835c41957e00d4a,Undirected,1,2021
"Eisenmann, Stefanie_2025-11-19T21:47:49",69825517c835c41957e00d4a,Undirected,1,2021
"Skourtanioti, Eirini_2025-11-19T21:20:31",69825517c835c41957e00d4a,Undirected,1,2021
"Giffin, Karen_2025-11-19T21:47:49",69825517c835c41957e00d4a,Undirected,1,2021
"Gnecchi-Ruscone, Guido Alberto_2025-11-19T21:16:50",69825517c835c41957e00d4a,Undirected,1,2021
"Friederich, Susanne_2025-11-19T21:20:32",69825517c835c41957e00d4a,Undirected,1,2021
"Schimmenti, Vittoria_2025-11-19T21:47:49",69825517c835c41957e00d4a,Undirected,1,2021
"Khartanovich, Valeri I._2025-11-19T21:16:51",69825517c835c41957e00d4a,Undirected,1,2021
"Karapetian, Marina K._2025-11-19T21:47:49",69825517c835c41957e00d4a,Undirected,1,2021
"Chaplygin, Mikhail S._2025-11-19T21:47:49",69825517c835c41957e00d4a,Undirected,1,2021
"Kufterin, Vladimir V._2025-11-19T21:47:49",69825517c835c41957e00d4a,Undirected,1,2021
"Khokhlov, Aleksandr A._2025-11-19T21:21:24",69825517c835c41957e00d4a,Undirected,1,2021
"Chizhevskiy, Andrey A_2025-11-19T21:17:38",69825517c835c41957e00d4a,Undirected,1,2021
"Stashenkov, Dmitrii A_2025-11-19T21:17:38",69825517c835c41957e00d4a,Undirected,1,2021
"Kochkina, Anna F._2025-11-19T21:47:49",69825517c835c41957e00d4a,Undirected,1,2021
"Tejedor-Rodríguez, Cristina_2025-11-19T21:47:49",69825517c835c41957e00d4a,Undirected,1,2021
"de Lagrán, Íñigo García-Martínez_2025-11-19T21:47:49",69825517c835c41957e00d4a,Undirected,1,2021
"Arcusa-Magallón, Héctor_2025-11-19T21:47:49",69825517c835c41957e00d4a,Undirected,1,2021
"Garrido-Pena, Rafael_2025-11-19T21:47:49",69825517c835c41957e00d4a,Undirected,1,2021
Bilikto A. Bazarov_2025-11-19T21:48:08,69825517c835c41957e00e4e,Undirected,1,2021
Nikolay V. Imenokhoev_2025-11-19T21:48:08,69825517c835c41957e00e4e,Undirected,1,2021
Denis A. Miyagaschev_2025-11-19T21:48:08,69825517c835c41957e00e4e,Undirected,1,2021
Yaroslav V. Dikiy_2025-11-19T21:48:08,69825517c835c41957e00e4e,Undirected,1,2021
Vyazov Leonid A._2025-11-19T21:36:32,69825517c835c41957e00f1e,Undirected,1,2021
"Ponomarenko, Elena V._2025-11-19T21:20:37",69825517c835c41957e00f1e,Undirected,1,2021
"Ershova, Ekaterina G._2025-11-19T21:20:37",69825517c835c41957e00f1e,Undirected,1,2021
Yulia A. Salova_2025-11-19T21:48:22,69825517c835c41957e00f1e,Undirected,1,2021
Nikolay  S.  Myasnikov_2025-11-19T21:48:22,69825517c835c41957e00f1e,Undirected,1,2021
"Plomp, Kimberly A._2025-11-19T21:15:34",69825517c835c41957e00fdb,Undirected,1,2021
"Dobney, Keith_2025-11-19T21:15:34",69825517c835c41957e00fdb,Undirected,1,2021
"Collard, Mark_2025-11-19T21:15:34",69825517c835c41957e00fdb,Undirected,1,2021
"Cray, JJ_2025-11-19T21:48:35",69825517c835c41957e00fdb,Undirected,1,2021
"Macháček, Jiří_2025-11-19T21:15:48",69825517c835c41957e01001,Undirected,1,2021
"Nedoma, Robert_2025-11-19T21:30:40",69825517c835c41957e01001,Undirected,1,2021
"Dresler, Petr_2025-11-19T21:20:52",69825517c835c41957e01001,Undirected,1,2021
"Schulz, Ilektra_2025-11-19T21:48:37",69825517c835c41957e01001,Undirected,1,2021
"Lagonik, Elias_2025-11-19T21:48:37",69825517c835c41957e01001,Undirected,1,2021
"Johnson, Stephen M._2025-11-19T21:48:37",69825517c835c41957e01001,Undirected,1,2021
"Kaňáková, Ludmila_2025-11-19T21:48:37",69825517c835c41957e01001,Undirected,1,2021
"Slámová, Alena_2025-11-19T21:48:37",69825517c835c41957e01001,Undirected,1,2021
"Llamas, Bastien_2025-11-19T21:16:37",69825517c835c41957e01001,Undirected,1,2021
"Wegmann, Daniel_2025-11-19T21:34:28",69825517c835c41957e01001,Undirected,1,2021
"Hofmanová, Zuzana_2025-11-19T21:15:24",69825517c835c41957e01001,Undirected,1,2021
"Pohl, Walter_2025-11-19T21:15:24",69825517c835c41957e01139,Undirected,1,2021
"Krause, Johannes_2025-11-19T21:16:50",69825517c835c41957e01139,Undirected,1,2021
"Vida, Tivadar_2025-11-19T21:15:24",69825517c835c41957e01139,Undirected,1,2021
"Geary, Patrick J._2025-11-19T21:15:24",69825517c835c41957e01139,Undirected,1,2021
Berezina Natalia S._2025-11-19T21:49:20,69825517c835c41957e0121c,Undirected,1,2021
Berezin Aleksandr Yu_2025-11-19T21:49:20,69825517c835c41957e0121c,Undirected,1,2021
"Gazimzyanov, Ilgizar R_2025-11-19T21:17:38",69825517c835c41957e0121c,Undirected,1,2021
Mikhailov Evgenii P._2025-11-19T21:49:20,69825517c835c41957e0121c,Undirected,1,2021
Nikolay  S.  Myasnikov_2025-11-19T21:48:22,69825517c835c41957e0121c,Undirected,1,2021
Khamzin Radion N._2025-11-19T21:49:20,69825517c835c41957e0121c,Undirected,1,2021
"Cessford, Craig_2025-11-19T21:15:49",69825517c835c41957e01a9e,Undirected,1,2021
"Scheib, Christiana L_2025-11-19T21:21:16",69825517c835c41957e01a9e,Undirected,1,2021
"Guellil, Meriam_2025-11-19T21:17:12",69825517c835c41957e01a9e,Undirected,1,2021
"Keller, Marcel_2025-11-19T21:47:13",69825517c835c41957e01a9e,Undirected,1,2021
"Alexander, Craig_2026-01-15T09:05:09",69825517c835c41957e01a9e,Undirected,1,2021
"Inskip, Sarah A._2025-11-19T21:16:14",69825517c835c41957e01a9e,Undirected,1,2021
"Robb, John E._2025-11-19T21:16:14",69825517c835c41957e01a9e,Undirected,1,2021
"Kurgaeva, Anastasiia_2025-11-19T21:15:35",69825516c835c41957df9d73,Undirected,1,2022
"Khamnueva-Wendt, Svetlana_2025-11-19T21:15:35",69825516c835c41957df9d73,Undirected,1,2022
"Bork, Hans-Rudolf_2025-11-19T21:15:35",69825516c835c41957df9d73,Undirected,1,2022
"Adams, Jonathan_2025-11-19T21:17:20",69825516c835c41957dfa3f9,Undirected,1,2022
"Rönnby, Johan_2025-11-19T21:17:20",69825516c835c41957dfa3f9,Undirected,1,2022
"Jones, Samantha E._2025-11-19T21:17:20",69825516c835c41957dfa3fd,Undirected,1,2022
"Allison, Enid P._2025-11-19T21:17:20",69825516c835c41957dfa3fd,Undirected,1,2022
"Campbell, Ewan_2025-11-19T21:15:49",69825516c835c41957dfa3fd,Undirected,1,2022
"Evans, Nick_2025-11-19T21:17:20",69825516c835c41957dfa3fd,Undirected,1,2022
"Mighall, Tim_2025-11-19T21:17:20",69825516c835c41957dfa3fd,Undirected,1,2022
"Noble, Gordon_2025-11-19T21:15:49",69825516c835c41957dfa3fd,Undirected,1,2022
"Wright, Duncan W._2025-11-19T21:15:51",69825516c835c41957dfa3fe,Undirected,1,2022
"Bromage, Samuel_2025-11-19T21:17:20",69825516c835c41957dfa3fe,Undirected,1,2022
"SHAPLAND, MICHAEL G._2025-11-19T21:25:09",69825516c835c41957dfa3fe,Undirected,1,2022
"Everson, Paul_2025-11-19T21:17:20",69825516c835c41957dfa3fe,Undirected,1,2022
"Stocker, David_2025-11-19T21:17:20",69825516c835c41957dfa3fe,Undirected,1,2022
"Diarte-Blasco, Pilar_2025-11-19T21:17:24",69825516c835c41957dfa450,Undirected,1,2022
"Castro-Priego, Manuel_2025-11-19T21:17:24",69825516c835c41957dfa450,Undirected,1,2022
"Enciso, Lauro Olmo_2025-11-19T21:48:17",69825516c835c41957dfa450,Undirected,1,2022
"Reed, Kelly_2025-11-19T21:17:27",69825516c835c41957dfa496,Undirected,1,2022
"Ghica, Victor_2025-11-19T21:17:27",69825516c835c41957dfa496,Undirected,1,2022
"Smuk, Ana_2025-11-19T21:17:27",69825516c835c41957dfa496,Undirected,1,2022
"Dugonjić, Anita_2025-11-19T21:15:52",69825516c835c41957dfa496,Undirected,1,2022
"Mihaljevic, Marija_2025-11-19T21:17:27",69825516c835c41957dfa496,Undirected,1,2022
"Filipović, Slavica_2025-11-19T21:17:27",69825516c835c41957dfa496,Undirected,1,2022
"Balen, Jacqueline_2025-11-19T21:17:27",69825516c835c41957dfa496,Undirected,1,2022
"Hansson, Anton_2025-11-19T21:17:28",69825516c835c41957dfa4af,Undirected,1,2022
"Linderson, Hans_2025-11-19T21:16:23",69825516c835c41957dfa4af,Undirected,1,2022
"Foley, Brendan_2025-11-19T21:17:28",69825516c835c41957dfa4af,Undirected,1,2022
"Bervoets, Leen_2025-11-19T21:17:32",69825516c835c41957dfa50f,Undirected,1,2022
"Dumolyn, Jan_2025-11-19T21:17:16",69825516c835c41957dfa50f,Undirected,1,2022
"Arbin, Staffan von_2025-11-19T21:19:38",69825516c835c41957dfa53b,Undirected,1,2022
"Skowronek, Tobias B._2025-11-19T21:17:21",69825516c835c41957dfa53b,Undirected,1,2022
"Daly, Aoife_2025-11-19T21:17:09",69825516c835c41957dfa53b,Undirected,1,2022
"Brorsson, Torbjörn_2025-11-19T21:17:34",69825516c835c41957dfa53b,Undirected,1,2022
"Isaksson, Sven_2025-11-19T21:17:34",69825516c835c41957dfa53b,Undirected,1,2022
"Seir, Torben_2025-11-19T21:17:34",69825516c835c41957dfa53b,Undirected,1,2022
"Piombino-Mascali, Dario_2025-11-19T21:18:04",69825516c835c41957dfa81f,Undirected,1,2022
"Zink, Albert_2025-11-19T21:15:36",69825516c835c41957dfa81f,Undirected,1,2022
"Maixner, Frank_2025-11-19T21:15:36",69825516c835c41957dfa81f,Undirected,1,2022
"Corrochano, Alexis_2025-11-19T21:18:47",69825516c835c41957dfac32,Undirected,1,2022
"Paya, Didier_2025-11-19T21:18:48",69825516c835c41957dfac32,Undirected,1,2022
"Rouquet, Jérôme_2025-11-19T21:18:48",69825516c835c41957dfac32,Undirected,1,2022
"Châtelet, Madeleine_2025-11-19T21:20:11",69825516c835c41957dfb401,Undirected,1,2022
"Chenal, Fanny_2025-11-19T21:20:11",69825516c835c41957dfb401,Undirected,1,2022
"Humbert, Sylviane_2025-11-19T21:20:10",69825516c835c41957dfb401,Undirected,1,2022
"Pruvost, Mélanie_2025-11-19T21:18:49",69825516c835c41957dfb401,Undirected,1,2022
"Pavin, Anaïs_2025-11-19T21:20:11",69825516c835c41957dfb401,Undirected,1,2022
"Guillon, Mark_2025-11-19T21:20:24",69825516c835c41957dfb521,Undirected,1,2022
"Jouneau, David_2025-11-19T21:20:24",69825516c835c41957dfb521,Undirected,1,2022
"Effros, Bonnie_2025-11-19T21:20:24",69825516c835c41957dfb521,Undirected,1,2022
"Rolland, Noémie_2025-11-19T21:20:24",69825516c835c41957dfb521,Undirected,1,2022
"Gryspeirt, Noémie_2025-11-19T21:20:24",69825516c835c41957dfb521,Undirected,1,2022
"Santos, Frédéric_2025-11-19T21:20:24",69825516c835c41957dfb521,Undirected,1,2022
"Colleter, Rozenn_2025-11-19T21:20:24",69825516c835c41957dfb521,Undirected,1,2022
"Everson, Paul_2025-11-19T21:17:20",69825516c835c41957dfbe71,Undirected,1,2022
"Stocker, David_2025-11-19T21:17:20",69825516c835c41957dfbe71,Undirected,1,2022
"Nord, Anders G._2025-11-19T21:17:30",69825516c835c41957dfbe82,Undirected,1,2022
"Tronner, Kate_2025-11-19T21:17:30",69825516c835c41957dfbe82,Undirected,1,2022
"Majchczack, Bente Sven_2025-11-19T21:16:22",69825516c835c41957dfbe9c,Undirected,1,2022
"Kronz, Andreas_2025-11-19T21:22:25",69825516c835c41957dfbe9c,Undirected,1,2022
"La Rocca, Maria Cristina_2025-11-19T21:22:44",69825516c835c41957dfc080,Undirected,1,2022
"Zornetta, Giulia_2025-11-19T21:22:44",69825516c835c41957dfc080,Undirected,1,2022
"Escobar Tortosa, Antonio_2025-11-19T21:22:46",69825516c835c41957dfc0ab,Undirected,1,2022
"Sarti, Laury_2025-11-19T21:17:29",69825516c835c41957dfc0ab,Undirected,1,2022
"Wiejacka, Martyna_2025-11-19T21:39:11",69825517c835c41957dffca5,Undirected,1,2022
"Makowiecki, Daniel_2025-11-19T21:17:59",69825517c835c41957dffca5,Undirected,1,2022
"Opelkova, Monika_2025-11-19T21:39:11",69825517c835c41957dffca5,Undirected,1,2022
"Wiewióra, Marcin_2025-11-19T21:16:23",69825517c835c41957dffca5,Undirected,1,2022
"Pluskowski, Aleksander G._2025-11-19T21:16:39",69825517c835c41957dffca5,Undirected,1,2022
"Sanyal, Anushree_2025-11-19T21:42:28",69825517c835c41957e0061b,Undirected,1,2022
"Larsson, Josefine_2025-11-19T21:42:28",69825517c835c41957e0061b,Undirected,1,2022
"van Wirdum, Falkje_2025-11-19T21:18:38",69825517c835c41957e0061b,Undirected,1,2022
"Andrén, Thomas_2025-11-19T21:18:06",69825517c835c41957e0061b,Undirected,1,2022
"Moros, Matthias_2025-11-19T21:21:00",69825517c835c41957e0061b,Undirected,1,2022
"Lönn, Mikael_2025-11-19T21:18:06",69825517c835c41957e0061b,Undirected,1,2022
"Andrén, Elinor_2025-11-19T21:18:06",69825517c835c41957e0061b,Undirected,1,2022
"Rannamäe, Eve_2025-11-19T21:32:23",69825517c835c41957e0065e,Undirected,1,2022
"Saarma, Urmas_2025-11-19T21:42:35",69825517c835c41957e0065e,Undirected,1,2022
"Bläuer, Auli_2025-11-19T21:21:14",69825517c835c41957e0065e,Undirected,1,2022
"Aniceti, Veronica_2025-11-19T21:17:56",69825517c835c41957e00726,Undirected,1,2022
"Albarella, Umberto_2025-11-19T21:17:56",69825517c835c41957e00726,Undirected,1,2022
"Ljungqvist, Fredrik Charpentier_2025-11-19T21:16:11",69825517c835c41957e0080a,Undirected,1,2022
"Seim, Andrea_2025-11-19T21:16:11",69825517c835c41957e0080a,Undirected,1,2022
"TEGEL, Willy_2025-11-19T21:20:19",69825517c835c41957e0080a,Undirected,1,2022
"Krusic, Paul J._2025-11-19T21:15:51",69825517c835c41957e0080a,Undirected,1,2022
"Baittinger, Claudia_2025-11-19T21:22:22",69825517c835c41957e0080a,Undirected,1,2022
"Belingard, Christelle_2025-11-19T21:22:22",69825517c835c41957e0080a,Undirected,1,2022
"Bernabei, Mauro_2025-11-19T21:17:37",69825517c835c41957e0080a,Undirected,1,2022
"Bonde, Niels_2025-11-19T21:22:22",69825517c835c41957e0080a,Undirected,1,2022
"Borghaerts, Paul_2025-11-19T21:22:22",69825517c835c41957e0080a,Undirected,1,2022
"Couturier, Yann_2025-11-19T21:22:22",69825517c835c41957e0080a,Undirected,1,2022
"Crone, Anne_2025-11-19T21:17:09",69825517c835c41957e0080a,Undirected,1,2022
"van Daalen, Sjoerd_2025-11-19T21:22:22",69825517c835c41957e0080a,Undirected,1,2022
"Daly, Aoife_2025-11-19T21:17:09",69825517c835c41957e0080a,Undirected,1,2022
"Doeve, Petra_2025-11-19T21:22:22",69825517c835c41957e0080a,Undirected,1,2022
"Domínguez-Delmás, Marta_2025-11-19T21:22:22",69825517c835c41957e0080a,Undirected,1,2022
"Edouard, Jean-Louis_2025-11-19T21:22:22",69825517c835c41957e0080a,Undirected,1,2022
"Frank, Thomas_2025-11-19T21:22:22",69825517c835c41957e0080a,Undirected,1,2022
"Ginzler, Christian_2025-11-19T21:22:22",69825517c835c41957e0080a,Undirected,1,2022
"Grabner, Michael_2025-11-19T21:22:22",69825517c835c41957e0080a,Undirected,1,2022
"Gschwind, Friederike M._2025-11-19T21:22:22",69825517c835c41957e0080a,Undirected,1,2022
"Haneca, Kristof_2025-11-19T21:18:18",69825517c835c41957e0080a,Undirected,1,2022
"Hansson, Anton_2025-11-19T21:17:28",69825517c835c41957e0080a,Undirected,1,2022
"Herzig, Franz_2025-11-19T21:22:22",69825517c835c41957e0080a,Undirected,1,2022
"Heussner, Karl-Uwe_2025-11-19T21:21:24",69825517c835c41957e0080a,Undirected,1,2022
"Hofmann, Jutta_2025-11-19T21:22:22",69825517c835c41957e0080a,Undirected,1,2022
"Houbrechts, David_2025-11-19T21:22:22",69825517c835c41957e0080a,Undirected,1,2022
"Kaczka, Ryszard J._2025-11-19T21:22:22",69825517c835c41957e0080a,Undirected,1,2022
"Kolář, Tomáš_2025-11-19T21:43:13",69825517c835c41957e0080a,Undirected,1,2022
"Kontic, Raymond_2025-11-19T21:22:22",69825517c835c41957e0080a,Undirected,1,2022
"Kyncl, Tomáš_2025-11-19T21:32:11",69825517c835c41957e0080a,Undirected,1,2022
"Labbas, Vincent_2025-11-19T21:22:22",69825517c835c41957e0080a,Undirected,1,2022
"Lagerås, Per_2025-11-19T21:20:52",69825517c835c41957e0080a,Undirected,1,2022
"Le Digol, Yannick_2025-11-19T21:22:22",69825517c835c41957e0080a,Undirected,1,2022
"Le Roy, Melaine_2025-11-19T21:22:22",69825517c835c41957e0080a,Undirected,1,2022
"Leuschner, Hanns Hubert_2025-11-19T21:22:22",69825517c835c41957e0080a,Undirected,1,2022
"Linderson, Hans_2025-11-19T21:16:23",69825517c835c41957e0080a,Undirected,1,2022
"Ludlow, Francis_2025-11-19T21:22:22",69825517c835c41957e0080a,Undirected,1,2022
"Marais, Axel_2025-11-19T21:22:22",69825517c835c41957e0080a,Undirected,1,2022
"Mills, Coralie M._2025-11-19T21:22:22",69825517c835c41957e0080a,Undirected,1,2022
"Neyses-Eiden, Mechthild_2025-11-19T21:22:22",69825517c835c41957e0080a,Undirected,1,2022
"Nicolussi, Kurt_2025-11-19T21:22:22",69825517c835c41957e0080a,Undirected,1,2022
"Perrault, Christophe_2025-11-19T21:19:30",69825517c835c41957e0080a,Undirected,1,2022
"Pfeifer, Klaus_2025-11-19T21:22:22",69825517c835c41957e0080a,Undirected,1,2022
"Rybníček, Michal_2025-11-19T21:22:22",69825517c835c41957e0080a,Undirected,1,2022
"Rzepecki, Andreas_2025-11-19T21:22:22",69825517c835c41957e0080a,Undirected,1,2022
"Schmidhalter, Martin_2025-11-19T21:22:22",69825517c835c41957e0080a,Undirected,1,2022
"Seifert, Mathias_2025-11-19T21:22:22",69825517c835c41957e0080a,Undirected,1,2022
"Shindo, Lisa_2025-11-19T21:22:22",69825517c835c41957e0080a,Undirected,1,2022
"Spyt, Barbara_2025-11-19T21:22:22",69825517c835c41957e0080a,Undirected,1,2022
"Susperregi, Josué_2025-11-19T21:43:13",69825517c835c41957e0080a,Undirected,1,2022
"Faragó, Norbert_2025-11-19T21:16:50",69825517c835c41957e0083a,Undirected,1,2022
"Gáll, Erwin_2025-11-19T21:18:08",69825517c835c41957e0083a,Undirected,1,2022
"Gulyás, Bence_2025-11-19T21:16:50",69825517c835c41957e0083a,Undirected,1,2022
"Marcsik, Antónia_2025-11-19T21:17:44",69825517c835c41957e0083a,Undirected,1,2022
"Molnár, Erika_2025-11-19T21:16:51",69825517c835c41957e0083a,Undirected,1,2022
"Bárány, Annamária_2025-11-19T21:43:17",69825517c835c41957e0083a,Undirected,1,2022
"Szenthe, Gergely_2025-11-19T21:17:54",69825517c835c41957e0083a,Undirected,1,2022
"Köhler, Anne_2025-11-19T21:43:18",69825517c835c41957e00841,Undirected,1,2022
"Wanger-O’Neill, Anneli_2025-11-19T21:43:18",69825517c835c41957e00841,Undirected,1,2022
"Rabiger-Völlmer, Johannes_2025-11-19T21:37:35",69825517c835c41957e00841,Undirected,1,2022
"Herzig, Franz_2025-11-19T21:22:22",69825517c835c41957e00841,Undirected,1,2022
"Schneider, Birgit_2025-11-19T21:26:30",69825517c835c41957e00841,Undirected,1,2022
"Nebel, Steven_2025-11-19T21:43:18",69825517c835c41957e00841,Undirected,1,2022
"Werban, Ulrike_2025-11-19T21:37:35",69825517c835c41957e00841,Undirected,1,2022
"Pohle, Marco_2025-11-19T21:43:18",69825517c835c41957e00841,Undirected,1,2022
"Kreck, Manuel_2025-11-19T21:43:18",69825517c835c41957e00841,Undirected,1,2022
"Dietrich, Peter_2025-11-19T21:37:35",69825517c835c41957e00841,Undirected,1,2022
"Werther, Lukas_2025-11-19T21:32:18",69825517c835c41957e00841,Undirected,1,2022
"Gronenborn, Detlef_2025-11-19T21:36:31",69825517c835c41957e00841,Undirected,1,2022
"Berg-Hobohm, Stefanie_2025-11-19T21:25:15",69825517c835c41957e00841,Undirected,1,2022
"Zielhofer, Christoph_2025-11-19T21:25:15",69825517c835c41957e00841,Undirected,1,2022
"Schats, Rachel_2025-11-19T21:45:49",69825517c835c41957e0086b,Undirected,1,2022
"Hattum, IJk_2025-11-19T21:45:49",69825517c835c41957e0086b,Undirected,1,2022
"Kootker, Lisette M._2025-11-19T21:45:49",69825517c835c41957e0086b,Undirected,1,2022
"Hoogland, Menno L.P._2025-11-19T21:26:30",69825517c835c41957e0086b,Undirected,1,2022
"Waters-Rist, Andrea L_2025-11-19T21:39:32",69825517c835c41957e0086b,Undirected,1,2022
"Spekker, Olga_2025-11-19T21:16:50",69825517c835c41957e0086e,Undirected,1,2022
"Tihanyi, Balázs_2025-11-19T21:17:44",69825517c835c41957e0086e,Undirected,1,2022
"Kis, Luca_2025-11-19T21:17:44",69825517c835c41957e0086e,Undirected,1,2022
"Szalontai, Csaba_2025-11-19T21:45:50",69825517c835c41957e0086e,Undirected,1,2022
"Vida, Tivadar_2025-11-19T21:15:24",69825517c835c41957e0086e,Undirected,1,2022
"Pálfi, György_2025-11-19T21:17:44",69825517c835c41957e0086e,Undirected,1,2022
"Marcsik, Antónia_2025-11-19T21:17:44",69825517c835c41957e0086e,Undirected,1,2022
"Molnár, Erika_2025-11-19T21:16:51",69825517c835c41957e0086e,Undirected,1,2022
"Bunders, Damion Jonathan_2025-11-19T21:46:04",69825517c835c41957e00927,Undirected,1,2022
"Arets, Martijn_2025-11-19T21:46:04",69825517c835c41957e00927,Undirected,1,2022
"Frenken, Koen_2025-11-19T21:46:04",69825517c835c41957e00927,Undirected,1,2022
"MOOR, Tine de_2025-11-19T21:21:46",69825517c835c41957e00927,Undirected,1,2022
"Rizzetto, Mauro_2025-11-19T21:28:50",69825517c835c41957e00950,Undirected,1,2022
"Albarella, Umberto_2025-11-19T21:17:56",69825517c835c41957e00950,Undirected,1,2022
"Miśta-Jakubowska, Ewelina_2025-11-19T21:15:50",69825517c835c41957e009f9,Undirected,1,2022
"Czech-Błońska, Renata_2025-11-19T21:15:50",69825517c835c41957e009f9,Undirected,1,2022
"Duczko, Władysław_2025-11-19T21:15:50",69825517c835c41957e009f9,Undirected,1,2022
"Gójska, Aneta_2025-11-19T21:15:50",69825517c835c41957e009f9,Undirected,1,2022
Grzegorz  Żabiński_2025-11-19T21:20:27,69825517c835c41957e009f9,Undirected,1,2022
"Ciepielewski, Paweł_2025-11-19T21:46:22",69825517c835c41957e009f9,Undirected,1,2022
"Diduszko, Ryszard_2025-11-19T21:46:22",69825517c835c41957e009f9,Undirected,1,2022
"Kosińska, Anna_2025-11-19T21:46:22",69825517c835c41957e009f9,Undirected,1,2022
"Brojanowska, Agnieszka_2025-11-19T21:15:59",69825517c835c41957e009f9,Undirected,1,2022
"Wilken, Dennis_2025-11-19T21:23:12",69825517c835c41957e009fc,Undirected,1,2022
"Hadler, Hanna_2025-11-19T21:21:25",69825517c835c41957e009fc,Undirected,1,2022
"Wunderlich, Tina_2025-11-19T21:26:24",69825517c835c41957e009fc,Undirected,1,2022
"Majchczack, Bente Sven_2025-11-19T21:16:22",69825517c835c41957e009fc,Undirected,1,2022
"Schwardt, Michaela_2025-11-19T21:35:26",69825517c835c41957e009fc,Undirected,1,2022
"Fediuk, Annika_2025-11-19T21:37:35",69825517c835c41957e009fc,Undirected,1,2022
"Fischer, Peter_2025-11-19T21:46:22",69825517c835c41957e009fc,Undirected,1,2022
"Willershäuser, Timo_2025-11-19T21:23:12",69825517c835c41957e009fc,Undirected,1,2022
"Klooß, Stefanie_2025-11-19T21:23:12",69825517c835c41957e009fc,Undirected,1,2022
"Vött, Andreas_2025-11-19T21:21:25",69825517c835c41957e009fc,Undirected,1,2022
"Rabbel, Wolfgang_2025-11-19T21:23:12",69825517c835c41957e009fc,Undirected,1,2022
"Tomaszewska, Agnieszka_2025-11-19T21:46:24",69825517c835c41957e00a0f,Undirected,1,2022
"Kwiatkowska, Barbara_2025-11-19T21:15:48",69825517c835c41957e00a0f,Undirected,1,2022
"Grabka, Dawid_2025-11-19T21:46:24",69825517c835c41957e00a0f,Undirected,1,2022
"Maley, Willy_2025-11-19T21:17:17",69825517c835c41957e00a1c,Undirected,1,2022
"Heijnsbergen, Theo Van_2025-11-19T21:46:25",69825517c835c41957e00a1c,Undirected,1,2022
"Gnecchi-Ruscone, Guido Alberto_2025-11-19T21:16:50",69825517c835c41957e00a2c,Undirected,1,2022
"Szécsényi-Nagy, Anna_2025-11-19T21:16:50",69825517c835c41957e00a2c,Undirected,1,2022
"Koncz, István_2025-11-19T21:15:24",69825517c835c41957e00a2c,Undirected,1,2022
"Csiky, Gergely_2025-11-19T21:46:26",69825517c835c41957e00a2c,Undirected,1,2022
"Rácz, Zsófia_2025-11-19T21:16:50",69825517c835c41957e00a2c,Undirected,1,2022
"Rohrlach, Adam B._2025-11-19T21:47:49",69825517c835c41957e00a2c,Undirected,1,2022
"Brandt, Guido_2025-11-19T21:25:56",69825517c835c41957e00a2c,Undirected,1,2022
"Rohland, Nadin_2025-11-19T21:15:52",69825517c835c41957e00a2c,Undirected,1,2022
"Csáky, Veronika_2025-11-19T21:17:38",69825517c835c41957e00a2c,Undirected,1,2022
"Cheronet, Olivia_2025-11-19T21:17:38",69825517c835c41957e00a2c,Undirected,1,2022
"Szeifert, Bea_2025-11-19T21:17:38",69825517c835c41957e00a2c,Undirected,1,2022
"Rácz, Tibor Ákos_2025-11-19T21:46:26",69825517c835c41957e00a2c,Undirected,1,2022
"Benedek, András_2025-11-19T21:46:26",69825517c835c41957e00a2c,Undirected,1,2022
"Bernert, Zsolt_2025-11-19T21:15:24",69825517c835c41957e00a2c,Undirected,1,2022
"Berta, Norbert_2025-11-19T21:46:26",69825517c835c41957e00a2c,Undirected,1,2022
"Czifra, Szabolcs_2025-11-19T21:46:26",69825517c835c41957e00a2c,Undirected,1,2022
"Dani, János_2025-11-19T21:16:51",69825517c835c41957e00a2c,Undirected,1,2022
"Farkas, Zoltán_2025-11-19T21:46:26",69825517c835c41957e00a2c,Undirected,1,2022
"Hága, Tamara_2025-11-19T21:46:26",69825517c835c41957e00a2c,Undirected,1,2022
"Hajdu, Tamás_2025-11-19T21:15:24",69825517c835c41957e00a2c,Undirected,1,2022
"Jászberényi, Mónika_2025-11-19T21:46:26",69825517c835c41957e00a2c,Undirected,1,2022
"Kisjuhász, Viktória_2025-11-19T21:46:26",69825517c835c41957e00a2c,Undirected,1,2022
"Kolozsi, Barbara_2025-11-19T21:46:26",69825517c835c41957e00a2c,Undirected,1,2022
"Major, Péter_2025-11-19T21:46:26",69825517c835c41957e00a2c,Undirected,1,2022
"Marcsik, Antónia_2025-11-19T21:17:44",69825517c835c41957e00a2c,Undirected,1,2022
"Kovacsóczy, Bernadett Ny_2025-11-19T21:46:26",69825517c835c41957e00a2c,Undirected,1,2022
"Balogh, Csilla_2025-11-19T21:16:50",69825517c835c41957e00a2c,Undirected,1,2022
"Lezsák, Gabriella M._2025-11-19T21:46:26",69825517c835c41957e00a2c,Undirected,1,2022
"Ódor, János Gábor_2025-11-19T21:46:26",69825517c835c41957e00a2c,Undirected,1,2022
"Szelekovszky, Márta_2025-11-19T21:46:26",69825517c835c41957e00a2c,Undirected,1,2022
"Szeniczey, Tamás_2025-11-19T21:15:24",69825517c835c41957e00a2c,Undirected,1,2022
"Tárnoki, Judit_2025-11-19T21:46:26",69825517c835c41957e00a2c,Undirected,1,2022
"Tóth, Zoltán_2025-11-19T21:46:26",69825517c835c41957e00a2c,Undirected,1,2022
"Tutkovics, Eszter K._2025-11-19T21:46:26",69825517c835c41957e00a2c,Undirected,1,2022
"Mende, Balázs Gusztáv_2025-11-19T21:15:24",69825517c835c41957e00a2c,Undirected,1,2022
"Geary, Patrick J._2025-11-19T21:15:24",69825517c835c41957e00a2c,Undirected,1,2022
"Pohl, Walter_2025-11-19T21:15:24",69825517c835c41957e00a2c,Undirected,1,2022
"Vida, Tivadar_2025-11-19T21:15:24",69825517c835c41957e00a2c,Undirected,1,2022
"Pinhasi, Ron_2025-11-19T21:17:38",69825517c835c41957e00a2c,Undirected,1,2022
"Reich, David_2025-11-19T21:17:38",69825517c835c41957e00a2c,Undirected,1,2022
"Hofmanová, Zuzana_2025-11-19T21:15:24",69825517c835c41957e00a2c,Undirected,1,2022
"Jeong, Choongwon_2025-11-19T21:18:24",69825517c835c41957e00a2c,Undirected,1,2022
"Krause, Johannes_2025-11-19T21:16:50",69825517c835c41957e00a2c,Undirected,1,2022
"Czerwiński, Sambor_2025-11-19T21:18:32",69825517c835c41957e00b59,Undirected,1,2022
"Marcisz, Katarzyna_2025-11-19T21:18:32",69825517c835c41957e00b59,Undirected,1,2022
"Wacnik, Agnieszka_2025-11-19T21:18:01",69825517c835c41957e00b59,Undirected,1,2022
"Lamentowicz, Mariusz_2025-11-19T21:18:32",69825517c835c41957e00b59,Undirected,1,2022
"Sodeland, Marte_2025-11-19T21:47:13",69825517c835c41957e00bfa,Undirected,1,2022
"Jentoft, Sissel_2025-11-19T21:28:58",69825517c835c41957e00bfa,Undirected,1,2022
"Jorde, Per Erik_2025-11-19T21:47:13",69825517c835c41957e00bfa,Undirected,1,2022
"Mattingsdal, Morten_2025-11-19T21:47:13",69825517c835c41957e00bfa,Undirected,1,2022
"Albretsen, Jon_2025-11-19T21:47:13",69825517c835c41957e00bfa,Undirected,1,2022
"Kleiven, Alf Ring_2025-11-19T21:47:13",69825517c835c41957e00bfa,Undirected,1,2022
"Synnes, Ann-Elin Wårøy_2025-11-19T21:47:13",69825517c835c41957e00bfa,Undirected,1,2022
"Espeland, Sigurd Heiberg_2025-11-19T21:47:13",69825517c835c41957e00bfa,Undirected,1,2022
"Olsen, Esben Moland_2025-11-19T21:47:13",69825517c835c41957e00bfa,Undirected,1,2022
"André, Carl_2025-11-19T21:28:58",69825517c835c41957e00bfa,Undirected,1,2022
"Stenseth, Nils C_2025-11-19T21:32:19",69825517c835c41957e00bfa,Undirected,1,2022
"Knutsen, Halvor_2025-11-19T21:28:58",69825517c835c41957e00bfa,Undirected,1,2022
"Mamode, Shameelah A. H._2025-11-19T21:47:16",69825517c835c41957e00c0a,Undirected,1,2022
"Runghen, Hemanaden_2025-11-19T21:47:16",69825517c835c41957e00c0a,Undirected,1,2022
"Munnaroo, Sivanee_2025-11-19T21:47:16",69825517c835c41957e00c0a,Undirected,1,2022
"Bissessur, Dass_2025-11-19T21:47:16",69825517c835c41957e00c0a,Undirected,1,2022
"Coopen, Priscilla_2025-11-19T21:47:16",69825517c835c41957e00c0a,Undirected,1,2022
"von Arnim, Yann_2025-11-19T21:47:16",69825517c835c41957e00c0a,Undirected,1,2022
"Manfio, Stefania_2025-11-19T21:47:16",69825517c835c41957e00c0a,Undirected,1,2022
"SEETAH, KRISH_2025-11-19T21:17:25",69825517c835c41957e00c0a,Undirected,1,2022
"Motah, Beenesh A._2025-11-19T21:47:16",69825517c835c41957e00c0a,Undirected,1,2022
"Badal, Rezah_2025-11-19T21:47:16",69825517c835c41957e00c0a,Undirected,1,2022
"Piličiauskienė, Giedrė_2025-11-19T21:39:46",69825517c835c41957e00d01,Undirected,1,2022
"Kurila, Laurynas_2025-11-19T21:47:43",69825517c835c41957e00d01,Undirected,1,2022
"Ežerinskis, Žilvinas_2025-11-19T21:47:43",69825517c835c41957e00d01,Undirected,1,2022
"Šapolaitė, Justina_2025-11-19T21:47:43",69825517c835c41957e00d01,Undirected,1,2022
"Garbaras, Andrius_2025-11-19T21:47:43",69825517c835c41957e00d01,Undirected,1,2022
"Zagurskytė, Aurelija_2025-11-19T21:47:43",69825517c835c41957e00d01,Undirected,1,2022
"Micelicaitė, Viktorija_2025-11-19T21:47:43",69825517c835c41957e00d01,Undirected,1,2022
"Poradowski, Dominik_2025-11-19T21:32:08",69825517c835c41957e00d01,Undirected,1,2022
"Chrószcz, Aleksander_2025-11-19T21:32:08",69825517c835c41957e00d01,Undirected,1,2022
"Büntgen, Ulf_2025-11-19T21:15:51",69825517c835c41957e00d08,Undirected,1,2022
"Arseneault, Dominique_2025-11-19T21:22:42",69825517c835c41957e00d08,Undirected,1,2022
"Boucher, Étienne_2025-11-19T21:38:55",69825517c835c41957e00d08,Undirected,1,2022
"Churakova (Sidorova), Olga V._2025-11-19T21:38:55",69825517c835c41957e00d08,Undirected,1,2022
"Gennaretti, Fabio_2025-11-19T21:38:55",69825517c835c41957e00d08,Undirected,1,2022
"Crivellaro, Alan_2025-11-19T21:15:51",69825517c835c41957e00d08,Undirected,1,2022
"Hughes, Malcolm K._2025-11-19T21:20:52",69825517c835c41957e00d08,Undirected,1,2022
"Kirdyanov, Alexander V._2025-11-19T21:15:51",69825517c835c41957e00d08,Undirected,1,2022
"Klippel, Lara_2025-11-19T21:38:55",69825517c835c41957e00d08,Undirected,1,2022
"Krusic, Paul J._2025-11-19T21:15:51",69825517c835c41957e00d08,Undirected,1,2022
"Linderholm, Hans W._2025-11-19T21:20:55",69825517c835c41957e00d08,Undirected,1,2022
"Ljungqvist, Fredrik Charpentier_2025-11-19T21:16:11",69825517c835c41957e00d08,Undirected,1,2022
"Ludescher, Josef_2025-11-19T21:38:55",69825517c835c41957e00d08,Undirected,1,2022
"McCormick, Michael_2025-11-19T21:21:20",69825517c835c41957e00d08,Undirected,1,2022
"Myglan, Vladimir S._2025-11-19T21:22:42",69825517c835c41957e00d08,Undirected,1,2022
"Nicolussi, Kurt_2025-11-19T21:22:22",69825517c835c41957e00d08,Undirected,1,2022
"Piermattei, Alma_2025-11-19T21:15:51",69825517c835c41957e00d08,Undirected,1,2022
"Oppenheimer, Clive_2025-11-19T21:18:20",69825517c835c41957e00d08,Undirected,1,2022
"Reinig, Frederick_2025-11-19T21:15:51",69825517c835c41957e00d08,Undirected,1,2022
"Sigl, Michael_2025-11-19T21:18:20",69825517c835c41957e00d08,Undirected,1,2022
"Vaganov, Eugene A._2025-11-19T21:38:55",69825517c835c41957e00d08,Undirected,1,2022
"Esper, Jan_2025-11-19T21:15:51",69825517c835c41957e00d08,Undirected,1,2022
"Etu-Sihvola, Heli_2025-11-19T21:18:20",69825517c835c41957e00d1d,Undirected,1,2022
"Salo, K._2025-11-19T21:47:45",69825517c835c41957e00d1d,Undirected,1,2022
"Naito, Y. I._2025-11-19T21:47:45",69825517c835c41957e00d1d,Undirected,1,2022
"Kytökari, M._2025-11-19T21:47:45",69825517c835c41957e00d1d,Undirected,1,2022
"Ohkouchi, N._2025-11-19T21:47:45",69825517c835c41957e00d1d,Undirected,1,2022
"Oinonen, Markku_2025-11-19T21:18:20",69825517c835c41957e00d1d,Undirected,1,2022
"Heyd, V._2025-11-19T21:47:45",69825517c835c41957e00d1d,Undirected,1,2022
"Arppe, Laura_2025-11-19T21:18:20",69825517c835c41957e00d1d,Undirected,1,2022
"Aniceti, Veronica_2025-11-19T21:17:56",69825517c835c41957e00d24,Undirected,1,2022
"Albarella, Umberto_2025-11-19T21:17:56",69825517c835c41957e00d24,Undirected,1,2022
"Ives, Rachel_2025-11-19T21:24:41",69825517c835c41957e00d37,Undirected,1,2022
"Swan, Karen_2025-11-19T21:47:48",69825517c835c41957e00d37,Undirected,1,2022
"Humphrey, Louise_2025-11-19T21:47:48",69825517c835c41957e00d37,Undirected,1,2022
"Hambrecht, George_2025-11-19T21:20:40",69825517c835c41957e00d53,Undirected,1,2022
"Feeley, Frank J._2025-11-19T21:28:50",69825517c835c41957e00d53,Undirected,1,2022
"Smiarowski, Konrad_2025-11-19T21:17:26",69825517c835c41957e00d53,Undirected,1,2022
"Hicks, Megan_2025-11-19T21:17:26",69825517c835c41957e00d53,Undirected,1,2022
"Harrison, Ramona_2025-11-19T21:17:26",69825517c835c41957e00d53,Undirected,1,2022
"Brewington, Seth_2025-11-19T21:28:50",69825517c835c41957e00d53,Undirected,1,2022
"Cesario, Grace_2025-11-19T21:47:50",69825517c835c41957e00d53,Undirected,1,2022
"Gibbons, Kevin S_2025-11-19T21:22:38",69825517c835c41957e00d53,Undirected,1,2022
"Lee, Ja Young_2025-11-19T21:47:50",69825517c835c41957e00d55,Undirected,1,2022
"Zink, Albert_2025-11-19T21:15:36",69825517c835c41957e00d55,Undirected,1,2022
"Päffgen, Bernd_2025-11-19T21:34:28",69825517c835c41957e00d55,Undirected,1,2022
"Wolfseder-Freitag, Angelika_2025-11-19T21:47:50",69825517c835c41957e00d55,Undirected,1,2022
"Harbeck, Michaela_2025-11-19T21:28:38",69825517c835c41957e00d55,Undirected,1,2022
"Trautmann, Bernd_2025-11-19T21:34:28",69825517c835c41957e00d55,Undirected,1,2022
"Thompson, W.K._2025-11-19T21:47:52",69825517c835c41957e00d6c,Undirected,1,2022
"Arvidsson, D._2025-11-19T21:47:52",69825517c835c41957e00d6c,Undirected,1,2022
"Murray, A.S._2025-11-19T21:47:52",69825517c835c41957e00d6c,Undirected,1,2022
"Blidberg, A._2025-11-19T21:47:52",69825517c835c41957e00d6c,Undirected,1,2022
"Hansen, Victor_2025-11-19T21:30:38",69825517c835c41957e00d6c,Undirected,1,2022
"Lazaridis, Iosif_2025-11-19T21:15:52",69825517c835c41957e00da9,Undirected,1,2022
"Alpaslan-Roodenberg, Songül_2025-11-19T21:47:56",69825517c835c41957e00da9,Undirected,1,2022
"Acar, Ayşe_2025-11-19T21:47:56",69825517c835c41957e00da9,Undirected,1,2022
"Açıkkol, Ayşen_2025-11-19T21:47:56",69825517c835c41957e00da9,Undirected,1,2022
"Agelarakis, Anagnostis_2025-11-19T21:47:56",69825517c835c41957e00da9,Undirected,1,2022
"Aghikyan, Levon_2025-11-19T21:47:56",69825517c835c41957e00da9,Undirected,1,2022
"Akyüz, Uğur_2025-11-19T21:47:56",69825517c835c41957e00da9,Undirected,1,2022
"Andreeva, Desislava_2025-11-19T21:47:56",69825517c835c41957e00da9,Undirected,1,2022
"Andrijašević, Gojko_2025-11-19T21:47:56",69825517c835c41957e00da9,Undirected,1,2022
"Antonović, Dragana_2025-11-19T21:47:56",69825517c835c41957e00da9,Undirected,1,2022
"Armit, Ian_2025-11-19T21:24:45",69825517c835c41957e00da9,Undirected,1,2022
"Atmaca, Alper_2025-11-19T21:47:56",69825517c835c41957e00da9,Undirected,1,2022
"Avetisyan, Pavel_2025-11-19T21:47:56",69825517c835c41957e00da9,Undirected,1,2022
"Aytek, Ahmet İhsan_2025-11-19T21:47:56",69825517c835c41957e00da9,Undirected,1,2022
"Bacvarov, Krum_2025-11-19T21:47:56",69825517c835c41957e00da9,Undirected,1,2022
"Badalyan, Ruben_2025-11-19T21:47:56",69825517c835c41957e00da9,Undirected,1,2022
"Bakardzhiev, Stefan_2025-11-19T21:47:56",69825517c835c41957e00da9,Undirected,1,2022
"Balen, Jacqueline_2025-11-19T21:17:27",69825517c835c41957e00da9,Undirected,1,2022
"Bejko, Lorenc_2025-11-19T21:47:56",69825517c835c41957e00da9,Undirected,1,2022
"Bernardos, Rebecca_2025-11-19T21:47:56",69825517c835c41957e00da9,Undirected,1,2022
"Bertsatos, Andreas_2025-11-19T21:47:56",69825517c835c41957e00da9,Undirected,1,2022
"Biber, Hanifi_2025-11-19T21:47:56",69825517c835c41957e00da9,Undirected,1,2022
"Bilir, Ahmet_2025-11-19T21:47:56",69825517c835c41957e00da9,Undirected,1,2022
"Bodružić, Mario_2025-11-19T21:47:56",69825517c835c41957e00da9,Undirected,1,2022
"Bonogofsky, Michelle_2025-11-19T21:47:56",69825517c835c41957e00da9,Undirected,1,2022
"Bonsall, Clive_2025-11-19T21:15:52",69825517c835c41957e00da9,Undirected,1,2022
"Borić, Dušan_2025-11-19T21:35:36",69825517c835c41957e00da9,Undirected,1,2022
"Borovinić, Nikola_2025-11-19T21:47:56",69825517c835c41957e00da9,Undirected,1,2022
"Bravo Morante, Guillermo_2025-11-19T21:47:56",69825517c835c41957e00da9,Undirected,1,2022
"Buttinger, Katharina_2025-11-19T21:47:56",69825517c835c41957e00da9,Undirected,1,2022
"Callan, Kim_2025-11-19T21:47:56",69825517c835c41957e00da9,Undirected,1,2022
"Candilio, Francesca_2025-11-19T21:47:56",69825517c835c41957e00da9,Undirected,1,2022
"Carić, Mario_2025-11-19T21:15:52",69825517c835c41957e00da9,Undirected,1,2022
"Cheronet, Olivia_2025-11-19T21:17:38",69825517c835c41957e00da9,Undirected,1,2022
"Chohadzhiev, Stefan_2025-11-19T21:47:56",69825517c835c41957e00da9,Undirected,1,2022
"Chovalopoulou, Maria-Eleni_2025-11-19T21:47:56",69825517c835c41957e00da9,Undirected,1,2022
"Chryssoulaki, Stella_2025-11-19T21:47:56",69825517c835c41957e00da9,Undirected,1,2022
"Ciobanu, Ion_2025-11-19T21:16:51",69825517c835c41957e00da9,Undirected,1,2022
"Čondić, Natalija_2025-11-19T21:47:56",69825517c835c41957e00da9,Undirected,1,2022
"Constantinescu, Mihai_2025-11-19T21:16:51",69825517c835c41957e00da9,Undirected,1,2022
"Cristiani, Emanuela_2025-11-19T21:47:56",69825517c835c41957e00da9,Undirected,1,2022
"Culleton, Brendan J_2025-11-19T21:47:56",69825517c835c41957e00da9,Undirected,1,2022
"Curtis, Elizabeth_2025-11-19T21:47:56",69825517c835c41957e00da9,Undirected,1,2022
"Davis, Jack_2025-11-19T21:47:56",69825517c835c41957e00da9,Undirected,1,2022
"Demcenco, Tatiana I_2025-11-19T21:47:56",69825517c835c41957e00da9,Undirected,1,2022
"Dergachev, Valentin_2025-11-19T21:47:56",69825517c835c41957e00da9,Undirected,1,2022
"Derin, Zafer_2025-11-19T21:47:56",69825517c835c41957e00da9,Undirected,1,2022
"Deskaj, Sylvia_2025-11-19T21:47:56",69825517c835c41957e00da9,Undirected,1,2022
"Devejyan, Seda_2025-11-19T21:47:56",69825517c835c41957e00da9,Undirected,1,2022
"Djordjević, Vojislav_2025-11-19T21:47:56",69825517c835c41957e00da9,Undirected,1,2022
"Richards, Stephen M_2025-11-19T21:47:58",69825517c835c41957e00dba,Undirected,1,2022
"Li, Leiting_2025-11-19T21:47:57",69825517c835c41957e00dba,Undirected,1,2022
"Breen, James_2025-11-19T21:47:57",69825517c835c41957e00dba,Undirected,1,2022
"Hovhannisyan, Nelli_2025-11-19T21:47:57",69825517c835c41957e00dba,Undirected,1,2022
"Estrada, Oscar_2025-11-19T21:47:57",69825517c835c41957e00dba,Undirected,1,2022
"Gasparyan, Boris_2025-11-19T21:20:31",69825517c835c41957e00dba,Undirected,1,2022
"Gilliham, Matthew_2025-11-19T21:47:57",69825517c835c41957e00dba,Undirected,1,2022
"Smith, Alexia_2025-11-19T21:47:57",69825517c835c41957e00dba,Undirected,1,2022
"Cooper, Alan_2025-11-19T21:23:38",69825517c835c41957e00dba,Undirected,1,2022
"Zhang, Heng_2025-11-19T21:47:57",69825517c835c41957e00dba,Undirected,1,2022
"Makowiecki, Daniel_2025-11-19T21:17:59",69825517c835c41957e00dc0,Undirected,1,2022
"Chudziak, Wojciech_2025-11-19T21:17:18",69825517c835c41957e00dc0,Undirected,1,2022
"Szczepanik, Paweł_2025-11-19T21:47:58",69825517c835c41957e00dc0,Undirected,1,2022
"Janeczek, Maciej_2025-11-19T21:22:25",69825517c835c41957e00dc0,Undirected,1,2022
"Pasicka, Edyta_2025-11-19T21:47:58",69825517c835c41957e00dc0,Undirected,1,2022
"Badal, Joan Viciano_2025-11-19T21:47:58",69825517c835c41957e00dc0,Undirected,1,2022
"Gretzinger, Joscha_2025-11-19T21:21:20",69825517c835c41957e00ded,Undirected,1,2022
"SAYER, DUNCAN_2025-11-19T21:17:27",69825517c835c41957e00ded,Undirected,1,2022
"Justeau, Pierre_2025-11-19T21:18:30",69825517c835c41957e00ded,Undirected,1,2022
"Altena, Eveline_2025-11-19T21:30:06",69825517c835c41957e00ded,Undirected,1,2022
"Pala, Maria_2025-11-19T21:18:30",69825517c835c41957e00ded,Undirected,1,2022
"Dulias, Katharina_2025-11-19T21:21:20",69825517c835c41957e00ded,Undirected,1,2022
"Edwards, Ceiridwen Jane_2025-11-19T21:21:20",69825517c835c41957e00ded,Undirected,1,2022
"Jodoin, Susanne_2025-11-19T21:48:01",69825517c835c41957e00ded,Undirected,1,2022
"Lacher, Laura_2025-11-19T21:48:01",69825517c835c41957e00ded,Undirected,1,2022
"Sabin, Susanna_2025-11-19T21:47:49",69825517c835c41957e00ded,Undirected,1,2022
"Vågene, Åshild J_2025-11-19T21:48:01",69825517c835c41957e00ded,Undirected,1,2022
"Haak, Wolfgang_2025-11-19T21:36:35",69825517c835c41957e00ded,Undirected,1,2022
"Ebenesersdóttir, S. Sunna_2025-11-19T21:48:08",69825517c835c41957e00ded,Undirected,1,2022
"Moore, Kristjan H S_2025-11-19T21:48:01",69825517c835c41957e00ded,Undirected,1,2022
"Radzevičiūtė, Rita_2025-11-19T21:15:24",69825517c835c41957e00ded,Undirected,1,2022
"Schmidt, Kara_2025-11-19T21:48:01",69825517c835c41957e00ded,Undirected,1,2022
"Brace, Selina_2025-11-19T21:48:01",69825517c835c41957e00ded,Undirected,1,2022
"Bager, Martina Abenhus_2025-11-19T21:48:01",69825517c835c41957e00ded,Undirected,1,2022
"Patterson, Nick_2025-11-19T21:16:51",69825517c835c41957e00ded,Undirected,1,2022
"Papac, Luka_2025-11-19T21:47:49",69825517c835c41957e00ded,Undirected,1,2022
"Broomandkhoshbacht, Nasreen_2025-11-19T21:48:01",69825517c835c41957e00ded,Undirected,1,2022
"Callan, Kim_2025-11-19T21:47:56",69825517c835c41957e00ded,Undirected,1,2022
"Harney, Éadaoin_2025-11-19T21:48:01",69825517c835c41957e00ded,Undirected,1,2022
"Iliev, Lora_2025-11-19T21:48:01",69825517c835c41957e00ded,Undirected,1,2022
"Lawson, Ann Marie_2025-11-19T21:48:01",69825517c835c41957e00ded,Undirected,1,2022
"Michel, Megan_2025-11-19T21:47:49",69825517c835c41957e00ded,Undirected,1,2022
"Stewardson, Kristin_2025-11-19T21:48:01",69825517c835c41957e00ded,Undirected,1,2022
"Zalzala, Fatma_2025-11-19T21:48:01",69825517c835c41957e00ded,Undirected,1,2022
"Rohland, Nadin_2025-11-19T21:15:52",69825517c835c41957e00ded,Undirected,1,2022
"Kappelhoff-Beckmann, Stefanie_2025-11-19T21:48:01",69825517c835c41957e00ded,Undirected,1,2022
"Both, Frank_2025-11-19T21:42:33",69825517c835c41957e00ded,Undirected,1,2022
"Winger, Daniel_2025-11-19T21:32:10",69825517c835c41957e00ded,Undirected,1,2022
"Neumann, Daniel_2025-11-19T21:48:01",69825517c835c41957e00ded,Undirected,1,2022
"Saalow, Lars_2025-11-19T21:48:01",69825517c835c41957e00ded,Undirected,1,2022
"Krabath, Stefan_2025-11-19T21:22:07",69825517c835c41957e00ded,Undirected,1,2022
"Beckett, Sophie_2025-11-19T21:48:01",69825517c835c41957e00ded,Undirected,1,2022
"Van Twest, Melanie_2025-11-19T21:48:01",69825517c835c41957e00ded,Undirected,1,2022
"Faulkner, Neil_2025-11-19T21:48:01",69825517c835c41957e00ded,Undirected,1,2022
"Read, Chris_2025-11-19T21:48:01",69825517c835c41957e00ded,Undirected,1,2022
"Barton, Tabatha_2025-11-19T21:48:01",69825517c835c41957e00ded,Undirected,1,2022
"Caruth, Joanna_2025-11-19T21:48:01",69825517c835c41957e00ded,Undirected,1,2022
"Hines, John_2025-11-19T21:16:21",69825517c835c41957e00ded,Undirected,1,2022
"Krause-Kyora, Ben_2025-11-19T21:23:21",69825517c835c41957e00ded,Undirected,1,2022
"Warnke, Ursula_2025-11-19T21:48:01",69825517c835c41957e00ded,Undirected,1,2022
"Schuenemann, Verena J._2025-11-19T21:16:09",69825517c835c41957e00ded,Undirected,1,2022
"Barnes, Ian_2025-11-19T21:24:59",69825517c835c41957e00ded,Undirected,1,2022
"Dahlstrøm, Hanna_2025-11-19T21:17:00",69825517c835c41957e00ded,Undirected,1,2022
"Clausen, Jane Jark_2025-11-19T21:48:01",69825517c835c41957e00ded,Undirected,1,2022
"Richardson, Andrew_2025-11-19T21:48:01",69825517c835c41957e00ded,Undirected,1,2022
"Popescu, Elizabeth_2025-11-19T21:17:37",69825517c835c41957e00ded,Undirected,1,2022
"Konshuh, Courtnay_2025-11-19T21:48:11",69825517c835c41957e00e71,Undirected,1,2022
"Klaassen, Frank_2025-11-19T21:18:35",69825517c835c41957e00e71,Undirected,1,2022
"Hadler, Hanna_2025-11-19T21:21:25",69825517c835c41957e00e87,Undirected,1,2022
"Wilken, Dennis_2025-11-19T21:23:12",69825517c835c41957e00e87,Undirected,1,2022
"Bäumler, Sarah_2025-11-19T21:23:12",69825517c835c41957e00e87,Undirected,1,2022
"Fischer, Peter_2025-11-19T21:46:22",69825517c835c41957e00e87,Undirected,1,2022
"Rabbel, Wolfgang_2025-11-19T21:23:12",69825517c835c41957e00e87,Undirected,1,2022
"Willershäuser, Timo_2025-11-19T21:23:12",69825517c835c41957e00e87,Undirected,1,2022
"Wunderlich, Tina_2025-11-19T21:26:24",69825517c835c41957e00e87,Undirected,1,2022
"Vött, Andreas_2025-11-19T21:21:25",69825517c835c41957e00e87,Undirected,1,2022
"Meyer, Christian_2025-11-19T21:29:41",69825517c835c41957e00e8a,Undirected,1,2022
"Alt, Kurt W._2025-11-19T21:26:48",69825517c835c41957e00e8a,Undirected,1,2022
"Brødholt, Elin T._2025-11-19T21:48:13",69825517c835c41957e00e90,Undirected,1,2022
"Gautvik, Kaare M._2025-11-19T21:48:13",69825517c835c41957e00e90,Undirected,1,2022
"Günther, Clara-Cecilie_2025-11-19T21:48:13",69825517c835c41957e00e90,Undirected,1,2022
"Sjøvold, Torstein_2025-11-19T21:48:13",69825517c835c41957e00e90,Undirected,1,2022
"Holck, Per_2025-11-19T21:17:36",69825517c835c41957e00e90,Undirected,1,2022
"Hart, John P._2025-11-19T21:32:18",69825517c835c41957e00e90,Undirected,1,2022
"Wiewióra, Marcin_2025-11-19T21:16:23",69825517c835c41957e00eba,Undirected,1,2022
"Molewski, Paweł_2025-11-19T21:16:33",69825517c835c41957e00eba,Undirected,1,2022
"Makowiecki, Daniel_2025-11-19T21:17:59",69825517c835c41957e00eba,Undirected,1,2022
"Bienias, Dorota_2025-11-19T21:48:16",69825517c835c41957e00eba,Undirected,1,2022
"Badura, Monika_2025-11-19T21:17:59",69825517c835c41957e00eba,Undirected,1,2022
Meltem Akınjy_2025-11-19T21:48:23,69825517c835c41957e00f2c,Undirected,1,2022
Khuzin Fayaz Sh_2025-11-19T21:29:06,69825517c835c41957e00f2c,Undirected,1,2022
"Coia, Valentina_2025-11-19T21:15:47",69825517c835c41957e00f42,Undirected,1,2022
"Paladin, Alice_2025-11-19T21:15:47",69825517c835c41957e00f42,Undirected,1,2022
"Zingale, Stefania_2025-11-19T21:15:47",69825517c835c41957e00f42,Undirected,1,2022
"Croze, Myriam_2025-11-19T21:15:47",69825517c835c41957e00f42,Undirected,1,2022
"Cavada, Enrico_2025-11-19T21:32:26",69825517c835c41957e00f42,Undirected,1,2022
"Lösch, Sandra_2025-11-19T21:15:36",69825517c835c41957e00f42,Undirected,1,2022
"Maixner, Frank_2025-11-19T21:15:36",69825517c835c41957e00f42,Undirected,1,2022
"Zink, Albert_2025-11-19T21:15:36",69825517c835c41957e00f42,Undirected,1,2022
"Büntgen, Ulf_2025-11-19T21:15:51",69825517c835c41957e00f6b,Undirected,1,2022
"Piermattei, Alma_2025-11-19T21:15:51",69825517c835c41957e00f6b,Undirected,1,2022
"Crivellaro, Alan_2025-11-19T21:15:51",69825517c835c41957e00f6b,Undirected,1,2022
"Reinig, Frederick_2025-11-19T21:15:51",69825517c835c41957e00f6b,Undirected,1,2022
"Krusic, Paul J._2025-11-19T21:15:51",69825517c835c41957e00f6b,Undirected,1,2022
"Trnka, Mirek_2025-11-19T21:22:42",69825517c835c41957e00f6b,Undirected,1,2022
"Torbenson, Max_2025-11-19T21:22:42",69825517c835c41957e00f6b,Undirected,1,2022
"Esper, Jan_2025-11-19T21:15:51",69825517c835c41957e00f6b,Undirected,1,2022
"Büntgen, Ulf_2025-11-19T21:15:51",69825517c835c41957e00f6c,Undirected,1,2022
"Crivellaro, Alan_2025-11-19T21:15:51",69825517c835c41957e00f6c,Undirected,1,2022
"Arseneault, Dominique_2025-11-19T21:22:42",69825517c835c41957e00f6c,Undirected,1,2022
"Baillie, Mike_2025-11-19T21:22:42",69825517c835c41957e00f6c,Undirected,1,2022
"Barclay, David_2025-11-19T21:22:42",69825517c835c41957e00f6c,Undirected,1,2022
"Bernabei, Mauro_2025-11-19T21:17:37",69825517c835c41957e00f6c,Undirected,1,2022
"Bontadi, Jarno_2025-11-19T21:17:37",69825517c835c41957e00f6c,Undirected,1,2022
"Boswijk, Gretel_2025-11-19T21:22:42",69825517c835c41957e00f6c,Undirected,1,2022
"Brown, David_2025-11-19T21:15:51",69825517c835c41957e00f6c,Undirected,1,2022
"Christie, Duncan A._2025-11-19T21:22:42",69825517c835c41957e00f6c,Undirected,1,2022
"Churakova (Sidorova), Olga V._2025-11-19T21:38:55",69825517c835c41957e00f6c,Undirected,1,2022
"Cook, Edward R._2025-11-19T21:22:42",69825517c835c41957e00f6c,Undirected,1,2022
"D'Arrigo, Rosanne_2025-11-19T21:22:42",69825517c835c41957e00f6c,Undirected,1,2022
"Davi, Nicole_2025-11-19T21:22:42",69825517c835c41957e00f6c,Undirected,1,2022
"Esper, Jan_2025-11-19T21:15:51",69825517c835c41957e00f6c,Undirected,1,2022
"Fonti, Patrick_2025-11-19T21:22:42",69825517c835c41957e00f6c,Undirected,1,2022
"Greaves, Ciara_2025-11-19T21:22:42",69825517c835c41957e00f6c,Undirected,1,2022
"Hantemirov, Rashit M._2025-11-19T21:22:42",69825517c835c41957e00f6c,Undirected,1,2022
"Hughes, Malcolm K._2025-11-19T21:20:52",69825517c835c41957e00f6c,Undirected,1,2022
"Kirdyanov, Alexander V._2025-11-19T21:15:51",69825517c835c41957e00f6c,Undirected,1,2022
"Krusic, Paul J._2025-11-19T21:15:51",69825517c835c41957e00f6c,Undirected,1,2022
"Le Quesne, Carlos_2025-11-19T21:48:27",69825517c835c41957e00f6c,Undirected,1,2022
"Ljungqvist, Fredrik Charpentier_2025-11-19T21:16:11",69825517c835c41957e00f6c,Undirected,1,2022
"McCormick, Michael_2025-11-19T21:21:20",69825517c835c41957e00f6c,Undirected,1,2022
"Myglan, Vladimir S._2025-11-19T21:22:42",69825517c835c41957e00f6c,Undirected,1,2022
"Nicolussi, Kurt_2025-11-19T21:22:22",69825517c835c41957e00f6c,Undirected,1,2022
"Oppenheimer, Clive_2025-11-19T21:18:20",69825517c835c41957e00f6c,Undirected,1,2022
"Palmer, Jonathan_2025-11-19T21:22:42",69825517c835c41957e00f6c,Undirected,1,2022
"Qin, Chun_2025-11-19T21:22:42",69825517c835c41957e00f6c,Undirected,1,2022
"Reinig, Frederick_2025-11-19T21:15:51",69825517c835c41957e00f6c,Undirected,1,2022
"Salzer, Matthew_2025-11-19T21:22:42",69825517c835c41957e00f6c,Undirected,1,2022
"Stoffel, Markus_2025-11-19T21:18:20",69825517c835c41957e00f6c,Undirected,1,2022
"Torbenson, Max_2025-11-19T21:22:42",69825517c835c41957e00f6c,Undirected,1,2022
"Trnka, Mirek_2025-11-19T21:22:42",69825517c835c41957e00f6c,Undirected,1,2022
"Villalba, Ricardo_2025-11-19T21:22:42",69825517c835c41957e00f6c,Undirected,1,2022
"Wiesenberg, Nick_2025-11-19T21:22:42",69825517c835c41957e00f6c,Undirected,1,2022
"Wiles, Greg_2025-11-19T21:22:42",69825517c835c41957e00f6c,Undirected,1,2022
"Yang, Bao_2025-11-19T21:22:42",69825517c835c41957e00f6c,Undirected,1,2022
"Piermattei, Alma_2025-11-19T21:15:51",69825517c835c41957e00f6c,Undirected,1,2022
"Bonczarowska, Joanna H_2025-11-19T21:48:28",69825517c835c41957e00f7b,Undirected,1,2022
"Susat, Julian_2025-11-19T21:41:26",69825517c835c41957e00f7b,Undirected,1,2022
"Mühlemann, Barbara_2025-11-19T21:21:01",69825517c835c41957e00f7b,Undirected,1,2022
"Jasch-Boley, Isabelle_2025-11-19T21:48:28",69825517c835c41957e00f7b,Undirected,1,2022
"Brather, Sebastian_2025-11-19T21:18:04",69825517c835c41957e00f7b,Undirected,1,2022
"Höke, Benjamin_2025-11-19T21:48:28",69825517c835c41957e00f7b,Undirected,1,2022
"Brather-Walter, Susanne_2025-11-19T21:15:51",69825517c835c41957e00f7b,Undirected,1,2022
"Schoenenberg, Valerie_2025-11-19T21:48:28",69825517c835c41957e00f7b,Undirected,1,2022
"Scheschkewitz, Jonathan_2025-11-19T21:48:28",69825517c835c41957e00f7b,Undirected,1,2022
"Graenert, Gabriele_2025-11-19T21:48:28",69825517c835c41957e00f7b,Undirected,1,2022
"Krausse, Dirk_2025-11-19T21:48:28",69825517c835c41957e00f7b,Undirected,1,2022
"Francken, Michael_2025-11-19T21:48:28",69825517c835c41957e00f7b,Undirected,1,2022
"Jones, Terry C_2025-11-19T21:31:39",69825517c835c41957e00f7b,Undirected,1,2022
"Wahl, Joachim_2025-11-19T21:22:49",69825517c835c41957e00f7b,Undirected,1,2022
"Nebel, Almut_2025-11-19T21:37:28",69825517c835c41957e00f7b,Undirected,1,2022
"Krause-Kyora, Ben_2025-11-19T21:23:21",69825517c835c41957e00f7b,Undirected,1,2022
"Shiroukhov, Roman_2025-11-19T21:48:28",69825517c835c41957e00f7f,Undirected,1,2022
"Baranov, Vyacheslav_2025-11-19T21:48:28",69825517c835c41957e00f7f,Undirected,1,2022
"Ivakin, Vsevolod_2025-11-19T21:48:28",69825517c835c41957e00f7f,Undirected,1,2022
"Kozak, Oleksandra_2025-11-19T21:48:28",69825517c835c41957e00f7f,Undirected,1,2022
"Borysov, Artem_2025-11-19T21:48:28",69825517c835c41957e00f7f,Undirected,1,2022
"Carnap-Bornheim, Claus von_2025-11-19T21:40:50",69825517c835c41957e00f7f,Undirected,1,2022
"Kienle, Lorenz_2025-11-19T21:48:28",69825517c835c41957e00f7f,Undirected,1,2022
"Krause-Kyora, Ben_2025-11-19T21:23:21",69825517c835c41957e00f7f,Undirected,1,2022
"Meadows, John_2025-11-19T21:36:01",69825517c835c41957e00f7f,Undirected,1,2022
"Saleem, Khurram_2025-11-19T21:48:28",69825517c835c41957e00f7f,Undirected,1,2022
"Schuermann, Ulrich_2025-11-19T21:48:28",69825517c835c41957e00f7f,Undirected,1,2022
"Kozakaitė, Justina_2025-11-19T21:48:28",69825517c835c41957e00f7f,Undirected,1,2022
"Miliauskienė, Žydrūnė_2025-11-19T21:48:28",69825517c835c41957e00f7f,Undirected,1,2022
Tiziana Lazzari_2025-11-19T21:35:18,69825517c835c41957e00fa7,Undirected,1,2022
Edoardo Manarini_2025-11-19T21:35:17,69825517c835c41957e00fa7,Undirected,1,2022
Lorenzo Tabarrini_2025-11-19T21:48:32,69825517c835c41957e00fa7,Undirected,1,2022
"Tomei, Paolo_2025-11-19T21:21:21",69825517c835c41957e00fa7,Undirected,1,2022
"Orme, L. C._2025-11-19T21:48:40",69825517c835c41957e01027,Undirected,1,2022
"Lind, E. M._2025-11-19T21:48:40",69825517c835c41957e01027,Undirected,1,2022
"Holm, T. M._2025-11-19T21:48:40",69825517c835c41957e01027,Undirected,1,2022
"Kjellman, S. E._2025-11-19T21:48:40",69825517c835c41957e01027,Undirected,1,2022
"Koinig, K. A._2025-11-19T21:48:40",69825517c835c41957e01027,Undirected,1,2022
"Hormes, Anne_2025-11-19T21:16:08",69825517c835c41957e01027,Undirected,1,2022
"Rosqvist, G. C._2025-11-19T21:48:40",69825517c835c41957e01027,Undirected,1,2022
"Ruppel, M._2025-11-19T21:48:40",69825517c835c41957e01027,Undirected,1,2022
"Divine, D. V._2025-11-19T21:20:52",69825517c835c41957e01027,Undirected,1,2022
"Husum, Katrine_2025-11-19T21:47:34",69825517c835c41957e01027,Undirected,1,2022
"Miettinen, A._2025-11-19T21:20:52",69825517c835c41957e01027,Undirected,1,2022
"Isaksson, E._2025-11-19T21:36:06",69825517c835c41957e01027,Undirected,1,2022
"Firth, Matthew_2025-11-19T21:17:35",69825517c835c41957e01059,Undirected,1,2022
"Schilling, Cassandra_2025-11-19T21:48:43",69825517c835c41957e01059,Undirected,1,2022
"Kazanski, Michel_2025-11-19T21:18:48",69825517c835c41957e01085,Undirected,1,2022
"Mastykova, Anna_2025-11-19T21:18:48",69825517c835c41957e01085,Undirected,1,2022
Tatyana B. Nikitina_2025-11-19T21:20:27,69825517c835c41957e010a7,Undirected,1,2022
"Türk, Attila_2025-11-19T21:17:38",69825517c835c41957e010a7,Undirected,1,2022
Jancsik B._2025-11-19T21:48:48,69825517c835c41957e010a7,Undirected,1,2022
Lucrezia Masci_2025-11-19T21:48:50,69825517c835c41957e010c8,Undirected,1,2022
Cristiano Vignola_2025-11-19T21:48:50,69825517c835c41957e010c8,Undirected,1,2022
Georgios C. Liakopoulos_2025-11-19T21:48:50,69825517c835c41957e010c8,Undirected,1,2022
"Kouli, Katerina_2025-11-19T21:26:48",69825517c835c41957e010c8,Undirected,1,2022
Olga Koukousioura_2025-11-19T21:48:50,69825517c835c41957e010c8,Undirected,1,2022
Elina Aidona_2025-11-19T21:48:50,69825517c835c41957e010c8,Undirected,1,2022
"Moros, Matthias_2025-11-19T21:21:00",69825517c835c41957e010c8,Undirected,1,2022
Konstantinos Vouvalidis_2025-11-19T21:48:50,69825517c835c41957e010c8,Undirected,1,2022
"Izdebski, Adam_2025-11-19T21:18:32",69825517c835c41957e010c8,Undirected,1,2022
Alessia Masi_2025-11-19T21:48:50,69825517c835c41957e010c8,Undirected,1,2022
"Heal, Tobias_2025-11-19T21:15:48",69825517c835c41957e010d3,Undirected,1,2022
"Disser, Alexandre_2025-11-19T21:15:48",69825517c835c41957e010d3,Undirected,1,2022
"Mercier, Florence_2025-11-19T21:15:48",69825517c835c41957e010d3,Undirected,1,2022
"Sarah, Guillaume_2025-11-19T21:15:48",69825517c835c41957e010d3,Undirected,1,2022
"Theuws, Frans_2025-11-19T21:15:48",69825517c835c41957e010d3,Undirected,1,2022
"Hennius, Andreas_2025-11-19T21:14:17",69825517c835c41957e0111a,Undirected,1,2022
"Ljungkvist, John_2025-11-19T21:14:17",69825517c835c41957e0111a,Undirected,1,2022
"Ashby, Steven P._2025-11-19T21:24:59",69825517c835c41957e0111a,Undirected,1,2022
"Hagan, Richard_2025-11-19T21:17:37",69825517c835c41957e0111a,Undirected,1,2022
"Presslee, Samantha_2025-11-19T21:15:34",69825517c835c41957e0111a,Undirected,1,2022
"Christensen, Tom_2025-11-19T21:48:55",69825517c835c41957e0111a,Undirected,1,2022
"Gustavsson, Rudolf_2025-11-19T21:15:49",69825517c835c41957e0111a,Undirected,1,2022
"Peets, Jüri_2025-11-19T21:22:38",69825517c835c41957e0111a,Undirected,1,2022
"Maldre, Liina_2025-11-19T21:18:30",69825517c835c41957e0111a,Undirected,1,2022
"Haneca, Kristof_2025-11-19T21:18:18",69825517c835c41957e01199,Undirected,1,2022
"Deforce, Koen_2025-11-19T21:18:06",69825517c835c41957e01199,Undirected,1,2022
"Allemeersch, Luc_2025-11-19T21:49:10",69825517c835c41957e01199,Undirected,1,2022
"Debonne, Vincent_2025-11-19T21:49:10",69825517c835c41957e01199,Undirected,1,2022
"Remmen, Martijn_2025-11-19T21:49:10",69825517c835c41957e01199,Undirected,1,2022
"Røstad, Ingunn Marit_2025-11-19T21:17:19",69825517c835c41957e01261,Undirected,1,2022
"PEDERSEN, UNN_2025-11-19T21:17:31",69825517c835c41957e01261,Undirected,1,2022
"Christophersen, Axel_2025-11-19T21:48:14",69825517c835c41957e01261,Undirected,1,2022
"Syrovatko, Alexander_2025-11-19T21:49:51",69825517c835c41957e0140c,Undirected,1,2022
"Mikhaylova, Elena R._2025-11-19T21:34:22",69825517c835c41957e0140c,Undirected,1,2022
"Krasnoperov, Alexander A_2025-11-19T21:17:38",69825517c835c41957e0140c,Undirected,1,2022
Vyazov Leonid A._2025-11-19T21:36:32,69825517c835c41957e0189b,Undirected,1,2022
"Myzgin, Kyrylo_2025-11-19T21:51:04",69825517c835c41957e0189b,Undirected,1,2022
"Komar, Oleksii_2025-11-19T21:17:38",69825517c835c41957e0189b,Undirected,1,2022
"Rodinkova, Vlasta_2025-11-19T21:51:04",69825517c835c41957e0189b,Undirected,1,2022
"Torres, Trinidad_2025-11-19T21:29:46",69825517c835c41957e01aa2,Undirected,1,2022
"Ortiz, José E._2025-11-19T21:38:58",69825517c835c41957e01aa2,Undirected,1,2022
"Ramallo, Sebastián_2025-11-19T21:29:46",69825517c835c41957e01aa2,Undirected,1,2022
"Ros, Milagros_2025-11-19T21:29:46",69825517c835c41957e01aa2,Undirected,1,2022
"Sánchez-Palencia, Yolanda_2025-11-19T21:29:46",69825517c835c41957e01aa2,Undirected,1,2022
"Blázquez, Ana_2025-11-19T21:38:58",69825517c835c41957e01aa2,Undirected,1,2022
"Cerezo, Felipe_2025-11-19T21:29:46",69825517c835c41957e01aa2,Undirected,1,2022
"López-Cilla, Ignacio_2025-11-19T21:38:58",69825517c835c41957e01aa2,Undirected,1,2022
"Galán, Luis A._2025-11-19T21:38:58",69825517c835c41957e01aa2,Undirected,1,2022
"Borrego, Ángeles G._2025-11-19T21:42:01",69825517c835c41957e01aa2,Undirected,1,2022
"Ruiz-Zapata, Blanca_2025-11-19T21:24:58",69825517c835c41957e01aa2,Undirected,1,2022
"José Gil, María_2026-01-15T09:05:31",69825517c835c41957e01aa2,Undirected,1,2022
"Manteca, Ignacio_2025-11-19T21:29:46",69825517c835c41957e01aa2,Undirected,1,2022
"Rodríguez-Estrella, Tomás_2026-01-15T09:05:32",69825517c835c41957e01aa2,Undirected,1,2022
"Vyas, Deven N._2025-11-19T21:15:24",69825516c835c41957df9c99,Undirected,1,2023
"Koncz, István_2025-11-19T21:15:24",69825516c835c41957df9c99,Undirected,1,2023
"Modi, Alessandra_2025-11-19T21:15:24",69825516c835c41957df9c99,Undirected,1,2023
"Mende, Balázs Gusztáv_2025-11-19T21:15:24",69825516c835c41957df9c99,Undirected,1,2023
"Tian, Yijie_2025-11-19T21:15:24",69825516c835c41957df9c99,Undirected,1,2023
"Francalacci, Paolo_2025-11-19T21:15:24",69825516c835c41957df9c99,Undirected,1,2023
"Lari, Martina_2025-11-19T21:15:24",69825516c835c41957df9c99,Undirected,1,2023
"Vai, Stefania_2025-11-19T21:15:24",69825516c835c41957df9c99,Undirected,1,2023
"Straub, Péter_2025-11-19T21:15:24",69825516c835c41957df9c99,Undirected,1,2023
"Gallina, Zsolt_2025-11-19T21:15:24",69825516c835c41957df9c99,Undirected,1,2023
"Szeniczey, Tamás_2025-11-19T21:15:24",69825516c835c41957df9c99,Undirected,1,2023
"Hajdu, Tamás_2025-11-19T21:15:24",69825516c835c41957df9c99,Undirected,1,2023
"Baricco, Luisella Pejrani_2025-11-19T21:32:10",69825516c835c41957df9c99,Undirected,1,2023
"Giostra, Caterina_2025-11-19T21:15:24",69825516c835c41957df9c99,Undirected,1,2023
"Radzevičiūtė, Rita_2025-11-19T21:15:24",69825516c835c41957df9c99,Undirected,1,2023
"Hofmanová, Zuzana_2025-11-19T21:15:24",69825516c835c41957df9c99,Undirected,1,2023
"Évinger, Sándor_2025-11-19T21:15:24",69825516c835c41957df9c99,Undirected,1,2023
"Bernert, Zsolt_2025-11-19T21:15:24",69825516c835c41957df9c99,Undirected,1,2023
"Pohl, Walter_2025-11-19T21:15:24",69825516c835c41957df9c99,Undirected,1,2023
"Caramelli, David_2025-11-19T21:15:24",69825516c835c41957df9c99,Undirected,1,2023
"Vida, Tivadar_2025-11-19T21:15:24",69825516c835c41957df9c99,Undirected,1,2023
"Geary, Patrick J._2025-11-19T21:15:24",69825516c835c41957df9c99,Undirected,1,2023
"Veeramah, Krishna R._2025-11-19T21:15:24",69825516c835c41957df9c99,Undirected,1,2023
"Agdzhoyan, Anastasia_2025-11-19T21:15:24",69825516c835c41957df9ca1,Undirected,1,2023
"Iskandarov, Nasib_2025-11-19T21:15:24",69825516c835c41957df9ca1,Undirected,1,2023
"Ponomarev, Georgy_2025-11-19T21:15:24",69825516c835c41957df9ca1,Undirected,1,2023
"Pylev, Vladimir_2025-11-19T21:15:24",69825516c835c41957df9ca1,Undirected,1,2023
"Koshel, Sergey_2025-11-19T21:15:24",69825516c835c41957df9ca1,Undirected,1,2023
"Salaev, Vugar_2025-11-19T21:15:24",69825516c835c41957df9ca1,Undirected,1,2023
"Pocheshkhova, Elvira_2025-11-19T21:15:24",69825516c835c41957df9ca1,Undirected,1,2023
"Kagazezheva, Zhaneta_2025-11-19T21:15:24",69825516c835c41957df9ca1,Undirected,1,2023
"Balanovska, Elena_2025-11-19T21:15:24",69825516c835c41957df9ca1,Undirected,1,2023
"Muñoz-Rodríguez, Mariana B._2025-11-19T21:27:59",69825516c835c41957df9d57,Undirected,1,2023
"Presslee, Samantha_2025-11-19T21:15:34",69825516c835c41957df9d57,Undirected,1,2023
"McGrath, Krista_2025-11-19T21:15:34",69825516c835c41957df9d57,Undirected,1,2023
"Hausmann, Niklas_2025-11-19T21:15:34",69825516c835c41957df9d57,Undirected,1,2023
"Hilberg, Volker_2025-11-19T21:15:34",69825516c835c41957df9d57,Undirected,1,2023
"Kalmring, Sven_2025-11-19T21:15:34",69825516c835c41957df9d57,Undirected,1,2023
"Holmquist, Lena_2025-11-19T21:15:34",69825516c835c41957df9d57,Undirected,1,2023
"Hendy, Jessica_2025-11-19T21:15:34",69825516c835c41957df9d57,Undirected,1,2023
"Ashby, Steven P._2025-11-19T21:24:59",69825516c835c41957df9d57,Undirected,1,2023
"Plomp, Kimberly A._2025-11-19T21:15:34",69825516c835c41957df9d58,Undirected,1,2023
"Dobney, Keith_2025-11-19T21:15:34",69825516c835c41957df9d58,Undirected,1,2023
"Gestsdóttir, Hildur_2025-11-19T21:15:34",69825516c835c41957df9d58,Undirected,1,2023
"Collard, Mark_2025-11-19T21:15:34",69825516c835c41957df9d58,Undirected,1,2023
"Niedziółka, Kamil_2025-11-19T21:15:34",69825516c835c41957df9d5e,Undirected,1,2023
"Święta-Musznicka, Joanna_2025-11-19T21:15:34",69825516c835c41957df9d5e,Undirected,1,2023
"Zhur, K V_2025-11-19T21:15:41",69825516c835c41957df9dc9,Undirected,1,2023
"Sharko, F S_2025-11-19T21:15:41",69825516c835c41957df9dc9,Undirected,1,2023
"Sedov, Vl V_2025-11-19T21:15:41",69825516c835c41957df9dc9,Undirected,1,2023
"Dobrovolskaya, M V_2025-11-19T21:15:41",69825516c835c41957df9dc9,Undirected,1,2023
"Volkov, V G_2025-11-19T21:15:42",69825516c835c41957df9dc9,Undirected,1,2023
"Maksimov, N G_2025-11-19T21:15:42",69825516c835c41957df9dc9,Undirected,1,2023
"Seslavine, A N_2025-11-19T21:15:42",69825516c835c41957df9dc9,Undirected,1,2023
"Makarov, Nikolaj_2025-11-19T21:48:33",69825516c835c41957df9dc9,Undirected,1,2023
"Prokhortchouk, E B_2025-11-19T21:15:42",69825516c835c41957df9dc9,Undirected,1,2023
"Coia, Valentina_2025-11-19T21:15:47",69825516c835c41957df9e1d,Undirected,1,2023
"Paladin, Alice_2025-11-19T21:15:47",69825516c835c41957df9e1d,Undirected,1,2023
"Zingale, Stefania_2025-11-19T21:15:47",69825516c835c41957df9e1d,Undirected,1,2023
"Wurst, Christina_2025-11-19T21:15:47",69825516c835c41957df9e1d,Undirected,1,2023
"Croze, Myriam_2025-11-19T21:15:47",69825516c835c41957df9e1d,Undirected,1,2023
"Maixner, Frank_2025-11-19T21:15:36",69825516c835c41957df9e1d,Undirected,1,2023
"Zink, Albert_2025-11-19T21:15:36",69825516c835c41957df9e1d,Undirected,1,2023
"Karykowska, Aleksandra_2025-11-19T21:15:48",69825516c835c41957df9e28,Undirected,1,2023
"Konczewski, Paweł_2025-11-19T21:15:48",69825516c835c41957df9e28,Undirected,1,2023
"Kwiatkowska, Barbara_2025-11-19T21:15:48",69825516c835c41957df9e28,Undirected,1,2023
"Witan, Joanna_2025-11-19T21:15:48",69825516c835c41957df9e28,Undirected,1,2023
"Lisowska-Gaczorek, Aleksandra_2025-11-19T21:15:48",69825516c835c41957df9e28,Undirected,1,2023
"Szostek, Krzysztof_2025-11-19T21:15:48",69825516c835c41957df9e28,Undirected,1,2023
"Inskip, Sarah A._2025-11-19T21:16:14",69825516c835c41957df9e4a,Undirected,1,2023
"Cessford, Craig_2025-11-19T21:15:49",69825516c835c41957df9e4a,Undirected,1,2023
"Dittmar, Jenna_2025-11-19T21:15:49",69825516c835c41957df9e4a,Undirected,1,2023
"Rose, Alice K._2025-11-19T21:16:14",69825516c835c41957df9e4a,Undirected,1,2023
"Mulder, Bram_2025-11-19T21:15:49",69825516c835c41957df9e4a,Undirected,1,2023
"O'Connell, Tamsin C._2025-11-19T21:16:14",69825516c835c41957df9e4a,Undirected,1,2023
"Mitchell, Piers D._2025-11-19T21:15:49",69825516c835c41957df9e4a,Undirected,1,2023
"Scheib, Christiana L_2025-11-19T21:21:16",69825516c835c41957df9e4a,Undirected,1,2023
"Hui, Ruoyun_2025-11-19T21:15:49",69825516c835c41957df9e4a,Undirected,1,2023
"Kivisild, Toomas_2025-11-19T21:15:49",69825516c835c41957df9e4a,Undirected,1,2023
"Price, Mary_2025-11-19T21:15:49",69825516c835c41957df9e4a,Undirected,1,2023
"Stock, Jay_2025-11-19T21:15:49",69825516c835c41957df9e4a,Undirected,1,2023
"Robb, John E._2025-11-19T21:16:14",69825516c835c41957df9e4a,Undirected,1,2023
"Campbell, Ewan_2025-11-19T21:15:49",69825516c835c41957df9e4b,Undirected,1,2023
"Seaman, Andy_2025-11-19T21:15:49",69825516c835c41957df9e4b,Undirected,1,2023
"Lane, Alan_2025-11-19T21:15:49",69825516c835c41957df9e4b,Undirected,1,2023
"Noble, Gordon_2025-11-19T21:15:49",69825516c835c41957df9e4b,Undirected,1,2023
"Rundkvist, Martin_2025-11-19T21:15:49",69825516c835c41957df9e4e,Undirected,1,2023
"Löfving, Axel_2025-11-19T21:15:49",69825516c835c41957df9e4e,Undirected,1,2023
"Gustavsson, Rudolf_2025-11-19T21:15:49",69825516c835c41957df9e4e,Undirected,1,2023
"Heimdahl, Jens_2025-11-19T21:15:49",69825516c835c41957df9e4e,Undirected,1,2023
"Viberg, Andreas_2025-11-19T21:15:49",69825516c835c41957df9e4e,Undirected,1,2023
"Olalde, Iñigo_2025-11-19T21:15:52",69825516c835c41957df9e61,Undirected,1,2023
"Carrión, Pablo_2025-11-19T21:15:52",69825516c835c41957df9e61,Undirected,1,2023
"Mikić, Ilija_2025-11-19T21:15:52",69825516c835c41957df9e61,Undirected,1,2023
"Rohland, Nadin_2025-11-19T21:15:52",69825516c835c41957df9e61,Undirected,1,2023
"Mallick, Swapan_2025-11-19T21:15:52",69825516c835c41957df9e61,Undirected,1,2023
"Lazaridis, Iosif_2025-11-19T21:15:52",69825516c835c41957df9e61,Undirected,1,2023
"Mah, Matthew_2025-11-19T21:15:52",69825516c835c41957df9e61,Undirected,1,2023
"Korać, Miomir_2025-11-19T21:15:52",69825516c835c41957df9e61,Undirected,1,2023
"Golubović, Snežana_2025-11-19T21:15:52",69825516c835c41957df9e61,Undirected,1,2023
"Petković, Sofija_2025-11-19T21:15:52",69825516c835c41957df9e61,Undirected,1,2023
"Miladinović-Radmilović, Nataša_2025-11-19T21:15:52",69825516c835c41957df9e61,Undirected,1,2023
"Vulović, Dragana_2025-11-19T21:15:52",69825516c835c41957df9e61,Undirected,1,2023
"Alihodžić, Timka_2025-11-19T21:15:52",69825516c835c41957df9e61,Undirected,1,2023
"Ash, Abigail_2025-11-19T21:15:52",69825516c835c41957df9e61,Undirected,1,2023
"Baeta, Miriam_2025-11-19T21:15:52",69825516c835c41957df9e61,Undirected,1,2023
"Bartík, Juraj_2025-11-19T21:15:52",69825516c835c41957df9e61,Undirected,1,2023
"Bedić, Željka_2025-11-19T21:15:52",69825516c835c41957df9e61,Undirected,1,2023
"Bilić, Maja_2025-11-19T21:15:52",69825516c835c41957df9e61,Undirected,1,2023
"Bonsall, Clive_2025-11-19T21:15:52",69825516c835c41957df9e61,Undirected,1,2023
"Bunčić, Maja_2025-11-19T21:15:52",69825516c835c41957df9e61,Undirected,1,2023
"Bužanić, Domagoj_2025-11-19T21:15:52",69825516c835c41957df9e61,Undirected,1,2023
"Carić, Mario_2025-11-19T21:15:52",69825516c835c41957df9e61,Undirected,1,2023
"Čataj, Lea_2025-11-19T21:15:52",69825516c835c41957df9e61,Undirected,1,2023
"Cvetko, Mirna_2025-11-19T21:15:52",69825516c835c41957df9e61,Undirected,1,2023
"Drnić, Ivan_2025-11-19T21:15:52",69825516c835c41957df9e61,Undirected,1,2023
"Dugonjić, Anita_2025-11-19T21:15:52",69825516c835c41957df9e61,Undirected,1,2023
"Đukić, Ana_2025-11-19T21:15:52",69825516c835c41957df9e61,Undirected,1,2023
"Đukić, Ksenija_2025-11-19T21:15:52",69825516c835c41957df9e61,Undirected,1,2023
"Farkaš, Zdeněk_2025-11-19T21:15:52",69825516c835c41957df9e61,Undirected,1,2023
"Jelínek, Pavol_2025-11-19T21:15:52",69825516c835c41957df9e61,Undirected,1,2023
"Jovanovic, Marija_2025-11-19T21:15:52",69825516c835c41957df9e61,Undirected,1,2023
"Kaić, Iva_2025-11-19T21:15:52",69825516c835c41957df9e61,Undirected,1,2023
"Kalafatić, Hrvoje_2025-11-19T21:15:52",69825516c835c41957df9e61,Undirected,1,2023
"Krmpotić, Marijana_2025-11-19T21:15:52",69825516c835c41957df9e61,Undirected,1,2023
"Krznar, Siniša_2025-11-19T21:15:52",69825516c835c41957df9e61,Undirected,1,2023
"Leleković, Tino_2025-11-19T21:15:52",69825516c835c41957df9e61,Undirected,1,2023
"M. de Pancorbo, Marian_2025-11-19T21:15:52",69825516c835c41957df9e61,Undirected,1,2023
"Matijević, Vinka_2025-11-19T21:15:52",69825516c835c41957df9e61,Undirected,1,2023
"Milošević Zakić, Branka_2025-11-19T21:15:52",69825516c835c41957df9e61,Undirected,1,2023
"Osterholtz, Anna J._2025-11-19T21:15:52",69825516c835c41957df9e61,Undirected,1,2023
"Paige, Julianne M._2025-11-19T21:15:52",69825516c835c41957df9e61,Undirected,1,2023
"Tresić Pavičić, Dinko_2025-11-19T21:15:52",69825516c835c41957df9e61,Undirected,1,2023
"Premužić, Zrinka_2025-11-19T21:15:52",69825516c835c41957df9e61,Undirected,1,2023
"Rajić Šikanjić, Petra_2025-11-19T21:15:52",69825516c835c41957df9e61,Undirected,1,2023
"Rapan Papeša, Anita_2025-11-19T21:15:52",69825516c835c41957df9e61,Undirected,1,2023
"Paraman, Lujana_2025-11-19T21:15:52",69825516c835c41957df9e61,Undirected,1,2023
"Sanader, Mirjana_2025-11-19T21:15:52",69825516c835c41957df9e61,Undirected,1,2023
"Radovanović, Ivana_2025-11-19T21:15:52",69825516c835c41957df9e61,Undirected,1,2023
"Roksandic, Mirjana_2025-11-19T21:15:52",69825516c835c41957df9e61,Undirected,1,2023
"Šefčáková, Alena_2025-11-19T21:15:52",69825516c835c41957df9e61,Undirected,1,2023
"Brughmans, Tom_2025-11-19T21:15:53",69825516c835c41957df9e69,Undirected,1,2023
"Mills, Barbara J._2025-11-19T21:15:53",69825516c835c41957df9e69,Undirected,1,2023
"Munson, Jessica_2025-11-19T21:15:53",69825516c835c41957df9e69,Undirected,1,2023
"Peeples, Matthew A._2025-11-19T21:15:53",69825516c835c41957df9e69,Undirected,1,2023
"Herzog, Irmela_2025-11-19T21:15:53",69825516c835c41957df9e69,Undirected,1,2023
"Bajnóczi, Bernadett_2025-11-19T21:15:57",69825516c835c41957df9e8b,Undirected,1,2023
"Koncz, István_2025-11-19T21:15:24",69825516c835c41957df9e8b,Undirected,1,2023
"Bollók, Ádám_2025-11-19T21:15:57",69825516c835c41957df9e8b,Undirected,1,2023
Tretyakov Evgeny A._2025-11-19T21:16:27,69825516c835c41957dfa059,Undirected,1,2023
"Türk, Attila_2025-11-19T21:17:38",69825516c835c41957dfa059,Undirected,1,2023
Vesna Tratnik_2025-11-19T21:16:28,69825516c835c41957dfa065,Undirected,1,2023
"Karo, Špela_2025-11-19T21:15:42",69825516c835c41957dfa065,Undirected,1,2023
Heidi Albertinesdatter Haugene_2025-11-19T21:16:31,69825516c835c41957dfa0a0,Undirected,1,2023
"McGrath, Krista_2025-11-19T21:15:34",69825516c835c41957dfa0a0,Undirected,1,2023
"Hansen, Gitte_2025-11-19T21:34:23",69825516c835c41957dfa0a0,Undirected,1,2023
"Bührer-Thierry, Geneviève_2025-11-19T21:18:59",69825516c835c41957dfa0c6,Undirected,1,2023
"La Rocca, Maria Cristina_2025-11-19T21:22:44",69825516c835c41957dfa0c6,Undirected,1,2023
"Руденко, Константин_2025-11-19T21:39:37",69825516c835c41957dfa0d5,Undirected,1,2023
Kazakov Evgeniy P._2025-11-19T21:16:37,69825516c835c41957dfa0d5,Undirected,1,2023
"Valoriani, Satu_2025-11-19T21:16:46",69825516c835c41957dfa12e,Undirected,1,2023
"Irish, Joel D._2025-11-19T21:16:46",69825516c835c41957dfa12e,Undirected,1,2023
"King, Megan_2025-11-19T21:16:46",69825516c835c41957dfa12e,Undirected,1,2023
"Borrini, Matteo_2025-11-19T21:16:46",69825516c835c41957dfa12e,Undirected,1,2023
"Pérez-Ramallo, Patxi_2025-11-19T21:17:18",69825516c835c41957dfa3c2,Undirected,1,2023
"López, Nieves Veiga_2025-11-19T21:17:18",69825516c835c41957dfa3c2,Undirected,1,2023
"Grandal-d´Anglade, Aurora_2025-11-19T21:17:18",69825516c835c41957dfa3c2,Undirected,1,2023
"Sánchez-Pardo, José Carlos_2025-11-19T21:17:18",69825516c835c41957dfa3c2,Undirected,1,2023
"Arbin, Staffan von_2025-11-19T21:19:38",69825516c835c41957dfa417,Undirected,1,2023
"Smith, Kay Douglas_2025-11-19T21:17:21",69825516c835c41957dfa417,Undirected,1,2023
"Skowronek, Tobias B._2025-11-19T21:17:21",69825516c835c41957dfa417,Undirected,1,2023
"Saussus, Lise_2025-11-19T21:17:27",69825516c835c41957dfa48c,Undirected,1,2023
"Poulain, Maxime_2025-11-19T21:17:27",69825516c835c41957dfa48c,Undirected,1,2023
"De Clercq, Wim_2025-11-19T21:17:14",69825516c835c41957dfa48c,Undirected,1,2023
"Maltin, Emma_2025-11-19T21:17:29",69825516c835c41957dfa4d0,Undirected,1,2023
"Jakobsson, Håkan_2025-11-19T21:17:29",69825516c835c41957dfa4d0,Undirected,1,2023
"van den Hurk, Youri_2025-11-19T21:17:29",69825516c835c41957dfa4d6,Undirected,1,2023
"Riddler, Ian_2025-11-19T21:17:17",69825516c835c41957dfa4d6,Undirected,1,2023
"McGrath, Krista_2025-11-19T21:15:34",69825516c835c41957dfa4d6,Undirected,1,2023
"Speller, Camilla F._2025-11-19T21:17:37",69825516c835c41957dfa4d6,Undirected,1,2023
"Biernacka, Paulina_2025-11-19T21:17:14",69825516c835c41957dfa4fc,Undirected,1,2023
"De Clercq, Wim_2025-11-19T21:17:14",69825516c835c41957dfa4fc,Undirected,1,2023
"Dewaele, Stijn_2025-11-19T21:17:14",69825516c835c41957dfa4fc,Undirected,1,2023
"Vanhaecke, Frank_2025-11-19T21:17:14",69825516c835c41957dfa4fc,Undirected,1,2023
"De Grave, Johan_2025-11-19T21:17:14",69825516c835c41957dfa4fc,Undirected,1,2023
"Bakirov, Bulat_2025-11-19T21:18:04",69825516c835c41957dfa821,Undirected,1,2023
"Smirnova, Veronica_2025-11-19T21:18:04",69825516c835c41957dfa821,Undirected,1,2023
"Kichanov, Sergey_2025-11-19T21:18:04",69825516c835c41957dfa821,Undirected,1,2023
"Shaykhutdinova, Eugenia_2025-11-19T21:18:04",69825516c835c41957dfa821,Undirected,1,2023
"Murashev, Mikhail_2025-11-19T21:18:04",69825516c835c41957dfa821,Undirected,1,2023
"Kozlenko, Denis_2025-11-19T21:18:04",69825516c835c41957dfa821,Undirected,1,2023
"Sitdikov, Ayrat G._2025-11-19T21:20:37",69825516c835c41957dfa821,Undirected,1,2023
"Strobl, Markus_2025-11-19T21:18:04",69825516c835c41957dfa821,Undirected,1,2023
"Colombo, Antony_2025-11-19T21:18:49",69825516c835c41957dfac47,Undirected,1,2023
"Deguilloux, Marie-France_2025-11-19T21:18:49",69825516c835c41957dfac47,Undirected,1,2023
"Pruvost, Mélanie_2025-11-19T21:18:49",69825516c835c41957dfac47,Undirected,1,2023
"Comte, Florent_2025-11-19T21:18:49",69825516c835c41957dfac47,Undirected,1,2023
"Saint-Pierre, Christophe_2025-11-19T21:18:49",69825516c835c41957dfac47,Undirected,1,2023
"Billoin, David_2025-11-19T21:18:50",69825516c835c41957dfac61,Undirected,1,2023
"Gandel, Philippe_2025-11-19T21:18:50",69825516c835c41957dfac61,Undirected,1,2023
"Marcelli, Marina_2025-11-19T21:18:59",69825516c835c41957dfad66,Undirected,1,2023
"Alapont, Llorenç_2025-11-19T21:18:30",69825516c835c41957dfad66,Undirected,1,2023
"Evans, Sarah F._2025-11-19T21:18:59",69825516c835c41957dfad66,Undirected,1,2023
"Cicone, Chiara_2025-11-19T21:18:59",69825516c835c41957dfad66,Undirected,1,2023
"Hanut, Frédéric_2025-11-19T21:19:00",69825516c835c41957dfad8c,Undirected,1,2023
"Destexhe, Guy_2025-11-19T21:19:00",69825516c835c41957dfad8c,Undirected,1,2023
"Laforest, Caroline_2025-11-19T21:19:00",69825516c835c41957dfad8c,Undirected,1,2023
"Polet, Caroline_2025-11-19T21:19:00",69825516c835c41957dfad8c,Undirected,1,2023
"Goffette, Quentin_2025-11-19T21:19:00",69825516c835c41957dfad8c,Undirected,1,2023
"Marcelli, Marina_2025-11-19T21:18:59",69825516c835c41957dfad8d,Undirected,1,2023
"Alapont, Llorenç_2025-11-19T21:18:30",69825516c835c41957dfad8d,Undirected,1,2023
"Evans, Sarah F._2025-11-19T21:18:59",69825516c835c41957dfad8d,Undirected,1,2023
"Cicone, Chiara_2025-11-19T21:18:59",69825516c835c41957dfad8d,Undirected,1,2023
"Oteo-Garcia, Gonzalo_2025-11-19T21:18:30",69825516c835c41957dfadc8,Undirected,1,2023
"Alapont, Llorenç_2025-11-19T21:18:30",69825516c835c41957dfadc8,Undirected,1,2023
"Beneyto, Josep Pascual_2025-11-19T21:19:03",69825516c835c41957dfadc8,Undirected,1,2023
"Foody, M George B_2025-11-19T21:18:30",69825516c835c41957dfadc8,Undirected,1,2023
"Yau, Bobby_2025-11-19T21:18:30",69825516c835c41957dfadc8,Undirected,1,2023
"Pala, Maria_2025-11-19T21:18:30",69825516c835c41957dfadc8,Undirected,1,2023
"Edwards, Ceiridwen Jane_2025-11-19T21:21:20",69825516c835c41957dfadc8,Undirected,1,2023
"Richards, Martin B._2025-11-19T21:21:20",69825516c835c41957dfadc8,Undirected,1,2023
"Oteo-Garcia, Gonzalo_2025-11-19T21:18:30",69825516c835c41957dfaddf,Undirected,1,2023
"Alapont, Llorenç_2025-11-19T21:18:30",69825516c835c41957dfaddf,Undirected,1,2023
"Beneyto, Josep Pascual_2025-11-19T21:19:03",69825516c835c41957dfaddf,Undirected,1,2023
"Yau, Bobby_2025-11-19T21:18:30",69825516c835c41957dfaddf,Undirected,1,2023
"Pala, Maria_2025-11-19T21:18:30",69825516c835c41957dfaddf,Undirected,1,2023
"Edwards, Ceiridwen Jane_2025-11-19T21:21:20",69825516c835c41957dfaddf,Undirected,1,2023
"Richards, Martin B._2025-11-19T21:21:20",69825516c835c41957dfaddf,Undirected,1,2023
"Hanut, Frédéric_2025-11-19T21:19:00",69825516c835c41957dfae05,Undirected,1,2023
"Destexhe, Guy_2025-11-19T21:19:00",69825516c835c41957dfae05,Undirected,1,2023
"Laforest, Caroline_2025-11-19T21:19:00",69825516c835c41957dfae05,Undirected,1,2023
"Polet, Caroline_2025-11-19T21:19:00",69825516c835c41957dfae05,Undirected,1,2023
"Goffette, Quentin_2025-11-19T21:19:00",69825516c835c41957dfae05,Undirected,1,2023
"Berranger, Marion_2025-11-19T21:19:04",69825516c835c41957dfb3d2,Undirected,1,2023
"Leroy, Marc_2025-11-19T21:20:07",69825516c835c41957dfb3d2,Undirected,1,2023
"Laurent, Hervé_2025-11-19T21:20:07",69825516c835c41957dfb3d2,Undirected,1,2023
"de Vahl, Erik_2025-11-19T21:18:04",69825516c835c41957dfbfed,Undirected,1,2023
"Mattalia, Giulia_2025-11-19T21:22:38",69825516c835c41957dfbfed,Undirected,1,2023
"Svanberg, Ingvar_2025-11-19T21:18:04",69825516c835c41957dfbfed,Undirected,1,2023
"Wärmländer, Sebastian K.T.S._2025-11-19T21:14:17",69825516c835c41957dfc0b8,Undirected,1,2023
"Ljungkvist, John_2025-11-19T21:14:17",69825516c835c41957dfc0b8,Undirected,1,2023
"Jahrehorn, Max_2025-11-19T21:14:17",69825516c835c41957dfc0b8,Undirected,1,2023
"Hennius, Andreas_2025-11-19T21:14:17",69825516c835c41957dfc0b8,Undirected,1,2023
"Kriletić, Barbara_2025-11-19T21:23:02",69825516c835c41957dfc206,Undirected,1,2023
"Ivanušec, Danimirka_2025-11-19T21:23:02",69825516c835c41957dfc206,Undirected,1,2023
"Carić, Mario_2025-11-19T21:15:52",69825516c835c41957dfc206,Undirected,1,2023
"Novak, Mario_2025-11-19T21:17:54",69825516c835c41957dfc206,Undirected,1,2023
"Rebay‐Salisbury, Katharina_2025-11-19T21:18:03",69825516c835c41957dfe428,Undirected,1,2023
"Fitzpatrick, Andrew P._2025-11-19T21:30:42",69825516c835c41957dfe428,Undirected,1,2023
"Haselgrove, Colin_2025-11-19T21:30:42",69825516c835c41957dfe429,Undirected,1,2023
"Rebay‐Salisbury, Katharina_2025-11-19T21:18:03",69825516c835c41957dfe429,Undirected,1,2023
"Burmeister, Stefan_2025-11-19T21:30:42",69825516c835c41957dfe429,Undirected,1,2023
"Gebühr, Michael_2025-11-19T21:30:42",69825516c835c41957dfe429,Undirected,1,2023
"Haselgrove, Colin_2025-11-19T21:30:42",69825516c835c41957dfe42a,Undirected,1,2023
"Rebay‐Salisbury, Katharina_2025-11-19T21:18:03",69825516c835c41957dfe42a,Undirected,1,2023
"Haselgrove, Colin_2025-11-19T21:30:42",69825516c835c41957dfe66f,Undirected,1,2023
"Rebay‐Salisbury, Katharina_2025-11-19T21:18:03",69825516c835c41957dfe66f,Undirected,1,2023
"Wells, Peter S._2025-11-19T21:17:29",69825516c835c41957dfe66f,Undirected,1,2023
"Lang, Valter_2025-11-19T21:31:48",69825516c835c41957dfe66f,Undirected,1,2023
"Haselgrove, Colin_2025-11-19T21:30:42",69825516c835c41957dfe670,Undirected,1,2023
"Rebay‐Salisbury, Katharina_2025-11-19T21:18:03",69825516c835c41957dfe670,Undirected,1,2023
"Wells, Peter S._2025-11-19T21:17:29",69825516c835c41957dfe670,Undirected,1,2023
"Nowakowski, Wojciech_2025-11-19T21:24:05",69825516c835c41957dfe670,Undirected,1,2023
"Haselgrove, Colin_2025-11-19T21:30:42",69825516c835c41957dfe671,Undirected,1,2023
"Rebay‐Salisbury, Katharina_2025-11-19T21:18:03",69825516c835c41957dfe671,Undirected,1,2023
"Wells, Peter S._2025-11-19T21:17:29",69825516c835c41957dfe671,Undirected,1,2023
"Rustoiu, Aurel_2025-11-19T21:31:48",69825516c835c41957dfe671,Undirected,1,2023
"Haselgrove, Colin_2025-11-19T21:30:42",69825516c835c41957dfe6d3,Undirected,1,2023
"Rebay‐Salisbury, Katharina_2025-11-19T21:18:03",69825516c835c41957dfe6d3,Undirected,1,2023
"Wells, Peter S._2025-11-19T21:17:29",69825516c835c41957dfe6d3,Undirected,1,2023
"Reinhold, Sabine_2025-11-19T21:31:55",69825516c835c41957dfe6d3,Undirected,1,2023
"Mordvintseva, Valentina I._2025-11-19T21:31:55",69825516c835c41957dfe6d3,Undirected,1,2023
"Haselgrove, Colin_2025-11-19T21:30:42",69825516c835c41957dfe6d4,Undirected,1,2023
"Rebay‐Salisbury, Katharina_2025-11-19T21:18:03",69825516c835c41957dfe6d4,Undirected,1,2023
"Wells, Peter S._2025-11-19T21:17:29",69825516c835c41957dfe6d4,Undirected,1,2023
"Gimatzidis, Stefanos_2025-11-19T21:31:55",69825516c835c41957dfe6d4,Undirected,1,2023
"Haselgrove, Colin_2025-11-19T21:30:42",69825516c835c41957dfe789,Undirected,1,2023
"Rebay‐Salisbury, Katharina_2025-11-19T21:18:03",69825516c835c41957dfe789,Undirected,1,2023
"Wells, Peter S._2025-11-19T21:17:29",69825516c835c41957dfe789,Undirected,1,2023
"Rogers, Adam_2025-11-19T21:32:09",69825516c835c41957dfe789,Undirected,1,2023
"Haselgrove, Colin_2025-11-19T21:30:42",69825516c835c41957dfe78c,Undirected,1,2023
"Rebay‐Salisbury, Katharina_2025-11-19T21:18:03",69825516c835c41957dfe78c,Undirected,1,2023
"Wells, Peter S._2025-11-19T21:17:29",69825516c835c41957dfe78c,Undirected,1,2023
"James, Simon_2025-11-19T21:25:58",69825516c835c41957dfe78c,Undirected,1,2023
"Göhring, Andrea_2025-11-19T21:27:37",69825517c835c41957e00de9,Undirected,1,2023
"Hölzl, Stefan_2025-11-19T21:48:01",69825517c835c41957e00de9,Undirected,1,2023
"Mayr, Christoph_2025-11-19T21:21:39",69825517c835c41957e00de9,Undirected,1,2023
"Strauss, Harald_2025-11-19T21:48:01",69825517c835c41957e00de9,Undirected,1,2023
"Smith, Kevin P._2025-11-19T21:26:27",69825517c835c41957e00f6e,Undirected,1,2023
"Ólafsson, Guðmundur_2025-11-19T21:41:04",69825517c835c41957e00f6e,Undirected,1,2023
"Peltola, Sanni_2025-11-19T21:48:33",69825517c835c41957e00fc4,Undirected,1,2023
"Majander, Kerttu_2025-11-19T21:47:49",69825517c835c41957e00fc4,Undirected,1,2023
"Makarov, Nikolaj_2025-11-19T21:48:33",69825517c835c41957e00fc4,Undirected,1,2023
"Dobrovolskaya, Maria_2025-11-19T21:48:33",69825517c835c41957e00fc4,Undirected,1,2023
"Nordqvist, Kerkko_2025-11-19T21:48:33",69825517c835c41957e00fc4,Undirected,1,2023
"Salmela, Elina_2025-11-19T21:48:33",69825517c835c41957e00fc4,Undirected,1,2023
"Onkamo, Päivi_2025-11-19T21:48:33",69825517c835c41957e00fc4,Undirected,1,2023
"Rodríguez-Varela, Ricardo_2025-11-19T21:17:53",69825517c835c41957e00fc5,Undirected,1,2023
"Moore, Kristjan H S_2025-11-19T21:48:01",69825517c835c41957e00fc5,Undirected,1,2023
"Ebenesersdóttir, S. Sunna_2025-11-19T21:48:08",69825517c835c41957e00fc5,Undirected,1,2023
"Kilinc, Gulsah Merve_2025-11-19T21:18:24",69825517c835c41957e00fc5,Undirected,1,2023
"Papmehl-Dufay, Ludvig_2025-11-19T21:48:33",69825517c835c41957e00fc5,Undirected,1,2023
"Alfsdotter, Clara_2025-11-19T21:48:17",69825517c835c41957e00fc5,Undirected,1,2023
"Berglund, Birgitta_2025-11-19T21:48:33",69825517c835c41957e00fc5,Undirected,1,2023
"Alrawi, Loey_2025-11-19T21:48:33",69825517c835c41957e00fc5,Undirected,1,2023
"Kashuba, Natalija_2025-11-19T21:22:42",69825517c835c41957e00fc5,Undirected,1,2023
"Sobrado, Veronica_2025-11-19T21:18:24",69825517c835c41957e00fc5,Undirected,1,2023
"Lagerholm, Vendela Kempe_2025-11-19T21:17:53",69825517c835c41957e00fc5,Undirected,1,2023
"Gilbert, Edmund_2025-11-19T21:48:33",69825517c835c41957e00fc5,Undirected,1,2023
"Cavalleri, Gianpiero L._2025-11-19T21:48:33",69825517c835c41957e00fc5,Undirected,1,2023
"Hovig, Eivind_2025-11-19T21:48:33",69825517c835c41957e00fc5,Undirected,1,2023
"Kockum, Ingrid_2025-11-19T21:48:33",69825517c835c41957e00fc5,Undirected,1,2023
"Olsson, Tomas_2025-11-19T21:48:33",69825517c835c41957e00fc5,Undirected,1,2023
"Alfredsson, Lars_2025-11-19T21:48:33",69825517c835c41957e00fc5,Undirected,1,2023
"Hansen, Thomas F._2025-11-19T21:48:33",69825517c835c41957e00fc5,Undirected,1,2023
"Werge, Thomas_2025-11-19T21:48:33",69825517c835c41957e00fc5,Undirected,1,2023
"Munters, Arielle R._2025-11-19T21:38:00",69825517c835c41957e00fc5,Undirected,1,2023
"Bernhardsson, Carolina_2025-11-19T21:48:33",69825517c835c41957e00fc5,Undirected,1,2023
"Skar, Birgitte_2025-11-19T21:22:38",69825517c835c41957e00fc5,Undirected,1,2023
"Christophersen, Axel_2025-11-19T21:48:14",69825517c835c41957e00fc5,Undirected,1,2023
"Turner-Walker, Gordon_2025-11-19T21:22:38",69825517c835c41957e00fc5,Undirected,1,2023
"Gopalakrishnan, Shyam_2025-11-19T21:47:13",69825517c835c41957e00fc5,Undirected,1,2023
"Daskalaki, Eva_2025-11-19T21:48:33",69825517c835c41957e00fc5,Undirected,1,2023
"Omrak, Ayca_2025-11-19T21:18:24",69825517c835c41957e00fc5,Undirected,1,2023
"Pérez-Ramallo, Patxi_2025-11-19T21:17:18",69825517c835c41957e00fc5,Undirected,1,2023
"Skoglund, Pontus_2025-11-19T21:18:13",69825517c835c41957e00fc5,Undirected,1,2023
"Girdland-Flink, Linus_2025-11-19T21:22:42",69825517c835c41957e00fc5,Undirected,1,2023
"Gunnarsson, Fredrik_2025-11-19T21:48:33",69825517c835c41957e00fc5,Undirected,1,2023
"Jonson, Charlotte Hedenstierna_2025-11-19T21:22:38",69825517c835c41957e00fc5,Undirected,1,2023
"GILBERT, M. THOMAS P._2025-11-19T21:25:08",69825517c835c41957e00fc5,Undirected,1,2023
"Lidén, Kerstin_2025-11-19T21:21:14",69825517c835c41957e00fc5,Undirected,1,2023
"Jakobsson, Mattias_2025-11-19T21:18:24",69825517c835c41957e00fc5,Undirected,1,2023
"Einarsson, Lars_2025-11-19T21:48:33",69825517c835c41957e00fc5,Undirected,1,2023
"Victor, Helena_2025-11-19T21:48:33",69825517c835c41957e00fc5,Undirected,1,2023
"Krzewińska, Maja_2025-11-19T21:17:53",69825517c835c41957e00fc5,Undirected,1,2023
"Zachrisson, Torun_2025-11-19T21:17:05",69825517c835c41957e00fc5,Undirected,1,2023
"Storå, Jan_2025-11-19T21:17:07",69825517c835c41957e00fc5,Undirected,1,2023
"Stefánsson, Kari_2025-11-19T21:25:06",69825517c835c41957e00fc5,Undirected,1,2023
"Helgason, Agnar_2025-11-19T21:48:33",69825517c835c41957e00fc5,Undirected,1,2023
"Götherström, Anders_2025-11-19T21:17:53",69825517c835c41957e00fc5,Undirected,1,2023
"Anna, Kjellström._2025-11-19T21:17:05",69825517c835c41957e00fc5,Undirected,1,2023
"Sebo, Erin_2025-11-19T21:17:35",69825517c835c41957e00fc7,Undirected,1,2023
"Wiseman, C._2025-11-19T21:48:34",69825517c835c41957e00fc7,Undirected,1,2023
"McCarthy, John_2025-11-19T21:34:05",69825517c835c41957e00fc7,Undirected,1,2023
"Baggaley, P._2025-11-19T21:48:34",69825517c835c41957e00fc7,Undirected,1,2023
"Jerbic, K._2025-11-19T21:48:34",69825517c835c41957e00fc7,Undirected,1,2023
"Benjamin, Jonathan_2025-11-19T21:34:05",69825517c835c41957e00fc7,Undirected,1,2023
"Kempf, Michael_2025-11-19T21:31:47",69825517c835c41957e0100b,Undirected,1,2023
"Depaermentier, Margaux L. C._2025-11-19T21:48:38",69825517c835c41957e0100b,Undirected,1,2023
"De Smedt, Philippe_2025-11-19T21:25:11",69825517c835c41957e0100b,Undirected,1,2023
"Larsson, Mikael_2025-11-19T21:48:36",69825517c835c41957e0100c,Undirected,1,2023
"Foley, Brendan_2025-11-19T21:17:28",69825517c835c41957e0100c,Undirected,1,2023
"Hart, John P._2025-11-19T21:32:18",69825517c835c41957e0100c,Undirected,1,2023
"Brødholt, Elin T._2025-11-19T21:48:13",69825517c835c41957e0100e,Undirected,1,2023
"Gautvik, Kaare M._2025-11-19T21:48:13",69825517c835c41957e0100e,Undirected,1,2023
"Benedictow, Ole Jørgen_2025-11-19T21:24:02",69825517c835c41957e0100e,Undirected,1,2023
"Günther, Clara-Cecilie_2025-11-19T21:48:13",69825517c835c41957e0100e,Undirected,1,2023
"Sjøvold, Torstein_2025-11-19T21:48:13",69825517c835c41957e0100e,Undirected,1,2023
"Holck, Per_2025-11-19T21:17:36",69825517c835c41957e0100e,Undirected,1,2023
"Waxenberger, Gaby_2025-11-19T21:26:12",69825517c835c41957e0104e,Undirected,1,2023
"Kazzazi, Kerstin_2025-11-19T21:48:42",69825517c835c41957e0104e,Undirected,1,2023
"Hines, John_2025-11-19T21:16:21",69825517c835c41957e0104e,Undirected,1,2023
"Haselgrove, Colin_2025-11-19T21:30:42",69825517c835c41957e0106b,Undirected,1,2023
"Rebay‐Salisbury, Katharina_2025-11-19T21:18:03",69825517c835c41957e0106b,Undirected,1,2023
"Wells, Peter S._2025-11-19T21:17:29",69825517c835c41957e0106b,Undirected,1,2023
"Haselgrove, Colin_2025-11-19T21:30:42",69825517c835c41957e0106c,Undirected,1,2023
"Rebay‐Salisbury, Katharina_2025-11-19T21:18:03",69825517c835c41957e0106c,Undirected,1,2023
"Wells, Peter S._2025-11-19T21:17:29",69825517c835c41957e0106c,Undirected,1,2023
"Krausz, Sophie_2025-11-19T21:48:44",69825517c835c41957e0106c,Undirected,1,2023
"Göhring, Andrea_2025-11-19T21:27:37",69825517c835c41957e0109f,Undirected,1,2023
"Hölzl, Stefan_2025-11-19T21:48:01",69825517c835c41957e0109f,Undirected,1,2023
"Mayr, Christoph_2025-11-19T21:21:39",69825517c835c41957e0109f,Undirected,1,2023
"Strauss, Harald_2025-11-19T21:48:01",69825517c835c41957e0109f,Undirected,1,2023
"Mitusov, A.V._2025-11-19T21:48:50",69825517c835c41957e010d2,Undirected,1,2023
"Wendt, Jann_2025-11-19T21:49:14",69825517c835c41957e010d2,Undirected,1,2023
"Khamnueva-Wendt, Svetlana_2025-11-19T21:15:35",69825517c835c41957e010d2,Undirected,1,2023
"Khrisanov, V.R._2025-11-19T21:48:50",69825517c835c41957e010d2,Undirected,1,2023
"Emadodin, I._2025-11-19T21:48:50",69825517c835c41957e010d2,Undirected,1,2023
"Kurgaeva, Anastasiia_2025-11-19T21:15:35",69825517c835c41957e010d2,Undirected,1,2023
"Bork, Hans-Rudolf_2025-11-19T21:15:35",69825517c835c41957e010d2,Undirected,1,2023
"Ives, Rachel_2025-11-19T21:24:41",69825517c835c41957e010d4,Undirected,1,2023
"Swan, Karen_2025-11-19T21:47:48",69825517c835c41957e010d4,Undirected,1,2023
"Humphrey, Louise_2025-11-19T21:47:48",69825517c835c41957e010d4,Undirected,1,2023
"Velte, Maren_2025-11-19T21:48:51",69825517c835c41957e010db,Undirected,1,2023
"Czermak, Andrea_2025-11-19T21:39:29",69825517c835c41957e010db,Undirected,1,2023
"Grigat, Andrea_2025-11-19T21:48:51",69825517c835c41957e010db,Undirected,1,2023
"Haas-Gebhard, Brigitte_2025-11-19T21:34:28",69825517c835c41957e010db,Undirected,1,2023
"Gairhos, Anja_2025-11-19T21:34:28",69825517c835c41957e010db,Undirected,1,2023
"Toncala, Anita_2025-11-19T21:48:51",69825517c835c41957e010db,Undirected,1,2023
"Trautmann, Bernd_2025-11-19T21:34:28",69825517c835c41957e010db,Undirected,1,2023
"Haberstroh, Jochen_2025-11-19T21:18:25",69825517c835c41957e010db,Undirected,1,2023
"Päffgen, Bernd_2025-11-19T21:34:28",69825517c835c41957e010db,Undirected,1,2023
"von Heyking, Kristin_2025-11-19T21:28:38",69825517c835c41957e010db,Undirected,1,2023
"Lösch, Sandra_2025-11-19T21:15:36",69825517c835c41957e010db,Undirected,1,2023
"Burger, Joachim_2025-11-19T21:16:49",69825517c835c41957e010db,Undirected,1,2023
"Harbeck, Michaela_2025-11-19T21:28:38",69825517c835c41957e010db,Undirected,1,2023
"Bondioli, Luca_2025-11-19T21:32:18",69825517c835c41957e010db,Undirected,1,2023
"Vassallo, Alberto_2025-11-19T21:48:53",69825517c835c41957e010f4,Undirected,1,2023
"Modi, Alessandra_2025-11-19T21:15:24",69825517c835c41957e010f4,Undirected,1,2023
"Quagliariello, Andrea_2025-11-19T21:48:53",69825517c835c41957e010f4,Undirected,1,2023
"Bacci, Giovanni_2025-11-19T21:48:53",69825517c835c41957e010f4,Undirected,1,2023
"Faddetta, Teresa_2025-11-19T21:48:53",69825517c835c41957e010f4,Undirected,1,2023
"Gallo, Michele_2025-11-19T21:48:53",69825517c835c41957e010f4,Undirected,1,2023
"Provenzano, Aldesia_2025-11-19T21:48:53",69825517c835c41957e010f4,Undirected,1,2023
"La Barbera, Andrea_2025-11-19T21:48:53",69825517c835c41957e010f4,Undirected,1,2023
"Lombardo, Giovanna_2025-11-19T21:48:53",69825517c835c41957e010f4,Undirected,1,2023
"Maggini, Valentina_2025-11-19T21:48:53",69825517c835c41957e010f4,Undirected,1,2023
"Firenzuoli, Fabio_2025-11-19T21:48:53",69825517c835c41957e010f4,Undirected,1,2023
"Zaccaroni, Marco_2025-11-19T21:48:53",69825517c835c41957e010f4,Undirected,1,2023
"Gallo, Giuseppe_2025-11-19T21:48:53",69825517c835c41957e010f4,Undirected,1,2023
"Caramelli, David_2025-11-19T21:15:24",69825517c835c41957e010f4,Undirected,1,2023
"Aleo Nero, Carla_2025-11-19T21:48:53",69825517c835c41957e010f4,Undirected,1,2023
"Baldi, Franco_2025-11-19T21:48:53",69825517c835c41957e010f4,Undirected,1,2023
"Fani, Renato_2025-11-19T21:48:53",69825517c835c41957e010f4,Undirected,1,2023
"Palumbo Piccionello, Antonio_2025-11-19T21:48:53",69825517c835c41957e010f4,Undirected,1,2023
"Pucciarelli, Sandra_2025-11-19T21:48:53",69825517c835c41957e010f4,Undirected,1,2023
"Puglia, Anna Maria_2025-11-19T21:48:53",69825517c835c41957e010f4,Undirected,1,2023
"Sineo, Luca_2025-11-19T21:24:40",69825517c835c41957e010f4,Undirected,1,2023
"Morez, Adeline_2025-11-19T21:22:42",69825517c835c41957e01108,Undirected,1,2023
"Britton, Kate_2025-11-19T21:18:30",69825517c835c41957e01108,Undirected,1,2023
"Noble, Gordon_2025-11-19T21:15:49",69825517c835c41957e01108,Undirected,1,2023
"Günther, Torsten_2025-11-19T21:18:24",69825517c835c41957e01108,Undirected,1,2023
"Götherström, Anders_2025-11-19T21:17:53",69825517c835c41957e01108,Undirected,1,2023
"Rodríguez-Varela, Ricardo_2025-11-19T21:17:53",69825517c835c41957e01108,Undirected,1,2023
"Kashuba, Natalija_2025-11-19T21:22:42",69825517c835c41957e01108,Undirected,1,2023
"Martiniano, Rui_2025-11-19T21:22:38",69825517c835c41957e01108,Undirected,1,2023
"Talamo, Sahra_2025-11-19T21:22:42",69825517c835c41957e01108,Undirected,1,2023
"Evans, Nicholas J._2025-11-19T21:17:22",69825517c835c41957e01108,Undirected,1,2023
"Irish, Joel D._2025-11-19T21:16:46",69825517c835c41957e01108,Undirected,1,2023
"Donald, Christina_2025-11-19T21:22:42",69825517c835c41957e01108,Undirected,1,2023
"Girdland-Flink, Linus_2025-11-19T21:22:42",69825517c835c41957e01108,Undirected,1,2023
"Helén, Andreas_2025-11-19T21:48:56",69825517c835c41957e01121,Undirected,1,2023
"Eliasson, Anders_2025-11-19T21:48:56",69825517c835c41957e01121,Undirected,1,2023
"Wärmländer, Sebastian K.T.S._2025-11-19T21:14:17",69825517c835c41957e01121,Undirected,1,2023
"Ashby, Steven P._2025-11-19T21:24:59",69825517c835c41957e0112b,Undirected,1,2023
Lewis Tomlinson_2025-11-19T21:48:56,69825517c835c41957e0112b,Undirected,1,2023
"Presslee, Samantha_2025-11-19T21:15:34",69825517c835c41957e0112b,Undirected,1,2023
"Hendy, Jessica_2025-11-19T21:15:34",69825517c835c41957e0112b,Undirected,1,2023
Alex Bliss_2025-11-19T21:48:56,69825517c835c41957e0112b,Undirected,1,2023
"Minter, Faye_2025-11-19T21:35:54",69825517c835c41957e0112b,Undirected,1,2023
Dan Brock_2025-11-19T21:48:56,69825517c835c41957e0112b,Undirected,1,2023
"Granado, José_2025-11-19T21:22:54",69825517c835c41957e01198,Undirected,1,2023
"Wright, Elizabeth_2025-11-19T21:22:54",69825517c835c41957e01198,Undirected,1,2023
"Blatter, Robert_2025-11-19T21:27:49",69825517c835c41957e01198,Undirected,1,2023
"Lange, Jürg_2025-11-19T21:49:10",69825517c835c41957e01198,Undirected,1,2023
"Turgay, Meral_2025-11-19T21:27:49",69825517c835c41957e01198,Undirected,1,2023
"Bañuelos, Laura_2025-11-19T21:49:10",69825517c835c41957e01198,Undirected,1,2023
"Deschler-Erb, Sabine_2025-11-19T21:22:54",69825517c835c41957e01198,Undirected,1,2023
"Stopp, Barbara_2025-11-19T21:21:36",69825517c835c41957e01198,Undirected,1,2023
"Marti-Grädel, Elisabeth_2025-11-19T21:22:54",69825517c835c41957e01198,Undirected,1,2023
"Schäfer, Marguerita_2025-11-19T21:22:54",69825517c835c41957e01198,Undirected,1,2023
"Grau-Sologestoa, Idoia_2025-11-19T21:42:25",69825517c835c41957e01198,Undirected,1,2023
"Ammann, Sandra_2025-11-19T21:49:10",69825517c835c41957e01198,Undirected,1,2023
"Schmid, Debora_2025-11-19T21:49:10",69825517c835c41957e01198,Undirected,1,2023
"Furger, Alex R._2025-11-19T21:49:10",69825517c835c41957e01198,Undirected,1,2023
"Marti, Reto_2025-11-19T21:40:56",69825517c835c41957e01198,Undirected,1,2023
"Schibler, Jörg_2025-11-19T21:22:54",69825517c835c41957e01198,Undirected,1,2023
"Schlumbaum, Angela_2025-11-19T21:22:54",69825517c835c41957e01198,Undirected,1,2023
"McKerracher, Mark_2025-11-19T21:18:37",69825517c835c41957e0119f,Undirected,1,2023
"Hamerow, H. F._2025-11-19T21:35:34",69825517c835c41957e0119f,Undirected,1,2023
"Bogaard, Amy_2025-11-19T21:35:57",69825517c835c41957e0119f,Undirected,1,2023
"Ramsey, Christopher Bronk_2025-11-19T21:39:11",69825517c835c41957e0119f,Undirected,1,2023
"Charles, Michael_2025-11-19T21:39:11",69825517c835c41957e0119f,Undirected,1,2023
"Forster, Emily_2025-11-19T21:35:57",69825517c835c41957e0119f,Undirected,1,2023
John Hodgson_2025-11-19T21:49:11,69825517c835c41957e0119f,Undirected,1,2023
"Holmes, Matilda_2025-11-19T21:17:32",69825517c835c41957e0119f,Undirected,1,2023
"Neil, Samantha_2025-11-19T21:35:57",69825517c835c41957e0119f,Undirected,1,2023
"Roushannafas, Tina_2025-11-19T21:18:37",69825517c835c41957e0119f,Undirected,1,2023
"Stroud, Elizabeth_2025-11-19T21:35:57",69825517c835c41957e0119f,Undirected,1,2023
"Thomas, Richard_2025-11-19T21:35:57",69825517c835c41957e0119f,Undirected,1,2023
"Nikita, Efthymia_2025-11-19T21:17:37",69825517c835c41957e011b3,Undirected,1,2023
"Radini, Anita_2025-11-19T21:49:12",69825517c835c41957e011b3,Undirected,1,2023
"Khamnueva-Wendt, Svetlana_2025-11-19T21:15:35",69825517c835c41957e011d2,Undirected,1,2023
"Wendt, Jann_2025-11-19T21:49:14",69825517c835c41957e011d2,Undirected,1,2023
"Mitusov, Andrey_2025-11-19T21:49:14",69825517c835c41957e011d2,Undirected,1,2023
"Kessler, Matthias_2025-11-19T21:49:14",69825517c835c41957e011d2,Undirected,1,2023
"Siem, Hans-Kurt_2025-11-19T21:49:14",69825517c835c41957e011d2,Undirected,1,2023
"Carnap-Bornheim, Claus von_2025-11-19T21:40:50",69825517c835c41957e011d2,Undirected,1,2023
"Bork, Hans-Rudolf_2025-11-19T21:15:35",69825517c835c41957e011d2,Undirected,1,2023
"Meier, Mischa_2025-11-19T21:29:02",69825517c835c41957e011f8,Undirected,1,2023
"PATZOLD, STEFFEN_2025-11-19T21:25:30",69825517c835c41957e011f8,Undirected,1,2023
"Mir-Makhamad, Basira_2025-11-19T21:16:48",69825517c835c41957e0126e,Undirected,1,2023
"Stark, Sören_2025-11-19T21:16:48",69825517c835c41957e0126e,Undirected,1,2023
"Mirzaakhmedov, Sirojidin_2025-11-19T21:16:48",69825517c835c41957e0126e,Undirected,1,2023
"Rahmonov, Husniddin_2025-11-19T21:16:48",69825517c835c41957e0126e,Undirected,1,2023
"Spengler, Robert N_2025-11-19T21:49:25",69825517c835c41957e0126e,Undirected,1,2023
"Stolarek, Ireneusz_2025-11-19T21:49:25",69825517c835c41957e01274,Undirected,1,2023
"Zenczak, Michal_2025-11-19T21:49:25",69825517c835c41957e01274,Undirected,1,2023
"Handschuh, Luiza_2025-11-19T21:49:25",69825517c835c41957e01274,Undirected,1,2023
"Juras, Anna_2025-11-19T21:17:06",69825517c835c41957e01274,Undirected,1,2023
"Marcinkowska-Swojak, Malgorzata_2025-11-19T21:49:25",69825517c835c41957e01274,Undirected,1,2023
"Spinek, Anna_2025-11-19T21:49:25",69825517c835c41957e01274,Undirected,1,2023
"Dębski, Artur_2025-11-19T21:49:25",69825517c835c41957e01274,Undirected,1,2023
"Matla, Marzena_2025-11-19T21:49:25",69825517c835c41957e01274,Undirected,1,2023
"Kóčka-Krenz, Hanna_2025-11-19T21:49:25",69825517c835c41957e01274,Undirected,1,2023
"Piontek, Janusz_2025-11-19T21:17:06",69825517c835c41957e01274,Undirected,1,2023
"Figlerowicz, Marek_2025-11-19T21:49:25",69825517c835c41957e01274,Undirected,1,2023
"Björklund, Jesper_2025-11-19T21:49:26",69825517c835c41957e01286,Undirected,1,2023
"Seftigen, Kristina_2025-11-19T21:25:49",69825517c835c41957e01286,Undirected,1,2023
"Stoffel, Markus_2025-11-19T21:18:20",69825517c835c41957e01286,Undirected,1,2023
"Fonti, Marina V_2025-11-19T21:49:26",69825517c835c41957e01286,Undirected,1,2023
"Kottlow, Sven_2025-11-19T21:49:26",69825517c835c41957e01286,Undirected,1,2023
"Frank, David C._2025-11-19T21:25:40",69825517c835c41957e01286,Undirected,1,2023
"Esper, Jan_2025-11-19T21:15:51",69825517c835c41957e01286,Undirected,1,2023
"Fonti, Patrick_2025-11-19T21:22:42",69825517c835c41957e01286,Undirected,1,2023
"Goosse, Hugues_2025-11-19T21:49:26",69825517c835c41957e01286,Undirected,1,2023
"Grudd, Håkan_2025-11-19T21:47:34",69825517c835c41957e01286,Undirected,1,2023
"Gunnarson, Björn E_2025-11-19T21:47:34",69825517c835c41957e01286,Undirected,1,2023
"Nievergelt, Daniel_2025-11-19T21:49:26",69825517c835c41957e01286,Undirected,1,2023
"Pellizzari, Elena_2025-11-19T21:49:26",69825517c835c41957e01286,Undirected,1,2023
"Carrer, Marco_2025-11-19T21:49:26",69825517c835c41957e01286,Undirected,1,2023
"von Arx, Georg_2025-11-19T21:49:26",69825517c835c41957e01286,Undirected,1,2023
"Kirchner, Helena_2025-11-19T21:22:16",69825517c835c41957e012b3,Undirected,1,2023
"García-Contreras, Guillermo_2025-11-19T21:49:29",69825517c835c41957e012b3,Undirected,1,2023
"Fenwick, Corisande_2025-11-19T21:18:37",69825517c835c41957e012b3,Undirected,1,2023
"Pluskowski, Aleksander G._2025-11-19T21:16:39",69825517c835c41957e012b3,Undirected,1,2023
"Thomas, David Hurst_2025-11-19T21:51:04",69825517c835c41957e01899,Undirected,1,2023
"Rhode, David_2025-11-19T21:51:04",69825517c835c41957e01899,Undirected,1,2023
"Millar, Constance I._2025-11-19T21:51:04",69825517c835c41957e01899,Undirected,1,2023
"Kennett, Douglas J._2025-11-19T21:20:52",69825517c835c41957e01899,Undirected,1,2023
"Harper, Thomas K._2025-11-19T21:51:04",69825517c835c41957e01899,Undirected,1,2023
"Mensing, Scott_2025-11-19T21:21:21",69825517c835c41957e01899,Undirected,1,2023
"Heal, Tobias_2025-11-19T21:15:48",69825516c835c41957df9e2c,Undirected,1,2024
"Disser, Alexandre_2025-11-19T21:15:48",69825516c835c41957df9e2c,Undirected,1,2024
"Mercier, Florence_2025-11-19T21:15:48",69825516c835c41957df9e2c,Undirected,1,2024
"Sarah, Guillaume_2025-11-19T21:15:48",69825516c835c41957df9e2c,Undirected,1,2024
"Theuws, Frans_2025-11-19T21:15:48",69825516c835c41957df9e2c,Undirected,1,2024
"Macháček, Jiří_2025-11-19T21:15:48",69825516c835c41957df9e2d,Undirected,1,2024
"Eichert, Stefan_2025-11-19T21:15:48",69825516c835c41957df9e2d,Undirected,1,2024
"Nosek, Vojtěch_2025-11-19T21:15:48",69825516c835c41957df9e2d,Undirected,1,2024
"Pernicka, Ernst_2025-11-19T21:15:48",69825516c835c41957df9e2d,Undirected,1,2024
"Mathur, Ryan_2025-11-19T21:15:50",69825516c835c41957df9e4f,Undirected,1,2024
"Powell, Wayne_2025-11-19T21:15:50",69825516c835c41957df9e4f,Undirected,1,2024
"Miśta-Jakubowska, Ewelina_2025-11-19T21:15:50",69825516c835c41957df9e4f,Undirected,1,2024
"Duczko, Władysław_2025-11-19T21:15:50",69825516c835c41957df9e4f,Undirected,1,2024
"Czech-Błońska, Renata_2025-11-19T21:15:50",69825516c835c41957df9e4f,Undirected,1,2024
"Błoński, Mariusz_2025-11-19T21:15:50",69825516c835c41957df9e4f,Undirected,1,2024
"Janowski, Andrzej_2025-11-19T21:15:50",69825516c835c41957df9e4f,Undirected,1,2024
"Żołędziowski, Karol_2025-11-19T21:15:50",69825516c835c41957df9e4f,Undirected,1,2024
"Jagodziński, Marek_2025-11-19T21:15:50",69825516c835c41957df9e4f,Undirected,1,2024
"Gójska, Aneta_2025-11-19T21:15:50",69825516c835c41957df9e4f,Undirected,1,2024
"Kamenov, George_2025-11-19T21:15:50",69825516c835c41957df9e4f,Undirected,1,2024
"Bebchuk, Tatiana_2025-11-19T21:15:51",69825516c835c41957df9e60,Undirected,1,2024
"Krusic, Paul J._2025-11-19T21:15:51",69825516c835c41957df9e60,Undirected,1,2024
"Pike, Joshua H._2025-11-19T21:15:51",69825516c835c41957df9e60,Undirected,1,2024
"Piermattei, Alma_2025-11-19T21:15:51",69825516c835c41957df9e60,Undirected,1,2024
"Friedrich, Ronny_2025-11-19T21:15:51",69825516c835c41957df9e60,Undirected,1,2024
"Wacker, Lukas_2025-11-19T21:15:51",69825516c835c41957df9e60,Undirected,1,2024
"Crivellaro, Alan_2025-11-19T21:15:51",69825516c835c41957df9e60,Undirected,1,2024
"Arosio, Tito_2025-11-19T21:15:51",69825516c835c41957df9e60,Undirected,1,2024
"Kirdyanov, Alexander V._2025-11-19T21:15:51",69825516c835c41957df9e60,Undirected,1,2024
"Gibbard, Philip_2025-11-19T21:15:51",69825516c835c41957df9e60,Undirected,1,2024
"Brown, David_2025-11-19T21:15:51",69825516c835c41957df9e60,Undirected,1,2024
"Esper, Jan_2025-11-19T21:15:51",69825516c835c41957df9e60,Undirected,1,2024
"Reinig, Frederick_2025-11-19T21:15:51",69825516c835c41957df9e60,Undirected,1,2024
"Büntgen, Ulf_2025-11-19T21:15:51",69825516c835c41957df9e60,Undirected,1,2024
"Miśta-Jakubowska, Ewelina_2025-11-19T21:15:50",69825516c835c41957df9e9d,Undirected,1,2024
"Duczko, Władysław_2025-11-19T21:15:50",69825516c835c41957df9e9d,Undirected,1,2024
"Kowalska, Anna Bogumiła_2025-11-19T21:21:38",69825516c835c41957df9e9d,Undirected,1,2024
"Czech-Błońska, Renata_2025-11-19T21:15:50",69825516c835c41957df9e9d,Undirected,1,2024
"Mathur, Ryan_2025-11-19T21:15:50",69825516c835c41957df9e9d,Undirected,1,2024
"Gójska, Aneta_2025-11-19T21:15:50",69825516c835c41957df9e9d,Undirected,1,2024
"Rozmus, Dariusz_2025-11-19T21:15:59",69825516c835c41957df9e9d,Undirected,1,2024
"Siuda, Rafał_2025-11-19T21:15:59",69825516c835c41957df9e9d,Undirected,1,2024
"Oleszak, Dariusz_2025-11-19T21:15:59",69825516c835c41957df9e9d,Undirected,1,2024
"Brojanowska, Agnieszka_2025-11-19T21:15:59",69825516c835c41957df9e9d,Undirected,1,2024
"Klimaszewski, Jan_2025-11-19T21:15:59",69825516c835c41957df9e9d,Undirected,1,2024
"Ljungqvist, Fredrik Charpentier_2025-11-19T21:16:11",69825516c835c41957df9f53,Undirected,1,2024
"Seim, Andrea_2025-11-19T21:16:11",69825516c835c41957df9f53,Undirected,1,2024
"Collet, Dominik_2025-11-19T21:16:11",69825516c835c41957df9f53,Undirected,1,2024
"Hui, Ruoyun_2025-11-19T21:15:49",69825516c835c41957df9f8a,Undirected,1,2024
"Scheib, Christiana L_2025-11-19T21:21:16",69825516c835c41957df9f8a,Undirected,1,2024
"D'Atanasio, Eugenia_2025-11-19T21:16:14",69825516c835c41957df9f8a,Undirected,1,2024
"Inskip, Sarah A._2025-11-19T21:16:14",69825516c835c41957df9f8a,Undirected,1,2024
"Cessford, Craig_2025-11-19T21:15:49",69825516c835c41957df9f8a,Undirected,1,2024
"Biagini, Simone A._2025-11-19T21:16:14",69825516c835c41957df9f8a,Undirected,1,2024
"Wohns, Anthony Wilder_2025-11-19T21:16:33",69825516c835c41957df9f8a,Undirected,1,2024
"Ali, Muhammad Q.A._2025-11-19T21:16:14",69825516c835c41957df9f8a,Undirected,1,2024
"Griffith, Samuel J._2025-11-19T21:16:14",69825516c835c41957df9f8a,Undirected,1,2024
"Solnik, Anu_2025-11-19T21:16:14",69825516c835c41957df9f8a,Undirected,1,2024
"Niinemäe, Helja_2025-11-19T21:16:14",69825516c835c41957df9f8a,Undirected,1,2024
"Ge, Xiangyu Jack_2025-11-19T21:16:14",69825516c835c41957df9f8a,Undirected,1,2024
"Rose, Alice K._2025-11-19T21:16:14",69825516c835c41957df9f8a,Undirected,1,2024
"Beneker, Owyn_2025-11-19T21:16:14",69825516c835c41957df9f8a,Undirected,1,2024
"O'Connell, Tamsin C._2025-11-19T21:16:14",69825516c835c41957df9f8a,Undirected,1,2024
"Robb, John E._2025-11-19T21:16:14",69825516c835c41957df9f8a,Undirected,1,2024
"Kivisild, Toomas_2025-11-19T21:15:49",69825516c835c41957df9f8a,Undirected,1,2024
"Gullbrandsson, Robin_2025-11-19T21:16:23",69825516c835c41957dfa004,Undirected,1,2024
"Hallgren, Mattias_2025-11-19T21:16:23",69825516c835c41957dfa004,Undirected,1,2024
"Linderson, Hans_2025-11-19T21:16:23",69825516c835c41957dfa004,Undirected,1,2024
"Melin, Karl-Magnus_2025-11-19T21:16:23",69825516c835c41957dfa004,Undirected,1,2024
"Thompson, Jess E._2025-11-19T21:16:33",69825516c835c41957dfa0ad,Undirected,1,2024
"Inskip, Sarah A._2025-11-19T21:16:14",69825516c835c41957dfa0ad,Undirected,1,2024
"Scheib, Christiana L_2025-11-19T21:21:16",69825516c835c41957dfa0ad,Undirected,1,2024
"Bates, Jessica S._2025-11-19T21:47:13",69825516c835c41957dfa0ad,Undirected,1,2024
"Ge, Xiangyu Jack_2025-11-19T21:16:14",69825516c835c41957dfa0ad,Undirected,1,2024
"Griffith, Samuel J._2025-11-19T21:16:14",69825516c835c41957dfa0ad,Undirected,1,2024
"Wohns, Anthony Wilder_2025-11-19T21:16:33",69825516c835c41957dfa0ad,Undirected,1,2024
"Robb, John E._2025-11-19T21:16:14",69825516c835c41957dfa0ad,Undirected,1,2024
"Wiewióra, Marcin_2025-11-19T21:16:23",69825516c835c41957dfa0ae,Undirected,1,2024
"Bartz, Wojciech_2025-11-19T21:16:33",69825516c835c41957dfa0ae,Undirected,1,2024
"Łukaszewicz, Jadwiga_2025-11-19T21:16:33",69825516c835c41957dfa0ae,Undirected,1,2024
"Witkowska, Karolina_2025-11-19T21:16:33",69825516c835c41957dfa0ae,Undirected,1,2024
"Jóźwiak, Sławomir_2025-11-19T21:16:33",69825516c835c41957dfa0ae,Undirected,1,2024
"Molewski, Paweł_2025-11-19T21:16:33",69825516c835c41957dfa0ae,Undirected,1,2024
"Zádorová, Tereza_2025-11-19T21:16:34",69825516c835c41957dfa0b1,Undirected,1,2024
"Penížek, Vít_2025-11-19T21:16:34",69825516c835c41957dfa0b1,Undirected,1,2024
"Koubová, Magdaléna_2025-11-19T21:16:34",69825516c835c41957dfa0b1,Undirected,1,2024
"Lisá, Lenka_2025-11-19T21:16:34",69825516c835c41957dfa0b1,Undirected,1,2024
"Kočár, Petr_2025-11-19T21:16:34",69825516c835c41957dfa0b1,Undirected,1,2024
"Světlík, Ivo_2025-11-19T21:16:34",69825516c835c41957dfa0b1,Undirected,1,2024
"Pavlů, Lenka_2025-11-19T21:16:34",69825516c835c41957dfa0b1,Undirected,1,2024
"Žížala, Daniel_2025-11-19T21:16:34",69825516c835c41957dfa0b1,Undirected,1,2024
"Tejnecký, Václav_2025-11-19T21:16:34",69825516c835c41957dfa0b1,Undirected,1,2024
"Drábek, Ondřej_2025-11-19T21:16:34",69825516c835c41957dfa0b1,Undirected,1,2024
"Kodešová, Radka_2025-11-19T21:16:34",69825516c835c41957dfa0b1,Undirected,1,2024
"Němeček, Karel_2025-11-19T21:16:34",69825516c835c41957dfa0b1,Undirected,1,2024
"Vokurková, Petra_2025-11-19T21:16:34",69825516c835c41957dfa0b1,Undirected,1,2024
"Vaněk, Aleš_2025-11-19T21:16:34",69825516c835c41957dfa0b1,Undirected,1,2024
"Moska, Piotr_2025-11-19T21:16:34",69825516c835c41957dfa0b1,Undirected,1,2024
"MacRoberts, Rebecca Anne_2025-11-19T21:16:37",69825516c835c41957dfa0d7,Undirected,1,2024
"Liberato, Marco_2025-11-19T21:16:37",69825516c835c41957dfa0d7,Undirected,1,2024
"Roca-Rada, Xavier_2025-11-19T21:16:37",69825516c835c41957dfa0d7,Undirected,1,2024
"Valente, Maria João_2025-11-19T21:16:37",69825516c835c41957dfa0d7,Undirected,1,2024
"Relvado, Claudia_2025-11-19T21:16:37",69825516c835c41957dfa0d7,Undirected,1,2024
"Matos Fernandes, Teresa_2025-11-19T21:16:37",69825516c835c41957dfa0d7,Undirected,1,2024
"Barrocas-Dias, Cristina_2025-11-19T21:21:00",69825516c835c41957dfa0d7,Undirected,1,2024
"Llamas, Bastien_2025-11-19T21:16:37",69825516c835c41957dfa0d7,Undirected,1,2024
"Vasconcelos Vilar, Hermínia_2025-11-19T21:16:37",69825516c835c41957dfa0d7,Undirected,1,2024
"Schöne, Bernd R_2025-11-19T21:16:37",69825516c835c41957dfa0d7,Undirected,1,2024
"Ribeiro, Sara_2025-11-19T21:16:37",69825516c835c41957dfa0d7,Undirected,1,2024
"Santos, José Francisco_2025-11-19T21:16:37",69825516c835c41957dfa0d7,Undirected,1,2024
"Teixeira, João C_2025-11-19T21:16:37",69825516c835c41957dfa0d7,Undirected,1,2024
"Maurer, Anne-France_2025-11-19T21:16:37",69825516c835c41957dfa0d7,Undirected,1,2024
"Baker, Karis H._2025-11-19T21:16:39",69825516c835c41957dfa0e9,Undirected,1,2024
"Miller, Holly_2025-11-19T21:16:39",69825516c835c41957dfa0e9,Undirected,1,2024
"Doherty, Sean_2025-11-19T21:16:39",69825516c835c41957dfa0e9,Undirected,1,2024
"Gray, Howard W. I._2025-11-19T21:16:39",69825516c835c41957dfa0e9,Undirected,1,2024
"Daujat, Julie_2025-11-19T21:16:39",69825516c835c41957dfa0e9,Undirected,1,2024
"Çakırlar, Canan_2025-11-19T21:16:39",69825516c835c41957dfa0e9,Undirected,1,2024
"Spassov, Nikolai_2025-11-19T21:16:39",69825516c835c41957dfa0e9,Undirected,1,2024
"Trantalidou, Katerina_2025-11-19T21:16:39",69825516c835c41957dfa0e9,Undirected,1,2024
"Madgwick, Richard_2025-11-19T21:16:39",69825516c835c41957dfa0e9,Undirected,1,2024
"Lamb, Angela L._2025-11-19T21:16:39",69825516c835c41957dfa0e9,Undirected,1,2024
"Ameen, Carly_2025-11-19T21:16:39",69825516c835c41957dfa0e9,Undirected,1,2024
"Atici, Levent_2025-11-19T21:16:39",69825516c835c41957dfa0e9,Undirected,1,2024
"Baker, Polydora_2025-11-19T21:16:39",69825516c835c41957dfa0e9,Undirected,1,2024
"Beglane, Fiona_2025-11-19T21:16:39",69825516c835c41957dfa0e9,Undirected,1,2024
"Benkert, Helene_2025-11-19T21:16:39",69825516c835c41957dfa0e9,Undirected,1,2024
"Bendrey, Robin_2025-11-19T21:16:39",69825516c835c41957dfa0e9,Undirected,1,2024
"Binois-Roman, Annelise_2025-11-19T21:16:39",69825516c835c41957dfa0e9,Undirected,1,2024
"Carden, Ruth F._2025-11-19T21:16:39",69825516c835c41957dfa0e9,Undirected,1,2024
"Curci, Antonio_2025-11-19T21:16:39",69825516c835c41957dfa0e9,Undirected,1,2024
"De Cupere, Bea_2025-11-19T21:16:39",69825516c835c41957dfa0e9,Undirected,1,2024
"Detry, Cleia_2025-11-19T21:16:39",69825516c835c41957dfa0e9,Undirected,1,2024
"Gál, Erika_2025-11-19T21:16:39",69825516c835c41957dfa0e9,Undirected,1,2024
"Genies, Chloé_2025-11-19T21:16:39",69825516c835c41957dfa0e9,Undirected,1,2024
"Kunst, Günther K._2025-11-19T21:16:39",69825516c835c41957dfa0e9,Undirected,1,2024
"Liddiard, Robert_2025-11-19T21:16:39",69825516c835c41957dfa0e9,Undirected,1,2024
"Nicholson, Rebecca A._2025-11-19T21:24:34",69825516c835c41957dfa0e9,Undirected,1,2024
"Perdikaris, Sophia_2025-11-19T21:16:39",69825516c835c41957dfa0e9,Undirected,1,2024
"Peters, Joris_2025-11-19T21:16:39",69825516c835c41957dfa0e9,Undirected,1,2024
"Pigière, Fabienne_2025-11-19T21:16:39",69825516c835c41957dfa0e9,Undirected,1,2024
"Pluskowski, Aleksander G._2025-11-19T21:16:39",69825516c835c41957dfa0e9,Undirected,1,2024
"Sadler, Peta_2025-11-19T21:16:39",69825516c835c41957dfa0e9,Undirected,1,2024
"Sicard, Sandra_2025-11-19T21:16:39",69825516c835c41957dfa0e9,Undirected,1,2024
"Strid, Lena_2025-11-19T21:16:39",69825516c835c41957dfa0e9,Undirected,1,2024
"Sudds, Jack_2025-11-19T21:16:39",69825516c835c41957dfa0e9,Undirected,1,2024
"Symmons, Robert_2025-11-19T21:16:39",69825516c835c41957dfa0e9,Undirected,1,2024
"Tardio, Katie_2025-11-19T21:16:39",69825516c835c41957dfa0e9,Undirected,1,2024
"Valenzuela, Alejandro_2025-11-19T21:16:39",69825516c835c41957dfa0e9,Undirected,1,2024
"van Veen, Monique_2025-11-19T21:16:39",69825516c835c41957dfa0e9,Undirected,1,2024
"Vuković, Sonja_2025-11-19T21:16:39",69825516c835c41957dfa0e9,Undirected,1,2024
"Weinstock, Jaco_2025-11-19T21:16:39",69825516c835c41957dfa0e9,Undirected,1,2024
"Wilkens, Barbara_2025-11-19T21:16:39",69825516c835c41957dfa0e9,Undirected,1,2024
"Wilson, Roger J. A._2025-11-19T21:16:39",69825516c835c41957dfa0e9,Undirected,1,2024
"Evans, Jane A._2025-11-19T21:16:39",69825516c835c41957dfa0e9,Undirected,1,2024
"Hoelzel, A. Rus_2025-11-19T21:16:39",69825516c835c41957dfa0e9,Undirected,1,2024
"Sykes, Naomi Jane_2025-11-19T21:38:06",69825516c835c41957dfa0e9,Undirected,1,2024
"Hamerow, H. F._2025-11-19T21:35:34",69825516c835c41957dfa122,Undirected,1,2024
"Leggett, Sam_2025-11-19T21:16:45",69825516c835c41957dfa122,Undirected,1,2024
"Tinguely, Christel_2025-11-19T21:16:45",69825516c835c41957dfa122,Undirected,1,2024
"Le Roux, Petrus_2025-11-19T21:16:45",69825516c835c41957dfa122,Undirected,1,2024
"Sandoval-Castellanos, Edson_2025-11-19T21:16:49",69825516c835c41957dfa144,Undirected,1,2024
"Hare, Andrew J._2025-11-19T21:16:49",69825516c835c41957dfa144,Undirected,1,2024
"Lin, Audrey T._2025-11-19T21:16:49",69825516c835c41957dfa144,Undirected,1,2024
"Dimopoulos, Evangelos A._2025-11-19T21:16:49",69825516c835c41957dfa144,Undirected,1,2024
"Daly, Kevin G._2025-11-19T21:16:49",69825516c835c41957dfa144,Undirected,1,2024
"Geiger, Sheila_2025-11-19T21:16:49",69825516c835c41957dfa144,Undirected,1,2024
"Mullin, Victoria E._2025-11-19T21:16:49",69825516c835c41957dfa144,Undirected,1,2024
"Wiechmann, Ingrid_2025-11-19T21:16:49",69825516c835c41957dfa144,Undirected,1,2024
"Mattiangeli, Valeria_2025-11-19T21:16:49",69825516c835c41957dfa144,Undirected,1,2024
"Lühken, Gesine_2025-11-19T21:16:49",69825516c835c41957dfa144,Undirected,1,2024
"Zinovieva, Natalia A._2025-11-19T21:16:49",69825516c835c41957dfa144,Undirected,1,2024
"Zidarov, Peter_2025-11-19T21:18:18",69825516c835c41957dfa144,Undirected,1,2024
"Çakırlar, Canan_2025-11-19T21:16:39",69825516c835c41957dfa144,Undirected,1,2024
"Stoddart, Simon_2025-11-19T21:16:49",69825516c835c41957dfa144,Undirected,1,2024
"Orton, David C._2025-11-19T21:32:17",69825516c835c41957dfa144,Undirected,1,2024
"Bulatović, Jelena B._2025-11-19T21:21:19",69825516c835c41957dfa144,Undirected,1,2024
"Mashkour, Marjan_2025-11-19T21:16:49",69825516c835c41957dfa144,Undirected,1,2024
"Sauer, Eberhard W._2025-11-19T21:16:49",69825516c835c41957dfa144,Undirected,1,2024
"Horwitz, Liora Kolska_2025-11-19T21:16:49",69825516c835c41957dfa144,Undirected,1,2024
"Horejs, Barbara_2025-11-19T21:16:49",69825516c835c41957dfa144,Undirected,1,2024
"Atici, Levent_2025-11-19T21:16:39",69825516c835c41957dfa144,Undirected,1,2024
"Özkaya, Vecihi_2025-11-19T21:16:49",69825516c835c41957dfa144,Undirected,1,2024
"Mullville, Jacqui_2025-11-19T21:16:49",69825516c835c41957dfa144,Undirected,1,2024
"Parker Pearson, Michael_2025-11-19T21:16:49",69825516c835c41957dfa144,Undirected,1,2024
"Mainland, Ingrid_2025-11-19T21:16:49",69825516c835c41957dfa144,Undirected,1,2024
"Card, Nick_2025-11-19T21:16:49",69825516c835c41957dfa144,Undirected,1,2024
"Brown, Lisa_2025-11-19T21:16:49",69825516c835c41957dfa144,Undirected,1,2024
"Sharples, Niall_2025-11-19T21:16:49",69825516c835c41957dfa144,Undirected,1,2024
"Griffiths, David_2025-11-19T21:16:49",69825516c835c41957dfa144,Undirected,1,2024
"Allen, David_2025-11-19T21:16:49",69825516c835c41957dfa144,Undirected,1,2024
"Arbuckle, Benjamin_2025-11-19T21:16:49",69825516c835c41957dfa144,Undirected,1,2024
"Abell, Jordan T._2025-11-19T21:16:49",69825516c835c41957dfa144,Undirected,1,2024
"Duru, Güneş_2025-11-19T21:16:49",69825516c835c41957dfa144,Undirected,1,2024
"Mentzer, Susan M._2025-11-19T21:16:49",69825516c835c41957dfa144,Undirected,1,2024
"Munro, Natalie D._2025-11-19T21:16:49",69825516c835c41957dfa144,Undirected,1,2024
"Uzdurum, Melis_2025-11-19T21:16:49",69825516c835c41957dfa144,Undirected,1,2024
"Gülçur, Sevil_2025-11-19T21:16:49",69825516c835c41957dfa144,Undirected,1,2024
"Buitenhuis, Hijlke_2025-11-19T21:16:49",69825516c835c41957dfa144,Undirected,1,2024
"Gladyr, Elena_2025-11-19T21:16:49",69825516c835c41957dfa144,Undirected,1,2024
"Stiner, Mary C._2025-11-19T21:16:49",69825516c835c41957dfa144,Undirected,1,2024
"Pöllath, Nadja_2025-11-19T21:16:49",69825516c835c41957dfa144,Undirected,1,2024
"Özbaşaran, Mihriban_2025-11-19T21:16:49",69825516c835c41957dfa144,Undirected,1,2024
"Krebs, Stefan_2025-11-19T21:16:49",69825516c835c41957dfa144,Undirected,1,2024
"Burger, Joachim_2025-11-19T21:16:49",69825516c835c41957dfa144,Undirected,1,2024
"Frantz, Laurent_2025-11-19T21:16:49",69825516c835c41957dfa144,Undirected,1,2024
"Medugorac, Ivica_2025-11-19T21:16:49",69825516c835c41957dfa144,Undirected,1,2024
"Bradley, Daniel G._2025-11-19T21:16:49",69825516c835c41957dfa144,Undirected,1,2024
"Peters, Joris_2025-11-19T21:16:39",69825516c835c41957dfa144,Undirected,1,2024
"Gnecchi-Ruscone, Guido Alberto_2025-11-19T21:16:50",69825516c835c41957dfa160,Undirected,1,2024
"Rácz, Zsófia_2025-11-19T21:16:50",69825516c835c41957dfa160,Undirected,1,2024
"Samu, Levente_2025-11-19T21:16:50",69825516c835c41957dfa160,Undirected,1,2024
"Szeniczey, Tamás_2025-11-19T21:15:24",69825516c835c41957dfa160,Undirected,1,2024
"Faragó, Norbert_2025-11-19T21:16:50",69825516c835c41957dfa160,Undirected,1,2024
"Knipper, Corina_2025-11-19T21:16:50",69825516c835c41957dfa160,Undirected,1,2024
"Friedrich, Ronny_2025-11-19T21:15:51",69825516c835c41957dfa160,Undirected,1,2024
"Zlámalová, Denisa_2025-11-19T21:16:50",69825516c835c41957dfa160,Undirected,1,2024
"Traverso, Luca_2025-11-19T21:16:50",69825516c835c41957dfa160,Undirected,1,2024
"Liccardo, Salvatore_2025-11-19T21:16:50",69825516c835c41957dfa160,Undirected,1,2024
"Wabnitz, Sandra_2025-11-19T21:16:50",69825516c835c41957dfa160,Undirected,1,2024
"Popli, Divyaratan_2025-11-19T21:16:50",69825516c835c41957dfa160,Undirected,1,2024
"Wang, Ke_2025-11-19T21:16:50",69825516c835c41957dfa160,Undirected,1,2024
"Radzevičiūtė, Rita_2025-11-19T21:15:24",69825516c835c41957dfa160,Undirected,1,2024
"Gulyás, Bence_2025-11-19T21:16:50",69825516c835c41957dfa160,Undirected,1,2024
"Koncz, István_2025-11-19T21:15:24",69825516c835c41957dfa160,Undirected,1,2024
"Balogh, Csilla_2025-11-19T21:16:50",69825516c835c41957dfa160,Undirected,1,2024
"Lezsák, Gabriella M._2025-11-19T21:46:26",69825516c835c41957dfa160,Undirected,1,2024
"Mácsai, Viktor_2025-11-19T21:16:50",69825516c835c41957dfa160,Undirected,1,2024
"Bunbury, Magdalena M E_2025-11-19T21:16:50",69825516c835c41957dfa160,Undirected,1,2024
"Spekker, Olga_2025-11-19T21:16:50",69825516c835c41957dfa160,Undirected,1,2024
"Le Roux, Petrus_2025-11-19T21:16:45",69825516c835c41957dfa160,Undirected,1,2024
"Szécsényi-Nagy, Anna_2025-11-19T21:16:50",69825516c835c41957dfa160,Undirected,1,2024
"Mende, Balázs Gusztáv_2025-11-19T21:15:24",69825516c835c41957dfa160,Undirected,1,2024
"Colleran, Heidi_2025-11-19T21:16:50",69825516c835c41957dfa160,Undirected,1,2024
"Hajdu, Tamás_2025-11-19T21:15:24",69825516c835c41957dfa160,Undirected,1,2024
"Geary, Patrick J._2025-11-19T21:15:24",69825516c835c41957dfa160,Undirected,1,2024
"Pohl, Walter_2025-11-19T21:15:24",69825516c835c41957dfa160,Undirected,1,2024
"Vida, Tivadar_2025-11-19T21:15:24",69825516c835c41957dfa160,Undirected,1,2024
"Krause, Johannes_2025-11-19T21:16:50",69825516c835c41957dfa160,Undirected,1,2024
"Hofmanová, Zuzana_2025-11-19T21:15:24",69825516c835c41957dfa160,Undirected,1,2024
"Lazaridis, Iosif_2025-11-19T21:15:52",69825516c835c41957dfa168,Undirected,1,2024
"Patterson, Nick_2025-11-19T21:16:51",69825516c835c41957dfa168,Undirected,1,2024
"Anthony, David_2025-11-19T21:16:51",69825516c835c41957dfa168,Undirected,1,2024
Vyazov Leonid A._2025-11-19T21:36:32,69825516c835c41957dfa168,Undirected,1,2024
"Fournier, Romain_2025-11-19T21:16:51",69825516c835c41957dfa168,Undirected,1,2024
"Ringbauer, Harald_2025-11-19T21:16:51",69825516c835c41957dfa168,Undirected,1,2024
"Olalde, Iñigo_2025-11-19T21:15:52",69825516c835c41957dfa168,Undirected,1,2024
"Khokhlov, Aleksandr A._2025-11-19T21:21:24",69825516c835c41957dfa168,Undirected,1,2024
"Kitov, Egor P._2025-11-19T21:16:51",69825516c835c41957dfa168,Undirected,1,2024
"Shishlina, Natalia I._2025-11-19T21:16:51",69825516c835c41957dfa168,Undirected,1,2024
"Ailincăi, Sorin C._2025-11-19T21:16:51",69825516c835c41957dfa168,Undirected,1,2024
"Agapov, Danila S._2025-11-19T21:16:51",69825516c835c41957dfa168,Undirected,1,2024
"Agapov, Sergey A._2025-11-19T21:16:51",69825516c835c41957dfa168,Undirected,1,2024
"Batieva, Elena_2025-11-19T21:16:09",69825516c835c41957dfa168,Undirected,1,2024
"Bauyrzhan, Baitanayev_2025-11-19T21:16:51",69825516c835c41957dfa168,Undirected,1,2024
"Bereczki, Zsolt_2025-11-19T21:16:51",69825516c835c41957dfa168,Undirected,1,2024
"Buzhilova, A P_2025-11-19T21:21:18",69825516c835c41957dfa168,Undirected,1,2024
"Changmai, Piya_2025-11-19T21:16:51",69825516c835c41957dfa168,Undirected,1,2024
"Chizhevskiy, Andrey A_2025-11-19T21:17:38",69825516c835c41957dfa168,Undirected,1,2024
"Ciobanu, Ion_2025-11-19T21:16:51",69825516c835c41957dfa168,Undirected,1,2024
"Constantinescu, Mihai_2025-11-19T21:16:51",69825516c835c41957dfa168,Undirected,1,2024
"Csányi, Marietta_2025-11-19T21:16:51",69825516c835c41957dfa168,Undirected,1,2024
"Dani, János_2025-11-19T21:16:51",69825516c835c41957dfa168,Undirected,1,2024
"Dashkovskiy, Peter K._2025-11-19T21:16:51",69825516c835c41957dfa168,Undirected,1,2024
"Évinger, Sándor_2025-11-19T21:15:24",69825516c835c41957dfa168,Undirected,1,2024
"Faifert, Anatoly_2025-11-19T21:16:51",69825516c835c41957dfa168,Undirected,1,2024
"Flegontov, Pavel N._2025-11-19T21:16:51",69825516c835c41957dfa168,Undirected,1,2024
"Frînculeasa, Alin_2025-11-19T21:16:51",69825516c835c41957dfa168,Undirected,1,2024
"Frînculeasa, Mădălina N._2025-11-19T21:16:51",69825516c835c41957dfa168,Undirected,1,2024
"Hajdu, Tamás_2025-11-19T21:15:24",69825516c835c41957dfa168,Undirected,1,2024
"Higham, Tom_2025-11-19T21:16:51",69825516c835c41957dfa168,Undirected,1,2024
"Jarosz, Paweł_2025-11-19T21:16:51",69825516c835c41957dfa168,Undirected,1,2024
"Jelínek, Pavol_2025-11-19T21:15:52",69825516c835c41957dfa168,Undirected,1,2024
"Khartanovich, Valeri I._2025-11-19T21:16:51",69825516c835c41957dfa168,Undirected,1,2024
"Kirginekov, Eduard N._2025-11-19T21:16:51",69825516c835c41957dfa168,Undirected,1,2024
"Kiss, Viktória_2025-11-19T21:16:51",69825516c835c41957dfa168,Undirected,1,2024
"Kitova, Alexandera_2025-11-19T21:16:51",69825516c835c41957dfa168,Undirected,1,2024
"Kiyashko, Alexeiy V._2025-11-19T21:16:51",69825516c835c41957dfa168,Undirected,1,2024
"Koledin, Jovan_2025-11-19T21:16:51",69825516c835c41957dfa168,Undirected,1,2024
"Korolev, Arkady_2025-11-19T21:16:51",69825516c835c41957dfa168,Undirected,1,2024
"Kosintsev, Pavel A._2025-11-19T21:47:13",69825516c835c41957dfa168,Undirected,1,2024
"Kulcsár, Gabriella_2025-11-19T21:16:51",69825516c835c41957dfa168,Undirected,1,2024
"Kuznetsov, Pavel_2025-11-19T21:16:51",69825516c835c41957dfa168,Undirected,1,2024
"Magomedov, Rabadan_2025-11-19T21:16:51",69825516c835c41957dfa168,Undirected,1,2024
"Malikovich, Mamedov Aslan_2025-11-19T21:16:51",69825516c835c41957dfa168,Undirected,1,2024
"Melis, Eszter_2025-11-19T21:16:51",69825516c835c41957dfa168,Undirected,1,2024
"Moiseyev, Vyacheslav_2025-11-19T21:16:51",69825516c835c41957dfa168,Undirected,1,2024
"Molnár, Erika_2025-11-19T21:16:51",69825516c835c41957dfa168,Undirected,1,2024
"Monge, Janet_2025-11-19T21:16:51",69825516c835c41957dfa168,Undirected,1,2024
"Negrea, Octav_2025-11-19T21:16:51",69825516c835c41957dfa168,Undirected,1,2024
"Pedergnana, Antonella_2025-11-19T21:16:51",69825516c835c41957dfa16c,Undirected,1,2024
"Seiler, Roger_2025-11-19T21:16:51",69825516c835c41957dfa16c,Undirected,1,2024
"Huber, Renata_2025-11-19T21:16:51",69825516c835c41957dfa16c,Undirected,1,2024
"Eppenberger, Patrick_2025-11-19T21:16:51",69825516c835c41957dfa16c,Undirected,1,2024
"Rühli, Frank J._2025-11-19T21:16:09",69825516c835c41957dfa16c,Undirected,1,2024
Carli Peters_2025-11-19T21:16:57,69825516c835c41957dfa1bb,Undirected,1,2024
Kristine K. Richter_2025-11-19T21:16:57,69825516c835c41957dfa1bb,Undirected,1,2024
Shevan Wilkin_2025-11-19T21:16:57,69825516c835c41957dfa1bb,Undirected,1,2024
"Stark, Sören_2025-11-19T21:16:48",69825516c835c41957dfa1bb,Undirected,1,2024
"Mir-Makhamad, Basira_2025-11-19T21:16:48",69825516c835c41957dfa1bb,Undirected,1,2024
Ricardo Fernandes_2025-11-19T21:16:57,69825516c835c41957dfa1bb,Undirected,1,2024
Farhod Maksudov_2025-11-19T21:16:57,69825516c835c41957dfa1bb,Undirected,1,2024
"Mirzaakhmedov, Sirojidin_2025-11-19T21:16:48",69825516c835c41957dfa1bb,Undirected,1,2024
"Rahmonov, Husniddin_2025-11-19T21:16:48",69825516c835c41957dfa1bb,Undirected,1,2024
Stefanie Schirmer_2025-11-19T21:16:57,69825516c835c41957dfa1bb,Undirected,1,2024
Kseniia Ashastina_2025-11-19T21:16:57,69825516c835c41957dfa1bb,Undirected,1,2024
Alisher Begmatov_2025-11-19T21:16:57,69825516c835c41957dfa1bb,Undirected,1,2024
Michael Frachetti_2025-11-19T21:16:57,69825516c835c41957dfa1bb,Undirected,1,2024
Sharof Kurbanov_2025-11-19T21:16:57,69825516c835c41957dfa1bb,Undirected,1,2024
Michael Shenkar_2025-11-19T21:16:57,69825516c835c41957dfa1bb,Undirected,1,2024
Taylor Hermes_2025-11-19T21:16:57,69825516c835c41957dfa1bb,Undirected,1,2024
Fiona Kidd_2025-11-19T21:16:57,69825516c835c41957dfa1bb,Undirected,1,2024
Andrey Omelchenko_2025-11-19T21:16:57,69825516c835c41957dfa1bb,Undirected,1,2024
Barbara Huber_2025-11-19T21:16:57,69825516c835c41957dfa1bb,Undirected,1,2024
Nicole Boivin_2025-11-19T21:16:57,69825516c835c41957dfa1bb,Undirected,1,2024
Shujing Wang_2025-11-19T21:16:57,69825516c835c41957dfa1bb,Undirected,1,2024
Pavel Lurje_2025-11-19T21:16:57,69825516c835c41957dfa1bb,Undirected,1,2024
Madelynn von Baeyer_2025-11-19T21:16:57,69825516c835c41957dfa1bb,Undirected,1,2024
Rita Dal Martello_2025-11-19T21:16:57,69825516c835c41957dfa1bb,Undirected,1,2024
"Spengler, Robert N_2025-11-19T21:49:25",69825516c835c41957dfa1bb,Undirected,1,2024
"Szenthe, Gergely_2025-11-19T21:17:54",69825516c835c41957dfa1c2,Undirected,1,2024
"Faragó, Norbert_2025-11-19T21:16:50",69825516c835c41957dfa1c2,Undirected,1,2024
"Gáll, Erwin_2025-11-19T21:18:08",69825516c835c41957dfa1c2,Undirected,1,2024
"Boldsen, Jesper L._2025-11-19T21:17:00",69825516c835c41957dfa1f8,Undirected,1,2024
"Pedersen, Dorthe Dangvard_2025-11-19T21:17:00",69825516c835c41957dfa1f8,Undirected,1,2024
"Milner, George R._2025-11-19T21:17:00",69825516c835c41957dfa1f8,Undirected,1,2024
"Kristensen, Vicki R.L._2025-11-19T21:17:00",69825516c835c41957dfa1f8,Undirected,1,2024
"Skytte, Lilian_2025-11-19T21:17:00",69825516c835c41957dfa1f8,Undirected,1,2024
"Møller, Stig Bergmann_2025-11-19T21:17:00",69825516c835c41957dfa1f8,Undirected,1,2024
"Sarauw, Torben Birk_2025-11-19T21:17:00",69825516c835c41957dfa1f8,Undirected,1,2024
"Andersen, Charlotte Boje Hilligsø_2025-11-19T21:17:00",69825516c835c41957dfa1f8,Undirected,1,2024
"Larsen, Lars Agersnap_2025-11-19T21:17:00",69825516c835c41957dfa1f8,Undirected,1,2024
"Hyldgaard, Inger Marie_2025-11-19T21:17:00",69825516c835c41957dfa1f8,Undirected,1,2024
"Klingenberg, Mette_2025-11-19T21:17:00",69825516c835c41957dfa1f8,Undirected,1,2024
"Larsen, Lars Krants_2025-11-19T21:17:00",69825516c835c41957dfa1f8,Undirected,1,2024
"Mollerup, Lene_2025-11-19T21:17:00",69825516c835c41957dfa1f8,Undirected,1,2024
"Seeberg, Lone_2025-11-19T21:17:00",69825516c835c41957dfa1f8,Undirected,1,2024
"Bentsen, Lars Christian_2025-11-19T21:17:00",69825516c835c41957dfa1f8,Undirected,1,2024
"Søvsø, Morten_2025-11-19T21:17:00",69825516c835c41957dfa1f8,Undirected,1,2024
"Kristensen, Tenna_2025-11-19T21:17:00",69825516c835c41957dfa1f8,Undirected,1,2024
"Christensen, Jakob Tue_2025-11-19T21:17:00",69825516c835c41957dfa1f8,Undirected,1,2024
"Heide, Poul Baltzer_2025-11-19T21:17:00",69825516c835c41957dfa1f8,Undirected,1,2024
"Nørgaard, Lone C._2025-11-19T21:17:00",69825516c835c41957dfa1f8,Undirected,1,2024
"Uldum, Otto_2025-11-19T21:17:00",69825516c835c41957dfa1f8,Undirected,1,2024
"Engberg, Niels_2025-11-19T21:17:00",69825516c835c41957dfa1f8,Undirected,1,2024
"Simonsen, Rikke_2025-11-19T21:17:00",69825516c835c41957dfa1f8,Undirected,1,2024
"Dahlstrøm, Hanna_2025-11-19T21:17:00",69825516c835c41957dfa1f8,Undirected,1,2024
"Langkilde, Jesper_2025-11-19T21:16:22",69825516c835c41957dfa1f8,Undirected,1,2024
"Wickman, Niels_2025-11-19T21:17:00",69825516c835c41957dfa1f8,Undirected,1,2024
"Hansen, Palle Birk_2025-11-19T21:17:00",69825516c835c41957dfa1f8,Undirected,1,2024
"Wille-Jørgensen, Dorthe_2025-11-19T21:17:00",69825516c835c41957dfa1f8,Undirected,1,2024
"Stjernqvist, Kasper Wurr_2025-11-19T21:17:00",69825516c835c41957dfa1f8,Undirected,1,2024
"Rasmussen, Anders_2025-11-19T21:17:00",69825516c835c41957dfa1f8,Undirected,1,2024
"Rasmussen, Kaare Lund_2025-11-19T21:17:00",69825516c835c41957dfa1f8,Undirected,1,2024
Syrovatko A.S._2025-11-19T21:17:07,69825516c835c41957dfa2ae,Undirected,1,2024
"Andreeva, T. V._2025-11-19T21:18:36",69825516c835c41957dfa2ae,Undirected,1,2024
"Kunizheva, S. S._2025-11-19T21:18:36",69825516c835c41957dfa2ae,Undirected,1,2024
"Soshkina, A D_2025-11-19T21:18:35",69825516c835c41957dfa2ae,Undirected,1,2024
"Malyarchuk, A B_2025-11-19T21:21:18",69825516c835c41957dfa2ae,Undirected,1,2024
"Adrianova, I Yu_2025-11-19T21:21:18",69825516c835c41957dfa2ae,Undirected,1,2024
Guseva V.P._2025-11-19T21:17:07,69825516c835c41957dfa2ae,Undirected,1,2024
Slepchenko S.M._2025-11-19T21:17:07,69825516c835c41957dfa2ae,Undirected,1,2024
"Rogaev, E I_2025-11-19T21:18:35",69825516c835c41957dfa2ae,Undirected,1,2024
"Creighton, Oliver H._2025-11-19T21:17:09",69825516c835c41957dfa2dc,Undirected,1,2024
"Outram, Alan K._2025-11-19T21:17:09",69825516c835c41957dfa2dc,Undirected,1,2024
"Wilkinson-Keys, Eleanor_2025-11-19T21:17:09",69825516c835c41957dfa2dc,Undirected,1,2024
"Sasso, Stefania_2025-11-19T21:17:12",69825516c835c41957dfa333,Undirected,1,2024
"Saag, Lehti_2025-11-19T21:17:12",69825516c835c41957dfa333,Undirected,1,2024
"Spros, Rachèl_2025-11-19T21:17:12",69825516c835c41957dfa333,Undirected,1,2024
"Beneker, Owyn_2025-11-19T21:16:14",69825516c835c41957dfa333,Undirected,1,2024
"Molinaro, Ludovica_2025-11-19T21:17:12",69825516c835c41957dfa333,Undirected,1,2024
"Biagini, Simone A._2025-11-19T21:16:14",69825516c835c41957dfa333,Undirected,1,2024
"Lehouck, Alexander_2025-11-19T21:17:12",69825516c835c41957dfa333,Undirected,1,2024
"Van De Vijver, Katrien_2025-11-19T21:17:12",69825516c835c41957dfa333,Undirected,1,2024
"Hui, Ruoyun_2025-11-19T21:15:49",69825516c835c41957dfa333,Undirected,1,2024
"D'Atanasio, Eugenia_2025-11-19T21:16:14",69825516c835c41957dfa333,Undirected,1,2024
"Kushniarevich, Alena_2025-11-19T21:17:06",69825516c835c41957dfa333,Undirected,1,2024
"Kabral, Helja_2025-11-19T21:17:12",69825516c835c41957dfa333,Undirected,1,2024
"Metspalu, Ene_2025-11-19T21:17:06",69825516c835c41957dfa333,Undirected,1,2024
"Guellil, Meriam_2025-11-19T21:17:12",69825516c835c41957dfa333,Undirected,1,2024
"Ali, Muhammad Q.A._2025-11-19T21:16:14",69825516c835c41957dfa333,Undirected,1,2024
"Geypen, Jan_2025-11-19T21:17:12",69825516c835c41957dfa333,Undirected,1,2024
"Hoebreckx, Maxim_2025-11-19T21:17:12",69825516c835c41957dfa333,Undirected,1,2024
"Berk, Birgit_2025-11-19T21:17:12",69825516c835c41957dfa333,Undirected,1,2024
"De Winter, Natasja_2025-11-19T21:17:12",69825516c835c41957dfa333,Undirected,1,2024
"Driesen, Petra_2025-11-19T21:17:12",69825516c835c41957dfa333,Undirected,1,2024
"Pijpelink, April_2025-11-19T21:17:12",69825516c835c41957dfa333,Undirected,1,2024
"Van Damme, Philip_2025-11-19T21:17:12",69825516c835c41957dfa333,Undirected,1,2024
"Scheib, Christiana L_2025-11-19T21:21:16",69825516c835c41957dfa333,Undirected,1,2024
"Deschepper, Ewoud_2025-11-19T21:17:12",69825516c835c41957dfa333,Undirected,1,2024
"Deckers, Pieterjan_2025-11-19T21:16:25",69825516c835c41957dfa333,Undirected,1,2024
"Snoeck, Christophe_2025-11-19T21:17:12",69825516c835c41957dfa333,Undirected,1,2024
"Dewilde, Marc_2025-11-19T21:17:12",69825516c835c41957dfa333,Undirected,1,2024
"Ervynck, Anton_2025-11-19T21:17:12",69825516c835c41957dfa333,Undirected,1,2024
"Tambets, Kristiina_2025-11-19T21:17:12",69825516c835c41957dfa333,Undirected,1,2024
"Larmuseau, Maarten H. D._2025-11-19T21:17:12",69825516c835c41957dfa333,Undirected,1,2024
"Kivisild, Toomas_2025-11-19T21:15:49",69825516c835c41957dfa333,Undirected,1,2024
"Brandsma, Frank_2025-11-19T21:16:14",69825516c835c41957dfa343,Undirected,1,2024
"Larrington, Carolyne_2025-11-19T21:16:51",69825516c835c41957dfa343,Undirected,1,2024
"Ríkharðsdóttir, Sif_2025-11-19T21:17:13",69825516c835c41957dfa343,Undirected,1,2024
"Biernacka, Paulina_2025-11-19T21:17:14",69825516c835c41957dfa356,Undirected,1,2024
"Costas-Rodríguez, Marta_2025-11-19T21:17:14",69825516c835c41957dfa356,Undirected,1,2024
"De Clercq, Wim_2025-11-19T21:17:14",69825516c835c41957dfa356,Undirected,1,2024
"Dewaele, Stijn_2025-11-19T21:17:14",69825516c835c41957dfa356,Undirected,1,2024
"De Grave, Johan_2025-11-19T21:17:14",69825516c835c41957dfa356,Undirected,1,2024
"Vanhaecke, Frank_2025-11-19T21:17:14",69825516c835c41957dfa356,Undirected,1,2024
Dmitriev Yevgeny A._2025-11-19T21:17:15,69825516c835c41957dfa374,Undirected,1,2024
Kasenalin Aibar Ye_2025-11-19T21:17:15,69825516c835c41957dfa374,Undirected,1,2024
Kukushkin Alexey I._2025-11-19T21:17:15,69825516c835c41957dfa374,Undirected,1,2024
Szabolcs Rosta_2025-11-19T21:17:15,69825516c835c41957dfa375,Undirected,1,2024
Pánya István_2025-11-19T21:46:16,69825516c835c41957dfa375,Undirected,1,2024
"Gallina, Zsolt_2025-11-19T21:15:24",69825516c835c41957dfa375,Undirected,1,2024
Gyöngyi Gulyás_2025-11-19T21:17:15,69825516c835c41957dfa375,Undirected,1,2024
"Türk, Attila_2025-11-19T21:17:38",69825516c835c41957dfa375,Undirected,1,2024
"Monnereau, Aurore_2025-11-19T21:17:37",69825516c835c41957dfa593,Undirected,1,2024
"Ughi, Alice_2025-11-19T21:17:37",69825516c835c41957dfa593,Undirected,1,2024
"Talbot, Helen M._2025-11-19T21:17:37",69825516c835c41957dfa593,Undirected,1,2024
"Nikita, Efthymia_2025-11-19T21:17:37",69825516c835c41957dfa593,Undirected,1,2024
"Hamilton, W. Derek_2025-11-19T21:28:11",69825516c835c41957dfa593,Undirected,1,2024
"Le Roux, Petrus_2025-11-19T21:16:45",69825516c835c41957dfa593,Undirected,1,2024
"Molinari, Alessandra_2025-11-19T21:17:37",69825516c835c41957dfa593,Undirected,1,2024
"Carver, Martin O. H._2025-11-19T21:18:43",69825516c835c41957dfa593,Undirected,1,2024
"Craig, Oliver E._2025-11-19T21:17:37",69825516c835c41957dfa593,Undirected,1,2024
"Speller, Camilla F._2025-11-19T21:17:37",69825516c835c41957dfa593,Undirected,1,2024
"Wales, Nathan_2025-11-19T21:17:37",69825516c835c41957dfa593,Undirected,1,2024
"Gyuris, Balázs_2025-11-19T21:17:38",69825516c835c41957dfa5a4,Undirected,1,2024
Vyazov Leonid A._2025-11-19T21:36:32,69825516c835c41957dfa5a4,Undirected,1,2024
"Türk, Attila_2025-11-19T21:17:38",69825516c835c41957dfa5a4,Undirected,1,2024
"Flegontov, Pavel N._2025-11-19T21:16:51",69825516c835c41957dfa5a4,Undirected,1,2024
"Szeifert, Bea_2025-11-19T21:17:38",69825516c835c41957dfa5a4,Undirected,1,2024
"Langó, Péter_2025-11-19T21:17:38",69825516c835c41957dfa5a4,Undirected,1,2024
"Mende, Balázs Gusztáv_2025-11-19T21:15:24",69825516c835c41957dfa5a4,Undirected,1,2024
"Csáky, Veronika_2025-11-19T21:17:38",69825516c835c41957dfa5a4,Undirected,1,2024
"Chizhevskiy, Andrey A_2025-11-19T21:17:38",69825516c835c41957dfa5a4,Undirected,1,2024
"Gazimzyanov, Ilgizar R_2025-11-19T21:17:38",69825516c835c41957dfa5a4,Undirected,1,2024
"Khokhlov, Aleksandr A._2025-11-19T21:21:24",69825516c835c41957dfa5a4,Undirected,1,2024
"Kolonskikh, Aleksandr G_2025-11-19T21:17:38",69825516c835c41957dfa5a4,Undirected,1,2024
"Ruslanova, Rida R_2025-11-19T21:17:38",69825516c835c41957dfa5a4,Undirected,1,2024
"Rykun, Marina P_2025-11-19T21:17:38",69825516c835c41957dfa5a4,Undirected,1,2024
"Sitdikov, Ayrat G._2025-11-19T21:20:37",69825516c835c41957dfa5a4,Undirected,1,2024
"Volkova, Elizaveta V_2025-11-19T21:17:38",69825516c835c41957dfa5a4,Undirected,1,2024
"Botalov, Sergei Gennad'evich_2025-11-19T21:23:23",69825516c835c41957dfa5a4,Undirected,1,2024
"Bugrov, Dmitriy G_2025-11-19T21:17:38",69825516c835c41957dfa5a4,Undirected,1,2024
"Grudochko, Ivan Valer'evich_2025-11-19T21:23:23",69825516c835c41957dfa5a4,Undirected,1,2024
"Komar, Oleksii_2025-11-19T21:17:38",69825516c835c41957dfa5a4,Undirected,1,2024
"Krasnoperov, Alexander A_2025-11-19T21:17:38",69825516c835c41957dfa5a4,Undirected,1,2024
"Poshekhonova, Olga E_2025-11-19T21:17:38",69825516c835c41957dfa5a4,Undirected,1,2024
"Chikunova, Irina_2025-11-19T21:17:38",69825516c835c41957dfa5a4,Undirected,1,2024
"Sungatov, Flarit_2025-11-19T21:17:38",69825516c835c41957dfa5a4,Undirected,1,2024
"Stashenkov, Dmitrii A_2025-11-19T21:17:38",69825516c835c41957dfa5a4,Undirected,1,2024
"Zubov, Sergei_2025-11-19T21:17:38",69825516c835c41957dfa5a4,Undirected,1,2024
"Zelenkov, Alexander Sergejevich_2025-11-19T21:18:03",69825516c835c41957dfa5a4,Undirected,1,2024
"Ringbauer, Harald_2025-11-19T21:16:51",69825516c835c41957dfa5a4,Undirected,1,2024
"Cheronet, Olivia_2025-11-19T21:17:38",69825516c835c41957dfa5a4,Undirected,1,2024
"Pinhasi, Ron_2025-11-19T21:17:38",69825516c835c41957dfa5a4,Undirected,1,2024
"Akbari, Ali_2025-11-19T21:17:38",69825516c835c41957dfa5a4,Undirected,1,2024
"Rohland, Nadin_2025-11-19T21:15:52",69825516c835c41957dfa5a4,Undirected,1,2024
"Mallick, Swapan_2025-11-19T21:15:52",69825516c835c41957dfa5a4,Undirected,1,2024
"Reich, David_2025-11-19T21:17:38",69825516c835c41957dfa5a4,Undirected,1,2024
"Szécsényi-Nagy, Anna_2025-11-19T21:16:50",69825516c835c41957dfa5a4,Undirected,1,2024
"Tihanyi, Balázs_2025-11-19T21:17:44",69825516c835c41957dfa636,Undirected,1,2024
"Samu, Levente_2025-11-19T21:16:50",69825516c835c41957dfa636,Undirected,1,2024
"Koncz, István_2025-11-19T21:15:24",69825516c835c41957dfa636,Undirected,1,2024
"Medgyesi, Pál_2025-11-19T21:17:44",69825516c835c41957dfa636,Undirected,1,2024
"Pálfi, György_2025-11-19T21:17:44",69825516c835c41957dfa636,Undirected,1,2024
"Szabó, Krisztina Ágnes_2025-11-19T21:17:44",69825516c835c41957dfa636,Undirected,1,2024
"Kis, Luca_2025-11-19T21:17:44",69825516c835c41957dfa636,Undirected,1,2024
"Marcsik, Antónia_2025-11-19T21:17:44",69825516c835c41957dfa636,Undirected,1,2024
"Molnár, Erika_2025-11-19T21:16:51",69825516c835c41957dfa636,Undirected,1,2024
"Spekker, Olga_2025-11-19T21:16:50",69825516c835c41957dfa636,Undirected,1,2024
"Moilanen, Ulla_2025-11-19T21:17:53",69825516c835c41957dfa71e,Undirected,1,2024
"Juhola, Tytti_2025-11-19T21:17:53",69825516c835c41957dfa71e,Undirected,1,2024
"Pätsi, Sanna_2025-11-19T21:17:53",69825516c835c41957dfa71e,Undirected,1,2024
"Vanhanen, Santeri_2025-11-19T21:17:53",69825516c835c41957dfa71e,Undirected,1,2024
"Alenius, Teija_2025-11-19T21:17:53",69825516c835c41957dfa71e,Undirected,1,2024
"Rodríguez-Varela, Ricardo_2025-11-19T21:17:53",69825516c835c41957dfa720,Undirected,1,2024
"Yaka, Reyhan_2025-11-19T21:17:53",69825516c835c41957dfa720,Undirected,1,2024
"Pochon, Zoé_2025-11-19T21:17:53",69825516c835c41957dfa720,Undirected,1,2024
"Sanchez-Pinto, Iban_2025-11-19T21:17:53",69825516c835c41957dfa720,Undirected,1,2024
"Solaun, José Luis_2025-11-19T21:17:53",69825516c835c41957dfa720,Undirected,1,2024
"Guinet, Benjamin_2025-11-19T21:17:53",69825516c835c41957dfa720,Undirected,1,2024
"Pérez-Ramallo, Patxi_2025-11-19T21:17:18",69825516c835c41957dfa720,Undirected,1,2024
"Lagerholm, Vendela Kempe_2025-11-19T21:17:53",69825516c835c41957dfa720,Undirected,1,2024
"de Anca Prado, Violeta_2025-11-19T21:17:53",69825516c835c41957dfa720,Undirected,1,2024
"Valdiosera, Cristina_2025-11-19T21:17:53",69825516c835c41957dfa720,Undirected,1,2024
"Krzewińska, Maja_2025-11-19T21:17:53",69825516c835c41957dfa720,Undirected,1,2024
"Herrasti, Lourdes_2025-11-19T21:17:53",69825516c835c41957dfa720,Undirected,1,2024
"Azkarate, Agustín_2025-11-19T21:17:53",69825516c835c41957dfa720,Undirected,1,2024
"Götherström, Anders_2025-11-19T21:17:53",69825516c835c41957dfa720,Undirected,1,2024
"Mozgai, Viktória_2025-11-19T21:17:54",69825516c835c41957dfa737,Undirected,1,2024
"Villa, Igor M._2025-11-19T21:17:54",69825516c835c41957dfa737,Undirected,1,2024
"Bajnóczi, Bernadett_2025-11-19T21:15:57",69825516c835c41957dfa737,Undirected,1,2024
"Szenthe, Gergely_2025-11-19T21:17:54",69825516c835c41957dfa737,Undirected,1,2024
"Zagorc, Brina_2025-11-19T21:17:54",69825516c835c41957dfa738,Undirected,1,2024
"Blanz, Magdalena_2025-11-19T21:17:54",69825516c835c41957dfa738,Undirected,1,2024
"Gelabert, Pere_2025-11-19T21:17:54",69825516c835c41957dfa738,Undirected,1,2024
"Oberreiter, Victoria_2025-11-19T21:17:54",69825516c835c41957dfa738,Undirected,1,2024
"Cheronet, Olivia_2025-11-19T21:17:38",69825516c835c41957dfa738,Undirected,1,2024
"Chen, Hao Shan_2025-11-19T21:17:54",69825516c835c41957dfa738,Undirected,1,2024
"Carić, Mario_2025-11-19T21:15:52",69825516c835c41957dfa738,Undirected,1,2024
"Visković, Eduard_2025-11-19T21:17:54",69825516c835c41957dfa738,Undirected,1,2024
"Ivanova-Bieg, Maria_2025-11-19T21:17:54",69825516c835c41957dfa738,Undirected,1,2024
"Reich, David_2025-11-19T21:17:38",69825516c835c41957dfa738,Undirected,1,2024
"Pinhasi, Ron_2025-11-19T21:17:38",69825516c835c41957dfa738,Undirected,1,2024
"Speleers, Lien_2025-11-19T21:17:54",69825516c835c41957dfa73a,Undirected,1,2024
"Vanden Berghe, Ina_2025-11-19T21:17:54",69825516c835c41957dfa73a,Undirected,1,2024
"Ghesquière, Valérie_2025-11-19T21:17:54",69825516c835c41957dfa73a,Undirected,1,2024
"Kinnaer, Frank_2025-11-19T21:17:54",69825516c835c41957dfa73a,Undirected,1,2024
"Meganck, Marc_2025-11-19T21:17:54",69825516c835c41957dfa73a,Undirected,1,2024
"Preiss, Sidonie_2025-11-19T21:17:54",69825516c835c41957dfa73a,Undirected,1,2024
"Van Bellingen, Stephan_2025-11-19T21:17:54",69825516c835c41957dfa73a,Undirected,1,2024
"Timmermans, Julie_2025-11-19T21:17:54",69825516c835c41957dfa73a,Undirected,1,2024
"Devos, Yannick_2025-11-19T21:17:54",69825516c835c41957dfa73a,Undirected,1,2024
"Pérez-Ramallo, Patxi_2025-11-19T21:17:18",69825516c835c41957dfa73b,Undirected,1,2024
"Rodríguez-Varela, Ricardo_2025-11-19T21:17:53",69825516c835c41957dfa73b,Undirected,1,2024
"Staniewska, Alexandra_2025-11-19T21:17:54",69825516c835c41957dfa73b,Undirected,1,2024
"Ilgner, Jana_2025-11-19T21:17:54",69825516c835c41957dfa73b,Undirected,1,2024
"Krzewińska, Maja_2025-11-19T21:17:53",69825516c835c41957dfa73b,Undirected,1,2024
"Chivall, David_2025-11-19T21:17:54",69825516c835c41957dfa73b,Undirected,1,2024
"Higham, Tom_2025-11-19T21:16:51",69825516c835c41957dfa73b,Undirected,1,2024
"Götherström, Anders_2025-11-19T21:17:53",69825516c835c41957dfa73b,Undirected,1,2024
"Roberts, Patrick_2025-11-19T21:17:54",69825516c835c41957dfa73b,Undirected,1,2024
"García-Moreno, Carlos D._2025-11-19T21:17:54",69825516c835c41957dfa73e,Undirected,1,2024
"Murciano Calles, José M._2025-11-19T21:17:54",69825516c835c41957dfa73e,Undirected,1,2024
"López-Costas, Olalla_2025-11-19T21:17:54",69825516c835c41957dfa73e,Undirected,1,2024
"Ros, Jérôme_2025-11-19T21:17:54",69825516c835c41957dfa740,Undirected,1,2024
"Badri, Fatima-Ezzahra_2025-11-19T21:17:54",69825516c835c41957dfa740,Undirected,1,2024
"Pelling, Ruth_2025-11-19T21:17:54",69825516c835c41957dfa740,Undirected,1,2024
"Biehler-Gomez, Lucie_2025-11-19T21:17:55",69825516c835c41957dfa749,Undirected,1,2024
"Pera, Elisa_2025-11-19T21:17:55",69825516c835c41957dfa749,Undirected,1,2024
"Lucchetti, Valentina_2025-11-19T21:17:55",69825516c835c41957dfa749,Undirected,1,2024
"Sisto, Laura_2025-11-19T21:17:55",69825516c835c41957dfa749,Undirected,1,2024
"del Bo, Beatrice_2025-11-19T21:17:55",69825516c835c41957dfa749,Undirected,1,2024
"Mattia, Mirko_2025-11-19T21:17:55",69825516c835c41957dfa749,Undirected,1,2024
"Rodella, Lucrezia_2025-11-19T21:17:55",69825516c835c41957dfa749,Undirected,1,2024
"Manzi, Giorgio_2025-11-19T21:17:55",69825516c835c41957dfa749,Undirected,1,2024
"Fedeli, Anna Maria_2025-11-19T21:17:55",69825516c835c41957dfa749,Undirected,1,2024
"Porro, Alessandro_2025-11-19T21:17:55",69825516c835c41957dfa749,Undirected,1,2024
"Cattaneo, Cristina_2025-11-19T21:17:55",69825516c835c41957dfa749,Undirected,1,2024
"Albarella, Umberto_2025-11-19T21:17:56",69825516c835c41957dfa761,Undirected,1,2024
"Aniceti, Veronica_2025-11-19T21:17:56",69825516c835c41957dfa761,Undirected,1,2024
"Gugora, Ariana_2025-11-19T21:17:56",69825516c835c41957dfa76e,Undirected,1,2024
"Demény, Attila_2025-11-19T21:17:56",69825516c835c41957dfa76e,Undirected,1,2024
"Gábor Hatvani, István_2025-11-19T21:17:56",69825516c835c41957dfa76e,Undirected,1,2024
"Fóthi, Erzsébet_2025-11-19T21:17:56",69825516c835c41957dfa76e,Undirected,1,2024
"Zori, Davide_2025-11-19T21:15:54",69825516c835c41957dfa77f,Undirected,1,2024
"Erlandson, Jon M._2025-11-19T21:17:57",69825516c835c41957dfa77f,Undirected,1,2024
"Chudziak, Wojciech_2025-11-19T21:17:18",69825516c835c41957dfa7ad,Undirected,1,2024
"Kaźmierczak, Ryszard_2025-11-19T21:17:59",69825516c835c41957dfa7ad,Undirected,1,2024
"Błędowski, Piotr_2025-11-19T21:17:59",69825516c835c41957dfa7ad,Undirected,1,2024
"Noryśkiewicz, Agnieszka M._2025-11-19T21:17:59",69825516c835c41957dfa7ad,Undirected,1,2024
"Badura, Monika_2025-11-19T21:17:59",69825516c835c41957dfa7ad,Undirected,1,2024
"Makowiecki, Daniel_2025-11-19T21:17:59",69825516c835c41957dfa7ad,Undirected,1,2024
"Kramkowski, Mateusz_2025-11-19T21:17:59",69825516c835c41957dfa7ad,Undirected,1,2024
"Horváth, Eszter_2025-11-19T21:18:01",69825516c835c41957dfa7db,Undirected,1,2024
"Aradi, László E._2025-11-19T21:18:01",69825516c835c41957dfa7db,Undirected,1,2024
"Topa, Boglárka_2025-11-19T21:18:01",69825516c835c41957dfa7db,Undirected,1,2024
"Bajnóczi, Bernadett_2025-11-19T21:15:57",69825516c835c41957dfa7db,Undirected,1,2024
"Cywa, Katarzyna_2025-11-19T21:18:01",69825516c835c41957dfa7dc,Undirected,1,2024
"Wacnik, Agnieszka_2025-11-19T21:18:01",69825516c835c41957dfa7dc,Undirected,1,2024
Isabell Schmidt_2025-11-19T21:18:01,69825516c835c41957dfa7e6,Undirected,1,2024
Bruno Boemke_2025-11-19T21:18:01,69825516c835c41957dfa7e6,Undirected,1,2024
"Herzog, Irmela_2025-11-19T21:15:53",69825516c835c41957dfa7e6,Undirected,1,2024
Claudia Koppmann_2025-11-19T21:18:01,69825516c835c41957dfa7e6,Undirected,1,2024
Hannah Witte_2025-11-19T21:18:01,69825516c835c41957dfa7e6,Undirected,1,2024
Florian Sauer_2025-11-19T21:18:01,69825516c835c41957dfa7e6,Undirected,1,2024
Erich Claßen_2025-11-19T21:18:01,69825516c835c41957dfa7e6,Undirected,1,2024
"Lehmkuhl, Frank_2025-11-19T21:17:34",69825516c835c41957dfa7e6,Undirected,1,2024
Vyazov Leonid A._2025-11-19T21:36:32,69825516c835c41957dfa813,Undirected,1,2024
"Gyuris, Balázs_2025-11-19T21:17:38",69825516c835c41957dfa813,Undirected,1,2024
"Komar, Oleksii_2025-11-19T21:17:38",69825516c835c41957dfa813,Undirected,1,2024
"Türk, Attila_2025-11-19T21:17:38",69825516c835c41957dfa813,Undirected,1,2024
"Svanberg, Ingvar_2025-11-19T21:18:04",69825516c835c41957dfa82c,Undirected,1,2024
"de Vahl, Erik_2025-11-19T21:18:04",69825516c835c41957dfa82c,Undirected,1,2024
"Ingvarsdóttir Olsen, Navarana_2025-11-19T21:18:04",69825516c835c41957dfa82c,Undirected,1,2024
"Ståhlberg, Sabira_2025-11-19T21:18:04",69825516c835c41957dfa82c,Undirected,1,2024
"Ravasini, Francesco_2025-11-19T21:18:05",69825516c835c41957dfa838,Undirected,1,2024
"Kabral, Helja_2025-11-19T21:17:12",69825516c835c41957dfa838,Undirected,1,2024
"Solnik, Anu_2025-11-19T21:16:14",69825516c835c41957dfa838,Undirected,1,2024
"de Gennaro, Luciana_2025-11-19T21:18:05",69825516c835c41957dfa838,Undirected,1,2024
"Montinaro, Francesco_2025-11-19T21:18:05",69825516c835c41957dfa838,Undirected,1,2024
"Hui, Ruoyun_2025-11-19T21:15:49",69825516c835c41957dfa838,Undirected,1,2024
"Delpino, Chiara_2025-11-19T21:18:05",69825516c835c41957dfa838,Undirected,1,2024
"Finocchi, Stefano_2025-11-19T21:18:05",69825516c835c41957dfa838,Undirected,1,2024
"Giroldini, Pierluigi_2025-11-19T21:18:05",69825516c835c41957dfa838,Undirected,1,2024
"Mei, Oscar_2025-11-19T21:18:05",69825516c835c41957dfa838,Undirected,1,2024
"Beck De Lotto, Michael Allen_2025-11-19T21:18:05",69825516c835c41957dfa838,Undirected,1,2024
"Cilli, Elisabetta_2025-11-19T21:18:05",69825516c835c41957dfa838,Undirected,1,2024
"Hajiesmaeil, Mogge_2025-11-19T21:18:05",69825516c835c41957dfa838,Undirected,1,2024
"Pistacchia, Letizia_2025-11-19T21:18:05",69825516c835c41957dfa838,Undirected,1,2024
"Risi, Flavia_2025-11-19T21:18:05",69825516c835c41957dfa838,Undirected,1,2024
"Giacometti, Chiara_2025-11-19T21:18:05",69825516c835c41957dfa838,Undirected,1,2024
"Scheib, Christiana L_2025-11-19T21:21:16",69825516c835c41957dfa838,Undirected,1,2024
"Tambets, Kristiina_2025-11-19T21:17:12",69825516c835c41957dfa838,Undirected,1,2024
"Metspalu, Mait_2025-11-19T21:18:05",69825516c835c41957dfa838,Undirected,1,2024
"Cruciani, Fulvio_2025-11-19T21:18:05",69825516c835c41957dfa838,Undirected,1,2024
"D'Atanasio, Eugenia_2025-11-19T21:16:14",69825516c835c41957dfa838,Undirected,1,2024
"Trombetta, Beniamino_2025-11-19T21:18:05",69825516c835c41957dfa838,Undirected,1,2024
"Willmott, Hugh_2025-11-19T21:16:30",69825516c835c41957dfa854,Undirected,1,2024
"Thompson, Lenore_2025-11-19T21:18:06",69825516c835c41957dfa854,Undirected,1,2024
"Lundy, Jasmine_2025-11-19T21:18:06",69825516c835c41957dfa854,Undirected,1,2024
"Crichton-Turley, Courtenay-Elle_2025-11-19T21:18:06",69825516c835c41957dfa854,Undirected,1,2024
"Andrén, Elinor_2025-11-19T21:18:06",69825516c835c41957dfa860,Undirected,1,2024
"Vinogradova, Olena_2025-11-19T21:18:06",69825516c835c41957dfa860,Undirected,1,2024
"Lönn, Mikael_2025-11-19T21:18:06",69825516c835c41957dfa860,Undirected,1,2024
"Belle, Simon_2025-11-19T21:18:06",69825516c835c41957dfa860,Undirected,1,2024
"Dahl, Martin_2025-11-19T21:18:06",69825516c835c41957dfa860,Undirected,1,2024
"Palm, Veronica_2025-11-19T21:18:06",69825516c835c41957dfa860,Undirected,1,2024
"Katrantsiotis, Christos_2025-11-19T21:18:06",69825516c835c41957dfa860,Undirected,1,2024
"Nielsen, Anne Birgitte_2025-11-19T21:16:08",69825516c835c41957dfa860,Undirected,1,2024
"Jakobsson, Martin_2025-11-19T21:18:06",69825516c835c41957dfa860,Undirected,1,2024
"Rönnby, Johan_2025-11-19T21:17:20",69825516c835c41957dfa860,Undirected,1,2024
"Andrén, Thomas_2025-11-19T21:18:06",69825516c835c41957dfa860,Undirected,1,2024
"Ledger, Marissa L_2025-11-19T21:18:06",69825516c835c41957dfa861,Undirected,1,2024
"Poulain, Maxime_2025-11-19T21:17:27",69825516c835c41957dfa861,Undirected,1,2024
"Deforce, Koen_2025-11-19T21:18:06",69825516c835c41957dfa861,Undirected,1,2024
"Bondarko, Nikolay A._2025-11-19T21:39:52",69825516c835c41957dfa86c,Undirected,1,2024
"Eseleva, А. А._2025-11-19T21:18:07",69825516c835c41957dfa86c,Undirected,1,2024
"Gáll, Erwin_2025-11-19T21:18:08",69825516c835c41957dfa894,Undirected,1,2024
"Daczó, Levente_2025-11-19T21:18:08",69825516c835c41957dfa894,Undirected,1,2024
"Gerber, Dániel_2025-11-19T21:18:03",69825516c835c41957dfa8a4,Undirected,1,2024
"Csáky, Veronika_2025-11-19T21:17:38",69825516c835c41957dfa8a4,Undirected,1,2024
"Szeifert, Bea_2025-11-19T21:17:38",69825516c835c41957dfa8a4,Undirected,1,2024
"Borbély, Noémi_2025-11-19T21:18:09",69825516c835c41957dfa8a4,Undirected,1,2024
"Jakab, Kristóf_2025-11-19T21:18:09",69825516c835c41957dfa8a4,Undirected,1,2024
"Mező, György_2025-11-19T21:18:09",69825516c835c41957dfa8a4,Undirected,1,2024
"Petkes, Zsolt_2025-11-19T21:18:09",69825516c835c41957dfa8a4,Undirected,1,2024
"Szücsi, Frigyes_2025-11-19T21:18:09",69825516c835c41957dfa8a4,Undirected,1,2024
"Évinger, Sándor_2025-11-19T21:15:24",69825516c835c41957dfa8a4,Undirected,1,2024
"Líbor, Csilla_2025-11-19T21:18:09",69825516c835c41957dfa8a4,Undirected,1,2024
"Rácz, Piroska_2025-11-19T21:18:09",69825516c835c41957dfa8a4,Undirected,1,2024
"Kiss, Krisztián_2025-11-19T21:18:09",69825516c835c41957dfa8a4,Undirected,1,2024
"Mende, Balázs Gusztáv_2025-11-19T21:15:24",69825516c835c41957dfa8a4,Undirected,1,2024
"Szőke, Béla Miklós_2025-11-19T21:18:09",69825516c835c41957dfa8a4,Undirected,1,2024
"Szécsényi-Nagy, Anna_2025-11-19T21:16:50",69825516c835c41957dfa8a4,Undirected,1,2024
"Rosta, Sz_2025-11-19T21:18:11",69825516c835c41957dfa8cf,Undirected,1,2024
"Gulyás, Gy_2025-11-19T21:18:11",69825516c835c41957dfa8cf,Undirected,1,2024
"Gallina, Zsolt_2025-11-19T21:15:24",69825516c835c41957dfa8cf,Undirected,1,2024
Pánya István_2025-11-19T21:46:16,69825516c835c41957dfa8cf,Undirected,1,2024
"Türk, Attila_2025-11-19T21:17:38",69825516c835c41957dfa8cf,Undirected,1,2024
"Callmer, Johan_2025-11-19T21:14:19",69825516c835c41957dfa8d3,Undirected,1,2024
"Gustin, Ingrid_2025-11-19T21:18:11",69825516c835c41957dfa8d3,Undirected,1,2024
"Roslund, Mats_2025-11-19T21:18:11",69825516c835c41957dfa8d3,Undirected,1,2024
"De Kort, Jan Willem_2025-11-19T21:17:25",69825516c835c41957dfa8d4,Undirected,1,2024
"Brinkkemper, Otto_2025-11-19T21:18:11",69825516c835c41957dfa8d4,Undirected,1,2024
"Van Doesburg, Jan_2025-11-19T21:18:11",69825516c835c41957dfa8d4,Undirected,1,2024
"Groenewoudt, Bert J._2025-11-19T21:30:18",69825516c835c41957dfa8d4,Undirected,1,2024
"Heeren, Stijn_2025-11-19T21:18:11",69825516c835c41957dfa8d4,Undirected,1,2024
"Kars, Mirjam_2025-11-19T21:18:11",69825516c835c41957dfa8d4,Undirected,1,2024
"Nicolay, Johan_2025-11-19T21:18:11",69825516c835c41957dfa8d4,Undirected,1,2024
"Van Os, Bertil_2025-11-19T21:17:25",69825516c835c41957dfa8d4,Undirected,1,2024
"Pol, Arent_2025-11-19T21:18:11",69825516c835c41957dfa8d4,Undirected,1,2024
"Piotrowska, Natalia_2025-11-19T21:18:16",69825516c835c41957dfa930,Undirected,1,2024
"Kłusek, Marzena_2025-11-19T21:18:16",69825516c835c41957dfa930,Undirected,1,2024
"Boroń, Piotr_2025-11-19T21:18:16",69825516c835c41957dfa930,Undirected,1,2024
"Imiołczyk, Ewelina_2025-11-19T21:18:16",69825516c835c41957dfa930,Undirected,1,2024
"Budziakowski, Mateusz_2025-11-19T21:18:16",69825516c835c41957dfa930,Undirected,1,2024
"Poloczek, Adrian_2025-11-19T21:18:16",69825516c835c41957dfa930,Undirected,1,2024
"Poloczek-Imielińska, Agata_2025-11-19T21:18:16",69825516c835c41957dfa930,Undirected,1,2024
"Jaksik, Marian_2025-11-19T21:18:16",69825516c835c41957dfa930,Undirected,1,2024
"Руденко, Константин_2025-11-19T21:39:37",69825516c835c41957dfa946,Undirected,1,2024
Kazakov Evgeniy P._2025-11-19T21:16:37,69825516c835c41957dfa946,Undirected,1,2024
"Pedergnana, Antonella_2025-11-19T21:16:51",69825516c835c41957dfa96e,Undirected,1,2024
"Seiler, Roger_2025-11-19T21:16:51",69825516c835c41957dfa96e,Undirected,1,2024
"Čavka, Mislav_2025-11-19T21:23:03",69825516c835c41957dfa96e,Undirected,1,2024
"Gascho, Dominic_2025-11-19T21:17:07",69825516c835c41957dfa96e,Undirected,1,2024
"Harvey, Laura_2025-11-19T21:17:07",69825516c835c41957dfa96e,Undirected,1,2024
"Rühli, Frank J._2025-11-19T21:16:09",69825516c835c41957dfa96e,Undirected,1,2024
"Eppenberger, Patrick_2025-11-19T21:16:51",69825516c835c41957dfa96e,Undirected,1,2024
"Bazin, Bruno_2025-11-19T21:18:47",69825516c835c41957dfac22,Undirected,1,2024
"Portat, Émilie_2025-11-19T21:18:47",69825516c835c41957dfac22,Undirected,1,2024
"Büttner, Stéphane_2025-11-19T21:18:47",69825516c835c41957dfac22,Undirected,1,2024
"Corrochano, Alexis_2025-11-19T21:18:47",69825516c835c41957dfac22,Undirected,1,2024
"Kazanski, Michel_2025-11-19T21:18:48",69825516c835c41957dfac3d,Undirected,1,2024
"Mastykova, Anna_2025-11-19T21:18:48",69825516c835c41957dfac3d,Undirected,1,2024
"Pradat, Bénédicte_2025-11-19T21:18:48",69825516c835c41957dfac3e,Undirected,1,2024
"Hallavant, Charlotte_2025-11-19T21:18:48",69825516c835c41957dfac3e,Undirected,1,2024
"Ruas, Marie-Pierre_2025-11-19T21:18:48",69825516c835c41957dfac3e,Undirected,1,2024
"Decaix, Alexia_2025-11-19T21:18:48",69825516c835c41957dfac3e,Undirected,1,2024
"Derreumaux, Marie_2025-11-19T21:18:48",69825516c835c41957dfac3e,Undirected,1,2024
"Preiss, Sidonie_2025-11-19T21:17:54",69825516c835c41957dfac3e,Undirected,1,2024
"Ros, Jérôme_2025-11-19T21:17:54",69825516c835c41957dfac3e,Undirected,1,2024
"Desbrosse-Degobertière, Stéphanie_2025-11-19T21:18:49",69825516c835c41957dfac5a,Undirected,1,2024
"Médard, Fabienne_2025-11-19T21:18:49",69825516c835c41957dfac5a,Undirected,1,2024
"Truc, Marie-Cécile_2025-11-19T21:18:49",69825516c835c41957dfac5a,Undirected,1,2024
"Pryor, Alexander_2025-11-19T21:22:54",69825516c835c41957dfc131,Undirected,1,2024
"Ameen, Carly_2025-11-19T21:16:39",69825516c835c41957dfc131,Undirected,1,2024
"Liddiard, Robert_2025-11-19T21:16:39",69825516c835c41957dfc131,Undirected,1,2024
"Baker, Gary_2025-11-19T21:16:40",69825516c835c41957dfc131,Undirected,1,2024
"Kanne, Katherine_2025-11-19T21:22:54",69825516c835c41957dfc131,Undirected,1,2024
"Milton, J_2025-11-19T21:22:54",69825516c835c41957dfc131,Undirected,1,2024
"Standish, Christopher_2025-11-19T21:22:54",69825516c835c41957dfc131,Undirected,1,2024
"Hambach, Bastian_2025-11-19T21:16:40",69825516c835c41957dfc131,Undirected,1,2024
"Orlando, Ludovic_2025-11-19T21:16:40",69825516c835c41957dfc131,Undirected,1,2024
"Chauvey, Lorelei_2025-11-19T21:16:40",69825516c835c41957dfc131,Undirected,1,2024
"Schiavinato, Stephanie_2025-11-19T21:16:40",69825516c835c41957dfc131,Undirected,1,2024
"Calvière-Tonasso, Laure_2025-11-19T21:16:40",69825516c835c41957dfc131,Undirected,1,2024
"Tressières, Gaetan_2025-11-19T21:16:40",69825516c835c41957dfc131,Undirected,1,2024
"Wagner, Stefanie_2025-11-19T21:16:40",69825516c835c41957dfc131,Undirected,1,2024
"Southon, John_2025-11-19T21:16:40",69825516c835c41957dfc131,Undirected,1,2024
"Pipe, Alan_2025-11-19T21:16:40",69825516c835c41957dfc131,Undirected,1,2024
"Creighton, Oliver H._2025-11-19T21:17:09",69825516c835c41957dfc131,Undirected,1,2024
"Outram, Alan K._2025-11-19T21:17:09",69825516c835c41957dfc131,Undirected,1,2024
"Shapiro, Beth_2025-11-19T21:16:40",69825516c835c41957dfc131,Undirected,1,2024
"Leloup, Ward_2025-11-19T21:23:02",69825516c835c41957dfc1fd,Undirected,1,2024
"Speecke, Mathijs_2025-11-19T21:23:02",69825516c835c41957dfc1fd,Undirected,1,2024
"Štular, Benjamin_2025-11-19T21:21:28",69825516c835c41957dfc205,Undirected,1,2024
"Lozić, Edisa_2025-11-19T21:22:10",69825516c835c41957dfc205,Undirected,1,2024
"Pleterski, Andrej_2025-11-19T21:21:28",69825516c835c41957dfc207,Undirected,1,2024
"Stone, Sunčan Patrick_2025-11-19T21:23:02",69825516c835c41957dfc207,Undirected,1,2024
"Das, S.K._2025-11-19T21:23:02",69825516c835c41957dfc211,Undirected,1,2024
"Ekblad, A._2025-11-19T21:23:02",69825516c835c41957dfc211,Undirected,1,2024
"Stojanović, Ksenija A._2025-11-19T21:23:02",69825516c835c41957dfc211,Undirected,1,2024
"Mikusinska, A._2025-11-19T21:23:02",69825516c835c41957dfc211,Undirected,1,2024
"Gaillard, Marie-José_2025-11-19T21:18:02",69825516c835c41957dfc211,Undirected,1,2024
"Mitrović, D._2025-11-19T21:23:02",69825516c835c41957dfc211,Undirected,1,2024
"Cui, Q-Y._2025-11-19T21:23:02",69825516c835c41957dfc211,Undirected,1,2024
"Radišić, Milica_2025-11-19T21:22:50",69825516c835c41957dfc2b6,Undirected,1,2024
"Bilogrivic, Goran_2025-11-19T21:23:09",69825516c835c41957dfc2b6,Undirected,1,2024
"Hemker, Christiane_2025-11-19T21:21:45",69825516c835c41957dfc2e8,Undirected,1,2024
"Johl, Stefan_2025-11-19T21:23:12",69825516c835c41957dfc2e8,Undirected,1,2024
"Wicke, Jörg_2025-11-19T21:22:07",69825516c835c41957dfc2eb,Undirected,1,2024
"Müller, Gert_2025-11-19T21:23:12",69825516c835c41957dfc2eb,Undirected,1,2024
"von Scheffer, Clemens_2025-11-19T21:48:53",69825517c835c41957e010f7,Undirected,1,2024
"De Vleeschouwer, François_2025-11-19T21:22:56",69825517c835c41957e010f7,Undirected,1,2024
"Le Roux, Gaël_2025-11-19T21:22:56",69825517c835c41957e010f7,Undirected,1,2024
"Unkel, Ingmar_2025-11-19T21:22:56",69825517c835c41957e010f7,Undirected,1,2024
"Speidel, Leo_2025-11-19T21:18:13",69825516c835c41957dfa8f6,Undirected,1,2025
"Silva, Marina_2025-11-19T21:18:13",69825516c835c41957dfa8f6,Undirected,1,2025
"Booth, Thomas_2025-11-19T21:18:13",69825516c835c41957dfa8f6,Undirected,1,2025
"Raffield, Ben_2025-11-19T21:16:08",69825516c835c41957dfa8f6,Undirected,1,2025
"Anastasiadou, Kyriaki_2025-11-19T21:18:13",69825516c835c41957dfa8f6,Undirected,1,2025
"Barrington, Christopher_2025-11-19T21:18:13",69825516c835c41957dfa8f6,Undirected,1,2025
"Götherström, Anders_2025-11-19T21:17:53",69825516c835c41957dfa8f6,Undirected,1,2025
"Heather, Peter J_2025-11-19T21:31:06",69825516c835c41957dfa8f6,Undirected,1,2025
"Skoglund, Pontus_2025-11-19T21:18:13",69825516c835c41957dfa8f6,Undirected,1,2025
"Vanhanen, Santeri_2025-11-19T21:17:53",69825516c835c41957dfa8fe,Undirected,1,2025
"Ilves, Kristin_2025-11-19T21:18:13",69825516c835c41957dfa8fe,Undirected,1,2025
"Saag, Lehti_2025-11-19T21:17:12",69825516c835c41957dfa904,Undirected,1,2025
"Utevska, Olga_2025-11-19T21:18:14",69825516c835c41957dfa904,Undirected,1,2025
"Zadnikov, Stanislav_2025-11-19T21:18:14",69825516c835c41957dfa904,Undirected,1,2025
"Shramko, Iryna_2025-11-19T21:18:14",69825516c835c41957dfa904,Undirected,1,2025
"Gorbenko, Kyrylo_2025-11-19T21:18:14",69825516c835c41957dfa904,Undirected,1,2025
"Bandrivskyi, Mykola_2025-11-19T21:18:14",69825516c835c41957dfa904,Undirected,1,2025
"Pavliv, Dmytro_2025-11-19T21:18:14",69825516c835c41957dfa904,Undirected,1,2025
"Bruyako, Igor_2025-11-19T21:18:14",69825516c835c41957dfa904,Undirected,1,2025
"Grechko, Denys_2025-11-19T21:18:14",69825516c835c41957dfa904,Undirected,1,2025
"Okatenko, Vitalii_2025-11-19T21:18:14",69825516c835c41957dfa904,Undirected,1,2025
"Toshev, Gennadi_2025-11-19T21:18:14",69825516c835c41957dfa904,Undirected,1,2025
"Andrukh, Svitlana_2025-11-19T21:18:14",69825516c835c41957dfa904,Undirected,1,2025
"Radziyevska, Vira_2025-11-19T21:18:14",69825516c835c41957dfa904,Undirected,1,2025
"Buynov, Yurii_2025-11-19T21:18:14",69825516c835c41957dfa904,Undirected,1,2025
"Kotenko, Viktoriia_2025-11-19T21:18:14",69825516c835c41957dfa904,Undirected,1,2025
"Smyrnov, Oleksandr_2025-11-19T21:18:14",69825516c835c41957dfa904,Undirected,1,2025
"Petrauskas, Oleg_2025-11-19T21:18:14",69825516c835c41957dfa904,Undirected,1,2025
"Magomedov, Borys_2025-11-19T21:18:14",69825516c835c41957dfa904,Undirected,1,2025
"Didenko, Serhii_2025-11-19T21:18:14",69825516c835c41957dfa904,Undirected,1,2025
"Heiko, Anatolii_2025-11-19T21:18:14",69825516c835c41957dfa904,Undirected,1,2025
"Reida, Roman_2025-11-19T21:18:14",69825516c835c41957dfa904,Undirected,1,2025
"Sapiehin, Serhii_2025-11-19T21:18:14",69825516c835c41957dfa904,Undirected,1,2025
"Aksonov, Viktor_2025-11-19T21:18:14",69825516c835c41957dfa904,Undirected,1,2025
"Laptiev, Oleksii_2025-11-19T21:18:14",69825516c835c41957dfa904,Undirected,1,2025
"Terskyi, Svyatoslav_2025-11-19T21:18:14",69825516c835c41957dfa904,Undirected,1,2025
"Skorokhod, Viacheslav_2025-11-19T21:18:14",69825516c835c41957dfa904,Undirected,1,2025
"Zhyhola, Vitalii_2025-11-19T21:18:14",69825516c835c41957dfa904,Undirected,1,2025
"Sytyi, Yurii_2025-11-19T21:18:14",69825516c835c41957dfa904,Undirected,1,2025
"Järve, Mari_2025-11-19T21:18:14",69825516c835c41957dfa904,Undirected,1,2025
"Scheib, Christiana L_2025-11-19T21:21:16",69825516c835c41957dfa904,Undirected,1,2025
"Anastasiadou, Kyriaki_2025-11-19T21:18:13",69825516c835c41957dfa904,Undirected,1,2025
"Kelly, Monica_2025-11-19T21:18:14",69825516c835c41957dfa904,Undirected,1,2025
"Williams, Mia_2025-11-19T21:18:14",69825516c835c41957dfa904,Undirected,1,2025
"Silva, Marina_2025-11-19T21:18:13",69825516c835c41957dfa904,Undirected,1,2025
"Barrington, Christopher_2025-11-19T21:18:13",69825516c835c41957dfa904,Undirected,1,2025
"Gilardet, Alexandre_2025-11-19T21:18:14",69825516c835c41957dfa904,Undirected,1,2025
"Macleod, Ruairidh_2025-11-19T21:18:14",69825516c835c41957dfa904,Undirected,1,2025
"Skoglund, Pontus_2025-11-19T21:18:13",69825516c835c41957dfa904,Undirected,1,2025
"Thomas, Mark G._2025-11-19T21:18:14",69825516c835c41957dfa904,Undirected,1,2025
"Daly, Kevin G._2025-11-19T21:16:49",69825516c835c41957dfa95b,Undirected,1,2025
"Mullin, Victoria E._2025-11-19T21:16:49",69825516c835c41957dfa95b,Undirected,1,2025
"Hare, Andrew J._2025-11-19T21:16:49",69825516c835c41957dfa95b,Undirected,1,2025
"Halpin, Áine_2025-11-19T21:18:18",69825516c835c41957dfa95b,Undirected,1,2025
"Mattiangeli, Valeria_2025-11-19T21:16:49",69825516c835c41957dfa95b,Undirected,1,2025
"Rossi, Conor_2025-11-19T21:18:18",69825516c835c41957dfa95b,Undirected,1,2025
"Geiger, Sheila_2025-11-19T21:16:49",69825516c835c41957dfa95b,Undirected,1,2025
"Krebs, Stefan_2025-11-19T21:16:49",69825516c835c41957dfa95b,Undirected,1,2025
"Medugorac, Ivica_2025-11-19T21:16:49",69825516c835c41957dfa95b,Undirected,1,2025
"Sandoval-Castellanos, Edson_2025-11-19T21:16:49",69825516c835c41957dfa95b,Undirected,1,2025
"Özbaşaran, Mihriban_2025-11-19T21:16:49",69825516c835c41957dfa95b,Undirected,1,2025
"Duru, Güneş_2025-11-19T21:16:49",69825516c835c41957dfa95b,Undirected,1,2025
"Gülçur, Sevil_2025-11-19T21:16:49",69825516c835c41957dfa95b,Undirected,1,2025
"Pöllath, Nadja_2025-11-19T21:16:49",69825516c835c41957dfa95b,Undirected,1,2025
"Collins, Matthew J._2025-11-19T21:24:59",69825516c835c41957dfa95b,Undirected,1,2025
"Frantz, Laurent_2025-11-19T21:16:49",69825516c835c41957dfa95b,Undirected,1,2025
"Vila, Emmanuelle_2025-11-19T21:18:18",69825516c835c41957dfa95b,Undirected,1,2025
"Zidarov, Peter_2025-11-19T21:18:18",69825516c835c41957dfa95b,Undirected,1,2025
"Stoddart, Simon_2025-11-19T21:16:49",69825516c835c41957dfa95b,Undirected,1,2025
"Boldgiv, Bazartseren_2025-11-19T21:18:18",69825516c835c41957dfa95b,Undirected,1,2025
"Orlando, Ludovic_2025-11-19T21:16:40",69825516c835c41957dfa95b,Undirected,1,2025
"Parker Pearson, Michael_2025-11-19T21:16:49",69825516c835c41957dfa95b,Undirected,1,2025
"Mullville, Jacqui_2025-11-19T21:16:49",69825516c835c41957dfa95b,Undirected,1,2025
"Askeyev, Igor V._2025-11-19T21:18:18",69825516c835c41957dfa95b,Undirected,1,2025
"Askeyev, Arthur O._2025-11-19T21:18:18",69825516c835c41957dfa95b,Undirected,1,2025
"Askeyev, Oleg V._2025-11-19T21:18:18",69825516c835c41957dfa95b,Undirected,1,2025
"Shaymuratova, Dilyara N._2025-11-19T21:18:18",69825516c835c41957dfa95b,Undirected,1,2025
"van den Hurk, Youri_2025-11-19T21:17:29",69825516c835c41957dfa95b,Undirected,1,2025
"Zeeb-Lanz, Andrea_2025-11-19T21:18:18",69825516c835c41957dfa95b,Undirected,1,2025
"Hemmer, Helmut_2025-11-19T21:18:18",69825516c835c41957dfa95b,Undirected,1,2025
"Davoudi, Hossein_2025-11-19T21:18:18",69825516c835c41957dfa95b,Undirected,1,2025
"Amiri, Sarieh_2025-11-19T21:18:18",69825516c835c41957dfa95b,Undirected,1,2025
"Doost, Sanaz Beizaee_2025-11-19T21:18:18",69825516c835c41957dfa95b,Undirected,1,2025
"Fathi, Homa_2025-11-19T21:18:18",69825516c835c41957dfa95b,Undirected,1,2025
"Khazaeli, Roya_2025-11-19T21:18:18",69825516c835c41957dfa95b,Undirected,1,2025
"Hassanzadeh, Yousef_2025-11-19T21:18:18",69825516c835c41957dfa95b,Undirected,1,2025
"Sardari, Alireza_2025-11-19T21:18:18",69825516c835c41957dfa95b,Undirected,1,2025
"Lhuillier, Johanna_2025-11-19T21:18:18",69825516c835c41957dfa95b,Undirected,1,2025
"Abdolahi, Mostafa_2025-11-19T21:18:18",69825516c835c41957dfa95b,Undirected,1,2025
"Summers, Geoffrey D._2025-11-19T21:18:18",69825516c835c41957dfa95b,Undirected,1,2025
"Bahshaliyev, Veli_2025-11-19T21:18:18",69825516c835c41957dfa95b,Undirected,1,2025
"Berthon, Rémi_2025-11-19T21:18:18",69825516c835c41957dfa95b,Undirected,1,2025
"Çakırlar, Canan_2025-11-19T21:16:39",69825516c835c41957dfa95b,Undirected,1,2025
"Burger, Joachim_2025-11-19T21:16:49",69825516c835c41957dfa95b,Undirected,1,2025
"Spros, Rachèl_2025-11-19T21:17:12",69825516c835c41957dfa965,Undirected,1,2025
"Stamataki, Elisavet_2025-11-19T21:18:18",69825516c835c41957dfa965,Undirected,1,2025
"Jackson, Veronica_2025-11-19T21:18:18",69825516c835c41957dfa965,Undirected,1,2025
"Veselka, Barbara_2025-11-19T21:18:18",69825516c835c41957dfa965,Undirected,1,2025
"James, Hannah F._2025-11-19T21:18:18",69825516c835c41957dfa965,Undirected,1,2025
"Sengeløv, Amanda_2025-11-19T21:18:18",69825516c835c41957dfa965,Undirected,1,2025
"Haneca, Kristof_2025-11-19T21:18:18",69825516c835c41957dfa965,Undirected,1,2025
"Provyn, Steven_2025-11-19T21:18:18",69825516c835c41957dfa965,Undirected,1,2025
"Snoeck, Thyl_2025-11-19T21:18:18",69825516c835c41957dfa965,Undirected,1,2025
"Claeys, Philippe_2025-11-19T21:18:18",69825516c835c41957dfa965,Undirected,1,2025
"Lambert, Bart_2025-11-19T21:18:18",69825516c835c41957dfa965,Undirected,1,2025
"Danielisová, Alžběta_2025-11-19T21:18:20",69825516c835c41957dfa99d,Undirected,1,2025
"Moilanen, Ulla_2025-11-19T21:17:53",69825516c835c41957dfa99d,Undirected,1,2025
"Kertes, Samuel_2025-11-19T21:18:20",69825516c835c41957dfa99d,Undirected,1,2025
"Wessman, Anna_2025-11-19T21:18:20",69825516c835c41957dfa99d,Undirected,1,2025
"Ackerman, Lukáš_2025-11-19T21:18:20",69825516c835c41957dfa99d,Undirected,1,2025
"Oinonen, Markku_2025-11-19T21:18:20",69825516c835c41957dfa99d,Undirected,1,2025
"Etu-Sihvola, Heli_2025-11-19T21:18:20",69825516c835c41957dfa99d,Undirected,1,2025
"Arppe, Laura_2025-11-19T21:18:20",69825516c835c41957dfa99d,Undirected,1,2025
"Rácz, Zsófia_2025-11-19T21:16:50",69825516c835c41957dfa9e8,Undirected,1,2025
"Liccardo, Salvatore_2025-11-19T21:16:50",69825516c835c41957dfa9e8,Undirected,1,2025
"Lee, Juhyeon_2025-11-19T21:18:24",69825516c835c41957dfa9e8,Undirected,1,2025
"Huang, Yilei_2025-11-19T21:18:24",69825516c835c41957dfa9e8,Undirected,1,2025
"Traverso, Luca_2025-11-19T21:16:50",69825516c835c41957dfa9e8,Undirected,1,2025
"Radzevičiūtė, Rita_2025-11-19T21:15:24",69825516c835c41957dfa9e8,Undirected,1,2025
"Hajnal, Zsuzsanna_2025-11-19T21:18:24",69825516c835c41957dfa9e8,Undirected,1,2025
"Szécsényi-Nagy, Anna_2025-11-19T21:16:50",69825516c835c41957dfa9e8,Undirected,1,2025
"Gyuris, Balázs_2025-11-19T21:17:38",69825516c835c41957dfa9e8,Undirected,1,2025
"Mateovics-László, Orsolya_2025-11-19T21:18:24",69825516c835c41957dfa9e8,Undirected,1,2025
"Bernert, Zsolt_2025-11-19T21:15:24",69825516c835c41957dfa9e8,Undirected,1,2025
"Hajdu, Tamás_2025-11-19T21:15:24",69825516c835c41957dfa9e8,Undirected,1,2025
"Mészáros, Boglárka_2025-11-19T21:18:24",69825516c835c41957dfa9e8,Undirected,1,2025
"Bálint, Marianna_2025-11-19T21:18:24",69825516c835c41957dfa9e8,Undirected,1,2025
"Mende, Balázs Gusztáv_2025-11-19T21:15:24",69825516c835c41957dfa9e8,Undirected,1,2025
"Miller, Bryan_2025-11-19T21:18:24",69825516c835c41957dfa9e8,Undirected,1,2025
"Samashev, Zainolla_2025-11-19T21:18:24",69825516c835c41957dfa9e8,Undirected,1,2025
"Childebayeva, Ainash_2025-11-19T21:18:24",69825516c835c41957dfa9e8,Undirected,1,2025
"Djansugurova, Leyla_2025-11-19T21:18:24",69825516c835c41957dfa9e8,Undirected,1,2025
"Geary, Patrick J._2025-11-19T21:15:24",69825516c835c41957dfa9e8,Undirected,1,2025
"Ringbauer, Harald_2025-11-19T21:16:51",69825516c835c41957dfa9e8,Undirected,1,2025
"Vida, Tivadar_2025-11-19T21:15:24",69825516c835c41957dfa9e8,Undirected,1,2025
"Jeong, Choongwon_2025-11-19T21:18:24",69825516c835c41957dfa9e8,Undirected,1,2025
"Pohl, Walter_2025-11-19T21:15:24",69825516c835c41957dfa9e8,Undirected,1,2025
"Krause, Johannes_2025-11-19T21:16:50",69825516c835c41957dfa9e8,Undirected,1,2025
"Hofmanová, Zuzana_2025-11-19T21:15:24",69825516c835c41957dfa9e8,Undirected,1,2025
"Stutz, Liv Nilsson_2025-11-19T21:18:26",69825516c835c41957dfaa2b,Undirected,1,2025
"Peyroteo Stjerna, Rita_2025-11-19T21:18:26",69825516c835c41957dfaa2b,Undirected,1,2025
"Tõrv, Mari_2025-11-19T21:18:26",69825516c835c41957dfaa2b,Undirected,1,2025
"Crombé, Philippe_2025-11-19T21:18:26",69825516c835c41957dfaa2b,Undirected,1,2025
"Stutz, Liv Nilsson_2025-11-19T21:18:26",69825516c835c41957dfaa2c,Undirected,1,2025
"Peyroteo Stjerna, Rita_2025-11-19T21:18:26",69825516c835c41957dfaa2c,Undirected,1,2025
"Tõrv, Mari_2025-11-19T21:18:26",69825516c835c41957dfaa2c,Undirected,1,2025
"Elliott, Ben_2025-11-19T21:18:26",69825516c835c41957dfaa2c,Undirected,1,2025
"Stutz, Liv Nilsson_2025-11-19T21:18:26",69825516c835c41957dfaa2d,Undirected,1,2025
"Peyroteo Stjerna, Rita_2025-11-19T21:18:26",69825516c835c41957dfaa2d,Undirected,1,2025
"Tõrv, Mari_2025-11-19T21:18:26",69825516c835c41957dfaa2d,Undirected,1,2025
"Simões, Luciana G._2025-11-19T21:18:26",69825516c835c41957dfaa2d,Undirected,1,2025
"Günther, Torsten_2025-11-19T21:18:24",69825516c835c41957dfaa2d,Undirected,1,2025
"Stutz, Liv Nilsson_2025-11-19T21:18:26",69825516c835c41957dfaa2e,Undirected,1,2025
"Peyroteo Stjerna, Rita_2025-11-19T21:18:26",69825516c835c41957dfaa2e,Undirected,1,2025
"Tõrv, Mari_2025-11-19T21:18:26",69825516c835c41957dfaa2e,Undirected,1,2025
"Knutsson, Kjel_2025-11-19T21:18:26",69825516c835c41957dfaa2e,Undirected,1,2025
"Stutz, Liv Nilsson_2025-11-19T21:18:26",69825516c835c41957dfaa2f,Undirected,1,2025
"Peyroteo Stjerna, Rita_2025-11-19T21:18:26",69825516c835c41957dfaa2f,Undirected,1,2025
"Tõrv, Mari_2025-11-19T21:18:26",69825516c835c41957dfaa2f,Undirected,1,2025
"Price, Theron Douglas_2025-11-19T21:22:09",69825516c835c41957dfaa2f,Undirected,1,2025
"Toso, Alice_2025-11-19T21:18:29",69825516c835c41957dfaa6b,Undirected,1,2025
"Casimiro, Silvia_2025-11-19T21:18:29",69825516c835c41957dfaa6b,Undirected,1,2025
"Oxborough, Charlotte_2025-11-19T21:18:29",69825516c835c41957dfaa6b,Undirected,1,2025
"Schifano, Simona_2025-11-19T21:18:29",69825516c835c41957dfaa6b,Undirected,1,2025
"García-Collado, Maite I_2025-11-19T21:18:29",69825516c835c41957dfaa6b,Undirected,1,2025
"Cardoso, Francisca Alves_2025-11-19T21:18:29",69825516c835c41957dfaa6b,Undirected,1,2025
"Soares, Joaquina_2025-11-19T21:18:29",69825516c835c41957dfaa6b,Undirected,1,2025
"Valente, Maria João_2025-11-19T21:16:37",69825516c835c41957dfaa6b,Undirected,1,2025
"Filipe, Vanessa_2025-11-19T21:18:29",69825516c835c41957dfaa6b,Undirected,1,2025
"da Silva Gonçalves, Maria José_2025-11-19T21:18:29",69825516c835c41957dfaa6b,Undirected,1,2025
"Neto, Nuno_2025-11-19T21:18:29",69825516c835c41957dfaa6b,Undirected,1,2025
"Rebelo, Paulo_2025-11-19T21:18:29",69825516c835c41957dfaa6b,Undirected,1,2025
"da Silva, Rodrigo Banha_2025-11-19T21:18:29",69825516c835c41957dfaa6b,Undirected,1,2025
"de Castro Filipe, Anabela Novais_2025-11-19T21:18:29",69825516c835c41957dfaa6b,Undirected,1,2025
"Alexander, Michelle_2025-11-19T21:18:29",69825516c835c41957dfaa6b,Undirected,1,2025
"Niinesalu-Moon, Maris_2025-11-19T21:18:30",69825516c835c41957dfaa76,Undirected,1,2025
"Mägi, Marika_2025-11-19T21:18:30",69825516c835c41957dfaa76,Undirected,1,2025
"Ehrlich, Freydis_2025-11-19T21:18:30",69825516c835c41957dfaa76,Undirected,1,2025
"Lõugas, Lembi_2025-11-19T21:18:30",69825516c835c41957dfaa76,Undirected,1,2025
"Kriiska, Aivar_2025-11-19T21:18:30",69825516c835c41957dfaa76,Undirected,1,2025
"Oras, Ester_2025-11-19T21:18:30",69825516c835c41957dfaa76,Undirected,1,2025
"Tõrv, Mari_2025-11-19T21:18:26",69825516c835c41957dfaa76,Undirected,1,2025
"Oteo-Garcia, Gonzalo_2025-11-19T21:18:30",69825516c835c41957dfaa86,Undirected,1,2025
"Silva, Marina_2025-11-19T21:18:13",69825516c835c41957dfaa86,Undirected,1,2025
"Foody, M George B_2025-11-19T21:18:30",69825516c835c41957dfaa86,Undirected,1,2025
"Yau, Bobby_2025-11-19T21:18:30",69825516c835c41957dfaa86,Undirected,1,2025
"Fichera, Alessandro_2025-11-19T21:18:30",69825516c835c41957dfaa86,Undirected,1,2025
"Alapont, Llorenç_2025-11-19T21:18:30",69825516c835c41957dfaa86,Undirected,1,2025
"Justeau, Pierre_2025-11-19T21:18:30",69825516c835c41957dfaa86,Undirected,1,2025
"Rodrigues, Simão_2025-11-19T21:18:30",69825516c835c41957dfaa86,Undirected,1,2025
"Monteiro, Rita_2025-11-19T21:18:30",69825516c835c41957dfaa86,Undirected,1,2025
"Gandini, Francesca_2025-11-19T21:18:30",69825516c835c41957dfaa86,Undirected,1,2025
"Rovira Gomar, María Luisa_2025-11-19T21:18:30",69825516c835c41957dfaa86,Undirected,1,2025
"Ribera I Lacomba, Albert_2025-11-19T21:18:30",69825516c835c41957dfaa86,Undirected,1,2025
"Pascual Beneyto, Josep_2025-11-19T21:18:30",69825516c835c41957dfaa86,Undirected,1,2025
"Mattiangeli, Valeria_2025-11-19T21:16:49",69825516c835c41957dfaa86,Undirected,1,2025
"Bradley, Daniel G._2025-11-19T21:16:49",69825516c835c41957dfaa86,Undirected,1,2025
"Edwards, Ceiridwen Jane_2025-11-19T21:21:20",69825516c835c41957dfaa86,Undirected,1,2025
"Pala, Maria_2025-11-19T21:18:30",69825516c835c41957dfaa86,Undirected,1,2025
"Richards, Martin B._2025-11-19T21:21:20",69825516c835c41957dfaa86,Undirected,1,2025
"Snape, Lisa M._2025-11-19T21:18:31",69825516c835c41957dfaa94,Undirected,1,2025
"Ricci, Andrea_2025-11-19T21:18:31",69825516c835c41957dfaa94,Undirected,1,2025
"Bailiff, Ian K._2025-11-19T21:18:31",69825516c835c41957dfaa94,Undirected,1,2025
"Lawrence, Dan E._2025-11-19T21:18:31",69825516c835c41957dfaa94,Undirected,1,2025
"Aliyev, Tevekkül_2025-11-19T21:18:31",69825516c835c41957dfaa94,Undirected,1,2025
"Helwing, Barbara_2025-11-19T21:18:31",69825516c835c41957dfaa94,Undirected,1,2025
"Izdebski, Adam_2025-11-19T21:18:32",69825516c835c41957dfaaa8,Undirected,1,2025
"Czerwiński, Sambor_2025-11-19T21:18:32",69825516c835c41957dfaaa8,Undirected,1,2025
"Jankowiak, Marek_2025-11-19T21:18:32",69825516c835c41957dfaaa8,Undirected,1,2025
"Danielewski, Marcin_2025-11-19T21:18:32",69825516c835c41957dfaaa8,Undirected,1,2025
"Fiołna, Sabina_2025-11-19T21:18:32",69825516c835c41957dfaaa8,Undirected,1,2025
"Gromig, Raphael_2025-11-19T21:18:32",69825516c835c41957dfaaa8,Undirected,1,2025
"Guzowski, Piotr_2025-11-19T21:18:32",69825516c835c41957dfaaa8,Undirected,1,2025
"Haghipour, Negar_2025-11-19T21:18:32",69825516c835c41957dfaaa8,Undirected,1,2025
"Hajdas, Irka_2025-11-19T21:18:32",69825516c835c41957dfaaa8,Undirected,1,2025
"Kołaczek, Piotr_2025-11-19T21:18:32",69825516c835c41957dfaaa8,Undirected,1,2025
"Lamentowicz, Mariusz_2025-11-19T21:18:32",69825516c835c41957dfaaa8,Undirected,1,2025
"Marcisz, Katarzyna_2025-11-19T21:18:32",69825516c835c41957dfaaa8,Undirected,1,2025
"Niebieszczański, Jakub_2025-11-19T21:18:32",69825516c835c41957dfaaa8,Undirected,1,2025
"Sankiewicz, Paweł_2025-11-19T21:18:32",69825516c835c41957dfaaa8,Undirected,1,2025
"Wagner, Bernd_2025-11-19T21:18:32",69825516c835c41957dfaaa8,Undirected,1,2025
"Macháček, Jiří_2025-11-19T21:15:48",69825516c835c41957dfaaab,Undirected,1,2025
"Dunne, Julie_2025-11-19T21:18:32",69825516c835c41957dfaaab,Undirected,1,2025
"Přichystalová, Renáta_2025-11-19T21:18:32",69825516c835c41957dfaaab,Undirected,1,2025
"Zeman, Tomáš_2025-11-19T21:18:32",69825516c835c41957dfaaab,Undirected,1,2025
"Haberfield, George_2025-11-19T21:18:32",69825516c835c41957dfaaab,Undirected,1,2025
"Zhang, Mengyao_2025-11-19T21:18:32",69825516c835c41957dfaaab,Undirected,1,2025
"Knowles, Timothy D._2025-11-19T21:18:32",69825516c835c41957dfaaab,Undirected,1,2025
"Evershed, Richard P._2025-11-19T21:18:32",69825516c835c41957dfaaab,Undirected,1,2025
"Schlütz, Frank_2025-11-19T21:18:32",69825516c835c41957dfaaac,Undirected,1,2025
"Bittmann, Felix_2025-11-19T21:18:32",69825516c835c41957dfaaac,Undirected,1,2025
"Jahns, Susanne_2025-11-19T21:18:32",69825516c835c41957dfaaac,Undirected,1,2025
"König, Sonja_2025-11-19T21:18:32",69825516c835c41957dfaaac,Undirected,1,2025
"Shumilovskikh, Lyudmila_2025-11-19T21:18:32",69825516c835c41957dfaaac,Undirected,1,2025
"Baumecker, Michael_2025-11-19T21:18:32",69825516c835c41957dfaaac,Undirected,1,2025
"Kirleis, Wiebke_2025-11-19T21:18:32",69825516c835c41957dfaaac,Undirected,1,2025
"Cardoso, Francisca Alves_2025-11-19T21:18:29",69825516c835c41957dfaacd,Undirected,1,2025
"Belém, Inês_2025-11-19T21:18:34",69825516c835c41957dfaacd,Undirected,1,2025
"Beauchamp, Axel_2025-11-19T21:18:35",69825516c835c41957dfaaf2,Undirected,1,2025
"Carpentier, Vincent_2025-11-19T21:18:35",69825516c835c41957dfaaf2,Undirected,1,2025
"Germain-Vallée, Cécile_2025-11-19T21:18:35",69825516c835c41957dfaaf2,Undirected,1,2025
"Glais, Arthur_2025-11-19T21:18:35",69825516c835c41957dfaaf2,Undirected,1,2025
"Foucher, Marion_2025-11-19T21:18:35",69825516c835c41957dfaaf2,Undirected,1,2025
"Andreeva, T. V._2025-11-19T21:18:36",69825516c835c41957dfaaf6,Undirected,1,2025
"Soshkina, A D_2025-11-19T21:18:35",69825516c835c41957dfaaf6,Undirected,1,2025
"Kunizheva, S. S._2025-11-19T21:18:36",69825516c835c41957dfaaf6,Undirected,1,2025
"Manakhov, A D_2025-11-19T21:18:35",69825516c835c41957dfaaf6,Undirected,1,2025
"Pezhemsky, D V_2025-11-19T21:18:35",69825516c835c41957dfaaf6,Undirected,1,2025
"Rogaev, E I_2025-11-19T21:18:35",69825516c835c41957dfaaf6,Undirected,1,2025
"Andreeva, T. V._2025-11-19T21:18:36",69825516c835c41957dfab16,Undirected,1,2025
"Kunizheva, S. S._2025-11-19T21:18:36",69825516c835c41957dfab16,Undirected,1,2025
"Malyarchuk, A B_2025-11-19T21:21:18",69825516c835c41957dfab16,Undirected,1,2025
"Manakhov, P. D._2025-11-19T21:18:36",69825516c835c41957dfab16,Undirected,1,2025
"Strikalov, I. Yu_2025-11-19T21:18:36",69825516c835c41957dfab16,Undirected,1,2025
"Roushannafas, Tina_2025-11-19T21:18:37",69825516c835c41957dfab31,Undirected,1,2025
"McKerracher, Mark_2025-11-19T21:18:37",69825516c835c41957dfab31,Undirected,1,2025
"Hartl, Ingrid_2025-11-19T21:18:37",69825516c835c41957dfab35,Undirected,1,2025
"Pohl, Walter_2025-11-19T21:15:24",69825516c835c41957dfab35,Undirected,1,2025
"De Nicola, Bruno_2025-11-19T21:17:20",69825516c835c41957dfab35,Undirected,1,2025
"Löhr, Nadine_2025-11-19T21:18:37",69825516c835c41957dfab35,Undirected,1,2025
"Horváth, Eszter_2025-11-19T21:18:01",69825516c835c41957dfab5b,Undirected,1,2025
"Aradi, László E._2025-11-19T21:18:01",69825516c835c41957dfab5b,Undirected,1,2025
"Bendő, Zsolt_2025-11-19T21:18:40",69825516c835c41957dfab5b,Undirected,1,2025
"Váczi, Tamás_2025-11-19T21:18:40",69825516c835c41957dfab5b,Undirected,1,2025
"Rácz, Zsófia_2025-11-19T21:16:50",69825516c835c41957dfab5b,Undirected,1,2025
"Hartl, Ingrid_2025-11-19T21:18:37",69825516c835c41957dfabe1,Undirected,1,2025
"Pohl, Walter_2025-11-19T21:15:24",69825516c835c41957dfabe1,Undirected,1,2025
"De Nicola, Bruno_2025-11-19T21:17:20",69825516c835c41957dfabe1,Undirected,1,2025
"Löhr, Nadine_2025-11-19T21:18:37",69825516c835c41957dfabe1,Undirected,1,2025
"Orlova, Elizaveta_2025-11-19T21:18:46",69825516c835c41957dfac01,Undirected,1,2025
"Batalova, Vlada_2025-11-19T21:18:46",69825516c835c41957dfac01,Undirected,1,2025
"Schlütz, Frank_2025-11-19T21:18:32",69825516c835c41957dfac01,Undirected,1,2025
"Pereskokov, Mikhail_2025-11-19T21:18:46",69825516c835c41957dfac01,Undirected,1,2025
"Shumilovskikh, Lyudmila_2025-11-19T21:18:32",69825516c835c41957dfac01,Undirected,1,2025
"Billoin, David_2025-11-19T21:18:50",69825516c835c41957dfb088,Undirected,1,2025
"Perrault, Christophe_2025-11-19T21:19:30",69825516c835c41957dfb088,Undirected,1,2025
"Türk, Attila_2025-11-19T21:17:38",69825516c835c41957dfb53e,Undirected,1,2025
Wilhelm Ákos S._2025-11-19T21:20:25,69825516c835c41957dfb53e,Undirected,1,2025
Paku Sándor_2025-11-19T21:20:25,69825516c835c41957dfb53e,Undirected,1,2025
"Zelenkov, Alexander Sergejevich_2025-11-19T21:18:03",69825516c835c41957dfb54a,Undirected,1,2025
Korusenko M.A._2025-11-19T21:20:26,69825516c835c41957dfb54a,Undirected,1,2025
Gerasimov YuV._2025-11-19T21:20:26,69825516c835c41957dfb54a,Undirected,1,2025
Zdor M.Yu_2025-11-19T21:20:26,69825516c835c41957dfb54a,Undirected,1,2025
Sleptsova A.V._2025-11-19T21:20:26,69825516c835c41957dfb54a,Undirected,1,2025
Akhmetgalin Farid A._2025-11-19T21:20:27,69825516c835c41957dfb552,Undirected,1,2025
"Sitdikov, Ayrat G._2025-11-19T21:20:37",69825516c835c41957dfb552,Undirected,1,2025
Barbara Huber_2025-11-19T21:16:57,69825516c835c41957dfb570,Undirected,1,2025
Marta Luciani_2025-11-19T21:20:28,69825516c835c41957dfb570,Undirected,1,2025
Ahmed M. Abualhassan_2025-11-19T21:20:28,69825516c835c41957dfb570,Undirected,1,2025
Daniel Giddings Vassão_2025-11-19T21:20:28,69825516c835c41957dfb570,Undirected,1,2025
Ricardo Fernandes_2025-11-19T21:16:57,69825516c835c41957dfb570,Undirected,1,2025
"Devièse, Thibaut_2025-11-19T21:37:05",69825516c835c41957dfb570,Undirected,1,2025
"Skourtanioti, Eirini_2025-11-19T21:20:31",69825516c835c41957dfb5b1,Undirected,1,2025
"Jia, Xiaowen_2025-11-19T21:20:31",69825516c835c41957dfb5b1,Undirected,1,2025
"Tavartkiladze, Nino_2025-11-19T21:20:31",69825516c835c41957dfb5b1,Undirected,1,2025
"Bitadze, Liana_2025-11-19T21:20:31",69825516c835c41957dfb5b1,Undirected,1,2025
"Shengelia, Ramaz_2025-11-19T21:20:31",69825516c835c41957dfb5b1,Undirected,1,2025
"Tushabramishvili, Nikoloz_2025-11-19T21:20:31",69825516c835c41957dfb5b1,Undirected,1,2025
"Aslanishvili, Vladimer_2025-11-19T21:20:31",69825516c835c41957dfb5b1,Undirected,1,2025
"Gasparyan, Boris_2025-11-19T21:20:31",69825516c835c41957dfb5b1,Undirected,1,2025
"Kandel, Andrew W._2025-11-19T21:20:31",69825516c835c41957dfb5b1,Undirected,1,2025
"Naumann, David_2025-11-19T21:20:31",69825516c835c41957dfb5b1,Undirected,1,2025
"Neumann, Gunnar U._2025-11-19T21:20:31",69825516c835c41957dfb5b1,Undirected,1,2025
"Bianco, Raffaela Angelina_2025-11-19T21:20:31",69825516c835c41957dfb5b1,Undirected,1,2025
"Mötsch, Angela_2025-11-19T21:20:31",69825516c835c41957dfb5b1,Undirected,1,2025
"Prüfer, Kay_2025-11-19T21:20:31",69825516c835c41957dfb5b1,Undirected,1,2025
"Lamnidis, Thiseas C._2025-11-19T21:20:31",69825516c835c41957dfb5b1,Undirected,1,2025
"Traverso, Luca_2025-11-19T21:16:50",69825516c835c41957dfb5b1,Undirected,1,2025
"Ghalichi, Ayshin_2025-11-19T21:20:31",69825516c835c41957dfb5b1,Undirected,1,2025
"Ellingvåg, Sturla_2025-11-19T21:20:31",69825516c835c41957dfb5b1,Undirected,1,2025
"Stockhammer, Philipp W._2025-11-19T21:20:31",69825516c835c41957dfb5b1,Undirected,1,2025
"Krause, Johannes_2025-11-19T21:16:50",69825516c835c41957dfb5b1,Undirected,1,2025
"Ringbauer, Harald_2025-11-19T21:16:51",69825516c835c41957dfb5b1,Undirected,1,2025
"Catafau, Aymat_2025-11-19T21:19:06",69825516c835c41957dfb5b7,Undirected,1,2025
"Boudartchouk, Jean-Luc_2025-11-19T21:19:34",69825516c835c41957dfb5b7,Undirected,1,2025
"Claustre, Françoise_2025-12-29T17:54:12",69825516c835c41957dfb5b7,Undirected,1,2025
"Lafaurie, Jean_2025-12-29T17:54:13",69825516c835c41957dfb5b7,Undirected,1,2025
"Kotarba, Jérôme_2025-12-29T17:54:13",69825516c835c41957dfb5b7,Undirected,1,2025
"Paya, Didier_2025-11-19T21:18:48",69825516c835c41957dfb5b9,Undirected,1,2025
"Duchesne, Sylvie_2025-12-29T17:54:13",69825516c835c41957dfb5b9,Undirected,1,2025
"Keßels, Johannes_2025-11-19T21:20:32",69825516c835c41957dfb5bd,Undirected,1,2025
"Swieder, Anna_2025-11-19T21:20:32",69825516c835c41957dfb5bd,Undirected,1,2025
"Schulte, Philipp_2025-11-19T21:20:32",69825516c835c41957dfb5bd,Undirected,1,2025
"Alper, Götz_2025-11-19T21:20:32",69825516c835c41957dfb5bd,Undirected,1,2025
"Tober, Christopher_2025-11-19T21:20:32",69825516c835c41957dfb5bd,Undirected,1,2025
"Friederich, Susanne_2025-11-19T21:20:32",69825516c835c41957dfb5bd,Undirected,1,2025
"Lehmkuhl, Frank_2025-11-19T21:17:34",69825516c835c41957dfb5bd,Undirected,1,2025
"Meddens, Frank M._2025-11-19T21:21:14",69825516c835c41957dfb8f8,Undirected,1,2025
"LANE, KEVIN_2025-11-19T21:17:21",69825516c835c41957dfb8f8,Undirected,1,2025
"Vivanco Pomacanchari, Cirilo_2025-11-19T21:21:14",69825516c835c41957dfb8f8,Undirected,1,2025
"Aramburu Venegas, Dannal_2025-11-19T21:21:14",69825516c835c41957dfb8f8,Undirected,1,2025
"McCluskey, Berny_2025-11-19T21:21:14",69825516c835c41957dfb8fb,Undirected,1,2025
"Cumberpatch, Chris_2025-11-19T21:21:14",69825516c835c41957dfb8fb,Undirected,1,2025
"Keefe, Katie_2025-11-19T21:21:14",69825516c835c41957dfb8fb,Undirected,1,2025
"Langley, Kate_2025-11-19T21:21:14",69825516c835c41957dfb8fb,Undirected,1,2025
"Rogers, Nicola_2025-11-19T21:17:19",69825516c835c41957dfb8fb,Undirected,1,2025
"Wickler, Stephen_2025-11-19T21:17:26",69825516c835c41957dfb907,Undirected,1,2025
"Chruickshank, Marit_2025-11-19T21:21:15",69825516c835c41957dfb907,Undirected,1,2025
"Myrstad, Ragnhild_2025-11-19T21:21:15",69825516c835c41957dfb907,Undirected,1,2025
"Picavet, Paul_2025-11-19T21:21:15",69825516c835c41957dfb90f,Undirected,1,2025
"Dreesen, Roland_2025-11-19T21:21:15",69825516c835c41957dfb90f,Undirected,1,2025
"Goovaerts, Thomas_2025-11-19T21:21:15",69825516c835c41957dfb90f,Undirected,1,2025
"Leduc, Thierry_2025-11-19T21:21:15",69825516c835c41957dfb90f,Undirected,1,2025
"Naessens, Fien_2025-11-19T21:21:15",69825516c835c41957dfb90f,Undirected,1,2025
"Nijland, Timo G._2025-11-19T21:21:15",69825516c835c41957dfb90f,Undirected,1,2025
"Reniere, Sibrecht_2025-11-19T21:21:15",69825516c835c41957dfb90f,Undirected,1,2025
"Goemaere, Éric_2025-11-19T21:21:15",69825516c835c41957dfb90f,Undirected,1,2025
"Klostermann, Paul_2025-11-19T21:21:15",69825516c835c41957dfb915,Undirected,1,2025
"Wabnitz, Sandra_2025-11-19T21:16:50",69825516c835c41957dfb915,Undirected,1,2025
"Tobias, Bendeguz_2025-11-19T21:21:15",69825516c835c41957dfb915,Undirected,1,2025
"Pany-Kucera, Doris_2025-11-19T21:21:15",69825516c835c41957dfb915,Undirected,1,2025
"Berner, Margit_2025-11-19T21:21:15",69825516c835c41957dfb915,Undirected,1,2025
"Eggers, Sabine_2025-11-19T21:21:15",69825516c835c41957dfb915,Undirected,1,2025
"Lewis, Mary_2025-11-19T21:21:15",69825516c835c41957dfb915,Undirected,1,2025
"de-Dios, Toni_2025-11-19T21:21:16",69825516c835c41957dfb917,Undirected,1,2025
"Bonucci, Biancamaria_2025-11-19T21:21:16",69825516c835c41957dfb917,Undirected,1,2025
"Barbieri, Rémi_2025-11-19T21:21:16",69825516c835c41957dfb917,Undirected,1,2025
"Kushniarevich, Alena_2025-11-19T21:17:06",69825516c835c41957dfb917,Undirected,1,2025
"D'Atanasio, Eugenia_2025-11-19T21:16:14",69825516c835c41957dfb917,Undirected,1,2025
"Dittmar, Jenna_2025-11-19T21:15:49",69825516c835c41957dfb917,Undirected,1,2025
"Cessford, Craig_2025-11-19T21:15:49",69825516c835c41957dfb917,Undirected,1,2025
"Solnik, Anu_2025-11-19T21:16:14",69825516c835c41957dfb917,Undirected,1,2025
"Robb, John E._2025-11-19T21:16:14",69825516c835c41957dfb917,Undirected,1,2025
"Warinner, Christina_2025-11-19T21:21:16",69825516c835c41957dfb917,Undirected,1,2025
"Oras, Ester_2025-11-19T21:18:30",69825516c835c41957dfb917,Undirected,1,2025
"Scheib, Christiana L_2025-11-19T21:21:16",69825516c835c41957dfb917,Undirected,1,2025
"Klostermann, Paul_2025-11-19T21:21:15",69825516c835c41957dfb940,Undirected,1,2025
"Lewis, Mary_2025-11-19T21:21:15",69825516c835c41957dfb940,Undirected,1,2025
"Berner, Margit_2025-11-19T21:21:15",69825516c835c41957dfb940,Undirected,1,2025
"Eggers, Sabine_2025-11-19T21:21:15",69825516c835c41957dfb940,Undirected,1,2025
"Tobias, Bendeguz_2025-11-19T21:21:15",69825516c835c41957dfb940,Undirected,1,2025
"Wang, Ke_2025-11-19T21:16:50",69825516c835c41957dfb940,Undirected,1,2025
"Hofmanová, Zuzana_2025-11-19T21:15:24",69825516c835c41957dfb940,Undirected,1,2025
"Pany-Kucera, Doris_2025-11-19T21:21:15",69825516c835c41957dfb940,Undirected,1,2025
"Rozhdestvenskikh, E V_2025-11-19T21:21:18",69825516c835c41957dfb94b,Undirected,1,2025
"Andreeva, T. V._2025-11-19T21:18:36",69825516c835c41957dfb94b,Undirected,1,2025
"Malyarchuk, A B_2025-11-19T21:21:18",69825516c835c41957dfb94b,Undirected,1,2025
"Adrianova, I Yu_2025-11-19T21:21:18",69825516c835c41957dfb94b,Undirected,1,2025
"Khodyreva, D S_2025-11-19T21:21:18",69825516c835c41957dfb94b,Undirected,1,2025
"Evteev, A A_2025-11-19T21:21:18",69825516c835c41957dfb94b,Undirected,1,2025
"Buzhilova, A P_2025-11-19T21:21:18",69825516c835c41957dfb94b,Undirected,1,2025
"Rogaev, E I_2025-11-19T21:18:35",69825516c835c41957dfb94b,Undirected,1,2025
"Marić, Miroslav M._2025-11-19T21:21:19",69825516c835c41957dfb953,Undirected,1,2025
"Bulatović, Jelena B._2025-11-19T21:21:19",69825516c835c41957dfb953,Undirected,1,2025
"Bogosavljević-Petrović, Vera Ž._2025-11-19T21:21:19",69825516c835c41957dfb953,Undirected,1,2025
"Marković, Nemanja D._2025-11-19T21:21:19",69825516c835c41957dfb953,Undirected,1,2025
"Foody, M George B_2025-11-19T21:18:30",69825516c835c41957dfb968,Undirected,1,2025
"Dulias, Katharina_2025-11-19T21:21:20",69825516c835c41957dfb968,Undirected,1,2025
"Justeau, Pierre_2025-11-19T21:18:30",69825516c835c41957dfb968,Undirected,1,2025
"Ditchfield, Peter W._2025-11-19T21:21:20",69825516c835c41957dfb968,Undirected,1,2025
"Ladle, Lilian_2025-11-19T21:21:20",69825516c835c41957dfb968,Undirected,1,2025
"Gretzinger, Joscha_2025-11-19T21:21:20",69825516c835c41957dfb968,Undirected,1,2025
"Schiffels, Stephan_2025-11-19T21:21:20",69825516c835c41957dfb968,Undirected,1,2025
"Reich, David_2025-11-19T21:17:38",69825516c835c41957dfb968,Undirected,1,2025
"Kenyon, Robert_2025-11-19T21:21:20",69825516c835c41957dfb968,Undirected,1,2025
"SAYER, DUNCAN_2025-11-19T21:17:27",69825516c835c41957dfb968,Undirected,1,2025
"Richards, Martin B._2025-11-19T21:21:20",69825516c835c41957dfb968,Undirected,1,2025
"Pala, Maria_2025-11-19T21:18:30",69825516c835c41957dfb968,Undirected,1,2025
"Edwards, Ceiridwen Jane_2025-11-19T21:21:20",69825516c835c41957dfb968,Undirected,1,2025
"Bartosiewicz, László._2025-11-19T21:27:39",69825516c835c41957dfb969,Undirected,1,2025
"Gál, Erika_2025-11-19T21:16:39",69825516c835c41957dfb969,Undirected,1,2025
"SAYER, DUNCAN_2025-11-19T21:17:27",69825516c835c41957dfb96a,Undirected,1,2025
"Gretzinger, Joscha_2025-11-19T21:21:20",69825516c835c41957dfb96a,Undirected,1,2025
"Hines, John_2025-11-19T21:16:21",69825516c835c41957dfb96a,Undirected,1,2025
"McCormick, Michael_2025-11-19T21:21:20",69825516c835c41957dfb96a,Undirected,1,2025
"Warburton, Keziah_2025-11-19T21:21:20",69825516c835c41957dfb96a,Undirected,1,2025
"Sebo, Erin_2025-11-19T21:17:35",69825516c835c41957dfb96a,Undirected,1,2025
"Dulias, Katharina_2025-11-19T21:21:20",69825516c835c41957dfb96a,Undirected,1,2025
"Pala, Maria_2025-11-19T21:18:30",69825516c835c41957dfb96a,Undirected,1,2025
"Richards, Martin B._2025-11-19T21:21:20",69825516c835c41957dfb96a,Undirected,1,2025
"Edwards, Ceiridwen Jane_2025-11-19T21:21:20",69825516c835c41957dfb96a,Undirected,1,2025
"Schiffels, Stephan_2025-11-19T21:21:20",69825516c835c41957dfb96a,Undirected,1,2025
"Mensing, Scott_2025-11-19T21:21:21",69825516c835c41957dfb983,Undirected,1,2025
"Dingemans, Theodore_2025-11-19T21:21:21",69825516c835c41957dfb983,Undirected,1,2025
"Schoolman, Edward M._2025-11-19T21:32:17",69825516c835c41957dfb983,Undirected,1,2025
"Piovesan, Gianluca_2025-11-19T21:21:21",69825516c835c41957dfb983,Undirected,1,2025
"Csank, Adam_2025-11-19T21:21:21",69825516c835c41957dfb983,Undirected,1,2025
"Tomei, Paolo_2025-11-19T21:21:21",69825516c835c41957dfb983,Undirected,1,2025
"Collavini, Simone Maria_2025-11-19T21:19:28",69825516c835c41957dfb983,Undirected,1,2025
"Pazienza, Annamaria_2025-11-19T21:14:54",69825516c835c41957dfb983,Undirected,1,2025
"Cantini, Federico_2025-11-19T21:21:21",69825516c835c41957dfb983,Undirected,1,2025
"Palli, Jordan_2025-11-19T21:21:21",69825516c835c41957dfb983,Undirected,1,2025
"Zanchetta, Giovani_2025-11-19T21:21:21",69825516c835c41957dfb983,Undirected,1,2025
"Bini, Monica_2025-11-19T21:21:21",69825516c835c41957dfb983,Undirected,1,2025
"Gyuris, Balázs_2025-11-19T21:17:38",69825516c835c41957dfb9af,Undirected,1,2025
Vyazov Leonid A._2025-11-19T21:36:32,69825516c835c41957dfb9af,Undirected,1,2025
"Türk, Attila_2025-11-19T21:17:38",69825516c835c41957dfb9af,Undirected,1,2025
"Flegontov, Pavel N._2025-11-19T21:16:51",69825516c835c41957dfb9af,Undirected,1,2025
"Szeifert, Bea_2025-11-19T21:17:38",69825516c835c41957dfb9af,Undirected,1,2025
"Langó, Péter_2025-11-19T21:17:38",69825516c835c41957dfb9af,Undirected,1,2025
"Mende, Balázs Gusztáv_2025-11-19T21:15:24",69825516c835c41957dfb9af,Undirected,1,2025
"Csáky, Veronika_2025-11-19T21:17:38",69825516c835c41957dfb9af,Undirected,1,2025
"Chizhevskiy, Andrey A_2025-11-19T21:17:38",69825516c835c41957dfb9af,Undirected,1,2025
"Gazimzyanov, Ilgizar R_2025-11-19T21:17:38",69825516c835c41957dfb9af,Undirected,1,2025
"Khokhlov, Aleksandr A._2025-11-19T21:21:24",69825516c835c41957dfb9af,Undirected,1,2025
"Kolonskikh, Aleksandr G_2025-11-19T21:17:38",69825516c835c41957dfb9af,Undirected,1,2025
"Matveeva, Natalia Petrovna_2025-11-19T21:18:03",69825516c835c41957dfb9af,Undirected,1,2025
"Ruslanova, Rida R_2025-11-19T21:17:38",69825516c835c41957dfb9af,Undirected,1,2025
"Rykun, Marina P_2025-11-19T21:17:38",69825516c835c41957dfb9af,Undirected,1,2025
"Sitdikov, Ayrat G._2025-11-19T21:20:37",69825516c835c41957dfb9af,Undirected,1,2025
"Volkova, Elizaveta V_2025-11-19T21:17:38",69825516c835c41957dfb9af,Undirected,1,2025
"Botalov, Sergei Gennad'evich_2025-11-19T21:23:23",69825516c835c41957dfb9af,Undirected,1,2025
"Bugrov, Dmitriy G_2025-11-19T21:17:38",69825516c835c41957dfb9af,Undirected,1,2025
"Grudochko, Ivan Valer'evich_2025-11-19T21:23:23",69825516c835c41957dfb9af,Undirected,1,2025
"Komar, Oleksii_2025-11-19T21:17:38",69825516c835c41957dfb9af,Undirected,1,2025
"Krasnoperov, Alexander A_2025-11-19T21:17:38",69825516c835c41957dfb9af,Undirected,1,2025
"Poshekhonova, Olga E_2025-11-19T21:17:38",69825516c835c41957dfb9af,Undirected,1,2025
"Chikunova, Irina_2025-11-19T21:17:38",69825516c835c41957dfb9af,Undirected,1,2025
"Sungatov, Flarit_2025-11-19T21:17:38",69825516c835c41957dfb9af,Undirected,1,2025
"Stashenkov, Dmitrii A_2025-11-19T21:17:38",69825516c835c41957dfb9af,Undirected,1,2025
"Zubov, Sergei_2025-11-19T21:17:38",69825516c835c41957dfb9af,Undirected,1,2025
"Zelenkov, Alexander Sergejevich_2025-11-19T21:18:03",69825516c835c41957dfb9af,Undirected,1,2025
"Ringbauer, Harald_2025-11-19T21:16:51",69825516c835c41957dfb9af,Undirected,1,2025
"Cheronet, Olivia_2025-11-19T21:17:38",69825516c835c41957dfb9af,Undirected,1,2025
"Pinhasi, Ron_2025-11-19T21:17:38",69825516c835c41957dfb9af,Undirected,1,2025
"Akbari, Ali_2025-11-19T21:17:38",69825516c835c41957dfb9af,Undirected,1,2025
"Rohland, Nadin_2025-11-19T21:15:52",69825516c835c41957dfb9af,Undirected,1,2025
"Mallick, Swapan_2025-11-19T21:15:52",69825516c835c41957dfb9af,Undirected,1,2025
"Reich, David_2025-11-19T21:17:38",69825516c835c41957dfb9af,Undirected,1,2025
"Szécsényi-Nagy, Anna_2025-11-19T21:16:50",69825516c835c41957dfb9af,Undirected,1,2025
"Eynaud, Frédérique_2025-11-19T21:21:23",69825516c835c41957dfb9b6,Undirected,1,2025
"Schmidt, Sabine_2025-11-19T21:21:23",69825516c835c41957dfb9b6,Undirected,1,2025
"Iratcabal, Vincent_2025-11-19T21:21:23",69825516c835c41957dfb9b6,Undirected,1,2025
"Dubosq, Nicolas_2025-11-19T21:21:23",69825516c835c41957dfb9b6,Undirected,1,2025
"Billy, Isabelle_2025-11-19T21:21:23",69825516c835c41957dfb9b6,Undirected,1,2025
"Ther, Olivier_2025-11-19T21:21:23",69825516c835c41957dfb9b6,Undirected,1,2025
"Deflandre, Bruno_2025-11-19T21:21:23",69825516c835c41957dfb9b6,Undirected,1,2025
"Gmińska-Nowak, Barbara_2025-11-19T21:21:24",69825516c835c41957dfb9be,Undirected,1,2025
"Raczkowski, Juliusz_2025-11-19T21:21:24",69825516c835c41957dfb9be,Undirected,1,2025
"Chlebus, Ewa_2025-11-19T21:21:24",69825516c835c41957dfb9be,Undirected,1,2025
"Heussner, Karl-Uwe_2025-11-19T21:21:24",69825516c835c41957dfb9be,Undirected,1,2025
"Hadler, Hanna_2025-11-19T21:21:25",69825516c835c41957dfb9cc,Undirected,1,2025
"Bungenstock, Friederike_2025-11-19T21:21:25",69825516c835c41957dfb9cc,Undirected,1,2025
"Vött, Andreas_2025-11-19T21:21:25",69825516c835c41957dfb9cc,Undirected,1,2025
"Sulas, Federica_2025-11-19T21:21:25",69825516c835c41957dfb9d5,Undirected,1,2025
"Nicosia, Cristiano_2025-11-19T21:21:25",69825516c835c41957dfb9d5,Undirected,1,2025
"Haase, Kirstine_2025-11-19T21:21:25",69825516c835c41957dfb9d5,Undirected,1,2025
"Bjerregaard, Mikael Manøe_2025-11-19T21:21:25",69825516c835c41957dfb9d5,Undirected,1,2025
"Kristiansen, Søren Munch_2025-11-19T21:21:25",69825516c835c41957dfb9d5,Undirected,1,2025
"Berikashvili, David_2025-11-19T21:21:25",69825516c835c41957dfb9d6,Undirected,1,2025
"Tavartkiladze, Nino_2025-11-19T21:20:31",69825516c835c41957dfb9d6,Undirected,1,2025
"Kvakhadze, Levan_2025-11-19T21:21:25",69825516c835c41957dfb9d6,Undirected,1,2025
"Tvaladze, Shota_2025-11-19T21:21:25",69825516c835c41957dfb9d6,Undirected,1,2025
"Kvavadze, Eliso_2025-11-19T21:21:25",69825516c835c41957dfb9d6,Undirected,1,2025
"Reiß, Antonia_2025-11-19T21:23:12",69825516c835c41957dfc2e0,Undirected,1,2025
"Hadler, Hanna_2025-11-19T21:21:25",69825516c835c41957dfc2e0,Undirected,1,2025
"Wilken, Dennis_2025-11-19T21:23:12",69825516c835c41957dfc2e0,Undirected,1,2025
"Majchczack, Bente Sven_2025-11-19T21:16:22",69825516c835c41957dfc2e0,Undirected,1,2025
"Blankenfeldt, Ruth_2025-11-19T21:23:12",69825516c835c41957dfc2e0,Undirected,1,2025
"Bäumler, Sarah_2025-11-19T21:23:12",69825516c835c41957dfc2e0,Undirected,1,2025
"Ickerodt, Ulf_2025-11-19T21:23:12",69825516c835c41957dfc2e0,Undirected,1,2025
"Klooß, Stefanie_2025-11-19T21:23:12",69825516c835c41957dfc2e0,Undirected,1,2025
"Willershäuser, Timo_2025-11-19T21:23:12",69825516c835c41957dfc2e0,Undirected,1,2025
"Rabbel, Wolfgang_2025-11-19T21:23:12",69825516c835c41957dfc2e0,Undirected,1,2025
"Vött, Andreas_2025-11-19T21:21:25",69825516c835c41957dfc2e0,Undirected,1,2025
"Gratuze, Bernard_2025-11-19T21:20:57",69825516c835c41957dfc2fb,Undirected,1,2025
"Hendriks, Joep_2025-11-19T21:23:13",69825516c835c41957dfc2fb,Undirected,1,2025
"Komluski, Jovan_2025-11-19T21:23:21",69825516c835c41957dfc357,Undirected,1,2025
"Filatova, Sofia_2025-11-19T21:23:21",69825516c835c41957dfc357,Undirected,1,2025
"Schlütz, Frank_2025-11-19T21:18:32",69825516c835c41957dfc357,Undirected,1,2025
"Claaßen, Benjamin_2025-11-19T21:23:21",69825516c835c41957dfc357,Undirected,1,2025
"Rösch, Manfred_2025-11-19T21:20:52",69825516c835c41957dfc357,Undirected,1,2025
"Krause-Kyora, Ben_2025-11-19T21:23:21",69825516c835c41957dfc357,Undirected,1,2025
"Kirleis, Wiebke_2025-11-19T21:18:32",69825516c835c41957dfc357,Undirected,1,2025
"Stukenbrock, Eva H._2025-11-19T21:23:21",69825516c835c41957dfc357,Undirected,1,2025
"Matczak, Magdalena D._2026-01-14T22:00:15",69825517c835c41957e01922,Undirected,1,2025
"Kozłowski, Tomasz_2025-11-19T21:17:18",69825517c835c41957e01922,Undirected,1,2025
"Chudziak, Wojciech_2025-11-19T21:17:18",69825517c835c41957e01922,Undirected,1,2025
