Id,Label,Type,Community
"Abulafia, David_2025-11-19T21:17:20","Abulafia, David",author,0
"Adams, Robert McC_2025-11-19T21:17:22","Adams, Robert McC",author,0
"Adamthwaite, Anthony_2025-11-19T21:17:20","Adamthwaite, Anthony",author,0
"Adas, Michael_2025-11-19T21:17:32","Adas, Michael",author,0
"Addington, Larry H._2025-11-19T21:17:20","Addington, Larry H.",author,0
"Addison, Paul_2025-11-19T21:17:25","Addison, Paul",author,0
"Adelman, Jeremy_2025-11-19T21:17:32","Adelman, Jeremy",author,0
"Adelson, Roger_2025-11-19T21:17:23","Adelson, Roger",author,0
"Aerts, Erik_2025-11-19T21:17:26","Aerts, Erik",author,0
"Agnew, John A._2025-11-19T21:17:33","Agnew, John A.",author,0
"Ahmad, Feroz_2025-11-19T21:17:34","Ahmad, Feroz",author,0
"Akenson, Donald Harman_2025-11-19T21:17:33","Akenson, Donald Harman",author,0
"Allen, John Logan_2025-11-19T21:24:35","Allen, John Logan",author,0
"Allen, William Sheridan_2025-11-19T21:17:33","Allen, William Sheridan",author,0
"Alpers, Edward A._2025-11-19T21:17:34","Alpers, Edward A.",author,0
"Alsop, J. D._2025-11-19T21:17:34","Alsop, J. D.",author,0
"Altman, Ida_2025-11-19T21:17:33","Altman, Ida",author,0
"Ambrosius, Lloyd E._2025-11-19T21:17:22","Ambrosius, Lloyd E.",author,0
"Anderson, Matthew S._2025-11-19T21:17:34","Anderson, Matthew S.",author,0
"Andrews, J.H._2025-11-19T21:24:34","Andrews, J.H.",author,0
"Angelow, Jürgen_2025-11-19T21:17:25","Angelow, Jürgen",author,0
"Anna, Timothy E._2025-11-19T21:17:20","Anna, Timothy E.",author,0
"Ansari, Sarah_2025-11-19T21:17:28","Ansari, Sarah",author,0
"Anscombe, Frederick F._2025-11-19T21:17:22","Anscombe, Frederick F.",author,0
Antonio García de León_2025-11-19T21:38:11,Antonio García de León,author,0
"Aris, Rutherford_2025-11-19T21:34:25","Aris, Rutherford",author,0
"Armstrong, John A._2025-11-19T21:17:25","Armstrong, John A.",author,0
"Ashton, Nigel J._2025-11-19T21:17:29","Ashton, Nigel J.",author,0
"Asmus, Ronald D._2025-11-19T21:17:32","Asmus, Ronald D.",author,0
"Atkin, Nicholas_2025-11-19T21:17:26","Atkin, Nicholas",author,0
"Atkinson, Alan_2025-11-19T21:17:33","Atkinson, Alan",author,0
"Atkinson, Charles M._2025-11-19T21:49:29","Atkinson, Charles M.",author,0
"Azar, Henry A_2025-11-19T21:21:30","Azar, Henry A",author,0
"BROWN, T. J._2025-11-19T21:50:23","BROWN, T. J.",author,0
"Bachrach, Bernard S._2025-11-19T21:16:14","Bachrach, Bernard S.",author,0
"Bachrach, D._2025-11-19T21:25:12","Bachrach, D.",author,0
"Bacon, Edwin_2025-11-19T21:17:33","Bacon, Edwin",author,0
"Bagge, Sverre_2025-11-19T21:17:28","Bagge, Sverre",author,0
"Balfour, Sebastian_2025-11-19T21:17:25","Balfour, Sebastian",author,0
"Banac, Ivo_2025-11-19T21:17:34","Banac, Ivo",author,0
"Bandyopadhyay, Sekhar_2025-11-19T21:17:22","Bandyopadhyay, Sekhar",author,0
"Barany, George_2025-11-19T21:17:33","Barany, George",author,0
"Barber, Michael D._2025-11-19T21:17:22","Barber, Michael D.",author,0
"Barclay, Paul_2025-11-19T21:17:22","Barclay, Paul",author,0
"Barnhart, Michael A._2025-11-19T21:17:22","Barnhart, Michael A.",author,0
"Barnouw, N. David J._2025-11-19T21:17:28","Barnouw, N. David J.",author,0
"Barrett, James R._2025-11-19T21:17:22","Barrett, James R.",author,0
"Bartlett, Beatrice S._2025-11-19T21:17:20","Bartlett, Beatrice S.",author,0
"Bassett, Judith_2025-11-19T21:17:33","Bassett, Judith",author,0
"Bauer, Ralph_2025-11-19T21:17:25","Bauer, Ralph",author,0
"Baugh, Daniel A._2025-11-19T21:17:20","Baugh, Daniel A.",author,0
"Beattie, Peter M._2025-11-19T21:17:33","Beattie, Peter M.",author,0
"Beckett, Ian F. W._2025-11-19T21:17:22","Beckett, Ian F. W.",author,0
"Beeler, John_2025-11-19T21:17:33","Beeler, John",author,0
"Beer, Bettina_2025-11-19T21:17:32","Beer, Bettina",author,0
"Behrendt, Stephen D._2025-11-19T21:17:22","Behrendt, Stephen D.",author,0
"Bell, Christopher M._2025-11-19T21:17:22","Bell, Christopher M.",author,0
"Bell, Coral_2025-11-19T21:17:34","Bell, Coral",author,0
"Bennett, G. H._2025-11-19T21:17:25","Bennett, G. H.",author,0
"Bennett, Todd_2025-11-19T21:17:22","Bennett, Todd",author,0
"Berend, Ivan T._2025-11-19T21:17:26","Berend, Ivan T.",author,0
"Berger, Stefan_2025-11-19T21:17:25","Berger, Stefan",author,0
"Berghahn, V. R._2025-11-19T21:17:34","Berghahn, V. R.",author,0
"Bergmann, Peter_2025-11-19T21:17:25","Bergmann, Peter",author,0
"Berkhout, Carl T._2025-11-19T21:31:56","Berkhout, Carl T.",author,0
"Berkovitz, Jay R._2025-11-19T21:17:20","Berkovitz, Jay R.",author,0
"Berkowitz, M._2025-11-19T21:17:34","Berkowitz, M.",author,0
"Betts, Jonathan_2025-11-19T21:17:25","Betts, Jonathan",author,0
"Biddle, Martin_2025-11-19T21:24:03","Biddle, Martin",author,0
"Biddle, Tami Davis_2025-11-19T21:17:26","Biddle, Tami Davis",author,0
"Birley, A.R._2025-11-19T21:30:03","Birley, A.R.",author,0
"Birn, Anne-Emanuelle_2025-11-19T21:17:20","Birn, Anne-Emanuelle",author,0
"Bischof, Günter_2025-11-19T21:17:23","Bischof, Günter",author,0
"Biskupski, M. P._2025-11-19T21:17:25","Biskupski, M. P.",author,0
"Black, Jeremy_2025-11-19T21:17:23","Black, Jeremy",author,0
"Blair, Hilary K._2025-11-19T21:17:34","Blair, Hilary K.",author,0
"Blanke, Richard_2025-11-19T21:17:29","Blanke, Richard",author,0
"Bleser, Nicholas J._2025-11-19T21:17:34","Bleser, Nicholas J.",author,0
"Bolton, Geoffrey_2025-11-19T21:17:33","Bolton, Geoffrey",author,0
"Bond, Brian_2025-11-19T21:17:22","Bond, Brian",author,0
"Borstelmann, Thomas_2025-11-19T21:17:33","Borstelmann, Thomas",author,0
"Bosworth, R. J. B._2025-11-19T21:17:25","Bosworth, R. J. B.",author,0
"Botticini, Maristella_2025-11-19T21:17:34","Botticini, Maristella",author,0
"Boughton, James M._2025-11-19T21:17:22","Boughton, James M.",author,0
"Bowen, H. V._2025-11-19T21:17:20","Bowen, H. V.",author,0
"Bowman, Timothy_2025-11-19T21:17:25","Bowman, Timothy",author,0
"Boyd, Carl_2025-11-19T21:17:28","Boyd, Carl",author,0
"Boyer, Richard E._2025-11-19T21:17:29","Boyer, Richard E.",author,0
"Boynton, Susan_2025-11-19T21:24:09","Boynton, Susan",author,0
"Bradley, Mark Philip_2025-11-19T21:17:25","Bradley, Mark Philip",author,0
"Brands, H. W._2025-11-19T21:17:29","Brands, H. W.",author,0
"Brantlinger, Patrick_2025-11-19T21:17:25","Brantlinger, Patrick",author,0
"Braund, David_2025-11-19T21:17:33","Braund, David",author,0
"Bregel, Yuri_2025-11-19T21:17:20","Bregel, Yuri",author,0
"Brett, Michael_2025-11-19T21:17:33","Brett, Michael",author,0
"Breuilly, John_2025-11-19T21:17:20","Breuilly, John",author,0
"Bridge, F. R._2025-11-19T21:17:23","Bridge, F. R.",author,0
"Brock, Peter_2025-11-19T21:17:22","Brock, Peter",author,0
"Brogan, Hugh_2025-11-19T21:17:33","Brogan, Hugh",author,0
"Brook, Timothy_2025-11-19T21:17:20","Brook, Timothy",author,0
"Brower, Daniel_2025-11-19T21:17:23","Brower, Daniel",author,0
"Brundage, James A._2025-11-19T21:17:22","Brundage, James A.",author,0
"Bryder, Linda_2025-11-19T21:17:25","Bryder, Linda",author,0
"Bulliet, Richard W._2025-11-19T21:17:25","Bulliet, Richard W.",author,0
"Burkholder, Mark A._2025-11-19T21:17:22","Burkholder, Mark A.",author,0
"Burnard, Trevor_2025-11-19T21:17:33","Burnard, Trevor",author,0
"Burnett, D. Graham_2025-11-19T21:17:28","Burnett, D. Graham",author,0
"Burns, Malve S._2025-11-19T21:17:34","Burns, Malve S.",author,0
"Burrows, Simon_2025-11-19T21:17:22","Burrows, Simon",author,0
"Burstein, Stanley_2025-11-19T21:17:33","Burstein, Stanley",author,0
"Burton, Paul J._2025-11-19T21:17:33","Burton, Paul J.",author,0
"Butterwick, Richard J._2025-11-19T21:17:34","Butterwick, Richard J.",author,0
"Bächtiger, Andre_2025-11-19T21:17:23","Bächtiger, Andre",author,0
"CLAYTON, PETER A._2025-11-19T21:50:23","CLAYTON, PETER A.",author,0
"Callahan, Raymond A._2025-11-19T21:17:22","Callahan, Raymond A.",author,0
"Calvert, Peter_2025-11-19T21:17:33","Calvert, Peter",author,0
"Campbell, Ian C._2025-11-19T21:17:29","Campbell, Ian C.",author,0
"Canuel, Mark_2025-11-19T21:17:20","Canuel, Mark",author,0
"Carabot, Philip_2025-11-19T21:17:22","Carabot, Philip",author,0
"Carapico, Sheila_2025-11-19T21:17:22","Carapico, Sheila",author,0
Carlos Marichal_2025-11-19T21:38:11,Carlos Marichal,author,0
"Carlstein, T_2025-11-19T21:26:18","Carlstein, T",author,0
"Carlton, Charles_2025-11-19T21:17:22","Carlton, Charles",author,0
"Carlton, David_2025-11-19T21:17:34","Carlton, David",author,0
"Carmichael, Cathie_2025-11-19T21:17:22","Carmichael, Cathie",author,0
"Carson, Penny_2025-11-19T21:17:33","Carson, Penny",author,0
"Cartledge, Paul_2025-11-19T21:17:26","Cartledge, Paul",author,0
"Carver, Michael_2025-11-19T21:17:33","Carver, Michael",author,0
"Casey, P. J._2025-11-19T21:17:33","Casey, P. J.",author,0
"Cassels, Allan_2025-11-19T21:17:23","Cassels, Allan",author,0
"Cayton, Andrew_2025-11-19T21:17:23","Cayton, Andrew",author,0
"Cell, John W._2025-11-19T21:17:20","Cell, John W.",author,0
"Chabal, Patrick_2025-11-19T21:17:25","Chabal, Patrick",author,0
"Chamberlain, Muriel E._2025-11-19T21:17:20","Chamberlain, Muriel E.",author,0
"Chapman, S. D._2025-11-19T21:17:28","Chapman, S. D.",author,0
"Charmley, John_2025-11-19T21:17:23","Charmley, John",author,0
"Chatterjee, Kumkum_2025-11-19T21:17:29","Chatterjee, Kumkum",author,0
"Chibnall, Marjorie_2025-11-19T21:17:22","Chibnall, Marjorie",author,0
"Childs, Matt D._2025-11-19T21:17:20","Childs, Matt D.",author,0
"Christopher, Emma_2025-11-19T21:17:25","Christopher, Emma",author,0
"Claasen, Adam_2025-11-19T21:17:22","Claasen, Adam",author,0
"Clark, J. C. D._2025-11-19T21:17:20","Clark, J. C. D.",author,0
"Clarke, John_2025-11-19T21:17:22","Clarke, John",author,0
"Clavin, Patricia_2025-11-19T21:17:20","Clavin, Patricia",author,0
"Clout, Hugh_2025-11-19T21:17:34","Clout, Hugh",author,0
"Coble, Parks M._2025-11-19T21:17:29","Coble, Parks M.",author,0
"Codignola, Luca_2025-11-19T21:17:22","Codignola, Luca",author,0
"Cohen, Michael J._2025-11-19T21:17:25","Cohen, Michael J.",author,0
"Cohen, Warren I._2025-11-19T21:17:33","Cohen, Warren I.",author,0
"Cole, Peter_2025-11-19T21:49:29","Cole, Peter",author,0
"Cole, Terrence M._2025-11-19T21:17:22","Cole, Terrence M.",author,0
"Collins, Robert O._2025-11-19T21:17:25","Collins, Robert O.",author,0
"Collins, Roger_2025-11-19T21:17:22","Collins, Roger",author,0
"Conklin, Alice L._2025-11-19T21:17:22","Conklin, Alice L.",author,0
"Connelly, Owen_2025-11-19T21:17:28","Connelly, Owen",author,0
"Contreni, John J._2025-11-19T21:17:23","Contreni, John J.",author,0
"Cookson, J. E._2025-11-19T21:17:34","Cookson, J. E.",author,0
"Copp, Terry_2025-11-19T21:17:23","Copp, Terry",author,0
"Coppa, Frank J._2025-11-19T21:17:33","Coppa, Frank J.",author,0
"Cormack, William S._2025-11-19T21:17:22","Cormack, William S.",author,0
"Cosgrove, Denis_2025-11-19T21:24:34","Cosgrove, Denis",author,0
"Cowdrey, H. E. J._2025-11-19T21:17:28","Cowdrey, H. E. J.",author,0
"Craft, Stephen G._2025-11-19T21:17:26","Craft, Stephen G.",author,0
"Crampton, Richard_2025-11-19T21:17:22","Crampton, Richard",author,0
"Crane, Conrad C._2025-11-19T21:17:22","Crane, Conrad C.",author,0
"Crapol, Edward P._2025-11-19T21:17:22","Crapol, Edward P.",author,0
"Crews, Robert D._2025-11-19T21:17:25","Crews, Robert D.",author,0
"Crimmin, P. K._2025-11-19T21:17:20","Crimmin, P. K.",author,0
"Croizier, Ralph_2025-11-19T21:17:22","Croizier, Ralph",author,0
"Crozier, Andrew J._2025-11-19T21:17:23","Crozier, Andrew J.",author,0
"Cull, Nicholas J._2025-11-19T21:17:22","Cull, Nicholas J.",author,0
"Cullather, Nicholas B._2025-11-19T21:17:34","Cullather, Nicholas B.",author,0
"Darwin, John_2025-11-19T21:17:22","Darwin, John",author,0
"Unwin, D J_2025-11-19T21:26:18",David Unwin,author,0
"Davidann, Jon_2025-11-19T21:17:20","Davidann, Jon",author,0
"Davis, Richard C._2025-11-19T21:17:29","Davis, Richard C.",author,0
"Day, David_2025-11-19T21:17:22","Day, David",author,0
"De Grand, Alexander_2025-11-19T21:17:20","De Grand, Alexander",author,0
"De Silva, Chandra R._2025-11-19T21:17:26","De Silva, Chandra R.",author,0
"Deng, Gang_2025-11-19T21:17:20","Deng, Gang",author,0
"Denoon, Donald_2025-11-19T21:17:22","Denoon, Donald",author,0
"Dessein, Bart_2025-11-19T21:17:32","Dessein, Bart",author,0
"Deák, István_2025-11-19T21:17:20","Deák, István",author,0
"Diacon, Todd A._2025-11-19T21:17:22","Diacon, Todd A.",author,0
"Dickason, Olive Patricia_2025-11-19T21:17:26","Dickason, Olive Patricia",author,0
"Dickinson, Fred_2025-11-19T21:17:34","Dickinson, Fred",author,0
"Dickinson, Frederick R._2025-11-19T21:17:25","Dickinson, Frederick R.",author,0
"Dickinson, H. T._2025-11-19T21:17:33","Dickinson, H. T.",author,0
"Dickson, P. G. M._2025-11-19T21:17:33","Dickson, P. G. M.",author,0
"Dien, Albert E._2025-11-19T21:17:33","Dien, Albert E.",author,0
"Dingman, Roger_2025-11-19T21:17:25","Dingman, Roger",author,0
"Dirlik, Arif_2025-11-19T21:17:34","Dirlik, Arif",author,0
"Disney, Anthony_2025-11-19T21:17:22","Disney, Anthony",author,0
"Dobson, Alan_2025-11-19T21:17:32","Dobson, Alan",author,0
"Doerries, Reinhard R._2025-11-19T21:17:29","Doerries, Reinhard R.",author,0
"Domínguez, Jorge I._2025-11-19T21:17:32","Domínguez, Jorge I.",author,0
"Dosal, Paul J._2025-11-19T21:17:22","Dosal, Paul J.",author,0
"Drake, H. A._2025-11-19T21:15:31","Drake, H. A.",author,0
"Drea, Edward J._2025-11-19T21:17:34","Drea, Edward J.",author,0
"Duff, John B._2025-11-19T21:17:28","Duff, John B.",author,0
"Duiker, William J._2025-11-19T21:17:29","Duiker, William J.",author,0
"Dumper, Michael_2025-11-19T21:17:23","Dumper, Michael",author,0
"Dutton, D. J._2025-11-19T21:17:34","Dutton, D. J.",author,0
"Dutton, David_2025-11-19T21:17:33","Dutton, David",author,0
"Duus, Peter_2025-11-19T21:17:22","Duus, Peter",author,0
"Dwyer, Philip G._2025-11-19T21:17:32","Dwyer, Philip G.",author,0
"Eckes, Alfred E._2025-11-19T21:17:22","Eckes, Alfred E.",author,0
"Eckstein, Arthur M._2025-11-19T21:17:22","Eckstein, Arthur M.",author,0
"Edmondson, C. Earl_2025-11-19T21:17:20","Edmondson, C. Earl",author,0
"Egerton, George_2025-11-19T21:17:23","Egerton, George",author,0
"Eksteins, Modris_2025-11-19T21:17:26","Eksteins, Modris",author,0
"El-Solii, Camillia Fawzi_2025-11-19T21:24:35","El-Solii, Camillia Fawzi",author,0
"Eley, Geoff_2025-11-19T21:17:20","Eley, Geoff",author,0
"Elleman, Bruce A._2025-11-19T21:17:33","Elleman, Bruce A.",author,0
"Ellwood, D. W._2025-11-19T21:17:23","Ellwood, D. W.",author,0
"Elman, Benjamin A._2025-11-19T21:17:25","Elman, Benjamin A.",author,0
"Eltis, David_2025-11-19T21:17:20","Eltis, David",author,0
"English, Robert D._2025-11-19T21:17:22","English, Robert D.",author,0
"Evans, John Karl_2025-11-19T21:17:22","Evans, John Karl",author,0
"Evans, Raymond_2025-11-19T21:17:34","Evans, Raymond",author,0
"Fahrmeir, Andreas_2025-11-19T21:17:20","Fahrmeir, Andreas",author,0
"Fair, John D._2025-11-19T21:17:28","Fair, John D.",author,0
"Fairbairn, Brett_2025-11-19T21:17:28","Fairbairn, Brett",author,0
"Fattah, Hala_2025-11-19T21:17:33","Fattah, Hala",author,0
"Federico, Giovanni_2025-11-19T21:17:25","Federico, Giovanni",author,0
"Feingold, Henry L._2025-11-19T21:17:28","Feingold, Henry L.",author,0
"Fernández-Armesto, Felipe_2025-11-19T21:17:22","Fernández-Armesto, Felipe",author,0
"Fieldhouse, D. K._2025-11-19T21:17:34","Fieldhouse, D. K.",author,0
"Finkel, Caroline_2025-11-19T21:17:28","Finkel, Caroline",author,0
"Finn, Margot C._2025-11-19T21:17:34","Finn, Margot C.",author,0
"Fisher, Michael H._2025-11-19T21:17:33","Fisher, Michael H.",author,0
"Flint, John_2025-11-19T21:17:22","Flint, John",author,0
"Foglesong, David S._2025-11-19T21:17:29","Foglesong, David S.",author,0
"Ford, Caroline_2025-11-19T21:17:25","Ford, Caroline",author,0
"Foss, Clive_2025-11-19T21:17:29","Foss, Clive",author,0
"Foster, Anne L._2025-11-19T21:17:22","Foster, Anne L.",author,0
"Fox, James J._2025-11-19T21:17:22","Fox, James J.",author,0
"Frank, Willard C._2025-11-19T21:17:25","Frank, Willard C.",author,0
"Frey, Marsha L._2025-11-19T21:17:25","Frey, Marsha L.",author,0
"Fromkin, David_2025-11-19T21:17:33","Fromkin, David",author,0
"Frost, Alan_2025-11-19T21:17:20","Frost, Alan",author,0
"Fry, Joseph A._2025-11-19T21:17:33","Fry, Joseph A.",author,0
"Galloway, J.H._2025-11-19T21:24:35","Galloway, J.H.",author,0
"Gardner, Julian_2025-11-19T21:17:22","Gardner, Julian",author,0
"Gardner, Lloyd C._2025-11-19T21:17:33","Gardner, Lloyd C.",author,0
"Garnett, Sherman W._2025-11-19T21:17:33","Garnett, Sherman W.",author,0
"Gates, David_2025-11-19T21:17:22","Gates, David",author,0
"Gelvin, James L._2025-11-19T21:17:34","Gelvin, James L.",author,0
"Gemmill, E._2025-11-19T21:46:56","Gemmill, E.",author,0
"Gerolymatos, Andre_2025-11-19T21:17:28","Gerolymatos, Andre",author,0
"Gervers, Michael_2025-11-19T21:16:56","Gervers, Michael",author,0
"Geyer, Michael_2025-11-19T21:17:32","Geyer, Michael",author,0
"Gienow-Hecht, Jessica C. E._2025-11-19T21:17:32","Gienow-Hecht, Jessica C. E.",author,0
"Gieseke, Jens_2025-11-19T21:17:32","Gieseke, Jens",author,0
"Gillingham, John_2025-11-19T21:17:25","Gillingham, John",author,0
"Ginio, Ruth_2025-11-19T21:17:23","Ginio, Ruth",author,0
"Glaser, Elisabeth_2025-11-19T21:17:34","Glaser, Elisabeth",author,0
"Goda, Norman J. W._2025-11-19T21:17:20","Goda, Norman J. W.",author,0
"Goetschel, Laurent_2025-11-19T21:17:22","Goetschel, Laurent",author,0
"Golden, Peter B._2025-11-19T21:17:20","Golden, Peter B.",author,0
"Goldey, D. B._2025-11-19T21:17:23","Goldey, D. B.",author,0
"Goldfrank, David M._2025-11-19T21:17:28","Goldfrank, David M.",author,0
"Goode, James F._2025-11-19T21:17:25","Goode, James F.",author,0
"Gorodetsky, Gabriel_2025-11-19T21:17:33","Gorodetsky, Gabriel",author,0
"Gosse, Dave_2025-11-19T21:17:20","Gosse, Dave",author,0
"Gould, Eliga H._2025-11-19T21:17:22","Gould, Eliga H.",author,0
"Granieri, Ronald J._2025-11-19T21:17:25","Granieri, Ronald J.",author,0
"Gransow, Bettina_2025-11-19T21:17:33","Gransow, Bettina",author,0
"Graves, Pamela M._2025-11-19T21:17:33","Graves, Pamela M.",author,0
"Green, E. H. H._2025-11-19T21:17:33","Green, E. H. H.",author,0
"Greene, Jack P._2025-11-19T21:17:25","Greene, Jack P.",author,0
"Greene, Molly_2025-11-19T21:17:22","Greene, Molly",author,0
"Greenhalgh, Elizabeth_2025-11-19T21:17:22","Greenhalgh, Elizabeth",author,0
"Grey, Jeffrey_2025-11-19T21:17:33","Grey, Jeffrey",author,0
"Griffiths, Ralph A._2025-11-19T21:24:49","Griffiths, Ralph A.",author,0
"Grimshaw, Patricia_2025-11-19T21:17:26","Grimshaw, Patricia",author,0
"Gruen, Erich S._2025-11-19T21:17:33","Gruen, Erich S.",author,0
Guillermina del Valle Pavón_2025-11-19T21:38:11,Guillermina del Valle Pavón,author,0
"Gökay, Bülent_2025-11-19T21:17:20","Gökay, Bülent",author,0
"Hahn, Peter L._2025-11-19T21:17:22","Hahn, Peter L.",author,0
"Hall, Anthony J._2025-11-19T21:17:34","Hall, Anthony J.",author,0
"Hall, Bert S._2025-11-19T21:17:22","Hall, Bert S.",author,0
"Hall, Peter_2025-11-19T21:24:35","Hall, Peter",author,0
"Halpern, Paul G._2025-11-19T21:17:33","Halpern, Paul G.",author,0
"Hamilton, C. I._2025-11-19T21:17:28","Hamilton, C. I.",author,0
"Hammerton, A. James_2025-11-19T21:17:28","Hammerton, A. James",author,0
"Hampson, Norman_2025-11-19T21:17:29","Hampson, Norman",author,0
"Harkness, David_2025-11-19T21:17:22","Harkness, David",author,0
"Harris, Bob_2025-11-19T21:17:32","Harris, Bob",author,0
"Harris, J. P._2025-11-19T21:17:25","Harris, J. P.",author,0
"Harrison, Mark_2025-11-19T21:17:20","Harrison, Mark",author,0
"Hattendorf, John B._2025-11-19T21:17:23","Hattendorf, John B.",author,0
"Hauner, Milan_2025-11-19T21:17:34","Hauner, Milan",author,0
"Haywood, Geoff_2025-11-19T21:17:22","Haywood, Geoff",author,0
"Headley, John M._2025-11-19T21:17:25","Headley, John M.",author,0
"Headrick, Daniel R._2025-11-19T21:17:20","Headrick, Daniel R.",author,0
"Heckel, Waldemar_2025-11-19T21:17:33","Heckel, Waldemar",author,0
"Hellman, Stephen_2025-11-19T21:17:25","Hellman, Stephen",author,0
"Henderson, Timothy J._2025-11-19T21:17:25","Henderson, Timothy J.",author,0
"Herrick, Samantha Kahn_2025-11-19T21:29:55","Herrick, Samantha Kahn",author,0
"Herspring, Dale R._2025-11-19T21:17:33","Herspring, Dale R.",author,0
"Herwig, Holger H._2025-11-19T21:17:20","Herwig, Holger H.",author,0
"Herzog, Tamar_2025-11-19T21:17:26","Herzog, Tamar",author,0
"Herzstein, Robert Edwin_2025-11-19T21:17:33","Herzstein, Robert Edwin",author,0
"Hess, Sigurd_2025-11-19T21:17:33","Hess, Sigurd",author,0
"Hevia, James L._2025-11-19T21:17:22","Hevia, James L.",author,0
"Higham, Robin_2025-11-19T21:17:33","Higham, Robin",author,0
"Higonnet, Patrice_2025-11-19T21:17:32","Higonnet, Patrice",author,0
"Hinde, P.R.Andrew_2025-11-19T21:24:34","Hinde, P.R.Andrew",author,0
"Hinderaker, Eric_2025-11-19T21:17:34","Hinderaker, Eric",author,0
"Hirschler, Konrad_2025-11-19T21:17:18","Hirschler, Konrad",author,0
"Hirt, Paul W._2025-11-19T21:17:33","Hirt, Paul W.",author,0
"Hochedlinger, Michael_2025-11-19T21:17:33","Hochedlinger, Michael",author,0
"Hodges, Graham Russell_2025-11-19T21:17:34","Hodges, Graham Russell",author,0
"Holland, Robert_2025-11-19T21:17:32","Holland, Robert",author,0
"Holum, Kenneth G._2025-11-19T21:17:20","Holum, Kenneth G.",author,0
"Hopkins, Michael F._2025-11-19T21:17:23","Hopkins, Michael F.",author,0
"Hostetler, Laura_2025-11-19T21:17:25","Hostetler, Laura",author,0
"Howard, Allen M._2025-11-19T21:17:22","Howard, Allen M.",author,0
"Howard, Deborah_2025-11-19T21:17:23","Howard, Deborah",author,0
"Howe, Anthony_2025-11-19T21:17:34","Howe, Anthony",author,0
"Howe, K. R._2025-11-19T21:17:25","Howe, K. R.",author,0
"Hsu, Madeline Y._2025-11-19T21:17:22","Hsu, Madeline Y.",author,0
"Hudson, David_2025-11-19T21:17:25","Hudson, David",author,0
"Hudson, Hugh D._2025-11-19T21:17:28","Hudson, Hugh D.",author,0
"Huffman, James L._2025-11-19T21:17:22","Huffman, James L.",author,0
"Hughes, Lindsey_2025-11-19T21:17:22","Hughes, Lindsey",author,0
"Hughes, Matthew_2025-11-19T21:17:25","Hughes, Matthew",author,0
"Hutchinson, John F._2025-11-19T21:17:34","Hutchinson, John F.",author,0
"Höbelt, Lothar_2025-11-19T21:17:22","Höbelt, Lothar",author,0
"Imlay, Talbot_2025-11-19T21:17:26","Imlay, Talbot",author,0
"Ingrao, Charles_2025-11-19T21:17:22","Ingrao, Charles",author,0
"Inikori, Joseph E._2025-11-19T21:17:22","Inikori, Joseph E.",author,0
"Ion, A. Hamish_2025-11-19T21:17:29","Ion, A. Hamish",author,0
"Iriye, Akira_2025-11-19T21:17:32","Iriye, Akira",author,0
"Irschick, Eugene F._2025-11-19T21:17:23","Irschick, Eugene F.",author,0
"Israel, Jonathan_2025-11-19T21:17:32","Israel, Jonathan",author,0
"Israel, Milton_2025-11-19T21:17:33","Israel, Milton",author,0
"Jackson, Ashley_2025-11-19T21:17:20","Jackson, Ashley",author,0
"Jackson, Peter_2025-11-19T21:17:28","Jackson, Peter",author,0
"Jacob, Margaret C._2025-11-19T21:17:22","Jacob, Margaret C.",author,0
"Jalal, Ayesha_2025-11-19T21:17:26","Jalal, Ayesha",author,0
"Jankowski, James_2025-11-19T21:17:20","Jankowski, James",author,0
"Jankowski, Paul_2025-11-19T21:17:29","Jankowski, Paul",author,0
"Jarausch, Konrad H._2025-11-19T21:17:34","Jarausch, Konrad H.",author,0
Javier Kraselsky_2025-11-19T21:38:11,Javier Kraselsky,author,0
"Jeffries, John W._2025-11-19T21:17:33","Jeffries, John W.",author,0
"Jensen, Geoffrey_2025-11-19T21:17:28","Jensen, Geoffrey",author,0
"Jonas, Manfred_2025-11-19T21:17:22","Jonas, Manfred",author,0
"Juricek, John T._2025-11-19T21:17:28","Juricek, John T.",author,0
"Kaegi, Walter E._2025-11-19T21:17:22","Kaegi, Walter E.",author,0
"Kagan, Richard L._2025-11-19T21:17:25","Kagan, Richard L.",author,0
"Kaplan, Lawrence S._2025-11-19T21:17:34","Kaplan, Lawrence S.",author,0
"Karau, Mark D._2025-11-19T21:17:22","Karau, Mark D.",author,0
"Karsh, Efraim_2025-11-19T21:17:25","Karsh, Efraim",author,0
"Karsten, Peter_2025-11-19T21:17:22","Karsten, Peter",author,0
"Kathirithamby-Wells, J._2025-11-19T21:17:28","Kathirithamby-Wells, J.",author,0
"Keene, Donald_2025-11-19T21:17:34","Keene, Donald",author,0
"Keiger, J. F. V._2025-11-19T21:17:33","Keiger, J. F. V.",author,0
"Keller, Eva_2025-11-19T21:17:33","Keller, Eva",author,0
"Kenefick, William_2025-11-19T21:17:22","Kenefick, William",author,0
"Kennedy, Dane_2025-11-19T21:17:28","Kennedy, Dane",author,0
"Kennedy, Greg_2025-11-19T21:17:26","Kennedy, Greg",author,0
"Kennedy, Paul_2025-11-19T21:17:33","Kennedy, Paul",author,0
"Kent, John_2025-11-19T21:17:32","Kent, John",author,0
"Kent, Peter C._2025-11-19T21:17:20","Kent, Peter C.",author,0
"Kerr, Ian J._2025-11-19T21:17:26","Kerr, Ian J.",author,0
"Keynes, Simon_2025-11-19T21:16:18","Keynes, Simon",author,0
"Khoshraftar, Shima_2025-11-19T21:16:56","Khoshraftar, Shima",author,0
"Kishlansky, Mark A._2025-11-19T21:17:22","Kishlansky, Mark A.",author,0
"Kitchen, Martin_2025-11-19T21:17:33","Kitchen, Martin",author,0
"Klein, Martin_2025-11-19T21:17:22","Klein, Martin",author,0
"Knight, Robert_2025-11-19T21:17:25","Knight, Robert",author,0
"Knoll, Paul W._2025-11-19T21:17:28","Knoll, Paul W.",author,0
"Koenigsberger, H. G._2025-11-19T21:17:33","Koenigsberger, H. G.",author,0
"Kofas, Jon V._2025-11-19T21:17:33","Kofas, Jon V.",author,0
"Kolve, V. A._2025-11-19T21:49:29","Kolve, V. A.",author,0
"Kooi, Christine_2025-11-19T21:17:22","Kooi, Christine",author,0
"Kovrig, Bennett_2025-11-19T21:17:23","Kovrig, Bennett",author,0
"Krepon, Michael_2025-11-19T21:17:22","Krepon, Michael",author,0
"Krüger, Peter_2025-11-19T21:17:32","Krüger, Peter",author,0
"Kugeler, Heidrun_2025-11-19T21:17:20","Kugeler, Heidrun",author,0
"Kumar, Ann_2025-11-19T21:17:28","Kumar, Ann",author,0
"Kumar, Krishan_2025-11-19T21:17:26","Kumar, Krishan",author,0
"Kundrus, Birthe_2025-11-19T21:17:25","Kundrus, Birthe",author,0
"Kurlick, Bruce_2025-11-19T21:17:20","Kurlick, Bruce",author,0
"Kutcher, Norman_2025-11-19T21:17:20","Kutcher, Norman",author,0
"Kwan, Daniel Y. K._2025-11-19T21:17:29","Kwan, Daniel Y. K.",author,0
"Lamb, Margaret_2025-11-19T21:17:20","Lamb, Margaret",author,0
"Lambelet, Jean-Christian_2025-11-19T21:17:33","Lambelet, Jean-Christian",author,0
"Lambert, Andrew_2025-11-19T21:17:34","Lambert, Andrew",author,0
"Lambi, Ivo N._2025-11-19T21:17:20","Lambi, Ivo N.",author,0
"Lampe, John R._2025-11-19T21:17:33","Lampe, John R.",author,0
"Landy, Marcia_2025-11-19T21:17:28","Landy, Marcia",author,0
"Langley, Lester D._2025-11-19T21:17:22","Langley, Lester D.",author,0
"Laracy, Hugh_2025-11-19T21:17:22","Laracy, Hugh",author,0
"Larson, Atria_2025-12-29T17:57:55","Larson, Atria",author,0
"Laursen, John Christian_2025-11-19T21:17:33","Laursen, John Christian",author,0
"LeDonne, John P._2025-11-19T21:17:22","LeDonne, John P.",author,0
"Lebow, Richard Ned_2025-11-19T21:17:22","Lebow, Richard Ned",author,0
"Lee, Sabine_2025-11-19T21:17:22","Lee, Sabine",author,0
"Legassick, Martin_2025-11-19T21:17:25","Legassick, Martin",author,0
"Lemire, Beverly_2025-11-19T21:17:32","Lemire, Beverly",author,0
"Lenman, Bruce P._2025-11-19T21:17:22","Lenman, Bruce P.",author,0
"Lesaffer, Randall_2025-11-19T21:17:34","Lesaffer, Randall",author,0
"Levere, Trevor H._2025-11-19T21:17:34","Levere, Trevor H.",author,0
"Levine, Steven I._2025-11-19T21:17:25","Levine, Steven I.",author,0
"Levy, Avigdor_2025-11-19T21:17:33","Levy, Avigdor",author,0
"Ley, David_2025-11-19T21:24:35","Ley, David",author,0
"Lightfoot, C. S._2025-11-19T21:17:25","Lightfoot, C. S.",author,0
"Lindner, Stephan H._2025-11-19T21:17:33","Lindner, Stephan H.",author,0
"Little, Donald P._2025-11-19T21:17:25","Little, Donald P.",author,0
"Lockhart, Paul Douglas_2025-11-19T21:17:25","Lockhart, Paul Douglas",author,0
"Loeb, Lori_2025-11-19T21:17:20","Loeb, Lori",author,0
"Loureiro, Pedro_2025-11-19T21:17:20","Loureiro, Pedro",author,0
"Love, Ronald S._2025-11-19T21:17:29","Love, Ronald S.",author,0
"Lowe, Peter_2025-11-19T21:17:26","Lowe, Peter",author,0
"Lucas, Scott_2025-11-19T21:17:23","Lucas, Scott",author,0
"Lukes, Igor_2025-11-19T21:17:33","Lukes, Igor",author,0
"Lungu, Dov B._2025-11-19T21:17:25","Lungu, Dov B.",author,0
"Lynn, John A._2025-11-19T21:17:33","Lynn, John A.",author,0
"MacGaffey, Wyatt_2025-11-19T21:17:33","MacGaffey, Wyatt",author,0
"MacKenzie, David_2025-11-19T21:17:33","MacKenzie, David",author,0
"MacKenzie, John M._2025-11-19T21:17:20","MacKenzie, John M.",author,0
"Macintyre, Stuart_2025-11-19T21:17:25","Macintyre, Stuart",author,0
"Maddox, Robert James_2025-11-19T21:17:20","Maddox, Robert James",author,0
"Mahajan, Sneh_2025-11-19T21:17:22","Mahajan, Sneh",author,0
"Maier, Christoph T._2025-11-19T21:17:33","Maier, Christoph T.",author,0
"Maiolo, Joseph A._2025-11-19T21:17:22","Maiolo, Joseph A.",author,0
"Maitre, H. Joachim_2025-11-19T21:17:29","Maitre, H. Joachim",author,0
"Malmborg, Mikael af_2025-11-19T21:17:33","Malmborg, Mikael af",author,0
"Mango, Andrew_2025-11-19T21:17:25","Mango, Andrew",author,0
"Marks, Sally_2025-11-19T21:17:33","Marks, Sally",author,0
"Marples, David R._2025-11-19T21:17:34","Marples, David R.",author,0
"Marsh, Peter T._2025-11-19T21:17:28","Marsh, Peter T.",author,0
"Mart, Michelle_2025-11-19T21:17:23","Mart, Michelle",author,0
"Martel, Gordon_2025-11-19T21:17:20","Martel, Gordon",author,0
"Martin, Phyllis M._2025-11-19T21:17:22","Martin, Phyllis M.",author,0
"Martin, R L_2025-11-19T21:26:18","Martin, R L",author,0
"Mathewson, Kent_2025-11-19T21:24:34","Mathewson, Kent",author,0
"Matsumura, Janice_2025-11-19T21:17:22","Matsumura, Janice",author,0
"Matsusaka, Yoshihisa Tak_2025-11-19T21:17:28","Matsusaka, Yoshihisa Tak",author,0
"Matthew, Richard_2025-11-19T21:17:32","Matthew, Richard",author,0
"Mavronatis, Lenos_2025-11-19T21:17:22","Mavronatis, Lenos",author,0
"Mawdsley, Evan_2025-11-19T21:17:25","Mawdsley, Evan",author,0
"Mayers, David_2025-11-19T21:17:22","Mayers, David",author,0
"Mayerson, Philip_2025-11-19T21:30:56","Mayerson, Philip",author,0
"Mayhew, Nicholas_2025-11-19T21:17:28","Mayhew, Nicholas",author,0
"McCall, Daniel F._2025-11-19T21:17:25","McCall, Daniel F.",author,0
"McCord, Norman_2025-11-19T21:17:34","McCord, Norman",author,0
"McCoy, W. J._2025-11-19T21:17:33","McCoy, W. J.",author,0
"McEwan, Cheryl_2025-11-19T21:24:35","McEwan, Cheryl",author,0
"McFadden, David W._2025-11-19T21:17:20","McFadden, David W.",author,0
"McInerney, Jeremy_2025-11-19T21:17:33","McInerney, Jeremy",author,0
"McKercher, B. J. C._2025-11-19T21:17:34","McKercher, B. J. C.",author,0
"McLaren, Martha_2025-11-19T21:17:33","McLaren, Martha",author,0
"McLean, David_2025-11-19T21:17:22","McLean, David",author,0
"McLeod, Mark W._2025-11-19T21:17:22","McLeod, Mark W.",author,0
"McMahon, Robert J._2025-11-19T21:17:25","McMahon, Robert J.",author,0
"McVaugh, Michael Rogers_2025-11-19T21:26:29","McVaugh, Michael Rogers",author,0
"Megargee, Geoffrey P._2025-11-19T21:17:22","Megargee, Geoffrey P.",author,0
"Meinig, D.W._2025-11-19T21:24:35","Meinig, D.W.",author,0
"Meissner, Christopher M._2025-11-19T21:17:33","Meissner, Christopher M.",author,0
"Menache, Sophia_2025-11-19T21:17:26","Menache, Sophia",author,0
"Menard, Russell R._2025-11-19T21:17:28","Menard, Russell R.",author,0
"Metcalf, Thomas R._2025-11-19T21:17:33","Metcalf, Thomas R.",author,0
"Mettam, Roger_2025-11-19T21:17:29","Mettam, Roger",author,0
"Midford, Paul_2025-11-19T21:17:25","Midford, Paul",author,0
"Millar, Fergus_2025-11-19T21:17:25","Millar, Fergus",author,0
"Millen, Raymond_2025-11-19T21:17:22","Millen, Raymond",author,0
"Miller, James Edward_2025-11-19T21:17:33","Miller, James Edward",author,0
"Miller, Rory_2025-11-19T21:17:26","Miller, Rory",author,0
"Millett, Allan R._2025-11-19T21:17:33","Millett, Allan R.",author,0
"Mitchell, Nancy_2025-11-19T21:17:23","Mitchell, Nancy",author,0
"Mitchell, Roderick A._2025-11-19T21:16:56","Mitchell, Roderick A.",author,0
"Mitter, Rana_2025-11-19T21:17:26","Mitter, Rana",author,0
"Modelski, George_2025-11-19T21:17:20","Modelski, George",author,0
"Moggridge, D. E._2025-11-19T21:17:20","Moggridge, D. E.",author,0
"Montgomerie, Deborah_2025-11-19T21:17:34","Montgomerie, Deborah",author,0
"Moore, Bob_2025-11-19T21:17:25","Moore, Bob",author,0
"Moore, Clive_2025-11-19T21:17:34","Moore, Clive",author,0
"Moore, Robin J._2025-11-19T21:17:34","Moore, Robin J.",author,0
"Morgan, David O._2025-11-19T21:17:20","Morgan, David O.",author,0
"Morgan, Kenneth O._2025-11-19T21:22:23","Morgan, Kenneth O.",author,0
"Morillo, Stephen_2025-11-19T21:17:33","Morillo, Stephen",author,0
"Morris, Richard_2025-11-19T21:17:22","Morris, Richard",author,0
"Morton, Desmond_2025-11-19T21:17:22","Morton, Desmond",author,0
"Mouré, Kenneth_2025-11-19T21:17:20","Mouré, Kenneth",author,0
"Muhlberger, Steven_2025-11-19T21:17:34","Muhlberger, Steven",author,0
"Muirhead, Bruce_2025-11-19T21:17:29","Muirhead, Bruce",author,0
"Munch-Petersen, Thomas_2025-11-19T21:17:20","Munch-Petersen, Thomas",author,0
"Munro, John H._2025-11-19T21:17:22","Munro, John H.",author,0
"Murphy, Philip_2025-11-19T21:17:32","Murphy, Philip",author,0
"Murray, Scott W._2025-11-19T21:17:34","Murray, Scott W.",author,0
"Murrin, John M._2025-11-19T21:17:22","Murrin, John M.",author,0
"Musgrave, Peter_2025-11-19T21:24:34","Musgrave, Peter",author,0
"Nadel, Alan_2025-11-19T21:17:32","Nadel, Alan",author,0
"Naranch, Bradley_2025-11-19T21:17:25","Naranch, Bradley",author,0
"Nasson, Bill_2025-11-19T21:17:33","Nasson, Bill",author,0
"Nauert, Charles G._2025-11-19T21:17:33","Nauert, Charles G.",author,0
"Neilson, Keith_2025-11-19T21:17:23","Neilson, Keith",author,0
"Nelles, H. V._2025-11-19T21:17:32","Nelles, H. V.",author,0
"Ninkovich, Frank_2025-11-19T21:17:22","Ninkovich, Frank",author,0
"Nish, Ian_2025-11-19T21:17:29","Nish, Ian",author,0
"Noakes, Lucy_2025-11-19T21:17:20","Noakes, Lucy",author,0
"Noble, Thomas F. X._2025-11-19T21:24:20","Noble, Thomas F. X.",author,0
"Norling, Bernard_2025-11-19T21:17:22","Norling, Bernard",author,0
"Norris, John_2025-11-19T21:17:22","Norris, John",author,0
"Notehelfer, F. G._2025-11-19T21:17:22","Notehelfer, F. G.",author,0
"O'Day, Alan_2025-11-19T21:17:28","O'Day, Alan",author,0
"Obst, Michael A._2025-11-19T21:17:32","Obst, Michael A.",author,0
"Okenfuss, Max J._2025-11-19T21:17:33","Okenfuss, Max J.",author,0
"Olesen, Thorsten B._2025-11-19T21:17:25","Olesen, Thorsten B.",author,0
"Osborne, Brian S._2025-11-19T21:24:35","Osborne, Brian S.",author,0
"Osterhammel, Jürgen_2025-11-19T21:17:20","Osterhammel, Jürgen",author,0
"Ovendale, Ritchie_2025-11-19T21:17:22","Ovendale, Ritchie",author,0
"Owen, Roger_2025-11-19T21:17:33","Owen, Roger",author,0
"Owram, Doug_2025-11-19T21:17:22","Owram, Doug",author,0
"Palmer, Steven_2025-11-19T21:17:33","Palmer, Steven",author,0
"Paret, Peter_2025-11-19T21:17:20","Paret, Peter",author,0
"Park, Soon-Won_2025-11-19T21:17:33","Park, Soon-Won",author,0
"Parker, Geoffrey_2025-11-19T21:17:33","Parker, Geoffrey",author,0
"Parrott, David_2025-11-19T21:17:29","Parrott, David",author,0
"Peers, Douglas M._2025-11-19T21:17:26","Peers, Douglas M.",author,0
"Peleggi, Maurizio_2025-11-19T21:17:23","Peleggi, Maurizio",author,0
"Penrose, Sandra_2025-11-19T21:17:20","Penrose, Sandra",author,0
"Perdue, Peter C._2025-11-19T21:17:22","Perdue, Peter C.",author,0
"Petersen, Tore Tingvold_2025-11-19T21:17:22","Petersen, Tore Tingvold",author,0
"Pierson, Peter_2025-11-19T21:17:20","Pierson, Peter",author,0
"Plessis-Fraissard, M_2025-11-19T21:26:18","Plessis-Fraissard, M",author,0
"Plummer, Brenda Gayle_2025-11-19T21:17:26","Plummer, Brenda Gayle",author,0
"Polak, Emil J._2025-11-19T21:15:46","Polak, Emil J.",author,0
"Poos, L.R._2025-11-19T21:24:34","Poos, L.R.",author,0
"Popp, Roland_2025-11-19T21:17:32","Popp, Roland",author,0
"Posada-Carbó, Eduardo_2025-11-19T21:17:33","Posada-Carbó, Eduardo",author,0
"Potter, Pitman B._2025-11-19T21:17:33","Potter, Pitman B.",author,0
"Preston, Andrew_2025-11-19T21:17:29","Preston, Andrew",author,0
"Pryce, Huw_2025-11-19T21:17:34","Pryce, Huw",author,0
"Quanch, Max_2025-11-19T21:17:23","Quanch, Max",author,0
"Quandt, William B._2025-11-19T21:17:26","Quandt, William B.",author,0
"Quataert, Jean H._2025-11-19T21:17:25","Quataert, Jean H.",author,0
"Quester, George H._2025-11-19T21:17:32","Quester, George H.",author,0
"Quiney, Linda J._2025-11-19T21:17:25","Quiney, Linda J.",author,0
"Ramirez, Francisco O._2025-11-19T21:17:34","Ramirez, Francisco O.",author,0
"Ramusack, Barbara N._2025-11-19T21:17:20","Ramusack, Barbara N.",author,0
"Randrianja, Solofo_2025-11-19T21:17:26","Randrianja, Solofo",author,0
"Ranum, Orest_2025-11-19T21:17:22","Ranum, Orest",author,0
"Ray, James Lee_2025-11-19T21:17:22","Ray, James Lee",author,0
"Redwood, John_2025-11-19T21:17:26","Redwood, John",author,0
"Reed, Clyde G._2025-11-19T21:17:23","Reed, Clyde G.",author,0
"Rees, E. A._2025-11-19T21:17:34","Rees, E. A.",author,0
"Reid, Donald_2025-11-19T21:17:23","Reid, Donald",author,0
"Reid, Donald Malcolm_2025-11-19T21:17:20","Reid, Donald Malcolm",author,0
"Reilly, James A._2025-11-19T21:17:33","Reilly, James A.",author,0
"Reimers, David M._2025-11-19T21:17:22","Reimers, David M.",author,0
"Reinerman, Alan J._2025-11-19T21:17:22","Reinerman, Alan J.",author,0
"Revill, George_2025-11-19T21:24:34","Revill, George",author,0
"Reynolds, David_2025-11-19T21:17:34","Reynolds, David",author,0
"Rhodes, Benjamin D._2025-11-19T21:17:34","Rhodes, Benjamin D.",author,0
"Rice, Geoffrey W._2025-11-19T21:17:29","Rice, Geoffrey W.",author,0
"Ridington, Robin_2025-11-19T21:17:22","Ridington, Robin",author,0
"Rinke, Stefan_2025-11-19T21:17:34","Rinke, Stefan",author,0
"Ripsman, Norrin M._2025-11-19T21:17:23","Ripsman, Norrin M.",author,0
"Rives, J. B._2025-11-19T21:17:22","Rives, J. B.",author,0
"Roberts, David Andrew_2025-11-19T21:17:20","Roberts, David Andrew",author,0
"Robinson, Fred C._2025-11-19T21:35:35","Robinson, Fred C.",author,0
"Rock, Kenneth W._2025-11-19T21:17:22","Rock, Kenneth W.",author,0
"Rodger, N. A. M._2025-11-19T21:17:32","Rodger, N. A. M.",author,0
"Rodriguez-Salgado, M.J._2025-11-19T21:17:22","Rodriguez-Salgado, M.J.",author,0
"Roider, Karl A._2025-11-19T21:17:29","Roider, Karl A.",author,0
"Rosenfeld, Gavriel D._2025-11-19T21:17:25","Rosenfeld, Gavriel D.",author,0
"Rossabi, Morris_2025-11-19T21:17:29","Rossabi, Morris",author,0
"Rothenberg, Gunther E._2025-11-19T21:17:33","Rothenberg, Gunther E.",author,0
"Rowe, Michael_2025-11-19T21:17:28","Rowe, Michael",author,0
"Ruiz, Teofilo F._2025-11-19T21:14:16","Ruiz, Teofilo F.",author,0
"Russell-Wood, A. J. R._2025-11-19T21:17:22","Russell-Wood, A. J. R.",author,0
"Ryan, David_2025-11-19T21:17:26","Ryan, David",author,0
"Rydell, Robert W._2025-11-19T21:17:34","Rydell, Robert W.",author,0
"Ryrie, Alec_2025-11-19T21:17:23","Ryrie, Alec",author,0
"Saab, Ann Pottinger_2025-11-19T21:17:29","Saab, Ann Pottinger",author,0
"Sack, James J._2025-11-19T21:17:28","Sack, James J.",author,0
"Salmon, Patrick_2025-11-19T21:17:28","Salmon, Patrick",author,0
"Salmon, Trevor C._2025-11-19T21:17:23","Salmon, Trevor C.",author,0
"Salvucci, Richard J._2025-11-19T21:17:20","Salvucci, Richard J.",author,0
"Samson, Jane_2025-11-19T21:17:33","Samson, Jane",author,0
"Sanger, Chesley W._2025-11-19T21:24:35","Sanger, Chesley W.",author,0
"Saul, Norman E._2025-11-19T21:17:33","Saul, Norman E.",author,0
"Saul, Samir_2025-11-19T21:17:33","Saul, Samir",author,0
"Savours, Ann_2025-11-19T21:17:34","Savours, Ann",author,0
"Scammell, G. V._2025-11-19T21:17:33","Scammell, G. V.",author,0
"Scates, Bruce_2025-11-19T21:17:20","Scates, Bruce",author,0
"Schaller, Michael_2025-11-19T21:17:20","Schaller, Michael",author,0
"Schenk, Catherine R._2025-11-19T21:17:23","Schenk, Catherine R.",author,0
"Schroeder, Paul W._2025-11-19T21:17:20","Schroeder, Paul W.",author,0
"Schwartz, Thomas Alan_2025-11-19T21:17:26","Schwartz, Thomas Alan",author,0
"Schwarz, Bill_2025-11-19T21:17:26","Schwarz, Bill",author,0
"Schweizer, K. W._2025-11-19T21:17:20","Schweizer, K. W.",author,0
"Scully, Eileen P._2025-11-19T21:17:34","Scully, Eileen P.",author,0
"Searing, James_2025-11-19T21:17:34","Searing, James",author,0
"Searle, Alaric_2025-11-19T21:17:34","Searle, Alaric",author,0
"Seed, Patricia_2025-11-19T21:17:25","Seed, Patricia",author,0
"Segal, Ethan Isaac_2025-11-19T21:17:54","Segal, Ethan Isaac",author,0
"Seidman, Michael_2025-11-19T21:17:23","Seidman, Michael",author,0
"Severn, John K._2025-11-19T21:17:33","Severn, John K.",author,0
"Share, Michael_2025-11-19T21:17:22","Share, Michael",author,0
"Shatzmiller, Joseph_2025-11-19T21:17:26","Shatzmiller, Joseph",author,0
"Shaw, Amy_2025-11-19T21:17:25","Shaw, Amy",author,0
"Sheinin, David_2025-11-19T21:17:22","Sheinin, David",author,0
"Sheldon, R. M._2025-11-19T21:17:22","Sheldon, R. M.",author,0
"Shennan, Andrew_2025-11-19T21:17:34","Shennan, Andrew",author,0
"Shepard, Jonathan_2025-11-19T21:17:22","Shepard, Jonathan",author,0
"Shorrock, William I._2025-11-19T21:17:20","Shorrock, William I.",author,0
"Short, J R_2025-11-19T21:26:18","Short, J R",author,0
"Silberstein, Laurence J._2025-11-19T21:17:23","Silberstein, Laurence J.",author,0
"Silverstone, Scott A._2025-11-19T21:17:32","Silverstone, Scott A.",author,0
"Simkins, Peter_2025-11-19T21:17:32","Simkins, Peter",author,0
"Simms, Brendan_2025-11-19T21:17:22","Simms, Brendan",author,0
"Simpson, Bradley R._2025-11-19T21:17:22","Simpson, Bradley R.",author,0
"Singh, Anita Inder_2025-11-19T21:17:26","Singh, Anita Inder",author,0
"Sked, Alan_2025-11-19T21:17:28","Sked, Alan",author,0
"Skelcher, Bradley_2025-11-19T21:24:35","Skelcher, Bradley",author,0
"Sluglett, Peter_2025-11-19T21:17:22","Sluglett, Peter",author,0
"Smith, David_2025-11-19T21:17:28","Smith, David",author,0
"Smith, F. B._2025-11-19T21:17:33","Smith, F. B.",author,0
"Smith, Geoffrey S._2025-11-19T21:17:25","Smith, Geoffrey S.",author,0
"Smith, Helmut Walser_2025-11-19T21:17:33","Smith, Helmut Walser",author,0
"Smith, Jonathan Riley_2025-11-19T21:17:32","Smith, Jonathan Riley",author,0
"Smith, Peter J._2025-11-19T21:17:22","Smith, Peter J.",author,0
"Smith, Robert Freeman_2025-11-19T21:17:33","Smith, Robert Freeman",author,0
"Smith, Woodruff D._2025-11-19T21:17:20","Smith, Woodruff D.",author,0
"Smyth, Denis_2025-11-19T21:17:34","Smyth, Denis",author,0
"Snow, Dean R._2025-11-19T21:17:28","Snow, Dean R.",author,0
"Snyder, Timothy_2025-11-19T21:17:32","Snyder, Timothy",author,0
"Soley, Lawrence C._2025-11-19T21:17:25","Soley, Lawrence C.",author,0
"Sondhaus, Lawrence_2025-11-19T21:17:20","Sondhaus, Lawrence",author,0
"Spellberg, D. A._2025-11-19T21:17:20","Spellberg, D. A.",author,0
"Spence, Peter_2025-11-19T21:17:28","Spence, Peter",author,0
"Spruyt, Hendrik_2025-11-19T21:17:22","Spruyt, Hendrik",author,0
"Stansky, Peter_2025-11-19T21:17:20","Stansky, Peter",author,0
"Stater, Victor_2025-11-19T21:17:26","Stater, Victor",author,0
"Steele, Ian K._2025-11-19T21:17:33","Steele, Ian K.",author,0
"Stehlin, Stewart A._2025-11-19T21:17:20","Stehlin, Stewart A.",author,0
"Stephanson, Anders_2025-11-19T21:17:32","Stephanson, Anders",author,0
"Stephenson, Paul_2025-11-19T21:17:26","Stephenson, Paul",author,0
"Stewart, Gordon T._2025-11-19T21:17:25","Stewart, Gordon T.",author,0
"Stokes, Lawrence D._2025-11-19T21:17:23","Stokes, Lawrence D.",author,0
"Stone, David R._2025-11-19T21:17:20","Stone, David R.",author,0
"Stone, Glyn A._2025-11-19T21:17:33","Stone, Glyn A.",author,0
"Strachan, Hew_2025-11-19T21:17:22","Strachan, Hew",author,0
"Straczek, J. H._2025-11-19T21:17:20","Straczek, J. H.",author,0
"Streissler, Monika_2025-11-19T21:17:33","Streissler, Monika",author,0
"Stuart, Reginald C._2025-11-19T21:17:23","Stuart, Reginald C.",author,0
"Stueck, William_2025-11-19T21:17:33","Stueck, William",author,0
"Subrahmanyam, Sanjay_2025-11-19T21:17:22","Subrahmanyam, Sanjay",author,0
"Sumida, Jon Tetsuro_2025-11-19T21:17:33","Sumida, Jon Tetsuro",author,0
"Sunderland, Willard_2025-11-19T21:17:22","Sunderland, Willard",author,0
"Swainger, Jonathan_2025-11-19T21:17:33","Swainger, Jonathan",author,0
"Szabo, Franz A. J._2025-11-19T21:17:22","Szabo, Franz A. J.",author,0
"Szabo, Stephen F._2025-11-19T21:17:34","Szabo, Stephen F.",author,0
"Szostack, Rick_2025-11-19T21:17:33","Szostack, Rick",author,0
"Talbert, Richard J. A._2025-11-19T21:17:29","Talbert, Richard J. A.",author,0
"Tarling, Nicholas_2025-11-19T21:17:22","Tarling, Nicholas",author,0
"Taylor, Philip M._2025-11-19T21:17:20","Taylor, Philip M.",author,0
"Thomas, Martin_2025-11-19T21:17:34","Thomas, Martin",author,0
"Thompson, Andrew C._2025-11-19T21:17:29","Thompson, Andrew C.",author,0
"Thompson, Neville_2025-11-19T21:17:23","Thompson, Neville",author,0
"Thomson, J. A. F._2025-11-19T21:17:34","Thomson, J. A. F.",author,0
"Tilahun, Gelila_2025-11-19T21:16:56","Tilahun, Gelila",author,0
"Till, Geoffrey_2025-11-19T21:17:33","Till, Geoffrey",author,0
"Tone, John Lawrence_2025-11-19T21:17:29","Tone, John Lawrence",author,0
"Tracy, James_2025-11-19T21:17:34","Tracy, James",author,0
"Treadgold, Warren_2025-11-19T21:17:25","Treadgold, Warren",author,0
"Trigger, Bruce G._2025-11-19T21:17:25","Trigger, Bruce G.",author,0
"Turner, Henry Ashby_2025-11-19T21:17:22","Turner, Henry Ashby",author,0
"Tyerman, Christopher_2025-11-19T21:17:22","Tyerman, Christopher",author,0
"Unterberger, Betty Miller_2025-11-19T21:17:23","Unterberger, Betty Miller",author,0
"Van Engen, John_2025-11-19T21:49:29","Van Engen, John",author,0
"Van Young, Eric_2025-11-19T21:17:32","Van Young, Eric",author,0
"Vance, Michael E._2025-11-19T21:17:20","Vance, Michael E.",author,0
"Varona-Lacey, Gladys M._2025-11-19T21:17:25","Varona-Lacey, Gladys M.",author,0
"Voisey, Paul_2025-11-19T21:17:20","Voisey, Paul",author,0
"Wainwright, A. Martin_2025-11-19T21:17:29","Wainwright, A. Martin",author,0
"Waring, Stephen P._2025-11-19T21:17:32","Waring, Stephen P.",author,0
"Watson, Janet S. K._2025-11-19T21:17:20","Watson, Janet S. K.",author,0
"Watts, Sheldon_2025-11-19T21:17:29","Watts, Sheldon",author,0
"Webb, Paul_2025-11-19T21:17:22","Webb, Paul",author,0
"Webber, Mark_2025-11-19T21:17:22","Webber, Mark",author,0
"Weinberg, Gerhard L._2025-11-19T21:17:32","Weinberg, Gerhard L.",author,0
"Weingartner, James J._2025-11-19T21:17:26","Weingartner, James J.",author,0
"Wellenreuther, Hermann_2025-11-19T21:17:22","Wellenreuther, Hermann",author,0
"Wendt, Reinhard_2025-11-19T21:17:32","Wendt, Reinhard",author,0
"Werrell, Kenneth P._2025-11-19T21:17:33","Werrell, Kenneth P.",author,0
"Westermann, Edward B._2025-11-19T21:17:32","Westermann, Edward B.",author,0
"Westrate, Bruce_2025-11-19T21:17:20","Westrate, Bruce",author,0
"Wetzel, David_2025-11-19T21:17:33","Wetzel, David",author,0
"Wigen, Kären_2025-11-19T21:24:35","Wigen, Kären",author,0
"Williams, Glyndwr_2025-11-19T21:17:20","Williams, Glyndwr",author,0
"Williams, Michael_2025-11-19T21:17:33","Williams, Michael",author,0
"Williams, Patrick_2025-11-19T21:17:20","Williams, Patrick",author,0
"Wills, John E._2025-11-19T21:17:22","Wills, John E.",author,0
"Wilson, Jon E._2025-11-19T21:17:33","Wilson, Jon E.",author,0
"Wilson, Keith_2025-11-19T21:17:20","Wilson, Keith",author,0
"Wilson, Peter H._2025-11-19T21:17:20","Wilson, Peter H.",author,0
"Wilton, Andrew_2025-11-19T21:17:20","Wilton, Andrew",author,0
"Winchester, Angus J.L._2025-11-19T21:24:34","Winchester, Angus J.L.",author,0
"Winter, Jay_2025-11-19T21:17:22","Winter, Jay",author,0
"Wirsing, Robert G._2025-11-19T21:17:20","Wirsing, Robert G.",author,0
"Wolfart, Johannes C._2025-11-19T21:17:25","Wolfart, Johannes C.",author,0
"Wolff, Larry_2025-11-19T21:17:25","Wolff, Larry",author,0
"Woodfine, Philip_2025-11-19T21:17:34","Woodfine, Philip",author,0
"Wooley, Wesley T._2025-11-19T21:17:26","Wooley, Wesley T.",author,0
"Wrigley, Chris_2025-11-19T21:17:26","Wrigley, Chris",author,0
"Wynot, Edward D._2025-11-19T21:17:20","Wynot, Edward D.",author,0
"Yockelson, Mitchell_2025-11-19T21:17:33","Yockelson, Mitchell",author,0
"Young, John W._2025-11-19T21:17:20","Young, John W.",author,0
"Youngs, Tim_2025-11-19T21:17:33","Youngs, Tim",author,0
"Zacek, Natalie_2025-11-19T21:17:34","Zacek, Natalie",author,0
"Zeiler, Thomas W._2025-11-19T21:17:33","Zeiler, Thomas W.",author,0
"Zhai, Qiang_2025-11-19T21:17:22","Zhai, Qiang",author,0
"de Vries, Jan_2025-11-19T21:24:34","de Vries, Jan",author,0
"rennan, Patrick H._2025-11-19T21:17:32","rennan, Patrick H.",author,0
69825516c835c41957dfe224,(a): The Scandinavian kingdoms,publication,0
69825517c835c41957e00b81,"12 ‘Aberdeen before 1800: The Medieval Market, c.1400-1550’",publication,0
69825516c835c41957df9f79,"2 Early Saxon Frontier Warfare: Henry I, Otto I, and Carolingian Military Institutions",publication,0
69825516c835c41957dfe606,A History of the Alans in the West. From Their First Appearance in the Sources of Classical Antiquity through the Early ,publication,0
69825517c835c41957e01603,Bibliography for 1978,publication,0
69825516c835c41957dfba2c,Ibn Zuhr (Avenzoar)'s description of verrucous malignancy of the colon (with an English translation from Arabic and note,publication,0
69825517c835c41957e012aa,Memoirs of Fellows and Corresponding Fellows of the Medieval Academy of America,publication,0
69825516c835c41957dfef25,Military technology and garrison organization: Some observations on Anglo-Saxon military thinking in light of the Burgha,publication,0
69825516c835c41957dfe494,"Monks, Martyrs, Soldiers and Saracens: Papers on the Near East in Late Antiquity (1962-1993)",publication,0
69825516c835c41957dfcfc2,"Politics, Law, and Religion in the Early Middle Ages",publication,0
69825516c835c41957dfe1a1,Reshaping the Past on the Early Norman Frontier: The Vita Vigoris,publication,0
69825516c835c41957dfc993,"Review of The Commercialisation of English Society 1000-1500, by R. H. Britnell; The West Midlands in the Early Middle A",publication,0
69825516c835c41957dfd1f8,"Review: The New Urban Economics: And Alternatives, Medieval Settlement: Continuity and Change, Policy and Practice in Ru",publication,0
69825516c835c41957dfa3f7,Reviews of Books,publication,0
69825516c835c41957dfa3f8,Reviews of Books,publication,0
69825516c835c41957dfa428,Reviews of Books,publication,0
69825516c835c41957dfa429,Reviews of Books,publication,0
69825516c835c41957dfa42d,Reviews of Books,publication,0
69825516c835c41957dfa42e,Reviews of Books,publication,0
69825516c835c41957dfa465,Reviews of Books,publication,0
69825516c835c41957dfa466,Reviews of Books,publication,0
69825516c835c41957dfa47c,Reviews of Books,publication,0
69825516c835c41957dfa4ba,Reviews of Books,publication,0
69825516c835c41957dfa4bc,Reviews of Books,publication,0
69825516c835c41957dfa511,Reviews of Books,publication,0
69825516c835c41957dfa51e,Reviews of Books,publication,0
69825516c835c41957dfa522,Reviews of Books,publication,0
69825516c835c41957dfa52a,Reviews of Books,publication,0
69825516c835c41957dfa531,Reviews of Books,publication,0
69825516c835c41957dfa533,Reviews of Books,publication,0
69825516c835c41957dfcd0a,"Saxon military revolution, 912-973?: myth and reality",publication,0
69825517c835c41957dff9c2,"Sobre Antonio Ibarra, Mercado e institución: corporaciones comerciales, redes de negocios y crisis colonial. Guadalajara",publication,0
69825516c835c41957dfa1a7,THE DATING OF UNDATED MEDIEVAL CHARTERS,publication,0
69825516c835c41957dfca4a,The Medieval Papacy,publication,0
69825516c835c41957dfe208,The Mongols and Europe,publication,0
"Agdzhoyan, Anastasia_2025-11-19T21:15:24","Agdzhoyan, Anastasia",author,1
"Akhmetova, Vita_2025-11-19T21:26:09","Akhmetova, Vita",author,1
"Akilzhanov, Rakhmetolla_2025-11-19T21:39:03","Akilzhanov, Rakhmetolla",author,1
"Akilzhanova, Ainur_2025-11-19T21:39:03","Akilzhanova, Ainur",author,1
Aleksandra Sommerfeld_2025-11-19T21:31:51,Aleksandra Sommerfeld,author,1
"Alexander, Craig_2026-01-15T09:05:09","Alexander, Craig",author,1
"Ali, Muhammad Q.A._2025-11-19T21:16:14","Ali, Muhammad Q.A.",author,1
Anna Elżbieta Spinek_2025-11-19T21:31:51,Anna Elżbieta Spinek,author,1
"Arcusa-Magallón, Héctor_2025-11-19T21:47:49","Arcusa-Magallón, Héctor",author,1
"Arnold, Susanne_2025-11-19T21:41:26","Arnold, Susanne",author,1
"Aron, Franziska_2025-11-19T21:47:49","Aron, Franziska",author,1
"Aslanishvili, Vladimer_2025-11-19T21:20:31","Aslanishvili, Vladimer",author,1
"Atramentova, Lubov_2025-11-19T21:26:24","Atramentova, Lubov",author,1
"Babalyan, Konstantin_2025-11-19T21:29:49","Babalyan, Konstantin",author,1
"Bahmanimehr, Ardeshir_2025-11-19T21:26:09","Bahmanimehr, Ardeshir",author,1
"Balanovska, Elena_2025-11-19T21:15:24","Balanovska, Elena",author,1
"Balanovsky, Oleg_2025-11-19T21:26:09","Balanovsky, Oleg",author,1
"Baranova, Ancha_2025-11-19T21:29:49","Baranova, Ancha",author,1
"Barashkov, Nikolay_2025-11-19T21:26:09","Barashkov, Nikolay",author,1
Barbara Mnich_2025-11-19T21:31:51,Barbara Mnich,author,1
"Barbieri, Rémi_2025-11-19T21:21:16","Barbieri, Rémi",author,1
"Barquera, Rodrigo_2025-11-19T21:41:26","Barquera, Rodrigo",author,1
"Bates, Jessica S._2025-11-19T21:47:13","Bates, Jessica S.",author,1
"Bauer, Peter_2025-11-19T21:37:28","Bauer, Peter",author,1
"Beck De Lotto, Michael Allen_2025-11-19T21:18:05","Beck De Lotto, Michael Allen",author,1
"Beneker, Owyn_2025-11-19T21:16:14","Beneker, Owyn",author,1
"Benjak, Andrej_2025-11-19T21:37:28","Benjak, Andrej",author,1
"Berikashvili, David_2025-11-19T21:21:25","Berikashvili, David",author,1
"Berk, Birgit_2025-11-19T21:17:12","Berk, Birgit",author,1
"Besra, Gurdyal S_2025-11-19T21:26:10","Besra, Gurdyal S",author,1
"Biagini, Simone A._2025-11-19T21:16:14","Biagini, Simone A.",author,1
"Bianco, Raffaela Angelina_2025-11-19T21:20:31","Bianco, Raffaela Angelina",author,1
"Bitadze, Liana_2025-11-19T21:20:31","Bitadze, Liana",author,1
"Bonucci, Biancamaria_2025-11-19T21:21:16","Bonucci, Biancamaria",author,1
"Bos, Kirsten I._2025-11-19T21:47:13","Bos, Kirsten I.",author,1
"Boulygina, Eugenia_2025-11-19T21:29:49","Boulygina, Eugenia",author,1
"Busso, Philippe_2025-11-19T21:37:28","Busso, Philippe",author,1
"Cessford, Craig_2025-11-19T21:15:49","Cessford, Craig",author,1
"Chaplygin, Mikhail S._2025-11-19T21:47:49","Chaplygin, Mikhail S.",author,1
"Chekanov, Nikolay_2025-11-19T21:29:49","Chekanov, Nikolay",author,1
"Chuhryaeva, Marina_2025-11-19T21:26:24","Chuhryaeva, Marina",author,1
"Churnosov, Michail_2025-11-19T21:26:24","Churnosov, Michail",author,1
"Cilli, Elisabetta_2025-11-19T21:18:05","Cilli, Elisabetta",author,1
"Cole, Stewart T_2025-11-19T21:37:28","Cole, Stewart T",author,1
"Crema, Enrico Ryunosuke_2025-11-19T21:34:22","Crema, Enrico Ryunosuke",author,1
"Cruciani, Fulvio_2025-11-19T21:18:05","Cruciani, Fulvio",author,1
"Czarny, J._2025-11-19T21:23:45","Czarny, J.",author,1
"D'Atanasio, Eugenia_2025-11-19T21:16:14","D'Atanasio, Eugenia",author,1
"Dabert, Miroslawa_2025-11-19T21:17:06","Dabert, Miroslawa",author,1
"Dalimova, Dilbar_2025-11-19T21:26:09","Dalimova, Dilbar",author,1
"Damba, Larisa_2025-11-19T21:26:09","Damba, Larisa",author,1
"Davydenko, Oleg_2025-11-19T21:26:24","Davydenko, Oleg",author,1
"De Winter, Natasja_2025-11-19T21:17:12","De Winter, Natasja",author,1
"Delpino, Chiara_2025-11-19T21:18:05","Delpino, Chiara",author,1
"Derenko, Miroslava V._2025-11-19T21:23:38","Derenko, Miroslava V.",author,1
"Dewilde, Marc_2025-11-19T21:17:12","Dewilde, Marc",author,1
"Dibirova, Khadizhat_2025-11-19T21:26:24","Dibirova, Khadizhat",author,1
"Dittmar, Jenna_2025-11-19T21:15:49","Dittmar, Jenna",author,1
"Dobrovolskaya, M V_2025-11-19T21:15:41","Dobrovolskaya, M V",author,1
"Dobrovolskaya, Maria_2025-11-19T21:48:33","Dobrovolskaya, Maria",author,1
"Doumet-Serhal, Claude_2025-11-19T21:42:08","Doumet-Serhal, Claude",author,1
"Driesen, Petra_2025-11-19T21:17:12","Driesen, Petra",author,1
"Drobnič, K._2025-11-19T21:23:45","Drobnič, K.",author,1
"Durand, Raphaël_2025-11-19T21:47:13","Durand, Raphaël",author,1
"Dybo, Anna_2025-11-19T21:26:24","Dybo, Anna",author,1
"Díez-del-Molino, David_2025-11-19T21:34:22","Díez-del-Molino, David",author,1
"Dębski, Artur_2025-11-19T21:49:25","Dębski, Artur",author,1
"Eisenmann, Stefanie_2025-11-19T21:47:49","Eisenmann, Stefanie",author,1
"Ellingvåg, Sturla_2025-11-19T21:20:31","Ellingvåg, Sturla",author,1
"Endicott, Phillip_2025-11-19T21:26:24","Endicott, Phillip",author,1
"Evseeva, Irina_2025-11-19T21:26:24","Evseeva, Irina",author,1
"Fedorova, Sardana_2025-11-19T21:26:09","Fedorova, Sardana",author,1
"Feldman, Michal_2025-11-19T21:47:49","Feldman, Michal",author,1
"Ferraz, Tiago_2025-11-19T21:47:49","Ferraz, Tiago",author,1
"Figlerowicz, Marek_2025-11-19T21:49:25","Figlerowicz, Marek",author,1
"Finocchi, Stefano_2025-11-19T21:18:05","Finocchi, Stefano",author,1
"Forrest, Stephen_2025-11-19T21:41:26","Forrest, Stephen",author,1
"Ravasini, Francesco_2025-11-19T21:18:05",Francesco Ravasini,author,1
"Frolova, Svetlana_2025-11-19T21:26:24","Frolova, Svetlana",author,1
"Garrido-Pena, Rafael_2025-11-19T21:47:49","Garrido-Pena, Rafael",author,1
"Ge, Xiangyu Jack_2025-11-19T21:16:14","Ge, Xiangyu Jack",author,1
Genographic Consortium_2025-11-19T21:26:24,Genographic Consortium,author,1
"Geypen, Jan_2025-11-19T21:17:12","Geypen, Jan",author,1
"Ghalichi, Ayshin_2025-11-19T21:20:31","Ghalichi, Ayshin",author,1
"Giacometti, Chiara_2025-11-19T21:18:05","Giacometti, Chiara",author,1
"Giffin, Karen_2025-11-19T21:47:49","Giffin, Karen",author,1
"Giroldini, Pierluigi_2025-11-19T21:18:05","Giroldini, Pierluigi",author,1
"Goncharova, Olga_2025-11-19T21:26:24","Goncharova, Olga",author,1
"Griffith, Samuel J._2025-11-19T21:16:14","Griffith, Samuel J.",author,1
"Grzybowski, Tomasz_2025-11-19T21:22:39","Grzybowski, Tomasz",author,1
"Gubina, Marina_2025-11-19T21:29:49","Gubina, Marina",author,1
"Guellil, Meriam_2025-11-19T21:17:12","Guellil, Meriam",author,1
"Guevara, Evelyn K._2025-11-19T21:47:49","Guevara, Evelyn K.",author,1
"Hadley, Dawn M._2025-11-19T21:24:34","Hadley, Dawn M.",author,1
"Hajiesmaeil, Mogge_2025-11-19T21:18:05","Hajiesmaeil, Mogge",author,1
"Hakenbeck, Susanne_2025-11-19T21:31:48","Hakenbeck, Susanne",author,1
"Handschuh, Luiza_2025-11-19T21:49:25","Handschuh, Luiza",author,1
"Harrison, Genelle F_2025-11-19T21:41:26","Harrison, Genelle F",author,1
"Hemer, K. A._2025-11-19T21:17:34","Hemer, K. A.",author,1
"Herbig, Alexander_2025-11-19T21:37:28","Herbig, Alexander",author,1
"Hernández-Zaragoza, Diana I_2025-11-19T21:41:26","Hernández-Zaragoza, Diana I",author,1
"Hoebreckx, Maxim_2025-11-19T21:17:12","Hoebreckx, Maxim",author,1
"Hollenbach, Jill A_2025-11-19T21:41:26","Hollenbach, Jill A",author,1
"Hui, Ruoyun_2025-11-19T21:15:49","Hui, Ruoyun",author,1
"Hübler, Ron_2025-11-19T21:47:49","Hübler, Ron",author,1
"Immel, Alexander_2025-11-19T21:41:26","Immel, Alexander",author,1
"Inskip, Sarah A._2025-11-19T21:16:14","Inskip, Sarah A.",author,1
"Iskandarov, Nasib_2025-11-19T21:15:24","Iskandarov, Nasib",author,1
"Ivanoshchuk, Dinara_2025-11-19T21:29:49","Ivanoshchuk, Dinara",author,1
"Jia, Xiaowen_2025-11-19T21:20:31","Jia, Xiaowen",author,1
"Junissova, Zukhra_2025-11-19T21:39:03","Junissova, Zukhra",author,1
"Juras, Anna_2025-11-19T21:17:06","Juras, Anna",author,1
"Jäger, Günter_2025-11-19T21:37:28","Jäger, Günter",author,1
"Kabral, Helja_2025-11-19T21:17:12","Kabral, Helja",author,1
"Kagazezheva, Zhaneta_2025-11-19T21:15:24","Kagazezheva, Zhaneta",author,1
"Kairies, Madita S_2025-11-19T21:41:26","Kairies, Madita S",author,1
"Kandel, Andrew W._2025-11-19T21:20:31","Kandel, Andrew W.",author,1
"Karapetian, Marina K._2025-11-19T21:47:49","Karapetian, Marina K.",author,1
"Kassian, Alexei_2025-11-19T21:26:24","Kassian, Alexei",author,1
"Keller, Marcel_2025-11-19T21:47:13","Keller, Marcel",author,1
"Key, Felix M._2025-11-19T21:47:49","Key, Felix M.",author,1
"Kharkov, Vladimir_2025-11-19T21:29:49","Kharkov, Vladimir",author,1
"Khartanovich, Valeri I._2025-11-19T21:16:51","Khartanovich, Valeri I.",author,1
"Khidiyatova, Irina_2025-11-19T21:26:09","Khidiyatova, Irina",author,1
"Khitrinskaya, Irina_2025-11-19T21:29:49","Khitrinskaya, Irina",author,1
"Khrameeva, Ekaterina E_2025-11-19T21:29:49","Khrameeva, Ekaterina E",author,1
"Khusainova, Rita_2025-11-19T21:26:09","Khusainova, Rita",author,1
"Khusnutdinova, Elza K_2025-11-19T21:29:49","Khusnutdinova, Elza K",author,1
"Kivisild, Toomas_2025-11-19T21:15:49","Kivisild, Toomas",author,1
"Kocher, Arthur_2025-11-19T21:47:49","Kocher, Arthur",author,1
"Kohlbacher, Oliver_2025-11-19T21:41:26","Kohlbacher, Oliver",author,1
"Konovalova, Natalia_2025-11-19T21:29:49","Konovalova, Natalia",author,1
"Koshel, Sergey_2025-11-19T21:15:24","Koshel, Sergey",author,1
"Kosicki, Jakub Z_2025-11-19T21:25:55","Kosicki, Jakub Z",author,1
"Kovacevic-Grujicic, Natasa_2025-11-19T21:28:39","Kovacevic-Grujicic, Natasa",author,1
"Kröpelin, Andreas_2025-11-19T21:47:13","Kröpelin, Andreas",author,1
"Kufterin, Vladimir V._2025-11-19T21:47:49","Kufterin, Vladimir V.",author,1
"Kumar, Ganesh Prasad Arun_2025-11-19T21:29:49","Kumar, Ganesh Prasad Arun",author,1
"Kushniarevich, Alena_2025-11-19T21:17:06","Kushniarevich, Alena",author,1
"Kučinskas, Vaidutis_2025-11-19T21:26:24","Kučinskas, Vaidutis",author,1
"Kvavadze, Eliso_2025-11-19T21:21:25","Kvavadze, Eliso",author,1
"Kóčka-Krenz, Hanna_2025-11-19T21:49:25","Kóčka-Krenz, Hanna",author,1
"Lamnidis, Thiseas C._2025-11-19T21:20:31","Lamnidis, Thiseas C.",author,1
"Laneman, Margot_2025-11-19T21:34:22","Laneman, Margot",author,1
"Lang, Valter_2025-11-19T21:31:48","Lang, Valter",author,1
"Larmuseau, Maarten H. D._2025-11-19T21:17:12","Larmuseau, Maarten H. D.",author,1
"Lee, Oona Y-C_2025-11-19T21:26:10","Lee, Oona Y-C",author,1
"Linscott, Bethan_2025-11-19T21:33:49","Linscott, Bethan",author,1
"Litvinov, Andrey_2025-11-19T21:22:39","Litvinov, Andrey",author,1
"Litvinov, Sergei_2025-11-19T21:26:09","Litvinov, Sergei",author,1
Maciej Chyleński_2025-11-19T21:31:51,Maciej Chyleński,author,1
"Majander, Kerttu_2025-11-19T21:47:49","Majander, Kerttu",author,1
"Makarov, Nikolaj_2025-11-19T21:48:33","Makarov, Nikolaj",author,1
"Maksimov, N G_2025-11-19T21:15:42","Maksimov, N G",author,1
"Malmström, Helena_2025-11-19T21:25:55","Malmström, Helena",author,1
"Malve, Martin_2025-11-19T21:34:22","Malve, Martin",author,1
"Malyarchuk, Boris A._2025-11-19T21:23:38","Malyarchuk, Boris A.",author,1
"Marcinkowska-Swojak, Malgorzata_2025-11-19T21:49:25","Marcinkowska-Swojak, Malgorzata",author,1
"Marjanović, Damir_2025-11-19T21:26:24","Marjanović, Damir",author,1
"Marusin, Andrey_2025-11-19T21:29:49","Marusin, Andrey",author,1
"Matla, Marzena_2025-11-19T21:49:25","Matla, Marzena",author,1
"Mazur, Alexandr M_2025-11-19T21:29:49","Mazur, Alexandr M",author,1
"Mei, Oscar_2025-11-19T21:18:05","Mei, Oscar",author,1
"Mendum, Tom A_2025-11-19T21:33:49","Mendum, Tom A",author,1
"Metspalu, Ene_2025-11-19T21:17:06","Metspalu, Ene",author,1
"Metspalu, Mait_2025-11-19T21:18:05","Metspalu, Mait",author,1
"Michel, Megan_2025-11-19T21:47:49","Michel, Megan",author,1
"Mihailov, Evelin_2025-11-19T21:26:09","Mihailov, Evelin",author,1
"Mikhaylova, Elena R._2025-11-19T21:34:22","Mikhaylova, Elena R.",author,1
"Mikulski, Richard N R_2025-11-19T21:42:08","Mikulski, Richard N R",author,1
"Minnikin, David E_2025-11-19T21:26:10","Minnikin, David E",author,1
"Miścicka-Śliwka, D._2025-11-19T21:23:45","Miścicka-Śliwka, D.",author,1
"Mitchell, Piers D._2025-11-19T21:15:49","Mitchell, Piers D.",author,1
"Mittnik, Alissa_2025-11-19T21:47:49","Mittnik, Alissa",author,1
"Molinaro, Ludovica_2025-11-19T21:17:12","Molinaro, Ludovica",author,1
"Montinaro, Francesco_2025-11-19T21:18:05","Montinaro, Francesco",author,1
"Mulahasanovic, Lejla_2025-11-19T21:26:24","Mulahasanovic, Lejla",author,1
"Mulder, Bram_2025-11-19T21:15:49","Mulder, Bram",author,1
"Murphy, Eileen M_2025-11-19T21:33:49","Murphy, Eileen M",author,1
"Musralina, Lyazzat_2025-11-19T21:47:49","Musralina, Lyazzat",author,1
"Mägi, Reedik_2025-11-19T21:34:22","Mägi, Reedik",author,1
"Möls, Märt_2025-11-19T21:26:24","Möls, Märt",author,1
"Mötsch, Angela_2025-11-19T21:20:31","Mötsch, Angela",author,1
"Naumann, David_2025-11-19T21:20:31","Naumann, David",author,1
"Nelson, Elizabeth A._2025-11-19T21:47:49","Nelson, Elizabeth A.",author,1
"Neumann, Gunnar U._2025-11-19T21:20:31","Neumann, Gunnar U.",author,1
"Nieselt, Kay_2025-11-19T21:37:28","Nieselt, Kay",author,1
"Niinemäe, Helja_2025-11-19T21:16:14","Niinemäe, Helja",author,1
"Nordqvist, Kerkko_2025-11-19T21:48:33","Nordqvist, Kerkko",author,1
"Norman, Paul J_2025-11-19T21:41:26","Norman, Paul J",author,1
"Nymadawa, Pagbajabyn_2025-11-19T21:26:09","Nymadawa, Pagbajabyn",author,1
"Nägele, Kathrin_2025-11-19T21:47:13","Nägele, Kathrin",author,1
"O'Donovan, Edmond_2025-11-19T21:33:49","O'Donovan, Edmond",author,1
"O'Grady, Justin_2025-11-19T21:33:49","O'Grady, Justin",author,1
"Onkamo, Päivi_2025-11-19T21:48:33","Onkamo, Päivi",author,1
"Osipova, Ludmila_2025-11-19T21:26:09","Osipova, Ludmila",author,1
"Palmer, William H_2025-11-19T21:41:26","Palmer, William H",author,1
"Papac, Luka_2025-11-19T21:47:49","Papac, Luka",author,1
"Parik, Jüri_2025-11-19T21:34:22","Parik, Jüri",author,1
"Parker, Cody_2025-11-19T21:47:49","Parker, Cody",author,1
"Peltola, Sanni_2025-11-19T21:48:33","Peltola, Sanni",author,1
"Penske, Sandra_2025-11-19T21:47:49","Penske, Sandra",author,1
"Perkova, Maria A._2025-11-19T21:23:38","Perkova, Maria A.",author,1
"Pfefferkorn, Maria_2025-11-19T21:47:49","Pfefferkorn, Maria",author,1
"Pijpelink, April_2025-11-19T21:17:12","Pijpelink, April",author,1
"Pike, Alistair W G_2025-11-19T21:26:10","Pike, Alistair W G",author,1
"Piontek, Janusz_2025-11-19T21:17:06","Piontek, Janusz",author,1
"Pistacchia, Letizia_2025-11-19T21:18:05","Pistacchia, Letizia",author,1
"Pocheshkhova, Elvira_2025-11-19T21:15:24","Pocheshkhova, Elvira",author,1
"Pomeroy, Emma_2025-11-19T21:35:21","Pomeroy, Emma",author,1
"Ponomarev, Georgy_2025-11-19T21:15:24","Ponomarev, Georgy",author,1
"Price, Mary_2025-11-19T21:15:49","Price, Mary",author,1
"Prokhortchouk, E B_2025-11-19T21:15:42","Prokhortchouk, E B",author,1
"Prüfer, Kay_2025-11-19T21:20:31","Prüfer, Kay",author,1
"Pshenichnov, Andrey_2025-11-19T21:26:24","Pshenichnov, Andrey",author,1
"Puzyrev, Valery_2025-11-19T21:29:49","Puzyrev, Valery",author,1
"Pylev, Vladimir_2025-11-19T21:15:24","Pylev, Vladimir",author,1
"Raynaud, Claude_2025-11-19T21:19:37","Raynaud, Claude",author,1
"Razzak, Maria A._2025-11-19T21:34:22","Razzak, Maria A.",author,1
"Reidla, Maere_2025-11-19T21:26:24","Reidla, Maere",author,1
"Reisberg, Tuuli_2025-11-19T21:34:22","Reisberg, Tuuli",author,1
"Reiter, Ella_2025-11-19T21:41:26","Reiter, Ella",author,1
"Remm, Maido_2025-11-19T21:34:22","Remm, Maido",author,1
"Richardson, Hollian_2025-11-19T21:33:49","Richardson, Hollian",author,1
"Risi, Flavia_2025-11-19T21:18:05","Risi, Flavia",author,1
"Rivollat, Maïté_2025-11-19T21:47:49","Rivollat, Maïté",author,1
"Robb, John E._2025-11-19T21:16:14","Robb, John E.",author,1
"Robinson, Madeline K_2025-11-19T21:41:26","Robinson, Madeline K",author,1
"Roffey, Simon_2025-11-19T21:37:28","Roffey, Simon",author,1
"Rogalla, Urszula_2025-11-19T21:22:39","Rogalla, Urszula",author,1
"Rootsi, Siiri_2025-11-19T21:26:24","Rootsi, Siiri",author,1
"Rose, Alice K._2025-11-19T21:16:14","Rose, Alice K.",author,1
"Rudan, Pavao_2025-11-19T21:26:24","Rudan, Pavao",author,1
"Saag, Lauri_2025-11-19T21:34:22","Saag, Lauri",author,1
"Saag, Lehti_2025-11-19T21:17:12","Saag, Lehti",author,1
"Sabin, Susanna_2025-11-19T21:47:49","Sabin, Susanna",author,1
"Sabitov, Zhaxylyk_2025-11-19T21:39:03","Sabitov, Zhaxylyk",author,1
"Sahakyan, Hovhannes_2025-11-19T21:26:09","Sahakyan, Hovhannes",author,1
"Salaev, Vugar_2025-11-19T21:15:24","Salaev, Vugar",author,1
"Salmela, Elina_2025-11-19T21:48:33","Salmela, Elina",author,1
"Sasso, Stefania_2025-11-19T21:17:12","Sasso, Stefania",author,1
"Sauter, Jürgen_2025-11-19T21:41:26","Sauter, Jürgen",author,1
"Scheib, Christiana L_2025-11-19T21:21:16","Scheib, Christiana L",author,1
"Schimmenti, Vittoria_2025-11-19T21:47:49","Schimmenti, Vittoria",author,1
"Schmidt, Alexander H_2025-11-19T21:41:26","Schmidt, Alexander H",author,1
"Schutkowski, Holger_2025-11-19T21:42:08","Schutkowski, Holger",author,1
"Sedov, Vl V_2025-11-19T21:15:41","Sedov, Vl V",author,1
"Seslavine, A N_2025-11-19T21:15:42","Seslavine, A N",author,1
"Shanko, Andrey_2025-11-19T21:26:24","Shanko, Andrey",author,1
"Sharko, F S_2025-11-19T21:15:41","Sharko, F S",author,1
"Shengelia, Ramaz_2025-11-19T21:20:31","Shengelia, Ramaz",author,1
"Shepherd, Gillian_2025-11-19T21:31:48","Shepherd, Gillian",author,1
"Shirobokov, Ivan G._2025-11-19T21:34:22","Shirobokov, Ivan G.",author,1
"Singh, Pushpendra_2025-11-19T21:37:28","Singh, Pushpendra",author,1
"Sip, Miroslav_2025-11-19T21:23:38","Sip, Miroslav",author,1
"Skonieczna, Katarzyna_2025-11-19T21:22:39","Skonieczna, Katarzyna",author,1
"Skourtanioti, Eirini_2025-11-19T21:20:31","Skourtanioti, Eirini",author,1
"Skryabin, Konstantin_2025-11-19T21:29:49","Skryabin, Konstantin",author,1
"Davidović, Slobodan_2025-11-19T21:22:39",Slobodan Davidovic,author,1
"Smith, Martin J_2025-11-19T21:42:08","Smith, Martin J",author,1
"Solloch, Ute_2025-11-19T21:41:26","Solloch, Ute",author,1
"Solnik, Anu_2025-11-19T21:16:14","Solnik, Anu",author,1
"Sow, Samba O_2025-11-19T21:37:28","Sow, Samba O",author,1
"Spinek, Anna_2025-11-19T21:49:25","Spinek, Anna",author,1
"Spiridonova, Maria_2025-11-19T21:29:49","Spiridonova, Maria",author,1
"Spyrou, Maria A_2025-11-19T21:41:26","Spyrou, Maria A",author,1
"Stadler, Peter_2025-11-19T21:30:04","Stadler, Peter",author,1
"Stahl, Raphaela_2025-11-19T21:47:49","Stahl, Raphaela",author,1
"Stevanović, Milena_2025-11-19T21:22:39","Stevanović, Milena",author,1
"Stewart, Graham R_2025-11-19T21:26:10","Stewart, Graham R",author,1
"Stock, Jay_2025-11-19T21:15:49","Stock, Jay",author,1
"Stockhammer, Philipp W._2025-11-19T21:20:31","Stockhammer, Philipp W.",author,1
"Stolarek, Ireneusz_2025-11-19T21:49:25","Stolarek, Ireneusz",author,1
"Syrovatko, Alexander_2025-11-19T21:49:51","Syrovatko, Alexander",author,1
"Szolek, András_2025-11-19T21:41:26","Szolek, András",author,1
"Tambets, Kristiina_2025-11-19T21:17:12","Tambets, Kristiina",author,1
"Tamm, Erika_2025-11-19T21:26:24","Tamm, Erika",author,1
"Tarlykov, Pavel_2025-11-19T21:39:03","Tarlykov, Pavel",author,1
"Tatarinova, Tatiana V_2025-11-19T21:29:49","Tatarinova, Tatiana V",author,1
"Tavartkiladze, Nino_2025-11-19T21:20:31","Tavartkiladze, Nino",author,1
"Taylor, G Michael_2025-11-19T21:26:10","Taylor, G Michael",author,1
"Tazhigulova, Inkar_2025-11-19T21:39:03","Tazhigulova, Inkar",author,1
"Tejedor-Rodríguez, Cristina_2025-11-19T21:47:49","Tejedor-Rodríguez, Cristina",author,1
"Teslyuk, Anton_2025-11-19T21:29:49","Teslyuk, Anton",author,1
"Thompson, Jess E._2025-11-19T21:16:33","Thompson, Jess E.",author,1
"Topalović, Vladanka_2025-11-19T21:22:39","Topalović, Vladanka",author,1
"Traverso, Luca_2025-11-19T21:16:50","Traverso, Luca",author,1
"Triska, Martin_2025-11-19T21:29:49","Triska, Martin",author,1
"Triska, Petr_2025-11-19T21:29:49","Triska, Petr",author,1
"Trofimova, Natalya_2025-11-19T21:29:49","Trofimova, Natalya",author,1
"Trombetta, Beniamino_2025-11-19T21:18:05","Trombetta, Beniamino",author,1
"Troy, Carmelita_2025-11-19T21:33:49","Troy, Carmelita",author,1
"Tsygankova, Svetlana_2025-11-19T21:29:49","Tsygankova, Svetlana",author,1
"Tucker, Katie_2025-11-19T21:37:28","Tucker, Katie",author,1
"Tukhbatova, Rezeda I._2025-11-19T21:47:49","Tukhbatova, Rezeda I.",author,1
"Turdikulova, Shahlo_2025-11-19T21:26:09","Turdikulova, Shahlo",author,1
"Tushabramishvili, Nikoloz_2025-11-19T21:20:31","Tushabramishvili, Nikoloz",author,1
"Tvaladze, Shota_2025-11-19T21:21:25","Tvaladze, Shota",author,1
"Tyler-Smith, Chris_2025-11-19T21:26:24","Tyler-Smith, Chris",author,1
"Uktveryte, Ingrida_2025-11-19T21:26:24","Uktveryte, Ingrida",author,1
"Stepanov, Vadim_2025-11-19T21:29:49",Vadim Stepanov,author,1
"Vajda, Edward_2025-11-19T21:29:49","Vajda, Edward",author,1
"Valeev, Albert_2025-11-19T21:26:09","Valeev, Albert",author,1
"Valiev, Ruslan_2025-11-19T21:26:09","Valiev, Ruslan",author,1
"Valk, Heiki_2025-11-19T21:17:30","Valk, Heiki",author,1
"Van Damme, Philip_2025-11-19T21:17:12","Van Damme, Philip",author,1
"Van De Vijver, Katrien_2025-11-19T21:17:12","Van De Vijver, Katrien",author,1
"Varul, Liivi_2025-11-19T21:34:22","Varul, Liivi",author,1
"Villalba-Mouco, Vanessa_2025-11-19T21:47:49","Villalba-Mouco, Vanessa",author,1
"Villems, Richard_2025-11-19T21:26:09","Villems, Richard",author,1
"Voevoda, Mikhail_2025-11-19T21:26:09","Voevoda, Mikhail",author,1
"Volkov, V G_2025-11-19T21:15:42","Volkov, Vladimir G",author,1
"Wei, Lan-Hai_2025-11-19T21:39:03","Wei, Lan-Hai",author,1
"Weiß, Rainer_2025-11-19T21:41:26","Weiß, Rainer",author,1
"Wissgott, Antje_2025-11-19T21:47:49","Wissgott, Antje",author,1
"Wohns, Anthony Wilder_2025-11-19T21:16:33","Wohns, Anthony Wilder",author,1
"Wu, Houdini H T_2025-11-19T21:26:10","Wu, Houdini H T",author,1
"Wu, Huihai_2025-11-19T21:33:49","Wu, Huihai",author,1
"Yankovsky, Nick_2025-11-19T21:26:24","Yankovsky, Nick",author,1
"Yepiskoposyan, Levon_2025-11-19T21:26:09","Yepiskoposyan, Levon",author,1
"Yerezhepov, Dauren_2025-11-19T21:39:03","Yerezhepov, Dauren",author,1
"Yunusbayev, Bayazit_2025-11-19T21:26:09","Yunusbayev, Bayazit",author,1
"Zakrzewski, Sonia R._2025-11-19T21:35:21","Zakrzewski, Sonia R.",author,1
"Zaporozhchenko, Valery_2025-11-19T21:26:24","Zaporozhchenko, Valery",author,1
"Zenczak, Michal_2025-11-19T21:49:25","Zenczak, Michal",author,1
"Zhabagin, Maxat_2025-11-19T21:39:03","Zhabagin, Maxat",author,1
"Zholdybayeva, Elena_2025-11-19T21:39:03","Zholdybayeva, Elena",author,1
"Zhur, K V_2025-11-19T21:15:41","Zhur, K V",author,1
"de Gennaro, Luciana_2025-11-19T21:18:05","de Gennaro, Luciana",author,1
"de Lagrán, Íñigo García-Martínez_2025-11-19T21:47:49","de Lagrán, Íñigo García-Martínez",author,1
"Kvakhadze, Levan_2025-11-19T21:21:25",levan kvakhadze,author,1
"van Bömmel, Florian_2025-11-19T21:47:49","van Bömmel, Florian",author,1
"van de Loosdrecht, Marieke S._2025-11-19T21:47:49","van de Loosdrecht, Marieke S.",author,1
69825517c835c41957e00654,Analysis of Genomic DNA from Medieval Plague Victims Suggests Long-Term Effect of Yersinia pestis on Human Immunity Gene,publication,1
69825516c835c41957dfe6a0,Analysis of LCT-13910 genotypes and bone mineral density in ancient skeletal materials,publication,1
69825516c835c41957dfd070,Ancient DNA reveals matrilineal continuity in present-day Poland over the last two millennia,publication,1
69825517c835c41957e00bfc,Ancient Yersinia pestis genomes from across Western Europe reveal early diversification during the First Pandemic (541-7,publication,1
69825517c835c41957dff976,Archaeological supervision work in the outer bailey of Karksi castle = Arheoloogiline järelevalve Karksi ordulinnuse ee,publication,1
69825516c835c41957dfe122,Between Lake Baikal and the Baltic Sea: genomic history of the gateway to Europe,publication,1
69825517c835c41957e01a9e,Beyond Plague Pits: Using Genetics to Identify Responses to Plague in Medieval Cambridgeshire,publication,1
69825516c835c41957dfb9d6,Bioarchaeological and Palynological Studies of Graves from Samshvilde: Diachronic Case for Preliminary Reconstruction of,publication,1
69825516c835c41957dfb917,Bone Adhered Sediments as a Source of Target and Environmental DNA and Proteins,publication,1
69825516c835c41957dfa333,Capturing the fusion of two ancestries and kinship structures in Merovingian Flanders,publication,1
69825516c835c41957dfe66d,"Educating Victorian Children : A Material Culture Perspective from Cambridge, England",publication,1
69825516c835c41957dfd24f,"Genetic Heritage of the Balto-Slavic Speaking Populations: A Synthesis of Autosomal, Mitochondrial and Y-Chromosomal Dat",publication,1
69825517c835c41957e00fc4,Genetic admixture and language shift in the medieval Volga-Oka interfluve,publication,1
69825516c835c41957df9f8a,Genetic history of Cambridgeshire before and after the Black Death,publication,1
69825517c835c41957e01274,Genetic history of East-Central Europe in the first millennium CE,publication,1
69825517c835c41957dff799,Genome-wide comparison of medieval and modern Mycobacterium leprae,publication,1
69825516c835c41957dfe66e,Infant Head Shaping in Eurasia in the First Millennium ad,publication,1
69825516c835c41957dfed7c,"Leprosy at the edge of Europe-Biomolecular, isotopic and osteoarchaeological findings from medieval Ireland",publication,1
69825516c835c41957dfdc8f,"Leprosy in pre-Norman Suffolk, UK: biomolecular and geochemical analysis of the woman from Hoxne",publication,1
69825516c835c41957dfa540,Microcosms of Migration: Children and Early Medieval Population Movement,publication,1
69825516c835c41957dfc52c,Mitochondrial DNA Variability in Bosnians and Slovenians,publication,1
69825516c835c41957dfc48e,"Mitochondrial DNA Variability in the Czech Population, with Application to the Ethnic History of Slavs",publication,1
69825516c835c41957dfbc48,Mitochondrial DNA variability in Russians and Ukrainians: implication to the origin of the Eastern Slavs,publication,1
69825516c835c41957dfda95,Mitochondrial super-haplogroup U diversity in Serbians,publication,1
69825516c835c41957df9ca1,Origins of East Caucasus Gene Pool: Contributions of Autochthonous Bronze Age Populations and Migrations from West Asia ,publication,1
69825516c835c41957dfd174,"Osteological, biomolecular and geochemical examination of an early anglo-saxon case of lepromatous leprosy",publication,1
69825516c835c41957df9e4a,Pathways to the medieval hospital: collective osteobiographies of poverty and charity,publication,1
69825516c835c41957dff1dc,"Sexual dimorphism in diaphyseal cross-sectional shape in the medieval Muslim population of Écija, Spain, and Anglo-Saxo",publication,1
69825517c835c41957e00d4a,Ten millennia of hepatitis B virus evolution,publication,1
69825516c835c41957dfa0ad,Test of the lateral angle method of sex estimation on Anglo-Saxon and medieval archaeological populations with genetical,publication,1
69825516c835c41957dfeefa,The Arrival of Siberian Ancestry Connecting the Eastern Baltic to Uralic Speakers further East,publication,1
69825517c835c41957e0140c,The Forest Zone of East Europe During the Transition Period From the Roman Times to the Early Middle Ages,publication,1
69825516c835c41957df9dc9,The Rurikids: The First Experience of Reconstructing the Genetic Portrait of the Ruling Family of Medieval Rus' Based on,publication,1
69825516c835c41957dfb5b1,"The genetic history of the Southern Caucasus from the Bronze Age to the Early Middle Ages: 5,000 years of genetic contin",publication,1
69825516c835c41957dfd157,The genetic legacy of the expansion of Turkic-speaking nomads across Eurasia,publication,1
69825516c835c41957dfa838,The genomic portrait of the Picene culture provides new insights into the Italic Iron Age and the legacy of the Roman Em,publication,1
69825517c835c41957dffc49,The medieval Mongolian roots of Y-chromosomal lineages from South Kazakhstan,publication,1
69825517c835c41957e0051b,Weapon injuries in the crusader mass graves from a 13th century attack on the port city of Sidon (Lebanon),publication,1
"Achilli, Alessandro_2025-11-19T21:26:04","Achilli, Alessandro",author,2
"Agapov, Danila S._2025-11-19T21:16:51","Agapov, Danila S.",author,2
"Agapov, Sergey A._2025-11-19T21:16:51","Agapov, Sergey A.",author,2
"Ailincăi, Sorin C._2025-11-19T21:16:51","Ailincăi, Sorin C.",author,2
"Akbari, Ali_2025-11-19T21:17:38","Akbari, Ali",author,2
"Amorim, Carlos Eduardo G_2025-11-19T21:32:10","Amorim, Carlos Eduardo G",author,2
"Benazzo, Andrea_2025-11-19T21:23:44",Andrea Benazzo,author,2
"Anthony, David_2025-11-19T21:16:51","Anthony, David",author,2
"Aradi, László E._2025-11-19T21:18:01","Aradi, László E.",author,2
"Bajnóczi, Bernadett_2025-11-19T21:15:57","Bajnóczi, Bernadett",author,2
"Balogh, Csilla_2025-11-19T21:16:50","Balogh, Csilla",author,2
"Barbujani, Guido_2025-11-19T21:21:19","Barbujani, Guido",author,2
"Baricco, Luisella Pejrani_2025-11-19T21:32:10","Baricco, Luisella Pejrani",author,2
"Bauyrzhan, Baitanayev_2025-11-19T21:16:51","Bauyrzhan, Baitanayev",author,2
"Beaupré, Nicolas_2025-11-19T21:49:32","Beaupré, Nicolas",author,2
"Bedini, Elena_2025-11-19T21:26:04","Bedini, Elena",author,2
"Belle, Elise M S_2025-11-19T21:23:44","Belle, Elise M S",author,2
"Beltrami, Cristina_2025-11-19T21:42:32","Beltrami, Cristina",author,2
"Bendő, Zsolt_2025-11-19T21:18:40","Bendő, Zsolt",author,2
"Benedek, András_2025-11-19T21:46:26","Benedek, András",author,2
"Berner, Margit_2025-11-19T21:21:15","Berner, Margit",author,2
"Bernert, Zsolt_2025-11-19T21:15:24","Bernert, Zsolt",author,2
"Berta, Norbert_2025-11-19T21:46:26","Berta, Norbert",author,2
"Bertoldi, Francesca_2025-11-19T21:23:44","Bertoldi, Francesca",author,2
"Blanz, Magdalena_2025-11-19T21:17:54","Blanz, Magdalena",author,2
"Bobo, Dean_2025-11-19T21:32:10","Bobo, Dean",author,2
"Bollók, Ádám_2025-11-19T21:15:57","Bollók, Ádám",author,2
"Borbély, Noémi_2025-11-19T21:18:09","Borbély, Noémi",author,2
"Botalov, Sergei Gennad'evich_2025-11-19T21:23:23","Botalov, Sergei Gennad'evich",author,2
"Brunelli, Andrea_2025-11-19T21:33:50","Brunelli, Andrea",author,2
"Bugrov, Dmitriy G_2025-11-19T21:17:38","Bugrov, Dmitriy G",author,2
"Bódis, Viktória_2025-11-19T21:28:08","Bódis, Viktória",author,2
"Børglum, Anders D_2025-11-19T21:21:19","Børglum, Anders D",author,2
"Bührer-Thierry, Geneviève_2025-11-19T21:18:59","Bührer-Thierry, Geneviève",author,2
"Calafell, Francesc_2026-01-15T08:56:49","Calafell, Francesc",author,2
"Caramelli, David_2025-11-19T21:15:24","Caramelli, David",author,2
"García-Fernández, Carla_2026-01-15T08:56:26",Carla García-Fernandez,author,2
"Carracedo, Ángel_2026-01-15T08:56:38","Carracedo, Ángel",author,2
"Changmai, Piya_2025-11-19T21:16:51","Changmai, Piya",author,2
"Chen, Hao Shan_2025-11-19T21:17:54","Chen, Hao Shan",author,2
"Cheronet, Olivia_2025-11-19T21:17:38","Cheronet, Olivia",author,2
"Vergata, Chiara_2025-11-19T21:33:50",Chiara Vergata,author,2
"Chikunova, Irina_2025-11-19T21:17:38",Chikunova Irina Yu.,author,2
"Childebayeva, Ainash_2025-11-19T21:18:24","Childebayeva, Ainash",author,2
"Chizhevskiy, Andrey A_2025-11-19T21:17:38","Chizhevskiy, Andrey A",author,2
"Ciobanu, Ion_2025-11-19T21:16:51","Ciobanu, Ion",author,2
"Civit, Sergi_2026-01-15T09:01:12","Civit, Sergi",author,2
"Colleran, Heidi_2025-11-19T21:16:50","Colleran, Heidi",author,2
"Constantinescu, Mihai_2025-11-19T21:16:51","Constantinescu, Mihai",author,2
"Csiky, Gergely_2025-11-19T21:46:26","Csiky, Gergely",author,2
"Csáky, Veronika_2025-11-19T21:17:38","Csáky, Veronika",author,2
"Csányi, Marietta_2025-11-19T21:16:51","Csányi, Marietta",author,2
"Czifra, Szabolcs_2025-11-19T21:46:26","Czifra, Szabolcs",author,2
"Dani, János_2025-11-19T21:16:51","Dani, János",author,2
"Danich, Andrey Vasilevich_2025-11-19T21:18:03","Danich, Andrey Vasilevich",author,2
"Dashkovskiy, Peter K._2025-11-19T21:16:51","Dashkovskiy, Peter K.",author,2
"De Nicola, Bruno_2025-11-19T21:17:20","De Nicola, Bruno",author,2
"Degli Esposti, Chiara_2025-11-19T21:42:32","Degli Esposti, Chiara",author,2
"Delledonne, Massimo_2025-11-19T21:42:32","Delledonne, Massimo",author,2
"Di Gaetano, Cornelia_2025-11-19T21:26:04","Di Gaetano, Cornelia",author,2
"Djansugurova, Leyla_2025-11-19T21:18:24","Djansugurova, Leyla",author,2
"Díaz-Carvajal, Antonia_2026-01-15T09:01:14","Díaz-Carvajal, Antonia",author,2
"Dörler, Philipp_2025-11-19T21:26:47","Dörler, Philipp",author,2
"Eggers, Sabine_2025-11-19T21:21:15","Eggers, Sabine",author,2
"Egyed, Balázs_2025-11-19T21:18:03",Egyed Balázs,author,2
"Faifert, Anatoly_2025-11-19T21:16:51","Faifert, Anatoly",author,2
"Farkas, Zoltán_2025-11-19T21:46:26","Farkas, Zoltán",author,2
Fedulov Mikhail I._2025-11-19T21:29:12,Fedulov Mikhail I.,author,2
"Ferrando-Bernal, Manuel_2026-01-15T09:01:10","Ferrando-Bernal, Manuel",author,2
"Flegontov, Pavel N._2025-11-19T21:16:51","Flegontov, Pavel N.",author,2
"Font-Porterias, Neus_2026-01-15T08:56:28","Font-Porterias, Neus",author,2
"Fournier, Romain_2025-11-19T21:16:51","Fournier, Romain",author,2
"Francalacci, Paolo_2025-11-19T21:15:24","Francalacci, Paolo",author,2
"Frînculeasa, Alin_2025-11-19T21:16:51","Frînculeasa, Alin",author,2
"Frînculeasa, Mădălina N._2025-11-19T21:16:51","Frînculeasa, Mădălina N.",author,2
"Férec, Claude_2026-01-15T08:56:31","Férec, Claude",author,2
"Garipzanov, Ildar H._2025-11-19T21:17:20","Garipzanov, Ildar H.",author,2
"Gazimzyanov, Ilgizar R_2025-11-19T21:17:38","Gazimzyanov, Ilgizar R",author,2
"Geary, Patrick J._2025-11-19T21:15:24","Geary, Patrick J.",author,2
"Gelabert, Pere_2025-11-19T21:17:54","Gelabert, Pere",author,2
"Gelichi, Sauro_2025-11-19T21:18:54","Gelichi, Sauro",author,2
Gerasimov YuV._2025-11-19T21:20:26,Gerasimov YuV.,author,2
"Gerber, Dániel_2025-11-19T21:18:03","Gerber, Dániel",author,2
"Giostra, Caterina_2025-11-19T21:15:24","Giostra, Caterina",author,2
"Gnecchi-Ruscone, Guido Alberto_2025-11-19T21:16:50","Gnecchi-Ruscone, Guido Alberto",author,2
"Goldina, Rimma Dmitrievna_2025-11-19T21:18:03","Goldina, Rimma Dmitrievna",author,2
"Grudochko, Ivan Valer'evich_2025-11-19T21:23:23","Grudochko, Ivan Valer'evich",author,2
"Guimaraes, Silvia_2025-11-19T21:23:44","Guimaraes, Silvia",author,2
"Gyuris, Balázs_2025-11-19T21:17:38","Gyuris, Balázs",author,2
"Haagerup, Annette_2025-11-19T21:21:19","Haagerup, Annette",author,2
"Hajdu, Tamás_2025-11-19T21:15:24","Hajdu, Tamás",author,2
"Hajnal, Zsuzsanna_2025-11-19T21:18:24","Hajnal, Zsuzsanna",author,2
"Hartl, Ingrid_2025-11-19T21:18:37","Hartl, Ingrid",author,2
"Hofmanová, Zuzana_2025-11-19T21:15:24","Hofmanová, Zuzana",author,2
"Horváth, Eszter_2025-11-19T21:18:01","Horváth, Eszter",author,2
"Huang, Yilei_2025-11-19T21:18:24","Huang, Yilei",author,2
"Hága, Tamara_2025-11-19T21:46:26","Hága, Tamara",author,2
"Iadarola, Barbara_2025-11-19T21:42:32","Iadarola, Barbara",author,2
"Illescas, María José_2026-01-15T08:56:29","Illescas, María José",author,2
"Ivanova-Bieg, Maria_2025-11-19T21:17:54","Ivanova-Bieg, Maria",author,2
"Jakab, Kristóf_2025-11-19T21:18:09","Jakab, Kristóf",author,2
Jancsik B._2025-11-19T21:48:48,Jancsik B.,author,2
"Jarosz, Paweł_2025-11-19T21:16:51","Jarosz, Paweł",author,2
"Jensen, Peter K A_2025-11-19T21:21:19","Jensen, Peter K A",author,2
"Jeong, Choongwon_2025-11-19T21:18:24","Jeong, Choongwon",author,2
"Jiménez-Moreno, Susana_2026-01-15T08:56:33","Jiménez-Moreno, Susana",author,2
"Johnson, Stephen M._2025-11-19T21:48:37","Johnson, Stephen M.",author,2
"Jászberényi, Mónika_2025-11-19T21:46:26","Jászberényi, Mónika",author,2
"Jégou, Laurent_2025-11-19T21:19:40","Jégou, Laurent",author,2
"Kaňáková, Ludmila_2025-11-19T21:48:37","Kaňáková, Ludmila",author,2
"Khokhlov, Aleksandr A._2025-11-19T21:21:24","Khokhlov, Aleksandr A.",author,2
"Kirginekov, Eduard N._2025-11-19T21:16:51","Kirginekov, Eduard N.",author,2
"Kisjuhász, Viktória_2025-11-19T21:46:26","Kisjuhász, Viktória",author,2
"Kiss, Krisztián_2025-11-19T21:18:09","Kiss, Krisztián",author,2
"Kiss, Viktória_2025-11-19T21:16:51","Kiss, Viktória",author,2
"Kitova, Alexandera_2025-11-19T21:16:51","Kitova, Alexandera",author,2
"Kiyashko, Alexeiy V._2025-11-19T21:16:51","Kiyashko, Alexeiy V.",author,2
"Klostermann, Paul_2025-11-19T21:21:15","Klostermann, Paul",author,2
"Kochkina, Anna F._2025-11-19T21:47:49","Kochkina, Anna F.",author,2
"Koledin, Jovan_2025-11-19T21:16:51","Koledin, Jovan",author,2
"Kolonskikh, Aleksandr G_2025-11-19T21:17:38","Kolonskikh, Aleksandr G",author,2
"Kolozsi, Barbara_2025-11-19T21:46:26","Kolozsi, Barbara",author,2
"Komar, Oleksii_2025-11-19T21:17:38","Komar, Oleksii",author,2
"Koncz, István_2025-11-19T21:15:24","Koncz, István",author,2
"Korolev, Arkady_2025-11-19T21:16:51","Korolev, Arkady",author,2
Korusenko M.A._2025-11-19T21:20:26,Korusenko M.A.,author,2
"Kovacsóczy, Bernadett Ny_2025-11-19T21:46:26","Kovacsóczy, Bernadett Ny",author,2
"Krasnoperov, Alexander A_2025-11-19T21:17:38","Krasnoperov, Alexander A",author,2
"Krause, Johannes_2025-11-19T21:16:50","Krause, Johannes",author,2
"Kulcsár, Gabriella_2025-11-19T21:16:51","Kulcsár, Gabriella",author,2
"Kuznetsov, Pavel_2025-11-19T21:16:51","Kuznetsov, Pavel",author,2
"Köhler, Kitti_2025-11-19T21:28:08","Köhler, Kitti",author,2
"La Rocca, Maria Cristina_2025-11-19T21:22:44","La Rocca, Maria Cristina",author,2
"Lagonik, Elias_2025-11-19T21:48:37","Lagonik, Elias",author,2
"Lalueza-Fox, Carles_2025-11-19T21:26:04","Lalueza-Fox, Carles",author,2
"Lamassé, Stéphane_2025-11-19T21:19:47","Lamassé, Stéphane",author,2
"Lancioni, Hovirag_2025-11-19T21:26:04","Lancioni, Hovirag",author,2
"Langó, Péter_2025-11-19T21:17:38","Langó, Péter",author,2
"Latella, Leonardo_2025-11-19T21:42:32","Latella, Leonardo",author,2
"Lavezzari, Denise_2025-11-19T21:42:32","Lavezzari, Denise",author,2
"Lee, Juhyeon_2025-11-19T21:18:24","Lee, Juhyeon",author,2
"Lewis, Mary_2025-11-19T21:21:15","Lewis, Mary",author,2
"Lezsák, Gabriella M._2025-11-19T21:46:26","Lezsák, Gabriella M.",author,2
"Liccardo, Salvatore_2025-11-19T21:16:50","Liccardo, Salvatore",author,2
"Lippi, Barbara_2025-11-19T21:23:44","Lippi, Barbara",author,2
"Llamas, Bastien_2025-11-19T21:16:37","Llamas, Bastien",author,2
"Loskotová, Zuzana_2025-11-19T21:33:50","Loskotová, Zuzana",author,2
"Líbor, Csilla_2025-11-19T21:18:09","Líbor, Csilla",author,2
"Löhr, Nadine_2025-11-19T21:18:37","Löhr, Nadine",author,2
"M. de Pancorbo, Marian_2025-11-19T21:15:52","M. de Pancorbo, Marian",author,2
"Madsen, Bo_2025-11-19T21:21:19","Madsen, Bo",author,2
"Magomedov, Rabadan_2025-11-19T21:16:51","Magomedov, Rabadan",author,2
"Major, Péter_2025-11-19T21:46:26","Major, Péter",author,2
"Malikovich, Mamedov Aslan_2025-11-19T21:16:51","Malikovich, Mamedov Aslan",author,2
"Mallegni, Francesco_2025-11-19T21:23:44","Mallegni, Francesco",author,2
"Mallick, Swapan_2025-11-19T21:15:52","Mallick, Swapan",author,2
"Lari, Martina_2025-11-19T21:15:24",Martina Lari,author,2
"Martínez-Jarreta, Begoña_2026-01-15T08:56:34","Martínez-Jarreta, Begoña",author,2
"Matas-Lalueza, Laura_2025-11-19T21:26:04","Matas-Lalueza, Laura",author,2
"Mateovics-László, Orsolya_2025-11-19T21:18:24","Mateovics-László, Orsolya",author,2
"Matullo, Giuseppe_2025-11-19T21:26:04","Matullo, Giuseppe",author,2
"Matveeva, Natalia Petrovna_2025-11-19T21:18:03","Matveeva, Natalia Petrovna",author,2
"Melis, Eszter_2025-11-19T21:16:51","Melis, Eszter",author,2
"Mende, Balázs Gusztáv_2025-11-19T21:15:24","Mende, Balázs Gusztáv",author,2
"Mező, György_2025-11-19T21:18:09","Mező, György",author,2
"Milani, Lucio_2025-11-19T21:23:44","Milani, Lucio",author,2
"Miller, Bryan_2025-11-19T21:18:24","Miller, Bryan",author,2
"Modi, Alessandra_2025-11-19T21:15:24","Modi, Alessandra",author,2
"Monge, Janet_2025-11-19T21:16:51","Monge, Janet",author,2
"Morawiec, Jakub_2025-11-19T21:17:31","Morawiec, Jakub",author,2
"Morcillo-Suarez, Carlos_2026-01-15T09:01:11","Morcillo-Suarez, Carlos",author,2
"Myzgin, Kyrylo_2025-11-19T21:51:04","Myzgin, Kyrylo",author,2
"Mácsai, Viktor_2025-11-19T21:16:50","Mácsai, Viktor",author,2
"Mészáros, Boglárka_2025-11-19T21:18:24","Mészáros, Boglárka",author,2
"Nagy, Melinda_2025-11-19T21:28:08","Nagy, Melinda",author,2
"Napione, Ettore_2025-11-19T21:42:32","Napione, Ettore",author,2
"Negrea, Octav_2025-11-19T21:16:51","Negrea, Octav",author,2
"Oberreiter, Victoria_2025-11-19T21:17:54","Oberreiter, Victoria",author,2
"Olivieri, Anna_2025-11-19T21:26:04","Olivieri, Anna",author,2
"Ollich-Castanyer, Imma_2026-01-15T09:01:15","Ollich-Castanyer, Imma",author,2
Paku Sándor_2025-11-19T21:20:25,Paku Sándor,author,2
"Pany-Kucera, Doris_2025-11-19T21:21:15","Pany-Kucera, Doris",author,2
"Patterson, Nick_2025-11-19T21:16:51","Patterson, Nick",author,2
"Rykun, Marina P_2025-11-19T21:17:38",Pavel Flegontov,author,2
"Pecchioli, Elena_2025-11-19T21:23:44","Pecchioli, Elena",author,2
"Petkes, Zsolt_2025-11-19T21:18:09","Petkes, Zsolt",author,2
"Piazza, Alberto_2025-11-19T21:26:04","Piazza, Alberto",author,2
"Pilli, Elena_2025-11-19T21:23:44","Pilli, Elena",author,2
"Pinhasi, Ron_2025-11-19T21:17:38","Pinhasi, Ron",author,2
"Pinheiro, Maria Fátima_2026-01-15T08:56:36","Pinheiro, Maria Fátima",author,2
"Pohl, Walter_2025-11-19T21:15:24","Pohl, Walter",author,2
"Popli, Divyaratan_2025-11-19T21:16:50","Popli, Divyaratan",author,2
"Poshekhonova, Olga E_2025-11-19T21:17:38","Poshekhonova, Olga E",author,2
"Radzevičiūtė, Rita_2025-11-19T21:15:24","Radzevičiūtė, Rita",author,2
"Ramirez, Oscar_2025-11-19T21:26:04","Ramirez, Oscar",author,2
"Reich, David_2025-11-19T21:17:38","Reich, David",author,2
"Ringbauer, Harald_2025-11-19T21:16:51","Ringbauer, Harald",author,2
"Rizzi, Ermanno_2025-11-19T21:26:04","Rizzi, Ermanno",author,2
"Rodinkova, Vlasta_2025-11-19T21:51:04","Rodinkova, Vlasta",author,2
"Rohland, Nadin_2025-11-19T21:15:52","Rohland, Nadin",author,2
"Rohrlach, Adam B._2025-11-19T21:47:49","Rohrlach, Adam B.",author,2
"Rossato, Marzia_2025-11-19T21:42:32","Rossato, Marzia",author,2
"Rouault, Karen_2026-01-15T08:56:32","Rouault, Karen",author,2
"Ruslanova, Rida R_2025-11-19T21:17:38","Ruslanova, Rida R",author,2
"Rácz, Piroska_2025-11-19T21:18:09","Rácz, Piroska",author,2
"Rácz, Tibor Ákos_2025-11-19T21:46:26","Rácz, Tibor Ákos",author,2
"Rácz, Zsófia_2025-11-19T21:16:50","Rácz, Zsófia",author,2
"Salviati, Alessandro_2025-11-19T21:42:32","Salviati, Alessandro",author,2
"Samashev, Zainolla_2025-11-19T21:18:24","Samashev, Zainolla",author,2
"Savelyev, Alexander_2025-11-19T21:47:12","Savelyev, Alexander",author,2
"Schulz, Ilektra_2025-11-19T21:48:37","Schulz, Ilektra",author,2
"Shishlina, Natalia I._2025-11-19T21:16:51","Shishlina, Natalia I.",author,2
"Ghirotto, Silvia_2025-11-19T21:23:44",Silvia Ghirotto,author,2
Sleptsova A.V._2025-11-19T21:20:26,Sleptsova A.V.,author,2
"Sleptsova, Anastasiia Viktorovna_2025-11-19T21:18:03","Sleptsova, Anastasiia Viktorovna",author,2
"Slámová, Alena_2025-11-19T21:48:37","Slámová, Alena",author,2
"Solé-Morata, Neus_2026-01-15T08:56:24","Solé-Morata, Neus",author,2
"Stashenkov, Dmitrii A_2025-11-19T21:17:38","Stashenkov, Dmitrii A",author,2
"Straub, Péter_2025-11-19T21:15:24","Straub, Péter",author,2
"Stégmár, Balázs_2025-11-19T21:18:03","Stégmár, Balázs",author,2
"Sungatov, Flarit_2025-11-19T21:17:38","Sungatov, Flarit",author,2
"Susca, Roberta Rosa_2025-11-19T21:33:50","Susca, Roberta Rosa",author,2
"Szeifert, Bea_2025-11-19T21:17:38","Szeifert, Bea",author,2
"Szelekovszky, Márta_2025-11-19T21:46:26","Szelekovszky, Márta",author,2
"Szécsényi-Nagy, Anna_2025-11-19T21:16:50","Szécsényi-Nagy, Anna",author,2
"Szücsi, Frigyes_2025-11-19T21:18:09","Szücsi, Frigyes",author,2
"Szőke, Béla Miklós_2025-11-19T21:18:09","Szőke, Béla Miklós",author,2
"Szeniczey, Tamás_2025-11-19T21:15:24",Tamás Szeniczey,author,2
"Tassi, Francesca_2025-11-19T21:26:04","Tassi, Francesca",author,2
Tatyana B. Nikitina_2025-11-19T21:20:27,Tatyana B. Nikitina,author,2
"Tian, Yijie_2025-11-19T21:15:24","Tian, Yijie",author,2
"Tobias, Bendeguz_2025-11-19T21:21:15","Tobias, Bendeguz",author,2
"Topa, Boglárka_2025-11-19T21:18:01","Topa, Boglárka",author,2
"Torroni, Antonio_2025-11-19T21:26:04","Torroni, Antonio",author,2
Tretyakov Evgeny A._2025-11-19T21:16:27,Tretyakov Evgeny A.,author,2
"Tutkovics, Eszter K._2025-11-19T21:46:26","Tutkovics, Eszter K.",author,2
"Tárnoki, Judit_2025-11-19T21:46:26","Tárnoki, Judit",author,2
"Tóth, Zoltán_2025-11-19T21:46:26","Tóth, Zoltán",author,2
"Tömöry, Gyöngyvér_2025-11-19T21:28:08","Tömöry, Gyöngyvér",author,2
"Türk, Attila_2025-11-19T21:17:38","Türk, Attila",author,2
"Urbańczyk, Przemysław_2025-11-19T21:17:31","Urbańczyk, Przemysław",author,2
"Vai, Stefania_2025-11-19T21:15:24","Vai, Stefania",author,2
"Valverde, Laura_2026-01-15T08:56:30","Valverde, Laura",author,2
"Valverde, Sergi_2026-01-15T09:01:22","Valverde, Sergi",author,2
"Veeramah, Krishna R._2025-11-19T21:15:24","Veeramah, Krishna R.",author,2
"Vernesi, Cristiano_2025-11-19T21:21:19","Vernesi, Cristiano",author,2
"Vida, Tivadar_2025-11-19T21:15:24","Vida, Tivadar",author,2
"Villaescusa, Patricia_2026-01-15T08:56:25","Villaescusa, Patricia",author,2
"Visković, Eduard_2025-11-19T21:17:54","Visković, Eduard",author,2
"Volkova, Elizaveta V_2025-11-19T21:17:38","Volkova, Elizaveta V",author,2
Vorobeva Elena E._2025-11-19T21:29:12,Vorobeva Elena E.,author,2
"Vyas, Deven N._2025-11-19T21:15:24","Vyas, Deven N.",author,2
Vyazov Leonid A._2025-11-19T21:36:32,Vyazov Leonid A.,author,2
"Váczi, Tamás_2025-11-19T21:18:40","Váczi, Tamás",author,2
"Wabnitz, Sandra_2025-11-19T21:16:50","Wabnitz, Sandra",author,2
"Wang, Ke_2025-11-19T21:16:50","Wang, Ke",author,2
"Wegmann, Daniel_2025-11-19T21:34:28","Wegmann, Daniel",author,2
Wilhelm Ákos S._2025-11-19T21:20:25,Wilhelm Ákos S.,author,2
"Winger, Daniel_2025-11-19T21:32:10","Winger, Daniel",author,2
"Zagorc, Brina_2025-11-19T21:17:54","Zagorc, Brina",author,2
"Zaro, Valentina_2025-11-19T21:42:32","Zaro, Valentina",author,2
"Zarrabeitia, María T_2026-01-15T08:56:37","Zarrabeitia, María T",author,2
Zdor M.Yu_2025-11-19T21:20:26,Zdor M.Yu,author,2
"Zelenkov, Alexander Sergejevich_2025-11-19T21:18:03","Zelenkov, Alexander Sergejevich",author,2
"Zlámalová, Denisa_2025-11-19T21:16:50","Zlámalová, Denisa",author,2
"Zornetta, Giulia_2025-11-19T21:22:44","Zornetta, Giulia",author,2
"Zubov, Sergei_2025-11-19T21:17:38","Zubov, Sergei",author,2
"de-Dios, Toni_2025-11-19T21:21:16","de-Dios, Toni",author,2
"Évinger, Sándor_2025-11-19T21:15:24","Évinger, Sándor",author,2
"Ódor, János Gábor_2025-11-19T21:46:26","Ódor, János Gábor",author,2
69825516c835c41957dfed83,A genetic perspective on Longobard-Era migrations,publication,2
69825517c835c41957e019f9,Analysis of the R1b-DF27 haplogroup shows that a large fraction of Iberian Y-chromosome lineages originated recently in ,publication,2
69825516c835c41957dfa8a4,Ancient genomes reveal Avar-Hungarian transformations in the 9th-10th centuries CE Carpathian Basin,publication,2
69825517c835c41957e00a2c,Ancient genomes reveal origin and rapid trans-Eurasian migration of 7th century Avar elites,publication,2
69825516c835c41957dfa9e8,Ancient genomes reveal trans-Eurasian connections between the European Huns and the Xiongnu Empire,publication,2
69825517c835c41957e012da,Aux origines d'une Europe ethnique: Transformations d'identités entre Antiquité et Moyen Âge,publication,2
69825516c835c41957dfa738,"Bioarchaeological Perspectives on Late Antiquity in Dalmatia: Paleogenetic, Dietary, and Population Studies of the Hvar—",publication,2
69825516c835c41957dfb940,"Bioarcheological Perspectives on the Timing of Adolescence in Rural Avar‐Age Austria, 7th–9th Centuries ce",publication,2
69825516c835c41957dfa507,Building the Legend of the Battle of Svoldr,publication,2
69825516c835c41957dfab5b,"Byzantine polychromy at its finest: art, craft and aesthetics of the noblest Avar period jewel reconstructed",publication,2
69825516c835c41957dfb53e,Changes in Archery Equipment in Eastern Europe of the IX-X Centuries According to Experimental Archaeology. Further Pers,publication,2
69825516c835c41957dfb54a,Complexes of the Migration period in the Alekseevka-51a kurgan cemetery (Omsk Irtysh region),publication,2
69825516c835c41957dfb17c,Construction des pouvoirs et formation des espaces sacrés : le paradoxe de l'immunité. Autour de Negotiating Space,publication,2
69825516c835c41957dfa813,Cultural and Population Dynamics in the Ural Region: Insights into the Early Medieval Magyar Formation from Recent Archa,publication,2
69825517c835c41957e011ac,Early medieval genetic data from Ural region evaluated in the light of archaeological evidence of ancient Hungarians,publication,2
69825517c835c41957e00bf1,Early nomads of the Eastern Steppe and their tentative connections in the West,publication,2
69825516c835c41957df9c99,Fine-scale sampling uncovers the complexity of migrations in 5th-6th century Pannonia,publication,2
69825517c835c41957dff4bf,For the Anniversary of Dmitry Alekseevich Stashenkov,publication,2
69825516c835c41957dfc519,"Genealogical discontinuities among Etruscan, Medieval, and contemporary Tuscans",publication,2
69825516c835c41957dfd0fc,Genealogical relationships between early medieval and modern inhabitants of Piedmont,publication,2
69825516c835c41957dfb915,Growing up Avar: Osteological and Historical Evidence on the Transition into Adulthood in the Avar Empire and the Plasti,publication,2
69825517c835c41957e01139,"Integrating Genetic, Archaeological, and Historical Perspectives on Eastern Central Europe, 400-900 AD",publication,2
69825516c835c41957dfe2af,"Introduction: Gentes, Gentile Identity, and State Formation in Early Medieval Europe Identities and State Formation in E",publication,2
69825516c835c41957dfd3ed,Isidore and the gens Gothorum,publication,2
69825516c835c41957dfdd74,Jewelry from the Anatkasi Burial Ground: Towards Cultural Attribution of the Site,publication,2
69825516c835c41957dfa9b8,"Les actes diplomatiques, instrument d’analyse des réseaux épiscopaux dans le monde franc (viie-milieu xie siècle)",publication,2
69825516c835c41957dfa0c6,Lieux et espaces des communautés (VIème-XIème siècles),publication,2
69825516c835c41957dfa5a4,Long shared haplotypes identify the Southern Urals as a primary source for the 10th century Hungarians,publication,2
69825516c835c41957dfb9af,Long shared haplotypes identify the southern Urals as a primary source for the 10th-century Hungarians,publication,2
69825517c835c41957e01a78,Mapping co-ancestry connections between the genome of a Medieval individual and modern Europeans,publication,2
69825516c835c41957dfd8e7,Maternal Genetic Ancestry and Legacy of 10(th) Century AD Hungarians,publication,2
69825516c835c41957dfa160,Network of large pedigrees reveals social practices of Avar communities,publication,2
69825516c835c41957dfb966,No signature of Y chromosomal resemblance between possible descendants of the Cimbri in Denmark and Northern Italy,publication,2
69825516c835c41957dfabe1,Persian Books from Mongol Baghdad: A Survey of Manuscript Evidence,publication,2
69825516c835c41957dfa7db,Production perspectives of a high-status polychrome jewellery set from the Hunnic period (mid-5th century AD) Carpathian,publication,2
69825516c835c41957dfa059,Products of «Hungarian Style» from Archaeological Sites of the Trans-Urals: artifacts and context,publication,2
69825516c835c41957dfc080,"Quanto erano ""longobardi"" i longobardi meridionali? : sepolcreti e pratiche funerarie nel ducato di Benevento (secoli VI",publication,2
69825517c835c41957e01001,Runes from Lány (Czech Republic) - The oldest inscription among Slavs. A new standard for multidisciplinary analysis of ,publication,2
69825517c835c41957e010a7,Sabretache from Burial 8 of the Krasnogorsk Burial Ground. Historical Aspect,publication,2
69825516c835c41957dfa168,The Genetic Origin of the Indo-Europeans,publication,2
69825516c835c41957dfab35,The Mongols’ Baghdad: Knowledge Transmission through Manuscript Cultures before and after the Conquest – Introduction,publication,2
69825517c835c41957e0189b,The Steppes and Forest-Steppe of East Europe During the Transition Period From the Roman Time to the Early Middle Ages,publication,2
69825516c835c41957dfef0f,The population of the Lower Tobol river in the transition period from the Early Iron Age to the Middle Ages according to,publication,2
69825516c835c41957df9e8b,Tracing the road of elephant ivory at the end of Late Antiquity – Archaeometric analysis of ivory artefacts from the 6th,publication,2
69825516c835c41957dfe795,Understanding 6th-century barbarian social organization and migration through paleogenomics,publication,2
69825517c835c41957e00648,Whole-exome sequencing of the mummified remains of Cangrande della Scala (1291-1329 CE) indicates the first known case o,publication,2
"Alessio, S._2025-11-19T21:20:51","Alessio, S.",author,3
"Piermattei, Alma_2025-11-19T21:15:51",Alma Piermattei,author,3
"Anchukaitis, Kevin J._2025-11-19T21:28:48","Anchukaitis, Kevin J.",author,3
"Arosio, Tito_2025-11-19T21:15:51","Arosio, Tito",author,3
"Arseneault, Dominique_2025-11-19T21:22:42","Arseneault, Dominique",author,3
"Baillie, Mike_2025-11-19T21:22:42","Baillie, Mike",author,3
"Baittinger, Claudia_2025-11-19T21:22:22","Baittinger, Claudia",author,3
"Baker, Andy_2025-11-19T21:26:12","Baker, Andy",author,3
"Barclay, David_2025-11-19T21:22:42","Barclay, David",author,3
"Bartholin, Thomas S._2025-11-19T21:26:35","Bartholin, Thomas S.",author,3
"Bebchuk, Tatiana_2025-11-19T21:15:51","Bebchuk, Tatiana",author,3
"Belingard, Christelle_2025-11-19T21:22:22","Belingard, Christelle",author,3
"Bernabei, Mauro_2025-11-19T21:17:37","Bernabei, Mauro",author,3
"Björklund, Jesper_2025-11-19T21:49:26","Björklund, Jesper",author,3
"Bntgen, U._2025-11-19T21:25:52","Bntgen, U.",author,3
"Bonde, Niels_2025-11-19T21:22:22","Bonde, Niels",author,3
"Bontadi, Jarno_2025-11-19T21:17:37","Bontadi, Jarno",author,3
"Borghaerts, Paul_2025-11-19T21:22:22","Borghaerts, Paul",author,3
"Boswijk, Gretel_2025-11-19T21:22:42","Boswijk, Gretel",author,3
"Boucher, Étienne_2025-11-19T21:38:55","Boucher, Étienne",author,3
"Briffa, Keith R._2025-11-19T21:26:48","Briffa, Keith R.",author,3
"Brown, David_2025-11-19T21:15:51","Brown, David",author,3
"Büntgen, Ulf_2025-11-19T21:15:51","Büntgen, Ulf",author,3
"Camarero, J. Julio_2025-11-19T21:28:47","Camarero, J. Julio",author,3
"Carrer, Marco_2025-11-19T21:49:26","Carrer, Marco",author,3
"Castro-Priego, Manuel_2025-11-19T21:17:24","Castro-Priego, Manuel",author,3
"Chen, D._2025-11-27T19:23:43","Chen, D.",author,3
"Cherubini, Paolo_2025-11-19T21:28:47","Cherubini, Paolo",author,3
"Chlebus, Ewa_2025-11-19T21:21:24","Chlebus, Ewa",author,3
"Christensen, Arne Emil_2025-11-19T21:16:17","Christensen, Arne Emil",author,3
"Christie, Duncan A._2025-11-19T21:22:42","Christie, Duncan A.",author,3
"Churakova (Sidorova), Olga V._2025-11-19T21:38:55","Churakova (Sidorova), Olga V.",author,3
"Collet, Dominik_2025-11-19T21:16:11","Collet, Dominik",author,3
"Cook, Edward_2025-11-19T21:26:48","Cook, Edward",author,3
"Cook, Edward R._2025-11-19T21:22:42","Cook, Edward R.",author,3
"Cosmo, Nicola Di_2025-11-19T21:17:29","Cosmo, Nicola Di",author,3
"Couturier, Yann_2025-11-19T21:22:22","Couturier, Yann",author,3
"Crivellaro, Alan_2025-11-19T21:15:51","Crivellaro, Alan",author,3
"Crone, Anne_2025-11-19T21:17:09","Crone, Anne",author,3
"D'Arrigo, Rosanne_2025-11-19T21:22:42","D'Arrigo, Rosanne",author,3
"DÜTHORN, ELISABETH_2025-11-19T21:25:50","DÜTHORN, ELISABETH",author,3
"Davi, Nicole_2025-11-19T21:22:42","Davi, Nicole",author,3
"Diarte-Blasco, Pilar_2025-11-19T21:17:24","Diarte-Blasco, Pilar",author,3
"Diethelm, Barbara_2025-11-19T21:32:25","Diethelm, Barbara",author,3
"Doeve, Petra_2025-11-19T21:22:22","Doeve, Petra",author,3
"Domínguez-Delmás, Marta_2025-11-19T21:22:22","Domínguez-Delmás, Marta",author,3
"Edouard, Jean-Louis_2025-11-19T21:22:22","Edouard, Jean-Louis",author,3
"Enciso, Lauro Olmo_2025-11-19T21:48:17","Enciso, Lauro Olmo",author,3
"Eronen, M._2025-11-19T21:25:08","Eronen, M.",author,3
"Esper, Jan_2025-11-19T21:15:51","Esper, Jan",author,3
"Eyub, Eyub Fikrit_2025-11-19T21:48:17","Eyub, Eyub Fikrit",author,3
"Farahat, Emad_2025-11-19T21:25:49","Farahat, Emad",author,3
"Fawcett, Richard_2025-11-19T21:17:09","Fawcett, Richard",author,3
"Foley, Brendan_2025-11-19T21:17:28","Foley, Brendan",author,3
"Fonti, Marina V_2025-11-19T21:49:26","Fonti, Marina V",author,3
"Fonti, Patrick_2025-11-19T21:22:42","Fonti, Patrick",author,3
"Frank, Dave_2025-11-19T21:26:48","Frank, Dave",author,3
"Frank, David_2025-11-19T21:20:52","Frank, David",author,3
"Frank, David C._2025-11-19T21:25:40","Frank, David C.",author,3
"Frank, Thomas_2025-11-19T21:22:22","Frank, Thomas",author,3
"Friedrich, Ronny_2025-11-19T21:15:51","Friedrich, Ronny",author,3
"Fuentes, Mauricio_2025-11-19T21:25:49","Fuentes, Mauricio",author,3
"Gärtner, Holger_2025-11-19T21:28:47","Gärtner, Holger",author,3
"Gennaretti, Fabio_2025-11-19T21:38:55","Gennaretti, Fabio",author,3
"George, Scott St_2025-11-19T21:37:14","George, Scott St",author,3
"Ghil, M._2025-11-19T21:20:51","Ghil, M.",author,3
"Gibbard, Philip_2025-11-19T21:15:51","Gibbard, Philip",author,3
"Ginzler, Christian_2025-11-19T21:22:22","Ginzler, Christian",author,3
"Gmińska-Nowak, Barbara_2025-11-19T21:21:24","Gmińska-Nowak, Barbara",author,3
"Goosse, Hugues_2025-11-19T21:49:26","Goosse, Hugues",author,3
"Grabner, Michael_2025-11-19T21:22:22","Grabner, Michael",author,3
"Graham, Nicholas E._2025-11-19T21:20:52","Graham, Nicholas E.",author,3
"Greaves, Ciara_2025-11-19T21:22:42","Greaves, Ciara",author,3
"Grudd, Håkan_2025-11-19T21:47:34","Grudd, Håkan",author,3
"Gschwind, Friederike M._2025-11-19T21:22:22","Gschwind, Friederike M.",author,3
"Guillet, Sébastien_2025-11-19T21:18:20","Guillet, Sébastien",author,3
"Gullbrandsson, Robin_2025-11-19T21:16:23","Gullbrandsson, Robin",author,3
"Gunnarson, Björn E_2025-11-19T21:47:34","Gunnarson, Björn E",author,3
"Hakelberg, Dietrich_2025-11-19T21:38:07","Hakelberg, Dietrich",author,3
"Hallgren, Mattias_2025-11-19T21:16:23","Hallgren, Mattias",author,3
"Hangartner, S._2025-11-19T21:25:52","Hangartner, S.",author,3
"Hansson, Anton_2025-11-19T21:17:28","Hansson, Anton",author,3
"Hantemirov, Rashit M._2025-11-19T21:22:42","Hantemirov, Rashit M.",author,3
"Hegerl, Gabi_2025-11-19T21:26:48","Hegerl, Gabi",author,3
"Helama, Samuli_2025-11-19T21:20:40","Helama, Samuli",author,3
"Henning, Joachim_2025-11-19T21:27:02","Henning, Joachim",author,3
"Heussner, Karl-Uwe_2025-11-19T21:21:24","Heussner, Karl-Uwe",author,3
"Hofmann, Jutta_2025-11-19T21:22:22","Hofmann, Jutta",author,3
"Holopainen, J._2025-11-27T19:23:43","Holopainen, J.",author,3
"Houbrechts, David_2025-11-19T21:22:22","Houbrechts, David",author,3
"Hughes, Malcolm K._2025-11-19T21:20:52","Hughes, Malcolm K.",author,3
"Jalkanen, Risto_2025-11-19T21:28:55","Jalkanen, Risto",author,3
"Kaczka, Ryszard J._2025-11-19T21:22:22","Kaczka, Ryszard J.",author,3
"Kaplan, Jed O_2025-11-19T21:28:51","Kaplan, Jed O",author,3
"Kelly, Bryce F J_2025-11-19T21:26:12","Kelly, Bryce F J",author,3
"Kirdyanov, Alexander V._2025-11-19T21:15:51","Kirdyanov, Alexander V.",author,3
"Klesse, Stefan_2025-11-19T21:26:48","Klesse, Stefan",author,3
"Klippel, Lara_2025-11-19T21:38:55","Klippel, Lara",author,3
"Kolstrèom, Taneli_2025-11-19T21:23:46","Kolstrèom, Taneli",author,3
"Kolář, Tomáš_2025-11-19T21:43:13","Kolář, Tomáš",author,3
"Konter, Oliver_2025-11-19T21:28:47","Konter, Oliver",author,3
"Kontic, Raymond_2025-11-19T21:22:22","Kontic, Raymond",author,3
"Kottlow, Sven_2025-11-19T21:49:26","Kottlow, Sven",author,3
"Kress, A._2025-11-19T21:25:52","Kress, A.",author,3
"Kyncl, Tomáš_2025-11-19T21:32:11","Kyncl, Tomáš",author,3
L. M. Karimova_2025-11-19T21:37:39,L. M. Karimova,author,3
"Labbas, Vincent_2025-11-19T21:22:22","Labbas, Vincent",author,3
Landesamt für Archäologie_2025-11-19T21:38:07,Landesamt für Archäologie,author,3
"Le Digol, Yannick_2025-11-19T21:22:22","Le Digol, Yannick",author,3
"Le Quesne, Carlos_2025-11-19T21:48:27","Le Quesne, Carlos",author,3
"Le Roy, Melaine_2025-11-19T21:22:22","Le Roy, Melaine",author,3
"Leuenberger, M._2025-11-19T21:25:52","Leuenberger, M.",author,3
"Leuschner, Hanns Hubert_2025-11-19T21:22:22","Leuschner, Hanns Hubert",author,3
"Linderholm, Hans W._2025-11-19T21:20:55","Linderholm, Hans W.",author,3
"Linderson, Hans_2025-11-19T21:16:23","Linderson, Hans",author,3
"Lindholm, Markus_2025-11-19T21:28:55","Lindholm, Markus",author,3
"Linscott, Kristina_2025-11-19T21:26:35","Linscott, Kristina",author,3
"Liu, Yu_2025-11-19T21:20:55","Liu, Yu",author,3
"Ljungqvist, Fredrik Charpentier_2025-11-19T21:16:11","Ljungqvist, Fredrik Charpentier",author,3
"Ludescher, Josef_2025-11-19T21:38:55","Ludescher, Josef",author,3
"Ludlow, Francis_2025-11-19T21:22:22","Ludlow, Francis",author,3
"Luterbacher, Jürg_2025-11-19T21:28:51","Luterbacher, Jürg",author,3
"Marais, Axel_2025-11-19T21:22:22","Marais, Axel",author,3
"Mariethoz, Gregoire_2025-11-19T21:26:12","Mariethoz, Gregoire",author,3
"Matyasovszky, István_2025-11-19T21:20:53","Matyasovszky, István",author,3
"McCormick, Michael_2025-11-19T21:21:20","McCormick, Michael",author,3
"Melin, Karl-Magnus_2025-11-19T21:16:23","Melin, Karl-Magnus",author,3
"Melvin, Thomas M_2025-11-19T21:47:34","Melvin, Thomas M",author,3
"Merilèainen, Jouko_2025-11-19T21:23:46","Merilèainen, Jouko",author,3
"Meriläinen, J._2025-11-27T19:23:43","Meriläinen, J.",author,3
"Mills, Coralie M._2025-11-19T21:22:22","Mills, Coralie M.",author,3
"Muigg, Bernhard_2025-11-19T21:26:46","Muigg, Bernhard",author,3
"Myglan, Vladimir S._2025-11-19T21:22:42",Myglan Vladimir S.,author,3
N. G. Makarenko_2025-11-19T21:37:39,N. G. Makarenko,author,3
"Newfield, Timothy P._2025-11-19T21:18:20","Newfield, Timothy P.",author,3
"Neyses-Eiden, Mechthild_2025-11-19T21:22:22","Neyses-Eiden, Mechthild",author,3
"Nicolussi, Kurt_2025-11-19T21:22:22","Nicolussi, Kurt",author,3
"Nievergelt, Daniel_2025-11-19T21:49:26","Nievergelt, Daniel",author,3
O. A. Kruglun_2025-11-19T21:37:39,O. A. Kruglun,author,3
"Oppenheimer, Clive_2025-11-19T21:18:20","Oppenheimer, Clive",author,3
"Orchard, Andy_2025-11-19T21:18:20","Orchard, Andy",author,3
"Osborn, Timothy J._2025-11-19T21:26:48","Osborn, Timothy J.",author,3
"Palmer, Jonathan_2025-11-19T21:22:42","Palmer, Jonathan",author,3
"Pellizzari, Elena_2025-11-19T21:49:26","Pellizzari, Elena",author,3
"Peltola, Heli_2025-11-19T21:23:46","Peltola, Heli",author,3
"Zhang, Peng_2025-11-19T21:25:49",Peng Zhang,author,3
"Perrault, Christophe_2025-11-19T21:19:30","Perrault, Christophe",author,3
"Pfeifer, Klaus_2025-11-19T21:22:22","Pfeifer, Klaus",author,3
"Pike, Joshua H._2025-11-19T21:15:51","Pike, Joshua H.",author,3
"Qin, Chun_2025-11-19T21:22:42","Qin, Chun",author,3
"Raczkowski, Juliusz_2025-11-19T21:21:24","Raczkowski, Juliusz",author,3
"Rassmann, Knut_2025-11-19T21:48:17","Rassmann, Knut",author,3
"Reinig, Frederick_2025-11-19T21:15:51","Reinig, Frederick",author,3
"Rocha, Eva_2025-11-19T21:25:49","Rocha, Eva",author,3
"Rybníček, Michal_2025-11-19T21:22:22","Rybníček, Michal",author,3
"Rydval, Miloš_2025-11-19T21:26:48","Rydval, Miloš",author,3
"Rzepecki, Andreas_2025-11-19T21:22:22","Rzepecki, Andreas",author,3
"Salo, Riikka_2025-11-19T21:25:49","Salo, Riikka",author,3
"Mancuso, S._2025-11-19T21:20:51",Salvatore Mancuso,author,3
"Salzer, Matthew_2025-11-19T21:22:42","Salzer, Matthew",author,3
"Sangüesa-Barreda, Gabriel_2025-11-19T21:28:47","Sangüesa-Barreda, Gabriel",author,3
"Saurer, M._2025-11-19T21:25:52","Saurer, M.",author,3
"Schmidhalter, Martin_2025-11-19T21:22:22","Schmidhalter, Martin",author,3
"Schmidt, Uwe E._2025-11-19T21:39:44","Schmidt, Uwe E.",author,3
"Schneider, Lea_2025-11-19T21:26:48","Schneider, Lea",author,3
"Schurer, Andrew_2025-11-19T21:26:48","Schurer, Andrew",author,3
"Scourse, James D._2025-11-19T21:50:54","Scourse, James D.",author,3
"Seftigen, Kristina_2025-11-19T21:25:49","Seftigen, Kristina",author,3
"Seifert, Mathias_2025-11-19T21:22:22","Seifert, Mathias",author,3
"Seiller, Maurice_2025-11-19T21:20:19","Seiller, Maurice",author,3
"Seim, Andrea_2025-11-19T21:16:11","Seim, Andrea",author,3
"Shindo, Lisa_2025-11-19T21:22:22","Shindo, Lisa",author,3
"Siegwolf, R. T._2025-11-19T21:25:52","Siegwolf, R. T.",author,3
"Sigl, Michael_2025-11-19T21:18:20","Sigl, Michael",author,3
"Skiadaresis, Georgios_2025-11-19T21:39:44","Skiadaresis, Georgios",author,3
"Skinner, Carl N._2025-11-19T21:22:00","Skinner, Carl N.",author,3
"Spyt, Barbara_2025-11-19T21:22:22","Spyt, Barbara",author,3
"Stephens, Scott L._2025-11-19T21:22:00","Stephens, Scott L.",author,3
"Stoffel, Markus_2025-11-19T21:18:20","Stoffel, Markus",author,3
"Stornes, Jan Michael_2025-11-19T21:26:35","Stornes, Jan Michael",author,3
"Stridbeck, Petter_2025-11-19T21:25:49","Stridbeck, Petter",author,3
"Susperregi, Josué_2025-11-19T21:43:13","Susperregi, Josué",author,3
"TEGEL, Willy_2025-11-19T21:20:19","TEGEL, Willy",author,3
"TIMONEN, MAURI_2025-11-19T21:25:50","TIMONEN, MAURI",author,3
"Taricco, C._2025-11-19T21:20:51","Taricco, C.",author,3
"Taylor, Alan H._2025-11-19T21:22:00","Taylor, Alan H.",author,3
"Torbenson, Max_2025-11-19T21:22:42","Torbenson, Max",author,3
"Trnka, Mirek_2025-11-19T21:22:42","Trnka, Mirek",author,3
"Trouet, Valerie_2025-11-19T21:20:53","Trouet, Valerie",author,3
"Vaganov, Eugene A._2025-11-19T21:38:55","Vaganov, Eugene A.",author,3
"Vartiainen, Matti_2025-11-19T21:23:46","Vartiainen, Matti",author,3
"Verstege, Anne_2025-11-19T21:28:47","Verstege, Anne",author,3
"Villalba, Ricardo_2025-11-19T21:22:42","Villalba, Ricardo",author,3
"Wagner, Sebastian_2025-11-19T21:28:47","Wagner, Sebastian",author,3
"Wahl, Eugene R._2025-11-19T21:22:00","Wahl, Eugene R.",author,3
"Walder, Felix_2025-11-19T21:32:11","Walder, Felix",author,3
"Wanner, Heinz_2025-11-19T21:28:51","Wanner, Heinz",author,3
"Werlé, Maxime_2025-11-19T21:20:19","Werlé, Maxime",author,3
"Wiesenberg, Nick_2025-11-19T21:22:42","Wiesenberg, Nick",author,3
"Wiles, Greg_2025-11-19T21:22:42","Wiles, Greg",author,3
"Wilson, Rob_2025-11-19T21:26:48","Wilson, Rob",author,3
"Yang, Bao_2025-11-19T21:22:42","Yang, Bao",author,3
"Zorita, Eduardo_2025-11-19T21:26:48","Zorita, Eduardo",author,3
"Krusic, Paul J._2025-11-19T21:15:51",paul krusic,author,3
"van Daalen, Sjoerd_2025-11-19T21:22:22","van Daalen, Sjoerd",author,3
"von Arx, Georg_2025-11-19T21:49:26","von Arx, Georg",author,3
69825517c835c41957dff86b,1200 years of warm-season temperature variability in central Scandinavia inferred from tree-ring density,publication,3
69825516c835c41957dfdba5,2500 years of European climate variability and human susceptibility,publication,3
69825516c835c41957dfe7c0,A New Late Antique Fortified Settlement in Northeastern Gaul: Decem Pagi—Tarquimpol (Moselle). First Synthesis of Archae,publication,3
69825516c835c41957dfd197,A composite annual-resolution stalagmite record of North Atlantic climate over the last three millennia,publication,3
69825516c835c41957dfd9f1,"A noodle, hockey stick, and spaghetti plate: a perspective on high-resolution paleoclimatology",publication,3
69825516c835c41957dfb7a6,"Abrupt temperature changes during the last 1,500 years",publication,3
69825516c835c41957dfccc3,Adjustment for proxy number and coherence in a large-scale temperature reconstruction,publication,3
69825516c835c41957dfa4af,Casks from Gribshunden (1495) – Dendrochronology of Late Medieval Shipboard Victual Containers,publication,3
69825516c835c41957dfa004,Church Roofs in a Frontier Region: Historic Timber Structures in Western Sweden Reflect Changing Influences and Resource,publication,3
69825516c835c41957dfb9be,"Cistercian heritage in Pelplin, Poland. Dendrochronological dating of the covers of medieval codices",publication,3
69825517c835c41957e00f6b,Common Era treeline fluctuations and their implications for climate reconstructions,publication,3
69825517c835c41957dff447,"Dendrochronological dating of the Viking Age ship burials at Oseberg, Gokstad and Tune, Norway",publication,3
69825517c835c41957dff98c,Dendrochronologische Untersuchungen an Holzfunden vom Neumarkt in Dresden,publication,3
69825516c835c41957dfa2d1,"Dendrochronology, Documents and the Timber Trade: New Evidence for the Building History of Stirling Castle, Scotland",publication,3
69825517c835c41957dff82a,Dendroclimatic transfer functions revisited: Little Ice Age and Medieval Warm Period summer temperatures reconstructed u,publication,3
69825516c835c41957dfb088,Des bourgs salicoles du haut Moyen Âge dans le Jura : l'exemple de la saline mérovingienne de Grozon (Jura),publication,3
69825516c835c41957dfd30c,Diverse construction types and local timber sources characterize early medieval church roofs in southwestern Sweden,publication,3
69825516c835c41957df9f53,Famines in medieval and early modern Europe—Connecting climate and society,publication,3
69825517c835c41957e01286,Fennoscandian tree-ring anatomy shows a warmer modern than medieval climate,publication,3
69825516c835c41957dfbca7,Fire-climate interactions in the American West since 1400 CE,publication,3
69825517c835c41957e00f6c,Global wood anatomical perspective on the onset of the Late Antique Little Ice Age (LALIA) in the mid-6th century CE,publication,3
69825516c835c41957dfd00e,Growth dynamics of tree-line and lake-shore Scots pine (Pinus sylvestris L.) in the central Scandinavian Mountains durin,publication,3
69825517c835c41957dff6fc,"Large-scale, millennial-length temperature reconstructions from tree-rings",publication,3
69825516c835c41957dfdb63,"Last millennium Northern Hemisphere summer temperatures from tree rings: Part II, spatially resolved reconstructions",publication,3
69825516c835c41957dfd3f6,Last millennium northern hemisphere summer temperatures from tree rings: Part I: The long term context,publication,3
69825516c835c41957dfb4ac,Les tours des Cigognes ou Ribeauvillé (Haut-Rhin) face à la menace bourguignonne (vers 1475),publication,3
69825516c835c41957dfe79f,Linking European building activity with plague history,publication,3
69825516c835c41957dfccbb,Mid- and late Holocene tree population density changes in northern Fennoscandia derived by a new method using megafossil,publication,3
69825516c835c41957dfe867,Missing link in Late Antiquity? A critical examination of Hollstein’s Central European Oak Chronology,publication,3
69825516c835c41957dfb783,Multispectral analysis of Northern Hemisphere temperature records over the last five millennia,publication,3
69825516c835c41957dfdb47,New Tree-Ring Evidence from the Pyrenees Reveals Western Mediterranean Climate Variability since Medieval Times,publication,3
69825516c835c41957dfd025,Northern European summer temperature variations over the Common Era from integrated tree-ring density records,publication,3
69825517c835c41957e017f5,Persistent Positive North Atlantic Oscillation Mode Dominated the Medieval Climate Anomaly,publication,3
69825517c835c41957e00c9c,Potential bias in ‘updating’ tree-ring chronologies using regional curve standardisation: Re-processing 1500 years of To,publication,3
69825517c835c41957dffbd6,Prominent role of volcanism in Common Era climate variability and human history,publication,3
69825517c835c41957e00ecc,Reccopolis revealed: the first geomagnetic mapping of the early medieval Visigothic royal town,publication,3
69825517c835c41957e00d08,Recognising bias in Common Era temperature reconstructions,publication,3
69825517c835c41957e0080a,Regional Patterns of Late Medieval and Early Modern European Building Activity Revealed by Felling Dates,publication,3
69825516c835c41957df9e60,Sudden disappearance of yew (Taxus baccata) woodlands from eastern England coincides with a possible climate event aroun,publication,3
69825517c835c41957e0133f,Summer Temperature Variability in Central Scandinavia during the Last 3600 Years,publication,3
69825516c835c41957dfd046,Swiss tree rings reveal warm and wet summers during medieval times,publication,3
69825517c835c41957e00424,The Danish royal flagship gribshunden - Dendrochronology on a late medieval carvel sunk in the Baltic Sea,publication,3
69825516c835c41957dfa98f,"The Eldgjá eruption: timing, long-range impacts and influence on the Christianisation of Iceland",publication,3
69825516c835c41957dfb790,The IPCC on a heterogeneous Medieval Warm Period,publication,3
69825516c835c41957dfdbf7,The height-increment record of summer temperature extended over the last millennium in Fennoscandia,publication,3
69825516c835c41957dfe794,The spatiotemporal distribution of Late Viking Age Swedish runestones: A reflection of the Christianisation process and ,publication,3
69825517c835c41957e007db,The wood of Merovingian weaponry,publication,3
69825517c835c41957dffe16,Tree rings reveal signs of Europe’s sustainable forest management long before the first historical evidence,publication,3
69825516c835c41957dfa450,Urban Defence and the Visigoths: New Light on Fortification Design and Technology from the Royal City of Reccopolis (Gua,publication,3
69825516c835c41957dfd2d4,Variability and extremes of northern Scandinavian summer temperatures over the past two millennia,publication,3
69825516c835c41957dff159,"Were medieval warm-season temperatures in Jämtland, central Scandinavian Mountains, lower than previously estimated?",publication,3
69825516c835c41957dfc547,X-ray microdensitometry applied to subfossil tree-rings: growth characteristics of ancient pines from the southern borea,publication,3
"Abdolahi, Mostafa_2025-11-19T21:18:18","Abdolahi, Mostafa",author,4
"Abell, Jordan T._2025-11-19T21:16:49","Abell, Jordan T.",author,4
"Allen, David_2025-11-19T21:16:49","Allen, David",author,4
"Allen, Richard_2025-11-19T21:17:22","Allen, Richard",author,4
"Amiri, Sarieh_2025-11-19T21:18:18","Amiri, Sarieh",author,4
"Antipina, Ekaterina E._2025-11-19T21:47:13","Antipina, Ekaterina E.",author,4
"Appelt, Martin_2025-11-19T21:47:13","Appelt, Martin",author,4
"Arbuckle, Benjamin_2025-11-19T21:16:49","Arbuckle, Benjamin",author,4
"Arzyutov, Dmitry V._2025-11-19T21:40:12","Arzyutov, Dmitry V.",author,4
"Askeyev, Arthur O._2025-11-19T21:18:18","Askeyev, Arthur O.",author,4
"Askeyev, Igor V._2025-11-19T21:18:18","Askeyev, Igor V.",author,4
"Askeyev, Oleg V._2025-11-19T21:18:18","Askeyev, Oleg V.",author,4
"Atici, Levent_2025-11-19T21:16:39","Atici, Levent",author,4
"Bachura, Olga P._2025-11-19T21:47:13","Bachura, Olga P.",author,4
"Bahshaliyev, Veli_2025-11-19T21:18:18","Bahshaliyev, Veli",author,4
"Baker, Karis H._2025-11-19T21:16:39","Baker, Karis H.",author,4
"Baker, Polydora_2025-11-19T21:16:39","Baker, Polydora",author,4
"Barnett, Ross_2025-11-19T21:28:58","Barnett, Ross",author,4
"Batey, Colleen E._2025-11-19T21:47:53","Batey, Colleen E.",author,4
"Beglane, Fiona_2025-11-19T21:16:39","Beglane, Fiona",author,4
"Bendrey, Robin_2025-11-19T21:16:39","Bendrey, Robin",author,4
"Benkert, Helene_2025-11-19T21:16:39","Benkert, Helene",author,4
"Bernal-Casasola, Darío_2025-11-19T21:35:36","Bernal-Casasola, Darío",author,4
"Berthon, Rémi_2025-11-19T21:18:18","Berthon, Rémi",author,4
"Binois-Roman, Annelise_2025-11-19T21:16:39","Binois-Roman, Annelise",author,4
"Borić, Dušan_2025-11-19T21:35:36","Borić, Dušan",author,4
"Brettell, Rhea C._2025-11-19T21:39:34","Brettell, Rhea C.",author,4
"Bro-Jørgensen, Maiken Hemme_2025-11-19T21:18:30","Bro-Jørgensen, Maiken Hemme",author,4
"Brown, Lisa_2025-11-19T21:16:49","Brown, Lisa",author,4
"Buitenhuis, Hijlke_2025-11-19T21:16:49","Buitenhuis, Hijlke",author,4
"Burr, George S_2025-11-19T21:35:33","Burr, George S",author,4
"Card, Nick_2025-11-19T21:16:49","Card, Nick",author,4
"Carden, Ruth F._2025-11-19T21:16:39","Carden, Ruth F.",author,4
"Carmagnini, Alberto_2025-11-19T21:47:13","Carmagnini, Alberto",author,4
"Carver, Martin O. H._2025-11-19T21:18:43","Carver, Martin O. H.",author,4
"Carøe, Christian_2025-11-19T21:32:15","Carøe, Christian",author,4
"Chenery, C. A._2025-11-19T21:41:15","Chenery, C. A.",author,4
"Curci, Antonio_2025-11-19T21:16:39","Curci, Antonio",author,4
"Daly, Kevin G._2025-11-19T21:16:49","Daly, Kevin G.",author,4
"Dalén, Love_2025-11-19T21:47:13","Dalén, Love",author,4
"Daujat, Julie_2025-11-19T21:16:39","Daujat, Julie",author,4
"Davis, Geoffrey_2025-11-19T21:26:38","Davis, Geoffrey",author,4
"Davoudi, Hossein_2025-11-19T21:18:18","Davoudi, Hossein",author,4
"De Cupere, Bea_2025-11-19T21:16:39","De Cupere, Bea",author,4
"Destexhe, Guy_2025-11-19T21:19:00","Destexhe, Guy",author,4
"Dimopoulos, Evangelos A._2025-11-19T21:16:49","Dimopoulos, Evangelos A.",author,4
"Doherty, Sean_2025-11-19T21:16:39","Doherty, Sean",author,4
"Doost, Sanaz Beizaee_2025-11-19T21:18:18","Doost, Sanaz Beizaee",author,4
"Downes, Jane_2025-11-19T21:26:38","Downes, Jane",author,4
"Dumbacher, J P_2025-11-19T21:18:27","Dumbacher, J P",author,4
"Duru, Güneş_2025-11-19T21:16:49","Duru, Güneş",author,4
"Eriksson, Anders_2025-11-19T21:28:58","Eriksson, Anders",author,4
"Etting, Vivian_2025-11-19T21:32:15","Etting, Vivian",author,4
"Evans, Jane A._2025-11-19T21:16:39","Evans, Jane A.",author,4
"Ewens, Vicki_2025-11-19T21:26:38","Ewens, Vicki",author,4
"Fathi, Homa_2025-11-19T21:18:18","Fathi, Homa",author,4
"Fedorova, Natalia V._2025-11-19T21:40:12",Fedorova Natalia V.,author,4
"Feuerborn, Tatiana R._2025-11-19T21:47:13","Feuerborn, Tatiana R.",author,4
"Fhionnghaile, Rita Mhig_2025-11-19T21:22:15","Fhionnghaile, Rita Mhig",author,4
"Frantz, Laurent_2025-11-19T21:16:49","Frantz, Laurent",author,4
"GILBERT, M. THOMAS P._2025-11-19T21:25:08","GILBERT, M. THOMAS P.",author,4
"Gardeisen, Armelle_2025-11-19T21:35:36","Gardeisen, Armelle",author,4
"Geiger, Sheila_2025-11-19T21:16:49","Geiger, Sheila",author,4
"Genies, Chloé_2025-11-19T21:16:39","Genies, Chloé",author,4
"Gladyr, Elena_2025-11-19T21:16:49","Gladyr, Elena",author,4
"Goffette, Quentin_2025-11-19T21:19:00","Goffette, Quentin",author,4
"Gray, Howard W. I._2025-11-19T21:16:39","Gray, Howard W. I.",author,4
"Gregersen, Kristian M._2025-11-19T21:32:15","Gregersen, Kristian M.",author,4
"Grimstead, Deanna N._2025-11-19T21:27:58","Grimstead, Deanna N.",author,4
"Guo, Chunxue_2025-11-19T21:47:13","Guo, Chunxue",author,4
"Gusev, Andrei V._2025-11-19T21:40:12","Gusev, Andrei V.",author,4
"Gusskov, Sergei A_2025-11-19T21:35:33","Gusskov, Sergei A",author,4
"Gülçur, Sevil_2025-11-19T21:16:49","Gülçur, Sevil",author,4
"Hallström, Ann_2025-11-19T21:32:15","Hallström, Ann",author,4
"Halpin, Áine_2025-11-19T21:18:18","Halpin, Áine",author,4
"Hanut, Frédéric_2025-11-19T21:19:00","Hanut, Frédéric",author,4
"Hare, Andrew J._2025-11-19T21:16:49","Hare, Andrew J.",author,4
"Hassanzadeh, Yousef_2025-11-19T21:18:18","Hassanzadeh, Yousef",author,4
"Hemmer, Helmut_2025-11-19T21:18:18","Hemmer, Helmut",author,4
"Hoelzel, A. Rus_2025-11-19T21:16:39","Hoelzel, A. Rus",author,4
"Horejs, Barbara_2025-11-19T21:16:49","Horejs, Barbara",author,4
"Horwitz, Liora Kolska_2025-11-19T21:16:49","Horwitz, Liora Kolska",author,4
"Humphrey, Louise_2025-11-19T21:47:48","Humphrey, Louise",author,4
"Ives, Rachel_2025-11-19T21:24:41","Ives, Rachel",author,4
"Jelsma, Johan_2025-11-19T21:17:27","Jelsma, Johan",author,4
"Jones, Carleton_2025-11-19T21:47:13","Jones, Carleton",author,4
"Kenshinbay, Temirbolat I_2025-11-19T21:35:33","Kenshinbay, Temirbolat I",author,4
"Khazaeli, Roya_2025-11-19T21:18:18","Khazaeli, Roya",author,4
"Khazin, Leonid B_2025-11-19T21:35:33","Khazin, Leonid B",author,4
"Kosintsev, Pavel A._2025-11-19T21:47:13","Kosintsev, Pavel A.",author,4
"Krebs, Stefan_2025-11-19T21:16:49","Krebs, Stefan",author,4
"Krivonogov, Sergey K_2025-11-19T21:35:33",Krivonogov S.K.,author,4
"Kunst, Günther K._2025-11-19T21:16:39","Kunst, Günther K.",author,4
"Kurmanbaev, Rakhat Kh_2025-11-19T21:35:33","Kurmanbaev, Rakhat Kh",author,4
"Kuzmin, Yaroslav V._2025-11-19T21:47:13","Kuzmin, Yaroslav V.",author,4
"Laforest, Caroline_2025-11-19T21:19:00","Laforest, Caroline",author,4
"Lamb, Angela L._2025-11-19T21:16:39","Lamb, Angela L.",author,4
"Larson, Greger_2025-11-19T21:28:58","Larson, Greger",author,4
"Lebrasseur, Ophélie_2025-11-19T21:28:58","Lebrasseur, Ophélie",author,4
"Lhuillier, Johanna_2025-11-19T21:18:18","Lhuillier, Johanna",author,4
"Lin, Audrey T._2025-11-19T21:16:49","Lin, Audrey T.",author,4
"Loog, Liisa_2025-11-19T21:28:58","Loog, Liisa",author,4
"Losey, Robert J._2025-11-19T21:40:12","Losey, Robert J.",author,4
"Lühken, Gesine_2025-11-19T21:16:49","Lühken, Gesine",author,4
"MARZINZIK, SONJA_2025-11-19T21:17:36","MARZINZIK, SONJA",author,4
"Mainland, Ingrid_2025-11-19T21:16:49","Mainland, Ingrid",author,4
"Manica, Andrea_2025-11-19T21:28:58","Manica, Andrea",author,4
"Mashkour, Marjan_2025-11-19T21:16:49","Mashkour, Marjan",author,4
"McManus, Ellen_2025-11-19T21:17:27","McManus, Ellen",author,4
"Medugorac, Ivica_2025-11-19T21:16:49","Medugorac, Ivica",author,4
"Meldgaard, Morten_2025-11-19T21:47:13","Meldgaard, Morten",author,4
"Melikian, Melissa_2025-11-19T21:24:41","Melikian, Melissa",author,4
"Mentzer, Susan M._2025-11-19T21:16:49","Mentzer, Susan M.",author,4
"Mikić, Živko_2025-11-19T21:35:36","Mikić, Živko",author,4
"Miller, Holly_2025-11-19T21:16:39","Miller, Holly",author,4
"Montgomery, Janet A._2025-11-19T21:28:49","Montgomery, Janet A.",author,4
"Morgenstern, Peggy_2025-11-19T21:35:36","Morgenstern, Peggy",author,4
"Mullin, Victoria E._2025-11-19T21:16:49","Mullin, Victoria E.",author,4
"Mullville, Jacqui_2025-11-19T21:16:49","Mullville, Jacqui",author,4
"Munro, Natalie D._2025-11-19T21:16:49","Munro, Natalie D.",author,4
"Murphy Gregersen, Kristian_2025-11-19T21:47:13","Murphy Gregersen, Kristian",author,4
"Nestor, Sofia_2025-11-19T21:32:15","Nestor, Sofia",author,4
"Nomokonova, Tatiana_2025-11-19T21:40:12","Nomokonova, Tatiana",author,4
"Nurgizarinov, Aijaryk N_2025-11-19T21:35:33","Nurgizarinov, Aijaryk N",author,4
"Parker Pearson, Michael_2025-11-19T21:16:49","Parker Pearson, Michael",author,4
"Paterson, Caroline_2025-11-19T21:47:53","Paterson, Caroline",author,4
"Paxinos, Ptolemaios D._2025-11-19T21:28:58","Paxinos, Ptolemaios D.",author,4
"Perdikaris, Sophia_2025-11-19T21:16:39","Perdikaris, Sophia",author,4
"Perri, Angela R._2025-11-19T21:47:13","Perri, Angela R.",author,4
"Peters, Joris_2025-11-19T21:16:39","Peters, Joris",author,4
"Pigière, Fabienne_2025-11-19T21:16:39","Pigière, Fabienne",author,4
"Piqués, Gäel_2025-11-19T21:35:36","Piqués, Gäel",author,4
"Plekhanov, Andrei V._2025-11-19T21:47:13","Plekhanov, Andrei V.",author,4
"Polet, Caroline_2025-11-19T21:19:00","Polet, Caroline",author,4
"Powlesland, Dominic_2025-11-19T21:21:27","Powlesland, Dominic",author,4
"Pöllath, Nadja_2025-11-19T21:16:49","Pöllath, Nadja",author,4
"Quade, Jay_2025-11-19T21:27:58","Quade, Jay",author,4
"Ramos-Madrigal, Jazmín_2025-11-19T21:47:13","Ramos-Madrigal, Jazmín",author,4
"Rossi, Conor_2025-11-19T21:18:18","Rossi, Conor",author,4
"Sadler, Peta_2025-11-19T21:16:39","Sadler, Peta",author,4
"Sardari, Alireza_2025-11-19T21:18:18","Sardari, Alireza",author,4
"Sauer, Eberhard W._2025-11-19T21:16:49","Sauer, Eberhard W.",author,4
"Schmidt, Anne Lisbeth_2025-11-19T21:47:13","Schmidt, Anne Lisbeth",author,4
"Sharples, Niall_2025-11-19T21:16:49","Sharples, Niall",author,4
"Shaymuratova, Dilyara N._2025-11-19T21:18:18","Shaymuratova, Dilyara N.",author,4
"CURTIS-SUMMERS, SHIRLEY_2025-11-19T21:17:21",Shirley Curtis-Summers,author,4
"Sicard, Sandra_2025-11-19T21:16:39","Sicard, Sandra",author,4
"Sinding, Mikkel-Holger S._2025-11-19T21:32:15","Sinding, Mikkel-Holger S.",author,4
"Smith, Oliver_2025-11-19T21:47:13","Smith, Oliver",author,4
"Spassov, Nikolai_2025-11-19T21:16:39","Spassov, Nikolai",author,4
"Stiner, Mary C._2025-11-19T21:16:49","Stiner, Mary C.",author,4
"Stoddart, Simon_2025-11-19T21:16:49","Stoddart, Simon",author,4
"Strid, Lena_2025-11-19T21:16:39","Strid, Lena",author,4
"Sudds, Jack_2025-11-19T21:16:39","Sudds, Jack",author,4
"Summers, Geoffrey D._2025-11-19T21:18:18","Summers, Geoffrey D.",author,4
"Swan, Karen_2025-11-19T21:47:48","Swan, Karen",author,4
"Sykes, Naomi Jane_2025-11-19T21:38:06","Sykes, Naomi Jane",author,4
"Symmons, Robert_2025-11-19T21:16:39","Symmons, Robert",author,4
"Tardio, Katie_2025-11-19T21:16:39","Tardio, Katie",author,4
"Theodoropoulou, Tatiana_2025-11-19T21:35:36","Theodoropoulou, Tatiana",author,4
"Thomas, Mark G._2025-11-19T21:18:14","Thomas, Mark G.",author,4
"Trantalidou, Katerina_2025-11-19T21:16:39","Trantalidou, Katerina",author,4
"Töpf, A L_2025-11-19T21:18:27","Töpf, A L",author,4
"Uzdurum, Melis_2025-11-19T21:16:49","Uzdurum, Melis",author,4
"Valenzuela, Alejandro_2025-11-19T21:16:39","Valenzuela, Alejandro",author,4
"Vieira, Filipe G._2025-11-19T21:32:15","Vieira, Filipe G.",author,4
"Vila, Emmanuelle_2025-11-19T21:18:18","Vila, Emmanuelle",author,4
"Vuković, Sonja_2025-11-19T21:16:39","Vuković, Sonja",author,4
"Weinstock, Jaco_2025-11-19T21:16:39","Weinstock, Jaco",author,4
"Wiechmann, Ingrid_2025-11-19T21:16:49","Wiechmann, Ingrid",author,4
"Wilkens, Barbara_2025-11-19T21:16:39","Wilkens, Barbara",author,4
"Wilson, Roger J. A._2025-11-19T21:16:39","Wilson, Roger J. A.",author,4
"Yavorskaya, Lilia V._2025-11-19T21:47:13","Yavorskaya, Lilia V.",author,4
"Zeeb-Lanz, Andrea_2025-11-19T21:18:18","Zeeb-Lanz, Andrea",author,4
"Zhakov, Eugeny Y_2025-11-19T21:35:33","Zhakov, Eugeny Y",author,4
"Zhang, Guojie_2025-11-19T21:47:13","Zhang, Guojie",author,4
"Zidarov, Peter_2025-11-19T21:18:18","Zidarov, Peter",author,4
"Zinovieva, Natalia A._2025-11-19T21:16:49","Zinovieva, Natalia A.",author,4
"van Veen, Monique_2025-11-19T21:16:39","van Veen, Monique",author,4
"Çakırlar, Canan_2025-11-19T21:16:39","Çakırlar, Canan",author,4
"Özbaşaran, Mihriban_2025-11-19T21:16:49","Özbaşaran, Mihriban",author,4
"Özkaya, Vecihi_2025-11-19T21:16:49","Özkaya, Vecihi",author,4
69825517c835c41957e00d77,"A Viking Burial at Balnakeil, Sutherland",publication,4
69825516c835c41957dfc990,"A brackish water aquatic foodweb: trophic levels and salinity gradients in the Schlei fjord, Northern Germany, in Viking",publication,4
69825516c835c41957dfe7dc,Ancient DNA analysis of Scandinavian medieval drinking horns and the horn of the last aurochs bull,publication,4
69825516c835c41957dfa95b,"Ancient genomics and the origin, dispersal, and development of domestic sheep",publication,4
69825516c835c41957dfa144,Ancient mitogenomes from Pre-Pottery Neolithic Central Anatolia and the effects of a Late Neolithic bottleneck in sheep ,publication,4
69825516c835c41957dff282,Ancient whale exploitation in the Mediterranean: the archaeological record,publication,4
69825516c835c41957dfedb6,Continuity and change in animal exploitation at the transition from Antiquity to the early medieval period in the Belgia,publication,4
69825516c835c41957dfb9f5,"Continuity or colonization in Anglo-Saxon England? Isotope evidence for mobility, subsistence practice, and status at We",publication,4
69825516c835c41957dff269,Environmental Changes of the Aral Sea (Central Asia) in the Holocene: Major Trends,publication,4
69825517c835c41957e00d37,Exploring Femoral Neck-Shaft Angle Alterations in Post-Medieval Children with Vitamin D Deficiency Rickets,publication,4
69825516c835c41957dfdc39,Inferring Allele Frequency Trajectories from Ancient DNA Indicates That Selection on a Chicken Gene Coincided with Chang,publication,4
69825517c835c41957e010d4,"Investigating the ""scapula sign"" as an indicator of rickets",publication,4
69825516c835c41957dfbde1,"Ireland’s fallow deer: their historical, archaeological and biomolecular records",publication,4
69825516c835c41957dff286,Is the Mesolithic-Neolithic Subsistence Dichotomy Real? New Stable Isotope Evidence from the Danube Gorges,publication,4
69825516c835c41957dfd887,"Isotopic Evidence for Long-Distance Mammal Procurement, Chaco Canyon, New Mexico, USA",publication,4
69825516c835c41957dfad8c,Late Roman cremation burials (270-450 AD) in the civitas Tungrorum (Germania Secunda): between continuities and new cont,publication,4
69825516c835c41957dfae05,Les crémations de l'Antiquité tardive (270-450 de n. è.) dans la cité des Tongres (Germanie seconde) : entre continuités,publication,4
69825517c835c41957e00bf9,Modern Siberian dog ancestry was shaped by several thousand years of Eurasian-wide trade and human dispersal,publication,4
69825516c835c41957dfca2b,"Multi-isotope analysis of the population of the lost medieval village of Auldhame, East Lothian, Scotland",publication,4
69825517c835c41957e002a8,No Man is an island : evidence of pre-Viking Age migration to the Isle of Man,publication,4
69825517c835c41957dfff6d,Reindeer Imagery in the Making at Ust’-Polui in Arctic Siberia,publication,4
69825516c835c41957dfa409,"Stable Isotope Evidence for Dietary Contrast Between Pictish and Medieval Populations at Portmahomack, Scotland",publication,4
69825516c835c41957dfa0e9,"The 10,000-year biocultural history of fallow deer and its implications for conservation policy",publication,4
69825517c835c41957dffe05,The nature of the feast: commensality and the politics of consumption in Viking Age and Early Medieval Northern Europe,publication,4
69825516c835c41957dfd343,Toiling with teeth: An integrated dental analysis of sheep and cattle dentition in Iron Age and Viking-Late Norse Orkney,publication,4
69825516c835c41957dfaa39,Tracing the phylogeography of human populations in Britain based on 4th-11th century mtDNA genotypes,publication,4
69825516c835c41957dfa584,Were Fallow Deer Spotted (OE *pohha/*pocca) in Anglo-Saxon England? Reviewing the Evidence for Dama dama dama in Early M,publication,4
69825516c835c41957dff355,‘Impious Easterners': Can Oxygen and Strontium Isotopes Serve as Indicators of Provenance in Early Medieval European Cem,publication,4
69825516c835c41957dfa49d,“To the Land or to the Sea”: Diet and Mobility in Early Medieval Frisia,publication,4
"ARSUAGA, JUAN LUIS_2025-11-19T21:25:08","ARSUAGA, JUAN LUIS",author,5
"Helgason, Agnar_2025-11-19T21:48:33",Agnar Helgason,author,5
"Ahlin Sundman, Elin_2025-11-19T21:17:21","Ahlin Sundman, Elin",author,5
"Albarrán, Cristina_2026-01-14T22:02:43","Albarrán, Cristina",author,5
"Alfredsson, Lars_2025-11-19T21:48:33","Alfredsson, Lars",author,5
"Alfsdotter, Clara_2025-11-19T21:48:17","Alfsdotter, Clara",author,5
"Allen, Marie_2025-11-19T21:22:38","Allen, Marie",author,5
"Alonso, Antonio_2026-01-14T22:02:41","Alonso, Antonio",author,5
"Alonso, Santos_2026-01-14T22:02:40","Alonso, Santos",author,5
"Alrawi, Loey_2025-11-19T21:48:33","Alrawi, Loey",author,5
"Anna, Kjellström._2025-11-19T21:17:05","Anna, Kjellström.",author,5
"Azkarate, Agustín_2025-11-19T21:17:53","Azkarate, Agustín",author,5
"BRANDSTRÖM DURLING, MIKAEL_2025-11-19T21:25:08","BRANDSTRÖM DURLING, MIKAEL",author,5
"van Geel, Bas_2025-11-19T21:35:31",Bas van Geel,author,5
"Bäckström, Ylva_2025-11-19T21:18:30","Bäckström, Ylva",author,5
"Berglund, Birgitta_2025-11-19T21:48:33","Berglund, Birgitta",author,5
"Bernhardsson, Carolina_2025-11-19T21:48:33","Bernhardsson, Carolina",author,5
"Bill, Jan_2025-11-19T21:25:58","Bill, Jan",author,5
"Bjørnstad, Gro_2025-11-19T21:25:58","Bjørnstad, Gro",author,5
"Blaauw, Maarten_2025-11-19T21:35:31","Blaauw, Maarten",author,5
"Bläuer, Auli_2025-11-19T21:21:14","Bläuer, Auli",author,5
"Borrini, Matteo_2025-11-19T21:16:46","Borrini, Matteo",author,5
"Borromei, Ana_2025-11-19T21:35:31","Borromei, Ana",author,5
"Britton, Kate_2025-11-19T21:18:30","Britton, Kate",author,5
"Brzobohata, Hana_2025-11-19T21:47:12","Brzobohata, Hana",author,5
"Burenhult, Göran_2025-11-19T21:47:12","Burenhult, Göran",author,5
"Carver, Charisse_2025-11-19T21:26:32","Carver, Charisse",author,5
"Cavalleri, Gianpiero L._2025-11-19T21:48:33","Cavalleri, Gianpiero L.",author,5
"Chivall, David_2025-11-19T21:17:54","Chivall, David",author,5
"Cleland, Robin_2025-11-19T21:26:32","Cleland, Robin",author,5
"Cooper, David M.L._2025-11-19T21:25:06","Cooper, David M.L.",author,5
"Crombé, Philippe_2025-11-19T21:18:26","Crombé, Philippe",author,5
"Curtis, Neil_2025-11-19T21:47:12","Curtis, Neil",author,5
"Daskalaki, Eva_2025-11-19T21:48:33","Daskalaki, Eva",author,5
"Davis, Simon J.M._2025-11-19T21:26:31","Davis, Simon J.M.",author,5
"Detry, Cleia_2025-11-19T21:16:39","Detry, Cleia",author,5
"Mauquoy, Dmitri_2025-11-19T21:35:31",Dimitri Mauquoy,author,5
"Donald, Christina_2025-11-19T21:22:42","Donald, Christina",author,5
"ELLEGREN, HANS_2025-11-19T21:25:08","ELLEGREN, HANS",author,5
"Ebenesersdóttir, S. Sunna_2025-11-19T21:48:08","Ebenesersdóttir, S. Sunna",author,5
"Economou, Christos_2025-11-19T21:26:31","Economou, Christos",author,5
"Einarsson, Lars_2025-11-19T21:48:33","Einarsson, Lars",author,5
"Elliott, Ben_2025-11-19T21:18:26","Elliott, Ben",author,5
"Evans, Nicholas J._2025-11-19T21:17:22","Evans, Nicholas J.",author,5
"Ferguson, L_2025-11-19T21:21:29","Ferguson, L",author,5
"Fjellström, Markus_2025-11-19T21:18:30","Fjellström, Markus",author,5
"Fraser, Magdalena_2025-11-19T21:38:00","Fraser, Magdalena",author,5
"Frei, Robert_2025-11-19T21:17:26","Frei, Robert",author,5
"George, Robert_2025-11-19T21:47:12","George, Robert",author,5
"Gilbert, Edmund_2025-11-19T21:48:33","Gilbert, Edmund",author,5
"Ginja, Catarina_2025-11-19T21:26:31","Ginja, Catarina",author,5
"Girdland-Flink, Linus_2025-11-19T21:22:42","Girdland-Flink, Linus",author,5
"Goodacre, S_2025-11-19T21:21:29","Goodacre, S",author,5
"Grandal-d´Anglade, Aurora_2025-11-19T21:17:18","Grandal-d´Anglade, Aurora",author,5
"Grundberg, Leif_2025-11-19T21:22:14","Grundberg, Leif",author,5
"Grönlund, Elisabeth_2025-11-19T21:49:49","Grönlund, Elisabeth",author,5
"Guinet, Benjamin_2025-11-19T21:17:53","Guinet, Benjamin",author,5
"Gunnarsson, Fredrik_2025-11-19T21:48:33","Gunnarsson, Fredrik",author,5
"Guđbjartsson, Daníel_2025-11-19T21:25:06","Guđbjartsson, Daníel",author,5
"Götherström, Anders_2025-11-19T21:17:53","Götherström, Anders",author,5
"Günther, Torsten_2025-11-19T21:18:24","Günther, Torsten",author,5
"Hagelberg, Erika_2025-11-19T21:25:58","Hagelberg, Erika",author,5
"Hallgrímsson, Benedikt_2025-11-19T21:25:06","Hallgrímsson, Benedikt",author,5
"Hansen, Thomas F._2025-11-19T21:48:33","Hansen, Thomas F.",author,5
"Harjula, Janne_2025-11-19T21:21:14","Harjula, Janne",author,5
"Hårding, Barbro_2025-11-19T21:22:14","Hårding, Barbro",author,5
"Herrasti, Lourdes_2025-11-19T21:17:53","Herrasti, Lourdes",author,5
"Hickey, E_2025-11-19T21:21:29","Hickey, E",author,5
"Higham, Tom_2025-11-19T21:16:51","Higham, Tom",author,5
"Hollfelder, Nina_2025-11-19T21:47:12","Hollfelder, Nina",author,5
"Holmquist, Lena_2025-11-19T21:15:34","Holmquist, Lena",author,5
"Hovig, Eivind_2025-11-19T21:48:33","Hovig, Eivind",author,5
"Ilgner, Jana_2025-11-19T21:17:54","Ilgner, Jana",author,5
"Ingvarsson-Sundström, Anne_2025-11-19T21:18:30","Ingvarsson-Sundström, Anne",author,5
"Irish, Joel D._2025-11-19T21:16:46","Irish, Joel D.",author,5
"Jakobsson, Mattias_2025-11-19T21:18:24","Jakobsson, Mattias",author,5
"Jonson, Charlotte Hedenstierna_2025-11-19T21:22:38","Jonson, Charlotte Hedenstierna",author,5
"Kantanen, Juha_2025-11-19T21:21:14","Kantanen, Juha",author,5
"Kashuba, Natalija_2025-11-19T21:22:42","Kashuba, Natalija",author,5
"Kilinc, Gulsah Merve_2025-11-19T21:18:24","Kilinc, Gulsah Merve",author,5
"King, Megan_2025-11-19T21:16:46","King, Megan",author,5
"Knudson, Kelly J._2025-11-19T21:26:32","Knudson, Kelly J.",author,5
"Knutsson, Kjel_2025-11-19T21:18:26","Knutsson, Kjel",author,5
"Kockum, Ingrid_2025-11-19T21:48:33","Kockum, Ingrid",author,5
"Krzewińska, Maja_2025-11-19T21:17:53","Krzewińska, Maja",author,5
"LIRA, JAIME_2025-11-19T21:25:07","LIRA, JAIME",author,5
"Lagerholm, Vendela Kempe_2025-11-19T21:17:53","Lagerholm, Vendela Kempe",author,5
"Laudet, Vincent_2025-11-19T21:32:18","Laudet, Vincent",author,5
"Lidén, Kerstin_2025-11-19T21:21:14","Lidén, Kerstin",author,5
"Linderholm, Anna_2025-11-19T21:17:07","Linderholm, Anna",author,5
"Lindström, Jonathan_2025-11-19T21:38:00","Lindström, Jonathan",author,5
"Ljung, Cecilia_2025-11-19T21:17:05","Ljung, Cecilia",author,5
"López, Nieves Veiga_2025-11-19T21:17:18","López, Nieves Veiga",author,5
"Martiniano, Rui_2025-11-19T21:22:38","Martiniano, Rui",author,5
"Mispelaere, Jan_2025-11-19T21:18:30","Mispelaere, Jan",author,5
"Moore, Kristjan H S_2025-11-19T21:48:01","Moore, Kristjan H S",author,5
"Morez, Adeline_2025-11-19T21:22:42","Morez, Adeline",author,5
"Musalek, Christina_2025-11-19T21:38:40","Musalek, Christina",author,5
"Nicholson, J_2025-11-19T21:21:29","Nicholson, J",author,5
"Niederstätter, Harald_2025-11-19T21:38:40","Niederstätter, Harald",author,5
"Niemi, Marianna_2025-11-19T21:21:14","Niemi, Marianna",author,5
"Nyström, Veronica_2025-11-19T21:21:14","Nyström, Veronica",author,5
"OLARIA, CARMEN_2025-11-19T21:25:08","OLARIA, CARMEN",author,5
"Olason, Pall Isolfur_2025-11-19T21:25:58","Olason, Pall Isolfur",author,5
"Olausson, Michael_2025-11-19T21:27:35","Olausson, Michael",author,5
"Olsson, Tomas_2025-11-19T21:48:33","Olsson, Tomas",author,5
"Omrak, Ayca_2025-11-19T21:18:24","Omrak, Ayca",author,5
"O’Donnabhain, Barra_2025-11-19T21:26:32","O’Donnabhain, Barra",author,5
"Panagopoulos, Ioannis_2025-11-19T21:26:31","Panagopoulos, Ioannis",author,5
"Papmehl-Dufay, Ludvig_2025-11-19T21:48:33","Papmehl-Dufay, Ludvig",author,5
"Parson, Walther_2025-11-19T21:35:24","Parson, Walther",author,5
"Peacock, Elizabeth E._2025-11-19T21:24:30","Peacock, Elizabeth E.",author,5
"Peyroteo Stjerna, Rita_2025-11-19T21:18:26","Peyroteo Stjerna, Rita",author,5
"Pires, Ana Elisabete_2025-11-19T21:26:31","Pires, Ana Elisabete",author,5
"Pochon, Zoé_2025-11-19T21:17:53","Pochon, Zoé",author,5
"Pospieszny, Łukasz_2025-11-19T21:38:00","Pospieszny, Łukasz",author,5
"Possnert, Göran_2025-11-19T21:17:07","Possnert, Göran",author,5
"Pérez-Ramallo, Patxi_2025-11-19T21:17:18","Pérez-Ramallo, Patxi",author,5
"Quattrocchio, Mirta_2025-11-19T21:35:31","Quattrocchio, Mirta",author,5
"Munters, Arielle R._2025-11-19T21:38:00",Ricardo Rodriguez-Varela,author,5
"Roberts, Patrick_2025-11-19T21:17:54","Roberts, Patrick",author,5
"Rodríguez-Varela, Ricardo_2025-11-19T21:17:53","Rodríguez-Varela, Ricardo",author,5
"Saarma, Urmas_2025-11-19T21:42:35","Saarma, Urmas",author,5
"Sajantila, Antti_2025-11-19T21:34:29","Sajantila, Antti",author,5
"Saliari, Konstantina_2025-11-19T21:38:40","Saliari, Konstantina",author,5
"Sanchez-Pinto, Iban_2025-11-19T21:17:53","Sanchez-Pinto, Iban",author,5
Sarah Tarlow_2025-11-19T21:25:19,Sarah Tarlow,author,5
"Simola, Heikki_2025-11-19T21:49:49","Simola, Heikki",author,5
"Simões, Luciana G._2025-11-19T21:18:26","Simões, Luciana G.",author,5
"Skar, Birgitte_2025-11-19T21:22:38","Skar, Birgitte",author,5
"Sobrado, Veronica_2025-11-19T21:18:24","Sobrado, Veronica",author,5
"Solaun, José Luis_2025-11-19T21:17:53","Solaun, José Luis",author,5
"Somel, Mehmet_2025-11-19T21:18:24","Somel, Mehmet",author,5
"Southam, L_2025-11-19T21:21:29","Southam, L",author,5
"Staniewska, Alexandra_2025-11-19T21:17:54","Staniewska, Alexandra",author,5
"Stefánsson, Kari_2025-11-19T21:25:06","Stefánsson, Kari",author,5
"Stenbäck, Niklas_2025-11-19T21:35:35","Stenbäck, Niklas",author,5
"Storå, Jan_2025-11-19T21:17:07","Storå, Jan",author,5
"Strobl, Christina_2025-11-19T21:35:24","Strobl, Christina",author,5
"Stutz, Liv Nilsson_2025-11-19T21:18:26","Stutz, Liv Nilsson",author,5
"Sumberova, Radka_2025-11-19T21:47:12","Sumberova, Radka",author,5
"Svensson, Emma M._2025-11-19T21:26:31","Svensson, Emma M.",author,5
"Sánchez-Pardo, José Carlos_2025-11-19T21:17:18","Sánchez-Pardo, José Carlos",author,5
"Sánchez-Quinto, Federico_2025-11-19T21:47:12","Sánchez-Quinto, Federico",author,5
"Taavitsainen, Jussi-Pekka_2025-11-19T21:21:14","Taavitsainen, Jussi-Pekka",author,5
"Talamo, Sahra_2025-11-19T21:22:42","Talamo, Sahra",author,5
"Telldahl, Ylva_2025-11-19T21:26:33","Telldahl, Ylva",author,5
"Iso-Touru, Terhi_2025-11-19T21:21:14",Terhi Iso-Touru,author,5
"Töchterle, Ulrike_2025-11-19T21:38:40","Töchterle, Ulrike",author,5
"Turner-Walker, Gordon_2025-11-19T21:22:38","Turner-Walker, Gordon",author,5
"Tõrv, Mari_2025-11-19T21:18:26","Tõrv, Mari",author,5
"Valdiosera, Cristina_2025-11-19T21:17:53","Valdiosera, Cristina",author,5
"Valoriani, Satu_2025-11-19T21:16:46","Valoriani, Satu",author,5
"Vega, E_2025-11-19T21:21:29","Vega, E",author,5
"Victor, Helena_2025-11-19T21:48:33","Victor, Helena",author,5
"Waldner, Thomas Koch_2025-11-19T21:38:40","Waldner, Thomas Koch",author,5
"Walters, G. Bragi_2025-11-19T21:25:06","Walters, G. Bragi",author,5
"Ward, Renée_2025-11-19T21:21:18","Ward, Renée",author,5
"Werge, Thomas_2025-11-19T21:48:33","Werge, Thomas",author,5
"Yaka, Reyhan_2025-11-19T21:17:53","Yaka, Reyhan",author,5
"Yao, Yong-Gang_2025-11-19T21:34:29","Yao, Yong-Gang",author,5
"Zachrisson, Torun_2025-11-19T21:17:05","Zachrisson, Torun",author,5
"Zimmermann, Bettina_2025-11-19T21:35:24","Zimmermann, Bettina",author,5
"de Anca Prado, Violeta_2025-11-19T21:17:53","de Anca Prado, Violeta",author,5
"Alzualde, Ainhoa_2026-01-14T22:02:37",,author,5
"Izagirre, Neskuts_2026-01-14T22:02:39",,author,5
"de la Rúa, Concepción_2026-01-14T22:02:44",,author,5
69825516c835c41957dfdc61,A female Viking warrior confirmed by genomics,publication,5
69825516c835c41957dfccad,Ancient DNA reveals traces of Iberian Neolithic and Bronze Age lineages in modern Iberian horses,publication,5
69825516c835c41957dfd2d6,Ancient-DNA reveals an Asian type of Mycobacterium leprae in medieval Scandinavia,publication,5
69825516c835c41957dfc328,Björned – benanalyser och kulturhistoriska tolkningar: Undersökningar kring en nordsvensk begravningsplats från tidig,publication,5
69825516c835c41957dfcdad,Burial of the Christian Dead in the Later Middle Ages,publication,5
69825516c835c41957dfcc8d,Composition of the founding population of Iceland: Biological distance and morphological variation in early historic Atl,publication,5
69825516c835c41957dfd2fa,Corrigendum to “Ancient-DNA reveals an Asian type of Mycobacterium leprae in medieval Scandinavia” [J. Archaeol. Sci. 40,publication,5
69825517c835c41957e013f1,Cultivation History Beyond the Periphery: Early Agriculture in the North European Boreal Forest,publication,5
69825517c835c41957e0065e,Cultural influences on the castration age of cattle in the northern Baltic Sea region during the medieval and post-medie,publication,5
69825516c835c41957dfd2fd,"Dietary patterns and social structures in medieval Sigtuna, Sweden, as reflected in stable isotope values in human skele",publication,5
69825516c835c41957dfaa2b,Early and Middle Holocene Climate and Environmental Change,publication,5
69825516c835c41957dfa720,"Five centuries of consanguinity, isolation, health, and conflict in Las Gobas: A Northern Medieval Iberian necropolis",publication,5
69825516c835c41957dfba1a,Genetic evidence for a family-based Scandinavian settlement of Shetland and Orkney during the Viking periods,publication,5
69825516c835c41957dfe793,Genomic and Strontium Isotope Variation Reveal Immigration Patterns in a Viking Age Town,publication,5
69825517c835c41957dffb1e,House of the dead-exceptional burials of the Avar period (seventh century AD) in Podersdorf am See (Burgenland/A),publication,5
69825517c835c41957e01108,Imputed genomes and haplotype-based analyses of the Picts of early medieval Scotland reveal fine-scale relatedness betwe,publication,5
69825517c835c41957e0196a,"Insights into the ""isolation"" of the Basques: mtDNA lineages from the historical site of Aldaieta (6th-7th centuries AD)",publication,5
69825517c835c41957e004bb,"Integrating isotopes and documentary evidence: dietary patterns in a late medieval and early modern mining community, Sw",publication,5
69825516c835c41957dff24e,Late Holocene climatic changes in Tierra del Fuego based on multiproxy analyses of peat deposits,publication,5
69825517c835c41957dffca6,Medieval Masculinities and Violence: Weapon-Related Trauma in Skeletal Assemblages from Two Religious Houses in Iceland ,publication,5
69825516c835c41957dfa12e,Medieval migrations and the birth of modern British peoples: a craniometric approach,publication,5
69825517c835c41957e00bf6,Megalithic tombs in western and northern Neolithic Europe were linked to a kindred society,publication,5
69825516c835c41957dfd2dd,Migration and Viking Dublin: paleomobility and paleodiet through isotopic analyses,publication,5
69825516c835c41957dff1fb,Mitochondrial DNA analysis of a Viking age mass grave in Sweden,publication,5
69825516c835c41957dfb8ef,Mitochondrial DNA and Y-chromosomal diversity in ancient populations of domestic sheep (Ovis aries) in Finland: comparis,publication,5
69825516c835c41957dfd0a4,Mitochondrial DNA variation in the Viking age population of Norway,publication,5
69825516c835c41957dfd2d9,"Molecular and osteometric sexing of cattle metacarpals: a case study from 15th century AD Beja, Portugal",publication,5
69825516c835c41957dfaa2e,Northern Scandinavia,publication,5
69825516c835c41957dfdb50,Origins of inhabitants from the 16th century Sala (Sweden) silver mine cemetery - A lead isotope perspective,publication,5
69825516c835c41957dfc91c,Preliminary results of bone diagenesis in Scandinavian bogs,publication,5
69825516c835c41957dfaa2c,Sensory Experiences,publication,5
69825516c835c41957dfa27f,Skärningspunkt Sigtuna En första presentation av ett forskningsprojekt,publication,5
69825516c835c41957dfa3c2,"Social elite from the power centre of Late Antique Gallaecia? Revisiting San Bartolomé de Rebordáns (Tui, Spain)",publication,5
69825516c835c41957dfaa2f,Southern Scandinavia,publication,5
69825516c835c41957dfef52,Temporal Fluctuation in North East Baltic Sea Region Cattle Population Revealed by Mitochondrial and Y-Chromosomal DNA A,publication,5
69825516c835c41957dff27c,"The Jettböle middle Neolithic site on the Åland Islands - human remains, ancient DNA and pottery",publication,5
69825517c835c41957e00ece,The Sandby Borg Massacre: Interpersonal Violence and the Demography of the Dead,publication,5
69825516c835c41957dfd6eb,The Viking Age Paradox: Continuity and Discontinuity of Fortifications and Defence Works in Eastern Scandinavia,publication,5
69825517c835c41957e00fc5,The genetic history of Scandinavia from the Roman Iron Age to the present,publication,5
69825517c835c41957dff930,The genomic ancestry of the Scandinavian Battle Axe Culture people and their relation to the broader Corded Ware horizon,publication,5
69825516c835c41957dfe801,Typing Late Prehistoric Cows and Bulls—Osteology and Genetics of Cattle at the Eketorp Ringfort on the Öland Island in S,publication,5
69825516c835c41957dfa73b,Unveiling Bishop Teodomiro of Iria Flavia? An attempt to identify the discoverer of St James's tomb through osteological,publication,5
69825516c835c41957dfaa2d,Who Were the Mesolithic People : The Archaeogenomic Perspective,publication,5
"ANDERUNG, CECILIA_2025-11-19T21:25:18","ANDERUNG, CECILIA",author,6
"Abramów, Joanna_2025-11-19T21:50:56","Abramów, Joanna",author,6
"Ioniță, A._2025-11-19T21:46:11",Adrian Ionita,author,6
"Andrén, Anders_2025-11-19T21:17:30","Andrén, Anders",author,6
"Astill, Grenville_2025-11-19T21:17:30","Astill, Grenville",author,6
"Augenti, Andrea_2025-11-19T21:17:30","Augenti, Andrea",author,6
"BANERJEA, ROWENA_2025-11-19T21:17:25","BANERJEA, ROWENA",author,6
"BAUBLIENE, JURGITA_2025-11-19T21:25:18","BAUBLIENE, JURGITA",author,6
"BLACK, STUART_2025-11-19T21:17:25","BLACK, STUART",author,6
"Babos, Heidi B._2025-11-19T21:34:29","Babos, Heidi B.",author,6
"Badal, Joan Viciano_2025-11-19T21:47:58","Badal, Joan Viciano",author,6
"Badura, Monika_2025-11-19T21:17:59","Badura, Monika",author,6
"Balbo, Andrea L._2025-11-19T21:26:31","Balbo, Andrea L.",author,6
"Barker, Graeme_2025-11-19T21:20:53","Barker, Graeme",author,6
"Bartz, Wojciech_2025-11-19T21:16:33","Bartz, Wojciech",author,6
"Motah, Beenesh A._2025-11-19T21:47:16",Beenesh A. Motah,author,6
"Bienias, Dorota_2025-11-19T21:48:16","Bienias, Dorota",author,6
"Bogosavljević-Petrović, Vera Ž._2025-11-19T21:21:19","Bogosavljević-Petrović, Vera Ž.",author,6
"Bojarski, Jacek_2025-11-19T21:17:18","Bojarski, Jacek",author,6
"Brown, Alex_2025-11-19T21:26:32","Brown, Alex",author,6
"Brown, Alexander_2025-11-19T21:22:31","Brown, Alexander",author,6
"Brown, Alexander Douglas_2025-11-19T21:46:27","Brown, Alexander Douglas",author,6
"Bulatović, Jelena B._2025-11-19T21:21:19","Bulatović, Jelena B.",author,6
"Błędowski, Piotr_2025-11-19T21:17:59","Błędowski, Piotr",author,6
"Cardini, Andrea_2025-11-19T21:20:53","Cardini, Andrea",author,6
"Chappaz, Anthony_2025-11-19T21:34:29","Chappaz, Anthony",author,6
"Chrószcz, Aleksander_2025-11-19T21:32:08","Chrószcz, Aleksander",author,6
"Chudziak, Wojciech_2025-11-19T21:17:18","Chudziak, Wojciech",author,6
"Ciaputa, Rafał_2025-11-19T21:32:08","Ciaputa, Rafał",author,6
"Cressier, Patrice_2025-11-19T21:39:28","Cressier, Patrice",author,6
"DAUGNORA, LINAS_2025-11-19T21:25:18","DAUGNORA, LINAS",author,6
"Bissessur, Dass_2025-11-19T21:47:16",Dass Bissessur,author,6
"Drozd-Lipińska, Alicja_2025-11-19T21:28:58","Drozd-Lipińska, Alicja",author,6
"Duda, Michalina_2025-11-19T21:30:39","Duda, Michalina",author,6
"Ežerinskis, Žilvinas_2025-11-19T21:47:43","Ežerinskis, Žilvinas",author,6
"Fenwick, Corisande_2025-11-19T21:18:37","Fenwick, Corisande",author,6
"Garbaras, Andrius_2025-11-19T21:47:43","Garbaras, Andrius",author,6
"García-Contreras, Guillermo_2025-11-19T21:49:29","García-Contreras, Guillermo",author,6
"Gardeła, Leszek_2025-11-19T21:16:10","Gardeła, Leszek",author,6
"Gilchrist, Roberta_2025-11-19T21:17:30","Gilchrist, Roberta",author,6
"Gojković, Dragica_2025-11-19T21:22:24","Gojković, Dragica",author,6
"Grant, Annie_2025-11-19T21:30:53","Grant, Annie",author,6
"Green, Magnus_2025-11-19T21:31:17","Green, Magnus",author,6
"Grieco, Valeria_2025-11-19T21:32:08","Grieco, Valeria",author,6
"Gustafsson, Christer_2025-11-19T21:37:08","Gustafsson, Christer",author,6
"Gustafsson, Ny Björn_2025-11-19T21:25:11","Gustafsson, Ny Björn",author,6
"Gustavsson, Rudolf_2025-11-19T21:15:49","Gustavsson, Rudolf",author,6
"Heimdahl, Jens_2025-11-19T21:15:49","Heimdahl, Jens",author,6
"Runghen, Hemanaden_2025-11-19T21:47:16",Hemanaden Runghen,author,6
"Insoll, Timothy_2025-11-19T21:18:37","Insoll, Timothy",author,6
"Janeczek, Maciej_2025-11-19T21:22:25","Janeczek, Maciej",author,6
"Janowski, Andrzej_2025-11-19T21:15:50","Janowski, Andrzej",author,6
"Jarzebowski, Marc_2025-11-19T21:26:35","Jarzebowski, Marc",author,6
"Jóźwiak, Sławomir_2025-11-19T21:16:33","Jóźwiak, Sławomir",author,6
"Jędrychowska-Dańska, Krystyna_2025-11-19T21:17:18","Jędrychowska-Dańska, Krystyna",author,6
"KALNIŅŠ, GUNDARS_2025-11-19T21:17:25","KALNIŅŠ, GUNDARS",author,6
"Kajkowski, Kamil_2025-11-19T21:16:25","Kajkowski, Kamil",author,6
"Kaźmierczak, Ryszard_2025-11-19T21:17:59","Kaźmierczak, Ryszard",author,6
"Kirchner, Helena_2025-11-19T21:22:16","Kirchner, Helena",author,6
"Kowalewska, Barbara_2025-11-19T21:50:56","Kowalewska, Barbara",author,6
"Kozłowski, Tomasz_2025-11-19T21:17:18","Kozłowski, Tomasz",author,6
"Kramkowski, Mateusz_2025-11-19T21:17:59","Kramkowski, Mateusz",author,6
"Krstić, Nikola_2025-11-19T21:22:25","Krstić, Nikola",author,6
"Kuczkowski, Andrzej_2025-11-19T21:16:25","Kuczkowski, Andrzej",author,6
"Kurila, Laurynas_2025-11-19T21:47:43","Kurila, Laurynas",author,6
"Latałowa, Małgorzata_2025-11-19T21:20:52","Latałowa, Małgorzata",author,6
"Lefebvre, Bastien_2025-11-19T21:20:16","Lefebvre, Bastien",author,6
"Lewandowska, Magda_2025-11-19T21:37:11","Lewandowska, Magda",author,6
"Lloret, Sonia Gutiérrez_2025-11-19T21:39:28","Lloret, Sonia Gutiérrez",author,6
"Löfving, Axel_2025-11-19T21:15:49","Löfving, Axel",author,6
"MALTBY, MARK_2025-11-19T21:17:25","MALTBY, MARK",author,6
"Maciejewska, Karolina_2025-11-19T21:36:15","Maciejewska, Karolina",author,6
"Makowiecki, Daniel_2025-11-19T21:17:59","Makowiecki, Daniel",author,6
"Manfio, Stefania_2025-11-19T21:47:16","Manfio, Stefania",author,6
"Marinković, Darko_2025-11-19T21:22:25","Marinković, Darko",author,6
"Marić, Miroslav M._2025-11-19T21:21:19","Marić, Miroslav M.",author,6
"Marković, Nemanja D._2025-11-19T21:21:19","Marković, Nemanja D.",author,6
"Masłowska, Alicja_2025-11-19T21:17:18","Masłowska, Alicja",author,6
"Małkowski, Wiesław_2025-11-19T21:36:15","Małkowski, Wiesław",author,6
"Micelicaitė, Viktorija_2025-11-19T21:47:43","Micelicaitė, Viktorija",author,6
"Misiewicz, Krzysztof_2025-11-19T21:36:15","Misiewicz, Krzysztof",author,6
"Molewski, Paweł_2025-11-19T21:16:33","Molewski, Paweł",author,6
"Moret, Pierre_2025-11-19T21:20:16","Moret, Pierre",author,6
"Moszczyński, Paweł_2025-11-19T21:36:15","Moszczyński, Paweł",author,6
"Możejko, Beata_2025-11-19T21:20:52","Możejko, Beata",author,6
"Navarro, Carmen_2025-11-19T21:22:16","Navarro, Carmen",author,6
"Niedziółka, Kamil_2025-11-19T21:15:34","Niedziółka, Kamil",author,6
"Noryśkiewicz, Agnieszka M._2025-11-19T21:17:59","Noryśkiewicz, Agnieszka M.",author,6
"Odebäck, Kerstin_2025-11-19T21:16:10","Odebäck, Kerstin",author,6
"Opelkova, Monika_2025-11-19T21:39:11","Opelkova, Monika",author,6
"Pasicka, Edyta_2025-11-19T21:47:58","Pasicka, Edyta",author,6
"Petković, Sofija_2025-11-19T21:15:52","Petković, Sofija",author,6
"Petrujkić, Katarina_2025-11-19T21:22:25","Petrujkić, Katarina",author,6
"Pluskowski, Aleksander G._2025-11-19T21:16:39","Pluskowski, Aleksander G.",author,6
"Poradowski, Dominik_2025-11-19T21:32:08","Poradowski, Dominik",author,6
"Poska, Anneli_2025-11-19T21:34:21","Poska, Anneli",author,6
"Coopen, Priscilla_2025-11-19T21:47:16",Priscilla Coopen,author,6
"Puy, Arnald_2025-11-19T21:26:31","Puy, Arnald",author,6
"Płoszaj, Tomasz_2025-11-19T21:17:18","Płoszaj, Tomasz",author,6
"Rannamäe, Eve_2025-11-19T21:32:23","Rannamäe, Eve",author,6
"Badal, Rezah_2025-11-19T21:47:16",Rezah Badal,author,6
"Robaszkiewicz, Agnieszka_2025-11-19T21:17:18","Robaszkiewicz, Agnieszka",author,6
"Rohrssen, Megan_2025-11-19T21:34:29","Rohrssen, Megan",author,6
"Rozwadowski, Grzegorz_2025-11-19T21:32:08","Rozwadowski, Grzegorz",author,6
"Rundkvist, Martin_2025-11-19T21:15:49","Rundkvist, Martin",author,6
"SEETAH, KRISH_2025-11-19T21:17:25","SEETAH, KRISH",author,6
"Sawicki, Zbigniew_2025-11-19T21:22:31","Sawicki, Zbigniew",author,6
"Schultzén, Joakim_2025-11-19T21:26:33","Schultzén, Joakim",author,6
"Mamode, Shameelah A. H._2025-11-19T21:47:16",Shameelah A. H. Mamode,author,6
"Shillito, Lisa-Marie_2025-11-19T21:22:31","Shillito, Lisa-Marie",author,6
"Siemianowska, Ewelina_2025-11-19T21:50:56","Siemianowska, Ewelina",author,6
"Munnaroo, Sivanee_2025-11-19T21:47:16",Sivanee Munnaroo,author,6
"Skalec, Aleksandra_2025-11-19T21:32:08","Skalec, Aleksandra",author,6
"Spychalski, Przemysław_2025-11-19T21:32:08","Spychalski, Przemysław",author,6
"Staecker, Jörn_2025-11-19T21:17:30","Staecker, Jörn",author,6
"Stevanović, Oliver_2025-11-19T21:22:25","Stevanović, Oliver",author,6
"Stivrins, Normunds_2025-11-19T21:26:35","Stivrins, Normunds",author,6
"Szczepanik, Paweł_2025-11-19T21:47:58","Szczepanik, Paweł",author,6
"Tesch, Sten_2025-11-19T21:23:56","Tesch, Sten",author,6
"Thomas, Gabor_2025-11-19T21:17:30","Thomas, Gabor",author,6
"Tomasgard, Hanne Maria_2025-11-19T21:50:57","Tomasgard, Hanne Maria",author,6
"Trailović, Ružica_2025-11-19T21:22:25","Trailović, Ružica",author,6
"Trupinda, Janusz_2025-11-19T21:29:49","Trupinda, Janusz",author,6
"Tyszkowski, Sebastian_2025-11-19T21:36:15","Tyszkowski, Sebastian",author,6
"Viberg, Andreas_2025-11-19T21:15:49","Viberg, Andreas",author,6
"Virgili, Antoni_2025-11-19T21:17:18","Virgili, Antoni",author,6
"Walker, Bethany J._2025-11-19T21:39:28","Walker, Bethany J.",author,6
"Wasik, Bogusz_2025-11-19T21:36:15","Wasik, Bogusz",author,6
"Weinkauf, Marcin_2025-11-19T21:50:56","Weinkauf, Marcin",author,6
"Wiejacka, Martyna_2025-11-19T21:39:11","Wiejacka, Martyna",author,6
"Wiewióra, Marcin_2025-11-19T21:16:23","Wiewióra, Marcin",author,6
"Wikström, Anders_2025-11-19T21:22:14","Wikström, Anders",author,6
"Williams, Howard_2025-11-19T21:17:10","Williams, Howard",author,6
"Witas, Henryk W._2025-11-19T21:17:18","Witas, Henryk W.",author,6
"Witkowska, Karolina_2025-11-19T21:16:33","Witkowska, Karolina",author,6
"Wynne, Amanda Dawn_2025-11-19T21:26:35","Wynne, Amanda Dawn",author,6
"von Arnim, Yann_2025-11-19T21:47:16",Yann von Arnim,author,6
"Zabilska-Kunek, Miroslawa_2025-11-19T21:22:31","Zabilska-Kunek, Miroslawa",author,6
"Zagurskytė, Aurelija_2025-11-19T21:47:43","Zagurskytė, Aurelija",author,6
"Zamerska, Alicja_2025-11-19T21:28:58","Zamerska, Alicja",author,6
"Łukaszewicz, Jadwiga_2025-11-19T21:16:33","Łukaszewicz, Jadwiga",author,6
"Święta-Musznicka, Joanna_2025-11-19T21:15:34","Święta-Musznicka, Joanna",author,6
"Šapolaitė, Justina_2025-11-19T21:47:43","Šapolaitė, Justina",author,6
"Matczak, Magdalena D._2026-01-14T22:00:15",,author,6
69825517c835c41957e0077f,"A Viking boat grave with amber gaming pieces excavated at Skamby, Östergötland, Sweden",publication,6
69825517c835c41957dffd38,Al-Andalus,publication,6
69825516c835c41957df9d5e,An integrated archaeo-palaeoenvironmental approach to the study of human-environment relationships in the Wierzchowo Lak,publication,6
69825517c835c41957dff6c9,"Analysis of maternal lineage structure of individuals from chamber graves placed in medieval cemetery in Kałdus, Central",publication,6
69825516c835c41957dfa3c5,Analysis of medieval mtDNA from Napole cemetery provides new insights into the early history of Polish state,publication,6
69825516c835c41957dfdc37,Ancient DNA analysis might suggest external origin of individuals from chamber graves placed in medieval cemetery in Pie,publication,6
69825517c835c41957dff40f,Biała Góra: the forgotten colony in the medieval Pomeranian-Prussian borderlands,publication,6
69825517c835c41957dffca5,Birds at the Teutonic Order's castles in Prussia (Poland),publication,6
69825517c835c41957e00eba,"Castles and towns of the Teutonic Order in Chelmno Land: Environment, animals and plant subsistence. A new archaeologica",publication,6
69825517c835c41957e00741,Chivalrous knights in the age of steam: heraldic harness mounts of 19th-century Scandinavia,publication,6
69825516c835c41957dfb953,Dating the Late Neolithic of the central Morava region: The Bayesian chronological modeling of archival samples from the,publication,6
69825516c835c41957dfd2e1,Detecting the environmental impact of the Baltic Crusades on a late-medieval (13th-15th century) frontier landscape: pal,publication,6
69825516c835c41957dfcdc6,Die heiligen Wälder der Slawen in Pommern im frühen Mittelalter,publication,6
69825517c835c41957e01819,Domniemana karczma z wczesnośredniowiecznego zespołu osadniczego w Kałdusie na Pomorzu Nadwiślańskim = The supposed i,publication,6
69825517c835c41957e001f7,Early medieval burial of woman and fox at the slog necropolis in Ravna (Timacum Minus) in Eastern Serbia,publication,6
69825516c835c41957dfb793,"Environmental context and the role of plants at the early medieval artificial island in the lake Paklicko Wielkie, Nowy ",publication,6
69825516c835c41957dfef59,Evidence for the onset of mining activities during the 13th century in Poland using lead isotopes from lake sediment cor,publication,6
69825517c835c41957e0098b,"Excavations at the Medieval Fortress in Feldioara/Marienburg, 2007",publication,6
69825516c835c41957df9e4e,"Gold-foil figures and human skulls in the royal hall at Aska, Hagebyhöga, Östergötland",publication,6
69825517c835c41957e00bd8,Groby podwójne w Polsce wczesnośredniowiecznej. Próba rewaluacji,publication,6
69825517c835c41957e00d01,"Horses in Lithuania in the Late Roman–Medieval Period (3rd–14th C AD) Burial Sites: Updates on Size, Age and Dating",publication,6
69825517c835c41957e00dc0,"Horses in the Early Medieval (10th–13th c.) Religious Rituals of Slavs in Polish Areas—An Archaeozoological, Archaeologi",publication,6
69825516c835c41957dfb7ab,How many specimens do I need? Sampling error in geometric morphometrics: testing the sensitivity of means and variances ,publication,6
69825516c835c41957dfe772,Identification of probable telangiectatic osteosarcoma from a dog skull from multicultural settlement Polwica-Skrzypnik ,publication,6
69825517c835c41957e00715,Inhabitants of a sacred townscape : an archaeological and osteological analysis of skeletal remains from late Viking Age,publication,6
69825516c835c41957dfb471,"La iglesia altomedieval de la Silla del Papa (Tarifa, Cádiz)",publication,6
69825516c835c41957dfa7ad,Lacustrine islands in the cultural and natural landscape of Western Slavs in the early Middle Ages,publication,6
69825517c835c41957dffc2f,"Late-Medieval Horse Remains at Cēsis Castle, Latvia, and the Teutonic Order's Equestrian Resources in Livonia",publication,6
69825516c835c41957dfa0ae,Local or imported? The origin of the raw material used in manufacturing bricks from castles of the Teutonic knights in n,publication,6
69825517c835c41957e00c0a,Mapping of Underwater Cultural Heritage: The Geophysical Survey and Data Management of HMS Sirius Shipwreck,publication,6
69825516c835c41957dfcd80,Medieval remains from Lithuania indicate loss of a mitochondrial haplotype in Bison bonasus,publication,6
69825516c835c41957dfd82c,Meshing around: integrating ground-penetrating radar surveys and photogrammetric documentation for the reconstruction of,publication,6
69825516c835c41957dfeef4,Miniature Shields in the Viking Age: A Reassessment,publication,6
69825517c835c41957dff6b0,"Multi-Channel Ground-Penetrating Radar Array Surveys of the Iron Age and Medieval Ringfort Bårby on the Island of Öland,",publication,6
69825516c835c41957dfbde8,"Objetivos, métodos y práctica de la arqueología hidráulica",publication,6
69825517c835c41957dffdda,On What Were Oaths Taken in Christian Latin Europe in the High Middle Ages (12th-Early 14th Centuries)?,publication,6
69825517c835c41957e01922,"Osteobiographies of Disability and Emotions in Medieval Culmen, Poland",publication,6
69825516c835c41957dfc00c,Paleopathological and radiological examination of the Auar period horse bones from central Balkans (Serbia),publication,6
69825516c835c41957dfcd49,"Potential osteoarchaeological evidence for riding and the military use of horses at Malbork Castle, Poland",publication,6
69825517c835c41957e00423,Preliminary Reflections on Horse – Human Relationship in Early Medieval Poland on the Basis of History and Archaeozoolog,publication,6
69825516c835c41957dfc00a,Ranosrednjovekovna sahrana žene i lisice na nekropoli Slog u Ravni (Timacum Minus) u istočnoj Srbiji,publication,6
69825517c835c41957e012b3,Re-thinking the ‘Green Revolution’ in the Mediterranean world,publication,6
69825516c835c41957dfa4eb,Religious Transformations in the Middle Ages: Towards a New Archaeological Agenda,publication,6
69825517c835c41957e00112,Slavs and Snakes: Material Markers of Elite Identity in Viking Age Poland,publication,6
69825516c835c41957dfbf53,"Sobrevivir en la frontera de la guerra santa: expansión política, cruzadas, explotación ambiental y el asentamiento m",publication,6
69825516c835c41957dfe815,St. Mary's Dominican Convent in Sigtuna revisited : geophysical and archaeological investigations,publication,6
69825516c835c41957dff3ce,"Survival at the Frontier of Holy War: Political Expansion, Crusading, Environmental Exploitation and the Medieval Coloni",publication,6
69825516c835c41957dfe848,The Baltic Crusades and ecological transformation: The zooarchaeology of conquest and cultural change in the Eastern Bal,publication,6
69825516c835c41957dfe473,The Countryside of Medieval England,publication,6
69825516c835c41957dfd30e,The Ecological Impact of Conquest and Colonization on a Medieval Frontier Landscape: Combined Palynological and Geochemi,publication,6
69825517c835c41957e00f9f,The Multi-faced So-called Miniature Idols from the Baltic Sea Area Wielotwarzowe miniaturowe idole z basenu Morza Bałtyc,publication,6
69825517c835c41957dff402,The Teutonic crusade in Prussia: reconstruction of a medieval fortified settlement complex at Unisław,publication,6
69825516c835c41957dfb792,The comparison of archaeobotanical data and the oldest documentary records (14th-15th century) of useful plants in medie,publication,6
69825516c835c41957dfeef0,The environmental impact of cultural change: Palynological and quantitative land cover reconstructions for the last two ,publication,6
69825516c835c41957dfd2cf,"The evolution of Mediterranean wetlands in the first millennium AD: The case of Les Arenes floodplain (Tortosa, NE Spain",publication,6
69825517c835c41957e00a30,Thirteenth century cultural deposits at the castle of the Teutonic Order in Karski = 13. sajandi kultuurkiht Karski ordu,publication,6
69825516c835c41957dfef5e,Topography and Spatial Layout of the Castle of the Teutonic Commander in Toruń in the Light of Medieval Written Sources,publication,6
69825516c835c41957dfccf8,"Tracing High-temperature Crafts: Magnetometry on the Island of Gotland, Sweden",publication,6
69825517c835c41957e01830,"VIKING ELITES FROM MYKLEBOSTAD, NORWAY LORDS OF THE FJORDS",publication,6
69825517c835c41957dffcbf,"Vampires, criminals or slaves? : reinterpreting 'deviant burials' in early medieval Poland",publication,6
69825516c835c41957dfa02f,Water in pre-Christian beliefs in Pomerania (northern Poland) of the early medieval period,publication,6
"Adrianova, I Yu_2025-11-19T21:21:18","Adrianova, I Yu",author,7
"Afanasiev, Gennady_2025-11-19T21:20:57","Afanasiev, Gennady",author,7
"Akmatov, Kunbolot_2025-11-19T21:20:57","Akmatov, Kunbolot",author,7
"Albrechtsen, Anders_2025-11-19T21:22:38","Albrechtsen, Anders",author,7
"Aldashev, Almaz_2025-11-19T21:20:57","Aldashev, Almaz",author,7
"Allentoft, Morten E._2025-11-19T21:21:01","Allentoft, Morten E.",author,7
"Allmäe, Raili_2025-11-19T21:22:38","Allmäe, Raili",author,7
"Alpaslan, Ashyk_2025-11-19T21:20:57","Alpaslan, Ashyk",author,7
"Anderson, Sue_2025-11-19T21:29:02","Anderson, Sue",author,7
"Andreeva, T. V._2025-11-19T21:18:36","Andreeva, T. V.",author,7
"Arrowsmith, J._2025-11-19T21:23:45","Arrowsmith, J.",author,7
"BURTON, JAMES_2025-11-19T21:17:21","BURTON, JAMES",author,7
"Baimbetov, Gabit_2025-11-19T21:20:57","Baimbetov, Gabit",author,7
"Baimukhanov, Nurbol_2025-11-19T21:20:57","Baimukhanov, Nurbol",author,7
"Bazaliiskii, Vladimir I._2025-11-19T21:20:57","Bazaliiskii, Vladimir I.",author,7
"Bazartseren, Tsevel_2025-11-19T21:21:01","Bazartseren, Tsevel",author,7
"Beisenov, Arman_2025-11-19T21:20:57","Beisenov, Arman",author,7
"Belka, Zdzislaw_2025-11-19T21:47:13","Belka, Zdzislaw",author,7
"Bhérer, Claude_2025-11-19T21:22:38","Bhérer, Claude",author,7
"Bogdanowicz, Wiesław_2025-11-19T21:22:12","Bogdanowicz, Wiesław",author,7
"Boldbaatar, Bazartseren_2025-11-19T21:20:57","Boldbaatar, Bazartseren",author,7
"Boldgiv, Bazartseren_2025-11-19T21:18:18","Boldgiv, Bazartseren",author,7
"Buko, Andrzej_2025-11-19T21:21:32","Buko, Andrzej",author,7
"Buś, Magdalena M_2025-11-19T21:22:38","Buś, Magdalena M",author,7
"Buzhilova, A P_2025-11-19T21:21:18","Buzhilova, A P",author,7
"Błaszczyk, Dariusz_2025-11-19T21:22:38","Błaszczyk, Dariusz",author,7
"Callmer, Johan_2025-11-19T21:14:19","Callmer, Johan",author,7
"Cassidy, Lara M_2025-11-19T21:22:38","Cassidy, Lara M",author,7
"Cheng, Jade_2025-11-19T21:22:38","Cheng, Jade",author,7
"Crosby, Christopher_2025-11-19T21:23:45",Christopher J. Crosby,author,7
"Dajani, Rana_2025-11-19T21:20:57","Dajani, Rana",author,7
Dmitriev Yevgeny A._2025-11-19T21:17:15,Dmitriev Yevgeny A.,author,7
"Dorzhu, Choduraa_2025-11-19T21:20:57","Dorzhu, Choduraa",author,7
"Drosten, Christian_2025-11-19T21:21:01","Drosten, Christian",author,7
"Epimakhov, Andrey_2025-11-19T21:21:01","Epimakhov, Andrey",author,7
"Erdenebaatar, Diimaajav_2025-11-19T21:20:57","Erdenebaatar, Diimaajav",author,7
"Evdokimov, Valeriy_2025-11-19T21:20:57","Evdokimov, Valeriy",author,7
"Evteev, A A_2025-11-19T21:21:18","Evteev, A A",author,7
"Falys, Ceri_2025-11-19T21:22:38","Falys, Ceri",author,7
"Fouchier, Ron A. M._2025-11-19T21:21:01","Fouchier, Ron A. M.",author,7
"Fox, Allison_2025-11-19T21:22:38","Fox, Allison",author,7
"Frei, Karin Margarita_2025-11-19T21:22:09","Frei, Karin Margarita",author,7
"Gibson, Julie_2025-11-19T21:18:18","Gibson, Julie",author,7
"Glebe, Dieter_2025-11-19T21:21:01","Glebe, Dieter",author,7
"Goldberg, Amy_2025-11-19T21:20:57","Goldberg, Amy",author,7
"Gopalakrishnan, Shyam_2025-11-19T21:47:13","Gopalakrishnan, Shyam",author,7
"Goryachev, Alexander_2025-11-19T21:20:57","Goryachev, Alexander",author,7
"Grabe, Magnus_2025-11-19T21:22:47","Grabe, Magnus",author,7
"Grigoreva, Natalia_2025-11-19T21:37:47","Grigoreva, Natalia",author,7
"Gromov, Andrey_2025-11-19T21:20:57","Gromov, Andrey",author,7
Guseva V.P._2025-11-19T21:17:07,Guseva V.P.,author,7
"Gustafsson, Jörgen_2025-11-19T21:22:38","Gustafsson, Jörgen",author,7
"Gustin, Ingrid_2025-11-19T21:18:11","Gustin, Ingrid",author,7
"Hakonarson, Hakon_2025-11-19T21:20:57","Hakonarson, Hakon",author,7
"Hansen, Anders Johannes_2025-11-19T21:38:41","Hansen, Anders Johannes",author,7
"Hegay, Tatyana_2025-11-19T21:20:57","Hegay, Tatyana",author,7
"Holtsmark Nielsen, Sofie_2025-11-19T21:38:41","Holtsmark Nielsen, Sofie",author,7
"Ichumbaki, Elgidius B._2025-11-19T21:38:34","Ichumbaki, Elgidius B.",author,7
"Ingason, Andrés_2025-11-19T21:22:38","Ingason, Andrés",author,7
"Iversen, Katrine H_2025-11-19T21:22:38","Iversen, Katrine H",author,7
"Jambor, J_2025-11-19T21:21:42","Jambor, J",author,7
"Jensen, Theis Z. T._2025-11-19T21:47:13","Jensen, Theis Z. T.",author,7
"Johannsen, Niels N._2025-11-19T21:47:13","Johannsen, Niels N.",author,7
"Jones, Terry C_2025-11-19T21:31:39","Jones, Terry C",author,7
"Jørkov, Marie Louise Schjellerup_2025-11-19T21:38:41","Jørkov, Marie Louise Schjellerup",author,7
"Jørsboe, Emil_2025-11-19T21:22:38","Jørsboe, Emil",author,7
"KEENLEYSIDE, ANNE_2025-11-19T21:17:21","KEENLEYSIDE, ANNE",author,7
"Kara, Michał_2025-11-19T21:22:09","Kara, Michał",author,7
Kasenalin Aibar Ye_2025-11-19T21:17:15,Kasenalin Aibar Ye,author,7
"Khachatryan, Zaruhi_2025-11-19T21:20:57","Khachatryan, Zaruhi",author,7
"Khaskhanov, Ruslan_2025-11-19T21:20:57","Khaskhanov, Ruslan",author,7
"Khodyreva, D S_2025-11-19T21:21:18","Khodyreva, D S",author,7
"Kinyera, Okeny Charles_2025-11-19T21:17:17","Kinyera, Okeny Charles",author,7
"Kitov, Egor P._2025-11-19T21:16:51","Kitov, Egor P.",author,7
"Kolbina, Alina_2025-11-19T21:20:57","Kolbina, Alina",author,7
"Konopka, Tomasz_2025-11-19T21:47:13","Konopka, Tomasz",author,7
"Korjenkov, Andrey_2025-11-19T21:23:45","Korjenkov, Andrey",author,7
"Korneliussen, Thorfinn_2025-11-19T21:20:57","Korneliussen, Thorfinn",author,7
"Krasnodębski, Dariusz_2025-11-19T21:22:12","Krasnodębski, Dariusz",author,7
"Kristiansen, Kristian_2025-11-19T21:21:01","Kristiansen, Kristian",author,7
"Kubatbek, Tabaldiev_2025-11-19T21:20:57","Kubatbek, Tabaldiev",author,7
Kukushkin Alexey I._2025-11-19T21:17:15,Kukushkin Alexey I.,author,7
"Kukushkin, Igor_2025-11-19T21:20:57",Kukushkin Igor A.,author,7
"Kunizheva, S. S._2025-11-19T21:18:36","Kunizheva, S. S.",author,7
"Lau, Nina_2025-11-19T21:20:57","Lau, Nina",author,7
"Lawson, Daniel J_2025-11-19T21:22:38","Lawson, Daniel J",author,7
"Littlewood, Mark_2025-11-19T21:18:18","Littlewood, Mark",author,7
"Logvin, Andrey_2025-11-19T21:21:01",Logvin Andrey V.,author,7
"Loman, Valeriy_2025-11-19T21:20:57",Loman Valeriy G.,author,7
"Lundstrøm, Inge_2025-11-19T21:22:38","Lundstrøm, Inge",author,7
"Lück, E._2025-11-19T21:25:11","Lück, E.",author,7
"Ma, Jilong_2025-11-19T21:22:38","Ma, Jilong",author,7
"Magnusson, Yvonne_2025-11-19T21:38:41","Magnusson, Yvonne",author,7
"Malyarchuk, A B_2025-11-19T21:21:18","Malyarchuk, A B",author,7
"Mamyrov, Ernes_2025-11-19T21:23:45","Mamyrov, Ernes",author,7
"Manakhov, A D_2025-11-19T21:18:35","Manakhov, A D",author,7
"Manakhov, P. D._2025-11-19T21:18:36","Manakhov, P. D.",author,7
"Manisse, Pierre-Damien_2025-11-19T21:42:53","Manisse, Pierre-Damien",author,7
"Marchi, Nina_2025-11-19T21:20:57","Marchi, Nina",author,7
"Margaryan, Ashot_2025-11-19T21:20:57","Margaryan, Ashot",author,7
"McColl, Hugh_2025-11-19T21:22:38","McColl, Hugh",author,7
"McKenna, Rosalind_2025-11-19T21:42:53","McKenna, Rosalind",author,7
"Merkyte, Inga_2025-11-19T21:20:57","Merkyte, Inga",author,7
"Mertz, Ilya V._2025-11-19T21:20:57","Mertz, Ilya V.",author,7
"Mertz, Viktor K._2025-11-19T21:20:57","Mertz, Viktor K.",author,7
"Merz, Victor_2025-11-19T21:21:01","Merz, Victor",author,7
"Micyk, Paweł._2025-11-19T21:28:03","Micyk, Paweł.",author,7
"Mijiddorj, Enkhbayar_2025-11-19T21:20:57","Mijiddorj, Enkhbayar",author,7
"Milbank, Danielle_2025-11-19T21:42:53","Milbank, Danielle",author,7
"Moiseyev, Vyacheslav_2025-11-19T21:16:51","Moiseyev, Vyacheslav",author,7
"Molak, Martyna_2025-11-19T21:16:09","Molak, Martyna",author,7
"Moltke, Ida_2025-11-19T21:22:38","Moltke, Ida",author,7
"Moreno-Mayar, J. Víctor_2025-11-19T21:20:57","Moreno-Mayar, J. Víctor",author,7
"Mukhtarova, Gulmira_2025-11-19T21:20:57","Mukhtarova, Gulmira",author,7
"Muntoni, Italo M_2025-11-19T21:22:38","Muntoni, Italo M",author,7
"Mühlemann, Barbara_2025-11-19T21:21:01","Mühlemann, Barbara",author,7
"Nielsen, Jens N._2025-11-19T21:26:31","Nielsen, Jens N.",author,7
"Nielsen, Kasper_2025-11-19T21:20:57","Nielsen, Kasper",author,7
"Orlova, Lyubov_2025-11-19T21:23:45","Orlova, Lyubov",author,7
"Osterhaus, Albert D. M. E._2025-11-19T21:21:01","Osterhaus, Albert D. M. E.",author,7
"Panyushkina, Irina P._2025-11-19T21:21:01","Panyushkina, Irina P.",author,7
"Pedersen, Anders Gorm_2025-11-19T21:20:57","Pedersen, Anders Gorm",author,7
"Pedersen, Mikkel Winther_2025-11-19T21:20:57","Pedersen, Mikkel Winther",author,7
"Peyrot, Michaël_2025-11-19T21:20:57","Peyrot, Michaël",author,7
"Pezhemsky, D V_2025-11-19T21:18:35","Pezhemsky, D V",author,7
"Pezhemsky, Denis_2025-11-19T21:22:38","Pezhemsky, Denis",author,7
"Pokutta, Dalia_2025-11-19T21:21:01","Pokutta, Dalia",author,7
"Pollard, Edward_2025-11-19T21:17:17","Pollard, Edward",author,7
"Potekhina, Inna_2025-11-19T21:22:38","Potekhina, Inna",author,7
"Povolotskaya, Irina_2025-11-19T21:23:45","Povolotskaya, Irina",author,7
"Price, Theron Douglas_2025-11-19T21:22:09","Price, Theron Douglas",author,7
"Przybyła, Marcin M._2025-11-19T21:47:13","Przybyła, Marcin M.",author,7
"Pushkina, Tamara_2025-11-19T21:38:41","Pushkina, Tamara",author,7
"Racimo, Fernando_2025-11-19T21:22:38","Racimo, Fernando",author,7
"Rasmussen, Simon_2025-11-19T21:20:57","Rasmussen, Simon",author,7
"Renaud, Gabriel_2025-11-19T21:20:57","Renaud, Gabriel",author,7
"Rogaev, E I_2025-11-19T21:18:35","Rogaev, E I",author,7
"Roslund, Mats_2025-11-19T21:18:11","Roslund, Mats",author,7
"Rozhdestvenskikh, E V_2025-11-19T21:21:18","Rozhdestvenskikh, E V",author,7
"SYMONDS, LEIGH_2025-11-19T21:17:21","SYMONDS, LEIGH",author,7
"Schroeder, Hannes_2025-11-19T21:38:41","Schroeder, Hannes",author,7
"Schütz, Berit_2025-11-19T21:22:38","Schütz, Berit",author,7
"Scorrano, Gabriele_2025-11-19T21:22:38","Scorrano, Gabriele",author,7
"Shevnina, Irina_2025-11-19T21:21:01",Shevnina Irinа V.,author,7
"Sikora, Martin_2025-11-19T21:21:01","Sikora, Martin",author,7
"Simpson, Linzi_2025-11-19T21:38:48","Simpson, Linzi",author,7
"Sjögren, Karl-Göran_2025-11-19T21:21:01","Sjögren, Karl-Göran",author,7
"Skånberg, T._2025-11-19T21:25:11","Skånberg, T.",author,7
"Skrzyńska, Katarzyna_2025-11-19T21:22:12","Skrzyńska, Katarzyna",author,7
Slepchenko S.M._2025-11-19T21:17:07,Slepchenko S.M.,author,7
"Smith, Derek J._2025-11-19T21:21:01","Smith, Derek J.",author,7
"Smith, Geoffrey L_2025-11-19T21:38:41","Smith, Geoffrey L",author,7
"Smrčka, Václav_2025-11-19T21:21:01","Smrčka, Václav",author,7
"Sobkowiak-Tabaka, Iwona_2025-11-19T21:22:09","Sobkowiak-Tabaka, Iwona",author,7
"Soshkina, A D_2025-11-19T21:18:35","Soshkina, A D",author,7
"Stenderup, Jesper_2025-11-19T21:22:38","Stenderup, Jesper",author,7
"Strand, Lisa Mariann_2025-11-19T21:38:41","Strand, Lisa Mariann",author,7
"Strikalov, I. Yu_2025-11-19T21:18:36","Strikalov, I. Yu",author,7
"Sutter, Gerd_2025-11-19T21:38:41","Sutter, Gerd",author,7
Syrovatko A.S._2025-11-19T21:17:07,Syrovatko A.S.,author,7
"Szczepanek, Anita_2025-11-19T21:47:13","Szczepanek, Anita",author,7
"Szmyt, Marzena_2025-11-19T21:47:13","Szmyt, Marzena",author,7
"Tashbaeva, Kadicha_2025-11-19T21:21:01","Tashbaeva, Kadicha",author,7
"Theulot, Bertrand_2025-11-19T21:47:13","Theulot, Bertrand",author,7
"Usmanova, Emma_2025-11-19T21:20:57",Usmanova Emma R.,author,7
"Vicze, Magdolna_2025-11-19T21:21:01","Vicze, Magdolna",author,7
"Vinner, Lasse_2025-11-19T21:21:01","Vinner, Lasse",author,7
"Voyakin, Dmitry_2025-11-19T21:21:01","Voyakin, Dmitry",author,7
"Wilhelmson, Helene_2025-11-19T21:22:38","Wilhelmson, Helene",author,7
"Wilk, Stanisław_2025-11-19T21:47:13","Wilk, Stanisław",author,7
"Willerslev, Eske_2025-11-19T21:17:06","Willerslev, Eske",author,7
"Witkowska, Barbara_2025-11-19T21:28:03","Witkowska, Barbara",author,7
"Włodarczak, Piotr_2025-11-19T21:28:03","Włodarczak, Piotr",author,7
"de Barros Damgaard, Peter_2025-11-19T21:21:08","de Barros Damgaard, Peter",author,7
"de la Fuente Castro, Constanza_2025-11-19T21:38:41","de la Fuente Castro, Constanza",author,7
"Østergaard Sørensen, Palle_2025-11-19T21:38:41","Østergaard Sørensen, Palle",author,7
69825516c835c41957dfb7e1,137 ancient human genomes from across the Eurasian steppes,publication,7
69825516c835c41957dfbd65,A unique medieval cemetery from the 10th / 11th century with chamber-like graves from Bodzia (central Poland) preliminar,publication,7
69825517c835c41957e00fd4,Ancient hepatitis B viruses from the Bronze Age to the Medieval period,publication,7
69825516c835c41957dfb892,Author Correction: Ancient hepatitis B viruses from the Bronze Age to the Medieval period,publication,7
69825516c835c41957dfa8d3,"Baltic Finnic and Scandinavian Social Interaction in the Fur-hunting North, c AD 700–1200",publication,7
69825516c835c41957dfc0d2,Bladder calculi in a medieval man--an unusual archeological finding,publication,7
69825517c835c41957dffb20,Diverse variola virus (smallpox) strains were widespread in northern Europe in the Viking Age,publication,7
69825516c835c41957dfaaf6,Great Bolgar's historical genetics: a genomic study of individuals from burials close to the Greek Chamber in the 14th c,publication,7
69825516c835c41957dfd8b7,"Grób wczesnośredniowieczny ze stanowiska 2 w Prandocinie, gm. Słomniki = Early medieval grave from the site in Prandoc",publication,7
69825516c835c41957dfa2ae,Individual from the kurgan burial of the XII century in the Middle Oka — experience of complex archaeological and geneti,publication,7
69825516c835c41957dfa960,"Interpreting Medieval Inter-tidal Features at Weelie’s Taing on Papa Westray, Orkney, NE Scotland",publication,7
69825517c835c41957e0073b,"Medieval Activity at Beech Tree Close, Oakley, Hampshire",publication,7
69825516c835c41957dfa40b,Medieval Migrations: Isotope Analysis of Early Medieval Skeletons on the Isle of Man,publication,7
69825516c835c41957dfa374,Medieval burials of Taldinskiy-1 burial ground,publication,7
69825516c835c41957dfbdbd,Medieval populations of the Mazovian-Rus' frontier in the time of christianization preliminary results of archaeological,publication,7
69825516c835c41957dfb94b,Mitogenomic analysis of a representative of the Chernyakhov culture in the Middle Dniester and their genetic relationshi,publication,7
69825517c835c41957dffb7c,Population genomics of the Viking world,publication,7
69825516c835c41957dfd2db,Sebbersund: isotopes and mobility in an 11th−12th c. AD Danish churchyard,publication,7
69825516c835c41957dfc529,"Seismogenic destruction of the Kamenka medieval fortress, northern Issyk-Kul region, Tien Shan (Kyrgyzstan)",publication,7
69825516c835c41957dfab16,The Genetic Study of a Museum Anthropological Sample from the Urban Burial of Old Ryazan of the 11th–13th Centuries,publication,7
69825517c835c41957dffaca,The Swahili Civilization in Eastern Africa,publication,7
69825516c835c41957dfa3a6,The Swahili Coast and the Indian Ocean Trade Patterns in the 7th–10th Centuries CE,publication,7
69825516c835c41957dfcceb,"The house of the Bailiff of Sövestad, Sweden—a multi-method geophysical case study",publication,7
69825516c835c41957dfbb08,Trace elements and the European skeleton through 5000 years,publication,7
69825517c835c41957e00bf7,"Unraveling ancestry, kinship, and violence in a Late Neolithic mass grave",publication,7
69825517c835c41957dff891,Vikings in Russia: origins of the medieval inhabitants of Staraya Ladoga,publication,7
"Akgül, Gülfirde_2025-11-19T21:25:31","Akgül, Gülfirde",author,8
Alex Bliss_2025-11-19T21:48:56,Alex Bliss,author,8
"Kozak, Oleksandra_2025-11-19T21:48:28",Alexandra Kozak,author,8
"Alkadhi, Hatem_2025-11-19T21:37:47","Alkadhi, Hatem",author,8
"Kon'kov, Andrey_2025-11-19T21:25:15",Andrey Kon’kov,author,8
"Kasianov, Artem_2025-11-19T21:16:09",Artem Kasianov,author,8
"Ashby, Steven P._2025-11-19T21:24:59","Ashby, Steven P.",author,8
"Baranov, Vyacheslav_2025-11-19T21:48:28","Baranov, Vyacheslav",author,8
"Barnes, Ian_2025-11-19T21:24:59","Barnes, Ian",author,8
"Batieva, Elena_2025-11-19T21:16:09","Batieva, Elena",author,8
"Beach, Alison I._2025-11-19T21:27:26","Beach, Alison I.",author,8
"Bjerregaard, Mikael Manøe_2025-11-19T21:21:25","Bjerregaard, Mikael Manøe",author,8
"Blümich, Bernhard_2025-11-19T21:27:59","Blümich, Bernhard",author,8
"Bodiba, Molebogeng K._2025-11-19T21:29:34","Bodiba, Molebogeng K.",author,8
"Borysov, Artem_2025-11-19T21:48:28","Borysov, Artem",author,8
"Bouwman, Abigail S_2025-11-19T21:45:52","Bouwman, Abigail S",author,8
"Brandt, Luise Ørsted_2025-11-19T21:38:44","Brandt, Luise Ørsted",author,8
"Brundle, Anne_2025-11-19T21:24:59","Brundle, Anne",author,8
"Bruskin, Sergey_2025-11-19T21:16:09","Bruskin, Sergey",author,8
"Buckley, Michael_2025-11-19T21:24:59","Buckley, Michael",author,8
"Böni, Thomas_2025-11-19T21:23:33","Böni, Thomas",author,8
"Canci, A_2025-11-19T21:45:52","Canci, A",author,8
"Charlton, S_2025-11-19T21:45:52","Charlton, S",author,8
"Christensen, Rosa Jersie_2025-11-19T21:45:52","Christensen, Rosa Jersie",author,8
"Christensen, Tom_2025-11-19T21:48:55","Christensen, Tom",author,8
"Colacicco, Giovanni_2025-11-19T21:27:37","Colacicco, Giovanni",author,8
"Collins, Matthew J._2025-11-19T21:24:59","Collins, Matthew J.",author,8
"Craig, Oliver E._2025-11-19T21:17:37","Craig, Oliver E.",author,8
"Čavka, Mislav_2025-11-19T21:23:03","Čavka, Mislav",author,8
Dan Brock_2025-11-19T21:48:56,Dan Brock,author,8
"Della Casa, Philippe_2025-11-19T21:25:31","Della Casa, Philippe",author,8
"Doorn, Nienke L. van_2025-11-19T21:39:08","Doorn, Nienke L. van",author,8
"Dudgeon, J. V._2025-11-19T21:47:49","Dudgeon, J. V.",author,8
"Ebsen, Jannie Amsgaard_2025-11-19T21:38:44","Ebsen, Jannie Amsgaard",author,8
"Eliasson, Anders_2025-11-19T21:48:56","Eliasson, Anders",author,8
"Cappellini, Enrico_2025-11-19T21:22:38",Enrico Cappellini,author,8
"Eppenberger, Patrick_2025-11-19T21:16:51","Eppenberger, Patrick",author,8
"Evsyukov, Alexey_2025-11-19T21:25:15","Evsyukov, Alexey",author,8
"Fallgren, Jan-Henrik_2025-11-19T21:35:47","Fallgren, Jan-Henrik",author,8
"Fiddyment, S_2025-11-19T21:45:52","Fiddyment, S",author,8
"Fischer, R_2025-11-19T21:45:52","Fischer, R",author,8
"Fotakis, Anna K_2025-11-19T21:22:38","Fotakis, Anna K",author,8
"Galassi, Francesco M_2025-11-19T21:17:14","Galassi, Francesco M",author,8
"Gallien, Véronique_2025-11-19T21:27:37","Gallien, Véronique",author,8
"Gascho, Dominic_2025-11-19T21:17:07","Gascho, Dominic",author,8
"Gilbert, Tom_2025-11-19T21:32:18","Gilbert, Tom",author,8
"Hansen, Gitte_2025-11-19T21:34:23",Gitte Hansen,author,8
"Grosheva, Alexandra_2025-11-19T21:25:15","Grosheva, Alexandra",author,8
"Haase, Kirstine_2025-11-19T21:21:25","Haase, Kirstine",author,8
"Habicht, Michael_2025-11-19T21:22:56","Habicht, Michael",author,8
"Harvey, Laura_2025-11-19T21:17:07","Harvey, Laura",author,8
"Hausmann, Niklas_2025-11-19T21:15:34","Hausmann, Niklas",author,8
Heidi Albertinesdatter Haugene_2025-11-19T21:16:31,Heidi Albertinesdatter Haugene,author,8
"Helén, Andreas_2025-11-19T21:48:56","Helén, Andreas",author,8
"Hendy, Jessica_2025-11-19T21:15:34","Hendy, Jessica",author,8
"Henneberg, Maciej_2025-11-19T21:27:59","Henneberg, Maciej",author,8
"Hennius, Andreas_2025-11-19T21:14:17","Hennius, Andreas",author,8
"Hofmann, Maria Ines_2025-11-19T21:23:33","Hofmann, Maria Ines",author,8
"Huber, Renata_2025-11-19T21:16:51","Huber, Renata",author,8
"Jahrehorn, Max_2025-11-19T21:14:17","Jahrehorn, Max",author,8
"Ljungkvist, John_2025-11-19T21:14:17",John Ljungkvist,author,8
"Kalmring, Sven_2025-11-19T21:15:34","Kalmring, Sven",author,8
"Ruiter, Keith_2025-11-19T21:34:22",Keith Ruiter,author,8
"Kienle, Lorenz_2025-11-19T21:48:28","Kienle, Lorenz",author,8
"Kozakaitė, Justina_2025-11-19T21:48:28","Kozakaitė, Justina",author,8
"Kristiansen, Søren Munch_2025-11-19T21:21:25","Kristiansen, Søren Munch",author,8
"Kröger, R._2025-11-19T21:47:49","Kröger, R.",author,8
"Krüttli, Annina_2025-11-19T21:25:31","Krüttli, Annina",author,8
"Lambert, Tom_2025-11-19T21:48:43","Lambert, Tom",author,8
"Le Roux, Petrus_2025-11-19T21:16:45","Le Roux, Petrus",author,8
"Leggett, Sam_2025-11-19T21:16:45","Leggett, Sam",author,8
Lewis Tomlinson_2025-11-19T21:48:56,Lewis Tomlinson,author,8
"Liebert, A_2025-11-19T21:45:52","Liebert, A",author,8
"Longstaffe, Fred J._2025-11-19T21:21:44","Longstaffe, Fred J.",author,8
"Lozano, Sergi_2025-11-19T21:32:18","Lozano, Sergi",author,8
"Lynnerup, Niels_2025-11-19T21:26:31","Lynnerup, Niels",author,8
"Raghavan, Maanasa_2025-11-19T21:17:06",Maanasa Raghavan,author,8
"Mackie, M_2025-11-19T21:45:52","Mackie, M",author,8
"Maldre, Liina_2025-11-19T21:18:30","Maldre, Liina",author,8
"McGrath, Krista_2025-11-19T21:15:34","McGrath, Krista",author,8
"Meadows, John_2025-11-19T21:36:01","Meadows, John",author,8
"Meiri, Meirav_2025-11-19T21:24:59","Meiri, Meirav",author,8
"Melchior, Linea_2025-11-19T21:27:59","Melchior, Linea",author,8
"Buckley, Mike_2025-11-19T21:23:10",Mike Buckley,author,8
"Miliauskienė, Žydrūnė_2025-11-19T21:48:28","Miliauskienė, Žydrūnė",author,8
"Minter, Faye_2025-11-19T21:35:54","Minter, Faye",author,8
"Molinari, Alessandra_2025-11-19T21:17:37","Molinari, Alessandra",author,8
"Monnereau, Aurore_2025-11-19T21:17:37","Monnereau, Aurore",author,8
"Montalva, N_2025-11-19T21:45:52","Montalva, N",author,8
"Morozova, Irina_2025-11-19T21:16:08","Morozova, Irina",author,8
"Mosothwane, Morongwa N._2025-11-19T21:29:34","Mosothwane, Morongwa N.",author,8
"Muñoz-Rodríguez, Mariana B._2025-11-19T21:27:59","Muñoz-Rodríguez, Mariana B.",author,8
"Neukamm, Judith_2025-11-19T21:16:09","Neukamm, Judith",author,8
"Newton, Jason_2025-11-19T21:32:18","Newton, Jason",author,8
"Nicosia, Cristiano_2025-11-19T21:21:25","Nicosia, Cristiano",author,8
"Nikita, Efthymia_2025-11-19T21:17:37","Nikita, Efthymia",author,8
"Ohrstrom, Lena_2025-11-19T21:29:34","Ohrstrom, Lena",author,8
"Olsen, J V_2025-11-19T21:45:52","Olsen, J V",author,8
"Olsen, Karyn C._2025-11-19T21:21:44","Olsen, Karyn C.",author,8
"Papageorgopoulou, Christina_2025-11-19T21:27:37","Papageorgopoulou, Christina",author,8
"Papio, Michael_2025-11-19T21:17:14","Papio, Michael",author,8
"Pedergnana, Antonella_2025-11-19T21:16:51","Pedergnana, Antonella",author,8
"Peets, Jüri_2025-11-19T21:22:38","Peets, Jüri",author,8
"Penkman, Kirsty E. H._2025-11-19T21:32:18","Penkman, Kirsty E. H.",author,8
"Plouviez, Judith_2025-11-19T21:35:54","Plouviez, Judith",author,8
"Presslee, Samantha_2025-11-19T21:15:34","Presslee, Samantha",author,8
"Pudło, Aleksandra_2025-11-19T21:16:09","Pudło, Aleksandra",author,8
"Radini, Anita_2025-11-19T21:49:12","Radini, Anita",author,8
"Rentsch, Katharina_2025-11-19T21:27:37","Rentsch, Katharina",author,8
"Hagan, Richard_2025-11-19T21:17:37",Richard W. Hagan,author,8
"Riddler, Ian_2025-11-19T21:17:17","Riddler, Ian",author,8
"Rielly, Kevin_2025-11-19T21:23:10","Rielly, Kevin",author,8
"Rose, Helene Agerskov_2025-11-19T21:36:01","Rose, Helene Agerskov",author,8
"Rychkov, Sergey_2025-11-19T21:25:15","Rychkov, Sergey",author,8
"Røed, Knut H._2025-11-19T21:34:23","Røed, Knut H.",author,8
"Rühli, Frank J._2025-11-19T21:16:09","Rühli, Frank J.",author,8
"Sachs, Stacie M._2025-11-19T21:24:59","Sachs, Stacie M.",author,8
"Salazar-García, Domingo C._2025-11-19T21:21:44","Salazar-García, Domingo C.",author,8
"Saleem, Khurram_2025-11-19T21:48:28","Saleem, Khurram",author,8
"Schmid, Sarah Rebecca_2025-11-19T21:22:56","Schmid, Sarah Rebecca",author,8
"Schmutz, Beat_2025-11-19T21:37:47","Schmutz, Beat",author,8
"Schuenemann, Verena J._2025-11-19T21:16:09","Schuenemann, Verena J.",author,8
"Schuermann, Ulrich_2025-11-19T21:48:28","Schuermann, Ulrich",author,8
"Schuetz, Frederik_2025-11-19T21:37:47","Schuetz, Frederik",author,8
"Scull, Christopher_2025-11-19T21:17:29","Scull, Christopher",author,8
"Seiler, Roger_2025-11-19T21:16:51","Seiler, Roger",author,8
"Shiroukhov, Roman_2025-11-19T21:48:28","Shiroukhov, Roman",author,8
"Shved, Natallia_2025-11-19T21:15:36","Shved, Natallia",author,8
"Soulat, Jean_2025-11-19T21:17:17","Soulat, Jean",author,8
"Spani, Giovanni_2025-11-19T21:17:14","Spani, Giovanni",author,8
"Speller, Camilla F._2025-11-19T21:17:37","Speller, Camilla F.",author,8
"Steineck, Raji_2025-11-19T21:22:56","Steineck, Raji",author,8
"Steyn, Maryna_2025-11-19T21:29:34","Steyn, Maryna",author,8
"Sulas, Federica_2025-11-19T21:21:25","Sulas, Federica",author,8
"Swallow, D M_2025-11-19T21:45:52","Swallow, D M",author,8
"Talbot, Helen M._2025-11-19T21:17:37","Talbot, Helen M.",author,8
"Tang, Harriet J. Evans_2025-11-19T21:17:37","Tang, Harriet J. Evans",author,8
"Tinguely, Christel_2025-11-19T21:16:45","Tinguely, Christel",author,8
"Tong, E._2025-11-19T21:47:49","Tong, E.",author,8
"Toscano, Fabrizio_2025-11-19T21:17:14","Toscano, Fabrizio",author,8
"Trachsel, C_2025-11-19T21:45:52","Trachsel, C",author,8
"Tromp, M._2025-11-19T21:47:49","Tromp, M.",author,8
"Trzaska-Nartowski, Nicola_2025-11-19T21:17:17","Trzaska-Nartowski, Nicola",author,8
"Ughi, Alice_2025-11-19T21:17:37","Ughi, Alice",author,8
"Wales, Nathan_2025-11-19T21:17:37","Wales, Nathan",author,8
"Warinner, Christina_2025-11-19T21:21:16","Warinner, Christina",author,8
"White, Christine D._2025-11-19T21:21:44","White, Christine D.",author,8
"Woitek, Ulrich_2025-11-19T21:23:33","Woitek, Ulrich",author,8
"Wärmländer, Sebastian K.T.S._2025-11-19T21:14:17","Wärmländer, Sebastian K.T.S.",author,8
"Zhukova, Olga_2025-11-19T21:25:15","Zhukova, Olga",author,8
"van den Hurk, Youri_2025-11-19T21:17:29","van den Hurk, Youri",author,8
"von Holstein, Isabella C. C._2025-11-19T21:32:18","von Holstein, Isabella C. C.",author,8
"Ivakin, Vsevolod_2025-11-19T21:48:28","Всеволод Івакін, Vsevolod Ivakin",author,8
69825516c835c41957dfc0b8,"A 6th-8th c. wire-drawing iron plate with silver residue from a Vendel Period workshop in Old Uppsala, Sweden",publication,8
69825516c835c41957dfa352,A case of sudden death in Decameron IV.6: aortic dissection or atrial myxoma?,publication,8
69825516c835c41957dfa4d6,"Active Whaling, Opportunistic Scavenging or Long-Distance Trading: Zooarchaeological, Palaeoproteomic, and Historical An",publication,8
69825516c835c41957dfe802,Ancient DNA Analysis Reveals High Frequency of European Lactase Persistence Allele (T-13910) in Medieval Central Europe,publication,8
69825516c835c41957dfe123,Ancient DNA Investigation of a Medieval German Cemetery Confirms Long-Term Stability of CCR5-Δ32 Allele Frequencies in C,publication,8
69825517c835c41957e00f7f,Baltic Migrants in the Middle Dnipro Region: A Comparative Study of the Late Viking Age Archaeological Complex of Ostriv,publication,8
69825517c835c41957e0010a,"Cetacean exploitation in Roman and medieval London: Reconstructing whaling activities by applying zooarchaeological, his",publication,8
69825516c835c41957dfd889,"Charlemagne was very tall, but not robust",publication,8
69825516c835c41957dfa96e,Comparison of occlusal dental wear and degenerative alterations of the temporomandibular joint in two medieval populatio,publication,8
69825516c835c41957dfb9d5,"Developer-Led Excavations, Geoarchaelogy & Bayesian Modelled Chronology of a Guild House and the Main Street at Medieval",publication,8
69825516c835c41957dfeef8,Different Strokes: Judicial Violence in Viking-Age England and Scandinavia,publication,8
69825517c835c41957e0088e,Direct evidence of milk consumption from ancient human dental calculus,publication,8
69825517c835c41957e01064,Food and Power in Early Medieval England: Rethinking Feorm,publication,8
69825517c835c41957e01062,Food and Power in Early Medieval England: a Lack of (Isotopic) Enrichment,publication,8
69825516c835c41957dfef0c,From mountains to towns: DNA from ancient reindeer antlers as proxy for domestic procurement networks in medieval Norway,publication,8
69825516c835c41957dfd88a,Genetic diversity among ancient Nordic populations,publication,8
69825516c835c41957dfdc15,Giovanni Boccaccio's (1313-1375) disease and demise: The final untold tale of liver and heart failure,publication,8
69825516c835c41957dfa0a0,"Hest, hjort, ku eller geit! Hvilke typer lær ble brukt til sko i Borgund på Sunnmøre i sen vikingtid og tidlig middelald",publication,8
69825516c835c41957dff383,High-Resolution Dating of a Medieval Multiple Grave,publication,8
69825516c835c41957df9d57,In the footsteps of Ohthere: biomolecular analysis of early Viking Age hair combs from Hedeby (Haithabu),publication,8
69825516c835c41957dfa16c,Insights into medieval rural lives: A paleo-odontological investigation of two central European communities,publication,8
69825516c835c41957dfbb3a,Isotopic anthropology of rural German medieval diet: intra- and inter-population variability,publication,8
69825517c835c41957e0111a,Late Iron Age Whaling in Scandinavia,publication,8
69825517c835c41957dffb4b,Leather Shoes in Early Danish Cities: Choices of Animal Resources and Specialization of Crafts in Viking and Medieval De,publication,8
69825517c835c41957e00d49,Medieval women's early involvement in manuscript production suggested by lapis lazuli identification in dental calculus,publication,8
69825517c835c41957e01121,"Metallurgical Characterization of Two 11th-12th Century Single-Bow Shears from Sigtuna, Sweden",publication,8
69825516c835c41957dfa593,Multi-proxy bioarchaeological analysis of skeletal remains shows genetic discontinuity in a Medieval Sicilian community,publication,8
69825516c835c41957df9f2c,New ancient Eastern European Yersinia pestis genomes illuminate the dispersal of plague in Europe,publication,8
69825517c835c41957e011b3,"Occupational patterns in Anglo-Saxon and Medieval East Midlands, England: Insights from activity-related skeletal change",publication,8
69825517c835c41957e0094a,"Of Pots and Porridge: Food, Cooking, and Serving in Old Norse Sources",publication,8
69825517c835c41957e0042c,Paleopathologies of the vertebral column in medieval skeletons,publication,8
69825516c835c41957dfd70f,"Preservation of cell structures in a medieval infant brain: a paleohistological, paleogenetic, radiological and physico-",publication,8
69825516c835c41957dfef53,"Provenancing Archaeological Wool Textiles from Medieval Northern Europe by Light Stable Isotope Analysis (δ 13 C, δ 15 N",publication,8
69825516c835c41957dfdfa6,"Radiological and genetic analysis of a Late Iron : age mummy from the Tuli Block, Botswana : research article",publication,8
69825516c835c41957dfcd42,Russian ethnic history inferred from mitochondrial DNA diversity,publication,8
69825516c835c41957dfa4d5,Sceattas in Anglo-Saxon Graves,publication,8
69825517c835c41957dffc7e,Searching for Scandinavians in pre-Viking Scotland : molecular fingerprinting of early medieval combs,publication,8
69825517c835c41957dff88b,Secular evolution of femoral morphology from a clinical perspective,publication,8
69825516c835c41957dff341,Social and economic complexity in early medieval England: a central place complex of the East Anglian kingdom at Rendles,publication,8
69825516c835c41957dfa7ce,"Species identification using ZooMS, with reference to the exploitation of animal resources in the medieval town of Odens",publication,8
69825516c835c41957dfc16e,"The Ōshū Fujiwara—An interdisciplinary study on the history, culture and medical assessment of the oldest known mummif",publication,8
69825517c835c41957e0112b,"The Portable Antiquities Scheme and the potential of non-metallic finds: A Viking Comb from Shotley, Suffolk",publication,8
69825516c835c41957dff2f2,"The Ritual Use of Brooches in Early Medieval Forts on Öland, Sweden",publication,8
69825517c835c41957e00628,"The Ōshū Fujiwara-An interdisciplinary study on the history, culture and medical assessment of the oldest known mummifie",publication,8
69825517c835c41957dffb45,Two case examples of pelvic fractures in medieval populations from central Europe,publication,8
69825516c835c41957dfa122,Women of the Conversion Period: a biomolecular investigation of mobility in early medieval England,publication,8
69825516c835c41957dfa3aa,"‘Riveted Mounts’ Reconsidered: Horn Composite Combs in Early Medieval Britain, Ireland and France",publication,8
"Adams, Jonathan_2025-11-19T21:17:20","Adams, Jonathan",author,9
Alessia Masi_2025-11-19T21:48:50,Alessia Masi,author,9
"Andersen, Thorbjörn Joest_2025-11-19T21:21:27","Andersen, Thorbjörn Joest",author,9
"Andersson, Carin_2025-11-19T21:47:34","Andersson, Carin",author,9
"Andrén, Elinor_2025-11-19T21:18:06","Andrén, Elinor",author,9
"Andrén, Thomas_2025-11-19T21:18:06","Andrén, Thomas",author,9
"Andwinge, Maria_2025-11-19T21:26:48","Andwinge, Maria",author,9
"Austin, William EN_2025-11-19T21:47:34","Austin, William EN",author,9
B A Malmgren_2025-11-19T21:24:27,B A Malmgren,author,9
"Backman, Agnieszka_2025-11-19T21:17:29","Backman, Agnieszka",author,9
"Baika, Kalliopi_2025-11-19T21:26:48","Baika, Kalliopi",author,9
"Bailey, Joscelyn N.-L._2025-11-19T21:28:50","Bailey, Joscelyn N.-L.",author,9
"Bauersachs, Thorsten_2025-11-19T21:31:10","Bauersachs, Thorsten",author,9
"Belle, Simon_2025-11-19T21:18:06","Belle, Simon",author,9
"Binczewska, Anna_2025-11-19T21:29:39","Binczewska, Anna",author,9
"Blanz, Thomas_2025-11-19T21:26:39","Blanz, Thomas",author,9
"Boyd, Meighan_2025-11-19T21:26:48","Boyd, Meighan",author,9
"Brandt, Hauke-Tom_2025-11-19T21:31:10","Brandt, Hauke-Tom",author,9
"Butler, Paul G_2025-11-19T21:47:34","Butler, Paul G",author,9
"Bąk, Małgorzata_2025-11-19T21:29:39","Bąk, Małgorzata",author,9
"Cage, Alix G_2025-11-19T21:47:34","Cage, Alix G",author,9
Cristiano Vignola_2025-11-19T21:48:50,Cristiano Vignola,author,9
"Cunningham, Laura K_2025-11-19T21:47:34","Cunningham, Laura K",author,9
"Dahl, Martin_2025-11-19T21:18:06","Dahl, Martin",author,9
"De Deckker, Patrick_2025-11-19T21:29:38","De Deckker, Patrick",author,9
"De Vleeschouwer, François_2025-11-19T21:22:56","De Vleeschouwer, François",author,9
"Divine, D. V._2025-11-19T21:20:52","Divine, D. V.",author,9
"Dobosz, Slawomir_2025-11-19T21:21:00","Dobosz, Slawomir",author,9
"Donges, J. F._2025-11-19T21:20:52","Donges, J. F.",author,9
"Donner, R. V._2025-11-19T21:20:52","Donner, R. V.",author,9
"ELLEGAARD, MARIANNE_2025-11-19T21:25:11","ELLEGAARD, MARIANNE",author,9
"Edwards, Thomas W.D._2025-11-19T21:28:50","Edwards, Thomas W.D.",author,9
"Eiríksson, Jón_2025-11-19T21:26:33","Eiríksson, Jón",author,9
Elina Aidona_2025-11-19T21:48:50,Elina Aidona,author,9
"Endler, Rudolf_2025-11-19T21:28:34","Endler, Rudolf",author,9
"Erbs-Hansen, Dorthe Reng_2025-11-19T21:26:00","Erbs-Hansen, Dorthe Reng",author,9
"Fahl, Kirsten_2025-11-19T21:28:54","Fahl, Kirsten",author,9
"Fahlgren, Elise_2025-11-19T21:16:08","Fahlgren, Elise",author,9
"Fanget, A. -S._2025-11-19T21:18:38","Fanget, A. -S.",author,9
"Filipsson, H.L._2025-11-19T21:26:34","Filipsson, H.L.",author,9
"Fischel, Andrea_2025-11-19T21:24:35","Fischel, Andrea",author,9
"Gary, Anthony Cavedo_2025-11-19T21:26:00","Gary, Anthony Cavedo",author,9
Georgios C. Liakopoulos_2025-11-19T21:48:50,Georgios C. Liakopoulos,author,9
"Grinsted, A._2025-11-19T21:36:06","Grinsted, A.",author,9
"Gyllencreutz, Richard_2025-11-19T21:26:00","Gyllencreutz, Richard",author,9
"Hald, Morten_2025-11-19T21:47:34","Hald, Morten",author,9
"Hammarlund, Dan_2025-11-19T21:16:08","Hammarlund, Dan",author,9
"Harff, Jan_2025-11-19T21:24:40","Harff, Jan",author,9
"Harland, Rex_2025-11-19T21:26:33","Harland, Rex",author,9
"Heilmann-Clausen, Claus_2025-11-19T21:24:35","Heilmann-Clausen, Claus",author,9
"Heymann, Christian_2025-11-19T21:26:48","Heymann, Christian",author,9
"Holm, T. M._2025-11-19T21:48:40","Holm, T. M.",author,9
"Hormes, Anne_2025-11-19T21:16:08","Hormes, Anne",author,9
"Husum, Katrine_2025-11-19T21:47:34","Husum, Katrine",author,9
"Høyer, J. L._2025-11-19T21:28:40","Høyer, J. L.",author,9
"Snowball, Ian_2025-11-19T21:21:00",Ian Snowball,author,9
"Isaksson, E._2025-11-19T21:36:06","Isaksson, E.",author,9
"Izdebski, Adam_2025-11-19T21:18:32","Izdebski, Adam",author,9
"Jakobsson, Martin_2025-11-19T21:18:06","Jakobsson, Martin",author,9
"Jansen, Eystein_2025-11-19T21:21:00","Jansen, Eystein",author,9
"Jennings, Anne E._2025-11-19T21:26:39","Jennings, Anne E.",author,9
"Jensen, Jørn B._2025-11-19T21:28:34","Jensen, Jørn B.",author,9
"Jiang, Hui_2025-11-19T21:26:33","Jiang, Hui",author,9
"Kabel, Karoline_2025-11-19T21:21:00","Kabel, Karoline",author,9
"Karhu, Juha_2025-11-19T21:21:00","Karhu, Juha",author,9
"Katrantsiotis, Christos_2025-11-19T21:18:06","Katrantsiotis, Christos",author,9
"Kekonen, T._2025-11-19T21:36:06","Kekonen, T.",author,9
"Kjellman, S. E._2025-11-19T21:48:40","Kjellman, S. E.",author,9
"Knudsen, Karen Luise_2025-11-19T21:26:00","Knudsen, Karen Luise",author,9
"Knudsen, Mads Faurschou_2025-11-19T21:26:39","Knudsen, Mads Faurschou",author,9
"Koinig, K. A._2025-11-19T21:48:40","Koinig, K. A.",author,9
"Kolling, Henriette M._2025-11-19T21:28:54","Kolling, Henriette M.",author,9
Konstantinos Vouvalidis_2025-11-19T21:48:50,Konstantinos Vouvalidis,author,9
"Kotilainen, Aarno T._2025-11-19T21:21:00","Kotilainen, Aarno T.",author,9
"Kotilainen, Mia M._2025-11-19T21:21:00","Kotilainen, Mia M.",author,9
"Kotthoff, Ulrich_2025-11-19T21:31:10","Kotthoff, Ulrich",author,9
"Kouli, Katerina_2025-11-19T21:26:48","Kouli, Katerina",author,9
"Krawczyk, Diana W._2025-11-19T21:24:40","Krawczyk, Diana W.",author,9
"Kuijpers, Antoon_2025-11-19T21:21:00","Kuijpers, Antoon",author,9
"Larsson, Josefine_2025-11-19T21:42:28","Larsson, Josefine",author,9
"Le Roux, Gaël_2025-11-19T21:22:56","Le Roux, Gaël",author,9
"Lind, E. M._2025-11-19T21:48:40","Lind, E. M.",author,9
"Ljung, Karl_2025-11-19T21:16:08","Ljung, Karl",author,9
"Lloyd, Jeremy M._2025-11-19T21:26:39","Lloyd, Jeremy M.",author,9
"Lougheed, Bryan C._2025-11-19T21:21:00","Lougheed, Bryan C.",author,9
Lucrezia Masci_2025-11-19T21:48:50,Lucrezia Masci,author,9
"Lönn, Mikael_2025-11-19T21:18:06","Lönn, Mikael",author,9
"Meier, H. E. Markus_2025-11-19T21:21:00","Meier, H. E. Markus",author,9
"Miettinen, A._2025-11-19T21:20:52","Miettinen, A.",author,9
"Moore, John C._2025-11-19T21:17:25","Moore, John C.",author,9
"Moros, Matthias_2025-11-19T21:21:00","Moros, Matthias",author,9
"Muscheler, Raimund_2025-11-19T21:26:33","Muscheler, Raimund",author,9
"Neumann, Thomas_2025-11-19T21:21:00","Neumann, Thomas",author,9
"Newton, Brandi W._2025-11-19T21:28:50","Newton, Brandi W.",author,9
"van Helmond, Niels A.G.M._2025-11-19T21:28:53",Niels van Helmond,author,9
"Nielsen, Anne Birgitte_2025-11-19T21:16:08","Nielsen, Anne Birgitte",author,9
"Nilsson, Anders L._2025-11-19T21:28:50","Nilsson, Anders L.",author,9
"Norbäck Ivarsson, Lena_2025-11-19T21:21:27","Norbäck Ivarsson, Lena",author,9
"Nordberg, Kjell_2025-11-19T21:26:33","Nordberg, Kjell",author,9
"Obrochta, Stephen P._2025-11-19T21:28:53","Obrochta, Stephen P.",author,9
Olga Koukousioura_2025-11-19T21:48:50,Olga Koukousioura,author,9
"Orme, L. C._2025-11-19T21:48:40","Orme, L. C.",author,9
"Ouellet-Bernier, Marie-Michèle_2025-11-19T21:26:00","Ouellet-Bernier, Marie-Michèle",author,9
"Palm, Veronica_2025-11-19T21:18:06","Palm, Veronica",author,9
"Perner, Kerstin_2025-11-19T21:26:39","Perner, Kerstin",author,9
"Perämäki, P._2025-11-19T21:36:06","Perämäki, P.",author,9
"Petrulevich, Alexandra_2025-11-19T21:17:29","Petrulevich, Alexandra",author,9
"Polovodova, I._2025-11-19T21:26:34","Polovodova, I.",author,9
"Porsche, Christian_2025-11-19T21:21:00","Porsche, Christian",author,9
"Poulsen, Niels_2025-11-19T21:21:00","Poulsen, Niels",author,9
"Ran, Lihua_2025-11-19T21:26:33","Ran, Lihua",author,9
"Rasmussen, Peter_2025-11-19T21:21:00","Rasmussen, Peter",author,9
"Ribeiro, Sofia_2025-11-19T21:21:00","Ribeiro, Sofia",author,9
"Richter, Thomas_2025-11-19T21:47:34","Richter, Thomas",author,9
"Risebrobakken, Bjørg_2025-11-19T21:21:00","Risebrobakken, Bjørg",author,9
"Roncaglia, Lucia_2025-11-19T21:24:35","Roncaglia, Lucia",author,9
"Rosqvist, G. C._2025-11-19T21:48:40","Rosqvist, G. C.",author,9
"Ruppel, M._2025-11-19T21:48:40","Ruppel, M.",author,9
"Ryabchuk, Daria_2025-11-19T21:21:00","Ryabchuk, Daria",author,9
"Rönnby, Johan_2025-11-19T21:17:20","Rönnby, Johan",author,9
S R Troelstra_2025-11-19T21:24:27,S R Troelstra,author,9
"Sanyal, Anushree_2025-11-19T21:42:28","Sanyal, Anushree",author,9
"Schimanke, Semjon_2025-11-19T21:21:00","Schimanke, Semjon",author,9
"Schleussner, C.-F._2025-11-19T21:20:52","Schleussner, C.-F.",author,9
"Schneider, Ralph_2025-11-19T21:26:39","Schneider, Ralph",author,9
"Seidenkrantz, M. -S._2025-11-19T21:18:38","Seidenkrantz, M. -S.",author,9
"Sejrup, Hans Petter_2025-11-19T21:47:34","Sejrup, Hans Petter",author,9
"Sha, Longbin_2025-11-19T21:26:39","Sha, Longbin",author,9
"Siegel, Herbert_2025-11-19T21:29:38","Siegel, Herbert",author,9
"Sjolte, Jesper_2025-11-19T21:28:50","Sjolte, Jesper",author,9
"Slomp, Caroline P._2025-11-19T21:28:53","Slomp, Caroline P.",author,9
"Spiridonov, Mikhail_2025-11-19T21:21:00","Spiridonov, Mikhail",author,9
"St Amour, Natalie A._2025-11-19T21:28:50","St Amour, Natalie A.",author,9
"Sturm, Christophe_2025-11-19T21:28:50","Sturm, Christophe",author,9
"Sławińska, Joanna_2025-11-19T21:29:39","Sławińska, Joanna",author,9
"Telford, R.J._2025-11-19T21:26:35","Telford, R.J.",author,9
"Telford, Richard_2025-11-19T21:29:38","Telford, Richard",author,9
"Tisserand, A._2025-11-27T19:23:42","Tisserand, A.",author,9
"Unkel, Ingmar_2025-11-19T21:22:56","Unkel, Ingmar",author,9
"Vinogradova, Olena_2025-11-19T21:18:06","Vinogradova, Olena",author,9
"Virkkunen, K._2025-11-19T21:36:06","Virkkunen, K.",author,9
"Virtasalo, Joonas J._2025-11-19T21:21:00","Virtasalo, Joonas J.",author,9
"Wacker, Lukas_2025-11-19T21:15:51","Wacker, Lukas",author,9
"Warnock, Jonathan P._2025-11-19T21:31:10","Warnock, Jonathan P.",author,9
"Weckström, Kaarina_2025-11-19T21:21:00","Weckström, Kaarina",author,9
"Weiberg, Erika_2025-11-19T21:26:48","Weiberg, Erika",author,9
"Wienholz, D._2025-11-19T21:18:38","Wienholz, D.",author,9
"Wilson, Rob JS_2025-11-19T21:47:34","Wilson, Rob JS",author,9
"Witkowski, Andrzej_2025-11-19T21:21:00","Witkowski, Andrzej",author,9
"Yang, Bingjie_2025-11-19T21:16:08","Yang, Bingjie",author,9
"Zhamoida, Vladimir_2025-11-19T21:21:00","Zhamoida, Vladimir",author,9
"Zhang, Weiguo_2025-11-19T21:26:39","Zhang, Weiguo",author,9
"Zhang, Xu_2025-11-19T21:26:39","Zhang, Xu",author,9
"de Vernal, Anne_2025-11-19T21:26:00","de Vernal, Anne",author,9
"van Wirdum, Falkje_2025-11-19T21:18:38","van Wirdum, Falkje",author,9
"Pohjola, V._2025-11-19T21:36:06",veijo pohjola,author,9
"von Scheffer, Clemens_2025-11-19T21:48:53","von Scheffer, Clemens",author,9
69825516c835c41957dfc8e6,A cold 'Medieval Warm Period' and a warm 'Little Ice Age' and other climate stories from Atlantic Ocean sedimentary reco,publication,9
69825516c835c41957dfba04,Baltic Sea Coastal Eutrophication in a Thousand Year Perspective,publication,9
69825516c835c41957dfd30a,"Centennial scale benthic foraminiferal record of late Holocene oceanographic variability in Disko Bugt, West Greenland",publication,9
69825516c835c41957dfe034,Changes in the inflow of saline water into the Bornholm Basin (SW Baltic Sea) during the past 7100 years - evidence from,publication,9
69825516c835c41957dfcce8,Climate variability in West Greenland during the past 1500 years: evidence from a high-resolution marine palynological r,publication,9
69825517c835c41957e01027,"Climatic impacts on an Arctic lake since 1300 AD: a multi-proxy lake sediment reconstruction from Prins Karls Forland, S",publication,9
69825516c835c41957dfe7d5,Coastal primary productivity changes over the last millennium: a case study from the Skagerrak (North Sea),publication,9
69825516c835c41957dfd2f3,Diatom-based reconstruction of palaeoceanographic changes on the North Icelandic shelf during the last millennium,publication,9
69825516c835c41957dfb813,Echoes from the Past: A Healthy Baltic Sea Requires More Effort,publication,9
69825516c835c41957dfe01a,Heat export from the tropics drives mid to late Holocene palaeoceanographic changes offshore southern Australia,publication,9
69825516c835c41957dfd0c8,"Holocene climatic development in Skagerrak, eastern North Atlantic: Foraminiferal and stable isotopic evidence",publication,9
69825516c835c41957dfe4fc,"Holocene environmental history of the Ångermanälven Estuary, northern Baltic Sea",publication,9
69825517c835c41957e00c9e,Holocene palaeoceanographic evolution off West Greenland,publication,9
69825516c835c41957dfb78f,Indications for a North Atlantic ocean circulation regime shift at the onset of the Little Ice Age,publication,9
69825516c835c41957dfa578,"Kuggmaren 1: the first cog find in the Stockholm archipelago, Sweden",publication,9
69825517c835c41957e010c8,"Landscape Response to Dynamic Human Pressure in the Paliouras Lagoon, Halkidiki Peninsula, Macedonia, Greece",publication,9
69825516c835c41957dfca1e,"Late-Holocene diatom derived seasonal variability in hydrological conditions off Disko Bay, West Greenland",publication,9
69825516c835c41957dfd0ca,"Late-Holocene diatom-inferred reconstruction of temperature variations of the West Greenland Current from Disko Bugt, ce",publication,9
69825516c835c41957dfa4cd,Medieval Macrospace Through GIS: The Norse World Project Approach,publication,9
69825516c835c41957dfbae2,"Medieval versus recent environmental conditions in the Baltic Proper, what was different a thousand years ago?",publication,9
69825516c835c41957dfab42,Middle to late holocene variations in salinity and primary productivity in the central Baltic Sea A multiproxy study fro,publication,9
69825517c835c41957e010f7,Mineral dust and lead deposition from land use and metallurgy in a 4800-year-old peat record from the Central Alps (Tyro,publication,9
69825516c835c41957dfa860,Modern land use changes drive shifts in nutrient cycling and diatom assemblages in the Baltic Sea coastal zone: A millen,publication,9
69825517c835c41957e0061b,Not dead yet: Diatom resting spores can survive in nature for several millennia,publication,9
69825516c835c41957dfd0c9,"Paleoceanographic changes in the Disko Bugt area, West Greenland, during the Holocene",publication,9
69825517c835c41957dffc02,"Quantitative landscape reconstruction and erosion history during the past 1,100 years in the Skogaryd Research Catchment",publication,9
69825516c835c41957dfdaaa,Quantitative reconstruction of Holocene sea ice and sea surface temperature off West Greenland from the first regional d,publication,9
69825517c835c41957e00c9a,Reconstructions of surface ocean conditions from the northeast Atlantic and Nordic seas during the last millennium,publication,9
69825516c835c41957dfdbc1,"Seasonal hypoxia was a natural feature of the coastal zone in the Little Belt, Denmark, during the past 8 ka",publication,9
69825516c835c41957dfdb95,Seasonal variability in Northern Hemisphere atmospheric circulation during the Medieval Climate Anomaly and the Little I,publication,9
69825516c835c41957dfdbe9,Short-term variability in late Holocene sea ice cover on the East Greenland Shelf and its driving mechanisms,publication,9
69825516c835c41957dfd34b,Solar forcing as an important trigger for West Greenland sea-ice variability over the last millennium,publication,9
69825516c835c41957dfd34d,"Surface and sub-surface multi-proxy reconstruction of middle to late Holocene palaeoceanographic changes in Disko Bugt, ",publication,9
69825516c835c41957dfda41,"The Bornholm Basin, southern Scandinavia: a complex history from Late Cretaceous structural developments to recent sedim",publication,9
69825516c835c41957dfa3f9,The Danish Griffin: The Wreck of an Early Modern Royal Carvel from 1495,publication,9
69825516c835c41957dfd304,"The benthic foraminiferal record of the Medieval Warm Period and the recent warming in the Gullmar Fjord, Swedish west c",publication,9
69825516c835c41957dfd2ef,"The identification, occurrence and importance of microreticulate dinoflagellate cysts in the latest Holocene sediments o",publication,9
69825516c835c41957dfd401,The socio-environmental history of the Peloponnese during the Holocene: Towards an integrated understanding of the past,publication,9
69825517c835c41957dffce6,Tracing winter temperatures over the last two millennia using a north-east Atlantic coastal record,publication,9
69825516c835c41957dfd2f0,Using an independent geochronology based on palaeomagnetic secular variation (PSV) and atmospheric Pb deposition to date,publication,9
69825516c835c41957dfc99d,"Variable North Atlantic climate seesaw patterns documented by a late Holocene marine record from Disko Bugt, West Greenl",publication,9
69825516c835c41957dff3af,Warm summers and ion concentrations in snow: comparison of present day with Medieval Warm Epoch from snow pits and an ic,publication,9
"Andrianarinosy, Hélène_2025-11-19T21:27:46","Andrianarinosy, Hélène",author,10
"Badri, Fatima-Ezzahra_2025-11-19T21:17:54","Badri, Fatima-Ezzahra",author,10
"Bailey, Richard_2025-11-19T21:31:55","Bailey, Richard",author,10
"Baker, Katherine_2025-11-19T21:29:38","Baker, Katherine",author,10
"Baker, Steve_2025-11-19T21:29:38","Baker, Steve",author,10
"Barbier-Pain, Delphine_2025-11-19T21:20:53","Barbier-Pain, Delphine",author,10
"Wouters, Barbora_2025-11-19T21:30:08",Barbora Wouters,author,10
"Bazin, Gwenaëlle_2025-11-19T21:19:06","Bazin, Gwenaëlle",author,10
"Best, Jo_2025-11-19T21:25:58","Best, Jo",author,10
"Bougault, Denis_2025-11-19T21:19:06","Bougault, Denis",author,10
"Briden, Colin_2025-11-19T21:31:55","Briden, Colin",author,10
"Broine, Éric_2025-11-19T21:19:06","Broine, Éric",author,10
"Colleter, Rozenn_2025-11-19T21:20:24","Colleter, Rozenn",author,10
"Corbineau, Rémi_2025-11-19T21:20:53","Corbineau, Rémi",author,10
"Cumberpatch, Chris_2025-11-19T21:21:14","Cumberpatch, Chris",author,10
"Decaix, Alexia_2025-11-19T21:18:48","Decaix, Alexia",author,10
"Derreumaux, Marie_2025-11-19T21:18:48","Derreumaux, Marie",author,10
"Devos, Yannick_2025-11-19T21:17:54","Devos, Yannick",author,10
"Draper, Simon A._2025-11-19T21:29:45","Draper, Simon A.",author,10
"Dupont, Hélène_2025-11-19T21:19:06","Dupont, Hélène",author,10
"Enbuske, Matti_2025-11-19T21:35:50","Enbuske, Matti",author,10
"Ettahiri, Ahmed S._2025-11-19T21:20:52","Ettahiri, Ahmed S.",author,10
"Farrar, R. A._2025-11-19T21:27:45","Farrar, R. A.",author,10
"Fili, Abdallah_2025-11-19T21:20:52","Fili, Abdallah",author,10
"Forlin, Paolo_2025-11-19T21:42:11","Forlin, Paolo",author,10
"Fornaciari, Gino_2025-11-19T21:20:53","Fornaciari, Gino",author,10
"Friendship-Taylor, D. E._2025-11-19T21:28:54","Friendship-Taylor, D. E.",author,10
"Froude, Melanie_2025-11-19T21:42:11","Froude, Melanie",author,10
"Gent, Tim_2025-11-19T21:25:58","Gent, Tim",author,10
"Gerrard, C. M._2025-11-19T21:17:30","Gerrard, C. M.",author,10
"Ghesquière, Valérie_2025-11-19T21:17:54","Ghesquière, Valérie",author,10
"Giles, Kate_2025-11-19T21:29:45","Giles, Kate",author,10
"Gryspeirt, Noémie_2025-11-19T21:20:24","Gryspeirt, Noémie",author,10
"Guillon, Mark_2025-11-19T21:20:24","Guillon, Mark",author,10
"Gutiérrez, Alejandra_2025-11-19T21:29:45","Gutiérrez, Alejandra",author,10
"Hakamäki, Ville_2025-11-19T21:39:07","Hakamäki, Ville",author,10
"Hall, R. A._2025-11-19T21:26:46","Hall, R. A.",author,10
"Hallavant, Charlotte_2025-11-19T21:18:48","Hallavant, Charlotte",author,10
"Harvey, Linzi_2025-11-19T21:29:38","Harvey, Linzi",author,10
"Hawkes, Jane_2025-11-19T21:15:57","Hawkes, Jane",author,10
"Herva, Vesa-Pekka_2025-11-19T21:29:50","Herva, Vesa-Pekka",author,10
"Hollevoet, Y._2025-11-19T21:28:33","Hollevoet, Y.",author,10
"Ikäheimo, Janne_2025-11-19T21:35:50","Ikäheimo, Janne",author,10
"Ivorra, Sarah_2025-11-19T21:27:46","Ivorra, Sarah",author,10
"Jouneau, David_2025-11-19T21:20:24","Jouneau, David",author,10
"Milek, Karen B._2025-11-19T21:25:08",Karen Milek,author,10
"Keefe, Katie_2025-11-19T21:21:14","Keefe, Katie",author,10
"Kendall, Toby_2025-11-19T21:31:55","Kendall, Toby",author,10
"Kinnaer, Frank_2025-11-19T21:17:54","Kinnaer, Frank",author,10
"Klingelhofer, A. G. S._2025-11-19T21:27:45","Klingelhofer, A. G. S.",author,10
"Kuusela, Jari-Matti_2025-11-19T21:39:07","Kuusela, Jari-Matti",author,10
"Langley, Kate_2025-11-19T21:21:14","Langley, Kate",author,10
"Lefebvre, Raphaëlle_2025-11-19T21:19:06","Lefebvre, Raphaëlle",author,10
"Leigh, D._2025-11-19T21:27:45","Leigh, D.",author,10
"Lynch, Jack_2025-11-19T21:39:30","Lynch, Jack",author,10
"Mackenzie, Roderick_2025-11-19T21:29:38","Mackenzie, Roderick",author,10
"Marguerie, Dominique_2025-11-19T21:18:54","Marguerie, Dominique",author,10
"Marks, Richard_2025-11-19T21:31:55","Marks, Richard",author,10
"Marshall, P. D._2025-11-19T21:25:58","Marshall, P. D.",author,10
"Marshall, Peter_2025-11-19T21:29:38","Marshall, Peter",author,10
"McClain, Aleksandra_2025-11-19T21:27:25","McClain, Aleksandra",author,10
"McCluskey, Berny_2025-11-19T21:21:14","McCluskey, Berny",author,10
"McDonnell, Gerry_2025-11-19T21:36:28","McDonnell, Gerry",author,10
"Meganck, Marc_2025-11-19T21:17:54","Meganck, Marc",author,10
"Merkel, John_2025-11-19T21:36:28","Merkel, John",author,10
"Naum, Magdalena_2025-11-19T21:17:09","Naum, Magdalena",author,10
"Niel, Cécile_2025-11-19T21:19:04","Niel, Cécile",author,10
"Nordin, Jonas Monié_2025-11-19T21:47:05","Nordin, Jonas Monié",author,10
"Nurmi, Risto_2025-11-19T21:32:09","Nurmi, Risto",author,10
"Ojala, Carl-Gösta_2025-11-19T21:32:09","Ojala, Carl-Gösta",author,10
"Okkonen, Jari_2025-11-19T21:35:50","Okkonen, Jari",author,10
"Oliveira, N'zinga_2025-11-19T21:42:11","Oliveira, N'zinga",author,10
"Ottaway, Patrick_2025-11-19T21:28:06","Ottaway, Patrick",author,10
"PEACEY, ALLAN_2025-11-19T21:17:27","PEACEY, ALLAN",author,10
"Panter, Ian_2025-11-19T21:17:19","Panter, Ian",author,10
"Parker, Joanne_2025-11-19T21:39:28","Parker, Joanne",author,10
"Pelling, Ruth_2025-11-19T21:17:54","Pelling, Ruth",author,10
"Petley, David_2025-11-19T21:42:11","Petley, David",author,10
"Pradat, Bénédicte_2025-11-19T21:18:48","Pradat, Bénédicte",author,10
"Preiss, Sidonie_2025-11-19T21:17:54","Preiss, Sidonie",author,10
"Prijatelj, Agni_2025-11-19T21:22:09","Prijatelj, Agni",author,10
"Punti, I._2025-11-19T21:25:58","Punti, I.",author,10
"Quinnell, H._2025-11-19T21:25:58","Quinnell, H.",author,10
"Richardson, Amanda_2025-11-19T21:27:55","Richardson, Amanda",author,10
"Rogers, Nicola_2025-11-19T21:17:19","Rogers, Nicola",author,10
"Rogers, Penelope Walton_2025-11-19T21:49:17","Rogers, Penelope Walton",author,10
"Rolland, Noémie_2025-11-19T21:20:24","Rolland, Noémie",author,10
"Ros, Jérôme_2025-11-19T21:17:54","Ros, Jérôme",author,10
"Ruas, Marie-Pierre_2025-11-19T21:18:48","Ruas, Marie-Pierre",author,10
"Santos, Frédéric_2025-11-19T21:20:24","Santos, Frédéric",author,10
"Saunders, Clare Broome_2025-11-19T21:21:09","Saunders, Clare Broome",author,10
"Simmons, Ellen_2025-11-19T21:29:38","Simmons, Ellen",author,10
"Simpson, Ian A._2025-11-19T21:25:08","Simpson, Ian A.",author,10
"Speed, Greg_2025-11-19T21:17:09","Speed, Greg",author,10
"Speleers, Lien_2025-11-19T21:17:54","Speleers, Lien",author,10
"Stirling, Lindsey_2025-11-19T21:17:30","Stirling, Lindsey",author,10
"Swales, Diana Mahoney_2025-11-19T21:29:38","Swales, Diana Mahoney",author,10
"Symonds, James_2025-11-19T21:29:38","Symonds, James",author,10
"Taylor, R._2025-11-19T21:25:58","Taylor, R.",author,10
"Terral, Jean-Frédéric_2025-11-19T21:27:46","Terral, Jean-Frédéric",author,10
"Timmermans, Julie_2025-11-19T21:17:54","Timmermans, Julie",author,10
"Toswell, M. J._2025-11-19T21:27:15","Toswell, M. J.",author,10
"Treasure, Edward_2025-11-19T21:42:11","Treasure, Edward",author,10
"Tyers, Ian_2025-11-19T21:29:38","Tyers, Ian",author,10
"VINCE, ALAN_2025-11-19T21:17:27","VINCE, ALAN",author,10
"Van Bellingen, Stephan_2025-11-19T21:17:54","Van Bellingen, Stephan",author,10
"Van Staëvel, Jean-Pierre_2025-11-19T21:20:52","Van Staëvel, Jean-Pierre",author,10
"Vanden Berghe, Ina_2025-11-19T21:17:54","Vanden Berghe, Ina",author,10
"Wagner, Corinna_2025-11-19T21:39:28","Wagner, Corinna",author,10
"White, Susie_2025-11-19T21:29:38","White, Susie",author,10
69825516c835c41957dfa2cd,"A Burial of a Viking Woman at Adwick-le-Street, South Yorkshire",publication,10
69825516c835c41957dfd7ba,"A Viking-age Grave at Donnybrook, Co. Dublin",publication,10
69825516c835c41957dfa740,Agrobiodiversity and crop diffusion in Morocco from Antiquity to the early Modern period (8th century bce–17th century c,publication,10
69825516c835c41957dff30f,Alternative Pasts and Colonial Engagements in the North: The Materiality and Meanings of the Pajala ‘Runestone’ (Vinsava,publication,10
69825516c835c41957dfe53e,"Archaeobotanical research at the medieval fortified site of ãIgãilãiz (Anti-Atlas, Morocco) with particular reference",publication,10
69825516c835c41957dfe019,"Archaeological investigations at the Upper Chapel, Norfolk Street, Sheffield, UK",publication,10
69825516c835c41957dfdbd7,"Bronze Age burnt mounds and early medieval timber structures at Town Farm quarry, Burlescombe, Devon",publication,10
69825516c835c41957dfacd2,Chapitre 8. Synthèse,publication,10
69825516c835c41957dfa48e,"Chemical characterization of clay pipes and wig curlers from Roy’s Orchard, Pipe Aston, Herefordshire",publication,10
69825516c835c41957dfa73a,Colourful rivers: archaeobotanical remains of dye plants from urban fluvial deposits in the southern Low Countries (Belg,publication,10
69825516c835c41957dfe0c8,"Gender and Space in the Later Middle Ages Past, Present, and Future Routes",publication,10
69825516c835c41957dfbd73,"Geoarchaeological investigations at Lindisfarne, Northumberland : soil survey and assessment in 2018 and 2019",publication,10
69825516c835c41957dfd7c9,History and archaeology of the emblematic argan tree in the medieval Anti-Atlas Mountains (Morocco),publication,10
69825516c835c41957dfccb0,Interpreting the Viking Age to Medieval period transition in Norse Orkney through cultural soil and sediment analyses,publication,10
69825516c835c41957dfae12,"L'église et le cimetière de la paroisse Saint-Germain à Flers (Orne), XIIe-XVIIe siècles",publication,10
69825516c835c41957dfac3e,Les plantes de consommation et leur variation au cours du premier Moyen Âge (ve-xiie s.) en région Centre-Val de Loire,publication,10
69825516c835c41957dfe0c5,Looking North-East : Southern Scandinavia in the Middle Ages,publication,10
69825517c835c41957dffd56,Medieval Forgery,publication,10
69825516c835c41957dfda2b,Migration Period Settlements and ‘Anglo-Saxon’ Pottery from Flanders,publication,10
69825516c835c41957dfe78d,Modernization on the Northern Fringe of Europe : The Historical Archaeology of Early Modern Sweden,publication,10
69825516c835c41957dfa3d8,Pewter Funerary Chalices and Patens from York Minster,publication,10
69825516c835c41957dfb79c,Plants and aromatics for embalming in Late Middle Ages and modern period: a synthesis of written sources and archaeobota,publication,10
69825516c835c41957dfb8fb,"Prehistoric Settlement, Two Post-Roman Inhumations and a Previously Unknown Medieval Church; Leyburn, North Yorkshire; A",publication,10
69825516c835c41957dfe2d0,Soil Micromorphology in Urban Research: Early Medieval Antwerp (Belgium) and Viking Age Kaupang (Norway),publication,10
69825516c835c41957dfe6d6,"St Helen's Church, Skipwith, north Yorkshire",publication,10
69825517c835c41957dffc6d,Swedenization of the North - the early medieval Swedish northern expansion and the emergence of the Birkarls,publication,10
69825517c835c41957dff494,"Technology, ritual and Anglo-Saxon agriculture: the biography of a plough coulter from Lyminge, Kent",publication,10
69825517c835c41957e00540,The Archaeology of a Landslide: Unravelling the Azores Earthquake Disaster of 1522 and its Consequences,publication,10
69825516c835c41957dfe0c6,The Devotional Image in Late Medieval England,publication,10
69825517c835c41957e019f3,The Early Modern New Found Land,publication,10
69825516c835c41957dfe78a,The First Century of the Town of Tornio : Urbanization on the Northern Edge of Europe,publication,10
69825517c835c41957dffd37,"The Later Victorian Recovery of Anglo-Saxon Sculpture : George Forrest Browne, Proctor, Professor, Bishop, and Anglo-Sax",publication,10
69825517c835c41957dffd51,The Study of Anglo-Saxon Poetry in the Victorian Period,publication,10
69825516c835c41957dfe0c7,The Written Evidence for the Later Middle Ages,publication,10
69825517c835c41957dffd4d,Women Writers and the Medieval,publication,10
69825516c835c41957dfa4dd,Woven Cultures: New Insights into Pictish and Viking Culture Contact Using the Implements of Textile Production,publication,10
69825516c835c41957dfb521,"À armes égales : femmes et armement dans le cimetière mérovingien de Romilly-sur-Andelle (Eure, France)",publication,10
"Alapont, Llorenç_2025-11-19T21:18:30","Alapont, Llorenç",author,11
Alberto Gómez-Carballa_2025-11-19T21:46:14,Alberto Gómez-Carballa,author,11
Alexandra Rosa_2025-11-19T21:46:14,Alexandra Rosa,author,11
Ali Madour_2025-11-19T21:46:14,Ali Madour,author,11
"Altena, Eveline_2025-11-19T21:30:06","Altena, Eveline",author,11
Amparo Barrachina_2025-11-19T21:46:14,Amparo Barrachina,author,11
Antonio Salas_2025-11-19T21:46:14,Antonio Salas,author,11
Antònia Flaquer_2025-11-19T21:46:14,Antònia Flaquer,author,11
António Brehm_2025-11-19T21:46:14,António Brehm,author,11
"Bager, Martina Abenhus_2025-11-19T21:48:01","Bager, Martina Abenhus",author,11
"Bailey, J.F._2025-11-19T21:24:34","Bailey, J.F.",author,11
"Barton, Tabatha_2025-11-19T21:48:01","Barton, Tabatha",author,11
"Bazelmans, Jos_2025-11-19T21:22:37","Bazelmans, Jos",author,11
"Beckett, Sophie_2025-11-19T21:48:01","Beckett, Sophie",author,11
"Behr, Charlotte_2025-11-19T21:17:09","Behr, Charlotte",author,11
"Beneyto, Josep Pascual_2025-11-19T21:19:03","Beneyto, Josep Pascual",author,11
"Both, Frank_2025-11-19T21:42:33","Both, Frank",author,11
"Brace, Selina_2025-11-19T21:48:01","Brace, Selina",author,11
"Bradley, Daniel G._2025-11-19T21:16:49","Bradley, Daniel G.",author,11
"Brinkkemper, Otto_2025-11-19T21:18:11","Brinkkemper, Otto",author,11
"Broomandkhoshbacht, Nasreen_2025-11-19T21:48:01","Broomandkhoshbacht, Nasreen",author,11
"Caruth, Joanna_2025-11-19T21:48:01","Caruth, Joanna",author,11
Ceiridwen J. Edwards_2025-11-19T21:20:28,Ceiridwen J. Edwards,author,11
"Cicone, Chiara_2025-11-19T21:18:59","Cicone, Chiara",author,11
"Clausen, Jane Jark_2025-11-19T21:48:01","Clausen, Jane Jark",author,11
"Colson, I.B._2025-11-19T21:24:34","Colson, I.B.",author,11
"Connellan, J._2025-11-19T21:23:45","Connellan, J.",author,11
"MacHugh, D. E._2025-11-19T21:23:45",David MacHugh,author,11
"De Kort, Jan Willem_2025-11-19T21:17:25","De Kort, Jan Willem",author,11
"Ditchfield, Peter W._2025-11-19T21:21:20","Ditchfield, Peter W.",author,11
Douglas J. Clarke_2025-11-19T21:46:14,Douglas J. Clarke,author,11
"Dulias, Katharina_2025-11-19T21:21:20","Dulias, Katharina",author,11
"Edwards, Ceiridwen Jane_2025-11-19T21:21:20","Edwards, Ceiridwen Jane",author,11
"Evans, Sarah F._2025-11-19T21:18:59","Evans, Sarah F.",author,11
"Eythórsdóttir, E_2025-11-19T21:21:48","Eythórsdóttir, E",author,11
"Faulkner, Neil_2025-11-19T21:48:01","Faulkner, Neil",author,11
"Fichera, Alessandro_2025-11-19T21:18:30","Fichera, Alessandro",author,11
"Foody, M George B_2025-11-19T21:18:30","Foody, M George B",author,11
"Gandini, Francesca_2025-11-19T21:18:30","Gandini, Francesca",author,11
"Gerrets, Danny_2025-11-19T21:22:37","Gerrets, Danny",author,11
"Oteo-Garcia, Gonzalo_2025-11-19T21:18:30",Gonzalo Oteo-García,author,11
"Gretzinger, Joscha_2025-11-19T21:21:20","Gretzinger, Joscha",author,11
"Groenewoudt, Bert J._2025-11-19T21:30:18","Groenewoudt, Bert J.",author,11
"Groothedde, Michel_2025-11-19T21:27:37","Groothedde, Michel",author,11
"Haak, Wolfgang_2025-11-19T21:36:35","Haak, Wolfgang",author,11
"Harney, Éadaoin_2025-11-19T21:48:01","Harney, Éadaoin",author,11
"Hedges, R.E.M._2025-11-19T21:24:34","Hedges, R.E.M.",author,11
"Hines, John_2025-11-19T21:16:21","Hines, John",author,11
"Huisman, Hans_2025-11-19T21:23:10","Huisman, Hans",author,11
"IJssennagger, Nelleke L._2025-11-19T21:23:10","IJssennagger, Nelleke L.",author,11
"Iliev, Lora_2025-11-19T21:48:01","Iliev, Lora",author,11
Jaroslaw Bryk_2025-11-19T21:46:14,Jaroslaw Bryk,author,11
"Jodoin, Susanne_2025-11-19T21:48:01","Jodoin, Susanne",author,11
João Guimarães_2025-11-19T21:46:14,João Guimarães,author,11
"Justeau, Pierre_2025-11-19T21:18:30","Justeau, Pierre",author,11
"Kappelhoff-Beckmann, Stefanie_2025-11-19T21:48:01","Kappelhoff-Beckmann, Stefanie",author,11
"Kars, Mirjam_2025-11-19T21:18:11","Kars, Mirjam",author,11
"Kastholm, Ole_2025-11-19T21:28:42","Kastholm, Ole",author,11
"Kazzazi, Kerstin_2025-11-19T21:48:42","Kazzazi, Kerstin",author,11
"Kenyon, Robert_2025-11-19T21:21:20","Kenyon, Robert",author,11
"Krabath, Stefan_2025-11-19T21:22:07","Krabath, Stefan",author,11
"Lacher, Laura_2025-11-19T21:48:01","Lacher, Laura",author,11
"Ladle, Lilian_2025-11-19T21:21:20","Ladle, Lilian",author,11
"Lauwerier, Roel_2025-11-19T21:17:25","Lauwerier, Roel",author,11
"Lawson, Ann Marie_2025-11-19T21:48:01","Lawson, Ann Marie",author,11
"Marcelli, Marina_2025-11-19T21:18:59","Marcelli, Marina",author,11
Matthew von Tersch_2025-11-19T21:46:14,Matthew von Tersch,author,11
"Mattiangeli, Valeria_2025-11-19T21:16:49","Mattiangeli, Valeria",author,11
"McCormick, Finbar_2025-11-19T21:25:19","McCormick, Finbar",author,11
"McEvoy, B_2025-11-19T21:21:29","McEvoy, B",author,11
"Monteiro, Rita_2025-11-19T21:18:30","Monteiro, Rita",author,11
"Müller, Gert_2025-11-19T21:23:12","Müller, Gert",author,11
"Neumann, Daniel_2025-11-19T21:48:01","Neumann, Daniel",author,11
"Nicolay, Johan_2025-11-19T21:18:11","Nicolay, Johan",author,11
"Nobles, Gary_2025-11-19T21:22:37","Nobles, Gary",author,11
"Olsaker, I._2025-11-19T21:23:45","Olsaker, I.",author,11
"PESTELL, TIM_2025-11-19T21:17:25","PESTELL, TIM",author,11
"Pala, Maria_2025-11-19T21:18:30","Pala, Maria",author,11
"Panhuysen, Raphaël_2025-11-19T21:30:06","Panhuysen, Raphaël",author,11
"Park, S. D. E._2025-11-19T21:23:45","Park, S. D. E.",author,11
"Pascual Beneyto, Josep_2025-11-19T21:18:30","Pascual Beneyto, Josep",author,11
Pedro A. Soares_2025-11-19T21:46:14,Pedro A. Soares,author,11
"Pol, Arent_2025-11-19T21:18:11","Pol, Arent",author,11
"Popescu, Elizabeth_2025-11-19T21:17:37","Popescu, Elizabeth",author,11
"Read, Chris_2025-11-19T21:48:01","Read, Chris",author,11
"Ribera I Lacomba, Albert_2025-11-19T21:18:30","Ribera I Lacomba, Albert",author,11
"Richards, Martin B._2025-11-19T21:21:20","Richards, Martin B.",author,11
"Richardson, Andrew_2025-11-19T21:48:01","Richardson, Andrew",author,11
"Rodrigues, Simão_2025-11-19T21:18:30","Rodrigues, Simão",author,11
"Rovira Gomar, María Luisa_2025-11-19T21:18:30","Rovira Gomar, María Luisa",author,11
"Roxburgh, Marcus_2025-11-19T21:23:10","Roxburgh, Marcus",author,11
"SAYER, DUNCAN_2025-11-19T21:17:27","SAYER, DUNCAN",author,11
"Saalow, Lars_2025-11-19T21:48:01","Saalow, Lars",author,11
"Schiffels, Stephan_2025-11-19T21:21:20","Schiffels, Stephan",author,11
"Schmidt, Kara_2025-11-19T21:48:01","Schmidt, Kara",author,11
"Stewardson, Kristin_2025-11-19T21:48:01","Stewardson, Kristin",author,11
"Sykes, B.C._2025-11-19T21:24:34","Sykes, B.C.",author,11
Tarek Shoeib_2025-11-19T21:46:14,Tarek Shoeib,author,11
Teresa Rito_2025-11-19T21:46:14,Teresa Rito,author,11
"Troy, C S_2025-11-19T21:21:48","Troy, C S",author,11
"Van Doesburg, Jan_2025-11-19T21:18:11","Van Doesburg, Jan",author,11
"Van Os, Bertil_2025-11-19T21:17:25","Van Os, Bertil",author,11
"Van Rooijen, Cees_2025-11-19T21:17:25","Van Rooijen, Cees",author,11
"Van Twest, Melanie_2025-11-19T21:48:01","Van Twest, Melanie",author,11
Vicente Palomar_2025-11-19T21:46:14,Vicente Palomar,author,11
"Vågene, Åshild J_2025-11-19T21:48:01","Vågene, Åshild J",author,11
"Wallace, Patrick F._2025-11-19T21:25:39","Wallace, Patrick F.",author,11
"Warburton, Keziah_2025-11-19T21:21:20","Warburton, Keziah",author,11
"Warnke, Ursula_2025-11-19T21:48:01","Warnke, Ursula",author,11
"Waxenberger, Gaby_2025-11-19T21:26:12","Waxenberger, Gaby",author,11
"Wicke, Jörg_2025-11-19T21:22:07","Wicke, Jörg",author,11
"Yau, Bobby_2025-11-19T21:18:30","Yau, Bobby",author,11
"Zalzala, Fatma_2025-11-19T21:48:01","Zalzala, Fatma",author,11
"van Beek, Roy_2025-11-19T21:27:37","van Beek, Roy",author,11
"van Oortmerssen, Gert_2025-11-19T21:22:37","van Oortmerssen, Gert",author,11
"van der Jagt, Inge_2025-11-19T21:30:06","van der Jagt, Inge",author,11
69825516c835c41957df9ff7,1 FRISIANS OF THE EARLY MIDDLE AGES: AN ARCHAEOETHNOLOGICAL PERSPECTIVE,publication,11
69825516c835c41957dfe2a7,4. Merovingians at Borgharen: Digging into a Listed Monument near Maastricht (the Netherlands),publication,11
69825516c835c41957dfdae1,"A Viking Ship Graffito from Kilclief, County Down, Ireland",publication,11
69825516c835c41957dfb968,"Ancient genomes reveal cosmopolitan ancestry and maternal kinship patterns at post-Roman Worth Matravers, Dorset",publication,11
69825517c835c41957e009b6,"Biomolecular insights into North African-related ancestry, mobility and diet in eleventh-century Al-Andalus",publication,11
69825516c835c41957dfc2eb,Burganlagen im Weichbild der Stadt Plauen,publication,11
69825516c835c41957dfd71e,Christianisation and the Afterlife of Pagan Open-Air Cult Sites. Evidence from the Northern Frankish Frontier,publication,11
69825516c835c41957dfa469,"Cover it! The Protection of a Merovingian Burial Ground in Borgharen (Municipality of Maastricht), the Netherlands",publication,11
69825516c835c41957dfc98c,DNA Analysis of Seven Human Skeletons Excavated from the Terp of Wijnaldum,publication,11
69825516c835c41957dfaddf,"Des tombes romaines tardives à Sanxo Llop (Gandia, Valencia) : exogamie et parenté au sein d'une structure funéraire par",publication,11
69825516c835c41957dfa8d4,"Diobolgeldæ (The Devil’s Money): The Early-Medieval Cult Site of Hezingen, The Netherlands",publication,11
69825516c835c41957dfbb85,Early medieval cattle remains from a Scandinavian settlement in Dublin: genetic analysis and comparison with extant bree,publication,11
69825516c835c41957dfbfd1,Een Vendelhelm uit Hallum? Verslag van een archeologische zoektocht,publication,11
69825516c835c41957dfc533,Feasibility and utility of microsatellite markers in archaeological cattle remains from a Viking Age settlement in Dubli,publication,11
69825516c835c41957dfba1b,Human migration: reappraising the Viking image,publication,11
69825517c835c41957e0104e,Introduction,publication,11
69825516c835c41957dfad8d,"La nécropole de la Via Ostiensis à Rome. Longue durée, changements et transition complexe vers le monde funéraire paléoc",publication,11
69825516c835c41957dfadc8,"Late Roman tombs at Sanxo Llop (Gandia, Valencia): exogamy and kinship in a particular funerary structure",publication,11
69825516c835c41957dfaa86,Medieval genomes from eastern Iberia illuminate the role of Morisco mass deportations in dismantling a long-standing gen,publication,11
69825516c835c41957dfe6b7,Metal detection and the Frisian Kingdom : questions about the central place of northern Westergo in the Early Middle Age,publication,11
69825516c835c41957dfbd2c,Spätmittalterliche Kalkproduktion in der Burg der Vögte zu Plauen/Vogtland,publication,11
69825517c835c41957e00ded,The Anglo-Saxon migration and the formation of the early English gene pool,publication,11
69825516c835c41957dfa46a,The Bracteate Hoard from Binham — An Early Anglo-Saxon Central Place? WINNER OF THE 2014 MARTYN JOPE AWARD,publication,11
69825516c835c41957dfad66,"The Via Ostiensis Necropolis in Rome: Endurance, Change, and a complex Transition to the paleochristian funerary World",publication,11
69825516c835c41957dfb96a,West African ancestry in seventh-century England: two individuals from Kent and Dorset,publication,11
69825516c835c41957dfedb0,Where Worlds Collide. A Typological and Compositional Analysis of the Copper-Alloy Mounts from Viking-Age Walcheren,publication,11
"Abadia, Edgar_2025-11-19T21:28:37","Abadia, Edgar",author,12
"Aktas, Elif_2025-11-19T21:28:37","Aktas, Elif",author,12
"Alterauge, Amelie_2025-11-19T21:15:36","Alterauge, Amelie",author,12
"Ano, Hiromi_2025-11-19T21:28:37","Ano, Hiromi",author,12
"Gugora, Ariana_2025-11-19T21:17:56",Ariana Gugora,author,12
"Bencsik, Attila_2025-11-19T21:20:58","Bencsik, Attila",author,12
"Berato, Jacques_2025-11-19T21:25:15","Berato, Jacques",author,12
"Bereczki, Zsolt_2025-11-19T21:16:51","Bereczki, Zsolt",author,12
"Bihari, Péter_2025-11-19T21:32:14","Bihari, Péter",author,12
"Borreani, Marc_2025-11-19T21:25:15","Borreani, Marc",author,12
"Bourgeois, M.L_2025-11-19T21:24:29","Bourgeois, M.L",author,12
"Brun, Jean-Pierre_2025-11-19T21:19:41","Brun, Jean-Pierre",author,12
"Brun, M_2025-11-19T21:24:29","Brun, M",author,12
"Bárány, Annamária_2025-11-19T21:43:17","Bárány, Annamária",author,12
"Cavada, Enrico_2025-11-19T21:32:26","Cavada, Enrico",author,12
"Clark, Taane G_2025-11-19T21:28:37","Clark, Taane G",author,12
"Coia, Valentina_2025-11-19T21:15:47","Coia, Valentina",author,12
"Coll, Francesc_2025-11-19T21:28:37","Coll, Francesc",author,12
"Cooper, Christine_2025-11-19T21:26:48","Cooper, Christine",author,12
"Coqueugniot, Hélène_2025-11-19T21:42:09","Coqueugniot, Hélène",author,12
"Croze, Myriam_2025-11-19T21:15:47","Croze, Myriam",author,12
"Cömert, Füsun_2025-11-19T21:28:37","Cömert, Füsun",author,12
"Daczó, Levente_2025-11-19T21:18:08","Daczó, Levente",author,12
"Demény, Attila_2025-11-19T21:17:56","Demény, Attila",author,12
"Depellegrin, Valentina_2025-11-19T21:37:49","Depellegrin, Valentina",author,12
"Dupras, Tosha L._2025-11-19T21:41:26","Dupras, Tosha L.",author,12
"Dutour, Olivier_2025-11-19T21:25:15","Dutour, Olivier",author,12
"Faragó, Norbert_2025-11-19T21:16:50","Faragó, Norbert",author,12
"Farkas, L. Gyula_2025-11-19T21:42:09","Farkas, L. Gyula",author,12
"Federici-Schenardi, Maruska_2025-11-19T21:40:58","Federici-Schenardi, Maruska",author,12
"Fellner, Robert_2025-11-19T21:26:48","Fellner, Robert",author,12
"Fogl, Ágnes_2025-11-19T21:20:58","Fogl, Ágnes",author,12
"Fóthi, Erzsébet_2025-11-19T21:17:56","Fóthi, Erzsébet",author,12
"Galbács, Gábor_2025-11-19T21:20:58","Galbács, Gábor",author,12
"Gulyás, Bence_2025-11-19T21:16:50","Gulyás, Bence",author,12
"Gábor Hatvani, István_2025-11-19T21:17:56","Gábor Hatvani, István",author,12
"Gáll, Erwin_2025-11-19T21:18:08","Gáll, Erwin",author,12
"Heubi, Olivier_2025-11-19T21:26:48","Heubi, Olivier",author,12
"Hoon Shin, Dong_2025-11-19T21:32:18","Hoon Shin, Dong",author,12
"Jackowski, Christian_2025-11-19T21:15:36","Jackowski, Christian",author,12
"Kovács, József_2025-11-19T21:25:27",Jozsef Kovacs,author,12
"Józsa, László_2025-11-19T21:21:29","Józsa, László",author,12
"Kalmár, Tibor_2025-11-19T21:32:14","Kalmár, Tibor",author,12
"Kellinghaus, Manuel_2025-11-19T21:15:36","Kellinghaus, Manuel",author,12
"Kis, Luca_2025-11-19T21:17:44","Kis, Luca",author,12
"Kocsy, Klaudia_2025-11-19T21:32:14",Klaudia Kocsy,author,12
"Kustár, Ágnes_2025-11-19T21:32:14","Kustár, Ágnes",author,12
"Lovász, Gabriella_2025-11-19T21:26:12","Lovász, Gabriella",author,12
"Lösch, Sandra_2025-11-19T21:15:36","Lösch, Sandra",author,12
"Maixner, Frank_2025-11-19T21:15:36","Maixner, Frank",author,12
"Marcsik, Antónia_2025-11-19T21:17:44","Marcsik, Antónia",author,12
"Markéta, Svenssonová_2025-11-19T21:25:53","Markéta, Svenssonová",author,12
"Masson, Muriel_2025-11-19T21:26:12","Masson, Muriel",author,12
"Matsumoto, Tomoshige_2025-11-19T21:28:37","Matsumoto, Tomoshige",author,12
"Maár, Kitti_2025-11-19T21:32:14","Maár, Kitti",author,12
"McNerney, Ruth_2025-11-19T21:28:37","McNerney, Ruth",author,12
"Medgyesi, Pál_2025-11-19T21:17:44","Medgyesi, Pál",author,12
"Moghaddam, Negahnaz_2025-11-19T21:37:49","Moghaddam, Negahnaz",author,12
"Molnár, Erika_2025-11-19T21:16:51","Molnár, Erika",author,12
"Mozgai, Viktória_2025-11-19T21:17:54","Mozgai, Viktória",author,12
"Nagy, István_2025-11-19T21:32:14","Nagy, István",author,12
"Neparáczki, Endre_2025-11-19T21:32:14","Neparáczki, Endre",author,12
"O'Sullivan, Niall_2025-11-19T21:22:49","O'Sullivan, Niall",author,12
"Oulebsir, Rachid_2025-11-19T21:19:41","Oulebsir, Rachid",author,12
"Oumsed, Tahar Hamadache_2025-11-19T21:19:41","Oumsed, Tahar Hamadache (Ighil",author,12
"Pain, Arnab_2025-11-19T21:28:37","Pain, Arnab",author,12
"Paja, László_2025-11-19T21:20:58","Paja, László",author,12
"Paladin, Alice_2025-11-19T21:15:47","Paladin, Alice",author,12
"Palkó, András._2025-11-19T21:42:09","Palkó, András.",author,12
"Panaiotov, Stefan_2025-11-19T21:28:37","Panaiotov, Stefan",author,12
"Pap, Ildikó._2025-11-19T21:25:26","Pap, Ildikó.",author,12
"Perrin, Pascale_2025-11-19T21:26:12","Perrin, Pascale",author,12
"Phelan, Jody_2025-11-19T21:28:37","Phelan, Jody",author,12
"Pinter, Farkas_2025-11-19T21:33:59","Pinter, Farkas",author,12
"Piombino-Mascali, Dario_2025-11-19T21:18:04","Piombino-Mascali, Dario",author,12
"Posth, Cosimo_2025-11-19T21:22:49","Posth, Cosimo",author,12
"Pálfi, György_2025-11-19T21:17:44","Pálfi, György",author,12
"Pósa, Annamária_2025-11-19T21:26:12","Pósa, Annamária",author,12
"Raskó, István_2025-11-19T21:32:14","Raskó, István",author,12
"Refrégier, Guislaine_2025-11-19T21:28:37","Refrégier, Guislaine",author,12
"Rosendahl, Wilfried_2025-11-19T21:15:36","Rosendahl, Wilfried",author,12
"Samu, Levente_2025-11-19T21:16:50","Samu, Levente",author,12
"Siebke, Inga_2025-11-19T21:37:49","Siebke, Inga",author,12
"Sola, Christophe_2025-11-19T21:26:12","Sola, Christophe",author,12
"Spekker, Olga_2025-11-19T21:16:50","Spekker, Olga",author,12
"Stawinoga, Agnieszka Elzbieta_2025-11-19T21:37:49","Stawinoga, Agnieszka Elzbieta",author,12
"Szabó, Krisztina Ágnes_2025-11-19T21:17:44","Szabó, Krisztina Ágnes",author,12
"Szakmany, Gyorgy_2025-11-19T21:33:59","Szakmany, Gyorgy",author,12
"Szalontai, Csaba_2025-11-19T21:45:50","Szalontai, Csaba",author,12
"Szenthe, Gergely_2025-11-19T21:17:54","Szenthe, Gergely",author,12
"Székely, György_2025-11-19T21:18:43","Székely, György",author,12
"Takashima, Tetsuya_2025-11-19T21:28:37","Takashima, Tetsuya",author,12
"Tecchiati, Umberto_2025-11-19T21:37:49","Tecchiati, Umberto",author,12
"Tihanyi, Balázs_2025-11-19T21:17:44","Tihanyi, Balázs",author,12
"Toth, Maria_2025-11-19T21:33:59","Toth, Maria",author,12
"Török, Tibor_2025-11-19T21:32:14","Török, Tibor",author,12
"Villa, Igor M._2025-11-19T21:17:54","Villa, Igor M.",author,12
"Wicker, Erika_2025-11-19T21:26:12","Wicker, Erika",author,12
"Wurst, Christina_2025-11-19T21:15:47","Wurst, Christina",author,12
"Zingale, Stefania_2025-11-19T21:15:47","Zingale, Stefania",author,12
"Zink, Albert_2025-11-19T21:15:36","Zink, Albert",author,12
"Maróti, Zoltán_2025-11-19T21:32:14",Zoltán Maróti,author,12
69825517c835c41957e00541,"A (Needle) Case in Point: Transformations in the Carpathian Basin During the Early Middle Ages (Late Avar Period, 8 th -",publication,12
69825516c835c41957dfa636,A glimpse into the past of Hansen's disease - Re-evaluation and comparative analysis of cases with leprosy from the Avar,publication,12
69825516c835c41957df9e1d,Ancestry and kinship in a Late Antiquity-Early Middle Ages cemetery in the Eastern Italian Alps,publication,12
69825516c835c41957dfc107,Ancient genome-wide analyses infer kinship structure in an Early Medieval Alemannic graveyard,publication,12
69825516c835c41957dfa894,Asymmetrical relationship between a peripheral region and the Late Avar Khaganate The Sighișoara microregion in the Earl,publication,12
69825516c835c41957dfa1c2,Chronological problems of the 7th-10th-century AD Carpathian Basin in light of radiocarbon data,publication,12
69825517c835c41957e00525,Csont-ízületi tuberkulózis okozta ankylosisok vizsgálata egy középkori monostor körüli temető anyagában = Anal,publication,12
69825517c835c41957e0083a,Dietary and cultural differences between neighbouring communities: A case study on the early medieval Carpathian Basin (,publication,12
69825517c835c41957dff8a2,Early medieval Italian Alps: reconstructing diet and mobility in the valleys,publication,12
69825517c835c41957e00524,Egy késő-középkori embertani széria tuberkulózis fertőzöttségének vizsgálata morfológiai és molekuláris bi,publication,12
69825516c835c41957dfc909,Examen de conscience et prise de conscience,publication,12
69825516c835c41957dfc413,"Hypertrophic pulmonary osteoarthropathy (Bamberger-Marie disease) in a skeleton from Medieval times at Batmonostor, Hung",publication,12
69825516c835c41957dfe141,"L'antiquité des tréponématoses dans l'Ancien Monde: évidences historiques, archéologiques et paléopathologiques",publication,12
69825517c835c41957e001d1,"Le site mérovingien de Develier-Courtételle (Jura, Suisse): organisation spatiale d'un habitat rural",publication,12
69825517c835c41957e0086e,Life and death of a leprosy sufferer from the 8th-century-CE cemetery of Kiskundorozsma-Kettőshatár I (Duna-Tisza Interf,publication,12
69825516c835c41957dfce4e,Lumbosacral and hip tuberculosis in a Migration Period skeleton,publication,12
69825516c835c41957dfe7d1,Mitogenomic data indicate admixture components of Central-Inner Asian and Srubnaya origin in the conquering Hungarians,publication,12
69825517c835c41957e00f42,"Mitogenomic diversity and stable isotopes provide insights into the maternal genetic history, mobility patterns, and die",publication,12
69825517c835c41957dff89e,Multiple cysts of the proximal femur in the skeleton of two medieval men,publication,12
69825517c835c41957e00332,"New home, new diet? Reconstruction of diet at the 10th century CE Hungarian Conquest period site of Kenézlő-Fazekaszug f",publication,12
69825516c835c41957dfb193,"Olivier (La culture de l'olivier, de l'Antiquité à la Kabylie contemporaine)",publication,12
69825516c835c41957dfba1c,Osseous signs of anemia and nutrition disorders in a Medieval cemetery in Hungary,publication,12
69825516c835c41957dfb7ed,Partial mummification and extraordinary context observed in perinate burials: a complex osteoarcheological study applyin,publication,12
69825516c835c41957dfcd4d,Pre-Columbian congenital syphilis from the late antiquity in France,publication,12
69825516c835c41957dfa81f,"The Blessed Antonio (Patrizi) from Monticiano, Sienna (Italy): Bioanthropological and Palaeohistological Considerations",publication,12
69825516c835c41957dfef54,The Sommersdorf mummies—An interdisciplinary investigation on human remains from a 17th-19th century aristocratic crypt ,publication,12
69825516c835c41957dfd04e,The dietary trends and social relations in the migration period,publication,12
69825516c835c41957dfa737,The early medieval origins of copper ore extraction in the Carpathian Mountains,publication,12
69825516c835c41957dfa76e,The impact of social status and biological sex on diet at 10th century CE Hungarian sites from stable carbon and nitroge,publication,12
69825516c835c41957dfedf8,"The provenance of ""red marble"" monuments from the 12th-18th centuries in Hungary",publication,12
69825516c835c41957dfd8dc,Tuberculosis in early medieval Switzerland – osteological and molecular evidence,publication,12
69825516c835c41957dfd19c,Tuberculosis infection in a late-medieval Hungarian population,publication,12
69825516c835c41957dfda6e,Turkish and Japanese Mycobacterium tuberculosis sublineages share a remote common ancestor,publication,12
69825516c835c41957dfce44,Vashianyos anaemia a honfoglalas es az Arpadok koraban,publication,12
"Alper, Götz_2025-11-19T21:20:32","Alper, Götz",author,13
"Andersson, Leif_2025-11-19T21:27:59","Andersson, Leif",author,13
"Arneborg, Jette_2025-11-19T21:17:26","Arneborg, Jette",author,13
"BASOGE, Florian_2025-11-19T21:49:49","BASOGE, Florian",author,13
"BOËS, Xavier_2025-11-19T21:49:49","BOËS, Xavier",author,13
"Bannier, Jean-Christophe Le_2025-11-19T21:20:10","Bannier, Jean-Christophe Le",author,13
"Bellone, Rebecca_2025-11-19T21:38:00","Bellone, Rebecca",author,13
"Benecke, Norbert_2025-11-19T21:18:18","Benecke, Norbert",author,13
"Billoin, David_2025-11-19T21:18:50","Billoin, David",author,13
"Borchardt, Holger_2025-11-19T21:17:34","Borchardt, Holger",author,13
"Borck, Lewis_2025-11-19T21:36:47","Borck, Lewis",author,13
"Breuil, Jean-Yves_2025-11-19T21:26:48","Breuil, Jean-Yves",author,13
"Brughmans, Tom_2025-11-19T21:15:53","Brughmans, Tom",author,13
Bruno Boemke_2025-11-19T21:18:01,Bruno Boemke,author,13
"Cartier-Mamie, Émilie_2025-11-19T21:18:50","Cartier-Mamie, Émilie",author,13
"Cartron, Isabelle_2025-11-19T21:27:28","Cartron, Isabelle",author,13
"Chenal, Fanny_2025-11-19T21:20:11","Chenal, Fanny",author,13
"Châtelet, Madeleine_2025-11-19T21:20:11","Châtelet, Madeleine",author,13
"Cieslak, Michael_2025-11-19T21:38:00","Cieslak, Michael",author,13
"Clark, Jeffery J_2025-11-19T21:36:47","Clark, Jeffery J",author,13
Claudia Koppmann_2025-11-19T21:18:01,Claudia Koppmann,author,13
"Clauset, Aaron_2025-11-19T21:36:47","Clauset, Aaron",author,13
"Colombo, Antony_2025-11-19T21:18:49","Colombo, Antony",author,13
"Comte, Florent_2025-11-19T21:18:49","Comte, Florent",author,13
"Cramatte, Cédric_2026-01-14T22:01:00","Cramatte, Cédric",author,13
"Deguilloux, Marie-France_2025-11-19T21:18:49","Deguilloux, Marie-France",author,13
"Döhle, Hans-Jürgen_2025-11-19T21:37:57","Döhle, Hans-Jürgen",author,13
"Ehrlich, Freydis_2025-11-19T21:18:30","Ehrlich, Freydis",author,13
Erich Claßen_2025-11-19T21:18:01,Erich Claßen,author,13
"Eriksson, Gunilla_2025-11-19T21:39:46","Eriksson, Gunilla",author,13
Fjellström_2025-11-19T21:35:16,Fjellström,author,13
Florian Sauer_2025-11-19T21:18:01,Florian Sauer,author,13
"Fortes, Gloria G._2025-11-19T21:38:00","Fortes, Gloria G.",author,13
"Friederich, Susanne_2025-11-19T21:20:32","Friederich, Susanne",author,13
"GAILLARD de SÉMAINVILLE, Henri_2025-11-19T21:20:11","GAILLARD de SÉMAINVILLE, Henri",author,13
"GASTON, Christophe_2025-11-19T21:20:10","GASTON, Christophe",author,13
"Gandel, Philippe_2025-11-19T21:18:50","Gandel, Philippe",author,13
"Gleize, Yves_2025-11-19T21:26:48","Gleize, Yves",author,13
"Glykou, Aikaterini_2025-11-19T21:39:46","Glykou, Aikaterini",author,13
"Gonzalez, Javier_2025-11-19T21:27:59","Gonzalez, Javier",author,13
"Groppi, Alexis_2025-11-19T21:26:48","Groppi, Alexis",author,13
"Hallsson, Jón Hallsteinn_2025-11-19T21:27:59","Hallsson, Jón Hallsteinn",author,13
Hannah Witte_2025-11-19T21:18:01,Hannah Witte,author,13
"Herzog, Irmela_2025-11-19T21:15:53","Herzog, Irmela",author,13
"Hofreiter, Michael_2025-11-19T21:27:59","Hofreiter, Michael",author,13
"Houix, Bertrand_2025-11-19T21:26:48","Houix, Bertrand",author,13
"Hubert, Christophe_2025-11-19T21:26:48","Hubert, Christophe",author,13
"Humbert, Sylviane_2025-11-19T21:20:10","Humbert, Sylviane",author,13
"Huntley, Deborah L_2025-11-19T21:36:47","Huntley, Deborah L",author,13
Isabell Schmidt_2025-11-19T21:18:01,Isabell Schmidt,author,13
"JODRY, Florent_2025-11-19T21:49:49","JODRY, Florent",author,13
"Keßels, Johannes_2025-11-19T21:20:32","Keßels, Johannes",author,13
"Kriiska, Aivar_2025-11-19T21:18:30","Kriiska, Aivar",author,13
"Kunz, Brigitta_2025-11-19T21:39:43","Kunz, Brigitta",author,13
"Lamy, Valérie_2025-11-19T21:20:10","Lamy, Valérie",author,13
"Lasserre, Marina_2025-11-19T21:19:35","Lasserre, Marina",author,13
"Lehmkuhl, Frank_2025-11-19T21:17:34","Lehmkuhl, Frank",author,13
Lidén_2025-11-19T21:35:16,Lidén,author,13
"Logel, Thierry_2025-11-19T21:19:35","Logel, Thierry",author,13
"Loibl, David_2025-11-19T21:17:34","Loibl, David",author,13
"Ludwig, Arne_2025-11-19T21:27:59","Ludwig, Arne",author,13
"Lõugas, Lembi_2025-11-19T21:18:30","Lõugas, Lembi",author,13
"MICHLER, Mathieu_2025-11-19T21:49:49","MICHLER, Mathieu",author,13
"Magnell, Ola_2025-11-19T21:15:30","Magnell, Ola",author,13
"Mazimann, Jean-Pierre_2025-11-19T21:29:05","Mazimann, Jean-Pierre",author,13
"Mendisco, Fanny_2025-11-19T21:26:48","Mendisco, Fanny",author,13
Miglė  Urbonaitė-Ubė_2025-11-19T21:41:55,Miglė  Urbonaitė-Ubė,author,13
"Mills, Barbara J._2025-11-19T21:15:53","Mills, Barbara J.",author,13
"Morales-Muniz, Arturo_2025-11-19T21:27:59","Morales-Muniz, Arturo",author,13
"Munson, Jessica_2025-11-19T21:15:53","Munson, Jessica",author,13
"Mägi, Marika_2025-11-19T21:18:30","Mägi, Marika",author,13
"Niinesalu-Moon, Maris_2025-11-19T21:18:30","Niinesalu-Moon, Maris",author,13
"Nikulina, Elena A._2025-11-19T21:17:37","Nikulina, Elena A.",author,13
"Oras, Ester_2025-11-19T21:18:30","Oras, Ester",author,13
"Orlando, Ludovic_2025-11-19T21:16:40","Orlando, Ludovic",author,13
"Pavin, Anaïs_2025-11-19T21:20:11","Pavin, Anaïs",author,13
"Peeples, Matthew A._2025-11-19T21:15:53","Peeples, Matthew A.",author,13
"Pemonge, Marie-Hélène_2025-11-19T21:26:48","Pemonge, Marie-Hélène",author,13
"Pilet-Lemière, Jacqueline_2025-11-19T21:29:05","Pilet-Lemière, Jacqueline",author,13
"Piličiauskienė, Giedrė_2025-11-19T21:39:46","Piličiauskienė, Giedrė",author,13
"Pruvost, Mélanie_2025-11-19T21:18:49","Pruvost, Mélanie",author,13
"Putelat, Olivier_2025-11-19T21:18:50","Putelat, Olivier",author,13
"Pálsdóttir, Albína Hulda_2025-11-19T21:27:59","Pálsdóttir, Albína Hulda",author,13
"Reissmann, Monika_2025-11-19T21:27:59","Reissmann, Monika",author,13
"Ruttkay, Matej_2025-11-19T21:27:59","Ruttkay, Matej",author,13
"SCHNEIDER, Nathalie_2025-11-19T21:49:49","SCHNEIDER, Nathalie",author,13
"Saint-Pierre, Christophe_2025-11-19T21:18:49","Saint-Pierre, Christophe",author,13
"Sandoval-Castellanos, Edson_2025-11-19T21:16:49","Sandoval-Castellanos, Edson",author,13
"Schmölcke, Ulrich_2025-11-19T21:15:30","Schmölcke, Ulrich",author,13
"Schulte, Philipp_2025-11-19T21:20:32","Schulte, Philipp",author,13
"Shackley, M Steven_2025-11-19T21:36:47","Shackley, M Steven",author,13
"Smith, Kevin P._2025-11-19T21:26:27","Smith, Kevin P.",author,13
"Smith, Michèle Hayeur_2025-11-19T21:16:43","Smith, Michèle Hayeur",author,13
Svestad_2025-11-19T21:35:16,Svestad,author,13
"Swieder, Anna_2025-11-19T21:20:32","Swieder, Anna",author,13
"Thibon, D._2025-11-19T21:25:18","Thibon, D.",author,13
"Tober, Christopher_2025-11-19T21:20:32","Tober, Christopher",author,13
"Trinks, Alexandra_2025-11-19T21:27:59","Trinks, Alexandra",author,13
"VIGREUX, Thomas_2025-11-19T21:49:49","VIGREUX, Thomas",author,13
"Wutke, Saskia_2025-11-19T21:27:59","Wutke, Saskia",author,13
"Ólafsson, Guðmundur_2025-11-19T21:41:04","Ólafsson, Guðmundur",author,13
"Aguraiuja-Lätti, Ülle_2025-11-19T21:34:30",Ülle Aguraiuja-Lätti,author,13
69825516c835c41957dfb5bd,A millennium of ore mining and smelting in the eastern Harz: a geospatial database spanning from the medieval period to ,publication,13
69825517c835c41957e00f6e,"All that glitters is not gold: Multi-instrumental identification of Viking Age orpiment (As2S3) from Surtshellir cave, I",publication,13
69825516c835c41957dfcd90,"Ancient DNA and kinship analysis of human remains deposited in Merovingian necropolis sarcophagi (Jau Dignac et Loirac, ",publication,13
69825516c835c41957dfa586,Archaeogenetic evidence for medieval occurrence of Atlantic sturgeon Acipenser oxyrinchus in the North Sea,publication,13
69825516c835c41957dfb116,Archéologie et paysages dans la plaine rhénane septentrionale Une approche diachronique de l'occupation des rives du Rhi,publication,13
69825516c835c41957dfa7e6,Assessing the impact of the 2021 flood event on the archaeological heritage of the Rhineland (Germany),publication,13
69825517c835c41957dff90d,Author Correction: Spotted phenotypes in horses lost attractiveness in the Middle Ages,publication,13
69825516c835c41957dfdc4e,Contribution à la connaissance de l'implantation Burgonde en Gaule au Ve siècle : à propos de découvertes récentes ,publication,13
69825516c835c41957dfaa76,"Dietary stable isotope analysis on fifth–ninth century AD populations of Lepna and Viidumäe, Saaremaa Island, Estonia",publication,13
69825516c835c41957dfd3fb,"Early Medieval Muslim Graves in France: First Archaeological, Anthropological and Palaeogenomic Evidence",publication,13
69825516c835c41957dff1a5,Food and Cultural Traits in Coastal Northern Finnmark in the 14th-19th Centuries,publication,13
69825516c835c41957dfa542,"Geomorphological map of the Wüstebach (Nationalpark Eifel, Germany)—an example of human impact on mid-European mountain ",publication,13
69825517c835c41957dffe07,Greifvogelfunde aus dem mittelalterlichen Stendal und das Problem ihrer Interpretation,publication,13
69825516c835c41957dfac69,Ittenheim « Lotissement du Stade » (Bas-Rhin) : une nécropole du Bas-Empire (350-450 après J.-C.) et ses dépôts funérair,publication,13
69825517c835c41957e0193f,Le castrum de l'Antiquité tardive et du haut Moyen Âge de Mandeure et l'établissement fortifié de hauteur de Château-Jul,publication,13
69825517c835c41957e013f4,Le site de la fin du Bronze final du Hexenberg à Leutenheim (Bas-Rhin): études sur le paléoenvironnement rhénan et étude,publication,13
69825516c835c41957dfac47,"Le visage d'Adèle, enfant du xe siècle : restitution scientifique pluridisciplinaire pour une muséographie personnifiée ",publication,13
69825516c835c41957dfac61,Les établissements perchés de l'Antiquité tardive et du haut Moyen Âge en Franche-Comté (IVe-IXe siècle) : la reculée de,publication,13
69825517c835c41957dffe29,Reconstructing the ecological history of the extinct harp seal population of the Baltic Sea,publication,13
69825517c835c41957e00221,Ritual responses to catastrophic volcanism in Viking Age Iceland: Reconsidering Surtshellir Cave through Bayesian analys,publication,13
69825516c835c41957dfef62,Stable isotope evidence for medieval diet in urban and rural northern Estonia,publication,13
69825517c835c41957e0047e,"The Meaning of Eagles in the Baltic Region. A Case Study from the Castle of the Teutonic Order in Klaipėda, Lithuania (1",publication,13
69825516c835c41957dfd892,The origin of ambling horses,publication,13
69825516c835c41957dfa7ca,"The ‘Burgundian’ hat from Herjolfsnes, Greenland",publication,13
69825517c835c41957dff585,Transformation of social networks in the late pre-Hispanic US Southwest,publication,13
69825516c835c41957df9e69,Transportation Networks and Least-Cost Paths,publication,13
69825517c835c41957dff931,Twenty-five thousand years of fluctuating selection on leopard complex spotting and congenital night blindness in horses,publication,13
69825516c835c41957dfb401,Un petit groupe de « barbares » d'origine orientale implanté en alsace à l'époque des grandes migrations Sur le site d'O,publication,13
69825516c835c41957dfb3f3,Un établissement rural mérovingien à Delle « La Queue au Loup » (Territoire de Belfort),publication,13
69825516c835c41957dfdcd8,Une monnaie en or mérovingienne découverte à Salins-les-Bains (Jura),publication,13
69825516c835c41957dfb4d7,Écrille « La Motte » (Jura) : un établissement de hauteur de l'Antiquité tardive et du haut Moyen Âge,publication,13
69825517c835c41957dff880,"‘Tangled up in Blue’: The Death, Dress and Identity of an Early Viking-Age Female Settler from Ketilsstaðir, Iceland",publication,13
"Barbero, Alessandro_2025-11-19T21:39:35","Barbero, Alessandro",author,14
"Barme, Maude_2025-11-19T21:39:28","Barme, Maude",author,14
"Bennett, Judith M._2025-11-19T21:23:40","Bennett, Judith M.",author,14
"Bowers, Barbara S._2025-11-19T21:23:37","Bowers, Barbara S.",author,14
"Brown, Andrew_2025-11-19T21:15:48","Brown, Andrew",author,14
"Calligaro, Thomas_2025-11-19T21:19:37","Calligaro, Thomas",author,14
"Colinart, S._2025-11-19T21:24:31","Colinart, S.",author,14
"Coon, Lynda L._2025-11-19T21:35:57","Coon, Lynda L.",author,14
"Davies, Wendy_2025-11-19T21:14:16","Davies, Wendy",author,14
"Diem, Albrecht_2025-11-19T21:27:12","Diem, Albrecht",author,14
"Dubois, Claude_2025-11-19T21:18:52","Dubois, Claude",author,14
"Effros, Bonnie_2025-11-19T21:20:24","Effros, Bonnie",author,14
"Erlande‑Brandenburg, Alain_2025-11-19T21:18:52","Erlande‑Brandenburg, Alain",author,14
"Falcando, Ugo_2025-11-19T21:21:37","Falcando, Ugo",author,14
"Favreau, Robert_2025-11-19T21:18:52","Favreau, Robert",author,14
"Fouracre, Paul_2025-11-19T21:14:16","Fouracre, Paul",author,14
"Ganz, David_2025-11-19T21:34:36","Ganz, David",author,14
"Gasparri, Françoise_2025-11-19T21:18:52","Gasparri, Françoise",author,14
"Gerberding, Richard A._2025-11-19T21:17:22","Gerberding, Richard A.",author,14
"Graceffa, Agnès_2025-11-19T21:19:34","Graceffa, Agnès",author,14
"Gratuze, Bernard_2025-11-19T21:20:57","Gratuze, Bernard",author,14
"Halsall, Guy_2025-11-19T21:18:13","Halsall, Guy",author,14
"Handley, Mark A._2025-11-19T21:39:04","Handley, Mark A.",author,14
"Hendriks, Joep_2025-11-19T21:23:13","Hendriks, Joep",author,14
"Ivanovici, Vladimir_2025-11-19T21:34:36","Ivanovici, Vladimir",author,14
"Jones, Nancy A._2025-11-19T21:20:33","Jones, Nancy A.",author,14
"Juan Ares, Jorge de_2026-01-14T22:04:05","Juan Ares, Jorge de",author,14
"Karras, Ruth Mazo_2025-11-19T21:23:58","Karras, Ruth Mazo",author,14
"Kazanski, Michel_2025-11-19T21:18:48","Kazanski, Michel",author,14
"Loring, M. I._2025-11-19T21:30:00","Loring, M. I.",author,14
"Loseby, S. T._2025-11-19T21:39:29","Loseby, S. T.",author,14
"Loud, G.                       A._2025-11-19T21:17:08","Loud, G.                       A.",author,14
"Lyon, Jonathan Reed_2025-11-19T21:21:37","Lyon, Jonathan Reed",author,14
"MOORHEAD, John_2025-11-19T21:21:45","MOORHEAD, John",author,14
Manchester University Press_2025-11-19T21:21:36,Manchester University Press,author,14
"Mastykova, Anna_2025-11-19T21:18:48","Mastykova, Anna",author,14
"Mayer, Jannie_2025-11-19T21:18:54","Mayer, Jannie",author,14
"McCarthy, Thomas John Henry_2025-11-19T21:21:37","McCarthy, Thomas John Henry",author,14
"McGuire, Brian Patrick_2025-11-19T21:17:27","McGuire, Brian Patrick",author,14
"McKee, Sally_2025-11-19T21:36:23","McKee, Sally",author,14
"Minet-Mahy, Virginie_2025-11-19T21:49:27","Minet-Mahy, Virginie",author,14
"Moreira, Isabel_2025-11-19T21:18:29","Moreira, Isabel",author,14
"Mummey, Kevin_2025-11-19T21:25:01","Mummey, Kevin",author,14
"Murray, Alexander Callander_2025-11-19T21:17:20","Murray, Alexander Callander",author,14
"Neri, Elisabetta_2025-11-19T21:20:57","Neri, Elisabetta",author,14
"Newman, Barbara_2025-11-19T21:14:16","Newman, Barbara",author,14
"Pion, Constantin_2025-11-19T21:39:30","Pion, Constantin",author,14
"Poirot, J.-P._2025-11-19T21:24:31","Poirot, J.-P.",author,14
"Procida, Mary A._2025-11-19T21:21:36","Procida, Mary A.",author,14
"Périn, Patrick_2025-11-19T21:18:52","Périn, Patrick",author,14
"Reyerson, Kathryn_2025-11-19T21:25:01","Reyerson, Kathryn",author,14
"Schellewald, Barbara Maria_2025-11-19T21:16:27","Schellewald, Barbara Maria",author,14
"Schibille, Nadine_2025-11-19T21:20:57","Schibille, Nadine",author,14
"Schleissner, Margaret_2025-11-19T21:23:37","Schleissner, Margaret",author,14
"Small, Graeme_2025-11-19T21:21:36","Small, Graeme",author,14
"Stanbury, Sarah_2025-11-19T21:25:38","Stanbury, Sarah",author,14
"Stjerna, Kirsi_2025-11-19T21:31:44","Stjerna, Kirsi",author,14
"Stoclet, Alain_2025-11-19T21:18:52","Stoclet, Alain",author,14
"Sudres, C._2025-11-19T21:24:31","Sudres, C.",author,14
"Swanson, Robert Norman_2025-11-19T21:23:38","Swanson, Robert Norman",author,14
"Tanner, Norman P._2025-11-19T21:23:36","Tanner, Norman P.",author,14
"Uhalde, Kevin_2025-11-19T21:15:52","Uhalde, Kevin",author,14
"Van Dam, Raymond_2025-11-19T21:29:58","Van Dam, Raymond",author,14
"Van Houts, Elisabeth M. C._2025-11-19T21:21:37","Van Houts, Elisabeth M. C.",author,14
"Warner, David A_2025-11-19T21:24:32","Warner, David A",author,14
"Watson, Sethina_2025-11-19T21:17:29","Watson, Sethina",author,14
"Wickham, Chris_2025-11-19T21:21:19","Wickham, Chris",author,14
"Wiedemann, Thomas_2025-11-19T21:21:37","Wiedemann, Thomas",author,14
"Wood, Ian N._2025-11-19T21:17:29","Wood, Ian N.",author,14
"Wyss, Michaël_2025-11-19T21:18:52","Wyss, Michaël",author,14
"Cáceres Gutiérrez, Yasmina_2026-01-14T22:11:04",,author,14
69825516c835c41957dfacae,1. Mausoleum et basilica,publication,14
69825516c835c41957dfefba,13. The Ritual Display of Gospels in Late Antiquity,publication,14
69825516c835c41957dfefef,15. Performativity and the Passion Narratives in Early Medieval Gospel Books,publication,14
69825516c835c41957dfacd5,3. Monasterium,publication,14
69825516c835c41957dfe4b4,"6. Jonas, the Merovingians, and Pope Honorius: Diplomata and the Vita Columbani",publication,14
69825516c835c41957dfe4b5,8. Aristocratic Power in Eighth-Century Lombard Italy,publication,14
69825517c835c41957dffd55,"Bead and Garnet Trade Between the Merovingian, Mediterranean, and Indian Worlds",publication,14
69825516c835c41957dfe63c,Birgitta of Sweden and the Divine Mysteries of Motherhood,publication,14
69825517c835c41957e01287,"COMPTES RENDUS - God and the Goddesses. Vision, Poetry, and Belief in the Middle Ages",publication,14
69825516c835c41957dfba97,"Catholic England : faith, religion and observance before the Reformation",publication,14
69825516c835c41957dfbaa4,Chronicles of the investiture contest : Frutolf of Michelsberg and his continuators,publication,14
69825516c835c41957dfc93a,Combined external-beam PIXE and μ-Raman characterisation of garnets used in Merovingian jewellery,publication,14
69825516c835c41957dfba96,Court and civic society in the Burgundian Low Countries c.1420-1530,publication,14
69825517c835c41957e01085,Dogs in the Burial Rite of the Sambian-Natangian Culture of the Great Migration Period and the Early Middle Ages and War,publication,14
69825516c835c41957dfc2fb,Early medieval bead-boogie : LA-ICP-MS analyses of complete glass bead sets from the Merovingian cemeteries Lent-Lentsev,publication,14
69825516c835c41957dfeddb,Entry ceremonies,publication,14
69825517c835c41957dffd5d,From Gaul to Francia : The Impact of the Merovingians,publication,14
69825517c835c41957dffd4e,Gender in Merovingian Gaul,publication,14
69825517c835c41957e01990,Glass import and production in Hispania during the early medieval period: The glass from Ciudad de Vascos (Toledo),publication,14
69825516c835c41957dfe63b,"Guy Halsall, Settlement and Social Organization: The Merovingian Region of Metz. Cambridge University Press, 1995",publication,14
69825517c835c41957dffd4b,Human Remains and What They Can Tell Us about Status and Identity in the Merovingian Period,publication,14
69825517c835c41957dff6be,Introduction Dame Jinty Nelson . . . An appreciation,publication,14
69825516c835c41957dfc4d4,Jean Gerson and the Last Medieval Reformation,publication,14
69825516c835c41957dfe63a,"John Carmi Parsons, Medieval Mothering. The New Middle Ages, vol. 3. Garland Publishing, 1996",publication,14
69825516c835c41957dfe1dc,"Land disputes and their social framework in Lombard–Carolingian Italy, 700–900",publication,14
69825516c835c41957dfba9f,"Late Merovingian France : history and hagiography, 640-720",publication,14
69825516c835c41957dfb12d,Le commerce des grenats à l'époque mérovingienne,publication,14
69825516c835c41957dfac3d,Le costume féminin de tradition germanique orientale en Gaule du Nord aux ve et vie siècles : deux générations ?,publication,14
69825516c835c41957dfa4c0,Least of the laity: the minimum requirements for a medieval Christian,publication,14
69825516c835c41957dfe072,Les origines du costume « princier » féminin des barbares à l'époque des Grandes Migrations,publication,14
69825517c835c41957e00656,Les “Fibules-Mouches” de L’epoque des Grandes Migrations Decouvertes en Gaule,publication,14
69825517c835c41957dffd3a,Livestock and the Early Medieval Diet in Northern Gaul,publication,14
69825517c835c41957e019ef,Los vidrios de ciudad de Vascos (Toledo) (ss. X-XI),publication,14
69825516c835c41957dfba98,"Married to the empire : gender, politics and imperialism in India, 1883-1947",publication,14
69825517c835c41957dffd46,"Merovingian Epigraphy, Frankish Epigraphy, and the Epigraphy of the Merovingian World",publication,14
69825516c835c41957dfe1f4,Merovingian Gaul and the Frankish conquests,publication,14
69825517c835c41957dffd41,Merovingian Meditations on Jesus,publication,14
69825517c835c41957dffd5f,Merovingian Monasticism : Voices of Dissent,publication,14
69825516c835c41957dfbaa0,Noble society : five lives from twelfth-century Germany,publication,14
69825516c835c41957dfe206,Ostrogothic Italy and the Lombard invasions,publication,14
69825516c835c41957dfbaa3,Ottonian Germany : the Chronicon of Thietmar of Merseburg,publication,14
69825517c835c41957dffd4c,Pushing the Boundaries of the Merovingian World,publication,14
69825516c835c41957dfbaa2,Roger II and the making of the Kingdom of Sicily,publication,14
69825516c835c41957dfefed,Roman barbarians in the Burgundian province,publication,14
69825516c835c41957dfca8e,Slavery,publication,14
69825516c835c41957dfe1dd,"Teutsind, Witlaic and the history of Merovingian precaria",publication,14
69825516c835c41957dfe204,The Barbarian invasions,publication,14
69825517c835c41957dffd4a,"The Fate of Small Towns, Hilltop Settlements, and Elite Residences in Merovingian-Period Gaul",publication,14
69825517c835c41957dffd52,The Life of Penance,publication,14
69825516c835c41957dfc505,The Medieval Hospital and Medical Practice,publication,14
69825516c835c41957dfc475,"The Medieval Hospital and Medical Practice. AVISTA Studies in the History of Medieval Technology, Science and Art, Vol. ",publication,14
69825516c835c41957dfbaa5,The Normans in Europe,publication,14
69825517c835c41957dffd40,The Role of the City in Merovingian Francia,publication,14
69825516c835c41957dfe226,The formation of the Sueve and Visigothic kingdoms in Spain,publication,14
69825516c835c41957dfbaa1,The history of the tyrants of Sicily by 'Hugo Falcandus' 1154-69,publication,14
69825516c835c41957dfb7e4,The trade of glass beads in early medieval Illyricum: towards an Islamic monopoly,publication,14
69825516c835c41957dfca8f,Urban Economies,publication,14
69825517c835c41957e018a9,"VII Vita Sanctae Geretrudis (The Life of St Geretrud), and the Additamentum Nivialense de Fuilano (the Nivelles suppleme",publication,14
69825517c835c41957dffd48,Visions and the Afterlife,publication,14
69825516c835c41957dfcc07,"Whose City Is This? Hucksters, Domestic Servants, Wet-Nurses, Prostitutes, and Slaves in Late Medieval Western Mediterra",publication,14
69825517c835c41957dffd57,Writing the History of Merovingian Gaul : An Historiographical Survey,publication,14
69825516c835c41957dfe1e3,‘Placita’ and the settlement of disputes in later Merovingian Francia,publication,14
"Moberg, A._2025-11-19T21:21:01",Anders Moberg,author,15
"Andersen, Charlotte Boje Hilligsø_2025-11-19T21:17:00","Andersen, Charlotte Boje Hilligsø",author,15
"Barriendos, M._2025-11-19T21:21:01","Barriendos, M.",author,15
"Bentsen, Lars Christian_2025-11-19T21:17:00","Bentsen, Lars Christian",author,15
"Bergström, H._2025-11-19T21:21:01","Bergström, H.",author,15
"Boel, Lene Warner Thorup_2025-11-19T21:17:03","Boel, Lene Warner Thorup",author,15
"Boldsen, Jesper L._2025-11-19T21:17:00","Boldsen, Jesper L.",author,15
"Boley, Moritz_2025-11-19T21:42:43","Boley, Moritz",author,15
"Bonczarowska, Joanna H_2025-11-19T21:48:28","Bonczarowska, Joanna H",author,15
"Bourgeois, Jean_2025-11-19T21:25:08","Bourgeois, Jean",author,15
"Brather, Sebastian_2025-11-19T21:18:04","Brather, Sebastian",author,15
"Brather-Walter, Susanne_2025-11-19T21:15:51","Brather-Walter, Susanne",author,15
"Camuffo, Dario_2025-11-19T21:20:50","Camuffo, Dario",author,15
"Christensen, Jakob Tue_2025-11-19T21:17:00","Christensen, Jakob Tue",author,15
"Cocheo, C._2025-11-19T21:21:01","Cocheo, C.",author,15
"Cockx, Liesbet_2025-11-19T21:25:11","Cockx, Liesbet",author,15
"Czarnetzki, Alfred_2025-11-19T21:25:06","Czarnetzki, Alfred",author,15
"Dahlstrøm, Hanna_2025-11-19T21:17:00","Dahlstrøm, Hanna",author,15
"De Smedt, Philippe_2025-11-19T21:25:11","De Smedt, Philippe",author,15
"DeWitte, Sharon N._2025-11-19T21:34:21","DeWitte, Sharon N.",author,15
"Demarée, G. R._2025-11-19T21:21:01","Demarée, G. R.",author,15
"Depaermentier, Margaux L. C._2025-11-19T21:48:38","Depaermentier, Margaux L. C.",author,15
"Devault, Alison_2025-11-19T21:34:21","Devault, Alison",author,15
"Docter, Roald_2025-11-19T21:26:31","Docter, Roald",author,15
"Doppler, Stefanie_2025-11-19T21:25:06","Doppler, Stefanie",author,15
"Duggan, Ana T._2025-11-19T21:34:21","Duggan, Ana T.",author,15
"Eaton, Katherine_2025-11-19T21:34:21","Eaton, Katherine",author,15
"Engberg, Niels_2025-11-19T21:17:00","Engberg, Niels",author,15
"Fabig, Alexander_2025-11-19T21:25:06","Fabig, Alexander",author,15
"Forsom, Eva_2025-11-19T21:17:03","Forsom, Eva",author,15
"Francken, Michael_2025-11-19T21:48:28","Francken, Michael",author,15
"Freund, U.H._2025-11-19T21:26:33","Freund, U.H.",author,15
"Gamble, Julia A_2025-11-19T21:36:49","Gamble, Julia A",author,15
"Golding, G. Brian_2025-11-19T21:34:21","Golding, G. Brian",author,15
"Graenert, Gabriele_2025-11-19T21:48:28","Graenert, Gabriele",author,15
"Haggrén, Georg_2025-11-19T21:21:33","Haggrén, Georg",author,15
"Hansen, Palle Birk_2025-11-19T21:17:00","Hansen, Palle Birk",author,15
"Heide, Poul Baltzer_2025-11-19T21:17:00","Heide, Poul Baltzer",author,15
"Hotz, Gerhard_2025-11-19T21:25:06","Hotz, Gerhard",author,15
"Hyldgaard, Inger Marie_2025-11-19T21:17:00","Hyldgaard, Inger Marie",author,15
"Höke, Benjamin_2025-11-19T21:48:28","Höke, Benjamin",author,15
"Islam, Mohammad Monirul_2025-11-19T21:25:11","Islam, Mohammad Monirul",author,15
"Jaque, Bo_2025-11-19T21:17:03","Jaque, Bo",author,15
"Jasch-Boley, Isabelle_2025-11-19T21:48:28","Jasch-Boley, Isabelle",author,15
"Jones, P. D._2025-11-19T21:21:01","Jones, P. D.",author,15
"Kemkes, Ariane_2025-11-19T21:25:06","Kemkes, Ariane",author,15
"Kempf, Michael_2025-11-19T21:31:47","Kempf, Michael",author,15
"Brixen, K_2025-11-19T21:21:48",Kim Brixen,author,15
"Klingenberg, Mette_2025-11-19T21:17:00","Klingenberg, Mette",author,15
"Klunk, Jennifer_2025-11-19T21:34:21","Klunk, Jennifer",author,15
"Krausse, Dirk_2025-11-19T21:48:28","Krausse, Dirk",author,15
"Kristensen, Tenna_2025-11-19T21:17:00","Kristensen, Tenna",author,15
"Kristensen, Vicki R.L._2025-11-19T21:17:00","Kristensen, Vicki R.L.",author,15
"Langer, Antje_2025-11-19T21:42:43","Langer, Antje",author,15
"Langkilde, Jesper_2025-11-19T21:16:22","Langkilde, Jesper",author,15
"Larsen, Clark Spencer_2025-11-19T21:25:06","Larsen, Clark Spencer",author,15
"Larsen, Lars Agersnap_2025-11-19T21:17:00","Larsen, Lars Agersnap",author,15
"Larsen, Lars Krants_2025-11-19T21:17:00","Larsen, Lars Krants",author,15
"Lauritsen, J.M._2025-11-19T21:26:33","Lauritsen, J.M.",author,15
"Lehouck, Alexander_2025-11-19T21:17:12","Lehouck, Alexander",author,15
"Mann, Robert_2025-11-19T21:42:43","Mann, Robert",author,15
"Martín-Vide, J._2025-11-19T21:21:01","Martín-Vide, J.",author,15
"Maugeri, M._2025-11-19T21:21:01","Maugeri, M.",author,15
"Meerschman, Eef_2025-11-19T21:25:11","Meerschman, Eef",author,15
"Meeuws, Fun_2025-11-19T21:25:11","Meeuws, Fun",author,15
"Meirvenne, Marc Van_2025-11-19T21:25:08","Meirvenne, Marc Van",author,15
"Milner, George R._2025-11-19T21:17:00","Milner, George R.",author,15
"Mollerup, Lene_2025-11-19T21:17:00","Mollerup, Lene",author,15
"Mumm, Rebekka_2025-11-19T21:42:43","Mumm, Rebekka",author,15
"Møller, Stig Bergmann_2025-11-19T21:17:00","Møller, Stig Bergmann",author,15
"Nebel, Almut_2025-11-19T21:37:28","Nebel, Almut",author,15
"Nørgaard, Lone C._2025-11-19T21:17:00","Nørgaard, Lone C.",author,15
"Pedersen, Dorthe Dangvard_2025-11-19T21:17:00","Pedersen, Dorthe Dangvard",author,15
"Poinar, Hendrik N._2025-11-19T21:34:21","Poinar, Hendrik N.",author,15
"Poulsen, L W_2025-11-19T21:21:48","Poulsen, L W",author,15
"Prince, Debbie_2025-11-19T21:25:06","Prince, Debbie",author,15
"Qvesel, D_2025-11-19T21:21:48","Qvesel, D",author,15
"Rasmussen, Anders_2025-11-19T21:17:00","Rasmussen, Anders",author,15
"Rasmussen, Kaare Lund_2025-11-19T21:17:00","Rasmussen, Kaare Lund",author,15
"Redfern, Rebecca_2025-11-19T21:34:21","Redfern, Rebecca",author,15
"Riesenberg, Martin_2025-11-19T21:42:43","Riesenberg, Martin",author,15
"Rodríguez, R._2025-11-19T21:21:01","Rodríguez, R.",author,15
"Rouillard, Jean-Marie_2025-11-19T21:34:21","Rouillard, Jean-Marie",author,15
"Saey, Timothy_2025-11-19T21:25:11","Saey, Timothy",author,15
"Sarauw, Torben Birk_2025-11-19T21:17:00","Sarauw, Torben Birk",author,15
"Scheschkewitz, Jonathan_2025-11-19T21:48:28","Scheschkewitz, Jonathan",author,15
"Schoenenberg, Valerie_2025-11-19T21:48:28","Schoenenberg, Valerie",author,15
"Seeberg, Lone_2025-11-19T21:17:00","Seeberg, Lone",author,15
"Simonsen, Rikke_2025-11-19T21:17:00","Simonsen, Rikke",author,15
"Simpson, David_2025-11-19T21:25:08","Simpson, David",author,15
"Skytte, Lilian_2025-11-19T21:17:00","Skytte, Lilian",author,15
"Stangroom, Julianna_2025-11-19T21:34:21","Stangroom, Julianna",author,15
"Stjernqvist, Kasper Wurr_2025-11-19T21:17:00","Stjernqvist, Kasper Wurr",author,15
"Susat, Julian_2025-11-19T21:41:26","Susat, Julian",author,15
"Søvsø, Morten_2025-11-19T21:17:00","Søvsø, Morten",author,15
"Thoen, Erik_2025-11-19T21:25:08","Thoen, Erik",author,15
"Uldum, Otto_2025-11-19T21:17:00","Uldum, Otto",author,15
"Van De Vijver, Ellen_2025-11-19T21:25:11","Van De Vijver, Ellen",author,15
"Verdonck, Lieven_2025-11-19T21:26:31","Verdonck, Lieven",author,15
"Verhoeve, T._2025-11-19T21:21:01","Verhoeve, T.",author,15
"Vermeersch, Hans_2025-11-19T21:25:11","Vermeersch, Hans",author,15
"Vervloet, Jelier_2025-11-19T21:25:08","Vervloet, Jelier",author,15
"Vesterby, A_2025-11-19T21:21:48","Vesterby, A",author,15
"Vitharana, Udayakantha W. A._2025-11-19T21:25:11","Vitharana, Udayakantha W. A.",author,15
"Wahl, Joachim_2025-11-19T21:22:49","Wahl, Joachim",author,15
"Walter, Brittany S._2025-11-19T21:34:21","Walter, Brittany S.",author,15
"Weber, J._2025-11-19T21:25:38","Weber, J.",author,15
"Weise, Svenja_2025-11-19T21:25:06","Weise, Svenja",author,15
"Whatley, Stuart_2025-11-19T21:50:05","Whatley, Stuart",author,15
"Wickman, Niels_2025-11-19T21:17:00","Wickman, Niels",author,15
"Wille-Jørgensen, Dorthe_2025-11-19T21:17:00","Wille-Jørgensen, Dorthe",author,15
"Wittwer-Backofen, Ursula_2025-11-19T21:25:06","Wittwer-Backofen, Ursula",author,15
"Yan, Z._2025-11-19T21:21:01","Yan, Z.",author,15
"Yang, C._2025-11-19T21:21:01","Yang, C.",author,15
"Davies, T. D._2025-11-19T21:21:01",t.d.davies,author,15
69825516c835c41957dfcc8e,Basics in paleodemography: A comparison of age indicators applied to the early medieval skeletal sample of Lauchheim,publication,15
69825516c835c41957dfd2d8,Comparison between electromagnetic induction and fluxgate gradiometer measurements on the buried remains of a 17th centu,publication,15
69825516c835c41957dfef56,Cranial vault trauma and selective mortality in medieval to early modern Denmark,publication,15
69825516c835c41957dfccf4,Electrical Conductivity Depth Modelling with a Multireceiver EMI Sensor for Prospecting Archaeological Features,publication,15
69825516c835c41957dfccf6,Evaluating the multiple coil configurations of the EM38DD and DUALEM-21S sensors to detect archaeological anomalies,publication,15
69825516c835c41957dfeeef,Genetic resiliency and the Black Death: No apparent loss of mitogenomic diversity due to the Black Death in medieval Lon,publication,15
69825516c835c41957dfccb2,Geoarchaeological prospection of a medieval manor in the dutch polders using an electromagnetic induction sensor in comb,publication,15
69825516c835c41957dfbb84,Low bone mineral density in the femoral neck of medieval women: a result of multiparity?,publication,15
69825517c835c41957e014e4,Medieval and Early Modern Utility Glass in Denmark,publication,15
69825517c835c41957e006c1,Osseous Frame Index calculations of the early medieval South-West Germany,publication,15
69825516c835c41957dfcf3b,Paleopathology of the Lumbar Spine in the Early Medieval Period,publication,15
69825517c835c41957e00f7b,Pathogen genomics study of an early medieval community in Germany reveals extensive co-infections,publication,15
69825517c835c41957e0100b,"Scales of transformations—Modelling settlement and land-use dynamics in late antique and early medieval Basel, Switzerla",publication,15
69825516c835c41957dfd2f5,"Sex-related risks of trauma in medieval to early modern Denmark, and its relationship to change in interpersonal violenc",publication,15
69825517c835c41957dff687,Spatial analyses of three early medieval graveyards in southern Germany: Social status or chronological signal?,publication,15
69825516c835c41957dfa24f,The death of a medieval Danish warrior. A case of bone trauma interpretation,publication,15
69825516c835c41957dfb81c,Trends of Extreme Temperatures in Europe and China Based on Daily Observations,publication,15
69825516c835c41957dfa1f8,"Variation in bioavailable lead, copper, and strontium concentrations in human skeletons from medieval to early modern De",publication,15
"Abaza, Mona_2025-11-19T21:17:18","Abaza, Mona",author,16
"Akhavi, Shahrough_2025-11-19T21:28:55","Akhavi, Shahrough",author,16
"Arkun, Aram_2025-11-19T21:28:55","Arkun, Aram",author,16
"Auld, Sylvia_2025-11-19T21:17:17","Auld, Sylvia",author,16
"Avery, Peter_2025-11-19T21:28:55","Avery, Peter",author,16
"Balaghi, Shiva_2025-11-19T21:28:55","Balaghi, Shiva",author,16
"Balfour-Paul, Glen_2025-11-19T21:23:54","Balfour-Paul, Glen",author,16
"Beeman, William_2025-11-19T21:28:55","Beeman, William",author,16
"Biran, Michal_2025-11-19T21:24:00","Biran, Michal",author,16
"Blair, Sheila_2025-11-19T21:25:35","Blair, Sheila",author,16
"Borthwick, Bruce_2025-11-19T21:17:17","Borthwick, Bruce",author,16
"Buaben, Jabal M._2025-11-19T21:17:18","Buaben, Jabal M.",author,16
"Bubriski, Kevin_2025-11-19T21:28:55","Bubriski, Kevin",author,16
Chad Meister_2025-11-19T21:24:43,Chad Meister,author,16
"Chatty, Dawn_2025-11-19T21:17:18","Chatty, Dawn",author,16
"Choueiri, Youssef_2025-11-19T21:17:18","Choueiri, Youssef",author,16
"Clark, Peter_2025-11-19T21:17:18","Clark, Peter",author,16
"Crecelius, Daniel_2025-11-19T21:17:17","Crecelius, Daniel",author,16
"Cronin, Stephanie_2025-11-19T21:17:15","Cronin, Stephanie",author,16
"Dale, Stephen Frederic_2025-11-19T21:28:55","Dale, Stephen Frederic",author,16
"Daryaee, Touraj_2025-11-19T21:27:17","Daryaee, Touraj",author,16
"Davidson, Herbert Alan_2025-11-19T21:22:48","Davidson, Herbert Alan",author,16
"Davidson, Olga_2025-11-19T21:28:55","Davidson, Olga",author,16
"Davies, Cameron_2025-11-19T21:17:18","Davies, Cameron",author,16
"Dawletschin-Linder, Camilla_2025-11-19T21:23:54","Dawletschin-Linder, Camilla",author,16
"Dutton, Yasin_2025-11-19T21:17:18","Dutton, Yasin",author,16
"Ehsani, Kaveh_2025-11-19T21:28:55","Ehsani, Kaveh",author,16
"Ehteshami, Anoushiravan_2025-11-19T21:17:18","Ehteshami, Anoushiravan",author,16
"El Bousklaoui, Said_2025-11-19T21:22:48","El Bousklaoui, Said",author,16
"Ettehadieh, Mansoureh_2025-11-19T21:28:55","Ettehadieh, Mansoureh",author,16
"FRANK, Daniel H._2025-11-19T21:21:45","FRANK, Daniel H.",author,16
"Faroqhi, Suraiya_2025-11-19T21:20:36","Faroqhi, Suraiya",author,16
"Feldman, Seymour_2025-11-19T21:29:59","Feldman, Seymour",author,16
"Firestone, Reuven_2025-11-19T21:30:58","Firestone, Reuven",author,16
"Fraser, Derek_2025-11-19T21:24:10","Fraser, Derek",author,16
"Fuccaro, Nelida_2025-11-19T21:17:17","Fuccaro, Nelida",author,16
"Gerami, Shahin_2025-11-19T21:17:17","Gerami, Shahin",author,16
"Ghilès, Francis_2025-11-19T21:17:18","Ghilès, Francis",author,16
"Gilsenan, Michael_2025-11-19T21:28:55","Gilsenan, Michael",author,16
"Goddard, Hugh_2025-11-19T21:17:17","Goddard, Hugh",author,16
"Graf, David_2025-11-19T21:28:55","Graf, David",author,16
"Gully, Adrian_2025-11-19T21:17:18","Gully, Adrian",author,16
"Haag-Higuchi, Roxane_2025-11-19T21:28:55","Haag-Higuchi, Roxane",author,16
"Haar, Johan G. J. ter_2025-11-19T21:28:55","Haar, Johan G. J. ter",author,16
"Halliday, Fred_2025-11-19T21:17:18","Halliday, Fred",author,16
"Herzig, Edmund_2025-11-19T21:28:55","Herzig, Edmund",author,16
"Hinchcliffe, Peter_2025-11-19T21:17:18","Hinchcliffe, Peter",author,16
"Hopwood, Derek_2025-11-19T21:17:17","Hopwood, Derek",author,16
"Imber, Colin_2025-11-19T21:17:18","Imber, Colin",author,16
"Incirlioğlu, Emine                       Onaran_2025-11-19T21:17:17","Incirlioğlu, Emine                       Onaran",author,16
"Kalinock, Sabine_2025-11-19T21:28:55","Kalinock, Sabine",author,16
"Karanasou, Floresca_2025-11-19T21:17:17","Karanasou, Floresca",author,16
"Karimi-Hakkak, Ahmad_2025-11-19T21:28:55","Karimi-Hakkak, Ahmad",author,16
"Keddie, Nikki_2025-11-19T21:28:55","Keddie, Nikki",author,16
"Kilpatrick, Hilary_2025-11-19T21:17:18","Kilpatrick, Hilary",author,16
"Kraemer, Joel L._2025-11-19T21:29:59","Kraemer, Joel L.",author,16
"Kumaraswamy, P. R._2025-11-19T21:17:18","Kumaraswamy, P. R.",author,16
"Lalor, Paul_2025-11-19T21:17:18","Lalor, Paul",author,16
"Laurens, Henry_2025-11-19T21:48:00","Laurens, Henry",author,16
"Leaman, Oliver_2025-11-19T21:17:18","Leaman, Oliver",author,16
"Lorberbaum, Menachem_2025-11-19T21:29:59","Lorberbaum, Menachem",author,16
"Macfarlane, Alan_2025-11-19T21:24:10","Macfarlane, Alan",author,16
"Mahdavi, Shireen_2025-11-19T21:28:55","Mahdavi, Shireen",author,16
"Mahdi, Kamil_2025-11-19T21:17:18","Mahdi, Kamil",author,16
"Masuya, Tomoko_2025-11-19T21:28:55","Masuya, Tomoko",author,16
"McCabe, Ina Baghdiantz_2025-11-19T21:28:55","McCabe, Ina Baghdiantz",author,16
"Melville, Charles_2025-11-19T21:28:55","Melville, Charles",author,16
"Mirfendereski, Guive_2025-11-19T21:28:55","Mirfendereski, Guive",author,16
"Mojaddedi, Jawid_2025-11-19T21:23:54","Mojaddedi, Jawid",author,16
"Morony, Michael_2025-11-19T21:28:55","Morony, Michael",author,16
"Mottahedeh, Negar_2025-11-19T21:28:55","Mottahedeh, Negar",author,16
"Murphy, Emma_2025-11-19T21:23:54","Murphy, Emma",author,16
"Netton, Ian Richard_2025-11-19T21:23:54","Netton, Ian Richard",author,16
"Newman, Andrew_2025-11-19T21:23:54","Newman, Andrew",author,16
"Nonneman, Gerd_2025-11-19T21:17:18","Nonneman, Gerd",author,16
"Pancaroğlu, Oya_2025-11-19T21:28:55","Pancaroğlu, Oya",author,16
"Petry, Carl F._2025-11-19T21:17:18","Petry, Carl F.",author,16
"Poonawala, Ismail_2025-11-19T21:28:55","Poonawala, Ismail",author,16
"Rahimieh, Nasrin_2025-11-19T21:28:55","Rahimieh, Nasrin",author,16
"Rathmell, Andrew_2025-11-19T21:17:18","Rathmell, Andrew",author,16
"Rejali, Darius_2025-11-19T21:28:55","Rejali, Darius",author,16
"Ringer, Monica_2025-11-19T21:28:55","Ringer, Monica",author,16
"Scarce, Jennifer M._2025-11-19T21:17:18","Scarce, Jennifer M.",author,16
"Shahbazi, A. Sh_2025-11-19T21:28:55","Shahbazi, A. Sh",author,16
"Shatz, David_2025-11-19T21:29:59","Shatz, David",author,16
"Sidahmed, Abdel Salam_2025-11-19T21:23:54","Sidahmed, Abdel Salam",author,16
"Sims, Eleanor_2025-11-19T21:28:55","Sims, Eleanor",author,16
"Stanley, Bruce_2025-11-19T21:17:18","Stanley, Bruce",author,16
"Stork, Joe_2025-11-19T21:17:18","Stork, Joe",author,16
"Thomas, David_2025-11-19T21:17:17","Thomas, David",author,16
"Todd, Jane Marie_2025-11-19T21:48:00","Todd, Jane Marie",author,16
"Tolan, John V._2025-11-19T21:24:30","Tolan, John V.",author,16
"Valérian, Dominique_2025-11-19T21:18:49","Valérian, Dominique",author,16
"Veinstein, Gilles_2025-11-19T21:48:00","Veinstein, Gilles",author,16
"Vikør, Knut S._2025-11-19T21:17:18","Vikør, Knut S.",author,16
"Waghmar, Burzine_2025-11-19T21:28:55","Waghmar, Burzine",author,16
"Waines, David_2025-11-19T21:17:18","Waines, David",author,16
"Walker, Paul_2025-11-19T21:28:55","Walker, Paul",author,16
"Watson, Janet_2025-11-19T21:23:54","Watson, Janet",author,16
"Watson, Janet C.E._2025-11-19T21:17:18","Watson, Janet C.E.",author,16
"Wilson, Rodney_2025-11-19T21:17:18","Wilson, Rodney",author,16
"Woodward, Peter_2025-11-19T21:17:18","Woodward, Peter",author,16
"Woolley, Linda_2025-11-19T21:17:17","Woolley, Linda",author,16
"Yapp, M. E._2025-11-19T21:17:17","Yapp, M. E.",author,16
"Yenişehirlioğu, Filiz_2025-11-19T21:17:18","Yenişehirlioğu, Filiz",author,16
"Ziai, Hossein_2025-11-19T21:28:55","Ziai, Hossein",author,16
"de Lange, Nicholas_2025-11-19T21:27:26","de Lange, Nicholas",author,16
البوسكلاوي، سعيد_2025-11-19T21:22:48,البوسكلاوي، سعيد,author,16
ديفدسن، هربرت أ._2025-11-19T21:22:48,ديفدسن، هربرت أ.,author,16
A. Shapur Shahbazi_2026-01-14T22:06:37,,author,16
69825516c835c41957dfca69,A Jewish Perspective,publication,16
69825516c835c41957dfa3bd,A: Reviews: general,publication,16
69825516c835c41957dfc601,A: reviews: general,publication,16
69825516c835c41957dfc75e,"Charles Phythian-Adams, Desolation of a City; Coventry and the Urban Crisis of the Late Middle Ages. Cambridge: Cambridg",publication,16
69825516c835c41957dfd65a,Conclusion,publication,16
69825517c835c41957e00dd7,General Introduction,publication,16
69825516c835c41957dfe1fb,Introduction to the study of medieval Jewish philosophy,publication,16
69825516c835c41957dfe1ff,Maimonides and medieval Jewish Aristotelianism,publication,16
69825516c835c41957dfe207,Medieval Jewish political thought,publication,16
69825516c835c41957dfca90,Middle East: 7th-15th Centuries,publication,16
69825516c835c41957dfe497,"Proofs for Eternity, Creation and the Existence of God in Medieval Islamic and Jewish Philosophy",publication,16
69825516c835c41957dfdbf0,Reviews,publication,16
69825516c835c41957dfdbf1,Reviews,publication,16
69825517c835c41957e019bc,The Achaemenid Persian Empire (550-330 bce ),publication,16
69825516c835c41957dfc405,The Cambridge Companion to Medieval Jewish Philosophy,publication,16
69825516c835c41957dfe1fe,The Islamic context of medieval Jewish philosophy,publication,16
69825516c835c41957dfe4af,"The Jews of Medieval Islam, Community, Society, Identity: Proceedings of an International Conference Held by the Institu",publication,16
69825516c835c41957dfe1f9,The biblical and rabbinic background to medieval Jewish philosophy,publication,16
69825516c835c41957dfe1f8,The end and aftereffects of medieval Jewish philosophy,publication,16
69825516c835c41957dfe1f5,"The study of medieval Karaism, 1989–1999",publication,16
69825516c835c41957dfc0db,يحيى النحوي مصدرا لأدلة الخلق الإسلامية واليهودية في العصر الوسيط,publication,16
"Alaica, Aleksa K._2025-11-19T21:21:00","Alaica, Aleksa K.",author,17
"Allen, J. R. L._2025-11-19T21:36:03","Allen, J. R. L.",author,17
"Andrič, Maja_2025-11-19T21:48:13","Andrič, Maja",author,17
"Ansanay-Alex, Salomé_2025-11-19T21:42:46","Ansanay-Alex, Salomé",author,17
"Antheaume, Ingrid_2025-11-19T21:42:46","Antheaume, Ingrid",author,17
"Arnaud, Fabien_2025-11-19T21:48:13","Arnaud, Fabien",author,17
"Bates, David_2025-11-19T21:23:43","Bates, David",author,17
"Beauchamp, Axel_2025-11-19T21:18:35","Beauchamp, Axel",author,17
"Behling, Hermann_2025-11-19T21:42:46","Behling, Hermann",author,17
"Berger, Jean-François_2025-11-19T21:33:53","Berger, Jean-François",author,17
"Bertrand, L._2025-11-19T21:24:25","Bertrand, L.",author,17
"Brown, Antony G_2025-11-19T21:33:53","Brown, Antony G",author,17
"Brücher, T._2025-11-19T21:26:39","Brücher, T.",author,17
"Carpentier, Vincent_2025-11-19T21:18:35","Carpentier, Vincent",author,17
"Chapron, Emmanuel_2025-11-19T21:48:13","Chapron, Emmanuel",author,17
"Colombaroli, D._2025-11-19T21:26:39","Colombaroli, D.",author,17
"Connor, S._2025-11-19T21:26:39","Connor, S.",author,17
"Crick, Julia_2025-11-19T21:23:43","Crick, Julia",author,17
"Crouzet, Christian_2025-11-19T21:48:13","Crouzet, Christian",author,17
"Dalton, Alan_2025-11-19T21:21:00","Dalton, Alan",author,17
"Daut, Gerhard_2025-11-19T21:48:13","Daut, Gerhard",author,17
"Delahaye, Daniel_2025-11-19T21:20:05","Delahaye, Daniel",author,17
"Demory, François_2025-11-19T21:48:13","Demory, François",author,17
"Develle, Anne-Lise_2025-11-19T21:42:46","Develle, Anne-Lise",author,17
"Doyen, E._2025-11-19T21:26:39","Doyen, E.",author,17
"Dugerdil, Lucas_2025-11-19T21:42:46","Dugerdil, Lucas",author,17
"Dumont, Annie_2025-11-19T21:18:51","Dumont, Annie",author,17
"Estrany, Joan_2025-11-19T21:33:53","Estrany, Joan",author,17
"Feurdean, A._2025-11-19T21:26:39","Feurdean, A.",author,17
"Finné, Martin_2025-11-19T21:26:48","Finné, Martin",author,17
"Fleming-Farrell, Dara_2025-11-19T21:25:30","Fleming-Farrell, Dara",author,17
"Foucher, Marion_2025-11-19T21:18:35","Foucher, Marion",author,17
"Foy, E._2025-11-19T21:19:36","Foy, E.",author,17
"Fyfe, R. M._2025-11-19T21:17:35","Fyfe, R. M.",author,17
"Garcia, Jean-Pierre_2025-11-19T21:19:32","Garcia, Jean-Pierre",author,17
"Germain-Vallée, Cécile_2025-11-19T21:18:35","Germain-Vallée, Cécile",author,17
"Ghesquière, Emmanuel_2025-11-19T21:20:11","Ghesquière, Emmanuel",author,17
"Ghilardi, Matthieu_2025-11-19T21:33:53","Ghilardi, Matthieu",author,17
"Giazzon, David_2025-11-19T21:20:11","Giazzon, David",author,17
"Glais, Arthur_2025-11-19T21:18:35","Glais, Arthur",author,17
"Govers, Gerard_2025-11-19T21:23:50","Govers, Gerard",author,17
"Grafenstein, Ulrich von_2025-11-19T21:48:13","Grafenstein, Ulrich von",author,17
"Graziani Echávarri, Glenda_2025-11-19T21:21:00","Graziani Echávarri, Glenda",author,17
"Grossi, Vincent_2025-11-19T21:42:46","Grossi, Vincent",author,17
"Hamilton, Sarah_2025-11-19T21:23:43","Hamilton, Sarah",author,17
"Hickler, T._2025-11-19T21:26:39","Hickler, T.",author,17
"Schalburg-Clayton, Jessica_2025-11-19T21:21:00",Jessica Schalburg-Clayton,author,17
"Joannin, Sébastien_2025-11-19T21:42:46","Joannin, Sébastien",author,17
"Jones, R._2025-11-19T21:38:44","Jones, R.",author,17
"Jouffroy-Bapicot, Isabelle_2025-11-19T21:42:46","Jouffroy-Bapicot, Isabelle",author,17
"Karantanas, Apostolos_2025-11-19T21:25:30","Karantanas, Apostolos",author,17
"Kasse, C._2025-11-19T21:24:30","Kasse, C.",author,17
"Kranioti, Elena F_2025-11-19T21:25:30","Kranioti, Elena F",author,17
"Lang, Andreas_2025-11-19T21:23:50","Lang, Andreas",author,17
"Lavier, Catherine_2025-11-19T21:19:54","Lavier, Catherine",author,17
"Lemmen, C._2025-11-19T21:26:39","Lemmen, C.",author,17
"Lespez, Laurent_2025-11-19T21:20:05","Lespez, Laurent",author,17
"Leys, B._2025-11-19T21:26:39","Leys, B.",author,17
"Magail, Jérôme_2025-11-19T21:42:46","Magail, Jérôme",author,17
"Makou, Matthew_2025-11-19T21:42:46","Makou, Matthew",author,17
"Marcigny, Cyril_2025-11-19T21:20:11","Marcigny, Cyril",author,17
"MariottI, Jean-François_2025-11-19T21:18:51","MariottI, Jean-François",author,17
"Massa, C._2025-11-19T21:26:39","Massa, C.",author,17
"Mauz, Barbara_2025-11-19T21:23:50","Mauz, Barbara",author,17
"Michailidis, Konstantinos_2025-11-19T21:25:30","Michailidis, Konstantinos",author,17
"Moyat, Philippe_2025-11-19T21:18:51","Moyat, Philippe",author,17
"Ménot, Guillemette_2025-11-19T21:42:46","Ménot, Guillemette",author,17
"Ogrinc, Nives_2025-11-19T21:48:13","Ogrinc, Nives",author,17
"Olofsson, J._2025-11-19T21:26:39","Olofsson, J.",author,17
"Packman, Susan_2025-11-19T21:23:50","Packman, Susan",author,17
"Palmisano, Alessio_2025-11-19T21:33:53","Palmisano, Alessio",author,17
"Pears, B._2025-11-19T21:38:44","Pears, B.",author,17
"Peeters, Iris_2025-11-19T21:23:50","Peeters, Iris",author,17
"Peyron, Odile_2025-11-19T21:42:46","Peyron, Odile",author,17
"Pickard, Catriona_2025-11-19T21:21:00","Pickard, Catriona",author,17
"Poesen, Jean_2025-11-19T21:23:50","Poesen, Jean",author,17
"Rapuc, William_2025-11-19T21:48:13","Rapuc, William",author,17
"Reyss, Jean-Louis_2025-11-19T21:48:13","Reyss, Jean-Louis",author,17
"Régnier, Edouard_2025-11-19T21:48:13","Régnier, Edouard",author,17
"Rippon, S. J._2025-11-19T21:17:35","Rippon, S. J.",author,17
"Rius, D._2025-11-19T21:26:39","Rius, D.",author,17
"Roberts, C Neil_2025-11-19T21:33:53","Roberts, C Neil",author,17
"Robles, Mary_2025-11-19T21:42:46","Robles, Mary",author,17
"Rollet, Anne-Julia_2025-11-19T21:20:05","Rollet, Anne-Julia",author,17
"Rommens, Tom_2025-11-19T21:23:50","Rommens, Tom",author,17
"Sabatier, Pierre_2025-11-19T21:48:13","Sabatier, Pierre",author,17
"Simon, R._2025-11-19T21:24:25","Simon, R.",author,17
"Steinmann, Ronan_2025-11-19T21:19:54","Steinmann, Ronan",author,17
"Leroy, S._2025-11-19T21:24:25",Stéphanie Leroy,author,17
"Šmuc, Andrej_2025-11-19T21:48:13","Šmuc, Andrej",author,17
"Toms, P._2025-11-19T21:38:44","Toms, P.",author,17
"Téreygeol, Florian_2025-11-19T21:19:36","Téreygeol, Florian",author,17
"Unkelbach, Julia_2025-11-19T21:42:46","Unkelbach, Julia",author,17
"Van Rompaey, Anton_2025-11-19T21:23:50","Van Rompaey, Anton",author,17
"Vandenberghe, J._2025-11-19T21:24:30","Vandenberghe, J.",author,17
"Vanniere, Boris_2025-11-19T21:33:53","Vanniere, Boris",author,17
"Verstraeten, Gert_2025-11-19T21:23:50","Verstraeten, Gert",author,17
"Wallinga, J._2025-11-19T21:24:30","Wallinga, J.",author,17
"Walsh, Kevin_2025-11-19T21:33:53","Walsh, Kevin",author,17
"Wiethold, Julian_2025-11-19T21:18:51","Wiethold, Julian",author,17
"Wilhelm, Bruno_2025-11-19T21:48:13","Wilhelm, Bruno",author,17
"Williams, Ann_2025-11-19T21:23:43","Williams, Ann",author,17
"Wood, J._2025-11-19T21:38:44","Wood, J.",author,17
"Woodbridge, Jessie_2025-11-19T21:32:14","Woodbridge, Jessie",author,17
"de Moor, J.J.W._2025-11-19T21:24:30","de Moor, J.J.W.",author,17
"van Balen, R._2025-11-19T21:24:30","van Balen, R.",author,17
69825516c835c41957dfd34c,7000-year human legacy of elevation-dependent European fire regimes,publication,17
69825516c835c41957dfd2d0,A temporarily changing Holocene sediment budget for a loess-covered catchment (central Belgium),publication,17
69825516c835c41957dfc92b,Alluvial and colluvial sediment storage in the Geul River catchment (The Netherlands) — Combining field and modelling da,publication,17
69825516c835c41957dfb402,Aspects de la vie domestique et agricole médiévale aux confins de la Normandie et du Maine : Le site d'Arçonnay « Parc S,publication,17
69825516c835c41957dfa55b,Beyond Villages and Open Fields: The Origins and Development of a Historic Landscape Characterised by Dispersed Settleme,publication,17
69825516c835c41957dfaaf2,Dans les tourbières du marais des Terriers à Vimont (Calvados). L’extraction de la tourbe en Normandie au Moyen Âge,publication,17
69825517c835c41957dffb4c,Early Medieval Place-Names and Riverine Flood Histories: A New Approach and New Chronostratigraphic Records for Three En,publication,17
69825516c835c41957dfc8ab,First examination of slag inclusions in medieval armours by confocal SR-µ-XRF and LA-ICP-MS This article is part of a th,publication,17
69825516c835c41957dfedac,"Holocene demographic fluctuations, climate and erosion in the Mediterranean: A meta data-analysis",publication,17
69825516c835c41957dfc92c,"Human and climate impact on catchment development during the Holocene — Geul River, the Netherlands",publication,17
69825516c835c41957dfb4b2,"Impacts des aménagements hydrauliques sur les systèmes fluviaux bas-normands depuis 2000 ans, premiers résultats d'une a",publication,17
69825516c835c41957dff38f,"Iron Age to Early Modern Activity and Palaeochannels at Magor Pill, Gwent: An Exercise in Lowland Coastal-Zone Geoarchae",publication,17
69825517c835c41957e006e6,"Late Holocene Mongolian climate and environment reconstructions from brGDGTs, NPPs and pollen transfer functions for Lak",publication,17
69825516c835c41957dfb11e,"Les objets en plomb découverts sur le site portuaire médiéval de Taillebourg - port d'Envaux typologie, fonction et orig",publication,17
69825516c835c41957dfb3a6,"Les transformations anthropiques d'un cours d'eau de faible énergie et leurs conséquences, approche géomorphologique et ",publication,17
69825516c835c41957dfc59f,Reconstruction of late-Holocene slope and dry valley sediment dynamics in a Belgian loess environment,publication,17
69825516c835c41957dfac91,Une nouvelle épave mérovingienne découverte dans la Charente à Port d'Envaux (Charente-Maritime),publication,17
69825516c835c41957dfb80c,Variability along the frontier: stable carbon and nitrogen isotope ratio analysis of human remains from the Late Roman-E,publication,17
69825516c835c41957dfe7cb,Vegetation and Land-Use Change in Northern Europe During Late Antiquity: A Regional-Scale Pollen-Based Reconstruction,publication,17
69825516c835c41957dfce9b,Virtual assessment of perimortem and postmortem blunt force cranial trauma,publication,17
69825516c835c41957dfc504,"Writing Medieval Biography, 750-1250: Essays in Honour of Frank Barlow",publication,17
69825517c835c41957e00e92,Zgodnjerednjeveški paleookoljski ʹarhivʹ Blejskega in Bohinjskega jezera = Lakes Bled and Bohinj : early-Medieval paleo,publication,17
69825516c835c41957dfb2aa,"Évolution des ponts et du lit mineur de la Loire, entre La Charité-sur-Loire et la Chapelle-Montlinard",publication,17
"Acar, Ayşe_2025-11-19T21:47:56","Acar, Ayşe",author,18
"Agelarakis, Anagnostis_2025-11-19T21:47:56","Agelarakis, Anagnostis",author,18
"Aghikyan, Levon_2025-11-19T21:47:56","Aghikyan, Levon",author,18
"Akyüz, Uğur_2025-11-19T21:47:56","Akyüz, Uğur",author,18
"Alihodžić, Timka_2025-11-19T21:15:52","Alihodžić, Timka",author,18
"Alpaslan-Roodenberg, Songül_2025-11-19T21:47:56","Alpaslan-Roodenberg, Songül",author,18
"Andreeva, Desislava_2025-11-19T21:47:56","Andreeva, Desislava",author,18
"Andrijašević, Gojko_2025-11-19T21:47:56","Andrijašević, Gojko",author,18
"Antonović, Dragana_2025-11-19T21:47:56","Antonović, Dragana",author,18
"Ash, Abigail_2025-11-19T21:15:52","Ash, Abigail",author,18
"Atmaca, Alper_2025-11-19T21:47:56","Atmaca, Alper",author,18
"Avetisyan, Pavel_2025-11-19T21:47:56","Avetisyan, Pavel",author,18
"Aytek, Ahmet İhsan_2025-11-19T21:47:56","Aytek, Ahmet İhsan",author,18
"Açıkkol, Ayşen_2025-11-19T21:47:56","Açıkkol, Ayşen",author,18
"Bacvarov, Krum_2025-11-19T21:47:56","Bacvarov, Krum",author,18
"Badalyan, Ruben_2025-11-19T21:47:56","Badalyan, Ruben",author,18
"Baeta, Miriam_2025-11-19T21:15:52","Baeta, Miriam",author,18
"Bakardzhiev, Stefan_2025-11-19T21:47:56","Bakardzhiev, Stefan",author,18
"Balen, Jacqueline_2025-11-19T21:17:27","Balen, Jacqueline",author,18
"Bartík, Juraj_2025-11-19T21:15:52","Bartík, Juraj",author,18
"Bedić, Željka_2025-11-19T21:15:52","Bedić, Željka",author,18
"Bejko, Lorenc_2025-11-19T21:47:56","Bejko, Lorenc",author,18
"Bernardos, Rebecca_2025-11-19T21:47:56","Bernardos, Rebecca",author,18
"Bertsatos, Andreas_2025-11-19T21:47:56","Bertsatos, Andreas",author,18
"Biber, Hanifi_2025-11-19T21:47:56","Biber, Hanifi",author,18
"Bilir, Ahmet_2025-11-19T21:47:56","Bilir, Ahmet",author,18
"Bilić, Maja_2025-11-19T21:15:52","Bilić, Maja",author,18
"Bilogrivic, Goran_2025-11-19T21:23:09","Bilogrivic, Goran",author,18
"Bodružić, Mario_2025-11-19T21:47:56","Bodružić, Mario",author,18
"Bonogofsky, Michelle_2025-11-19T21:47:56","Bonogofsky, Michelle",author,18
"Bonsall, Clive_2025-11-19T21:15:52","Bonsall, Clive",author,18
"Borovinić, Nikola_2025-11-19T21:47:56","Borovinić, Nikola",author,18
"Bravo Morante, Guillermo_2025-11-19T21:47:56","Bravo Morante, Guillermo",author,18
"Bugarski, Ivan_2025-11-19T21:22:39","Bugarski, Ivan",author,18
"Bunčić, Maja_2025-11-19T21:15:52","Bunčić, Maja",author,18
"Buttinger, Katharina_2025-11-19T21:47:56","Buttinger, Katharina",author,18
"Bužanić, Domagoj_2025-11-19T21:15:52","Bužanić, Domagoj",author,18
"Callan, Kim_2025-11-19T21:47:56","Callan, Kim",author,18
"Candilio, Francesca_2025-11-19T21:47:56","Candilio, Francesca",author,18
"Carić, Mario_2025-11-19T21:15:52","Carić, Mario",author,18
"Carrión, Pablo_2025-11-19T21:15:52","Carrión, Pablo",author,18
"Chohadzhiev, Stefan_2025-11-19T21:47:56","Chohadzhiev, Stefan",author,18
"Chovalopoulou, Maria-Eleni_2025-11-19T21:47:56","Chovalopoulou, Maria-Eleni",author,18
"Chryssoulaki, Stella_2025-11-19T21:47:56","Chryssoulaki, Stella",author,18
"Cristiani, Emanuela_2025-11-19T21:47:56","Cristiani, Emanuela",author,18
"Culleton, Brendan J_2025-11-19T21:47:56","Culleton, Brendan J",author,18
"Curtis, Elizabeth_2025-11-19T21:47:56","Curtis, Elizabeth",author,18
"Cvetko, Mirna_2025-11-19T21:15:52","Cvetko, Mirna",author,18
"Dakic, Milos_2025-11-19T21:26:03","Dakic, Milos",author,18
"Davis, Jack_2025-11-19T21:47:56","Davis, Jack",author,18
"Demcenco, Tatiana I_2025-11-19T21:47:56","Demcenco, Tatiana I",author,18
"Dergachev, Valentin_2025-11-19T21:47:56","Dergachev, Valentin",author,18
"Derin, Zafer_2025-11-19T21:47:56","Derin, Zafer",author,18
"Deskaj, Sylvia_2025-11-19T21:47:56","Deskaj, Sylvia",author,18
"Devejyan, Seda_2025-11-19T21:47:56","Devejyan, Seda",author,18
"Djordjević, Vojislav_2025-11-19T21:47:56","Djordjević, Vojislav",author,18
"Djuric, Marija_2025-11-19T21:26:03","Djuric, Marija",author,18
"Drnić, Ivan_2025-11-19T21:15:52","Drnić, Ivan",author,18
"Dugonjić, Anita_2025-11-19T21:15:52","Dugonjić, Anita",author,18
"Farkaš, Zdeněk_2025-11-19T21:15:52","Farkaš, Zdeněk",author,18
"Filipović, Slavica_2025-11-19T21:17:27","Filipović, Slavica",author,18
"Franjić, Ana_2025-11-19T21:23:04","Franjić, Ana",author,18
"Ghica, Victor_2025-11-19T21:17:27","Ghica, Victor",author,18
"Golubović, Snežana_2025-11-19T21:15:52","Golubović, Snežana",author,18
"Ivanišević, Vujadin_2025-11-19T21:22:50","Ivanišević, Vujadin",author,18
"Ivanušec, Danimirka_2025-11-19T21:23:02","Ivanušec, Danimirka",author,18
"Jelínek, Pavol_2025-11-19T21:15:52","Jelínek, Pavol",author,18
"Jovanovic, Marija_2025-11-19T21:15:52","Jovanovic, Marija",author,18
"Kaić, Iva_2025-11-19T21:15:52","Kaić, Iva",author,18
"Kalafatić, Hrvoje_2025-11-19T21:15:52","Kalafatić, Hrvoje",author,18
"Korać, Miomir_2025-11-19T21:15:52","Korać, Miomir",author,18
"Kriletić, Barbara_2025-11-19T21:23:02","Kriletić, Barbara",author,18
"Krmpotić, Marijana_2025-11-19T21:15:52","Krmpotić, Marijana",author,18
"Krznar, Siniša_2025-11-19T21:15:52","Krznar, Siniša",author,18
"Lazaridis, Iosif_2025-11-19T21:15:52","Lazaridis, Iosif",author,18
"Leleković, Tino_2025-11-19T21:15:52","Leleković, Tino",author,18
"Los, Dženi_2025-11-19T21:23:04","Los, Dženi",author,18
"Mah, Matthew_2025-11-19T21:15:52","Mah, Matthew",author,18
"Marjanović, Marko_2025-11-19T21:22:50","Marjanović, Marko",author,18
"Matijević, Vinka_2025-11-19T21:15:52","Matijević, Vinka",author,18
"Mihaljevic, Marija_2025-11-19T21:17:27","Mihaljevic, Marija",author,18
"Mikić, Ilija_2025-11-19T21:15:52","Mikić, Ilija",author,18
"Miladinović-Radmilović, Nataša_2025-11-19T21:15:52","Miladinović-Radmilović, Nataša",author,18
"Milenkovic, Petar_2025-11-19T21:26:03","Milenkovic, Petar",author,18
"Milošević Zakić, Branka_2025-11-19T21:15:52","Milošević Zakić, Branka",author,18
"Nađ, Miroslav_2025-11-19T21:23:04","Nađ, Miroslav",author,18
"Novak, Mario_2025-11-19T21:17:54","Novak, Mario",author,18
"Olalde, Iñigo_2025-11-19T21:15:52","Olalde, Iñigo",author,18
"Osterholtz, Anna J._2025-11-19T21:15:52","Osterholtz, Anna J.",author,18
"Paige, Julianne M._2025-11-19T21:15:52","Paige, Julianne M.",author,18
"Paraman, Lujana_2025-11-19T21:15:52","Paraman, Lujana",author,18
"Milovanovic, Petar_2025-11-19T21:26:03",Petar Milovanovic,author,18
"Pleše, Tajana_2025-11-19T21:23:04","Pleše, Tajana",author,18
"Popadić, Ivana_2025-11-19T21:22:50","Popadić, Ivana",author,18
"Premužić, Zrinka_2025-11-19T21:15:52","Premužić, Zrinka",author,18
"Radišić, Milica_2025-11-19T21:22:50","Radišić, Milica",author,18
"Radovanović, Ivana_2025-11-19T21:15:52","Radovanović, Ivana",author,18
"Rajić Šikanjić, Petra_2025-11-19T21:15:52","Rajić Šikanjić, Petra",author,18
"Rapan Papeša, Anita_2025-11-19T21:15:52","Rapan Papeša, Anita",author,18
"Reed, Kelly_2025-11-19T21:17:27","Reed, Kelly",author,18
"Roksandic, Mirjana_2025-11-19T21:15:52","Roksandic, Mirjana",author,18
"Sanader, Mirjana_2025-11-19T21:15:52","Sanader, Mirjana",author,18
"Smuk, Ana_2025-11-19T21:17:27","Smuk, Ana",author,18
"Tresić Pavičić, Dinko_2025-11-19T21:15:52","Tresić Pavičić, Dinko",author,18
"Vulović, Dragana_2025-11-19T21:15:52","Vulović, Dragana",author,18
"Čataj, Lea_2025-11-19T21:15:52","Čataj, Lea",author,18
"Čondić, Natalija_2025-11-19T21:47:56","Čondić, Natalija",author,18
"Đukić, Ana_2025-11-19T21:15:52","Đukić, Ana",author,18
"Đukić, Ksenija_2025-11-19T21:15:52","Đukić, Ksenija",author,18
69825517c835c41957dff80e,A case of Avar period trepanation from Croatia,publication,18
69825517c835c41957dff8c5,A case of myositis ossificans traumatica on one skeleton from Viminacium,publication,18
69825516c835c41957df9e61,A genetic history of the Balkans from Roman frontier to Slavic migrations,publication,18
69825517c835c41957e00da9,A genetic probe into the ancient and medieval history of Southern Europe and West Asia,publication,18
69825516c835c41957dfc234,"Bioarchaeological analysis of the 15th-17th century population from Zrin, continental Croatia",publication,18
69825516c835c41957dfc117,"Early Medieval Burial at Stubline near Obrenovac: Spatial, Anthropological and Archaeological Analyses of the Southernmo",publication,18
69825517c835c41957dff83a,Health status of children in ancient Sirmium,publication,18
69825516c835c41957dfc2b6,Pommelless Swords with Rhomboid Crossguards in the Early Middle Ages – a Research Contribution from the Southern Carpath,publication,18
69825517c835c41957e0178e,THE INCREASED FEMORAL NECK ANTEVERSION IN MEDIEVAL CEMETERY OF PECENJEVCE. AETIOLOGY AND DIFFERENTIAL DIAGNOSIS IN ARCHA,publication,18
69825517c835c41957e00123,THE INCREASED FEMORAL NECK ANTEVERSION IN MEDIEVAL CEMETERY OF PECENJEVCE: AETIOLOGY AND DIFFERENTIAL DIAGNOSIS IN ARCHA,publication,18
69825516c835c41957dfc11b,The Central Balkans in the the Early Middle Ages: Archaeological Testimonies to Change,publication,18
69825516c835c41957dfee68,The case of scurvy from Singidunum,publication,18
69825516c835c41957dfe656,The case of the pregnant woman from the medieval site of “Preko Slatine” in Omoljica,publication,18
69825516c835c41957dfc238,The migration period in Iovia-Botivo − a 5th century grave with a trepanation,publication,18
69825516c835c41957dfc206,"The usual suspects : deciphering the epidemiology, variation of injuries and lifestyle in Late Medieval / Early Modern p",publication,18
69825516c835c41957dfc118,Transformation of Burial Space in the Cities of Northern Illyricum during Late Antiquity,publication,18
69825516c835c41957dfa496,Untangling the Taphonomy of Charred Plant Remains in Ritual Contexts: Late Antique and Medieval Churches and Graves from,publication,18
"Achino, Katia Francesca_2025-11-19T21:21:28","Achino, Katia Francesca",author,19
"Basar, Petra_2025-11-19T21:18:38","Basar, Petra",author,19
"Belak, Mateja_2025-11-19T21:41:01","Belak, Mateja",author,19
"Berden, Tina_2025-11-19T21:22:11","Berden, Tina",author,19
"Bitenc, Polona_2025-11-19T21:22:09","Bitenc, Polona",author,19
"Bitenc, Vida_2025-11-19T21:22:09","Bitenc, Vida",author,19
"Borojević Šoštarić, Sibila_2025-11-19T21:17:11","Borojević Šoštarić, Sibila",author,19
"Brenko, Tomislav_2025-11-19T21:17:11","Brenko, Tomislav",author,19
"Burić, Tonči_2025-11-19T21:21:01","Burić, Tonči",author,19
"Ciglenečki, Slavko_2025-11-19T21:23:47","Ciglenečki, Slavko",author,19
"Dirjec, Janez_2025-11-19T21:23:54","Dirjec, Janez",author,19
"Draksler, Matej_2025-11-19T21:41:28","Draksler, Matej",author,19
"Eichert, Stefan_2025-11-19T21:15:48","Eichert, Stefan",author,19
"Fazinić, Stjepko_2025-11-19T21:21:01","Fazinić, Stjepko",author,19
"Gaspari, Andrej_2025-11-19T21:23:47","Gaspari, Andrej",author,19
"Rutar, Gašper_2025-11-19T21:32:07",Gasper Rutar,author,19
"Gorskij, Anton Anatolʹevič._2025-11-19T21:47:50","Gorskij, Anton Anatolʹevič.",author,19
"Gudelj, Ljubomir_2025-11-19T21:21:01","Gudelj, Ljubomir",author,19
"Hanc, Justin_2025-11-19T21:22:10","Hanc, Justin",author,19
"Horn, Barbara_2025-11-19T21:17:11","Horn, Barbara",author,19
"Javor Briški, Marija_2025-11-19T21:18:30","Javor Briški, Marija",author,19
"Kajzer Cafnik, Mihela_2025-11-19T21:22:10","Kajzer Cafnik, Mihela",author,19
"Karo, Špela_2025-11-19T21:15:42","Karo, Špela",author,19
"Kenda, Albina_2025-11-19T21:23:48","Kenda, Albina",author,19
"Knific Lunder, Dragica_2025-11-19T21:17:57","Knific Lunder, Dragica",author,19
"Knific, Timotej_2025-11-19T21:15:42","Knific, Timotej",author,19
"Korošec, Tamara_2025-11-19T21:22:10","Korošec, Tamara",author,19
"Kovačič, Nuša._2025-11-19T21:22:13","Kovačič, Nuša.",author,19
"Lauko, Tomaž._2025-11-19T21:17:57","Lauko, Tomaž.",author,19
"Lavrič, Maja_2025-11-19T21:15:42","Lavrič, Maja",author,19
"Lindič, Bojan_2025-11-19T21:22:13","Lindič, Bojan",author,19
"Lozić, Edisa_2025-11-19T21:22:10","Lozić, Edisa",author,19
"Lubšina Tušek, Marija_2025-11-19T21:22:10","Lubšina Tušek, Marija",author,19
"Macháček, Jiří_2025-11-19T21:15:48","Macháček, Jiří",author,19
"Maver, Andreja_2025-11-19T21:21:28","Maver, Andreja",author,19
"Medarič, Igor_2025-11-19T21:17:11","Medarič, Igor",author,19
"Mileusnić, Zrinka_2025-11-19T21:43:06","Mileusnić, Zrinka",author,19
"Mlekuž, Dimitrij_2025-11-19T21:15:42","Mlekuž, Dimitrij",author,19
"Modrijan, Zvezdana_2025-11-19T21:22:10","Modrijan, Zvezdana",author,19
"Murgelj, Ida_2025-11-19T21:21:28","Murgelj, Ida",author,19
"Mušič, Branko_2025-11-19T21:15:42","Mušič, Branko",author,19
"Nabergoj, Tomaž._2025-11-19T21:23:49","Nabergoj, Tomaž.",author,19
"Nadbath, Barbara_2025-11-19T21:23:54","Nadbath, Barbara",author,19
"Nosek, Vojtěch_2025-11-19T21:15:48","Nosek, Vojtěch",author,19
"Osredkar, Meta_2025-11-19T21:15:42","Osredkar, Meta",author,19
"Pavlin, Primož_2025-11-19T21:22:11","Pavlin, Primož",author,19
"Pergar, Mitja_2025-11-19T21:41:28","Pergar, Mitja",author,19
"Pernicka, Ernst_2025-11-19T21:15:48","Pernicka, Ernst",author,19
"Pleterski, Andrej_2025-11-19T21:21:28","Pleterski, Andrej",author,19
"Porenta, Sašo._2025-11-19T21:43:06","Porenta, Sašo.",author,19
"Puzanov, V. V._2025-11-19T21:47:50","Puzanov, V. V.",author,19
"Radović, Iva Bogdanović_2025-11-19T21:21:01","Radović, Iva Bogdanović",author,19
"Rihter, Janja_2025-11-19T21:21:28","Rihter, Janja",author,19
"Rihter, Jernej_2025-11-19T21:21:28","Rihter, Jernej",author,19
"Ružičić, Stanko_2025-11-19T21:17:11","Ružičić, Stanko",author,19
"Schnabl, Bojan-Ilija_2025-11-19T21:16:25","Schnabl, Bojan-Ilija",author,19
"Sekelj Ivančan, Tajana_2025-11-19T21:17:11","Sekelj Ivančan, Tajana",author,19
"Sijarić, Mirsad_2025-11-19T21:21:01","Sijarić, Mirsad",author,19
"Stone, Sunčan Patrick_2025-11-19T21:23:02","Stone, Sunčan Patrick",author,19
"Strmčnik-Gulič, Mira_2025-11-19T21:22:10","Strmčnik-Gulič, Mira",author,19
"Sturm-Schnabl, Katja_2025-11-19T21:16:25","Sturm-Schnabl, Katja",author,19
"Sužnik, Maja_2025-11-19T21:22:10","Sužnik, Maja",author,19
"Svoljšak, Drago_2025-11-19T21:23:48","Svoljšak, Drago",author,19
"Słupecki, Leszek Paweł._2025-11-19T21:23:50","Słupecki, Leszek Paweł.",author,19
"Šuvalov, P. V._2025-11-19T21:47:50","Šuvalov, P. V.",author,19
"Tkalčec, Tatjana_2025-11-19T21:18:38","Tkalčec, Tatjana",author,19
"Topić, Nikolina_2025-11-19T21:21:01","Topić, Nikolina",author,19
"Toškan, Borut_2025-11-19T21:23:54","Toškan, Borut",author,19
Vesna Tratnik_2025-11-19T21:16:28,Vesna Tratnik,author,19
"Vomer-Gojkovič, Mojca_2025-11-19T21:22:10","Vomer-Gojkovič, Mojca",author,19
"Vrečič, Tomislav_2025-11-19T21:17:57","Vrečič, Tomislav",author,19
"Zaroff, Roman_2025-11-19T21:23:50","Zaroff, Roman",author,19
"Šmit, Žiga_2025-11-19T21:17:57","Šmit, Žiga",author,19
"Štular, Benjamin_2025-11-19T21:21:28","Štular, Benjamin",author,19
"Žontar, Bogo_2025-11-19T21:22:10","Žontar, Bogo",author,19
69825517c835c41957e00d4f,"""Plemja"" v slavjanskom mire v rannee srednevekovʹe : (forum)",publication,19
69825516c835c41957dfc5cf,Altslawische Kultstrukturen in Pohansko bei Břeclav (Tschechische Republik),publication,19
69825516c835c41957dfbdcc,Archaeological traces of ancient Hungarians in slovenian territory - small finds from various findspot contexts,publication,19
69825517c835c41957e00d4d,Archäologisches Bild von Kärnten/Koroška im Frühmittelalter,publication,19
69825516c835c41957dfba0a,"Assessing the intentionality of spatial organization : cemetery of Župna Cerkev (Kranj, Slovenia) case study = Preučevan",publication,19
69825516c835c41957dfc205,Becoming Slav (archaeological evidence) : agricultural anti-revolution and acculturation in the Eastern Alps,publication,19
69825516c835c41957dfc587,Bemerkungen zu den Schulterschließen aus dem Königsgrab von Sutton Hoo,publication,19
69825516c835c41957dfb81a,Compositional analysis of Late Medieval glass from the western Balkan and eastern Adriatic hinterland,publication,19
69825516c835c41957df9e2d,Copper-alloy belt fittings and elite networking in Early Medieval Central Europe,publication,19
69825517c835c41957e007bf,"Čar srednjeveških podkev : razprava o njihovi kronologiji, klasifikaciji in izvoru = The charm of medieval horseshoes ",publication,19
69825516c835c41957dfc589,Die Kärntner Fürstensteine in der Struktur dreier Kultstätten,publication,19
69825516c835c41957dfc5ac,Dve staroslovanski grobišči z ozemlja loškega gospostva : (dodatek),publication,19
69825517c835c41957e007c1,Geofizička i arheološka istraživanja na nalazištu Virje : talionička radionica iz vremena kasne antike i ranog sred,publication,19
69825516c835c41957dfab4b,Geofizička istraživanja na arheološkome nalazištu Osijek Vojakovački - Mihalj u 2017. godini = Geophysical research at O,publication,19
69825516c835c41957dfe690,Grad na Gradišču nad Drago : Spanheimska utrdba na severozahodni meji gospostva? = Castle at Gradišče above Draga : ,publication,19
69825516c835c41957dfbda6,Grobišča pri Humku v Dobovi = Cemeteries at Humek in Dobova (Slovenia),publication,19
69825516c835c41957dfc575,Grobovi langobardskih vojščakov iz Solkana (Nove Gorice),publication,19
69825516c835c41957dfc207,"Images behind the archaeological curtain : Vlachs, Slavs, župas, principalities, Carantania",publication,19
69825516c835c41957dfbd71,Interpretacija grobišča in najdb = Interpretation of burial ground and finds,publication,19
69825517c835c41957e00d4e,Karantanisch-Köttlacher Kulturkreis,publication,19
69825517c835c41957e00348,Korak v kronologijo zgodnjesrednjeveškega naglavnega nakita vzhodnih Alp = A step towards the chronology of early medie,publication,19
69825516c835c41957dfe76d,Krakova in Vandina gomila pri Krakovu,publication,19
69825517c835c41957e0034d,Ljubljansko barje = Ljubljana marshes. Ig,publication,19
69825517c835c41957e0034c,Mala Triglavca pri Divači = Mala Triglavca near Divača,publication,19
69825516c835c41957dfc572,Modell der Ethnogenese der Slawen auf der Grundlage einiger neurer Forschungen,publication,19
69825516c835c41957dfbd86,Morfometrične analize najdišča = Morphometric analysis of the site,publication,19
69825516c835c41957dfc5a2,Organized pagan cult in Kievan Rusʼ. The invention of foreign elite or evolution of local tradition?,publication,19
69825516c835c41957dfc610,Ostanki velikih sesalcev z zgodnjesrednjeveške Pristave,publication,19
69825516c835c41957dfa065,"Ostrogoths in Slovenia? Case study of a Late Antique cemetery in Miren, western Slovenia",publication,19
69825517c835c41957e007c0,Poznosrednjeveško in zgodnjenovoveško najdišče Župnijski dom v Šentvidu pri Stični : analiza lončenine in žival,publication,19
69825516c835c41957dfba0e,"Prolog : zgodnjesrednjeveška arheologija jugovzhodnoalpskega prostora: nekoč danes, jutri = Prologue : early Medieval ar",publication,19
69825516c835c41957dfc5f5,Sledovi zgodnje slovanske poselitve južno od Maribora = Spuren frühslawischer Besiedlung südlich von Maribor,publication,19
69825516c835c41957dfa034,"Slovenski rokopisi in izvirno arhivsko gradivo, obravnavani v Enciklopediji slovenske kulturne zgodovine na Koroškem, o",publication,19
69825516c835c41957dfc592,Srednjeveško orožje in bojna oprema iz slovenskih muzejskih zbirk = Medieval arms and armour in Slovenian museum colle,publication,19
69825516c835c41957dfbd7d,Srednjeveško grobišče na Blejskem otoku = Medieval burial ground on Bled Island,publication,19
69825517c835c41957e001f4,Staroslovanski žarni grob s Kapiteljske njive v Novem mestu = Early Medieval cremation grave from Kapiteljska njiva in ,publication,19
69825516c835c41957dfbd7b,Stratigrafska analiza in analiza nestoječih stavbnih ostankov = Stratigraphic analysis and analysis of non-standing buil,publication,19
69825516c835c41957dfbd78,Sv. Jurij na Legnu - zgodnjesrednjeveška cerkev in grobišče = Sv. Jurij at Legen (Slovenia) - early Medieval church and ,publication,19
69825516c835c41957df9dce,The Gradišče above Bašelj archaeological site,publication,19
69825516c835c41957dfc5a3,The Krakus' and Wanda's burial mounds of Cracow,publication,19
69825516c835c41957dfc571,The trinity concept in the Slavonic ideological system and the Slavonic spatial measurement system,publication,19
69825516c835c41957dfa30d,TransFER - Iron production along the Drava River in the Roman period and the Middle Ages : creation and transfer of know,publication,19
69825516c835c41957dfbd76,TransFER - Iron production along the Drava river in the Roman period and the Middle ages creation and transfer of knowle,publication,19
69825516c835c41957dfc5a1,William of Malmesbury on pagan Slavic oracles : new sources for Slavic paganism and its two interpretations,publication,19
69825517c835c41957e00e96,"Zbiva, spletno orodje za analizo grobišč : primer zgodnjesrednjeveškega najdišča Župna cerkev v Kranju = Zbiva, an",publication,19
69825517c835c41957e007be,"Zgodnjesrednjeveški zakladi železnih predmetov z Gorjancev, Starega gradu nad Uncem in Ljubične nad Zbelovsko Goro = ",publication,19
69825516c835c41957dfba0c,Zgodnjesrednjeveške brzde z najdišč v Sloveniji = Bridle bits in the Early Middle Ages : evidence from Slovenia,publication,19
69825516c835c41957dfa78c,Zgodnjesrednjeveško steklo na Slovenskem : študij sestave in jagode iz halofitskega stekla = Early Medieval glass in Slo,publication,19
69825516c835c41957dfe762,"Žabji grad, pozabljena srednjeveška utrdba na južnem obrobju Ljubljanskega barja = Žabji grad, a forgotten Medieval ",publication,19
"Aceto, M._2025-11-19T21:37:48","Aceto, M.",author,20
Alois Hinterleitner_2025-11-19T21:46:13,Alois Hinterleitner,author,20
"Babcock, Robert G._2025-11-19T21:16:11","Babcock, Robert G.",author,20
"Badan, Nicola_2025-11-19T21:16:38","Badan, Nicola",author,20
"Baumbach, Manuel_2025-11-19T21:28:34","Baumbach, Manuel",author,20
"Beit-Arié, Malachi_2025-11-19T21:39:28","Beit-Arié, Malachi",author,20
"Berschin, Walter_2025-11-19T21:24:10","Berschin, Walter",author,20
"Bruun, Greti Dinkova_2025-11-19T21:50:43","Bruun, Greti Dinkova",author,20
"Cassitti, P._2025-11-19T21:37:48","Cassitti, P.",author,20
"Cavallo, Guglielmo_2025-11-19T21:39:29","Cavallo, Guglielmo",author,20
Charles S. F. Burnett_2025-11-19T21:25:32,Charles S. F. Burnett,author,20
Christoph Walser_2025-11-19T21:46:13,Christoph Walser,author,20
"Clover, Carol J._2025-11-19T21:30:57","Clover, Carol J.",author,20
"Coulson, Frank-T._2025-11-19T21:41:56","Coulson, Frank-T.",author,20
"Cranmer, Frank_2025-11-19T21:29:59","Cranmer, Frank",author,20
"De Robertis, Teresa_2025-11-19T21:39:29","De Robertis, Teresa",author,20
"Doneus, Michael_2025-11-19T21:25:11","Doneus, Michael",author,20
"Dutschke, Consuelo W._2025-11-19T21:39:31","Dutschke, Consuelo W.",author,20
"Edwards, A. S. G._2025-11-19T21:16:59","Edwards, A. S. G.",author,20
"Emmenegger, R._2025-11-19T21:37:48","Emmenegger, R.",author,20
"Fianu, Kouky_2025-11-19T21:39:28","Fianu, Kouky",author,20
"Filzwieser, Roland_2025-11-19T21:29:37","Filzwieser, Roland",author,20
"Frank, Roberta_2025-11-19T21:26:25","Frank, Roberta",author,20
"Friis-Jensen, Karsten_2025-11-19T21:34:32","Friis-Jensen, Karsten",author,20
"Gabler, Manuel_2025-11-19T21:29:37","Gabler, Manuel",author,20
"Goffart, Walter A._2025-11-19T21:27:51","Goffart, Walter A.",author,20
"Grotans, Anna A._2025-11-19T21:39:31","Grotans, Anna A.",author,20
"Gumbert, J. P._2025-11-19T21:39:29","Gumbert, J. P.",author,20
"Gustavsen, Lars_2025-11-19T21:33:59","Gustavsen, Lars",author,20
"Guyotjeannin, Olivier_2025-11-19T21:39:29","Guyotjeannin, Olivier",author,20
"HYAMS, Paul R._2025-11-19T21:50:13","HYAMS, Paul R.",author,20
"Hamesse, Jacqueline_2025-11-19T21:39:29","Hamesse, Jacqueline",author,20
Hannes Schiel_2025-11-19T21:46:13,Hannes Schiel,author,20
"Hays, Gregory_2025-11-19T21:16:11","Hays, Gregory",author,20
"Healey, Antonette diPaolo_2025-11-19T21:30:13","Healey, Antonette diPaolo",author,20
"Helmholz, Richard H._2025-11-19T21:29:59","Helmholz, Richard H.",author,20
"Hexter, Ralph J._2025-11-19T21:24:27","Hexter, Ralph J.",author,20
"Hill, Mark_2025-11-19T21:29:59","Hill, Mark",author,20
Jona Schlegel_2025-11-19T21:46:13,Jona Schlegel,author,20
"Keller, A.T._2025-11-19T21:37:48","Keller, A.T.",author,20
"Kenny, Celia_2025-11-19T21:29:59","Kenny, Celia",author,20
Klaus Löcker_2025-11-19T21:46:13,Klaus Löcker,author,20
"Kristiansen, Monica_2025-11-19T21:33:59","Kristiansen, Monica",author,20
"Lenz, R._2025-11-19T21:37:48","Lenz, R.",author,20
"Mauritsen, Esben Schlosser_2025-11-19T21:29:37","Mauritsen, Esben Schlosser",author,20
"Mojsisch, Burkhard_2025-11-19T21:24:07","Mojsisch, Burkhard",author,20
"Murdoch, Brian_2025-11-19T21:17:17","Murdoch, Brian",author,20
"Nau, Erich_2025-11-19T21:29:37","Nau, Erich",author,20
"Nebbiai, Donatella_2025-11-19T21:39:29","Nebbiai, Donatella",author,20
"Neubauer, Wolfgang_2025-11-19T21:29:37","Neubauer, Wolfgang",author,20
"Olesen, Lis Helles_2025-11-19T21:29:37","Olesen, Lis Helles",author,20
"Ornato, Ezio_2025-11-19T21:39:30","Ornato, Ezio",author,20
"Pátková, Hana_2025-11-19T21:39:28","Pátková, Hana",author,20
"Pearsall, Derek_2025-11-19T21:49:29","Pearsall, Derek",author,20
"Pennington, Ken_2025-11-19T21:24:21","Pennington, Ken",author,20
"Pluta, Olaf_2025-11-19T21:24:07","Pluta, Olaf",author,20
"Quendolo, Alessandra_2025-11-19T21:16:38","Quendolo, Alessandra",author,20
"Rehn, Rudolf_2025-11-19T21:24:07","Rehn, Rudolf",author,20
"Reynhout, Lucien_2025-11-19T21:39:29","Reynhout, Lucien",author,20
"Ruff, Carin_2025-11-19T21:37:56","Ruff, Carin",author,20
"Saenger, Paul_2025-11-19T21:26:42","Saenger, Paul",author,20
"Samuel, Alan E._2025-11-19T21:31:35","Samuel, Alan E.",author,20
"Sandberg, Russell_2025-11-19T21:29:59","Sandberg, Russell",author,20
"Schneidhofer, Petra_2025-11-19T21:29:37","Schneidhofer, Petra",author,20
"Smith, Lesley_2025-11-19T21:24:12","Smith, Lesley",author,20
"Stoklund, Marie_2025-11-19T21:25:32","Stoklund, Marie",author,20
"Stones, Alison_2025-11-19T21:24:05","Stones, Alison",author,20
"Šedivý, Juraj_2025-11-19T21:39:31","Šedivý, Juraj",author,20
"Tafjord, Bernt Egil_2025-11-19T21:33:59","Tafjord, Bernt Egil",author,20
"Teeuwen, Mariken_2025-11-19T21:30:26","Teeuwen, Mariken",author,20
Thomas Reitmaier_2025-11-19T21:46:13,Thomas Reitmaier,author,20
"Townsend, David_2025-11-19T21:50:43","Townsend, David",author,20
"Trinks, Immo_2025-11-19T21:29:37","Trinks, Immo",author,20
"Verhoeven, Geert_2025-11-19T21:25:11","Verhoeven, Geert",author,20
"Villa, Luca_2025-11-19T21:16:38","Villa, Luca",author,20
"Wenzel, Siegfried_2025-11-19T21:25:24","Wenzel, Siegfried",author,20
"Hollander, W.J._2025-11-19T21:29:18",Wim Hollander,author,20
"Winkler, Norbert_2025-11-19T21:28:34","Winkler, Norbert",author,20
"Wöhler, Hans-Ulrich_2025-11-19T21:24:07","Wöhler, Hans-Ulrich",author,20
"Wörz, S._2025-11-19T21:37:48","Wörz, S.",author,20
69825516c835c41957dfde06,A social perspective on sport-related trends and careers,publication,20
69825517c835c41957dffd3d,Abbreviations,publication,20
69825516c835c41957dfccf7,Balancing on the Borderline - a Low-cost Approach to Visualize the Red-edge Shift for the Benefit of Aerial Archaeology,publication,20
69825517c835c41957dffd47,Book Trade : Antiquity and the early Middle Ages,publication,20
69825517c835c41957dffd62,Cataloguing Medieval Manuscripts,publication,20
69825517c835c41957dffd36,Comparative Codicology,publication,20
69825516c835c41957dfc714,"Die erste philosophische Fakultät in Sachsen bis zum Beginn der Reformation im lokalen, regionalen und überregionalen ",publication,20
69825517c835c41957dffd42,Florilegia,publication,20
69825517c835c41957dffd35,Gothic Writing in Bohemia and Moravia,publication,20
69825517c835c41957dffd49,Greek Script In Latin Manuscripts,publication,20
69825517c835c41957dffd60,Humanistic Script : Origins,publication,20
69825516c835c41957dfa0dd,Il tempietto longobardo a Cividale del Friuli : temi e figure dell'architettura fra XIX e XXI secolo,publication,20
69825516c835c41957dfe00c,"Large-scale geophysical archaeological prospection pilot study at Viking Age and medieval sites in west Jutland, Denmark",publication,20
69825517c835c41957dffd3e,Late Gothic Script : The Netherlands,publication,20
69825517c835c41957dffd64,Late Medieval Written Culture in the Realm of King St. Stephan : Gothic and later script in Hungary and Slovakia,publication,20
69825516c835c41957dfe201,Legal authority in canon law: cases from the notebook of a medieval English ecclesiastical lawyer,publication,20
69825517c835c41957e0174c,Memoirs of Fellows and Corresponding Fellows of the Medieval Academy of America,publication,20
69825517c835c41957dffd45,New Roman Cursive : (IVth-VIIth centuries),publication,20
69825517c835c41957dffd58,Old Roman Cursive,publication,20
69825517c835c41957dffd5c,Orality and Visible Language,publication,20
69825516c835c41957dfe5c7,"Ovid and Medieval Schooling. Studies in Medieval School Commentaries on Ovid's Ars Amatoria, Epistulae ex Ponto and Epis",publication,20
69825517c835c41957dffd39,Pen-Flourished Decoration,publication,20
69825517c835c41957dff898,Preliminary non-invasive study of Carolingian pigments in the churches of St. John at Müstair and St. Benedict at Malle,publication,20
69825517c835c41957e009af,Prospecting the UNESCO World Heritage Site of Müstair (Switzerland),publication,20
69825517c835c41957dffd3c,Punctuation,publication,20
69825517c835c41957e01276,REVIEWS - The Vocabulary of Intellectual Life in the Middle Ages,publication,20
69825516c835c41957dfca6c,Regional Variation: The Case of Scandinavian Latin,publication,20
69825516c835c41957dfda45,"Review of Gottlöber, Hanna-Barbara, Gottlöber & Kaufmann (2013): Das Prinzip der Rationalität. Grundzüge cusanischen",publication,20
69825516c835c41957dfcec2,Scandinavian Runes in a Latin Magical Treatise,publication,20
69825517c835c41957dffd43,Scriptoria and Libraries : An overview,publication,20
69825516c835c41957dfedee,Sem: A Viking Age metalworking site in the southeast of Norway?,publication,20
69825517c835c41957dffd44,Stages in Diplomatic Production,publication,20
69825517c835c41957dffd3f,Stages in Manuscript Production,publication,20
69825517c835c41957dffd63,Text and Gloss,publication,20
69825516c835c41957dfca6d,Textual Fluidity and the Interaction of Latin and the Vernacular Languages,publication,20
69825517c835c41957dffd59,The Abbey of St. Gall,publication,20
69825517c835c41957dffd53,The Application of Quantitative Methods to the History of the Book,publication,20
69825517c835c41957dffd3b,The Book Trade in the Middle Ages : The Parisian case,publication,20
69825517c835c41957dffd54,The Format of Documents,publication,20
69825517c835c41957dffd5a,The History of Manuscripts Since 1500,publication,20
69825516c835c41957dfe49f,The Medieval Saga,publication,20
69825517c835c41957dffd4f,The Palaeography of Numerals,publication,20
69825517c835c41957dffd50,Theological Texts,publication,20
69825517c835c41957dffd5e,Who Were the Scribes of Latin Manuscripts?,publication,20
"Allios, Dominique_2025-11-19T21:28:39","Allios, Dominique",author,21
"Amorosi, Thomas_2025-11-19T21:20:50","Amorosi, Thomas",author,21
"Arge, Símun V._2025-11-19T21:20:52","Arge, Símun V.",author,21
"Bendoula, Ryad_2025-11-19T21:28:39","Bendoula, Ryad",author,21
"Benedictow, Ole Jørgen_2025-11-19T21:24:02","Benedictow, Ole Jørgen",author,21
"Bigelow, Gerald_2025-11-19T21:20:50","Bigelow, Gerald",author,21
"Blockley, Simon P.E._2025-11-19T21:26:34","Blockley, Simon P.E.",author,21
"Borthwick, Douglas M._2025-11-19T21:20:54","Borthwick, Douglas M.",author,21
"Brødholt, Elin T._2025-11-19T21:48:13","Brødholt, Elin T.",author,21
"Buckland, Paul C._2025-11-19T21:20:52","Buckland, Paul C.",author,21
"Buckland, Philip I._2025-11-19T21:20:59","Buckland, Philip I.",author,21
"Byock, Jesse L._2025-11-19T21:27:57","Byock, Jesse L.",author,21
"Cheer, Peter_2025-11-19T21:48:54","Cheer, Peter",author,21
"Chruickshank, Marit_2025-11-19T21:21:15","Chruickshank, Marit",author,21
"Church, Mike J._2025-11-19T21:20:54","Church, Mike J.",author,21
"Cocoual, Antoine_2025-11-19T21:28:39","Cocoual, Antoine",author,21
"Coleman, Russel J_2025-11-19T21:48:54","Coleman, Russel J",author,21
"Cook, Gordon_2025-11-19T21:17:10","Cook, Gordon",author,21
"Cox, Adrian_2025-11-19T21:48:54","Cox, Adrian",author,21
"Dawson, Alastair_2025-11-19T21:20:54","Dawson, Alastair",author,21
"Dugmore, Andrew J._2025-11-19T21:20:54","Dugmore, Andrew J.",author,21
"Edwards, Kevin J._2025-11-19T21:20:52","Edwards, Kevin J.",author,21
"Erlendsson, Egill_2025-11-19T21:20:52",Egill Erlendsson,author,21
"Ekenman, I_2025-11-19T21:21:45","Ekenman, I",author,21
"Engelmark, Roger_2025-11-19T21:21:36","Engelmark, Roger",author,21
"Erlandson, Jon M._2025-11-19T21:17:57","Erlandson, Jon M.",author,21
"Fairweather, Alan D._2025-11-19T21:35:31","Fairweather, Alan D.",author,21
"Ford, Barbara A_2025-11-19T21:48:54","Ford, Barbara A",author,21
"Froese, Duane_2025-11-19T21:26:34","Froese, Duane",author,21
"Gardel, Marie-Elise_2025-11-19T21:28:39","Gardel, Marie-Elise",author,21
"Gautvik, Kaare M._2025-11-19T21:48:13","Gautvik, Kaare M.",author,21
"Geladi, Paul_2025-11-19T21:28:39","Geladi, Paul",author,21
"Gestsdóttir, Hildur_2025-11-19T21:15:34","Gestsdóttir, Hildur",author,21
"Gjerland, Berit_2025-11-19T21:50:38","Gjerland, Berit",author,21
"Goldberg, Paul_2025-11-19T21:24:36","Goldberg, Paul",author,21
"Graham, Catriona M M_2025-11-19T21:48:54","Graham, Catriona M M",author,21
"Guermeur, Nominoë_2025-11-19T21:28:39","Guermeur, Nominoë",author,21
"Gísladóttir, Guðrún_2025-11-19T21:20:52",Guðrún Gísladóttir,author,21
"Guđmundsson, Magnús_2025-11-19T21:17:36","Guđmundsson, Magnús",author,21
"Günther, Clara-Cecilie_2025-11-19T21:48:13","Günther, Clara-Cecilie",author,21
"Hall, Derek W_2025-11-19T21:46:57","Hall, Derek W",author,21
"Hamilton, W. Derek_2025-11-19T21:28:11","Hamilton, W. Derek",author,21
"Hart, John P._2025-11-19T21:32:18","Hart, John P.",author,21
"Holck, Per_2025-11-19T21:17:36","Holck, Per",author,21
"Holmes, Nicholas McQ_2025-11-19T21:48:54","Holmes, Nicholas McQ",author,21
"Jay, Sylvain_2025-11-19T21:28:39","Jay, Sylvain",author,21
"Jensen, Britta J.L._2025-11-19T21:26:34","Jensen, Britta J.L.",author,21
"Jones, E P_2025-11-19T21:32:09","Jones, E P",author,21
"Keller, Christian_2025-11-19T21:20:54","Keller, Christian",author,21
"Khorasani, Sara_2025-11-19T21:26:06","Khorasani, Sara",author,21
"Larsson, Mikael_2025-11-19T21:48:36","Larsson, Mikael",author,21
"Linderholm, Johan_2025-11-19T21:21:36","Linderholm, Johan",author,21
"Macphail, Richard I._2025-11-19T21:17:37","Macphail, Richard I.",author,21
"Mairs, Kerry-Anne_2025-11-19T21:20:54","Mairs, Kerry-Anne",author,21
"Martin, Steve_2025-11-19T21:35:31","Martin, Steve",author,21
"Matthews, Ian P._2025-11-19T21:26:34","Matthews, Ian P.",author,21
"Mayewski, Paul_2025-11-19T21:20:54","Mayewski, Paul",author,21
"McGovern, Thomas H._2025-11-19T21:17:26","McGovern, Thomas H.",author,21
Miljöarkeologiska laboratoriet_2025-11-19T21:21:36,Miljöarkeologiska laboratoriet,author,21
"Moura, Daniel_2025-11-19T21:28:39","Moura, Daniel",author,21
"Myrstad, Ragnhild_2025-11-19T21:21:15","Myrstad, Ragnhild",author,21
"Narmo, Lars                       Erik_2025-11-19T21:17:31","Narmo, Lars                       Erik",author,21
"Nyegaard, Georg_2025-11-19T21:35:42","Nyegaard, Georg",author,21
"Panagiotakopulu, Eva_2025-11-19T21:20:59","Panagiotakopulu, Eva",author,21
"Pyne-O'Donnell, Sean D.F._2025-11-19T21:26:34","Pyne-O'Donnell, Sean D.F.",author,21
"Ralston, Ian B.M._2025-11-19T21:35:31","Ralston, Ian B.M.",author,21
"Riddell, Scott_2025-11-19T21:20:52","Riddell, Scott",author,21
"Russell, Daniel_2025-11-19T21:20:50","Russell, Daniel",author,21
"Russell-White, Christopher J_2025-11-19T21:48:54","Russell-White, Christopher J",author,21
"Sayle, Kerry L._2025-11-19T21:28:11","Sayle, Kerry L.",author,21
"Schofield, J. Edward_2025-11-19T21:26:34","Schofield, J. Edward",author,21
"Sciuto, Claudia_2025-11-19T21:28:39","Sciuto, Claudia",author,21
"Scott, David A._2025-11-19T21:26:34","Scott, David A.",author,21
"Searle, J B_2025-11-19T21:32:09","Searle, J B",author,21
"Sjøvold, Torstein_2025-11-19T21:48:13","Sjøvold, Torstein",author,21
"Smith, Catherine_2025-11-19T21:46:57","Smith, Catherine",author,21
"Eriksson, S A_2025-11-19T21:21:45",Staffan Eriksson,author,21
"Stevenson, Sylvia_2025-11-19T21:48:54","Stevenson, Sylvia",author,21
"Sveinbjarnardóttir, Guðrún_2025-11-19T21:20:52","Sveinbjarnardóttir, Guðrún",author,21
"Tveskov, Mark_2025-11-19T21:17:36","Tveskov, Mark",author,21
"Vickers, Kim_2025-11-19T21:28:50","Vickers, Kim",author,21
"Wake, Thomas_2025-11-19T21:35:31","Wake, Thomas",author,21
"Walker, Phillip_2025-11-19T21:17:36","Walker, Phillip",author,21
"Wallace, Kristi L._2025-11-19T21:26:34","Wallace, Kristi L.",author,21
"Wallin, Jan-Erik_2025-11-19T21:20:49","Wallin, Jan-Erik",author,21
"Wickler, Stephen_2025-11-19T21:17:26","Wickler, Stephen",author,21
"Zori, Davide_2025-11-19T21:15:54","Zori, Davide",author,21
"Lindgren, J U_2025-11-19T21:21:45",urban lindgren,author,21
"Östman, Sofi_2025-11-19T21:21:36","Östman, Sofi",author,21
69825517c835c41957e00b87,9 Medieval Archaeology,publication,21
69825516c835c41957dfa568,A Viking-age Valley in Iceland: The Mosfell Archaeological Project,publication,21
69825516c835c41957dfc9b6,Archaeological Materials-26,publication,21
69825516c835c41957dfbb44,Bone density in medieval skeletons,publication,21
69825517c835c41957e01103,Burgage plots of medieval Perth: the evidence from excavations at Canal Street,publication,21
69825516c835c41957dfb802,Caught in a trap: landscape and climate implications of the insect fauna from a Roman well in Sherwood Forest,publication,21
69825516c835c41957dfb791,Cereal cultivation as a correlate of high social status in medieval Iceland,publication,21
69825516c835c41957dff253,Feasting in Viking Age Iceland: sustaining a chiefly political economy in a marginal environment,publication,21
69825516c835c41957dfe788,Fellow travellers: a concordance of colonization patterns between mice and men in the North Atlantic region,publication,21
69825517c835c41957e0100e,Female skeletal health and socioeconomic status in medieval Norway (11th-16th centuries AD): Analysis of bone mineral de,publication,21
69825516c835c41957dfd305,First evidence of cryptotephra in palaeoenvironmental records associated with Norse occupation sites in Greenland,publication,21
69825517c835c41957e01702,Graves and Churches of the Norse in the North Atlantic A Pilot Study,publication,21
69825516c835c41957dfe713,"Is there anybody in there? Entomological evidence from a boat burial at Øksnes in Vesterålen, northern Norway",publication,21
69825516c835c41957dfd11d,"Late Holocene beetle assemblages and environmental change in Gammelhemmet, northern Sweden",publication,21
69825516c835c41957dfb907,Maritime Power in Northern Norway during the Viking Age and Medieval Period: Evidence from Monumental Boathouses Tracing,publication,21
69825517c835c41957e01106,"Medieval features and finds from Balfarg/Balbirnie, Fife",publication,21
69825516c835c41957dfd87c,Metallurgical findings from a Viking Age chieftain's farm in Iceland,publication,21
69825516c835c41957dfd8f2,Modelling Lake Mývatn's freshwater reservoir effect: Utilisation of the statistical program FRUITS to assist in the re-i,publication,21
69825516c835c41957dfda96,Near Infrared Spectra and Hyperspectral Imaging of Medieval Fortress Walls in Carcassonne: A Comprehensive Interdiscipli,publication,21
69825517c835c41957e01384,"Norse Greenland Settlement: Reflections on Climate Change, Trade, and the Contrasting Fates or Human Settlements in the ",publication,21
69825516c835c41957dfa77f,Norse Persistence and Resilience in Iceland : Conservatism and Innovation on an Island of Oppositional Environmental Par,publication,21
69825516c835c41957dfb76b,"Northern Islands, human error, and environmental degradation: A view of social and ecological change in the Medieval Nor",publication,21
69825517c835c41957e00e90,Social stratification reflected in bone mineral density and stature: Spectral imaging and osteoarchaeological findings f,publication,21
69825516c835c41957dff258,"The Neolithic timber hall at Balbridie, Grampian Region, Scotland: the building, the date, the plant macrofossils",publication,21
69825516c835c41957dfb7b7,The Role of Climate in Settlement and Landscape Change in the North Atlantic Islands: An Assessment of Cumulative Deviat,publication,21
69825517c835c41957e0100c,"The king’s spice cabinet–Plant remains from Gribshunden, a 15 th century royal shipwreck in the Baltic Sea",publication,21
69825516c835c41957dfdbbc,The palaeoecology of a high status Icelandic farm,publication,21
69825516c835c41957dff2c0,Towards a First Chronology for the Middle Settlement of Norse Greenland: 14 C and Related Studies of Animal Bone and Env,publication,21
69825516c835c41957dfa4f6,Tracing the Development of Fishing Settlement From the Iron Age to the Modern Period in Northern Norway: A Case Study Fr,publication,21
69825516c835c41957dfb78d,"Viking and Medieval Settlement in the Faroes: People, Place and Environment",publication,21
69825516c835c41957dfba95,Ørlandet Iron Age settlement pattern development: Geoarchaeology (geochemistry and soil micromorphology) and plant macro,publication,21
"Adams, Anthony_2025-11-19T21:26:16","Adams, Anthony",author,22
"Bak, János M._2025-11-19T21:24:23","Bak, János M.",author,22
"Benson, Larry D._2025-11-19T21:50:43","Benson, Larry D.",author,22
"Bernstein, Alan E._2025-11-19T21:24:37","Bernstein, Alan E.",author,22
"Bihrer, Andreas_2025-11-19T21:22:55","Bihrer, Andreas",author,22
"Bisson, Thomas N._2025-11-19T21:26:42","Bisson, Thomas N.",author,22
"Bondarko, Nikolay A._2025-11-19T21:39:52","Bondarko, Nikolay A.",author,22
"Breen, James_2025-11-19T21:47:57","Breen, James",author,22
"Brooks, Nicholas_2025-11-19T21:30:30","Brooks, Nicholas",author,22
"Brown, Elizabeth A. R._2025-11-19T21:39:48","Brown, Elizabeth A. R.",author,22
"Chazelle, Celia_2025-11-19T21:18:30","Chazelle, Celia",author,22
"Clark, William W._2025-11-19T21:28:48","Clark, William W.",author,22
"Colish, Marcia L._2025-11-19T21:24:37","Colish, Marcia L.",author,22
"Constable, Giles_2025-11-19T21:24:58","Constable, Giles",author,22
"Cooper, Alan_2025-11-19T21:23:38","Cooper, Alan",author,22
"Cothren, Michael_2025-11-19T21:28:48","Cothren, Michael",author,22
"Courtenay, William J._2025-11-19T21:26:44","Courtenay, William J.",author,22
"Curschmann, Michael_2025-11-19T21:27:24","Curschmann, Michael",author,22
"Debiès, Marie-Hélène_2025-11-19T21:30:57","Debiès, Marie-Hélène",author,22
"Dejois, Catalina_2025-11-19T21:30:57","Dejois, Catalina",author,22
"Dirlam, Barbara R._2025-11-19T21:28:48","Dirlam, Barbara R.",author,22
"Dobrowolski, Pawel_2025-11-19T21:50:43","Dobrowolski, Pawel",author,22
"Drittenbass, Catherine_2025-11-19T21:30:35","Drittenbass, Catherine",author,22
"Eseleva, А. А._2025-11-19T21:18:07","Eseleva, А. А.",author,22
"Estrada, Oscar_2025-11-19T21:47:57","Estrada, Oscar",author,22
"Farmer, Sharon_2025-11-19T21:21:23","Farmer, Sharon",author,22
"Fasching, Richard F._2025-11-19T21:30:38","Fasching, Richard F.",author,22
"Fleith, Barbara_2025-11-19T21:27:44","Fleith, Barbara",author,22
"Franklin, Carmela Vircillo_2025-11-19T21:50:43","Franklin, Carmela Vircillo",author,22
"Gasparyan, Boris_2025-11-19T21:20:31","Gasparyan, Boris",author,22
"Gay-Canton, Réjane_2025-11-19T21:30:40","Gay-Canton, Réjane",author,22
"Gerson, Paula_2025-11-19T21:28:48","Gerson, Paula",author,22
"Gilliham, Matthew_2025-11-19T21:47:57","Gilliham, Matthew",author,22
"Goff, Jacques Le_2025-11-19T21:31:40","Goff, Jacques Le",author,22
"Goldhammer, Arthur_2025-11-19T21:31:40","Goldhammer, Arthur",author,22
"Grant, Edward_2025-11-19T21:50:43","Grant, Edward",author,22
"Groos, Arthur_2025-11-19T21:50:43","Groos, Arthur",author,22
"Guenée, Bernard_2025-11-19T21:49:34","Guenée, Bernard",author,22
"Hankins, James_2025-11-19T21:49:28","Hankins, James",author,22
"Hanning, Robert W._2025-11-19T21:42:35","Hanning, Robert W.",author,22
"Haufe, Hendrikje_2025-11-19T21:20:39","Haufe, Hendrikje",author,22
"Heinzer, Felix_2025-11-19T21:28:43","Heinzer, Felix",author,22
"Hoffmann, Richard C._2025-11-19T21:17:22","Hoffmann, Richard C.",author,22
"Hovhannisyan, Nelli_2025-11-19T21:47:57","Hovhannisyan, Nelli",author,22
"Kulash, Damian J._2025-11-19T21:28:46","Kulash, Damian J.",author,22
"Leyser, K. J._2025-11-19T21:31:41","Leyser, K. J.",author,22
"Li, Leiting_2025-11-19T21:47:57","Li, Leiting",author,22
"Little, Lester K._2025-11-19T21:50:43","Little, Lester K.",author,22
"Lyon, Bryce D._2025-11-19T21:36:01","Lyon, Bryce D.",author,22
"Mahoney, Edward P._2025-11-19T21:49:28","Mahoney, Edward P.",author,22
"Mazour-Matusevich, Yelena_2025-11-19T21:50:43","Mazour-Matusevich, Yelena",author,22
"Meyvaert, Paul_2025-11-19T21:35:47","Meyvaert, Paul",author,22
"Middleton, Anne_2025-11-19T21:50:43","Middleton, Anne",author,22
"Mundy, John Hine_2025-11-19T21:50:43","Mundy, John Hine",author,22
"Murdoch, John E._2025-11-19T21:50:43","Murdoch, John E.",author,22
"Nemes, Balázs J._2025-11-19T21:30:42","Nemes, Balázs J.",author,22
"Nicholas, David_2025-11-19T21:17:22","Nicholas, David",author,22
"O'Donnell, James J._2025-11-19T21:50:43","O'Donnell, James J.",author,22
"Palmer, Nigel F._2025-11-19T21:30:37","Palmer, Nigel F.",author,22
"Papanicolaou, Linda Morey_2025-11-19T21:28:48","Papanicolaou, Linda Morey",author,22
"Pessin, Mark_2025-11-19T21:28:48","Pessin, Mark",author,22
"Peters, Edward_2025-11-19T21:17:26","Peters, Edward",author,22
"Powell, James M._2025-11-19T21:17:33","Powell, James M.",author,22
"Prevenier, Walter_2025-11-19T21:26:56","Prevenier, Walter",author,22
"Regalado, Nancy Freeman_2025-11-19T21:39:48","Regalado, Nancy Freeman",author,22
"Reynolds, Susan_2025-11-19T21:14:16","Reynolds, Susan",author,22
"Richards, Stephen M_2025-11-19T21:47:58","Richards, Stephen M",author,22
"Rigg, A.G._2025-11-19T21:26:16","Rigg, A.G.",author,22
"Rosenwein, Barbara H._2025-11-19T21:18:42","Rosenwein, Barbara H.",author,22
"Rouse, R. H._2025-11-19T21:49:28","Rouse, R. H.",author,22
"Rückert, Peter_2025-11-19T21:30:37","Rückert, Peter",author,22
"Schneider-Lastin, Wolfram_2025-11-19T21:30:42","Schneider-Lastin, Wolfram",author,22
"Shaw, Frank_2025-11-19T21:30:58","Shaw, Frank",author,22
"Simons, Walter P._2025-11-19T21:35:35","Simons, Walter P.",author,22
"Smith, Alexia_2025-11-19T21:47:57","Smith, Alexia",author,22
"Somerville, Robert_2025-11-19T21:36:01","Somerville, Robert",author,22
"Thali, Johanna_2025-11-19T21:30:34","Thali, Johanna",author,22
"Waldman, Thomas G._2025-11-19T21:50:43","Waldman, Thomas G.",author,22
"Wetzel, René_2025-11-19T21:30:32","Wetzel, René",author,22
"Winston-Allen, Anne_2025-11-19T21:18:05","Winston-Allen, Anne",author,22
"Wünsche, Gregor_2025-11-19T21:29:44","Wünsche, Gregor",author,22
"Zhang, Heng_2025-11-19T21:47:57","Zhang, Heng",author,22
"Ziolkowski, Jan M._2025-11-19T21:35:38","Ziolkowski, Jan M.",author,22
69825517c835c41957dffe41,"""La grant feste"" : Philip the Fair's celebration of the knighting of his sons in Paris at Pentecost of 1313",publication,22
69825516c835c41957dfe4aa,'Visio Tnugdali': The German and Dutch Translations and Their Circulation in the Later Middle Ages,publication,22
69825516c835c41957dff0ac,7. The Beggar's Body: Intersections of Gender and Social Status in High Medieval Paris,publication,22
69825516c835c41957dfd1e2,A Verse Translation of Abbo of St. Germain's Bella Parisiacae urbis,publication,22
69825516c835c41957dfb664,Anger’s Past : The Social Uses of an Emotion in the Middle Ages,publication,22
69825516c835c41957dfe3cc,Backmatter,publication,22
69825516c835c41957dfc503,"Bridges, Law and Power in Medieval England, 700-1400",publication,22
69825516c835c41957dfe3f6,Das ›Lignum vitae‹ aus Bebenhausen,publication,22
69825516c835c41957dfe422,Die Münchner Perikopenhandschrift Cgm 157 und die Handschriftenproduktion des Straßburger Reuerinnenklosters im späten,publication,22
69825516c835c41957dfe3e5,Die ›Melusine‹ des Thüring von Ringoltingen: Bezaubernde Worte – gefährliches Schweigen Zur Ambivalenz des Dialogs zwi,publication,22
69825516c835c41957dfe424,Dis buch ist iohannes schedelin Die Handschriften eines Colmarer Bürgers aus der Mitte des 15. Jahrhunderts und ihre Ve,publication,22
69825516c835c41957dfe404,Ein Text Heinrich Seuses? Untersuchungen zum Prolog des ›Solothurner Legendars‹,publication,22
69825516c835c41957dfe416,Frontmatter,publication,22
69825516c835c41957dfe3df,Hadewijch am Oberrhein Niederländische Mystik in den Händen der sogenannten ›Gottesfreunde‹,publication,22
69825517c835c41957dff45e,"Henry, Archdeacon of Huntingdon, “Historia Anglorum”: The History of the English People, ed. and trans. GreenwayDiana. (",publication,22
69825516c835c41957dfe49a,Histoire de l'émotion : méthodes et approches,publication,22
69825516c835c41957dfe405,Inhalt,publication,22
69825516c835c41957dfe3f9,Klösterliche Netzwerke und kulturelle Identität Die Hirsauer Reform des 11./12. Jahrhunderts als Vorläufer spätmitte,publication,22
69825516c835c41957dfe421,Leben und Offenbarungen der Elsbeth von Oye Textkritische Edition der Vita aus dem ›Ötenbacher Schwesternbuch‹,publication,22
69825516c835c41957dfdb38,Medieval English bridges and modern transport policy : a distant mirror?,publication,22
69825517c835c41957e012a5,Memoirs of Fellows and Corresponding Fellows of the Medieval Academy of America,publication,22
69825517c835c41957e0174b,Memoirs of Fellows and Corresponding Fellows of the Medieval Academy of America,publication,22
69825517c835c41957e0174d,Memoirs of Fellows and Corresponding Fellows of the Medieval Academy of America,publication,22
69825516c835c41957dfd269,"Negotiating Space: Power, Restraint, and Privileges of Immunity in Early Medieval Europe",publication,22
69825516c835c41957dfdb65,New Research on Abbeys of the Parisian Region in the Twelfth and Thirteenth Centuries. Abstracts of Papers Delivered at ,publication,22
69825516c835c41957dfe3fc,Nu fraget sant Bernhart waz got si Zur paraphrasierenden Textübertragung und Dialogizität in den ›St. Georgener Predig,publication,22
69825516c835c41957dfa86c,Old Saxon and Old English Poems ‘Genesis’ in the Scope of Early Medieval Germanic Adaptations of Biblical Texts: between,publication,22
69825517c835c41957e00dba,Recovery of chloroplast genomes from medieval millet grains excavated from the Areni-1 cave in southern Armenia,publication,22
69825516c835c41957dfe3db,Regionalität als Paradigma literarhistorischer Forschung zur Vormoderne Das Beispiel des Benediktinerinnenklosters St. ,publication,22
69825516c835c41957dfe3fe,"Repräsentationen adelig-höfischen Wissens – ein Tummelplatz für Aufsteiger, Außenseiter und Verlierer Bemerkungen zum",publication,22
69825516c835c41957dfe60b,Rule and Conflict in an Early Medieval Society: Ottonian Saxony,publication,22
69825516c835c41957dfe3d0,"Spricht maister Eberhart Die Unfestigkeit von Autor, Text und Textbausteinen im Cod. Bodmer 59 und in der Überlieferung",publication,22
69825516c835c41957dff27f,The New Huizinga and the Old Middle Ages,publication,22
69825516c835c41957dfe60a,"Time, Work, and Culture in the Middle Ages",publication,22
69825516c835c41957dfe415,Zwischen Zensur und Selbstzensur Verbesserungsappelle in der ›Vita beate Marie et Salvatoris Rhythmica‹ und ihren mittel,publication,22
69825516c835c41957dfe3ff,›Nonnenmalerei‹: Iconography in Convent Women’s Art of the Upper Rhine Region,publication,22
"Allen, Carol_2025-11-19T21:36:13","Allen, Carol",author,23
"Millard, A R_2025-11-19T21:35:29",Andrew Millard,author,23
"Antoine, Daniel_2025-11-19T21:22:47","Antoine, Daniel",author,23
"Barnicle, Ellen_2025-11-19T21:32:23","Barnicle, Ellen",author,23
"Batt, Catherine M._2025-11-19T21:26:31","Batt, Catherine M.",author,23
"Bayley, Justine_2025-11-19T21:16:17","Bayley, Justine",author,23
"WHITE, BEATRICE_2025-11-19T21:24:25",Ben White,author,23
"Bodoriková, Silvia_2025-11-19T21:42:42","Bodoriková, Silvia",author,23
"Boucher, Andy_2025-11-19T21:32:23","Boucher, Andy",author,23
"Rogers, Bryony_2025-11-19T21:32:23",Bruce Rogers,author,23
"Brůžek, Jaroslav_2025-11-19T21:39:02","Brůžek, Jaroslav",author,23
"Bunbury, Magdalena M E_2025-11-19T21:16:50","Bunbury, Magdalena M E",author,23
"Rando, Carolyn_2025-11-19T21:25:30",Carolyn Rando,author,23
"Chidimuro, Blessing_2025-11-19T21:32:23","Chidimuro, Blessing",author,23
"Cowgill, Jane_2025-11-19T21:36:13","Cowgill, Jane",author,23
"Cvrček, Jan_2025-11-19T21:38:44","Cvrček, Jan",author,23
"Davies-Barrett, Anna M_2025-11-19T21:33:50","Davies-Barrett, Anna M",author,23
"DiRenno, Frank_2025-11-19T21:32:23","DiRenno, Frank",author,23
"Drtikolová Kaupová, Sylva_2025-11-19T21:38:44","Drtikolová Kaupová, Sylva",author,23
"Dörnhöferová, Michaela_2025-11-19T21:42:42","Dörnhöferová, Michaela",author,23
"Eastwood, Warren_2025-11-19T21:23:46","Eastwood, Warren",author,23
"England, Ann_2025-11-19T21:23:46","England, Ann",author,23
"Evans, D H_2025-11-19T21:35:29","Evans, D H",author,23
"Evans, Malcolm_2025-11-19T21:32:23","Evans, Malcolm",author,23
"Feller, Marc_2026-01-14T22:01:21","Feller, Marc",author,23
"Ford, Steve_2025-11-19T21:40:03","Ford, Steve",author,23
"Friðriksson, Adolf_2025-11-19T21:40:49","Friðriksson, Adolf",author,23
"Fryer, Val_2025-11-19T21:36:13","Fryer, Val",author,23
"Nowell, G M_2025-11-19T21:35:29",GM Nowell,author,23
"García-Moreno, Carlos D._2025-11-19T21:17:54","García-Moreno, Carlos D.",author,23
"Groves, S.E._2025-11-19T21:25:19","Groves, S.E.",author,23
"Gröcke, Darren R._2025-11-19T21:32:23","Gröcke, Darren R.",author,23
"Haldon, John_2025-11-19T21:17:33","Haldon, John",author,23
"Halldórsdóttir, Hrafnhildur Helga_2025-11-19T21:32:23","Halldórsdóttir, Hrafnhildur Helga",author,23
"Hillson, Simon_2025-11-19T21:25:30","Hillson, Simon",author,23
"Horden, Peregrine_2025-11-19T21:34:57","Horden, Peregrine",author,23
"Johnson, Scott Fitzgerald_2025-11-19T21:29:37","Johnson, Scott Fitzgerald",author,23
"Katina, Stanislav_2025-11-19T21:39:02","Katina, Stanislav",author,23
"Kaupová, Sylva_2025-11-19T21:42:42","Kaupová, Sylva",author,23
"Knaus, A_2025-11-19T21:21:28","Knaus, A",author,23
"Knüsel, Christopher J._2025-11-19T21:28:49","Knüsel, Christopher J.",author,23
"Lefebvre, Arnaud_2025-11-19T21:42:42","Lefebvre, Arnaud",author,23
"Lucy, Sam_2025-11-19T21:27:57","Lucy, Sam",author,23
"López-Costas, Olalla_2025-11-19T21:17:54","López-Costas, Olalla",author,23
"Maas, Michael_2025-11-19T21:24:12","Maas, Michael",author,23
"Macpherson, C.G._2025-11-19T21:25:19","Macpherson, C.G.",author,23
"Mathisen, Ralph W._2025-11-19T21:22:27","Mathisen, Ralph W.",author,23
"Morley, Ruth_2025-11-19T21:32:23","Morley, Ruth",author,23
"Murciano Calles, José M._2025-11-19T21:17:54","Murciano Calles, José M.",author,23
"Müldner, Gundula_2025-11-19T21:17:10","Müldner, Gundula",author,23
"Neff, Monica_2025-11-19T21:32:23","Neff, Monica",author,23
"Palmer, Carol_2025-11-19T21:17:10","Palmer, Carol",author,23
"Pearson, D G_2025-11-19T21:35:29","Pearson, D G",author,23
"Pearson, G._2025-11-19T21:25:19","Pearson, G.",author,23
Philip Wood_2025-11-19T21:24:43,Philip Wood,author,23
"Powell, Nicola_2025-11-19T21:40:03","Powell, Nicola",author,23
"Precious, Barbara_2025-11-19T21:36:13","Precious, Barbara",author,23
"Půtová, Lenka_2025-11-19T21:38:44","Půtová, Lenka",author,23
"Rackham, James_2025-11-19T21:36:13","Rackham, James",author,23
"Roberts, Charlotte A_2025-11-19T21:21:27","Roberts, Charlotte A",author,23
"Ogden, Alan R_2025-11-19T21:17:10",Ron Pinhasi,author,23
"Roper, Tessa_2025-11-19T21:36:13","Roper, Tessa",author,23
"Schamall, Doris_2025-11-19T21:38:44","Schamall, Doris",author,23
"Sharp, Cassidy_2025-11-19T21:32:23","Sharp, Cassidy",author,23
"Shaw, Philip A._2025-11-19T21:25:10","Shaw, Philip A.",author,23
"Simpson, Ashleigh_2025-11-19T21:32:23","Simpson, Ashleigh",author,23
"Stern, Ben_2025-11-19T21:17:10","Stern, Ben",author,23
"Takács, Michal_2025-11-19T21:42:42","Takács, Michal",author,23
"Taylor, Gary_2025-11-19T21:36:13","Taylor, Gary",author,23
"Teschler-Nicola, Maria_2025-11-19T21:38:44","Teschler-Nicola, Maria",author,23
"Thurzo, Milan_2025-11-19T21:39:02","Thurzo, Milan",author,23
"Tibenská, Kristína Domonkošová_2025-11-19T21:42:42","Tibenská, Kristína Domonkošová",author,23
"Todd, John M._2025-11-19T21:17:10","Todd, John M.",author,23
"Turner, Rebecca_2025-11-19T21:23:46","Turner, Rebecca",author,23
"Uhrová, Petra_2025-11-19T21:42:42","Uhrová, Petra",author,23
"Urminský, Jozef_2025-11-19T21:42:42","Urminský, Jozef",author,23
"Velemínská, Jana_2025-11-19T21:39:02","Velemínská, Jana",author,23
"Velemínský, Petr_2025-11-19T21:38:44","Velemínský, Petr",author,23
"Vytlačil, Zdeněk_2025-11-19T21:42:42","Vytlačil, Zdeněk",author,23
"Vésteinsson, Orri_2025-11-19T21:18:34","Vésteinsson, Orri",author,23
"Wilson, Andrew S._2025-11-19T21:28:49","Wilson, Andrew S.",author,23
"Young, G._2025-11-19T21:25:19","Young, G.",author,23
"Young, Jane_2025-11-19T21:36:13","Young, Jane",author,23
"Šefčáková, Alena_2025-11-19T21:15:52","Šefčáková, Alena",author,23
"Decanter, Franck_2026-01-14T22:01:20",,author,23
Hubert Cabart_2026-01-14T22:01:19,,author,23
"Mondy, Magaly_2026-01-14T22:01:18",,author,23
69825517c835c41957e006bc,"A time of change: dietary reconstruction of the Merovingian cemetery of Norroy-le-Veneur, France",publication,23
69825517c835c41957dff3ee,"An Early to Middle Saxon Settlement at Quarrington, Lincolnshire",publication,23
69825516c835c41957dfca64,Barbarians: Problems and Approaches,publication,23
69825516c835c41957dfb805,"Boom and bust at a medieval fishing port: dietary preferences of fishers and artisan families from Pontevedra (Galicia, ",publication,23
69825516c835c41957dfce9e,Changes in mandibular dimensions during the mediaeval to post-mediaeval transition in London: a possible response to dec,publication,23
69825516c835c41957dfca68,Comparative State Formation: The Later Roman Empire in the Wider World,publication,23
69825516c835c41957dfca67,Concepts of Citizenship,publication,23
69825516c835c41957dfd2d5,Constructing chronologies in Viking Age Iceland: Increasing dating resolution using Bayesian approaches,publication,23
69825516c835c41957dfe849,"Continuity and individuality in Medieval Hereford, England: A stable isotope approach to bulk bone and incremental denti",publication,23
69825516c835c41957dfba05,Cross-population analysis of the growth of long bones and the os coxae of three Early Medieval Austrian populations,publication,23
69825516c835c41957dfa73e,"Diet in Augusta Emerita, the Iberian capital that prevailed in Roman to late antiquity transition",publication,23
69825517c835c41957e006bd,Dietary reconstruction from trace element analysis and dental microwear in an Early Medieval population from Gáň (Galant,publication,23
69825517c835c41957dffef9,"Excavation of late Saxon : early medieval deposits at Mitcham Vicarage, 21 Church Road, Mitcham",publication,23
69825516c835c41957dfc54d,Historical landscape change in Cappadocia (central Turkey): a palaeoecological investigation of annually laminated sedim,publication,23
69825516c835c41957dfed84,Inflammatory periosteal reaction on ribs associated with lower respiratory tract disease: A method for recording prevale,publication,23
69825516c835c41957dff23c,Isotopic tracing of the impact of mobility on infectious disease: The origin of people with treponematosis buried in hul,publication,23
69825517c835c41957e0015f,Landscapes of burial : contrasting the pagan and Christian paradigms of burial in Viking Age and medieval Iceland,publication,23
69825516c835c41957dfcd9c,"Mobility histories of 7th-9th century AD people buried at early medieval Bamburgh, Northumberland, England",publication,23
69825516c835c41957dfa38e,"Morbidity, rickets and long-bone growth in post-medieval Britain—a cross-population analysis",publication,23
69825517c835c41957dffc3a,"Phenotypic diversity of skulls in the Merovingian population (Norroy-le-Veneur cemetery, 7th century AD, Moselle, France",publication,23
69825516c835c41957dfca66,"Poverty, Charity, and the Invention of the Hospital",publication,23
69825517c835c41957e01942,Premières données sur l'archéologie funéraire de l'Antiquité tardive dans la cité des Médiomatriques : l'exemple d'Uckan,publication,23
69825516c835c41957dfca65,Syriac and the “Syrians”,publication,23
69825516c835c41957dfa2f0,"The Identity of the St Bees Lady, Cumbria: An Osteobiographical Approach",publication,23
69825517c835c41957dffb4a,The dietary behavior of two early medieval individuals with temporomandibular ankylosis,publication,23
"Ahlström, Torbjörn_2025-11-19T21:25:51","Ahlström, Torbjörn",author,24
"Namouchi, Amine_2025-11-19T21:32:19",Amine Namouchi,author,24
"Arcini, Caroline A._2025-11-19T21:47:13","Arcini, Caroline A.",author,24
"Axelsson, Tony_2025-11-19T21:43:05","Axelsson, Tony",author,24
"Bailly, Matthieu Le_2025-11-19T21:41:05","Bailly, Matthieu Le",author,24
"Bakanidze, Lela_2025-11-19T21:47:13","Bakanidze, Lela",author,24
"Bandiera, Pasquale_2025-11-19T21:42:02","Bandiera, Pasquale",author,24
"Bauduer, F._2025-11-19T21:25:53","Bauduer, F.",author,24
"Bauer, Egil L_2025-11-19T21:32:19","Bauer, Egil L",author,24
"Bazin, Bruno_2025-11-19T21:18:47","Bazin, Bruno",author,24
"Bessou, Maryelle_2025-11-19T21:20:17","Bessou, Maryelle",author,24
"Bianucci, Raffaella_2025-11-19T21:27:37","Bianucci, Raffaella",author,24
"Bitadze, Lia_2025-11-19T21:47:13","Bitadze, Lia",author,24
"Boudartchouk, Jean-Luc_2025-11-19T21:19:34","Boudartchouk, Jean-Luc",author,24
"Bramanti, Barbara_2025-11-19T21:32:19","Bramanti, Barbara",author,24
"Bønløkke, Jakob Hjort_2025-11-19T21:25:53","Bønløkke, Jakob Hjort",author,24
"Büttner, Stéphane_2025-11-19T21:18:47","Büttner, Stéphane",author,24
"Capron, François_2025-11-19T21:20:19","Capron, François",author,24
"Castex, Dominique_2025-11-19T21:19:37","Castex, Dominique",author,24
"Catafau, Aymat_2025-11-19T21:19:06","Catafau, Aymat",author,24
"Christensen, Jannie Marie_2025-11-19T21:25:53","Christensen, Jannie Marie",author,24
"Claustre, Françoise_2025-12-29T17:54:12","Claustre, Françoise",author,24
"Cohn, Jr, Samuel K._2025-11-19T21:43:18","Cohn, Jr, Samuel K.",author,24
"Corrochano, Alexis_2025-11-19T21:18:47","Corrochano, Alexis",author,24
"Crubézy, Eric_2025-11-19T21:21:28","Crubézy, Eric",author,24
"Dang, La Vu_2025-11-19T21:21:28","Dang, La Vu",author,24
"Derrick, Michael_2025-11-19T21:32:19","Derrick, Michael",author,24
"Donoghue, Helen D_2025-11-19T21:28:56","Donoghue, Helen D",author,24
"Doyen, Jean-Marc_2025-11-19T21:20:17","Doyen, Jean-Marc",author,24
"Drancourt, Michel_2025-11-19T21:21:28","Drancourt, Michel",author,24
"Dufour, Benjamin_2025-11-19T21:41:05","Dufour, Benjamin",author,24
"Ericson, Per G. P._2025-11-19T21:27:39","Ericson, Per G. P.",author,24
"Fournier, Pierre-Edouard_2025-11-19T21:21:28","Fournier, Pierre-Edouard",author,24
"Giuffra, Valentina_2025-11-19T21:42:02","Giuffra, Valentina",author,24
"Glasius, Marianne_2025-11-19T21:25:53","Glasius, Marianne",author,24
"Hedman, Sven-Donald_2025-11-19T21:42:13","Hedman, Sven-Donald",author,24
"Hänsch, Stephanie_2025-11-19T21:32:19","Hänsch, Stephanie",author,24
"Iregren, Elisabeth_2025-11-19T21:27:39","Iregren, Elisabeth",author,24
"Isberg, P.-E._2025-11-19T21:42:43","Isberg, P.-E.",author,24
Jean-François Goret_2025-11-19T21:18:21,Jean-François Goret,author,24
"Jensen, Annie_2025-11-19T21:25:53","Jensen, Annie",author,24
"Kacki, Sacha_2025-11-19T21:19:37","Kacki, Sacha",author,24
"Karottki, Dorina Gabriela_2025-11-19T21:25:53","Karottki, Dorina Gabriela",author,24
"Kay, Gemma L._2025-11-19T21:42:02","Kay, Gemma L.",author,24
"Kersten, Oliver_2025-11-19T21:32:19","Kersten, Oliver",author,24
"Kotarba, Jérôme_2025-12-29T17:54:13","Kotarba, Jérôme",author,24
"Lafaurie, Jean_2025-12-29T17:54:13","Lafaurie, Jean",author,24
"Lindemann, Robert A._2025-11-19T21:47:13","Lindemann, Robert A.",author,24
"Loft, Steffen_2025-11-19T21:25:53","Loft, Steffen",author,24
"Luciani, Stefania_2025-11-19T21:47:13","Luciani, Stefania",author,24
"Marota, Isolina_2025-11-19T21:47:13","Marota, Isolina",author,24
"Maury, Marie_2025-11-19T21:20:17","Maury, Marie",author,24
"Mercier, C._2025-11-19T21:25:53","Mercier, C.",author,24
"Milanese, Marco_2025-11-19T21:42:02","Milanese, Marco",author,24
"Møller, Peter_2025-11-19T21:25:53","Møller, Peter",author,24
"Neri, Damiano_2025-11-19T21:47:13","Neri, Damiano",author,24
"Ogata, Hiroyuki_2025-11-19T21:21:28","Ogata, Hiroyuki",author,24
"Olsen, Bjørnar_2025-11-19T21:27:22","Olsen, Bjørnar",author,24
"Ottoni, Claudio_2025-11-19T21:32:19","Ottoni, Claudio",author,24
"Pacciani, Elsa_2025-11-19T21:32:19","Pacciani, Elsa",author,24
"Pallen, Mark J._2025-11-19T21:42:02","Pallen, Mark J.",author,24
"Paya, Didier_2025-11-19T21:18:48","Paya, Didier",author,24
"Guyomarc'h, P._2025-11-19T21:25:53",Pierre Guyomarc'h,author,24
"Portat, Émilie_2025-11-19T21:18:47","Portat, Émilie",author,24
"Quaglia, Luisa_2025-11-19T21:32:19","Quaglia, Luisa",author,24
"Raoult, Didier_2025-11-19T21:21:28","Raoult, Didier",author,24
"Roche, Kevin_2025-11-19T21:41:05","Roche, Kevin",author,24
"Rouquet, Jérôme_2025-11-19T21:18:48","Rouquet, Jérôme",author,24
"Roux, Véronique_2025-11-19T21:21:28","Roux, Véronique",author,24
"Rubini, Mauro_2025-11-19T21:26:32","Rubini, Mauro",author,24
"Ryhl-Svendsen, M_2025-11-19T21:26:09","Ryhl-Svendsen, M",author,24
"Schmid, Boris V_2025-11-19T21:32:19","Schmid, Boris V",author,24
"Seguin, Guillaume_2025-11-19T21:20:17","Seguin, Guillaume",author,24
"Sergeant, Martin J._2025-11-19T21:42:02","Sergeant, Martin J.",author,24
"Sigsgaard, Torben_2025-11-19T21:25:53","Sigsgaard, Torben",author,24
"Spigelman, Mark_2025-11-19T21:28:56","Spigelman, Mark",author,24
Sylvain Aumard_2025-11-19T21:18:21,Sylvain Aumard,author,24
"Duchesne, Sylvie_2025-12-29T17:54:13",Sylvie Duchesne,author,24
"Tagesson, Göran_2025-11-19T21:25:51","Tagesson, Göran",author,24
"Tran-Hung, Lam_2025-11-19T21:21:28","Tran-Hung, Lam",author,24
"Vermunt, Marco_2025-11-19T21:32:19","Vermunt, Marco",author,24
"Vretemark, Maria_2025-11-19T21:27:39","Vretemark, Maria",author,24
"Warfvinge, Gunnar_2025-11-19T21:47:13","Warfvinge, Gunnar",author,24
"Zaio, Monica_2025-11-19T21:47:13","Zaio, Monica",author,24
"Zaio, Paola_2025-11-19T21:26:32","Zaio, Paola",author,24
69825517c835c41957e00bfb,A genomic and historical synthesis of plague in 18th century Eurasia,publication,24
69825516c835c41957dfd743,Animal exploitation at Birka - a preliminary report,publication,24
69825517c835c41957e00232,Assessing the Parasitic Burden in a Late Antique Florentine Emergency Burial Site,publication,24
69825516c835c41957dfd04f,Biomarkers of oxidative stress and inflammation after wood smoke exposure in a reconstructed Viking Age house,publication,24
69825516c835c41957dfb2c3,Commémorer les épidémies dans un monde changeant : mémorialisation de la peste et autres fléaux infectieux du Moyen Âge ,publication,24
69825517c835c41957e013ee,Ethnicity of Scandinavian populations from 1050-1500 A. D,publication,24
69825516c835c41957dfba14,"Genotyping, Orientalis-like Yersinia pestis, and plague pandemics",publication,24
69825516c835c41957dfd15a,Household air pollution from wood burning in two reconstructed houses from the Danish Viking Age,publication,24
69825516c835c41957dfdcf6,"Hunters, herders and hearths: interpreting new results from hearth row sites in Pasvik, Arctic Norway",publication,24
69825516c835c41957dfe80b,Integrative approach using Yersinia pestis genomes to revisit the historical landscape of plague during the Medieval Per,publication,24
69825516c835c41957dfadc7,Introduction,publication,24
69825516c835c41957dfb5b9,"L'acculturation de sujets septentrionaux et orientaux. La population du cimetière du Mouraut (Vernet, Haute-Garonne)",publication,24
69825516c835c41957dfb5b7,"L'occupation de la grotte de Montou à la fin de l'époque wisigothique (Corbère-les-Cabanes, Pyrénées-Orientales)",publication,24
69825517c835c41957e004b1,"La nécropole du haut Moyen Âge du ""Clos II"" à Buchères (Aube)",publication,24
69825516c835c41957dfd2e6,"Lepromatous leprosy in an early mediaeval cemetery in Central Italy (Morrione, Campochiaro, Molise, 6th-8th century AD)",publication,24
69825516c835c41957dfdc16,"Leprosy in a Lombard-Avar cemetery in central Italy (Campochiaro, Molise, 6th-8th century AD): ancient DNA evidence and ",publication,24
69825516c835c41957dfb4aa,Les sarcophages de plâtre d'Allonnes (Eure-et-Loir) : un enrichissement de la chrono-typologie funéraire régionale,publication,24
69825516c835c41957dfd051,Multiple Calvarial Lytic Lesions: A Differential Diagnosis from Early Medieval France (5th to 7th c. AD),publication,24
69825516c835c41957dfa9b0,Nouveaux apports à la connaissance du chantier de construction roman de l’abbatiale Saint-Germain-des-Prés. Premier bila,publication,24
69825517c835c41957e00233,"Paleoparasitology of Merovingian Corpses Buried in Stone Sarcophagi in the Saint-Martin-au-Val Church (Chartres, France)",publication,24
69825516c835c41957dfac32,Peut-on établir une typo-chronologie des tombes à inhumation de l'Antiquité tardive à la fin du Moyen Âge dans l'ouest d,publication,24
69825517c835c41957e004c9,Recovery of a Medieval Brucella melitensis Genome Using Shotgun Metagenomics,publication,24
69825516c835c41957dfb137,Réflexions sur la variété des modalités funéraires en temps d'épidémie. L'exemple de la Peste noire en contextes urbain ,publication,24
69825517c835c41957e007b4,The Varnhem archaeological research project : a new insight into the christianization of Västergötland,publication,24
69825516c835c41957dfac22,Un édifice mérovingien associé à des sépultures d'exception sous l'église de Saint-Martin-au-Val (Chartres),publication,24
69825516c835c41957dfd02a,"Variations in Diet and Stature: Are They Linked? Bioarchaeology and Paleodietary Bayesian Mixing Models from Linköping,",publication,24
69825516c835c41957dfd2e5,"Warriors from the East. Skeletal evidence of warfare from a Lombard-Avar cemetery in Central Italy (Campochiaro, Molise,",publication,24
"Adamo, Phil_2025-11-19T21:50:42","Adamo, Phil",author,25
"BOUCHARD, Constance Brittain_2025-11-19T21:21:46","BOUCHARD, Constance Brittain",author,25
"Balty-Guesdon, Marie-Genevieve_2025-11-19T21:30:57","Balty-Guesdon, Marie-Genevieve",author,25
"Baswell, Christopher_2025-11-19T21:49:29","Baswell, Christopher",author,25
"Beebe, Kathryne_2025-11-19T21:49:29","Beebe, Kathryne",author,25
"Biggs, Frederick M._2025-11-19T21:49:29","Biggs, Frederick M.",author,25
"Bjerke, Jillian_2025-11-19T21:49:29","Bjerke, Jillian",author,25
"Bjork, Robert E._2025-11-19T21:24:21","Bjork, Robert E.",author,25
"Bogdanović, Jelena_2025-11-19T21:49:29","Bogdanović, Jelena",author,25
"Burman, Tom_2025-11-19T21:50:42","Burman, Tom",author,25
"Bynum, Caroline Walker_2025-11-19T21:23:41","Bynum, Caroline Walker",author,25
"Carr, Annemarie Weyl_2025-11-19T21:50:42","Carr, Annemarie Weyl",author,25
"Caviness, Madeline H._2025-11-19T21:22:57","Caviness, Madeline H.",author,25
"Chelis, Theodore_2025-11-19T21:49:29","Chelis, Theodore",author,25
"Clopper, Lawrence M._2025-11-19T21:20:32","Clopper, Lawrence M.",author,25
"Dale, Thomas E. A._2025-11-19T21:24:21","Dale, Thomas E. A.",author,25
"Davis, Lisa Fagin_2025-11-19T21:16:59","Davis, Lisa Fagin",author,25
"Dumitrescu, Irina A._2025-11-19T21:27:32","Dumitrescu, Irina A.",author,25
"Dutton, Paul_2025-11-19T21:24:27","Dutton, Paul",author,25
"Dutton, Paul Edward_2025-11-19T21:15:40","Dutton, Paul Edward",author,25
Elizabeth Closs Traugott_2025-11-19T21:24:46,Elizabeth Closs Traugott,author,25
"Elliott, Dyan H._2025-11-19T21:50:43","Elliott, Dyan H.",author,25
"Emmerson, Richard K._2025-11-19T21:24:21","Emmerson, Richard K.",author,25
"Evans, Ruth_2025-11-19T21:48:40","Evans, Ruth",author,25
"Ferrante, Joan M._2025-11-19T21:49:29","Ferrante, Joan M.",author,25
"Gibson, Gail McMurray_2025-11-19T21:49:29","Gibson, Gail McMurray",author,25
"Goodmann, Thomas_2025-11-19T21:49:29","Goodmann, Thomas",author,25
"Graham, Timothy_2025-11-19T21:46:48","Graham, Timothy",author,25
"Green, Richard Firth_2025-11-19T21:50:43","Green, Richard Firth",author,25
"Haggh-Huglo, Barbara_2025-11-19T21:15:24","Haggh-Huglo, Barbara",author,25
"Hahn, Cynthia_2025-11-19T21:49:29","Hahn, Cynthia",author,25
"Hamburger, Jeffrey F._2025-11-19T21:24:27","Hamburger, Jeffrey F.",author,25
"Heffernan, Thomas J._2025-11-19T21:24:27","Heffernan, Thomas J.",author,25
"Henneau, Marie-Élisabeth_2025-11-19T21:27:28","Henneau, Marie-Élisabeth",author,25
"Hobbins, Daniel_2025-11-19T21:49:29","Hobbins, Daniel",author,25
"Holsinger, Bruce W._2025-11-19T21:24:21","Holsinger, Bruce W.",author,25
"Hult, David F._2025-11-19T21:50:42","Hult, David F.",author,25
"Jordan, William Chester_2025-11-19T21:24:21","Jordan, William Chester",author,25
"Kaeuper, Richard W._2025-11-19T21:24:04","Kaeuper, Richard W.",author,25
"Kaye, Joel_2025-11-19T21:49:28","Kaye, Joel",author,25
"Kinney, Dale_2025-11-19T21:16:17","Kinney, Dale",author,25
"Klaassen, Frank_2025-11-19T21:18:35","Klaassen, Frank",author,25
"Klausner, David N._2025-11-19T21:24:21","Klausner, David N.",author,25
"Knox, Leslie_2025-11-19T21:49:29","Knox, Leslie",author,25
"Konshuh, Courtnay_2025-11-19T21:48:11","Konshuh, Courtnay",author,25
"Kopár, Lilla_2025-11-19T21:30:13","Kopár, Lilla",author,25
"Krolikoski, Courtney_2025-11-19T21:49:29","Krolikoski, Courtney",author,25
"Kruger, Steven F._2025-11-19T21:41:46","Kruger, Steven F.",author,25
"Kupfer, Marcia A._2025-11-19T21:40:35","Kupfer, Marcia A.",author,25
"Lester, Anne E._2025-11-19T21:49:29","Lester, Anne E.",author,25
"Liimatta, Aatu_2025-11-19T21:17:40","Liimatta, Aatu",author,25
"Lijffijt, Jefrey_2025-11-19T21:17:40","Lijffijt, Jefrey",author,25
"Lillich, Meredith_2025-11-19T21:50:42","Lillich, Meredith",author,25
"Lipton, Sara_2025-11-19T21:50:43","Lipton, Sara",author,25
"Lyman, Eugene W._2025-11-19T21:49:28","Lyman, Eugene W.",author,25
"Lynch, Kathryn L._2025-11-19T21:24:27","Lynch, Kathryn L.",author,25
"Machan, Tim William_2025-11-19T21:17:39","Machan, Tim William",author,25
"Mahrt, William_2025-11-19T21:24:21","Mahrt, William",author,25
"Marti, Susan_2025-11-19T21:40:31","Marti, Susan",author,25
"Massey, Drew_2025-11-19T21:40:31","Massey, Drew",author,25
"McGinn, Bernard_2025-11-19T21:24:27","McGinn, Bernard",author,25
"McGrady, Deborah_2025-11-19T21:50:43","McGrady, Deborah",author,25
"Meyer-Lee, Robert J._2025-11-19T21:49:29","Meyer-Lee, Robert J.",author,25
"Minnis, A. J._2025-11-19T21:16:14","Minnis, A. J.",author,25
"Murray, James M._2025-11-19T21:39:48","Murray, James M.",author,25
"Nevalainen, Terttu_2025-11-19T21:17:40","Nevalainen, Terttu",author,25
"Nirenberg, David_2025-11-19T21:24:54","Nirenberg, David",author,25
"Partner, Nancy F._2025-11-19T21:24:58","Partner, Nancy F.",author,25
"Powell, Austin_2025-11-19T21:49:29","Powell, Austin",author,25
"Reilly, Lisa A._2025-11-19T21:22:00","Reilly, Lisa A.",author,25
"Richards, Emerson_2025-11-19T21:49:29","Richards, Emerson",author,25
"Roth, Norman Dennis_2025-11-19T21:21:56","Roth, Norman Dennis",author,25
"Shailor, Barbara A._2025-11-19T21:24:21","Shailor, Barbara A.",author,25
"Smith, Kathryn Ann_2025-11-19T21:49:28","Smith, Kathryn Ann",author,25
"Spence, Sarah_2025-11-19T21:25:00","Spence, Sarah",author,25
"Spiegel, Gabrielle M._2025-11-19T21:49:28","Spiegel, Gabrielle M.",author,25
"Squatriti, Paolo_2025-11-19T21:27:09","Squatriti, Paolo",author,25
"Stanton, Anne Rudloff_2025-11-19T21:49:29","Stanton, Anne Rudloff",author,25
"Stuard, Susan Mosher_2025-11-19T21:24:21","Stuard, Susan Mosher",author,25
"Summit, Jennifer_2025-11-19T21:50:43","Summit, Jennifer",author,25
"Symes, Carol_2025-11-19T21:23:13","Symes, Carol",author,25
"Szarmach, Paul E._2025-11-19T21:24:41","Szarmach, Paul E.",author,25
"Säily, Tanja_2025-11-19T21:17:40","Säily, Tanja",author,25
"Vartiainen, Turo_2025-11-19T21:17:40","Vartiainen, Turo",author,25
"Vose, Robin_2025-11-19T21:34:49","Vose, Robin",author,25
"Watson, Nicholas_2025-11-19T21:16:59","Watson, Nicholas",author,25
"Weigert, Laura_2025-11-19T21:49:29","Weigert, Laura",author,25
"Whitaker, Natalie_2025-11-19T21:41:44","Whitaker, Natalie",author,25
"Wogan-Browne, Jocelyn_2025-11-19T21:16:59","Wogan-Browne, Jocelyn",author,25
"Woods, Marjorie Curry_2025-11-19T21:49:28","Woods, Marjorie Curry",author,25
"Ziegler, Vickie_2025-11-19T21:24:21","Ziegler, Vickie",author,25
"van Deusen, Nancy_2025-11-19T21:24:27","van Deusen, Nancy",author,25
69825517c835c41957e00e71,8 The Renaissance Marriage Game: A Simulation Game for Large Classes,publication,25
69825516c835c41957dff096,Foreword,publication,25
69825516c835c41957dfa5e0,History of English as punctuated equilibria? A meta-analysis of the rate of linguistic change in Middle English,publication,25
69825516c835c41957dfd677,"Introduction: Liège, the Medieval “Woman Question”, and the Question of Medieval Women",publication,25
69825516c835c41957dfe49b,"Jews, Visigoths and Muslims in Medieval Spain: Cooperation and Conflict",publication,25
69825516c835c41957dfe495,"Jews, Visigoths, and Muslims in Medieval Spain: Cooperation and Conflict",publication,25
69825516c835c41957dfcaa3,Language contact and linguistic attitudes in the Later Middle Ages,publication,25
69825517c835c41957e00079,Medieval hypertext : the illuminated manuscript in an age of virtual reproduction,publication,25
69825517c835c41957e0129f,"Proceedings of the Annual Meeting of the Medieval Academy of America, 2003",publication,25
69825516c835c41957dfc8da,"Proceedings of the Annual Meeting of the Medieval Academy of America, 2004",publication,25
69825516c835c41957dfc857,"Proceedings of the Annual Meeting of the Medieval Academy of America, 2006",publication,25
69825517c835c41957e012a7,"Proceedings of the Annual Meeting of the Medieval Academy of America, 2007",publication,25
69825517c835c41957e01753,"Proceedings of the Annual Meeting of the Medieval Academy of America, 2013",publication,25
69825517c835c41957e012a3,"Proceedings of the Annual Meeting of the Medieval Academy of America, 2014",publication,25
69825517c835c41957e01740,"Proceedings of the Annual Meeting of the Medieval Academy of America, 2015",publication,25
69825517c835c41957e01744,"Proceedings of the Annual Meeting of the Medieval Academy of America, 2016",publication,25
69825517c835c41957e012b0,"Proceedings of the Annual Meeting of the Medieval Academy of America, 2019",publication,25
69825516c835c41957dfd9dc,"The French of England: the Compileison, Ancrene Wisse, and the idea of Anglo-Norman",publication,25
"Bezrukova, Elena V._2025-11-19T21:26:33","Bezrukova, Elena V.",author,26
"Biermann, Felix_2025-11-19T21:17:41","Biermann, Felix",author,26
"Boroń, Piotr_2025-11-19T21:18:16","Boroń, Piotr",author,26
"Boyle, John F._2025-11-19T21:26:33","Boyle, John F.",author,26
"Braskén, Mats_2025-11-19T21:35:51","Braskén, Mats",author,26
"Wolfe, Brent B._2025-11-19T21:20:54",Brent Wolfe,author,26
"Brock, Fiona_2025-11-19T21:36:09","Brock, Fiona",author,26
"Budziakowski, Mateusz_2025-11-19T21:18:16","Budziakowski, Mateusz",author,26
"Caroselli, Marta_2025-11-19T21:36:09","Caroselli, Marta",author,26
"Chauke, Chrispen_2025-11-19T21:24:34","Chauke, Chrispen",author,26
"Cywa, Katarzyna_2025-11-19T21:18:01","Cywa, Katarzyna",author,26
"Czerwiński, Sambor_2025-11-19T21:18:32","Czerwiński, Sambor",author,26
"Danielewski, Marcin_2025-11-19T21:18:32","Danielewski, Marcin",author,26
"Eger, Christoph_2025-11-19T21:28:53","Eger, Christoph",author,26
"Engelhardt, Bernd_2025-11-19T21:50:44","Engelhardt, Bernd",author,26
"Erhardt, Sebastian_2025-11-19T21:24:34","Erhardt, Sebastian",author,26
"Feveile, Claus_2025-11-19T21:43:08","Feveile, Claus",author,26
"Fiołna, Sabina_2025-11-19T21:18:32","Fiołna, Sabina",author,26
"Gromig, Raphael_2025-11-19T21:18:32","Gromig, Raphael",author,26
"Guzowski, Piotr_2025-11-19T21:18:32","Guzowski, Piotr",author,26
"Haghipour, Negar_2025-11-19T21:18:32","Haghipour, Negar",author,26
"Hajdas, Irka_2025-11-19T21:18:32","Hajdas, Irka",author,26
"Heinemeier, Jan_2025-11-19T21:24:31","Heinemeier, Jan",author,26
"Herrmann, Christofer_2025-11-19T21:37:08","Herrmann, Christofer",author,26
"Hodgins, Greg_2025-11-19T21:36:09","Hodgins, Greg",author,26
"Holmes, Jonathan A._2025-11-19T21:26:33","Holmes, Jonathan A.",author,26
"Højen Sørensen, Annette_2025-11-19T21:28:53","Højen Sørensen, Annette",author,26
"Imiołczyk, Ewelina_2025-11-19T21:18:16","Imiołczyk, Ewelina",author,26
"Jaksik, Marian_2025-11-19T21:18:16","Jaksik, Marian",author,26
"Jankowiak, Marek_2025-11-19T21:18:32","Jankowiak, Marek",author,26
"Jungklaus, Bettina_2025-11-19T21:42:43","Jungklaus, Bettina",author,26
"Jungner, Högne_2025-11-19T21:24:31","Jungner, Högne",author,26
"KOBYLINSKI, Zbigniew_2025-11-19T21:21:46","KOBYLINSKI, Zbigniew",author,26
"Kaisti, Riikka_2025-11-19T21:36:09","Kaisti, Riikka",author,26
"Kalaitzoglou, Georg_2025-11-19T21:28:53","Kalaitzoglou, Georg",author,26
"Karczewski, Maciej_2025-11-19T21:18:01","Karczewski, Maciej",author,26
"Kieseler, Andreas_2025-11-19T21:17:41","Kieseler, Andreas",author,26
"Koperkiewicz, Arkadiusz_2025-11-19T21:37:08","Koperkiewicz, Arkadiusz",author,26
"Kossler, Annette_2025-11-19T21:24:34","Kossler, Annette",author,26
"Kołaczek, Piotr_2025-11-19T21:18:32","Kołaczek, Piotr",author,26
"Kupryjanowicz, Mirosława_2025-11-19T21:20:52","Kupryjanowicz, Mirosława",author,26
"Kłusek, Marzena_2025-11-19T21:18:16","Kłusek, Marzena",author,26
"Lamentowicz, Mariusz_2025-11-19T21:18:32","Lamentowicz, Mariusz",author,26
"Lancaster, Lynne_2025-11-19T21:36:09","Lancaster, Lynne",author,26
"Lindroos, Alf_2025-11-19T21:24:31","Lindroos, Alf",author,26
"Lugli, S_2026-01-15T09:01:32","Lugli, S",author,26
"Lugli, Stefano_2025-11-19T21:36:09","Lugli, Stefano",author,26
"Mackay, Anson W._2025-11-19T21:26:33","Mackay, Anson W.",author,26
"Marcisz, Katarzyna_2025-11-19T21:18:32","Marcisz, Katarzyna",author,26
"Maspero, F_2026-01-15T09:03:05","Maspero, F",author,26
"Michniewicz, Maria_2025-11-19T21:50:44","Michniewicz, Maria",author,26
"Mueller-Bieniek, Aldona_2025-11-19T21:20:52","Mueller-Bieniek, Aldona",author,26
"Niebieszczański, Jakub_2025-11-19T21:18:32","Niebieszczański, Jakub",author,26
"Noe-Nygaard, Nanna_2025-11-19T21:20:54","Noe-Nygaard, Nanna",author,26
"Nowakowski, Dominik_2025-11-19T21:17:41","Nowakowski, Dominik",author,26
"Olsen, Jesper_2025-11-19T21:20:54","Olsen, Jesper",author,26
"Panizzo, Virginia N._2025-11-19T21:26:33","Panizzo, Virginia N.",author,26
"Panzeri, L_2026-01-15T09:03:40","Panzeri, L",author,26
"Philippsen, Bente_2025-11-19T21:43:08","Philippsen, Bente",author,26
"Piotrowska, Natalia_2025-11-19T21:18:16","Piotrowska, Natalia",author,26
"Poloczek, Adrian_2025-11-19T21:18:16","Poloczek, Adrian",author,26
"Poloczek-Imielińska, Agata_2025-11-19T21:18:16","Poloczek-Imielińska, Agata",author,26
"Ranta, Heikki_2025-11-19T21:36:09","Ranta, Heikki",author,26
"Riedel, Frank_2025-11-19T21:24:34","Riedel, Frank",author,26
"Ringbom, Åsa_2025-11-19T21:18:42","Ringbom, Åsa",author,26
"Rud, Niels_2025-11-19T21:24:31","Rud, Niels",author,26
"Sankiewicz, Paweł_2025-11-19T21:18:32","Sankiewicz, Paweł",author,26
"Shchetnikov, Alexander_2025-11-19T21:26:33","Shchetnikov, Alexander",author,26
"Shemang, Elisha_2025-11-19T21:24:34","Shemang, Elisha",author,26
"Shilland, Ewan M._2025-11-19T21:26:33","Shilland, Ewan M.",author,26
"Silvestri, E_2026-01-15T09:03:40","Silvestri, E",author,26
"Sjöberg, Pia_2025-11-19T21:36:09","Sjöberg, Pia",author,26
"Sonck-Koota, Pia_2025-11-19T21:36:09","Sonck-Koota, Pia",author,26
"Sveinbjörnsdóttir, Ámy_2025-11-19T21:35:51","Sveinbjörnsdóttir, Ámy",author,26
"Szal, Marta_2025-11-19T21:28:44","Szal, Marta",author,26
"Tarasov, Pavel_2025-11-19T21:24:34","Tarasov, Pavel",author,26
"Tirelli, G_2026-01-15T09:01:31","Tirelli, G",author,26
"Tylmann, Wojciech_2025-11-19T21:28:44","Tylmann, Wojciech",author,26
"Ubis, Edvinas_2025-11-19T21:37:08","Ubis, Edvinas",author,26
"Wacnik, Agnieszka_2025-11-19T21:18:01","Wacnik, Agnieszka",author,26
"Wagner, Bernd_2025-11-19T21:18:32","Wagner, Bernd",author,26
"White, Dustin_2025-11-19T21:26:33","White, Dustin",author,26
"von Konow, Thorborg_2025-11-19T21:24:31","von Konow, Thorborg",author,26
"Galli, A._2026-01-14T22:06:23",,author,26
"Martini, M._2026-01-14T22:06:26",,author,26
"Montanari, C._2026-01-14T22:06:27",,author,26
"Sibilia, E._2026-01-14T22:06:28",,author,26
69825517c835c41957dff416,19 Years of Mortar Dating: Learning from Experience,publication,26
69825516c835c41957dfdbbf,A newly excavated private house in Jerash. Reconsidering aspects of continuity and change in material culture from Late ,publication,26
69825516c835c41957dfc939,AMS 14C dating of lime mortar,publication,26
69825516c835c41957dfa7dc,Anthracological data as evidence of cultural distinctions in wood usage by communities from the Western Baltic cultural ,publication,26
69825517c835c41957dff929,Awarische Funde in Mittel- und Ostdeutschland = Avar finds in middle and eastern Germany,publication,26
69825517c835c41957dff6ad,Burning Alt-Wartenburg. Archaeological evidence for the conflicts between the Teutonic Order and the Grand Duchy of Lith,publication,26
69825516c835c41957dfa930,DATING OF WOODEN HERITAGE OBJECTS IN THE GLIWICE 14 C AND MASS SPECTROMETRY LABORATORY,publication,26
69825517c835c41957e01762,"Early Medieval wells from Pfettrach, Bavaria : cultural ecology of an early Bavarian village",publication,26
69825516c835c41957dfc987,"Evidence for a permanent lake in Sua Pan (Kalahari, Botswana) during the early centuries of the last millennium indicate",publication,26
69825517c835c41957e01a80,Integrated Dating of the Construction and Restoration of the Modena Cathedral Vaults (Northern Italy): Preliminary Resul,publication,26
69825517c835c41957e0067f,Introduction: An ‘Invisible Commodity’?,publication,26
69825516c835c41957dfb7b2,"Mid- to late-Holocene climate variability and anthropogenic impacts: multi-proxy evidence from Lake Bliden, Denmark",publication,26
69825516c835c41957dfa5f9,Mittelalterliche Herrschafts- und Siedlungsstrukturen in Niederschlesien am Beispiel von Köben (Chobienia) an der Oder,publication,26
69825516c835c41957dff31f,"Mortar Dating Using AMS 14 C and Sequential Dissolution: Examples from Medieval, Non-Hydraulic Lime Mortars from the Åla",publication,26
69825516c835c41957dfd2f2,Multiproxy evidence for abrupt climate change impacts on terrestrial and freshwater ecosystems in the Ol'khon region of ,publication,26
69825517c835c41957e006c2,New observations of the burial rite: Traces of fire exposure in Early Medieval inhumation burials –examples from the Sla,publication,26
69825516c835c41957dff3c9,Radiocarbon Dating Historical Mortars: Lime Lumps and/or Binder Carbonate?,publication,26
69825517c835c41957e007d9,Single-year radiocarbon dating anchors Viking Age trade cycles in time,publication,26
69825517c835c41957e00b59,Synthesis of palaeoecological data from the Polish Lowlands suggests heterogeneous patterns of old-growth forest loss af,publication,26
69825516c835c41957dfb798,"The environmental and cultural contexts of the late Iron Age and medieval settlement in the Mazurian Lake District, NE P",publication,26
69825517c835c41957e019ba,Thermally and optically stimulated luminescence of early medieval blue-green glass mosaics,publication,26
69825516c835c41957dfaaa8,Unbalanced social-ecological acceleration led to state formation failure in early medieval Poland,publication,26
69825516c835c41957dfdb06,Was it ‘terra desolata’? Conquering and colonizing the medieval Prussian wilderness in the context of climate change,publication,26
"Allison, Enid P._2025-11-19T21:17:20","Allison, Enid P.",author,27
"Aramburu Venegas, Dannal_2025-11-19T21:21:14","Aramburu Venegas, Dannal",author,27
"Armit, Ian_2025-11-19T21:24:45","Armit, Ian",author,27
"Armitage, Philip_2025-11-19T21:17:35","Armitage, Philip",author,27
"BETH, RICHARDSON_2025-11-19T21:17:09","BETH, RICHARDSON",author,27
"Bankhead, Gary_2025-11-19T21:38:46","Bankhead, Gary",author,27
"Blackmore, Lyn_2025-11-19T21:17:36","Blackmore, Lyn",author,27
"Bowsher, Julian_2025-11-19T21:38:46","Bowsher, Julian",author,27
"Braby, Alan_2025-11-19T21:48:54","Braby, Alan",author,27
"Bryson, Alan_2025-11-19T21:16:30","Bryson, Alan",author,27
"Campbell, Ewan_2025-11-19T21:15:49","Campbell, Ewan",author,27
"Chambers, Frank M._2025-11-19T21:17:36","Chambers, Frank M.",author,27
"Clark, John_2025-11-19T21:25:59","Clark, John",author,27
"Cool, Hilary_2025-11-19T21:34:43","Cool, Hilary",author,27
"Cowie, Robert_2025-11-19T21:25:59","Cowie, Robert",author,27
"Crichton-Turley, Courtenay-Elle_2025-11-19T21:18:06","Crichton-Turley, Courtenay-Elle",author,27
"Cubitt, Rachel S._2025-11-19T21:38:46","Cubitt, Rachel S.",author,27
"Daubney, Adam_2025-11-19T21:17:15","Daubney, Adam",author,27
"Davis, Anne_2025-11-19T21:17:35","Davis, Anne",author,27
"Douglas-Cowie, E._2025-11-19T21:24:17","Douglas-Cowie, E.",author,27
"Dunwell, Andrew_2025-11-19T21:48:54","Dunwell, Andrew",author,27
"Egan, Geoff_2025-11-19T21:17:35","Egan, Geoff",author,27
"Ellis, Blanche_2025-11-19T21:34:43","Ellis, Blanche",author,27
"Evans, J._2025-11-19T21:28:33","Evans, J.",author,27
"Evans, Nick_2025-11-19T21:17:20","Evans, Nick",author,27
"Evenden, Craig_2025-11-19T21:48:54","Evenden, Craig",author,27
"FINLAYSON, CLIVE_2025-11-19T21:17:21","FINLAYSON, CLIVE",author,27
"GILES PACHECO, FRANCISCO_2025-11-19T21:17:21","GILES PACHECO, FRANCISCO",author,27
"Gaimster, David_2025-11-19T21:17:35","Gaimster, David",author,27
"Hartle, Robert_2025-11-19T21:38:46","Hartle, Robert",author,27
"Housley, Rupert A._2025-11-19T21:17:36","Housley, Rupert A.",author,27
"Hunter, Fraser_2025-11-19T21:17:10","Hunter, Fraser",author,27
"IAN M., BETTS_2025-11-19T21:17:09","IAN M., BETTS",author,27
"JOSÉ GILES GUZMÁN, FRANCISCO_2025-11-19T21:17:21","JOSÉ GILES GUZMÁN, FRANCISCO",author,27
"Jackson, Adam_2025-11-19T21:48:54","Jackson, Adam",author,27
"Jackson, Caroline_2025-11-19T21:17:36","Jackson, Caroline",author,27
"Henderson, Jane_2025-11-19T21:28:33",Jane Henderson,author,27
"Jarrett, Chris_2025-11-19T21:17:35","Jarrett, Chris",author,27
"Jeffries, Nigel_2025-11-19T21:38:46","Jeffries, Nigel",author,27
"Johnson, Melanie_2025-11-19T21:48:54","Johnson, Melanie",author,27
"Jones, Samantha E._2025-11-19T21:17:20","Jones, Samantha E.",author,27
"Keys, Lynne_2025-11-19T21:17:35","Keys, Lynne",author,27
"Killock, Douglas_2025-11-19T21:17:35","Killock, Douglas",author,27
"Kollias, S._2025-11-19T21:24:17","Kollias, S.",author,27
"LANE, KEVIN_2025-11-19T21:17:21","LANE, KEVIN",author,27
"Lageard, Jonathan G. A._2025-11-19T21:17:36","Lageard, Jonathan G. A.",author,27
"Lane, Alan_2025-11-19T21:15:49","Lane, Alan",author,27
"Lundy, Jasmine_2025-11-19T21:18:06","Lundy, Jasmine",author,27
"Marshall, Michael_2025-11-19T21:38:46","Marshall, Michael",author,27
"McLaren, Dawn_2025-11-19T21:48:54","McLaren, Dawn",author,27
"Meddens, Frank M._2025-11-19T21:21:14","Meddens, Frank M.",author,27
"Mighall, Tim_2025-11-19T21:17:20","Mighall, Tim",author,27
"Miller, Jennifer_2025-11-19T21:48:54","Miller, Jennifer",author,27
"Milles, A._2025-11-19T21:28:33","Milles, A.",author,27
"Mulqueeny, Libby_2025-11-19T21:48:54","Mulqueeny, Libby",author,27
"Murdoch, K R_2025-11-19T21:48:54","Murdoch, K R",author,27
"Noble, Gordon_2025-11-19T21:15:49","Noble, Gordon",author,27
"Noodle, B._2025-11-19T21:28:33","Noodle, B.",author,27
"Pearce, Jacqueline_2025-11-19T21:17:35","Pearce, Jacqueline",author,27
"Phillpotts, Chris_2025-11-19T21:17:35","Phillpotts, Chris",author,27
"Pipe, Alan_2025-11-19T21:16:40","Pipe, Alan",author,27
"Pritchard, Frances_2025-11-19T21:24:38","Pritchard, Frances",author,27
"RUTH, TAYLOR_2025-11-19T21:17:09","RUTH, TAYLOR",author,27
"Redknap, Mark_2025-11-19T21:23:40","Redknap, Mark",author,27
"Rouse, A._2025-11-19T21:28:33","Rouse, A.",author,27
"Sabel, Ken_2025-11-19T21:17:35","Sabel, Ken",author,27
"Seaman, Andy_2025-11-19T21:15:49","Seaman, Andy",author,27
"Stewart, Karen_2025-11-19T21:38:46","Stewart, Karen",author,27
"Straker, Vanessa_2025-11-19T21:17:36","Straker, Vanessa",author,27
"Taylor, John G._2025-11-19T21:24:17","Taylor, John G.",author,27
"Telfer, Alison_2025-11-19T21:17:36","Telfer, Alison",author,27
"Thomas, Leo Sucharyna_2025-11-19T21:39:11","Thomas, Leo Sucharyna",author,27
"Thompson, Lenore_2025-11-19T21:18:06","Thompson, Lenore",author,27
"Thoms, Jennifer_2025-11-19T21:48:54","Thoms, Jennifer",author,27
"Tsapatsoulis, N._2025-11-19T21:24:17","Tsapatsoulis, N.",author,27
"Tyson, Rachel_2025-11-19T21:17:35","Tyson, Rachel",author,27
"VAGELPOHL, UWE_2025-11-19T21:17:21","VAGELPOHL, UWE",author,27
"Vivanco Pomacanchari, Cirilo_2025-11-19T21:21:14","Vivanco Pomacanchari, Cirilo",author,27
"Votsis, G._2025-11-19T21:24:17","Votsis, G.",author,27
"Warren, Graeme_2025-11-19T21:48:54","Warren, Graeme",author,27
"Watson, Sadie_2025-11-19T21:17:35","Watson, Sadie",author,27
"Whitelaw, Leeanne_2025-11-19T21:48:54","Whitelaw, Leeanne",author,27
"Whittingham, Lucy_2025-11-19T21:17:36","Whittingham, Lucy",author,27
"Whytehead, Robert_2025-11-19T21:36:09","Whytehead, Robert",author,27
"Willmott, Hugh_2025-11-19T21:16:30","Willmott, Hugh",author,27
"Zeepvat, Robert_2025-11-19T21:34:43","Zeepvat, Robert",author,27
69825516c835c41957dfd0bb,"A Late Medieval and Tudor Horse Burial Ground: Excavations at Elverton Street, Westminster",publication,27
69825516c835c41957df9e4b,A new chronology for the Welsh hillfort of Dinas Powys,publication,27
69825516c835c41957dfa57a,"An Ecological Context for the Post-Roman Archaeology of the Somerset Moors (South West England, UK)",publication,27
69825517c835c41957dffb5f,"An important 16th-century finds assemblage from ‘Moorfields’, Liverpool Street, London",publication,27
69825516c835c41957dfa2f4,"Changing to suit the times: a post-Dissolution history of Monk Bretton Priory, South Yorkshire",publication,27
69825516c835c41957dfb8f8,Contested sacred ground and mistaken idioms: pre-reducción and early reducción churches in South-central colonial Peru (,publication,27
69825516c835c41957dfc7ff,Emotion recognition in human-computer interaction,publication,27
69825517c835c41957e01107,"Excavation of an Iron Age, Early Historic and medieval settlement and metalworking site at Eilean Olabhat, North Uist",publication,27
69825516c835c41957dfda2d,"Excavations at Longbury Bank, Dyfed, and Early Medieval Settlement in South Wales",publication,27
69825516c835c41957dfa854,From Roman Table to Anglo-Saxon Grave: An Archaeological Biography of the Scremby Cup,publication,27
69825517c835c41957dffca8,Hillforts and Power in the British Post-Roman West: A GIS Analysis of Dinas Powys,publication,27
69825516c835c41957dfa3fd,Identifying Social Transformations and Crisis during the Pre-Monastic to Post-Viking era on Iona: New Insights from a Pa,publication,27
69825516c835c41957dff299,Llangorse: a 10th-century royal crannog in Wales,publication,27
69825516c835c41957dff3ca,Lundenwic: the archaeological evidence for middle Saxon London,publication,27
69825516c835c41957dff01f,Medieval and Post-Medieval Artefacts,publication,27
69825516c835c41957dfa40a,"Myths, Moors and Holy War: Reassessing the History and Archaeology of Gibraltar and the Straits, ad 711–1462",publication,27
69825516c835c41957dfa380,"Of saints, sows or smiths? Copper-brazed iron handbells in Early Medieval England",publication,27
69825516c835c41957dfa553,"Pottery as plunder: a 17th-century maritime site in Limehouse, London",publication,27
69825516c835c41957dfa56f,Rich refuse: a rare find of late 17th-century and mid-18th-century glass and tin-glazed wares from an excavation at the ,publication,27
69825517c835c41957dffeab,"Saxon and medieval Battersea : excavations at Althorpe Grove, 1975-8",publication,27
69825516c835c41957dfa559,Taverns and other entertainments in the City of London? Seventeenth- and 18th-century finds from excavations at Paternos,publication,27
69825516c835c41957dfc4af,"The Early Medieval crannog at Llangorse, Powys: an interim statement on the 1989-1993 seasons",publication,27
69825516c835c41957dfa2cf,The stock-in-trade of a Parish Scavenger: an 18th-century community reflected in refuse from excavations at 9 and 11 Duk,publication,27
"Albretsen, Jon_2025-11-19T21:47:13","Albretsen, Jon",author,28
"Amundsen, Colin_2025-11-19T21:26:32","Amundsen, Colin",author,28
"Andersson, Eva_2025-11-19T21:17:46","Andersson, Eva",author,28
"André, Carl_2025-11-19T21:28:58","André, Carl",author,28
"Barrett, James H._2025-11-19T21:24:34","Barrett, James H.",author,28
"Boessenkool, Sanne_2025-11-19T21:28:58","Boessenkool, Sanne",author,28
"Bratbak, O.F._2025-11-19T21:26:35","Bratbak, O.F.",author,28
"Breiby, M. P._2025-11-19T21:35:30","Breiby, M. P.",author,28
"Christophersen, Axel_2025-11-19T21:48:14","Christophersen, Axel",author,28
"Cios, Stanisław_2025-12-29T18:14:09","Cios, Stanisław",author,28
"Critch, Aaron J._2025-11-19T21:33:50","Critch, Aaron J.",author,28
"Dierking, Jan_2025-11-19T21:28:58","Dierking, Jan",author,28
"Enghoff, Inge Bødker_2025-11-19T21:26:32","Enghoff, Inge Bødker",author,28
"Ervynck, Anton_2025-11-19T21:17:12","Ervynck, Anton",author,28
"Espeland, Sigurd Heiberg_2025-11-19T21:47:13","Espeland, Sigurd Heiberg",author,28
"Finstad, Espen_2025-11-19T21:37:57","Finstad, Espen",author,28
"Fullagar, P. D._2025-11-19T21:35:30","Fullagar, P. D.",author,28
"Fuller, B. T._2025-11-19T21:27:47","Fuller, B. T.",author,28
"Gleba, Margarita_2025-11-19T21:17:46","Gleba, Margarita",author,28
"Glørstad, Zanette Tsigaridas_2025-11-19T21:27:42","Glørstad, Zanette Tsigaridas",author,28
"Gondek, Agata T._2025-11-19T21:34:28","Gondek, Agata T.",author,28
"Hamilton-Dyer, Sheila_2025-11-19T21:26:32","Hamilton-Dyer, Sheila",author,28
"Heinrich, Dirk_2025-11-19T21:18:34","Heinrich, Dirk",author,28
"Hufthammer, A.K._2025-11-19T21:26:32","Hufthammer, A.K.",author,28
"Indrelid, S._2025-11-19T21:26:35","Indrelid, S.",author,28
"Ingvarsdóttir Olsen, Navarana_2025-11-19T21:18:04","Ingvarsdóttir Olsen, Navarana",author,28
"Jakobsen, Kjetill S_2025-11-19T21:28:58","Jakobsen, Kjetill S",author,28
"Jakobsson, Håkan_2025-11-19T21:17:29","Jakobsson, Håkan",author,28
"Harland, Jennifer F._2025-11-19T21:33:50",Jennifer Harland,author,28
"Jentoft, Sissel_2025-11-19T21:28:58","Jentoft, Sissel",author,28
"Johnstone, Cluny_2025-11-19T21:26:32","Johnstone, Cluny",author,28
"Jones, Andrew K. G._2025-11-19T21:32:17","Jones, Andrew K. G.",author,28
"Jonsson, Leif_2025-11-19T21:20:53","Jonsson, Leif",author,28
"Jorde, Per Erik_2025-11-19T21:47:13","Jorde, Per Erik",author,28
"Kleiven, Alf Ring_2025-11-19T21:47:13","Kleiven, Alf Ring",author,28
"Knutsen, Halvor_2025-11-19T21:28:58","Knutsen, Halvor",author,28
"Kristoffersen, Elna Siv_2025-11-19T21:17:19","Kristoffersen, Elna Siv",author,28
"Locker, Alison_2025-11-19T21:26:32","Locker, Alison",author,28
"MacKenzie, Brian R._2025-11-19T21:32:17","MacKenzie, Brian R.",author,28
"Maltin, Emma_2025-11-19T21:17:29","Maltin, Emma",author,28
"Mannering, Ulla_2025-11-19T21:17:46","Mannering, Ulla",author,28
"Mattalia, Giulia_2025-11-19T21:22:38","Mattalia, Giulia",author,28
"Milner, Nicky_2025-11-19T21:26:32","Milner, Nicky",author,28
"Molleson, T. I._2025-11-19T21:27:47","Molleson, T. I.",author,28
"Mattingsdal, Morten_2025-11-19T21:47:13",Morten Mattingsdal,author,28
"Murray, Emily_2026-01-15T09:07:34","Murray, Emily",author,28
"Naumann, Elise_2025-11-19T21:25:54","Naumann, Elise",author,28
"Newman, Conor_2026-01-15T09:07:35","Newman, Conor",author,28
"Nistelberger, Heidi M_2025-11-19T21:28:58","Nistelberger, Heidi M",author,28
"O'Connell, Tamsin C._2025-11-19T21:16:14","O'Connell, Tamsin C.",author,28
"Olsen, Esben Moland_2025-11-19T21:47:13","Olsen, Esben Moland",author,28
"Orton, David C._2025-11-19T21:32:17","Orton, David C.",author,28
"PEDERSEN, UNN_2025-11-19T21:17:31","PEDERSEN, UNN",author,28
"Petereit, Christoph_2025-11-19T21:28:58","Petereit, Christoph",author,28
"Pilø, Lars_2025-11-19T21:37:57","Pilø, Lars",author,28
"Plunkett, Gill_2026-01-15T09:07:36","Plunkett, Gill",author,28
"Pope, Peter_2025-11-19T21:26:32","Pope, Peter",author,28
"Richards, Michael_2025-11-19T21:17:34","Richards, Michael",author,28
"Roberts, Callum_2025-11-19T21:26:32","Roberts, Callum",author,28
"Mills, R. D._2025-11-19T21:35:30",Ryan D. Mills,author,28
"Røstad, Ingunn Marit_2025-11-19T21:17:19","Røstad, Ingunn Marit",author,28
Sigurður Ægisson_2025-11-19T21:29:13,Sigurður Ægisson,author,28
"Sodeland, Marte_2025-11-19T21:47:13","Sodeland, Marte",author,28
"Star, Bastiaan_2025-11-19T21:28:58","Star, Bastiaan",author,28
"Stenseth, Nils C_2025-11-19T21:32:19","Stenseth, Nils C",author,28
"Ståhlberg, Sabira_2025-11-19T21:18:04","Ståhlberg, Sabira",author,28
"Surge, Donna_2025-11-19T21:26:35","Surge, Donna",author,28
"Svanberg, Ingvar_2025-11-19T21:18:04","Svanberg, Ingvar",author,28
"Synnes, Ann-Elin Wårøy_2025-11-19T21:47:13","Synnes, Ann-Elin Wårøy",author,28
"Thrush, Simon_2025-11-19T21:32:17","Thrush, Simon",author,28
"Van Neer, Wim_2025-11-19T21:26:32","Van Neer, Wim",author,28
"Vedeler, Marianne_2025-11-19T21:17:19","Vedeler, Marianne",author,28
"Welsh, Jon_2025-11-19T21:26:32","Welsh, Jon",author,28
"de Roo, Tessa_2025-11-19T21:26:32","de Roo, Tessa",author,28
"de Vahl, Erik_2025-11-19T21:18:04","de Vahl, Erik",author,28
69825516c835c41957dfbfed,"""Cow Healers Use It for Both Horses and Cattle"" The Rise and Fall of the Ethnoveterinary Use of Peucedanum ostruthium (L",publication,28
69825516c835c41957dfa4f4,A Scandinavian Relief Brooch: Artistic Vision and Practical Method Combined,publication,28
69825516c835c41957dfd308,A study of bone remains and butchery patterns from medieval mass-hunting of reindeer in the South Norwegian mountain dis,publication,28
69825516c835c41957dfdc35,"Ancient DNA reveals the Arctic origin of Viking Age cod from Haithabu, Germany",publication,28
69825516c835c41957dfef51,Ancient DNA reveals the chronology of walrus ivory trade from Norse Greenland,publication,28
69825516c835c41957dfd069,Changes in dietary practices and social organization during the pivotal late iron age period in Norway (AD 550-1030): is,publication,28
69825516c835c41957dfb7ac,"Cod Heads, Stockfish, and Dried Spurdog: Unexpected Commodities in Nya Lödöse (1473-1624), Sweden",publication,28
69825517c835c41957dff910,"Crossing the ice: an Iron Age to medieval mountain pass at Lendbreen, Norway",publication,28
69825516c835c41957dfd2e0,Detecting the medieval cod trade: a new method and first results,publication,28
69825517c835c41957e01add,Doonloughan: a seasonal settlement site on the Connemara coast,publication,28
69825516c835c41957dfa3d9,"Dressed for Ritual, Dressed for Life. A Migration-Period Grave from Sande in Norway",publication,28
69825516c835c41957dfa679,Early History of Dress and Fashion in the Nordic Countries,publication,28
69825517c835c41957e00115,"Echoes of the Past: Women, Memories and Disc-on-Bow Brooches in Vendel- and Viking-period Scandinavia",publication,28
69825516c835c41957dfdd91,Edible wild plant use in the Faroe Islands and Iceland,publication,28
69825517c835c41957dffc5c,Ethnoichthyology of freshwater fish in Europe: a review of vanishing traditional fisheries and their cultural significan,publication,28
69825516c835c41957dfa82c,"From Supernatural to Ornamental: Black Elder (Sambucus nigra L., Family Adoxaceae) in Sweden",publication,28
69825517c835c41957dff465,"Identity, Gender, Religion and Economy: New Isotope and Radiocarbon Evidence for Marine Resource Intensification in Earl",publication,28
69825516c835c41957dfd2dc,Interpreting the expansion of sea fishing in medieval Europe using stable isotope analysis of archaeological cod bones,publication,28
69825516c835c41957dff145,Marine Climate Archives Across the Medieval Climate Anomaly-Little Ice Age Transition from Viking and Medieval Age Shell,publication,28
69825516c835c41957dfd307,Marine climatic seasonality during medieval times (10th to 12th centuries) based on isotopic records in Viking Age shell,publication,28
69825516c835c41957dfd2df,"Marine resource intensification in Viking Age Europe: the molluscan evidence from Quoygrew, Orkney",publication,28
69825516c835c41957dfee01,Petrus Magni and the history of fresh-water aquaculture in the later Middle Ages,publication,28
69825517c835c41957e00bfa,Stabilizing selection on Atlantic cod supergenes through a millennium of extensive exploitation,publication,28
69825516c835c41957dfe7ff,Stable Isotope Evidence for Late Medieval (14th–15th C) Origins of the Eastern Baltic Cod (Gadus morhua) Fishery,publication,28
69825516c835c41957dfd7db,"Stable isotope palaedietary study of humans and fauna from the multi-period (Iron Age, Viking and Late Medieval) site of",publication,28
69825517c835c41957e01261,The Scandinavian (Late) Iron Age and Middle Ages,publication,28
69825516c835c41957dfa4d0,The introduction of the turkey (Meleagris gallopavo) in early modern Sweden – historical and zooarchaeological evidence ,publication,28
69825516c835c41957dfed89,"Tracing the Late Viking Age and Medieval Butter Economy : The View from Quoygrew, Orkney",publication,28
69825516c835c41957dff24b,Who were the first urban settlers of Oslo? A discussion of early medieval urbanization based on isotopic analyses of hum,publication,28
"Ackerman, Lukáš_2025-11-19T21:18:20","Ackerman, Lukáš",author,29
"Albarella, Umberto_2025-11-19T21:17:56","Albarella, Umberto",author,29
"Alenius, Teija_2025-11-19T21:17:53","Alenius, Teija",author,29
"Anderson, Eugene N._2025-11-19T21:20:37","Anderson, Eugene N.",author,29
"Aniceti, Veronica_2025-11-19T21:17:56","Aniceti, Veronica",author,29
"Armstrong, Chelsey Geralda_2025-11-19T21:22:38","Armstrong, Chelsey Geralda",author,29
"Arppe, Laura_2025-11-19T21:18:20","Arppe, Laura",author,29
"Arthur, Charles_2025-11-19T21:34:13","Arthur, Charles",author,29
"Ogilvie, A.E.J._2025-11-19T21:29:01",Astrid Ogilvie,author,29
"Awâsis, Sākihitowin_2025-11-19T21:22:38","Awâsis, Sākihitowin",author,29
"Badenhorst, Shaw_2025-11-19T21:34:13","Badenhorst, Shaw",author,29
"Boles, Oliver J_2025-11-19T21:22:38","Boles, Oliver J",author,29
"Brewington, Seth_2025-11-19T21:28:50","Brewington, Seth",author,29
"Cesario, Grace_2025-11-19T21:47:50","Cesario, Grace",author,29
"Coutu, Ashley N._2025-11-19T21:17:26","Coutu, Ashley N.",author,29
"Croix, Sarah_2025-11-19T21:16:01","Croix, Sarah",author,29
"Crumley, Carole L_2025-11-19T21:22:38","Crumley, Carole L",author,29
"Danielisová, Alžběta_2025-11-19T21:18:20","Danielisová, Alžběta",author,29
"Deckers, Pieterjan_2025-11-19T21:16:25","Deckers, Pieterjan",author,29
"Dewar, Genevieve_2025-11-19T21:34:13","Dewar, Genevieve",author,29
"Dobat, Andres Siegfried_2025-11-19T21:17:10","Dobat, Andres Siegfried",author,29
"Dupont-Hébert, Céline_2025-11-19T21:28:50","Dupont-Hébert, Céline",author,29
"Etu-Sihvola, Heli_2025-11-19T21:18:20","Etu-Sihvola, Heli",author,29
Farès Moussa_2025-11-19T21:25:20,Farès K Moussa,author,29
"Feeley, Frank J._2025-11-19T21:28:50","Feeley, Frank J.",author,29
"Gibbons, Kevin S_2025-11-19T21:22:38","Gibbons, Kevin S",author,29
"Gundersen, Olav E._2025-11-19T21:34:05","Gundersen, Olav E.",author,29
"Guðmundsson, Gardar_2025-11-19T21:17:26","Guðmundsson, Gardar",author,29
"Hambrecht, George_2025-11-19T21:20:40","Hambrecht, George",author,29
Hannah Brown_2025-11-19T21:37:39,Hannah Brown,author,29
"Harrison, Ramona_2025-11-19T21:17:26","Harrison, Ramona",author,29
"Hartman, Steven_2025-11-19T21:17:26","Hartman, Steven",author,29
"Heeren, Stijn_2025-11-19T21:18:11","Heeren, Stijn",author,29
Helen Goodchild_2025-11-19T21:37:39,Helen Goodchild,author,29
"Heyd, V._2025-11-19T21:47:45","Heyd, V.",author,29
"Hicks, Megan_2025-11-19T21:17:26","Hicks, Megan",author,29
"Ibragimow, Aleksandra_2025-11-19T21:22:38","Ibragimow, Aleksandra",author,29
"Ilves, Kristin_2025-11-19T21:18:13","Ilves, Kristin",author,29
"Ingimundarson, Jón Haukur_2025-11-19T21:29:01","Ingimundarson, Jón Haukur",author,29
"Juhola, Tytti_2025-11-19T21:17:53","Juhola, Tytti",author,29
"Kytökari, M._2025-11-19T21:47:45","Kytökari, M.",author,29
"Lane, Paul J_2025-11-19T21:22:38","Lane, Paul J",author,29
"LeCompte, Joyce K_2025-11-19T21:22:38","LeCompte, Joyce K",author,29
"Lewis, Michael_2025-11-19T21:17:11","Lewis, Michael",author,29
"Madsen, Christian K._2025-11-19T21:17:26","Madsen, Christian K.",author,29
"Marks-Block, Tony_2025-11-19T21:22:38","Marks-Block, Tony",author,29
"McAlvay, Alex C_2025-11-19T21:22:38","McAlvay, Alex C",author,29
"McKechnie, Iain_2025-11-19T21:22:38","McKechnie, Iain",author,29
"Mitchell, Peter_2025-11-19T21:34:13","Mitchell, Peter",author,29
"Moilanen, Ulla_2025-11-19T21:17:53","Moilanen, Ulla",author,29
"Nabess, Carly_2025-11-19T21:22:38","Nabess, Carly",author,29
"Naito, Y. I._2025-11-19T21:47:45","Naito, Y. I.",author,29
"Neiß (Neiss), Michael_2025-11-19T21:17:05","Neiß (Neiss), Michael",author,29
"Ohkouchi, N._2025-11-19T21:47:45","Ohkouchi, N.",author,29
"Oinonen, Markku_2025-11-19T21:18:20","Oinonen, Markku",author,29
"Parmakelis, Aristeidis_2025-11-19T21:22:38","Parmakelis, Aristeidis",author,29
"Petek, Nik_2025-11-19T21:22:38","Petek, Nik",author,29
"Podruczny, Grzegorz_2025-11-19T21:22:38","Podruczny, Grzegorz",author,29
"Poulsen, Bjørn_2025-11-19T21:17:33","Poulsen, Bjørn",author,29
"Prehal, Brenda_2025-11-19T21:28:50","Prehal, Brenda",author,29
"Pätsi, Sanna_2025-11-19T21:17:53","Pätsi, Sanna",author,29
"Quintana Morales, Erendira_2025-11-19T21:22:38","Quintana Morales, Erendira",author,29
"Rizzetto, Mauro_2025-11-19T21:28:50","Rizzetto, Mauro",author,29
"Russ, Hannah_2025-11-19T21:28:50","Russ, Hannah",author,29
"Salo, K._2025-11-19T21:47:45","Salo, K.",author,29
"Kertes, Samuel_2025-11-19T21:18:20",Samuel Kertés,author,29
"Shoemaker, Anna C_2025-11-19T21:22:38","Shoemaker, Anna C",author,29
"Sinclair, Paul_2025-11-19T21:22:38","Sinclair, Paul",author,29
"Sindbaek, Søren Michael_2025-11-19T21:23:40","Sindbaek, Søren Michael",author,29
"Smiarowski, Konrad_2025-11-19T21:17:26","Smiarowski, Konrad",author,29
"Szabó, Péter_2025-11-19T21:22:38","Szabó, Péter",author,29
"Thomas, Suzie_2025-11-19T21:38:03","Thomas, Suzie",author,29
"Vamosi, Jana C_2025-11-19T21:22:38","Vamosi, Jana C",author,29
"Vanhanen, Santeri_2025-11-19T21:17:53","Vanhanen, Santeri",author,29
"Viner-Daniels, Sarah_2025-11-19T21:28:50","Viner-Daniels, Sarah",author,29
"Walshaw, Sarah_2025-11-19T21:22:38","Walshaw, Sarah",author,29
"Wessman, Anna_2025-11-19T21:18:20","Wessman, Anna",author,29
"Woollett, James_2025-11-19T21:17:26","Woollett, James",author,29
69825516c835c41957dfc06a,A Late Roman gold neck ring with inscription from Walcheren (prov. Zeeland/NL),publication,29
69825517c835c41957e00d53,A millennium of Icelandic archaeological fish data examined against marine climate records,publication,29
69825516c835c41957dfeeaa,"After the silt : middle and late Holocene hunter-gatherer archaeology of the Metolong Dam, Lesotho",publication,29
69825516c835c41957dfbfef,"Anthropological contributions to historical ecology: 50 questions, infinite prospects",publication,29
69825517c835c41957e004b6,"Assembling the Full Cast: Ritual Performance, Gender Transgression and Iconographic Innovation in Viking-Age Ribe",publication,29
69825516c835c41957dfee46,Between sea and river: Water in medieval Scandinavian towns,publication,29
69825516c835c41957dfa8fe,"Flax use, weeds and manuring in Viking Age Åland: archaeobotanical and stable isotope analysis",publication,29
69825517c835c41957e00d1d,"Isotopic insights into the early Medieval (600–1100 CE) diet in the Luistari cemetery at Eura, Finland",publication,29
69825517c835c41957e00950,Livestock size and the Roman-Early Anglo-Saxon transition: Britain in North-West Europe,publication,29
69825517c835c41957dff825,"Making Place for a Viking Fortress. An archaeological and geophysical reassessment of Aggersborg, Denmark",publication,29
69825516c835c41957dfdc84,"Medieval Iceland, Greenland, and the New Human Condition: A case study in integrated environmental humanities",publication,29
69825516c835c41957dfa99d,"Multi-isotopic evidence reveals the emergence of a cosmopolitan community at the Luistari cemetery in Eura, Finland, dur",publication,29
69825516c835c41957dfcdb0,Roman Africa and the Sahara,publication,29
69825516c835c41957dfd576,Settlement and Lordship in Viking and Early Medieval Scandinavia,publication,29
69825517c835c41957e00d24,The role of sheep husbandry during the Arab agricultural revolution in medieval Sicily (7th-14th c. AD),publication,29
69825516c835c41957dff358,"The réseau opératoire of Urbanization: Craft Collaborations and Organization in an Early Medieval Workshop in Ribe, Denm",publication,29
69825517c835c41957dff94f,Towards a Cooperative Approach to Hobby Metal Detecting: The European Public Finds Recording Network (EPFRN) Vision Stat,publication,29
69825516c835c41957dff2ba,Urban Networks and Arctic Outlands: Craft Specialists and Reindeer Antler in Viking Towns,publication,29
69825517c835c41957e01349,Was it for walrus? Viking Age settlement and medieval walrus ivory trade in Iceland and Greenland,publication,29
69825517c835c41957e00726,"Who’s eating pork? Investigating pig breeding and consumption in Byzantine, Islamic and Norman/Aragonese Sicily (7th-14t",publication,29
69825516c835c41957dfdb9b,Zooarchaeology of the Scandinavian settlements in Iceland and Greenland : diverging pathways,publication,29
69825516c835c41957dfa71e,"‘The Color of the Grave is Green’ – Moss and Juniper in Early Medieval Graves at Toppolanmäki, Finland",publication,29
69825516c835c41957dfa761,‘Unmaking’ the Deer in Medieval Europe: Historical and Archaeological Evidence,publication,29
"Ameen, Carly_2025-11-19T21:16:39","Ameen, Carly",author,30
"Austin, Tony_2025-11-19T21:17:17","Austin, Tony",author,30
"Baker, Gary_2025-11-19T21:16:40","Baker, Gary",author,30
"Bogaard, Amy_2025-11-19T21:35:57","Bogaard, Amy",author,30
"Brennan, Naomi_2025-11-19T21:17:17","Brennan, Naomi",author,30
"CARRAGÁIN, TÓMAS Ó_2025-11-19T21:17:30","CARRAGÁIN, TÓMAS Ó",author,30
"Calvière-Tonasso, Laure_2025-11-19T21:16:40","Calvière-Tonasso, Laure",author,30
"Cameron, Esther_2025-11-19T21:42:22","Cameron, Esther",author,30
Caroline Holas-Clark_2025-11-19T21:29:08,Caroline Holas-Clark,author,30
"Charles, Michael_2025-11-19T21:39:11","Charles, Michael",author,30
"Chauvey, Lorelei_2025-11-19T21:16:40","Chauvey, Lorelei",author,30
"Christie, Neil_2025-11-19T21:17:11","Christie, Neil",author,30
"Crawford, Sally_2025-11-19T21:16:45","Crawford, Sally",author,30
"Creighton, Oliver H._2025-11-19T21:17:09","Creighton, Oliver H.",author,30
"Dieppe, P_2025-11-19T21:21:36","Dieppe, P",author,30
"Esmonde Cleary, A. S._2025-11-19T21:22:07","Esmonde Cleary, A. S.",author,30
"Evis, Laura_2025-11-19T21:39:07","Evis, Laura",author,30
"Forster, Emily_2025-11-19T21:35:57","Forster, Emily",author,30
"Gleeson, Patrick_2025-11-19T21:17:19","Gleeson, Patrick",author,30
"Griffiths, David_2025-11-19T21:16:49","Griffiths, David",author,30
"HALDENBY, DAVE_2025-11-19T21:37:46","HALDENBY, DAVE",author,30
"Hambach, Bastian_2025-11-19T21:16:40","Hambach, Bastian",author,30
"Hamerow, H. F._2025-11-19T21:35:34","Hamerow, H. F.",author,30
"Higham, R.A_2025-11-19T21:28:34","Higham, R.A",author,30
"Hills, Catherine_2025-11-19T21:21:41","Hills, Catherine",author,30
"Hinton, David A._2025-11-19T21:47:54","Hinton, David A.",author,30
"Holmes, Matilda_2025-11-19T21:17:32","Holmes, Matilda",author,30
"Hummler, Madeleine_2025-11-19T21:17:17","Hummler, Madeleine",author,30
"Watt, Iain_2025-11-19T21:39:07",Ian Watt,author,30
"Jecock, Marcus_2025-11-19T21:28:34","Jecock, Marcus",author,30
"Jelley, Elizabeth_2025-11-19T21:17:17","Jelley, Elizabeth",author,30
John Hodgson_2025-11-19T21:49:11,John Hodgson,author,30
"Kanne, Katherine_2025-11-19T21:22:54","Kanne, Katherine",author,30
"Kingdom, Mandy_2025-11-19T21:39:07","Kingdom, Mandy",author,30
"Liddiard, Robert_2025-11-19T21:16:39","Liddiard, Robert",author,30
"Charles, Mike_2025-11-19T21:35:57",M CHARLES,author,30
"McKenzie, Catriona J_2025-11-19T21:39:07","McKenzie, Catriona J",author,30
"McKerracher, Mark_2025-11-19T21:18:37","McKerracher, Mark",author,30
"Milton, J_2025-11-19T21:22:54","Milton, J",author,30
"Naylor, John_2025-11-19T21:15:51","Naylor, John",author,30
"Neil, Samantha_2025-11-19T21:35:57","Neil, Samantha",author,30
"Niven, Kieron_2025-11-19T21:17:17","Niven, Kieron",author,30
"O'Sullivan, Deirdre_2025-11-19T21:17:10","O'Sullivan, Deirdre",author,30
"Outram, Alan K._2025-11-19T21:17:09","Outram, Alan K.",author,30
"Pryor, Alexander_2025-11-19T21:22:54","Pryor, Alexander",author,30
"Ramsey, Christopher Bronk_2025-11-19T21:39:11","Ramsey, Christopher Bronk",author,30
"Richards, Julian D._2025-11-19T21:17:17","Richards, Julian D.",author,30
"Richardson, Jane_2025-11-19T21:17:17","Richardson, Jane",author,30
"Richmond, Lizzie_2025-11-19T21:28:34","Richmond, Lizzie",author,30
"Rogers, J_2025-11-19T21:21:36","Rogers, J",author,30
"Roskams, Steve_2025-11-19T21:17:17","Roskams, Steve",author,30
"Roushannafas, Tina_2025-11-19T21:18:37","Roushannafas, Tina",author,30
"Schiavinato, Stephanie_2025-11-19T21:16:40","Schiavinato, Stephanie",author,30
"Shapiro, Beth_2025-11-19T21:16:40","Shapiro, Beth",author,30
"Shortland, Andrew_2025-11-19T21:42:22","Shortland, Andrew",author,30
"Southon, John_2025-11-19T21:16:40","Southon, John",author,30
"Standish, Christopher_2025-11-19T21:22:54","Standish, Christopher",author,30
"Ashby, Steve_2025-11-19T21:17:17",Steve Ashby,author,30
"Stroud, Elizabeth_2025-11-19T21:35:57","Stroud, Elizabeth",author,30
"Thomas, Richard_2025-11-19T21:35:57","Thomas, Richard",author,30
"Tressières, Gaetan_2025-11-19T21:16:40","Tressières, Gaetan",author,30
"Tuck, Catherine_2025-11-19T21:28:34","Tuck, Catherine",author,30
University of Exeter_2025-11-19T21:28:34,University of Exeter,author,30
"Vitali, Tiziana_2025-11-19T21:17:19","Vitali, Tiziana",author,30
"Wagner, Stefanie_2025-11-19T21:16:40","Wagner, Stefanie",author,30
"Wilkinson-Keys, Eleanor_2025-11-19T21:17:09","Wilkinson-Keys, Eleanor",author,30
69825516c835c41957dfa3a9,"An Anglo-Saxon Great Hall Complex at Sutton Courtenay/Drayton, Oxfordshire: A Royal Centre of Early Wessex?",publication,30
69825517c835c41957dffca7,"An Integrated Bioarchaeological Approach to the Medieval ‘Agricultural Revolution’: A Case Study from Stafford, England,",publication,30
69825516c835c41957dfdd16,Anglo-Saxon Landscape and Economy: using portable antiquities to study Anglo-Saxon and Viking Age England,publication,30
69825516c835c41957dfca71,Anglo‐Scandinavian Identity,publication,30
69825516c835c41957dfba9b,Arthritis in Saxon and mediaeval skeletons,publication,30
69825516c835c41957dfda3d,Castle studies and the 'landscape' agenda,publication,30
69825516c835c41957dfa3a3,"Cottam, Cowlam and Environs: An Anglo-Saxon Estate on The Yorkshire Wolds",publication,30
69825516c835c41957dfab31,Diversity of Free-Threshing Wheat in Early Medieval England Supported by Geometric Morphometric Analysis of Grains,publication,30
69825517c835c41957e005bf,EARLY MEDIEVAL GARNET-INLAID METALWORK: A COMPARATIVE ANALYSIS OF DISC BROOCHES FROM EARLY WESSEX,publication,30
69825517c835c41957e0119f,Feeding Anglo-Saxon England: a bioarchaeological dataset for the study of early medieval agriculture (Data paper),publication,30
69825516c835c41957dff357,Feeding Anglo-Saxon England: the bioarchaeology of an agricultural revolution,publication,30
69825516c835c41957dfc131,Isotopic biographies reveal horse rearing and trading networks in medieval London,publication,30
69825516c835c41957dfa44d,Medieval Britain and Ireland in 2012,publication,30
69825516c835c41957dfa536,Medieval Britain and Ireland in 2013,publication,30
69825516c835c41957dfa3d6,Medieval Britain and Ireland in 2014,publication,30
69825516c835c41957dfa44e,Medieval Britain and Ireland in 2016,publication,30
69825516c835c41957dfa4d8,Medieval Britain and Ireland in 2017,publication,30
69825516c835c41957dfa2dc,New light on the Warwick Shaffron: understanding horse and shaffron size through the collections of the Royal Armouries,publication,30
69825516c835c41957dfca6f,Overview: Anglo‐Saxon Identity,publication,30
69825516c835c41957dfd5a7,"Settlement, Landscape, and Economy in Early Medieval Northumbria: The Contribution of Portable Antiquities",publication,30
69825517c835c41957dffc6f,"THE FACE OF BATTLE? DEBATING ARROW TRAUMA ON MEDIEVAL HUMAN REMAINS FROM PRINCESSHAY, EXETER",publication,30
69825516c835c41957dfca72,"The Ending of Anglo‐Saxon England : Identity, Allegiance, and Nationality",publication,30
69825516c835c41957dfca70,The Ending(s) OF Roman Britain,publication,30
69825517c835c41957dff882,The Scale and Impact of Viking Settlement in Northumbria,publication,30
69825516c835c41957dfda37,"The Viking Barrow Cemetery at Heath Wood, Ingleby, Derbyshire",publication,30
69825516c835c41957dfdd11,The Viking Great Army and its Legacy: plotting settlement shift using metal-detected finds,publication,30
69825516c835c41957dfda3e,The Wallingford Burh to Borough Research Project,publication,30
"Allemeersch, Luc_2025-11-19T21:49:10","Allemeersch, Luc",author,31
"Allen, Michael J._2025-11-19T21:17:30","Allen, Michael J.",author,31
"Ashmore, P._2025-11-19T21:26:01","Ashmore, P.",author,31
"Babb, Linda_2025-11-19T21:17:30","Babb, Linda",author,31
"Baert, Geert_2025-11-19T21:36:26","Baert, Geert",author,31
"Beeckman, Hans_2025-11-19T21:23:45","Beeckman, Hans",author,31
"Bessems, Ilse_2025-11-19T21:26:33","Bessems, Ilse",author,31
"Boeren, Ilse_2025-11-19T21:23:45","Boeren, Ilse",author,31
"Bourgeois, Luc_2025-11-19T21:18:56","Bourgeois, Luc",author,31
"Brayshay, B. A._2025-11-19T21:26:01","Brayshay, B. A.",author,31
"Bromage, Samuel_2025-11-19T21:17:20","Bromage, Samuel",author,31
"Champagne, Alain_2025-11-19T21:19:29","Champagne, Alain",author,31
"Charman, Dan J._2025-11-19T21:25:07","Charman, Dan J.",author,31
"Cherburkin, A.K._2025-11-19T21:20:55","Cherburkin, A.K.",author,31
"Clavel, Benoît_2025-11-19T21:19:33","Clavel, Benoît",author,31
"Croom, Alexandra_2025-11-19T21:17:22","Croom, Alexandra",author,31
"Cumming, Brian_2025-11-19T21:26:33","Cumming, Brian",author,31
"De Boodt, Ria_2025-11-19T21:47:46","De Boodt, Ria",author,31
"De Cort, Gijs_2025-11-19T21:26:33","De Cort, Gijs",author,31
"De Pauw, Hilde_2025-11-19T21:47:46","De Pauw, Hilde",author,31
"Debonne, Vincent_2025-11-19T21:49:10","Debonne, Vincent",author,31
"Deforce, Koen_2025-11-19T21:18:06","Deforce, Koen",author,31
"Dierkens, Alain_2025-11-19T21:19:01","Dierkens, Alain",author,31
"Everson, Paul_2025-11-19T21:17:20","Everson, Paul",author,31
"Flambard, Hericher A-M_2025-11-19T21:34:20","Flambard, Hericher A-M",author,31
"Gearey, B.R_2025-11-19T21:24:34","Gearey, B.R",author,31
"Grattan, J.P._2025-11-19T21:20:55","Grattan, J.P.",author,31
"Haneca, Kristof_2025-11-19T21:18:18","Haneca, Kristof",author,31
"Herremans, Valérie_2025-11-19T21:47:46","Herremans, Valérie",author,31
"Hubau, Wannes_2025-11-19T21:36:26","Hubau, Wannes",author,31
"Acker, Joris_2025-11-19T21:23:45",Joris Van Acker,author,31
"Keppens, Edward_2025-11-19T21:26:33","Keppens, Edward",author,31
"Ledger, Marissa L_2025-11-19T21:18:06","Ledger, Marissa L",author,31
"Linlaud, Mathieu_2025-11-19T21:18:33","Linlaud, Mathieu",author,31
"Mandon, Fabrice_2025-11-19T21:18:33","Mandon, Fabrice",author,31
"Kent, M._2025-11-19T21:26:01",Martin Kent,author,31
"McNeill, T. E._2025-11-19T21:17:30","McNeill, T. E.",author,31
"Mees, Florias_2025-11-19T21:26:33","Mees, Florias",author,31
"Misonne, Daniel_2025-11-19T21:35:02","Misonne, Daniel",author,31
"Normand, Éric_2025-11-19T21:18:33","Normand, Éric",author,31
"Nsenga, Laurent_2025-11-19T21:36:26","Nsenga, Laurent",author,31
"Oram, Richard_2025-11-19T21:34:20","Oram, Richard",author,31
"Kitin, Peter_2025-11-19T21:36:26",Peter Kitin,author,31
"Pettitt, P. B._2025-11-19T21:17:30","Pettitt, P. B.",author,31
"Poulain, Maxime_2025-11-19T21:17:27","Poulain, Maxime",author,31
"Pratt, K. E._2025-11-19T21:26:01","Pratt, K. E.",author,31
"Pringle, M._2025-11-19T21:17:30","Pringle, M.",author,31
"Remmen, Martijn_2025-11-19T21:49:10","Remmen, Martijn",author,31
"Robert, Pierre-Philippe_2025-11-19T21:19:35","Robert, Pierre-Philippe",author,31
"SHAPLAND, MICHAEL G._2025-11-19T21:25:09","SHAPLAND, MICHAEL G.",author,31
"Sansterre, Jean-Marie_2025-11-19T21:35:02","Sansterre, Jean-Marie",author,31
"Saussus, Lise_2025-11-19T21:17:27","Saussus, Lise",author,31
"Stocker, David_2025-11-19T21:17:20","Stocker, David",author,31
"Ulmschneider, Katharina_2025-11-19T21:17:23","Ulmschneider, Katharina",author,31
"Van de Velde, Carl_2025-11-19T21:47:46","Van de Velde, Carl",author,31
"Van den Bulcke, Jan_2025-11-19T21:36:26","Van den Bulcke, Jan",author,31
"Verschuren, Dirk_2025-11-19T21:25:07","Verschuren, Dirk",author,31
"Weaver, R. E._2025-11-19T21:26:01","Weaver, R. E.",author,31
"West, S._2025-11-19T21:17:30","West, S.",author,31
"Williams, David_2025-11-19T21:17:30","Williams, David",author,31
"Wright, Duncan W._2025-11-19T21:15:51","Wright, Duncan W.",author,31
"Youngs, S. M._2025-11-19T21:17:30","Youngs, S. M.",author,31
69825516c835c41957dfbe71,"A ""coffin"" for St Audey : Some misunderstandings about Middle-Saxon Cambridge?",publication,31
69825516c835c41957dfd0cf,"Allochthonous and autochthonous mire deposits, slope instability and palaeoenvironmental investigations in the Borve Val",publication,31
69825516c835c41957dfa419,"An Insular Horse-Harness Fitting from South Shields Roman Fort, Tyne and Wear",publication,31
69825517c835c41957dff471,"Ancient charcoal as a natural archive for paleofire regime and vegetation change in the Mayumbe, Democratic Republic of ",publication,31
69825516c835c41957dfa44c,"Archaeology, History, and the Isle of Wight in the Middle Saxon Period",publication,31
69825516c835c41957dfeee7,"Castles, Concepts and Contexts: Castle Studies in Scotland in Retrospect and Prospect",publication,31
69825517c835c41957dffb80,"Charente-Maritime. PCR « Les marais charentais au Moyen Âge et à l’époque moderne : peuplement, environnement, économie ",publication,31
69825516c835c41957dfc522,Dendrochronology in suboptimal conditions: tree rings from medieval oak from Flanders (Belgium) as dating tools and arch,publication,31
69825516c835c41957dfa48c,"Early modern pewter from the castle of Middelburg-in-Flanders (Belgium): uses, material composition and ranges of qualit",publication,31
69825517c835c41957dffb7e,"Gripperie-Saint-Symphorien (La) (Charente-Maritime). Saint-Sornin PCR « Les marais littoraux charentais, du Moyen âge à ",publication,31
69825517c835c41957dffb7f,"Gripperie-saint-symphorien (La) (Charente-Maritime). Saint-Sornin, PCR « Les marais littoraux charentais, du Moyen Âge à",publication,31
69825516c835c41957dfb7c5,Heavy Metals in Holocene Peats from South West England: Detecting Mining Impacts and Atmospheric Pollution,publication,31
69825516c835c41957dfaabe,La salle des moines de l'abbaye de Fontfouce (Saint-Bris-des-Bois - Charente-Maritime),publication,31
69825516c835c41957dfe871,La salle des moines de l’abbaye de Fontdouce (Saint-Bris-des-Bois - Charente-Maritime). Première approche architectural,publication,31
69825517c835c41957e00d2b,Late Gothic Altarpieces as Sources of Information on Medieval Wood Use: A Dendrochronological and Art Historical Survey,publication,31
69825516c835c41957dfd2f1,Late-Holocene and recent hydroclimatic variability in the central Kenya Rift Valley: The sediment record of hypersaline ,publication,31
69825516c835c41957dfcc9d,Latitudinal Linkages in Late Holocene Moisture-Balance Variation,publication,31
69825516c835c41957dfa3fe,"Laughton en le Morthen, South Yorkshire: Evolution of a Medieval Magnate Core",publication,31
69825516c835c41957dff0e6,Le Monachisme à Byzance et en Occident du VIIIe au Xe siècle : aspects internes et relations avec la société : actes,publication,31
69825516c835c41957dfb105,"Les marais charentais au Moyen Âge et à l'époque moderne : peuplement, environnement, économie Projet collectif de reche",publication,31
69825516c835c41957dfb0dc,"Les marais charentais du Moyen Âge à l'époque moderne : peuplement, économie, environnement Projet collectif de recherch",publication,31
69825516c835c41957dfad9e,Manger son cheval ? Hippophagie et découpe des équidés dans les sources écrites médiévales des VIIIe-XIIIe siècles,publication,31
69825517c835c41957e0081f,"Marais charentais (Charente-Maritime). Les marais charentais au Moyen Âge et à l’époque moderne : peuplement, environnem",publication,31
69825517c835c41957dffb81,Marais charentais ou marais de Brouage (Charente-Maritime). PCR « les marais charentais au Moyen Âge et à l’époque moder,publication,31
69825516c835c41957dfa4e0,Notes and News,publication,31
69825516c835c41957dfc98a,"Palaeoecological Evidence for the Prehistoric Settlement of Bodmin Moor, Cornwall, southwest England. Part II: Land Use ",publication,31
69825516c835c41957dfa861,"Paleoparasitological analysis of a 15th-16th c. CE latrine from the merchant quarter of Bruges, Belgium: Evidence for lo",publication,31
69825516c835c41957dff3b6,Post-War Identity and Scholarship: The Correspondence of Paul Jacobsthal and Gero von Merhart at the Institute of Archae,publication,31
69825517c835c41957e01199,"Thinking Inside the Box Tree-Ring Analysis, Archaeobotany and Historical Documents Reveal the Authenticity of a Remarkab",publication,31
69825516c835c41957dfa4df,"‘The Cros in the Markitte Stede’. The Louth Cross, its Monastery and its Town",publication,31
"Abrous, Dahbia_2025-11-19T21:19:59","Abrous, Dahbia",author,32
"Adjali, S._2025-11-19T21:20:06","Adjali, S.",author,32
"Alexandropoulos, Jacques_2025-11-19T21:19:35","Alexandropoulos, Jacques",author,32
"Andrieu-Ponel, Val_2025-11-19T21:23:37","Andrieu-Ponel, Val",author,32
"Bernus, Edmond_2025-11-19T21:26:06","Bernus, Edmond",author,32
"Blanc-Bijon, Véronique_2025-11-19T21:19:03","Blanc-Bijon, Véronique",author,32
"Bonnifay, M._2025-11-19T21:28:19","Bonnifay, M.",author,32
"Bosković, D._2025-11-19T21:24:06","Bosković, D.",author,32
"Boukous, Ahmed_2025-11-19T21:18:09","Boukous, Ahmed",author,32
"Bourgeois, A._2025-11-19T21:28:19","Bourgeois, A.",author,32
"Bourgeot, A._2025-11-19T21:20:02","Bourgeot, A.",author,32
"Bracco, Jean-Pierre_2025-11-19T21:19:03","Bracco, Jean-Pierre",author,32
"Bruneton, H_2025-11-19T21:23:37","Bruneton, H",author,32
"Camps, Gabriel_2025-11-19T21:46:33","Camps, Gabriel",author,32
"Carre, Marie-Brigitte_2025-11-19T21:19:03","Carre, Marie-Brigitte",author,32
"Chaker, Salem_2025-11-19T21:19:03","Chaker, Salem",author,32
"Chamla, M.-C._2025-11-19T21:20:06","Chamla, M.-C.",author,32
"Demoulin, F._2025-11-19T21:20:06","Demoulin, F.",author,32
"Desanges, Jehan_2025-11-19T21:19:41","Desanges, Jehan",author,32
"Despois, Jean_2025-11-19T21:26:06","Despois, Jean",author,32
"Dupuis, Xavier_2025-11-19T21:20:09","Dupuis, Xavier",author,32
"Duval, Noël_2025-11-19T21:24:06","Duval, Noël",author,32
"Février, Paul-Albert_2025-11-19T21:19:03","Février, Paul-Albert",author,32
"Galand, Lionel_2025-11-19T21:18:09","Galand, Lionel",author,32
"Gast, M._2025-11-19T21:19:55","Gast, M.",author,32
"Gauthier, Christine_2025-11-19T21:26:06","Gauthier, Christine",author,32
"Gauthier, Yves_2025-11-19T21:26:06","Gauthier, Yves",author,32
"Ghaki, Mansour_2025-11-19T21:18:09","Ghaki, Mansour",author,32
"Ghalia, T._2025-11-19T21:19:58","Ghalia, T.",author,32
"Golvin, Lucien_2025-11-19T21:42:10","Golvin, Lucien",author,32
"Gros, Pierre_2025-11-19T21:24:06","Gros, Pierre",author,32
"Hachid, Malika_2025-11-19T21:19:55","Hachid, Malika",author,32
"Lafon, Xavier_2025-11-19T21:19:03","Lafon, Xavier",author,32
"Lancel, S._2025-11-19T21:19:49","Lancel, S.",author,32
"Laporte, Jean-Pierre_2025-11-19T21:19:41","Laporte, Jean-Pierre",author,32
"Lassère, Jean-Marie_2025-11-19T21:19:55","Lassère, Jean-Marie",author,32
"Leveau, Philippe_2025-11-19T21:18:17","Leveau, Philippe",author,32
"M'charek, Ahmed_2025-11-19T21:46:38","M'charek, Ahmed",author,32
"Martel, A._2025-11-19T21:19:49","Martel, A.",author,32
"Maurin, Louis_2025-11-19T21:46:32","Maurin, Louis",author,32
"Monastiri, T._2025-11-19T21:19:58","Monastiri, T.",author,32
"Morizot, J._2025-11-19T21:20:06","Morizot, J.",author,32
"Morizot, P._2025-11-19T21:19:53","Morizot, P.",author,32
"Ouerfelli, Mohamed_2025-11-19T21:19:03","Ouerfelli, Mohamed",author,32
"Paskoff, R._2025-11-19T21:19:44","Paskoff, R.",author,32
"Peyras, Jean_2025-11-19T21:46:43","Peyras, Jean",author,32
"Peyron, M._2025-11-19T21:20:06","Peyron, M.",author,32
"Picard, G.-Ch_2025-11-19T21:19:52","Picard, G.-Ch",author,32
"Ponel, Philippe_2025-11-19T21:23:37","Ponel, Philippe",author,32
"Popovic, Vladislav_2025-11-19T21:24:06","Popovic, Vladislav",author,32
"Roubet, Colette_2025-11-19T21:19:55","Roubet, Colette",author,32
"Seba, N. Aïn_2025-11-19T21:20:24","Seba, N. Aïn",author,32
"Slim, L._2025-11-19T21:28:19","Slim, L.",author,32
"Sraïeb, N._2025-11-19T21:19:58","Sraïeb, N.",author,32
"Trousset, Pol_2025-11-19T21:19:42","Trousset, Pol",author,32
"Vignet-Zunz, Jacques_2025-11-19T21:19:55","Vignet-Zunz, Jacques",author,32
"Voguet, Elise_2025-11-19T21:20:21","Voguet, Elise",author,32
"de Beaulieu, Jacques-Louis_2025-11-19T21:23:37","de Beaulieu, Jacques-Louis",author,32
69825516c835c41957dfb344,Abizar,publication,32
69825516c835c41957dfb258,Aethiopes,publication,32
69825516c835c41957dfb35f,Affranchis,publication,32
69825516c835c41957dfb3c3,Aurès (suite),publication,32
69825516c835c41957dfb2cf,"Azeggaγ (pl. izeggaγen, fém. sing. tazeggaq, fém. plu. tizeggeγin)",publication,32
69825516c835c41957dfb206,Ašir,publication,32
69825516c835c41957dfb1dc,Biban (Les Portes),publication,32
69825516c835c41957dfb287,Carthage,publication,32
69825516c835c41957dfb3c6,Dromadaire,publication,32
69825516c835c41957dfb30e,"Enfida (voir D13, Dar Bel Ouar, E.B. XV, p. 2 223-2 226)",publication,32
69825516c835c41957dfd121,"Fezzân (Phazania, Targa)",publication,32
69825516c835c41957dfb237,Fraichich (Frechich),publication,32
69825516c835c41957dfb1cd,Hergla (Horrea Caelia),publication,32
69825516c835c41957dfb20d,Ieru,publication,32
69825516c835c41957dfadcd,Introduction,publication,32
69825516c835c41957dfb32c,Jugurtha De la Grande à la Petite Numidie,publication,32
69825516c835c41957dfd943,La céramique africaine aux époques vandale et byzantine,publication,32
69825516c835c41957dfe558,Le lac Tritonis et les noms anciens du chott el Jerid,publication,32
69825516c835c41957dfb4d8,Le monde rural dans l'Occident musulman médiéval,publication,32
69825516c835c41957dfa89e,Le multilinguisme en Afrique du Nord à travers l'histoire : [entretien],publication,32
69825516c835c41957dfc6f6,Les témoins archéologiques des invasions avaro-slaves dans l'Illyricum byzantin (V),publication,32
69825516c835c41957dfb263,Musulames,publication,32
69825516c835c41957dfb3e3,"Numides, Numidie",publication,32
69825516c835c41957dfb2c5,"Ouarsenis : Histoire, géographie humaine et société",publication,32
69825516c835c41957dfc478,Palaeoenvironments and cultural landscapes of the last 2000 years reconstructed from pollen and Coleopteran records in t,publication,32
69825516c835c41957dfb522,Palmier-dattier : Antiquité,publication,32
69825516c835c41957dfb525,Punicisation,publication,32
69825517c835c41957e00af0,Romanisation et traditions africaines dans la région de Bir Mcherga,publication,32
69825516c835c41957dfb1d4,"Égide (voir, Encyclopédie berbère, Athéna, VII A309 ; Chèvre, XIII, C5 ; Cyclope, XIV, C114)",publication,32
69825516c835c41957dfb319,Œuf,publication,32
"Ballesteros‐González, Antonio_2025-11-19T21:17:17","Ballesteros‐González, Antonio",author,33
"Barnard, Toby_2025-11-19T21:17:17","Barnard, Toby",author,33
"Barry, Terry_2025-11-19T21:17:17","Barry, Terry",author,33
"Beja, Morris_2025-11-19T21:17:17","Beja, Morris",author,33
"Bell, Jonathan_2025-11-19T21:17:17","Bell, Jonathan",author,33
"Bergonzi, Bernard_2025-11-19T21:47:33","Bergonzi, Bernard",author,33
"Bibber, Joyce K._2025-11-19T21:32:12","Bibber, Joyce K.",author,33
"Bryden, Mary_2025-11-19T21:17:17","Bryden, Mary",author,33
"Campbell, Matthew_2025-11-19T21:17:17","Campbell, Matthew",author,33
Caroline Erskine_2025-11-19T21:25:20,Caroline Erskine,author,33
"Collins, Irene_2025-11-19T21:32:12","Collins, Irene",author,33
"Connolly, Claire_2025-11-19T21:17:17","Connolly, Claire",author,33
"Curtin, Nancy J._2025-11-19T21:17:17","Curtin, Nancy J.",author,33
"Davies, Jude_2025-11-19T21:32:12","Davies, Jude",author,33
"Day, Helen_2025-11-19T21:17:17","Day, Helen",author,33
"Doan, James E._2025-11-19T21:17:17","Doan, James E.",author,33
"Farnell, Gary_2025-11-19T21:47:33","Farnell, Gary",author,33
"Ferris, Sarah_2025-11-19T21:17:17","Ferris, Sarah",author,33
"Fitzpatrick, David_2025-11-19T21:17:17","Fitzpatrick, David",author,33
"Gahan, Daniel J._2025-11-19T21:17:17","Gahan, Daniel J.",author,33
"Garnham, Neal_2025-11-19T21:17:17","Garnham, Neal",author,33
"Gibson, Matthew_2025-11-19T21:17:17","Gibson, Matthew",author,33
"Gregory, Jeremy_2025-11-19T21:32:12","Gregory, Jeremy",author,33
"Hadfield, Andrew_2025-11-19T21:17:17","Hadfield, Andrew",author,33
"Hadley, Tessa_2025-11-19T21:17:17","Hadley, Tessa",author,33
"Hannan, Robbie_2025-11-19T21:17:17","Hannan, Robbie",author,33
"Harper, Catherine_2025-11-19T21:17:17","Harper, Catherine",author,33
"Harrington, John_2025-11-19T21:17:17","Harrington, John",author,33
"Hart, Peter_2025-11-19T21:17:17","Hart, Peter",author,33
"Heijnsbergen, Theo Van_2025-11-19T21:46:25","Heijnsbergen, Theo Van",author,33
"Hicks, Michael_2025-11-19T21:47:33","Hicks, Michael",author,33
"Hill, Bridget_2025-11-19T21:32:12","Hill, Bridget",author,33
"Hill, Jeffrey_2025-11-19T21:47:33","Hill, Jeffrey",author,33
"Hyland, Paul_2025-11-19T21:32:12","Hyland, Paul",author,33
"Jardine, M. J._2025-11-19T21:32:12","Jardine, M. J.",author,33
"Jardine, Michael_2025-11-19T21:47:33","Jardine, Michael",author,33
"Jarvis, Robin_2025-11-19T21:47:33","Jarvis, Robin",author,33
"Joannou, Mary_2025-11-19T21:32:12","Joannou, Mary",author,33
"Kelly, Mary C._2025-11-19T21:17:17","Kelly, Mary C.",author,33
"Kinealy, Christine_2025-11-19T21:17:17","Kinealy, Christine",author,33
"Lamont, William_2025-11-19T21:32:12","Lamont, William",author,33
"Lanters, Josfi_2025-11-19T21:17:17","Lanters, Josfi",author,33
"Lindley, Keith_2025-11-19T21:32:12","Lindley, Keith",author,33
"Lowe, Ben_2025-11-19T21:47:33","Lowe, Ben",author,33
"Mahony, Christina                       Hunt_2025-11-19T21:17:17","Mahony, Christina                       Hunt",author,33
"Maley, Willy_2025-11-19T21:17:17","Maley, Willy",author,33
"Marshall, Alan_2025-11-19T21:32:12","Marshall, Alan",author,33
"McGurk, John_2025-11-19T21:17:17","McGurk, John",author,33
"McLuskie, Kate_2025-11-19T21:32:12","McLuskie, Kate",author,33
"McNally, Paddy_2025-11-19T21:17:17","McNally, Paddy",author,33
"Molloy, Frank_2025-11-19T21:17:17","Molloy, Frank",author,33
"Moore‐Gilbert, Bart_2025-11-19T21:17:17","Moore‐Gilbert, Bart",author,33
"Murray, Russell_2025-11-19T21:17:17","Murray, Russell",author,33
"Neve, Brian_2025-11-19T21:17:17","Neve, Brian",author,33
"O'Loughlin, Thomas_2025-11-19T21:17:17","O'Loughlin, Thomas",author,33
"Orser, Charles E._2025-11-19T21:17:17","Orser, Charles E.",author,33
"Parker, Christopher_2025-11-19T21:47:33","Parker, Christopher",author,33
"Parrinder, Patrick_2025-11-19T21:47:33","Parrinder, Patrick",author,33
"Parry, Graham_2025-11-19T21:47:33","Parry, Graham",author,33
"Perry, Carolyn_2025-11-19T21:47:33","Perry, Carolyn",author,33
"Poole, Robert_2025-11-19T21:32:12","Poole, Robert",author,33
"Purdie, Bob_2025-11-19T21:17:17","Purdie, Bob",author,33
"Quinn, Justin_2025-11-19T21:17:17","Quinn, Justin",author,33
"Regan, Stephen_2025-11-19T21:17:17","Regan, Stephen",author,33
"Richards, Shaun_2025-11-19T21:17:17","Richards, Shaun",author,33
"Richardson, R. C._2025-11-19T21:32:12","Richardson, R. C.",author,33
"Ridden, Geoffrey M._2025-11-19T21:32:12","Ridden, Geoffrey M.",author,33
"Rodgers, Terence_2025-11-19T21:32:12","Rodgers, Terence",author,33
"Schibeci, Lynn_2025-11-19T21:32:12","Schibeci, Lynn",author,33
"Shaw, John_2025-11-19T21:17:17","Shaw, John",author,33
"Simkin, Stevie_2025-11-19T21:32:12","Simkin, Stevie",author,33
"Smith, Stan_2025-11-19T21:17:17","Smith, Stan",author,33
"Speck, W. A._2025-11-19T21:32:12","Speck, W. A.",author,33
"Steel, Jayne_2025-11-19T21:17:17","Steel, Jayne",author,33
"Storey, David_2025-11-19T21:17:17","Storey, David",author,33
"Sumpter, Caroline_2025-11-19T21:47:33","Sumpter, Caroline",author,33
"Sweet, Rosemary_2025-11-19T21:47:33","Sweet, Rosemary",author,33
"Taylor, Tim_2025-11-19T21:17:17","Taylor, Tim",author,33
"Thirsk, Joan_2025-11-19T21:32:12","Thirsk, Joan",author,33
"Truax, Elizabeth_2025-11-19T21:32:12","Truax, Elizabeth",author,33
"Ward, Margaret_2025-11-19T21:17:17","Ward, Margaret",author,33
"Watson, David_2025-11-19T21:32:12","Watson, David",author,33
"Yeager, Myron D._2025-11-19T21:32:12","Yeager, Myron D.",author,33
69825516c835c41957dfcdaf,"John Knox, George Buchanan, and Scots Prose",publication,33
69825516c835c41957dfa3b3,Reviews,publication,33
69825517c835c41957e00c94,"Reviews: Beyond the Canon: History for the Twenty-First Century, Literary Criticism: A New History, the Political Though",publication,33
69825516c835c41957dfe7b2,"Reviews: The Study of History: A Bibliographical Guide, the English Idea of History from Coleridge to Collingwood, the C",publication,33
69825517c835c41957e00a1c,Scots Poetry,publication,33
Ahmed M. Abualhassan_2025-11-19T21:20:28,Ahmed M. Abualhassan,author,34
Alisher Begmatov_2025-11-19T21:16:57,Alisher Begmatov,author,34
Andrey Omelchenko_2025-11-19T21:16:57,Andrey Omelchenko,author,34
Barbara Huber_2025-11-19T21:16:57,Barbara Huber,author,34
"Biddulph, E._2025-11-19T21:40:59","Biddulph, E.",author,34
"Blinkhorn, Paul_2025-11-19T21:17:24","Blinkhorn, Paul",author,34
"Boberová, Kateřina_2025-11-19T21:28:50","Boberová, Kateřina",author,34
"Broderick, L. G._2025-11-19T21:40:59","Broderick, L. G.",author,34
"Brunning, Sue_2025-11-19T21:16:20","Brunning, Sue",author,34
"Buckberry, Jo_2025-11-19T21:25:06","Buckberry, Jo",author,34
"Bull, Ian_2025-11-19T21:37:05","Bull, Ian",author,34
"CRAIG-ATKINS, ELIZABETH_2025-11-19T21:25:07","CRAIG-ATKINS, ELIZABETH",author,34
Carli Peters_2025-11-19T21:16:57,Carli Peters,author,34
"Cerón-Carrasco, Ruby_2025-11-19T21:24:34","Cerón-Carrasco, Ruby",author,34
"Champness, C._2025-11-19T21:40:59","Champness, C.",author,34
"Chapman, A._2025-11-19T21:34:21","Chapman, A.",author,34
"Clarke, Leon_2025-11-19T21:37:29","Clarke, Leon",author,34
"Cramp, L. J. E._2025-11-19T21:40:59","Cramp, L. J. E.",author,34
"Cramp, Lucy_2025-11-19T21:17:24","Cramp, Lucy",author,34
Daniel Giddings Vassão_2025-11-19T21:20:28,Daniel Giddings Vassão,author,34
"Devièse, Thibaut_2025-11-19T21:37:05","Devièse, Thibaut",author,34
"Dunne, Julie_2025-11-19T21:18:32","Dunne, Julie",author,34
"Evershed, Richard P._2025-11-19T21:18:32","Evershed, Richard P.",author,34
Farhod Maksudov_2025-11-19T21:16:57,Farhod Maksudov,author,34
Fiona Kidd_2025-11-19T21:16:57,Fiona Kidd,author,34
"Gillard, T._2025-11-19T21:40:59","Gillard, T.",author,34
"Glass, Emily_2025-11-19T21:17:24","Glass, Emily",author,34
"Haberfield, George_2025-11-19T21:18:32","Haberfield, George",author,34
"Hammann, Simon_2025-11-19T21:38:34","Hammann, Simon",author,34
"Haydock, Hannah_2025-11-19T21:37:29","Haydock, Hannah",author,34
"Hodos, T._2025-11-19T21:40:59","Hodos, T.",author,34
"Horton, Mark_2025-11-19T21:17:20","Horton, Mark",author,34
"Howcroft, Rachel_2025-11-19T21:37:29","Howcroft, Rachel",author,34
"Jervis, Ben_2025-11-19T21:17:09","Jervis, Ben",author,34
"Kalová, Kateřina_2025-11-19T21:28:50","Kalová, Kateřina",author,34
"Knowles, Timothy D._2025-11-19T21:18:32","Knowles, Timothy D.",author,34
Kristine K. Richter_2025-11-19T21:16:57,Kristine Korzow,author,34
Kseniia Ashastina_2025-11-19T21:16:57,Kseniia Ashastina,author,34
"Ladd, Stuart_2025-11-19T21:37:05","Ladd, Stuart",author,34
Madelynn von Baeyer_2025-11-19T21:16:57,Madelynn von Baeyer,author,34
"Madgwick, Richard_2025-11-19T21:16:39","Madgwick, Richard",author,34
"Manix, P._2025-11-19T21:40:59","Manix, P.",author,34
Marta Luciani_2025-11-19T21:20:28,Marta Luciani,author,34
Michael Frachetti_2025-11-19T21:16:57,Michael Frachetti,author,34
Michael Shenkar_2025-11-19T21:16:57,Michael Shenkar,author,34
"Mir-Makhamad, Basira_2025-11-19T21:16:48","Mir-Makhamad, Basira",author,34
"Mirzaakhmedov, Sirojidin_2025-11-19T21:16:48","Mirzaakhmedov, Sirojidin",author,34
"Morris, James_2025-11-19T21:17:09","Morris, James",author,34
"Mortimer, Richard_2025-11-19T21:37:05","Mortimer, Richard",author,34
"Nederbragt, Alexandra J_2025-11-19T21:38:34","Nederbragt, Alexandra J",author,34
"Nicholson, Elizabeth_2025-11-19T21:38:34","Nicholson, Elizabeth",author,34
"Nicholson, Rebecca A._2025-11-19T21:24:34","Nicholson, Rebecca A.",author,34
Nicole Boivin_2025-11-19T21:16:57,Nicole Boivin,author,34
"Parfitt, Keith_2025-11-19T21:37:05","Parfitt, Keith",author,34
Pavel Lurje_2025-11-19T21:16:57,Pavel Lurje,author,34
"Pavlůsková, Alena_2025-11-19T21:28:50","Pavlůsková, Alena",author,34
"Prior, Stuart_2025-11-19T21:17:24","Prior, Stuart",author,34
"Přichystalová, Renáta_2025-11-19T21:18:32","Přichystalová, Renáta",author,34
"Rahmonov, Husniddin_2025-11-19T21:16:48","Rahmonov, Husniddin",author,34
Ricardo Fernandes_2025-11-19T21:16:57,Ricardo Fernandes,author,34
Rita Dal Martello_2025-11-19T21:16:57,Rita Dal Martello,author,34
Sharof Kurbanov_2025-11-19T21:16:57,Sharof Kurbanov,author,34
Shevan Wilkin_2025-11-19T21:16:57,Shevan Wilkin,author,34
Shujing Wang_2025-11-19T21:16:57,Shujing Wang,author,34
"Spengler, Robert N_2025-11-19T21:49:25","Spengler, Robert N",author,34
"Stacey, Rebecca J._2025-11-19T21:37:05","Stacey, Rebecca J.",author,34
"Stark, Sören_2025-11-19T21:16:48","Stark, Sören",author,34
Stefanie Schirmer_2025-11-19T21:16:57,Stefanie Schirmer,author,34
Taylor Hermes_2025-11-19T21:16:57,Taylor Hermes,author,34
"Taylor, Allie Rae_2025-11-19T21:38:34","Taylor, Allie Rae",author,34
"Teague, S._2025-11-19T21:40:59","Teague, S.",author,34
"Whelton, Helen_2025-11-19T21:38:34","Whelton, Helen",author,34
"Zeman, Tomáš_2025-11-19T21:18:32","Zeman, Tomáš",author,34
"Zhang, Mengyao_2025-11-19T21:18:32","Zhang, Mengyao",author,34
69825516c835c41957dfc98b,Archaeo-ichthyological Evidence for Long-term Socioeconomic Trends in Northern Scotland: 3500 BC to AD 1500,publication,34
69825516c835c41957dfa1bb,Archaeological and molecular evidence for ancient chickens in Central Asia,publication,34
69825517c835c41957dff686,Birch bark tar in early Medieval England - Continuity of tradition or technological revival?,publication,34
69825516c835c41957dfaaab,Chemical and isotopic analyses confirm dietary change marks the Early Medieval Slavic expansion into Central and Eastern,publication,34
69825516c835c41957dfa445,"Fiat Lux: Functional Analysis of Three Saxo-Norman Pottery Lamps from Berkeley, Gloucestershire",publication,34
69825517c835c41957e001e1,"Finding Oxford’s medieval Jewry using organic residue analysis, faunal records and historical documents",publication,34
69825517c835c41957dffa50,Fit for purpose? Organic residue analysis and vessel specialisation: The perfectly utilitarian medieval pottery assembla,publication,34
69825517c835c41957e0126e,Food globalization in southern Central Asia: archaeobotany at Bukhara between antiquity and the Middle Ages,publication,34
69825516c835c41957dfb570,Metabolic profiling reveals first evidence of fumigating drug plant Peganum harmala in Iron Age Arabia,publication,34
69825516c835c41957dfeef1,"Reconciling organic residue analysis, faunal, archaeobotanical and historical records: Diet and the medieval peasant at ",publication,34
69825517c835c41957e01406,Regular graveyard in the stronghold versus settlement burials in the bailey. Comparison of Early Medieval populations fr,publication,34
69825517c835c41957dffac6,"The dietary impact of the Norman Conquest: A multiproxy archaeological investigation of Oxford, UK",publication,34
69825517c835c41957dff7aa,Weaning at Anglo-Saxon Raunds: Implications for changing breastfeeding practice in Britain over two millennia,publication,34
69825516c835c41957dfa2ca,What's So Special? A Reinterpretation of Anglo-Saxon 'Special Deposits',publication,34
"Angle, Micaela_2025-11-19T21:28:21","Angle, Micaela",author,35
"Arce, Javier_2025-11-19T21:34:42","Arce, Javier",author,35
"Baldoni, Marica_2025-11-19T21:28:21","Baldoni, Marica",author,35
"Batista de Carvalho, L A E_2025-11-19T21:35:10","Batista de Carvalho, L A E",author,35
"Bennett, Ellora_2025-11-19T21:41:17","Bennett, Ellora",author,35
"Berndt, Guido M._2025-11-19T21:24:05","Berndt, Guido M.",author,35
"Bjornlie, M. Shane_2025-11-19T21:28:11","Bjornlie, M. Shane",author,35
"Broome, Richard_2025-11-19T21:21:15","Broome, Richard",author,35
"Canini, Antonella_2025-11-19T21:31:50","Canini, Antonella",author,35
"Canuti, Lorena_2025-11-19T21:31:50","Canuti, Lorena",author,35
"Andreani, C_2025-11-19T21:35:10",Carla Andreani,author,35
"Cipollari, V_2025-11-19T21:35:10","Cipollari, V",author,35
"Czock, Miriam_2025-11-19T21:38:36","Czock, Miriam",author,35
"D'Agostino, Alessia_2025-11-19T21:31:50","D'Agostino, Alessia",author,35
"DELOGU, Paolo_2025-11-19T21:21:47","DELOGU, Paolo",author,35
"Di Marco, Gabriele_2025-11-19T21:31:50","Di Marco, Gabriele",author,35
"Donecker, Stefan_2025-11-19T21:43:10","Donecker, Stefan",author,35
"Escobar Tortosa, Antonio_2025-11-19T21:22:46","Escobar Tortosa, Antonio",author,35
"Esders, Stefan_2025-11-19T21:27:23","Esders, Stefan",author,35
"Ferraresi, Francesca_2025-11-19T21:28:21","Ferraresi, Francesca",author,35
"Festa, G_2025-11-19T21:35:10","Festa, G",author,35
"Flierman, Robert_2025-11-19T21:16:21","Flierman, Robert",author,35
"Gantner, Clemens_2025-11-19T21:23:00","Gantner, Clemens",author,35
"Gismondi, Angelo_2025-11-19T21:31:50","Gismondi, Angelo",author,35
"Gnes, Micaela_2025-11-19T21:28:21","Gnes, Micaela",author,35
"Greco, Simone_2025-11-19T21:28:21","Greco, Simone",author,35
"Grifoni, Cinzia_2025-11-19T21:34:36","Grifoni, Cinzia",author,35
"Heil, Uta_2025-11-19T21:30:35","Heil, Uta",author,35
"James, Tom Beaumont_2025-11-19T21:17:09","James, Tom Beaumont",author,35
"Kohl, Thomas_2025-11-19T21:38:36","Kohl, Thomas",author,35
"Kreiner, Jamie_2025-11-19T21:34:36","Kreiner, Jamie",author,35
"Lelli, Roberta_2025-11-19T21:28:21","Lelli, Roberta",author,35
"Mamede, A P_2025-11-19T21:35:10","Mamede, A P",author,35
"Manenti, Guglielmo_2025-11-19T21:28:21","Manenti, Guglielmo",author,35
"Marques, M P M_2025-11-19T21:35:10","Marques, M P M",author,35
"Martini, F_2025-11-19T21:35:10","Martini, F",author,35
"Martínez-Labarga, Cristina_2025-11-19T21:28:21","Martínez-Labarga, Cristina",author,35
"McKitterick, Rosamond_2025-11-19T21:15:31","McKitterick, Rosamond",author,35
"Meeder, Sven_2025-11-19T21:29:58","Meeder, Sven",author,35
"Meier, Mischa_2025-11-19T21:29:02","Meier, Mischa",author,35
"Meloni, Valentina_2025-11-19T21:28:21","Meloni, Valentina",author,35
"Müller, Barbara_2025-11-19T21:17:41","Müller, Barbara",author,35
"Nardi, Alessandra_2025-11-19T21:28:21","Nardi, Alessandra",author,35
"PATZOLD, STEFFEN_2025-11-19T21:25:30","PATZOLD, STEFFEN",author,35
"Parker, S F_2025-11-19T21:35:10","Parker, S F",author,35
"Pollheimer-Mohaupt, Marianne_2025-11-19T21:34:36","Pollheimer-Mohaupt, Marianne",author,35
"Reimitz, Helmut_2025-11-19T21:18:06","Reimitz, Helmut",author,35
"Rickards, Olga_2025-11-19T21:28:21","Rickards, Olga",author,35
"Roberts, Edward_2025-11-19T21:17:09","Roberts, Edward",author,35
"Rolfo, M F_2025-11-19T21:35:10","Rolfo, M F",author,35
"Sarti, Laury_2025-11-19T21:17:29","Sarti, Laury",author,35
"Schroeder, Nicolas_2025-11-19T21:15:51","Schroeder, Nicolas",author,35
"Senesi, R_2025-11-19T21:35:10","Senesi, R",author,35
"Stasolla, F R_2025-11-19T21:35:10","Stasolla, F R",author,35
"Steinacher, Roland_2025-11-19T21:20:48","Steinacher, Roland",author,35
"Stoffella, Marco_2025-11-19T21:22:57","Stoffella, Marco",author,35
"Tinti, Francesca_2025-11-19T21:22:11","Tinti, Francesca",author,35
"Ulrich, Jörg_2025-11-19T21:30:35","Ulrich, Jörg",author,35
"Vassalo, A R_2025-11-19T21:35:10","Vassalo, A R",author,35
"Volante, N_2025-11-19T21:35:10","Volante, N",author,35
"WEST, CHARLES_2025-11-19T21:25:17","WEST, CHARLES",author,35
"Ward, Graeme_2025-11-19T21:17:40","Ward, Graeme",author,35
"Zeller, Bernhard_2025-11-19T21:23:13","Zeller, Bernhard",author,35
"van Rhijn, Carine_2025-11-19T21:29:39","van Rhijn, Carine",author,35
69825516c835c41957dfd961,Archaeo-biological reconstruction of the Italian medieval population of Colonna (8th-10th centuries CE),publication,35
69825516c835c41957dfe3f4,"Attila, έκ τοũ γένους τῶν Γηπέδων Literarische Beziehungen zwischen Johannes Malalas und Prokop?",publication,35
69825516c835c41957dfe685,Dental calculus reveals diet habits and medicinal plant use in the Early Medieval Italian population of Colonna,publication,35
69825517c835c41957e007e7,"Der König der Schweden, Goten und Vandalen : Königstitulatur und Vandalenrezeption im frühneuzeitlichen Schweden",publication,35
69825517c835c41957e0079b,Diversity and Convergence : The Accommodation of Ethnic and Legal Pluralism in the Carolingian Empire,publication,35
69825516c835c41957dff151,First analysis of ancient burned human skeletal remains probed by neutron and optical vibrational spectroscopy,publication,35
69825516c835c41957dfedd8,From Justinian to Louis the Pious Inalienability of church property and the sovereignty of a ruler in the ninth century,publication,35
69825516c835c41957dfe200,Gens perfida or populus Christianus? Saxon (in)fidelity in Frankish historical writing,publication,35
69825516c835c41957dff00a,Goths and Romans in Visigothic Hispania,publication,35
69825516c835c41957dff009,Histories of Romanness in the Merovingian kingdoms,publication,35
69825517c835c41957dffae9,Interventions in local societies Lower office holders,publication,35
69825517c835c41957e002c4,"Introducing early medieval militarisation, 400–900",publication,35
69825516c835c41957dfef99,Knowledge of the History of the Jews in the Early Middle Ages Jews and Judaism in the Early Medieval West,publication,35
69825516c835c41957dfc0ab,La identidad del combatiente tras la desintegración del sistema militar romano en la Galia,publication,35
69825516c835c41957dfe220,Lombard and Carolingian Italy,publication,35
69825516c835c41957dfc53a,Minting in Vandal North Africa: coins of the Vandal period in the Coin Cabinet of Vienna's Kunsthistorisches Museum,publication,35
69825516c835c41957dfe1ed,"Pagans, rebels and Merovingians: otherness in the early Carolingian world",publication,35
69825517c835c41957e011f8,Qualifying Mediterranean connectivity: Byzantium and the Franks during the seventh century,publication,35
69825516c835c41957dfefc1,Romanness in Merovingian hagiography: A case study in class and political culture,publication,35
69825516c835c41957dfefbe,"Romans, barbarians and provincials in the Res Gestae of Ammianus Marcellinus",publication,35
69825516c835c41957dfe3dd,"Ruhe von Kirche und Kaiser? Reflexionen zur monastischen Hesychia ausgehend von Athanasius, Vita Antonii 85",publication,35
69825517c835c41957dffc99,"Signalling Language Choice in Anglo-Saxon and Frankish Charters, c.700–c.900",publication,35
69825516c835c41957dfa2d2,Winchester and Late Medieval Urban Development: From Palace to Pentice,publication,35
"Adderley, W. Paul_2025-11-19T21:36:31","Adderley, W. Paul",author,36
"Ameje, James_2025-11-19T21:36:31","Ameje, James",author,36
"Andersen, Jasmin_2025-11-19T21:26:24","Andersen, Jasmin",author,36
"Bäumler, Sarah_2025-11-19T21:23:12","Bäumler, Sarah",author,36
"Berg-Hobohm, Stefanie_2025-11-19T21:25:15","Berg-Hobohm, Stefanie",author,36
"Berns, Anne E_2025-11-19T21:42:32","Berns, Anne E",author,36
"Bol, Roland_2025-11-19T21:42:32","Bol, Roland",author,36
"Bungenstock, Friederike_2025-11-19T21:21:25","Bungenstock, Friederike",author,36
"Bussmann, Jens_2025-11-19T21:25:15","Bussmann, Jens",author,36
"Coates, Christopher J_2025-11-19T21:42:32","Coates, Christopher J",author,36
"Dietrich, Peter_2025-11-19T21:37:35","Dietrich, Peter",author,36
"Enzmann, Jonas_2025-11-19T21:35:26","Enzmann, Jonas",author,36
"Esiana, Benneth O I_2025-11-19T21:42:32","Esiana, Benneth O I",author,36
"Ettel, Peter_2025-11-19T21:25:31","Ettel, Peter",author,36
"Fassbinder, Jörg W.E._2025-11-19T21:38:23","Fassbinder, Jörg W.E.",author,36
"Fediuk, Annika_2025-11-19T21:37:35","Fediuk, Annika",author,36
"Fehr, Karl Thomas_2025-11-19T21:25:07","Fehr, Karl Thomas",author,36
"Fenn, Thomas R._2025-11-19T21:36:31","Fenn, Thomas R.",author,36
"Fischer, Peter_2025-11-19T21:46:22","Fischer, Peter",author,36
"Geiss, Erwin_2025-11-19T21:25:07","Geiss, Erwin",author,36
"Gronenborn, Detlef_2025-11-19T21:36:31","Gronenborn, Detlef",author,36
"Haase, Claus-Peter_2025-11-19T21:36:31","Haase, Claus-Peter",author,36
"Hadler, Hanna_2025-11-19T21:21:25","Hadler, Hanna",author,36
"Härtling, Joachim W._2025-11-19T21:25:15","Härtling, Joachim W.",author,36
"Herzig, Franz_2025-11-19T21:22:22","Herzig, Franz",author,36
"Ickerodt, Ulf_2025-11-19T21:23:12","Ickerodt, Ulf",author,36
"Jürgens, Fritz_2025-11-19T21:35:26","Jürgens, Fritz",author,36
"Kerscher, Hermann_2025-11-19T21:25:07","Kerscher, Hermann",author,36
"Klooß, Stefanie_2025-11-19T21:23:12","Klooß, Stefanie",author,36
"Kopecky-Hermanns, Britta_2025-11-19T21:25:15","Kopecky-Hermanns, Britta",author,36
"Kreck, Manuel_2025-11-19T21:43:18","Kreck, Manuel",author,36
"Kronz, Andreas_2025-11-19T21:22:25","Kronz, Andreas",author,36
"Köhler, Anne_2025-11-19T21:43:18","Köhler, Anne",author,36
"Leitholdt, Eva_2025-11-19T21:25:15","Leitholdt, Eva",author,36
"Liesegang, G._2025-11-19T21:36:31","Liesegang, G.",author,36
"Linzen, Sven_2025-11-19T21:32:18","Linzen, Sven",author,36
"Majchczack, Bente Sven_2025-11-19T21:16:22","Majchczack, Bente Sven",author,36
"Mayer, Werner_2025-11-19T21:25:07","Mayer, Werner",author,36
"Meyer, Cornelius_2025-11-19T21:32:18","Meyer, Cornelius",author,36
"Nakoinz, Oliver_2025-11-19T21:35:26","Nakoinz, Oliver",author,36
"Nebel, Steven_2025-11-19T21:43:18","Nebel, Steven",author,36
"Nortmann, Margarete_2025-11-19T21:36:31","Nortmann, Margarete",author,36
"Patscher, Stefan_2025-11-19T21:36:31","Patscher, Stefan",author,36
"Pohl, Jean_2025-11-19T21:25:07","Pohl, Jean",author,36
"Pohle, Marco_2025-11-19T21:43:18","Pohle, Marco",author,36
"Rabbel, Wolfgang_2025-11-19T21:23:12","Rabbel, Wolfgang",author,36
"Rabiger-Völlmer, Johannes_2025-11-19T21:37:35","Rabiger-Völlmer, Johannes",author,36
"Reicherter, Klaus_2025-11-19T21:25:15","Reicherter, Klaus",author,36
"Reiß, Antonia_2025-11-19T21:23:12","Reiß, Antonia",author,36
"Schmidt, Johannes_2025-11-19T21:36:49","Schmidt, Johannes",author,36
"Schnabl, Katharina_2025-11-19T21:25:15","Schnabl, Katharina",author,36
"Schneider, Birgit_2025-11-19T21:26:30","Schneider, Birgit",author,36
"Schneider, Michael_2025-11-19T21:32:18","Schneider, Michael",author,36
"Schulte-Kortnack, Detlef_2025-11-19T21:35:26","Schulte-Kortnack, Detlef",author,36
"Schwardt, Michaela_2025-11-19T21:35:26","Schwardt, Michaela",author,36
"Stele, Andreas_2025-11-19T21:32:18","Stele, Andreas",author,36
"Unger, Katrin_2025-11-19T21:25:15","Unger, Katrin",author,36
"Vött, Andreas_2025-11-19T21:21:25","Vött, Andreas",author,36
"Wanger-O’Neill, Anneli_2025-11-19T21:43:18","Wanger-O’Neill, Anneli",author,36
"Werban, Ulrike_2025-11-19T21:37:35","Werban, Ulrike",author,36
"Werther, Lukas_2025-11-19T21:32:18","Werther, Lukas",author,36
"Wilken, Dennis_2025-11-19T21:23:12","Wilken, Dennis",author,36
"Wilkes, Feiko_2025-11-19T21:35:26","Wilkes, Feiko",author,36
"Willershäuser, Timo_2025-11-19T21:23:12","Willershäuser, Timo",author,36
"Wunderlich, Tina_2025-11-19T21:26:24","Wunderlich, Tina",author,36
"Zielhofer, Christoph_2025-11-19T21:25:15","Zielhofer, Christoph",author,36
69825517c835c41957e00841,"A hydrological tipping point and onset of Neolithic wetland occupation in Pestenacker (Lech catchment, S Germany)",publication,36
69825516c835c41957dfccab,A meteorite impact crater field in eastern Bavaria? A preliminary report,publication,36
69825516c835c41957dfe803,Charlemagne's Summit Canal: An Early Medieval Hydro-Engineering Project for Passing the Central European Watershed,publication,36
69825517c835c41957dff4b3,Durbi Takusheyi,publication,36
69825516c835c41957dfbe9c,Early Medieval glass finds from the North Frisian Islands (Germany) - evidence for the import of vessel glass and local ,publication,36
69825516c835c41957dfcd3b,"Fossa Carolina: The First Attempt to Bridge the Central European Watershed—A Review, New Findings, and Geoarchaeological",publication,36
69825517c835c41957dffa33,Genesis of magnetic anomalies and magnetic properties of archaeological sediments in floodplain wetlands of the Fossa Ca,publication,36
69825516c835c41957dff21b,Imaging a medieval shipwreck with the new PingPong 3D marine reflection seismic system,publication,36
69825517c835c41957e009fc,"Lost in the North Sea-Geophysical and geoarchaeological prospection of the Rungholt medieval dyke system (North Frisia, ",publication,36
69825517c835c41957dff7f8,Non-invasive prospection techniques and direct push sensing as high-resolution validation tools in wetland geoarchaeolog,publication,36
69825516c835c41957dfd253,On the Ability of Geophysical Methods to Image Medieval Turf Buildings in Iceland,publication,36
69825517c835c41957e0064a,"Phenoloxidase activity and organic carbon dynamics in historic Anthrosols in Scotland, UK",publication,36
69825517c835c41957dffc6e,Sediment budgeting of short-term backfilling processes: The erosional collapse of a Carolingian canal construction,publication,36
69825516c835c41957dfb9cc,The North German Lowlands,publication,36
69825517c835c41957e00e87,"The Trendermarsch polder (North Frisia, Germany) - Geophysical and geoarchaeological investigations of an anthropogenic ",publication,36
69825516c835c41957dfc2e0,"The Trendermarsch sunken in the Wadden Sea (North Frisia, Germany) - reconstructing a drowned medieval cultural landscap",publication,36
69825517c835c41957dff59e,Tree rings reveal dry conditions during Charlemagne’s Fossa Carolina construction in 793 CE,publication,36
"Bens, Oliver_2025-11-19T21:38:08","Bens, Oliver",author,37
"Bertuch, Mathias_2025-11-19T21:21:45","Bertuch, Mathias",author,37
"Bonhage, Alexander_2025-11-19T21:23:23","Bonhage, Alexander",author,37
"Börner, Andreas_2025-11-19T21:38:08","Börner, Andreas",author,37
"Dietze, Elisabeth_2025-11-19T21:38:08","Dietze, Elisabeth",author,37
"Dresler, Petr_2025-11-19T21:20:52","Dresler, Petr",author,37
"Drábek, Ondřej_2025-11-19T21:16:34","Drábek, Ondřej",author,37
"Dudová, Lydie_2025-11-19T21:20:52","Dudová, Lydie",author,37
"Elburg, Rengert_2025-11-19T21:26:30","Elburg, Rengert",author,37
"Fülling, Alexander_2025-11-19T21:23:23","Fülling, Alexander",author,37
"Gálová, Andrea_2025-11-19T21:20:52","Gálová, Andrea",author,37
"Grunert, Jörg_2025-11-19T21:37:43","Grunert, Jörg",author,37
"Hájek, Michal_2025-11-19T21:20:52","Hájek, Michal",author,37
"Hájková, Petra_2025-11-19T21:20:52","Hájková, Petra",author,37
"Heinrich, Susann_2025-11-19T21:23:23","Heinrich, Susann",author,37
"Hemker, Christiane_2025-11-19T21:21:45","Hemker, Christiane",author,37
"Herbig, Christoph_2025-11-19T21:21:45","Herbig, Christoph",author,37
"Hieke, Falk_2025-11-19T21:42:40","Hieke, Falk",author,37
"Hönig, Heide_2025-11-19T21:22:06","Hönig, Heide",author,37
"Jamrichová, Eva_2025-11-19T21:20:52","Jamrichová, Eva",author,37
"Johl, Stefan_2025-11-19T21:23:12","Johl, Stefan",author,37
"Kaiser, Knut_2025-11-19T21:23:23","Kaiser, Knut",author,37
"Kappler, Christoph_2025-11-19T21:38:08","Kappler, Christoph",author,37
"Kasprzak, Marek_2025-11-19T21:42:40","Kasprzak, Marek",author,37
"Knapp, Hannes_2025-11-19T21:26:30","Knapp, Hannes",author,37
"Kodešová, Radka_2025-11-19T21:16:34","Kodešová, Radka",author,37
"Koubová, Magdaléna_2025-11-19T21:16:34","Koubová, Magdaléna",author,37
"Kočár, Petr_2025-11-19T21:16:34","Kočár, Petr",author,37
"Křivánek, Roman_2025-11-19T21:23:23","Křivánek, Roman",author,37
"Küster, Mathias_2025-11-19T21:38:08","Küster, Mathias",author,37
"Lentzsch, Susann_2025-11-19T21:22:06","Lentzsch, Susann",author,37
"Lisá, Lenka_2025-11-19T21:16:34","Lisá, Lenka",author,37
"Moska, Piotr_2025-11-19T21:16:34","Moska, Piotr",author,37
"Musa Bandowe, Benjamin A._2025-11-19T21:25:31","Musa Bandowe, Benjamin A.",author,37
"Novák, Jan_2025-11-19T21:20:52","Novák, Jan",author,37
"Němeček, Karel_2025-11-19T21:16:34","Němeček, Karel",author,37
"Pavlů, Lenka_2025-11-19T21:16:34","Pavlů, Lenka",author,37
"Penížek, Vít_2025-11-19T21:16:34","Penížek, Vít",author,37
"Petr, Libor_2025-11-19T21:20:52","Petr, Libor",author,37
"Preusser, Frank_2025-11-19T21:38:08","Preusser, Frank",author,37
"Roleček, Jan_2025-11-19T21:20:52","Roleček, Jan",author,37
"Schneider, Thomas_2025-11-19T21:20:40","Schneider, Thomas",author,37
"Schröder, Frank_2025-11-19T21:21:45","Schröder, Frank",author,37
"Schubert, Matthias_2025-11-19T21:21:45","Schubert, Matthias",author,37
"Schult, Manuela_2025-11-19T21:38:08","Schult, Manuela",author,37
"Schulz, Lars_2025-11-19T21:23:23","Schulz, Lars",author,37
"Schwabe, Matthias_2025-11-19T21:38:08","Schwabe, Matthias",author,37
"Seelge, Martin_2025-11-19T21:25:31","Seelge, Martin",author,37
"Sirocko, Frank_2025-11-19T21:18:28","Sirocko, Frank",author,37
"Srinivasan, Prakash_2025-11-19T21:25:31","Srinivasan, Prakash",author,37
"Stolz, Christian_2025-11-19T21:21:25","Stolz, Christian",author,37
"Světlík, Ivo_2025-11-19T21:16:34","Světlík, Ivo",author,37
"Tejnecký, Václav_2025-11-19T21:16:34","Tejnecký, Václav",author,37
"Theuerkauf, Martin_2025-11-19T21:23:23","Theuerkauf, Martin",author,37
"Tolksdorf, Johann Friedrich_2025-11-19T21:21:45","Tolksdorf, Johann Friedrich",author,37
"Ulrich, Jens_2025-11-19T21:38:08","Ulrich, Jens",author,37
"Vaněk, Aleš_2025-11-19T21:16:34","Vaněk, Aleš",author,37
"Vogel, Sebastian_2025-11-19T21:38:08","Vogel, Sebastian",author,37
"Vokurková, Petra_2025-11-19T21:16:34","Vokurková, Petra",author,37
"Westphal, Thorsten_2025-11-19T21:26:30","Westphal, Thorsten",author,37
"Wilcke, Wolfgang_2025-11-19T21:25:31","Wilcke, Wolfgang",author,37
"Wilke, Franziska D. H._2025-11-19T21:23:23","Wilke, Franziska D. H.",author,37
"Wirner, Michael_2025-11-19T21:38:08","Wirner, Michael",author,37
"Zádorová, Tereza_2025-11-19T21:16:34","Zádorová, Tereza",author,37
"de Boer, Anna Maartje_2025-11-19T21:38:08","de Boer, Anna Maartje",author,37
"Žížala, Daniel_2025-11-19T21:16:34","Žížala, Daniel",author,37
69825516c835c41957dfbd25,"""Holz ist ein Bedürfniß im Bergbau ...“ Holzverwendung in den hochmittelalterlichen Silberbergwerken von Dippoldiswalde",publication,37
69825516c835c41957dfcead,"A 2600-year record of past polycyclic aromatic hydrocarbons (PAHs) deposition at Holzmaar (Eifel, Germany)",publication,37
69825517c835c41957e0069b,"Colluvial sediments originating from past land-use activities in the Erzgebirge Mountains, Central Europe: occurrence, p",publication,37
69825517c835c41957dff7a3,"Evidence for Bronze Age and Medieval tin placer mining in the Erzgebirge mountains, Saxony (Germany)",publication,37
69825516c835c41957dfd2c1,Forest exploitation for charcoal production and timber since the 12th century in an intact medieval mining site in the N,publication,37
69825516c835c41957dfe869,"Fortification, mining, and charcoal production: landscape history at the abandoned medieval settlement of Hohenwalde at ",publication,37
69825516c835c41957dfc2e8,Grabung im Kutschenmuseum auf Schloss Augustusburg,publication,37
69825516c835c41957dfa0b1,Landscape history mirrored in colluvial profiles: A multi-proxy approach from a Luvisol region in Central Czechia,publication,37
69825517c835c41957e01810,Palaeobotanical evidence for agricultural activities in the Eifel region during the Holocene: plant macro-remain and pol,publication,37
69825517c835c41957dff991,"Palaeosols and their cover sediments of a glacial landscape in northern central Europe: Spatial distribution, pedostrati",publication,37
69825517c835c41957dffa4b,Past human impact in a mountain forest: geoarchaeology of a medieval glass production and charcoal hearth site in the Er,publication,37
69825517c835c41957e01811,Persistence of a vegetation mosaic in a peripheral region could turbulent medieval history disrupt Holocene continuity o,publication,37
69825516c835c41957dfbd2b,Prospektion oder Gewinnung? neue Hinweise zu Betriebskonzepten in sächsischen Bergbaurevieren des 12./13. Jahrhunderts,publication,37
69825517c835c41957dff85d,Quantification and dating of floodplain sedimentation in a medium-sized catchment of the German uplands: a case study fr,publication,37
69825516c835c41957dfbd2d,Rekonstruktion von Holznutzung und Landschaftsgeschichte in einer mittelalterlichen Bergbaulandschaft bei Niederpöbel i,publication,37
"Ayache, Mohamed_2025-11-19T21:22:18","Ayache, Mohamed",author,38
"Billy, Isabelle_2025-11-19T21:21:23","Billy, Isabelle",author,38
"Blamart, Dominique_2025-11-19T21:22:18","Blamart, Dominique",author,38
"Bourdin, Clément_2025-11-19T21:26:33","Bourdin, Clément",author,38
"Breitenbach, Sebastian F. M._2025-11-19T21:47:13","Breitenbach, Sebastian F. M.",author,38
"Cai, Wenju_2025-11-19T21:47:13","Cai, Wenju",author,38
"Cai, Yanjun_2025-11-19T21:47:13","Cai, Yanjun",author,38
"Chabangborn, Akkaneewut_2025-11-19T21:47:13","Chabangborn, Akkaneewut",author,38
"Chang, Chiou-Lian_2025-11-19T21:25:47","Chang, Chiou-Lian",author,38
"Chawchai, Sakonvan_2025-11-19T21:47:13","Chawchai, Sakonvan",author,38
"Chen, Huei-Fen_2025-11-19T21:25:50","Chen, Huei-Fen",author,38
"Chen, Rou-Fei_2025-11-19T21:25:50","Chen, Rou-Fei",author,38
"Chen, Su-Hwa_2025-11-19T21:25:50","Chen, Su-Hwa",author,38
"Chen, Yue-Gau_2025-11-19T21:25:50","Chen, Yue-Gau",author,38
"Cheng, Hai_2025-11-19T21:26:33","Cheng, Hai",author,38
"Chou, Yu-Chen_2025-11-19T21:47:13","Chou, Yu-Chen",author,38
"Colin, Christophe_2025-11-19T21:22:18","Colin, Christophe",author,38
"Collart, Tim_2025-11-19T21:22:18","Collart, Tim",author,38
"Copard, K._2025-11-19T21:24:29","Copard, K.",author,38
"Dapoigny, Arnaud_2025-11-19T21:22:18","Dapoigny, Arnaud",author,38
"Debret, Maxime_2025-11-19T21:22:18","Debret, Maxime",author,38
"Deflandre, Bruno_2025-11-19T21:21:23","Deflandre, Bruno",author,38
"Douville, Eric_2025-11-19T21:22:18","Douville, Eric",author,38
"Dubois-Dauphin, Quentin_2025-11-19T21:22:18","Dubois-Dauphin, Quentin",author,38
"Dubosq, Nicolas_2025-11-19T21:21:23","Dubosq, Nicolas",author,38
"Duerrast, Helmut_2025-11-19T21:47:13","Duerrast, Helmut",author,38
"Dutay, Jean-Claude_2025-11-19T21:22:18","Dutay, Jean-Claude",author,38
"Edwards, R. Lawrence_2025-11-19T21:26:33","Edwards, R. Lawrence",author,38
"Eynaud, Frédérique_2025-11-19T21:21:23","Eynaud, Frédérique",author,38
"Frank, Norbert_2025-11-19T21:22:18","Frank, Norbert",author,38
"Gao, Yongli_2025-11-19T21:47:13","Gao, Yongli",author,38
"Genty, Dominique_2025-11-19T21:26:33","Genty, Dominique",author,38
"Henderson, G.M._2025-11-19T21:24:29","Henderson, G.M.",author,38
"Hong, Eason_2026-01-14T22:07:20","Hong, Eason",author,38
"Hsieh, Yu-Chung_2025-11-19T21:25:50","Hsieh, Yu-Chung",author,38
"Hsu, Huang-Hsiung_2025-11-19T21:47:13","Hsu, Huang-Hsiung",author,38
"Huh, Chih-An_2025-11-19T21:25:50","Huh, Chih-An",author,38
"Kao, Wen-Yuan_2025-11-19T21:25:50","Kao, Wen-Yuan",author,38
"Kwiecien, Ola_2025-11-19T21:47:13","Kwiecien, Ola",author,38
"Labuhn, Inga_2025-11-19T21:26:33","Labuhn, Inga",author,38
"Lee, Cheng-Yi_2025-11-19T21:25:47","Lee, Cheng-Yi",author,38
"Lee, Meng-Yang_2025-11-19T21:25:50","Lee, Meng-Yang",author,38
"Lee, Teh-Quei_2025-11-19T21:25:47","Lee, Teh-Quei",author,38
"Liew, Ping-Mei_2025-11-19T21:25:47","Liew, Ping-Mei",author,38
"Löwemark, Ludvig_2025-11-19T21:25:50","Löwemark, Ludvig",author,38
"Meyers, Philip A._2025-11-19T21:25:50","Meyers, Philip A.",author,38
"Mienis, Furu_2025-11-19T21:22:18","Mienis, Furu",author,38
"Partin, Judson W._2025-11-19T21:47:13","Partin, Judson W.",author,38
"Pierre, Monique_2025-11-19T21:26:33","Pierre, Monique",author,38
"Pons-Branchu, Edwige_2025-11-19T21:22:18","Pons-Branchu, Edwige",author,38
"Ruan, Jiaoyang_2025-11-19T21:26:33","Ruan, Jiaoyang",author,38
"Schmidt, Sabine_2025-11-19T21:21:23","Schmidt, Sabine",author,38
"Scholten, J._2025-11-19T21:24:29","Scholten, J.",author,38
"Shen, Chuan-Chou_2025-11-19T21:47:13","Shen, Chuan-Chou",author,38
"Shi, Zhengguo_2025-11-19T21:47:13","Shi, Zhengguo",author,38
"Shiau, Liang-Jian_2025-11-19T21:25:50","Shiau, Liang-Jian",author,38
"Sicre, Marie-Alexandrine_2025-11-19T21:47:34","Sicre, Marie-Alexandrine",author,38
"Song, Sheng-Rong_2026-01-14T22:07:17","Song, Sheng-Rong",author,38
"Swingedouw, Didier_2025-11-19T21:22:18","Swingedouw, Didier",author,38
"Tan, Liangcheng_2025-11-19T21:47:13","Tan, Liangcheng",author,38
"Ther, Olivier_2025-11-19T21:21:23","Ther, Olivier",author,38
"Tisnérat-Laborde, Nadine_2025-11-19T21:22:18","Tisnérat-Laborde, Nadine",author,38
"Iratcabal, Vincent_2025-11-19T21:21:23",Vincent Iratçabal,author,38
"Wang, Liang-Chi_2025-11-19T21:25:50","Wang, Liang-Chi",author,38
"Wei, Kuo-Yen_2025-11-19T21:25:50","Wei, Kuo-Yen",author,38
"Wohlfarth, Barbara_2025-11-19T21:47:13","Wohlfarth, Barbara",author,38
"Wu, Chung-Che_2025-11-19T21:47:13","Wu, Chung-Che",author,38
"Wu, Jiunn-Tzong_2025-11-19T21:25:50","Wu, Jiunn-Tzong",author,38
"Wu, Meng-Huan_2025-11-19T21:25:47","Wu, Meng-Huan",author,38
"Yang, Tien-Nan_2025-11-19T21:25:50","Yang, Tien-Nan",author,38
"Chi, Zhenqing_2026-01-14T22:07:18",,author,38
"Wang, Yong_2026-01-14T22:07:19",,author,38
69825516c835c41957dfd2ec,A high-resolution fluid inclusion δ 18O record from a stalagmite in SW France: modern calibration and comparison with mu,publication,38
69825517c835c41957e019db,A multiproxy lake record from Inner Mongolia displays a late Holocene teleconnection between Central Asian and North Atl,publication,38
69825516c835c41957dfb9b6,"History of the sedimentary regimes of the Aquitaine margin (Bay of Biscay, France) at the outlet of its main tributaries",publication,38
69825516c835c41957dfc90b,Late Holocene intermediate water variability in the northeastern Atlantic as recorded by deep-sea corals,publication,38
69825516c835c41957dfbe1a,Millennial-scale variations of the holocene north atlantic mid-depth gyre inferred from radiocarbon and neodymium isotop,publication,38
69825516c835c41957dfd019,Paleohydrological changes in northeastern Taiwan over the past 2 ky inferred from biological proxies in the sediment rec,publication,38
69825517c835c41957e00bf8,"Rainfall variations in central Indo-Pacific over the past 2,700 y",publication,38
69825516c835c41957dfcfe7,Recent 4000 years of climatic trends based on pollen records from lakes and a bog in Taiwan,publication,38
"Amorim, Antonio_2025-11-19T21:23:35","Amorim, Antonio",author,39
"Anagnostou, Paolo_2025-11-19T21:26:18","Anagnostou, Paolo",author,39
"Ben Chibani, Jemni_2025-11-19T21:26:18","Ben Chibani, Jemni",author,39
"Blöcher, Jens_2025-11-19T21:34:28","Blöcher, Jens",author,39
"Bondioli, Luca_2025-11-19T21:32:18","Bondioli, Luca",author,39
"Boschi, Ilaria_2025-11-19T21:23:35","Boschi, Ilaria",author,39
"Brion, Maria_2025-11-19T21:23:35","Brion, Maria",author,39
"Brisighelli, Francesca_2025-11-19T21:23:35","Brisighelli, Francesca",author,39
"Bulayeva, Kazima_2025-11-19T21:26:18","Bulayeva, Kazima",author,39
"Buresi, Catherine_2025-11-19T21:26:18","Buresi, Catherine",author,39
"Burger, Joachim_2025-11-19T21:16:49","Burger, Joachim",author,39
"Busby, George B.J._2025-11-19T21:26:18","Busby, George B.J.",author,39
"Cali, Francesco_2025-11-19T21:23:35","Cali, Francesco",author,39
"Capelli, Cristian_2025-11-19T21:23:35","Capelli, Cristian",author,39
"Czermak, Andrea_2025-11-19T21:39:29","Czermak, Andrea",author,39
"Denden, Sabri_2025-11-19T21:26:18","Denden, Sabri",author,39
"Ferri, Gianmarco_2025-11-19T21:23:35","Ferri, Gianmarco",author,39
"Gairhos, Anja_2025-11-19T21:34:28","Gairhos, Anja",author,39
"Gatto, Francesco_2025-11-19T21:23:35","Gatto, Francesco",author,39
"Grigat, Andrea_2025-11-19T21:48:51","Grigat, Andrea",author,39
"Groß, Melanie_2025-11-19T21:34:28","Groß, Melanie",author,39
"Gusmao, Leonor_2025-11-19T21:23:35","Gusmao, Leonor",author,39
"Haas-Gebhard, Brigitte_2025-11-19T21:34:28","Haas-Gebhard, Brigitte",author,39
"Haberstroh, Jochen_2025-11-19T21:18:25","Haberstroh, Jochen",author,39
"Haj-Khelil, Amel_2025-11-19T21:26:18","Haj-Khelil, Amel",author,39
"Harbeck, Michaela_2025-11-19T21:28:38","Harbeck, Michaela",author,39
"Hayward, Caroline_2025-11-19T21:26:18","Hayward, Caroline",author,39
"Hellenthal, Garrett_2025-11-19T21:26:18","Hellenthal, Garrett",author,39
"Herrera, Rene J._2025-11-19T21:26:18","Herrera, Rene J.",author,39
"Hervig, Tor_2025-11-19T21:26:18","Hervig, Tor",author,39
"Immler, Franziska_2025-11-19T21:28:38","Immler, Franziska",author,39
"Karachanak-Yankova, Sena_2025-11-19T21:26:18","Karachanak-Yankova, Sena",author,39
"Kirin, Mirna_2025-11-19T21:23:35","Kirin, Mirna",author,39
"Kirsanow, Karola_2025-11-19T21:34:28","Kirsanow, Karola",author,39
"Krajewski, Pawel_2025-11-19T21:26:18","Krajewski, Pawel",author,39
"Lee, Ja Young_2025-11-19T21:47:50","Lee, Ja Young",author,39
"Lefranc, Gerard_2025-11-19T21:26:18","Lefranc, Gerard",author,39
"Link, Vivian_2025-11-19T21:34:28","Link, Vivian",author,39
"López, Saioa_2025-11-19T21:34:28","López, Saioa",author,39
"Masullo, Mara_2025-11-19T21:23:35","Masullo, Mara",author,39
"Meier, Thomas_2025-11-19T21:22:17","Meier, Thomas",author,39
"Merlitti, Davide_2025-11-19T21:23:35","Merlitti, Davide",author,39
"Moen, Torolf_2025-11-19T21:26:18","Moen, Torolf",author,39
"Myers, Simon_2025-11-19T21:26:18","Myers, Simon",author,39
"Nesheva, Desislava_2025-11-19T21:26:18","Nesheva, Desislava",author,39
"Pascali, Vincenzo_2025-11-19T21:23:35","Pascali, Vincenzo",author,39
"Ploski, Rafal_2025-11-19T21:26:18","Ploski, Rafal",author,39
"Päffgen, Bernd_2025-11-19T21:34:28","Päffgen, Bernd",author,39
"Romano, Valentino_2025-11-19T21:23:35","Romano, Valentino",author,39
"Rott, Andreas_2025-11-19T21:28:38","Rott, Andreas",author,39
"Rudan, Igor_2025-11-19T21:26:18","Rudan, Igor",author,39
"Scarnicci, Francesca_2025-11-19T21:23:35","Scarnicci, Francesca",author,39
"Scholz, Ulrike_2025-11-19T21:28:38","Scholz, Ulrike",author,39
"Sell, Christian_2025-11-19T21:34:28","Sell, Christian",author,39
"Tagliabracci, Adriano_2025-11-19T21:23:35","Tagliabracci, Adriano",author,39
"Tofanelli, Sergio_2025-11-19T21:23:35","Tofanelli, Sergio",author,39
"Toncala, Anita_2025-11-19T21:48:51","Toncala, Anita",author,39
"Toncheva, Draga_2025-11-19T21:26:18","Toncheva, Draga",author,39
"Trautmann, Bernd_2025-11-19T21:34:28","Trautmann, Bernd",author,39
"Onofri, Valerio_2025-11-19T21:23:35",Valerio Onofri,author,39
"Velte, Maren_2025-11-19T21:48:51","Velte, Maren",author,39
"Verea, Alejandro Blanco_2025-11-19T21:23:35","Verea, Alejandro Blanco",author,39
"Wilson, James F._2025-11-19T21:26:18","Wilson, James F.",author,39
"Wolfseder-Freitag, Angelika_2025-11-19T21:47:50","Wolfseder-Freitag, Angelika",author,39
"Wührer, Barbara_2025-11-19T21:22:17","Wührer, Barbara",author,39
"Zemunik, Tatijana_2025-11-19T21:26:18","Zemunik, Tatijana",author,39
"van Dorp, Lucy_2025-11-19T21:34:28","van Dorp, Lucy",author,39
"von Heyking, Kristin_2025-11-19T21:28:38","von Heyking, Kristin",author,39
69825517c835c41957e010db,Between Raetia Secunda and the dutchy of Bavaria: Exploring patterns of human movement and diet,publication,39
69825516c835c41957dfbdfe,Das frühe Mittelalter,publication,39
69825516c835c41957dfda86,Early medieval stone-lined graves in Southern Germany: analysis of an emerging noble class,publication,39
69825516c835c41957dfc445,Moors and Saracens in Europe: estimating the medieval North African male legacy in southern Europe,publication,39
69825516c835c41957dfef50,Population genomic analysis of elongated skulls reveals extensive female-biased immigration in Early Medieval Bavaria,publication,39
69825517c835c41957e00d55,"Prone burials and evidence of interpersonal violence: A case study from early medieval Bavaria, Germany",publication,39
69825516c835c41957dfd1f9,The Role of Recent Admixture in Forming the Contemporary West Eurasian Genomic Landscape,publication,39
"Ammann, Sandra_2025-11-19T21:49:10","Ammann, Sandra",author,40
"Batalova, Vlada_2025-11-19T21:18:46","Batalova, Vlada",author,40
"Baumecker, Michael_2025-11-19T21:18:32","Baumecker, Michael",author,40
"Bañuelos, Laura_2025-11-19T21:49:10","Bañuelos, Laura",author,40
"Bär, Barbara_2025-11-19T21:48:33","Bär, Barbara",author,40
"Bittmann, Felix_2025-11-19T21:18:32","Bittmann, Felix",author,40
"Blatter, Robert_2025-11-19T21:27:49","Blatter, Robert",author,40
"Breuer, Guido_2025-11-19T21:27:48","Breuer, Guido",author,40
"Brunner, Stefanie_2025-11-19T21:41:21","Brunner, Stefanie",author,40
"Claaßen, Benjamin_2025-11-19T21:23:21","Claaßen, Benjamin",author,40
"Dannath, Yasmin_2025-11-19T21:21:36","Dannath, Yasmin",author,40
"Deschler-Erb, Sabine_2025-11-19T21:22:54","Deschler-Erb, Sabine",author,40
"Filatova, Sofia_2025-11-19T21:23:21","Filatova, Sofia",author,40
"Friedland, Sarah Nelly_2025-11-19T21:21:36","Friedland, Sarah Nelly",author,40
"Furger, Alex R._2025-11-19T21:49:10","Furger, Alex R.",author,40
"Ginella, Francesca_2025-11-19T21:23:00","Ginella, Francesca",author,40
"Granado, José_2025-11-19T21:22:54","Granado, José",author,40
"Grau-Sologestoa, Idoia_2025-11-19T21:42:25","Grau-Sologestoa, Idoia",author,40
"Groenendijk, Henny A._2025-11-19T21:22:38","Groenendijk, Henny A.",author,40
"Hüster-Plogmann, Heide_2025-11-19T21:39:42","Hüster-Plogmann, Heide",author,40
"Jacomet, Stefanie_2025-11-19T21:39:42","Jacomet, Stefanie",author,40
"Jahns, Susanne_2025-11-19T21:18:32","Jahns, Susanne",author,40
"Karg, Sabine_2025-11-19T21:50:55","Karg, Sabine",author,40
"Kirleis, Wiebke_2025-11-19T21:18:32","Kirleis, Wiebke",author,40
"Knol, Egge_2025-11-19T21:16:20","Knol, Egge",author,40
"Komluski, Jovan_2025-11-19T21:23:21","Komluski, Jovan",author,40
"Krause-Kyora, Ben_2025-11-19T21:23:21","Krause-Kyora, Ben",author,40
"König, Sonja_2025-11-19T21:18:32","König, Sonja",author,40
"Lange, Jürg_2025-11-19T21:49:10","Lange, Jürg",author,40
"Marti, Reto_2025-11-19T21:40:56","Marti, Reto",author,40
"Marti-Grädel, Elisabeth_2025-11-19T21:22:54","Marti-Grädel, Elisabeth",author,40
"Mauvilly, Michel_2025-11-19T21:48:33","Mauvilly, Michel",author,40
"Nelle, Oliver_2025-11-19T21:24:34","Nelle, Oliver",author,40
"Nuber, Hans Ulrich_2025-11-19T21:18:48","Nuber, Hans Ulrich",author,40
"Orlova, Elizaveta_2025-11-19T21:18:46","Orlova, Elizaveta",author,40
"Pereskokov, Mikhail_2025-11-19T21:18:46","Pereskokov, Mikhail",author,40
"Reddé, M._2025-11-19T21:39:42","Reddé, M.",author,40
"Rehazek, André._2025-11-19T21:27:48","Rehazek, André.",author,40
"Rösch, Manfred_2025-11-19T21:20:52","Rösch, Manfred",author,40
"Schäfer, Marguerita_2025-11-19T21:22:54","Schäfer, Marguerita",author,40
"Schibler, Jörg_2025-11-19T21:22:54","Schibler, Jörg",author,40
"Schlumbaum, Angela_2025-11-19T21:22:54","Schlumbaum, Angela",author,40
"Schlütz, Frank_2025-11-19T21:18:32","Schlütz, Frank",author,40
"Schmid, Debora_2025-11-19T21:49:10","Schmid, Debora",author,40
"Schucany, Caty_2026-01-15T08:58:33","Schucany, Caty",author,40
"Schwarz, Peter-Andrew_2025-11-19T21:39:42","Schwarz, Peter-Andrew",author,40
"Seitz, Gabriele_2025-11-19T21:18:48","Seitz, Gabriele",author,40
"Shumilovskikh, Lyudmila_2025-11-19T21:18:32","Shumilovskikh, Lyudmila",author,40
"Stopp, Barbara_2025-11-19T21:21:36","Stopp, Barbara",author,40
"Stukenbrock, Eva H._2025-11-19T21:23:21","Stukenbrock, Eva H.",author,40
"Taayke, Ernst_2025-11-19T21:22:37","Taayke, Ernst",author,40
"Turgay, Meral_2025-11-19T21:27:49","Turgay, Meral",author,40
"Vandorpe, Patricia_2025-11-19T21:39:42","Vandorpe, Patricia",author,40
"Wick, Lucia_2025-11-19T21:39:42","Wick, Lucia",author,40
"Wright, Elizabeth_2025-11-19T21:22:54","Wright, Elizabeth",author,40
"Zagermann, Marcus_2025-11-19T21:18:48","Zagermann, Marcus",author,40
69825517c835c41957e005ec,"Animal husbandry between the Roman times and the High Middle Ages in central Europe: a biometrical analysis of cattle, s",publication,40
69825516c835c41957dfac01,Archaeobotanical and isotope studies evidence crop cultivation already during the Early Iron Age in the boreal forests o,publication,40
69825517c835c41957e00fc3,Arconciel/Sous les Châteaux : neue Erkenntnisse zur menschlichen Nutzung von Felsschutzdächern an der Saane,publication,40
69825517c835c41957dffe01,Combining archaeozoology and molecular genetics : the reason behind the changes in cattle size between 150BC and 700AD i,publication,40
69825516c835c41957dfc991,Combining pollen and charcoal: evaluating Holocene vegetation composition and dynamics,publication,40
69825516c835c41957dfbfda,"Een rijk versierde, laat-middeleeuwse pareerstang uit Mensingeweer (De Marne, Gr.)",publication,40
69825517c835c41957e002f2,Eine spätrömische Nekropole westlich des Castrum Rauracense : das Gräberfeld Kaiseraugst-Höll,publication,40
69825516c835c41957dfbfd4,"HET VROEG-MIDDELEEUWSE AARDEWERK VAN TRITSUM, GEM. FRANEKERADEEL (FR.)",publication,40
69825516c835c41957dfe0a1,"Lamm, Gitzi und Fisch : gehobene Esskultur im 12. Jahrhundert",publication,40
69825516c835c41957dfbfe5,Marum-Oude Diep en Lellens-Borgweg (Gr.). Aanzet tot nieuwe inzichten in grafbestel door 14C dateringen,publication,40
69825517c835c41957dffdfb,"Oedenburg : une agglomération d'époque romaine sur le Rhin Supérieur : fouilles francaises, allemandes et suisses sur",publication,40
69825517c835c41957e01a28,"Oedenburg. Une agglomération d'époque romaine sur le Rhin supérieur : Fouilles françaises, allemandes et suisses à Biesh",publication,40
69825516c835c41957dfba91,"Ritus, Rausch und Randerscheinungen : die Pflanzenreste der spätslawischen Inselburg Olsborg im Grossen Plöner See (Sc",publication,40
69825516c835c41957dfc357,Sequencing of historical plastid genomes reveal exceptional genetic diversity in early domesticated rye plants,publication,40
69825516c835c41957dfaaac,"Stable isotope analyses (δ15N, δ34S, δ13C) locate early rye cultivation in northern Europe within diverse manuring pract",publication,40
69825517c835c41957e01809,The history of cereals in the region of the former Duchy of Swabia (Herzogtum Schwaben) from the Roman to the Post-medie,publication,40
69825517c835c41957e01198,The mtDNA D-Loop Legacy of Cattle: Fluctuations in Diversity from the Neolithic to Early Medieval Times in Switzerland,publication,40
69825516c835c41957dfd7f7,Veränderung der Körpergrösse von Haustieren aus Fundstellen der Nordschweiz von der Spätlatènezeit bis ins Frühmit,publication,40
69825516c835c41957dfac2c,Zwischen Vogesen und Schwarzwald: die Region um Brisiacum/Breisach und Argentovaria/Oedenburg in der Spätantike,publication,40
"Alexander, Michelle_2025-11-19T21:18:29","Alexander, Michelle",author,41
"Alt, Kurt W._2025-11-19T21:26:48","Alt, Kurt W.",author,41
"Barrocas-Dias, Cristina_2025-11-19T21:21:00","Barrocas-Dias, Cristina",author,41
"Beierlein, Lars_2025-11-19T21:34:05","Beierlein, Lars",author,41
"Belém, Inês_2025-11-19T21:18:34","Belém, Inês",author,41
"Borns, Harold_2025-11-19T21:23:47","Borns, Harold",author,41
"Brandt, Guido_2025-11-19T21:25:56","Brandt, Guido",author,41
"Cardoso, Francisca Alves_2025-11-19T21:18:29","Cardoso, Francisca Alves",author,41
"Curto, Ana_2025-11-19T21:18:04","Curto, Ana",author,41
"Deter, Chris_2025-11-19T21:21:40","Deter, Chris",author,41
"Aris, Christopher_2025-11-19T21:21:40",Dr Christopher Aris,author,41
"Fahy, Geraldine_2025-11-19T21:18:04","Fahy, Geraldine",author,41
"Feindel, Scott_2025-11-19T21:23:47","Feindel, Scott",author,41
"Fernandes, Teresa_2025-11-19T21:18:04","Fernandes, Teresa",author,41
"Filipe, Vanessa_2025-11-19T21:18:29","Filipe, Vanessa",author,41
"Fragata, Matthias_2025-11-19T21:26:48","Fragata, Matthias",author,41
"Galer, Stephen J G_2025-11-19T21:34:05","Galer, Stephen J G",author,41
"García-Collado, Maite I_2025-11-19T21:18:29","García-Collado, Maite I",author,41
"Hubensack, Vera_2025-11-19T21:26:48","Hubensack, Vera",author,41
"Introne, Douglas S._2025-11-19T21:26:32","Introne, Douglas S.",author,41
"Karimnia, Sarah_2025-11-19T21:25:56","Karimnia, Sarah",author,41
"Knipper, Corina_2025-11-19T21:16:50","Knipper, Corina",author,41
"Kreutz, Karl_2025-11-19T21:23:47","Kreutz, Karl",author,41
"Liberato, Marco_2025-11-19T21:16:37","Liberato, Marco",author,41
"Maasch, Kirk_2025-11-19T21:23:47","Maasch, Kirk",author,41
"MacRoberts, Rebecca Anne_2025-11-19T21:16:37","MacRoberts, Rebecca Anne",author,41
"Mahoney, Patrick_2025-11-19T21:18:04","Mahoney, Patrick",author,41
"Matos Fernandes, Teresa_2025-11-19T21:16:37","Matos Fernandes, Teresa",author,41
"Maurer, Anne-France_2025-11-19T21:16:37","Maurer, Anne-France",author,41
"Meller, Harald_2025-11-19T21:26:48","Meller, Harald",author,41
"Metzner-Nebelsick, Carola_2025-11-19T21:26:48","Metzner-Nebelsick, Carola",author,41
"Meyer, Christian_2025-11-19T21:29:41","Meyer, Christian",author,41
"Müller, Christiane_2025-11-19T21:25:56","Müller, Christiane",author,41
"Neto, Nuno_2025-11-19T21:18:29","Neto, Nuno",author,41
"Nicklisch, Nicole_2025-11-19T21:25:56","Nicklisch, Nicole",author,41
"Nunn, Elizabeth V_2025-11-19T21:34:05","Nunn, Elizabeth V",author,41
"O'Hara, Mackie C_2025-11-19T21:21:56","O'Hara, Mackie C",author,41
"Oxborough, Charlotte_2025-11-19T21:18:29","Oxborough, Charlotte",author,41
"Pershing, Andrew_2025-11-19T21:23:47","Pershing, Andrew",author,41
"Peters, Daniel_2025-11-19T21:25:56","Peters, Daniel",author,41
"Rebelo, Paulo_2025-11-19T21:18:29","Rebelo, Paulo",author,41
"Relvado, Claudia_2025-11-19T21:16:37","Relvado, Claudia",author,41
"Ribeiro, Sara_2025-11-19T21:16:37","Ribeiro, Sara",author,41
"Roca-Rada, Xavier_2025-11-19T21:16:37","Roca-Rada, Xavier",author,41
"Rosner, Martin_2025-11-19T21:25:56","Rosner, Martin",author,41
"Roth, Christina_2025-11-19T21:25:56","Roth, Christina",author,41
"Santos, José Francisco_2025-11-19T21:16:37","Santos, José Francisco",author,41
"Schifano, Simona_2025-11-19T21:18:29","Schifano, Simona",author,41
"Schöne, Bernd R_2025-11-19T21:16:37","Schöne, Bernd R",author,41
"Siebert, Angelina_2025-11-19T21:26:48","Siebert, Angelina",author,41
"Soares, Joaquina_2025-11-19T21:18:29","Soares, Joaquina",author,41
"Casimiro, Silvia_2025-11-19T21:18:29",Sílvia Casimiro,author,41
"Teixeira, João C_2025-11-19T21:16:37","Teixeira, João C",author,41
"Toso, Alice_2025-11-19T21:18:29","Toso, Alice",author,41
"Tütken, Thomas_2025-11-19T21:34:05","Tütken, Thomas",author,41
"Valente, Maria João_2025-11-19T21:16:37","Valente, Maria João",author,41
"Vasconcelos Vilar, Hermínia_2025-11-19T21:16:37","Vasconcelos Vilar, Hermínia",author,41
"Wanamaker, Alan D_2025-11-19T21:47:34","Wanamaker, Alan D",author,41
"da Silva Gonçalves, Maria José_2025-11-19T21:18:29","da Silva Gonçalves, Maria José",author,41
"da Silva, Rodrigo Banha_2025-11-19T21:18:29","da Silva, Rodrigo Banha",author,41
"de Castro Filipe, Anabela Novais_2025-11-19T21:18:29","de Castro Filipe, Anabela Novais",author,41
"von Freeden, Uta_2025-11-19T21:25:56","von Freeden, Uta",author,41
69825516c835c41957dfd3f8,A distinct section of the early bronze age society? Stable isotope investigations of burials in settlement pits and mult,publication,41
69825516c835c41957dfc556,"A late Holocene paleo-productivity record in the western Gulf of Maine, USA, inferred from growth histories of the long-",publication,41
69825516c835c41957dfee4b,Bioavailable 87Sr/86Sr in different environmental samples--effects of anthropogenic contamination and implications for i,publication,41
69825516c835c41957dfaacd,Chapter 11 A PORTRAIT OF DISEASE IN MEDIEVAL PORTUGAL THE CONTRIBUTION OF PALAEOPATHOLOGY,publication,41
69825516c835c41957dfaa6b,Child-mother relationships and childhood dietary patterns in the Iberian Peninsula uncovered by Bayesian isotopic approa,publication,41
69825516c835c41957dfa81e,"Did military orders influence the general population diet? Stable isotopes analysis from Medieval Tomar, Portugal",publication,41
69825516c835c41957dfbae6,Enamel growth rates of anterior teeth in males and females from modern and ancient British populations,publication,41
69825516c835c41957dfbc40,Enamel thickness and growth rates in modern human permanent first molars over a 2000 year period in Britain,publication,41
69825516c835c41957dfd2e7,Gulf of Maine shells reveal changes in seawater temperature seasonality during the Medieval Climate Anomaly and the Litt,publication,41
69825516c835c41957dfd086,"Lombards on the move--an integrative study of the migration period cemetery at Szólád, Hungary",publication,41
69825516c835c41957dfa0d7,"Shrouded in history: Unveiling the ways of life of an early Muslim population in Santarém, Portugal (8th- 10th century A",publication,41
69825517c835c41957e00e8a,Skeletal Trauma as an Indicator of Directed Interpersonal Violence in Early Medieval Germany Evidence from the Large Mer,publication,41
"Anz, Thomas_2025-11-19T21:20:48","Anz, Thomas",author,42
"Bachmaier, Helmut_2025-11-19T21:20:45","Bachmaier, Helmut",author,42
"Bauer, Michael_2025-11-19T21:20:47","Bauer, Michael",author,42
"Bauer, Stefan_2025-11-19T21:20:47","Bauer, Stefan",author,42
"Bauerová, M_2025-11-19T21:28:03","Bauerová, M",author,42
"Beiküfner, Uta_2025-11-19T21:20:47","Beiküfner, Uta",author,42
"Beutin, Heidi_2025-11-19T21:20:48","Beutin, Heidi",author,42
"Beutin, Wolfgang_2025-11-19T21:20:47","Beutin, Wolfgang",author,42
"Blamberger, Günter_2025-11-19T21:20:46","Blamberger, Günter",author,42
"Conter, Claude D._2025-11-19T21:20:47","Conter, Claude D.",author,42
"Csákyová, V_2025-11-19T21:28:03","Csákyová, V",author,42
"Csősz, Aranka_2025-11-19T21:28:08","Csősz, Aranka",author,42
"Danneberg, Lutz_2025-11-19T21:20:43","Danneberg, Lutz",author,42
"Dietz, Ludwig_2025-11-19T21:20:47","Dietz, Ludwig",author,42
"Emmerich, Wolfgang_2025-11-19T21:20:47","Emmerich, Wolfgang",author,42
"Fusek, G_2025-11-19T21:28:03","Fusek, G",author,42
"Grimm, Gunter E._2025-11-19T21:20:47","Grimm, Gunter E.",author,42
"Habersetzer, Karl-Heinz_2025-11-19T21:20:47","Habersetzer, Karl-Heinz",author,42
"Hagestedt, Lutz_2025-11-19T21:20:47","Hagestedt, Lutz",author,42
"Hauschild, Jan-Christoph_2025-11-19T21:20:47","Hauschild, Jan-Christoph",author,42
"Heidtmann, Horst_2025-11-19T21:20:47","Heidtmann, Horst",author,42
"Hilzinger, Sonja_2025-11-19T21:20:47","Hilzinger, Sonja",author,42
"Hoben, Josef_2025-11-19T21:20:44","Hoben, Josef",author,42
"Hollmer, Heide_2025-11-19T21:20:47","Hollmer, Heide",author,42
"Hotz, Karl_2025-11-19T21:20:47","Hotz, Karl",author,42
"Jansen, Hans_2025-11-19T21:20:48","Jansen, Hans",author,42
"Jeßing, Benedikt_2025-11-19T21:20:47","Jeßing, Benedikt",author,42
"Knoche, Susanne_2025-11-19T21:20:47","Knoche, Susanne",author,42
"Knopf, Jan_2025-11-19T21:20:42","Knopf, Jan",author,42
"Köhnen, Ralph_2025-11-19T21:20:47","Köhnen, Ralph",author,42
"Kreidt, Dietrich_2025-11-19T21:20:47","Kreidt, Dietrich",author,42
"Kretschmer, Ernst_2025-11-19T21:20:47","Kretschmer, Ernst",author,42
"Liebl-Kopitzki, Waltraut_2025-11-19T21:20:47","Liebl-Kopitzki, Waltraut",author,42
"Lutz, Bernd_2025-11-19T21:20:47","Lutz, Bernd",author,42
"Makovický, P_2025-11-19T21:28:03","Makovický, P",author,42
"Meid, Marianne_2025-11-19T21:20:47","Meid, Marianne",author,42
"Meid, Volker_2025-11-19T21:20:44","Meid, Volker",author,42
"Mende, Dirk_2025-11-19T21:20:47","Mende, Dirk",author,42
"Modick, Klaus_2025-11-19T21:20:43","Modick, Klaus",author,42
"Möhrmann, Renate_2025-11-19T21:20:43","Möhrmann, Renate",author,42
"Müller, Wolfgang_2025-11-19T21:20:47","Müller, Wolfgang",author,42
"Müller-Hanpft, Susanne_2025-11-19T21:20:48","Müller-Hanpft, Susanne",author,42
"Ohde, Horst_2025-11-19T21:20:47","Ohde, Horst",author,42
"Pethes, Nicolas_2025-11-19T21:20:47","Pethes, Nicolas",author,42
"Reck, Alexander_2025-11-19T21:20:47","Reck, Alexander",author,42
"Rohrwasser, Michael_2025-11-19T21:20:47","Rohrwasser, Michael",author,42
"Schafroth, Heinz F._2025-11-19T21:20:47","Schafroth, Heinz F.",author,42
"Schmähling, Walter_2025-11-19T21:20:47","Schmähling, Walter",author,42
"Schmitz, Matthias_2025-11-19T21:20:46","Schmitz, Matthias",author,42
"Schneider, Ronald_2025-11-19T21:20:48","Schneider, Ronald",author,42
"Schönert, Jörg_2025-11-19T21:20:43","Schönert, Jörg",author,42
"Schwab, Hans-Rüdiger_2025-11-19T21:20:44","Schwab, Hans-Rüdiger",author,42
"Schweikert, Uwe_2025-11-19T21:20:47","Schweikert, Uwe",author,42
"Stark, Michael_2025-11-19T21:20:47","Stark, Michael",author,42
"Stein, Peter G._2025-11-19T21:31:51","Stein, Peter G.",author,42
"Stephan, Inge_2025-11-19T21:20:47","Stephan, Inge",author,42
"Stollmann, Rainer_2025-11-19T21:20:47","Stollmann, Rainer",author,42
"Töteberg, Michael_2025-11-19T21:20:47","Töteberg, Michael",author,42
"Vaßen, Florian_2025-11-19T21:20:47","Vaßen, Florian",author,42
"Viering, Jürgen_2025-11-19T21:20:48","Viering, Jürgen",author,42
"Vollhardt, Friedrich_2025-11-19T21:20:47","Vollhardt, Friedrich",author,42
"Wagner, Hans-Ulrich_2025-11-19T21:20:48","Wagner, Hans-Ulrich",author,42
"Walther, Elisabeth_2025-11-19T21:20:47","Walther, Elisabeth",author,42
"Wehdeking, Volker_2025-11-19T21:20:47","Wehdeking, Volker",author,42
"Weißenborn, Birgit_2025-11-19T21:20:48","Weißenborn, Birgit",author,42
"Wetzel, Heinz_2025-11-19T21:20:47","Wetzel, Heinz",author,42
"Williams, Rhys W._2025-11-19T21:20:47","Williams, Rhys W.",author,42
"Zeidler, Lothar_2025-11-19T21:20:47","Zeidler, Lothar",author,42
69825516c835c41957dfb727,Autoren A-Z,publication,42
69825516c835c41957dfd8b5,Maternal relationship analysis of skeletal remains from Early Medieval cemetery in Slovakia,publication,42
69825516c835c41957dfb72b,Metzler Autoren Lexicon : Deutschsprachige Dichter und Schriftsteller vom Mittelalter bis zur Gegenwart,publication,42
69825516c835c41957dfb720,Metzler Autoren Lexikon,publication,42
69825516c835c41957dfb6b7,Zur Transnationalität und Internationalisierung von Wissenschaft,publication,42
"Barrett, Catherine Jean_2025-11-19T21:31:17","Barrett, Catherine Jean",author,43
"Bartkiewicz, Katarzyna_2025-11-19T21:24:05","Bartkiewicz, Katarzyna",author,43
"Bas, Marlon_2025-11-19T21:18:03","Bas, Marlon",author,43
"Berger, Barbara_2025-11-19T21:21:41","Berger, Barbara",author,43
"Bertl, Kristina_2025-11-19T21:21:41","Bertl, Kristina",author,43
"Burmeister, Stefan_2025-11-19T21:30:42","Burmeister, Stefan",author,43
"Fehr, Hubert_2025-11-19T21:26:35","Fehr, Hubert",author,43
"Fitzpatrick, Andrew P._2025-11-19T21:30:42","Fitzpatrick, Andrew P.",author,43
"Gebühr, Michael_2025-11-19T21:30:42","Gebühr, Michael",author,43
"Gimatzidis, Stefanos_2025-11-19T21:31:55","Gimatzidis, Stefanos",author,43
"Grossschmidt, Karl_2025-11-19T21:21:20","Grossschmidt, Karl",author,43
"Haselgrove, Colin_2025-11-19T21:30:42","Haselgrove, Colin",author,43
"Heimel, Patrick_2025-11-19T21:18:03","Heimel, Patrick",author,43
"Huber, CD_2025-11-19T21:25:07","Huber, CD",author,43
"James, Simon_2025-11-19T21:25:58","James, Simon",author,43
"Kanz, Fabian_2025-11-19T21:18:03","Kanz, Fabian",author,43
"Kemkes, Martin_2025-11-19T21:26:36","Kemkes, Martin",author,43
"Krausz, Sophie_2025-11-19T21:48:44","Krausz, Sophie",author,43
"Krmnicek, Stefan_2025-11-19T21:26:11","Krmnicek, Stefan",author,43
"Kurzmann, Christoph_2025-11-19T21:18:03","Kurzmann, Christoph",author,43
"MacInnes, L._2025-11-19T21:30:58","MacInnes, L.",author,43
"Meinl, A_2025-11-19T21:25:07","Meinl, A",author,43
"Meyer, Michael_2025-11-19T21:26:37","Meyer, Michael",author,43
"Mordvintseva, Valentina I._2025-11-19T21:31:55","Mordvintseva, Valentina I.",author,43
"Nowakowski, Wojciech_2025-11-19T21:24:05","Nowakowski, Wojciech",author,43
"Rebay‐Salisbury, Katharina_2025-11-19T21:18:03","Rebay‐Salisbury, Katharina",author,43
"Reinhold, Sabine_2025-11-19T21:31:55","Reinhold, Sabine",author,43
"Rogers, Adam_2025-11-19T21:32:09","Rogers, Adam",author,43
"Rottensteiner, GM_2025-11-19T21:25:07","Rottensteiner, GM",author,43
"Rustoiu, Aurel_2025-11-19T21:31:48","Rustoiu, Aurel",author,43
"Rybaczek, Tina_2025-11-19T21:21:41","Rybaczek, Tina",author,43
"Schuller-Götzburg, Peter_2025-11-19T21:21:41","Schuller-Götzburg, Peter",author,43
"Sievers, Susanne_2025-11-19T21:26:14","Sievers, Susanne",author,43
"Tangl, Stefan_2025-11-19T21:21:41","Tangl, Stefan",author,43
"Theune, Claudia_2025-11-19T21:26:11","Theune, Claudia",author,43
"Traindl-Prohazka, Martina_2025-11-19T21:21:41","Traindl-Prohazka, Martina",author,43
"Waltenberger, Lukas_2025-11-19T21:18:03","Waltenberger, Lukas",author,43
"Watzak, G_2025-11-19T21:25:07","Watzak, G",author,43
"Watzek, G_2025-11-19T21:25:07","Watzek, G",author,43
"Wells, Peter S._2025-11-19T21:17:29","Wells, Peter S.",author,43
"Wild, John Peter_2025-11-19T21:30:58","Wild, John Peter",author,43
"Wolters, Reinhard_2025-11-19T21:26:36","Wolters, Reinhard",author,43
69825516c835c41957dfc6df,Baltes et proto-Slaves dans l'Antiquité. Textes et archéologie,publication,43
69825516c835c41957dfe4ad,Barbarians and Romans in North-West Europe from the Later Republic to Late Antiquity,publication,43
69825516c835c41957dfcc98,Caries frequency and distribution in an early medieval Avar population from Austria,publication,43
69825517c835c41957e0106b,Chronology in Iron Age Europe : Current Approaches and Challenges,publication,43
69825516c835c41957dfe429,Demographic Aspects of Iron Age Societies,publication,43
69825516c835c41957dfe670,Eastern Central Europe : Between the Elbe and the Dnieper,publication,43
69825516c835c41957dfd315,Emergence of the Provinces,publication,43
69825516c835c41957dfb972,Head injuries of Roman gladiators,publication,43
69825516c835c41957dfe789,Indigenous Communities under Rome,publication,43
69825516c835c41957dfe428,Migration,publication,43
69825517c835c41957e0106c,North-West Europe,publication,43
69825516c835c41957dfe6d4,Northern Greece and the Central Balkans,publication,43
69825517c835c41957dffae1,Prevalence and severity of periodontal disease in a historical Austrian population,publication,43
69825516c835c41957dfa81b,Quantification of dental macrowear using 3D occlusal surface topographic measurements in deciduous and permanent molars ,publication,43
69825516c835c41957dfd336,Roman Cultural Influence in Western Germania Magna,publication,43
69825516c835c41957dfe671,The Carpathian and Danubian area,publication,43
69825516c835c41957dfe66f,The Eastern Baltic,publication,43
69825516c835c41957dfd1f3,The Germani and the German Provinces of Rome,publication,43
69825516c835c41957dfd1ac,The Lands of Germania in the Later Pre-Roman Iron Age,publication,43
69825516c835c41957dfd314,The Limes,publication,43
69825516c835c41957dfe6d3,The Northern Black Sea and North Caucasus,publication,43
69825516c835c41957dfd313,The Transformation into the Early Middle Ages (Fourth to Eighth Centuries),publication,43
69825516c835c41957dfd17b,Transformations in the Roman West : The Case of the Alamanni,publication,43
69825516c835c41957dfe78c,"Warriors, War, and Weapons; or Arms, the Armed, and Armed Violence",publication,43
69825516c835c41957dfe42a,"Writing, Writers, and Iron Age Europe",publication,43
Akhmetgalin Farid A._2025-11-19T21:20:27,Akhmetgalin Farid A.,author,44
Aydarova Galina N._2025-11-19T21:29:13,Aydarova Galina N.,author,44
"Bakirov, Bulat_2025-11-19T21:18:04","Bakirov, Bulat",author,44
Berezin Aleksandr Yu_2025-11-19T21:49:20,Berezin Aleksandr Yu,author,44
Berezina Natalia S._2025-11-19T21:49:20,Berezina Natalia S.,author,44
Bilikto A. Bazarov_2025-11-19T21:48:08,Bilikto A. Bazarov,author,44
"Blinnikov, Mikhail S._2025-11-19T21:20:37","Blinnikov, Mikhail S.",author,44
Denis A. Miyagaschev_2025-11-19T21:48:08,Denis A. Miyagaschev,author,44
"Ershova, Ekaterina G._2025-11-19T21:20:37","Ershova, Ekaterina G.",author,44
Gombozhapov Alexandr D._2025-11-19T21:37:58,Gombozhapov Alexandr D.,author,44
"Gribov, Nikolay_2025-12-29T18:08:49","Gribov, Nikolay",author,44
Izmaylov Iskander L._2025-11-19T21:29:06,Izmaylov Iskander L.,author,44
Karimov Ildar R._2025-11-19T21:29:11,Karimov Ildar R.,author,44
Kazakov Evgeniy P._2025-11-19T21:16:37,Kazakov Evgeniy P.,author,44
Khabibulin Marat M._2025-11-19T21:29:13,Khabibulin Marat M.,author,44
Khamzin Radion N._2025-11-19T21:49:20,Khamzin Radion N.,author,44
Khuzin Fayaz Sh_2025-11-19T21:29:06,Khuzin Fayaz Sh,author,44
"Kichanov, Sergey_2025-11-19T21:18:04","Kichanov, Sergey",author,44
"Kozlenko, Denis_2025-11-19T21:18:04","Kozlenko, Denis",author,44
Krasilnikov Pavel V._2025-11-19T21:34:11,Krasilnikov Pavel V.,author,44
Meltem Akınjy_2025-11-19T21:48:23,Meltem Akınjy,author,44
Mikhailov Evgenii P._2025-11-19T21:49:20,Mikhailov Evgenii P.,author,44
"Murashev, Mikhail_2025-11-19T21:18:04","Murashev, Mikhail",author,44
Nikolay  S.  Myasnikov_2025-11-19T21:48:22,Nikolay  S.  Myasnikov,author,44
Nikolay V. Imenokhoev_2025-11-19T21:48:08,Nikolay V. Imenokhoev,author,44
Nolev Evgeniy V._2025-11-19T21:37:58,Nolev Evgeniy V.,author,44
Nugmanova Gul’chachak G._2025-11-19T21:29:13,Nugmanova Gul’chachak G.,author,44
"Ponomarenko, Elena V._2025-11-19T21:20:37","Ponomarenko, Elena V.",author,44
"Руденко, Константин_2025-11-19T21:39:37",Rudenko Konstantin A.,author,44
Shakirov Zufar G._2025-11-19T21:29:07,Shakirov Zufar G.,author,44
"Shaykhutdinova, Eugenia_2025-11-19T21:18:04","Shaykhutdinova, Eugenia",author,44
"Шутова, Надежда_2025-11-19T21:39:37",Shutova Nadezhda I.,author,44
"Sitdikov, Ayrat G._2025-11-19T21:20:37","Sitdikov, Ayrat G.",author,44
"Smirnova, Veronica_2025-11-19T21:18:04","Smirnova, Veronica",author,44
"Strobl, Markus_2025-11-19T21:18:04","Strobl, Markus",author,44
Vladimirov Georgi V._2025-11-19T21:37:44,Vladimirov Georgi V.,author,44
Yaroslav V. Dikiy_2025-11-19T21:48:08,Yaroslav V. Dikiy,author,44
Yulia A. Salova_2025-11-19T21:48:22,Yulia A. Salova,author,44
Zabirova Farida M._2025-11-19T21:29:13,Zabirova Farida M.,author,44
БУГАРЧЕВ АЛЕКСЕЙ ИГОРЕВИЧ_2025-11-19T21:47:43,БУГАРЧЕВ АЛЕКСЕЙ ИГОРЕВИЧ,author,44
69825517c835c41957dff863,"4th International Bulgarian Forum “Origins, Historical Development and Cultural Heritage of Bulgarian Civilization” (Var",publication,44
69825517c835c41957dff91a,4th International Congress of the Medieval Archaeology of Eurasian Steppes,publication,44
69825516c835c41957dfe6f7,Comprehensive Studies by Bilyar Archaeological Expedition,publication,44
69825516c835c41957dfb62b,"Demographic Changes, Trade Routes, and the Formation of Anthropogenic Landscapes in the Middle Volga Region in the Past ",publication,44
69825517c835c41957e00f1e,"Dynamics of Economic Development in the Sura River Valley, 1st Millennium CE. Part 1: Stratigraphic Analysis of Floodpla",publication,44
69825517c835c41957e00f2c,Early Islam in Volga Bulgaria in the Studies of E.A. Khalikova and A.Kh. Khalikov (to the 1100th anniversary of the offi,publication,44
69825516c835c41957dfdd86,In memory of S. S. Aidarov (1928—2014),publication,44
69825516c835c41957dfdd52,Kazan archaeological school: research results and development prospects,publication,44
69825516c835c41957dfdd60,"Key Results of Scientifi c Activities of the Institute of Archaeology named after A.Kh. Khalikov, Academy of Sciences of",publication,44
69825516c835c41957dfa0d5,Medieval Archaeological Sites of Semenovsky Island in Tatarstan: history of study and some results of research,publication,44
69825516c835c41957dfdd1f,Museum of the Bulgar Civilization,publication,44
69825517c835c41957e00e4e,New Medieval Burials Of Buryatia: cultural attribution and chronology,publication,44
69825516c835c41957dfb552,New archaeological studies of the Khan's capital city of Kasimov,publication,44
69825517c835c41957dff86a,On the main results of scientific activities in 2014 by the Institute of Archaeology named after A.Kh. Khalikov of Tatar,publication,44
69825516c835c41957dfee81,Proceedings of the 8th International Scientific Conference “Dialogue of Urban And Steppe Cultures in the Eurasian Space”,publication,44
69825516c835c41957dfdced,Ravil Gabdrakhmanovich Fakhrutdinov (1937—2014),publication,44
69825516c835c41957dfdd02,Research activity by National Center of Archaeological studies of Institute of History of Tatarstan Academy of Sciences ,publication,44
69825516c835c41957dfee8d,Scientific Conference “4th International Magyar Symposium”,publication,44
69825516c835c41957dfdd8c,"Scientific activity of the National Center for Archaeological Studies of the Institute of History, Tatarstan Academy of ",publication,44
69825516c835c41957dfa821,Structural Features of the Fragments from Cast Iron Cauldrons of the Medieval Golden Horde: Neutron Tomography Data,publication,44
69825517c835c41957e0121c,Study of Bolshaya Tayaba Medieval Burial Ground in 2018,publication,44
69825516c835c41957dfdcfe,The Western Borderlands of the Bulgar Ulus of the Golden Horde (based on materials of sites located on the left bank of ,publication,44
69825516c835c41957dfa946,Trade in floodplain medieval settlements of the Lower Kama region in the XII-XIV centuries (based on the finds of metal ,publication,44
69825517c835c41957e00e31,Жизнь и труды профессора Альфреда Халикова (к 90-летию выдающегося татарского археолога),publication,44
69825517c835c41957dffdb9,История археологического изучения Арского района республики Татарстан,publication,44
69825517c835c41957e00d00,"Нумизматические находки с селища Чакма (Р. П. Лаишево, Республика Татарстан)",publication,44
"Bandiera, A._2025-11-19T21:26:20",Adriana Bandiera,author,45
"Maffezzoli, A._2025-11-19T21:26:20",Alfonso Maffezzoli,author,45
"Bartnicki, Jerzy_2025-11-19T21:24:09","Bartnicki, Jerzy",author,45
"Berg Nilsson, Lena_2025-11-19T21:28:37","Berg Nilsson, Lena",author,45
"Berg, Anna_2025-11-19T21:26:31","Berg, Anna",author,45
"Biester, Harald_2025-11-19T21:28:37","Biester, Harald",author,45
"Billström, Kjell_2025-11-19T21:24:09","Billström, Kjell",author,45
"Bindler, Richard_2025-11-19T21:23:56","Bindler, Richard",author,45
"Bradshaw, E_2025-11-19T21:21:57","Bradshaw, E",author,45
"Bringensparr, Caroline_2025-11-19T21:31:56","Bringensparr, Caroline",author,45
"Brännvall, Maja-Lena_2025-11-19T21:24:09","Brännvall, Maja-Lena",author,45
"Bigler, Christian_2025-11-19T21:33:50",Christian Bigler,author,45
"Ekblom, Anneli_2025-11-19T21:22:38","Ekblom, Anneli",author,45
"Norström, Elin_2025-11-19T21:31:56",Elin Norström,author,45
"Emanuelsson, Marie_2025-11-19T21:20:53","Emanuelsson, Marie",author,45
"Emteryd, Ove_2025-11-19T21:24:09","Emteryd, Ove",author,45
"Montagna, F._2025-11-19T21:26:20",F. Montagna,author,45
"Fitchett, Jennifer M_2025-11-19T21:31:56","Fitchett, Jennifer M",author,45
"Signore, G. M._2025-11-19T21:26:20",G. M. Signore,author,45
"Grab, Stefan W_2025-11-19T21:31:56","Grab, Stefan W",author,45
"Hansson, Sophia_2025-11-19T21:26:31","Hansson, Sophia",author,45
"Holmström, Harald_2025-11-19T21:26:31","Holmström, Harald",author,45
"Högberg, Peter_2025-11-19T21:23:56","Högberg, Peter",author,45
"Jans, M. M. E._2025-11-19T21:25:11","Jans, M. M. E.",author,45
"Rydberg, Johan_2025-11-19T21:28:37",Johan Rydberg,author,45
"Karlsson, Jon_2025-11-19T21:28:37","Karlsson, Jon",author,45
"Korsman, Tom_2025-11-19T21:23:56","Korsman, Tom",author,45
"Kylander, Malin_2025-11-19T21:31:56","Kylander, Malin",author,45
"Lidberg, William_2025-11-19T21:33:50","Lidberg, William",author,45
"Frigione, M._2025-11-19T21:26:20",M. Frigione,author,45
"Imperiale, M. Leo_2025-11-19T21:26:20",M. Leo Imperiale,author,45
"Massuanganhe, Elidio A._2025-11-19T21:32:13","Massuanganhe, Elidio A.",author,45
"McGowan, S_2025-11-19T21:21:57","McGowan, S",author,45
"Meyer-Jacob, Carsten_2025-11-19T21:33:50","Meyer-Jacob, Carsten",author,45
"Myrstener, Erik_2025-11-19T21:33:50","Myrstener, Erik",author,45
"Nielsen-Marsh, C. M._2025-11-19T21:25:11","Nielsen-Marsh, C. M.",author,45
"Nord, Anders G._2025-11-19T21:17:30","Nord, Anders G.",author,45
"Norén, Gabriel_2025-11-19T21:32:13","Norén, Gabriel",author,45
"Olausson, Karin Björling_2025-11-19T21:17:34","Olausson, Karin Björling",author,45
"Arthur, P._2025-11-19T21:25:11",P. Arthur,author,45
"Renberg, Ingemar_2025-11-19T21:23:56","Renberg, Ingemar",author,45
"Segerström, Ulf_2025-11-19T21:20:53","Segerström, Ulf",author,45
"Smith, C. I._2025-11-19T21:25:11","Smith, C. I.",author,45
"Smittenberg, Rienk H._2025-11-19T21:32:13","Smittenberg, Rienk H.",author,45
"Tronner, Kate_2025-11-19T21:17:30","Tronner, Kate",author,45
"Zerpe, Birgitta Strandberg_2025-11-19T21:28:40","Zerpe, Birgitta Strandberg",author,45
69825516c835c41957dfdaa8,Analysis of mediaeval Swedish paintings influenced by Russian-Byzantine art,publication,45
69825517c835c41957e0180c,Atmospheric Lead Pollution History during Four Millennia (2000 BC to 2000 AD) in Sweden,publication,45
69825516c835c41957dfc0cb,Chemical analysis of medieval mural paintings in Sweden,publication,45
69825516c835c41957dfa538,Copper vanadate minerals found in mediaeval mural paintings,publication,45
69825516c835c41957dfda71,Copper-ore mining in Sweden since the pre-Roman Iron Age: lake-sediment evidence of human activities at the Garpenberg o,publication,45
69825516c835c41957dfdbd8,Early medieval origins of iron mining and settlement in central Sweden : multiproxy analysis of sediment and peat record,publication,45
69825516c835c41957dfed7e,"Environmental footprint of small-scale, historical mining and metallurgy in the Swedish boreal forest landscape: The Mos",publication,45
69825516c835c41957dfb79d,Extensive forest grazing and hay-making on mires - vegetation changes in south-central Sweden due to land use since Medi,publication,45
69825516c835c41957dfe812,Kemisk analys av fjorton medeltids-kyrkors muralmålningar = Chemical analyses of the murals in fourteen medieval church,publication,45
69825516c835c41957dfe6de,Late-Holocene climate and vegetation dynamics in eastern Lesotho highlands,publication,45
69825516c835c41957dfd32d,Lead isotope data for provenancing mediaeval pigments in Swedish mural paintings,publication,45
69825516c835c41957dfe7bd,Leaf wax δD inferring variable medieval hydroclimate and early initiation of Little Ice Age (LIA) dryness in southern Mo,publication,45
69825517c835c41957e00127,Medieval Slash-and-Burn Cultivation: Strategic or Adapted Land Use in the Swedish Mining District?,publication,45
69825516c835c41957dfbe82,"Pigments used in medieval Scandinavia - types, origin, trading routes",publication,45
69825516c835c41957dfc63c,Pre-Industrial Atmospheric Pollution: Was It Important for the pH of Acid-sensitive Swedish Lakes&quest,publication,45
69825516c835c41957dfd21f,Replicating degradable artefacts. A project for analysis and exhibition of early medieval objects from the Byzantine vil,publication,45
69825516c835c41957dfbc54,"Sediment evidence of early eutrophication and heavy metal pollution of Lake Mälaren, central Sweden",publication,45
69825516c835c41957dfa4ef,The Frequent Occurrence of Atacamite in Medieval Swedish Murals,publication,45
69825516c835c41957dfc736,The Medieval Metal Industry Was the Cradle of Modern Large-Scale Atmospheric Lead Pollution in Northern Europe,publication,45
69825516c835c41957dfccf1,The strange case of Apigliano: early ‘fossilization’ of medieval bone in southern Italy,publication,45
"Aniołek, Krzysztof_2025-11-19T21:41:35","Aniołek, Krzysztof",author,46
"Blažauskas, Nerijus_2025-11-19T21:26:34","Blažauskas, Nerijus",author,46
"Bleile, Ralf_2025-11-19T21:27:47","Bleile, Ralf",author,46
"Bliujiené, Audroné._2025-11-19T21:43:04","Bliujiené, Audroné.",author,46
"Brojanowska, Agnieszka_2025-11-19T21:15:59","Brojanowska, Agnieszka",author,46
"Błoński, Mariusz_2025-11-19T21:15:50","Błoński, Mariusz",author,46
"Ciepielewski, Paweł_2025-11-19T21:46:22","Ciepielewski, Paweł",author,46
"Corona, Christophe_2025-11-19T21:18:20","Corona, Christophe",author,46
"Czech-Błońska, Renata_2025-11-19T21:15:50","Czech-Błońska, Renata",author,46
"Diduszko, Ryszard_2025-11-19T21:46:22","Diduszko, Ryszard",author,46
"Duczko, Władysław_2025-11-19T21:15:50","Duczko, Władysław",author,46
"Edvardsson, Johannes_2025-11-19T21:26:39","Edvardsson, Johannes",author,46
"Goryczka, Tomasz_2025-11-19T21:41:35","Goryczka, Tomasz",author,46
Grzegorz  Żabiński_2025-11-19T21:20:27,Grzegorz  Żabiński,author,46
"Gójska, Aneta_2025-11-19T21:15:50","Gójska, Aneta",author,46
"Jagodziński, Marek_2025-11-19T21:15:50","Jagodziński, Marek",author,46
"Jarockis, Romas_2025-11-19T21:26:34","Jarockis, Romas",author,46
"Jöns, Hauke_2025-11-19T21:18:04","Jöns, Hauke",author,46
"Kalbarczyk, Paweł_2025-11-19T21:37:47","Kalbarczyk, Paweł",author,46
"Kamenov, George_2025-11-19T21:15:50","Kamenov, George",author,46
"Karle, Martina_2025-11-19T21:18:04","Karle, Martina",author,46
"Karlsson, Sven_2025-11-19T21:26:34","Karlsson, Sven",author,46
"Kisielienė, Dalia_2025-11-19T21:24:38","Kisielienė, Dalia",author,46
"Klimaszewski, Jan_2025-11-19T21:15:59","Klimaszewski, Jan",author,46
"Kosińska, Anna_2025-11-19T21:46:22","Kosińska, Anna",author,46
"Kowalska, Anna Bogumiła_2025-11-19T21:21:38","Kowalska, Anna Bogumiła",author,46
"Kusiak, Jarosław_2025-11-19T21:24:38","Kusiak, Jarosław",author,46
"Lüth, Friedrich_2025-11-19T21:50:35","Lüth, Friedrich",author,46
"Mathur, Ryan_2025-11-19T21:15:50","Mathur, Ryan",author,46
"Mažeika, Jonas_2025-11-19T21:24:38","Mažeika, Jonas",author,46
"Messal, Sebastian_2025-11-19T21:18:04","Messal, Sebastian",author,46
"Miller, Urve_2025-11-19T21:26:34","Miller, Urve",author,46
"Miśta-Jakubowska, Ewelina_2025-11-19T21:15:50","Miśta-Jakubowska, Ewelina",author,46
"Oleszak, Dariusz_2025-11-19T21:15:59","Oleszak, Dariusz",author,46
"Powell, Wayne_2025-11-19T21:15:50","Powell, Wayne",author,46
"Pukienė, Rutile_2025-11-19T21:26:39","Pukienė, Rutile",author,46
"Risberg, Jan_2025-11-19T21:26:34","Risberg, Jan",author,46
"Rogalski, Bartlomiej_2025-11-19T21:42:29","Rogalski, Bartlomiej",author,46
"Rozmus, Dariusz_2025-11-19T21:15:59","Rozmus, Dariusz",author,46
"Siuda, Rafał_2025-11-19T21:15:59","Siuda, Rafał",author,46
"Stakėnienė, Rimutė_2025-11-19T21:24:38","Stakėnienė, Rimutė",author,46
"Stančikaitė, Miglė_2025-11-19T21:24:38","Stančikaitė, Miglė",author,46
"Stępiński, Janusz_2025-11-19T21:41:18","Stępiński, Janusz",author,46
"Strzyż, Piotr_2025-11-19T21:41:18","Strzyż, Piotr",author,46
"Szwarczewski, Piotr_2025-11-19T21:24:38","Szwarczewski, Piotr",author,46
"Taraškevičius, Ričardas_2025-11-19T21:24:38","Taraškevičius, Ričardas",author,46
"Trela, Krystian_2025-11-19T21:37:47","Trela, Krystian",author,46
"Šeirienė, Vaida_2025-11-19T21:26:34","Šeirienė, Vaida",author,46
"Šinkūnas, Petras_2025-11-19T21:26:34","Šinkūnas, Petras",author,46
"Żołędziowski, Karol_2025-11-19T21:15:50","Żołędziowski, Karol",author,46
69825517c835c41957e00396,A copper alloy light cannon from Grodno: an example of early firearms from Eastern Europe,publication,46
69825516c835c41957df9e9d,Amulets from Viking-age Baltic coast: A unique hoard from Piaski-Dramino (Poland) in the light of provenance and technol,publication,46
69825517c835c41957dff892,Archaeometric studies on early medieval silver jewellery from Central and Eastern Europe,publication,46
69825517c835c41957e00684,"Author response for ""Research on chemical soldering in early medieval jewellery: the case of lunula-type Viking Age orna",publication,46
69825517c835c41957e00621,Early Slavs in the southwest Baltic region : initial investigations in Dobropole Pyrzyckie (Poland) = Pietvakarių Balti,publication,46
69825516c835c41957dfd301,"Human activity and the environment during the Late Iron Age and Middle Ages at the Impiltis archaeological site, NW Lith",publication,46
69825516c835c41957df9e4f,Isotopic metal compositions of Viking and medieval tin artifacts from Poland reveal expansive trade network,publication,46
69825516c835c41957dfa826,Najnowsze badania wczesnośredniowiecznych miejsc handlowych w regionie zachodniego Bałtyku : badania w Groß Strömkendorf,publication,46
69825516c835c41957dfc9f2,"Population history and palaeoenvironment in the Skomantai archaeological site, West Lithuania: Two thousand years",publication,46
69825516c835c41957dfd34a,Recent advances in long-term climate and moisture reconstructions from the Baltic region: Exploring the potential for a ,publication,46
69825517c835c41957e009f9,Research on chemical soldering in early medieval jewellery: The case of lunula-type Viking age ornaments,publication,46
69825517c835c41957e016c3,Slawen an der unteren Mittelelbe,publication,46
69825517c835c41957e002d1,The light field cannon from Kurzętnik - a unique example of medieval artillery : (against the background of development,publication,46
69825516c835c41957dfbac0,Z badań nad obecnością skandynawów na południowym wybrzeżu Bałtyku w początkach średniowiecza = Research into Scandinavi,publication,46
69825516c835c41957dfd7d6,Zur Rekonstruktion der historischen Topographie und Infrastruktur des Handelsplatzes Menzlin an der Peene,publication,46
"Becker, Cornelia_2025-11-19T21:20:59","Becker, Cornelia",author,47
"Behre, Karl-Ernst_2025-11-19T21:24:31","Behre, Karl-Ernst",author,47
"Blankenfeldt, Ruth_2025-11-19T21:23:12","Blankenfeldt, Ruth",author,47
"Bork, Hans-Rudolf_2025-11-19T21:15:35","Bork, Hans-Rudolf",author,47
"Carnap-Bornheim, Claus von_2025-11-19T21:40:50","Carnap-Bornheim, Claus von",author,47
"Mayr, Christoph_2025-11-19T21:21:39",Christoph Mayr,author,47
"Corbella, Hugo_2025-11-19T21:21:39","Corbella, Hugo",author,47
"Damm, B._2025-11-19T21:24:34","Damm, B.",author,47
"Emadodin, I._2025-11-19T21:48:50","Emadodin, I.",author,47
"Fey, Michael_2025-11-19T21:21:39","Fey, Michael",author,47
"Göhring, Andrea_2025-11-19T21:27:37","Göhring, Andrea",author,47
"Grupe, Gisela_2025-11-19T21:20:51","Grupe, Gisela",author,47
"Haberzettl, Torsten_2025-11-19T21:21:39","Haberzettl, Torsten",author,47
"Hickel, Reinhard_2025-11-19T21:20:51","Hickel, Reinhard",author,47
"Hilberg, Volker_2025-11-19T21:15:34","Hilberg, Volker",author,47
"Hölzl, Stefan_2025-11-19T21:48:01","Hölzl, Stefan",author,47
"Janssen, Stephanie_2025-11-19T21:21:39","Janssen, Stephanie",author,47
"Kessler, Matthias_2025-11-19T21:49:14","Kessler, Matthias",author,47
"Khamnueva-Wendt, Svetlana_2025-11-19T21:15:35","Khamnueva-Wendt, Svetlana",author,47
"Khrisanov, V.R._2025-11-19T21:48:50","Khrisanov, V.R.",author,47
"Kröger, Peer_2025-11-19T21:27:37","Kröger, Peer",author,47
"Kurgaeva, Anastasiia_2025-11-19T21:15:35","Kurgaeva, Anastasiia",author,47
"Kühnisch, Jan_2025-11-19T21:20:51","Kühnisch, Jan",author,47
"Lauenstein, Anne_2025-11-19T21:20:51","Lauenstein, Anne",author,47
"Lubos, C._2025-11-19T21:24:34","Lubos, C.",author,47
"Lücke, Andreas_2025-11-19T21:21:39","Lücke, Andreas",author,47
"Maidana, Nora I._2025-11-19T21:21:39","Maidana, Nora I.",author,47
"Mauder, Markus_2025-11-19T21:27:37","Mauder, Markus",author,47
"McGlynn, George_2025-11-19T21:20:51","McGlynn, George",author,47
"Mitusov, A.V._2025-11-19T21:48:50","Mitusov, A.V.",author,47
"Mitusov, Andrey_2025-11-19T21:49:14","Mitusov, Andrey",author,47
"Ohlendorf, Christian_2025-11-19T21:21:39","Ohlendorf, Christian",author,47
"Nehlich, Olaf_2025-11-19T21:29:38",Olaf Nehlich,author,47
"Dreibrodt, Stefan_2025-11-19T21:24:34",PD. Dr. rer. nat. habil. Stefan Dreibrodt,author,47
"Pitchika, Vinay_2025-11-19T21:20:51","Pitchika, Vinay",author,47
"Schäbitz, Frank_2025-11-19T21:21:39","Schäbitz, Frank",author,47
"Schneider, Jürgen_2025-11-19T21:24:31","Schneider, Jürgen",author,47
"Siem, Hans-Kurt_2025-11-19T21:49:14","Siem, Hans-Kurt",author,47
"Staskiewicz, Anja_2025-11-19T21:20:51","Staskiewicz, Anja",author,47
"Strauss, Harald_2025-11-19T21:48:01","Strauss, Harald",author,47
"Terhorst, B._2025-11-19T21:24:34","Terhorst, B.",author,47
"Vohberger, Marina_2025-11-19T21:29:38","Vohberger, Marina",author,47
"Wendt, Jann_2025-11-19T21:49:14","Wendt, Jann",author,47
"Wulf, Sabine_2025-11-19T21:21:39","Wulf, Sabine",author,47
"Zolitschka, Bernd_2025-11-19T21:21:39","Zolitschka, Bernd",author,47
"von Steinsdorff, Katja_2025-11-19T21:42:43","von Steinsdorff, Katja",author,47
69825516c835c41957dfccc2,A major Holocene ENSO anomaly during the Medieval period,publication,47
69825517c835c41957dffe08,Archaeometry meets archaeozoology : Viking Haithabu and medieval Schleswig reconsidered,publication,47
69825516c835c41957dfc985,"Historical soil erosion by water in Germany: Scales and archives, chronology, research perspectives",publication,47
69825516c835c41957dfc942,"Human and climatic impact on the environment as derived from colluvial, fluvial and lacustrine archives—examples from th",publication,47
69825517c835c41957e00de9,"Identification and quantification of the sea spray effect on isotopic systems in α-cellulose (δ13C, δ18O), total sulfur ",publication,47
69825516c835c41957df9d73,"Identification of materials used for earthwork construction the semi-circular fortification rampart of Hedeby, Northern ",publication,47
69825517c835c41957e011d2,Local landscape transformation at the Hedeby-brook valley in the Viking proto-town Hedeby,publication,47
69825517c835c41957e0109f,Multi-isotope fingerprints of recent environmental samples from the Baltic coast and their implications for bioarchaeolo,publication,47
69825516c835c41957dfe01c,Palaeobiodiversity research based on stable isotopes: Correction of the sea spray effect on bone carbonate δ13C and δ18O,publication,47
69825517c835c41957e006bf,Reconstruction of an Aquatic Food Web: Viking Haithabu vs. Medieval Schleswig,publication,47
69825517c835c41957e00165,Rise and fall of a medieval trade centre : economic change from Viking Haithabu to medieval Schleswig revealed by stable,publication,47
69825517c835c41957e00b24,Rise and fall of a medieval trade centre : economic change from Viking Haithabu to medieval Schleswig revealed by stable,publication,47
69825516c835c41957dff0a1,Ritual sacrifices of military equipment in the Thorsberger Moor,publication,47
69825517c835c41957e002aa,Soil Erosion and Sedimentation in Central Europe From the Neolithic to the Industrial Revolution-The German and Polish R,publication,47
69825516c835c41957dfbad1,"Southern Hemispheric Westerlies control sedimentary processes of Laguna Azul (south-eastern Patagonia, Argentina)",publication,47
69825517c835c41957e010d2,"Stratigraphic pattern of soil remnants, cultural and colluvial deposits in a small dry valley in the Viking settlement H",publication,47
69825516c835c41957dfd71c,Using Gaussian Mixture Model clustering for multi-isotope analysis of archaeological fish bones for palaeobiodiversity s,publication,47
69825516c835c41957dfb784,Was molar incisor hypomineralisation (MIH) present in archaeological case series?,publication,47
"Belza, Joke_2025-11-19T21:18:03","Belza, Joke",author,48
"Bervoets, Leen_2025-11-19T21:17:32","Bervoets, Leen",author,48
"Bevan, Dan_2025-11-19T21:18:03","Bevan, Dan",author,48
"Biernacka, Paulina_2025-11-19T21:17:14","Biernacka, Paulina",author,48
"Bolea-Fernandez, Eduardo_2025-11-19T21:18:03","Bolea-Fernandez, Eduardo",author,48
"Braekevelt, Jonas_2025-11-19T21:17:16","Braekevelt, Jonas",author,48
"Buylaert, Frederik_2025-11-19T21:25:10","Buylaert, Frederik",author,48
"Cagno, S._2025-11-19T21:26:34","Cagno, S.",author,48
"Coll Conesa, Jaume_2025-11-19T21:17:16","Coll Conesa, Jaume",author,48
"Costas-Rodríguez, Marta_2025-11-19T21:17:14","Costas-Rodríguez, Marta",author,48
"De Clercq, Wim_2025-11-19T21:17:14","De Clercq, Wim",author,48
"De Grave, Johan_2025-11-19T21:17:14","De Grave, Johan",author,48
"Deschepper, Ewoud_2025-11-19T21:17:12","Deschepper, Ewoud",author,48
"Dewaele, Stijn_2025-11-19T21:17:14","Dewaele, Stijn",author,48
"Dreesen, Roland_2025-11-19T21:21:15","Dreesen, Roland",author,48
"Dumolyn, Jan_2025-11-19T21:17:16","Dumolyn, Jan",author,48
"Favaretto, L._2025-11-19T21:26:34","Favaretto, L.",author,48
"Goemaere, Éric_2025-11-19T21:21:15","Goemaere, Éric",author,48
"Goovaerts, Thomas_2025-11-19T21:21:15","Goovaerts, Thomas",author,48
"Haemers, Jelle_2025-11-19T21:17:29","Haemers, Jelle",author,48
"Izmer, A._2025-11-19T21:26:34","Izmer, A.",author,48
"Janssens, K._2025-11-19T21:26:34","Janssens, K.",author,48
"Jochum, Klaus Peter_2025-11-19T21:18:03","Jochum, Klaus Peter",author,48
"Kaçar, Hilmi_2025-11-19T21:17:16","Kaçar, Hilmi",author,48
"Lecuppre-Desjardin, Élodie_2025-11-19T21:18:58","Lecuppre-Desjardin, Élodie",author,48
"Leduc, Thierry_2025-11-19T21:21:15","Leduc, Thierry",author,48
"Leloup, Ward_2025-11-19T21:23:02","Leloup, Ward",author,48
"MISKELL, LOUISE_2025-11-19T21:36:04","MISKELL, LOUISE",author,48
"Mendera, M._2025-11-19T21:26:34","Mendera, M.",author,48
"Naessens, Fien_2025-11-19T21:21:15","Naessens, Fien",author,48
"Neuray, Brigitte_2025-11-19T21:18:03","Neuray, Brigitte",author,48
"Nijland, Timo G._2025-11-19T21:21:15","Nijland, Timo G.",author,48
"Picavet, Paul_2025-11-19T21:21:15","Picavet, Paul",author,48
"RAMANDT, ANDY_2025-11-19T21:36:20","RAMANDT, ANDY",author,48
"Reniere, Sibrecht_2025-11-19T21:21:15","Reniere, Sibrecht",author,48
"SENNEFELT, KARIN_2025-11-19T21:36:04","SENNEFELT, KARIN",author,48
"Speecke, Mathijs_2025-11-19T21:23:02","Speecke, Mathijs",author,48
"Stoll, Brigitte_2025-11-19T21:18:03","Stoll, Brigitte",author,48
"Trachet, Jan_2025-11-19T21:36:04","Trachet, Jan",author,48
"Van Eetvelde, Veerle_2025-11-19T21:39:42","Van Eetvelde, Veerle",author,48
"Van Ham-Meert, Alicia_2025-11-19T21:18:03","Van Ham-Meert, Alicia",author,48
"Van Wersch, Line_2025-11-19T21:18:03","Van Wersch, Line",author,48
"Vanhaecke, Frank_2025-11-19T21:17:14","Vanhaecke, Frank",author,48
"Verbrugghe, Gerben_2025-11-19T21:39:42","Verbrugghe, Gerben",author,48
"Vicente Lerma, Josep_2025-11-19T21:17:16","Vicente Lerma, Josep",author,48
69825517c835c41957e0132e,"""Vivre Noblement"": Material Culture and Elite Identity in Late Medieval Flanders",publication,48
69825516c835c41957dfa390,Aragonese Tiles in a Flemish Castle: A Chivalric Gift-Exchange Network in Fifteenth-Century Europe,publication,48
69825516c835c41957dfa4fc,Archaeometallurgical research into the ironworking activities of the Medieval Harbour at Hoeke (Belgium),publication,48
69825516c835c41957dff398,Ballasting the Hanse: Baltoscandian Erratic Cobbles in the Later Medieval Port Landscape of Bruges,publication,48
69825516c835c41957dfa356,"Capabilities and limitations of Pb, Sr and Fe isotopic analysis of iron-rich slags: a case study on the medieval port at",publication,48
69825516c835c41957dfa81d,Comparison of Minimally Invasive Inductively CoupledPlasma–Mass Spectrometry Approaches for Strontium IsotopicAnalysis o,publication,48
69825516c835c41957dfd2fc,Evidence of early medieval soda ash glass in the archaeological site of San Genesio (Tuscany),publication,48
69825516c835c41957dfb90f,Mobility of Scandinavian commodities in the Middle Ages and modern period: identification of Norwegian whetstones in nor,publication,48
69825517c835c41957e00a2a,"Out of the Darkness, Into the Light. A Review of Archaeological Research on Early Medieval Rural Settlements in Northern",publication,48
69825516c835c41957dfa4c5,Patterns of urban rebellion in medieval Flanders,publication,48
69825516c835c41957dfd5c6,Propagande et sensibilité: la fibre émotionnelle au cœur des luttes politiques et sociales dans les villes des anciens,publication,48
69825516c835c41957dff39e,Review of periodical articles,publication,48
69825517c835c41957dffdfa,Row settlements and landscape reclamations in the medieval County of Flanders,publication,48
69825516c835c41957dfcce3,The politics of factional conflict in late medieval Flanders,publication,48
69825517c835c41957dff437,"The transformation of rural elites in late medieval Flanders: oligarchy, state formation and social change in the Libert",publication,48
69825516c835c41957dfa50f,Urban protest in thirteenth-century north-western Europe: a comparative approach,publication,48
69825516c835c41957dfc1fd,Urban space and urban community : some remarks on social topography and the sociospatial structuring of medieval towns i,publication,48
"Berranger, Marion_2025-11-19T21:19:04","Berranger, Marion",author,49
"Bolo, Nathalie_2025-11-19T21:19:05","Bolo, Nathalie",author,49
"CARLIER, Cécile LE_2025-11-19T21:20:10","CARLIER, Cécile LE",author,49
"Cambou, David_2025-11-19T21:19:04","Cambou, David",author,49
"Carré, Florence_2025-11-19T21:19:05","Carré, Florence",author,49
"Cormier, Sébastien_2025-11-19T21:19:04","Cormier, Sébastien",author,49
"Cuisin, Jacques_2025-11-19T21:20:09","Cuisin, Jacques",author,49
"DUFRAISSE, Alexa_2025-11-19T21:20:10","DUFRAISSE, Alexa",author,49
"Desbrosse-Degobertière, Stéphanie_2025-11-19T21:18:49","Desbrosse-Degobertière, Stéphanie",author,49
"Deshayes, Gilles_2025-11-19T21:19:01","Deshayes, Gilles",author,49
"Disser, Alexandre_2025-11-19T21:15:48","Disser, Alexandre",author,49
"Duceppe-Lamarre, François_2025-11-19T21:18:51","Duceppe-Lamarre, François",author,49
"Dumondelle, Gilles_2025-11-19T21:19:05","Dumondelle, Gilles",author,49
"Fischbach, Thomas_2025-11-19T21:18:49","Fischbach, Thomas",author,49
"Franz, Thierry_2025-11-19T21:20:22","Franz, Thierry",author,49
"Gebhardt, Anne_2025-11-19T21:25:08","Gebhardt, Anne",author,49
"Guillaume, Jacques_2025-11-19T21:18:50","Guillaume, Jacques",author,49
"Heal, Tobias_2025-11-19T21:15:48","Heal, Tobias",author,49
"JOUANIN, Gaëtan_2025-11-19T21:20:10","JOUANIN, Gaëtan",author,49
"Jeandemange, Sébastien_2025-11-19T21:20:22","Jeandemange, Sébastien",author,49
"Kopf, Stephan_2025-11-19T21:20:09","Kopf, Stephan",author,49
"Langohr, Roger_2025-11-19T21:25:08","Langohr, Roger",author,49
"Larratte, Maxime_2025-11-19T21:19:05","Larratte, Maxime",author,49
"Laurent, Hervé_2025-11-19T21:20:07","Laurent, Hervé",author,49
"Lepetz, Sébastien_2025-11-19T21:24:29","Lepetz, Sébastien",author,49
"Lepeuple, Bruno_2025-11-19T21:19:01","Lepeuple, Bruno",author,49
"Lequoy, Marie-Clotilde_2025-11-19T21:19:01","Lequoy, Marie-Clotilde",author,49
"Leroy, Marc_2025-11-19T21:20:07","Leroy, Marc",author,49
"Le Borgne, Jean-Noël_2025-11-19T21:19:05","Le Borgne, Jean-Noël",author,49
"Le Borgne, Véronique_2025-11-19T21:19:05","Le Borgne, Véronique",author,49
"MARQUE, Romain_2025-11-19T21:20:10","MARQUE, Romain",author,49
"MERLUZZO, Paul_2025-11-19T21:20:10","MERLUZZO, Paul",author,49
"Masquilier, Amaury_2025-11-19T21:19:39","Masquilier, Amaury",author,49
"Mercier, Florence_2025-11-19T21:15:48","Mercier, Florence",author,49
"Médard, Fabienne_2025-11-19T21:18:49","Médard, Fabienne",author,49
"PRÉVOT, Marilyne_2025-11-19T21:20:10","PRÉVOT, Marilyne",author,49
"Painchault, Aude_2025-11-19T21:19:02","Painchault, Aude",author,49
"Prouteau, Rachel_2025-11-19T21:18:48","Prouteau, Rachel",author,49
"Ridacker, Cyprien_2025-11-19T21:20:09","Ridacker, Cyprien",author,49
"Sarah, Guillaume_2025-11-19T21:15:48","Sarah, Guillaume",author,49
"Theuws, Frans_2025-11-19T21:15:48","Theuws, Frans",author,49
"Théolas, Delphine_2025-11-19T21:19:01","Théolas, Delphine",author,49
"Truc, Marie-Cécile_2025-11-19T21:18:49","Truc, Marie-Cécile",author,49
"Warmé, Nicolas_2025-11-19T21:19:04","Warmé, Nicolas",author,49
"Wawrzyniak, Mathieu_2025-11-19T21:19:05","Wawrzyniak, Mathieu",author,49
"YVINEC, Jean-Hervé_2025-11-19T21:20:10","YVINEC, Jean-Hervé",author,49
69825516c835c41957dfc906,"Caractériser la faune sauvage par l'apport des os et des textes (Nord de la Gaule, antiquité et haut Moyen Age)",publication,49
69825516c835c41957dfadbd,Gaillefontaine (Seine-Maritime) : approche topographique d'une fortification du Pays de Bray,publication,49
69825517c835c41957e010d3,Hidden Riches in the Early Medieval Rhine Delta: Iron Working at Merovingian Oegstgeest,publication,49
69825516c835c41957df9e2c,Hidden riches in the Early Medieval Rhine Delta: Iron working at Merovingian Oegstgeest,publication,49
69825516c835c41957dfadfb,L'archéologie aérienne dans le département de l'Eure en 2011,publication,49
69825516c835c41957dfade7,L'habitat et la nécropole du haut Moyen Âge du lieu-dit Le Moulin Vaquet à Honguemare-Guenouville (Eure) : un « village ,publication,49
69825516c835c41957dfadfc,La fouille du cloître de l'abbaye Saint-Martin d'Auchy à Aumale (Seine-Maritime),publication,49
69825516c835c41957dfb3f4,"Les ateliers du hameau Les Noires Terres à Messein (Meurthe-et-Moselle, Lorraine, France) : une illustration de l'une de",publication,49
69825516c835c41957dfb4f5,Les fouilles archéologiques du château de Lunéville (Lorraine) : de la forteresse médiévale au 'Versailles lorrain',publication,49
69825516c835c41957dfb3e6,Les matériaux organiques dans les sépultures du Haut Moyen Âge en Alsace : état de la recherche et étude de cas provenan,publication,49
69825516c835c41957dfada1,"Les occupations médiévales autour de Gisors (Eure), du haut Moyen Âge à la fortification Plantagenêt",publication,49
69825516c835c41957dfb3d2,Les zones de production du fer en Bourgogne-Franche-Comté : une approche sur la longue durée par le radiocarbone,publication,49
69825516c835c41957dfadfd,"Louviers (Eure), rue du Mûrier : de nouvelles informations sur le cimetière du haut Moyen Âge",publication,49
69825516c835c41957dfccaf,"Micromorphological study of construction materials and living floors in the medieval motte of Werken (West Flanders, Bel",publication,49
69825516c835c41957dfac5a,"Scramasaxe, ceinture et restes organiques : mise en scène funéraire et inhumation habillée. Étude de cas à partir de Sai",publication,49
"Burkholder, Kristen Marie_2025-11-19T21:21:50","Burkholder, Kristen Marie",author,50
"Camerano, Alessandra_2025-11-19T21:50:22","Camerano, Alessandra",author,50
"DE LA BARRA ARROYO, LUIS_2025-11-19T21:21:53","DE LA BARRA ARROYO, LUIS",author,50
"Dronzek, Anna_2025-11-19T21:21:50","Dronzek, Anna",author,50
"Gasterland-Gustafsson, Gretchen_2025-11-19T21:21:51","Gasterland-Gustafsson, Gretchen",author,50
"Given, James Buchanan_2025-11-19T21:31:40","Given, James Buchanan",author,50
"Good, Jonathan David Arthur_2025-11-19T21:21:54","Good, Jonathan David Arthur",author,50
"Hanawalt, Barbara A._2025-11-19T21:23:35","Hanawalt, Barbara A.",author,50
"Horner, Shari Lynn_2025-11-19T21:21:53","Horner, Shari Lynn",author,50
"Kaelin, Alexis C._2025-11-19T21:25:16","Kaelin, Alexis C.",author,50
"Kovalev, Roman Konstantinovich_2025-11-19T21:21:50","Kovalev, Roman Konstantinovich",author,50
"Lazda-Cazers, Rasma Ilga_2025-11-19T21:21:53","Lazda-Cazers, Rasma Ilga",author,50
"Lohse, Stephanie Kristin_2025-11-19T21:21:53","Lohse, Stephanie Kristin",author,50
"Lynch, Joseph H._2025-11-19T21:30:54","Lynch, Joseph H.",author,50
"Marvin, William Perry_2025-11-19T21:21:52","Marvin, William Perry",author,50
"McRee, Ben R._2025-11-19T21:35:50","McRee, Ben R.",author,50
"Mueller, Alexander Williams_2025-11-19T21:21:54","Mueller, Alexander Williams",author,50
"Pakis, Valentine Anthony_2025-11-19T21:21:54","Pakis, Valentine Anthony",author,50
"Petrie, Mary Barbara_2025-11-19T21:21:52","Petrie, Mary Barbara",author,50
"Platis, Graham_2025-11-19T21:30:52","Platis, Graham",author,50
"Powell, Edward_2025-11-19T21:31:40","Powell, Edward",author,50
"Ryan, Michael Alan_2025-11-19T21:21:50","Ryan, Michael Alan",author,50
"Scott, Barbara Gail_2025-11-19T21:21:52","Scott, Barbara Gail",author,50
"Sherman, Heidi Michelle_2025-11-19T21:21:50","Sherman, Heidi Michelle",author,50
"Sizer, Michael Alan_2025-11-19T21:21:50","Sizer, Michael Alan",author,50
"Stark, Robert_2025-11-19T21:21:53","Stark, Robert",author,50
"Steuer, Susan Marie Burns_2025-11-19T21:21:53","Steuer, Susan Marie Burns",author,50
"Suppan, Steven Robert_2025-11-19T21:21:54","Suppan, Steven Robert",author,50
University of Minnesota_2025-11-19T21:21:50,University of Minnesota,author,50
"Walker, Sue Sheridan_2025-11-19T21:24:03","Walker, Sue Sheridan",author,50
"White, Donna Rae_2025-11-19T21:21:55","White, Donna Rae",author,50
69825516c835c41957dfbbf5,"""Ritus venandi"": Discourses of the medieval English hunt",publication,50
69825516c835c41957dff04a,1. Golden Ages for the History of Medieval English Women,publication,50
69825516c835c41957dfbbb9,Barbarians come to market: The emporia of western Eurasia from 500 BC to AD 1000,publication,50
69825516c835c41957dfbbfd,"Charlemagne, Roland, and the Islamic Other: Vicarious reading and virtual identity",publication,50
69825516c835c41957dfcd52,Circulation of Arab Silver in Medieval Afro-Eurasia: Preliminary Observations,publication,50
69825516c835c41957dfbbd4,Design for living: German and Swedish design in the early twentieth century,publication,50
69825516c835c41957dfbc0e,"Die ""Livlaendische Reimchronik"": Probleme und hintergruende der literarischen Gattung",publication,50
69825516c835c41957dfbbf8,"Ezra Pound: A jargoner's apprenticeship, with an appendix on the origin and significance of birds symbolism",publication,50
69825516c835c41957dfc6bf,Growing Up in Medieval London: The Experience of Childhood in History,publication,50
69825516c835c41957dfe481,Growing up in Medieval London: The Experience of Childhood in History,publication,50
69825517c835c41957e015fb,"LA DEBOLEZZA DEL LIGNAGGIO. VEDOVE, ORFANI E CORPORAZIONI NELLA LONDRA TARDO MEDIEVALE",publication,50
69825516c835c41957dfbc10,"LITERATURA, ARTE DE CONTAR Y PODER POLITICO EN EL CONDE LUCANOR. (SPANISH TEXT)",publication,50
69825516c835c41957dfe46d,Land and People in Medieval Lincolnshire,publication,50
69825516c835c41957dfbbba,Making revolution medieval: Revolt and political culture in late medieval Paris,publication,50
69825516c835c41957dfbbc3,"Manners, models, and morals: Gender, status, and codes of conduct among the middle classes of late medieval England",publication,50
69825516c835c41957dfbbb7,Material culture and self-presentation in Late Medieval England,publication,50
69825516c835c41957dfbc20,"Saint George for England: Sanctity and national identity, 1272--1509",publication,50
69825516c835c41957dfe5fd,Social Research and the Use of Medieval Criminal Records,publication,50
69825516c835c41957dfbc27,"Studies in early Germanic Biblical literature: Medieval rewritings, medieval receptions, and modern interpretations",publication,50
69825516c835c41957dfbbb2,That the truth may be known: Prophecy and society in the late medieval Crown of Aragon,publication,50
69825516c835c41957dfbc2c,The Mabinogi in children's literature: Welsh legends in English-language children's books,publication,50
69825516c835c41957dfbbea,The anorexic's story,publication,50
69825516c835c41957dff313,The guilds of homo prudens in late medieval England,publication,50
69825516c835c41957dfbbb8,The infrastructure of the Novgorodian fur trade in the pre-Mongol Era (ca. 900--ca. 1240),publication,50
69825516c835c41957dfbc23,Translating Troy: Imperial historiography and Middle English alliterative romance,publication,50
69825516c835c41957dfbc1b,Translatio imperii et studii: The project and limits of Spanish humanism (1492-1580),publication,50
69825516c835c41957dfbbe4,Viking colonialism: Contact and interaction between Viking/medieval Norway and the Northern Isles. (Volumes I and II),publication,50
69825516c835c41957dfbc0f,Widows and religious vocation: Options and decisions in the medieval Province of York,publication,50
69825517c835c41957e00735,Women in medieval urban society,publication,50
69825516c835c41957dfbc09,Women's literacy and female textuality in Old English poetry,publication,50
"Aliyev, Tevekkül_2025-11-19T21:18:31","Aliyev, Tevekkül",author,51
"BRUNDLE, LISA_2025-11-19T21:24:14","BRUNDLE, LISA",author,51
"Bailiff, Ian K._2025-11-19T21:18:31","Bailiff, Ian K.",author,51
"Baker, John_2025-11-19T21:17:31","Baker, John",author,51
"Balaresque, Patricia_2025-11-19T21:23:39","Balaresque, Patricia",author,51
"Blain, S._2025-11-19T21:17:16","Blain, S.",author,51
"Bowden, Georgina R._2025-11-19T21:23:39","Bowden, Georgina R.",author,51
"Brookes, Stuart_2025-11-19T21:17:31","Brookes, Stuart",author,51
"Carroll, Jayne_2025-11-19T21:26:57","Carroll, Jayne",author,51
"Gledhill, Andrew_2025-11-19T21:48:32","Gledhill, Andrew",author,51
"Gorton, Marise_2025-11-19T21:48:32","Gorton, Marise",author,51
"Gowland, Rebecca_2025-11-19T21:48:32","Gowland, Rebecca",author,51
"Graves, C. P._2025-11-19T21:17:16","Graves, C. P.",author,51
"Gurling, T._2025-11-19T21:17:16","Gurling, T.",author,51
"Hansen, Ziff_2025-11-19T21:23:39","Hansen, Ziff",author,51
"Harding, Stephen E._2025-11-19T21:23:39","Harding, Stephen E.",author,51
"Harrington, Sue_2025-11-19T21:38:37","Harrington, Sue",author,51
"Helwing, Barbara_2025-11-19T21:18:31","Helwing, Barbara",author,51
"Hurley, Emma_2025-11-19T21:23:39","Hurley, Emma",author,51
"Jesch, Judith_2025-11-19T21:16:14","Jesch, Judith",author,51
"Jobling, Mark A._2025-11-19T21:23:39","Jobling, Mark A.",author,51
"Jones, Abigail L._2025-11-19T21:23:39","Jones, Abigail L.",author,51
"Beaumont, Julia_2025-11-19T21:48:32",Julia Beaumont,author,51
"Kendall, Ellen J._2025-11-19T21:48:32","Kendall, Ellen J.",author,51
"King, Turi E._2025-11-19T21:23:39","King, Turi E.",author,51
"Langlands, Alexander_2025-11-19T21:28:26","Langlands, Alexander",author,51
"Lawrence, Dan E._2025-11-19T21:18:31","Lawrence, Dan E.",author,51
"Lee, Andrew C._2025-11-19T21:23:39","Lee, Andrew C.",author,51
"Mileson, Stephen_2025-11-19T21:28:35","Mileson, Stephen",author,51
"Millard, Andrew_2025-11-19T21:38:37","Millard, Andrew",author,51
"Pergl-Wilson, Giles_2025-11-19T21:23:39","Pergl-Wilson, Giles",author,51
"Reynolds, Andrew_2025-11-19T21:17:29","Reynolds, Andrew",author,51
"Ricci, Andrea_2025-11-19T21:18:31","Ricci, Andrea",author,51
"Roberts, Stephen J._2025-11-19T21:23:39","Roberts, Stephen J.",author,51
"SEMPLE, SARAH_2025-11-19T21:23:46","SEMPLE, SARAH",author,51
"Sanmark, Alexandra_2025-11-19T21:17:10","Sanmark, Alexandra",author,51
"Snape, Lisa M._2025-11-19T21:18:31","Snape, Lisa M.",author,51
"Waite, Patrick_2025-11-19T21:23:39","Waite, Patrick",author,51
"Western, A.G._2025-11-19T21:25:15","Western, A.G.",author,51
"Yorke, Barbara_2025-11-19T21:24:40","Yorke, Barbara",author,51
69825517c835c41957e00d87,Anglo-Saxon Civil Defence in the Localities: A Case Study of the Avebury Region,publication,51
69825516c835c41957dff3d6,Assembly in North West Europe: Collective Concerns for Early Societies?,publication,51
69825516c835c41957dfaa94,Canal Mounds as Archives for Human-Environment Interactions in the South Caucasus during Late Antiquity,publication,51
69825516c835c41957dfc4a5,Excavating Past Population Structures by Surname-Based Sampling: The Genetic Legacy of the Vikings in Northwest England,publication,51
69825516c835c41957dfd9a2,Fulham 878-79: A New Consideration of Viking Manoeuvres,publication,51
69825516c835c41957dfa577,Identifying outdoor assembly sites in early medieval England,publication,51
69825517c835c41957e00048,Isotopic and Genetic Evidence for Migration in Medieval England,publication,51
69825516c835c41957dff3aa,Monumentalising the political landscape: a special class of Anglo-Saxon assembly site,publication,51
69825516c835c41957dfcd41,Morbidity in the marshes: Using spatial epidemiology to investigate skeletal evidence for malaria in Anglo-Saxon England,publication,51
69825517c835c41957dffcc1,Outside the gate : sub-urban legal practices in early medieval England,publication,51
69825517c835c41957dff996,Power and Place in Europe in the Early Middle Ages,publication,51
69825516c835c41957dfc7bc,Remembering the Dead in Anglo-Saxon England. Memory Theory in Archaeology and History - By Zoë Devlin Book reviews,publication,51
69825517c835c41957e00662,"The Early to Middle Anglo-Saxon Period, 500-800",publication,51
69825517c835c41957e00665,"The Late Anglo-Saxon Period, 800-1100",publication,51
69825517c835c41957dffaf5,Theatres of Closure: Process and Performance in Inhumation Burial Rites in Early Medieval Britain,publication,51
69825516c835c41957dfd9c0,Travel as communication: a consideration of overland journeys in Anglo-Saxon England,publication,51
69825516c835c41957dfa384,Uses and recycling of brick in medieval and Tudor English buildings: insights from the application of luminescence datin,publication,51
69825517c835c41957e00faa,What Doesn’t Kill You: Early Life Health and Nutrition in Early Anglo-Saxon East Anglia,publication,51
"Benson, C. David_2025-11-19T21:34:34","Benson, C. David",author,52
"Besamusca, Bart_2025-11-19T21:18:15","Besamusca, Bart",author,52
"Bose, Mishtooni_2025-11-19T21:34:34","Bose, Mishtooni",author,52
"Brandsma, Frank_2025-11-19T21:16:14","Brandsma, Frank",author,52
"Cropp, Glynnis M._2025-11-19T21:34:40","Cropp, Glynnis M.",author,52
"DiMarco, Vincent_2025-11-19T21:34:36","DiMarco, Vincent",author,52
"Frank, Armin Paul_2025-11-19T21:34:34","Frank, Armin Paul",author,52
"Greiner, Norbert_2025-11-19T21:34:34","Greiner, Norbert",author,52
"Grubmüller, Klaus_2025-11-19T21:34:34","Grubmüller, Klaus",author,52
"Hermans, Theo_2025-11-19T21:34:34","Hermans, Theo",author,52
"Huot, Sylvia_2025-11-19T21:34:35","Huot, Sylvia",author,52
"Kittel, Harald_2025-11-19T21:34:34","Kittel, Harald",author,52
"Koller, Werner_2025-11-19T21:34:34","Koller, Werner",author,52
"Lambert, José_2025-11-19T21:34:34","Lambert, José",author,52
"Lamberton, Robert_2025-11-19T21:34:34","Lamberton, Robert",author,52
"Larrington, Carolyne_2025-11-19T21:16:51","Larrington, Carolyne",author,52
"Leeming, K._2025-11-19T21:34:35","Leeming, K.",author,52
"Lucken, Christopher_2025-11-19T21:20:14","Lucken, Christopher",author,52
"McFadyen, Johnny_2025-11-19T21:30:37","McFadyen, Johnny",author,52
"Paul, Fritz_2025-11-19T21:34:34","Paul, Fritz",author,52
"Pistor-Hatam, Anja_2025-11-19T21:28:55","Pistor-Hatam, Anja",author,52
"Ríkharðsdóttir, Sif_2025-11-19T21:17:13","Ríkharðsdóttir, Sif",author,52
"Sargent, Michael G._2025-11-19T21:34:41","Sargent, Michael G.",author,52
"Saunders, Corinne_2025-11-19T21:17:05","Saunders, Corinne",author,52
"Stevenson, Jane_2025-11-19T21:24:51","Stevenson, Jane",author,52
"Tether, Leah_2025-11-19T21:30:37","Tether, Leah",author,52
"Valls, Helen_2025-11-19T21:34:34","Valls, Helen",author,52
"Weitemeier, Bernd_2025-11-19T21:34:36","Weitemeier, Bernd",author,52
"Whatley, E. Gordon_2025-11-19T21:34:35","Whatley, E. Gordon",author,52
"Wheatley, Edward_2025-11-19T21:28:46","Wheatley, Edward",author,52
"Wright, Roger_2025-11-19T21:19:57","Wright, Roger",author,52
69825516c835c41957dfef9d,Aristotle in translation in Medieval Europe (Aristoteles-Übersetzungen im europäischen Mittelalter),publication,52
69825516c835c41957dfefa4,Arthurian romances in translation in Medieval Europe (Die Übersetzung des Artuskomplexes im europäischen Mittelalter),publication,52
69825516c835c41957dfa92c,Between Audience and Source: the First-Person Narrator in the Middle Dutch Lanceloet,publication,52
69825516c835c41957dfeff2,Boethius in translation in Medieval Europe (Übersetzungen von Boethius’ Philosophiae consolatio im europäischen Mittel,publication,52
69825516c835c41957dfefc0,Concepts and models of translation in Medieval Europe (Übersetzungsmodelle und Übersetzungskonzeptionen im europäisch,publication,52
69825516c835c41957dfefa3,Deutsche Übersetzungen lateinischer Texte im Mittelalter (German translations from Latin in the Middle Ages),publication,52
69825516c835c41957dfa343,Emotion and the Medieval Self,publication,52
69825516c835c41957dfefb5,Greek-Arabic translation in the Christian communities of the Medieval Arab World (Griechisch-arabische Übersetzungen in,publication,52
69825516c835c41957dfa27d,Introduction,publication,52
69825517c835c41957e01534,"LA PÉRIODE DE TRANSITION DU LATIN, DE LA ""LINGUA ROMANA"" ET DU FRANÇAIS",publication,52
69825516c835c41957dfefb1,Legenda aurea in translation in Medieval Europe (Legenda aurea in mittelalterlichen Übersetzungen),publication,52
69825516c835c41957dfef9e,Medical and seientific texts in translation in Medieval Europe (Übersetzungen medizinischer und naturwissenschaftlicher,publication,52
69825516c835c41957dff008,Meditationes Vitae Christi in translation in Medieval Europe (Die Meditationes Vitae Christi in mittelalterlichen Übers,publication,52
69825516c835c41957dfef9f,Ovid in translation in Medieval Europe (Ovid-Übersetzungen im europäischen Mittelalter),publication,52
69825516c835c41957dfefa2,Relationships between text and translation in Medieval Europe (Status und Beziehung von Text und Übersetzung im europä,publication,52
69825516c835c41957dfefb4,The Roman de la Rose in translation in Medieval Europe (Übersetzungen des ‘Rosenromans’ im europäischen Mittelalter),publication,52
69825516c835c41957dfe3f5,The Roman van Walewein and Moriaen: Travelling through Landscapes and Foreign Countries,publication,52
69825516c835c41957dfefb9,The “Matter of Alexander” in Medieval translation (Der Alexanderroman in mittelalterlichen Übersetzungen),publication,52
69825516c835c41957dfefa5,The “Matter of Troy” and its transmission through translation in Medieval Europe (Die übersetzerische Vermittlung des T,publication,52
69825516c835c41957dfefa1,Theory and practice of translation in Late Antiquity (Übersetzungstheorie und -praxis in der Spätantike),publication,52
69825516c835c41957dfeffc,Translation and the role of Latin in Medieval Europe (Übersetzung und die Rolle des Lateinischen im europäischen Mitte,publication,52
69825516c835c41957dfefb6,Translation and the role of the vernacular languages in Medieval Europe (Übersetzung und die Rolle der Volkssprachen im,publication,52
69825516c835c41957dfefad,Translation and the spread of the Greek and Latin alphabets in Late Antiquity (Übersetzung und die Verbreitung der grie,publication,52
69825516c835c41957dff004,Translation from Arabic into Latin in the Middle Ages (Übersetzungen aus dem Arabischen ins Lateinische im Mittelalter),publication,52
69825516c835c41957dff006,Übersetzungen innerhalb des islamischen Kulturraums: Übersetzungen zwischen den drei klassischen islamischen Sprachen ,publication,52
69825516c835c41957dff007,Versdichtung und höfischer Roman: übersetzerische Beziehungen und Rezeptionsformen supranationaler Stoffvorlagen in de,publication,52
"Annaert, Rica_2025-11-19T21:20:14","Annaert, Rica",author,53
"Bastiaens, Jan_2025-11-19T21:26:35","Bastiaens, Jan",author,53
"Boudin, Mathieu_2025-11-19T21:20:14","Boudin, Mathieu",author,53
"Brickley, Megan B_2025-11-19T21:39:32","Brickley, Megan B",author,53
"Capuzzo, Giacomo_2025-11-19T21:20:14","Capuzzo, Giacomo",author,53
"Carroll, Gina_2025-11-19T21:20:53","Carroll, Gina",author,53
"Claeys, Philippe_2025-11-19T21:18:18","Claeys, Philippe",author,53
"Dalle, Sarah_2025-11-19T21:20:14","Dalle, Sarah",author,53
"Derese, Cilia_2025-11-19T21:26:35","Derese, Cilia",author,53
"De Mulder, Guy_2025-11-19T21:20:14","De Mulder, Guy",author,53
"Eggermont, Nele_2025-11-19T21:26:35","Eggermont, Nele",author,53
"Hattum, IJk_2025-11-19T21:45:49","Hattum, IJk",author,53
"Hlad, Marta_2025-11-19T21:20:14","Hlad, Marta",author,53
"Hoogland, Menno L.P._2025-11-19T21:26:30","Hoogland, Menno L.P.",author,53
"Jackson, Veronica_2025-11-19T21:18:18","Jackson, Veronica",author,53
"James, Hannah F._2025-11-19T21:18:18","James, Hannah F.",author,53
"Kissane, Alan_2025-11-19T21:16:13","Kissane, Alan",author,53
"Kontopoulos, Ioannis_2025-11-19T21:20:14","Kontopoulos, Ioannis",author,53
"Kootker, Lisette M._2025-11-19T21:45:49","Kootker, Lisette M.",author,53
"Lambert, Bart_2025-11-19T21:18:18","Lambert, Bart",author,53
"Mackman, Jonathan_2025-11-19T21:34:35","Mackman, Jonathan",author,53
"Ormrod, W. Mark_2025-11-19T21:40:27","Ormrod, W. Mark",author,53
"Provyn, Steven_2025-11-19T21:18:18","Provyn, Steven",author,53
"Spros, Rachèl_2025-11-19T21:17:12",Rachèl Spros,author,53
"Sabaux, Charlotte_2025-11-19T21:20:14","Sabaux, Charlotte",author,53
"Salesse, Kevin_2025-11-19T21:20:14","Salesse, Kevin",author,53
"Schats, Rachel_2025-11-19T21:45:49","Schats, Rachel",author,53
"Sengeløv, Amanda_2025-11-19T21:18:18","Sengeløv, Amanda",author,53
"Snoeck, Christophe_2025-11-19T21:17:12","Snoeck, Christophe",author,53
"Snoeck, Thyl_2025-11-19T21:18:18","Snoeck, Thyl",author,53
"Stamataki, Elisavet_2025-11-19T21:18:18","Stamataki, Elisavet",author,53
"Story, Joanna_2025-11-19T21:35:01","Story, Joanna",author,53
"Tyler, Elizabeth M._2025-11-19T21:26:57","Tyler, Elizabeth M.",author,53
"Tys, Dries_2025-11-19T21:20:14","Tys, Dries",author,53
"Van den haute, Peter_2025-11-19T21:26:35","Van den haute, Peter",author,53
"Vandenberghe, Dimitri_2025-11-19T21:26:35","Vandenberghe, Dimitri",author,53
"Vercauteren, Martine_2025-11-19T21:20:14","Vercauteren, Martine",author,53
"Veselka, Barbara_2025-11-19T21:18:18","Veselka, Barbara",author,53
"Warmenbol, Eugène_2025-11-19T21:20:14","Warmenbol, Eugène",author,53
"Waters-Rist, Andrea L_2025-11-19T21:39:32","Waters-Rist, Andrea L",author,53
"Younge, George_2025-11-19T21:40:28","Younge, George",author,53
69825517c835c41957e018b1,5 Immigrants from overseas,publication,53
69825517c835c41957dff58c,"A Merovingian surprise : early medieval radiocarbon dates on cremated bone (Borsbeek, Belgium)",publication,53
69825517c835c41957dffd68,A joint medico-historical and paleopathological perspective on vitamin D deficiency prevalence in post-Medieval Netherla,publication,53
69825516c835c41957dfd309,A medieval settlement caught in the sand: Optical dating of sand-drifting at Pulle (N Belgium),publication,53
69825516c835c41957dfefa9,Aliens and the Law in Late Medieval Lincolnshire,publication,53
69825517c835c41957e00222,CREMATION VS. INHUMATION: MODELING CULTURAL CHANGES IN FUNERARY PRACTICES FROM THE MESOLITHIC TO THE MIDDLE AGES IN BELG,publication,53
69825516c835c41957dfb7aa,"Diet and food strategies in a southern al-Andalusian urban environment during Caliphal period, Écija, Sevilla",publication,53
69825517c835c41957e0086b,Diet and urbanisation in medieval Holland. Studying dietary change through carious lesions and stable isotope analysis,publication,53
69825517c835c41957e00045,Framing Migration in Medieval England,publication,53
69825517c835c41957e00980,Interglobular dentine attributed to vitamin D deficiency visible in cremated human teeth,publication,53
69825516c835c41957dfb443,Le projet Crumbel et l'apport de la recherche archéométrique,publication,53
69825516c835c41957dfa965,Mobility in a medieval industrial city: an isotopic study of skeletal evidence from 13th -14th century Ypres (Belgium),publication,53
69825517c835c41957e0004a,"Moving People, Moving Forms: Narrating Migration in the Anglo-Saxon Chronicles",publication,53
69825516c835c41957dfd2c5,Rural Rickets: Vitamin D Deficiency in a Post-Medieval Farming Community from the Netherlands,publication,53
"Aksonov, Viktor_2025-11-19T21:18:14","Aksonov, Viktor",author,54
"Anastasiadou, Kyriaki_2025-11-19T21:18:13","Anastasiadou, Kyriaki",author,54
"Andrukh, Svitlana_2025-11-19T21:18:14","Andrukh, Svitlana",author,54
"Bandrivskyi, Mykola_2025-11-19T21:18:14","Bandrivskyi, Mykola",author,54
"Barrington, Christopher_2025-11-19T21:18:13","Barrington, Christopher",author,54
"Booth, Thomas_2025-11-19T21:18:13","Booth, Thomas",author,54
"Bruyako, Igor_2025-11-19T21:18:14","Bruyako, Igor",author,54
"Buynov, Yurii_2025-11-19T21:18:14","Buynov, Yurii",author,54
"Collard, Mark_2025-11-19T21:15:34","Collard, Mark",author,54
"Cray, JJ_2025-11-19T21:48:35","Cray, JJ",author,54
"Didenko, Serhii_2025-11-19T21:18:14","Didenko, Serhii",author,54
"Dobney, Keith_2025-11-19T21:15:34","Dobney, Keith",author,54
"Gilardet, Alexandre_2025-11-19T21:18:14","Gilardet, Alexandre",author,54
"Gorbenko, Kyrylo_2025-11-19T21:18:14","Gorbenko, Kyrylo",author,54
"Grechko, Denys_2025-11-19T21:18:14","Grechko, Denys",author,54
"Gräslund, Bo_2025-11-19T21:36:20","Gräslund, Bo",author,54
"Heather, Peter J_2025-11-19T21:31:06","Heather, Peter J",author,54
"Heiko, Anatolii_2025-11-19T21:18:14","Heiko, Anatolii",author,54
"Järve, Mari_2025-11-19T21:18:14","Järve, Mari",author,54
"Kelly, Monica_2025-11-19T21:18:14","Kelly, Monica",author,54
"Kotenko, Viktoriia_2025-11-19T21:18:14","Kotenko, Viktoriia",author,54
"Laptiev, Oleksii_2025-11-19T21:18:14","Laptiev, Oleksii",author,54
"Macleod, Ruairidh_2025-11-19T21:18:14","Macleod, Ruairidh",author,54
"Magomedov, Borys_2025-11-19T21:18:14","Magomedov, Borys",author,54
"Mortimer, Paul_2025-11-19T21:36:04","Mortimer, Paul",author,54
"Okatenko, Vitalii_2025-11-19T21:18:14","Okatenko, Vitalii",author,54
"Pavliv, Dmytro_2025-11-19T21:18:14","Pavliv, Dmytro",author,54
"Petrauskas, Oleg_2025-11-19T21:18:14","Petrauskas, Oleg",author,54
"Plomp, Kimberly A._2025-11-19T21:15:34","Plomp, Kimberly A.",author,54
"Price, Neil_2025-11-19T21:17:08","Price, Neil",author,54
"Radziyevska, Vira_2025-11-19T21:18:14","Radziyevska, Vira",author,54
"Raffield, Ben_2025-11-19T21:16:08","Raffield, Ben",author,54
"Reida, Roman_2025-11-19T21:18:14","Reida, Roman",author,54
"Sapiehin, Serhii_2025-11-19T21:18:14","Sapiehin, Serhii",author,54
"Shramko, Iryna_2025-11-19T21:18:14","Shramko, Iryna",author,54
"Silva, Marina_2025-11-19T21:18:13","Silva, Marina",author,54
"Skoglund, Pontus_2025-11-19T21:18:13","Skoglund, Pontus",author,54
"Skorokhod, Viacheslav_2025-11-19T21:18:14","Skorokhod, Viacheslav",author,54
"Smyrnov, Oleksandr_2025-11-19T21:18:14","Smyrnov, Oleksandr",author,54
"Speidel, Leo_2025-11-19T21:18:13","Speidel, Leo",author,54
"Sytyi, Yurii_2025-11-19T21:18:14","Sytyi, Yurii",author,54
"Terskyi, Svyatoslav_2025-11-19T21:18:14","Terskyi, Svyatoslav",author,54
"Toshev, Gennadi_2025-11-19T21:18:14","Toshev, Gennadi",author,54
"Utevska, Olga_2025-11-19T21:18:14","Utevska, Olga",author,54
"Williams, Mia_2025-11-19T21:18:14","Williams, Mia",author,54
"Zadnikov, Stanislav_2025-11-19T21:18:14","Zadnikov, Stanislav",author,54
"Zhyhola, Vitalii_2025-11-19T21:18:14","Zhyhola, Vitalii",author,54
69825517c835c41957e00fdb,A 3D basicranial shape-based assessment of local and continental northwest European ancestry among 5th to 9th century CE,publication,54
69825516c835c41957dff39a,An Eye for Odin? Divine Role-Playing in the Age of Sutton Hoo,publication,54
69825516c835c41957dfa8f6,High-resolution genomic history of early medieval Europe,publication,54
69825516c835c41957df9d58,Mixed ancestry of Europeans who settled Iceland and Greenland: 3D geometric-morphometric analyses of cranial base shape,publication,54
69825516c835c41957dfa904,North Pontic crossroads: Mobility in Ukraine from the Bronze Age to the early modern period,publication,54
69825517c835c41957e017c7,"Polygyny, Concubinage, and the Social Lives of Women in Viking-Age Scandinavia",publication,54
69825517c835c41957dff432,Twilight of the gods? The ‘dust veil event’ of AD 536 in critical perspective,publication,54
"Adams, Thomas M._2025-11-19T21:25:16","Adams, Thomas M.",author,55
"Andrew, John A._2025-11-19T21:25:16","Andrew, John A.",author,55
"Armstrong, Thom M._2025-11-19T21:25:16","Armstrong, Thom M.",author,55
"Bailey, Jackson H._2025-11-19T21:25:16","Bailey, Jackson H.",author,55
"Ballard, Michael B._2025-11-19T21:25:16","Ballard, Michael B.",author,55
"Bornstein, Daniel_2025-11-19T21:25:16","Bornstein, Daniel",author,55
"Carlson, Paul H._2025-11-19T21:25:16","Carlson, Paul H.",author,55
"Casdorph, Paul D._2025-11-19T21:25:16","Casdorph, Paul D.",author,55
"Chesson, Michael B._2025-11-19T21:25:16","Chesson, Michael B.",author,55
"Coogan, John W._2025-11-19T21:25:16","Coogan, John W.",author,55
"Covert, James T._2025-11-19T21:25:16","Covert, James T.",author,55
"Ewan, Elizabeth_2025-11-19T21:25:16","Ewan, Elizabeth",author,55
"Fairchild, Jack_2025-11-19T21:25:16","Fairchild, Jack",author,55
"Fissel, Mark Charles_2025-11-19T21:25:16","Fissel, Mark Charles",author,55
"Geib, George W._2025-11-19T21:25:16","Geib, George W.",author,55
"Glasco, Laurence A._2025-11-19T21:25:16","Glasco, Laurence A.",author,55
"Goldschmidt, Arthur_2025-11-19T21:25:16","Goldschmidt, Arthur",author,55
"Gueldry, Michel_2025-11-19T21:25:16","Gueldry, Michel",author,55
"Guzman, Gregory G._2025-11-19T21:25:16","Guzman, Gregory G.",author,55
"Harris, Brice_2025-11-19T21:25:16","Harris, Brice",author,55
"Hartsfield, Larry_2025-11-19T21:25:16","Hartsfield, Larry",author,55
"Hauptman, Laurence M._2025-11-19T21:25:16","Hauptman, Laurence M.",author,55
"Holloran, Peter C._2025-11-19T21:25:16","Holloran, Peter C.",author,55
"Johnston, Charles M._2025-11-19T21:25:16","Johnston, Charles M.",author,55
"Klunder, Willard Carl_2025-11-19T21:25:16","Klunder, Willard Carl",author,55
"Knee, Stuart_2025-11-19T21:25:16","Knee, Stuart",author,55
"Konek, Carol Wolfe_2025-11-19T21:25:16","Konek, Carol Wolfe",author,55
"Larson, John Lauritz_2025-11-19T21:25:16","Larson, John Lauritz",author,55
"Leon, David_2025-11-19T21:25:16","Leon, David",author,55
"Levin, Carule_2025-11-19T21:25:16","Levin, Carule",author,55
"Lincoln, W. Bruce_2025-11-19T21:25:16","Lincoln, W. Bruce",author,55
"Long, John W._2025-11-19T21:25:16","Long, John W.",author,55
"Millard, Andre_2025-11-19T21:25:16","Millard, Andre",author,55
"Mullins, William H._2025-11-19T21:25:16","Mullins, William H.",author,55
"Murray, Bruce K._2025-11-19T21:25:16","Murray, Bruce K.",author,55
"Pfeffer, Paula F._2025-11-19T21:25:16","Pfeffer, Paula F.",author,55
"Pugh, Martin_2025-11-19T21:25:16","Pugh, Martin",author,55
"Robison, William B._2025-11-19T21:20:38","Robison, William B.",author,55
"Rutland, Robert Allen_2025-11-19T21:25:16","Rutland, Robert Allen",author,55
"Salmond, John A._2025-11-19T21:25:16","Salmond, John A.",author,55
"Scherzer, Kenneth A._2025-11-19T21:25:16","Scherzer, Kenneth A.",author,55
"Sprunger, Keith L._2025-11-19T21:25:16","Sprunger, Keith L.",author,55
"Startt, James D._2025-11-19T21:25:16","Startt, James D.",author,55
"Story, Ronald_2025-11-19T21:25:16","Story, Ronald",author,55
"Tillson, Albert H._2025-11-19T21:25:16","Tillson, Albert H.",author,55
"Weisser, Henry_2025-11-19T21:25:16","Weisser, Henry",author,55
"Wheeler, Arthur_2025-11-19T21:25:16","Wheeler, Arthur",author,55
"Wring, James F._2025-11-19T21:25:16","Wring, James F.",author,55
69825516c835c41957dfcd56,B,publication,55
"Aleo Nero, Carla_2025-11-19T21:48:53","Aleo Nero, Carla",author,56
"Alessi, Enrico_2025-11-19T21:24:40","Alessi, Enrico",author,56
"Allué, Ethel_2025-11-19T21:24:40","Allué, Ethel",author,56
"Angelucci, Diego E._2025-11-19T21:24:40","Angelucci, Diego E.",author,56
"Arnone, Massimo_2025-11-19T21:24:40","Arnone, Massimo",author,56
"Baldi, Franco_2025-11-19T21:48:53","Baldi, Franco",author,56
"Beaussart, François-Jérôme_2026-01-14T22:05:05","Beaussart, François-Jérôme",author,56
"Belvedere, Oscar_2025-11-19T21:24:40","Belvedere, Oscar",author,56
"Blain, Hugues-Alexandre_2025-11-19T21:24:40","Blain, Hugues-Alexandre",author,56
"Burjachs, Francesc_2025-11-19T21:24:40","Burjachs, Francesc",author,56
"Di Simone, Giovanni_2025-11-19T21:24:40","Di Simone, Giovanni",author,56
ENRICO PAGANO_2025-11-19T21:29:10,ENRICO PAGANO,author,56
"Expósito, Isabel_2025-11-19T21:24:40","Expósito, Isabel",author,56
"Faddetta, Teresa_2025-11-19T21:48:53","Faddetta, Teresa",author,56
"Fani, Renato_2025-11-19T21:48:53","Fani, Renato",author,56
"Firenzuoli, Fabio_2025-11-19T21:48:53","Firenzuoli, Fabio",author,56
"Forgia, Vincenza_2025-11-19T21:24:40","Forgia, Vincenza",author,56
"Gallo, Giuseppe_2025-11-19T21:48:53","Gallo, Giuseppe",author,56
"Gallo, Michele_2025-11-19T21:48:53","Gallo, Michele",author,56
"Bacci, Giovanni_2025-11-19T21:48:53",Giovanni Bacci,author,56
JOSEP MARIA VERGÈS_2025-11-19T21:29:10,JOSEP MARIA VERGÈS,author,56
"La Barbera, Andrea_2025-11-19T21:48:53","La Barbera, Andrea",author,56
"Lett, Didier_2026-01-14T22:05:04","Lett, Didier",author,56
"Lombardo, Giovanna_2025-11-19T21:48:53","Lombardo, Giovanna",author,56
"López-García, Juan Manuel_2025-11-19T21:24:40","López-García, Juan Manuel",author,56
"Maggini, Valentina_2025-11-19T21:48:53","Maggini, Valentina",author,56
"Marchello-Nizia, Christiane_2026-01-14T22:05:03","Marchello-Nizia, Christiane",author,56
"Martín, Patricia_2025-11-19T21:24:40","Martín, Patricia",author,56
"Messina, Andrea_2025-11-19T21:24:40","Messina, Andrea",author,56
"Morales, Juan Ignacio_2025-11-19T21:24:40","Morales, Juan Ignacio",author,56
"Ollé, Andreu_2025-11-19T21:24:40","Ollé, Andreu",author,56
"Palumbo Piccionello, Antonio_2025-11-19T21:48:53","Palumbo Piccionello, Antonio",author,56
"Picornell, Llorenç_2025-11-19T21:24:40","Picornell, Llorenç",author,56
"Provenzano, Aldesia_2025-11-19T21:48:53","Provenzano, Aldesia",author,56
"Pucciarelli, Sandra_2025-11-19T21:48:53","Pucciarelli, Sandra",author,56
"Puglia, Anna Maria_2025-11-19T21:48:53","Puglia, Anna Maria",author,56
"Quagliariello, Andrea_2025-11-19T21:48:53","Quagliariello, Andrea",author,56
"Rodríguez, Anna_2025-11-19T21:24:40","Rodríguez, Anna",author,56
"Scopelliti, Giuseppa_2025-11-19T21:24:40","Scopelliti, Giuseppa",author,56
"Sineo, Luca_2025-11-19T21:24:40","Sineo, Luca",author,56
"Vassallo, Alberto_2025-11-19T21:48:53","Vassallo, Alberto",author,56
"Vergès, Josep Maria_2025-11-19T21:24:40","Vergès, Josep Maria",author,56
"Virruso, Giovanni_2025-11-19T21:24:40","Virruso, Giovanni",author,56
"Zaccaroni, Marco_2025-11-19T21:48:53","Zaccaroni, Marco",author,56
69825517c835c41957e019a4,Entretien autour de Littératures de l'Europe médiévale,publication,56
69825516c835c41957dfca20,"New data on Sicilian prehistoric and historic evolution in a mountain context, Vallone Inferno (Scillato, Italy)",publication,56
69825517c835c41957e010f4,Novel Sources of Biodiversity and Biomolecules from Bacteria Isolated from a High Middle Ages Soil Sample in Palermo (Si,publication,56
69825516c835c41957dfdd43,"THE SMALL MAMMALS (INSECTIVORES, BATS AND RODENTS) FROM THE HOLOCENE ARCHAEOLOGICAL SITE OF VALLONE INFERNO (SCILLATO, L",publication,56
"Baron, Nick_2025-11-19T21:23:43","Baron, Nick",author,57
"Bederman, Sanford_2025-11-19T21:23:43","Bederman, Sanford",author,57
"Belyea, Barbara_2025-11-19T21:24:07","Belyea, Barbara",author,57
"Bendall, Sarah_2025-11-19T21:23:43","Bendall, Sarah",author,57
"Billion, Philipp_2025-11-19T21:24:14","Billion, Philipp",author,57
"Blakemore, Michael_2025-11-19T21:24:14","Blakemore, Michael",author,57
"Braun, Lindsay Frederick_2025-11-19T21:24:14","Braun, Lindsay Frederick",author,57
"Broecke, Marcel van den_2025-11-19T21:24:07","Broecke, Marcel van den",author,57
"Burlinson, Christopher_2025-11-19T21:23:43","Burlinson, Christopher",author,57
"Burroughs, Charles_2025-11-19T21:23:43","Burroughs, Charles",author,57
"Campbell, Brian_2025-11-19T21:24:14","Campbell, Brian",author,57
"Conley, Tom_2025-11-19T21:24:07","Conley, Tom",author,57
"Cook, Karen_2025-11-19T21:23:43","Cook, Karen",author,57
"Donkin, Lucy_2025-11-19T21:17:00","Donkin, Lucy",author,57
"Ehrenberg, Ralph E._2025-11-19T21:24:14","Ehrenberg, Ralph E.",author,57
"Ehrensvärd, Ulla_2025-11-19T21:24:14","Ehrensvärd, Ulla",author,57
"Federzoni, Laura_2025-11-19T21:24:14","Federzoni, Laura",author,57
"Garver, Joseph_2025-11-19T21:24:07","Garver, Joseph",author,57
"Grim, Ronald_2025-11-19T21:23:43","Grim, Ronald",author,57
"Harvey, P. D. A._2025-11-19T21:24:07","Harvey, P. D. A.",author,57
"Hebert, John_2025-11-19T21:23:43","Hebert, John",author,57
"Hernando, Agustín_2025-11-19T21:24:14","Hernando, Agustín",author,57
"Hiatt, Alfred_2025-11-19T21:22:15","Hiatt, Alfred",author,57
"Hutchinson, Gillian_2025-11-19T21:24:07","Hutchinson, Gillian",author,57
"Karrow, Robert W._2025-11-19T21:24:14","Karrow, Robert W.",author,57
"Kline, Naomi_2025-11-19T21:23:43","Kline, Naomi",author,57
"Le-Guilcher, Lucy_2025-11-19T21:23:43","Le-Guilcher, Lucy",author,57
"Licini, Patrizia_2025-11-19T21:17:52","Licini, Patrizia",author,57
"Lois, Carla_2025-11-19T21:23:43","Lois, Carla",author,57
"Lugli, Emanuele_2025-11-19T21:24:07","Lugli, Emanuele",author,57
"Mangani, G._2025-11-19T21:28:46","Mangani, G.",author,57
"McKitterick, David_2025-11-19T21:24:07","McKitterick, David",author,57
"Mokre, Jan_2025-11-19T21:24:14","Mokre, Jan",author,57
"Nebenzahl, Kenneth_2025-11-19T21:23:43","Nebenzahl, Kenneth",author,57
"Pérez, Sandra Sáenz-López_2025-11-19T21:24:07","Pérez, Sandra Sáenz-López",author,57
"Reinhartz, Dennis_2025-11-19T21:23:43","Reinhartz, Dennis",author,57
"Saliba, George_2025-11-19T21:24:07","Saliba, George",author,57
"Schwartz, Seymour_2025-11-19T21:27:55","Schwartz, Seymour",author,57
"Seaver, Kirsten_2025-11-19T21:23:43","Seaver, Kirsten",author,57
"Theunissen, Yolanda_2025-11-19T21:24:14","Theunissen, Yolanda",author,57
"Walker, James_2025-11-19T21:23:43","Walker, James",author,57
"de Meer, Sjoerd_2025-11-19T21:24:14","de Meer, Sjoerd",author,57
69825516c835c41957dfc506,"Cartography in Antiquity and the Middle Ages: Fresh Perspectives, New Methods. Edited by Richard J. A. Talbert and Richa",publication,57
69825516c835c41957dfd85b,"De Ptolemee a la Guillotiere (XVe-XVIe siecle): Des cartes pour la France pourquoi, comment? By Monique Pelletier. City ",publication,57
69825516c835c41957dfc7b9,"Magnificent Maps: Power, Propaganda and Art . By Peter Barber and Tom Harper. Maps in Those Days: Cartographic Methods b",publication,57
69825516c835c41957dfdb27,"Magnificent Maps: Power, Propaganda and Art. By Peter Barber and Tom Harper. Maps in Those Days: Cartographic Methods be",publication,57
"Abel-Schaad, Daniel_2025-11-19T21:24:58","Abel-Schaad, Daniel",author,58
"Alba, Francisca_2025-11-19T21:17:26","Alba, Francisca",author,58
"Alba-Sánchez, Francisca_2025-11-19T21:24:58","Alba-Sánchez, Francisca",author,58
"Blanco-González, Antonio_2025-11-19T21:17:26","Blanco-González, Antonio",author,58
"Blarquez, Olivier_2025-11-19T21:32:00","Blarquez, Olivier",author,58
"Blázquez, Ana_2025-11-19T21:38:58","Blázquez, Ana",author,58
"Borrego, Ángeles G._2025-11-19T21:42:01","Borrego, Ángeles G.",author,58
"Cerezo, Felipe_2025-11-19T21:29:46","Cerezo, Felipe",author,58
"Dorado, Miriam_2025-11-19T21:24:58","Dorado, Miriam",author,58
"Franco-Múgica, Fátima_2025-11-19T21:24:58","Franco-Múgica, Fátima",author,58
"Galán, Luis A._2025-11-19T21:38:58","Galán, Luis A.",author,58
"Gil-García, María José_2025-11-19T21:24:58","Gil-García, María José",author,58
"González-Hernández, Antonio_2025-11-19T21:34:02","González-Hernández, Antonio",author,58
"Gómez-González, Clemencia_2025-11-19T21:24:58","Gómez-González, Clemencia",author,58
"Heine, Erwin_2025-11-19T21:42:01","Heine, Erwin",author,58
Jaime Vizcaíno Sánchez_2025-11-19T21:41:54,Jaime Vizcaíno Sánchez,author,58
"José Gil, María_2026-01-15T09:05:31","José Gil, María",author,58
"Linares, Juan Carlos_2025-11-19T21:34:02","Linares, Juan Carlos",author,58
"López-Cilla, Ignacio_2025-11-19T21:38:58","López-Cilla, Ignacio",author,58
"López-Sáez, José Antonio_2025-11-19T21:17:26","López-Sáez, José Antonio",author,58
"Manteca, Ignacio_2025-11-19T21:29:46","Manteca, Ignacio",author,58
"Navarro, Francisca_2025-11-19T21:29:46","Navarro, Francisca",author,58
"Oliva, Marc_2025-11-19T21:32:00","Oliva, Marc",author,58
"Ortiz, José E._2025-11-19T21:38:58","Ortiz, José E.",author,58
"Pérez-Díaz, Sebastián_2025-11-19T21:24:58","Pérez-Díaz, Sebastián",author,58
"Ramallo, Sebastián_2025-11-19T21:29:46","Ramallo, Sebastián",author,58
"Robles-López, Sandra_2025-11-19T21:32:00","Robles-López, Sandra",author,58
"Rodríguez-Estrella, Tomás_2026-01-15T09:05:32","Rodríguez-Estrella, Tomás",author,58
"Ros, Milagros_2025-11-19T21:29:46","Ros, Milagros",author,58
"Ruiz-Fernández, Jesús_2025-11-19T21:32:00","Ruiz-Fernández, Jesús",author,58
"Ruiz-Zapata, Blanca_2025-11-19T21:24:58","Ruiz-Zapata, Blanca",author,58
"Sabariego Ruiz, Silvia_2025-11-19T21:34:02","Sabariego Ruiz, Silvia",author,58
"Sánchez-Palencia, Yolanda_2025-11-19T21:29:46","Sánchez-Palencia, Yolanda",author,58
"Torres, Trinidad_2025-11-19T21:29:46","Torres, Trinidad",author,58
"Vargas, Grettel_2025-11-19T21:32:00","Vargas, Grettel",author,58
69825517c835c41957dffc04,Biomarkers in coastal marshlands: Environmental characteristics of the Mazarrón Basin during the Middle Pleistocene (MIS,publication,58
69825517c835c41957e00476,Bizantinos en Hispania. Un problema en la arqueología española,publication,58
69825517c835c41957e01aa2,Development of the marine Holocene environment in a drowned paleovalley with final anthropic influence in the Cartagena ,publication,58
69825517c835c41957e004bc,"Keys to discern the Phoenician, Punic and Roman mining in a typical coastal environment through the multivariate study o",publication,58
69825516c835c41957dfa487,Medieval landscapes in the Spanish Central System (450–1350): a palaeoenvironmental and historical perspective,publication,58
69825516c835c41957dfe719,Paleofire Dynamics in Central Spain during the Late Holocene: The Role of Climatic and Anthropogenic Forcing,publication,58
69825516c835c41957dfe0e1,Reconstructing human–landscape interactions in the ancient Mediterranean harbour of Cartagena (Spain),publication,58
69825516c835c41957dfee1b,The impact of climate and land-use changes on the most southerly fir forests (Abies pinsapo) in Europe,publication,58
69825516c835c41957dfcbd3,"Vegetation history, climate and human impact in the Spanish Central System over the last 9000 years",publication,58
"Andersen, Steen Wulff_2025-11-19T21:46:21","Andersen, Steen Wulff",author,59
"Arvidsson, D._2025-11-19T21:47:52","Arvidsson, D.",author,59
"Blidberg, A._2025-11-19T21:47:52","Blidberg, A.",author,59
"Grimm, Oliver_2025-11-19T21:17:39","Grimm, Oliver",author,59
"Hall, Mark A._2025-11-19T21:30:37","Hall, Mark A.",author,59
"Hansen, Victor_2025-11-19T21:30:38","Hansen, Victor",author,59
"Holst, Mads Kähler_2025-11-19T21:46:21","Holst, Mads Kähler",author,59
"Niehues, Jan_2025-11-19T21:30:36",Jan Niehues,author,59
"Krüger, Jana_2025-11-19T21:17:39","Krüger, Jana",author,59
"Kupferschmied, Irene Ruth_2025-11-19T21:30:34","Kupferschmied, Irene Ruth",author,59
Mads Dengsø Jessen_2025-11-19T21:17:59,Mads Dengsø Jessen,author,59
"Michaelsen, Peter_2025-11-19T21:30:34","Michaelsen, Peter",author,59
"Murray, A.S._2025-11-19T21:47:52","Murray, A.S.",author,59
"Nedoma, Robert_2025-11-19T21:30:40","Nedoma, Robert",author,59
"Oehrl, Sigmund_2025-11-19T21:17:30","Oehrl, Sigmund",author,59
"Pedersen, Anne_2025-11-19T21:17:30","Pedersen, Anne",author,59
"Penke, Niels_2025-11-19T21:30:41","Penke, Niels",author,59
"Ridder, Iris_2025-11-19T21:30:40","Ridder, Iris",author,59
"Rohrbach, Lena_2025-11-19T21:30:34","Rohrbach, Lena",author,59
"Schädler, Ulrich_2025-11-19T21:30:36","Schädler, Ulrich",author,59
"Stylegar, Frans-Arne_2025-11-19T21:30:37","Stylegar, Frans-Arne",author,59
"Teichert, Matthias_2025-11-19T21:30:33","Teichert, Matthias",author,59
"Thompson, W.K._2025-11-19T21:47:52","Thompson, W.K.",author,59
"Wetzler, Sixt_2025-11-19T21:30:40","Wetzler, Sixt",author,59
69825516c835c41957dfe3d4,(Nur) Ein Spiel? Spieltheoretische Überlegungen zu den Pferdekämpfen der Sagaliteratur,publication,59
69825516c835c41957dfe3d6,At preyta sund vid konunginn – Wettkampf mit dem König,publication,59
69825516c835c41957dfe3f8,Board of the Kings: the Material Culture of Playtime in Scotland AD 1–1600,publication,59
69825516c835c41957dfe40c,Das Brettspiel in der skaldischen Dichtung,publication,59
69825516c835c41957dfe414,Das Losbuch Ett litet Tidhfördriff des Grubenschreibers Gisle Jacobson und das mittelalterliche dobbel-Spiel,publication,59
69825516c835c41957dfe3ef,Das Spiel der Engländer. Backgammonspiele im Ms. Royal 13 A xviii der British Library,publication,59
69825516c835c41957dfe3ed,Die Brettspiele des mittelalterlichen Irland und Wales,publication,59
69825516c835c41957dfe413,Die Schachterminologie des Altwestnordischen und der Transfer des Schachspiels nach Skandinavien,publication,59
69825516c835c41957dfe3d7,Game grounds in western and ship races in eastern Scandinavia: an archaeological-interdisciplinary view,publication,59
69825516c835c41957dfe3da,Haretavl – Hare and Hounds as a board game,publication,59
69825516c835c41957dfe3f3,Horse-fights and cow-fights in Norwegian folk tradition,publication,59
69825516c835c41957dfa4e8,"Late Viking-Age Dragon-Slayers — Two Unusual Urnes-Style Brooches from Sjælland, Denmark",publication,59
69825517c835c41957e00d6c,"Rock and sediment luminescence dating of an ancient circular stone-walled enclosure at Sønnebøe, northern Scania, Sweden",publication,59
69825517c835c41957e009f3,"The late Viking-Age royal constructions at Jelling, central Jutland, Denmark : recent investigations and a suggestion fo",publication,59
69825516c835c41957dfe420,"“Tennis-balls, my liege.” Zu den kultur- und literaturhistorischen Hintergründen einer Provokation in William Shakespea",publication,59
69825516c835c41957dfe406,"„Beizjagd“ auf den Rothirsch – Asiatische Jagdmethoden im Norden, keltische Vorbilder oder germanisches Jägerlatein?",publication,59
69825516c835c41957dfe402,"„Für den Trinker gibt es Rat, für den Doppler selten.“ Das Doppel-Spiel in skandinavischen Rechtstexten des Mittelalte",publication,59
69825516c835c41957dfe417,„Var talad mart um glímur“ – Ringkampf im alten Island,publication,59
"Albert, Nicole G._2025-11-19T21:41:55","Albert, Nicole G.",author,60
"Ammann, Caspar M._2025-11-19T21:20:52","Ammann, Caspar M.",author,60
"Barbiera, Irene_2025-11-19T21:19:38","Barbiera, Irene",author,60
"Bini, Monica_2025-11-19T21:21:21","Bini, Monica",author,60
"Borri, Francesco_2025-11-19T21:22:43","Borri, Francesco",author,60
"Cantini, Federico_2025-11-19T21:21:21","Cantini, Federico",author,60
"Cobb, Kim M._2025-11-19T21:20:52","Cobb, Kim M.",author,60
"Collavini, Simone Maria_2025-11-19T21:19:28","Collavini, Simone Maria",author,60
"Csank, Adam_2025-11-19T21:21:21","Csank, Adam",author,60
"Dingemans, Theodore_2025-11-19T21:21:21","Dingemans, Theodore",author,60
Edoardo Manarini_2025-11-19T21:35:17,Edoardo Manarini,author,60
"Piovesan, Gianluca_2025-11-19T21:21:21",Gianluca Piovesan,author,60
"Harper, Thomas K._2025-11-19T21:51:04","Harper, Thomas K.",author,60
"Hoerling, Martin P._2025-11-19T21:20:52","Hoerling, Martin P.",author,60
"Jazwa, Christopher S._2025-11-19T21:38:34","Jazwa, Christopher S.",author,60
"Joslin, Terry L._2025-11-19T21:38:34","Joslin, Terry L.",author,60
"Kennett, Douglas J._2025-11-19T21:20:52","Kennett, Douglas J.",author,60
"Kennett, James P._2025-11-19T21:20:52","Kennett, James P.",author,60
Lorenzo Tabarrini_2025-11-19T21:48:32,Lorenzo Tabarrini,author,60
"Mensing, Scott_2025-11-19T21:21:21","Mensing, Scott",author,60
"Millar, Constance I._2025-11-19T21:51:04","Millar, Constance I.",author,60
"Palli, Jordan_2025-11-19T21:21:21","Palli, Jordan",author,60
"Pazienza, Annamaria_2025-11-19T21:14:54","Pazienza, Annamaria",author,60
"Rein, Bert_2025-11-19T21:18:28","Rein, Bert",author,60
"Rhode, David_2025-11-19T21:51:04","Rhode, David",author,60
"Schoolman, Edward M._2025-11-19T21:32:17","Schoolman, Edward M.",author,60
"Stott, Lowell_2025-11-19T21:20:52","Stott, Lowell",author,60
"Thomas, David Hurst_2025-11-19T21:51:04","Thomas, David Hurst",author,60
Tiziana Lazzari_2025-11-19T21:35:18,Tiziana Lazzari,author,60
"Tomei, Paolo_2025-11-19T21:21:21","Tomei, Paolo",author,60
"West-Harling, Veronica Ortenberg_2025-11-19T21:18:56","West-Harling, Veronica Ortenberg",author,60
"Wigand, Peter E._2025-11-19T21:20:52","Wigand, Peter E.",author,60
"Xu, Taiyi_2025-11-19T21:20:52","Xu, Taiyi",author,60
"Zanchetta, Giovani_2025-11-19T21:21:21","Zanchetta, Giovani",author,60
69825517c835c41957e00fa7,Beni e diritti del fisco regio nell’Italia medievale: una ricerca interdisciplinare,publication,60
69825517c835c41957dffac8,"Fishing, Subsistence Change, and Foraging Strategies on Western Santa Rosa Island, California",publication,60
69825517c835c41957e01899,Great Basin Survivance (USA): Challenges and Windfalls of the Neoglaciation / Late Holocene Dry Period (3100-1800 cal BP,publication,60
69825516c835c41957dfc063,I Longobardi a Venezia : viaggio in un Medioevo mai concluso,publication,60
69825517c835c41957e00480,Iron and blood: gender and the great migrations of the Early Middle Ages (fourth to sixth centuries),publication,60
69825517c835c41957e0067c,Networking Nuns: Imperial Power and Family Alliances at S. Salvatore di Brescia (c. 837-61),publication,60
69825516c835c41957dfb983,Reconstruction of climatic and socio-economic impacts on the landscape of Northern Tuscany (Italy) over the last 2000 ye,publication,60
69825516c835c41957dfb794,Tropical Pacific - mid-latitude teleconnections in medieval times,publication,60
"Arbin, Staffan von_2025-11-19T21:19:38","Arbin, Staffan von",author,61
"Baggaley, P._2025-11-19T21:48:34","Baggaley, P.",author,61
"Benjamin, Jonathan_2025-11-19T21:34:05","Benjamin, Jonathan",author,61
"Brorsson, Torbjörn_2025-11-19T21:17:34","Brorsson, Torbjörn",author,61
"Brown, Ruth R._2025-11-19T21:50:57","Brown, Ruth R.",author,61
"Wiseman, C._2025-11-19T21:48:34",Chelsea Wiseman,author,61
"Claggett, Daniel_2025-11-19T21:34:05","Claggett, Daniel",author,61
"Daly, Aoife_2025-11-19T21:17:09","Daly, Aoife",author,61
"Firth, Matthew_2025-11-19T21:17:35","Firth, Matthew",author,61
"Hjulström, Björn_2025-11-19T21:43:09","Hjulström, Björn",author,61
"Hüls, Matthias_2025-11-19T21:34:05","Hüls, Matthias",author,61
"Isaksson, Sven_2025-11-19T21:17:34","Isaksson, Sven",author,61
"Jeffery, Sonia_2025-11-19T21:22:16","Jeffery, Sonia",author,61
"Jerbic, K._2025-11-19T21:48:34","Jerbic, K.",author,61
"Jouttijärvi, Arne_2025-11-19T21:17:28","Jouttijärvi, Arne",author,61
"Karlsson, Christina_2025-11-19T21:43:09","Karlsson, Christina",author,61
"Löfgren, Sylvia Sandelin_2025-11-19T21:34:05","Löfgren, Sylvia Sandelin",author,61
"McCarthy, John_2025-11-19T21:34:05","McCarthy, John",author,61
"Meldgaard Sass Jensen, Lars_2025-11-19T21:17:28","Meldgaard Sass Jensen, Lars",author,61
"Murray, William_2025-11-19T21:34:05","Murray, William",author,61
"Nicolajsen, Tom_2025-11-19T21:17:28","Nicolajsen, Tom",author,61
"Olsson, Monika_2025-11-19T21:26:32","Olsson, Monika",author,61
"Ravn, Morten_2025-11-19T21:17:28","Ravn, Morten",author,61
"Schilling, Cassandra_2025-11-19T21:48:43","Schilling, Cassandra",author,61
"Sebo, Erin_2025-11-19T21:17:35","Sebo, Erin",author,61
"Seir, Torben_2025-11-19T21:17:34","Seir, Torben",author,61
"Skowronek, Tobias B._2025-11-19T21:17:21","Skowronek, Tobias B.",author,61
"Smith, Kay Douglas_2025-11-19T21:17:21","Smith, Kay Douglas",author,61
69825516c835c41957dfa54c,Kingship and Maritime Power in 10th‐Century England,publication,61
69825516c835c41957dfbdfd,"Medieval face jugs from Lödöse, Sweden : where were they made?",publication,61
69825516c835c41957dfee49,"Modern or medieval? Analysis of an iron anchor from Camuscross, Scotland and direct dating methods for metal artefacts",publication,61
69825516c835c41957dfd2e3,Molecular and isotopic traces of cooking and consumption of fish at an Early Medieval manor site in eastern middle Swede,publication,61
69825517c835c41957e007e3,"Prominent migration period building : lipid and elemental analyses from an excavation at Alby, Botkyrka, Södermanland, ",publication,61
69825517c835c41957e01840,THE SWORD OF THE VOLSUNGS “THE BLADE DID NOT SHATTER OR BREAK”,publication,61
69825517c835c41957e00fc7,The Kalvestene: A reevaluation of the ship settings on the Danish island of Hjarnø,publication,61
69825517c835c41957e01059,The Lonely Afterlives of Early English Queens,publication,61
69825516c835c41957dfa417,The Marstrand Cannon: The earliest evidence of shipboard artillery in Europe?,publication,61
69825516c835c41957dff142,The Mollö cog re-examined and re-evaluated,publication,61
69825517c835c41957e0182f,The Viking axe FROM WOUNDBITER TO FIEND OF THE SHIELD,publication,61
69825516c835c41957dfa4b2,"The Vordingborg Boat: Investigation, Presentation and Interpretation of a 14th-Century Boat-Find from Vordingborg Castle",publication,61
69825516c835c41957dfee4a,The oldest evidence of painted furniture from Sweden : the 12th century chair from Suntak,publication,61
69825516c835c41957dfa53b,Tracing Trade Routes: Examining the Cargo of the 15th-Century Skaftö Wreck,publication,61
"Ekblad, A._2025-11-19T21:23:02",Alf Ekblad,author,62
"Augustsson, Anna_2025-11-19T21:47:34","Augustsson, Anna",author,62
"Bergbäck, Bo_2025-11-19T21:47:34","Bergbäck, Bo",author,62
"Berglund, Bjèorn E._2025-11-19T21:27:50","Berglund, Bjèorn E.",author,62
"Björkman, Leif_2025-11-19T21:20:52","Björkman, Leif",author,62
"Bradshaw, Richard H.W._2025-11-19T21:24:14","Bradshaw, Richard H.W.",author,62
"Broström, Anna_2025-11-19T21:20:52","Broström, Anna",author,62
"López-Blanco, Charo_2025-11-19T21:26:00",Charo López-Blanco,author,62
"Cui, Q-Y._2025-11-19T21:23:02","Cui, Q-Y.",author,62
"Fredh, Erik Daniel_2025-11-19T21:20:52","Fredh, Erik Daniel",author,62
"Gaillard, Marie-José_2025-11-19T21:18:02","Gaillard, Marie-José",author,62
"Hellman, Sofie_2025-11-19T21:24:30","Hellman, Sofie",author,62
"Jansson, Kristina_2025-11-19T21:50:55","Jansson, Kristina",author,62
"Lagerås, Per_2025-11-19T21:20:52","Lagerås, Per",author,62
"Lindbladh, Matts_2025-11-19T21:20:50","Lindbladh, Matts",author,62
"Mazier, Florence_2025-11-19T21:20:52","Mazier, Florence",author,62
"Mikusinska, A._2025-11-19T21:23:02","Mikusinska, A.",author,62
"Miracle, María Rosa_2025-11-19T21:26:00","Miracle, María Rosa",author,62
"Mitrović, D._2025-11-19T21:23:02","Mitrović, D.",author,62
"Peltola, Pasi_2025-11-19T21:47:34","Peltola, Pasi",author,62
"Persson, Thomas_2025-11-19T21:23:46","Persson, Thomas",author,62
"Saarinen, Timo_2025-11-19T21:47:34","Saarinen, Timo",author,62
"Stojanović, Ksenija A._2025-11-19T21:23:02","Stojanović, Ksenija A.",author,62
"Das, S.K._2025-11-19T21:23:02",Supriyo Das,author,62
"Vestbö, Aadel_2025-11-19T21:50:55","Vestbö, Aadel",author,62
"Vicente, Eduardo_2025-11-19T21:26:00","Vicente, Eduardo",author,62
69825517c835c41957e00c9b,"Effects of land use and climate change on erosion intensity and sediment geochemistry at Lake Lehmilampi, Finland",publication,62
69825516c835c41957dfc91e,Estimating the Relevant Source Area of Pollen in the past cultural landscapes of southern Sweden — A forward modelling a,publication,62
69825517c835c41957e01804,"Farm establishment, abandonment and agricultural practices during the last 1,300 years a case study from southern Sweden",publication,62
69825516c835c41957dfc211,"Holocene Stable Isotope (δ13C and δ15N) record of peatland development in Stavsåkra, southern Sweden",publication,62
69825516c835c41957dfd0c7,Lake-level changes and fire history at Lagunillo del Tejo (Spain) during the last millennium: Climate or humans?,publication,62
69825517c835c41957e01807,"Land-use history of the Axlarp area in the Småland uplands, southern Sweden: palaeoecological and archaeological investi",publication,62
69825516c835c41957dfc53c,"Long-term changes in floristic diversity in southern Sweden: palynological richness, vegetation dynamics and land-use",publication,62
69825517c835c41957dffc89,"Resilient Land Use in the Medieval and Early-modern Village Crop and animal husbandry in Fjelie, southern Sweden, AD 100",publication,62
69825517c835c41957e0173f,The Origin of Present Forest Composition and Pattern in Southern Sweden,publication,62
69825516c835c41957dfb767,The development and demise of a Medieval forest-meadow system at Linnaeus' birthplace in southern Sweden: implications f,publication,62
"Biehler-Gomez, Lucie_2025-11-19T21:17:55","Biehler-Gomez, Lucie",author,63
"Boggioni, Marco_2025-11-19T21:31:38","Boggioni, Marco",author,63
"Cattaneo, Cristina_2025-11-19T21:17:55","Cattaneo, Cristina",author,63
"Di Vincenzo, Fabio_2025-11-19T21:31:38","Di Vincenzo, Fabio",author,63
"Fedeli, Anna Maria_2025-11-19T21:17:55","Fedeli, Anna Maria",author,63
"Fortunati, Maria_2025-11-19T21:22:43","Fortunati, Maria",author,63
"Ricci, F_2025-11-19T21:21:55",Francesca Ricci,author,63
"Lucchetti, Valentina_2025-11-19T21:17:55","Lucchetti, Valentina",author,63
"Manzi, Giorgio_2025-11-19T21:17:55","Manzi, Giorgio",author,63
"Massani, Danilo_2025-11-19T21:31:38","Massani, Danilo",author,63
"Mattia, Mirko_2025-11-19T21:17:55","Mattia, Mirko",author,63
"Mazzitelli, Daniela_2025-11-19T21:22:43","Mazzitelli, Daniela",author,63
"Mazzucchi, A_2025-11-19T21:26:06","Mazzucchi, A",author,63
"Micarelli, Ileana_2025-11-19T21:31:38","Micarelli, Ileana",author,63
"Negrelli, Claudio_2025-11-19T21:22:43","Negrelli, Claudio",author,63
"Paine, Robert_2025-11-19T21:31:38","Paine, Robert",author,63
"Papini, Andrea_2025-11-19T21:31:38","Papini, Andrea",author,63
"Passarello, Pietro_2025-11-19T21:25:06","Passarello, Pietro",author,63
"Pera, Elisa_2025-11-19T21:17:55","Pera, Elisa",author,63
"Porro, Alessandro_2025-11-19T21:17:55","Porro, Alessandro",author,63
"Profico, Antonio_2025-11-19T21:31:38","Profico, Antonio",author,63
"Rodella, Lucrezia_2025-11-19T21:17:55","Rodella, Lucrezia",author,63
"Salvadei, Loretana_2025-11-19T21:25:06","Salvadei, Loretana",author,63
"Sguazza, E_2025-11-19T21:26:06","Sguazza, E",author,63
"Sisto, Laura_2025-11-19T21:17:55","Sisto, Laura",author,63
"Tafuri, Mary Anne_2025-11-19T21:31:38","Tafuri, Mary Anne",author,63
"Vienna, Alessandro_2025-11-19T21:25:06","Vienna, Alessandro",author,63
"del Bo, Beatrice_2025-11-19T21:17:55","del Bo, Beatrice",author,63
69825516c835c41957dfda6b,Discontinuity of life conditions at the transition from the Roman imperial age to the early middle ages: Example from ce,publication,63
69825516c835c41957dfc061,Il sito di Grignano nel quadro insediativo dell'Isola Brembana tra l'età romana e l'alto medioevo,publication,63
69825516c835c41957dfbc30,Porotic hyperostosis as a marker of health and nutritional conditions during childhood: studies at the transition betwee,publication,63
69825516c835c41957dfe5e5,Survival to amputation in pre-antibiotic era: a case study from a Longobard necropolis (6th-8th centuries AD),publication,63
69825516c835c41957dfd11f,"The necropolis of Bolgare (Lombardy, Italy): Anthropological and paleopathological features of a Lombard population",publication,63
69825516c835c41957dfa749,"Vitamin D deficiency, pregnancy, and childbirth in early medieval Milan",publication,63
"Barkóczy, Péter_2025-11-19T21:17:36","Barkóczy, Péter",author,64
"Benke, Márton_2025-11-19T21:17:36","Benke, Márton",author,64
"Büttner, Andreas_2025-11-19T21:22:17","Büttner, Andreas",author,64
"Comas, David_2025-11-19T21:34:28","Comas, David",author,64
Ferenc Kristály_2025-11-19T21:48:49,Ferenc Kristály,author,64
"Gallina, Zsolt_2025-11-19T21:15:24","Gallina, Zsolt",author,64
"Gulyás, Gy_2025-11-19T21:18:11","Gulyás, Gy",author,64
Gyöngyi Gulyás_2025-11-19T21:17:15,Gyöngyi Gulyás,author,64
"Hoppál, Krisztina_2025-11-19T21:17:36","Hoppál, Krisztina",author,64
"Kovács, Péter_2025-11-19T21:17:36","Kovács, Péter",author,64
"Kovács, Árpád_2025-11-19T21:17:36","Kovács, Árpád",author,64
"Lindner, Iris_2025-11-19T21:34:28","Lindner, Iris",author,64
"Martínez-Cruz, Begoña_2025-11-19T21:34:28","Martínez-Cruz, Begoña",author,64
"Mertinger, Valéria_2025-11-19T21:17:36","Mertinger, Valéria",author,64
Pánya István_2025-11-19T21:46:16,Pánya István,author,64
"Quintana-Murci, Lluís_2025-11-19T21:34:28","Quintana-Murci, Lluís",author,64
"Rosta, Sz_2025-11-19T21:18:11","Rosta, Sz",author,64
"Rębała, Krzysztof_2025-11-19T21:34:28","Rębała, Krzysztof",author,64
"Siváková, Daniela_2025-11-19T21:34:28","Siváková, Daniela",author,64
"Soták, Miroslav_2025-11-19T21:34:28","Soták, Miroslav",author,64
"Stumvoll, Michael_2025-11-19T21:34:28","Stumvoll, Michael",author,64
Szabolcs Rosta_2025-11-19T21:17:15,Szabolcs Rosta,author,64
"Szczerkowska, Zofia_2025-11-19T21:34:28","Szczerkowska, Zofia",author,64
"Tönjes, Anke_2025-11-19T21:34:28","Tönjes, Anke",author,64
"Török, Béla_2025-11-19T21:17:36","Török, Béla",author,64
"Wichmann, H-Erich_2025-11-19T21:34:28","Wichmann, H-Erich",author,64
69825516c835c41957dfa375,Archaeological Heritage in Hungary of the Mongol Conquest Period (1241-42),publication,64
69825516c835c41957dfa566,Complex metallographic study on Gepid bronze and silver buckles from the Great Hungarian Plain (5-6th cent.),publication,64
69825516c835c41957dfef4e,Contemporary paternal genetic landscape of Polish and German populations: from early medieval Slavic expansion to post-W,publication,64
69825517c835c41957dff95c,Crystallization of Iron Slags Found in Eraly Medieval Bloomery Furnaces,publication,64
69825517c835c41957e010c2,Early medieval iron bloomery centre at Zamárdi (Hungary),publication,64
69825516c835c41957dfa8cf,SIGNIFICANT RESULTS OF ARCHAEOLOGICAL RESEARCH THE PAST 30 YEARS ON THE MONGOL INVASION (1241—42) IN MEDIEVAL HUNGARIAN ,publication,64
"Barton, Simon_2025-11-19T21:17:31","Barton, Simon",author,65
"Blamires, David_2025-11-19T21:30:57","Blamires, David",author,65
"Brewer, Derek_2025-11-19T21:30:57","Brewer, Derek",author,65
"Cantor, Norman F._2025-11-19T21:24:03","Cantor, Norman F.",author,65
"Cigman, Gloria_2025-11-19T21:30:57","Cigman, Gloria",author,65
"Cortes, Marta Haro_2025-11-19T21:30:56","Cortes, Marta Haro",author,65
"Deyermond, Alan D._2025-11-19T21:22:21","Deyermond, Alan D.",author,65
"Funes, Leonardo_2025-11-19T21:30:56","Funes, Leonardo",author,65
"Gornall, John_2025-11-19T21:30:56","Gornall, John",author,65
"Greenia, George D._2025-11-19T21:30:55","Greenia, George D.",author,65
"Hunter, W. F._2025-11-19T21:30:54","Hunter, W. F.",author,65
"KING, PETER_2025-11-19T21:23:36","KING, PETER",author,65
"Lapidge, Michael_2025-11-19T21:21:26","Lapidge, Michael",author,65
"McInnis, Judy B._2025-11-19T21:30:57","McInnis, Judy B.",author,65
Michael Clanchy_2025-11-19T21:32:25,Michael Clanchy,author,65
"Pattison, David_2025-11-19T21:26:36","Pattison, David",author,65
"Rickard, Peter_2025-11-19T21:30:57","Rickard, Peter",author,65
"Snow, Joseph T._2025-11-19T21:25:55","Snow, Joseph T.",author,65
"Taylor, Barry_2025-11-19T21:30:54","Taylor, Barry",author,65
"Whinnom, Keith_2025-11-19T21:30:54","Whinnom, Keith",author,65
"Wright, David Curtis_2025-11-19T21:17:33","Wright, David Curtis",author,65
69825516c835c41957dfc5f0,A Century of British Medieval Studies,publication,65
69825516c835c41957dfe4a6,El 'Cantar de Mio Cid' y la epica medieval espanola,publication,65
69825516c835c41957dfe488,Historical Literature in Medieval Iberia,publication,65
69825516c835c41957dfc6c4,"M. T. Clanchy. Abelard: A Medieval Life . Malden, Mass.: Blackwell. 1997. Pp. xiii, 416. $59.95",publication,65
69825516c835c41957dfe4a4,Medieval Comic Tales,publication,65
69825516c835c41957dfe47e,Medieval and Renaissance Spanish Literature: Selected Essays,publication,65
69825516c835c41957dfe485,One Man's Canon: Five Essays on Medieval Poetry for Stephen Reckert,publication,65
69825516c835c41957dfe48b,One Man's Canon: Five Essays on Medieval Poetry for Stephen Reckert,publication,65
69825516c835c41957dfe49e,"Proceedings of the Tenth Colloquium (July 2-3, 1998). Volume 30 of Papers of the Medieval Hispanic Research Seminar",publication,65
69825516c835c41957dfe477,The Encyclopedia of the Middle Ages,publication,65
"Bergmann, Emilie L._2025-11-19T21:31:48","Bergmann, Emilie L.",author,66
"Bleeke, Marion_2025-11-19T21:31:47","Bleeke, Marion",author,66
"Boro, Joyce_2025-11-19T21:31:48","Boro, Joyce",author,66
"Clark Bartlett, Anne_2025-11-19T21:31:47","Clark Bartlett, Anne",author,66
"Dressler, Rachel_2025-11-19T21:31:47","Dressler, Rachel",author,66
"Giffney, Noreen_2025-11-19T21:21:44","Giffney, Noreen",author,66
"Keene, Katie_2025-11-19T21:31:47","Keene, Katie",author,66
"Lifshitz, Felice_2025-11-19T21:17:20","Lifshitz, Felice",author,66
"Matter, E. Ann_2025-11-19T21:28:05","Matter, E. Ann",author,66
"McLaughlin, Mary Martin_2025-11-19T21:21:13","McLaughlin, Mary Martin",author,66
"Mitchell-Smith, Ilan_2025-11-19T21:31:47","Mitchell-Smith, Ilan",author,66
"Moore, Megan_2025-11-19T21:31:47","Moore, Megan",author,66
"Poor, Sara S._2025-11-19T21:17:26","Poor, Sara S.",author,66
"Robb, Candace_2025-11-19T21:31:47","Robb, Candace",author,66
"Segol, Marla_2025-11-19T21:24:43","Segol, Marla",author,66
"Shadis, Miriam_2025-11-19T21:31:48","Shadis, Miriam",author,66
"Thibodeaux, Jennifer D._2025-11-19T21:16:16","Thibodeaux, Jennifer D.",author,66
"Wheeler, Bonnie_2025-11-19T21:21:13","Wheeler, Bonnie",author,66
"Wiethaus, Ulrike_2025-11-19T21:24:27","Wiethaus, Ulrike",author,66
"Woodacre, Elena_2025-11-19T21:18:04","Woodacre, Elena",author,66
"ﺳﻴﺠﻮﻝ, ﻣﺎﺭﻻ_2025-11-19T21:25:34","ﺳﻴﺠﻮﻝ, ﻣﺎﺭﻻ",author,66
69825516c835c41957dfcee3,"""Floire and Blancheflor:"" Courtly Hagiography or Radical Romance? / ﻓﻠﻮﺍﺭ ﻭﺑﻼﻧﺸﻔﻠﻮﺭ: ﺳﻴﺮﺓ ﺗﻘﺪﻳﺲ ﺃﺭﺳﺘﻘﺮﺍﻃﻴﺔ ﺃﻡ ﺳﻴﺮﺓ ﻋﺸﻖ ﺭ",publication,66
69825516c835c41957dfb8e5,Abbot Bernard of Clairvaux to Cardinal Ivo,publication,66
69825516c835c41957dfe668,"Bonnie Effros, Creating Community with Food and Drink in Merovingian Gaul. New Middle Ages. Palgrave Macmillan, 2002",publication,66
69825516c835c41957dfe66c,"Gillian T.W. Ahlgren, ed. and trans., The Inquisition of Francisca: A Sixteenth-Century Visionary on Trial. (The Other V",publication,66
69825517c835c41957e01959,Heloise to Abelard,publication,66
69825516c835c41957dfe66b,"Jenny Wormald, Mary Queen of Scots: Politics, Passion and a Kingdom Lost. I.B. Tauris, 2001",publication,66
69825516c835c41957dfe66a,Que(e)rying Mongols,publication,66
69825516c835c41957dfcf46,Queens,publication,66
69825516c835c41957dfe665,"Rebecca Rushforth, St. Margaret's Gospel Book: The Favorite Book of an Eleventh-Century Queen of Scots. The Bodleian Lib",publication,66
69825516c835c41957dfe664,"Susan Doran. Mary Queen of Scots: An Illustrated Life. British Library, 2007",publication,66
"Racz, Anna_2025-11-19T21:33:53",Anna Rácz,author,67
"Gilanyi, Attila_2025-11-19T21:26:49",Attila Gilányi,author,67
"Bolya, Anna Maria_2025-11-19T21:38:04","Bolya, Anna Maria",author,67
"Bujdoso, Gyongyi_2025-11-19T21:29:46",Bujdosó Gyöngyi,author,67
"Novac, Cornelia Mihaela_2025-11-19T21:38:05",Cornelia-Mihaela Novac,author,67
"Erdos, Imre_2025-11-19T21:26:49","Erdos, Imre",author,67
"Hajdu, Robert_2025-11-19T21:26:49","Hajdu, Robert",author,67
"Decsei, Janos_2025-11-19T21:39:08",János Décsei,author,67
"Boros, Kata_2025-11-19T21:38:05",Kata Boros,author,67
"Chmielewska, Katarzyna_2025-11-19T21:33:53",Katarzyna Chmielewska,author,67
"Bálint, Marianna_2025-11-19T21:18:24",Marianna Bálint,author,67
"Dergham, Modar_2025-11-19T21:38:04",Modar Dergham,author,67
"Novac, Ovidiu Constantin_2025-11-19T21:38:05",Ovidiu Constantin Novac,author,67
"Tarsoly, Sandor_2025-11-19T21:26:49","Tarsoly, Sandor",author,67
69825517c835c41957dffc78,A Presentation Room in the Virtual Building of the First National Theater of Hungary,publication,67
69825517c835c41957dff963,A Virtual Exhibition on the History of Hungarian Ballet,publication,67
69825516c835c41957dfd405,A visualization of the medieval Church of Zelem& r,publication,67
69825516c835c41957dfedaa,An Example of Virtual Reconstructions of Monuments,publication,67
69825517c835c41957dff964,Application of Virtual Reality in Kinematics Education,publication,67
69825517c835c41957dff966,Developing cognitive processes as a major goal in designing e-health information provider VR environment in information ,publication,67
69825517c835c41957dff96a,Early History of Hungarian Ballet in Virtual Reality,publication,67
69825517c835c41957dffc79,On a Model of the First National Theater of Hungary in MaxWhere,publication,67
69825517c835c41957dff962,On a System of Virtual Spaces for Teaching Kinematics,publication,67
69825516c835c41957dfe0e9,Presentation of a medieval church in MaxWhere,publication,67
69825516c835c41957dfd404,Presentation of the Church of Zelem& r in the Virtual Collaboration Arena (VirCA),publication,67
69825516c835c41957dfedab,Virtual Reconstruction of Historic Monuments,publication,67
69825516c835c41957dfe0e5,Virtual reconstruction of a medieval church,publication,67
"Böhm, O._2025-11-19T21:21:44","Böhm, O.",author,68
"Glaser, Rüdiger_2025-11-19T21:20:40","Glaser, Rüdiger",author,68
"Hansson, Daniel_2025-11-19T21:20:40","Hansson, Daniel",author,68
"Jacobeit, J._2025-11-19T21:21:44","Jacobeit, J.",author,68
"Klimenko, Vladimir_2025-11-19T21:20:40","Klimenko, Vladimir",author,68
"Małarzewski, Łukasz_2025-11-19T21:20:40","Małarzewski, Łukasz",author,68
"Niedźwiedź, Tadeusz_2025-11-19T21:20:40","Niedźwiedź, Tadeusz",author,68
"Nordli, Øyvind_2025-11-19T21:20:40","Nordli, Øyvind",author,68
"Opała-Owczarek, Magdalena_2025-11-19T21:29:56","Opała-Owczarek, Magdalena",author,68
"Owczarek, Piotr_2025-11-19T21:29:56","Owczarek, Piotr",author,68
"Przybylak, Rajmund_2025-11-19T21:20:40","Przybylak, Rajmund",author,68
"Rahmonov, Oimahmad_2025-11-19T21:29:56","Rahmonov, Oimahmad",author,68
"Riemann, Dirk_2025-11-19T21:20:40","Riemann, Dirk",author,68
"Solomina, Olga_2025-11-19T21:20:40","Solomina, Olga",author,68
"Wetzel, K.-F._2025-11-19T21:21:44","Wetzel, K.-F.",author,68
"Łupikasza, Ewa_2025-11-19T21:20:40","Łupikasza, Ewa",author,68
69825516c835c41957dfdc21,Flood sensitivity of the Bavarian Alpine Foreland since the late Middle Ages in the context of internal and external cli,publication,68
69825516c835c41957dfe1b6,The First Dendrochronological Dating of Timber from Tajikistan - Potential for Developing a Millennial Tree-Ring Record,publication,68
69825516c835c41957dfb675,The Historical Time Frame (Past 1000 Years),publication,68
"Grabka, Dawid_2025-11-19T21:46:24","Grabka, Dawid",author,69
"Gronkiewicz, Stanisław_2025-11-19T21:50:54","Gronkiewicz, Stanisław",author,69
"Karykowska, Aleksandra_2025-11-19T21:15:48","Karykowska, Aleksandra",author,69
"Konczewski, Paweł_2025-11-19T21:15:48","Konczewski, Paweł",author,69
"Kornafel, Danuta_2025-11-19T21:50:54","Kornafel, Danuta",author,69
"Kwiatkowska, Barbara_2025-11-19T21:15:48","Kwiatkowska, Barbara",author,69
"Lisowska-Gaczorek, Aleksandra_2025-11-19T21:15:48","Lisowska-Gaczorek, Aleksandra",author,69
"Nowakowski, Dariusz_2025-11-19T21:25:51","Nowakowski, Dariusz",author,69
"Pawlyta, J_2025-11-19T21:27:59","Pawlyta, J",author,69
"Szczurowski, Jacek_2025-11-19T21:25:51","Szczurowski, Jacek",author,69
"Szostek, Krzysztof_2025-11-19T21:15:48","Szostek, Krzysztof",author,69
"Kozieł, S_2025-11-19T21:27:59",Sławomir Kozieł,author,69
"Tomaszewska, Agnieszka_2025-11-19T21:46:24","Tomaszewska, Agnieszka",author,69
"Witan, Joanna_2025-11-19T21:15:48","Witan, Joanna",author,69
69825516c835c41957dfd890,An analysis of the origin of an early medieval group of individuals from Gródek based on the analysis of stable oxygen i,publication,69
69825517c835c41957e017fc,"Harris's lines versus childern's living conditions in medieval Wrocław, Poland",publication,69
69825517c835c41957e00a0f,Sex determination from human patella in a Polish medieval sample,publication,69
69825516c835c41957df9e28,The diet of the human groups buried in a late- and post-Medieval rural parish cemetery in Libkovice (Czech Republic),publication,69
69825516c835c41957dfd036,Variation in “foramina transversaria” of human cervical vertebrae in the medieval population from Sypniewo (Poland),publication,69
"Alvarez, Victoria_2026-01-14T22:04:51","Alvarez, Victoria",author,70
"Blazquez, Marta_2026-01-14T22:04:40","Blazquez, Marta",author,70
"Deng, Hao_2026-01-14T22:04:49","Deng, Hao",author,70
"Edwards, Karen L_2026-01-14T22:04:50","Edwards, Karen L",author,70
"Jankovic, Joseph_2026-01-14T22:04:48","Jankovic, Joseph",author,70
"Mata, Ignacio F_2026-01-14T22:04:20","Mata, Ignacio F",author,70
"Zarranz, Juan J_2026-01-14T22:04:46","Zarranz, Juan J",author,70
"González-Fernández, María C_2026-01-14T22:04:22",,author,70
"Guisasola, Luis M_2026-01-14T22:04:43",,author,70
"Gómez-Esteban, Juan C_2026-01-14T22:04:45",,author,70
"Huerta, Cecilia_2026-01-14T22:04:36",,author,70
"Hutter, Carolyn M_2026-01-14T22:04:21",,author,70
"Infante, Jon_2026-01-14T22:04:47",,author,70
"Lezcano, Elena_2026-01-14T22:04:35",,author,70
"Ribacoba, Renee_2026-01-14T22:04:42",,author,70
"Salvador, Carlos_2026-01-14T22:04:44",,author,70
"Zabetian, Cyrus P_2026-01-14T22:04:52",,author,70
69825517c835c41957e0199a,Lrrk2 R1441G-related Parkinson's disease: evidence of a common founding event in the seventh century in Northern Spain,publication,70
"Hudson, Amy_2025-11-19T21:20:53",Amy R. Hudson,author,71
"Chen, Hao_2025-11-19T21:17:15","Chen, Hao",author,71
"Fu, Qingsheng_2025-11-19T21:17:15","Fu, Qingsheng",author,71
"Hu, Hao_2025-11-19T21:17:15","Hu, Hao",author,71
"Hu, Kaifeng_2025-11-19T21:17:15","Hu, Kaifeng",author,71
"Huang, Xiaoxu_2025-11-19T21:17:15","Huang, Xiaoxu",author,71
"Jiang, Yangfan_2025-11-19T21:17:15","Jiang, Yangfan",author,71
"Jin, Yan_2025-11-19T21:17:15","Jin, Yan",author,71
"Liu, Xiaohong_2025-11-19T21:20:53","Liu, Xiaohong",author,71
"Qian, Long_2025-11-19T21:17:15","Qian, Long",author,71
"Wu, Longchao_2025-11-19T21:17:15","Wu, Longchao",author,71
"Xia, Yabin_2025-11-19T21:17:15","Xia, Yabin",author,71
"Xu, Guobao_2025-11-19T21:20:53","Xu, Guobao",author,71
"Xu, Li_2025-11-19T21:17:15","Xu, Li",author,71
"Zhang, Qiang_2025-11-19T21:17:15","Zhang, Qiang",author,71
"Zhang, Qiong_2025-11-19T21:20:53","Zhang, Qiong",author,71
69825516c835c41957dfb79e,Century-scale temperature variability and onset of industrial-era warming in the Eastern Tibetan Plateau,publication,71
69825516c835c41957dfa37e,Natural orifice specimen extraction with a modified reverse puncture device technique for total laparoscopic colorectal ,publication,71
"Bartosiewicz, László._2025-11-19T21:27:39","Bartosiewicz, László.",author,72
"Choyke, Alice M._2025-11-19T21:41:02","Choyke, Alice M.",author,72
"Zatykó, Cs_2025-11-19T21:25:49",Csilla Zatyko,author,72
"Daróczi-Szabó, Márta_2025-11-19T21:38:45","Daróczi-Szabó, Márta",author,72
"Éder, K._2025-11-19T21:25:49","Éder, K.",author,72
"Gál, Erika_2025-11-19T21:16:39","Gál, Erika",author,72
"J, A._2025-11-19T21:25:49","J, A.",author,72
"Kovács, Gy_2025-11-19T21:25:49","Kovács, Gy",author,72
"Kovács, Zsófia Eszter_2025-11-19T21:38:45","Kovács, Zsófia Eszter",author,72
"Miklós, Zs_2025-11-19T21:25:49","Miklós, Zs",author,72
"Raczky, Pál_2025-11-19T21:38:45","Raczky, Pál",author,72
"Rózsás, M._2025-11-19T21:25:49","Rózsás, M.",author,72
69825516c835c41957dfb969,Hippophagy in medieval Hungary: a quantitative analysis,publication,72
69825517c835c41957e00204,Introduction: Animals Stepping off the Page,publication,72
69825516c835c41957dfd00c,"Medieval and Ottoman period (14th–17th c.) Archaeology in the Drava River region, Hungary Results of an interdisciplinar",publication,72
69825517c835c41957dffb53,"Pending danger: Recent Copper Age lion (Panthera leo L., 1758) finds from Hungary",publication,72
69825517c835c41957e00481,"The archbishop’s dinner? Late medieval fish from Esztergom-Várhegy-Kőbánya, Hungary",publication,72
"Arets, Martijn_2025-11-19T21:46:04","Arets, Martijn",author,73
"Briggs, Chris_2025-11-19T21:20:41","Briggs, Chris",author,73
"Bunders, Damion Jonathan_2025-11-19T21:46:04","Bunders, Damion Jonathan",author,73
"Frenken, Koen_2025-11-19T21:46:04","Frenken, Koen",author,73
"MOOR, Tine de_2025-11-19T21:21:46","MOOR, Tine de",author,73
"Pemán, Miguel Laborda_2025-11-19T21:50:38","Pemán, Miguel Laborda",author,73
"Zuijderduijn, Jaco_2025-11-19T21:18:28","Zuijderduijn, Jaco",author,73
"van Zanden, Jan Luiten_2025-11-19T21:17:28","van Zanden, Jan Luiten",author,73
69825517c835c41957e016fd,A tale of two commons. Some preliminary hypotheses on the long-term development of the commons in Western and Eastern Eu,publication,73
69825517c835c41957e0173a,Girl power: the European marriage pattern and labour markets in the North Sea region in the late medieval and early mode,publication,73
69825516c835c41957dfb6da,Introduction: Mortgages and Annuities in Historical Perspective,publication,73
69825516c835c41957dfbb50,"Micro-credit in late medieval waterland : households and the efficiency of capital markets in Edam en De Zeevang, 1462-1",publication,73
69825517c835c41957e01820,Small is beautiful: the efficiency of credit markets in the late medieval Holland,publication,73
69825516c835c41957dfcc8b,"Spending, saving, or investing? Risk management in sixteenth-century Dutch households¹",publication,73
69825517c835c41957e00927,The feasibility of platform cooperatives in the gig economy,publication,73
69825516c835c41957dfd118,“Every Woman Counts”: A Gender-Analysis of Numeracy in the Low Countries during the Early Modern Period,publication,73
"Brown, Warren_2025-11-19T21:17:23","Brown, Warren",author,74
"Costambeys, Marios_2025-11-19T21:24:05","Costambeys, Marios",author,74
"Hen, Yitzhak_2025-11-19T21:18:19","Hen, Yitzhak",author,74
"Heydemann, Gerda_2025-11-19T21:27:12","Heydemann, Gerda",author,74
"Innes, Matthew_2025-11-19T21:17:33","Innes, Matthew",author,74
"Insley, Charles_2025-11-19T21:25:07","Insley, Charles",author,74
"Kosto, Adam J._2025-11-19T21:24:51","Kosto, Adam J.",author,74
"חן, יצחק_2025-11-19T21:50:46","חן, יצחק",author,74
69825516c835c41957dfefaa,A Double-Edged Sword: Jews and the Rhetoric of Power in Ostrogothic Italy Jews and Judaism in the Early Medieval West,publication,74
69825516c835c41957dfe1a9,Archives and lay documentary practice in the Anglo-Saxon world,publication,74
69825517c835c41957e0177a,Holy-Land Eulogiae Labels from Frankish Gaul / תוויות המזכרות מארץ הקודש בגאליה הפרנקית,publication,74
69825516c835c41957dfe20d,"Memory, identity and power in Lombard Italy",publication,74
69825517c835c41957e017a4,Merovingian Hagiography and Carolingian Propaganda / הגיוגרפיה מרובינגית ותעמולה קרולינגית,publication,74
69825516c835c41957dfe1cf,The Annals of Metz and the Merovingian past,publication,74
"Baumann, Dorothea_2025-11-19T21:50:53","Baumann, Dorothea",author,75
"Gómez, Maricarmen_2025-11-19T21:50:53","Gómez, Maricarmen",author,75
"Haggh, Barbara_2025-11-19T21:15:45","Haggh, Barbara",author,75
"Huglo, Michel_2025-11-19T21:26:16","Huglo, Michel",author,75
"Wolinski, Mary_2025-11-19T21:27:51","Wolinski, Mary",author,75
69825517c835c41957e017e4,Minstrel Schools in the Late Middle Ages,publication,75
69825517c835c41957e017e7,Musical Acoustics in the Middle Ages,publication,75
69825516c835c41957dfd73f,"Réôme, Cluny, Dijon",publication,75
69825516c835c41957dfd81b,Two 13th-century hockets on Manere recovered,publication,75
"Abels, Richard P._2025-11-19T21:31:53","Abels, Richard P.",author,76
"DeVries, Kelly_2025-11-19T21:18:28","DeVries, Kelly",author,76
"France, John_2025-11-19T21:16:09","France, John",author,76
"Rogers, Clifford J._2025-11-19T21:17:09","Rogers, Clifford J.",author,76
"Sverdrup, Carl_2025-11-19T21:29:56","Sverdrup, Carl",author,76
"Tracy, Larissa_2025-11-19T21:18:28","Tracy, Larissa",author,76
69825516c835c41957dfe1b3,Numbers in Mongol Warfare,publication,76
69825516c835c41957dfaa5d,Visible Prowess?: Reading Men?́?s Head and Face Wounds in Early Medieval Europe to 1000 CE,publication,76
69825516c835c41957dfe21a,“Cowardice” and Duty in Anglo-Saxon England,publication,76
"Baker, Alan R.H._2025-11-19T21:24:34","Baker, Alan R.H.",author,77
"Grundy, Stephan_2025-11-19T21:42:52","Grundy, Stephan",author,77
"Jochens, Jenny_2025-11-19T21:24:26","Jochens, Jenny",author,77
"Sawyer, Birgit_2025-11-19T21:35:04","Sawyer, Birgit",author,77
"Sawyer, Peter Hayes_2025-11-19T21:18:41","Sawyer, Peter Hayes",author,77
69825516c835c41957dff100,Adam and the Eve of Scandinavian History,publication,77
69825516c835c41957dfe467,Medieval Settlement: Continuity and Change,publication,77
69825517c835c41957e00732,Old Norse motherhood ; The Viking's mother,publication,77
69825517c835c41957e00e20,REVIEWS - The Viking-Age Rune-Stones: Custom and Commemoration in Early Medieval Scandinavia,publication,77
"Corfis, Ivy A._2025-11-19T21:29:55","Corfis, Ivy A.",author,78
"Domínguez, Frank A._2025-11-19T21:15:45","Domínguez, Frank A.",author,78
"Harris-Northall, Ray_2025-11-19T21:29:55","Harris-Northall, Ray",author,78
"Payne, Stanley G._2025-11-19T21:17:32","Payne, Stanley G.",author,78
69825516c835c41957dfe1a5,"Chains of Iron, Gold and Devotion: Images of Earthly and Divine Justice in the Memorias of Doña Leonor López de Córdo",publication,78
69825516c835c41957dfe1a0,Visigoths and Asturians Reinterpreted: The Spanish Grand Narrative Restored?,publication,78
